entsoe_code,plant_name,fuel_type,delivery_hour,publication_timestamp,kgup_mwh,source_file,source_api,forecast_timestamp,uevcb_id,uevcb_name,org_id,date_raw,time_raw
40W0000031954626,GÖKYAR HES,unknown,2026-05-31 00:00:00+03:00,,3.5,chunk_0032.json,POST /v1/generation/data/dpp-bulk,2026-05-31 21:45:38.695557+00:00,3195462,GÖKYAR HES,108,2026-05-31T00:00:00+03:00,00:00
40W0000031954626,GÖKYAR HES,unknown,2026-05-31 01:00:00+03:00,,0.0,chunk_0032.json,POST /v1/generation/data/dpp-bulk,2026-05-31 21:45:38.695557+00:00,3195462,GÖKYAR HES,108,2026-05-31T01:00:00+03:00,01:00
40W0000031954626,GÖKYAR HES,unknown,2026-05-31 02:00:00+03:00,,0.0,chunk_0032.json,POST /v1/generation/data/dpp-bulk,2026-05-31 21:45:38.695557+00:00,3195462,GÖKYAR HES,108,2026-05-31T02:00:00+03:00,02:00
40W0000031954626,GÖKYAR HES,unknown,2026-05-31 03:00:00+03:00,,0.0,chunk_0032.json,POST /v1/generation/data/dpp-bulk,2026-05-31 21:45:38.695557+00:00,3195462,GÖKYAR HES,108,2026-05-31T03:00:00+03:00,03:00
40W0000031954626,GÖKYAR HES,unknown,2026-05-31 04:00:00+03:00,,0.0,chunk_0032.json,POST /v1/generation/data/dpp-bulk,2026-05-31 21:45:38.695557+00:00,3195462,GÖKYAR HES,108,2026-05-31T04:00:00+03:00,04:00
40W0000031954626,GÖKYAR HES,unknown,2026-05-31 05:00:00+03:00,,0.0,chunk_0032.json,POST /v1/generation/data/dpp-bulk,2026-05-31 21:45:38.695557+00:00,3195462,GÖKYAR HES,108,2026-05-31T05:00:00+03:00,05:00
40W0000031954626,GÖKYAR HES,unknown,2026-05-31 06:00:00+03:00,,0.0,chunk_0032.json,POST /v1/generation/data/dpp-bulk,2026-05-31 21:45:38.695557+00:00,3195462,GÖKYAR HES,108,2026-05-31T06:00:00+03:00,06:00
40W0000031954626,GÖKYAR HES,unknown,2026-05-31 07:00:00+03:00,,0.0,chunk_0032.json,POST /v1/generation/data/dpp-bulk,2026-05-31 21:45:38.695557+00:00,3195462,GÖKYAR HES,108,2026-05-31T07:00:00+03:00,07:00
40W0000031954626,GÖKYAR HES,unknown,2026-05-31 08:00:00+03:00,,0.0,chunk_0032.json,POST /v1/generation/data/dpp-bulk,2026-05-31 21:45:38.695557+00:00,3195462,GÖKYAR HES,108,2026-05-31T08:00:00+03:00,08:00
40W0000031954626,GÖKYAR HES,unknown,2026-05-31 09:00:00+03:00,,0.0,chunk_0032.json,POST /v1/generation/data/dpp-bulk,2026-05-31 21:45:38.695557+00:00,3195462,GÖKYAR HES,108,2026-05-31T09:00:00+03:00,09:00
40W0000031954626,GÖKYAR HES,unknown,2026-05-31 10:00:00+03:00,,0.0,chunk_0032.json,POST /v1/generation/data/dpp-bulk,2026-05-31 21:45:38.695557+00:00,3195462,GÖKYAR HES,108,2026-05-31T10:00:00+03:00,10:00
40W0000031954626,GÖKYAR HES,unknown,2026-05-31 11:00:00+03:00,,0.0,chunk_0032.json,POST /v1/generation/data/dpp-bulk,2026-05-31 21:45:38.695557+00:00,3195462,GÖKYAR HES,108,2026-05-31T11:00:00+03:00,11:00
40W0000031954626,GÖKYAR HES,unknown,2026-05-31 12:00:00+03:00,,0.0,chunk_0032.json,POST /v1/generation/data/dpp-bulk,2026-05-31 21:45:38.695557+00:00,3195462,GÖKYAR HES,108,2026-05-31T12:00:00+03:00,12:00
40W0000031954626,GÖKYAR HES,unknown,2026-05-31 13:00:00+03:00,,0.0,chunk_0032.json,POST /v1/generation/data/dpp-bulk,2026-05-31 21:45:38.695557+00:00,3195462,GÖKYAR HES,108,2026-05-31T13:00:00+03:00,13:00
40W0000031954626,GÖKYAR HES,unknown,2026-05-31 14:00:00+03:00,,0.0,chunk_0032.json,POST /v1/generation/data/dpp-bulk,2026-05-31 21:45:38.695557+00:00,3195462,GÖKYAR HES,108,2026-05-31T14:00:00+03:00,14:00
40W0000031954626,GÖKYAR HES,unknown,2026-05-31 15:00:00+03:00,,0.0,chunk_0032.json,POST /v1/generation/data/dpp-bulk,2026-05-31 21:45:38.695557+00:00,3195462,GÖKYAR HES,108,2026-05-31T15:00:00+03:00,15:00
40W0000031954626,GÖKYAR HES,unknown,2026-05-31 16:00:00+03:00,,0.0,chunk_0032.json,POST /v1/generation/data/dpp-bulk,2026-05-31 21:45:38.695557+00:00,3195462,GÖKYAR HES,108,2026-05-31T16:00:00+03:00,16:00
40W0000031954626,GÖKYAR HES,unknown,2026-05-31 17:00:00+03:00,,0.0,chunk_0032.json,POST /v1/generation/data/dpp-bulk,2026-05-31 21:45:38.695557+00:00,3195462,GÖKYAR HES,108,2026-05-31T17:00:00+03:00,17:00
40W0000031954626,GÖKYAR HES,unknown,2026-05-31 18:00:00+03:00,,0.0,chunk_0032.json,POST /v1/generation/data/dpp-bulk,2026-05-31 21:45:38.695557+00:00,3195462,GÖKYAR HES,108,2026-05-31T18:00:00+03:00,18:00
40W0000031954626,GÖKYAR HES,unknown,2026-05-31 19:00:00+03:00,,3.5,chunk_0032.json,POST /v1/generation/data/dpp-bulk,2026-05-31 21:45:38.695557+00:00,3195462,GÖKYAR HES,108,2026-05-31T19:00:00+03:00,19:00
40W0000031954626,GÖKYAR HES,unknown,2026-05-31 20:00:00+03:00,,3.5,chunk_0032.json,POST /v1/generation/data/dpp-bulk,2026-05-31 21:45:38.695557+00:00,3195462,GÖKYAR HES,108,2026-05-31T20:00:00+03:00,20:00
40W0000031954626,GÖKYAR HES,unknown,2026-05-31 21:00:00+03:00,,3.5,chunk_0032.json,POST /v1/generation/data/dpp-bulk,2026-05-31 21:45:38.695557+00:00,3195462,GÖKYAR HES,108,2026-05-31T21:00:00+03:00,21:00
40W0000031954626,GÖKYAR HES,unknown,2026-05-31 22:00:00+03:00,,3.5,chunk_0032.json,POST /v1/generation/data/dpp-bulk,2026-05-31 21:45:38.695557+00:00,3195462,GÖKYAR HES,108,2026-05-31T22:00:00+03:00,22:00
40W0000031954626,GÖKYAR HES,unknown,2026-05-31 23:00:00+03:00,,3.5,chunk_0032.json,POST /v1/generation/data/dpp-bulk,2026-05-31 21:45:38.695557+00:00,3195462,GÖKYAR HES,108,2026-05-31T23:00:00+03:00,23:00
40W000003195747R,DORA 4 JES,unknown,2026-05-31 00:00:00+03:00,,17.0,chunk_0032.json,POST /v1/generation/data/dpp-bulk,2026-05-31 21:45:38.695557+00:00,3195747,DORA 4 JES,366,2026-05-31T00:00:00+03:00,00:00
40W000003195747R,DORA 4 JES,unknown,2026-05-31 01:00:00+03:00,,17.0,chunk_0032.json,POST /v1/generation/data/dpp-bulk,2026-05-31 21:45:38.695557+00:00,3195747,DORA 4 JES,366,2026-05-31T01:00:00+03:00,01:00
40W000003195747R,DORA 4 JES,unknown,2026-05-31 02:00:00+03:00,,17.0,chunk_0032.json,POST /v1/generation/data/dpp-bulk,2026-05-31 21:45:38.695557+00:00,3195747,DORA 4 JES,366,2026-05-31T02:00:00+03:00,02:00
40W000003195747R,DORA 4 JES,unknown,2026-05-31 03:00:00+03:00,,17.0,chunk_0032.json,POST /v1/generation/data/dpp-bulk,2026-05-31 21:45:38.695557+00:00,3195747,DORA 4 JES,366,2026-05-31T03:00:00+03:00,03:00
40W000003195747R,DORA 4 JES,unknown,2026-05-31 04:00:00+03:00,,17.0,chunk_0032.json,POST /v1/generation/data/dpp-bulk,2026-05-31 21:45:38.695557+00:00,3195747,DORA 4 JES,366,2026-05-31T04:00:00+03:00,04:00
40W000003195747R,DORA 4 JES,unknown,2026-05-31 05:00:00+03:00,,17.0,chunk_0032.json,POST /v1/generation/data/dpp-bulk,2026-05-31 21:45:38.695557+00:00,3195747,DORA 4 JES,366,2026-05-31T05:00:00+03:00,05:00
40W000003195747R,DORA 4 JES,unknown,2026-05-31 06:00:00+03:00,,17.0,chunk_0032.json,POST /v1/generation/data/dpp-bulk,2026-05-31 21:45:38.695557+00:00,3195747,DORA 4 JES,366,2026-05-31T06:00:00+03:00,06:00
40W000003195747R,DORA 4 JES,unknown,2026-05-31 07:00:00+03:00,,17.0,chunk_0032.json,POST /v1/generation/data/dpp-bulk,2026-05-31 21:45:38.695557+00:00,3195747,DORA 4 JES,366,2026-05-31T07:00:00+03:00,07:00
40W000003195747R,DORA 4 JES,unknown,2026-05-31 08:00:00+03:00,,17.0,chunk_0032.json,POST /v1/generation/data/dpp-bulk,2026-05-31 21:45:38.695557+00:00,3195747,DORA 4 JES,366,2026-05-31T08:00:00+03:00,08:00
40W000003195747R,DORA 4 JES,unknown,2026-05-31 09:00:00+03:00,,17.0,chunk_0032.json,POST /v1/generation/data/dpp-bulk,2026-05-31 21:45:38.695557+00:00,3195747,DORA 4 JES,366,2026-05-31T09:00:00+03:00,09:00
40W000003195747R,DORA 4 JES,unknown,2026-05-31 10:00:00+03:00,,17.0,chunk_0032.json,POST /v1/generation/data/dpp-bulk,2026-05-31 21:45:38.695557+00:00,3195747,DORA 4 JES,366,2026-05-31T10:00:00+03:00,10:00
40W000003195747R,DORA 4 JES,unknown,2026-05-31 11:00:00+03:00,,16.9,chunk_0032.json,POST /v1/generation/data/dpp-bulk,2026-05-31 21:45:38.695557+00:00,3195747,DORA 4 JES,366,2026-05-31T11:00:00+03:00,11:00
40W000003195747R,DORA 4 JES,unknown,2026-05-31 12:00:00+03:00,,16.2,chunk_0032.json,POST /v1/generation/data/dpp-bulk,2026-05-31 21:45:38.695557+00:00,3195747,DORA 4 JES,366,2026-05-31T12:00:00+03:00,12:00
40W000003195747R,DORA 4 JES,unknown,2026-05-31 13:00:00+03:00,,15.6,chunk_0032.json,POST /v1/generation/data/dpp-bulk,2026-05-31 21:45:38.695557+00:00,3195747,DORA 4 JES,366,2026-05-31T13:00:00+03:00,13:00
40W000003195747R,DORA 4 JES,unknown,2026-05-31 14:00:00+03:00,,14.8,chunk_0032.json,POST /v1/generation/data/dpp-bulk,2026-05-31 21:45:38.695557+00:00,3195747,DORA 4 JES,366,2026-05-31T14:00:00+03:00,14:00
40W000003195747R,DORA 4 JES,unknown,2026-05-31 15:00:00+03:00,,14.6,chunk_0032.json,POST /v1/generation/data/dpp-bulk,2026-05-31 21:45:38.695557+00:00,3195747,DORA 4 JES,366,2026-05-31T15:00:00+03:00,15:00
40W000003195747R,DORA 4 JES,unknown,2026-05-31 16:00:00+03:00,,14.8,chunk_0032.json,POST /v1/generation/data/dpp-bulk,2026-05-31 21:45:38.695557+00:00,3195747,DORA 4 JES,366,2026-05-31T16:00:00+03:00,16:00
40W000003195747R,DORA 4 JES,unknown,2026-05-31 17:00:00+03:00,,15.1,chunk_0032.json,POST /v1/generation/data/dpp-bulk,2026-05-31 21:45:38.695557+00:00,3195747,DORA 4 JES,366,2026-05-31T17:00:00+03:00,17:00
40W000003195747R,DORA 4 JES,unknown,2026-05-31 18:00:00+03:00,,15.4,chunk_0032.json,POST /v1/generation/data/dpp-bulk,2026-05-31 21:45:38.695557+00:00,3195747,DORA 4 JES,366,2026-05-31T18:00:00+03:00,18:00
40W000003195747R,DORA 4 JES,unknown,2026-05-31 19:00:00+03:00,,15.6,chunk_0032.json,POST /v1/generation/data/dpp-bulk,2026-05-31 21:45:38.695557+00:00,3195747,DORA 4 JES,366,2026-05-31T19:00:00+03:00,19:00
40W000003195747R,DORA 4 JES,unknown,2026-05-31 20:00:00+03:00,,16.1,chunk_0032.json,POST /v1/generation/data/dpp-bulk,2026-05-31 21:45:38.695557+00:00,3195747,DORA 4 JES,366,2026-05-31T20:00:00+03:00,20:00
40W000003195747R,DORA 4 JES,unknown,2026-05-31 21:00:00+03:00,,16.7,chunk_0032.json,POST /v1/generation/data/dpp-bulk,2026-05-31 21:45:38.695557+00:00,3195747,DORA 4 JES,366,2026-05-31T21:00:00+03:00,21:00
40W000003195747R,DORA 4 JES,unknown,2026-05-31 22:00:00+03:00,,17.0,chunk_0032.json,POST /v1/generation/data/dpp-bulk,2026-05-31 21:45:38.695557+00:00,3195747,DORA 4 JES,366,2026-05-31T22:00:00+03:00,22:00
40W000003195747R,DORA 4 JES,unknown,2026-05-31 23:00:00+03:00,,17.0,chunk_0032.json,POST /v1/generation/data/dpp-bulk,2026-05-31 21:45:38.695557+00:00,3195747,DORA 4 JES,366,2026-05-31T23:00:00+03:00,23:00
40W0000031952836,TOROS TARIM SAMSUN SANTRALİ,unknown,2026-05-31 00:00:00+03:00,,0.0,chunk_0032.json,POST /v1/generation/data/dpp-bulk,2026-05-31 21:45:38.695557+00:00,3195283,TOROS TARIM SAMSUN SANTRALİ,522,2026-05-31T00:00:00+03:00,00:00
40W0000031952836,TOROS TARIM SAMSUN SANTRALİ,unknown,2026-05-31 01:00:00+03:00,,0.0,chunk_0032.json,POST /v1/generation/data/dpp-bulk,2026-05-31 21:45:38.695557+00:00,3195283,TOROS TARIM SAMSUN SANTRALİ,522,2026-05-31T01:00:00+03:00,01:00
40W0000031952836,TOROS TARIM SAMSUN SANTRALİ,unknown,2026-05-31 02:00:00+03:00,,0.0,chunk_0032.json,POST /v1/generation/data/dpp-bulk,2026-05-31 21:45:38.695557+00:00,3195283,TOROS TARIM SAMSUN SANTRALİ,522,2026-05-31T02:00:00+03:00,02:00
40W0000031952836,TOROS TARIM SAMSUN SANTRALİ,unknown,2026-05-31 03:00:00+03:00,,0.0,chunk_0032.json,POST /v1/generation/data/dpp-bulk,2026-05-31 21:45:38.695557+00:00,3195283,TOROS TARIM SAMSUN SANTRALİ,522,2026-05-31T03:00:00+03:00,03:00
40W0000031952836,TOROS TARIM SAMSUN SANTRALİ,unknown,2026-05-31 04:00:00+03:00,,0.0,chunk_0032.json,POST /v1/generation/data/dpp-bulk,2026-05-31 21:45:38.695557+00:00,3195283,TOROS TARIM SAMSUN SANTRALİ,522,2026-05-31T04:00:00+03:00,04:00
40W0000031952836,TOROS TARIM SAMSUN SANTRALİ,unknown,2026-05-31 05:00:00+03:00,,0.0,chunk_0032.json,POST /v1/generation/data/dpp-bulk,2026-05-31 21:45:38.695557+00:00,3195283,TOROS TARIM SAMSUN SANTRALİ,522,2026-05-31T05:00:00+03:00,05:00
40W0000031952836,TOROS TARIM SAMSUN SANTRALİ,unknown,2026-05-31 06:00:00+03:00,,0.0,chunk_0032.json,POST /v1/generation/data/dpp-bulk,2026-05-31 21:45:38.695557+00:00,3195283,TOROS TARIM SAMSUN SANTRALİ,522,2026-05-31T06:00:00+03:00,06:00
40W0000031952836,TOROS TARIM SAMSUN SANTRALİ,unknown,2026-05-31 07:00:00+03:00,,0.0,chunk_0032.json,POST /v1/generation/data/dpp-bulk,2026-05-31 21:45:38.695557+00:00,3195283,TOROS TARIM SAMSUN SANTRALİ,522,2026-05-31T07:00:00+03:00,07:00
40W0000031952836,TOROS TARIM SAMSUN SANTRALİ,unknown,2026-05-31 08:00:00+03:00,,0.0,chunk_0032.json,POST /v1/generation/data/dpp-bulk,2026-05-31 21:45:38.695557+00:00,3195283,TOROS TARIM SAMSUN SANTRALİ,522,2026-05-31T08:00:00+03:00,08:00
40W0000031952836,TOROS TARIM SAMSUN SANTRALİ,unknown,2026-05-31 09:00:00+03:00,,0.0,chunk_0032.json,POST /v1/generation/data/dpp-bulk,2026-05-31 21:45:38.695557+00:00,3195283,TOROS TARIM SAMSUN SANTRALİ,522,2026-05-31T09:00:00+03:00,09:00
40W0000031952836,TOROS TARIM SAMSUN SANTRALİ,unknown,2026-05-31 10:00:00+03:00,,0.0,chunk_0032.json,POST /v1/generation/data/dpp-bulk,2026-05-31 21:45:38.695557+00:00,3195283,TOROS TARIM SAMSUN SANTRALİ,522,2026-05-31T10:00:00+03:00,10:00
40W0000031952836,TOROS TARIM SAMSUN SANTRALİ,unknown,2026-05-31 11:00:00+03:00,,0.0,chunk_0032.json,POST /v1/generation/data/dpp-bulk,2026-05-31 21:45:38.695557+00:00,3195283,TOROS TARIM SAMSUN SANTRALİ,522,2026-05-31T11:00:00+03:00,11:00
40W0000031952836,TOROS TARIM SAMSUN SANTRALİ,unknown,2026-05-31 12:00:00+03:00,,0.0,chunk_0032.json,POST /v1/generation/data/dpp-bulk,2026-05-31 21:45:38.695557+00:00,3195283,TOROS TARIM SAMSUN SANTRALİ,522,2026-05-31T12:00:00+03:00,12:00
40W0000031952836,TOROS TARIM SAMSUN SANTRALİ,unknown,2026-05-31 13:00:00+03:00,,0.0,chunk_0032.json,POST /v1/generation/data/dpp-bulk,2026-05-31 21:45:38.695557+00:00,3195283,TOROS TARIM SAMSUN SANTRALİ,522,2026-05-31T13:00:00+03:00,13:00
40W0000031952836,TOROS TARIM SAMSUN SANTRALİ,unknown,2026-05-31 14:00:00+03:00,,0.0,chunk_0032.json,POST /v1/generation/data/dpp-bulk,2026-05-31 21:45:38.695557+00:00,3195283,TOROS TARIM SAMSUN SANTRALİ,522,2026-05-31T14:00:00+03:00,14:00
40W0000031952836,TOROS TARIM SAMSUN SANTRALİ,unknown,2026-05-31 15:00:00+03:00,,0.0,chunk_0032.json,POST /v1/generation/data/dpp-bulk,2026-05-31 21:45:38.695557+00:00,3195283,TOROS TARIM SAMSUN SANTRALİ,522,2026-05-31T15:00:00+03:00,15:00
40W0000031952836,TOROS TARIM SAMSUN SANTRALİ,unknown,2026-05-31 16:00:00+03:00,,0.0,chunk_0032.json,POST /v1/generation/data/dpp-bulk,2026-05-31 21:45:38.695557+00:00,3195283,TOROS TARIM SAMSUN SANTRALİ,522,2026-05-31T16:00:00+03:00,16:00
40W0000031952836,TOROS TARIM SAMSUN SANTRALİ,unknown,2026-05-31 17:00:00+03:00,,0.0,chunk_0032.json,POST /v1/generation/data/dpp-bulk,2026-05-31 21:45:38.695557+00:00,3195283,TOROS TARIM SAMSUN SANTRALİ,522,2026-05-31T17:00:00+03:00,17:00
40W0000031952836,TOROS TARIM SAMSUN SANTRALİ,unknown,2026-05-31 18:00:00+03:00,,0.0,chunk_0032.json,POST /v1/generation/data/dpp-bulk,2026-05-31 21:45:38.695557+00:00,3195283,TOROS TARIM SAMSUN SANTRALİ,522,2026-05-31T18:00:00+03:00,18:00
40W0000031952836,TOROS TARIM SAMSUN SANTRALİ,unknown,2026-05-31 19:00:00+03:00,,0.0,chunk_0032.json,POST /v1/generation/data/dpp-bulk,2026-05-31 21:45:38.695557+00:00,3195283,TOROS TARIM SAMSUN SANTRALİ,522,2026-05-31T19:00:00+03:00,19:00
40W0000031952836,TOROS TARIM SAMSUN SANTRALİ,unknown,2026-05-31 20:00:00+03:00,,0.0,chunk_0032.json,POST /v1/generation/data/dpp-bulk,2026-05-31 21:45:38.695557+00:00,3195283,TOROS TARIM SAMSUN SANTRALİ,522,2026-05-31T20:00:00+03:00,20:00
40W0000031952836,TOROS TARIM SAMSUN SANTRALİ,unknown,2026-05-31 21:00:00+03:00,,0.0,chunk_0032.json,POST /v1/generation/data/dpp-bulk,2026-05-31 21:45:38.695557+00:00,3195283,TOROS TARIM SAMSUN SANTRALİ,522,2026-05-31T21:00:00+03:00,21:00
40W0000031952836,TOROS TARIM SAMSUN SANTRALİ,unknown,2026-05-31 22:00:00+03:00,,0.0,chunk_0032.json,POST /v1/generation/data/dpp-bulk,2026-05-31 21:45:38.695557+00:00,3195283,TOROS TARIM SAMSUN SANTRALİ,522,2026-05-31T22:00:00+03:00,22:00
40W0000031952836,TOROS TARIM SAMSUN SANTRALİ,unknown,2026-05-31 23:00:00+03:00,,0.0,chunk_0032.json,POST /v1/generation/data/dpp-bulk,2026-05-31 21:45:38.695557+00:00,3195283,TOROS TARIM SAMSUN SANTRALİ,522,2026-05-31T23:00:00+03:00,23:00
40W000003195659O,PAMUKÖREN JES3,unknown,2026-05-31 00:00:00+03:00,,11.8,chunk_0032.json,POST /v1/generation/data/dpp-bulk,2026-05-31 21:45:38.695557+00:00,3195659,PAMUKÖREN JES3,9451,2026-05-31T00:00:00+03:00,00:00
40W000003195659O,PAMUKÖREN JES3,unknown,2026-05-31 01:00:00+03:00,,11.8,chunk_0032.json,POST /v1/generation/data/dpp-bulk,2026-05-31 21:45:38.695557+00:00,3195659,PAMUKÖREN JES3,9451,2026-05-31T01:00:00+03:00,01:00
40W000003195659O,PAMUKÖREN JES3,unknown,2026-05-31 02:00:00+03:00,,11.8,chunk_0032.json,POST /v1/generation/data/dpp-bulk,2026-05-31 21:45:38.695557+00:00,3195659,PAMUKÖREN JES3,9451,2026-05-31T02:00:00+03:00,02:00
40W000003195659O,PAMUKÖREN JES3,unknown,2026-05-31 03:00:00+03:00,,12.0,chunk_0032.json,POST /v1/generation/data/dpp-bulk,2026-05-31 21:45:38.695557+00:00,3195659,PAMUKÖREN JES3,9451,2026-05-31T03:00:00+03:00,03:00
40W000003195659O,PAMUKÖREN JES3,unknown,2026-05-31 04:00:00+03:00,,12.0,chunk_0032.json,POST /v1/generation/data/dpp-bulk,2026-05-31 21:45:38.695557+00:00,3195659,PAMUKÖREN JES3,9451,2026-05-31T04:00:00+03:00,04:00
40W000003195659O,PAMUKÖREN JES3,unknown,2026-05-31 05:00:00+03:00,,12.0,chunk_0032.json,POST /v1/generation/data/dpp-bulk,2026-05-31 21:45:38.695557+00:00,3195659,PAMUKÖREN JES3,9451,2026-05-31T05:00:00+03:00,05:00
40W000003195659O,PAMUKÖREN JES3,unknown,2026-05-31 06:00:00+03:00,,11.8,chunk_0032.json,POST /v1/generation/data/dpp-bulk,2026-05-31 21:45:38.695557+00:00,3195659,PAMUKÖREN JES3,9451,2026-05-31T06:00:00+03:00,06:00
40W000003195659O,PAMUKÖREN JES3,unknown,2026-05-31 07:00:00+03:00,,11.6,chunk_0032.json,POST /v1/generation/data/dpp-bulk,2026-05-31 21:45:38.695557+00:00,3195659,PAMUKÖREN JES3,9451,2026-05-31T07:00:00+03:00,07:00
40W000003195659O,PAMUKÖREN JES3,unknown,2026-05-31 08:00:00+03:00,,11.0,chunk_0032.json,POST /v1/generation/data/dpp-bulk,2026-05-31 21:45:38.695557+00:00,3195659,PAMUKÖREN JES3,9451,2026-05-31T08:00:00+03:00,08:00
40W000003195659O,PAMUKÖREN JES3,unknown,2026-05-31 09:00:00+03:00,,10.2,chunk_0032.json,POST /v1/generation/data/dpp-bulk,2026-05-31 21:45:38.695557+00:00,3195659,PAMUKÖREN JES3,9451,2026-05-31T09:00:00+03:00,09:00
40W000003195659O,PAMUKÖREN JES3,unknown,2026-05-31 10:00:00+03:00,,9.4,chunk_0032.json,POST /v1/generation/data/dpp-bulk,2026-05-31 21:45:38.695557+00:00,3195659,PAMUKÖREN JES3,9451,2026-05-31T10:00:00+03:00,10:00
40W000003195659O,PAMUKÖREN JES3,unknown,2026-05-31 11:00:00+03:00,,9.0,chunk_0032.json,POST /v1/generation/data/dpp-bulk,2026-05-31 21:45:38.695557+00:00,3195659,PAMUKÖREN JES3,9451,2026-05-31T11:00:00+03:00,11:00
40W000003195659O,PAMUKÖREN JES3,unknown,2026-05-31 12:00:00+03:00,,8.4,chunk_0032.json,POST /v1/generation/data/dpp-bulk,2026-05-31 21:45:38.695557+00:00,3195659,PAMUKÖREN JES3,9451,2026-05-31T12:00:00+03:00,12:00
40W000003195659O,PAMUKÖREN JES3,unknown,2026-05-31 13:00:00+03:00,,7.8,chunk_0032.json,POST /v1/generation/data/dpp-bulk,2026-05-31 21:45:38.695557+00:00,3195659,PAMUKÖREN JES3,9451,2026-05-31T13:00:00+03:00,13:00
40W000003195659O,PAMUKÖREN JES3,unknown,2026-05-31 14:00:00+03:00,,7.0,chunk_0032.json,POST /v1/generation/data/dpp-bulk,2026-05-31 21:45:38.695557+00:00,3195659,PAMUKÖREN JES3,9451,2026-05-31T14:00:00+03:00,14:00
40W000003195659O,PAMUKÖREN JES3,unknown,2026-05-31 15:00:00+03:00,,6.8,chunk_0032.json,POST /v1/generation/data/dpp-bulk,2026-05-31 21:45:38.695557+00:00,3195659,PAMUKÖREN JES3,9451,2026-05-31T15:00:00+03:00,15:00
40W000003195659O,PAMUKÖREN JES3,unknown,2026-05-31 16:00:00+03:00,,7.0,chunk_0032.json,POST /v1/generation/data/dpp-bulk,2026-05-31 21:45:38.695557+00:00,3195659,PAMUKÖREN JES3,9451,2026-05-31T16:00:00+03:00,16:00
40W000003195659O,PAMUKÖREN JES3,unknown,2026-05-31 17:00:00+03:00,,7.2,chunk_0032.json,POST /v1/generation/data/dpp-bulk,2026-05-31 21:45:38.695557+00:00,3195659,PAMUKÖREN JES3,9451,2026-05-31T17:00:00+03:00,17:00
40W000003195659O,PAMUKÖREN JES3,unknown,2026-05-31 18:00:00+03:00,,7.4,chunk_0032.json,POST /v1/generation/data/dpp-bulk,2026-05-31 21:45:38.695557+00:00,3195659,PAMUKÖREN JES3,9451,2026-05-31T18:00:00+03:00,18:00
40W000003195659O,PAMUKÖREN JES3,unknown,2026-05-31 19:00:00+03:00,,8.0,chunk_0032.json,POST /v1/generation/data/dpp-bulk,2026-05-31 21:45:38.695557+00:00,3195659,PAMUKÖREN JES3,9451,2026-05-31T19:00:00+03:00,19:00
40W000003195659O,PAMUKÖREN JES3,unknown,2026-05-31 20:00:00+03:00,,8.8,chunk_0032.json,POST /v1/generation/data/dpp-bulk,2026-05-31 21:45:38.695557+00:00,3195659,PAMUKÖREN JES3,9451,2026-05-31T20:00:00+03:00,20:00
40W000003195659O,PAMUKÖREN JES3,unknown,2026-05-31 21:00:00+03:00,,9.8,chunk_0032.json,POST /v1/generation/data/dpp-bulk,2026-05-31 21:45:38.695557+00:00,3195659,PAMUKÖREN JES3,9451,2026-05-31T21:00:00+03:00,21:00
40W000003195659O,PAMUKÖREN JES3,unknown,2026-05-31 22:00:00+03:00,,11.0,chunk_0032.json,POST /v1/generation/data/dpp-bulk,2026-05-31 21:45:38.695557+00:00,3195659,PAMUKÖREN JES3,9451,2026-05-31T22:00:00+03:00,22:00
40W000003195659O,PAMUKÖREN JES3,unknown,2026-05-31 23:00:00+03:00,,11.4,chunk_0032.json,POST /v1/generation/data/dpp-bulk,2026-05-31 21:45:38.695557+00:00,3195659,PAMUKÖREN JES3,9451,2026-05-31T23:00:00+03:00,23:00
40W000003195727X,İÇ ANADOLU DGKÇS,unknown,2026-05-31 00:00:00+03:00,,0.0,chunk_0032.json,POST /v1/generation/data/dpp-bulk,2026-05-31 21:45:38.695557+00:00,3195727,İÇ ANADOLU DGKÇS,9488,2026-05-31T00:00:00+03:00,00:00
40W000003195727X,İÇ ANADOLU DGKÇS,unknown,2026-05-31 01:00:00+03:00,,0.0,chunk_0032.json,POST /v1/generation/data/dpp-bulk,2026-05-31 21:45:38.695557+00:00,3195727,İÇ ANADOLU DGKÇS,9488,2026-05-31T01:00:00+03:00,01:00
40W000003195727X,İÇ ANADOLU DGKÇS,unknown,2026-05-31 02:00:00+03:00,,0.0,chunk_0032.json,POST /v1/generation/data/dpp-bulk,2026-05-31 21:45:38.695557+00:00,3195727,İÇ ANADOLU DGKÇS,9488,2026-05-31T02:00:00+03:00,02:00
40W000003195727X,İÇ ANADOLU DGKÇS,unknown,2026-05-31 03:00:00+03:00,,0.0,chunk_0032.json,POST /v1/generation/data/dpp-bulk,2026-05-31 21:45:38.695557+00:00,3195727,İÇ ANADOLU DGKÇS,9488,2026-05-31T03:00:00+03:00,03:00
40W000003195727X,İÇ ANADOLU DGKÇS,unknown,2026-05-31 04:00:00+03:00,,0.0,chunk_0032.json,POST /v1/generation/data/dpp-bulk,2026-05-31 21:45:38.695557+00:00,3195727,İÇ ANADOLU DGKÇS,9488,2026-05-31T04:00:00+03:00,04:00
40W000003195727X,İÇ ANADOLU DGKÇS,unknown,2026-05-31 05:00:00+03:00,,0.0,chunk_0032.json,POST /v1/generation/data/dpp-bulk,2026-05-31 21:45:38.695557+00:00,3195727,İÇ ANADOLU DGKÇS,9488,2026-05-31T05:00:00+03:00,05:00
40W000003195727X,İÇ ANADOLU DGKÇS,unknown,2026-05-31 06:00:00+03:00,,0.0,chunk_0032.json,POST /v1/generation/data/dpp-bulk,2026-05-31 21:45:38.695557+00:00,3195727,İÇ ANADOLU DGKÇS,9488,2026-05-31T06:00:00+03:00,06:00
40W000003195727X,İÇ ANADOLU DGKÇS,unknown,2026-05-31 07:00:00+03:00,,0.0,chunk_0032.json,POST /v1/generation/data/dpp-bulk,2026-05-31 21:45:38.695557+00:00,3195727,İÇ ANADOLU DGKÇS,9488,2026-05-31T07:00:00+03:00,07:00
40W000003195727X,İÇ ANADOLU DGKÇS,unknown,2026-05-31 08:00:00+03:00,,0.0,chunk_0032.json,POST /v1/generation/data/dpp-bulk,2026-05-31 21:45:38.695557+00:00,3195727,İÇ ANADOLU DGKÇS,9488,2026-05-31T08:00:00+03:00,08:00
40W000003195727X,İÇ ANADOLU DGKÇS,unknown,2026-05-31 09:00:00+03:00,,0.0,chunk_0032.json,POST /v1/generation/data/dpp-bulk,2026-05-31 21:45:38.695557+00:00,3195727,İÇ ANADOLU DGKÇS,9488,2026-05-31T09:00:00+03:00,09:00
40W000003195727X,İÇ ANADOLU DGKÇS,unknown,2026-05-31 10:00:00+03:00,,0.0,chunk_0032.json,POST /v1/generation/data/dpp-bulk,2026-05-31 21:45:38.695557+00:00,3195727,İÇ ANADOLU DGKÇS,9488,2026-05-31T10:00:00+03:00,10:00
40W000003195727X,İÇ ANADOLU DGKÇS,unknown,2026-05-31 11:00:00+03:00,,0.0,chunk_0032.json,POST /v1/generation/data/dpp-bulk,2026-05-31 21:45:38.695557+00:00,3195727,İÇ ANADOLU DGKÇS,9488,2026-05-31T11:00:00+03:00,11:00
40W000003195727X,İÇ ANADOLU DGKÇS,unknown,2026-05-31 12:00:00+03:00,,0.0,chunk_0032.json,POST /v1/generation/data/dpp-bulk,2026-05-31 21:45:38.695557+00:00,3195727,İÇ ANADOLU DGKÇS,9488,2026-05-31T12:00:00+03:00,12:00
40W000003195727X,İÇ ANADOLU DGKÇS,unknown,2026-05-31 13:00:00+03:00,,0.0,chunk_0032.json,POST /v1/generation/data/dpp-bulk,2026-05-31 21:45:38.695557+00:00,3195727,İÇ ANADOLU DGKÇS,9488,2026-05-31T13:00:00+03:00,13:00
40W000003195727X,İÇ ANADOLU DGKÇS,unknown,2026-05-31 14:00:00+03:00,,0.0,chunk_0032.json,POST /v1/generation/data/dpp-bulk,2026-05-31 21:45:38.695557+00:00,3195727,İÇ ANADOLU DGKÇS,9488,2026-05-31T14:00:00+03:00,14:00
40W000003195727X,İÇ ANADOLU DGKÇS,unknown,2026-05-31 15:00:00+03:00,,0.0,chunk_0032.json,POST /v1/generation/data/dpp-bulk,2026-05-31 21:45:38.695557+00:00,3195727,İÇ ANADOLU DGKÇS,9488,2026-05-31T15:00:00+03:00,15:00
40W000003195727X,İÇ ANADOLU DGKÇS,unknown,2026-05-31 16:00:00+03:00,,0.0,chunk_0032.json,POST /v1/generation/data/dpp-bulk,2026-05-31 21:45:38.695557+00:00,3195727,İÇ ANADOLU DGKÇS,9488,2026-05-31T16:00:00+03:00,16:00
40W000003195727X,İÇ ANADOLU DGKÇS,unknown,2026-05-31 17:00:00+03:00,,0.0,chunk_0032.json,POST /v1/generation/data/dpp-bulk,2026-05-31 21:45:38.695557+00:00,3195727,İÇ ANADOLU DGKÇS,9488,2026-05-31T17:00:00+03:00,17:00
40W000003195727X,İÇ ANADOLU DGKÇS,unknown,2026-05-31 18:00:00+03:00,,0.0,chunk_0032.json,POST /v1/generation/data/dpp-bulk,2026-05-31 21:45:38.695557+00:00,3195727,İÇ ANADOLU DGKÇS,9488,2026-05-31T18:00:00+03:00,18:00
40W000003195727X,İÇ ANADOLU DGKÇS,unknown,2026-05-31 19:00:00+03:00,,0.0,chunk_0032.json,POST /v1/generation/data/dpp-bulk,2026-05-31 21:45:38.695557+00:00,3195727,İÇ ANADOLU DGKÇS,9488,2026-05-31T19:00:00+03:00,19:00
40W000003195727X,İÇ ANADOLU DGKÇS,unknown,2026-05-31 20:00:00+03:00,,0.0,chunk_0032.json,POST /v1/generation/data/dpp-bulk,2026-05-31 21:45:38.695557+00:00,3195727,İÇ ANADOLU DGKÇS,9488,2026-05-31T20:00:00+03:00,20:00
40W000003195727X,İÇ ANADOLU DGKÇS,unknown,2026-05-31 21:00:00+03:00,,0.0,chunk_0032.json,POST /v1/generation/data/dpp-bulk,2026-05-31 21:45:38.695557+00:00,3195727,İÇ ANADOLU DGKÇS,9488,2026-05-31T21:00:00+03:00,21:00
40W000003195727X,İÇ ANADOLU DGKÇS,unknown,2026-05-31 22:00:00+03:00,,0.0,chunk_0032.json,POST /v1/generation/data/dpp-bulk,2026-05-31 21:45:38.695557+00:00,3195727,İÇ ANADOLU DGKÇS,9488,2026-05-31T22:00:00+03:00,22:00
40W000003195727X,İÇ ANADOLU DGKÇS,unknown,2026-05-31 23:00:00+03:00,,0.0,chunk_0032.json,POST /v1/generation/data/dpp-bulk,2026-05-31 21:45:38.695557+00:00,3195727,İÇ ANADOLU DGKÇS,9488,2026-05-31T23:00:00+03:00,23:00
40W0000031955088,ÇAYALTI REG. VE HES,unknown,2026-05-31 00:00:00+03:00,,7.6,chunk_0032.json,POST /v1/generation/data/dpp-bulk,2026-05-31 21:45:38.695557+00:00,3195508,ÇAYALTI REG. VE HES,9528,2026-05-31T00:00:00+03:00,00:00
40W0000031955088,ÇAYALTI REG. VE HES,unknown,2026-05-31 01:00:00+03:00,,7.6,chunk_0032.json,POST /v1/generation/data/dpp-bulk,2026-05-31 21:45:38.695557+00:00,3195508,ÇAYALTI REG. VE HES,9528,2026-05-31T01:00:00+03:00,01:00
40W0000031955088,ÇAYALTI REG. VE HES,unknown,2026-05-31 02:00:00+03:00,,7.6,chunk_0032.json,POST /v1/generation/data/dpp-bulk,2026-05-31 21:45:38.695557+00:00,3195508,ÇAYALTI REG. VE HES,9528,2026-05-31T02:00:00+03:00,02:00
40W0000031955088,ÇAYALTI REG. VE HES,unknown,2026-05-31 03:00:00+03:00,,7.6,chunk_0032.json,POST /v1/generation/data/dpp-bulk,2026-05-31 21:45:38.695557+00:00,3195508,ÇAYALTI REG. VE HES,9528,2026-05-31T03:00:00+03:00,03:00
40W0000031955088,ÇAYALTI REG. VE HES,unknown,2026-05-31 04:00:00+03:00,,7.6,chunk_0032.json,POST /v1/generation/data/dpp-bulk,2026-05-31 21:45:38.695557+00:00,3195508,ÇAYALTI REG. VE HES,9528,2026-05-31T04:00:00+03:00,04:00
40W0000031955088,ÇAYALTI REG. VE HES,unknown,2026-05-31 05:00:00+03:00,,7.6,chunk_0032.json,POST /v1/generation/data/dpp-bulk,2026-05-31 21:45:38.695557+00:00,3195508,ÇAYALTI REG. VE HES,9528,2026-05-31T05:00:00+03:00,05:00
40W0000031955088,ÇAYALTI REG. VE HES,unknown,2026-05-31 06:00:00+03:00,,7.6,chunk_0032.json,POST /v1/generation/data/dpp-bulk,2026-05-31 21:45:38.695557+00:00,3195508,ÇAYALTI REG. VE HES,9528,2026-05-31T06:00:00+03:00,06:00
40W0000031955088,ÇAYALTI REG. VE HES,unknown,2026-05-31 07:00:00+03:00,,7.3,chunk_0032.json,POST /v1/generation/data/dpp-bulk,2026-05-31 21:45:38.695557+00:00,3195508,ÇAYALTI REG. VE HES,9528,2026-05-31T07:00:00+03:00,07:00
40W0000031955088,ÇAYALTI REG. VE HES,unknown,2026-05-31 08:00:00+03:00,,7.8,chunk_0032.json,POST /v1/generation/data/dpp-bulk,2026-05-31 21:45:38.695557+00:00,3195508,ÇAYALTI REG. VE HES,9528,2026-05-31T08:00:00+03:00,08:00
40W0000031955088,ÇAYALTI REG. VE HES,unknown,2026-05-31 09:00:00+03:00,,9.0,chunk_0032.json,POST /v1/generation/data/dpp-bulk,2026-05-31 21:45:38.695557+00:00,3195508,ÇAYALTI REG. VE HES,9528,2026-05-31T09:00:00+03:00,09:00
40W0000031955088,ÇAYALTI REG. VE HES,unknown,2026-05-31 10:00:00+03:00,,8.8,chunk_0032.json,POST /v1/generation/data/dpp-bulk,2026-05-31 21:45:38.695557+00:00,3195508,ÇAYALTI REG. VE HES,9528,2026-05-31T10:00:00+03:00,10:00
40W0000031955088,ÇAYALTI REG. VE HES,unknown,2026-05-31 11:00:00+03:00,,8.9,chunk_0032.json,POST /v1/generation/data/dpp-bulk,2026-05-31 21:45:38.695557+00:00,3195508,ÇAYALTI REG. VE HES,9528,2026-05-31T11:00:00+03:00,11:00
40W0000031955088,ÇAYALTI REG. VE HES,unknown,2026-05-31 12:00:00+03:00,,9.0,chunk_0032.json,POST /v1/generation/data/dpp-bulk,2026-05-31 21:45:38.695557+00:00,3195508,ÇAYALTI REG. VE HES,9528,2026-05-31T12:00:00+03:00,12:00
40W0000031955088,ÇAYALTI REG. VE HES,unknown,2026-05-31 13:00:00+03:00,,9.2,chunk_0032.json,POST /v1/generation/data/dpp-bulk,2026-05-31 21:45:38.695557+00:00,3195508,ÇAYALTI REG. VE HES,9528,2026-05-31T13:00:00+03:00,13:00
40W0000031955088,ÇAYALTI REG. VE HES,unknown,2026-05-31 14:00:00+03:00,,8.9,chunk_0032.json,POST /v1/generation/data/dpp-bulk,2026-05-31 21:45:38.695557+00:00,3195508,ÇAYALTI REG. VE HES,9528,2026-05-31T14:00:00+03:00,14:00
40W0000031955088,ÇAYALTI REG. VE HES,unknown,2026-05-31 15:00:00+03:00,,9.3,chunk_0032.json,POST /v1/generation/data/dpp-bulk,2026-05-31 21:45:38.695557+00:00,3195508,ÇAYALTI REG. VE HES,9528,2026-05-31T15:00:00+03:00,15:00
40W0000031955088,ÇAYALTI REG. VE HES,unknown,2026-05-31 16:00:00+03:00,,8.7,chunk_0032.json,POST /v1/generation/data/dpp-bulk,2026-05-31 21:45:38.695557+00:00,3195508,ÇAYALTI REG. VE HES,9528,2026-05-31T16:00:00+03:00,16:00
40W0000031955088,ÇAYALTI REG. VE HES,unknown,2026-05-31 17:00:00+03:00,,9.0,chunk_0032.json,POST /v1/generation/data/dpp-bulk,2026-05-31 21:45:38.695557+00:00,3195508,ÇAYALTI REG. VE HES,9528,2026-05-31T17:00:00+03:00,17:00
40W0000031955088,ÇAYALTI REG. VE HES,unknown,2026-05-31 18:00:00+03:00,,7.6,chunk_0032.json,POST /v1/generation/data/dpp-bulk,2026-05-31 21:45:38.695557+00:00,3195508,ÇAYALTI REG. VE HES,9528,2026-05-31T18:00:00+03:00,18:00
40W0000031955088,ÇAYALTI REG. VE HES,unknown,2026-05-31 19:00:00+03:00,,7.6,chunk_0032.json,POST /v1/generation/data/dpp-bulk,2026-05-31 21:45:38.695557+00:00,3195508,ÇAYALTI REG. VE HES,9528,2026-05-31T19:00:00+03:00,19:00
40W0000031955088,ÇAYALTI REG. VE HES,unknown,2026-05-31 20:00:00+03:00,,7.6,chunk_0032.json,POST /v1/generation/data/dpp-bulk,2026-05-31 21:45:38.695557+00:00,3195508,ÇAYALTI REG. VE HES,9528,2026-05-31T20:00:00+03:00,20:00
40W0000031955088,ÇAYALTI REG. VE HES,unknown,2026-05-31 21:00:00+03:00,,7.6,chunk_0032.json,POST /v1/generation/data/dpp-bulk,2026-05-31 21:45:38.695557+00:00,3195508,ÇAYALTI REG. VE HES,9528,2026-05-31T21:00:00+03:00,21:00
40W0000031955088,ÇAYALTI REG. VE HES,unknown,2026-05-31 22:00:00+03:00,,7.6,chunk_0032.json,POST /v1/generation/data/dpp-bulk,2026-05-31 21:45:38.695557+00:00,3195508,ÇAYALTI REG. VE HES,9528,2026-05-31T22:00:00+03:00,22:00
40W0000031955088,ÇAYALTI REG. VE HES,unknown,2026-05-31 23:00:00+03:00,,7.6,chunk_0032.json,POST /v1/generation/data/dpp-bulk,2026-05-31 21:45:38.695557+00:00,3195508,ÇAYALTI REG. VE HES,9528,2026-05-31T23:00:00+03:00,23:00
40W000003195710D,MARTEKS ÜRETİM TESİSİ,unknown,2026-05-31 00:00:00+03:00,,0.0,chunk_0032.json,POST /v1/generation/data/dpp-bulk,2026-05-31 21:45:38.695557+00:00,3195710,MARTEKS ÜRETİM TESİSİ,9531,2026-05-31T00:00:00+03:00,00:00
40W000003195710D,MARTEKS ÜRETİM TESİSİ,unknown,2026-05-31 01:00:00+03:00,,0.0,chunk_0032.json,POST /v1/generation/data/dpp-bulk,2026-05-31 21:45:38.695557+00:00,3195710,MARTEKS ÜRETİM TESİSİ,9531,2026-05-31T01:00:00+03:00,01:00
40W000003195710D,MARTEKS ÜRETİM TESİSİ,unknown,2026-05-31 02:00:00+03:00,,0.0,chunk_0032.json,POST /v1/generation/data/dpp-bulk,2026-05-31 21:45:38.695557+00:00,3195710,MARTEKS ÜRETİM TESİSİ,9531,2026-05-31T02:00:00+03:00,02:00
40W000003195710D,MARTEKS ÜRETİM TESİSİ,unknown,2026-05-31 03:00:00+03:00,,0.0,chunk_0032.json,POST /v1/generation/data/dpp-bulk,2026-05-31 21:45:38.695557+00:00,3195710,MARTEKS ÜRETİM TESİSİ,9531,2026-05-31T03:00:00+03:00,03:00
40W000003195710D,MARTEKS ÜRETİM TESİSİ,unknown,2026-05-31 04:00:00+03:00,,0.0,chunk_0032.json,POST /v1/generation/data/dpp-bulk,2026-05-31 21:45:38.695557+00:00,3195710,MARTEKS ÜRETİM TESİSİ,9531,2026-05-31T04:00:00+03:00,04:00
40W000003195710D,MARTEKS ÜRETİM TESİSİ,unknown,2026-05-31 05:00:00+03:00,,0.0,chunk_0032.json,POST /v1/generation/data/dpp-bulk,2026-05-31 21:45:38.695557+00:00,3195710,MARTEKS ÜRETİM TESİSİ,9531,2026-05-31T05:00:00+03:00,05:00
40W000003195710D,MARTEKS ÜRETİM TESİSİ,unknown,2026-05-31 06:00:00+03:00,,0.0,chunk_0032.json,POST /v1/generation/data/dpp-bulk,2026-05-31 21:45:38.695557+00:00,3195710,MARTEKS ÜRETİM TESİSİ,9531,2026-05-31T06:00:00+03:00,06:00
40W000003195710D,MARTEKS ÜRETİM TESİSİ,unknown,2026-05-31 07:00:00+03:00,,0.0,chunk_0032.json,POST /v1/generation/data/dpp-bulk,2026-05-31 21:45:38.695557+00:00,3195710,MARTEKS ÜRETİM TESİSİ,9531,2026-05-31T07:00:00+03:00,07:00
40W000003195710D,MARTEKS ÜRETİM TESİSİ,unknown,2026-05-31 08:00:00+03:00,,0.0,chunk_0032.json,POST /v1/generation/data/dpp-bulk,2026-05-31 21:45:38.695557+00:00,3195710,MARTEKS ÜRETİM TESİSİ,9531,2026-05-31T08:00:00+03:00,08:00
40W000003195710D,MARTEKS ÜRETİM TESİSİ,unknown,2026-05-31 09:00:00+03:00,,0.0,chunk_0032.json,POST /v1/generation/data/dpp-bulk,2026-05-31 21:45:38.695557+00:00,3195710,MARTEKS ÜRETİM TESİSİ,9531,2026-05-31T09:00:00+03:00,09:00
40W000003195710D,MARTEKS ÜRETİM TESİSİ,unknown,2026-05-31 10:00:00+03:00,,0.0,chunk_0032.json,POST /v1/generation/data/dpp-bulk,2026-05-31 21:45:38.695557+00:00,3195710,MARTEKS ÜRETİM TESİSİ,9531,2026-05-31T10:00:00+03:00,10:00
40W000003195710D,MARTEKS ÜRETİM TESİSİ,unknown,2026-05-31 11:00:00+03:00,,0.0,chunk_0032.json,POST /v1/generation/data/dpp-bulk,2026-05-31 21:45:38.695557+00:00,3195710,MARTEKS ÜRETİM TESİSİ,9531,2026-05-31T11:00:00+03:00,11:00
40W000003195710D,MARTEKS ÜRETİM TESİSİ,unknown,2026-05-31 12:00:00+03:00,,0.0,chunk_0032.json,POST /v1/generation/data/dpp-bulk,2026-05-31 21:45:38.695557+00:00,3195710,MARTEKS ÜRETİM TESİSİ,9531,2026-05-31T12:00:00+03:00,12:00
40W000003195710D,MARTEKS ÜRETİM TESİSİ,unknown,2026-05-31 13:00:00+03:00,,0.0,chunk_0032.json,POST /v1/generation/data/dpp-bulk,2026-05-31 21:45:38.695557+00:00,3195710,MARTEKS ÜRETİM TESİSİ,9531,2026-05-31T13:00:00+03:00,13:00
40W000003195710D,MARTEKS ÜRETİM TESİSİ,unknown,2026-05-31 14:00:00+03:00,,0.0,chunk_0032.json,POST /v1/generation/data/dpp-bulk,2026-05-31 21:45:38.695557+00:00,3195710,MARTEKS ÜRETİM TESİSİ,9531,2026-05-31T14:00:00+03:00,14:00
40W000003195710D,MARTEKS ÜRETİM TESİSİ,unknown,2026-05-31 15:00:00+03:00,,0.0,chunk_0032.json,POST /v1/generation/data/dpp-bulk,2026-05-31 21:45:38.695557+00:00,3195710,MARTEKS ÜRETİM TESİSİ,9531,2026-05-31T15:00:00+03:00,15:00
40W000003195710D,MARTEKS ÜRETİM TESİSİ,unknown,2026-05-31 16:00:00+03:00,,0.0,chunk_0032.json,POST /v1/generation/data/dpp-bulk,2026-05-31 21:45:38.695557+00:00,3195710,MARTEKS ÜRETİM TESİSİ,9531,2026-05-31T16:00:00+03:00,16:00
40W000003195710D,MARTEKS ÜRETİM TESİSİ,unknown,2026-05-31 17:00:00+03:00,,0.0,chunk_0032.json,POST /v1/generation/data/dpp-bulk,2026-05-31 21:45:38.695557+00:00,3195710,MARTEKS ÜRETİM TESİSİ,9531,2026-05-31T17:00:00+03:00,17:00
40W000003195710D,MARTEKS ÜRETİM TESİSİ,unknown,2026-05-31 18:00:00+03:00,,0.0,chunk_0032.json,POST /v1/generation/data/dpp-bulk,2026-05-31 21:45:38.695557+00:00,3195710,MARTEKS ÜRETİM TESİSİ,9531,2026-05-31T18:00:00+03:00,18:00
40W000003195710D,MARTEKS ÜRETİM TESİSİ,unknown,2026-05-31 19:00:00+03:00,,0.0,chunk_0032.json,POST /v1/generation/data/dpp-bulk,2026-05-31 21:45:38.695557+00:00,3195710,MARTEKS ÜRETİM TESİSİ,9531,2026-05-31T19:00:00+03:00,19:00
40W000003195710D,MARTEKS ÜRETİM TESİSİ,unknown,2026-05-31 20:00:00+03:00,,0.0,chunk_0032.json,POST /v1/generation/data/dpp-bulk,2026-05-31 21:45:38.695557+00:00,3195710,MARTEKS ÜRETİM TESİSİ,9531,2026-05-31T20:00:00+03:00,20:00
40W000003195710D,MARTEKS ÜRETİM TESİSİ,unknown,2026-05-31 21:00:00+03:00,,0.0,chunk_0032.json,POST /v1/generation/data/dpp-bulk,2026-05-31 21:45:38.695557+00:00,3195710,MARTEKS ÜRETİM TESİSİ,9531,2026-05-31T21:00:00+03:00,21:00
40W000003195710D,MARTEKS ÜRETİM TESİSİ,unknown,2026-05-31 22:00:00+03:00,,0.0,chunk_0032.json,POST /v1/generation/data/dpp-bulk,2026-05-31 21:45:38.695557+00:00,3195710,MARTEKS ÜRETİM TESİSİ,9531,2026-05-31T22:00:00+03:00,22:00
40W000003195710D,MARTEKS ÜRETİM TESİSİ,unknown,2026-05-31 23:00:00+03:00,,0.0,chunk_0032.json,POST /v1/generation/data/dpp-bulk,2026-05-31 21:45:38.695557+00:00,3195710,MARTEKS ÜRETİM TESİSİ,9531,2026-05-31T23:00:00+03:00,23:00
40W000003195505E,AKPINAR HES,unknown,2026-05-31 00:00:00+03:00,,5.0,chunk_0032.json,POST /v1/generation/data/dpp-bulk,2026-05-31 21:45:38.695557+00:00,3195505,AKPINAR HES,9650,2026-05-31T00:00:00+03:00,00:00
40W000003195505E,AKPINAR HES,unknown,2026-05-31 01:00:00+03:00,,5.0,chunk_0032.json,POST /v1/generation/data/dpp-bulk,2026-05-31 21:45:38.695557+00:00,3195505,AKPINAR HES,9650,2026-05-31T01:00:00+03:00,01:00
40W000003195505E,AKPINAR HES,unknown,2026-05-31 02:00:00+03:00,,5.0,chunk_0032.json,POST /v1/generation/data/dpp-bulk,2026-05-31 21:45:38.695557+00:00,3195505,AKPINAR HES,9650,2026-05-31T02:00:00+03:00,02:00
40W000003195505E,AKPINAR HES,unknown,2026-05-31 03:00:00+03:00,,5.0,chunk_0032.json,POST /v1/generation/data/dpp-bulk,2026-05-31 21:45:38.695557+00:00,3195505,AKPINAR HES,9650,2026-05-31T03:00:00+03:00,03:00
40W000003195505E,AKPINAR HES,unknown,2026-05-31 04:00:00+03:00,,5.0,chunk_0032.json,POST /v1/generation/data/dpp-bulk,2026-05-31 21:45:38.695557+00:00,3195505,AKPINAR HES,9650,2026-05-31T04:00:00+03:00,04:00
40W000003195505E,AKPINAR HES,unknown,2026-05-31 05:00:00+03:00,,5.0,chunk_0032.json,POST /v1/generation/data/dpp-bulk,2026-05-31 21:45:38.695557+00:00,3195505,AKPINAR HES,9650,2026-05-31T05:00:00+03:00,05:00
40W000003195505E,AKPINAR HES,unknown,2026-05-31 06:00:00+03:00,,5.0,chunk_0032.json,POST /v1/generation/data/dpp-bulk,2026-05-31 21:45:38.695557+00:00,3195505,AKPINAR HES,9650,2026-05-31T06:00:00+03:00,06:00
40W000003195505E,AKPINAR HES,unknown,2026-05-31 07:00:00+03:00,,5.0,chunk_0032.json,POST /v1/generation/data/dpp-bulk,2026-05-31 21:45:38.695557+00:00,3195505,AKPINAR HES,9650,2026-05-31T07:00:00+03:00,07:00
40W000003195505E,AKPINAR HES,unknown,2026-05-31 08:00:00+03:00,,5.0,chunk_0032.json,POST /v1/generation/data/dpp-bulk,2026-05-31 21:45:38.695557+00:00,3195505,AKPINAR HES,9650,2026-05-31T08:00:00+03:00,08:00
40W000003195505E,AKPINAR HES,unknown,2026-05-31 09:00:00+03:00,,5.0,chunk_0032.json,POST /v1/generation/data/dpp-bulk,2026-05-31 21:45:38.695557+00:00,3195505,AKPINAR HES,9650,2026-05-31T09:00:00+03:00,09:00
40W000003195505E,AKPINAR HES,unknown,2026-05-31 10:00:00+03:00,,5.0,chunk_0032.json,POST /v1/generation/data/dpp-bulk,2026-05-31 21:45:38.695557+00:00,3195505,AKPINAR HES,9650,2026-05-31T10:00:00+03:00,10:00
40W000003195505E,AKPINAR HES,unknown,2026-05-31 11:00:00+03:00,,5.0,chunk_0032.json,POST /v1/generation/data/dpp-bulk,2026-05-31 21:45:38.695557+00:00,3195505,AKPINAR HES,9650,2026-05-31T11:00:00+03:00,11:00
40W000003195505E,AKPINAR HES,unknown,2026-05-31 12:00:00+03:00,,5.0,chunk_0032.json,POST /v1/generation/data/dpp-bulk,2026-05-31 21:45:38.695557+00:00,3195505,AKPINAR HES,9650,2026-05-31T12:00:00+03:00,12:00
40W000003195505E,AKPINAR HES,unknown,2026-05-31 13:00:00+03:00,,5.0,chunk_0032.json,POST /v1/generation/data/dpp-bulk,2026-05-31 21:45:38.695557+00:00,3195505,AKPINAR HES,9650,2026-05-31T13:00:00+03:00,13:00
40W000003195505E,AKPINAR HES,unknown,2026-05-31 14:00:00+03:00,,5.0,chunk_0032.json,POST /v1/generation/data/dpp-bulk,2026-05-31 21:45:38.695557+00:00,3195505,AKPINAR HES,9650,2026-05-31T14:00:00+03:00,14:00
40W000003195505E,AKPINAR HES,unknown,2026-05-31 15:00:00+03:00,,5.0,chunk_0032.json,POST /v1/generation/data/dpp-bulk,2026-05-31 21:45:38.695557+00:00,3195505,AKPINAR HES,9650,2026-05-31T15:00:00+03:00,15:00
40W000003195505E,AKPINAR HES,unknown,2026-05-31 16:00:00+03:00,,5.0,chunk_0032.json,POST /v1/generation/data/dpp-bulk,2026-05-31 21:45:38.695557+00:00,3195505,AKPINAR HES,9650,2026-05-31T16:00:00+03:00,16:00
40W000003195505E,AKPINAR HES,unknown,2026-05-31 17:00:00+03:00,,5.0,chunk_0032.json,POST /v1/generation/data/dpp-bulk,2026-05-31 21:45:38.695557+00:00,3195505,AKPINAR HES,9650,2026-05-31T17:00:00+03:00,17:00
40W000003195505E,AKPINAR HES,unknown,2026-05-31 18:00:00+03:00,,5.0,chunk_0032.json,POST /v1/generation/data/dpp-bulk,2026-05-31 21:45:38.695557+00:00,3195505,AKPINAR HES,9650,2026-05-31T18:00:00+03:00,18:00
40W000003195505E,AKPINAR HES,unknown,2026-05-31 19:00:00+03:00,,5.0,chunk_0032.json,POST /v1/generation/data/dpp-bulk,2026-05-31 21:45:38.695557+00:00,3195505,AKPINAR HES,9650,2026-05-31T19:00:00+03:00,19:00
40W000003195505E,AKPINAR HES,unknown,2026-05-31 20:00:00+03:00,,5.0,chunk_0032.json,POST /v1/generation/data/dpp-bulk,2026-05-31 21:45:38.695557+00:00,3195505,AKPINAR HES,9650,2026-05-31T20:00:00+03:00,20:00
40W000003195505E,AKPINAR HES,unknown,2026-05-31 21:00:00+03:00,,5.0,chunk_0032.json,POST /v1/generation/data/dpp-bulk,2026-05-31 21:45:38.695557+00:00,3195505,AKPINAR HES,9650,2026-05-31T21:00:00+03:00,21:00
40W000003195505E,AKPINAR HES,unknown,2026-05-31 22:00:00+03:00,,5.0,chunk_0032.json,POST /v1/generation/data/dpp-bulk,2026-05-31 21:45:38.695557+00:00,3195505,AKPINAR HES,9650,2026-05-31T22:00:00+03:00,22:00
40W000003195505E,AKPINAR HES,unknown,2026-05-31 23:00:00+03:00,,5.0,chunk_0032.json,POST /v1/generation/data/dpp-bulk,2026-05-31 21:45:38.695557+00:00,3195505,AKPINAR HES,9650,2026-05-31T23:00:00+03:00,23:00
40W000003195469T,KÜRTÜN HES,unknown,2026-05-31 00:00:00+03:00,,84.0,chunk_0032.json,POST /v1/generation/data/dpp-bulk,2026-05-31 21:45:38.695557+00:00,3195469,KÜRTÜN HES,9651,2026-05-31T00:00:00+03:00,00:00
40W000003195469T,KÜRTÜN HES,unknown,2026-05-31 01:00:00+03:00,,84.0,chunk_0032.json,POST /v1/generation/data/dpp-bulk,2026-05-31 21:45:38.695557+00:00,3195469,KÜRTÜN HES,9651,2026-05-31T01:00:00+03:00,01:00
40W000003195469T,KÜRTÜN HES,unknown,2026-05-31 02:00:00+03:00,,84.0,chunk_0032.json,POST /v1/generation/data/dpp-bulk,2026-05-31 21:45:38.695557+00:00,3195469,KÜRTÜN HES,9651,2026-05-31T02:00:00+03:00,02:00
40W000003195469T,KÜRTÜN HES,unknown,2026-05-31 03:00:00+03:00,,84.0,chunk_0032.json,POST /v1/generation/data/dpp-bulk,2026-05-31 21:45:38.695557+00:00,3195469,KÜRTÜN HES,9651,2026-05-31T03:00:00+03:00,03:00
40W000003195469T,KÜRTÜN HES,unknown,2026-05-31 04:00:00+03:00,,84.0,chunk_0032.json,POST /v1/generation/data/dpp-bulk,2026-05-31 21:45:38.695557+00:00,3195469,KÜRTÜN HES,9651,2026-05-31T04:00:00+03:00,04:00
40W000003195469T,KÜRTÜN HES,unknown,2026-05-31 05:00:00+03:00,,84.0,chunk_0032.json,POST /v1/generation/data/dpp-bulk,2026-05-31 21:45:38.695557+00:00,3195469,KÜRTÜN HES,9651,2026-05-31T05:00:00+03:00,05:00
40W000003195469T,KÜRTÜN HES,unknown,2026-05-31 06:00:00+03:00,,80.0,chunk_0032.json,POST /v1/generation/data/dpp-bulk,2026-05-31 21:45:38.695557+00:00,3195469,KÜRTÜN HES,9651,2026-05-31T06:00:00+03:00,06:00
40W000003195469T,KÜRTÜN HES,unknown,2026-05-31 07:00:00+03:00,,0.0,chunk_0032.json,POST /v1/generation/data/dpp-bulk,2026-05-31 21:45:38.695557+00:00,3195469,KÜRTÜN HES,9651,2026-05-31T07:00:00+03:00,07:00
40W000003195469T,KÜRTÜN HES,unknown,2026-05-31 08:00:00+03:00,,0.0,chunk_0032.json,POST /v1/generation/data/dpp-bulk,2026-05-31 21:45:38.695557+00:00,3195469,KÜRTÜN HES,9651,2026-05-31T08:00:00+03:00,08:00
40W000003195469T,KÜRTÜN HES,unknown,2026-05-31 09:00:00+03:00,,0.0,chunk_0032.json,POST /v1/generation/data/dpp-bulk,2026-05-31 21:45:38.695557+00:00,3195469,KÜRTÜN HES,9651,2026-05-31T09:00:00+03:00,09:00
40W000003195469T,KÜRTÜN HES,unknown,2026-05-31 10:00:00+03:00,,0.0,chunk_0032.json,POST /v1/generation/data/dpp-bulk,2026-05-31 21:45:38.695557+00:00,3195469,KÜRTÜN HES,9651,2026-05-31T10:00:00+03:00,10:00
40W000003195469T,KÜRTÜN HES,unknown,2026-05-31 11:00:00+03:00,,0.0,chunk_0032.json,POST /v1/generation/data/dpp-bulk,2026-05-31 21:45:38.695557+00:00,3195469,KÜRTÜN HES,9651,2026-05-31T11:00:00+03:00,11:00
40W000003195469T,KÜRTÜN HES,unknown,2026-05-31 12:00:00+03:00,,0.0,chunk_0032.json,POST /v1/generation/data/dpp-bulk,2026-05-31 21:45:38.695557+00:00,3195469,KÜRTÜN HES,9651,2026-05-31T12:00:00+03:00,12:00
40W000003195469T,KÜRTÜN HES,unknown,2026-05-31 13:00:00+03:00,,0.0,chunk_0032.json,POST /v1/generation/data/dpp-bulk,2026-05-31 21:45:38.695557+00:00,3195469,KÜRTÜN HES,9651,2026-05-31T13:00:00+03:00,13:00
40W000003195469T,KÜRTÜN HES,unknown,2026-05-31 14:00:00+03:00,,0.0,chunk_0032.json,POST /v1/generation/data/dpp-bulk,2026-05-31 21:45:38.695557+00:00,3195469,KÜRTÜN HES,9651,2026-05-31T14:00:00+03:00,14:00
40W000003195469T,KÜRTÜN HES,unknown,2026-05-31 15:00:00+03:00,,0.0,chunk_0032.json,POST /v1/generation/data/dpp-bulk,2026-05-31 21:45:38.695557+00:00,3195469,KÜRTÜN HES,9651,2026-05-31T15:00:00+03:00,15:00
40W000003195469T,KÜRTÜN HES,unknown,2026-05-31 16:00:00+03:00,,0.0,chunk_0032.json,POST /v1/generation/data/dpp-bulk,2026-05-31 21:45:38.695557+00:00,3195469,KÜRTÜN HES,9651,2026-05-31T16:00:00+03:00,16:00
40W000003195469T,KÜRTÜN HES,unknown,2026-05-31 17:00:00+03:00,,0.0,chunk_0032.json,POST /v1/generation/data/dpp-bulk,2026-05-31 21:45:38.695557+00:00,3195469,KÜRTÜN HES,9651,2026-05-31T17:00:00+03:00,17:00
40W000003195469T,KÜRTÜN HES,unknown,2026-05-31 18:00:00+03:00,,84.0,chunk_0032.json,POST /v1/generation/data/dpp-bulk,2026-05-31 21:45:38.695557+00:00,3195469,KÜRTÜN HES,9651,2026-05-31T18:00:00+03:00,18:00
40W000003195469T,KÜRTÜN HES,unknown,2026-05-31 19:00:00+03:00,,84.0,chunk_0032.json,POST /v1/generation/data/dpp-bulk,2026-05-31 21:45:38.695557+00:00,3195469,KÜRTÜN HES,9651,2026-05-31T19:00:00+03:00,19:00
40W000003195469T,KÜRTÜN HES,unknown,2026-05-31 20:00:00+03:00,,84.0,chunk_0032.json,POST /v1/generation/data/dpp-bulk,2026-05-31 21:45:38.695557+00:00,3195469,KÜRTÜN HES,9651,2026-05-31T20:00:00+03:00,20:00
40W000003195469T,KÜRTÜN HES,unknown,2026-05-31 21:00:00+03:00,,84.0,chunk_0032.json,POST /v1/generation/data/dpp-bulk,2026-05-31 21:45:38.695557+00:00,3195469,KÜRTÜN HES,9651,2026-05-31T21:00:00+03:00,21:00
40W000003195469T,KÜRTÜN HES,unknown,2026-05-31 22:00:00+03:00,,84.0,chunk_0032.json,POST /v1/generation/data/dpp-bulk,2026-05-31 21:45:38.695557+00:00,3195469,KÜRTÜN HES,9651,2026-05-31T22:00:00+03:00,22:00
40W000003195469T,KÜRTÜN HES,unknown,2026-05-31 23:00:00+03:00,,84.0,chunk_0032.json,POST /v1/generation/data/dpp-bulk,2026-05-31 21:45:38.695557+00:00,3195469,KÜRTÜN HES,9651,2026-05-31T23:00:00+03:00,23:00
40W000003195506C,DOĞANKENT HES,unknown,2026-05-31 00:00:00+03:00,,72.0,chunk_0032.json,POST /v1/generation/data/dpp-bulk,2026-05-31 21:45:38.695557+00:00,3195506,DOĞANKENT HES,9651,2026-05-31T00:00:00+03:00,00:00
40W000003195506C,DOĞANKENT HES,unknown,2026-05-31 01:00:00+03:00,,72.0,chunk_0032.json,POST /v1/generation/data/dpp-bulk,2026-05-31 21:45:38.695557+00:00,3195506,DOĞANKENT HES,9651,2026-05-31T01:00:00+03:00,01:00
40W000003195506C,DOĞANKENT HES,unknown,2026-05-31 02:00:00+03:00,,72.0,chunk_0032.json,POST /v1/generation/data/dpp-bulk,2026-05-31 21:45:38.695557+00:00,3195506,DOĞANKENT HES,9651,2026-05-31T02:00:00+03:00,02:00
40W000003195506C,DOĞANKENT HES,unknown,2026-05-31 03:00:00+03:00,,72.0,chunk_0032.json,POST /v1/generation/data/dpp-bulk,2026-05-31 21:45:38.695557+00:00,3195506,DOĞANKENT HES,9651,2026-05-31T03:00:00+03:00,03:00
40W000003195506C,DOĞANKENT HES,unknown,2026-05-31 04:00:00+03:00,,72.0,chunk_0032.json,POST /v1/generation/data/dpp-bulk,2026-05-31 21:45:38.695557+00:00,3195506,DOĞANKENT HES,9651,2026-05-31T04:00:00+03:00,04:00
40W000003195506C,DOĞANKENT HES,unknown,2026-05-31 05:00:00+03:00,,72.0,chunk_0032.json,POST /v1/generation/data/dpp-bulk,2026-05-31 21:45:38.695557+00:00,3195506,DOĞANKENT HES,9651,2026-05-31T05:00:00+03:00,05:00
40W000003195506C,DOĞANKENT HES,unknown,2026-05-31 06:00:00+03:00,,10.0,chunk_0032.json,POST /v1/generation/data/dpp-bulk,2026-05-31 21:45:38.695557+00:00,3195506,DOĞANKENT HES,9651,2026-05-31T06:00:00+03:00,06:00
40W000003195506C,DOĞANKENT HES,unknown,2026-05-31 07:00:00+03:00,,0.0,chunk_0032.json,POST /v1/generation/data/dpp-bulk,2026-05-31 21:45:38.695557+00:00,3195506,DOĞANKENT HES,9651,2026-05-31T07:00:00+03:00,07:00
40W000003195506C,DOĞANKENT HES,unknown,2026-05-31 08:00:00+03:00,,0.0,chunk_0032.json,POST /v1/generation/data/dpp-bulk,2026-05-31 21:45:38.695557+00:00,3195506,DOĞANKENT HES,9651,2026-05-31T08:00:00+03:00,08:00
40W000003195506C,DOĞANKENT HES,unknown,2026-05-31 09:00:00+03:00,,0.0,chunk_0032.json,POST /v1/generation/data/dpp-bulk,2026-05-31 21:45:38.695557+00:00,3195506,DOĞANKENT HES,9651,2026-05-31T09:00:00+03:00,09:00
40W000003195506C,DOĞANKENT HES,unknown,2026-05-31 10:00:00+03:00,,0.0,chunk_0032.json,POST /v1/generation/data/dpp-bulk,2026-05-31 21:45:38.695557+00:00,3195506,DOĞANKENT HES,9651,2026-05-31T10:00:00+03:00,10:00
40W000003195506C,DOĞANKENT HES,unknown,2026-05-31 11:00:00+03:00,,0.0,chunk_0032.json,POST /v1/generation/data/dpp-bulk,2026-05-31 21:45:38.695557+00:00,3195506,DOĞANKENT HES,9651,2026-05-31T11:00:00+03:00,11:00
40W000003195506C,DOĞANKENT HES,unknown,2026-05-31 12:00:00+03:00,,0.0,chunk_0032.json,POST /v1/generation/data/dpp-bulk,2026-05-31 21:45:38.695557+00:00,3195506,DOĞANKENT HES,9651,2026-05-31T12:00:00+03:00,12:00
40W000003195506C,DOĞANKENT HES,unknown,2026-05-31 13:00:00+03:00,,0.0,chunk_0032.json,POST /v1/generation/data/dpp-bulk,2026-05-31 21:45:38.695557+00:00,3195506,DOĞANKENT HES,9651,2026-05-31T13:00:00+03:00,13:00
40W000003195506C,DOĞANKENT HES,unknown,2026-05-31 14:00:00+03:00,,0.0,chunk_0032.json,POST /v1/generation/data/dpp-bulk,2026-05-31 21:45:38.695557+00:00,3195506,DOĞANKENT HES,9651,2026-05-31T14:00:00+03:00,14:00
40W000003195506C,DOĞANKENT HES,unknown,2026-05-31 15:00:00+03:00,,0.0,chunk_0032.json,POST /v1/generation/data/dpp-bulk,2026-05-31 21:45:38.695557+00:00,3195506,DOĞANKENT HES,9651,2026-05-31T15:00:00+03:00,15:00
40W000003195506C,DOĞANKENT HES,unknown,2026-05-31 16:00:00+03:00,,0.0,chunk_0032.json,POST /v1/generation/data/dpp-bulk,2026-05-31 21:45:38.695557+00:00,3195506,DOĞANKENT HES,9651,2026-05-31T16:00:00+03:00,16:00
40W000003195506C,DOĞANKENT HES,unknown,2026-05-31 17:00:00+03:00,,0.0,chunk_0032.json,POST /v1/generation/data/dpp-bulk,2026-05-31 21:45:38.695557+00:00,3195506,DOĞANKENT HES,9651,2026-05-31T17:00:00+03:00,17:00
40W000003195506C,DOĞANKENT HES,unknown,2026-05-31 18:00:00+03:00,,72.0,chunk_0032.json,POST /v1/generation/data/dpp-bulk,2026-05-31 21:45:38.695557+00:00,3195506,DOĞANKENT HES,9651,2026-05-31T18:00:00+03:00,18:00
40W000003195506C,DOĞANKENT HES,unknown,2026-05-31 19:00:00+03:00,,72.0,chunk_0032.json,POST /v1/generation/data/dpp-bulk,2026-05-31 21:45:38.695557+00:00,3195506,DOĞANKENT HES,9651,2026-05-31T19:00:00+03:00,19:00
40W000003195506C,DOĞANKENT HES,unknown,2026-05-31 20:00:00+03:00,,72.0,chunk_0032.json,POST /v1/generation/data/dpp-bulk,2026-05-31 21:45:38.695557+00:00,3195506,DOĞANKENT HES,9651,2026-05-31T20:00:00+03:00,20:00
40W000003195506C,DOĞANKENT HES,unknown,2026-05-31 21:00:00+03:00,,72.0,chunk_0032.json,POST /v1/generation/data/dpp-bulk,2026-05-31 21:45:38.695557+00:00,3195506,DOĞANKENT HES,9651,2026-05-31T21:00:00+03:00,21:00
40W000003195506C,DOĞANKENT HES,unknown,2026-05-31 22:00:00+03:00,,72.0,chunk_0032.json,POST /v1/generation/data/dpp-bulk,2026-05-31 21:45:38.695557+00:00,3195506,DOĞANKENT HES,9651,2026-05-31T22:00:00+03:00,22:00
40W000003195506C,DOĞANKENT HES,unknown,2026-05-31 23:00:00+03:00,,72.0,chunk_0032.json,POST /v1/generation/data/dpp-bulk,2026-05-31 21:45:38.695557+00:00,3195506,DOĞANKENT HES,9651,2026-05-31T23:00:00+03:00,23:00
40W000003195507A,TORUL HES DB,unknown,2026-05-31 00:00:00+03:00,,94.0,chunk_0032.json,POST /v1/generation/data/dpp-bulk,2026-05-31 21:45:38.695557+00:00,3195507,TORUL HES DB,9651,2026-05-31T00:00:00+03:00,00:00
40W000003195507A,TORUL HES DB,unknown,2026-05-31 01:00:00+03:00,,94.0,chunk_0032.json,POST /v1/generation/data/dpp-bulk,2026-05-31 21:45:38.695557+00:00,3195507,TORUL HES DB,9651,2026-05-31T01:00:00+03:00,01:00
40W000003195507A,TORUL HES DB,unknown,2026-05-31 02:00:00+03:00,,94.0,chunk_0032.json,POST /v1/generation/data/dpp-bulk,2026-05-31 21:45:38.695557+00:00,3195507,TORUL HES DB,9651,2026-05-31T02:00:00+03:00,02:00
40W000003195507A,TORUL HES DB,unknown,2026-05-31 03:00:00+03:00,,94.0,chunk_0032.json,POST /v1/generation/data/dpp-bulk,2026-05-31 21:45:38.695557+00:00,3195507,TORUL HES DB,9651,2026-05-31T03:00:00+03:00,03:00
40W000003195507A,TORUL HES DB,unknown,2026-05-31 04:00:00+03:00,,94.0,chunk_0032.json,POST /v1/generation/data/dpp-bulk,2026-05-31 21:45:38.695557+00:00,3195507,TORUL HES DB,9651,2026-05-31T04:00:00+03:00,04:00
40W000003195507A,TORUL HES DB,unknown,2026-05-31 05:00:00+03:00,,94.0,chunk_0032.json,POST /v1/generation/data/dpp-bulk,2026-05-31 21:45:38.695557+00:00,3195507,TORUL HES DB,9651,2026-05-31T05:00:00+03:00,05:00
40W000003195507A,TORUL HES DB,unknown,2026-05-31 06:00:00+03:00,,93.0,chunk_0032.json,POST /v1/generation/data/dpp-bulk,2026-05-31 21:45:38.695557+00:00,3195507,TORUL HES DB,9651,2026-05-31T06:00:00+03:00,06:00
40W000003195507A,TORUL HES DB,unknown,2026-05-31 07:00:00+03:00,,0.0,chunk_0032.json,POST /v1/generation/data/dpp-bulk,2026-05-31 21:45:38.695557+00:00,3195507,TORUL HES DB,9651,2026-05-31T07:00:00+03:00,07:00
40W000003195507A,TORUL HES DB,unknown,2026-05-31 08:00:00+03:00,,0.0,chunk_0032.json,POST /v1/generation/data/dpp-bulk,2026-05-31 21:45:38.695557+00:00,3195507,TORUL HES DB,9651,2026-05-31T08:00:00+03:00,08:00
40W000003195507A,TORUL HES DB,unknown,2026-05-31 09:00:00+03:00,,0.0,chunk_0032.json,POST /v1/generation/data/dpp-bulk,2026-05-31 21:45:38.695557+00:00,3195507,TORUL HES DB,9651,2026-05-31T09:00:00+03:00,09:00
40W000003195507A,TORUL HES DB,unknown,2026-05-31 10:00:00+03:00,,0.0,chunk_0032.json,POST /v1/generation/data/dpp-bulk,2026-05-31 21:45:38.695557+00:00,3195507,TORUL HES DB,9651,2026-05-31T10:00:00+03:00,10:00
40W000003195507A,TORUL HES DB,unknown,2026-05-31 11:00:00+03:00,,0.0,chunk_0032.json,POST /v1/generation/data/dpp-bulk,2026-05-31 21:45:38.695557+00:00,3195507,TORUL HES DB,9651,2026-05-31T11:00:00+03:00,11:00
40W000003195507A,TORUL HES DB,unknown,2026-05-31 12:00:00+03:00,,0.0,chunk_0032.json,POST /v1/generation/data/dpp-bulk,2026-05-31 21:45:38.695557+00:00,3195507,TORUL HES DB,9651,2026-05-31T12:00:00+03:00,12:00
40W000003195507A,TORUL HES DB,unknown,2026-05-31 13:00:00+03:00,,0.0,chunk_0032.json,POST /v1/generation/data/dpp-bulk,2026-05-31 21:45:38.695557+00:00,3195507,TORUL HES DB,9651,2026-05-31T13:00:00+03:00,13:00
40W000003195507A,TORUL HES DB,unknown,2026-05-31 14:00:00+03:00,,0.0,chunk_0032.json,POST /v1/generation/data/dpp-bulk,2026-05-31 21:45:38.695557+00:00,3195507,TORUL HES DB,9651,2026-05-31T14:00:00+03:00,14:00
40W000003195507A,TORUL HES DB,unknown,2026-05-31 15:00:00+03:00,,0.0,chunk_0032.json,POST /v1/generation/data/dpp-bulk,2026-05-31 21:45:38.695557+00:00,3195507,TORUL HES DB,9651,2026-05-31T15:00:00+03:00,15:00
40W000003195507A,TORUL HES DB,unknown,2026-05-31 16:00:00+03:00,,0.0,chunk_0032.json,POST /v1/generation/data/dpp-bulk,2026-05-31 21:45:38.695557+00:00,3195507,TORUL HES DB,9651,2026-05-31T16:00:00+03:00,16:00
40W000003195507A,TORUL HES DB,unknown,2026-05-31 17:00:00+03:00,,0.0,chunk_0032.json,POST /v1/generation/data/dpp-bulk,2026-05-31 21:45:38.695557+00:00,3195507,TORUL HES DB,9651,2026-05-31T17:00:00+03:00,17:00
40W000003195507A,TORUL HES DB,unknown,2026-05-31 18:00:00+03:00,,94.0,chunk_0032.json,POST /v1/generation/data/dpp-bulk,2026-05-31 21:45:38.695557+00:00,3195507,TORUL HES DB,9651,2026-05-31T18:00:00+03:00,18:00
40W000003195507A,TORUL HES DB,unknown,2026-05-31 19:00:00+03:00,,94.0,chunk_0032.json,POST /v1/generation/data/dpp-bulk,2026-05-31 21:45:38.695557+00:00,3195507,TORUL HES DB,9651,2026-05-31T19:00:00+03:00,19:00
40W000003195507A,TORUL HES DB,unknown,2026-05-31 20:00:00+03:00,,94.0,chunk_0032.json,POST /v1/generation/data/dpp-bulk,2026-05-31 21:45:38.695557+00:00,3195507,TORUL HES DB,9651,2026-05-31T20:00:00+03:00,20:00
40W000003195507A,TORUL HES DB,unknown,2026-05-31 21:00:00+03:00,,94.0,chunk_0032.json,POST /v1/generation/data/dpp-bulk,2026-05-31 21:45:38.695557+00:00,3195507,TORUL HES DB,9651,2026-05-31T21:00:00+03:00,21:00
40W000003195507A,TORUL HES DB,unknown,2026-05-31 22:00:00+03:00,,94.0,chunk_0032.json,POST /v1/generation/data/dpp-bulk,2026-05-31 21:45:38.695557+00:00,3195507,TORUL HES DB,9651,2026-05-31T22:00:00+03:00,22:00
40W000003195507A,TORUL HES DB,unknown,2026-05-31 23:00:00+03:00,,94.0,chunk_0032.json,POST /v1/generation/data/dpp-bulk,2026-05-31 21:45:38.695557+00:00,3195507,TORUL HES DB,9651,2026-05-31T23:00:00+03:00,23:00
40W000003195665T,POYRAZ RES(NM ENR.),unknown,2026-05-31 00:00:00+03:00,,0.76,chunk_0032.json,POST /v1/generation/data/dpp-bulk,2026-05-31 21:45:38.695557+00:00,3195665,POYRAZ RES(NM ENR.),9750,2026-05-31T00:00:00+03:00,00:00
40W000003195665T,POYRAZ RES(NM ENR.),unknown,2026-05-31 01:00:00+03:00,,0.0,chunk_0032.json,POST /v1/generation/data/dpp-bulk,2026-05-31 21:45:38.695557+00:00,3195665,POYRAZ RES(NM ENR.),9750,2026-05-31T01:00:00+03:00,01:00
40W000003195665T,POYRAZ RES(NM ENR.),unknown,2026-05-31 02:00:00+03:00,,0.0,chunk_0032.json,POST /v1/generation/data/dpp-bulk,2026-05-31 21:45:38.695557+00:00,3195665,POYRAZ RES(NM ENR.),9750,2026-05-31T02:00:00+03:00,02:00
40W000003195665T,POYRAZ RES(NM ENR.),unknown,2026-05-31 03:00:00+03:00,,0.0,chunk_0032.json,POST /v1/generation/data/dpp-bulk,2026-05-31 21:45:38.695557+00:00,3195665,POYRAZ RES(NM ENR.),9750,2026-05-31T03:00:00+03:00,03:00
40W000003195665T,POYRAZ RES(NM ENR.),unknown,2026-05-31 04:00:00+03:00,,0.0,chunk_0032.json,POST /v1/generation/data/dpp-bulk,2026-05-31 21:45:38.695557+00:00,3195665,POYRAZ RES(NM ENR.),9750,2026-05-31T04:00:00+03:00,04:00
40W000003195665T,POYRAZ RES(NM ENR.),unknown,2026-05-31 05:00:00+03:00,,0.0,chunk_0032.json,POST /v1/generation/data/dpp-bulk,2026-05-31 21:45:38.695557+00:00,3195665,POYRAZ RES(NM ENR.),9750,2026-05-31T05:00:00+03:00,05:00
40W000003195665T,POYRAZ RES(NM ENR.),unknown,2026-05-31 06:00:00+03:00,,0.5,chunk_0032.json,POST /v1/generation/data/dpp-bulk,2026-05-31 21:45:38.695557+00:00,3195665,POYRAZ RES(NM ENR.),9750,2026-05-31T06:00:00+03:00,06:00
40W000003195665T,POYRAZ RES(NM ENR.),unknown,2026-05-31 07:00:00+03:00,,0.8,chunk_0032.json,POST /v1/generation/data/dpp-bulk,2026-05-31 21:45:38.695557+00:00,3195665,POYRAZ RES(NM ENR.),9750,2026-05-31T07:00:00+03:00,07:00
40W000003195665T,POYRAZ RES(NM ENR.),unknown,2026-05-31 08:00:00+03:00,,0.6,chunk_0032.json,POST /v1/generation/data/dpp-bulk,2026-05-31 21:45:38.695557+00:00,3195665,POYRAZ RES(NM ENR.),9750,2026-05-31T08:00:00+03:00,08:00
40W000003195665T,POYRAZ RES(NM ENR.),unknown,2026-05-31 09:00:00+03:00,,0.5,chunk_0032.json,POST /v1/generation/data/dpp-bulk,2026-05-31 21:45:38.695557+00:00,3195665,POYRAZ RES(NM ENR.),9750,2026-05-31T09:00:00+03:00,09:00
40W000003195665T,POYRAZ RES(NM ENR.),unknown,2026-05-31 10:00:00+03:00,,0.3,chunk_0032.json,POST /v1/generation/data/dpp-bulk,2026-05-31 21:45:38.695557+00:00,3195665,POYRAZ RES(NM ENR.),9750,2026-05-31T10:00:00+03:00,10:00
40W000003195665T,POYRAZ RES(NM ENR.),unknown,2026-05-31 11:00:00+03:00,,0.0,chunk_0032.json,POST /v1/generation/data/dpp-bulk,2026-05-31 21:45:38.695557+00:00,3195665,POYRAZ RES(NM ENR.),9750,2026-05-31T11:00:00+03:00,11:00
40W000003195665T,POYRAZ RES(NM ENR.),unknown,2026-05-31 12:00:00+03:00,,0.0,chunk_0032.json,POST /v1/generation/data/dpp-bulk,2026-05-31 21:45:38.695557+00:00,3195665,POYRAZ RES(NM ENR.),9750,2026-05-31T12:00:00+03:00,12:00
40W000003195665T,POYRAZ RES(NM ENR.),unknown,2026-05-31 13:00:00+03:00,,0.0,chunk_0032.json,POST /v1/generation/data/dpp-bulk,2026-05-31 21:45:38.695557+00:00,3195665,POYRAZ RES(NM ENR.),9750,2026-05-31T13:00:00+03:00,13:00
40W000003195665T,POYRAZ RES(NM ENR.),unknown,2026-05-31 14:00:00+03:00,,0.0,chunk_0032.json,POST /v1/generation/data/dpp-bulk,2026-05-31 21:45:38.695557+00:00,3195665,POYRAZ RES(NM ENR.),9750,2026-05-31T14:00:00+03:00,14:00
40W000003195665T,POYRAZ RES(NM ENR.),unknown,2026-05-31 15:00:00+03:00,,0.0,chunk_0032.json,POST /v1/generation/data/dpp-bulk,2026-05-31 21:45:38.695557+00:00,3195665,POYRAZ RES(NM ENR.),9750,2026-05-31T15:00:00+03:00,15:00
40W000003195665T,POYRAZ RES(NM ENR.),unknown,2026-05-31 16:00:00+03:00,,0.0,chunk_0032.json,POST /v1/generation/data/dpp-bulk,2026-05-31 21:45:38.695557+00:00,3195665,POYRAZ RES(NM ENR.),9750,2026-05-31T16:00:00+03:00,16:00
40W000003195665T,POYRAZ RES(NM ENR.),unknown,2026-05-31 17:00:00+03:00,,0.49,chunk_0032.json,POST /v1/generation/data/dpp-bulk,2026-05-31 21:45:38.695557+00:00,3195665,POYRAZ RES(NM ENR.),9750,2026-05-31T17:00:00+03:00,17:00
40W000003195665T,POYRAZ RES(NM ENR.),unknown,2026-05-31 18:00:00+03:00,,0.39,chunk_0032.json,POST /v1/generation/data/dpp-bulk,2026-05-31 21:45:38.695557+00:00,3195665,POYRAZ RES(NM ENR.),9750,2026-05-31T18:00:00+03:00,18:00
40W000003195665T,POYRAZ RES(NM ENR.),unknown,2026-05-31 19:00:00+03:00,,0.0,chunk_0032.json,POST /v1/generation/data/dpp-bulk,2026-05-31 21:45:38.695557+00:00,3195665,POYRAZ RES(NM ENR.),9750,2026-05-31T19:00:00+03:00,19:00
40W000003195665T,POYRAZ RES(NM ENR.),unknown,2026-05-31 20:00:00+03:00,,0.6,chunk_0032.json,POST /v1/generation/data/dpp-bulk,2026-05-31 21:45:38.695557+00:00,3195665,POYRAZ RES(NM ENR.),9750,2026-05-31T20:00:00+03:00,20:00
40W000003195665T,POYRAZ RES(NM ENR.),unknown,2026-05-31 21:00:00+03:00,,1.31,chunk_0032.json,POST /v1/generation/data/dpp-bulk,2026-05-31 21:45:38.695557+00:00,3195665,POYRAZ RES(NM ENR.),9750,2026-05-31T21:00:00+03:00,21:00
40W000003195665T,POYRAZ RES(NM ENR.),unknown,2026-05-31 22:00:00+03:00,,2.3,chunk_0032.json,POST /v1/generation/data/dpp-bulk,2026-05-31 21:45:38.695557+00:00,3195665,POYRAZ RES(NM ENR.),9750,2026-05-31T22:00:00+03:00,22:00
40W000003195665T,POYRAZ RES(NM ENR.),unknown,2026-05-31 23:00:00+03:00,,0.0,chunk_0032.json,POST /v1/generation/data/dpp-bulk,2026-05-31 21:45:38.695557+00:00,3195665,POYRAZ RES(NM ENR.),9750,2026-05-31T23:00:00+03:00,23:00
40W000003195970O,KARACAÖREN 1 HİDRO E.S.,unknown,2026-05-31 00:00:00+03:00,,0.0,chunk_0032.json,POST /v1/generation/data/dpp-bulk,2026-05-31 21:45:38.695557+00:00,3195970,KARACAÖREN 1 HİDRO E.S.,9769,2026-05-31T00:00:00+03:00,00:00
40W000003195970O,KARACAÖREN 1 HİDRO E.S.,unknown,2026-05-31 01:00:00+03:00,,0.0,chunk_0032.json,POST /v1/generation/data/dpp-bulk,2026-05-31 21:45:38.695557+00:00,3195970,KARACAÖREN 1 HİDRO E.S.,9769,2026-05-31T01:00:00+03:00,01:00
40W000003195970O,KARACAÖREN 1 HİDRO E.S.,unknown,2026-05-31 02:00:00+03:00,,0.0,chunk_0032.json,POST /v1/generation/data/dpp-bulk,2026-05-31 21:45:38.695557+00:00,3195970,KARACAÖREN 1 HİDRO E.S.,9769,2026-05-31T02:00:00+03:00,02:00
40W000003195970O,KARACAÖREN 1 HİDRO E.S.,unknown,2026-05-31 03:00:00+03:00,,0.0,chunk_0032.json,POST /v1/generation/data/dpp-bulk,2026-05-31 21:45:38.695557+00:00,3195970,KARACAÖREN 1 HİDRO E.S.,9769,2026-05-31T03:00:00+03:00,03:00
40W000003195970O,KARACAÖREN 1 HİDRO E.S.,unknown,2026-05-31 04:00:00+03:00,,0.0,chunk_0032.json,POST /v1/generation/data/dpp-bulk,2026-05-31 21:45:38.695557+00:00,3195970,KARACAÖREN 1 HİDRO E.S.,9769,2026-05-31T04:00:00+03:00,04:00
40W000003195970O,KARACAÖREN 1 HİDRO E.S.,unknown,2026-05-31 05:00:00+03:00,,0.0,chunk_0032.json,POST /v1/generation/data/dpp-bulk,2026-05-31 21:45:38.695557+00:00,3195970,KARACAÖREN 1 HİDRO E.S.,9769,2026-05-31T05:00:00+03:00,05:00
40W000003195970O,KARACAÖREN 1 HİDRO E.S.,unknown,2026-05-31 06:00:00+03:00,,0.0,chunk_0032.json,POST /v1/generation/data/dpp-bulk,2026-05-31 21:45:38.695557+00:00,3195970,KARACAÖREN 1 HİDRO E.S.,9769,2026-05-31T06:00:00+03:00,06:00
40W000003195970O,KARACAÖREN 1 HİDRO E.S.,unknown,2026-05-31 07:00:00+03:00,,0.0,chunk_0032.json,POST /v1/generation/data/dpp-bulk,2026-05-31 21:45:38.695557+00:00,3195970,KARACAÖREN 1 HİDRO E.S.,9769,2026-05-31T07:00:00+03:00,07:00
40W000003195970O,KARACAÖREN 1 HİDRO E.S.,unknown,2026-05-31 08:00:00+03:00,,0.0,chunk_0032.json,POST /v1/generation/data/dpp-bulk,2026-05-31 21:45:38.695557+00:00,3195970,KARACAÖREN 1 HİDRO E.S.,9769,2026-05-31T08:00:00+03:00,08:00
40W000003195970O,KARACAÖREN 1 HİDRO E.S.,unknown,2026-05-31 09:00:00+03:00,,0.0,chunk_0032.json,POST /v1/generation/data/dpp-bulk,2026-05-31 21:45:38.695557+00:00,3195970,KARACAÖREN 1 HİDRO E.S.,9769,2026-05-31T09:00:00+03:00,09:00
40W000003195970O,KARACAÖREN 1 HİDRO E.S.,unknown,2026-05-31 10:00:00+03:00,,0.0,chunk_0032.json,POST /v1/generation/data/dpp-bulk,2026-05-31 21:45:38.695557+00:00,3195970,KARACAÖREN 1 HİDRO E.S.,9769,2026-05-31T10:00:00+03:00,10:00
40W000003195970O,KARACAÖREN 1 HİDRO E.S.,unknown,2026-05-31 11:00:00+03:00,,0.0,chunk_0032.json,POST /v1/generation/data/dpp-bulk,2026-05-31 21:45:38.695557+00:00,3195970,KARACAÖREN 1 HİDRO E.S.,9769,2026-05-31T11:00:00+03:00,11:00
40W000003195970O,KARACAÖREN 1 HİDRO E.S.,unknown,2026-05-31 12:00:00+03:00,,0.0,chunk_0032.json,POST /v1/generation/data/dpp-bulk,2026-05-31 21:45:38.695557+00:00,3195970,KARACAÖREN 1 HİDRO E.S.,9769,2026-05-31T12:00:00+03:00,12:00
40W000003195970O,KARACAÖREN 1 HİDRO E.S.,unknown,2026-05-31 13:00:00+03:00,,0.0,chunk_0032.json,POST /v1/generation/data/dpp-bulk,2026-05-31 21:45:38.695557+00:00,3195970,KARACAÖREN 1 HİDRO E.S.,9769,2026-05-31T13:00:00+03:00,13:00
40W000003195970O,KARACAÖREN 1 HİDRO E.S.,unknown,2026-05-31 14:00:00+03:00,,0.0,chunk_0032.json,POST /v1/generation/data/dpp-bulk,2026-05-31 21:45:38.695557+00:00,3195970,KARACAÖREN 1 HİDRO E.S.,9769,2026-05-31T14:00:00+03:00,14:00
40W000003195970O,KARACAÖREN 1 HİDRO E.S.,unknown,2026-05-31 15:00:00+03:00,,0.0,chunk_0032.json,POST /v1/generation/data/dpp-bulk,2026-05-31 21:45:38.695557+00:00,3195970,KARACAÖREN 1 HİDRO E.S.,9769,2026-05-31T15:00:00+03:00,15:00
40W000003195970O,KARACAÖREN 1 HİDRO E.S.,unknown,2026-05-31 16:00:00+03:00,,0.0,chunk_0032.json,POST /v1/generation/data/dpp-bulk,2026-05-31 21:45:38.695557+00:00,3195970,KARACAÖREN 1 HİDRO E.S.,9769,2026-05-31T16:00:00+03:00,16:00
40W000003195970O,KARACAÖREN 1 HİDRO E.S.,unknown,2026-05-31 17:00:00+03:00,,0.0,chunk_0032.json,POST /v1/generation/data/dpp-bulk,2026-05-31 21:45:38.695557+00:00,3195970,KARACAÖREN 1 HİDRO E.S.,9769,2026-05-31T17:00:00+03:00,17:00
40W000003195970O,KARACAÖREN 1 HİDRO E.S.,unknown,2026-05-31 18:00:00+03:00,,0.0,chunk_0032.json,POST /v1/generation/data/dpp-bulk,2026-05-31 21:45:38.695557+00:00,3195970,KARACAÖREN 1 HİDRO E.S.,9769,2026-05-31T18:00:00+03:00,18:00
40W000003195970O,KARACAÖREN 1 HİDRO E.S.,unknown,2026-05-31 19:00:00+03:00,,0.0,chunk_0032.json,POST /v1/generation/data/dpp-bulk,2026-05-31 21:45:38.695557+00:00,3195970,KARACAÖREN 1 HİDRO E.S.,9769,2026-05-31T19:00:00+03:00,19:00
40W000003195970O,KARACAÖREN 1 HİDRO E.S.,unknown,2026-05-31 20:00:00+03:00,,0.0,chunk_0032.json,POST /v1/generation/data/dpp-bulk,2026-05-31 21:45:38.695557+00:00,3195970,KARACAÖREN 1 HİDRO E.S.,9769,2026-05-31T20:00:00+03:00,20:00
40W000003195970O,KARACAÖREN 1 HİDRO E.S.,unknown,2026-05-31 21:00:00+03:00,,0.0,chunk_0032.json,POST /v1/generation/data/dpp-bulk,2026-05-31 21:45:38.695557+00:00,3195970,KARACAÖREN 1 HİDRO E.S.,9769,2026-05-31T21:00:00+03:00,21:00
40W000003195970O,KARACAÖREN 1 HİDRO E.S.,unknown,2026-05-31 22:00:00+03:00,,0.0,chunk_0032.json,POST /v1/generation/data/dpp-bulk,2026-05-31 21:45:38.695557+00:00,3195970,KARACAÖREN 1 HİDRO E.S.,9769,2026-05-31T22:00:00+03:00,22:00
40W000003195970O,KARACAÖREN 1 HİDRO E.S.,unknown,2026-05-31 23:00:00+03:00,,0.0,chunk_0032.json,POST /v1/generation/data/dpp-bulk,2026-05-31 21:45:38.695557+00:00,3195970,KARACAÖREN 1 HİDRO E.S.,9769,2026-05-31T23:00:00+03:00,23:00
40W0000031957072,ÇATALTEPE RES(SÜPER ELK.),unknown,2026-05-31 00:00:00+03:00,,1.09,chunk_0032.json,POST /v1/generation/data/dpp-bulk,2026-05-31 21:45:38.695557+00:00,3195707,ÇATALTEPE RES(SÜPER ELK.),103201,2026-05-31T00:00:00+03:00,00:00
40W0000031957072,ÇATALTEPE RES(SÜPER ELK.),unknown,2026-05-31 01:00:00+03:00,,1.04,chunk_0032.json,POST /v1/generation/data/dpp-bulk,2026-05-31 21:45:38.695557+00:00,3195707,ÇATALTEPE RES(SÜPER ELK.),103201,2026-05-31T01:00:00+03:00,01:00
40W0000031957072,ÇATALTEPE RES(SÜPER ELK.),unknown,2026-05-31 02:00:00+03:00,,0.8,chunk_0032.json,POST /v1/generation/data/dpp-bulk,2026-05-31 21:45:38.695557+00:00,3195707,ÇATALTEPE RES(SÜPER ELK.),103201,2026-05-31T02:00:00+03:00,02:00
40W0000031957072,ÇATALTEPE RES(SÜPER ELK.),unknown,2026-05-31 03:00:00+03:00,,0.74,chunk_0032.json,POST /v1/generation/data/dpp-bulk,2026-05-31 21:45:38.695557+00:00,3195707,ÇATALTEPE RES(SÜPER ELK.),103201,2026-05-31T03:00:00+03:00,03:00
40W0000031957072,ÇATALTEPE RES(SÜPER ELK.),unknown,2026-05-31 04:00:00+03:00,,0.91,chunk_0032.json,POST /v1/generation/data/dpp-bulk,2026-05-31 21:45:38.695557+00:00,3195707,ÇATALTEPE RES(SÜPER ELK.),103201,2026-05-31T04:00:00+03:00,04:00
40W0000031957072,ÇATALTEPE RES(SÜPER ELK.),unknown,2026-05-31 05:00:00+03:00,,1.31,chunk_0032.json,POST /v1/generation/data/dpp-bulk,2026-05-31 21:45:38.695557+00:00,3195707,ÇATALTEPE RES(SÜPER ELK.),103201,2026-05-31T05:00:00+03:00,05:00
40W0000031957072,ÇATALTEPE RES(SÜPER ELK.),unknown,2026-05-31 06:00:00+03:00,,1.14,chunk_0032.json,POST /v1/generation/data/dpp-bulk,2026-05-31 21:45:38.695557+00:00,3195707,ÇATALTEPE RES(SÜPER ELK.),103201,2026-05-31T06:00:00+03:00,06:00
40W0000031957072,ÇATALTEPE RES(SÜPER ELK.),unknown,2026-05-31 07:00:00+03:00,,1.19,chunk_0032.json,POST /v1/generation/data/dpp-bulk,2026-05-31 21:45:38.695557+00:00,3195707,ÇATALTEPE RES(SÜPER ELK.),103201,2026-05-31T07:00:00+03:00,07:00
40W0000031957072,ÇATALTEPE RES(SÜPER ELK.),unknown,2026-05-31 08:00:00+03:00,,1.24,chunk_0032.json,POST /v1/generation/data/dpp-bulk,2026-05-31 21:45:38.695557+00:00,3195707,ÇATALTEPE RES(SÜPER ELK.),103201,2026-05-31T08:00:00+03:00,08:00
40W0000031957072,ÇATALTEPE RES(SÜPER ELK.),unknown,2026-05-31 09:00:00+03:00,,1.39,chunk_0032.json,POST /v1/generation/data/dpp-bulk,2026-05-31 21:45:38.695557+00:00,3195707,ÇATALTEPE RES(SÜPER ELK.),103201,2026-05-31T09:00:00+03:00,09:00
40W0000031957072,ÇATALTEPE RES(SÜPER ELK.),unknown,2026-05-31 10:00:00+03:00,,1.47,chunk_0032.json,POST /v1/generation/data/dpp-bulk,2026-05-31 21:45:38.695557+00:00,3195707,ÇATALTEPE RES(SÜPER ELK.),103201,2026-05-31T10:00:00+03:00,10:00
40W0000031957072,ÇATALTEPE RES(SÜPER ELK.),unknown,2026-05-31 11:00:00+03:00,,1.77,chunk_0032.json,POST /v1/generation/data/dpp-bulk,2026-05-31 21:45:38.695557+00:00,3195707,ÇATALTEPE RES(SÜPER ELK.),103201,2026-05-31T11:00:00+03:00,11:00
40W0000031957072,ÇATALTEPE RES(SÜPER ELK.),unknown,2026-05-31 12:00:00+03:00,,2.64,chunk_0032.json,POST /v1/generation/data/dpp-bulk,2026-05-31 21:45:38.695557+00:00,3195707,ÇATALTEPE RES(SÜPER ELK.),103201,2026-05-31T12:00:00+03:00,12:00
40W0000031957072,ÇATALTEPE RES(SÜPER ELK.),unknown,2026-05-31 13:00:00+03:00,,3.41,chunk_0032.json,POST /v1/generation/data/dpp-bulk,2026-05-31 21:45:38.695557+00:00,3195707,ÇATALTEPE RES(SÜPER ELK.),103201,2026-05-31T13:00:00+03:00,13:00
40W0000031957072,ÇATALTEPE RES(SÜPER ELK.),unknown,2026-05-31 14:00:00+03:00,,3.86,chunk_0032.json,POST /v1/generation/data/dpp-bulk,2026-05-31 21:45:38.695557+00:00,3195707,ÇATALTEPE RES(SÜPER ELK.),103201,2026-05-31T14:00:00+03:00,14:00
40W0000031957072,ÇATALTEPE RES(SÜPER ELK.),unknown,2026-05-31 15:00:00+03:00,,3.97,chunk_0032.json,POST /v1/generation/data/dpp-bulk,2026-05-31 21:45:38.695557+00:00,3195707,ÇATALTEPE RES(SÜPER ELK.),103201,2026-05-31T15:00:00+03:00,15:00
40W0000031957072,ÇATALTEPE RES(SÜPER ELK.),unknown,2026-05-31 16:00:00+03:00,,3.52,chunk_0032.json,POST /v1/generation/data/dpp-bulk,2026-05-31 21:45:38.695557+00:00,3195707,ÇATALTEPE RES(SÜPER ELK.),103201,2026-05-31T16:00:00+03:00,16:00
40W0000031957072,ÇATALTEPE RES(SÜPER ELK.),unknown,2026-05-31 17:00:00+03:00,,2.71,chunk_0032.json,POST /v1/generation/data/dpp-bulk,2026-05-31 21:45:38.695557+00:00,3195707,ÇATALTEPE RES(SÜPER ELK.),103201,2026-05-31T17:00:00+03:00,17:00
40W0000031957072,ÇATALTEPE RES(SÜPER ELK.),unknown,2026-05-31 18:00:00+03:00,,2.89,chunk_0032.json,POST /v1/generation/data/dpp-bulk,2026-05-31 21:45:38.695557+00:00,3195707,ÇATALTEPE RES(SÜPER ELK.),103201,2026-05-31T18:00:00+03:00,18:00
40W0000031957072,ÇATALTEPE RES(SÜPER ELK.),unknown,2026-05-31 19:00:00+03:00,,2.54,chunk_0032.json,POST /v1/generation/data/dpp-bulk,2026-05-31 21:45:38.695557+00:00,3195707,ÇATALTEPE RES(SÜPER ELK.),103201,2026-05-31T19:00:00+03:00,19:00
40W0000031957072,ÇATALTEPE RES(SÜPER ELK.),unknown,2026-05-31 20:00:00+03:00,,1.58,chunk_0032.json,POST /v1/generation/data/dpp-bulk,2026-05-31 21:45:38.695557+00:00,3195707,ÇATALTEPE RES(SÜPER ELK.),103201,2026-05-31T20:00:00+03:00,20:00
40W0000031957072,ÇATALTEPE RES(SÜPER ELK.),unknown,2026-05-31 21:00:00+03:00,,0.98,chunk_0032.json,POST /v1/generation/data/dpp-bulk,2026-05-31 21:45:38.695557+00:00,3195707,ÇATALTEPE RES(SÜPER ELK.),103201,2026-05-31T21:00:00+03:00,21:00
40W0000031957072,ÇATALTEPE RES(SÜPER ELK.),unknown,2026-05-31 22:00:00+03:00,,1.68,chunk_0032.json,POST /v1/generation/data/dpp-bulk,2026-05-31 21:45:38.695557+00:00,3195707,ÇATALTEPE RES(SÜPER ELK.),103201,2026-05-31T22:00:00+03:00,22:00
40W0000031957072,ÇATALTEPE RES(SÜPER ELK.),unknown,2026-05-31 23:00:00+03:00,,1.23,chunk_0032.json,POST /v1/generation/data/dpp-bulk,2026-05-31 21:45:38.695557+00:00,3195707,ÇATALTEPE RES(SÜPER ELK.),103201,2026-05-31T23:00:00+03:00,23:00
40W000003195729T,SEFERİHİSAR RES(ÜÇGEN),unknown,2026-05-31 00:00:00+03:00,,5.42,chunk_0032.json,POST /v1/generation/data/dpp-bulk,2026-05-31 21:45:38.695557+00:00,3195729,SEFERİHİSAR RES(ÜÇGEN),103261,2026-05-31T00:00:00+03:00,00:00
40W000003195729T,SEFERİHİSAR RES(ÜÇGEN),unknown,2026-05-31 01:00:00+03:00,,4.69,chunk_0032.json,POST /v1/generation/data/dpp-bulk,2026-05-31 21:45:38.695557+00:00,3195729,SEFERİHİSAR RES(ÜÇGEN),103261,2026-05-31T01:00:00+03:00,01:00
40W000003195729T,SEFERİHİSAR RES(ÜÇGEN),unknown,2026-05-31 02:00:00+03:00,,4.31,chunk_0032.json,POST /v1/generation/data/dpp-bulk,2026-05-31 21:45:38.695557+00:00,3195729,SEFERİHİSAR RES(ÜÇGEN),103261,2026-05-31T02:00:00+03:00,02:00
40W000003195729T,SEFERİHİSAR RES(ÜÇGEN),unknown,2026-05-31 03:00:00+03:00,,4.1,chunk_0032.json,POST /v1/generation/data/dpp-bulk,2026-05-31 21:45:38.695557+00:00,3195729,SEFERİHİSAR RES(ÜÇGEN),103261,2026-05-31T03:00:00+03:00,03:00
40W000003195729T,SEFERİHİSAR RES(ÜÇGEN),unknown,2026-05-31 04:00:00+03:00,,4.47,chunk_0032.json,POST /v1/generation/data/dpp-bulk,2026-05-31 21:45:38.695557+00:00,3195729,SEFERİHİSAR RES(ÜÇGEN),103261,2026-05-31T04:00:00+03:00,04:00
40W000003195729T,SEFERİHİSAR RES(ÜÇGEN),unknown,2026-05-31 05:00:00+03:00,,4.14,chunk_0032.json,POST /v1/generation/data/dpp-bulk,2026-05-31 21:45:38.695557+00:00,3195729,SEFERİHİSAR RES(ÜÇGEN),103261,2026-05-31T05:00:00+03:00,05:00
40W000003195729T,SEFERİHİSAR RES(ÜÇGEN),unknown,2026-05-31 06:00:00+03:00,,4.26,chunk_0032.json,POST /v1/generation/data/dpp-bulk,2026-05-31 21:45:38.695557+00:00,3195729,SEFERİHİSAR RES(ÜÇGEN),103261,2026-05-31T06:00:00+03:00,06:00
40W000003195729T,SEFERİHİSAR RES(ÜÇGEN),unknown,2026-05-31 07:00:00+03:00,,2.77,chunk_0032.json,POST /v1/generation/data/dpp-bulk,2026-05-31 21:45:38.695557+00:00,3195729,SEFERİHİSAR RES(ÜÇGEN),103261,2026-05-31T07:00:00+03:00,07:00
40W000003195729T,SEFERİHİSAR RES(ÜÇGEN),unknown,2026-05-31 08:00:00+03:00,,1.62,chunk_0032.json,POST /v1/generation/data/dpp-bulk,2026-05-31 21:45:38.695557+00:00,3195729,SEFERİHİSAR RES(ÜÇGEN),103261,2026-05-31T08:00:00+03:00,08:00
40W000003195729T,SEFERİHİSAR RES(ÜÇGEN),unknown,2026-05-31 09:00:00+03:00,,1.16,chunk_0032.json,POST /v1/generation/data/dpp-bulk,2026-05-31 21:45:38.695557+00:00,3195729,SEFERİHİSAR RES(ÜÇGEN),103261,2026-05-31T09:00:00+03:00,09:00
40W000003195729T,SEFERİHİSAR RES(ÜÇGEN),unknown,2026-05-31 10:00:00+03:00,,0.69,chunk_0032.json,POST /v1/generation/data/dpp-bulk,2026-05-31 21:45:38.695557+00:00,3195729,SEFERİHİSAR RES(ÜÇGEN),103261,2026-05-31T10:00:00+03:00,10:00
40W000003195729T,SEFERİHİSAR RES(ÜÇGEN),unknown,2026-05-31 11:00:00+03:00,,0.37,chunk_0032.json,POST /v1/generation/data/dpp-bulk,2026-05-31 21:45:38.695557+00:00,3195729,SEFERİHİSAR RES(ÜÇGEN),103261,2026-05-31T11:00:00+03:00,11:00
40W000003195729T,SEFERİHİSAR RES(ÜÇGEN),unknown,2026-05-31 12:00:00+03:00,,0.32,chunk_0032.json,POST /v1/generation/data/dpp-bulk,2026-05-31 21:45:38.695557+00:00,3195729,SEFERİHİSAR RES(ÜÇGEN),103261,2026-05-31T12:00:00+03:00,12:00
40W000003195729T,SEFERİHİSAR RES(ÜÇGEN),unknown,2026-05-31 13:00:00+03:00,,0.48,chunk_0032.json,POST /v1/generation/data/dpp-bulk,2026-05-31 21:45:38.695557+00:00,3195729,SEFERİHİSAR RES(ÜÇGEN),103261,2026-05-31T13:00:00+03:00,13:00
40W000003195729T,SEFERİHİSAR RES(ÜÇGEN),unknown,2026-05-31 14:00:00+03:00,,1.1,chunk_0032.json,POST /v1/generation/data/dpp-bulk,2026-05-31 21:45:38.695557+00:00,3195729,SEFERİHİSAR RES(ÜÇGEN),103261,2026-05-31T14:00:00+03:00,14:00
40W000003195729T,SEFERİHİSAR RES(ÜÇGEN),unknown,2026-05-31 15:00:00+03:00,,2.06,chunk_0032.json,POST /v1/generation/data/dpp-bulk,2026-05-31 21:45:38.695557+00:00,3195729,SEFERİHİSAR RES(ÜÇGEN),103261,2026-05-31T15:00:00+03:00,15:00
40W000003195729T,SEFERİHİSAR RES(ÜÇGEN),unknown,2026-05-31 16:00:00+03:00,,2.27,chunk_0032.json,POST /v1/generation/data/dpp-bulk,2026-05-31 21:45:38.695557+00:00,3195729,SEFERİHİSAR RES(ÜÇGEN),103261,2026-05-31T16:00:00+03:00,16:00
40W000003195729T,SEFERİHİSAR RES(ÜÇGEN),unknown,2026-05-31 17:00:00+03:00,,1.38,chunk_0032.json,POST /v1/generation/data/dpp-bulk,2026-05-31 21:45:38.695557+00:00,3195729,SEFERİHİSAR RES(ÜÇGEN),103261,2026-05-31T17:00:00+03:00,17:00
40W000003195729T,SEFERİHİSAR RES(ÜÇGEN),unknown,2026-05-31 18:00:00+03:00,,0.62,chunk_0032.json,POST /v1/generation/data/dpp-bulk,2026-05-31 21:45:38.695557+00:00,3195729,SEFERİHİSAR RES(ÜÇGEN),103261,2026-05-31T18:00:00+03:00,18:00
40W000003195729T,SEFERİHİSAR RES(ÜÇGEN),unknown,2026-05-31 19:00:00+03:00,,0.25,chunk_0032.json,POST /v1/generation/data/dpp-bulk,2026-05-31 21:45:38.695557+00:00,3195729,SEFERİHİSAR RES(ÜÇGEN),103261,2026-05-31T19:00:00+03:00,19:00
40W000003195729T,SEFERİHİSAR RES(ÜÇGEN),unknown,2026-05-31 20:00:00+03:00,,0.16,chunk_0032.json,POST /v1/generation/data/dpp-bulk,2026-05-31 21:45:38.695557+00:00,3195729,SEFERİHİSAR RES(ÜÇGEN),103261,2026-05-31T20:00:00+03:00,20:00
40W000003195729T,SEFERİHİSAR RES(ÜÇGEN),unknown,2026-05-31 21:00:00+03:00,,0.17,chunk_0032.json,POST /v1/generation/data/dpp-bulk,2026-05-31 21:45:38.695557+00:00,3195729,SEFERİHİSAR RES(ÜÇGEN),103261,2026-05-31T21:00:00+03:00,21:00
40W000003195729T,SEFERİHİSAR RES(ÜÇGEN),unknown,2026-05-31 22:00:00+03:00,,0.23,chunk_0032.json,POST /v1/generation/data/dpp-bulk,2026-05-31 21:45:38.695557+00:00,3195729,SEFERİHİSAR RES(ÜÇGEN),103261,2026-05-31T22:00:00+03:00,22:00
40W000003195729T,SEFERİHİSAR RES(ÜÇGEN),unknown,2026-05-31 23:00:00+03:00,,0.48,chunk_0032.json,POST /v1/generation/data/dpp-bulk,2026-05-31 21:45:38.695557+00:00,3195729,SEFERİHİSAR RES(ÜÇGEN),103261,2026-05-31T23:00:00+03:00,23:00
40W0000031956521,GERMİYAN RES,unknown,2026-05-31 00:00:00+03:00,,0.52,chunk_0032.json,POST /v1/generation/data/dpp-bulk,2026-05-31 21:45:38.695557+00:00,3195652,GERMİYAN RES,103340,2026-05-31T00:00:00+03:00,00:00
40W0000031956521,GERMİYAN RES,unknown,2026-05-31 01:00:00+03:00,,0.35,chunk_0032.json,POST /v1/generation/data/dpp-bulk,2026-05-31 21:45:38.695557+00:00,3195652,GERMİYAN RES,103340,2026-05-31T01:00:00+03:00,01:00
40W0000031956521,GERMİYAN RES,unknown,2026-05-31 02:00:00+03:00,,0.26,chunk_0032.json,POST /v1/generation/data/dpp-bulk,2026-05-31 21:45:38.695557+00:00,3195652,GERMİYAN RES,103340,2026-05-31T02:00:00+03:00,02:00
40W0000031956521,GERMİYAN RES,unknown,2026-05-31 03:00:00+03:00,,0.18,chunk_0032.json,POST /v1/generation/data/dpp-bulk,2026-05-31 21:45:38.695557+00:00,3195652,GERMİYAN RES,103340,2026-05-31T03:00:00+03:00,03:00
40W0000031956521,GERMİYAN RES,unknown,2026-05-31 04:00:00+03:00,,0.14,chunk_0032.json,POST /v1/generation/data/dpp-bulk,2026-05-31 21:45:38.695557+00:00,3195652,GERMİYAN RES,103340,2026-05-31T04:00:00+03:00,04:00
40W0000031956521,GERMİYAN RES,unknown,2026-05-31 05:00:00+03:00,,0.13,chunk_0032.json,POST /v1/generation/data/dpp-bulk,2026-05-31 21:45:38.695557+00:00,3195652,GERMİYAN RES,103340,2026-05-31T05:00:00+03:00,05:00
40W0000031956521,GERMİYAN RES,unknown,2026-05-31 06:00:00+03:00,,0.22,chunk_0032.json,POST /v1/generation/data/dpp-bulk,2026-05-31 21:45:38.695557+00:00,3195652,GERMİYAN RES,103340,2026-05-31T06:00:00+03:00,06:00
40W0000031956521,GERMİYAN RES,unknown,2026-05-31 07:00:00+03:00,,0.27,chunk_0032.json,POST /v1/generation/data/dpp-bulk,2026-05-31 21:45:38.695557+00:00,3195652,GERMİYAN RES,103340,2026-05-31T07:00:00+03:00,07:00
40W0000031956521,GERMİYAN RES,unknown,2026-05-31 08:00:00+03:00,,0.17,chunk_0032.json,POST /v1/generation/data/dpp-bulk,2026-05-31 21:45:38.695557+00:00,3195652,GERMİYAN RES,103340,2026-05-31T08:00:00+03:00,08:00
40W0000031956521,GERMİYAN RES,unknown,2026-05-31 09:00:00+03:00,,0.06,chunk_0032.json,POST /v1/generation/data/dpp-bulk,2026-05-31 21:45:38.695557+00:00,3195652,GERMİYAN RES,103340,2026-05-31T09:00:00+03:00,09:00
40W0000031956521,GERMİYAN RES,unknown,2026-05-31 10:00:00+03:00,,0.05,chunk_0032.json,POST /v1/generation/data/dpp-bulk,2026-05-31 21:45:38.695557+00:00,3195652,GERMİYAN RES,103340,2026-05-31T10:00:00+03:00,10:00
40W0000031956521,GERMİYAN RES,unknown,2026-05-31 11:00:00+03:00,,0.1,chunk_0032.json,POST /v1/generation/data/dpp-bulk,2026-05-31 21:45:38.695557+00:00,3195652,GERMİYAN RES,103340,2026-05-31T11:00:00+03:00,11:00
40W0000031956521,GERMİYAN RES,unknown,2026-05-31 12:00:00+03:00,,0.25,chunk_0032.json,POST /v1/generation/data/dpp-bulk,2026-05-31 21:45:38.695557+00:00,3195652,GERMİYAN RES,103340,2026-05-31T12:00:00+03:00,12:00
40W0000031956521,GERMİYAN RES,unknown,2026-05-31 13:00:00+03:00,,0.48,chunk_0032.json,POST /v1/generation/data/dpp-bulk,2026-05-31 21:45:38.695557+00:00,3195652,GERMİYAN RES,103340,2026-05-31T13:00:00+03:00,13:00
40W0000031956521,GERMİYAN RES,unknown,2026-05-31 14:00:00+03:00,,0.77,chunk_0032.json,POST /v1/generation/data/dpp-bulk,2026-05-31 21:45:38.695557+00:00,3195652,GERMİYAN RES,103340,2026-05-31T14:00:00+03:00,14:00
40W0000031956521,GERMİYAN RES,unknown,2026-05-31 15:00:00+03:00,,1.04,chunk_0032.json,POST /v1/generation/data/dpp-bulk,2026-05-31 21:45:38.695557+00:00,3195652,GERMİYAN RES,103340,2026-05-31T15:00:00+03:00,15:00
40W0000031956521,GERMİYAN RES,unknown,2026-05-31 16:00:00+03:00,,1.22,chunk_0032.json,POST /v1/generation/data/dpp-bulk,2026-05-31 21:45:38.695557+00:00,3195652,GERMİYAN RES,103340,2026-05-31T16:00:00+03:00,16:00
40W0000031956521,GERMİYAN RES,unknown,2026-05-31 17:00:00+03:00,,1.16,chunk_0032.json,POST /v1/generation/data/dpp-bulk,2026-05-31 21:45:38.695557+00:00,3195652,GERMİYAN RES,103340,2026-05-31T17:00:00+03:00,17:00
40W0000031956521,GERMİYAN RES,unknown,2026-05-31 18:00:00+03:00,,0.92,chunk_0032.json,POST /v1/generation/data/dpp-bulk,2026-05-31 21:45:38.695557+00:00,3195652,GERMİYAN RES,103340,2026-05-31T18:00:00+03:00,18:00
40W0000031956521,GERMİYAN RES,unknown,2026-05-31 19:00:00+03:00,,0.66,chunk_0032.json,POST /v1/generation/data/dpp-bulk,2026-05-31 21:45:38.695557+00:00,3195652,GERMİYAN RES,103340,2026-05-31T19:00:00+03:00,19:00
40W0000031956521,GERMİYAN RES,unknown,2026-05-31 20:00:00+03:00,,0.52,chunk_0032.json,POST /v1/generation/data/dpp-bulk,2026-05-31 21:45:38.695557+00:00,3195652,GERMİYAN RES,103340,2026-05-31T20:00:00+03:00,20:00
40W0000031956521,GERMİYAN RES,unknown,2026-05-31 21:00:00+03:00,,0.48,chunk_0032.json,POST /v1/generation/data/dpp-bulk,2026-05-31 21:45:38.695557+00:00,3195652,GERMİYAN RES,103340,2026-05-31T21:00:00+03:00,21:00
40W0000031956521,GERMİYAN RES,unknown,2026-05-31 22:00:00+03:00,,0.58,chunk_0032.json,POST /v1/generation/data/dpp-bulk,2026-05-31 21:45:38.695557+00:00,3195652,GERMİYAN RES,103340,2026-05-31T22:00:00+03:00,22:00
40W0000031956521,GERMİYAN RES,unknown,2026-05-31 23:00:00+03:00,,0.72,chunk_0032.json,POST /v1/generation/data/dpp-bulk,2026-05-31 21:45:38.695557+00:00,3195652,GERMİYAN RES,103340,2026-05-31T23:00:00+03:00,23:00
40W0000031957080,URLA RES,unknown,2026-05-31 00:00:00+03:00,,1.69,chunk_0032.json,POST /v1/generation/data/dpp-bulk,2026-05-31 21:45:38.695557+00:00,3195708,URLA RES,103340,2026-05-31T00:00:00+03:00,00:00
40W0000031957080,URLA RES,unknown,2026-05-31 01:00:00+03:00,,1.39,chunk_0032.json,POST /v1/generation/data/dpp-bulk,2026-05-31 21:45:38.695557+00:00,3195708,URLA RES,103340,2026-05-31T01:00:00+03:00,01:00
40W0000031957080,URLA RES,unknown,2026-05-31 02:00:00+03:00,,1.25,chunk_0032.json,POST /v1/generation/data/dpp-bulk,2026-05-31 21:45:38.695557+00:00,3195708,URLA RES,103340,2026-05-31T02:00:00+03:00,02:00
40W0000031957080,URLA RES,unknown,2026-05-31 03:00:00+03:00,,1.22,chunk_0032.json,POST /v1/generation/data/dpp-bulk,2026-05-31 21:45:38.695557+00:00,3195708,URLA RES,103340,2026-05-31T03:00:00+03:00,03:00
40W0000031957080,URLA RES,unknown,2026-05-31 04:00:00+03:00,,1.24,chunk_0032.json,POST /v1/generation/data/dpp-bulk,2026-05-31 21:45:38.695557+00:00,3195708,URLA RES,103340,2026-05-31T04:00:00+03:00,04:00
40W0000031957080,URLA RES,unknown,2026-05-31 05:00:00+03:00,,1.3,chunk_0032.json,POST /v1/generation/data/dpp-bulk,2026-05-31 21:45:38.695557+00:00,3195708,URLA RES,103340,2026-05-31T05:00:00+03:00,05:00
40W0000031957080,URLA RES,unknown,2026-05-31 06:00:00+03:00,,1.34,chunk_0032.json,POST /v1/generation/data/dpp-bulk,2026-05-31 21:45:38.695557+00:00,3195708,URLA RES,103340,2026-05-31T06:00:00+03:00,06:00
40W0000031957080,URLA RES,unknown,2026-05-31 07:00:00+03:00,,1.2,chunk_0032.json,POST /v1/generation/data/dpp-bulk,2026-05-31 21:45:38.695557+00:00,3195708,URLA RES,103340,2026-05-31T07:00:00+03:00,07:00
40W0000031957080,URLA RES,unknown,2026-05-31 08:00:00+03:00,,0.75,chunk_0032.json,POST /v1/generation/data/dpp-bulk,2026-05-31 21:45:38.695557+00:00,3195708,URLA RES,103340,2026-05-31T08:00:00+03:00,08:00
40W0000031957080,URLA RES,unknown,2026-05-31 09:00:00+03:00,,0.36,chunk_0032.json,POST /v1/generation/data/dpp-bulk,2026-05-31 21:45:38.695557+00:00,3195708,URLA RES,103340,2026-05-31T09:00:00+03:00,09:00
40W0000031957080,URLA RES,unknown,2026-05-31 10:00:00+03:00,,0.16,chunk_0032.json,POST /v1/generation/data/dpp-bulk,2026-05-31 21:45:38.695557+00:00,3195708,URLA RES,103340,2026-05-31T10:00:00+03:00,10:00
40W0000031957080,URLA RES,unknown,2026-05-31 11:00:00+03:00,,0.05,chunk_0032.json,POST /v1/generation/data/dpp-bulk,2026-05-31 21:45:38.695557+00:00,3195708,URLA RES,103340,2026-05-31T11:00:00+03:00,11:00
40W0000031957080,URLA RES,unknown,2026-05-31 12:00:00+03:00,,0.05,chunk_0032.json,POST /v1/generation/data/dpp-bulk,2026-05-31 21:45:38.695557+00:00,3195708,URLA RES,103340,2026-05-31T12:00:00+03:00,12:00
40W0000031957080,URLA RES,unknown,2026-05-31 13:00:00+03:00,,0.14,chunk_0032.json,POST /v1/generation/data/dpp-bulk,2026-05-31 21:45:38.695557+00:00,3195708,URLA RES,103340,2026-05-31T13:00:00+03:00,13:00
40W0000031957080,URLA RES,unknown,2026-05-31 14:00:00+03:00,,0.43,chunk_0032.json,POST /v1/generation/data/dpp-bulk,2026-05-31 21:45:38.695557+00:00,3195708,URLA RES,103340,2026-05-31T14:00:00+03:00,14:00
40W0000031957080,URLA RES,unknown,2026-05-31 15:00:00+03:00,,0.78,chunk_0032.json,POST /v1/generation/data/dpp-bulk,2026-05-31 21:45:38.695557+00:00,3195708,URLA RES,103340,2026-05-31T15:00:00+03:00,15:00
40W0000031957080,URLA RES,unknown,2026-05-31 16:00:00+03:00,,0.96,chunk_0032.json,POST /v1/generation/data/dpp-bulk,2026-05-31 21:45:38.695557+00:00,3195708,URLA RES,103340,2026-05-31T16:00:00+03:00,16:00
40W0000031957080,URLA RES,unknown,2026-05-31 17:00:00+03:00,,0.94,chunk_0032.json,POST /v1/generation/data/dpp-bulk,2026-05-31 21:45:38.695557+00:00,3195708,URLA RES,103340,2026-05-31T17:00:00+03:00,17:00
40W0000031957080,URLA RES,unknown,2026-05-31 18:00:00+03:00,,0.81,chunk_0032.json,POST /v1/generation/data/dpp-bulk,2026-05-31 21:45:38.695557+00:00,3195708,URLA RES,103340,2026-05-31T18:00:00+03:00,18:00
40W0000031957080,URLA RES,unknown,2026-05-31 19:00:00+03:00,,0.74,chunk_0032.json,POST /v1/generation/data/dpp-bulk,2026-05-31 21:45:38.695557+00:00,3195708,URLA RES,103340,2026-05-31T19:00:00+03:00,19:00
40W0000031957080,URLA RES,unknown,2026-05-31 20:00:00+03:00,,0.77,chunk_0032.json,POST /v1/generation/data/dpp-bulk,2026-05-31 21:45:38.695557+00:00,3195708,URLA RES,103340,2026-05-31T20:00:00+03:00,20:00
40W0000031957080,URLA RES,unknown,2026-05-31 21:00:00+03:00,,0.74,chunk_0032.json,POST /v1/generation/data/dpp-bulk,2026-05-31 21:45:38.695557+00:00,3195708,URLA RES,103340,2026-05-31T21:00:00+03:00,21:00
40W0000031957080,URLA RES,unknown,2026-05-31 22:00:00+03:00,,0.72,chunk_0032.json,POST /v1/generation/data/dpp-bulk,2026-05-31 21:45:38.695557+00:00,3195708,URLA RES,103340,2026-05-31T22:00:00+03:00,22:00
40W0000031957080,URLA RES,unknown,2026-05-31 23:00:00+03:00,,0.83,chunk_0032.json,POST /v1/generation/data/dpp-bulk,2026-05-31 21:45:38.695557+00:00,3195708,URLA RES,103340,2026-05-31T23:00:00+03:00,23:00
40W000003195728V,ALAÇATI RES(EGENDA EGE ENR.),unknown,2026-05-31 00:00:00+03:00,,1.2,chunk_0032.json,POST /v1/generation/data/dpp-bulk,2026-05-31 21:45:38.695557+00:00,3195728,ALAÇATI RES(EGENDA EGE ENR.),103340,2026-05-31T00:00:00+03:00,00:00
40W000003195728V,ALAÇATI RES(EGENDA EGE ENR.),unknown,2026-05-31 01:00:00+03:00,,1.03,chunk_0032.json,POST /v1/generation/data/dpp-bulk,2026-05-31 21:45:38.695557+00:00,3195728,ALAÇATI RES(EGENDA EGE ENR.),103340,2026-05-31T01:00:00+03:00,01:00
40W000003195728V,ALAÇATI RES(EGENDA EGE ENR.),unknown,2026-05-31 02:00:00+03:00,,0.9,chunk_0032.json,POST /v1/generation/data/dpp-bulk,2026-05-31 21:45:38.695557+00:00,3195728,ALAÇATI RES(EGENDA EGE ENR.),103340,2026-05-31T02:00:00+03:00,02:00
40W000003195728V,ALAÇATI RES(EGENDA EGE ENR.),unknown,2026-05-31 03:00:00+03:00,,0.73,chunk_0032.json,POST /v1/generation/data/dpp-bulk,2026-05-31 21:45:38.695557+00:00,3195728,ALAÇATI RES(EGENDA EGE ENR.),103340,2026-05-31T03:00:00+03:00,03:00
40W000003195728V,ALAÇATI RES(EGENDA EGE ENR.),unknown,2026-05-31 04:00:00+03:00,,0.58,chunk_0032.json,POST /v1/generation/data/dpp-bulk,2026-05-31 21:45:38.695557+00:00,3195728,ALAÇATI RES(EGENDA EGE ENR.),103340,2026-05-31T04:00:00+03:00,04:00
40W000003195728V,ALAÇATI RES(EGENDA EGE ENR.),unknown,2026-05-31 05:00:00+03:00,,0.43,chunk_0032.json,POST /v1/generation/data/dpp-bulk,2026-05-31 21:45:38.695557+00:00,3195728,ALAÇATI RES(EGENDA EGE ENR.),103340,2026-05-31T05:00:00+03:00,05:00
40W000003195728V,ALAÇATI RES(EGENDA EGE ENR.),unknown,2026-05-31 06:00:00+03:00,,0.38,chunk_0032.json,POST /v1/generation/data/dpp-bulk,2026-05-31 21:45:38.695557+00:00,3195728,ALAÇATI RES(EGENDA EGE ENR.),103340,2026-05-31T06:00:00+03:00,06:00
40W000003195728V,ALAÇATI RES(EGENDA EGE ENR.),unknown,2026-05-31 07:00:00+03:00,,0.34,chunk_0032.json,POST /v1/generation/data/dpp-bulk,2026-05-31 21:45:38.695557+00:00,3195728,ALAÇATI RES(EGENDA EGE ENR.),103340,2026-05-31T07:00:00+03:00,07:00
40W000003195728V,ALAÇATI RES(EGENDA EGE ENR.),unknown,2026-05-31 08:00:00+03:00,,0.22,chunk_0032.json,POST /v1/generation/data/dpp-bulk,2026-05-31 21:45:38.695557+00:00,3195728,ALAÇATI RES(EGENDA EGE ENR.),103340,2026-05-31T08:00:00+03:00,08:00
40W000003195728V,ALAÇATI RES(EGENDA EGE ENR.),unknown,2026-05-31 09:00:00+03:00,,0.12,chunk_0032.json,POST /v1/generation/data/dpp-bulk,2026-05-31 21:45:38.695557+00:00,3195728,ALAÇATI RES(EGENDA EGE ENR.),103340,2026-05-31T09:00:00+03:00,09:00
40W000003195728V,ALAÇATI RES(EGENDA EGE ENR.),unknown,2026-05-31 10:00:00+03:00,,0.1,chunk_0032.json,POST /v1/generation/data/dpp-bulk,2026-05-31 21:45:38.695557+00:00,3195728,ALAÇATI RES(EGENDA EGE ENR.),103340,2026-05-31T10:00:00+03:00,10:00
40W000003195728V,ALAÇATI RES(EGENDA EGE ENR.),unknown,2026-05-31 11:00:00+03:00,,0.13,chunk_0032.json,POST /v1/generation/data/dpp-bulk,2026-05-31 21:45:38.695557+00:00,3195728,ALAÇATI RES(EGENDA EGE ENR.),103340,2026-05-31T11:00:00+03:00,11:00
40W000003195728V,ALAÇATI RES(EGENDA EGE ENR.),unknown,2026-05-31 12:00:00+03:00,,0.22,chunk_0032.json,POST /v1/generation/data/dpp-bulk,2026-05-31 21:45:38.695557+00:00,3195728,ALAÇATI RES(EGENDA EGE ENR.),103340,2026-05-31T12:00:00+03:00,12:00
40W000003195728V,ALAÇATI RES(EGENDA EGE ENR.),unknown,2026-05-31 13:00:00+03:00,,0.43,chunk_0032.json,POST /v1/generation/data/dpp-bulk,2026-05-31 21:45:38.695557+00:00,3195728,ALAÇATI RES(EGENDA EGE ENR.),103340,2026-05-31T13:00:00+03:00,13:00
40W000003195728V,ALAÇATI RES(EGENDA EGE ENR.),unknown,2026-05-31 14:00:00+03:00,,0.79,chunk_0032.json,POST /v1/generation/data/dpp-bulk,2026-05-31 21:45:38.695557+00:00,3195728,ALAÇATI RES(EGENDA EGE ENR.),103340,2026-05-31T14:00:00+03:00,14:00
40W000003195728V,ALAÇATI RES(EGENDA EGE ENR.),unknown,2026-05-31 15:00:00+03:00,,1.09,chunk_0032.json,POST /v1/generation/data/dpp-bulk,2026-05-31 21:45:38.695557+00:00,3195728,ALAÇATI RES(EGENDA EGE ENR.),103340,2026-05-31T15:00:00+03:00,15:00
40W000003195728V,ALAÇATI RES(EGENDA EGE ENR.),unknown,2026-05-31 16:00:00+03:00,,1.22,chunk_0032.json,POST /v1/generation/data/dpp-bulk,2026-05-31 21:45:38.695557+00:00,3195728,ALAÇATI RES(EGENDA EGE ENR.),103340,2026-05-31T16:00:00+03:00,16:00
40W000003195728V,ALAÇATI RES(EGENDA EGE ENR.),unknown,2026-05-31 17:00:00+03:00,,1.22,chunk_0032.json,POST /v1/generation/data/dpp-bulk,2026-05-31 21:45:38.695557+00:00,3195728,ALAÇATI RES(EGENDA EGE ENR.),103340,2026-05-31T17:00:00+03:00,17:00
40W000003195728V,ALAÇATI RES(EGENDA EGE ENR.),unknown,2026-05-31 18:00:00+03:00,,1.1,chunk_0032.json,POST /v1/generation/data/dpp-bulk,2026-05-31 21:45:38.695557+00:00,3195728,ALAÇATI RES(EGENDA EGE ENR.),103340,2026-05-31T18:00:00+03:00,18:00
40W000003195728V,ALAÇATI RES(EGENDA EGE ENR.),unknown,2026-05-31 19:00:00+03:00,,0.95,chunk_0032.json,POST /v1/generation/data/dpp-bulk,2026-05-31 21:45:38.695557+00:00,3195728,ALAÇATI RES(EGENDA EGE ENR.),103340,2026-05-31T19:00:00+03:00,19:00
40W000003195728V,ALAÇATI RES(EGENDA EGE ENR.),unknown,2026-05-31 20:00:00+03:00,,0.88,chunk_0032.json,POST /v1/generation/data/dpp-bulk,2026-05-31 21:45:38.695557+00:00,3195728,ALAÇATI RES(EGENDA EGE ENR.),103340,2026-05-31T20:00:00+03:00,20:00
40W000003195728V,ALAÇATI RES(EGENDA EGE ENR.),unknown,2026-05-31 21:00:00+03:00,,0.92,chunk_0032.json,POST /v1/generation/data/dpp-bulk,2026-05-31 21:45:38.695557+00:00,3195728,ALAÇATI RES(EGENDA EGE ENR.),103340,2026-05-31T21:00:00+03:00,21:00
40W000003195728V,ALAÇATI RES(EGENDA EGE ENR.),unknown,2026-05-31 22:00:00+03:00,,0.98,chunk_0032.json,POST /v1/generation/data/dpp-bulk,2026-05-31 21:45:38.695557+00:00,3195728,ALAÇATI RES(EGENDA EGE ENR.),103340,2026-05-31T22:00:00+03:00,22:00
40W000003195728V,ALAÇATI RES(EGENDA EGE ENR.),unknown,2026-05-31 23:00:00+03:00,,1.09,chunk_0032.json,POST /v1/generation/data/dpp-bulk,2026-05-31 21:45:38.695557+00:00,3195728,ALAÇATI RES(EGENDA EGE ENR.),103340,2026-05-31T23:00:00+03:00,23:00
40W0000031959699,MORDOĞAN RES(EGENDA),unknown,2026-05-31 00:00:00+03:00,,1.43,chunk_0032.json,POST /v1/generation/data/dpp-bulk,2026-05-31 21:45:38.695557+00:00,3195969,MORDOĞAN RES(EGENDA),103340,2026-05-31T00:00:00+03:00,00:00
40W0000031959699,MORDOĞAN RES(EGENDA),unknown,2026-05-31 01:00:00+03:00,,1.16,chunk_0032.json,POST /v1/generation/data/dpp-bulk,2026-05-31 21:45:38.695557+00:00,3195969,MORDOĞAN RES(EGENDA),103340,2026-05-31T01:00:00+03:00,01:00
40W0000031959699,MORDOĞAN RES(EGENDA),unknown,2026-05-31 02:00:00+03:00,,0.98,chunk_0032.json,POST /v1/generation/data/dpp-bulk,2026-05-31 21:45:38.695557+00:00,3195969,MORDOĞAN RES(EGENDA),103340,2026-05-31T02:00:00+03:00,02:00
40W0000031959699,MORDOĞAN RES(EGENDA),unknown,2026-05-31 03:00:00+03:00,,1.03,chunk_0032.json,POST /v1/generation/data/dpp-bulk,2026-05-31 21:45:38.695557+00:00,3195969,MORDOĞAN RES(EGENDA),103340,2026-05-31T03:00:00+03:00,03:00
40W0000031959699,MORDOĞAN RES(EGENDA),unknown,2026-05-31 04:00:00+03:00,,1.22,chunk_0032.json,POST /v1/generation/data/dpp-bulk,2026-05-31 21:45:38.695557+00:00,3195969,MORDOĞAN RES(EGENDA),103340,2026-05-31T04:00:00+03:00,04:00
40W0000031959699,MORDOĞAN RES(EGENDA),unknown,2026-05-31 05:00:00+03:00,,1.35,chunk_0032.json,POST /v1/generation/data/dpp-bulk,2026-05-31 21:45:38.695557+00:00,3195969,MORDOĞAN RES(EGENDA),103340,2026-05-31T05:00:00+03:00,05:00
40W0000031959699,MORDOĞAN RES(EGENDA),unknown,2026-05-31 06:00:00+03:00,,1.3,chunk_0032.json,POST /v1/generation/data/dpp-bulk,2026-05-31 21:45:38.695557+00:00,3195969,MORDOĞAN RES(EGENDA),103340,2026-05-31T06:00:00+03:00,06:00
40W0000031959699,MORDOĞAN RES(EGENDA),unknown,2026-05-31 07:00:00+03:00,,1.08,chunk_0032.json,POST /v1/generation/data/dpp-bulk,2026-05-31 21:45:38.695557+00:00,3195969,MORDOĞAN RES(EGENDA),103340,2026-05-31T07:00:00+03:00,07:00
40W0000031959699,MORDOĞAN RES(EGENDA),unknown,2026-05-31 08:00:00+03:00,,0.74,chunk_0032.json,POST /v1/generation/data/dpp-bulk,2026-05-31 21:45:38.695557+00:00,3195969,MORDOĞAN RES(EGENDA),103340,2026-05-31T08:00:00+03:00,08:00
40W0000031959699,MORDOĞAN RES(EGENDA),unknown,2026-05-31 09:00:00+03:00,,0.38,chunk_0032.json,POST /v1/generation/data/dpp-bulk,2026-05-31 21:45:38.695557+00:00,3195969,MORDOĞAN RES(EGENDA),103340,2026-05-31T09:00:00+03:00,09:00
40W0000031959699,MORDOĞAN RES(EGENDA),unknown,2026-05-31 10:00:00+03:00,,0.14,chunk_0032.json,POST /v1/generation/data/dpp-bulk,2026-05-31 21:45:38.695557+00:00,3195969,MORDOĞAN RES(EGENDA),103340,2026-05-31T10:00:00+03:00,10:00
40W0000031959699,MORDOĞAN RES(EGENDA),unknown,2026-05-31 11:00:00+03:00,,0.05,chunk_0032.json,POST /v1/generation/data/dpp-bulk,2026-05-31 21:45:38.695557+00:00,3195969,MORDOĞAN RES(EGENDA),103340,2026-05-31T11:00:00+03:00,11:00
40W0000031959699,MORDOĞAN RES(EGENDA),unknown,2026-05-31 12:00:00+03:00,,0.04,chunk_0032.json,POST /v1/generation/data/dpp-bulk,2026-05-31 21:45:38.695557+00:00,3195969,MORDOĞAN RES(EGENDA),103340,2026-05-31T12:00:00+03:00,12:00
40W0000031959699,MORDOĞAN RES(EGENDA),unknown,2026-05-31 13:00:00+03:00,,0.06,chunk_0032.json,POST /v1/generation/data/dpp-bulk,2026-05-31 21:45:38.695557+00:00,3195969,MORDOĞAN RES(EGENDA),103340,2026-05-31T13:00:00+03:00,13:00
40W0000031959699,MORDOĞAN RES(EGENDA),unknown,2026-05-31 14:00:00+03:00,,0.2,chunk_0032.json,POST /v1/generation/data/dpp-bulk,2026-05-31 21:45:38.695557+00:00,3195969,MORDOĞAN RES(EGENDA),103340,2026-05-31T14:00:00+03:00,14:00
40W0000031959699,MORDOĞAN RES(EGENDA),unknown,2026-05-31 15:00:00+03:00,,0.36,chunk_0032.json,POST /v1/generation/data/dpp-bulk,2026-05-31 21:45:38.695557+00:00,3195969,MORDOĞAN RES(EGENDA),103340,2026-05-31T15:00:00+03:00,15:00
40W0000031959699,MORDOĞAN RES(EGENDA),unknown,2026-05-31 16:00:00+03:00,,0.47,chunk_0032.json,POST /v1/generation/data/dpp-bulk,2026-05-31 21:45:38.695557+00:00,3195969,MORDOĞAN RES(EGENDA),103340,2026-05-31T16:00:00+03:00,16:00
40W0000031959699,MORDOĞAN RES(EGENDA),unknown,2026-05-31 17:00:00+03:00,,0.47,chunk_0032.json,POST /v1/generation/data/dpp-bulk,2026-05-31 21:45:38.695557+00:00,3195969,MORDOĞAN RES(EGENDA),103340,2026-05-31T17:00:00+03:00,17:00
40W0000031959699,MORDOĞAN RES(EGENDA),unknown,2026-05-31 18:00:00+03:00,,0.35,chunk_0032.json,POST /v1/generation/data/dpp-bulk,2026-05-31 21:45:38.695557+00:00,3195969,MORDOĞAN RES(EGENDA),103340,2026-05-31T18:00:00+03:00,18:00
40W0000031959699,MORDOĞAN RES(EGENDA),unknown,2026-05-31 19:00:00+03:00,,0.3,chunk_0032.json,POST /v1/generation/data/dpp-bulk,2026-05-31 21:45:38.695557+00:00,3195969,MORDOĞAN RES(EGENDA),103340,2026-05-31T19:00:00+03:00,19:00
40W0000031959699,MORDOĞAN RES(EGENDA),unknown,2026-05-31 20:00:00+03:00,,0.34,chunk_0032.json,POST /v1/generation/data/dpp-bulk,2026-05-31 21:45:38.695557+00:00,3195969,MORDOĞAN RES(EGENDA),103340,2026-05-31T20:00:00+03:00,20:00
40W0000031959699,MORDOĞAN RES(EGENDA),unknown,2026-05-31 21:00:00+03:00,,0.39,chunk_0032.json,POST /v1/generation/data/dpp-bulk,2026-05-31 21:45:38.695557+00:00,3195969,MORDOĞAN RES(EGENDA),103340,2026-05-31T21:00:00+03:00,21:00
40W0000031959699,MORDOĞAN RES(EGENDA),unknown,2026-05-31 22:00:00+03:00,,0.55,chunk_0032.json,POST /v1/generation/data/dpp-bulk,2026-05-31 21:45:38.695557+00:00,3195969,MORDOĞAN RES(EGENDA),103340,2026-05-31T22:00:00+03:00,22:00
40W0000031959699,MORDOĞAN RES(EGENDA),unknown,2026-05-31 23:00:00+03:00,,0.77,chunk_0032.json,POST /v1/generation/data/dpp-bulk,2026-05-31 21:45:38.695557+00:00,3195969,MORDOĞAN RES(EGENDA),103340,2026-05-31T23:00:00+03:00,23:00
40W000003195909R,ZİNCİRLİ RES,unknown,2026-05-31 00:00:00+03:00,,1.27,chunk_0032.json,POST /v1/generation/data/dpp-bulk,2026-05-31 21:45:38.695557+00:00,3195909,ZİNCİRLİ RES,104120,2026-05-31T00:00:00+03:00,00:00
40W000003195909R,ZİNCİRLİ RES,unknown,2026-05-31 01:00:00+03:00,,1.86,chunk_0032.json,POST /v1/generation/data/dpp-bulk,2026-05-31 21:45:38.695557+00:00,3195909,ZİNCİRLİ RES,104120,2026-05-31T01:00:00+03:00,01:00
40W000003195909R,ZİNCİRLİ RES,unknown,2026-05-31 02:00:00+03:00,,2.44,chunk_0032.json,POST /v1/generation/data/dpp-bulk,2026-05-31 21:45:38.695557+00:00,3195909,ZİNCİRLİ RES,104120,2026-05-31T02:00:00+03:00,02:00
40W000003195909R,ZİNCİRLİ RES,unknown,2026-05-31 03:00:00+03:00,,2.5,chunk_0032.json,POST /v1/generation/data/dpp-bulk,2026-05-31 21:45:38.695557+00:00,3195909,ZİNCİRLİ RES,104120,2026-05-31T03:00:00+03:00,03:00
40W000003195909R,ZİNCİRLİ RES,unknown,2026-05-31 04:00:00+03:00,,2.9,chunk_0032.json,POST /v1/generation/data/dpp-bulk,2026-05-31 21:45:38.695557+00:00,3195909,ZİNCİRLİ RES,104120,2026-05-31T04:00:00+03:00,04:00
40W000003195909R,ZİNCİRLİ RES,unknown,2026-05-31 05:00:00+03:00,,2.93,chunk_0032.json,POST /v1/generation/data/dpp-bulk,2026-05-31 21:45:38.695557+00:00,3195909,ZİNCİRLİ RES,104120,2026-05-31T05:00:00+03:00,05:00
40W000003195909R,ZİNCİRLİ RES,unknown,2026-05-31 06:00:00+03:00,,2.9,chunk_0032.json,POST /v1/generation/data/dpp-bulk,2026-05-31 21:45:38.695557+00:00,3195909,ZİNCİRLİ RES,104120,2026-05-31T06:00:00+03:00,06:00
40W000003195909R,ZİNCİRLİ RES,unknown,2026-05-31 07:00:00+03:00,,3.1,chunk_0032.json,POST /v1/generation/data/dpp-bulk,2026-05-31 21:45:38.695557+00:00,3195909,ZİNCİRLİ RES,104120,2026-05-31T07:00:00+03:00,07:00
40W000003195909R,ZİNCİRLİ RES,unknown,2026-05-31 08:00:00+03:00,,3.6,chunk_0032.json,POST /v1/generation/data/dpp-bulk,2026-05-31 21:45:38.695557+00:00,3195909,ZİNCİRLİ RES,104120,2026-05-31T08:00:00+03:00,08:00
40W000003195909R,ZİNCİRLİ RES,unknown,2026-05-31 09:00:00+03:00,,4.7,chunk_0032.json,POST /v1/generation/data/dpp-bulk,2026-05-31 21:45:38.695557+00:00,3195909,ZİNCİRLİ RES,104120,2026-05-31T09:00:00+03:00,09:00
40W000003195909R,ZİNCİRLİ RES,unknown,2026-05-31 10:00:00+03:00,,5.9,chunk_0032.json,POST /v1/generation/data/dpp-bulk,2026-05-31 21:45:38.695557+00:00,3195909,ZİNCİRLİ RES,104120,2026-05-31T10:00:00+03:00,10:00
40W000003195909R,ZİNCİRLİ RES,unknown,2026-05-31 11:00:00+03:00,,6.6,chunk_0032.json,POST /v1/generation/data/dpp-bulk,2026-05-31 21:45:38.695557+00:00,3195909,ZİNCİRLİ RES,104120,2026-05-31T11:00:00+03:00,11:00
40W000003195909R,ZİNCİRLİ RES,unknown,2026-05-31 12:00:00+03:00,,6.58,chunk_0032.json,POST /v1/generation/data/dpp-bulk,2026-05-31 21:45:38.695557+00:00,3195909,ZİNCİRLİ RES,104120,2026-05-31T12:00:00+03:00,12:00
40W000003195909R,ZİNCİRLİ RES,unknown,2026-05-31 13:00:00+03:00,,6.06,chunk_0032.json,POST /v1/generation/data/dpp-bulk,2026-05-31 21:45:38.695557+00:00,3195909,ZİNCİRLİ RES,104120,2026-05-31T13:00:00+03:00,13:00
40W000003195909R,ZİNCİRLİ RES,unknown,2026-05-31 14:00:00+03:00,,5.31,chunk_0032.json,POST /v1/generation/data/dpp-bulk,2026-05-31 21:45:38.695557+00:00,3195909,ZİNCİRLİ RES,104120,2026-05-31T14:00:00+03:00,14:00
40W000003195909R,ZİNCİRLİ RES,unknown,2026-05-31 15:00:00+03:00,,4.44,chunk_0032.json,POST /v1/generation/data/dpp-bulk,2026-05-31 21:45:38.695557+00:00,3195909,ZİNCİRLİ RES,104120,2026-05-31T15:00:00+03:00,15:00
40W000003195909R,ZİNCİRLİ RES,unknown,2026-05-31 16:00:00+03:00,,3.7,chunk_0032.json,POST /v1/generation/data/dpp-bulk,2026-05-31 21:45:38.695557+00:00,3195909,ZİNCİRLİ RES,104120,2026-05-31T16:00:00+03:00,16:00
40W000003195909R,ZİNCİRLİ RES,unknown,2026-05-31 17:00:00+03:00,,3.3,chunk_0032.json,POST /v1/generation/data/dpp-bulk,2026-05-31 21:45:38.695557+00:00,3195909,ZİNCİRLİ RES,104120,2026-05-31T17:00:00+03:00,17:00
40W000003195909R,ZİNCİRLİ RES,unknown,2026-05-31 18:00:00+03:00,,2.62,chunk_0032.json,POST /v1/generation/data/dpp-bulk,2026-05-31 21:45:38.695557+00:00,3195909,ZİNCİRLİ RES,104120,2026-05-31T18:00:00+03:00,18:00
40W000003195909R,ZİNCİRLİ RES,unknown,2026-05-31 19:00:00+03:00,,2.2,chunk_0032.json,POST /v1/generation/data/dpp-bulk,2026-05-31 21:45:38.695557+00:00,3195909,ZİNCİRLİ RES,104120,2026-05-31T19:00:00+03:00,19:00
40W000003195909R,ZİNCİRLİ RES,unknown,2026-05-31 20:00:00+03:00,,1.6,chunk_0032.json,POST /v1/generation/data/dpp-bulk,2026-05-31 21:45:38.695557+00:00,3195909,ZİNCİRLİ RES,104120,2026-05-31T20:00:00+03:00,20:00
40W000003195909R,ZİNCİRLİ RES,unknown,2026-05-31 21:00:00+03:00,,0.73,chunk_0032.json,POST /v1/generation/data/dpp-bulk,2026-05-31 21:45:38.695557+00:00,3195909,ZİNCİRLİ RES,104120,2026-05-31T21:00:00+03:00,21:00
40W000003195909R,ZİNCİRLİ RES,unknown,2026-05-31 22:00:00+03:00,,0.6,chunk_0032.json,POST /v1/generation/data/dpp-bulk,2026-05-31 21:45:38.695557+00:00,3195909,ZİNCİRLİ RES,104120,2026-05-31T22:00:00+03:00,22:00
40W000003195909R,ZİNCİRLİ RES,unknown,2026-05-31 23:00:00+03:00,,0.3,chunk_0032.json,POST /v1/generation/data/dpp-bulk,2026-05-31 21:45:38.695557+00:00,3195909,ZİNCİRLİ RES,104120,2026-05-31T23:00:00+03:00,23:00
40W000003195967D,NAZAR ÜRETİM TESİSİ,unknown,2026-05-31 00:00:00+03:00,,0.0,chunk_0032.json,POST /v1/generation/data/dpp-bulk,2026-05-31 21:45:38.695557+00:00,3195967,NAZAR ÜRETİM TESİSİ,104120,2026-05-31T00:00:00+03:00,00:00
40W000003195967D,NAZAR ÜRETİM TESİSİ,unknown,2026-05-31 01:00:00+03:00,,0.0,chunk_0032.json,POST /v1/generation/data/dpp-bulk,2026-05-31 21:45:38.695557+00:00,3195967,NAZAR ÜRETİM TESİSİ,104120,2026-05-31T01:00:00+03:00,01:00
40W000003195967D,NAZAR ÜRETİM TESİSİ,unknown,2026-05-31 02:00:00+03:00,,0.0,chunk_0032.json,POST /v1/generation/data/dpp-bulk,2026-05-31 21:45:38.695557+00:00,3195967,NAZAR ÜRETİM TESİSİ,104120,2026-05-31T02:00:00+03:00,02:00
40W000003195967D,NAZAR ÜRETİM TESİSİ,unknown,2026-05-31 03:00:00+03:00,,0.0,chunk_0032.json,POST /v1/generation/data/dpp-bulk,2026-05-31 21:45:38.695557+00:00,3195967,NAZAR ÜRETİM TESİSİ,104120,2026-05-31T03:00:00+03:00,03:00
40W000003195967D,NAZAR ÜRETİM TESİSİ,unknown,2026-05-31 04:00:00+03:00,,0.0,chunk_0032.json,POST /v1/generation/data/dpp-bulk,2026-05-31 21:45:38.695557+00:00,3195967,NAZAR ÜRETİM TESİSİ,104120,2026-05-31T04:00:00+03:00,04:00
40W000003195967D,NAZAR ÜRETİM TESİSİ,unknown,2026-05-31 05:00:00+03:00,,0.0,chunk_0032.json,POST /v1/generation/data/dpp-bulk,2026-05-31 21:45:38.695557+00:00,3195967,NAZAR ÜRETİM TESİSİ,104120,2026-05-31T05:00:00+03:00,05:00
40W000003195967D,NAZAR ÜRETİM TESİSİ,unknown,2026-05-31 06:00:00+03:00,,0.0,chunk_0032.json,POST /v1/generation/data/dpp-bulk,2026-05-31 21:45:38.695557+00:00,3195967,NAZAR ÜRETİM TESİSİ,104120,2026-05-31T06:00:00+03:00,06:00
40W000003195967D,NAZAR ÜRETİM TESİSİ,unknown,2026-05-31 07:00:00+03:00,,0.0,chunk_0032.json,POST /v1/generation/data/dpp-bulk,2026-05-31 21:45:38.695557+00:00,3195967,NAZAR ÜRETİM TESİSİ,104120,2026-05-31T07:00:00+03:00,07:00
40W000003195967D,NAZAR ÜRETİM TESİSİ,unknown,2026-05-31 08:00:00+03:00,,0.0,chunk_0032.json,POST /v1/generation/data/dpp-bulk,2026-05-31 21:45:38.695557+00:00,3195967,NAZAR ÜRETİM TESİSİ,104120,2026-05-31T08:00:00+03:00,08:00
40W000003195967D,NAZAR ÜRETİM TESİSİ,unknown,2026-05-31 09:00:00+03:00,,0.0,chunk_0032.json,POST /v1/generation/data/dpp-bulk,2026-05-31 21:45:38.695557+00:00,3195967,NAZAR ÜRETİM TESİSİ,104120,2026-05-31T09:00:00+03:00,09:00
40W000003195967D,NAZAR ÜRETİM TESİSİ,unknown,2026-05-31 10:00:00+03:00,,0.0,chunk_0032.json,POST /v1/generation/data/dpp-bulk,2026-05-31 21:45:38.695557+00:00,3195967,NAZAR ÜRETİM TESİSİ,104120,2026-05-31T10:00:00+03:00,10:00
40W000003195967D,NAZAR ÜRETİM TESİSİ,unknown,2026-05-31 11:00:00+03:00,,0.0,chunk_0032.json,POST /v1/generation/data/dpp-bulk,2026-05-31 21:45:38.695557+00:00,3195967,NAZAR ÜRETİM TESİSİ,104120,2026-05-31T11:00:00+03:00,11:00
40W000003195967D,NAZAR ÜRETİM TESİSİ,unknown,2026-05-31 12:00:00+03:00,,0.0,chunk_0032.json,POST /v1/generation/data/dpp-bulk,2026-05-31 21:45:38.695557+00:00,3195967,NAZAR ÜRETİM TESİSİ,104120,2026-05-31T12:00:00+03:00,12:00
40W000003195967D,NAZAR ÜRETİM TESİSİ,unknown,2026-05-31 13:00:00+03:00,,0.0,chunk_0032.json,POST /v1/generation/data/dpp-bulk,2026-05-31 21:45:38.695557+00:00,3195967,NAZAR ÜRETİM TESİSİ,104120,2026-05-31T13:00:00+03:00,13:00
40W000003195967D,NAZAR ÜRETİM TESİSİ,unknown,2026-05-31 14:00:00+03:00,,0.0,chunk_0032.json,POST /v1/generation/data/dpp-bulk,2026-05-31 21:45:38.695557+00:00,3195967,NAZAR ÜRETİM TESİSİ,104120,2026-05-31T14:00:00+03:00,14:00
40W000003195967D,NAZAR ÜRETİM TESİSİ,unknown,2026-05-31 15:00:00+03:00,,0.0,chunk_0032.json,POST /v1/generation/data/dpp-bulk,2026-05-31 21:45:38.695557+00:00,3195967,NAZAR ÜRETİM TESİSİ,104120,2026-05-31T15:00:00+03:00,15:00
40W000003195967D,NAZAR ÜRETİM TESİSİ,unknown,2026-05-31 16:00:00+03:00,,0.0,chunk_0032.json,POST /v1/generation/data/dpp-bulk,2026-05-31 21:45:38.695557+00:00,3195967,NAZAR ÜRETİM TESİSİ,104120,2026-05-31T16:00:00+03:00,16:00
40W000003195967D,NAZAR ÜRETİM TESİSİ,unknown,2026-05-31 17:00:00+03:00,,0.0,chunk_0032.json,POST /v1/generation/data/dpp-bulk,2026-05-31 21:45:38.695557+00:00,3195967,NAZAR ÜRETİM TESİSİ,104120,2026-05-31T17:00:00+03:00,17:00
40W000003195967D,NAZAR ÜRETİM TESİSİ,unknown,2026-05-31 18:00:00+03:00,,0.0,chunk_0032.json,POST /v1/generation/data/dpp-bulk,2026-05-31 21:45:38.695557+00:00,3195967,NAZAR ÜRETİM TESİSİ,104120,2026-05-31T18:00:00+03:00,18:00
40W000003195967D,NAZAR ÜRETİM TESİSİ,unknown,2026-05-31 19:00:00+03:00,,0.0,chunk_0032.json,POST /v1/generation/data/dpp-bulk,2026-05-31 21:45:38.695557+00:00,3195967,NAZAR ÜRETİM TESİSİ,104120,2026-05-31T19:00:00+03:00,19:00
40W000003195967D,NAZAR ÜRETİM TESİSİ,unknown,2026-05-31 20:00:00+03:00,,0.0,chunk_0032.json,POST /v1/generation/data/dpp-bulk,2026-05-31 21:45:38.695557+00:00,3195967,NAZAR ÜRETİM TESİSİ,104120,2026-05-31T20:00:00+03:00,20:00
40W000003195967D,NAZAR ÜRETİM TESİSİ,unknown,2026-05-31 21:00:00+03:00,,0.0,chunk_0032.json,POST /v1/generation/data/dpp-bulk,2026-05-31 21:45:38.695557+00:00,3195967,NAZAR ÜRETİM TESİSİ,104120,2026-05-31T21:00:00+03:00,21:00
40W000003195967D,NAZAR ÜRETİM TESİSİ,unknown,2026-05-31 22:00:00+03:00,,0.0,chunk_0032.json,POST /v1/generation/data/dpp-bulk,2026-05-31 21:45:38.695557+00:00,3195967,NAZAR ÜRETİM TESİSİ,104120,2026-05-31T22:00:00+03:00,22:00
40W000003195967D,NAZAR ÜRETİM TESİSİ,unknown,2026-05-31 23:00:00+03:00,,0.0,chunk_0032.json,POST /v1/generation/data/dpp-bulk,2026-05-31 21:45:38.695557+00:00,3195967,NAZAR ÜRETİM TESİSİ,104120,2026-05-31T23:00:00+03:00,23:00
40W0000031957129,AMASYA RES,unknown,2026-05-31 00:00:00+03:00,,20.7,chunk_0032.json,POST /v1/generation/data/dpp-bulk,2026-05-31 21:45:38.695557+00:00,3195712,AMASYA RES,104320,2026-05-31T00:00:00+03:00,00:00
40W0000031957129,AMASYA RES,unknown,2026-05-31 01:00:00+03:00,,22.1,chunk_0032.json,POST /v1/generation/data/dpp-bulk,2026-05-31 21:45:38.695557+00:00,3195712,AMASYA RES,104320,2026-05-31T01:00:00+03:00,01:00
40W0000031957129,AMASYA RES,unknown,2026-05-31 02:00:00+03:00,,24.8,chunk_0032.json,POST /v1/generation/data/dpp-bulk,2026-05-31 21:45:38.695557+00:00,3195712,AMASYA RES,104320,2026-05-31T02:00:00+03:00,02:00
40W0000031957129,AMASYA RES,unknown,2026-05-31 03:00:00+03:00,,26.5,chunk_0032.json,POST /v1/generation/data/dpp-bulk,2026-05-31 21:45:38.695557+00:00,3195712,AMASYA RES,104320,2026-05-31T03:00:00+03:00,03:00
40W0000031957129,AMASYA RES,unknown,2026-05-31 04:00:00+03:00,,26.5,chunk_0032.json,POST /v1/generation/data/dpp-bulk,2026-05-31 21:45:38.695557+00:00,3195712,AMASYA RES,104320,2026-05-31T04:00:00+03:00,04:00
40W0000031957129,AMASYA RES,unknown,2026-05-31 05:00:00+03:00,,25.8,chunk_0032.json,POST /v1/generation/data/dpp-bulk,2026-05-31 21:45:38.695557+00:00,3195712,AMASYA RES,104320,2026-05-31T05:00:00+03:00,05:00
40W0000031957129,AMASYA RES,unknown,2026-05-31 06:00:00+03:00,,24.9,chunk_0032.json,POST /v1/generation/data/dpp-bulk,2026-05-31 21:45:38.695557+00:00,3195712,AMASYA RES,104320,2026-05-31T06:00:00+03:00,06:00
40W0000031957129,AMASYA RES,unknown,2026-05-31 07:00:00+03:00,,22.1,chunk_0032.json,POST /v1/generation/data/dpp-bulk,2026-05-31 21:45:38.695557+00:00,3195712,AMASYA RES,104320,2026-05-31T07:00:00+03:00,07:00
40W0000031957129,AMASYA RES,unknown,2026-05-31 08:00:00+03:00,,18.1,chunk_0032.json,POST /v1/generation/data/dpp-bulk,2026-05-31 21:45:38.695557+00:00,3195712,AMASYA RES,104320,2026-05-31T08:00:00+03:00,08:00
40W0000031957129,AMASYA RES,unknown,2026-05-31 09:00:00+03:00,,15.1,chunk_0032.json,POST /v1/generation/data/dpp-bulk,2026-05-31 21:45:38.695557+00:00,3195712,AMASYA RES,104320,2026-05-31T09:00:00+03:00,09:00
40W0000031957129,AMASYA RES,unknown,2026-05-31 10:00:00+03:00,,12.3,chunk_0032.json,POST /v1/generation/data/dpp-bulk,2026-05-31 21:45:38.695557+00:00,3195712,AMASYA RES,104320,2026-05-31T10:00:00+03:00,10:00
40W0000031957129,AMASYA RES,unknown,2026-05-31 11:00:00+03:00,,9.6,chunk_0032.json,POST /v1/generation/data/dpp-bulk,2026-05-31 21:45:38.695557+00:00,3195712,AMASYA RES,104320,2026-05-31T11:00:00+03:00,11:00
40W0000031957129,AMASYA RES,unknown,2026-05-31 12:00:00+03:00,,7.7,chunk_0032.json,POST /v1/generation/data/dpp-bulk,2026-05-31 21:45:38.695557+00:00,3195712,AMASYA RES,104320,2026-05-31T12:00:00+03:00,12:00
40W0000031957129,AMASYA RES,unknown,2026-05-31 13:00:00+03:00,,6.9,chunk_0032.json,POST /v1/generation/data/dpp-bulk,2026-05-31 21:45:38.695557+00:00,3195712,AMASYA RES,104320,2026-05-31T13:00:00+03:00,13:00
40W0000031957129,AMASYA RES,unknown,2026-05-31 14:00:00+03:00,,7.2,chunk_0032.json,POST /v1/generation/data/dpp-bulk,2026-05-31 21:45:38.695557+00:00,3195712,AMASYA RES,104320,2026-05-31T14:00:00+03:00,14:00
40W0000031957129,AMASYA RES,unknown,2026-05-31 15:00:00+03:00,,7.7,chunk_0032.json,POST /v1/generation/data/dpp-bulk,2026-05-31 21:45:38.695557+00:00,3195712,AMASYA RES,104320,2026-05-31T15:00:00+03:00,15:00
40W0000031957129,AMASYA RES,unknown,2026-05-31 16:00:00+03:00,,8.0,chunk_0032.json,POST /v1/generation/data/dpp-bulk,2026-05-31 21:45:38.695557+00:00,3195712,AMASYA RES,104320,2026-05-31T16:00:00+03:00,16:00
40W0000031957129,AMASYA RES,unknown,2026-05-31 17:00:00+03:00,,7.4,chunk_0032.json,POST /v1/generation/data/dpp-bulk,2026-05-31 21:45:38.695557+00:00,3195712,AMASYA RES,104320,2026-05-31T17:00:00+03:00,17:00
40W0000031957129,AMASYA RES,unknown,2026-05-31 18:00:00+03:00,,6.2,chunk_0032.json,POST /v1/generation/data/dpp-bulk,2026-05-31 21:45:38.695557+00:00,3195712,AMASYA RES,104320,2026-05-31T18:00:00+03:00,18:00
40W0000031957129,AMASYA RES,unknown,2026-05-31 19:00:00+03:00,,5.1,chunk_0032.json,POST /v1/generation/data/dpp-bulk,2026-05-31 21:45:38.695557+00:00,3195712,AMASYA RES,104320,2026-05-31T19:00:00+03:00,19:00
40W0000031957129,AMASYA RES,unknown,2026-05-31 20:00:00+03:00,,5.2,chunk_0032.json,POST /v1/generation/data/dpp-bulk,2026-05-31 21:45:38.695557+00:00,3195712,AMASYA RES,104320,2026-05-31T20:00:00+03:00,20:00
40W0000031957129,AMASYA RES,unknown,2026-05-31 21:00:00+03:00,,6.4,chunk_0032.json,POST /v1/generation/data/dpp-bulk,2026-05-31 21:45:38.695557+00:00,3195712,AMASYA RES,104320,2026-05-31T21:00:00+03:00,21:00
40W0000031957129,AMASYA RES,unknown,2026-05-31 22:00:00+03:00,,8.0,chunk_0032.json,POST /v1/generation/data/dpp-bulk,2026-05-31 21:45:38.695557+00:00,3195712,AMASYA RES,104320,2026-05-31T22:00:00+03:00,22:00
40W0000031957129,AMASYA RES,unknown,2026-05-31 23:00:00+03:00,,9.7,chunk_0032.json,POST /v1/generation/data/dpp-bulk,2026-05-31 21:45:38.695557+00:00,3195712,AMASYA RES,104320,2026-05-31T23:00:00+03:00,23:00
40W0000031955096,VANAZİT HES,unknown,2026-05-31 00:00:00+03:00,,1.7,chunk_0032.json,POST /v1/generation/data/dpp-bulk,2026-05-31 21:45:38.695557+00:00,3195509,VANAZİT HES,104381,2026-05-31T00:00:00+03:00,00:00
40W0000031955096,VANAZİT HES,unknown,2026-05-31 01:00:00+03:00,,1.7,chunk_0032.json,POST /v1/generation/data/dpp-bulk,2026-05-31 21:45:38.695557+00:00,3195509,VANAZİT HES,104381,2026-05-31T01:00:00+03:00,01:00
40W0000031955096,VANAZİT HES,unknown,2026-05-31 02:00:00+03:00,,2.1,chunk_0032.json,POST /v1/generation/data/dpp-bulk,2026-05-31 21:45:38.695557+00:00,3195509,VANAZİT HES,104381,2026-05-31T02:00:00+03:00,02:00
40W0000031955096,VANAZİT HES,unknown,2026-05-31 03:00:00+03:00,,2.1,chunk_0032.json,POST /v1/generation/data/dpp-bulk,2026-05-31 21:45:38.695557+00:00,3195509,VANAZİT HES,104381,2026-05-31T03:00:00+03:00,03:00
40W0000031955096,VANAZİT HES,unknown,2026-05-31 04:00:00+03:00,,1.7,chunk_0032.json,POST /v1/generation/data/dpp-bulk,2026-05-31 21:45:38.695557+00:00,3195509,VANAZİT HES,104381,2026-05-31T04:00:00+03:00,04:00
40W0000031955096,VANAZİT HES,unknown,2026-05-31 05:00:00+03:00,,2.1,chunk_0032.json,POST /v1/generation/data/dpp-bulk,2026-05-31 21:45:38.695557+00:00,3195509,VANAZİT HES,104381,2026-05-31T05:00:00+03:00,05:00
40W0000031955096,VANAZİT HES,unknown,2026-05-31 06:00:00+03:00,,1.7,chunk_0032.json,POST /v1/generation/data/dpp-bulk,2026-05-31 21:45:38.695557+00:00,3195509,VANAZİT HES,104381,2026-05-31T06:00:00+03:00,06:00
40W0000031955096,VANAZİT HES,unknown,2026-05-31 07:00:00+03:00,,1.7,chunk_0032.json,POST /v1/generation/data/dpp-bulk,2026-05-31 21:45:38.695557+00:00,3195509,VANAZİT HES,104381,2026-05-31T07:00:00+03:00,07:00
40W0000031955096,VANAZİT HES,unknown,2026-05-31 08:00:00+03:00,,1.7,chunk_0032.json,POST /v1/generation/data/dpp-bulk,2026-05-31 21:45:38.695557+00:00,3195509,VANAZİT HES,104381,2026-05-31T08:00:00+03:00,08:00
40W0000031955096,VANAZİT HES,unknown,2026-05-31 09:00:00+03:00,,1.7,chunk_0032.json,POST /v1/generation/data/dpp-bulk,2026-05-31 21:45:38.695557+00:00,3195509,VANAZİT HES,104381,2026-05-31T09:00:00+03:00,09:00
40W0000031955096,VANAZİT HES,unknown,2026-05-31 10:00:00+03:00,,1.7,chunk_0032.json,POST /v1/generation/data/dpp-bulk,2026-05-31 21:45:38.695557+00:00,3195509,VANAZİT HES,104381,2026-05-31T10:00:00+03:00,10:00
40W0000031955096,VANAZİT HES,unknown,2026-05-31 11:00:00+03:00,,1.7,chunk_0032.json,POST /v1/generation/data/dpp-bulk,2026-05-31 21:45:38.695557+00:00,3195509,VANAZİT HES,104381,2026-05-31T11:00:00+03:00,11:00
40W0000031955096,VANAZİT HES,unknown,2026-05-31 12:00:00+03:00,,1.6,chunk_0032.json,POST /v1/generation/data/dpp-bulk,2026-05-31 21:45:38.695557+00:00,3195509,VANAZİT HES,104381,2026-05-31T12:00:00+03:00,12:00
40W0000031955096,VANAZİT HES,unknown,2026-05-31 13:00:00+03:00,,1.6,chunk_0032.json,POST /v1/generation/data/dpp-bulk,2026-05-31 21:45:38.695557+00:00,3195509,VANAZİT HES,104381,2026-05-31T13:00:00+03:00,13:00
40W0000031955096,VANAZİT HES,unknown,2026-05-31 14:00:00+03:00,,1.6,chunk_0032.json,POST /v1/generation/data/dpp-bulk,2026-05-31 21:45:38.695557+00:00,3195509,VANAZİT HES,104381,2026-05-31T14:00:00+03:00,14:00
40W0000031955096,VANAZİT HES,unknown,2026-05-31 15:00:00+03:00,,1.6,chunk_0032.json,POST /v1/generation/data/dpp-bulk,2026-05-31 21:45:38.695557+00:00,3195509,VANAZİT HES,104381,2026-05-31T15:00:00+03:00,15:00
40W0000031955096,VANAZİT HES,unknown,2026-05-31 16:00:00+03:00,,1.6,chunk_0032.json,POST /v1/generation/data/dpp-bulk,2026-05-31 21:45:38.695557+00:00,3195509,VANAZİT HES,104381,2026-05-31T16:00:00+03:00,16:00
40W0000031955096,VANAZİT HES,unknown,2026-05-31 17:00:00+03:00,,2.0,chunk_0032.json,POST /v1/generation/data/dpp-bulk,2026-05-31 21:45:38.695557+00:00,3195509,VANAZİT HES,104381,2026-05-31T17:00:00+03:00,17:00
40W0000031955096,VANAZİT HES,unknown,2026-05-31 18:00:00+03:00,,1.9,chunk_0032.json,POST /v1/generation/data/dpp-bulk,2026-05-31 21:45:38.695557+00:00,3195509,VANAZİT HES,104381,2026-05-31T18:00:00+03:00,18:00
40W0000031955096,VANAZİT HES,unknown,2026-05-31 19:00:00+03:00,,1.6,chunk_0032.json,POST /v1/generation/data/dpp-bulk,2026-05-31 21:45:38.695557+00:00,3195509,VANAZİT HES,104381,2026-05-31T19:00:00+03:00,19:00
40W0000031955096,VANAZİT HES,unknown,2026-05-31 20:00:00+03:00,,1.6,chunk_0032.json,POST /v1/generation/data/dpp-bulk,2026-05-31 21:45:38.695557+00:00,3195509,VANAZİT HES,104381,2026-05-31T20:00:00+03:00,20:00
40W0000031955096,VANAZİT HES,unknown,2026-05-31 21:00:00+03:00,,1.6,chunk_0032.json,POST /v1/generation/data/dpp-bulk,2026-05-31 21:45:38.695557+00:00,3195509,VANAZİT HES,104381,2026-05-31T21:00:00+03:00,21:00
40W0000031955096,VANAZİT HES,unknown,2026-05-31 22:00:00+03:00,,1.6,chunk_0032.json,POST /v1/generation/data/dpp-bulk,2026-05-31 21:45:38.695557+00:00,3195509,VANAZİT HES,104381,2026-05-31T22:00:00+03:00,22:00
40W0000031955096,VANAZİT HES,unknown,2026-05-31 23:00:00+03:00,,1.6,chunk_0032.json,POST /v1/generation/data/dpp-bulk,2026-05-31 21:45:38.695557+00:00,3195509,VANAZİT HES,104381,2026-05-31T23:00:00+03:00,23:00
40W000003195271D,KONYA BİOGAZ,unknown,2026-05-31 00:00:00+03:00,,0.0,chunk_0032.json,POST /v1/generation/data/dpp-bulk,2026-05-31 21:45:38.695557+00:00,3195271,KONYA BİOGAZ,104942,2026-05-31T00:00:00+03:00,00:00
40W000003195271D,KONYA BİOGAZ,unknown,2026-05-31 01:00:00+03:00,,0.0,chunk_0032.json,POST /v1/generation/data/dpp-bulk,2026-05-31 21:45:38.695557+00:00,3195271,KONYA BİOGAZ,104942,2026-05-31T01:00:00+03:00,01:00
40W000003195271D,KONYA BİOGAZ,unknown,2026-05-31 02:00:00+03:00,,0.0,chunk_0032.json,POST /v1/generation/data/dpp-bulk,2026-05-31 21:45:38.695557+00:00,3195271,KONYA BİOGAZ,104942,2026-05-31T02:00:00+03:00,02:00
40W000003195271D,KONYA BİOGAZ,unknown,2026-05-31 03:00:00+03:00,,0.0,chunk_0032.json,POST /v1/generation/data/dpp-bulk,2026-05-31 21:45:38.695557+00:00,3195271,KONYA BİOGAZ,104942,2026-05-31T03:00:00+03:00,03:00
40W000003195271D,KONYA BİOGAZ,unknown,2026-05-31 04:00:00+03:00,,0.0,chunk_0032.json,POST /v1/generation/data/dpp-bulk,2026-05-31 21:45:38.695557+00:00,3195271,KONYA BİOGAZ,104942,2026-05-31T04:00:00+03:00,04:00
40W000003195271D,KONYA BİOGAZ,unknown,2026-05-31 05:00:00+03:00,,0.0,chunk_0032.json,POST /v1/generation/data/dpp-bulk,2026-05-31 21:45:38.695557+00:00,3195271,KONYA BİOGAZ,104942,2026-05-31T05:00:00+03:00,05:00
40W000003195271D,KONYA BİOGAZ,unknown,2026-05-31 06:00:00+03:00,,0.0,chunk_0032.json,POST /v1/generation/data/dpp-bulk,2026-05-31 21:45:38.695557+00:00,3195271,KONYA BİOGAZ,104942,2026-05-31T06:00:00+03:00,06:00
40W000003195271D,KONYA BİOGAZ,unknown,2026-05-31 07:00:00+03:00,,0.0,chunk_0032.json,POST /v1/generation/data/dpp-bulk,2026-05-31 21:45:38.695557+00:00,3195271,KONYA BİOGAZ,104942,2026-05-31T07:00:00+03:00,07:00
40W000003195271D,KONYA BİOGAZ,unknown,2026-05-31 08:00:00+03:00,,0.0,chunk_0032.json,POST /v1/generation/data/dpp-bulk,2026-05-31 21:45:38.695557+00:00,3195271,KONYA BİOGAZ,104942,2026-05-31T08:00:00+03:00,08:00
40W000003195271D,KONYA BİOGAZ,unknown,2026-05-31 09:00:00+03:00,,0.0,chunk_0032.json,POST /v1/generation/data/dpp-bulk,2026-05-31 21:45:38.695557+00:00,3195271,KONYA BİOGAZ,104942,2026-05-31T09:00:00+03:00,09:00
40W000003195271D,KONYA BİOGAZ,unknown,2026-05-31 10:00:00+03:00,,0.0,chunk_0032.json,POST /v1/generation/data/dpp-bulk,2026-05-31 21:45:38.695557+00:00,3195271,KONYA BİOGAZ,104942,2026-05-31T10:00:00+03:00,10:00
40W000003195271D,KONYA BİOGAZ,unknown,2026-05-31 11:00:00+03:00,,0.0,chunk_0032.json,POST /v1/generation/data/dpp-bulk,2026-05-31 21:45:38.695557+00:00,3195271,KONYA BİOGAZ,104942,2026-05-31T11:00:00+03:00,11:00
40W000003195271D,KONYA BİOGAZ,unknown,2026-05-31 12:00:00+03:00,,0.0,chunk_0032.json,POST /v1/generation/data/dpp-bulk,2026-05-31 21:45:38.695557+00:00,3195271,KONYA BİOGAZ,104942,2026-05-31T12:00:00+03:00,12:00
40W000003195271D,KONYA BİOGAZ,unknown,2026-05-31 13:00:00+03:00,,0.0,chunk_0032.json,POST /v1/generation/data/dpp-bulk,2026-05-31 21:45:38.695557+00:00,3195271,KONYA BİOGAZ,104942,2026-05-31T13:00:00+03:00,13:00
40W000003195271D,KONYA BİOGAZ,unknown,2026-05-31 14:00:00+03:00,,0.0,chunk_0032.json,POST /v1/generation/data/dpp-bulk,2026-05-31 21:45:38.695557+00:00,3195271,KONYA BİOGAZ,104942,2026-05-31T14:00:00+03:00,14:00
40W000003195271D,KONYA BİOGAZ,unknown,2026-05-31 15:00:00+03:00,,0.0,chunk_0032.json,POST /v1/generation/data/dpp-bulk,2026-05-31 21:45:38.695557+00:00,3195271,KONYA BİOGAZ,104942,2026-05-31T15:00:00+03:00,15:00
40W000003195271D,KONYA BİOGAZ,unknown,2026-05-31 16:00:00+03:00,,0.0,chunk_0032.json,POST /v1/generation/data/dpp-bulk,2026-05-31 21:45:38.695557+00:00,3195271,KONYA BİOGAZ,104942,2026-05-31T16:00:00+03:00,16:00
40W000003195271D,KONYA BİOGAZ,unknown,2026-05-31 17:00:00+03:00,,0.0,chunk_0032.json,POST /v1/generation/data/dpp-bulk,2026-05-31 21:45:38.695557+00:00,3195271,KONYA BİOGAZ,104942,2026-05-31T17:00:00+03:00,17:00
40W000003195271D,KONYA BİOGAZ,unknown,2026-05-31 18:00:00+03:00,,0.0,chunk_0032.json,POST /v1/generation/data/dpp-bulk,2026-05-31 21:45:38.695557+00:00,3195271,KONYA BİOGAZ,104942,2026-05-31T18:00:00+03:00,18:00
40W000003195271D,KONYA BİOGAZ,unknown,2026-05-31 19:00:00+03:00,,0.0,chunk_0032.json,POST /v1/generation/data/dpp-bulk,2026-05-31 21:45:38.695557+00:00,3195271,KONYA BİOGAZ,104942,2026-05-31T19:00:00+03:00,19:00
40W000003195271D,KONYA BİOGAZ,unknown,2026-05-31 20:00:00+03:00,,0.0,chunk_0032.json,POST /v1/generation/data/dpp-bulk,2026-05-31 21:45:38.695557+00:00,3195271,KONYA BİOGAZ,104942,2026-05-31T20:00:00+03:00,20:00
40W000003195271D,KONYA BİOGAZ,unknown,2026-05-31 21:00:00+03:00,,0.0,chunk_0032.json,POST /v1/generation/data/dpp-bulk,2026-05-31 21:45:38.695557+00:00,3195271,KONYA BİOGAZ,104942,2026-05-31T21:00:00+03:00,21:00
40W000003195271D,KONYA BİOGAZ,unknown,2026-05-31 22:00:00+03:00,,0.0,chunk_0032.json,POST /v1/generation/data/dpp-bulk,2026-05-31 21:45:38.695557+00:00,3195271,KONYA BİOGAZ,104942,2026-05-31T22:00:00+03:00,22:00
40W000003195271D,KONYA BİOGAZ,unknown,2026-05-31 23:00:00+03:00,,0.0,chunk_0032.json,POST /v1/generation/data/dpp-bulk,2026-05-31 21:45:38.695557+00:00,3195271,KONYA BİOGAZ,104942,2026-05-31T23:00:00+03:00,23:00
40W000003195711B,KİPAŞ KAĞIT SANAYİ İŞLETMELERİ A.Ş.,unknown,2026-05-31 00:00:00+03:00,,0.0,chunk_0032.json,POST /v1/generation/data/dpp-bulk,2026-05-31 21:45:38.695557+00:00,3195711,KİPAŞ KAĞIT SANAYİ İŞLETMELERİ A.Ş.,105042,2026-05-31T00:00:00+03:00,00:00
40W000003195711B,KİPAŞ KAĞIT SANAYİ İŞLETMELERİ A.Ş.,unknown,2026-05-31 01:00:00+03:00,,0.0,chunk_0032.json,POST /v1/generation/data/dpp-bulk,2026-05-31 21:45:38.695557+00:00,3195711,KİPAŞ KAĞIT SANAYİ İŞLETMELERİ A.Ş.,105042,2026-05-31T01:00:00+03:00,01:00
40W000003195711B,KİPAŞ KAĞIT SANAYİ İŞLETMELERİ A.Ş.,unknown,2026-05-31 02:00:00+03:00,,0.0,chunk_0032.json,POST /v1/generation/data/dpp-bulk,2026-05-31 21:45:38.695557+00:00,3195711,KİPAŞ KAĞIT SANAYİ İŞLETMELERİ A.Ş.,105042,2026-05-31T02:00:00+03:00,02:00
40W000003195711B,KİPAŞ KAĞIT SANAYİ İŞLETMELERİ A.Ş.,unknown,2026-05-31 03:00:00+03:00,,0.0,chunk_0032.json,POST /v1/generation/data/dpp-bulk,2026-05-31 21:45:38.695557+00:00,3195711,KİPAŞ KAĞIT SANAYİ İŞLETMELERİ A.Ş.,105042,2026-05-31T03:00:00+03:00,03:00
40W000003195711B,KİPAŞ KAĞIT SANAYİ İŞLETMELERİ A.Ş.,unknown,2026-05-31 04:00:00+03:00,,0.0,chunk_0032.json,POST /v1/generation/data/dpp-bulk,2026-05-31 21:45:38.695557+00:00,3195711,KİPAŞ KAĞIT SANAYİ İŞLETMELERİ A.Ş.,105042,2026-05-31T04:00:00+03:00,04:00
40W000003195711B,KİPAŞ KAĞIT SANAYİ İŞLETMELERİ A.Ş.,unknown,2026-05-31 05:00:00+03:00,,0.0,chunk_0032.json,POST /v1/generation/data/dpp-bulk,2026-05-31 21:45:38.695557+00:00,3195711,KİPAŞ KAĞIT SANAYİ İŞLETMELERİ A.Ş.,105042,2026-05-31T05:00:00+03:00,05:00
40W000003195711B,KİPAŞ KAĞIT SANAYİ İŞLETMELERİ A.Ş.,unknown,2026-05-31 06:00:00+03:00,,0.0,chunk_0032.json,POST /v1/generation/data/dpp-bulk,2026-05-31 21:45:38.695557+00:00,3195711,KİPAŞ KAĞIT SANAYİ İŞLETMELERİ A.Ş.,105042,2026-05-31T06:00:00+03:00,06:00
40W000003195711B,KİPAŞ KAĞIT SANAYİ İŞLETMELERİ A.Ş.,unknown,2026-05-31 07:00:00+03:00,,0.0,chunk_0032.json,POST /v1/generation/data/dpp-bulk,2026-05-31 21:45:38.695557+00:00,3195711,KİPAŞ KAĞIT SANAYİ İŞLETMELERİ A.Ş.,105042,2026-05-31T07:00:00+03:00,07:00
40W000003195711B,KİPAŞ KAĞIT SANAYİ İŞLETMELERİ A.Ş.,unknown,2026-05-31 08:00:00+03:00,,0.0,chunk_0032.json,POST /v1/generation/data/dpp-bulk,2026-05-31 21:45:38.695557+00:00,3195711,KİPAŞ KAĞIT SANAYİ İŞLETMELERİ A.Ş.,105042,2026-05-31T08:00:00+03:00,08:00
40W000003195711B,KİPAŞ KAĞIT SANAYİ İŞLETMELERİ A.Ş.,unknown,2026-05-31 09:00:00+03:00,,0.0,chunk_0032.json,POST /v1/generation/data/dpp-bulk,2026-05-31 21:45:38.695557+00:00,3195711,KİPAŞ KAĞIT SANAYİ İŞLETMELERİ A.Ş.,105042,2026-05-31T09:00:00+03:00,09:00
40W000003195711B,KİPAŞ KAĞIT SANAYİ İŞLETMELERİ A.Ş.,unknown,2026-05-31 10:00:00+03:00,,0.0,chunk_0032.json,POST /v1/generation/data/dpp-bulk,2026-05-31 21:45:38.695557+00:00,3195711,KİPAŞ KAĞIT SANAYİ İŞLETMELERİ A.Ş.,105042,2026-05-31T10:00:00+03:00,10:00
40W000003195711B,KİPAŞ KAĞIT SANAYİ İŞLETMELERİ A.Ş.,unknown,2026-05-31 11:00:00+03:00,,0.0,chunk_0032.json,POST /v1/generation/data/dpp-bulk,2026-05-31 21:45:38.695557+00:00,3195711,KİPAŞ KAĞIT SANAYİ İŞLETMELERİ A.Ş.,105042,2026-05-31T11:00:00+03:00,11:00
40W000003195711B,KİPAŞ KAĞIT SANAYİ İŞLETMELERİ A.Ş.,unknown,2026-05-31 12:00:00+03:00,,0.0,chunk_0032.json,POST /v1/generation/data/dpp-bulk,2026-05-31 21:45:38.695557+00:00,3195711,KİPAŞ KAĞIT SANAYİ İŞLETMELERİ A.Ş.,105042,2026-05-31T12:00:00+03:00,12:00
40W000003195711B,KİPAŞ KAĞIT SANAYİ İŞLETMELERİ A.Ş.,unknown,2026-05-31 13:00:00+03:00,,0.0,chunk_0032.json,POST /v1/generation/data/dpp-bulk,2026-05-31 21:45:38.695557+00:00,3195711,KİPAŞ KAĞIT SANAYİ İŞLETMELERİ A.Ş.,105042,2026-05-31T13:00:00+03:00,13:00
40W000003195711B,KİPAŞ KAĞIT SANAYİ İŞLETMELERİ A.Ş.,unknown,2026-05-31 14:00:00+03:00,,0.0,chunk_0032.json,POST /v1/generation/data/dpp-bulk,2026-05-31 21:45:38.695557+00:00,3195711,KİPAŞ KAĞIT SANAYİ İŞLETMELERİ A.Ş.,105042,2026-05-31T14:00:00+03:00,14:00
40W000003195711B,KİPAŞ KAĞIT SANAYİ İŞLETMELERİ A.Ş.,unknown,2026-05-31 15:00:00+03:00,,0.0,chunk_0032.json,POST /v1/generation/data/dpp-bulk,2026-05-31 21:45:38.695557+00:00,3195711,KİPAŞ KAĞIT SANAYİ İŞLETMELERİ A.Ş.,105042,2026-05-31T15:00:00+03:00,15:00
40W000003195711B,KİPAŞ KAĞIT SANAYİ İŞLETMELERİ A.Ş.,unknown,2026-05-31 16:00:00+03:00,,0.0,chunk_0032.json,POST /v1/generation/data/dpp-bulk,2026-05-31 21:45:38.695557+00:00,3195711,KİPAŞ KAĞIT SANAYİ İŞLETMELERİ A.Ş.,105042,2026-05-31T16:00:00+03:00,16:00
40W000003195711B,KİPAŞ KAĞIT SANAYİ İŞLETMELERİ A.Ş.,unknown,2026-05-31 17:00:00+03:00,,0.0,chunk_0032.json,POST /v1/generation/data/dpp-bulk,2026-05-31 21:45:38.695557+00:00,3195711,KİPAŞ KAĞIT SANAYİ İŞLETMELERİ A.Ş.,105042,2026-05-31T17:00:00+03:00,17:00
40W000003195711B,KİPAŞ KAĞIT SANAYİ İŞLETMELERİ A.Ş.,unknown,2026-05-31 18:00:00+03:00,,0.0,chunk_0032.json,POST /v1/generation/data/dpp-bulk,2026-05-31 21:45:38.695557+00:00,3195711,KİPAŞ KAĞIT SANAYİ İŞLETMELERİ A.Ş.,105042,2026-05-31T18:00:00+03:00,18:00
40W000003195711B,KİPAŞ KAĞIT SANAYİ İŞLETMELERİ A.Ş.,unknown,2026-05-31 19:00:00+03:00,,0.0,chunk_0032.json,POST /v1/generation/data/dpp-bulk,2026-05-31 21:45:38.695557+00:00,3195711,KİPAŞ KAĞIT SANAYİ İŞLETMELERİ A.Ş.,105042,2026-05-31T19:00:00+03:00,19:00
40W000003195711B,KİPAŞ KAĞIT SANAYİ İŞLETMELERİ A.Ş.,unknown,2026-05-31 20:00:00+03:00,,0.0,chunk_0032.json,POST /v1/generation/data/dpp-bulk,2026-05-31 21:45:38.695557+00:00,3195711,KİPAŞ KAĞIT SANAYİ İŞLETMELERİ A.Ş.,105042,2026-05-31T20:00:00+03:00,20:00
40W000003195711B,KİPAŞ KAĞIT SANAYİ İŞLETMELERİ A.Ş.,unknown,2026-05-31 21:00:00+03:00,,0.0,chunk_0032.json,POST /v1/generation/data/dpp-bulk,2026-05-31 21:45:38.695557+00:00,3195711,KİPAŞ KAĞIT SANAYİ İŞLETMELERİ A.Ş.,105042,2026-05-31T21:00:00+03:00,21:00
40W000003195711B,KİPAŞ KAĞIT SANAYİ İŞLETMELERİ A.Ş.,unknown,2026-05-31 22:00:00+03:00,,0.0,chunk_0032.json,POST /v1/generation/data/dpp-bulk,2026-05-31 21:45:38.695557+00:00,3195711,KİPAŞ KAĞIT SANAYİ İŞLETMELERİ A.Ş.,105042,2026-05-31T22:00:00+03:00,22:00
40W000003195711B,KİPAŞ KAĞIT SANAYİ İŞLETMELERİ A.Ş.,unknown,2026-05-31 23:00:00+03:00,,0.0,chunk_0032.json,POST /v1/generation/data/dpp-bulk,2026-05-31 21:45:38.695557+00:00,3195711,KİPAŞ KAĞIT SANAYİ İŞLETMELERİ A.Ş.,105042,2026-05-31T23:00:00+03:00,23:00
