entsoe_code,plant_name,fuel_type,delivery_hour,publication_timestamp,kgup_mwh,source_file,source_api,forecast_timestamp,uevcb_id,uevcb_name,org_id,date_raw,time_raw
40W000003218311G,MASPO ALAŞEHİR JES,unknown,2026-05-31 00:00:00+03:00,,6.6,chunk_0066.json,POST /v1/generation/data/dpp-bulk,2026-05-31 21:45:53.350564+00:00,3218311,MASPO ALAŞEHİR JES,10897,2026-05-31T00:00:00+03:00,00:00
40W000003218311G,MASPO ALAŞEHİR JES,unknown,2026-05-31 01:00:00+03:00,,6.6,chunk_0066.json,POST /v1/generation/data/dpp-bulk,2026-05-31 21:45:53.350564+00:00,3218311,MASPO ALAŞEHİR JES,10897,2026-05-31T01:00:00+03:00,01:00
40W000003218311G,MASPO ALAŞEHİR JES,unknown,2026-05-31 02:00:00+03:00,,6.7,chunk_0066.json,POST /v1/generation/data/dpp-bulk,2026-05-31 21:45:53.350564+00:00,3218311,MASPO ALAŞEHİR JES,10897,2026-05-31T02:00:00+03:00,02:00
40W000003218311G,MASPO ALAŞEHİR JES,unknown,2026-05-31 03:00:00+03:00,,6.7,chunk_0066.json,POST /v1/generation/data/dpp-bulk,2026-05-31 21:45:53.350564+00:00,3218311,MASPO ALAŞEHİR JES,10897,2026-05-31T03:00:00+03:00,03:00
40W000003218311G,MASPO ALAŞEHİR JES,unknown,2026-05-31 04:00:00+03:00,,6.8,chunk_0066.json,POST /v1/generation/data/dpp-bulk,2026-05-31 21:45:53.350564+00:00,3218311,MASPO ALAŞEHİR JES,10897,2026-05-31T04:00:00+03:00,04:00
40W000003218311G,MASPO ALAŞEHİR JES,unknown,2026-05-31 05:00:00+03:00,,6.8,chunk_0066.json,POST /v1/generation/data/dpp-bulk,2026-05-31 21:45:53.350564+00:00,3218311,MASPO ALAŞEHİR JES,10897,2026-05-31T05:00:00+03:00,05:00
40W000003218311G,MASPO ALAŞEHİR JES,unknown,2026-05-31 06:00:00+03:00,,6.9,chunk_0066.json,POST /v1/generation/data/dpp-bulk,2026-05-31 21:45:53.350564+00:00,3218311,MASPO ALAŞEHİR JES,10897,2026-05-31T06:00:00+03:00,06:00
40W000003218311G,MASPO ALAŞEHİR JES,unknown,2026-05-31 07:00:00+03:00,,7.1,chunk_0066.json,POST /v1/generation/data/dpp-bulk,2026-05-31 21:45:53.350564+00:00,3218311,MASPO ALAŞEHİR JES,10897,2026-05-31T07:00:00+03:00,07:00
40W000003218311G,MASPO ALAŞEHİR JES,unknown,2026-05-31 08:00:00+03:00,,6.8,chunk_0066.json,POST /v1/generation/data/dpp-bulk,2026-05-31 21:45:53.350564+00:00,3218311,MASPO ALAŞEHİR JES,10897,2026-05-31T08:00:00+03:00,08:00
40W000003218311G,MASPO ALAŞEHİR JES,unknown,2026-05-31 09:00:00+03:00,,6.4,chunk_0066.json,POST /v1/generation/data/dpp-bulk,2026-05-31 21:45:53.350564+00:00,3218311,MASPO ALAŞEHİR JES,10897,2026-05-31T09:00:00+03:00,09:00
40W000003218311G,MASPO ALAŞEHİR JES,unknown,2026-05-31 10:00:00+03:00,,6.1,chunk_0066.json,POST /v1/generation/data/dpp-bulk,2026-05-31 21:45:53.350564+00:00,3218311,MASPO ALAŞEHİR JES,10897,2026-05-31T10:00:00+03:00,10:00
40W000003218311G,MASPO ALAŞEHİR JES,unknown,2026-05-31 11:00:00+03:00,,5.9,chunk_0066.json,POST /v1/generation/data/dpp-bulk,2026-05-31 21:45:53.350564+00:00,3218311,MASPO ALAŞEHİR JES,10897,2026-05-31T11:00:00+03:00,11:00
40W000003218311G,MASPO ALAŞEHİR JES,unknown,2026-05-31 12:00:00+03:00,,5.7,chunk_0066.json,POST /v1/generation/data/dpp-bulk,2026-05-31 21:45:53.350564+00:00,3218311,MASPO ALAŞEHİR JES,10897,2026-05-31T12:00:00+03:00,12:00
40W000003218311G,MASPO ALAŞEHİR JES,unknown,2026-05-31 13:00:00+03:00,,5.6,chunk_0066.json,POST /v1/generation/data/dpp-bulk,2026-05-31 21:45:53.350564+00:00,3218311,MASPO ALAŞEHİR JES,10897,2026-05-31T13:00:00+03:00,13:00
40W000003218311G,MASPO ALAŞEHİR JES,unknown,2026-05-31 14:00:00+03:00,,5.4,chunk_0066.json,POST /v1/generation/data/dpp-bulk,2026-05-31 21:45:53.350564+00:00,3218311,MASPO ALAŞEHİR JES,10897,2026-05-31T14:00:00+03:00,14:00
40W000003218311G,MASPO ALAŞEHİR JES,unknown,2026-05-31 15:00:00+03:00,,5.4,chunk_0066.json,POST /v1/generation/data/dpp-bulk,2026-05-31 21:45:53.350564+00:00,3218311,MASPO ALAŞEHİR JES,10897,2026-05-31T15:00:00+03:00,15:00
40W000003218311G,MASPO ALAŞEHİR JES,unknown,2026-05-31 16:00:00+03:00,,5.3,chunk_0066.json,POST /v1/generation/data/dpp-bulk,2026-05-31 21:45:53.350564+00:00,3218311,MASPO ALAŞEHİR JES,10897,2026-05-31T16:00:00+03:00,16:00
40W000003218311G,MASPO ALAŞEHİR JES,unknown,2026-05-31 17:00:00+03:00,,5.3,chunk_0066.json,POST /v1/generation/data/dpp-bulk,2026-05-31 21:45:53.350564+00:00,3218311,MASPO ALAŞEHİR JES,10897,2026-05-31T17:00:00+03:00,17:00
40W000003218311G,MASPO ALAŞEHİR JES,unknown,2026-05-31 18:00:00+03:00,,5.4,chunk_0066.json,POST /v1/generation/data/dpp-bulk,2026-05-31 21:45:53.350564+00:00,3218311,MASPO ALAŞEHİR JES,10897,2026-05-31T18:00:00+03:00,18:00
40W000003218311G,MASPO ALAŞEHİR JES,unknown,2026-05-31 19:00:00+03:00,,5.4,chunk_0066.json,POST /v1/generation/data/dpp-bulk,2026-05-31 21:45:53.350564+00:00,3218311,MASPO ALAŞEHİR JES,10897,2026-05-31T19:00:00+03:00,19:00
40W000003218311G,MASPO ALAŞEHİR JES,unknown,2026-05-31 20:00:00+03:00,,5.6,chunk_0066.json,POST /v1/generation/data/dpp-bulk,2026-05-31 21:45:53.350564+00:00,3218311,MASPO ALAŞEHİR JES,10897,2026-05-31T20:00:00+03:00,20:00
40W000003218311G,MASPO ALAŞEHİR JES,unknown,2026-05-31 21:00:00+03:00,,5.7,chunk_0066.json,POST /v1/generation/data/dpp-bulk,2026-05-31 21:45:53.350564+00:00,3218311,MASPO ALAŞEHİR JES,10897,2026-05-31T21:00:00+03:00,21:00
40W000003218311G,MASPO ALAŞEHİR JES,unknown,2026-05-31 22:00:00+03:00,,5.9,chunk_0066.json,POST /v1/generation/data/dpp-bulk,2026-05-31 21:45:53.350564+00:00,3218311,MASPO ALAŞEHİR JES,10897,2026-05-31T22:00:00+03:00,22:00
40W000003218311G,MASPO ALAŞEHİR JES,unknown,2026-05-31 23:00:00+03:00,,6.0,chunk_0066.json,POST /v1/generation/data/dpp-bulk,2026-05-31 21:45:53.350564+00:00,3218311,MASPO ALAŞEHİR JES,10897,2026-05-31T23:00:00+03:00,23:00
40W0000032181708,SAATLİK MAHSUP_GES_TİC._AG__KADEME-1,unknown,2026-05-31 00:00:00+03:00,,0.0,chunk_0066.json,POST /v1/generation/data/dpp-bulk,2026-05-31 21:45:53.350564+00:00,3218170,SAATLİK MAHSUP_GES_TİC._AG__KADEME-1,10949,2026-05-31T00:00:00+03:00,00:00
40W0000032181708,SAATLİK MAHSUP_GES_TİC._AG__KADEME-1,unknown,2026-05-31 01:00:00+03:00,,0.0,chunk_0066.json,POST /v1/generation/data/dpp-bulk,2026-05-31 21:45:53.350564+00:00,3218170,SAATLİK MAHSUP_GES_TİC._AG__KADEME-1,10949,2026-05-31T01:00:00+03:00,01:00
40W0000032181708,SAATLİK MAHSUP_GES_TİC._AG__KADEME-1,unknown,2026-05-31 02:00:00+03:00,,0.0,chunk_0066.json,POST /v1/generation/data/dpp-bulk,2026-05-31 21:45:53.350564+00:00,3218170,SAATLİK MAHSUP_GES_TİC._AG__KADEME-1,10949,2026-05-31T02:00:00+03:00,02:00
40W0000032181708,SAATLİK MAHSUP_GES_TİC._AG__KADEME-1,unknown,2026-05-31 03:00:00+03:00,,0.0,chunk_0066.json,POST /v1/generation/data/dpp-bulk,2026-05-31 21:45:53.350564+00:00,3218170,SAATLİK MAHSUP_GES_TİC._AG__KADEME-1,10949,2026-05-31T03:00:00+03:00,03:00
40W0000032181708,SAATLİK MAHSUP_GES_TİC._AG__KADEME-1,unknown,2026-05-31 04:00:00+03:00,,0.0,chunk_0066.json,POST /v1/generation/data/dpp-bulk,2026-05-31 21:45:53.350564+00:00,3218170,SAATLİK MAHSUP_GES_TİC._AG__KADEME-1,10949,2026-05-31T04:00:00+03:00,04:00
40W0000032181708,SAATLİK MAHSUP_GES_TİC._AG__KADEME-1,unknown,2026-05-31 05:00:00+03:00,,0.0,chunk_0066.json,POST /v1/generation/data/dpp-bulk,2026-05-31 21:45:53.350564+00:00,3218170,SAATLİK MAHSUP_GES_TİC._AG__KADEME-1,10949,2026-05-31T05:00:00+03:00,05:00
40W0000032181708,SAATLİK MAHSUP_GES_TİC._AG__KADEME-1,unknown,2026-05-31 06:00:00+03:00,,0.0,chunk_0066.json,POST /v1/generation/data/dpp-bulk,2026-05-31 21:45:53.350564+00:00,3218170,SAATLİK MAHSUP_GES_TİC._AG__KADEME-1,10949,2026-05-31T06:00:00+03:00,06:00
40W0000032181708,SAATLİK MAHSUP_GES_TİC._AG__KADEME-1,unknown,2026-05-31 07:00:00+03:00,,0.0,chunk_0066.json,POST /v1/generation/data/dpp-bulk,2026-05-31 21:45:53.350564+00:00,3218170,SAATLİK MAHSUP_GES_TİC._AG__KADEME-1,10949,2026-05-31T07:00:00+03:00,07:00
40W0000032181708,SAATLİK MAHSUP_GES_TİC._AG__KADEME-1,unknown,2026-05-31 08:00:00+03:00,,0.0,chunk_0066.json,POST /v1/generation/data/dpp-bulk,2026-05-31 21:45:53.350564+00:00,3218170,SAATLİK MAHSUP_GES_TİC._AG__KADEME-1,10949,2026-05-31T08:00:00+03:00,08:00
40W0000032181708,SAATLİK MAHSUP_GES_TİC._AG__KADEME-1,unknown,2026-05-31 09:00:00+03:00,,0.0,chunk_0066.json,POST /v1/generation/data/dpp-bulk,2026-05-31 21:45:53.350564+00:00,3218170,SAATLİK MAHSUP_GES_TİC._AG__KADEME-1,10949,2026-05-31T09:00:00+03:00,09:00
40W0000032181708,SAATLİK MAHSUP_GES_TİC._AG__KADEME-1,unknown,2026-05-31 10:00:00+03:00,,0.0,chunk_0066.json,POST /v1/generation/data/dpp-bulk,2026-05-31 21:45:53.350564+00:00,3218170,SAATLİK MAHSUP_GES_TİC._AG__KADEME-1,10949,2026-05-31T10:00:00+03:00,10:00
40W0000032181708,SAATLİK MAHSUP_GES_TİC._AG__KADEME-1,unknown,2026-05-31 11:00:00+03:00,,0.0,chunk_0066.json,POST /v1/generation/data/dpp-bulk,2026-05-31 21:45:53.350564+00:00,3218170,SAATLİK MAHSUP_GES_TİC._AG__KADEME-1,10949,2026-05-31T11:00:00+03:00,11:00
40W0000032181708,SAATLİK MAHSUP_GES_TİC._AG__KADEME-1,unknown,2026-05-31 12:00:00+03:00,,0.0,chunk_0066.json,POST /v1/generation/data/dpp-bulk,2026-05-31 21:45:53.350564+00:00,3218170,SAATLİK MAHSUP_GES_TİC._AG__KADEME-1,10949,2026-05-31T12:00:00+03:00,12:00
40W0000032181708,SAATLİK MAHSUP_GES_TİC._AG__KADEME-1,unknown,2026-05-31 13:00:00+03:00,,0.0,chunk_0066.json,POST /v1/generation/data/dpp-bulk,2026-05-31 21:45:53.350564+00:00,3218170,SAATLİK MAHSUP_GES_TİC._AG__KADEME-1,10949,2026-05-31T13:00:00+03:00,13:00
40W0000032181708,SAATLİK MAHSUP_GES_TİC._AG__KADEME-1,unknown,2026-05-31 14:00:00+03:00,,0.0,chunk_0066.json,POST /v1/generation/data/dpp-bulk,2026-05-31 21:45:53.350564+00:00,3218170,SAATLİK MAHSUP_GES_TİC._AG__KADEME-1,10949,2026-05-31T14:00:00+03:00,14:00
40W0000032181708,SAATLİK MAHSUP_GES_TİC._AG__KADEME-1,unknown,2026-05-31 15:00:00+03:00,,0.0,chunk_0066.json,POST /v1/generation/data/dpp-bulk,2026-05-31 21:45:53.350564+00:00,3218170,SAATLİK MAHSUP_GES_TİC._AG__KADEME-1,10949,2026-05-31T15:00:00+03:00,15:00
40W0000032181708,SAATLİK MAHSUP_GES_TİC._AG__KADEME-1,unknown,2026-05-31 16:00:00+03:00,,0.0,chunk_0066.json,POST /v1/generation/data/dpp-bulk,2026-05-31 21:45:53.350564+00:00,3218170,SAATLİK MAHSUP_GES_TİC._AG__KADEME-1,10949,2026-05-31T16:00:00+03:00,16:00
40W0000032181708,SAATLİK MAHSUP_GES_TİC._AG__KADEME-1,unknown,2026-05-31 17:00:00+03:00,,0.0,chunk_0066.json,POST /v1/generation/data/dpp-bulk,2026-05-31 21:45:53.350564+00:00,3218170,SAATLİK MAHSUP_GES_TİC._AG__KADEME-1,10949,2026-05-31T17:00:00+03:00,17:00
40W0000032181708,SAATLİK MAHSUP_GES_TİC._AG__KADEME-1,unknown,2026-05-31 18:00:00+03:00,,0.0,chunk_0066.json,POST /v1/generation/data/dpp-bulk,2026-05-31 21:45:53.350564+00:00,3218170,SAATLİK MAHSUP_GES_TİC._AG__KADEME-1,10949,2026-05-31T18:00:00+03:00,18:00
40W0000032181708,SAATLİK MAHSUP_GES_TİC._AG__KADEME-1,unknown,2026-05-31 19:00:00+03:00,,0.0,chunk_0066.json,POST /v1/generation/data/dpp-bulk,2026-05-31 21:45:53.350564+00:00,3218170,SAATLİK MAHSUP_GES_TİC._AG__KADEME-1,10949,2026-05-31T19:00:00+03:00,19:00
40W0000032181708,SAATLİK MAHSUP_GES_TİC._AG__KADEME-1,unknown,2026-05-31 20:00:00+03:00,,0.0,chunk_0066.json,POST /v1/generation/data/dpp-bulk,2026-05-31 21:45:53.350564+00:00,3218170,SAATLİK MAHSUP_GES_TİC._AG__KADEME-1,10949,2026-05-31T20:00:00+03:00,20:00
40W0000032181708,SAATLİK MAHSUP_GES_TİC._AG__KADEME-1,unknown,2026-05-31 21:00:00+03:00,,0.0,chunk_0066.json,POST /v1/generation/data/dpp-bulk,2026-05-31 21:45:53.350564+00:00,3218170,SAATLİK MAHSUP_GES_TİC._AG__KADEME-1,10949,2026-05-31T21:00:00+03:00,21:00
40W0000032181708,SAATLİK MAHSUP_GES_TİC._AG__KADEME-1,unknown,2026-05-31 22:00:00+03:00,,0.0,chunk_0066.json,POST /v1/generation/data/dpp-bulk,2026-05-31 21:45:53.350564+00:00,3218170,SAATLİK MAHSUP_GES_TİC._AG__KADEME-1,10949,2026-05-31T22:00:00+03:00,22:00
40W0000032181708,SAATLİK MAHSUP_GES_TİC._AG__KADEME-1,unknown,2026-05-31 23:00:00+03:00,,0.0,chunk_0066.json,POST /v1/generation/data/dpp-bulk,2026-05-31 21:45:53.350564+00:00,3218170,SAATLİK MAHSUP_GES_TİC._AG__KADEME-1,10949,2026-05-31T23:00:00+03:00,23:00
40W000003217890G,CENAL TES(TR2),unknown,2026-05-31 00:00:00+03:00,,0.0,chunk_0066.json,POST /v1/generation/data/dpp-bulk,2026-05-31 21:45:53.350564+00:00,3217890,CENAL TES(TR2),11033,2026-05-31T00:00:00+03:00,00:00
40W000003217890G,CENAL TES(TR2),unknown,2026-05-31 01:00:00+03:00,,0.0,chunk_0066.json,POST /v1/generation/data/dpp-bulk,2026-05-31 21:45:53.350564+00:00,3217890,CENAL TES(TR2),11033,2026-05-31T01:00:00+03:00,01:00
40W000003217890G,CENAL TES(TR2),unknown,2026-05-31 02:00:00+03:00,,0.0,chunk_0066.json,POST /v1/generation/data/dpp-bulk,2026-05-31 21:45:53.350564+00:00,3217890,CENAL TES(TR2),11033,2026-05-31T02:00:00+03:00,02:00
40W000003217890G,CENAL TES(TR2),unknown,2026-05-31 03:00:00+03:00,,0.0,chunk_0066.json,POST /v1/generation/data/dpp-bulk,2026-05-31 21:45:53.350564+00:00,3217890,CENAL TES(TR2),11033,2026-05-31T03:00:00+03:00,03:00
40W000003217890G,CENAL TES(TR2),unknown,2026-05-31 04:00:00+03:00,,0.0,chunk_0066.json,POST /v1/generation/data/dpp-bulk,2026-05-31 21:45:53.350564+00:00,3217890,CENAL TES(TR2),11033,2026-05-31T04:00:00+03:00,04:00
40W000003217890G,CENAL TES(TR2),unknown,2026-05-31 05:00:00+03:00,,0.0,chunk_0066.json,POST /v1/generation/data/dpp-bulk,2026-05-31 21:45:53.350564+00:00,3217890,CENAL TES(TR2),11033,2026-05-31T05:00:00+03:00,05:00
40W000003217890G,CENAL TES(TR2),unknown,2026-05-31 06:00:00+03:00,,0.0,chunk_0066.json,POST /v1/generation/data/dpp-bulk,2026-05-31 21:45:53.350564+00:00,3217890,CENAL TES(TR2),11033,2026-05-31T06:00:00+03:00,06:00
40W000003217890G,CENAL TES(TR2),unknown,2026-05-31 07:00:00+03:00,,0.0,chunk_0066.json,POST /v1/generation/data/dpp-bulk,2026-05-31 21:45:53.350564+00:00,3217890,CENAL TES(TR2),11033,2026-05-31T07:00:00+03:00,07:00
40W000003217890G,CENAL TES(TR2),unknown,2026-05-31 08:00:00+03:00,,0.0,chunk_0066.json,POST /v1/generation/data/dpp-bulk,2026-05-31 21:45:53.350564+00:00,3217890,CENAL TES(TR2),11033,2026-05-31T08:00:00+03:00,08:00
40W000003217890G,CENAL TES(TR2),unknown,2026-05-31 09:00:00+03:00,,0.0,chunk_0066.json,POST /v1/generation/data/dpp-bulk,2026-05-31 21:45:53.350564+00:00,3217890,CENAL TES(TR2),11033,2026-05-31T09:00:00+03:00,09:00
40W000003217890G,CENAL TES(TR2),unknown,2026-05-31 10:00:00+03:00,,0.0,chunk_0066.json,POST /v1/generation/data/dpp-bulk,2026-05-31 21:45:53.350564+00:00,3217890,CENAL TES(TR2),11033,2026-05-31T10:00:00+03:00,10:00
40W000003217890G,CENAL TES(TR2),unknown,2026-05-31 11:00:00+03:00,,0.0,chunk_0066.json,POST /v1/generation/data/dpp-bulk,2026-05-31 21:45:53.350564+00:00,3217890,CENAL TES(TR2),11033,2026-05-31T11:00:00+03:00,11:00
40W000003217890G,CENAL TES(TR2),unknown,2026-05-31 12:00:00+03:00,,0.0,chunk_0066.json,POST /v1/generation/data/dpp-bulk,2026-05-31 21:45:53.350564+00:00,3217890,CENAL TES(TR2),11033,2026-05-31T12:00:00+03:00,12:00
40W000003217890G,CENAL TES(TR2),unknown,2026-05-31 13:00:00+03:00,,0.0,chunk_0066.json,POST /v1/generation/data/dpp-bulk,2026-05-31 21:45:53.350564+00:00,3217890,CENAL TES(TR2),11033,2026-05-31T13:00:00+03:00,13:00
40W000003217890G,CENAL TES(TR2),unknown,2026-05-31 14:00:00+03:00,,0.0,chunk_0066.json,POST /v1/generation/data/dpp-bulk,2026-05-31 21:45:53.350564+00:00,3217890,CENAL TES(TR2),11033,2026-05-31T14:00:00+03:00,14:00
40W000003217890G,CENAL TES(TR2),unknown,2026-05-31 15:00:00+03:00,,0.0,chunk_0066.json,POST /v1/generation/data/dpp-bulk,2026-05-31 21:45:53.350564+00:00,3217890,CENAL TES(TR2),11033,2026-05-31T15:00:00+03:00,15:00
40W000003217890G,CENAL TES(TR2),unknown,2026-05-31 16:00:00+03:00,,0.0,chunk_0066.json,POST /v1/generation/data/dpp-bulk,2026-05-31 21:45:53.350564+00:00,3217890,CENAL TES(TR2),11033,2026-05-31T16:00:00+03:00,16:00
40W000003217890G,CENAL TES(TR2),unknown,2026-05-31 17:00:00+03:00,,0.0,chunk_0066.json,POST /v1/generation/data/dpp-bulk,2026-05-31 21:45:53.350564+00:00,3217890,CENAL TES(TR2),11033,2026-05-31T17:00:00+03:00,17:00
40W000003217890G,CENAL TES(TR2),unknown,2026-05-31 18:00:00+03:00,,0.0,chunk_0066.json,POST /v1/generation/data/dpp-bulk,2026-05-31 21:45:53.350564+00:00,3217890,CENAL TES(TR2),11033,2026-05-31T18:00:00+03:00,18:00
40W000003217890G,CENAL TES(TR2),unknown,2026-05-31 19:00:00+03:00,,0.0,chunk_0066.json,POST /v1/generation/data/dpp-bulk,2026-05-31 21:45:53.350564+00:00,3217890,CENAL TES(TR2),11033,2026-05-31T19:00:00+03:00,19:00
40W000003217890G,CENAL TES(TR2),unknown,2026-05-31 20:00:00+03:00,,0.0,chunk_0066.json,POST /v1/generation/data/dpp-bulk,2026-05-31 21:45:53.350564+00:00,3217890,CENAL TES(TR2),11033,2026-05-31T20:00:00+03:00,20:00
40W000003217890G,CENAL TES(TR2),unknown,2026-05-31 21:00:00+03:00,,0.0,chunk_0066.json,POST /v1/generation/data/dpp-bulk,2026-05-31 21:45:53.350564+00:00,3217890,CENAL TES(TR2),11033,2026-05-31T21:00:00+03:00,21:00
40W000003217890G,CENAL TES(TR2),unknown,2026-05-31 22:00:00+03:00,,0.0,chunk_0066.json,POST /v1/generation/data/dpp-bulk,2026-05-31 21:45:53.350564+00:00,3217890,CENAL TES(TR2),11033,2026-05-31T22:00:00+03:00,22:00
40W000003217890G,CENAL TES(TR2),unknown,2026-05-31 23:00:00+03:00,,0.0,chunk_0066.json,POST /v1/generation/data/dpp-bulk,2026-05-31 21:45:53.350564+00:00,3217890,CENAL TES(TR2),11033,2026-05-31T23:00:00+03:00,23:00
40W000003218210M,BAYSAK ENERJİ SANTRALİ,unknown,2026-05-31 00:00:00+03:00,,0.0,chunk_0066.json,POST /v1/generation/data/dpp-bulk,2026-05-31 21:45:53.350564+00:00,3218210,BAYSAK ENERJİ SANTRALİ,16382,2026-05-31T00:00:00+03:00,00:00
40W000003218210M,BAYSAK ENERJİ SANTRALİ,unknown,2026-05-31 01:00:00+03:00,,0.0,chunk_0066.json,POST /v1/generation/data/dpp-bulk,2026-05-31 21:45:53.350564+00:00,3218210,BAYSAK ENERJİ SANTRALİ,16382,2026-05-31T01:00:00+03:00,01:00
40W000003218210M,BAYSAK ENERJİ SANTRALİ,unknown,2026-05-31 02:00:00+03:00,,0.0,chunk_0066.json,POST /v1/generation/data/dpp-bulk,2026-05-31 21:45:53.350564+00:00,3218210,BAYSAK ENERJİ SANTRALİ,16382,2026-05-31T02:00:00+03:00,02:00
40W000003218210M,BAYSAK ENERJİ SANTRALİ,unknown,2026-05-31 03:00:00+03:00,,0.0,chunk_0066.json,POST /v1/generation/data/dpp-bulk,2026-05-31 21:45:53.350564+00:00,3218210,BAYSAK ENERJİ SANTRALİ,16382,2026-05-31T03:00:00+03:00,03:00
40W000003218210M,BAYSAK ENERJİ SANTRALİ,unknown,2026-05-31 04:00:00+03:00,,0.0,chunk_0066.json,POST /v1/generation/data/dpp-bulk,2026-05-31 21:45:53.350564+00:00,3218210,BAYSAK ENERJİ SANTRALİ,16382,2026-05-31T04:00:00+03:00,04:00
40W000003218210M,BAYSAK ENERJİ SANTRALİ,unknown,2026-05-31 05:00:00+03:00,,0.0,chunk_0066.json,POST /v1/generation/data/dpp-bulk,2026-05-31 21:45:53.350564+00:00,3218210,BAYSAK ENERJİ SANTRALİ,16382,2026-05-31T05:00:00+03:00,05:00
40W000003218210M,BAYSAK ENERJİ SANTRALİ,unknown,2026-05-31 06:00:00+03:00,,0.0,chunk_0066.json,POST /v1/generation/data/dpp-bulk,2026-05-31 21:45:53.350564+00:00,3218210,BAYSAK ENERJİ SANTRALİ,16382,2026-05-31T06:00:00+03:00,06:00
40W000003218210M,BAYSAK ENERJİ SANTRALİ,unknown,2026-05-31 07:00:00+03:00,,0.0,chunk_0066.json,POST /v1/generation/data/dpp-bulk,2026-05-31 21:45:53.350564+00:00,3218210,BAYSAK ENERJİ SANTRALİ,16382,2026-05-31T07:00:00+03:00,07:00
40W000003218210M,BAYSAK ENERJİ SANTRALİ,unknown,2026-05-31 08:00:00+03:00,,0.0,chunk_0066.json,POST /v1/generation/data/dpp-bulk,2026-05-31 21:45:53.350564+00:00,3218210,BAYSAK ENERJİ SANTRALİ,16382,2026-05-31T08:00:00+03:00,08:00
40W000003218210M,BAYSAK ENERJİ SANTRALİ,unknown,2026-05-31 09:00:00+03:00,,0.0,chunk_0066.json,POST /v1/generation/data/dpp-bulk,2026-05-31 21:45:53.350564+00:00,3218210,BAYSAK ENERJİ SANTRALİ,16382,2026-05-31T09:00:00+03:00,09:00
40W000003218210M,BAYSAK ENERJİ SANTRALİ,unknown,2026-05-31 10:00:00+03:00,,0.0,chunk_0066.json,POST /v1/generation/data/dpp-bulk,2026-05-31 21:45:53.350564+00:00,3218210,BAYSAK ENERJİ SANTRALİ,16382,2026-05-31T10:00:00+03:00,10:00
40W000003218210M,BAYSAK ENERJİ SANTRALİ,unknown,2026-05-31 11:00:00+03:00,,0.0,chunk_0066.json,POST /v1/generation/data/dpp-bulk,2026-05-31 21:45:53.350564+00:00,3218210,BAYSAK ENERJİ SANTRALİ,16382,2026-05-31T11:00:00+03:00,11:00
40W000003218210M,BAYSAK ENERJİ SANTRALİ,unknown,2026-05-31 12:00:00+03:00,,0.0,chunk_0066.json,POST /v1/generation/data/dpp-bulk,2026-05-31 21:45:53.350564+00:00,3218210,BAYSAK ENERJİ SANTRALİ,16382,2026-05-31T12:00:00+03:00,12:00
40W000003218210M,BAYSAK ENERJİ SANTRALİ,unknown,2026-05-31 13:00:00+03:00,,0.0,chunk_0066.json,POST /v1/generation/data/dpp-bulk,2026-05-31 21:45:53.350564+00:00,3218210,BAYSAK ENERJİ SANTRALİ,16382,2026-05-31T13:00:00+03:00,13:00
40W000003218210M,BAYSAK ENERJİ SANTRALİ,unknown,2026-05-31 14:00:00+03:00,,0.0,chunk_0066.json,POST /v1/generation/data/dpp-bulk,2026-05-31 21:45:53.350564+00:00,3218210,BAYSAK ENERJİ SANTRALİ,16382,2026-05-31T14:00:00+03:00,14:00
40W000003218210M,BAYSAK ENERJİ SANTRALİ,unknown,2026-05-31 15:00:00+03:00,,0.0,chunk_0066.json,POST /v1/generation/data/dpp-bulk,2026-05-31 21:45:53.350564+00:00,3218210,BAYSAK ENERJİ SANTRALİ,16382,2026-05-31T15:00:00+03:00,15:00
40W000003218210M,BAYSAK ENERJİ SANTRALİ,unknown,2026-05-31 16:00:00+03:00,,0.0,chunk_0066.json,POST /v1/generation/data/dpp-bulk,2026-05-31 21:45:53.350564+00:00,3218210,BAYSAK ENERJİ SANTRALİ,16382,2026-05-31T16:00:00+03:00,16:00
40W000003218210M,BAYSAK ENERJİ SANTRALİ,unknown,2026-05-31 17:00:00+03:00,,0.0,chunk_0066.json,POST /v1/generation/data/dpp-bulk,2026-05-31 21:45:53.350564+00:00,3218210,BAYSAK ENERJİ SANTRALİ,16382,2026-05-31T17:00:00+03:00,17:00
40W000003218210M,BAYSAK ENERJİ SANTRALİ,unknown,2026-05-31 18:00:00+03:00,,0.0,chunk_0066.json,POST /v1/generation/data/dpp-bulk,2026-05-31 21:45:53.350564+00:00,3218210,BAYSAK ENERJİ SANTRALİ,16382,2026-05-31T18:00:00+03:00,18:00
40W000003218210M,BAYSAK ENERJİ SANTRALİ,unknown,2026-05-31 19:00:00+03:00,,0.0,chunk_0066.json,POST /v1/generation/data/dpp-bulk,2026-05-31 21:45:53.350564+00:00,3218210,BAYSAK ENERJİ SANTRALİ,16382,2026-05-31T19:00:00+03:00,19:00
40W000003218210M,BAYSAK ENERJİ SANTRALİ,unknown,2026-05-31 20:00:00+03:00,,0.0,chunk_0066.json,POST /v1/generation/data/dpp-bulk,2026-05-31 21:45:53.350564+00:00,3218210,BAYSAK ENERJİ SANTRALİ,16382,2026-05-31T20:00:00+03:00,20:00
40W000003218210M,BAYSAK ENERJİ SANTRALİ,unknown,2026-05-31 21:00:00+03:00,,0.0,chunk_0066.json,POST /v1/generation/data/dpp-bulk,2026-05-31 21:45:53.350564+00:00,3218210,BAYSAK ENERJİ SANTRALİ,16382,2026-05-31T21:00:00+03:00,21:00
40W000003218210M,BAYSAK ENERJİ SANTRALİ,unknown,2026-05-31 22:00:00+03:00,,0.0,chunk_0066.json,POST /v1/generation/data/dpp-bulk,2026-05-31 21:45:53.350564+00:00,3218210,BAYSAK ENERJİ SANTRALİ,16382,2026-05-31T22:00:00+03:00,22:00
40W000003218210M,BAYSAK ENERJİ SANTRALİ,unknown,2026-05-31 23:00:00+03:00,,0.0,chunk_0066.json,POST /v1/generation/data/dpp-bulk,2026-05-31 21:45:53.350564+00:00,3218210,BAYSAK ENERJİ SANTRALİ,16382,2026-05-31T23:00:00+03:00,23:00
40W000003218150E,HOM ENERJİ SANTRALİ,unknown,2026-05-31 00:00:00+03:00,,0.0,chunk_0066.json,POST /v1/generation/data/dpp-bulk,2026-05-31 21:45:53.350564+00:00,3218150,HOM ENERJİ SANTRALİ,16859,2026-05-31T00:00:00+03:00,00:00
40W000003218150E,HOM ENERJİ SANTRALİ,unknown,2026-05-31 01:00:00+03:00,,0.0,chunk_0066.json,POST /v1/generation/data/dpp-bulk,2026-05-31 21:45:53.350564+00:00,3218150,HOM ENERJİ SANTRALİ,16859,2026-05-31T01:00:00+03:00,01:00
40W000003218150E,HOM ENERJİ SANTRALİ,unknown,2026-05-31 02:00:00+03:00,,0.0,chunk_0066.json,POST /v1/generation/data/dpp-bulk,2026-05-31 21:45:53.350564+00:00,3218150,HOM ENERJİ SANTRALİ,16859,2026-05-31T02:00:00+03:00,02:00
40W000003218150E,HOM ENERJİ SANTRALİ,unknown,2026-05-31 03:00:00+03:00,,0.0,chunk_0066.json,POST /v1/generation/data/dpp-bulk,2026-05-31 21:45:53.350564+00:00,3218150,HOM ENERJİ SANTRALİ,16859,2026-05-31T03:00:00+03:00,03:00
40W000003218150E,HOM ENERJİ SANTRALİ,unknown,2026-05-31 04:00:00+03:00,,0.0,chunk_0066.json,POST /v1/generation/data/dpp-bulk,2026-05-31 21:45:53.350564+00:00,3218150,HOM ENERJİ SANTRALİ,16859,2026-05-31T04:00:00+03:00,04:00
40W000003218150E,HOM ENERJİ SANTRALİ,unknown,2026-05-31 05:00:00+03:00,,0.0,chunk_0066.json,POST /v1/generation/data/dpp-bulk,2026-05-31 21:45:53.350564+00:00,3218150,HOM ENERJİ SANTRALİ,16859,2026-05-31T05:00:00+03:00,05:00
40W000003218150E,HOM ENERJİ SANTRALİ,unknown,2026-05-31 06:00:00+03:00,,0.0,chunk_0066.json,POST /v1/generation/data/dpp-bulk,2026-05-31 21:45:53.350564+00:00,3218150,HOM ENERJİ SANTRALİ,16859,2026-05-31T06:00:00+03:00,06:00
40W000003218150E,HOM ENERJİ SANTRALİ,unknown,2026-05-31 07:00:00+03:00,,0.0,chunk_0066.json,POST /v1/generation/data/dpp-bulk,2026-05-31 21:45:53.350564+00:00,3218150,HOM ENERJİ SANTRALİ,16859,2026-05-31T07:00:00+03:00,07:00
40W000003218150E,HOM ENERJİ SANTRALİ,unknown,2026-05-31 08:00:00+03:00,,0.0,chunk_0066.json,POST /v1/generation/data/dpp-bulk,2026-05-31 21:45:53.350564+00:00,3218150,HOM ENERJİ SANTRALİ,16859,2026-05-31T08:00:00+03:00,08:00
40W000003218150E,HOM ENERJİ SANTRALİ,unknown,2026-05-31 09:00:00+03:00,,0.0,chunk_0066.json,POST /v1/generation/data/dpp-bulk,2026-05-31 21:45:53.350564+00:00,3218150,HOM ENERJİ SANTRALİ,16859,2026-05-31T09:00:00+03:00,09:00
40W000003218150E,HOM ENERJİ SANTRALİ,unknown,2026-05-31 10:00:00+03:00,,0.0,chunk_0066.json,POST /v1/generation/data/dpp-bulk,2026-05-31 21:45:53.350564+00:00,3218150,HOM ENERJİ SANTRALİ,16859,2026-05-31T10:00:00+03:00,10:00
40W000003218150E,HOM ENERJİ SANTRALİ,unknown,2026-05-31 11:00:00+03:00,,0.0,chunk_0066.json,POST /v1/generation/data/dpp-bulk,2026-05-31 21:45:53.350564+00:00,3218150,HOM ENERJİ SANTRALİ,16859,2026-05-31T11:00:00+03:00,11:00
40W000003218150E,HOM ENERJİ SANTRALİ,unknown,2026-05-31 12:00:00+03:00,,0.0,chunk_0066.json,POST /v1/generation/data/dpp-bulk,2026-05-31 21:45:53.350564+00:00,3218150,HOM ENERJİ SANTRALİ,16859,2026-05-31T12:00:00+03:00,12:00
40W000003218150E,HOM ENERJİ SANTRALİ,unknown,2026-05-31 13:00:00+03:00,,0.0,chunk_0066.json,POST /v1/generation/data/dpp-bulk,2026-05-31 21:45:53.350564+00:00,3218150,HOM ENERJİ SANTRALİ,16859,2026-05-31T13:00:00+03:00,13:00
40W000003218150E,HOM ENERJİ SANTRALİ,unknown,2026-05-31 14:00:00+03:00,,0.0,chunk_0066.json,POST /v1/generation/data/dpp-bulk,2026-05-31 21:45:53.350564+00:00,3218150,HOM ENERJİ SANTRALİ,16859,2026-05-31T14:00:00+03:00,14:00
40W000003218150E,HOM ENERJİ SANTRALİ,unknown,2026-05-31 15:00:00+03:00,,0.0,chunk_0066.json,POST /v1/generation/data/dpp-bulk,2026-05-31 21:45:53.350564+00:00,3218150,HOM ENERJİ SANTRALİ,16859,2026-05-31T15:00:00+03:00,15:00
40W000003218150E,HOM ENERJİ SANTRALİ,unknown,2026-05-31 16:00:00+03:00,,0.0,chunk_0066.json,POST /v1/generation/data/dpp-bulk,2026-05-31 21:45:53.350564+00:00,3218150,HOM ENERJİ SANTRALİ,16859,2026-05-31T16:00:00+03:00,16:00
40W000003218150E,HOM ENERJİ SANTRALİ,unknown,2026-05-31 17:00:00+03:00,,0.0,chunk_0066.json,POST /v1/generation/data/dpp-bulk,2026-05-31 21:45:53.350564+00:00,3218150,HOM ENERJİ SANTRALİ,16859,2026-05-31T17:00:00+03:00,17:00
40W000003218150E,HOM ENERJİ SANTRALİ,unknown,2026-05-31 18:00:00+03:00,,0.0,chunk_0066.json,POST /v1/generation/data/dpp-bulk,2026-05-31 21:45:53.350564+00:00,3218150,HOM ENERJİ SANTRALİ,16859,2026-05-31T18:00:00+03:00,18:00
40W000003218150E,HOM ENERJİ SANTRALİ,unknown,2026-05-31 19:00:00+03:00,,0.0,chunk_0066.json,POST /v1/generation/data/dpp-bulk,2026-05-31 21:45:53.350564+00:00,3218150,HOM ENERJİ SANTRALİ,16859,2026-05-31T19:00:00+03:00,19:00
40W000003218150E,HOM ENERJİ SANTRALİ,unknown,2026-05-31 20:00:00+03:00,,0.0,chunk_0066.json,POST /v1/generation/data/dpp-bulk,2026-05-31 21:45:53.350564+00:00,3218150,HOM ENERJİ SANTRALİ,16859,2026-05-31T20:00:00+03:00,20:00
40W000003218150E,HOM ENERJİ SANTRALİ,unknown,2026-05-31 21:00:00+03:00,,0.0,chunk_0066.json,POST /v1/generation/data/dpp-bulk,2026-05-31 21:45:53.350564+00:00,3218150,HOM ENERJİ SANTRALİ,16859,2026-05-31T21:00:00+03:00,21:00
40W000003218150E,HOM ENERJİ SANTRALİ,unknown,2026-05-31 22:00:00+03:00,,0.0,chunk_0066.json,POST /v1/generation/data/dpp-bulk,2026-05-31 21:45:53.350564+00:00,3218150,HOM ENERJİ SANTRALİ,16859,2026-05-31T22:00:00+03:00,22:00
40W000003218150E,HOM ENERJİ SANTRALİ,unknown,2026-05-31 23:00:00+03:00,,0.0,chunk_0066.json,POST /v1/generation/data/dpp-bulk,2026-05-31 21:45:53.350564+00:00,3218150,HOM ENERJİ SANTRALİ,16859,2026-05-31T23:00:00+03:00,23:00
40W000003218211K,RÜYAM ENERJİ,unknown,2026-05-31 00:00:00+03:00,,0.0,chunk_0066.json,POST /v1/generation/data/dpp-bulk,2026-05-31 21:45:53.350564+00:00,3218211,RÜYAM ENERJİ,17481,2026-05-31T00:00:00+03:00,00:00
40W000003218211K,RÜYAM ENERJİ,unknown,2026-05-31 01:00:00+03:00,,0.0,chunk_0066.json,POST /v1/generation/data/dpp-bulk,2026-05-31 21:45:53.350564+00:00,3218211,RÜYAM ENERJİ,17481,2026-05-31T01:00:00+03:00,01:00
40W000003218211K,RÜYAM ENERJİ,unknown,2026-05-31 02:00:00+03:00,,0.0,chunk_0066.json,POST /v1/generation/data/dpp-bulk,2026-05-31 21:45:53.350564+00:00,3218211,RÜYAM ENERJİ,17481,2026-05-31T02:00:00+03:00,02:00
40W000003218211K,RÜYAM ENERJİ,unknown,2026-05-31 03:00:00+03:00,,0.0,chunk_0066.json,POST /v1/generation/data/dpp-bulk,2026-05-31 21:45:53.350564+00:00,3218211,RÜYAM ENERJİ,17481,2026-05-31T03:00:00+03:00,03:00
40W000003218211K,RÜYAM ENERJİ,unknown,2026-05-31 04:00:00+03:00,,0.0,chunk_0066.json,POST /v1/generation/data/dpp-bulk,2026-05-31 21:45:53.350564+00:00,3218211,RÜYAM ENERJİ,17481,2026-05-31T04:00:00+03:00,04:00
40W000003218211K,RÜYAM ENERJİ,unknown,2026-05-31 05:00:00+03:00,,0.0,chunk_0066.json,POST /v1/generation/data/dpp-bulk,2026-05-31 21:45:53.350564+00:00,3218211,RÜYAM ENERJİ,17481,2026-05-31T05:00:00+03:00,05:00
40W000003218211K,RÜYAM ENERJİ,unknown,2026-05-31 06:00:00+03:00,,0.0,chunk_0066.json,POST /v1/generation/data/dpp-bulk,2026-05-31 21:45:53.350564+00:00,3218211,RÜYAM ENERJİ,17481,2026-05-31T06:00:00+03:00,06:00
40W000003218211K,RÜYAM ENERJİ,unknown,2026-05-31 07:00:00+03:00,,0.0,chunk_0066.json,POST /v1/generation/data/dpp-bulk,2026-05-31 21:45:53.350564+00:00,3218211,RÜYAM ENERJİ,17481,2026-05-31T07:00:00+03:00,07:00
40W000003218211K,RÜYAM ENERJİ,unknown,2026-05-31 08:00:00+03:00,,0.0,chunk_0066.json,POST /v1/generation/data/dpp-bulk,2026-05-31 21:45:53.350564+00:00,3218211,RÜYAM ENERJİ,17481,2026-05-31T08:00:00+03:00,08:00
40W000003218211K,RÜYAM ENERJİ,unknown,2026-05-31 09:00:00+03:00,,0.0,chunk_0066.json,POST /v1/generation/data/dpp-bulk,2026-05-31 21:45:53.350564+00:00,3218211,RÜYAM ENERJİ,17481,2026-05-31T09:00:00+03:00,09:00
40W000003218211K,RÜYAM ENERJİ,unknown,2026-05-31 10:00:00+03:00,,0.0,chunk_0066.json,POST /v1/generation/data/dpp-bulk,2026-05-31 21:45:53.350564+00:00,3218211,RÜYAM ENERJİ,17481,2026-05-31T10:00:00+03:00,10:00
40W000003218211K,RÜYAM ENERJİ,unknown,2026-05-31 11:00:00+03:00,,0.0,chunk_0066.json,POST /v1/generation/data/dpp-bulk,2026-05-31 21:45:53.350564+00:00,3218211,RÜYAM ENERJİ,17481,2026-05-31T11:00:00+03:00,11:00
40W000003218211K,RÜYAM ENERJİ,unknown,2026-05-31 12:00:00+03:00,,0.0,chunk_0066.json,POST /v1/generation/data/dpp-bulk,2026-05-31 21:45:53.350564+00:00,3218211,RÜYAM ENERJİ,17481,2026-05-31T12:00:00+03:00,12:00
40W000003218211K,RÜYAM ENERJİ,unknown,2026-05-31 13:00:00+03:00,,0.0,chunk_0066.json,POST /v1/generation/data/dpp-bulk,2026-05-31 21:45:53.350564+00:00,3218211,RÜYAM ENERJİ,17481,2026-05-31T13:00:00+03:00,13:00
40W000003218211K,RÜYAM ENERJİ,unknown,2026-05-31 14:00:00+03:00,,0.0,chunk_0066.json,POST /v1/generation/data/dpp-bulk,2026-05-31 21:45:53.350564+00:00,3218211,RÜYAM ENERJİ,17481,2026-05-31T14:00:00+03:00,14:00
40W000003218211K,RÜYAM ENERJİ,unknown,2026-05-31 15:00:00+03:00,,0.0,chunk_0066.json,POST /v1/generation/data/dpp-bulk,2026-05-31 21:45:53.350564+00:00,3218211,RÜYAM ENERJİ,17481,2026-05-31T15:00:00+03:00,15:00
40W000003218211K,RÜYAM ENERJİ,unknown,2026-05-31 16:00:00+03:00,,0.0,chunk_0066.json,POST /v1/generation/data/dpp-bulk,2026-05-31 21:45:53.350564+00:00,3218211,RÜYAM ENERJİ,17481,2026-05-31T16:00:00+03:00,16:00
40W000003218211K,RÜYAM ENERJİ,unknown,2026-05-31 17:00:00+03:00,,0.0,chunk_0066.json,POST /v1/generation/data/dpp-bulk,2026-05-31 21:45:53.350564+00:00,3218211,RÜYAM ENERJİ,17481,2026-05-31T17:00:00+03:00,17:00
40W000003218211K,RÜYAM ENERJİ,unknown,2026-05-31 18:00:00+03:00,,0.0,chunk_0066.json,POST /v1/generation/data/dpp-bulk,2026-05-31 21:45:53.350564+00:00,3218211,RÜYAM ENERJİ,17481,2026-05-31T18:00:00+03:00,18:00
40W000003218211K,RÜYAM ENERJİ,unknown,2026-05-31 19:00:00+03:00,,0.0,chunk_0066.json,POST /v1/generation/data/dpp-bulk,2026-05-31 21:45:53.350564+00:00,3218211,RÜYAM ENERJİ,17481,2026-05-31T19:00:00+03:00,19:00
40W000003218211K,RÜYAM ENERJİ,unknown,2026-05-31 20:00:00+03:00,,0.0,chunk_0066.json,POST /v1/generation/data/dpp-bulk,2026-05-31 21:45:53.350564+00:00,3218211,RÜYAM ENERJİ,17481,2026-05-31T20:00:00+03:00,20:00
40W000003218211K,RÜYAM ENERJİ,unknown,2026-05-31 21:00:00+03:00,,0.0,chunk_0066.json,POST /v1/generation/data/dpp-bulk,2026-05-31 21:45:53.350564+00:00,3218211,RÜYAM ENERJİ,17481,2026-05-31T21:00:00+03:00,21:00
40W000003218211K,RÜYAM ENERJİ,unknown,2026-05-31 22:00:00+03:00,,0.0,chunk_0066.json,POST /v1/generation/data/dpp-bulk,2026-05-31 21:45:53.350564+00:00,3218211,RÜYAM ENERJİ,17481,2026-05-31T22:00:00+03:00,22:00
40W000003218211K,RÜYAM ENERJİ,unknown,2026-05-31 23:00:00+03:00,,0.0,chunk_0066.json,POST /v1/generation/data/dpp-bulk,2026-05-31 21:45:53.350564+00:00,3218211,RÜYAM ENERJİ,17481,2026-05-31T23:00:00+03:00,23:00
40W0000032181716,EFELER BİYOKÜTLE TESİSİ,unknown,2026-05-31 00:00:00+03:00,,4.7,chunk_0066.json,POST /v1/generation/data/dpp-bulk,2026-05-31 21:45:53.350564+00:00,3218171,EFELER BİYOKÜTLE TESİSİ,17723,2026-05-31T00:00:00+03:00,00:00
40W0000032181716,EFELER BİYOKÜTLE TESİSİ,unknown,2026-05-31 01:00:00+03:00,,4.7,chunk_0066.json,POST /v1/generation/data/dpp-bulk,2026-05-31 21:45:53.350564+00:00,3218171,EFELER BİYOKÜTLE TESİSİ,17723,2026-05-31T01:00:00+03:00,01:00
40W0000032181716,EFELER BİYOKÜTLE TESİSİ,unknown,2026-05-31 02:00:00+03:00,,4.7,chunk_0066.json,POST /v1/generation/data/dpp-bulk,2026-05-31 21:45:53.350564+00:00,3218171,EFELER BİYOKÜTLE TESİSİ,17723,2026-05-31T02:00:00+03:00,02:00
40W0000032181716,EFELER BİYOKÜTLE TESİSİ,unknown,2026-05-31 03:00:00+03:00,,4.7,chunk_0066.json,POST /v1/generation/data/dpp-bulk,2026-05-31 21:45:53.350564+00:00,3218171,EFELER BİYOKÜTLE TESİSİ,17723,2026-05-31T03:00:00+03:00,03:00
40W0000032181716,EFELER BİYOKÜTLE TESİSİ,unknown,2026-05-31 04:00:00+03:00,,4.7,chunk_0066.json,POST /v1/generation/data/dpp-bulk,2026-05-31 21:45:53.350564+00:00,3218171,EFELER BİYOKÜTLE TESİSİ,17723,2026-05-31T04:00:00+03:00,04:00
40W0000032181716,EFELER BİYOKÜTLE TESİSİ,unknown,2026-05-31 05:00:00+03:00,,4.7,chunk_0066.json,POST /v1/generation/data/dpp-bulk,2026-05-31 21:45:53.350564+00:00,3218171,EFELER BİYOKÜTLE TESİSİ,17723,2026-05-31T05:00:00+03:00,05:00
40W0000032181716,EFELER BİYOKÜTLE TESİSİ,unknown,2026-05-31 06:00:00+03:00,,4.7,chunk_0066.json,POST /v1/generation/data/dpp-bulk,2026-05-31 21:45:53.350564+00:00,3218171,EFELER BİYOKÜTLE TESİSİ,17723,2026-05-31T06:00:00+03:00,06:00
40W0000032181716,EFELER BİYOKÜTLE TESİSİ,unknown,2026-05-31 07:00:00+03:00,,4.7,chunk_0066.json,POST /v1/generation/data/dpp-bulk,2026-05-31 21:45:53.350564+00:00,3218171,EFELER BİYOKÜTLE TESİSİ,17723,2026-05-31T07:00:00+03:00,07:00
40W0000032181716,EFELER BİYOKÜTLE TESİSİ,unknown,2026-05-31 08:00:00+03:00,,4.7,chunk_0066.json,POST /v1/generation/data/dpp-bulk,2026-05-31 21:45:53.350564+00:00,3218171,EFELER BİYOKÜTLE TESİSİ,17723,2026-05-31T08:00:00+03:00,08:00
40W0000032181716,EFELER BİYOKÜTLE TESİSİ,unknown,2026-05-31 09:00:00+03:00,,4.7,chunk_0066.json,POST /v1/generation/data/dpp-bulk,2026-05-31 21:45:53.350564+00:00,3218171,EFELER BİYOKÜTLE TESİSİ,17723,2026-05-31T09:00:00+03:00,09:00
40W0000032181716,EFELER BİYOKÜTLE TESİSİ,unknown,2026-05-31 10:00:00+03:00,,4.7,chunk_0066.json,POST /v1/generation/data/dpp-bulk,2026-05-31 21:45:53.350564+00:00,3218171,EFELER BİYOKÜTLE TESİSİ,17723,2026-05-31T10:00:00+03:00,10:00
40W0000032181716,EFELER BİYOKÜTLE TESİSİ,unknown,2026-05-31 11:00:00+03:00,,4.7,chunk_0066.json,POST /v1/generation/data/dpp-bulk,2026-05-31 21:45:53.350564+00:00,3218171,EFELER BİYOKÜTLE TESİSİ,17723,2026-05-31T11:00:00+03:00,11:00
40W0000032181716,EFELER BİYOKÜTLE TESİSİ,unknown,2026-05-31 12:00:00+03:00,,4.7,chunk_0066.json,POST /v1/generation/data/dpp-bulk,2026-05-31 21:45:53.350564+00:00,3218171,EFELER BİYOKÜTLE TESİSİ,17723,2026-05-31T12:00:00+03:00,12:00
40W0000032181716,EFELER BİYOKÜTLE TESİSİ,unknown,2026-05-31 13:00:00+03:00,,4.7,chunk_0066.json,POST /v1/generation/data/dpp-bulk,2026-05-31 21:45:53.350564+00:00,3218171,EFELER BİYOKÜTLE TESİSİ,17723,2026-05-31T13:00:00+03:00,13:00
40W0000032181716,EFELER BİYOKÜTLE TESİSİ,unknown,2026-05-31 14:00:00+03:00,,4.7,chunk_0066.json,POST /v1/generation/data/dpp-bulk,2026-05-31 21:45:53.350564+00:00,3218171,EFELER BİYOKÜTLE TESİSİ,17723,2026-05-31T14:00:00+03:00,14:00
40W0000032181716,EFELER BİYOKÜTLE TESİSİ,unknown,2026-05-31 15:00:00+03:00,,4.7,chunk_0066.json,POST /v1/generation/data/dpp-bulk,2026-05-31 21:45:53.350564+00:00,3218171,EFELER BİYOKÜTLE TESİSİ,17723,2026-05-31T15:00:00+03:00,15:00
40W0000032181716,EFELER BİYOKÜTLE TESİSİ,unknown,2026-05-31 16:00:00+03:00,,4.7,chunk_0066.json,POST /v1/generation/data/dpp-bulk,2026-05-31 21:45:53.350564+00:00,3218171,EFELER BİYOKÜTLE TESİSİ,17723,2026-05-31T16:00:00+03:00,16:00
40W0000032181716,EFELER BİYOKÜTLE TESİSİ,unknown,2026-05-31 17:00:00+03:00,,4.7,chunk_0066.json,POST /v1/generation/data/dpp-bulk,2026-05-31 21:45:53.350564+00:00,3218171,EFELER BİYOKÜTLE TESİSİ,17723,2026-05-31T17:00:00+03:00,17:00
40W0000032181716,EFELER BİYOKÜTLE TESİSİ,unknown,2026-05-31 18:00:00+03:00,,4.7,chunk_0066.json,POST /v1/generation/data/dpp-bulk,2026-05-31 21:45:53.350564+00:00,3218171,EFELER BİYOKÜTLE TESİSİ,17723,2026-05-31T18:00:00+03:00,18:00
40W0000032181716,EFELER BİYOKÜTLE TESİSİ,unknown,2026-05-31 19:00:00+03:00,,4.7,chunk_0066.json,POST /v1/generation/data/dpp-bulk,2026-05-31 21:45:53.350564+00:00,3218171,EFELER BİYOKÜTLE TESİSİ,17723,2026-05-31T19:00:00+03:00,19:00
40W0000032181716,EFELER BİYOKÜTLE TESİSİ,unknown,2026-05-31 20:00:00+03:00,,4.7,chunk_0066.json,POST /v1/generation/data/dpp-bulk,2026-05-31 21:45:53.350564+00:00,3218171,EFELER BİYOKÜTLE TESİSİ,17723,2026-05-31T20:00:00+03:00,20:00
40W0000032181716,EFELER BİYOKÜTLE TESİSİ,unknown,2026-05-31 21:00:00+03:00,,4.7,chunk_0066.json,POST /v1/generation/data/dpp-bulk,2026-05-31 21:45:53.350564+00:00,3218171,EFELER BİYOKÜTLE TESİSİ,17723,2026-05-31T21:00:00+03:00,21:00
40W0000032181716,EFELER BİYOKÜTLE TESİSİ,unknown,2026-05-31 22:00:00+03:00,,4.7,chunk_0066.json,POST /v1/generation/data/dpp-bulk,2026-05-31 21:45:53.350564+00:00,3218171,EFELER BİYOKÜTLE TESİSİ,17723,2026-05-31T22:00:00+03:00,22:00
40W0000032181716,EFELER BİYOKÜTLE TESİSİ,unknown,2026-05-31 23:00:00+03:00,,4.7,chunk_0066.json,POST /v1/generation/data/dpp-bulk,2026-05-31 21:45:53.350564+00:00,3218171,EFELER BİYOKÜTLE TESİSİ,17723,2026-05-31T23:00:00+03:00,23:00
40W0000032181902,KALDE ENERJİ MERSİN BİYOKÜTLE SANTRALİ,unknown,2026-05-31 00:00:00+03:00,,9.3,chunk_0066.json,POST /v1/generation/data/dpp-bulk,2026-05-31 21:45:53.350564+00:00,3218190,KALDE ENERJİ MERSİN BİYOKÜTLE SANTRALİ,17739,2026-05-31T00:00:00+03:00,00:00
40W0000032181902,KALDE ENERJİ MERSİN BİYOKÜTLE SANTRALİ,unknown,2026-05-31 01:00:00+03:00,,9.3,chunk_0066.json,POST /v1/generation/data/dpp-bulk,2026-05-31 21:45:53.350564+00:00,3218190,KALDE ENERJİ MERSİN BİYOKÜTLE SANTRALİ,17739,2026-05-31T01:00:00+03:00,01:00
40W0000032181902,KALDE ENERJİ MERSİN BİYOKÜTLE SANTRALİ,unknown,2026-05-31 02:00:00+03:00,,9.3,chunk_0066.json,POST /v1/generation/data/dpp-bulk,2026-05-31 21:45:53.350564+00:00,3218190,KALDE ENERJİ MERSİN BİYOKÜTLE SANTRALİ,17739,2026-05-31T02:00:00+03:00,02:00
40W0000032181902,KALDE ENERJİ MERSİN BİYOKÜTLE SANTRALİ,unknown,2026-05-31 03:00:00+03:00,,9.3,chunk_0066.json,POST /v1/generation/data/dpp-bulk,2026-05-31 21:45:53.350564+00:00,3218190,KALDE ENERJİ MERSİN BİYOKÜTLE SANTRALİ,17739,2026-05-31T03:00:00+03:00,03:00
40W0000032181902,KALDE ENERJİ MERSİN BİYOKÜTLE SANTRALİ,unknown,2026-05-31 04:00:00+03:00,,9.3,chunk_0066.json,POST /v1/generation/data/dpp-bulk,2026-05-31 21:45:53.350564+00:00,3218190,KALDE ENERJİ MERSİN BİYOKÜTLE SANTRALİ,17739,2026-05-31T04:00:00+03:00,04:00
40W0000032181902,KALDE ENERJİ MERSİN BİYOKÜTLE SANTRALİ,unknown,2026-05-31 05:00:00+03:00,,9.3,chunk_0066.json,POST /v1/generation/data/dpp-bulk,2026-05-31 21:45:53.350564+00:00,3218190,KALDE ENERJİ MERSİN BİYOKÜTLE SANTRALİ,17739,2026-05-31T05:00:00+03:00,05:00
40W0000032181902,KALDE ENERJİ MERSİN BİYOKÜTLE SANTRALİ,unknown,2026-05-31 06:00:00+03:00,,9.3,chunk_0066.json,POST /v1/generation/data/dpp-bulk,2026-05-31 21:45:53.350564+00:00,3218190,KALDE ENERJİ MERSİN BİYOKÜTLE SANTRALİ,17739,2026-05-31T06:00:00+03:00,06:00
40W0000032181902,KALDE ENERJİ MERSİN BİYOKÜTLE SANTRALİ,unknown,2026-05-31 07:00:00+03:00,,9.3,chunk_0066.json,POST /v1/generation/data/dpp-bulk,2026-05-31 21:45:53.350564+00:00,3218190,KALDE ENERJİ MERSİN BİYOKÜTLE SANTRALİ,17739,2026-05-31T07:00:00+03:00,07:00
40W0000032181902,KALDE ENERJİ MERSİN BİYOKÜTLE SANTRALİ,unknown,2026-05-31 08:00:00+03:00,,9.3,chunk_0066.json,POST /v1/generation/data/dpp-bulk,2026-05-31 21:45:53.350564+00:00,3218190,KALDE ENERJİ MERSİN BİYOKÜTLE SANTRALİ,17739,2026-05-31T08:00:00+03:00,08:00
40W0000032181902,KALDE ENERJİ MERSİN BİYOKÜTLE SANTRALİ,unknown,2026-05-31 09:00:00+03:00,,9.3,chunk_0066.json,POST /v1/generation/data/dpp-bulk,2026-05-31 21:45:53.350564+00:00,3218190,KALDE ENERJİ MERSİN BİYOKÜTLE SANTRALİ,17739,2026-05-31T09:00:00+03:00,09:00
40W0000032181902,KALDE ENERJİ MERSİN BİYOKÜTLE SANTRALİ,unknown,2026-05-31 10:00:00+03:00,,9.3,chunk_0066.json,POST /v1/generation/data/dpp-bulk,2026-05-31 21:45:53.350564+00:00,3218190,KALDE ENERJİ MERSİN BİYOKÜTLE SANTRALİ,17739,2026-05-31T10:00:00+03:00,10:00
40W0000032181902,KALDE ENERJİ MERSİN BİYOKÜTLE SANTRALİ,unknown,2026-05-31 11:00:00+03:00,,9.3,chunk_0066.json,POST /v1/generation/data/dpp-bulk,2026-05-31 21:45:53.350564+00:00,3218190,KALDE ENERJİ MERSİN BİYOKÜTLE SANTRALİ,17739,2026-05-31T11:00:00+03:00,11:00
40W0000032181902,KALDE ENERJİ MERSİN BİYOKÜTLE SANTRALİ,unknown,2026-05-31 12:00:00+03:00,,9.3,chunk_0066.json,POST /v1/generation/data/dpp-bulk,2026-05-31 21:45:53.350564+00:00,3218190,KALDE ENERJİ MERSİN BİYOKÜTLE SANTRALİ,17739,2026-05-31T12:00:00+03:00,12:00
40W0000032181902,KALDE ENERJİ MERSİN BİYOKÜTLE SANTRALİ,unknown,2026-05-31 13:00:00+03:00,,9.3,chunk_0066.json,POST /v1/generation/data/dpp-bulk,2026-05-31 21:45:53.350564+00:00,3218190,KALDE ENERJİ MERSİN BİYOKÜTLE SANTRALİ,17739,2026-05-31T13:00:00+03:00,13:00
40W0000032181902,KALDE ENERJİ MERSİN BİYOKÜTLE SANTRALİ,unknown,2026-05-31 14:00:00+03:00,,9.3,chunk_0066.json,POST /v1/generation/data/dpp-bulk,2026-05-31 21:45:53.350564+00:00,3218190,KALDE ENERJİ MERSİN BİYOKÜTLE SANTRALİ,17739,2026-05-31T14:00:00+03:00,14:00
40W0000032181902,KALDE ENERJİ MERSİN BİYOKÜTLE SANTRALİ,unknown,2026-05-31 15:00:00+03:00,,9.3,chunk_0066.json,POST /v1/generation/data/dpp-bulk,2026-05-31 21:45:53.350564+00:00,3218190,KALDE ENERJİ MERSİN BİYOKÜTLE SANTRALİ,17739,2026-05-31T15:00:00+03:00,15:00
40W0000032181902,KALDE ENERJİ MERSİN BİYOKÜTLE SANTRALİ,unknown,2026-05-31 16:00:00+03:00,,9.3,chunk_0066.json,POST /v1/generation/data/dpp-bulk,2026-05-31 21:45:53.350564+00:00,3218190,KALDE ENERJİ MERSİN BİYOKÜTLE SANTRALİ,17739,2026-05-31T16:00:00+03:00,16:00
40W0000032181902,KALDE ENERJİ MERSİN BİYOKÜTLE SANTRALİ,unknown,2026-05-31 17:00:00+03:00,,9.3,chunk_0066.json,POST /v1/generation/data/dpp-bulk,2026-05-31 21:45:53.350564+00:00,3218190,KALDE ENERJİ MERSİN BİYOKÜTLE SANTRALİ,17739,2026-05-31T17:00:00+03:00,17:00
40W0000032181902,KALDE ENERJİ MERSİN BİYOKÜTLE SANTRALİ,unknown,2026-05-31 18:00:00+03:00,,9.3,chunk_0066.json,POST /v1/generation/data/dpp-bulk,2026-05-31 21:45:53.350564+00:00,3218190,KALDE ENERJİ MERSİN BİYOKÜTLE SANTRALİ,17739,2026-05-31T18:00:00+03:00,18:00
40W0000032181902,KALDE ENERJİ MERSİN BİYOKÜTLE SANTRALİ,unknown,2026-05-31 19:00:00+03:00,,9.3,chunk_0066.json,POST /v1/generation/data/dpp-bulk,2026-05-31 21:45:53.350564+00:00,3218190,KALDE ENERJİ MERSİN BİYOKÜTLE SANTRALİ,17739,2026-05-31T19:00:00+03:00,19:00
40W0000032181902,KALDE ENERJİ MERSİN BİYOKÜTLE SANTRALİ,unknown,2026-05-31 20:00:00+03:00,,9.3,chunk_0066.json,POST /v1/generation/data/dpp-bulk,2026-05-31 21:45:53.350564+00:00,3218190,KALDE ENERJİ MERSİN BİYOKÜTLE SANTRALİ,17739,2026-05-31T20:00:00+03:00,20:00
40W0000032181902,KALDE ENERJİ MERSİN BİYOKÜTLE SANTRALİ,unknown,2026-05-31 21:00:00+03:00,,9.3,chunk_0066.json,POST /v1/generation/data/dpp-bulk,2026-05-31 21:45:53.350564+00:00,3218190,KALDE ENERJİ MERSİN BİYOKÜTLE SANTRALİ,17739,2026-05-31T21:00:00+03:00,21:00
40W0000032181902,KALDE ENERJİ MERSİN BİYOKÜTLE SANTRALİ,unknown,2026-05-31 22:00:00+03:00,,9.3,chunk_0066.json,POST /v1/generation/data/dpp-bulk,2026-05-31 21:45:53.350564+00:00,3218190,KALDE ENERJİ MERSİN BİYOKÜTLE SANTRALİ,17739,2026-05-31T22:00:00+03:00,22:00
40W0000032181902,KALDE ENERJİ MERSİN BİYOKÜTLE SANTRALİ,unknown,2026-05-31 23:00:00+03:00,,9.3,chunk_0066.json,POST /v1/generation/data/dpp-bulk,2026-05-31 21:45:53.350564+00:00,3218190,KALDE ENERJİ MERSİN BİYOKÜTLE SANTRALİ,17739,2026-05-31T23:00:00+03:00,23:00
40W000003217950O,HGT 1 BUCAK BES,unknown,2026-05-31 00:00:00+03:00,,0.0,chunk_0066.json,POST /v1/generation/data/dpp-bulk,2026-05-31 21:45:53.350564+00:00,3217950,HGT 1 BUCAK BES,17799,2026-05-31T00:00:00+03:00,00:00
40W000003217950O,HGT 1 BUCAK BES,unknown,2026-05-31 01:00:00+03:00,,0.0,chunk_0066.json,POST /v1/generation/data/dpp-bulk,2026-05-31 21:45:53.350564+00:00,3217950,HGT 1 BUCAK BES,17799,2026-05-31T01:00:00+03:00,01:00
40W000003217950O,HGT 1 BUCAK BES,unknown,2026-05-31 02:00:00+03:00,,0.0,chunk_0066.json,POST /v1/generation/data/dpp-bulk,2026-05-31 21:45:53.350564+00:00,3217950,HGT 1 BUCAK BES,17799,2026-05-31T02:00:00+03:00,02:00
40W000003217950O,HGT 1 BUCAK BES,unknown,2026-05-31 03:00:00+03:00,,0.0,chunk_0066.json,POST /v1/generation/data/dpp-bulk,2026-05-31 21:45:53.350564+00:00,3217950,HGT 1 BUCAK BES,17799,2026-05-31T03:00:00+03:00,03:00
40W000003217950O,HGT 1 BUCAK BES,unknown,2026-05-31 04:00:00+03:00,,0.0,chunk_0066.json,POST /v1/generation/data/dpp-bulk,2026-05-31 21:45:53.350564+00:00,3217950,HGT 1 BUCAK BES,17799,2026-05-31T04:00:00+03:00,04:00
40W000003217950O,HGT 1 BUCAK BES,unknown,2026-05-31 05:00:00+03:00,,0.0,chunk_0066.json,POST /v1/generation/data/dpp-bulk,2026-05-31 21:45:53.350564+00:00,3217950,HGT 1 BUCAK BES,17799,2026-05-31T05:00:00+03:00,05:00
40W000003217950O,HGT 1 BUCAK BES,unknown,2026-05-31 06:00:00+03:00,,0.0,chunk_0066.json,POST /v1/generation/data/dpp-bulk,2026-05-31 21:45:53.350564+00:00,3217950,HGT 1 BUCAK BES,17799,2026-05-31T06:00:00+03:00,06:00
40W000003217950O,HGT 1 BUCAK BES,unknown,2026-05-31 07:00:00+03:00,,0.0,chunk_0066.json,POST /v1/generation/data/dpp-bulk,2026-05-31 21:45:53.350564+00:00,3217950,HGT 1 BUCAK BES,17799,2026-05-31T07:00:00+03:00,07:00
40W000003217950O,HGT 1 BUCAK BES,unknown,2026-05-31 08:00:00+03:00,,0.0,chunk_0066.json,POST /v1/generation/data/dpp-bulk,2026-05-31 21:45:53.350564+00:00,3217950,HGT 1 BUCAK BES,17799,2026-05-31T08:00:00+03:00,08:00
40W000003217950O,HGT 1 BUCAK BES,unknown,2026-05-31 09:00:00+03:00,,0.0,chunk_0066.json,POST /v1/generation/data/dpp-bulk,2026-05-31 21:45:53.350564+00:00,3217950,HGT 1 BUCAK BES,17799,2026-05-31T09:00:00+03:00,09:00
40W000003217950O,HGT 1 BUCAK BES,unknown,2026-05-31 10:00:00+03:00,,0.0,chunk_0066.json,POST /v1/generation/data/dpp-bulk,2026-05-31 21:45:53.350564+00:00,3217950,HGT 1 BUCAK BES,17799,2026-05-31T10:00:00+03:00,10:00
40W000003217950O,HGT 1 BUCAK BES,unknown,2026-05-31 11:00:00+03:00,,0.0,chunk_0066.json,POST /v1/generation/data/dpp-bulk,2026-05-31 21:45:53.350564+00:00,3217950,HGT 1 BUCAK BES,17799,2026-05-31T11:00:00+03:00,11:00
40W000003217950O,HGT 1 BUCAK BES,unknown,2026-05-31 12:00:00+03:00,,0.0,chunk_0066.json,POST /v1/generation/data/dpp-bulk,2026-05-31 21:45:53.350564+00:00,3217950,HGT 1 BUCAK BES,17799,2026-05-31T12:00:00+03:00,12:00
40W000003217950O,HGT 1 BUCAK BES,unknown,2026-05-31 13:00:00+03:00,,0.0,chunk_0066.json,POST /v1/generation/data/dpp-bulk,2026-05-31 21:45:53.350564+00:00,3217950,HGT 1 BUCAK BES,17799,2026-05-31T13:00:00+03:00,13:00
40W000003217950O,HGT 1 BUCAK BES,unknown,2026-05-31 14:00:00+03:00,,0.0,chunk_0066.json,POST /v1/generation/data/dpp-bulk,2026-05-31 21:45:53.350564+00:00,3217950,HGT 1 BUCAK BES,17799,2026-05-31T14:00:00+03:00,14:00
40W000003217950O,HGT 1 BUCAK BES,unknown,2026-05-31 15:00:00+03:00,,0.0,chunk_0066.json,POST /v1/generation/data/dpp-bulk,2026-05-31 21:45:53.350564+00:00,3217950,HGT 1 BUCAK BES,17799,2026-05-31T15:00:00+03:00,15:00
40W000003217950O,HGT 1 BUCAK BES,unknown,2026-05-31 16:00:00+03:00,,0.0,chunk_0066.json,POST /v1/generation/data/dpp-bulk,2026-05-31 21:45:53.350564+00:00,3217950,HGT 1 BUCAK BES,17799,2026-05-31T16:00:00+03:00,16:00
40W000003217950O,HGT 1 BUCAK BES,unknown,2026-05-31 17:00:00+03:00,,0.0,chunk_0066.json,POST /v1/generation/data/dpp-bulk,2026-05-31 21:45:53.350564+00:00,3217950,HGT 1 BUCAK BES,17799,2026-05-31T17:00:00+03:00,17:00
40W000003217950O,HGT 1 BUCAK BES,unknown,2026-05-31 18:00:00+03:00,,0.0,chunk_0066.json,POST /v1/generation/data/dpp-bulk,2026-05-31 21:45:53.350564+00:00,3217950,HGT 1 BUCAK BES,17799,2026-05-31T18:00:00+03:00,18:00
40W000003217950O,HGT 1 BUCAK BES,unknown,2026-05-31 19:00:00+03:00,,0.0,chunk_0066.json,POST /v1/generation/data/dpp-bulk,2026-05-31 21:45:53.350564+00:00,3217950,HGT 1 BUCAK BES,17799,2026-05-31T19:00:00+03:00,19:00
40W000003217950O,HGT 1 BUCAK BES,unknown,2026-05-31 20:00:00+03:00,,0.0,chunk_0066.json,POST /v1/generation/data/dpp-bulk,2026-05-31 21:45:53.350564+00:00,3217950,HGT 1 BUCAK BES,17799,2026-05-31T20:00:00+03:00,20:00
40W000003217950O,HGT 1 BUCAK BES,unknown,2026-05-31 21:00:00+03:00,,0.0,chunk_0066.json,POST /v1/generation/data/dpp-bulk,2026-05-31 21:45:53.350564+00:00,3217950,HGT 1 BUCAK BES,17799,2026-05-31T21:00:00+03:00,21:00
40W000003217950O,HGT 1 BUCAK BES,unknown,2026-05-31 22:00:00+03:00,,0.0,chunk_0066.json,POST /v1/generation/data/dpp-bulk,2026-05-31 21:45:53.350564+00:00,3217950,HGT 1 BUCAK BES,17799,2026-05-31T22:00:00+03:00,22:00
40W000003217950O,HGT 1 BUCAK BES,unknown,2026-05-31 23:00:00+03:00,,0.0,chunk_0066.json,POST /v1/generation/data/dpp-bulk,2026-05-31 21:45:53.350564+00:00,3217950,HGT 1 BUCAK BES,17799,2026-05-31T23:00:00+03:00,23:00
40W000003218310I,DÜZKÖY REG. ve HES,unknown,2026-05-31 00:00:00+03:00,,5.0,chunk_0066.json,POST /v1/generation/data/dpp-bulk,2026-05-31 21:45:53.350564+00:00,3218310,DÜZKÖY REG. ve HES,18019,2026-05-31T00:00:00+03:00,00:00
40W000003218310I,DÜZKÖY REG. ve HES,unknown,2026-05-31 01:00:00+03:00,,5.0,chunk_0066.json,POST /v1/generation/data/dpp-bulk,2026-05-31 21:45:53.350564+00:00,3218310,DÜZKÖY REG. ve HES,18019,2026-05-31T01:00:00+03:00,01:00
40W000003218310I,DÜZKÖY REG. ve HES,unknown,2026-05-31 02:00:00+03:00,,5.0,chunk_0066.json,POST /v1/generation/data/dpp-bulk,2026-05-31 21:45:53.350564+00:00,3218310,DÜZKÖY REG. ve HES,18019,2026-05-31T02:00:00+03:00,02:00
40W000003218310I,DÜZKÖY REG. ve HES,unknown,2026-05-31 03:00:00+03:00,,5.0,chunk_0066.json,POST /v1/generation/data/dpp-bulk,2026-05-31 21:45:53.350564+00:00,3218310,DÜZKÖY REG. ve HES,18019,2026-05-31T03:00:00+03:00,03:00
40W000003218310I,DÜZKÖY REG. ve HES,unknown,2026-05-31 04:00:00+03:00,,5.0,chunk_0066.json,POST /v1/generation/data/dpp-bulk,2026-05-31 21:45:53.350564+00:00,3218310,DÜZKÖY REG. ve HES,18019,2026-05-31T04:00:00+03:00,04:00
40W000003218310I,DÜZKÖY REG. ve HES,unknown,2026-05-31 05:00:00+03:00,,5.0,chunk_0066.json,POST /v1/generation/data/dpp-bulk,2026-05-31 21:45:53.350564+00:00,3218310,DÜZKÖY REG. ve HES,18019,2026-05-31T05:00:00+03:00,05:00
40W000003218310I,DÜZKÖY REG. ve HES,unknown,2026-05-31 06:00:00+03:00,,5.0,chunk_0066.json,POST /v1/generation/data/dpp-bulk,2026-05-31 21:45:53.350564+00:00,3218310,DÜZKÖY REG. ve HES,18019,2026-05-31T06:00:00+03:00,06:00
40W000003218310I,DÜZKÖY REG. ve HES,unknown,2026-05-31 07:00:00+03:00,,5.0,chunk_0066.json,POST /v1/generation/data/dpp-bulk,2026-05-31 21:45:53.350564+00:00,3218310,DÜZKÖY REG. ve HES,18019,2026-05-31T07:00:00+03:00,07:00
40W000003218310I,DÜZKÖY REG. ve HES,unknown,2026-05-31 08:00:00+03:00,,5.0,chunk_0066.json,POST /v1/generation/data/dpp-bulk,2026-05-31 21:45:53.350564+00:00,3218310,DÜZKÖY REG. ve HES,18019,2026-05-31T08:00:00+03:00,08:00
40W000003218310I,DÜZKÖY REG. ve HES,unknown,2026-05-31 09:00:00+03:00,,5.5,chunk_0066.json,POST /v1/generation/data/dpp-bulk,2026-05-31 21:45:53.350564+00:00,3218310,DÜZKÖY REG. ve HES,18019,2026-05-31T09:00:00+03:00,09:00
40W000003218310I,DÜZKÖY REG. ve HES,unknown,2026-05-31 10:00:00+03:00,,5.5,chunk_0066.json,POST /v1/generation/data/dpp-bulk,2026-05-31 21:45:53.350564+00:00,3218310,DÜZKÖY REG. ve HES,18019,2026-05-31T10:00:00+03:00,10:00
40W000003218310I,DÜZKÖY REG. ve HES,unknown,2026-05-31 11:00:00+03:00,,5.5,chunk_0066.json,POST /v1/generation/data/dpp-bulk,2026-05-31 21:45:53.350564+00:00,3218310,DÜZKÖY REG. ve HES,18019,2026-05-31T11:00:00+03:00,11:00
40W000003218310I,DÜZKÖY REG. ve HES,unknown,2026-05-31 12:00:00+03:00,,5.5,chunk_0066.json,POST /v1/generation/data/dpp-bulk,2026-05-31 21:45:53.350564+00:00,3218310,DÜZKÖY REG. ve HES,18019,2026-05-31T12:00:00+03:00,12:00
40W000003218310I,DÜZKÖY REG. ve HES,unknown,2026-05-31 13:00:00+03:00,,5.5,chunk_0066.json,POST /v1/generation/data/dpp-bulk,2026-05-31 21:45:53.350564+00:00,3218310,DÜZKÖY REG. ve HES,18019,2026-05-31T13:00:00+03:00,13:00
40W000003218310I,DÜZKÖY REG. ve HES,unknown,2026-05-31 14:00:00+03:00,,5.5,chunk_0066.json,POST /v1/generation/data/dpp-bulk,2026-05-31 21:45:53.350564+00:00,3218310,DÜZKÖY REG. ve HES,18019,2026-05-31T14:00:00+03:00,14:00
40W000003218310I,DÜZKÖY REG. ve HES,unknown,2026-05-31 15:00:00+03:00,,5.5,chunk_0066.json,POST /v1/generation/data/dpp-bulk,2026-05-31 21:45:53.350564+00:00,3218310,DÜZKÖY REG. ve HES,18019,2026-05-31T15:00:00+03:00,15:00
40W000003218310I,DÜZKÖY REG. ve HES,unknown,2026-05-31 16:00:00+03:00,,5.5,chunk_0066.json,POST /v1/generation/data/dpp-bulk,2026-05-31 21:45:53.350564+00:00,3218310,DÜZKÖY REG. ve HES,18019,2026-05-31T16:00:00+03:00,16:00
40W000003218310I,DÜZKÖY REG. ve HES,unknown,2026-05-31 17:00:00+03:00,,5.5,chunk_0066.json,POST /v1/generation/data/dpp-bulk,2026-05-31 21:45:53.350564+00:00,3218310,DÜZKÖY REG. ve HES,18019,2026-05-31T17:00:00+03:00,17:00
40W000003218310I,DÜZKÖY REG. ve HES,unknown,2026-05-31 18:00:00+03:00,,5.5,chunk_0066.json,POST /v1/generation/data/dpp-bulk,2026-05-31 21:45:53.350564+00:00,3218310,DÜZKÖY REG. ve HES,18019,2026-05-31T18:00:00+03:00,18:00
40W000003218310I,DÜZKÖY REG. ve HES,unknown,2026-05-31 19:00:00+03:00,,5.5,chunk_0066.json,POST /v1/generation/data/dpp-bulk,2026-05-31 21:45:53.350564+00:00,3218310,DÜZKÖY REG. ve HES,18019,2026-05-31T19:00:00+03:00,19:00
40W000003218310I,DÜZKÖY REG. ve HES,unknown,2026-05-31 20:00:00+03:00,,5.5,chunk_0066.json,POST /v1/generation/data/dpp-bulk,2026-05-31 21:45:53.350564+00:00,3218310,DÜZKÖY REG. ve HES,18019,2026-05-31T20:00:00+03:00,20:00
40W000003218310I,DÜZKÖY REG. ve HES,unknown,2026-05-31 21:00:00+03:00,,5.5,chunk_0066.json,POST /v1/generation/data/dpp-bulk,2026-05-31 21:45:53.350564+00:00,3218310,DÜZKÖY REG. ve HES,18019,2026-05-31T21:00:00+03:00,21:00
40W000003218310I,DÜZKÖY REG. ve HES,unknown,2026-05-31 22:00:00+03:00,,5.5,chunk_0066.json,POST /v1/generation/data/dpp-bulk,2026-05-31 21:45:53.350564+00:00,3218310,DÜZKÖY REG. ve HES,18019,2026-05-31T22:00:00+03:00,22:00
40W000003218310I,DÜZKÖY REG. ve HES,unknown,2026-05-31 23:00:00+03:00,,5.5,chunk_0066.json,POST /v1/generation/data/dpp-bulk,2026-05-31 21:45:53.350564+00:00,3218310,DÜZKÖY REG. ve HES,18019,2026-05-31T23:00:00+03:00,23:00
40W000003218053C,ÜREGEN ENERJİ BİYOGAZ TESİSİ,unknown,2026-05-31 00:00:00+03:00,,0.0,chunk_0066.json,POST /v1/generation/data/dpp-bulk,2026-05-31 21:45:53.350564+00:00,3218053,ÜREGEN ENERJİ BİYOGAZ TESİSİ,103060,2026-05-31T00:00:00+03:00,00:00
40W000003218053C,ÜREGEN ENERJİ BİYOGAZ TESİSİ,unknown,2026-05-31 01:00:00+03:00,,0.0,chunk_0066.json,POST /v1/generation/data/dpp-bulk,2026-05-31 21:45:53.350564+00:00,3218053,ÜREGEN ENERJİ BİYOGAZ TESİSİ,103060,2026-05-31T01:00:00+03:00,01:00
40W000003218053C,ÜREGEN ENERJİ BİYOGAZ TESİSİ,unknown,2026-05-31 02:00:00+03:00,,0.0,chunk_0066.json,POST /v1/generation/data/dpp-bulk,2026-05-31 21:45:53.350564+00:00,3218053,ÜREGEN ENERJİ BİYOGAZ TESİSİ,103060,2026-05-31T02:00:00+03:00,02:00
40W000003218053C,ÜREGEN ENERJİ BİYOGAZ TESİSİ,unknown,2026-05-31 03:00:00+03:00,,0.0,chunk_0066.json,POST /v1/generation/data/dpp-bulk,2026-05-31 21:45:53.350564+00:00,3218053,ÜREGEN ENERJİ BİYOGAZ TESİSİ,103060,2026-05-31T03:00:00+03:00,03:00
40W000003218053C,ÜREGEN ENERJİ BİYOGAZ TESİSİ,unknown,2026-05-31 04:00:00+03:00,,0.0,chunk_0066.json,POST /v1/generation/data/dpp-bulk,2026-05-31 21:45:53.350564+00:00,3218053,ÜREGEN ENERJİ BİYOGAZ TESİSİ,103060,2026-05-31T04:00:00+03:00,04:00
40W000003218053C,ÜREGEN ENERJİ BİYOGAZ TESİSİ,unknown,2026-05-31 05:00:00+03:00,,0.0,chunk_0066.json,POST /v1/generation/data/dpp-bulk,2026-05-31 21:45:53.350564+00:00,3218053,ÜREGEN ENERJİ BİYOGAZ TESİSİ,103060,2026-05-31T05:00:00+03:00,05:00
40W000003218053C,ÜREGEN ENERJİ BİYOGAZ TESİSİ,unknown,2026-05-31 06:00:00+03:00,,0.0,chunk_0066.json,POST /v1/generation/data/dpp-bulk,2026-05-31 21:45:53.350564+00:00,3218053,ÜREGEN ENERJİ BİYOGAZ TESİSİ,103060,2026-05-31T06:00:00+03:00,06:00
40W000003218053C,ÜREGEN ENERJİ BİYOGAZ TESİSİ,unknown,2026-05-31 07:00:00+03:00,,0.0,chunk_0066.json,POST /v1/generation/data/dpp-bulk,2026-05-31 21:45:53.350564+00:00,3218053,ÜREGEN ENERJİ BİYOGAZ TESİSİ,103060,2026-05-31T07:00:00+03:00,07:00
40W000003218053C,ÜREGEN ENERJİ BİYOGAZ TESİSİ,unknown,2026-05-31 08:00:00+03:00,,0.0,chunk_0066.json,POST /v1/generation/data/dpp-bulk,2026-05-31 21:45:53.350564+00:00,3218053,ÜREGEN ENERJİ BİYOGAZ TESİSİ,103060,2026-05-31T08:00:00+03:00,08:00
40W000003218053C,ÜREGEN ENERJİ BİYOGAZ TESİSİ,unknown,2026-05-31 09:00:00+03:00,,0.0,chunk_0066.json,POST /v1/generation/data/dpp-bulk,2026-05-31 21:45:53.350564+00:00,3218053,ÜREGEN ENERJİ BİYOGAZ TESİSİ,103060,2026-05-31T09:00:00+03:00,09:00
40W000003218053C,ÜREGEN ENERJİ BİYOGAZ TESİSİ,unknown,2026-05-31 10:00:00+03:00,,0.0,chunk_0066.json,POST /v1/generation/data/dpp-bulk,2026-05-31 21:45:53.350564+00:00,3218053,ÜREGEN ENERJİ BİYOGAZ TESİSİ,103060,2026-05-31T10:00:00+03:00,10:00
40W000003218053C,ÜREGEN ENERJİ BİYOGAZ TESİSİ,unknown,2026-05-31 11:00:00+03:00,,0.0,chunk_0066.json,POST /v1/generation/data/dpp-bulk,2026-05-31 21:45:53.350564+00:00,3218053,ÜREGEN ENERJİ BİYOGAZ TESİSİ,103060,2026-05-31T11:00:00+03:00,11:00
40W000003218053C,ÜREGEN ENERJİ BİYOGAZ TESİSİ,unknown,2026-05-31 12:00:00+03:00,,0.0,chunk_0066.json,POST /v1/generation/data/dpp-bulk,2026-05-31 21:45:53.350564+00:00,3218053,ÜREGEN ENERJİ BİYOGAZ TESİSİ,103060,2026-05-31T12:00:00+03:00,12:00
40W000003218053C,ÜREGEN ENERJİ BİYOGAZ TESİSİ,unknown,2026-05-31 13:00:00+03:00,,0.0,chunk_0066.json,POST /v1/generation/data/dpp-bulk,2026-05-31 21:45:53.350564+00:00,3218053,ÜREGEN ENERJİ BİYOGAZ TESİSİ,103060,2026-05-31T13:00:00+03:00,13:00
40W000003218053C,ÜREGEN ENERJİ BİYOGAZ TESİSİ,unknown,2026-05-31 14:00:00+03:00,,0.0,chunk_0066.json,POST /v1/generation/data/dpp-bulk,2026-05-31 21:45:53.350564+00:00,3218053,ÜREGEN ENERJİ BİYOGAZ TESİSİ,103060,2026-05-31T14:00:00+03:00,14:00
40W000003218053C,ÜREGEN ENERJİ BİYOGAZ TESİSİ,unknown,2026-05-31 15:00:00+03:00,,0.0,chunk_0066.json,POST /v1/generation/data/dpp-bulk,2026-05-31 21:45:53.350564+00:00,3218053,ÜREGEN ENERJİ BİYOGAZ TESİSİ,103060,2026-05-31T15:00:00+03:00,15:00
40W000003218053C,ÜREGEN ENERJİ BİYOGAZ TESİSİ,unknown,2026-05-31 16:00:00+03:00,,0.0,chunk_0066.json,POST /v1/generation/data/dpp-bulk,2026-05-31 21:45:53.350564+00:00,3218053,ÜREGEN ENERJİ BİYOGAZ TESİSİ,103060,2026-05-31T16:00:00+03:00,16:00
40W000003218053C,ÜREGEN ENERJİ BİYOGAZ TESİSİ,unknown,2026-05-31 17:00:00+03:00,,0.0,chunk_0066.json,POST /v1/generation/data/dpp-bulk,2026-05-31 21:45:53.350564+00:00,3218053,ÜREGEN ENERJİ BİYOGAZ TESİSİ,103060,2026-05-31T17:00:00+03:00,17:00
40W000003218053C,ÜREGEN ENERJİ BİYOGAZ TESİSİ,unknown,2026-05-31 18:00:00+03:00,,0.0,chunk_0066.json,POST /v1/generation/data/dpp-bulk,2026-05-31 21:45:53.350564+00:00,3218053,ÜREGEN ENERJİ BİYOGAZ TESİSİ,103060,2026-05-31T18:00:00+03:00,18:00
40W000003218053C,ÜREGEN ENERJİ BİYOGAZ TESİSİ,unknown,2026-05-31 19:00:00+03:00,,0.0,chunk_0066.json,POST /v1/generation/data/dpp-bulk,2026-05-31 21:45:53.350564+00:00,3218053,ÜREGEN ENERJİ BİYOGAZ TESİSİ,103060,2026-05-31T19:00:00+03:00,19:00
40W000003218053C,ÜREGEN ENERJİ BİYOGAZ TESİSİ,unknown,2026-05-31 20:00:00+03:00,,0.0,chunk_0066.json,POST /v1/generation/data/dpp-bulk,2026-05-31 21:45:53.350564+00:00,3218053,ÜREGEN ENERJİ BİYOGAZ TESİSİ,103060,2026-05-31T20:00:00+03:00,20:00
40W000003218053C,ÜREGEN ENERJİ BİYOGAZ TESİSİ,unknown,2026-05-31 21:00:00+03:00,,0.0,chunk_0066.json,POST /v1/generation/data/dpp-bulk,2026-05-31 21:45:53.350564+00:00,3218053,ÜREGEN ENERJİ BİYOGAZ TESİSİ,103060,2026-05-31T21:00:00+03:00,21:00
40W000003218053C,ÜREGEN ENERJİ BİYOGAZ TESİSİ,unknown,2026-05-31 22:00:00+03:00,,0.0,chunk_0066.json,POST /v1/generation/data/dpp-bulk,2026-05-31 21:45:53.350564+00:00,3218053,ÜREGEN ENERJİ BİYOGAZ TESİSİ,103060,2026-05-31T22:00:00+03:00,22:00
40W000003218053C,ÜREGEN ENERJİ BİYOGAZ TESİSİ,unknown,2026-05-31 23:00:00+03:00,,0.0,chunk_0066.json,POST /v1/generation/data/dpp-bulk,2026-05-31 21:45:53.350564+00:00,3218053,ÜREGEN ENERJİ BİYOGAZ TESİSİ,103060,2026-05-31T23:00:00+03:00,23:00
40W0000032180906,BEKMEZCİ BİYOGAZ ENERJİ SANTRALİ,unknown,2026-05-31 00:00:00+03:00,,0.0,chunk_0066.json,POST /v1/generation/data/dpp-bulk,2026-05-31 21:45:53.350564+00:00,3218090,BEKMEZCİ BİYOGAZ ENERJİ SANTRALİ,103060,2026-05-31T00:00:00+03:00,00:00
40W0000032180906,BEKMEZCİ BİYOGAZ ENERJİ SANTRALİ,unknown,2026-05-31 01:00:00+03:00,,0.7,chunk_0066.json,POST /v1/generation/data/dpp-bulk,2026-05-31 21:45:53.350564+00:00,3218090,BEKMEZCİ BİYOGAZ ENERJİ SANTRALİ,103060,2026-05-31T01:00:00+03:00,01:00
40W0000032180906,BEKMEZCİ BİYOGAZ ENERJİ SANTRALİ,unknown,2026-05-31 02:00:00+03:00,,0.7,chunk_0066.json,POST /v1/generation/data/dpp-bulk,2026-05-31 21:45:53.350564+00:00,3218090,BEKMEZCİ BİYOGAZ ENERJİ SANTRALİ,103060,2026-05-31T02:00:00+03:00,02:00
40W0000032180906,BEKMEZCİ BİYOGAZ ENERJİ SANTRALİ,unknown,2026-05-31 03:00:00+03:00,,0.7,chunk_0066.json,POST /v1/generation/data/dpp-bulk,2026-05-31 21:45:53.350564+00:00,3218090,BEKMEZCİ BİYOGAZ ENERJİ SANTRALİ,103060,2026-05-31T03:00:00+03:00,03:00
40W0000032180906,BEKMEZCİ BİYOGAZ ENERJİ SANTRALİ,unknown,2026-05-31 04:00:00+03:00,,0.0,chunk_0066.json,POST /v1/generation/data/dpp-bulk,2026-05-31 21:45:53.350564+00:00,3218090,BEKMEZCİ BİYOGAZ ENERJİ SANTRALİ,103060,2026-05-31T04:00:00+03:00,04:00
40W0000032180906,BEKMEZCİ BİYOGAZ ENERJİ SANTRALİ,unknown,2026-05-31 05:00:00+03:00,,0.7,chunk_0066.json,POST /v1/generation/data/dpp-bulk,2026-05-31 21:45:53.350564+00:00,3218090,BEKMEZCİ BİYOGAZ ENERJİ SANTRALİ,103060,2026-05-31T05:00:00+03:00,05:00
40W0000032180906,BEKMEZCİ BİYOGAZ ENERJİ SANTRALİ,unknown,2026-05-31 06:00:00+03:00,,0.7,chunk_0066.json,POST /v1/generation/data/dpp-bulk,2026-05-31 21:45:53.350564+00:00,3218090,BEKMEZCİ BİYOGAZ ENERJİ SANTRALİ,103060,2026-05-31T06:00:00+03:00,06:00
40W0000032180906,BEKMEZCİ BİYOGAZ ENERJİ SANTRALİ,unknown,2026-05-31 07:00:00+03:00,,1.2,chunk_0066.json,POST /v1/generation/data/dpp-bulk,2026-05-31 21:45:53.350564+00:00,3218090,BEKMEZCİ BİYOGAZ ENERJİ SANTRALİ,103060,2026-05-31T07:00:00+03:00,07:00
40W0000032180906,BEKMEZCİ BİYOGAZ ENERJİ SANTRALİ,unknown,2026-05-31 08:00:00+03:00,,1.8,chunk_0066.json,POST /v1/generation/data/dpp-bulk,2026-05-31 21:45:53.350564+00:00,3218090,BEKMEZCİ BİYOGAZ ENERJİ SANTRALİ,103060,2026-05-31T08:00:00+03:00,08:00
40W0000032180906,BEKMEZCİ BİYOGAZ ENERJİ SANTRALİ,unknown,2026-05-31 09:00:00+03:00,,2.2,chunk_0066.json,POST /v1/generation/data/dpp-bulk,2026-05-31 21:45:53.350564+00:00,3218090,BEKMEZCİ BİYOGAZ ENERJİ SANTRALİ,103060,2026-05-31T09:00:00+03:00,09:00
40W0000032180906,BEKMEZCİ BİYOGAZ ENERJİ SANTRALİ,unknown,2026-05-31 10:00:00+03:00,,2.5,chunk_0066.json,POST /v1/generation/data/dpp-bulk,2026-05-31 21:45:53.350564+00:00,3218090,BEKMEZCİ BİYOGAZ ENERJİ SANTRALİ,103060,2026-05-31T10:00:00+03:00,10:00
40W0000032180906,BEKMEZCİ BİYOGAZ ENERJİ SANTRALİ,unknown,2026-05-31 11:00:00+03:00,,2.5,chunk_0066.json,POST /v1/generation/data/dpp-bulk,2026-05-31 21:45:53.350564+00:00,3218090,BEKMEZCİ BİYOGAZ ENERJİ SANTRALİ,103060,2026-05-31T11:00:00+03:00,11:00
40W0000032180906,BEKMEZCİ BİYOGAZ ENERJİ SANTRALİ,unknown,2026-05-31 12:00:00+03:00,,2.5,chunk_0066.json,POST /v1/generation/data/dpp-bulk,2026-05-31 21:45:53.350564+00:00,3218090,BEKMEZCİ BİYOGAZ ENERJİ SANTRALİ,103060,2026-05-31T12:00:00+03:00,12:00
40W0000032180906,BEKMEZCİ BİYOGAZ ENERJİ SANTRALİ,unknown,2026-05-31 13:00:00+03:00,,2.4,chunk_0066.json,POST /v1/generation/data/dpp-bulk,2026-05-31 21:45:53.350564+00:00,3218090,BEKMEZCİ BİYOGAZ ENERJİ SANTRALİ,103060,2026-05-31T13:00:00+03:00,13:00
40W0000032180906,BEKMEZCİ BİYOGAZ ENERJİ SANTRALİ,unknown,2026-05-31 14:00:00+03:00,,2.2,chunk_0066.json,POST /v1/generation/data/dpp-bulk,2026-05-31 21:45:53.350564+00:00,3218090,BEKMEZCİ BİYOGAZ ENERJİ SANTRALİ,103060,2026-05-31T14:00:00+03:00,14:00
40W0000032180906,BEKMEZCİ BİYOGAZ ENERJİ SANTRALİ,unknown,2026-05-31 15:00:00+03:00,,1.9,chunk_0066.json,POST /v1/generation/data/dpp-bulk,2026-05-31 21:45:53.350564+00:00,3218090,BEKMEZCİ BİYOGAZ ENERJİ SANTRALİ,103060,2026-05-31T15:00:00+03:00,15:00
40W0000032180906,BEKMEZCİ BİYOGAZ ENERJİ SANTRALİ,unknown,2026-05-31 16:00:00+03:00,,1.7,chunk_0066.json,POST /v1/generation/data/dpp-bulk,2026-05-31 21:45:53.350564+00:00,3218090,BEKMEZCİ BİYOGAZ ENERJİ SANTRALİ,103060,2026-05-31T16:00:00+03:00,16:00
40W0000032180906,BEKMEZCİ BİYOGAZ ENERJİ SANTRALİ,unknown,2026-05-31 17:00:00+03:00,,1.2,chunk_0066.json,POST /v1/generation/data/dpp-bulk,2026-05-31 21:45:53.350564+00:00,3218090,BEKMEZCİ BİYOGAZ ENERJİ SANTRALİ,103060,2026-05-31T17:00:00+03:00,17:00
40W0000032180906,BEKMEZCİ BİYOGAZ ENERJİ SANTRALİ,unknown,2026-05-31 18:00:00+03:00,,0.8,chunk_0066.json,POST /v1/generation/data/dpp-bulk,2026-05-31 21:45:53.350564+00:00,3218090,BEKMEZCİ BİYOGAZ ENERJİ SANTRALİ,103060,2026-05-31T18:00:00+03:00,18:00
40W0000032180906,BEKMEZCİ BİYOGAZ ENERJİ SANTRALİ,unknown,2026-05-31 19:00:00+03:00,,0.8,chunk_0066.json,POST /v1/generation/data/dpp-bulk,2026-05-31 21:45:53.350564+00:00,3218090,BEKMEZCİ BİYOGAZ ENERJİ SANTRALİ,103060,2026-05-31T19:00:00+03:00,19:00
40W0000032180906,BEKMEZCİ BİYOGAZ ENERJİ SANTRALİ,unknown,2026-05-31 20:00:00+03:00,,0.0,chunk_0066.json,POST /v1/generation/data/dpp-bulk,2026-05-31 21:45:53.350564+00:00,3218090,BEKMEZCİ BİYOGAZ ENERJİ SANTRALİ,103060,2026-05-31T20:00:00+03:00,20:00
40W0000032180906,BEKMEZCİ BİYOGAZ ENERJİ SANTRALİ,unknown,2026-05-31 21:00:00+03:00,,0.7,chunk_0066.json,POST /v1/generation/data/dpp-bulk,2026-05-31 21:45:53.350564+00:00,3218090,BEKMEZCİ BİYOGAZ ENERJİ SANTRALİ,103060,2026-05-31T21:00:00+03:00,21:00
40W0000032180906,BEKMEZCİ BİYOGAZ ENERJİ SANTRALİ,unknown,2026-05-31 22:00:00+03:00,,0.7,chunk_0066.json,POST /v1/generation/data/dpp-bulk,2026-05-31 21:45:53.350564+00:00,3218090,BEKMEZCİ BİYOGAZ ENERJİ SANTRALİ,103060,2026-05-31T22:00:00+03:00,22:00
40W0000032180906,BEKMEZCİ BİYOGAZ ENERJİ SANTRALİ,unknown,2026-05-31 23:00:00+03:00,,0.7,chunk_0066.json,POST /v1/generation/data/dpp-bulk,2026-05-31 21:45:53.350564+00:00,3218090,BEKMEZCİ BİYOGAZ ENERJİ SANTRALİ,103060,2026-05-31T23:00:00+03:00,23:00
40W000003217931S,AS KOÇ KARABİGA BES,unknown,2026-05-31 00:00:00+03:00,,1.1,chunk_0066.json,POST /v1/generation/data/dpp-bulk,2026-05-31 21:45:53.350564+00:00,3217931,AS KOÇ KARABİGA BES,103160,2026-05-31T00:00:00+03:00,00:00
40W000003217931S,AS KOÇ KARABİGA BES,unknown,2026-05-31 01:00:00+03:00,,1.1,chunk_0066.json,POST /v1/generation/data/dpp-bulk,2026-05-31 21:45:53.350564+00:00,3217931,AS KOÇ KARABİGA BES,103160,2026-05-31T01:00:00+03:00,01:00
40W000003217931S,AS KOÇ KARABİGA BES,unknown,2026-05-31 02:00:00+03:00,,1.1,chunk_0066.json,POST /v1/generation/data/dpp-bulk,2026-05-31 21:45:53.350564+00:00,3217931,AS KOÇ KARABİGA BES,103160,2026-05-31T02:00:00+03:00,02:00
40W000003217931S,AS KOÇ KARABİGA BES,unknown,2026-05-31 03:00:00+03:00,,1.1,chunk_0066.json,POST /v1/generation/data/dpp-bulk,2026-05-31 21:45:53.350564+00:00,3217931,AS KOÇ KARABİGA BES,103160,2026-05-31T03:00:00+03:00,03:00
40W000003217931S,AS KOÇ KARABİGA BES,unknown,2026-05-31 04:00:00+03:00,,1.1,chunk_0066.json,POST /v1/generation/data/dpp-bulk,2026-05-31 21:45:53.350564+00:00,3217931,AS KOÇ KARABİGA BES,103160,2026-05-31T04:00:00+03:00,04:00
40W000003217931S,AS KOÇ KARABİGA BES,unknown,2026-05-31 05:00:00+03:00,,1.1,chunk_0066.json,POST /v1/generation/data/dpp-bulk,2026-05-31 21:45:53.350564+00:00,3217931,AS KOÇ KARABİGA BES,103160,2026-05-31T05:00:00+03:00,05:00
40W000003217931S,AS KOÇ KARABİGA BES,unknown,2026-05-31 06:00:00+03:00,,1.1,chunk_0066.json,POST /v1/generation/data/dpp-bulk,2026-05-31 21:45:53.350564+00:00,3217931,AS KOÇ KARABİGA BES,103160,2026-05-31T06:00:00+03:00,06:00
40W000003217931S,AS KOÇ KARABİGA BES,unknown,2026-05-31 07:00:00+03:00,,1.1,chunk_0066.json,POST /v1/generation/data/dpp-bulk,2026-05-31 21:45:53.350564+00:00,3217931,AS KOÇ KARABİGA BES,103160,2026-05-31T07:00:00+03:00,07:00
40W000003217931S,AS KOÇ KARABİGA BES,unknown,2026-05-31 08:00:00+03:00,,2.3,chunk_0066.json,POST /v1/generation/data/dpp-bulk,2026-05-31 21:45:53.350564+00:00,3217931,AS KOÇ KARABİGA BES,103160,2026-05-31T08:00:00+03:00,08:00
40W000003217931S,AS KOÇ KARABİGA BES,unknown,2026-05-31 09:00:00+03:00,,2.3,chunk_0066.json,POST /v1/generation/data/dpp-bulk,2026-05-31 21:45:53.350564+00:00,3217931,AS KOÇ KARABİGA BES,103160,2026-05-31T09:00:00+03:00,09:00
40W000003217931S,AS KOÇ KARABİGA BES,unknown,2026-05-31 10:00:00+03:00,,2.3,chunk_0066.json,POST /v1/generation/data/dpp-bulk,2026-05-31 21:45:53.350564+00:00,3217931,AS KOÇ KARABİGA BES,103160,2026-05-31T10:00:00+03:00,10:00
40W000003217931S,AS KOÇ KARABİGA BES,unknown,2026-05-31 11:00:00+03:00,,2.3,chunk_0066.json,POST /v1/generation/data/dpp-bulk,2026-05-31 21:45:53.350564+00:00,3217931,AS KOÇ KARABİGA BES,103160,2026-05-31T11:00:00+03:00,11:00
40W000003217931S,AS KOÇ KARABİGA BES,unknown,2026-05-31 12:00:00+03:00,,2.3,chunk_0066.json,POST /v1/generation/data/dpp-bulk,2026-05-31 21:45:53.350564+00:00,3217931,AS KOÇ KARABİGA BES,103160,2026-05-31T12:00:00+03:00,12:00
40W000003217931S,AS KOÇ KARABİGA BES,unknown,2026-05-31 13:00:00+03:00,,2.3,chunk_0066.json,POST /v1/generation/data/dpp-bulk,2026-05-31 21:45:53.350564+00:00,3217931,AS KOÇ KARABİGA BES,103160,2026-05-31T13:00:00+03:00,13:00
40W000003217931S,AS KOÇ KARABİGA BES,unknown,2026-05-31 14:00:00+03:00,,2.3,chunk_0066.json,POST /v1/generation/data/dpp-bulk,2026-05-31 21:45:53.350564+00:00,3217931,AS KOÇ KARABİGA BES,103160,2026-05-31T14:00:00+03:00,14:00
40W000003217931S,AS KOÇ KARABİGA BES,unknown,2026-05-31 15:00:00+03:00,,2.3,chunk_0066.json,POST /v1/generation/data/dpp-bulk,2026-05-31 21:45:53.350564+00:00,3217931,AS KOÇ KARABİGA BES,103160,2026-05-31T15:00:00+03:00,15:00
40W000003217931S,AS KOÇ KARABİGA BES,unknown,2026-05-31 16:00:00+03:00,,1.1,chunk_0066.json,POST /v1/generation/data/dpp-bulk,2026-05-31 21:45:53.350564+00:00,3217931,AS KOÇ KARABİGA BES,103160,2026-05-31T16:00:00+03:00,16:00
40W000003217931S,AS KOÇ KARABİGA BES,unknown,2026-05-31 17:00:00+03:00,,1.1,chunk_0066.json,POST /v1/generation/data/dpp-bulk,2026-05-31 21:45:53.350564+00:00,3217931,AS KOÇ KARABİGA BES,103160,2026-05-31T17:00:00+03:00,17:00
40W000003217931S,AS KOÇ KARABİGA BES,unknown,2026-05-31 18:00:00+03:00,,1.1,chunk_0066.json,POST /v1/generation/data/dpp-bulk,2026-05-31 21:45:53.350564+00:00,3217931,AS KOÇ KARABİGA BES,103160,2026-05-31T18:00:00+03:00,18:00
40W000003217931S,AS KOÇ KARABİGA BES,unknown,2026-05-31 19:00:00+03:00,,1.1,chunk_0066.json,POST /v1/generation/data/dpp-bulk,2026-05-31 21:45:53.350564+00:00,3217931,AS KOÇ KARABİGA BES,103160,2026-05-31T19:00:00+03:00,19:00
40W000003217931S,AS KOÇ KARABİGA BES,unknown,2026-05-31 20:00:00+03:00,,1.1,chunk_0066.json,POST /v1/generation/data/dpp-bulk,2026-05-31 21:45:53.350564+00:00,3217931,AS KOÇ KARABİGA BES,103160,2026-05-31T20:00:00+03:00,20:00
40W000003217931S,AS KOÇ KARABİGA BES,unknown,2026-05-31 21:00:00+03:00,,1.1,chunk_0066.json,POST /v1/generation/data/dpp-bulk,2026-05-31 21:45:53.350564+00:00,3217931,AS KOÇ KARABİGA BES,103160,2026-05-31T21:00:00+03:00,21:00
40W000003217931S,AS KOÇ KARABİGA BES,unknown,2026-05-31 22:00:00+03:00,,1.1,chunk_0066.json,POST /v1/generation/data/dpp-bulk,2026-05-31 21:45:53.350564+00:00,3217931,AS KOÇ KARABİGA BES,103160,2026-05-31T22:00:00+03:00,22:00
40W000003217931S,AS KOÇ KARABİGA BES,unknown,2026-05-31 23:00:00+03:00,,1.1,chunk_0066.json,POST /v1/generation/data/dpp-bulk,2026-05-31 21:45:53.350564+00:00,3217931,AS KOÇ KARABİGA BES,103160,2026-05-31T23:00:00+03:00,23:00
40W000003217952K,AS KOÇ POLATLI BES,unknown,2026-05-31 00:00:00+03:00,,0.0,chunk_0066.json,POST /v1/generation/data/dpp-bulk,2026-05-31 21:45:53.350564+00:00,3217952,AS KOÇ POLATLI BES,103161,2026-05-31T00:00:00+03:00,00:00
40W000003217952K,AS KOÇ POLATLI BES,unknown,2026-05-31 01:00:00+03:00,,0.0,chunk_0066.json,POST /v1/generation/data/dpp-bulk,2026-05-31 21:45:53.350564+00:00,3217952,AS KOÇ POLATLI BES,103161,2026-05-31T01:00:00+03:00,01:00
40W000003217952K,AS KOÇ POLATLI BES,unknown,2026-05-31 02:00:00+03:00,,0.0,chunk_0066.json,POST /v1/generation/data/dpp-bulk,2026-05-31 21:45:53.350564+00:00,3217952,AS KOÇ POLATLI BES,103161,2026-05-31T02:00:00+03:00,02:00
40W000003217952K,AS KOÇ POLATLI BES,unknown,2026-05-31 03:00:00+03:00,,0.0,chunk_0066.json,POST /v1/generation/data/dpp-bulk,2026-05-31 21:45:53.350564+00:00,3217952,AS KOÇ POLATLI BES,103161,2026-05-31T03:00:00+03:00,03:00
40W000003217952K,AS KOÇ POLATLI BES,unknown,2026-05-31 04:00:00+03:00,,0.0,chunk_0066.json,POST /v1/generation/data/dpp-bulk,2026-05-31 21:45:53.350564+00:00,3217952,AS KOÇ POLATLI BES,103161,2026-05-31T04:00:00+03:00,04:00
40W000003217952K,AS KOÇ POLATLI BES,unknown,2026-05-31 05:00:00+03:00,,0.0,chunk_0066.json,POST /v1/generation/data/dpp-bulk,2026-05-31 21:45:53.350564+00:00,3217952,AS KOÇ POLATLI BES,103161,2026-05-31T05:00:00+03:00,05:00
40W000003217952K,AS KOÇ POLATLI BES,unknown,2026-05-31 06:00:00+03:00,,0.0,chunk_0066.json,POST /v1/generation/data/dpp-bulk,2026-05-31 21:45:53.350564+00:00,3217952,AS KOÇ POLATLI BES,103161,2026-05-31T06:00:00+03:00,06:00
40W000003217952K,AS KOÇ POLATLI BES,unknown,2026-05-31 07:00:00+03:00,,0.1,chunk_0066.json,POST /v1/generation/data/dpp-bulk,2026-05-31 21:45:53.350564+00:00,3217952,AS KOÇ POLATLI BES,103161,2026-05-31T07:00:00+03:00,07:00
40W000003217952K,AS KOÇ POLATLI BES,unknown,2026-05-31 08:00:00+03:00,,0.2,chunk_0066.json,POST /v1/generation/data/dpp-bulk,2026-05-31 21:45:53.350564+00:00,3217952,AS KOÇ POLATLI BES,103161,2026-05-31T08:00:00+03:00,08:00
40W000003217952K,AS KOÇ POLATLI BES,unknown,2026-05-31 09:00:00+03:00,,0.4,chunk_0066.json,POST /v1/generation/data/dpp-bulk,2026-05-31 21:45:53.350564+00:00,3217952,AS KOÇ POLATLI BES,103161,2026-05-31T09:00:00+03:00,09:00
40W000003217952K,AS KOÇ POLATLI BES,unknown,2026-05-31 10:00:00+03:00,,0.7,chunk_0066.json,POST /v1/generation/data/dpp-bulk,2026-05-31 21:45:53.350564+00:00,3217952,AS KOÇ POLATLI BES,103161,2026-05-31T10:00:00+03:00,10:00
40W000003217952K,AS KOÇ POLATLI BES,unknown,2026-05-31 11:00:00+03:00,,0.7,chunk_0066.json,POST /v1/generation/data/dpp-bulk,2026-05-31 21:45:53.350564+00:00,3217952,AS KOÇ POLATLI BES,103161,2026-05-31T11:00:00+03:00,11:00
40W000003217952K,AS KOÇ POLATLI BES,unknown,2026-05-31 12:00:00+03:00,,1.0,chunk_0066.json,POST /v1/generation/data/dpp-bulk,2026-05-31 21:45:53.350564+00:00,3217952,AS KOÇ POLATLI BES,103161,2026-05-31T12:00:00+03:00,12:00
40W000003217952K,AS KOÇ POLATLI BES,unknown,2026-05-31 13:00:00+03:00,,1.0,chunk_0066.json,POST /v1/generation/data/dpp-bulk,2026-05-31 21:45:53.350564+00:00,3217952,AS KOÇ POLATLI BES,103161,2026-05-31T13:00:00+03:00,13:00
40W000003217952K,AS KOÇ POLATLI BES,unknown,2026-05-31 14:00:00+03:00,,0.7,chunk_0066.json,POST /v1/generation/data/dpp-bulk,2026-05-31 21:45:53.350564+00:00,3217952,AS KOÇ POLATLI BES,103161,2026-05-31T14:00:00+03:00,14:00
40W000003217952K,AS KOÇ POLATLI BES,unknown,2026-05-31 15:00:00+03:00,,0.7,chunk_0066.json,POST /v1/generation/data/dpp-bulk,2026-05-31 21:45:53.350564+00:00,3217952,AS KOÇ POLATLI BES,103161,2026-05-31T15:00:00+03:00,15:00
40W000003217952K,AS KOÇ POLATLI BES,unknown,2026-05-31 16:00:00+03:00,,0.2,chunk_0066.json,POST /v1/generation/data/dpp-bulk,2026-05-31 21:45:53.350564+00:00,3217952,AS KOÇ POLATLI BES,103161,2026-05-31T16:00:00+03:00,16:00
40W000003217952K,AS KOÇ POLATLI BES,unknown,2026-05-31 17:00:00+03:00,,0.2,chunk_0066.json,POST /v1/generation/data/dpp-bulk,2026-05-31 21:45:53.350564+00:00,3217952,AS KOÇ POLATLI BES,103161,2026-05-31T17:00:00+03:00,17:00
40W000003217952K,AS KOÇ POLATLI BES,unknown,2026-05-31 18:00:00+03:00,,0.1,chunk_0066.json,POST /v1/generation/data/dpp-bulk,2026-05-31 21:45:53.350564+00:00,3217952,AS KOÇ POLATLI BES,103161,2026-05-31T18:00:00+03:00,18:00
40W000003217952K,AS KOÇ POLATLI BES,unknown,2026-05-31 19:00:00+03:00,,0.0,chunk_0066.json,POST /v1/generation/data/dpp-bulk,2026-05-31 21:45:53.350564+00:00,3217952,AS KOÇ POLATLI BES,103161,2026-05-31T19:00:00+03:00,19:00
40W000003217952K,AS KOÇ POLATLI BES,unknown,2026-05-31 20:00:00+03:00,,0.0,chunk_0066.json,POST /v1/generation/data/dpp-bulk,2026-05-31 21:45:53.350564+00:00,3217952,AS KOÇ POLATLI BES,103161,2026-05-31T20:00:00+03:00,20:00
40W000003217952K,AS KOÇ POLATLI BES,unknown,2026-05-31 21:00:00+03:00,,0.0,chunk_0066.json,POST /v1/generation/data/dpp-bulk,2026-05-31 21:45:53.350564+00:00,3217952,AS KOÇ POLATLI BES,103161,2026-05-31T21:00:00+03:00,21:00
40W000003217952K,AS KOÇ POLATLI BES,unknown,2026-05-31 22:00:00+03:00,,0.0,chunk_0066.json,POST /v1/generation/data/dpp-bulk,2026-05-31 21:45:53.350564+00:00,3217952,AS KOÇ POLATLI BES,103161,2026-05-31T22:00:00+03:00,22:00
40W000003217952K,AS KOÇ POLATLI BES,unknown,2026-05-31 23:00:00+03:00,,0.0,chunk_0066.json,POST /v1/generation/data/dpp-bulk,2026-05-31 21:45:53.350564+00:00,3217952,AS KOÇ POLATLI BES,103161,2026-05-31T23:00:00+03:00,23:00
40W000003218111O,KARAKEÇİLİ BİYOGAZ TESİSİ,unknown,2026-05-31 00:00:00+03:00,,2.2,chunk_0066.json,POST /v1/generation/data/dpp-bulk,2026-05-31 21:45:53.350564+00:00,3218111,KARAKEÇİLİ BİYOGAZ TESİSİ,103261,2026-05-31T00:00:00+03:00,00:00
40W000003218111O,KARAKEÇİLİ BİYOGAZ TESİSİ,unknown,2026-05-31 01:00:00+03:00,,2.2,chunk_0066.json,POST /v1/generation/data/dpp-bulk,2026-05-31 21:45:53.350564+00:00,3218111,KARAKEÇİLİ BİYOGAZ TESİSİ,103261,2026-05-31T01:00:00+03:00,01:00
40W000003218111O,KARAKEÇİLİ BİYOGAZ TESİSİ,unknown,2026-05-31 02:00:00+03:00,,2.2,chunk_0066.json,POST /v1/generation/data/dpp-bulk,2026-05-31 21:45:53.350564+00:00,3218111,KARAKEÇİLİ BİYOGAZ TESİSİ,103261,2026-05-31T02:00:00+03:00,02:00
40W000003218111O,KARAKEÇİLİ BİYOGAZ TESİSİ,unknown,2026-05-31 03:00:00+03:00,,2.2,chunk_0066.json,POST /v1/generation/data/dpp-bulk,2026-05-31 21:45:53.350564+00:00,3218111,KARAKEÇİLİ BİYOGAZ TESİSİ,103261,2026-05-31T03:00:00+03:00,03:00
40W000003218111O,KARAKEÇİLİ BİYOGAZ TESİSİ,unknown,2026-05-31 04:00:00+03:00,,2.2,chunk_0066.json,POST /v1/generation/data/dpp-bulk,2026-05-31 21:45:53.350564+00:00,3218111,KARAKEÇİLİ BİYOGAZ TESİSİ,103261,2026-05-31T04:00:00+03:00,04:00
40W000003218111O,KARAKEÇİLİ BİYOGAZ TESİSİ,unknown,2026-05-31 05:00:00+03:00,,2.2,chunk_0066.json,POST /v1/generation/data/dpp-bulk,2026-05-31 21:45:53.350564+00:00,3218111,KARAKEÇİLİ BİYOGAZ TESİSİ,103261,2026-05-31T05:00:00+03:00,05:00
40W000003218111O,KARAKEÇİLİ BİYOGAZ TESİSİ,unknown,2026-05-31 06:00:00+03:00,,2.2,chunk_0066.json,POST /v1/generation/data/dpp-bulk,2026-05-31 21:45:53.350564+00:00,3218111,KARAKEÇİLİ BİYOGAZ TESİSİ,103261,2026-05-31T06:00:00+03:00,06:00
40W000003218111O,KARAKEÇİLİ BİYOGAZ TESİSİ,unknown,2026-05-31 07:00:00+03:00,,2.2,chunk_0066.json,POST /v1/generation/data/dpp-bulk,2026-05-31 21:45:53.350564+00:00,3218111,KARAKEÇİLİ BİYOGAZ TESİSİ,103261,2026-05-31T07:00:00+03:00,07:00
40W000003218111O,KARAKEÇİLİ BİYOGAZ TESİSİ,unknown,2026-05-31 08:00:00+03:00,,2.2,chunk_0066.json,POST /v1/generation/data/dpp-bulk,2026-05-31 21:45:53.350564+00:00,3218111,KARAKEÇİLİ BİYOGAZ TESİSİ,103261,2026-05-31T08:00:00+03:00,08:00
40W000003218111O,KARAKEÇİLİ BİYOGAZ TESİSİ,unknown,2026-05-31 09:00:00+03:00,,2.2,chunk_0066.json,POST /v1/generation/data/dpp-bulk,2026-05-31 21:45:53.350564+00:00,3218111,KARAKEÇİLİ BİYOGAZ TESİSİ,103261,2026-05-31T09:00:00+03:00,09:00
40W000003218111O,KARAKEÇİLİ BİYOGAZ TESİSİ,unknown,2026-05-31 10:00:00+03:00,,2.2,chunk_0066.json,POST /v1/generation/data/dpp-bulk,2026-05-31 21:45:53.350564+00:00,3218111,KARAKEÇİLİ BİYOGAZ TESİSİ,103261,2026-05-31T10:00:00+03:00,10:00
40W000003218111O,KARAKEÇİLİ BİYOGAZ TESİSİ,unknown,2026-05-31 11:00:00+03:00,,2.2,chunk_0066.json,POST /v1/generation/data/dpp-bulk,2026-05-31 21:45:53.350564+00:00,3218111,KARAKEÇİLİ BİYOGAZ TESİSİ,103261,2026-05-31T11:00:00+03:00,11:00
40W000003218111O,KARAKEÇİLİ BİYOGAZ TESİSİ,unknown,2026-05-31 12:00:00+03:00,,2.2,chunk_0066.json,POST /v1/generation/data/dpp-bulk,2026-05-31 21:45:53.350564+00:00,3218111,KARAKEÇİLİ BİYOGAZ TESİSİ,103261,2026-05-31T12:00:00+03:00,12:00
40W000003218111O,KARAKEÇİLİ BİYOGAZ TESİSİ,unknown,2026-05-31 13:00:00+03:00,,2.2,chunk_0066.json,POST /v1/generation/data/dpp-bulk,2026-05-31 21:45:53.350564+00:00,3218111,KARAKEÇİLİ BİYOGAZ TESİSİ,103261,2026-05-31T13:00:00+03:00,13:00
40W000003218111O,KARAKEÇİLİ BİYOGAZ TESİSİ,unknown,2026-05-31 14:00:00+03:00,,2.2,chunk_0066.json,POST /v1/generation/data/dpp-bulk,2026-05-31 21:45:53.350564+00:00,3218111,KARAKEÇİLİ BİYOGAZ TESİSİ,103261,2026-05-31T14:00:00+03:00,14:00
40W000003218111O,KARAKEÇİLİ BİYOGAZ TESİSİ,unknown,2026-05-31 15:00:00+03:00,,2.2,chunk_0066.json,POST /v1/generation/data/dpp-bulk,2026-05-31 21:45:53.350564+00:00,3218111,KARAKEÇİLİ BİYOGAZ TESİSİ,103261,2026-05-31T15:00:00+03:00,15:00
40W000003218111O,KARAKEÇİLİ BİYOGAZ TESİSİ,unknown,2026-05-31 16:00:00+03:00,,2.2,chunk_0066.json,POST /v1/generation/data/dpp-bulk,2026-05-31 21:45:53.350564+00:00,3218111,KARAKEÇİLİ BİYOGAZ TESİSİ,103261,2026-05-31T16:00:00+03:00,16:00
40W000003218111O,KARAKEÇİLİ BİYOGAZ TESİSİ,unknown,2026-05-31 17:00:00+03:00,,2.2,chunk_0066.json,POST /v1/generation/data/dpp-bulk,2026-05-31 21:45:53.350564+00:00,3218111,KARAKEÇİLİ BİYOGAZ TESİSİ,103261,2026-05-31T17:00:00+03:00,17:00
40W000003218111O,KARAKEÇİLİ BİYOGAZ TESİSİ,unknown,2026-05-31 18:00:00+03:00,,2.2,chunk_0066.json,POST /v1/generation/data/dpp-bulk,2026-05-31 21:45:53.350564+00:00,3218111,KARAKEÇİLİ BİYOGAZ TESİSİ,103261,2026-05-31T18:00:00+03:00,18:00
40W000003218111O,KARAKEÇİLİ BİYOGAZ TESİSİ,unknown,2026-05-31 19:00:00+03:00,,2.2,chunk_0066.json,POST /v1/generation/data/dpp-bulk,2026-05-31 21:45:53.350564+00:00,3218111,KARAKEÇİLİ BİYOGAZ TESİSİ,103261,2026-05-31T19:00:00+03:00,19:00
40W000003218111O,KARAKEÇİLİ BİYOGAZ TESİSİ,unknown,2026-05-31 20:00:00+03:00,,2.2,chunk_0066.json,POST /v1/generation/data/dpp-bulk,2026-05-31 21:45:53.350564+00:00,3218111,KARAKEÇİLİ BİYOGAZ TESİSİ,103261,2026-05-31T20:00:00+03:00,20:00
40W000003218111O,KARAKEÇİLİ BİYOGAZ TESİSİ,unknown,2026-05-31 21:00:00+03:00,,2.2,chunk_0066.json,POST /v1/generation/data/dpp-bulk,2026-05-31 21:45:53.350564+00:00,3218111,KARAKEÇİLİ BİYOGAZ TESİSİ,103261,2026-05-31T21:00:00+03:00,21:00
40W000003218111O,KARAKEÇİLİ BİYOGAZ TESİSİ,unknown,2026-05-31 22:00:00+03:00,,2.2,chunk_0066.json,POST /v1/generation/data/dpp-bulk,2026-05-31 21:45:53.350564+00:00,3218111,KARAKEÇİLİ BİYOGAZ TESİSİ,103261,2026-05-31T22:00:00+03:00,22:00
40W000003218111O,KARAKEÇİLİ BİYOGAZ TESİSİ,unknown,2026-05-31 23:00:00+03:00,,2.2,chunk_0066.json,POST /v1/generation/data/dpp-bulk,2026-05-31 21:45:53.350564+00:00,3218111,KARAKEÇİLİ BİYOGAZ TESİSİ,103261,2026-05-31T23:00:00+03:00,23:00
40W0000032182712,KOZDERE HES,unknown,2026-05-31 00:00:00+03:00,,0.0,chunk_0066.json,POST /v1/generation/data/dpp-bulk,2026-05-31 21:45:53.350564+00:00,3218271,KOZDERE HES,103340,2026-05-31T00:00:00+03:00,00:00
40W0000032182712,KOZDERE HES,unknown,2026-05-31 01:00:00+03:00,,0.0,chunk_0066.json,POST /v1/generation/data/dpp-bulk,2026-05-31 21:45:53.350564+00:00,3218271,KOZDERE HES,103340,2026-05-31T01:00:00+03:00,01:00
40W0000032182712,KOZDERE HES,unknown,2026-05-31 02:00:00+03:00,,0.0,chunk_0066.json,POST /v1/generation/data/dpp-bulk,2026-05-31 21:45:53.350564+00:00,3218271,KOZDERE HES,103340,2026-05-31T02:00:00+03:00,02:00
40W0000032182712,KOZDERE HES,unknown,2026-05-31 03:00:00+03:00,,0.0,chunk_0066.json,POST /v1/generation/data/dpp-bulk,2026-05-31 21:45:53.350564+00:00,3218271,KOZDERE HES,103340,2026-05-31T03:00:00+03:00,03:00
40W0000032182712,KOZDERE HES,unknown,2026-05-31 04:00:00+03:00,,0.0,chunk_0066.json,POST /v1/generation/data/dpp-bulk,2026-05-31 21:45:53.350564+00:00,3218271,KOZDERE HES,103340,2026-05-31T04:00:00+03:00,04:00
40W0000032182712,KOZDERE HES,unknown,2026-05-31 05:00:00+03:00,,0.0,chunk_0066.json,POST /v1/generation/data/dpp-bulk,2026-05-31 21:45:53.350564+00:00,3218271,KOZDERE HES,103340,2026-05-31T05:00:00+03:00,05:00
40W0000032182712,KOZDERE HES,unknown,2026-05-31 06:00:00+03:00,,0.0,chunk_0066.json,POST /v1/generation/data/dpp-bulk,2026-05-31 21:45:53.350564+00:00,3218271,KOZDERE HES,103340,2026-05-31T06:00:00+03:00,06:00
40W0000032182712,KOZDERE HES,unknown,2026-05-31 07:00:00+03:00,,0.0,chunk_0066.json,POST /v1/generation/data/dpp-bulk,2026-05-31 21:45:53.350564+00:00,3218271,KOZDERE HES,103340,2026-05-31T07:00:00+03:00,07:00
40W0000032182712,KOZDERE HES,unknown,2026-05-31 08:00:00+03:00,,0.0,chunk_0066.json,POST /v1/generation/data/dpp-bulk,2026-05-31 21:45:53.350564+00:00,3218271,KOZDERE HES,103340,2026-05-31T08:00:00+03:00,08:00
40W0000032182712,KOZDERE HES,unknown,2026-05-31 09:00:00+03:00,,0.0,chunk_0066.json,POST /v1/generation/data/dpp-bulk,2026-05-31 21:45:53.350564+00:00,3218271,KOZDERE HES,103340,2026-05-31T09:00:00+03:00,09:00
40W0000032182712,KOZDERE HES,unknown,2026-05-31 10:00:00+03:00,,0.0,chunk_0066.json,POST /v1/generation/data/dpp-bulk,2026-05-31 21:45:53.350564+00:00,3218271,KOZDERE HES,103340,2026-05-31T10:00:00+03:00,10:00
40W0000032182712,KOZDERE HES,unknown,2026-05-31 11:00:00+03:00,,0.0,chunk_0066.json,POST /v1/generation/data/dpp-bulk,2026-05-31 21:45:53.350564+00:00,3218271,KOZDERE HES,103340,2026-05-31T11:00:00+03:00,11:00
40W0000032182712,KOZDERE HES,unknown,2026-05-31 12:00:00+03:00,,0.0,chunk_0066.json,POST /v1/generation/data/dpp-bulk,2026-05-31 21:45:53.350564+00:00,3218271,KOZDERE HES,103340,2026-05-31T12:00:00+03:00,12:00
40W0000032182712,KOZDERE HES,unknown,2026-05-31 13:00:00+03:00,,0.0,chunk_0066.json,POST /v1/generation/data/dpp-bulk,2026-05-31 21:45:53.350564+00:00,3218271,KOZDERE HES,103340,2026-05-31T13:00:00+03:00,13:00
40W0000032182712,KOZDERE HES,unknown,2026-05-31 14:00:00+03:00,,0.0,chunk_0066.json,POST /v1/generation/data/dpp-bulk,2026-05-31 21:45:53.350564+00:00,3218271,KOZDERE HES,103340,2026-05-31T14:00:00+03:00,14:00
40W0000032182712,KOZDERE HES,unknown,2026-05-31 15:00:00+03:00,,0.0,chunk_0066.json,POST /v1/generation/data/dpp-bulk,2026-05-31 21:45:53.350564+00:00,3218271,KOZDERE HES,103340,2026-05-31T15:00:00+03:00,15:00
40W0000032182712,KOZDERE HES,unknown,2026-05-31 16:00:00+03:00,,0.0,chunk_0066.json,POST /v1/generation/data/dpp-bulk,2026-05-31 21:45:53.350564+00:00,3218271,KOZDERE HES,103340,2026-05-31T16:00:00+03:00,16:00
40W0000032182712,KOZDERE HES,unknown,2026-05-31 17:00:00+03:00,,0.0,chunk_0066.json,POST /v1/generation/data/dpp-bulk,2026-05-31 21:45:53.350564+00:00,3218271,KOZDERE HES,103340,2026-05-31T17:00:00+03:00,17:00
40W0000032182712,KOZDERE HES,unknown,2026-05-31 18:00:00+03:00,,0.0,chunk_0066.json,POST /v1/generation/data/dpp-bulk,2026-05-31 21:45:53.350564+00:00,3218271,KOZDERE HES,103340,2026-05-31T18:00:00+03:00,18:00
40W0000032182712,KOZDERE HES,unknown,2026-05-31 19:00:00+03:00,,3.0,chunk_0066.json,POST /v1/generation/data/dpp-bulk,2026-05-31 21:45:53.350564+00:00,3218271,KOZDERE HES,103340,2026-05-31T19:00:00+03:00,19:00
40W0000032182712,KOZDERE HES,unknown,2026-05-31 20:00:00+03:00,,4.5,chunk_0066.json,POST /v1/generation/data/dpp-bulk,2026-05-31 21:45:53.350564+00:00,3218271,KOZDERE HES,103340,2026-05-31T20:00:00+03:00,20:00
40W0000032182712,KOZDERE HES,unknown,2026-05-31 21:00:00+03:00,,4.0,chunk_0066.json,POST /v1/generation/data/dpp-bulk,2026-05-31 21:45:53.350564+00:00,3218271,KOZDERE HES,103340,2026-05-31T21:00:00+03:00,21:00
40W0000032182712,KOZDERE HES,unknown,2026-05-31 22:00:00+03:00,,4.0,chunk_0066.json,POST /v1/generation/data/dpp-bulk,2026-05-31 21:45:53.350564+00:00,3218271,KOZDERE HES,103340,2026-05-31T22:00:00+03:00,22:00
40W0000032182712,KOZDERE HES,unknown,2026-05-31 23:00:00+03:00,,3.0,chunk_0066.json,POST /v1/generation/data/dpp-bulk,2026-05-31 21:45:53.350564+00:00,3218271,KOZDERE HES,103340,2026-05-31T23:00:00+03:00,23:00
40W0000032182720,TOCAK I HES,unknown,2026-05-31 00:00:00+03:00,,0.5,chunk_0066.json,POST /v1/generation/data/dpp-bulk,2026-05-31 21:45:53.350564+00:00,3218272,TOCAK I HES,103340,2026-05-31T00:00:00+03:00,00:00
40W0000032182720,TOCAK I HES,unknown,2026-05-31 01:00:00+03:00,,0.5,chunk_0066.json,POST /v1/generation/data/dpp-bulk,2026-05-31 21:45:53.350564+00:00,3218272,TOCAK I HES,103340,2026-05-31T01:00:00+03:00,01:00
40W0000032182720,TOCAK I HES,unknown,2026-05-31 02:00:00+03:00,,0.5,chunk_0066.json,POST /v1/generation/data/dpp-bulk,2026-05-31 21:45:53.350564+00:00,3218272,TOCAK I HES,103340,2026-05-31T02:00:00+03:00,02:00
40W0000032182720,TOCAK I HES,unknown,2026-05-31 03:00:00+03:00,,0.5,chunk_0066.json,POST /v1/generation/data/dpp-bulk,2026-05-31 21:45:53.350564+00:00,3218272,TOCAK I HES,103340,2026-05-31T03:00:00+03:00,03:00
40W0000032182720,TOCAK I HES,unknown,2026-05-31 04:00:00+03:00,,0.5,chunk_0066.json,POST /v1/generation/data/dpp-bulk,2026-05-31 21:45:53.350564+00:00,3218272,TOCAK I HES,103340,2026-05-31T04:00:00+03:00,04:00
40W0000032182720,TOCAK I HES,unknown,2026-05-31 05:00:00+03:00,,0.5,chunk_0066.json,POST /v1/generation/data/dpp-bulk,2026-05-31 21:45:53.350564+00:00,3218272,TOCAK I HES,103340,2026-05-31T05:00:00+03:00,05:00
40W0000032182720,TOCAK I HES,unknown,2026-05-31 06:00:00+03:00,,0.5,chunk_0066.json,POST /v1/generation/data/dpp-bulk,2026-05-31 21:45:53.350564+00:00,3218272,TOCAK I HES,103340,2026-05-31T06:00:00+03:00,06:00
40W0000032182720,TOCAK I HES,unknown,2026-05-31 07:00:00+03:00,,0.5,chunk_0066.json,POST /v1/generation/data/dpp-bulk,2026-05-31 21:45:53.350564+00:00,3218272,TOCAK I HES,103340,2026-05-31T07:00:00+03:00,07:00
40W0000032182720,TOCAK I HES,unknown,2026-05-31 08:00:00+03:00,,0.5,chunk_0066.json,POST /v1/generation/data/dpp-bulk,2026-05-31 21:45:53.350564+00:00,3218272,TOCAK I HES,103340,2026-05-31T08:00:00+03:00,08:00
40W0000032182720,TOCAK I HES,unknown,2026-05-31 09:00:00+03:00,,0.5,chunk_0066.json,POST /v1/generation/data/dpp-bulk,2026-05-31 21:45:53.350564+00:00,3218272,TOCAK I HES,103340,2026-05-31T09:00:00+03:00,09:00
40W0000032182720,TOCAK I HES,unknown,2026-05-31 10:00:00+03:00,,0.5,chunk_0066.json,POST /v1/generation/data/dpp-bulk,2026-05-31 21:45:53.350564+00:00,3218272,TOCAK I HES,103340,2026-05-31T10:00:00+03:00,10:00
40W0000032182720,TOCAK I HES,unknown,2026-05-31 11:00:00+03:00,,0.5,chunk_0066.json,POST /v1/generation/data/dpp-bulk,2026-05-31 21:45:53.350564+00:00,3218272,TOCAK I HES,103340,2026-05-31T11:00:00+03:00,11:00
40W0000032182720,TOCAK I HES,unknown,2026-05-31 12:00:00+03:00,,0.5,chunk_0066.json,POST /v1/generation/data/dpp-bulk,2026-05-31 21:45:53.350564+00:00,3218272,TOCAK I HES,103340,2026-05-31T12:00:00+03:00,12:00
40W0000032182720,TOCAK I HES,unknown,2026-05-31 13:00:00+03:00,,0.5,chunk_0066.json,POST /v1/generation/data/dpp-bulk,2026-05-31 21:45:53.350564+00:00,3218272,TOCAK I HES,103340,2026-05-31T13:00:00+03:00,13:00
40W0000032182720,TOCAK I HES,unknown,2026-05-31 14:00:00+03:00,,0.5,chunk_0066.json,POST /v1/generation/data/dpp-bulk,2026-05-31 21:45:53.350564+00:00,3218272,TOCAK I HES,103340,2026-05-31T14:00:00+03:00,14:00
40W0000032182720,TOCAK I HES,unknown,2026-05-31 15:00:00+03:00,,0.5,chunk_0066.json,POST /v1/generation/data/dpp-bulk,2026-05-31 21:45:53.350564+00:00,3218272,TOCAK I HES,103340,2026-05-31T15:00:00+03:00,15:00
40W0000032182720,TOCAK I HES,unknown,2026-05-31 16:00:00+03:00,,0.5,chunk_0066.json,POST /v1/generation/data/dpp-bulk,2026-05-31 21:45:53.350564+00:00,3218272,TOCAK I HES,103340,2026-05-31T16:00:00+03:00,16:00
40W0000032182720,TOCAK I HES,unknown,2026-05-31 17:00:00+03:00,,0.5,chunk_0066.json,POST /v1/generation/data/dpp-bulk,2026-05-31 21:45:53.350564+00:00,3218272,TOCAK I HES,103340,2026-05-31T17:00:00+03:00,17:00
40W0000032182720,TOCAK I HES,unknown,2026-05-31 18:00:00+03:00,,1.0,chunk_0066.json,POST /v1/generation/data/dpp-bulk,2026-05-31 21:45:53.350564+00:00,3218272,TOCAK I HES,103340,2026-05-31T18:00:00+03:00,18:00
40W0000032182720,TOCAK I HES,unknown,2026-05-31 19:00:00+03:00,,4.25,chunk_0066.json,POST /v1/generation/data/dpp-bulk,2026-05-31 21:45:53.350564+00:00,3218272,TOCAK I HES,103340,2026-05-31T19:00:00+03:00,19:00
40W0000032182720,TOCAK I HES,unknown,2026-05-31 20:00:00+03:00,,4.25,chunk_0066.json,POST /v1/generation/data/dpp-bulk,2026-05-31 21:45:53.350564+00:00,3218272,TOCAK I HES,103340,2026-05-31T20:00:00+03:00,20:00
40W0000032182720,TOCAK I HES,unknown,2026-05-31 21:00:00+03:00,,4.25,chunk_0066.json,POST /v1/generation/data/dpp-bulk,2026-05-31 21:45:53.350564+00:00,3218272,TOCAK I HES,103340,2026-05-31T21:00:00+03:00,21:00
40W0000032182720,TOCAK I HES,unknown,2026-05-31 22:00:00+03:00,,4.25,chunk_0066.json,POST /v1/generation/data/dpp-bulk,2026-05-31 21:45:53.350564+00:00,3218272,TOCAK I HES,103340,2026-05-31T22:00:00+03:00,22:00
40W0000032182720,TOCAK I HES,unknown,2026-05-31 23:00:00+03:00,,4.25,chunk_0066.json,POST /v1/generation/data/dpp-bulk,2026-05-31 21:45:53.350564+00:00,3218272,TOCAK I HES,103340,2026-05-31T23:00:00+03:00,23:00
40W000003218330C,ALAKIR HES,unknown,2026-05-31 00:00:00+03:00,,0.0,chunk_0066.json,POST /v1/generation/data/dpp-bulk,2026-05-31 21:45:53.350564+00:00,3218330,ALAKIR HES,103340,2026-05-31T00:00:00+03:00,00:00
40W000003218330C,ALAKIR HES,unknown,2026-05-31 01:00:00+03:00,,0.0,chunk_0066.json,POST /v1/generation/data/dpp-bulk,2026-05-31 21:45:53.350564+00:00,3218330,ALAKIR HES,103340,2026-05-31T01:00:00+03:00,01:00
40W000003218330C,ALAKIR HES,unknown,2026-05-31 02:00:00+03:00,,0.0,chunk_0066.json,POST /v1/generation/data/dpp-bulk,2026-05-31 21:45:53.350564+00:00,3218330,ALAKIR HES,103340,2026-05-31T02:00:00+03:00,02:00
40W000003218330C,ALAKIR HES,unknown,2026-05-31 03:00:00+03:00,,0.0,chunk_0066.json,POST /v1/generation/data/dpp-bulk,2026-05-31 21:45:53.350564+00:00,3218330,ALAKIR HES,103340,2026-05-31T03:00:00+03:00,03:00
40W000003218330C,ALAKIR HES,unknown,2026-05-31 04:00:00+03:00,,0.0,chunk_0066.json,POST /v1/generation/data/dpp-bulk,2026-05-31 21:45:53.350564+00:00,3218330,ALAKIR HES,103340,2026-05-31T04:00:00+03:00,04:00
40W000003218330C,ALAKIR HES,unknown,2026-05-31 05:00:00+03:00,,0.0,chunk_0066.json,POST /v1/generation/data/dpp-bulk,2026-05-31 21:45:53.350564+00:00,3218330,ALAKIR HES,103340,2026-05-31T05:00:00+03:00,05:00
40W000003218330C,ALAKIR HES,unknown,2026-05-31 06:00:00+03:00,,0.0,chunk_0066.json,POST /v1/generation/data/dpp-bulk,2026-05-31 21:45:53.350564+00:00,3218330,ALAKIR HES,103340,2026-05-31T06:00:00+03:00,06:00
40W000003218330C,ALAKIR HES,unknown,2026-05-31 07:00:00+03:00,,0.0,chunk_0066.json,POST /v1/generation/data/dpp-bulk,2026-05-31 21:45:53.350564+00:00,3218330,ALAKIR HES,103340,2026-05-31T07:00:00+03:00,07:00
40W000003218330C,ALAKIR HES,unknown,2026-05-31 08:00:00+03:00,,0.0,chunk_0066.json,POST /v1/generation/data/dpp-bulk,2026-05-31 21:45:53.350564+00:00,3218330,ALAKIR HES,103340,2026-05-31T08:00:00+03:00,08:00
40W000003218330C,ALAKIR HES,unknown,2026-05-31 09:00:00+03:00,,0.0,chunk_0066.json,POST /v1/generation/data/dpp-bulk,2026-05-31 21:45:53.350564+00:00,3218330,ALAKIR HES,103340,2026-05-31T09:00:00+03:00,09:00
40W000003218330C,ALAKIR HES,unknown,2026-05-31 10:00:00+03:00,,0.0,chunk_0066.json,POST /v1/generation/data/dpp-bulk,2026-05-31 21:45:53.350564+00:00,3218330,ALAKIR HES,103340,2026-05-31T10:00:00+03:00,10:00
40W000003218330C,ALAKIR HES,unknown,2026-05-31 11:00:00+03:00,,0.0,chunk_0066.json,POST /v1/generation/data/dpp-bulk,2026-05-31 21:45:53.350564+00:00,3218330,ALAKIR HES,103340,2026-05-31T11:00:00+03:00,11:00
40W000003218330C,ALAKIR HES,unknown,2026-05-31 12:00:00+03:00,,0.0,chunk_0066.json,POST /v1/generation/data/dpp-bulk,2026-05-31 21:45:53.350564+00:00,3218330,ALAKIR HES,103340,2026-05-31T12:00:00+03:00,12:00
40W000003218330C,ALAKIR HES,unknown,2026-05-31 13:00:00+03:00,,0.0,chunk_0066.json,POST /v1/generation/data/dpp-bulk,2026-05-31 21:45:53.350564+00:00,3218330,ALAKIR HES,103340,2026-05-31T13:00:00+03:00,13:00
40W000003218330C,ALAKIR HES,unknown,2026-05-31 14:00:00+03:00,,0.0,chunk_0066.json,POST /v1/generation/data/dpp-bulk,2026-05-31 21:45:53.350564+00:00,3218330,ALAKIR HES,103340,2026-05-31T14:00:00+03:00,14:00
40W000003218330C,ALAKIR HES,unknown,2026-05-31 15:00:00+03:00,,0.0,chunk_0066.json,POST /v1/generation/data/dpp-bulk,2026-05-31 21:45:53.350564+00:00,3218330,ALAKIR HES,103340,2026-05-31T15:00:00+03:00,15:00
40W000003218330C,ALAKIR HES,unknown,2026-05-31 16:00:00+03:00,,0.0,chunk_0066.json,POST /v1/generation/data/dpp-bulk,2026-05-31 21:45:53.350564+00:00,3218330,ALAKIR HES,103340,2026-05-31T16:00:00+03:00,16:00
40W000003218330C,ALAKIR HES,unknown,2026-05-31 17:00:00+03:00,,0.0,chunk_0066.json,POST /v1/generation/data/dpp-bulk,2026-05-31 21:45:53.350564+00:00,3218330,ALAKIR HES,103340,2026-05-31T17:00:00+03:00,17:00
40W000003218330C,ALAKIR HES,unknown,2026-05-31 18:00:00+03:00,,0.0,chunk_0066.json,POST /v1/generation/data/dpp-bulk,2026-05-31 21:45:53.350564+00:00,3218330,ALAKIR HES,103340,2026-05-31T18:00:00+03:00,18:00
40W000003218330C,ALAKIR HES,unknown,2026-05-31 19:00:00+03:00,,0.4,chunk_0066.json,POST /v1/generation/data/dpp-bulk,2026-05-31 21:45:53.350564+00:00,3218330,ALAKIR HES,103340,2026-05-31T19:00:00+03:00,19:00
40W000003218330C,ALAKIR HES,unknown,2026-05-31 20:00:00+03:00,,0.5,chunk_0066.json,POST /v1/generation/data/dpp-bulk,2026-05-31 21:45:53.350564+00:00,3218330,ALAKIR HES,103340,2026-05-31T20:00:00+03:00,20:00
40W000003218330C,ALAKIR HES,unknown,2026-05-31 21:00:00+03:00,,0.5,chunk_0066.json,POST /v1/generation/data/dpp-bulk,2026-05-31 21:45:53.350564+00:00,3218330,ALAKIR HES,103340,2026-05-31T21:00:00+03:00,21:00
40W000003218330C,ALAKIR HES,unknown,2026-05-31 22:00:00+03:00,,0.6,chunk_0066.json,POST /v1/generation/data/dpp-bulk,2026-05-31 21:45:53.350564+00:00,3218330,ALAKIR HES,103340,2026-05-31T22:00:00+03:00,22:00
40W000003218330C,ALAKIR HES,unknown,2026-05-31 23:00:00+03:00,,0.6,chunk_0066.json,POST /v1/generation/data/dpp-bulk,2026-05-31 21:45:53.350564+00:00,3218330,ALAKIR HES,103340,2026-05-31T23:00:00+03:00,23:00
40W000003218250A,AKÇA RES,unknown,2026-05-31 00:00:00+03:00,,0.0,chunk_0066.json,POST /v1/generation/data/dpp-bulk,2026-05-31 21:45:53.350564+00:00,3218250,AKÇA RES,103402,2026-05-31T00:00:00+03:00,00:00
40W000003218250A,AKÇA RES,unknown,2026-05-31 01:00:00+03:00,,0.0,chunk_0066.json,POST /v1/generation/data/dpp-bulk,2026-05-31 21:45:53.350564+00:00,3218250,AKÇA RES,103402,2026-05-31T01:00:00+03:00,01:00
40W000003218250A,AKÇA RES,unknown,2026-05-31 02:00:00+03:00,,0.0,chunk_0066.json,POST /v1/generation/data/dpp-bulk,2026-05-31 21:45:53.350564+00:00,3218250,AKÇA RES,103402,2026-05-31T02:00:00+03:00,02:00
40W000003218250A,AKÇA RES,unknown,2026-05-31 03:00:00+03:00,,0.0,chunk_0066.json,POST /v1/generation/data/dpp-bulk,2026-05-31 21:45:53.350564+00:00,3218250,AKÇA RES,103402,2026-05-31T03:00:00+03:00,03:00
40W000003218250A,AKÇA RES,unknown,2026-05-31 04:00:00+03:00,,0.0,chunk_0066.json,POST /v1/generation/data/dpp-bulk,2026-05-31 21:45:53.350564+00:00,3218250,AKÇA RES,103402,2026-05-31T04:00:00+03:00,04:00
40W000003218250A,AKÇA RES,unknown,2026-05-31 05:00:00+03:00,,0.0,chunk_0066.json,POST /v1/generation/data/dpp-bulk,2026-05-31 21:45:53.350564+00:00,3218250,AKÇA RES,103402,2026-05-31T05:00:00+03:00,05:00
40W000003218250A,AKÇA RES,unknown,2026-05-31 06:00:00+03:00,,0.0,chunk_0066.json,POST /v1/generation/data/dpp-bulk,2026-05-31 21:45:53.350564+00:00,3218250,AKÇA RES,103402,2026-05-31T06:00:00+03:00,06:00
40W000003218250A,AKÇA RES,unknown,2026-05-31 07:00:00+03:00,,0.0,chunk_0066.json,POST /v1/generation/data/dpp-bulk,2026-05-31 21:45:53.350564+00:00,3218250,AKÇA RES,103402,2026-05-31T07:00:00+03:00,07:00
40W000003218250A,AKÇA RES,unknown,2026-05-31 08:00:00+03:00,,0.0,chunk_0066.json,POST /v1/generation/data/dpp-bulk,2026-05-31 21:45:53.350564+00:00,3218250,AKÇA RES,103402,2026-05-31T08:00:00+03:00,08:00
40W000003218250A,AKÇA RES,unknown,2026-05-31 09:00:00+03:00,,0.0,chunk_0066.json,POST /v1/generation/data/dpp-bulk,2026-05-31 21:45:53.350564+00:00,3218250,AKÇA RES,103402,2026-05-31T09:00:00+03:00,09:00
40W000003218250A,AKÇA RES,unknown,2026-05-31 10:00:00+03:00,,0.0,chunk_0066.json,POST /v1/generation/data/dpp-bulk,2026-05-31 21:45:53.350564+00:00,3218250,AKÇA RES,103402,2026-05-31T10:00:00+03:00,10:00
40W000003218250A,AKÇA RES,unknown,2026-05-31 11:00:00+03:00,,0.01,chunk_0066.json,POST /v1/generation/data/dpp-bulk,2026-05-31 21:45:53.350564+00:00,3218250,AKÇA RES,103402,2026-05-31T11:00:00+03:00,11:00
40W000003218250A,AKÇA RES,unknown,2026-05-31 12:00:00+03:00,,0.21,chunk_0066.json,POST /v1/generation/data/dpp-bulk,2026-05-31 21:45:53.350564+00:00,3218250,AKÇA RES,103402,2026-05-31T12:00:00+03:00,12:00
40W000003218250A,AKÇA RES,unknown,2026-05-31 13:00:00+03:00,,0.93,chunk_0066.json,POST /v1/generation/data/dpp-bulk,2026-05-31 21:45:53.350564+00:00,3218250,AKÇA RES,103402,2026-05-31T13:00:00+03:00,13:00
40W000003218250A,AKÇA RES,unknown,2026-05-31 14:00:00+03:00,,1.41,chunk_0066.json,POST /v1/generation/data/dpp-bulk,2026-05-31 21:45:53.350564+00:00,3218250,AKÇA RES,103402,2026-05-31T14:00:00+03:00,14:00
40W000003218250A,AKÇA RES,unknown,2026-05-31 15:00:00+03:00,,1.84,chunk_0066.json,POST /v1/generation/data/dpp-bulk,2026-05-31 21:45:53.350564+00:00,3218250,AKÇA RES,103402,2026-05-31T15:00:00+03:00,15:00
40W000003218250A,AKÇA RES,unknown,2026-05-31 16:00:00+03:00,,4.07,chunk_0066.json,POST /v1/generation/data/dpp-bulk,2026-05-31 21:45:53.350564+00:00,3218250,AKÇA RES,103402,2026-05-31T16:00:00+03:00,16:00
40W000003218250A,AKÇA RES,unknown,2026-05-31 17:00:00+03:00,,1.46,chunk_0066.json,POST /v1/generation/data/dpp-bulk,2026-05-31 21:45:53.350564+00:00,3218250,AKÇA RES,103402,2026-05-31T17:00:00+03:00,17:00
40W000003218250A,AKÇA RES,unknown,2026-05-31 18:00:00+03:00,,0.66,chunk_0066.json,POST /v1/generation/data/dpp-bulk,2026-05-31 21:45:53.350564+00:00,3218250,AKÇA RES,103402,2026-05-31T18:00:00+03:00,18:00
40W000003218250A,AKÇA RES,unknown,2026-05-31 19:00:00+03:00,,0.38,chunk_0066.json,POST /v1/generation/data/dpp-bulk,2026-05-31 21:45:53.350564+00:00,3218250,AKÇA RES,103402,2026-05-31T19:00:00+03:00,19:00
40W000003218250A,AKÇA RES,unknown,2026-05-31 20:00:00+03:00,,0.14,chunk_0066.json,POST /v1/generation/data/dpp-bulk,2026-05-31 21:45:53.350564+00:00,3218250,AKÇA RES,103402,2026-05-31T20:00:00+03:00,20:00
40W000003218250A,AKÇA RES,unknown,2026-05-31 21:00:00+03:00,,0.1,chunk_0066.json,POST /v1/generation/data/dpp-bulk,2026-05-31 21:45:53.350564+00:00,3218250,AKÇA RES,103402,2026-05-31T21:00:00+03:00,21:00
40W000003218250A,AKÇA RES,unknown,2026-05-31 22:00:00+03:00,,0.03,chunk_0066.json,POST /v1/generation/data/dpp-bulk,2026-05-31 21:45:53.350564+00:00,3218250,AKÇA RES,103402,2026-05-31T22:00:00+03:00,22:00
40W000003218250A,AKÇA RES,unknown,2026-05-31 23:00:00+03:00,,0.02,chunk_0066.json,POST /v1/generation/data/dpp-bulk,2026-05-31 21:45:53.350564+00:00,3218250,AKÇA RES,103402,2026-05-31T23:00:00+03:00,23:00
40W0000032182518,ALİAĞA RES,unknown,2026-05-31 00:00:00+03:00,,0.0,chunk_0066.json,POST /v1/generation/data/dpp-bulk,2026-05-31 21:45:53.350564+00:00,3218251,ALİAĞA RES,103402,2026-05-31T00:00:00+03:00,00:00
40W0000032182518,ALİAĞA RES,unknown,2026-05-31 01:00:00+03:00,,0.0,chunk_0066.json,POST /v1/generation/data/dpp-bulk,2026-05-31 21:45:53.350564+00:00,3218251,ALİAĞA RES,103402,2026-05-31T01:00:00+03:00,01:00
40W0000032182518,ALİAĞA RES,unknown,2026-05-31 02:00:00+03:00,,0.0,chunk_0066.json,POST /v1/generation/data/dpp-bulk,2026-05-31 21:45:53.350564+00:00,3218251,ALİAĞA RES,103402,2026-05-31T02:00:00+03:00,02:00
40W0000032182518,ALİAĞA RES,unknown,2026-05-31 03:00:00+03:00,,0.0,chunk_0066.json,POST /v1/generation/data/dpp-bulk,2026-05-31 21:45:53.350564+00:00,3218251,ALİAĞA RES,103402,2026-05-31T03:00:00+03:00,03:00
40W0000032182518,ALİAĞA RES,unknown,2026-05-31 04:00:00+03:00,,0.0,chunk_0066.json,POST /v1/generation/data/dpp-bulk,2026-05-31 21:45:53.350564+00:00,3218251,ALİAĞA RES,103402,2026-05-31T04:00:00+03:00,04:00
40W0000032182518,ALİAĞA RES,unknown,2026-05-31 05:00:00+03:00,,0.0,chunk_0066.json,POST /v1/generation/data/dpp-bulk,2026-05-31 21:45:53.350564+00:00,3218251,ALİAĞA RES,103402,2026-05-31T05:00:00+03:00,05:00
40W0000032182518,ALİAĞA RES,unknown,2026-05-31 06:00:00+03:00,,0.0,chunk_0066.json,POST /v1/generation/data/dpp-bulk,2026-05-31 21:45:53.350564+00:00,3218251,ALİAĞA RES,103402,2026-05-31T06:00:00+03:00,06:00
40W0000032182518,ALİAĞA RES,unknown,2026-05-31 07:00:00+03:00,,0.0,chunk_0066.json,POST /v1/generation/data/dpp-bulk,2026-05-31 21:45:53.350564+00:00,3218251,ALİAĞA RES,103402,2026-05-31T07:00:00+03:00,07:00
40W0000032182518,ALİAĞA RES,unknown,2026-05-31 08:00:00+03:00,,0.0,chunk_0066.json,POST /v1/generation/data/dpp-bulk,2026-05-31 21:45:53.350564+00:00,3218251,ALİAĞA RES,103402,2026-05-31T08:00:00+03:00,08:00
40W0000032182518,ALİAĞA RES,unknown,2026-05-31 09:00:00+03:00,,0.0,chunk_0066.json,POST /v1/generation/data/dpp-bulk,2026-05-31 21:45:53.350564+00:00,3218251,ALİAĞA RES,103402,2026-05-31T09:00:00+03:00,09:00
40W0000032182518,ALİAĞA RES,unknown,2026-05-31 10:00:00+03:00,,0.0,chunk_0066.json,POST /v1/generation/data/dpp-bulk,2026-05-31 21:45:53.350564+00:00,3218251,ALİAĞA RES,103402,2026-05-31T10:00:00+03:00,10:00
40W0000032182518,ALİAĞA RES,unknown,2026-05-31 11:00:00+03:00,,0.0,chunk_0066.json,POST /v1/generation/data/dpp-bulk,2026-05-31 21:45:53.350564+00:00,3218251,ALİAĞA RES,103402,2026-05-31T11:00:00+03:00,11:00
40W0000032182518,ALİAĞA RES,unknown,2026-05-31 12:00:00+03:00,,0.0,chunk_0066.json,POST /v1/generation/data/dpp-bulk,2026-05-31 21:45:53.350564+00:00,3218251,ALİAĞA RES,103402,2026-05-31T12:00:00+03:00,12:00
40W0000032182518,ALİAĞA RES,unknown,2026-05-31 13:00:00+03:00,,0.0,chunk_0066.json,POST /v1/generation/data/dpp-bulk,2026-05-31 21:45:53.350564+00:00,3218251,ALİAĞA RES,103402,2026-05-31T13:00:00+03:00,13:00
40W0000032182518,ALİAĞA RES,unknown,2026-05-31 14:00:00+03:00,,0.0,chunk_0066.json,POST /v1/generation/data/dpp-bulk,2026-05-31 21:45:53.350564+00:00,3218251,ALİAĞA RES,103402,2026-05-31T14:00:00+03:00,14:00
40W0000032182518,ALİAĞA RES,unknown,2026-05-31 15:00:00+03:00,,0.0,chunk_0066.json,POST /v1/generation/data/dpp-bulk,2026-05-31 21:45:53.350564+00:00,3218251,ALİAĞA RES,103402,2026-05-31T15:00:00+03:00,15:00
40W0000032182518,ALİAĞA RES,unknown,2026-05-31 16:00:00+03:00,,0.0,chunk_0066.json,POST /v1/generation/data/dpp-bulk,2026-05-31 21:45:53.350564+00:00,3218251,ALİAĞA RES,103402,2026-05-31T16:00:00+03:00,16:00
40W0000032182518,ALİAĞA RES,unknown,2026-05-31 17:00:00+03:00,,0.0,chunk_0066.json,POST /v1/generation/data/dpp-bulk,2026-05-31 21:45:53.350564+00:00,3218251,ALİAĞA RES,103402,2026-05-31T17:00:00+03:00,17:00
40W0000032182518,ALİAĞA RES,unknown,2026-05-31 18:00:00+03:00,,0.0,chunk_0066.json,POST /v1/generation/data/dpp-bulk,2026-05-31 21:45:53.350564+00:00,3218251,ALİAĞA RES,103402,2026-05-31T18:00:00+03:00,18:00
40W0000032182518,ALİAĞA RES,unknown,2026-05-31 19:00:00+03:00,,0.69,chunk_0066.json,POST /v1/generation/data/dpp-bulk,2026-05-31 21:45:53.350564+00:00,3218251,ALİAĞA RES,103402,2026-05-31T19:00:00+03:00,19:00
40W0000032182518,ALİAĞA RES,unknown,2026-05-31 20:00:00+03:00,,0.19,chunk_0066.json,POST /v1/generation/data/dpp-bulk,2026-05-31 21:45:53.350564+00:00,3218251,ALİAĞA RES,103402,2026-05-31T20:00:00+03:00,20:00
40W0000032182518,ALİAĞA RES,unknown,2026-05-31 21:00:00+03:00,,0.04,chunk_0066.json,POST /v1/generation/data/dpp-bulk,2026-05-31 21:45:53.350564+00:00,3218251,ALİAĞA RES,103402,2026-05-31T21:00:00+03:00,21:00
40W0000032182518,ALİAĞA RES,unknown,2026-05-31 22:00:00+03:00,,0.01,chunk_0066.json,POST /v1/generation/data/dpp-bulk,2026-05-31 21:45:53.350564+00:00,3218251,ALİAĞA RES,103402,2026-05-31T22:00:00+03:00,22:00
40W0000032182518,ALİAĞA RES,unknown,2026-05-31 23:00:00+03:00,,0.01,chunk_0066.json,POST /v1/generation/data/dpp-bulk,2026-05-31 21:45:53.350564+00:00,3218251,ALİAĞA RES,103402,2026-05-31T23:00:00+03:00,23:00
40W000003217870M,TOHMA BES,unknown,2026-05-31 00:00:00+03:00,,1.1,chunk_0066.json,POST /v1/generation/data/dpp-bulk,2026-05-31 21:45:53.350564+00:00,3217870,TOHMA BES,103600,2026-05-31T00:00:00+03:00,00:00
40W000003217870M,TOHMA BES,unknown,2026-05-31 01:00:00+03:00,,1.1,chunk_0066.json,POST /v1/generation/data/dpp-bulk,2026-05-31 21:45:53.350564+00:00,3217870,TOHMA BES,103600,2026-05-31T01:00:00+03:00,01:00
40W000003217870M,TOHMA BES,unknown,2026-05-31 02:00:00+03:00,,1.1,chunk_0066.json,POST /v1/generation/data/dpp-bulk,2026-05-31 21:45:53.350564+00:00,3217870,TOHMA BES,103600,2026-05-31T02:00:00+03:00,02:00
40W000003217870M,TOHMA BES,unknown,2026-05-31 03:00:00+03:00,,1.1,chunk_0066.json,POST /v1/generation/data/dpp-bulk,2026-05-31 21:45:53.350564+00:00,3217870,TOHMA BES,103600,2026-05-31T03:00:00+03:00,03:00
40W000003217870M,TOHMA BES,unknown,2026-05-31 04:00:00+03:00,,1.1,chunk_0066.json,POST /v1/generation/data/dpp-bulk,2026-05-31 21:45:53.350564+00:00,3217870,TOHMA BES,103600,2026-05-31T04:00:00+03:00,04:00
40W000003217870M,TOHMA BES,unknown,2026-05-31 05:00:00+03:00,,1.1,chunk_0066.json,POST /v1/generation/data/dpp-bulk,2026-05-31 21:45:53.350564+00:00,3217870,TOHMA BES,103600,2026-05-31T05:00:00+03:00,05:00
40W000003217870M,TOHMA BES,unknown,2026-05-31 06:00:00+03:00,,3.1,chunk_0066.json,POST /v1/generation/data/dpp-bulk,2026-05-31 21:45:53.350564+00:00,3217870,TOHMA BES,103600,2026-05-31T06:00:00+03:00,06:00
40W000003217870M,TOHMA BES,unknown,2026-05-31 07:00:00+03:00,,5.09,chunk_0066.json,POST /v1/generation/data/dpp-bulk,2026-05-31 21:45:53.350564+00:00,3217870,TOHMA BES,103600,2026-05-31T07:00:00+03:00,07:00
40W000003217870M,TOHMA BES,unknown,2026-05-31 08:00:00+03:00,,7.1,chunk_0066.json,POST /v1/generation/data/dpp-bulk,2026-05-31 21:45:53.350564+00:00,3217870,TOHMA BES,103600,2026-05-31T08:00:00+03:00,08:00
40W000003217870M,TOHMA BES,unknown,2026-05-31 09:00:00+03:00,,7.1,chunk_0066.json,POST /v1/generation/data/dpp-bulk,2026-05-31 21:45:53.350564+00:00,3217870,TOHMA BES,103600,2026-05-31T09:00:00+03:00,09:00
40W000003217870M,TOHMA BES,unknown,2026-05-31 10:00:00+03:00,,7.1,chunk_0066.json,POST /v1/generation/data/dpp-bulk,2026-05-31 21:45:53.350564+00:00,3217870,TOHMA BES,103600,2026-05-31T10:00:00+03:00,10:00
40W000003217870M,TOHMA BES,unknown,2026-05-31 11:00:00+03:00,,7.1,chunk_0066.json,POST /v1/generation/data/dpp-bulk,2026-05-31 21:45:53.350564+00:00,3217870,TOHMA BES,103600,2026-05-31T11:00:00+03:00,11:00
40W000003217870M,TOHMA BES,unknown,2026-05-31 12:00:00+03:00,,7.1,chunk_0066.json,POST /v1/generation/data/dpp-bulk,2026-05-31 21:45:53.350564+00:00,3217870,TOHMA BES,103600,2026-05-31T12:00:00+03:00,12:00
40W000003217870M,TOHMA BES,unknown,2026-05-31 13:00:00+03:00,,7.1,chunk_0066.json,POST /v1/generation/data/dpp-bulk,2026-05-31 21:45:53.350564+00:00,3217870,TOHMA BES,103600,2026-05-31T13:00:00+03:00,13:00
40W000003217870M,TOHMA BES,unknown,2026-05-31 14:00:00+03:00,,7.1,chunk_0066.json,POST /v1/generation/data/dpp-bulk,2026-05-31 21:45:53.350564+00:00,3217870,TOHMA BES,103600,2026-05-31T14:00:00+03:00,14:00
40W000003217870M,TOHMA BES,unknown,2026-05-31 15:00:00+03:00,,7.1,chunk_0066.json,POST /v1/generation/data/dpp-bulk,2026-05-31 21:45:53.350564+00:00,3217870,TOHMA BES,103600,2026-05-31T15:00:00+03:00,15:00
40W000003217870M,TOHMA BES,unknown,2026-05-31 16:00:00+03:00,,6.1,chunk_0066.json,POST /v1/generation/data/dpp-bulk,2026-05-31 21:45:53.350564+00:00,3217870,TOHMA BES,103600,2026-05-31T16:00:00+03:00,16:00
40W000003217870M,TOHMA BES,unknown,2026-05-31 17:00:00+03:00,,4.09,chunk_0066.json,POST /v1/generation/data/dpp-bulk,2026-05-31 21:45:53.350564+00:00,3217870,TOHMA BES,103600,2026-05-31T17:00:00+03:00,17:00
40W000003217870M,TOHMA BES,unknown,2026-05-31 18:00:00+03:00,,2.1,chunk_0066.json,POST /v1/generation/data/dpp-bulk,2026-05-31 21:45:53.350564+00:00,3217870,TOHMA BES,103600,2026-05-31T18:00:00+03:00,18:00
40W000003217870M,TOHMA BES,unknown,2026-05-31 19:00:00+03:00,,1.4,chunk_0066.json,POST /v1/generation/data/dpp-bulk,2026-05-31 21:45:53.350564+00:00,3217870,TOHMA BES,103600,2026-05-31T19:00:00+03:00,19:00
40W000003217870M,TOHMA BES,unknown,2026-05-31 20:00:00+03:00,,1.1,chunk_0066.json,POST /v1/generation/data/dpp-bulk,2026-05-31 21:45:53.350564+00:00,3217870,TOHMA BES,103600,2026-05-31T20:00:00+03:00,20:00
40W000003217870M,TOHMA BES,unknown,2026-05-31 21:00:00+03:00,,1.1,chunk_0066.json,POST /v1/generation/data/dpp-bulk,2026-05-31 21:45:53.350564+00:00,3217870,TOHMA BES,103600,2026-05-31T21:00:00+03:00,21:00
40W000003217870M,TOHMA BES,unknown,2026-05-31 22:00:00+03:00,,1.1,chunk_0066.json,POST /v1/generation/data/dpp-bulk,2026-05-31 21:45:53.350564+00:00,3217870,TOHMA BES,103600,2026-05-31T22:00:00+03:00,22:00
40W000003217870M,TOHMA BES,unknown,2026-05-31 23:00:00+03:00,,1.1,chunk_0066.json,POST /v1/generation/data/dpp-bulk,2026-05-31 21:45:53.350564+00:00,3217870,TOHMA BES,103600,2026-05-31T23:00:00+03:00,23:00
40W000003217951M,KARAAĞAÇ REG. ve HES,unknown,2026-05-31 00:00:00+03:00,,1.1,chunk_0066.json,POST /v1/generation/data/dpp-bulk,2026-05-31 21:45:53.350564+00:00,3217951,KARAAĞAÇ REG. ve HES,103600,2026-05-31T00:00:00+03:00,00:00
40W000003217951M,KARAAĞAÇ REG. ve HES,unknown,2026-05-31 01:00:00+03:00,,1.1,chunk_0066.json,POST /v1/generation/data/dpp-bulk,2026-05-31 21:45:53.350564+00:00,3217951,KARAAĞAÇ REG. ve HES,103600,2026-05-31T01:00:00+03:00,01:00
40W000003217951M,KARAAĞAÇ REG. ve HES,unknown,2026-05-31 02:00:00+03:00,,1.1,chunk_0066.json,POST /v1/generation/data/dpp-bulk,2026-05-31 21:45:53.350564+00:00,3217951,KARAAĞAÇ REG. ve HES,103600,2026-05-31T02:00:00+03:00,02:00
40W000003217951M,KARAAĞAÇ REG. ve HES,unknown,2026-05-31 03:00:00+03:00,,1.1,chunk_0066.json,POST /v1/generation/data/dpp-bulk,2026-05-31 21:45:53.350564+00:00,3217951,KARAAĞAÇ REG. ve HES,103600,2026-05-31T03:00:00+03:00,03:00
40W000003217951M,KARAAĞAÇ REG. ve HES,unknown,2026-05-31 04:00:00+03:00,,1.1,chunk_0066.json,POST /v1/generation/data/dpp-bulk,2026-05-31 21:45:53.350564+00:00,3217951,KARAAĞAÇ REG. ve HES,103600,2026-05-31T04:00:00+03:00,04:00
40W000003217951M,KARAAĞAÇ REG. ve HES,unknown,2026-05-31 05:00:00+03:00,,1.1,chunk_0066.json,POST /v1/generation/data/dpp-bulk,2026-05-31 21:45:53.350564+00:00,3217951,KARAAĞAÇ REG. ve HES,103600,2026-05-31T05:00:00+03:00,05:00
40W000003217951M,KARAAĞAÇ REG. ve HES,unknown,2026-05-31 06:00:00+03:00,,1.1,chunk_0066.json,POST /v1/generation/data/dpp-bulk,2026-05-31 21:45:53.350564+00:00,3217951,KARAAĞAÇ REG. ve HES,103600,2026-05-31T06:00:00+03:00,06:00
40W000003217951M,KARAAĞAÇ REG. ve HES,unknown,2026-05-31 07:00:00+03:00,,1.0,chunk_0066.json,POST /v1/generation/data/dpp-bulk,2026-05-31 21:45:53.350564+00:00,3217951,KARAAĞAÇ REG. ve HES,103600,2026-05-31T07:00:00+03:00,07:00
40W000003217951M,KARAAĞAÇ REG. ve HES,unknown,2026-05-31 08:00:00+03:00,,1.0,chunk_0066.json,POST /v1/generation/data/dpp-bulk,2026-05-31 21:45:53.350564+00:00,3217951,KARAAĞAÇ REG. ve HES,103600,2026-05-31T08:00:00+03:00,08:00
40W000003217951M,KARAAĞAÇ REG. ve HES,unknown,2026-05-31 09:00:00+03:00,,1.0,chunk_0066.json,POST /v1/generation/data/dpp-bulk,2026-05-31 21:45:53.350564+00:00,3217951,KARAAĞAÇ REG. ve HES,103600,2026-05-31T09:00:00+03:00,09:00
40W000003217951M,KARAAĞAÇ REG. ve HES,unknown,2026-05-31 10:00:00+03:00,,1.1,chunk_0066.json,POST /v1/generation/data/dpp-bulk,2026-05-31 21:45:53.350564+00:00,3217951,KARAAĞAÇ REG. ve HES,103600,2026-05-31T10:00:00+03:00,10:00
40W000003217951M,KARAAĞAÇ REG. ve HES,unknown,2026-05-31 11:00:00+03:00,,1.1,chunk_0066.json,POST /v1/generation/data/dpp-bulk,2026-05-31 21:45:53.350564+00:00,3217951,KARAAĞAÇ REG. ve HES,103600,2026-05-31T11:00:00+03:00,11:00
40W000003217951M,KARAAĞAÇ REG. ve HES,unknown,2026-05-31 12:00:00+03:00,,1.05,chunk_0066.json,POST /v1/generation/data/dpp-bulk,2026-05-31 21:45:53.350564+00:00,3217951,KARAAĞAÇ REG. ve HES,103600,2026-05-31T12:00:00+03:00,12:00
40W000003217951M,KARAAĞAÇ REG. ve HES,unknown,2026-05-31 13:00:00+03:00,,1.0,chunk_0066.json,POST /v1/generation/data/dpp-bulk,2026-05-31 21:45:53.350564+00:00,3217951,KARAAĞAÇ REG. ve HES,103600,2026-05-31T13:00:00+03:00,13:00
40W000003217951M,KARAAĞAÇ REG. ve HES,unknown,2026-05-31 14:00:00+03:00,,1.0,chunk_0066.json,POST /v1/generation/data/dpp-bulk,2026-05-31 21:45:53.350564+00:00,3217951,KARAAĞAÇ REG. ve HES,103600,2026-05-31T14:00:00+03:00,14:00
40W000003217951M,KARAAĞAÇ REG. ve HES,unknown,2026-05-31 15:00:00+03:00,,1.0,chunk_0066.json,POST /v1/generation/data/dpp-bulk,2026-05-31 21:45:53.350564+00:00,3217951,KARAAĞAÇ REG. ve HES,103600,2026-05-31T15:00:00+03:00,15:00
40W000003217951M,KARAAĞAÇ REG. ve HES,unknown,2026-05-31 16:00:00+03:00,,1.0,chunk_0066.json,POST /v1/generation/data/dpp-bulk,2026-05-31 21:45:53.350564+00:00,3217951,KARAAĞAÇ REG. ve HES,103600,2026-05-31T16:00:00+03:00,16:00
40W000003217951M,KARAAĞAÇ REG. ve HES,unknown,2026-05-31 17:00:00+03:00,,1.1,chunk_0066.json,POST /v1/generation/data/dpp-bulk,2026-05-31 21:45:53.350564+00:00,3217951,KARAAĞAÇ REG. ve HES,103600,2026-05-31T17:00:00+03:00,17:00
40W000003217951M,KARAAĞAÇ REG. ve HES,unknown,2026-05-31 18:00:00+03:00,,1.1,chunk_0066.json,POST /v1/generation/data/dpp-bulk,2026-05-31 21:45:53.350564+00:00,3217951,KARAAĞAÇ REG. ve HES,103600,2026-05-31T18:00:00+03:00,18:00
40W000003217951M,KARAAĞAÇ REG. ve HES,unknown,2026-05-31 19:00:00+03:00,,1.1,chunk_0066.json,POST /v1/generation/data/dpp-bulk,2026-05-31 21:45:53.350564+00:00,3217951,KARAAĞAÇ REG. ve HES,103600,2026-05-31T19:00:00+03:00,19:00
40W000003217951M,KARAAĞAÇ REG. ve HES,unknown,2026-05-31 20:00:00+03:00,,1.1,chunk_0066.json,POST /v1/generation/data/dpp-bulk,2026-05-31 21:45:53.350564+00:00,3217951,KARAAĞAÇ REG. ve HES,103600,2026-05-31T20:00:00+03:00,20:00
40W000003217951M,KARAAĞAÇ REG. ve HES,unknown,2026-05-31 21:00:00+03:00,,1.1,chunk_0066.json,POST /v1/generation/data/dpp-bulk,2026-05-31 21:45:53.350564+00:00,3217951,KARAAĞAÇ REG. ve HES,103600,2026-05-31T21:00:00+03:00,21:00
40W000003217951M,KARAAĞAÇ REG. ve HES,unknown,2026-05-31 22:00:00+03:00,,0.85,chunk_0066.json,POST /v1/generation/data/dpp-bulk,2026-05-31 21:45:53.350564+00:00,3217951,KARAAĞAÇ REG. ve HES,103600,2026-05-31T22:00:00+03:00,22:00
40W000003217951M,KARAAĞAÇ REG. ve HES,unknown,2026-05-31 23:00:00+03:00,,1.1,chunk_0066.json,POST /v1/generation/data/dpp-bulk,2026-05-31 21:45:53.350564+00:00,3217951,KARAAĞAÇ REG. ve HES,103600,2026-05-31T23:00:00+03:00,23:00
40W000003218331A,BURGAZ RES,unknown,2026-05-31 00:00:00+03:00,,1.8,chunk_0066.json,POST /v1/generation/data/dpp-bulk,2026-05-31 21:45:53.350564+00:00,3218331,BURGAZ RES,104320,2026-05-31T00:00:00+03:00,00:00
40W000003218331A,BURGAZ RES,unknown,2026-05-31 01:00:00+03:00,,1.4,chunk_0066.json,POST /v1/generation/data/dpp-bulk,2026-05-31 21:45:53.350564+00:00,3218331,BURGAZ RES,104320,2026-05-31T01:00:00+03:00,01:00
40W000003218331A,BURGAZ RES,unknown,2026-05-31 02:00:00+03:00,,1.3,chunk_0066.json,POST /v1/generation/data/dpp-bulk,2026-05-31 21:45:53.350564+00:00,3218331,BURGAZ RES,104320,2026-05-31T02:00:00+03:00,02:00
40W000003218331A,BURGAZ RES,unknown,2026-05-31 03:00:00+03:00,,1.4,chunk_0066.json,POST /v1/generation/data/dpp-bulk,2026-05-31 21:45:53.350564+00:00,3218331,BURGAZ RES,104320,2026-05-31T03:00:00+03:00,03:00
40W000003218331A,BURGAZ RES,unknown,2026-05-31 04:00:00+03:00,,1.6,chunk_0066.json,POST /v1/generation/data/dpp-bulk,2026-05-31 21:45:53.350564+00:00,3218331,BURGAZ RES,104320,2026-05-31T04:00:00+03:00,04:00
40W000003218331A,BURGAZ RES,unknown,2026-05-31 05:00:00+03:00,,1.57,chunk_0066.json,POST /v1/generation/data/dpp-bulk,2026-05-31 21:45:53.350564+00:00,3218331,BURGAZ RES,104320,2026-05-31T05:00:00+03:00,05:00
40W000003218331A,BURGAZ RES,unknown,2026-05-31 06:00:00+03:00,,1.48,chunk_0066.json,POST /v1/generation/data/dpp-bulk,2026-05-31 21:45:53.350564+00:00,3218331,BURGAZ RES,104320,2026-05-31T06:00:00+03:00,06:00
40W000003218331A,BURGAZ RES,unknown,2026-05-31 07:00:00+03:00,,1.9,chunk_0066.json,POST /v1/generation/data/dpp-bulk,2026-05-31 21:45:53.350564+00:00,3218331,BURGAZ RES,104320,2026-05-31T07:00:00+03:00,07:00
40W000003218331A,BURGAZ RES,unknown,2026-05-31 08:00:00+03:00,,1.5,chunk_0066.json,POST /v1/generation/data/dpp-bulk,2026-05-31 21:45:53.350564+00:00,3218331,BURGAZ RES,104320,2026-05-31T08:00:00+03:00,08:00
40W000003218331A,BURGAZ RES,unknown,2026-05-31 09:00:00+03:00,,1.0,chunk_0066.json,POST /v1/generation/data/dpp-bulk,2026-05-31 21:45:53.350564+00:00,3218331,BURGAZ RES,104320,2026-05-31T09:00:00+03:00,09:00
40W000003218331A,BURGAZ RES,unknown,2026-05-31 10:00:00+03:00,,0.9,chunk_0066.json,POST /v1/generation/data/dpp-bulk,2026-05-31 21:45:53.350564+00:00,3218331,BURGAZ RES,104320,2026-05-31T10:00:00+03:00,10:00
40W000003218331A,BURGAZ RES,unknown,2026-05-31 11:00:00+03:00,,1.0,chunk_0066.json,POST /v1/generation/data/dpp-bulk,2026-05-31 21:45:53.350564+00:00,3218331,BURGAZ RES,104320,2026-05-31T11:00:00+03:00,11:00
40W000003218331A,BURGAZ RES,unknown,2026-05-31 12:00:00+03:00,,1.4,chunk_0066.json,POST /v1/generation/data/dpp-bulk,2026-05-31 21:45:53.350564+00:00,3218331,BURGAZ RES,104320,2026-05-31T12:00:00+03:00,12:00
40W000003218331A,BURGAZ RES,unknown,2026-05-31 13:00:00+03:00,,2.1,chunk_0066.json,POST /v1/generation/data/dpp-bulk,2026-05-31 21:45:53.350564+00:00,3218331,BURGAZ RES,104320,2026-05-31T13:00:00+03:00,13:00
40W000003218331A,BURGAZ RES,unknown,2026-05-31 14:00:00+03:00,,2.8,chunk_0066.json,POST /v1/generation/data/dpp-bulk,2026-05-31 21:45:53.350564+00:00,3218331,BURGAZ RES,104320,2026-05-31T14:00:00+03:00,14:00
40W000003218331A,BURGAZ RES,unknown,2026-05-31 15:00:00+03:00,,3.3,chunk_0066.json,POST /v1/generation/data/dpp-bulk,2026-05-31 21:45:53.350564+00:00,3218331,BURGAZ RES,104320,2026-05-31T15:00:00+03:00,15:00
40W000003218331A,BURGAZ RES,unknown,2026-05-31 16:00:00+03:00,,3.5,chunk_0066.json,POST /v1/generation/data/dpp-bulk,2026-05-31 21:45:53.350564+00:00,3218331,BURGAZ RES,104320,2026-05-31T16:00:00+03:00,16:00
40W000003218331A,BURGAZ RES,unknown,2026-05-31 17:00:00+03:00,,3.4,chunk_0066.json,POST /v1/generation/data/dpp-bulk,2026-05-31 21:45:53.350564+00:00,3218331,BURGAZ RES,104320,2026-05-31T17:00:00+03:00,17:00
40W000003218331A,BURGAZ RES,unknown,2026-05-31 18:00:00+03:00,,3.0,chunk_0066.json,POST /v1/generation/data/dpp-bulk,2026-05-31 21:45:53.350564+00:00,3218331,BURGAZ RES,104320,2026-05-31T18:00:00+03:00,18:00
40W000003218331A,BURGAZ RES,unknown,2026-05-31 19:00:00+03:00,,2.8,chunk_0066.json,POST /v1/generation/data/dpp-bulk,2026-05-31 21:45:53.350564+00:00,3218331,BURGAZ RES,104320,2026-05-31T19:00:00+03:00,19:00
40W000003218331A,BURGAZ RES,unknown,2026-05-31 20:00:00+03:00,,3.0,chunk_0066.json,POST /v1/generation/data/dpp-bulk,2026-05-31 21:45:53.350564+00:00,3218331,BURGAZ RES,104320,2026-05-31T20:00:00+03:00,20:00
40W000003218331A,BURGAZ RES,unknown,2026-05-31 21:00:00+03:00,,3.6,chunk_0066.json,POST /v1/generation/data/dpp-bulk,2026-05-31 21:45:53.350564+00:00,3218331,BURGAZ RES,104320,2026-05-31T21:00:00+03:00,21:00
40W000003218331A,BURGAZ RES,unknown,2026-05-31 22:00:00+03:00,,4.0,chunk_0066.json,POST /v1/generation/data/dpp-bulk,2026-05-31 21:45:53.350564+00:00,3218331,BURGAZ RES,104320,2026-05-31T22:00:00+03:00,22:00
40W000003218331A,BURGAZ RES,unknown,2026-05-31 23:00:00+03:00,,1.65,chunk_0066.json,POST /v1/generation/data/dpp-bulk,2026-05-31 21:45:53.350564+00:00,3218331,BURGAZ RES,104320,2026-05-31T23:00:00+03:00,23:00
40W0000032182704,DOĞU HES,unknown,2026-05-31 00:00:00+03:00,,7.0,chunk_0066.json,POST /v1/generation/data/dpp-bulk,2026-05-31 21:45:53.350564+00:00,3218270,DOĞU HES,104381,2026-05-31T00:00:00+03:00,00:00
40W0000032182704,DOĞU HES,unknown,2026-05-31 01:00:00+03:00,,7.0,chunk_0066.json,POST /v1/generation/data/dpp-bulk,2026-05-31 21:45:53.350564+00:00,3218270,DOĞU HES,104381,2026-05-31T01:00:00+03:00,01:00
40W0000032182704,DOĞU HES,unknown,2026-05-31 02:00:00+03:00,,7.0,chunk_0066.json,POST /v1/generation/data/dpp-bulk,2026-05-31 21:45:53.350564+00:00,3218270,DOĞU HES,104381,2026-05-31T02:00:00+03:00,02:00
40W0000032182704,DOĞU HES,unknown,2026-05-31 03:00:00+03:00,,7.0,chunk_0066.json,POST /v1/generation/data/dpp-bulk,2026-05-31 21:45:53.350564+00:00,3218270,DOĞU HES,104381,2026-05-31T03:00:00+03:00,03:00
40W0000032182704,DOĞU HES,unknown,2026-05-31 04:00:00+03:00,,5.26,chunk_0066.json,POST /v1/generation/data/dpp-bulk,2026-05-31 21:45:53.350564+00:00,3218270,DOĞU HES,104381,2026-05-31T04:00:00+03:00,04:00
40W0000032182704,DOĞU HES,unknown,2026-05-31 05:00:00+03:00,,0.11,chunk_0066.json,POST /v1/generation/data/dpp-bulk,2026-05-31 21:45:53.350564+00:00,3218270,DOĞU HES,104381,2026-05-31T05:00:00+03:00,05:00
40W0000032182704,DOĞU HES,unknown,2026-05-31 06:00:00+03:00,,0.57,chunk_0066.json,POST /v1/generation/data/dpp-bulk,2026-05-31 21:45:53.350564+00:00,3218270,DOĞU HES,104381,2026-05-31T06:00:00+03:00,06:00
40W0000032182704,DOĞU HES,unknown,2026-05-31 07:00:00+03:00,,1.47,chunk_0066.json,POST /v1/generation/data/dpp-bulk,2026-05-31 21:45:53.350564+00:00,3218270,DOĞU HES,104381,2026-05-31T07:00:00+03:00,07:00
40W0000032182704,DOĞU HES,unknown,2026-05-31 08:00:00+03:00,,2.25,chunk_0066.json,POST /v1/generation/data/dpp-bulk,2026-05-31 21:45:53.350564+00:00,3218270,DOĞU HES,104381,2026-05-31T08:00:00+03:00,08:00
40W0000032182704,DOĞU HES,unknown,2026-05-31 09:00:00+03:00,,2.86,chunk_0066.json,POST /v1/generation/data/dpp-bulk,2026-05-31 21:45:53.350564+00:00,3218270,DOĞU HES,104381,2026-05-31T09:00:00+03:00,09:00
40W0000032182704,DOĞU HES,unknown,2026-05-31 10:00:00+03:00,,3.18,chunk_0066.json,POST /v1/generation/data/dpp-bulk,2026-05-31 21:45:53.350564+00:00,3218270,DOĞU HES,104381,2026-05-31T10:00:00+03:00,10:00
40W0000032182704,DOĞU HES,unknown,2026-05-31 11:00:00+03:00,,3.3,chunk_0066.json,POST /v1/generation/data/dpp-bulk,2026-05-31 21:45:53.350564+00:00,3218270,DOĞU HES,104381,2026-05-31T11:00:00+03:00,11:00
40W0000032182704,DOĞU HES,unknown,2026-05-31 12:00:00+03:00,,3.23,chunk_0066.json,POST /v1/generation/data/dpp-bulk,2026-05-31 21:45:53.350564+00:00,3218270,DOĞU HES,104381,2026-05-31T12:00:00+03:00,12:00
40W0000032182704,DOĞU HES,unknown,2026-05-31 13:00:00+03:00,,3.02,chunk_0066.json,POST /v1/generation/data/dpp-bulk,2026-05-31 21:45:53.350564+00:00,3218270,DOĞU HES,104381,2026-05-31T13:00:00+03:00,13:00
40W0000032182704,DOĞU HES,unknown,2026-05-31 14:00:00+03:00,,2.6,chunk_0066.json,POST /v1/generation/data/dpp-bulk,2026-05-31 21:45:53.350564+00:00,3218270,DOĞU HES,104381,2026-05-31T14:00:00+03:00,14:00
40W0000032182704,DOĞU HES,unknown,2026-05-31 15:00:00+03:00,,2.18,chunk_0066.json,POST /v1/generation/data/dpp-bulk,2026-05-31 21:45:53.350564+00:00,3218270,DOĞU HES,104381,2026-05-31T15:00:00+03:00,15:00
40W0000032182704,DOĞU HES,unknown,2026-05-31 16:00:00+03:00,,1.54,chunk_0066.json,POST /v1/generation/data/dpp-bulk,2026-05-31 21:45:53.350564+00:00,3218270,DOĞU HES,104381,2026-05-31T16:00:00+03:00,16:00
40W0000032182704,DOĞU HES,unknown,2026-05-31 17:00:00+03:00,,0.79,chunk_0066.json,POST /v1/generation/data/dpp-bulk,2026-05-31 21:45:53.350564+00:00,3218270,DOĞU HES,104381,2026-05-31T17:00:00+03:00,17:00
40W0000032182704,DOĞU HES,unknown,2026-05-31 18:00:00+03:00,,0.24,chunk_0066.json,POST /v1/generation/data/dpp-bulk,2026-05-31 21:45:53.350564+00:00,3218270,DOĞU HES,104381,2026-05-31T18:00:00+03:00,18:00
40W0000032182704,DOĞU HES,unknown,2026-05-31 19:00:00+03:00,,7.0,chunk_0066.json,POST /v1/generation/data/dpp-bulk,2026-05-31 21:45:53.350564+00:00,3218270,DOĞU HES,104381,2026-05-31T19:00:00+03:00,19:00
40W0000032182704,DOĞU HES,unknown,2026-05-31 20:00:00+03:00,,7.0,chunk_0066.json,POST /v1/generation/data/dpp-bulk,2026-05-31 21:45:53.350564+00:00,3218270,DOĞU HES,104381,2026-05-31T20:00:00+03:00,20:00
40W0000032182704,DOĞU HES,unknown,2026-05-31 21:00:00+03:00,,7.0,chunk_0066.json,POST /v1/generation/data/dpp-bulk,2026-05-31 21:45:53.350564+00:00,3218270,DOĞU HES,104381,2026-05-31T21:00:00+03:00,21:00
40W0000032182704,DOĞU HES,unknown,2026-05-31 22:00:00+03:00,,7.0,chunk_0066.json,POST /v1/generation/data/dpp-bulk,2026-05-31 21:45:53.350564+00:00,3218270,DOĞU HES,104381,2026-05-31T22:00:00+03:00,22:00
40W0000032182704,DOĞU HES,unknown,2026-05-31 23:00:00+03:00,,7.0,chunk_0066.json,POST /v1/generation/data/dpp-bulk,2026-05-31 21:45:53.350564+00:00,3218270,DOĞU HES,104381,2026-05-31T23:00:00+03:00,23:00
40W000003218273Z,ÇİĞDEMLİ REG. ve HES,unknown,2026-05-31 00:00:00+03:00,,4.2,chunk_0066.json,POST /v1/generation/data/dpp-bulk,2026-05-31 21:45:53.350564+00:00,3218273,ÇİĞDEMLİ REG. ve HES,105423,2026-05-31T00:00:00+03:00,00:00
40W000003218273Z,ÇİĞDEMLİ REG. ve HES,unknown,2026-05-31 01:00:00+03:00,,4.2,chunk_0066.json,POST /v1/generation/data/dpp-bulk,2026-05-31 21:45:53.350564+00:00,3218273,ÇİĞDEMLİ REG. ve HES,105423,2026-05-31T01:00:00+03:00,01:00
40W000003218273Z,ÇİĞDEMLİ REG. ve HES,unknown,2026-05-31 02:00:00+03:00,,4.2,chunk_0066.json,POST /v1/generation/data/dpp-bulk,2026-05-31 21:45:53.350564+00:00,3218273,ÇİĞDEMLİ REG. ve HES,105423,2026-05-31T02:00:00+03:00,02:00
40W000003218273Z,ÇİĞDEMLİ REG. ve HES,unknown,2026-05-31 03:00:00+03:00,,4.2,chunk_0066.json,POST /v1/generation/data/dpp-bulk,2026-05-31 21:45:53.350564+00:00,3218273,ÇİĞDEMLİ REG. ve HES,105423,2026-05-31T03:00:00+03:00,03:00
40W000003218273Z,ÇİĞDEMLİ REG. ve HES,unknown,2026-05-31 04:00:00+03:00,,4.2,chunk_0066.json,POST /v1/generation/data/dpp-bulk,2026-05-31 21:45:53.350564+00:00,3218273,ÇİĞDEMLİ REG. ve HES,105423,2026-05-31T04:00:00+03:00,04:00
40W000003218273Z,ÇİĞDEMLİ REG. ve HES,unknown,2026-05-31 05:00:00+03:00,,0.0,chunk_0066.json,POST /v1/generation/data/dpp-bulk,2026-05-31 21:45:53.350564+00:00,3218273,ÇİĞDEMLİ REG. ve HES,105423,2026-05-31T05:00:00+03:00,05:00
40W000003218273Z,ÇİĞDEMLİ REG. ve HES,unknown,2026-05-31 06:00:00+03:00,,0.0,chunk_0066.json,POST /v1/generation/data/dpp-bulk,2026-05-31 21:45:53.350564+00:00,3218273,ÇİĞDEMLİ REG. ve HES,105423,2026-05-31T06:00:00+03:00,06:00
40W000003218273Z,ÇİĞDEMLİ REG. ve HES,unknown,2026-05-31 07:00:00+03:00,,0.0,chunk_0066.json,POST /v1/generation/data/dpp-bulk,2026-05-31 21:45:53.350564+00:00,3218273,ÇİĞDEMLİ REG. ve HES,105423,2026-05-31T07:00:00+03:00,07:00
40W000003218273Z,ÇİĞDEMLİ REG. ve HES,unknown,2026-05-31 08:00:00+03:00,,0.0,chunk_0066.json,POST /v1/generation/data/dpp-bulk,2026-05-31 21:45:53.350564+00:00,3218273,ÇİĞDEMLİ REG. ve HES,105423,2026-05-31T08:00:00+03:00,08:00
40W000003218273Z,ÇİĞDEMLİ REG. ve HES,unknown,2026-05-31 09:00:00+03:00,,0.0,chunk_0066.json,POST /v1/generation/data/dpp-bulk,2026-05-31 21:45:53.350564+00:00,3218273,ÇİĞDEMLİ REG. ve HES,105423,2026-05-31T09:00:00+03:00,09:00
40W000003218273Z,ÇİĞDEMLİ REG. ve HES,unknown,2026-05-31 10:00:00+03:00,,0.0,chunk_0066.json,POST /v1/generation/data/dpp-bulk,2026-05-31 21:45:53.350564+00:00,3218273,ÇİĞDEMLİ REG. ve HES,105423,2026-05-31T10:00:00+03:00,10:00
40W000003218273Z,ÇİĞDEMLİ REG. ve HES,unknown,2026-05-31 11:00:00+03:00,,0.0,chunk_0066.json,POST /v1/generation/data/dpp-bulk,2026-05-31 21:45:53.350564+00:00,3218273,ÇİĞDEMLİ REG. ve HES,105423,2026-05-31T11:00:00+03:00,11:00
40W000003218273Z,ÇİĞDEMLİ REG. ve HES,unknown,2026-05-31 12:00:00+03:00,,0.0,chunk_0066.json,POST /v1/generation/data/dpp-bulk,2026-05-31 21:45:53.350564+00:00,3218273,ÇİĞDEMLİ REG. ve HES,105423,2026-05-31T12:00:00+03:00,12:00
40W000003218273Z,ÇİĞDEMLİ REG. ve HES,unknown,2026-05-31 13:00:00+03:00,,0.0,chunk_0066.json,POST /v1/generation/data/dpp-bulk,2026-05-31 21:45:53.350564+00:00,3218273,ÇİĞDEMLİ REG. ve HES,105423,2026-05-31T13:00:00+03:00,13:00
40W000003218273Z,ÇİĞDEMLİ REG. ve HES,unknown,2026-05-31 14:00:00+03:00,,0.0,chunk_0066.json,POST /v1/generation/data/dpp-bulk,2026-05-31 21:45:53.350564+00:00,3218273,ÇİĞDEMLİ REG. ve HES,105423,2026-05-31T14:00:00+03:00,14:00
40W000003218273Z,ÇİĞDEMLİ REG. ve HES,unknown,2026-05-31 15:00:00+03:00,,0.0,chunk_0066.json,POST /v1/generation/data/dpp-bulk,2026-05-31 21:45:53.350564+00:00,3218273,ÇİĞDEMLİ REG. ve HES,105423,2026-05-31T15:00:00+03:00,15:00
40W000003218273Z,ÇİĞDEMLİ REG. ve HES,unknown,2026-05-31 16:00:00+03:00,,0.0,chunk_0066.json,POST /v1/generation/data/dpp-bulk,2026-05-31 21:45:53.350564+00:00,3218273,ÇİĞDEMLİ REG. ve HES,105423,2026-05-31T16:00:00+03:00,16:00
40W000003218273Z,ÇİĞDEMLİ REG. ve HES,unknown,2026-05-31 17:00:00+03:00,,0.0,chunk_0066.json,POST /v1/generation/data/dpp-bulk,2026-05-31 21:45:53.350564+00:00,3218273,ÇİĞDEMLİ REG. ve HES,105423,2026-05-31T17:00:00+03:00,17:00
40W000003218273Z,ÇİĞDEMLİ REG. ve HES,unknown,2026-05-31 18:00:00+03:00,,4.2,chunk_0066.json,POST /v1/generation/data/dpp-bulk,2026-05-31 21:45:53.350564+00:00,3218273,ÇİĞDEMLİ REG. ve HES,105423,2026-05-31T18:00:00+03:00,18:00
40W000003218273Z,ÇİĞDEMLİ REG. ve HES,unknown,2026-05-31 19:00:00+03:00,,4.2,chunk_0066.json,POST /v1/generation/data/dpp-bulk,2026-05-31 21:45:53.350564+00:00,3218273,ÇİĞDEMLİ REG. ve HES,105423,2026-05-31T19:00:00+03:00,19:00
40W000003218273Z,ÇİĞDEMLİ REG. ve HES,unknown,2026-05-31 20:00:00+03:00,,4.2,chunk_0066.json,POST /v1/generation/data/dpp-bulk,2026-05-31 21:45:53.350564+00:00,3218273,ÇİĞDEMLİ REG. ve HES,105423,2026-05-31T20:00:00+03:00,20:00
40W000003218273Z,ÇİĞDEMLİ REG. ve HES,unknown,2026-05-31 21:00:00+03:00,,4.2,chunk_0066.json,POST /v1/generation/data/dpp-bulk,2026-05-31 21:45:53.350564+00:00,3218273,ÇİĞDEMLİ REG. ve HES,105423,2026-05-31T21:00:00+03:00,21:00
40W000003218273Z,ÇİĞDEMLİ REG. ve HES,unknown,2026-05-31 22:00:00+03:00,,4.2,chunk_0066.json,POST /v1/generation/data/dpp-bulk,2026-05-31 21:45:53.350564+00:00,3218273,ÇİĞDEMLİ REG. ve HES,105423,2026-05-31T22:00:00+03:00,22:00
40W000003218273Z,ÇİĞDEMLİ REG. ve HES,unknown,2026-05-31 23:00:00+03:00,,4.2,chunk_0066.json,POST /v1/generation/data/dpp-bulk,2026-05-31 21:45:53.350564+00:00,3218273,ÇİĞDEMLİ REG. ve HES,105423,2026-05-31T23:00:00+03:00,23:00
