entsoe_code,plant_name,fuel_type,delivery_hour,publication_timestamp,kgup_mwh,source_file,source_api,forecast_timestamp,uevcb_id,uevcb_name,org_id,date_raw,time_raw
40W0000032047580,BİLGİN SAMSUN DGKÇS PT1(Doğalgaz),unknown,2026-05-31 00:00:00+03:00,,0.0,chunk_0045.json,POST /v1/generation/data/dpp-bulk,2026-05-31 21:45:44.334183+00:00,3204758,BİLGİN SAMSUN DGKÇS PT1(Doğalgaz),294,2026-05-31T00:00:00+03:00,00:00
40W0000032047580,BİLGİN SAMSUN DGKÇS PT1(Doğalgaz),unknown,2026-05-31 01:00:00+03:00,,0.0,chunk_0045.json,POST /v1/generation/data/dpp-bulk,2026-05-31 21:45:44.334183+00:00,3204758,BİLGİN SAMSUN DGKÇS PT1(Doğalgaz),294,2026-05-31T01:00:00+03:00,01:00
40W0000032047580,BİLGİN SAMSUN DGKÇS PT1(Doğalgaz),unknown,2026-05-31 02:00:00+03:00,,0.0,chunk_0045.json,POST /v1/generation/data/dpp-bulk,2026-05-31 21:45:44.334183+00:00,3204758,BİLGİN SAMSUN DGKÇS PT1(Doğalgaz),294,2026-05-31T02:00:00+03:00,02:00
40W0000032047580,BİLGİN SAMSUN DGKÇS PT1(Doğalgaz),unknown,2026-05-31 03:00:00+03:00,,0.0,chunk_0045.json,POST /v1/generation/data/dpp-bulk,2026-05-31 21:45:44.334183+00:00,3204758,BİLGİN SAMSUN DGKÇS PT1(Doğalgaz),294,2026-05-31T03:00:00+03:00,03:00
40W0000032047580,BİLGİN SAMSUN DGKÇS PT1(Doğalgaz),unknown,2026-05-31 04:00:00+03:00,,0.0,chunk_0045.json,POST /v1/generation/data/dpp-bulk,2026-05-31 21:45:44.334183+00:00,3204758,BİLGİN SAMSUN DGKÇS PT1(Doğalgaz),294,2026-05-31T04:00:00+03:00,04:00
40W0000032047580,BİLGİN SAMSUN DGKÇS PT1(Doğalgaz),unknown,2026-05-31 05:00:00+03:00,,0.0,chunk_0045.json,POST /v1/generation/data/dpp-bulk,2026-05-31 21:45:44.334183+00:00,3204758,BİLGİN SAMSUN DGKÇS PT1(Doğalgaz),294,2026-05-31T05:00:00+03:00,05:00
40W0000032047580,BİLGİN SAMSUN DGKÇS PT1(Doğalgaz),unknown,2026-05-31 06:00:00+03:00,,0.0,chunk_0045.json,POST /v1/generation/data/dpp-bulk,2026-05-31 21:45:44.334183+00:00,3204758,BİLGİN SAMSUN DGKÇS PT1(Doğalgaz),294,2026-05-31T06:00:00+03:00,06:00
40W0000032047580,BİLGİN SAMSUN DGKÇS PT1(Doğalgaz),unknown,2026-05-31 07:00:00+03:00,,0.0,chunk_0045.json,POST /v1/generation/data/dpp-bulk,2026-05-31 21:45:44.334183+00:00,3204758,BİLGİN SAMSUN DGKÇS PT1(Doğalgaz),294,2026-05-31T07:00:00+03:00,07:00
40W0000032047580,BİLGİN SAMSUN DGKÇS PT1(Doğalgaz),unknown,2026-05-31 08:00:00+03:00,,0.0,chunk_0045.json,POST /v1/generation/data/dpp-bulk,2026-05-31 21:45:44.334183+00:00,3204758,BİLGİN SAMSUN DGKÇS PT1(Doğalgaz),294,2026-05-31T08:00:00+03:00,08:00
40W0000032047580,BİLGİN SAMSUN DGKÇS PT1(Doğalgaz),unknown,2026-05-31 09:00:00+03:00,,0.0,chunk_0045.json,POST /v1/generation/data/dpp-bulk,2026-05-31 21:45:44.334183+00:00,3204758,BİLGİN SAMSUN DGKÇS PT1(Doğalgaz),294,2026-05-31T09:00:00+03:00,09:00
40W0000032047580,BİLGİN SAMSUN DGKÇS PT1(Doğalgaz),unknown,2026-05-31 10:00:00+03:00,,0.0,chunk_0045.json,POST /v1/generation/data/dpp-bulk,2026-05-31 21:45:44.334183+00:00,3204758,BİLGİN SAMSUN DGKÇS PT1(Doğalgaz),294,2026-05-31T10:00:00+03:00,10:00
40W0000032047580,BİLGİN SAMSUN DGKÇS PT1(Doğalgaz),unknown,2026-05-31 11:00:00+03:00,,0.0,chunk_0045.json,POST /v1/generation/data/dpp-bulk,2026-05-31 21:45:44.334183+00:00,3204758,BİLGİN SAMSUN DGKÇS PT1(Doğalgaz),294,2026-05-31T11:00:00+03:00,11:00
40W0000032047580,BİLGİN SAMSUN DGKÇS PT1(Doğalgaz),unknown,2026-05-31 12:00:00+03:00,,0.0,chunk_0045.json,POST /v1/generation/data/dpp-bulk,2026-05-31 21:45:44.334183+00:00,3204758,BİLGİN SAMSUN DGKÇS PT1(Doğalgaz),294,2026-05-31T12:00:00+03:00,12:00
40W0000032047580,BİLGİN SAMSUN DGKÇS PT1(Doğalgaz),unknown,2026-05-31 13:00:00+03:00,,0.0,chunk_0045.json,POST /v1/generation/data/dpp-bulk,2026-05-31 21:45:44.334183+00:00,3204758,BİLGİN SAMSUN DGKÇS PT1(Doğalgaz),294,2026-05-31T13:00:00+03:00,13:00
40W0000032047580,BİLGİN SAMSUN DGKÇS PT1(Doğalgaz),unknown,2026-05-31 14:00:00+03:00,,0.0,chunk_0045.json,POST /v1/generation/data/dpp-bulk,2026-05-31 21:45:44.334183+00:00,3204758,BİLGİN SAMSUN DGKÇS PT1(Doğalgaz),294,2026-05-31T14:00:00+03:00,14:00
40W0000032047580,BİLGİN SAMSUN DGKÇS PT1(Doğalgaz),unknown,2026-05-31 15:00:00+03:00,,0.0,chunk_0045.json,POST /v1/generation/data/dpp-bulk,2026-05-31 21:45:44.334183+00:00,3204758,BİLGİN SAMSUN DGKÇS PT1(Doğalgaz),294,2026-05-31T15:00:00+03:00,15:00
40W0000032047580,BİLGİN SAMSUN DGKÇS PT1(Doğalgaz),unknown,2026-05-31 16:00:00+03:00,,0.0,chunk_0045.json,POST /v1/generation/data/dpp-bulk,2026-05-31 21:45:44.334183+00:00,3204758,BİLGİN SAMSUN DGKÇS PT1(Doğalgaz),294,2026-05-31T16:00:00+03:00,16:00
40W0000032047580,BİLGİN SAMSUN DGKÇS PT1(Doğalgaz),unknown,2026-05-31 17:00:00+03:00,,0.0,chunk_0045.json,POST /v1/generation/data/dpp-bulk,2026-05-31 21:45:44.334183+00:00,3204758,BİLGİN SAMSUN DGKÇS PT1(Doğalgaz),294,2026-05-31T17:00:00+03:00,17:00
40W0000032047580,BİLGİN SAMSUN DGKÇS PT1(Doğalgaz),unknown,2026-05-31 18:00:00+03:00,,0.0,chunk_0045.json,POST /v1/generation/data/dpp-bulk,2026-05-31 21:45:44.334183+00:00,3204758,BİLGİN SAMSUN DGKÇS PT1(Doğalgaz),294,2026-05-31T18:00:00+03:00,18:00
40W0000032047580,BİLGİN SAMSUN DGKÇS PT1(Doğalgaz),unknown,2026-05-31 19:00:00+03:00,,0.0,chunk_0045.json,POST /v1/generation/data/dpp-bulk,2026-05-31 21:45:44.334183+00:00,3204758,BİLGİN SAMSUN DGKÇS PT1(Doğalgaz),294,2026-05-31T19:00:00+03:00,19:00
40W0000032047580,BİLGİN SAMSUN DGKÇS PT1(Doğalgaz),unknown,2026-05-31 20:00:00+03:00,,0.0,chunk_0045.json,POST /v1/generation/data/dpp-bulk,2026-05-31 21:45:44.334183+00:00,3204758,BİLGİN SAMSUN DGKÇS PT1(Doğalgaz),294,2026-05-31T20:00:00+03:00,20:00
40W0000032047580,BİLGİN SAMSUN DGKÇS PT1(Doğalgaz),unknown,2026-05-31 21:00:00+03:00,,0.0,chunk_0045.json,POST /v1/generation/data/dpp-bulk,2026-05-31 21:45:44.334183+00:00,3204758,BİLGİN SAMSUN DGKÇS PT1(Doğalgaz),294,2026-05-31T21:00:00+03:00,21:00
40W0000032047580,BİLGİN SAMSUN DGKÇS PT1(Doğalgaz),unknown,2026-05-31 22:00:00+03:00,,0.0,chunk_0045.json,POST /v1/generation/data/dpp-bulk,2026-05-31 21:45:44.334183+00:00,3204758,BİLGİN SAMSUN DGKÇS PT1(Doğalgaz),294,2026-05-31T22:00:00+03:00,22:00
40W0000032047580,BİLGİN SAMSUN DGKÇS PT1(Doğalgaz),unknown,2026-05-31 23:00:00+03:00,,0.0,chunk_0045.json,POST /v1/generation/data/dpp-bulk,2026-05-31 21:45:44.334183+00:00,3204758,BİLGİN SAMSUN DGKÇS PT1(Doğalgaz),294,2026-05-31T23:00:00+03:00,23:00
40W000003204759Z,BİLGİN SAMSUN DGKÇS PT2(Doğalgaz),unknown,2026-05-31 00:00:00+03:00,,0.0,chunk_0045.json,POST /v1/generation/data/dpp-bulk,2026-05-31 21:45:44.334183+00:00,3204759,BİLGİN SAMSUN DGKÇS PT2(Doğalgaz),294,2026-05-31T00:00:00+03:00,00:00
40W000003204759Z,BİLGİN SAMSUN DGKÇS PT2(Doğalgaz),unknown,2026-05-31 01:00:00+03:00,,0.0,chunk_0045.json,POST /v1/generation/data/dpp-bulk,2026-05-31 21:45:44.334183+00:00,3204759,BİLGİN SAMSUN DGKÇS PT2(Doğalgaz),294,2026-05-31T01:00:00+03:00,01:00
40W000003204759Z,BİLGİN SAMSUN DGKÇS PT2(Doğalgaz),unknown,2026-05-31 02:00:00+03:00,,0.0,chunk_0045.json,POST /v1/generation/data/dpp-bulk,2026-05-31 21:45:44.334183+00:00,3204759,BİLGİN SAMSUN DGKÇS PT2(Doğalgaz),294,2026-05-31T02:00:00+03:00,02:00
40W000003204759Z,BİLGİN SAMSUN DGKÇS PT2(Doğalgaz),unknown,2026-05-31 03:00:00+03:00,,0.0,chunk_0045.json,POST /v1/generation/data/dpp-bulk,2026-05-31 21:45:44.334183+00:00,3204759,BİLGİN SAMSUN DGKÇS PT2(Doğalgaz),294,2026-05-31T03:00:00+03:00,03:00
40W000003204759Z,BİLGİN SAMSUN DGKÇS PT2(Doğalgaz),unknown,2026-05-31 04:00:00+03:00,,0.0,chunk_0045.json,POST /v1/generation/data/dpp-bulk,2026-05-31 21:45:44.334183+00:00,3204759,BİLGİN SAMSUN DGKÇS PT2(Doğalgaz),294,2026-05-31T04:00:00+03:00,04:00
40W000003204759Z,BİLGİN SAMSUN DGKÇS PT2(Doğalgaz),unknown,2026-05-31 05:00:00+03:00,,0.0,chunk_0045.json,POST /v1/generation/data/dpp-bulk,2026-05-31 21:45:44.334183+00:00,3204759,BİLGİN SAMSUN DGKÇS PT2(Doğalgaz),294,2026-05-31T05:00:00+03:00,05:00
40W000003204759Z,BİLGİN SAMSUN DGKÇS PT2(Doğalgaz),unknown,2026-05-31 06:00:00+03:00,,0.0,chunk_0045.json,POST /v1/generation/data/dpp-bulk,2026-05-31 21:45:44.334183+00:00,3204759,BİLGİN SAMSUN DGKÇS PT2(Doğalgaz),294,2026-05-31T06:00:00+03:00,06:00
40W000003204759Z,BİLGİN SAMSUN DGKÇS PT2(Doğalgaz),unknown,2026-05-31 07:00:00+03:00,,0.0,chunk_0045.json,POST /v1/generation/data/dpp-bulk,2026-05-31 21:45:44.334183+00:00,3204759,BİLGİN SAMSUN DGKÇS PT2(Doğalgaz),294,2026-05-31T07:00:00+03:00,07:00
40W000003204759Z,BİLGİN SAMSUN DGKÇS PT2(Doğalgaz),unknown,2026-05-31 08:00:00+03:00,,0.0,chunk_0045.json,POST /v1/generation/data/dpp-bulk,2026-05-31 21:45:44.334183+00:00,3204759,BİLGİN SAMSUN DGKÇS PT2(Doğalgaz),294,2026-05-31T08:00:00+03:00,08:00
40W000003204759Z,BİLGİN SAMSUN DGKÇS PT2(Doğalgaz),unknown,2026-05-31 09:00:00+03:00,,0.0,chunk_0045.json,POST /v1/generation/data/dpp-bulk,2026-05-31 21:45:44.334183+00:00,3204759,BİLGİN SAMSUN DGKÇS PT2(Doğalgaz),294,2026-05-31T09:00:00+03:00,09:00
40W000003204759Z,BİLGİN SAMSUN DGKÇS PT2(Doğalgaz),unknown,2026-05-31 10:00:00+03:00,,0.0,chunk_0045.json,POST /v1/generation/data/dpp-bulk,2026-05-31 21:45:44.334183+00:00,3204759,BİLGİN SAMSUN DGKÇS PT2(Doğalgaz),294,2026-05-31T10:00:00+03:00,10:00
40W000003204759Z,BİLGİN SAMSUN DGKÇS PT2(Doğalgaz),unknown,2026-05-31 11:00:00+03:00,,0.0,chunk_0045.json,POST /v1/generation/data/dpp-bulk,2026-05-31 21:45:44.334183+00:00,3204759,BİLGİN SAMSUN DGKÇS PT2(Doğalgaz),294,2026-05-31T11:00:00+03:00,11:00
40W000003204759Z,BİLGİN SAMSUN DGKÇS PT2(Doğalgaz),unknown,2026-05-31 12:00:00+03:00,,0.0,chunk_0045.json,POST /v1/generation/data/dpp-bulk,2026-05-31 21:45:44.334183+00:00,3204759,BİLGİN SAMSUN DGKÇS PT2(Doğalgaz),294,2026-05-31T12:00:00+03:00,12:00
40W000003204759Z,BİLGİN SAMSUN DGKÇS PT2(Doğalgaz),unknown,2026-05-31 13:00:00+03:00,,0.0,chunk_0045.json,POST /v1/generation/data/dpp-bulk,2026-05-31 21:45:44.334183+00:00,3204759,BİLGİN SAMSUN DGKÇS PT2(Doğalgaz),294,2026-05-31T13:00:00+03:00,13:00
40W000003204759Z,BİLGİN SAMSUN DGKÇS PT2(Doğalgaz),unknown,2026-05-31 14:00:00+03:00,,0.0,chunk_0045.json,POST /v1/generation/data/dpp-bulk,2026-05-31 21:45:44.334183+00:00,3204759,BİLGİN SAMSUN DGKÇS PT2(Doğalgaz),294,2026-05-31T14:00:00+03:00,14:00
40W000003204759Z,BİLGİN SAMSUN DGKÇS PT2(Doğalgaz),unknown,2026-05-31 15:00:00+03:00,,0.0,chunk_0045.json,POST /v1/generation/data/dpp-bulk,2026-05-31 21:45:44.334183+00:00,3204759,BİLGİN SAMSUN DGKÇS PT2(Doğalgaz),294,2026-05-31T15:00:00+03:00,15:00
40W000003204759Z,BİLGİN SAMSUN DGKÇS PT2(Doğalgaz),unknown,2026-05-31 16:00:00+03:00,,0.0,chunk_0045.json,POST /v1/generation/data/dpp-bulk,2026-05-31 21:45:44.334183+00:00,3204759,BİLGİN SAMSUN DGKÇS PT2(Doğalgaz),294,2026-05-31T16:00:00+03:00,16:00
40W000003204759Z,BİLGİN SAMSUN DGKÇS PT2(Doğalgaz),unknown,2026-05-31 17:00:00+03:00,,0.0,chunk_0045.json,POST /v1/generation/data/dpp-bulk,2026-05-31 21:45:44.334183+00:00,3204759,BİLGİN SAMSUN DGKÇS PT2(Doğalgaz),294,2026-05-31T17:00:00+03:00,17:00
40W000003204759Z,BİLGİN SAMSUN DGKÇS PT2(Doğalgaz),unknown,2026-05-31 18:00:00+03:00,,0.0,chunk_0045.json,POST /v1/generation/data/dpp-bulk,2026-05-31 21:45:44.334183+00:00,3204759,BİLGİN SAMSUN DGKÇS PT2(Doğalgaz),294,2026-05-31T18:00:00+03:00,18:00
40W000003204759Z,BİLGİN SAMSUN DGKÇS PT2(Doğalgaz),unknown,2026-05-31 19:00:00+03:00,,0.0,chunk_0045.json,POST /v1/generation/data/dpp-bulk,2026-05-31 21:45:44.334183+00:00,3204759,BİLGİN SAMSUN DGKÇS PT2(Doğalgaz),294,2026-05-31T19:00:00+03:00,19:00
40W000003204759Z,BİLGİN SAMSUN DGKÇS PT2(Doğalgaz),unknown,2026-05-31 20:00:00+03:00,,0.0,chunk_0045.json,POST /v1/generation/data/dpp-bulk,2026-05-31 21:45:44.334183+00:00,3204759,BİLGİN SAMSUN DGKÇS PT2(Doğalgaz),294,2026-05-31T20:00:00+03:00,20:00
40W000003204759Z,BİLGİN SAMSUN DGKÇS PT2(Doğalgaz),unknown,2026-05-31 21:00:00+03:00,,0.0,chunk_0045.json,POST /v1/generation/data/dpp-bulk,2026-05-31 21:45:44.334183+00:00,3204759,BİLGİN SAMSUN DGKÇS PT2(Doğalgaz),294,2026-05-31T21:00:00+03:00,21:00
40W000003204759Z,BİLGİN SAMSUN DGKÇS PT2(Doğalgaz),unknown,2026-05-31 22:00:00+03:00,,0.0,chunk_0045.json,POST /v1/generation/data/dpp-bulk,2026-05-31 21:45:44.334183+00:00,3204759,BİLGİN SAMSUN DGKÇS PT2(Doğalgaz),294,2026-05-31T22:00:00+03:00,22:00
40W000003204759Z,BİLGİN SAMSUN DGKÇS PT2(Doğalgaz),unknown,2026-05-31 23:00:00+03:00,,0.0,chunk_0045.json,POST /v1/generation/data/dpp-bulk,2026-05-31 21:45:44.334183+00:00,3204759,BİLGİN SAMSUN DGKÇS PT2(Doğalgaz),294,2026-05-31T23:00:00+03:00,23:00
40W000003204712O,GÖNEN HES,unknown,2026-05-31 00:00:00+03:00,,0.0,chunk_0045.json,POST /v1/generation/data/dpp-bulk,2026-05-31 21:45:44.334183+00:00,3204712,GÖNEN HES,341,2026-05-31T00:00:00+03:00,00:00
40W000003204712O,GÖNEN HES,unknown,2026-05-31 01:00:00+03:00,,0.0,chunk_0045.json,POST /v1/generation/data/dpp-bulk,2026-05-31 21:45:44.334183+00:00,3204712,GÖNEN HES,341,2026-05-31T01:00:00+03:00,01:00
40W000003204712O,GÖNEN HES,unknown,2026-05-31 02:00:00+03:00,,0.0,chunk_0045.json,POST /v1/generation/data/dpp-bulk,2026-05-31 21:45:44.334183+00:00,3204712,GÖNEN HES,341,2026-05-31T02:00:00+03:00,02:00
40W000003204712O,GÖNEN HES,unknown,2026-05-31 03:00:00+03:00,,0.0,chunk_0045.json,POST /v1/generation/data/dpp-bulk,2026-05-31 21:45:44.334183+00:00,3204712,GÖNEN HES,341,2026-05-31T03:00:00+03:00,03:00
40W000003204712O,GÖNEN HES,unknown,2026-05-31 04:00:00+03:00,,0.0,chunk_0045.json,POST /v1/generation/data/dpp-bulk,2026-05-31 21:45:44.334183+00:00,3204712,GÖNEN HES,341,2026-05-31T04:00:00+03:00,04:00
40W000003204712O,GÖNEN HES,unknown,2026-05-31 05:00:00+03:00,,0.0,chunk_0045.json,POST /v1/generation/data/dpp-bulk,2026-05-31 21:45:44.334183+00:00,3204712,GÖNEN HES,341,2026-05-31T05:00:00+03:00,05:00
40W000003204712O,GÖNEN HES,unknown,2026-05-31 06:00:00+03:00,,0.0,chunk_0045.json,POST /v1/generation/data/dpp-bulk,2026-05-31 21:45:44.334183+00:00,3204712,GÖNEN HES,341,2026-05-31T06:00:00+03:00,06:00
40W000003204712O,GÖNEN HES,unknown,2026-05-31 07:00:00+03:00,,0.0,chunk_0045.json,POST /v1/generation/data/dpp-bulk,2026-05-31 21:45:44.334183+00:00,3204712,GÖNEN HES,341,2026-05-31T07:00:00+03:00,07:00
40W000003204712O,GÖNEN HES,unknown,2026-05-31 08:00:00+03:00,,0.0,chunk_0045.json,POST /v1/generation/data/dpp-bulk,2026-05-31 21:45:44.334183+00:00,3204712,GÖNEN HES,341,2026-05-31T08:00:00+03:00,08:00
40W000003204712O,GÖNEN HES,unknown,2026-05-31 09:00:00+03:00,,0.0,chunk_0045.json,POST /v1/generation/data/dpp-bulk,2026-05-31 21:45:44.334183+00:00,3204712,GÖNEN HES,341,2026-05-31T09:00:00+03:00,09:00
40W000003204712O,GÖNEN HES,unknown,2026-05-31 10:00:00+03:00,,0.0,chunk_0045.json,POST /v1/generation/data/dpp-bulk,2026-05-31 21:45:44.334183+00:00,3204712,GÖNEN HES,341,2026-05-31T10:00:00+03:00,10:00
40W000003204712O,GÖNEN HES,unknown,2026-05-31 11:00:00+03:00,,0.0,chunk_0045.json,POST /v1/generation/data/dpp-bulk,2026-05-31 21:45:44.334183+00:00,3204712,GÖNEN HES,341,2026-05-31T11:00:00+03:00,11:00
40W000003204712O,GÖNEN HES,unknown,2026-05-31 12:00:00+03:00,,0.0,chunk_0045.json,POST /v1/generation/data/dpp-bulk,2026-05-31 21:45:44.334183+00:00,3204712,GÖNEN HES,341,2026-05-31T12:00:00+03:00,12:00
40W000003204712O,GÖNEN HES,unknown,2026-05-31 13:00:00+03:00,,0.0,chunk_0045.json,POST /v1/generation/data/dpp-bulk,2026-05-31 21:45:44.334183+00:00,3204712,GÖNEN HES,341,2026-05-31T13:00:00+03:00,13:00
40W000003204712O,GÖNEN HES,unknown,2026-05-31 14:00:00+03:00,,0.0,chunk_0045.json,POST /v1/generation/data/dpp-bulk,2026-05-31 21:45:44.334183+00:00,3204712,GÖNEN HES,341,2026-05-31T14:00:00+03:00,14:00
40W000003204712O,GÖNEN HES,unknown,2026-05-31 15:00:00+03:00,,0.0,chunk_0045.json,POST /v1/generation/data/dpp-bulk,2026-05-31 21:45:44.334183+00:00,3204712,GÖNEN HES,341,2026-05-31T15:00:00+03:00,15:00
40W000003204712O,GÖNEN HES,unknown,2026-05-31 16:00:00+03:00,,0.0,chunk_0045.json,POST /v1/generation/data/dpp-bulk,2026-05-31 21:45:44.334183+00:00,3204712,GÖNEN HES,341,2026-05-31T16:00:00+03:00,16:00
40W000003204712O,GÖNEN HES,unknown,2026-05-31 17:00:00+03:00,,0.0,chunk_0045.json,POST /v1/generation/data/dpp-bulk,2026-05-31 21:45:44.334183+00:00,3204712,GÖNEN HES,341,2026-05-31T17:00:00+03:00,17:00
40W000003204712O,GÖNEN HES,unknown,2026-05-31 18:00:00+03:00,,0.0,chunk_0045.json,POST /v1/generation/data/dpp-bulk,2026-05-31 21:45:44.334183+00:00,3204712,GÖNEN HES,341,2026-05-31T18:00:00+03:00,18:00
40W000003204712O,GÖNEN HES,unknown,2026-05-31 19:00:00+03:00,,7.5,chunk_0045.json,POST /v1/generation/data/dpp-bulk,2026-05-31 21:45:44.334183+00:00,3204712,GÖNEN HES,341,2026-05-31T19:00:00+03:00,19:00
40W000003204712O,GÖNEN HES,unknown,2026-05-31 20:00:00+03:00,,7.5,chunk_0045.json,POST /v1/generation/data/dpp-bulk,2026-05-31 21:45:44.334183+00:00,3204712,GÖNEN HES,341,2026-05-31T20:00:00+03:00,20:00
40W000003204712O,GÖNEN HES,unknown,2026-05-31 21:00:00+03:00,,7.5,chunk_0045.json,POST /v1/generation/data/dpp-bulk,2026-05-31 21:45:44.334183+00:00,3204712,GÖNEN HES,341,2026-05-31T21:00:00+03:00,21:00
40W000003204712O,GÖNEN HES,unknown,2026-05-31 22:00:00+03:00,,7.5,chunk_0045.json,POST /v1/generation/data/dpp-bulk,2026-05-31 21:45:44.334183+00:00,3204712,GÖNEN HES,341,2026-05-31T22:00:00+03:00,22:00
40W000003204712O,GÖNEN HES,unknown,2026-05-31 23:00:00+03:00,,7.5,chunk_0045.json,POST /v1/generation/data/dpp-bulk,2026-05-31 21:45:44.334183+00:00,3204712,GÖNEN HES,341,2026-05-31T23:00:00+03:00,23:00
40W000003204688W,K3_YEKDEM_LÜY_MERAM_RÜZGAR,unknown,2026-05-31 00:00:00+03:00,,0.0,chunk_0045.json,POST /v1/generation/data/dpp-bulk,2026-05-31 21:45:44.334183+00:00,3204688,K3_YEKDEM_LÜY_MERAM_RÜZGAR,10939,2026-05-31T00:00:00+03:00,00:00
40W000003204688W,K3_YEKDEM_LÜY_MERAM_RÜZGAR,unknown,2026-05-31 01:00:00+03:00,,0.0,chunk_0045.json,POST /v1/generation/data/dpp-bulk,2026-05-31 21:45:44.334183+00:00,3204688,K3_YEKDEM_LÜY_MERAM_RÜZGAR,10939,2026-05-31T01:00:00+03:00,01:00
40W000003204688W,K3_YEKDEM_LÜY_MERAM_RÜZGAR,unknown,2026-05-31 02:00:00+03:00,,0.0,chunk_0045.json,POST /v1/generation/data/dpp-bulk,2026-05-31 21:45:44.334183+00:00,3204688,K3_YEKDEM_LÜY_MERAM_RÜZGAR,10939,2026-05-31T02:00:00+03:00,02:00
40W000003204688W,K3_YEKDEM_LÜY_MERAM_RÜZGAR,unknown,2026-05-31 03:00:00+03:00,,0.0,chunk_0045.json,POST /v1/generation/data/dpp-bulk,2026-05-31 21:45:44.334183+00:00,3204688,K3_YEKDEM_LÜY_MERAM_RÜZGAR,10939,2026-05-31T03:00:00+03:00,03:00
40W000003204688W,K3_YEKDEM_LÜY_MERAM_RÜZGAR,unknown,2026-05-31 04:00:00+03:00,,0.0,chunk_0045.json,POST /v1/generation/data/dpp-bulk,2026-05-31 21:45:44.334183+00:00,3204688,K3_YEKDEM_LÜY_MERAM_RÜZGAR,10939,2026-05-31T04:00:00+03:00,04:00
40W000003204688W,K3_YEKDEM_LÜY_MERAM_RÜZGAR,unknown,2026-05-31 05:00:00+03:00,,0.0,chunk_0045.json,POST /v1/generation/data/dpp-bulk,2026-05-31 21:45:44.334183+00:00,3204688,K3_YEKDEM_LÜY_MERAM_RÜZGAR,10939,2026-05-31T05:00:00+03:00,05:00
40W000003204688W,K3_YEKDEM_LÜY_MERAM_RÜZGAR,unknown,2026-05-31 06:00:00+03:00,,0.0,chunk_0045.json,POST /v1/generation/data/dpp-bulk,2026-05-31 21:45:44.334183+00:00,3204688,K3_YEKDEM_LÜY_MERAM_RÜZGAR,10939,2026-05-31T06:00:00+03:00,06:00
40W000003204688W,K3_YEKDEM_LÜY_MERAM_RÜZGAR,unknown,2026-05-31 07:00:00+03:00,,0.0,chunk_0045.json,POST /v1/generation/data/dpp-bulk,2026-05-31 21:45:44.334183+00:00,3204688,K3_YEKDEM_LÜY_MERAM_RÜZGAR,10939,2026-05-31T07:00:00+03:00,07:00
40W000003204688W,K3_YEKDEM_LÜY_MERAM_RÜZGAR,unknown,2026-05-31 08:00:00+03:00,,0.0,chunk_0045.json,POST /v1/generation/data/dpp-bulk,2026-05-31 21:45:44.334183+00:00,3204688,K3_YEKDEM_LÜY_MERAM_RÜZGAR,10939,2026-05-31T08:00:00+03:00,08:00
40W000003204688W,K3_YEKDEM_LÜY_MERAM_RÜZGAR,unknown,2026-05-31 09:00:00+03:00,,0.0,chunk_0045.json,POST /v1/generation/data/dpp-bulk,2026-05-31 21:45:44.334183+00:00,3204688,K3_YEKDEM_LÜY_MERAM_RÜZGAR,10939,2026-05-31T09:00:00+03:00,09:00
40W000003204688W,K3_YEKDEM_LÜY_MERAM_RÜZGAR,unknown,2026-05-31 10:00:00+03:00,,0.0,chunk_0045.json,POST /v1/generation/data/dpp-bulk,2026-05-31 21:45:44.334183+00:00,3204688,K3_YEKDEM_LÜY_MERAM_RÜZGAR,10939,2026-05-31T10:00:00+03:00,10:00
40W000003204688W,K3_YEKDEM_LÜY_MERAM_RÜZGAR,unknown,2026-05-31 11:00:00+03:00,,0.0,chunk_0045.json,POST /v1/generation/data/dpp-bulk,2026-05-31 21:45:44.334183+00:00,3204688,K3_YEKDEM_LÜY_MERAM_RÜZGAR,10939,2026-05-31T11:00:00+03:00,11:00
40W000003204688W,K3_YEKDEM_LÜY_MERAM_RÜZGAR,unknown,2026-05-31 12:00:00+03:00,,0.0,chunk_0045.json,POST /v1/generation/data/dpp-bulk,2026-05-31 21:45:44.334183+00:00,3204688,K3_YEKDEM_LÜY_MERAM_RÜZGAR,10939,2026-05-31T12:00:00+03:00,12:00
40W000003204688W,K3_YEKDEM_LÜY_MERAM_RÜZGAR,unknown,2026-05-31 13:00:00+03:00,,0.0,chunk_0045.json,POST /v1/generation/data/dpp-bulk,2026-05-31 21:45:44.334183+00:00,3204688,K3_YEKDEM_LÜY_MERAM_RÜZGAR,10939,2026-05-31T13:00:00+03:00,13:00
40W000003204688W,K3_YEKDEM_LÜY_MERAM_RÜZGAR,unknown,2026-05-31 14:00:00+03:00,,0.0,chunk_0045.json,POST /v1/generation/data/dpp-bulk,2026-05-31 21:45:44.334183+00:00,3204688,K3_YEKDEM_LÜY_MERAM_RÜZGAR,10939,2026-05-31T14:00:00+03:00,14:00
40W000003204688W,K3_YEKDEM_LÜY_MERAM_RÜZGAR,unknown,2026-05-31 15:00:00+03:00,,0.0,chunk_0045.json,POST /v1/generation/data/dpp-bulk,2026-05-31 21:45:44.334183+00:00,3204688,K3_YEKDEM_LÜY_MERAM_RÜZGAR,10939,2026-05-31T15:00:00+03:00,15:00
40W000003204688W,K3_YEKDEM_LÜY_MERAM_RÜZGAR,unknown,2026-05-31 16:00:00+03:00,,0.0,chunk_0045.json,POST /v1/generation/data/dpp-bulk,2026-05-31 21:45:44.334183+00:00,3204688,K3_YEKDEM_LÜY_MERAM_RÜZGAR,10939,2026-05-31T16:00:00+03:00,16:00
40W000003204688W,K3_YEKDEM_LÜY_MERAM_RÜZGAR,unknown,2026-05-31 17:00:00+03:00,,0.0,chunk_0045.json,POST /v1/generation/data/dpp-bulk,2026-05-31 21:45:44.334183+00:00,3204688,K3_YEKDEM_LÜY_MERAM_RÜZGAR,10939,2026-05-31T17:00:00+03:00,17:00
40W000003204688W,K3_YEKDEM_LÜY_MERAM_RÜZGAR,unknown,2026-05-31 18:00:00+03:00,,0.0,chunk_0045.json,POST /v1/generation/data/dpp-bulk,2026-05-31 21:45:44.334183+00:00,3204688,K3_YEKDEM_LÜY_MERAM_RÜZGAR,10939,2026-05-31T18:00:00+03:00,18:00
40W000003204688W,K3_YEKDEM_LÜY_MERAM_RÜZGAR,unknown,2026-05-31 19:00:00+03:00,,0.0,chunk_0045.json,POST /v1/generation/data/dpp-bulk,2026-05-31 21:45:44.334183+00:00,3204688,K3_YEKDEM_LÜY_MERAM_RÜZGAR,10939,2026-05-31T19:00:00+03:00,19:00
40W000003204688W,K3_YEKDEM_LÜY_MERAM_RÜZGAR,unknown,2026-05-31 20:00:00+03:00,,0.0,chunk_0045.json,POST /v1/generation/data/dpp-bulk,2026-05-31 21:45:44.334183+00:00,3204688,K3_YEKDEM_LÜY_MERAM_RÜZGAR,10939,2026-05-31T20:00:00+03:00,20:00
40W000003204688W,K3_YEKDEM_LÜY_MERAM_RÜZGAR,unknown,2026-05-31 21:00:00+03:00,,0.0,chunk_0045.json,POST /v1/generation/data/dpp-bulk,2026-05-31 21:45:44.334183+00:00,3204688,K3_YEKDEM_LÜY_MERAM_RÜZGAR,10939,2026-05-31T21:00:00+03:00,21:00
40W000003204688W,K3_YEKDEM_LÜY_MERAM_RÜZGAR,unknown,2026-05-31 22:00:00+03:00,,0.0,chunk_0045.json,POST /v1/generation/data/dpp-bulk,2026-05-31 21:45:44.334183+00:00,3204688,K3_YEKDEM_LÜY_MERAM_RÜZGAR,10939,2026-05-31T22:00:00+03:00,22:00
40W000003204688W,K3_YEKDEM_LÜY_MERAM_RÜZGAR,unknown,2026-05-31 23:00:00+03:00,,0.0,chunk_0045.json,POST /v1/generation/data/dpp-bulk,2026-05-31 21:45:44.334183+00:00,3204688,K3_YEKDEM_LÜY_MERAM_RÜZGAR,10939,2026-05-31T23:00:00+03:00,23:00
40W0000032046746,ADATEPE BARAJI VE HES,unknown,2026-05-31 00:00:00+03:00,,4.0,chunk_0045.json,POST /v1/generation/data/dpp-bulk,2026-05-31 21:45:44.334183+00:00,3204674,ADATEPE BARAJI VE HES,11775,2026-05-31T00:00:00+03:00,00:00
40W0000032046746,ADATEPE BARAJI VE HES,unknown,2026-05-31 01:00:00+03:00,,4.0,chunk_0045.json,POST /v1/generation/data/dpp-bulk,2026-05-31 21:45:44.334183+00:00,3204674,ADATEPE BARAJI VE HES,11775,2026-05-31T01:00:00+03:00,01:00
40W0000032046746,ADATEPE BARAJI VE HES,unknown,2026-05-31 02:00:00+03:00,,4.0,chunk_0045.json,POST /v1/generation/data/dpp-bulk,2026-05-31 21:45:44.334183+00:00,3204674,ADATEPE BARAJI VE HES,11775,2026-05-31T02:00:00+03:00,02:00
40W0000032046746,ADATEPE BARAJI VE HES,unknown,2026-05-31 03:00:00+03:00,,4.0,chunk_0045.json,POST /v1/generation/data/dpp-bulk,2026-05-31 21:45:44.334183+00:00,3204674,ADATEPE BARAJI VE HES,11775,2026-05-31T03:00:00+03:00,03:00
40W0000032046746,ADATEPE BARAJI VE HES,unknown,2026-05-31 04:00:00+03:00,,4.0,chunk_0045.json,POST /v1/generation/data/dpp-bulk,2026-05-31 21:45:44.334183+00:00,3204674,ADATEPE BARAJI VE HES,11775,2026-05-31T04:00:00+03:00,04:00
40W0000032046746,ADATEPE BARAJI VE HES,unknown,2026-05-31 05:00:00+03:00,,4.0,chunk_0045.json,POST /v1/generation/data/dpp-bulk,2026-05-31 21:45:44.334183+00:00,3204674,ADATEPE BARAJI VE HES,11775,2026-05-31T05:00:00+03:00,05:00
40W0000032046746,ADATEPE BARAJI VE HES,unknown,2026-05-31 06:00:00+03:00,,4.0,chunk_0045.json,POST /v1/generation/data/dpp-bulk,2026-05-31 21:45:44.334183+00:00,3204674,ADATEPE BARAJI VE HES,11775,2026-05-31T06:00:00+03:00,06:00
40W0000032046746,ADATEPE BARAJI VE HES,unknown,2026-05-31 07:00:00+03:00,,4.0,chunk_0045.json,POST /v1/generation/data/dpp-bulk,2026-05-31 21:45:44.334183+00:00,3204674,ADATEPE BARAJI VE HES,11775,2026-05-31T07:00:00+03:00,07:00
40W0000032046746,ADATEPE BARAJI VE HES,unknown,2026-05-31 08:00:00+03:00,,4.0,chunk_0045.json,POST /v1/generation/data/dpp-bulk,2026-05-31 21:45:44.334183+00:00,3204674,ADATEPE BARAJI VE HES,11775,2026-05-31T08:00:00+03:00,08:00
40W0000032046746,ADATEPE BARAJI VE HES,unknown,2026-05-31 09:00:00+03:00,,4.0,chunk_0045.json,POST /v1/generation/data/dpp-bulk,2026-05-31 21:45:44.334183+00:00,3204674,ADATEPE BARAJI VE HES,11775,2026-05-31T09:00:00+03:00,09:00
40W0000032046746,ADATEPE BARAJI VE HES,unknown,2026-05-31 10:00:00+03:00,,4.0,chunk_0045.json,POST /v1/generation/data/dpp-bulk,2026-05-31 21:45:44.334183+00:00,3204674,ADATEPE BARAJI VE HES,11775,2026-05-31T10:00:00+03:00,10:00
40W0000032046746,ADATEPE BARAJI VE HES,unknown,2026-05-31 11:00:00+03:00,,4.0,chunk_0045.json,POST /v1/generation/data/dpp-bulk,2026-05-31 21:45:44.334183+00:00,3204674,ADATEPE BARAJI VE HES,11775,2026-05-31T11:00:00+03:00,11:00
40W0000032046746,ADATEPE BARAJI VE HES,unknown,2026-05-31 12:00:00+03:00,,4.0,chunk_0045.json,POST /v1/generation/data/dpp-bulk,2026-05-31 21:45:44.334183+00:00,3204674,ADATEPE BARAJI VE HES,11775,2026-05-31T12:00:00+03:00,12:00
40W0000032046746,ADATEPE BARAJI VE HES,unknown,2026-05-31 13:00:00+03:00,,4.0,chunk_0045.json,POST /v1/generation/data/dpp-bulk,2026-05-31 21:45:44.334183+00:00,3204674,ADATEPE BARAJI VE HES,11775,2026-05-31T13:00:00+03:00,13:00
40W0000032046746,ADATEPE BARAJI VE HES,unknown,2026-05-31 14:00:00+03:00,,4.0,chunk_0045.json,POST /v1/generation/data/dpp-bulk,2026-05-31 21:45:44.334183+00:00,3204674,ADATEPE BARAJI VE HES,11775,2026-05-31T14:00:00+03:00,14:00
40W0000032046746,ADATEPE BARAJI VE HES,unknown,2026-05-31 15:00:00+03:00,,4.0,chunk_0045.json,POST /v1/generation/data/dpp-bulk,2026-05-31 21:45:44.334183+00:00,3204674,ADATEPE BARAJI VE HES,11775,2026-05-31T15:00:00+03:00,15:00
40W0000032046746,ADATEPE BARAJI VE HES,unknown,2026-05-31 16:00:00+03:00,,4.0,chunk_0045.json,POST /v1/generation/data/dpp-bulk,2026-05-31 21:45:44.334183+00:00,3204674,ADATEPE BARAJI VE HES,11775,2026-05-31T16:00:00+03:00,16:00
40W0000032046746,ADATEPE BARAJI VE HES,unknown,2026-05-31 17:00:00+03:00,,4.0,chunk_0045.json,POST /v1/generation/data/dpp-bulk,2026-05-31 21:45:44.334183+00:00,3204674,ADATEPE BARAJI VE HES,11775,2026-05-31T17:00:00+03:00,17:00
40W0000032046746,ADATEPE BARAJI VE HES,unknown,2026-05-31 18:00:00+03:00,,4.0,chunk_0045.json,POST /v1/generation/data/dpp-bulk,2026-05-31 21:45:44.334183+00:00,3204674,ADATEPE BARAJI VE HES,11775,2026-05-31T18:00:00+03:00,18:00
40W0000032046746,ADATEPE BARAJI VE HES,unknown,2026-05-31 19:00:00+03:00,,4.0,chunk_0045.json,POST /v1/generation/data/dpp-bulk,2026-05-31 21:45:44.334183+00:00,3204674,ADATEPE BARAJI VE HES,11775,2026-05-31T19:00:00+03:00,19:00
40W0000032046746,ADATEPE BARAJI VE HES,unknown,2026-05-31 20:00:00+03:00,,4.0,chunk_0045.json,POST /v1/generation/data/dpp-bulk,2026-05-31 21:45:44.334183+00:00,3204674,ADATEPE BARAJI VE HES,11775,2026-05-31T20:00:00+03:00,20:00
40W0000032046746,ADATEPE BARAJI VE HES,unknown,2026-05-31 21:00:00+03:00,,4.0,chunk_0045.json,POST /v1/generation/data/dpp-bulk,2026-05-31 21:45:44.334183+00:00,3204674,ADATEPE BARAJI VE HES,11775,2026-05-31T21:00:00+03:00,21:00
40W0000032046746,ADATEPE BARAJI VE HES,unknown,2026-05-31 22:00:00+03:00,,4.0,chunk_0045.json,POST /v1/generation/data/dpp-bulk,2026-05-31 21:45:44.334183+00:00,3204674,ADATEPE BARAJI VE HES,11775,2026-05-31T22:00:00+03:00,22:00
40W0000032046746,ADATEPE BARAJI VE HES,unknown,2026-05-31 23:00:00+03:00,,4.0,chunk_0045.json,POST /v1/generation/data/dpp-bulk,2026-05-31 21:45:44.334183+00:00,3204674,ADATEPE BARAJI VE HES,11775,2026-05-31T23:00:00+03:00,23:00
40W000003204670E,AKSARAY YAPILCAN BES,unknown,2026-05-31 00:00:00+03:00,,0.0,chunk_0045.json,POST /v1/generation/data/dpp-bulk,2026-05-31 21:45:44.334183+00:00,3204670,AKSARAY YAPILCAN BES,11776,2026-05-31T00:00:00+03:00,00:00
40W000003204670E,AKSARAY YAPILCAN BES,unknown,2026-05-31 01:00:00+03:00,,0.0,chunk_0045.json,POST /v1/generation/data/dpp-bulk,2026-05-31 21:45:44.334183+00:00,3204670,AKSARAY YAPILCAN BES,11776,2026-05-31T01:00:00+03:00,01:00
40W000003204670E,AKSARAY YAPILCAN BES,unknown,2026-05-31 02:00:00+03:00,,0.0,chunk_0045.json,POST /v1/generation/data/dpp-bulk,2026-05-31 21:45:44.334183+00:00,3204670,AKSARAY YAPILCAN BES,11776,2026-05-31T02:00:00+03:00,02:00
40W000003204670E,AKSARAY YAPILCAN BES,unknown,2026-05-31 03:00:00+03:00,,0.0,chunk_0045.json,POST /v1/generation/data/dpp-bulk,2026-05-31 21:45:44.334183+00:00,3204670,AKSARAY YAPILCAN BES,11776,2026-05-31T03:00:00+03:00,03:00
40W000003204670E,AKSARAY YAPILCAN BES,unknown,2026-05-31 04:00:00+03:00,,0.0,chunk_0045.json,POST /v1/generation/data/dpp-bulk,2026-05-31 21:45:44.334183+00:00,3204670,AKSARAY YAPILCAN BES,11776,2026-05-31T04:00:00+03:00,04:00
40W000003204670E,AKSARAY YAPILCAN BES,unknown,2026-05-31 05:00:00+03:00,,0.0,chunk_0045.json,POST /v1/generation/data/dpp-bulk,2026-05-31 21:45:44.334183+00:00,3204670,AKSARAY YAPILCAN BES,11776,2026-05-31T05:00:00+03:00,05:00
40W000003204670E,AKSARAY YAPILCAN BES,unknown,2026-05-31 06:00:00+03:00,,0.1,chunk_0045.json,POST /v1/generation/data/dpp-bulk,2026-05-31 21:45:44.334183+00:00,3204670,AKSARAY YAPILCAN BES,11776,2026-05-31T06:00:00+03:00,06:00
40W000003204670E,AKSARAY YAPILCAN BES,unknown,2026-05-31 07:00:00+03:00,,0.3,chunk_0045.json,POST /v1/generation/data/dpp-bulk,2026-05-31 21:45:44.334183+00:00,3204670,AKSARAY YAPILCAN BES,11776,2026-05-31T07:00:00+03:00,07:00
40W000003204670E,AKSARAY YAPILCAN BES,unknown,2026-05-31 08:00:00+03:00,,0.8,chunk_0045.json,POST /v1/generation/data/dpp-bulk,2026-05-31 21:45:44.334183+00:00,3204670,AKSARAY YAPILCAN BES,11776,2026-05-31T08:00:00+03:00,08:00
40W000003204670E,AKSARAY YAPILCAN BES,unknown,2026-05-31 09:00:00+03:00,,1.0,chunk_0045.json,POST /v1/generation/data/dpp-bulk,2026-05-31 21:45:44.334183+00:00,3204670,AKSARAY YAPILCAN BES,11776,2026-05-31T09:00:00+03:00,09:00
40W000003204670E,AKSARAY YAPILCAN BES,unknown,2026-05-31 10:00:00+03:00,,1.1,chunk_0045.json,POST /v1/generation/data/dpp-bulk,2026-05-31 21:45:44.334183+00:00,3204670,AKSARAY YAPILCAN BES,11776,2026-05-31T10:00:00+03:00,10:00
40W000003204670E,AKSARAY YAPILCAN BES,unknown,2026-05-31 11:00:00+03:00,,1.1,chunk_0045.json,POST /v1/generation/data/dpp-bulk,2026-05-31 21:45:44.334183+00:00,3204670,AKSARAY YAPILCAN BES,11776,2026-05-31T11:00:00+03:00,11:00
40W000003204670E,AKSARAY YAPILCAN BES,unknown,2026-05-31 12:00:00+03:00,,1.1,chunk_0045.json,POST /v1/generation/data/dpp-bulk,2026-05-31 21:45:44.334183+00:00,3204670,AKSARAY YAPILCAN BES,11776,2026-05-31T12:00:00+03:00,12:00
40W000003204670E,AKSARAY YAPILCAN BES,unknown,2026-05-31 13:00:00+03:00,,1.1,chunk_0045.json,POST /v1/generation/data/dpp-bulk,2026-05-31 21:45:44.334183+00:00,3204670,AKSARAY YAPILCAN BES,11776,2026-05-31T13:00:00+03:00,13:00
40W000003204670E,AKSARAY YAPILCAN BES,unknown,2026-05-31 14:00:00+03:00,,1.1,chunk_0045.json,POST /v1/generation/data/dpp-bulk,2026-05-31 21:45:44.334183+00:00,3204670,AKSARAY YAPILCAN BES,11776,2026-05-31T14:00:00+03:00,14:00
40W000003204670E,AKSARAY YAPILCAN BES,unknown,2026-05-31 15:00:00+03:00,,1.1,chunk_0045.json,POST /v1/generation/data/dpp-bulk,2026-05-31 21:45:44.334183+00:00,3204670,AKSARAY YAPILCAN BES,11776,2026-05-31T15:00:00+03:00,15:00
40W000003204670E,AKSARAY YAPILCAN BES,unknown,2026-05-31 16:00:00+03:00,,1.0,chunk_0045.json,POST /v1/generation/data/dpp-bulk,2026-05-31 21:45:44.334183+00:00,3204670,AKSARAY YAPILCAN BES,11776,2026-05-31T16:00:00+03:00,16:00
40W000003204670E,AKSARAY YAPILCAN BES,unknown,2026-05-31 17:00:00+03:00,,0.5,chunk_0045.json,POST /v1/generation/data/dpp-bulk,2026-05-31 21:45:44.334183+00:00,3204670,AKSARAY YAPILCAN BES,11776,2026-05-31T17:00:00+03:00,17:00
40W000003204670E,AKSARAY YAPILCAN BES,unknown,2026-05-31 18:00:00+03:00,,0.1,chunk_0045.json,POST /v1/generation/data/dpp-bulk,2026-05-31 21:45:44.334183+00:00,3204670,AKSARAY YAPILCAN BES,11776,2026-05-31T18:00:00+03:00,18:00
40W000003204670E,AKSARAY YAPILCAN BES,unknown,2026-05-31 19:00:00+03:00,,0.0,chunk_0045.json,POST /v1/generation/data/dpp-bulk,2026-05-31 21:45:44.334183+00:00,3204670,AKSARAY YAPILCAN BES,11776,2026-05-31T19:00:00+03:00,19:00
40W000003204670E,AKSARAY YAPILCAN BES,unknown,2026-05-31 20:00:00+03:00,,0.0,chunk_0045.json,POST /v1/generation/data/dpp-bulk,2026-05-31 21:45:44.334183+00:00,3204670,AKSARAY YAPILCAN BES,11776,2026-05-31T20:00:00+03:00,20:00
40W000003204670E,AKSARAY YAPILCAN BES,unknown,2026-05-31 21:00:00+03:00,,0.0,chunk_0045.json,POST /v1/generation/data/dpp-bulk,2026-05-31 21:45:44.334183+00:00,3204670,AKSARAY YAPILCAN BES,11776,2026-05-31T21:00:00+03:00,21:00
40W000003204670E,AKSARAY YAPILCAN BES,unknown,2026-05-31 22:00:00+03:00,,0.0,chunk_0045.json,POST /v1/generation/data/dpp-bulk,2026-05-31 21:45:44.334183+00:00,3204670,AKSARAY YAPILCAN BES,11776,2026-05-31T22:00:00+03:00,22:00
40W000003204670E,AKSARAY YAPILCAN BES,unknown,2026-05-31 23:00:00+03:00,,0.0,chunk_0045.json,POST /v1/generation/data/dpp-bulk,2026-05-31 21:45:44.334183+00:00,3204670,AKSARAY YAPILCAN BES,11776,2026-05-31T23:00:00+03:00,23:00
40W000003204679X,OĞUZELİ BES,unknown,2026-05-31 00:00:00+03:00,,0.0,chunk_0045.json,POST /v1/generation/data/dpp-bulk,2026-05-31 21:45:44.334183+00:00,3204679,OĞUZELİ BES,11778,2026-05-31T00:00:00+03:00,00:00
40W000003204679X,OĞUZELİ BES,unknown,2026-05-31 01:00:00+03:00,,0.0,chunk_0045.json,POST /v1/generation/data/dpp-bulk,2026-05-31 21:45:44.334183+00:00,3204679,OĞUZELİ BES,11778,2026-05-31T01:00:00+03:00,01:00
40W000003204679X,OĞUZELİ BES,unknown,2026-05-31 02:00:00+03:00,,0.0,chunk_0045.json,POST /v1/generation/data/dpp-bulk,2026-05-31 21:45:44.334183+00:00,3204679,OĞUZELİ BES,11778,2026-05-31T02:00:00+03:00,02:00
40W000003204679X,OĞUZELİ BES,unknown,2026-05-31 03:00:00+03:00,,0.0,chunk_0045.json,POST /v1/generation/data/dpp-bulk,2026-05-31 21:45:44.334183+00:00,3204679,OĞUZELİ BES,11778,2026-05-31T03:00:00+03:00,03:00
40W000003204679X,OĞUZELİ BES,unknown,2026-05-31 04:00:00+03:00,,0.0,chunk_0045.json,POST /v1/generation/data/dpp-bulk,2026-05-31 21:45:44.334183+00:00,3204679,OĞUZELİ BES,11778,2026-05-31T04:00:00+03:00,04:00
40W000003204679X,OĞUZELİ BES,unknown,2026-05-31 05:00:00+03:00,,0.0,chunk_0045.json,POST /v1/generation/data/dpp-bulk,2026-05-31 21:45:44.334183+00:00,3204679,OĞUZELİ BES,11778,2026-05-31T05:00:00+03:00,05:00
40W000003204679X,OĞUZELİ BES,unknown,2026-05-31 06:00:00+03:00,,0.0,chunk_0045.json,POST /v1/generation/data/dpp-bulk,2026-05-31 21:45:44.334183+00:00,3204679,OĞUZELİ BES,11778,2026-05-31T06:00:00+03:00,06:00
40W000003204679X,OĞUZELİ BES,unknown,2026-05-31 07:00:00+03:00,,0.0,chunk_0045.json,POST /v1/generation/data/dpp-bulk,2026-05-31 21:45:44.334183+00:00,3204679,OĞUZELİ BES,11778,2026-05-31T07:00:00+03:00,07:00
40W000003204679X,OĞUZELİ BES,unknown,2026-05-31 08:00:00+03:00,,0.0,chunk_0045.json,POST /v1/generation/data/dpp-bulk,2026-05-31 21:45:44.334183+00:00,3204679,OĞUZELİ BES,11778,2026-05-31T08:00:00+03:00,08:00
40W000003204679X,OĞUZELİ BES,unknown,2026-05-31 09:00:00+03:00,,0.0,chunk_0045.json,POST /v1/generation/data/dpp-bulk,2026-05-31 21:45:44.334183+00:00,3204679,OĞUZELİ BES,11778,2026-05-31T09:00:00+03:00,09:00
40W000003204679X,OĞUZELİ BES,unknown,2026-05-31 10:00:00+03:00,,0.0,chunk_0045.json,POST /v1/generation/data/dpp-bulk,2026-05-31 21:45:44.334183+00:00,3204679,OĞUZELİ BES,11778,2026-05-31T10:00:00+03:00,10:00
40W000003204679X,OĞUZELİ BES,unknown,2026-05-31 11:00:00+03:00,,0.0,chunk_0045.json,POST /v1/generation/data/dpp-bulk,2026-05-31 21:45:44.334183+00:00,3204679,OĞUZELİ BES,11778,2026-05-31T11:00:00+03:00,11:00
40W000003204679X,OĞUZELİ BES,unknown,2026-05-31 12:00:00+03:00,,0.0,chunk_0045.json,POST /v1/generation/data/dpp-bulk,2026-05-31 21:45:44.334183+00:00,3204679,OĞUZELİ BES,11778,2026-05-31T12:00:00+03:00,12:00
40W000003204679X,OĞUZELİ BES,unknown,2026-05-31 13:00:00+03:00,,0.0,chunk_0045.json,POST /v1/generation/data/dpp-bulk,2026-05-31 21:45:44.334183+00:00,3204679,OĞUZELİ BES,11778,2026-05-31T13:00:00+03:00,13:00
40W000003204679X,OĞUZELİ BES,unknown,2026-05-31 14:00:00+03:00,,0.0,chunk_0045.json,POST /v1/generation/data/dpp-bulk,2026-05-31 21:45:44.334183+00:00,3204679,OĞUZELİ BES,11778,2026-05-31T14:00:00+03:00,14:00
40W000003204679X,OĞUZELİ BES,unknown,2026-05-31 15:00:00+03:00,,0.0,chunk_0045.json,POST /v1/generation/data/dpp-bulk,2026-05-31 21:45:44.334183+00:00,3204679,OĞUZELİ BES,11778,2026-05-31T15:00:00+03:00,15:00
40W000003204679X,OĞUZELİ BES,unknown,2026-05-31 16:00:00+03:00,,0.0,chunk_0045.json,POST /v1/generation/data/dpp-bulk,2026-05-31 21:45:44.334183+00:00,3204679,OĞUZELİ BES,11778,2026-05-31T16:00:00+03:00,16:00
40W000003204679X,OĞUZELİ BES,unknown,2026-05-31 17:00:00+03:00,,0.0,chunk_0045.json,POST /v1/generation/data/dpp-bulk,2026-05-31 21:45:44.334183+00:00,3204679,OĞUZELİ BES,11778,2026-05-31T17:00:00+03:00,17:00
40W000003204679X,OĞUZELİ BES,unknown,2026-05-31 18:00:00+03:00,,0.0,chunk_0045.json,POST /v1/generation/data/dpp-bulk,2026-05-31 21:45:44.334183+00:00,3204679,OĞUZELİ BES,11778,2026-05-31T18:00:00+03:00,18:00
40W000003204679X,OĞUZELİ BES,unknown,2026-05-31 19:00:00+03:00,,0.0,chunk_0045.json,POST /v1/generation/data/dpp-bulk,2026-05-31 21:45:44.334183+00:00,3204679,OĞUZELİ BES,11778,2026-05-31T19:00:00+03:00,19:00
40W000003204679X,OĞUZELİ BES,unknown,2026-05-31 20:00:00+03:00,,0.0,chunk_0045.json,POST /v1/generation/data/dpp-bulk,2026-05-31 21:45:44.334183+00:00,3204679,OĞUZELİ BES,11778,2026-05-31T20:00:00+03:00,20:00
40W000003204679X,OĞUZELİ BES,unknown,2026-05-31 21:00:00+03:00,,0.0,chunk_0045.json,POST /v1/generation/data/dpp-bulk,2026-05-31 21:45:44.334183+00:00,3204679,OĞUZELİ BES,11778,2026-05-31T21:00:00+03:00,21:00
40W000003204679X,OĞUZELİ BES,unknown,2026-05-31 22:00:00+03:00,,0.0,chunk_0045.json,POST /v1/generation/data/dpp-bulk,2026-05-31 21:45:44.334183+00:00,3204679,OĞUZELİ BES,11778,2026-05-31T22:00:00+03:00,22:00
40W000003204679X,OĞUZELİ BES,unknown,2026-05-31 23:00:00+03:00,,0.0,chunk_0045.json,POST /v1/generation/data/dpp-bulk,2026-05-31 21:45:44.334183+00:00,3204679,OĞUZELİ BES,11778,2026-05-31T23:00:00+03:00,23:00
40W000003205381G,ADAPAZARI DGKÇS,unknown,2026-05-31 00:00:00+03:00,,0.0,chunk_0045.json,POST /v1/generation/data/dpp-bulk,2026-05-31 21:45:44.334183+00:00,3205381,ADAPAZARI DGKÇS,11810,2026-05-31T00:00:00+03:00,00:00
40W000003205381G,ADAPAZARI DGKÇS,unknown,2026-05-31 01:00:00+03:00,,0.0,chunk_0045.json,POST /v1/generation/data/dpp-bulk,2026-05-31 21:45:44.334183+00:00,3205381,ADAPAZARI DGKÇS,11810,2026-05-31T01:00:00+03:00,01:00
40W000003205381G,ADAPAZARI DGKÇS,unknown,2026-05-31 02:00:00+03:00,,0.0,chunk_0045.json,POST /v1/generation/data/dpp-bulk,2026-05-31 21:45:44.334183+00:00,3205381,ADAPAZARI DGKÇS,11810,2026-05-31T02:00:00+03:00,02:00
40W000003205381G,ADAPAZARI DGKÇS,unknown,2026-05-31 03:00:00+03:00,,0.0,chunk_0045.json,POST /v1/generation/data/dpp-bulk,2026-05-31 21:45:44.334183+00:00,3205381,ADAPAZARI DGKÇS,11810,2026-05-31T03:00:00+03:00,03:00
40W000003205381G,ADAPAZARI DGKÇS,unknown,2026-05-31 04:00:00+03:00,,0.0,chunk_0045.json,POST /v1/generation/data/dpp-bulk,2026-05-31 21:45:44.334183+00:00,3205381,ADAPAZARI DGKÇS,11810,2026-05-31T04:00:00+03:00,04:00
40W000003205381G,ADAPAZARI DGKÇS,unknown,2026-05-31 05:00:00+03:00,,0.0,chunk_0045.json,POST /v1/generation/data/dpp-bulk,2026-05-31 21:45:44.334183+00:00,3205381,ADAPAZARI DGKÇS,11810,2026-05-31T05:00:00+03:00,05:00
40W000003205381G,ADAPAZARI DGKÇS,unknown,2026-05-31 06:00:00+03:00,,0.0,chunk_0045.json,POST /v1/generation/data/dpp-bulk,2026-05-31 21:45:44.334183+00:00,3205381,ADAPAZARI DGKÇS,11810,2026-05-31T06:00:00+03:00,06:00
40W000003205381G,ADAPAZARI DGKÇS,unknown,2026-05-31 07:00:00+03:00,,0.0,chunk_0045.json,POST /v1/generation/data/dpp-bulk,2026-05-31 21:45:44.334183+00:00,3205381,ADAPAZARI DGKÇS,11810,2026-05-31T07:00:00+03:00,07:00
40W000003205381G,ADAPAZARI DGKÇS,unknown,2026-05-31 08:00:00+03:00,,0.0,chunk_0045.json,POST /v1/generation/data/dpp-bulk,2026-05-31 21:45:44.334183+00:00,3205381,ADAPAZARI DGKÇS,11810,2026-05-31T08:00:00+03:00,08:00
40W000003205381G,ADAPAZARI DGKÇS,unknown,2026-05-31 09:00:00+03:00,,0.0,chunk_0045.json,POST /v1/generation/data/dpp-bulk,2026-05-31 21:45:44.334183+00:00,3205381,ADAPAZARI DGKÇS,11810,2026-05-31T09:00:00+03:00,09:00
40W000003205381G,ADAPAZARI DGKÇS,unknown,2026-05-31 10:00:00+03:00,,0.0,chunk_0045.json,POST /v1/generation/data/dpp-bulk,2026-05-31 21:45:44.334183+00:00,3205381,ADAPAZARI DGKÇS,11810,2026-05-31T10:00:00+03:00,10:00
40W000003205381G,ADAPAZARI DGKÇS,unknown,2026-05-31 11:00:00+03:00,,0.0,chunk_0045.json,POST /v1/generation/data/dpp-bulk,2026-05-31 21:45:44.334183+00:00,3205381,ADAPAZARI DGKÇS,11810,2026-05-31T11:00:00+03:00,11:00
40W000003205381G,ADAPAZARI DGKÇS,unknown,2026-05-31 12:00:00+03:00,,0.0,chunk_0045.json,POST /v1/generation/data/dpp-bulk,2026-05-31 21:45:44.334183+00:00,3205381,ADAPAZARI DGKÇS,11810,2026-05-31T12:00:00+03:00,12:00
40W000003205381G,ADAPAZARI DGKÇS,unknown,2026-05-31 13:00:00+03:00,,0.0,chunk_0045.json,POST /v1/generation/data/dpp-bulk,2026-05-31 21:45:44.334183+00:00,3205381,ADAPAZARI DGKÇS,11810,2026-05-31T13:00:00+03:00,13:00
40W000003205381G,ADAPAZARI DGKÇS,unknown,2026-05-31 14:00:00+03:00,,0.0,chunk_0045.json,POST /v1/generation/data/dpp-bulk,2026-05-31 21:45:44.334183+00:00,3205381,ADAPAZARI DGKÇS,11810,2026-05-31T14:00:00+03:00,14:00
40W000003205381G,ADAPAZARI DGKÇS,unknown,2026-05-31 15:00:00+03:00,,0.0,chunk_0045.json,POST /v1/generation/data/dpp-bulk,2026-05-31 21:45:44.334183+00:00,3205381,ADAPAZARI DGKÇS,11810,2026-05-31T15:00:00+03:00,15:00
40W000003205381G,ADAPAZARI DGKÇS,unknown,2026-05-31 16:00:00+03:00,,0.0,chunk_0045.json,POST /v1/generation/data/dpp-bulk,2026-05-31 21:45:44.334183+00:00,3205381,ADAPAZARI DGKÇS,11810,2026-05-31T16:00:00+03:00,16:00
40W000003205381G,ADAPAZARI DGKÇS,unknown,2026-05-31 17:00:00+03:00,,138.0,chunk_0045.json,POST /v1/generation/data/dpp-bulk,2026-05-31 21:45:44.334183+00:00,3205381,ADAPAZARI DGKÇS,11810,2026-05-31T17:00:00+03:00,17:00
40W000003205381G,ADAPAZARI DGKÇS,unknown,2026-05-31 18:00:00+03:00,,0.0,chunk_0045.json,POST /v1/generation/data/dpp-bulk,2026-05-31 21:45:44.334183+00:00,3205381,ADAPAZARI DGKÇS,11810,2026-05-31T18:00:00+03:00,18:00
40W000003205381G,ADAPAZARI DGKÇS,unknown,2026-05-31 19:00:00+03:00,,0.0,chunk_0045.json,POST /v1/generation/data/dpp-bulk,2026-05-31 21:45:44.334183+00:00,3205381,ADAPAZARI DGKÇS,11810,2026-05-31T19:00:00+03:00,19:00
40W000003205381G,ADAPAZARI DGKÇS,unknown,2026-05-31 20:00:00+03:00,,0.0,chunk_0045.json,POST /v1/generation/data/dpp-bulk,2026-05-31 21:45:44.334183+00:00,3205381,ADAPAZARI DGKÇS,11810,2026-05-31T20:00:00+03:00,20:00
40W000003205381G,ADAPAZARI DGKÇS,unknown,2026-05-31 21:00:00+03:00,,0.0,chunk_0045.json,POST /v1/generation/data/dpp-bulk,2026-05-31 21:45:44.334183+00:00,3205381,ADAPAZARI DGKÇS,11810,2026-05-31T21:00:00+03:00,21:00
40W000003205381G,ADAPAZARI DGKÇS,unknown,2026-05-31 22:00:00+03:00,,0.0,chunk_0045.json,POST /v1/generation/data/dpp-bulk,2026-05-31 21:45:44.334183+00:00,3205381,ADAPAZARI DGKÇS,11810,2026-05-31T22:00:00+03:00,22:00
40W000003205381G,ADAPAZARI DGKÇS,unknown,2026-05-31 23:00:00+03:00,,0.0,chunk_0045.json,POST /v1/generation/data/dpp-bulk,2026-05-31 21:45:44.334183+00:00,3205381,ADAPAZARI DGKÇS,11810,2026-05-31T23:00:00+03:00,23:00
40W000003205524K,GEBZE DGKÇS_1,unknown,2026-05-31 00:00:00+03:00,,0.0,chunk_0045.json,POST /v1/generation/data/dpp-bulk,2026-05-31 21:45:44.334183+00:00,3205524,GEBZE DGKÇS_1,11811,2026-05-31T00:00:00+03:00,00:00
40W000003205524K,GEBZE DGKÇS_1,unknown,2026-05-31 01:00:00+03:00,,0.0,chunk_0045.json,POST /v1/generation/data/dpp-bulk,2026-05-31 21:45:44.334183+00:00,3205524,GEBZE DGKÇS_1,11811,2026-05-31T01:00:00+03:00,01:00
40W000003205524K,GEBZE DGKÇS_1,unknown,2026-05-31 02:00:00+03:00,,0.0,chunk_0045.json,POST /v1/generation/data/dpp-bulk,2026-05-31 21:45:44.334183+00:00,3205524,GEBZE DGKÇS_1,11811,2026-05-31T02:00:00+03:00,02:00
40W000003205524K,GEBZE DGKÇS_1,unknown,2026-05-31 03:00:00+03:00,,0.0,chunk_0045.json,POST /v1/generation/data/dpp-bulk,2026-05-31 21:45:44.334183+00:00,3205524,GEBZE DGKÇS_1,11811,2026-05-31T03:00:00+03:00,03:00
40W000003205524K,GEBZE DGKÇS_1,unknown,2026-05-31 04:00:00+03:00,,0.0,chunk_0045.json,POST /v1/generation/data/dpp-bulk,2026-05-31 21:45:44.334183+00:00,3205524,GEBZE DGKÇS_1,11811,2026-05-31T04:00:00+03:00,04:00
40W000003205524K,GEBZE DGKÇS_1,unknown,2026-05-31 05:00:00+03:00,,0.0,chunk_0045.json,POST /v1/generation/data/dpp-bulk,2026-05-31 21:45:44.334183+00:00,3205524,GEBZE DGKÇS_1,11811,2026-05-31T05:00:00+03:00,05:00
40W000003205524K,GEBZE DGKÇS_1,unknown,2026-05-31 06:00:00+03:00,,0.0,chunk_0045.json,POST /v1/generation/data/dpp-bulk,2026-05-31 21:45:44.334183+00:00,3205524,GEBZE DGKÇS_1,11811,2026-05-31T06:00:00+03:00,06:00
40W000003205524K,GEBZE DGKÇS_1,unknown,2026-05-31 07:00:00+03:00,,0.0,chunk_0045.json,POST /v1/generation/data/dpp-bulk,2026-05-31 21:45:44.334183+00:00,3205524,GEBZE DGKÇS_1,11811,2026-05-31T07:00:00+03:00,07:00
40W000003205524K,GEBZE DGKÇS_1,unknown,2026-05-31 08:00:00+03:00,,0.0,chunk_0045.json,POST /v1/generation/data/dpp-bulk,2026-05-31 21:45:44.334183+00:00,3205524,GEBZE DGKÇS_1,11811,2026-05-31T08:00:00+03:00,08:00
40W000003205524K,GEBZE DGKÇS_1,unknown,2026-05-31 09:00:00+03:00,,0.0,chunk_0045.json,POST /v1/generation/data/dpp-bulk,2026-05-31 21:45:44.334183+00:00,3205524,GEBZE DGKÇS_1,11811,2026-05-31T09:00:00+03:00,09:00
40W000003205524K,GEBZE DGKÇS_1,unknown,2026-05-31 10:00:00+03:00,,0.0,chunk_0045.json,POST /v1/generation/data/dpp-bulk,2026-05-31 21:45:44.334183+00:00,3205524,GEBZE DGKÇS_1,11811,2026-05-31T10:00:00+03:00,10:00
40W000003205524K,GEBZE DGKÇS_1,unknown,2026-05-31 11:00:00+03:00,,0.0,chunk_0045.json,POST /v1/generation/data/dpp-bulk,2026-05-31 21:45:44.334183+00:00,3205524,GEBZE DGKÇS_1,11811,2026-05-31T11:00:00+03:00,11:00
40W000003205524K,GEBZE DGKÇS_1,unknown,2026-05-31 12:00:00+03:00,,0.0,chunk_0045.json,POST /v1/generation/data/dpp-bulk,2026-05-31 21:45:44.334183+00:00,3205524,GEBZE DGKÇS_1,11811,2026-05-31T12:00:00+03:00,12:00
40W000003205524K,GEBZE DGKÇS_1,unknown,2026-05-31 13:00:00+03:00,,0.0,chunk_0045.json,POST /v1/generation/data/dpp-bulk,2026-05-31 21:45:44.334183+00:00,3205524,GEBZE DGKÇS_1,11811,2026-05-31T13:00:00+03:00,13:00
40W000003205524K,GEBZE DGKÇS_1,unknown,2026-05-31 14:00:00+03:00,,0.0,chunk_0045.json,POST /v1/generation/data/dpp-bulk,2026-05-31 21:45:44.334183+00:00,3205524,GEBZE DGKÇS_1,11811,2026-05-31T14:00:00+03:00,14:00
40W000003205524K,GEBZE DGKÇS_1,unknown,2026-05-31 15:00:00+03:00,,0.0,chunk_0045.json,POST /v1/generation/data/dpp-bulk,2026-05-31 21:45:44.334183+00:00,3205524,GEBZE DGKÇS_1,11811,2026-05-31T15:00:00+03:00,15:00
40W000003205524K,GEBZE DGKÇS_1,unknown,2026-05-31 16:00:00+03:00,,0.0,chunk_0045.json,POST /v1/generation/data/dpp-bulk,2026-05-31 21:45:44.334183+00:00,3205524,GEBZE DGKÇS_1,11811,2026-05-31T16:00:00+03:00,16:00
40W000003205524K,GEBZE DGKÇS_1,unknown,2026-05-31 17:00:00+03:00,,57.0,chunk_0045.json,POST /v1/generation/data/dpp-bulk,2026-05-31 21:45:44.334183+00:00,3205524,GEBZE DGKÇS_1,11811,2026-05-31T17:00:00+03:00,17:00
40W000003205524K,GEBZE DGKÇS_1,unknown,2026-05-31 18:00:00+03:00,,0.0,chunk_0045.json,POST /v1/generation/data/dpp-bulk,2026-05-31 21:45:44.334183+00:00,3205524,GEBZE DGKÇS_1,11811,2026-05-31T18:00:00+03:00,18:00
40W000003205524K,GEBZE DGKÇS_1,unknown,2026-05-31 19:00:00+03:00,,0.0,chunk_0045.json,POST /v1/generation/data/dpp-bulk,2026-05-31 21:45:44.334183+00:00,3205524,GEBZE DGKÇS_1,11811,2026-05-31T19:00:00+03:00,19:00
40W000003205524K,GEBZE DGKÇS_1,unknown,2026-05-31 20:00:00+03:00,,287.7,chunk_0045.json,POST /v1/generation/data/dpp-bulk,2026-05-31 21:45:44.334183+00:00,3205524,GEBZE DGKÇS_1,11811,2026-05-31T20:00:00+03:00,20:00
40W000003205524K,GEBZE DGKÇS_1,unknown,2026-05-31 21:00:00+03:00,,776.0,chunk_0045.json,POST /v1/generation/data/dpp-bulk,2026-05-31 21:45:44.334183+00:00,3205524,GEBZE DGKÇS_1,11811,2026-05-31T21:00:00+03:00,21:00
40W000003205524K,GEBZE DGKÇS_1,unknown,2026-05-31 22:00:00+03:00,,303.6,chunk_0045.json,POST /v1/generation/data/dpp-bulk,2026-05-31 21:45:44.334183+00:00,3205524,GEBZE DGKÇS_1,11811,2026-05-31T22:00:00+03:00,22:00
40W000003205524K,GEBZE DGKÇS_1,unknown,2026-05-31 23:00:00+03:00,,0.0,chunk_0045.json,POST /v1/generation/data/dpp-bulk,2026-05-31 21:45:44.334183+00:00,3205524,GEBZE DGKÇS_1,11811,2026-05-31T23:00:00+03:00,23:00
40W000003205525I,GEBZE DGKÇS_-2,unknown,2026-05-31 00:00:00+03:00,,0.0,chunk_0045.json,POST /v1/generation/data/dpp-bulk,2026-05-31 21:45:44.334183+00:00,3205525,GEBZE DGKÇS_-2,11811,2026-05-31T00:00:00+03:00,00:00
40W000003205525I,GEBZE DGKÇS_-2,unknown,2026-05-31 01:00:00+03:00,,0.0,chunk_0045.json,POST /v1/generation/data/dpp-bulk,2026-05-31 21:45:44.334183+00:00,3205525,GEBZE DGKÇS_-2,11811,2026-05-31T01:00:00+03:00,01:00
40W000003205525I,GEBZE DGKÇS_-2,unknown,2026-05-31 02:00:00+03:00,,0.0,chunk_0045.json,POST /v1/generation/data/dpp-bulk,2026-05-31 21:45:44.334183+00:00,3205525,GEBZE DGKÇS_-2,11811,2026-05-31T02:00:00+03:00,02:00
40W000003205525I,GEBZE DGKÇS_-2,unknown,2026-05-31 03:00:00+03:00,,0.0,chunk_0045.json,POST /v1/generation/data/dpp-bulk,2026-05-31 21:45:44.334183+00:00,3205525,GEBZE DGKÇS_-2,11811,2026-05-31T03:00:00+03:00,03:00
40W000003205525I,GEBZE DGKÇS_-2,unknown,2026-05-31 04:00:00+03:00,,0.0,chunk_0045.json,POST /v1/generation/data/dpp-bulk,2026-05-31 21:45:44.334183+00:00,3205525,GEBZE DGKÇS_-2,11811,2026-05-31T04:00:00+03:00,04:00
40W000003205525I,GEBZE DGKÇS_-2,unknown,2026-05-31 05:00:00+03:00,,0.0,chunk_0045.json,POST /v1/generation/data/dpp-bulk,2026-05-31 21:45:44.334183+00:00,3205525,GEBZE DGKÇS_-2,11811,2026-05-31T05:00:00+03:00,05:00
40W000003205525I,GEBZE DGKÇS_-2,unknown,2026-05-31 06:00:00+03:00,,0.0,chunk_0045.json,POST /v1/generation/data/dpp-bulk,2026-05-31 21:45:44.334183+00:00,3205525,GEBZE DGKÇS_-2,11811,2026-05-31T06:00:00+03:00,06:00
40W000003205525I,GEBZE DGKÇS_-2,unknown,2026-05-31 07:00:00+03:00,,0.0,chunk_0045.json,POST /v1/generation/data/dpp-bulk,2026-05-31 21:45:44.334183+00:00,3205525,GEBZE DGKÇS_-2,11811,2026-05-31T07:00:00+03:00,07:00
40W000003205525I,GEBZE DGKÇS_-2,unknown,2026-05-31 08:00:00+03:00,,0.0,chunk_0045.json,POST /v1/generation/data/dpp-bulk,2026-05-31 21:45:44.334183+00:00,3205525,GEBZE DGKÇS_-2,11811,2026-05-31T08:00:00+03:00,08:00
40W000003205525I,GEBZE DGKÇS_-2,unknown,2026-05-31 09:00:00+03:00,,0.0,chunk_0045.json,POST /v1/generation/data/dpp-bulk,2026-05-31 21:45:44.334183+00:00,3205525,GEBZE DGKÇS_-2,11811,2026-05-31T09:00:00+03:00,09:00
40W000003205525I,GEBZE DGKÇS_-2,unknown,2026-05-31 10:00:00+03:00,,0.0,chunk_0045.json,POST /v1/generation/data/dpp-bulk,2026-05-31 21:45:44.334183+00:00,3205525,GEBZE DGKÇS_-2,11811,2026-05-31T10:00:00+03:00,10:00
40W000003205525I,GEBZE DGKÇS_-2,unknown,2026-05-31 11:00:00+03:00,,0.0,chunk_0045.json,POST /v1/generation/data/dpp-bulk,2026-05-31 21:45:44.334183+00:00,3205525,GEBZE DGKÇS_-2,11811,2026-05-31T11:00:00+03:00,11:00
40W000003205525I,GEBZE DGKÇS_-2,unknown,2026-05-31 12:00:00+03:00,,0.0,chunk_0045.json,POST /v1/generation/data/dpp-bulk,2026-05-31 21:45:44.334183+00:00,3205525,GEBZE DGKÇS_-2,11811,2026-05-31T12:00:00+03:00,12:00
40W000003205525I,GEBZE DGKÇS_-2,unknown,2026-05-31 13:00:00+03:00,,0.0,chunk_0045.json,POST /v1/generation/data/dpp-bulk,2026-05-31 21:45:44.334183+00:00,3205525,GEBZE DGKÇS_-2,11811,2026-05-31T13:00:00+03:00,13:00
40W000003205525I,GEBZE DGKÇS_-2,unknown,2026-05-31 14:00:00+03:00,,0.0,chunk_0045.json,POST /v1/generation/data/dpp-bulk,2026-05-31 21:45:44.334183+00:00,3205525,GEBZE DGKÇS_-2,11811,2026-05-31T14:00:00+03:00,14:00
40W000003205525I,GEBZE DGKÇS_-2,unknown,2026-05-31 15:00:00+03:00,,0.0,chunk_0045.json,POST /v1/generation/data/dpp-bulk,2026-05-31 21:45:44.334183+00:00,3205525,GEBZE DGKÇS_-2,11811,2026-05-31T15:00:00+03:00,15:00
40W000003205525I,GEBZE DGKÇS_-2,unknown,2026-05-31 16:00:00+03:00,,0.0,chunk_0045.json,POST /v1/generation/data/dpp-bulk,2026-05-31 21:45:44.334183+00:00,3205525,GEBZE DGKÇS_-2,11811,2026-05-31T16:00:00+03:00,16:00
40W000003205525I,GEBZE DGKÇS_-2,unknown,2026-05-31 17:00:00+03:00,,0.0,chunk_0045.json,POST /v1/generation/data/dpp-bulk,2026-05-31 21:45:44.334183+00:00,3205525,GEBZE DGKÇS_-2,11811,2026-05-31T17:00:00+03:00,17:00
40W000003205525I,GEBZE DGKÇS_-2,unknown,2026-05-31 18:00:00+03:00,,0.0,chunk_0045.json,POST /v1/generation/data/dpp-bulk,2026-05-31 21:45:44.334183+00:00,3205525,GEBZE DGKÇS_-2,11811,2026-05-31T18:00:00+03:00,18:00
40W000003205525I,GEBZE DGKÇS_-2,unknown,2026-05-31 19:00:00+03:00,,0.0,chunk_0045.json,POST /v1/generation/data/dpp-bulk,2026-05-31 21:45:44.334183+00:00,3205525,GEBZE DGKÇS_-2,11811,2026-05-31T19:00:00+03:00,19:00
40W000003205525I,GEBZE DGKÇS_-2,unknown,2026-05-31 20:00:00+03:00,,0.0,chunk_0045.json,POST /v1/generation/data/dpp-bulk,2026-05-31 21:45:44.334183+00:00,3205525,GEBZE DGKÇS_-2,11811,2026-05-31T20:00:00+03:00,20:00
40W000003205525I,GEBZE DGKÇS_-2,unknown,2026-05-31 21:00:00+03:00,,0.0,chunk_0045.json,POST /v1/generation/data/dpp-bulk,2026-05-31 21:45:44.334183+00:00,3205525,GEBZE DGKÇS_-2,11811,2026-05-31T21:00:00+03:00,21:00
40W000003205525I,GEBZE DGKÇS_-2,unknown,2026-05-31 22:00:00+03:00,,0.0,chunk_0045.json,POST /v1/generation/data/dpp-bulk,2026-05-31 21:45:44.334183+00:00,3205525,GEBZE DGKÇS_-2,11811,2026-05-31T22:00:00+03:00,22:00
40W000003205525I,GEBZE DGKÇS_-2,unknown,2026-05-31 23:00:00+03:00,,0.0,chunk_0045.json,POST /v1/generation/data/dpp-bulk,2026-05-31 21:45:44.334183+00:00,3205525,GEBZE DGKÇS_-2,11811,2026-05-31T23:00:00+03:00,23:00
40W000003204761B,ÇEKEREK HES(REİS RS),unknown,2026-05-31 00:00:00+03:00,,17.0,chunk_0045.json,POST /v1/generation/data/dpp-bulk,2026-05-31 21:45:44.334183+00:00,3204761,ÇEKEREK HES(REİS RS),11817,2026-05-31T00:00:00+03:00,00:00
40W000003204761B,ÇEKEREK HES(REİS RS),unknown,2026-05-31 01:00:00+03:00,,17.0,chunk_0045.json,POST /v1/generation/data/dpp-bulk,2026-05-31 21:45:44.334183+00:00,3204761,ÇEKEREK HES(REİS RS),11817,2026-05-31T01:00:00+03:00,01:00
40W000003204761B,ÇEKEREK HES(REİS RS),unknown,2026-05-31 02:00:00+03:00,,17.5,chunk_0045.json,POST /v1/generation/data/dpp-bulk,2026-05-31 21:45:44.334183+00:00,3204761,ÇEKEREK HES(REİS RS),11817,2026-05-31T02:00:00+03:00,02:00
40W000003204761B,ÇEKEREK HES(REİS RS),unknown,2026-05-31 03:00:00+03:00,,17.0,chunk_0045.json,POST /v1/generation/data/dpp-bulk,2026-05-31 21:45:44.334183+00:00,3204761,ÇEKEREK HES(REİS RS),11817,2026-05-31T03:00:00+03:00,03:00
40W000003204761B,ÇEKEREK HES(REİS RS),unknown,2026-05-31 04:00:00+03:00,,17.0,chunk_0045.json,POST /v1/generation/data/dpp-bulk,2026-05-31 21:45:44.334183+00:00,3204761,ÇEKEREK HES(REİS RS),11817,2026-05-31T04:00:00+03:00,04:00
40W000003204761B,ÇEKEREK HES(REİS RS),unknown,2026-05-31 05:00:00+03:00,,17.5,chunk_0045.json,POST /v1/generation/data/dpp-bulk,2026-05-31 21:45:44.334183+00:00,3204761,ÇEKEREK HES(REİS RS),11817,2026-05-31T05:00:00+03:00,05:00
40W000003204761B,ÇEKEREK HES(REİS RS),unknown,2026-05-31 06:00:00+03:00,,18.5,chunk_0045.json,POST /v1/generation/data/dpp-bulk,2026-05-31 21:45:44.334183+00:00,3204761,ÇEKEREK HES(REİS RS),11817,2026-05-31T06:00:00+03:00,06:00
40W000003204761B,ÇEKEREK HES(REİS RS),unknown,2026-05-31 07:00:00+03:00,,16.6,chunk_0045.json,POST /v1/generation/data/dpp-bulk,2026-05-31 21:45:44.334183+00:00,3204761,ÇEKEREK HES(REİS RS),11817,2026-05-31T07:00:00+03:00,07:00
40W000003204761B,ÇEKEREK HES(REİS RS),unknown,2026-05-31 08:00:00+03:00,,17.0,chunk_0045.json,POST /v1/generation/data/dpp-bulk,2026-05-31 21:45:44.334183+00:00,3204761,ÇEKEREK HES(REİS RS),11817,2026-05-31T08:00:00+03:00,08:00
40W000003204761B,ÇEKEREK HES(REİS RS),unknown,2026-05-31 09:00:00+03:00,,16.9,chunk_0045.json,POST /v1/generation/data/dpp-bulk,2026-05-31 21:45:44.334183+00:00,3204761,ÇEKEREK HES(REİS RS),11817,2026-05-31T09:00:00+03:00,09:00
40W000003204761B,ÇEKEREK HES(REİS RS),unknown,2026-05-31 10:00:00+03:00,,17.0,chunk_0045.json,POST /v1/generation/data/dpp-bulk,2026-05-31 21:45:44.334183+00:00,3204761,ÇEKEREK HES(REİS RS),11817,2026-05-31T10:00:00+03:00,10:00
40W000003204761B,ÇEKEREK HES(REİS RS),unknown,2026-05-31 11:00:00+03:00,,16.8,chunk_0045.json,POST /v1/generation/data/dpp-bulk,2026-05-31 21:45:44.334183+00:00,3204761,ÇEKEREK HES(REİS RS),11817,2026-05-31T11:00:00+03:00,11:00
40W000003204761B,ÇEKEREK HES(REİS RS),unknown,2026-05-31 12:00:00+03:00,,16.9,chunk_0045.json,POST /v1/generation/data/dpp-bulk,2026-05-31 21:45:44.334183+00:00,3204761,ÇEKEREK HES(REİS RS),11817,2026-05-31T12:00:00+03:00,12:00
40W000003204761B,ÇEKEREK HES(REİS RS),unknown,2026-05-31 13:00:00+03:00,,17.4,chunk_0045.json,POST /v1/generation/data/dpp-bulk,2026-05-31 21:45:44.334183+00:00,3204761,ÇEKEREK HES(REİS RS),11817,2026-05-31T13:00:00+03:00,13:00
40W000003204761B,ÇEKEREK HES(REİS RS),unknown,2026-05-31 14:00:00+03:00,,17.8,chunk_0045.json,POST /v1/generation/data/dpp-bulk,2026-05-31 21:45:44.334183+00:00,3204761,ÇEKEREK HES(REİS RS),11817,2026-05-31T14:00:00+03:00,14:00
40W000003204761B,ÇEKEREK HES(REİS RS),unknown,2026-05-31 15:00:00+03:00,,18.0,chunk_0045.json,POST /v1/generation/data/dpp-bulk,2026-05-31 21:45:44.334183+00:00,3204761,ÇEKEREK HES(REİS RS),11817,2026-05-31T15:00:00+03:00,15:00
40W000003204761B,ÇEKEREK HES(REİS RS),unknown,2026-05-31 16:00:00+03:00,,16.0,chunk_0045.json,POST /v1/generation/data/dpp-bulk,2026-05-31 21:45:44.334183+00:00,3204761,ÇEKEREK HES(REİS RS),11817,2026-05-31T16:00:00+03:00,16:00
40W000003204761B,ÇEKEREK HES(REİS RS),unknown,2026-05-31 17:00:00+03:00,,18.0,chunk_0045.json,POST /v1/generation/data/dpp-bulk,2026-05-31 21:45:44.334183+00:00,3204761,ÇEKEREK HES(REİS RS),11817,2026-05-31T17:00:00+03:00,17:00
40W000003204761B,ÇEKEREK HES(REİS RS),unknown,2026-05-31 18:00:00+03:00,,17.0,chunk_0045.json,POST /v1/generation/data/dpp-bulk,2026-05-31 21:45:44.334183+00:00,3204761,ÇEKEREK HES(REİS RS),11817,2026-05-31T18:00:00+03:00,18:00
40W000003204761B,ÇEKEREK HES(REİS RS),unknown,2026-05-31 19:00:00+03:00,,17.5,chunk_0045.json,POST /v1/generation/data/dpp-bulk,2026-05-31 21:45:44.334183+00:00,3204761,ÇEKEREK HES(REİS RS),11817,2026-05-31T19:00:00+03:00,19:00
40W000003204761B,ÇEKEREK HES(REİS RS),unknown,2026-05-31 20:00:00+03:00,,17.5,chunk_0045.json,POST /v1/generation/data/dpp-bulk,2026-05-31 21:45:44.334183+00:00,3204761,ÇEKEREK HES(REİS RS),11817,2026-05-31T20:00:00+03:00,20:00
40W000003204761B,ÇEKEREK HES(REİS RS),unknown,2026-05-31 21:00:00+03:00,,17.5,chunk_0045.json,POST /v1/generation/data/dpp-bulk,2026-05-31 21:45:44.334183+00:00,3204761,ÇEKEREK HES(REİS RS),11817,2026-05-31T21:00:00+03:00,21:00
40W000003204761B,ÇEKEREK HES(REİS RS),unknown,2026-05-31 22:00:00+03:00,,17.0,chunk_0045.json,POST /v1/generation/data/dpp-bulk,2026-05-31 21:45:44.334183+00:00,3204761,ÇEKEREK HES(REİS RS),11817,2026-05-31T22:00:00+03:00,22:00
40W000003204761B,ÇEKEREK HES(REİS RS),unknown,2026-05-31 23:00:00+03:00,,17.5,chunk_0045.json,POST /v1/generation/data/dpp-bulk,2026-05-31 21:45:44.334183+00:00,3204761,ÇEKEREK HES(REİS RS),11817,2026-05-31T23:00:00+03:00,23:00
40W000003204672A,GİRLEVİK 3 REG. ve KARATUŞ HES,unknown,2026-05-31 00:00:00+03:00,,3.2,chunk_0045.json,POST /v1/generation/data/dpp-bulk,2026-05-31 21:45:44.334183+00:00,3204672,GİRLEVİK 3 REG. ve KARATUŞ HES,103060,2026-05-31T00:00:00+03:00,00:00
40W000003204672A,GİRLEVİK 3 REG. ve KARATUŞ HES,unknown,2026-05-31 01:00:00+03:00,,3.2,chunk_0045.json,POST /v1/generation/data/dpp-bulk,2026-05-31 21:45:44.334183+00:00,3204672,GİRLEVİK 3 REG. ve KARATUŞ HES,103060,2026-05-31T01:00:00+03:00,01:00
40W000003204672A,GİRLEVİK 3 REG. ve KARATUŞ HES,unknown,2026-05-31 02:00:00+03:00,,3.2,chunk_0045.json,POST /v1/generation/data/dpp-bulk,2026-05-31 21:45:44.334183+00:00,3204672,GİRLEVİK 3 REG. ve KARATUŞ HES,103060,2026-05-31T02:00:00+03:00,02:00
40W000003204672A,GİRLEVİK 3 REG. ve KARATUŞ HES,unknown,2026-05-31 03:00:00+03:00,,3.2,chunk_0045.json,POST /v1/generation/data/dpp-bulk,2026-05-31 21:45:44.334183+00:00,3204672,GİRLEVİK 3 REG. ve KARATUŞ HES,103060,2026-05-31T03:00:00+03:00,03:00
40W000003204672A,GİRLEVİK 3 REG. ve KARATUŞ HES,unknown,2026-05-31 04:00:00+03:00,,1.7,chunk_0045.json,POST /v1/generation/data/dpp-bulk,2026-05-31 21:45:44.334183+00:00,3204672,GİRLEVİK 3 REG. ve KARATUŞ HES,103060,2026-05-31T04:00:00+03:00,04:00
40W000003204672A,GİRLEVİK 3 REG. ve KARATUŞ HES,unknown,2026-05-31 05:00:00+03:00,,1.7,chunk_0045.json,POST /v1/generation/data/dpp-bulk,2026-05-31 21:45:44.334183+00:00,3204672,GİRLEVİK 3 REG. ve KARATUŞ HES,103060,2026-05-31T05:00:00+03:00,05:00
40W000003204672A,GİRLEVİK 3 REG. ve KARATUŞ HES,unknown,2026-05-31 06:00:00+03:00,,1.8,chunk_0045.json,POST /v1/generation/data/dpp-bulk,2026-05-31 21:45:44.334183+00:00,3204672,GİRLEVİK 3 REG. ve KARATUŞ HES,103060,2026-05-31T06:00:00+03:00,06:00
40W000003204672A,GİRLEVİK 3 REG. ve KARATUŞ HES,unknown,2026-05-31 07:00:00+03:00,,1.9,chunk_0045.json,POST /v1/generation/data/dpp-bulk,2026-05-31 21:45:44.334183+00:00,3204672,GİRLEVİK 3 REG. ve KARATUŞ HES,103060,2026-05-31T07:00:00+03:00,07:00
40W000003204672A,GİRLEVİK 3 REG. ve KARATUŞ HES,unknown,2026-05-31 08:00:00+03:00,,2.4,chunk_0045.json,POST /v1/generation/data/dpp-bulk,2026-05-31 21:45:44.334183+00:00,3204672,GİRLEVİK 3 REG. ve KARATUŞ HES,103060,2026-05-31T08:00:00+03:00,08:00
40W000003204672A,GİRLEVİK 3 REG. ve KARATUŞ HES,unknown,2026-05-31 09:00:00+03:00,,2.6,chunk_0045.json,POST /v1/generation/data/dpp-bulk,2026-05-31 21:45:44.334183+00:00,3204672,GİRLEVİK 3 REG. ve KARATUŞ HES,103060,2026-05-31T09:00:00+03:00,09:00
40W000003204672A,GİRLEVİK 3 REG. ve KARATUŞ HES,unknown,2026-05-31 10:00:00+03:00,,1.94,chunk_0045.json,POST /v1/generation/data/dpp-bulk,2026-05-31 21:45:44.334183+00:00,3204672,GİRLEVİK 3 REG. ve KARATUŞ HES,103060,2026-05-31T10:00:00+03:00,10:00
40W000003204672A,GİRLEVİK 3 REG. ve KARATUŞ HES,unknown,2026-05-31 11:00:00+03:00,,3.0,chunk_0045.json,POST /v1/generation/data/dpp-bulk,2026-05-31 21:45:44.334183+00:00,3204672,GİRLEVİK 3 REG. ve KARATUŞ HES,103060,2026-05-31T11:00:00+03:00,11:00
40W000003204672A,GİRLEVİK 3 REG. ve KARATUŞ HES,unknown,2026-05-31 12:00:00+03:00,,3.0,chunk_0045.json,POST /v1/generation/data/dpp-bulk,2026-05-31 21:45:44.334183+00:00,3204672,GİRLEVİK 3 REG. ve KARATUŞ HES,103060,2026-05-31T12:00:00+03:00,12:00
40W000003204672A,GİRLEVİK 3 REG. ve KARATUŞ HES,unknown,2026-05-31 13:00:00+03:00,,2.48,chunk_0045.json,POST /v1/generation/data/dpp-bulk,2026-05-31 21:45:44.334183+00:00,3204672,GİRLEVİK 3 REG. ve KARATUŞ HES,103060,2026-05-31T13:00:00+03:00,13:00
40W000003204672A,GİRLEVİK 3 REG. ve KARATUŞ HES,unknown,2026-05-31 14:00:00+03:00,,1.66,chunk_0045.json,POST /v1/generation/data/dpp-bulk,2026-05-31 21:45:44.334183+00:00,3204672,GİRLEVİK 3 REG. ve KARATUŞ HES,103060,2026-05-31T14:00:00+03:00,14:00
40W000003204672A,GİRLEVİK 3 REG. ve KARATUŞ HES,unknown,2026-05-31 15:00:00+03:00,,1.0,chunk_0045.json,POST /v1/generation/data/dpp-bulk,2026-05-31 21:45:44.334183+00:00,3204672,GİRLEVİK 3 REG. ve KARATUŞ HES,103060,2026-05-31T15:00:00+03:00,15:00
40W000003204672A,GİRLEVİK 3 REG. ve KARATUŞ HES,unknown,2026-05-31 16:00:00+03:00,,0.8,chunk_0045.json,POST /v1/generation/data/dpp-bulk,2026-05-31 21:45:44.334183+00:00,3204672,GİRLEVİK 3 REG. ve KARATUŞ HES,103060,2026-05-31T16:00:00+03:00,16:00
40W000003204672A,GİRLEVİK 3 REG. ve KARATUŞ HES,unknown,2026-05-31 17:00:00+03:00,,0.4,chunk_0045.json,POST /v1/generation/data/dpp-bulk,2026-05-31 21:45:44.334183+00:00,3204672,GİRLEVİK 3 REG. ve KARATUŞ HES,103060,2026-05-31T17:00:00+03:00,17:00
40W000003204672A,GİRLEVİK 3 REG. ve KARATUŞ HES,unknown,2026-05-31 18:00:00+03:00,,1.7,chunk_0045.json,POST /v1/generation/data/dpp-bulk,2026-05-31 21:45:44.334183+00:00,3204672,GİRLEVİK 3 REG. ve KARATUŞ HES,103060,2026-05-31T18:00:00+03:00,18:00
40W000003204672A,GİRLEVİK 3 REG. ve KARATUŞ HES,unknown,2026-05-31 19:00:00+03:00,,1.7,chunk_0045.json,POST /v1/generation/data/dpp-bulk,2026-05-31 21:45:44.334183+00:00,3204672,GİRLEVİK 3 REG. ve KARATUŞ HES,103060,2026-05-31T19:00:00+03:00,19:00
40W000003204672A,GİRLEVİK 3 REG. ve KARATUŞ HES,unknown,2026-05-31 20:00:00+03:00,,1.7,chunk_0045.json,POST /v1/generation/data/dpp-bulk,2026-05-31 21:45:44.334183+00:00,3204672,GİRLEVİK 3 REG. ve KARATUŞ HES,103060,2026-05-31T20:00:00+03:00,20:00
40W000003204672A,GİRLEVİK 3 REG. ve KARATUŞ HES,unknown,2026-05-31 21:00:00+03:00,,1.7,chunk_0045.json,POST /v1/generation/data/dpp-bulk,2026-05-31 21:45:44.334183+00:00,3204672,GİRLEVİK 3 REG. ve KARATUŞ HES,103060,2026-05-31T21:00:00+03:00,21:00
40W000003204672A,GİRLEVİK 3 REG. ve KARATUŞ HES,unknown,2026-05-31 22:00:00+03:00,,3.2,chunk_0045.json,POST /v1/generation/data/dpp-bulk,2026-05-31 21:45:44.334183+00:00,3204672,GİRLEVİK 3 REG. ve KARATUŞ HES,103060,2026-05-31T22:00:00+03:00,22:00
40W000003204672A,GİRLEVİK 3 REG. ve KARATUŞ HES,unknown,2026-05-31 23:00:00+03:00,,3.2,chunk_0045.json,POST /v1/generation/data/dpp-bulk,2026-05-31 21:45:44.334183+00:00,3204672,GİRLEVİK 3 REG. ve KARATUŞ HES,103060,2026-05-31T23:00:00+03:00,23:00
40W0000032046762,CEYLANPINAR BİYOKÜTLE ENERJİ SANTRALİ,unknown,2026-05-31 00:00:00+03:00,,1.3,chunk_0045.json,POST /v1/generation/data/dpp-bulk,2026-05-31 21:45:44.334183+00:00,3204676,CEYLANPINAR BİYOKÜTLE ENERJİ SANTRALİ,103060,2026-05-31T00:00:00+03:00,00:00
40W0000032046762,CEYLANPINAR BİYOKÜTLE ENERJİ SANTRALİ,unknown,2026-05-31 01:00:00+03:00,,1.3,chunk_0045.json,POST /v1/generation/data/dpp-bulk,2026-05-31 21:45:44.334183+00:00,3204676,CEYLANPINAR BİYOKÜTLE ENERJİ SANTRALİ,103060,2026-05-31T01:00:00+03:00,01:00
40W0000032046762,CEYLANPINAR BİYOKÜTLE ENERJİ SANTRALİ,unknown,2026-05-31 02:00:00+03:00,,1.3,chunk_0045.json,POST /v1/generation/data/dpp-bulk,2026-05-31 21:45:44.334183+00:00,3204676,CEYLANPINAR BİYOKÜTLE ENERJİ SANTRALİ,103060,2026-05-31T02:00:00+03:00,02:00
40W0000032046762,CEYLANPINAR BİYOKÜTLE ENERJİ SANTRALİ,unknown,2026-05-31 03:00:00+03:00,,1.3,chunk_0045.json,POST /v1/generation/data/dpp-bulk,2026-05-31 21:45:44.334183+00:00,3204676,CEYLANPINAR BİYOKÜTLE ENERJİ SANTRALİ,103060,2026-05-31T03:00:00+03:00,03:00
40W0000032046762,CEYLANPINAR BİYOKÜTLE ENERJİ SANTRALİ,unknown,2026-05-31 04:00:00+03:00,,1.3,chunk_0045.json,POST /v1/generation/data/dpp-bulk,2026-05-31 21:45:44.334183+00:00,3204676,CEYLANPINAR BİYOKÜTLE ENERJİ SANTRALİ,103060,2026-05-31T04:00:00+03:00,04:00
40W0000032046762,CEYLANPINAR BİYOKÜTLE ENERJİ SANTRALİ,unknown,2026-05-31 05:00:00+03:00,,1.3,chunk_0045.json,POST /v1/generation/data/dpp-bulk,2026-05-31 21:45:44.334183+00:00,3204676,CEYLANPINAR BİYOKÜTLE ENERJİ SANTRALİ,103060,2026-05-31T05:00:00+03:00,05:00
40W0000032046762,CEYLANPINAR BİYOKÜTLE ENERJİ SANTRALİ,unknown,2026-05-31 06:00:00+03:00,,1.3,chunk_0045.json,POST /v1/generation/data/dpp-bulk,2026-05-31 21:45:44.334183+00:00,3204676,CEYLANPINAR BİYOKÜTLE ENERJİ SANTRALİ,103060,2026-05-31T06:00:00+03:00,06:00
40W0000032046762,CEYLANPINAR BİYOKÜTLE ENERJİ SANTRALİ,unknown,2026-05-31 07:00:00+03:00,,1.5,chunk_0045.json,POST /v1/generation/data/dpp-bulk,2026-05-31 21:45:44.334183+00:00,3204676,CEYLANPINAR BİYOKÜTLE ENERJİ SANTRALİ,103060,2026-05-31T07:00:00+03:00,07:00
40W0000032046762,CEYLANPINAR BİYOKÜTLE ENERJİ SANTRALİ,unknown,2026-05-31 08:00:00+03:00,,2.1,chunk_0045.json,POST /v1/generation/data/dpp-bulk,2026-05-31 21:45:44.334183+00:00,3204676,CEYLANPINAR BİYOKÜTLE ENERJİ SANTRALİ,103060,2026-05-31T08:00:00+03:00,08:00
40W0000032046762,CEYLANPINAR BİYOKÜTLE ENERJİ SANTRALİ,unknown,2026-05-31 09:00:00+03:00,,2.6,chunk_0045.json,POST /v1/generation/data/dpp-bulk,2026-05-31 21:45:44.334183+00:00,3204676,CEYLANPINAR BİYOKÜTLE ENERJİ SANTRALİ,103060,2026-05-31T09:00:00+03:00,09:00
40W0000032046762,CEYLANPINAR BİYOKÜTLE ENERJİ SANTRALİ,unknown,2026-05-31 10:00:00+03:00,,2.6,chunk_0045.json,POST /v1/generation/data/dpp-bulk,2026-05-31 21:45:44.334183+00:00,3204676,CEYLANPINAR BİYOKÜTLE ENERJİ SANTRALİ,103060,2026-05-31T10:00:00+03:00,10:00
40W0000032046762,CEYLANPINAR BİYOKÜTLE ENERJİ SANTRALİ,unknown,2026-05-31 11:00:00+03:00,,2.6,chunk_0045.json,POST /v1/generation/data/dpp-bulk,2026-05-31 21:45:44.334183+00:00,3204676,CEYLANPINAR BİYOKÜTLE ENERJİ SANTRALİ,103060,2026-05-31T11:00:00+03:00,11:00
40W0000032046762,CEYLANPINAR BİYOKÜTLE ENERJİ SANTRALİ,unknown,2026-05-31 12:00:00+03:00,,2.6,chunk_0045.json,POST /v1/generation/data/dpp-bulk,2026-05-31 21:45:44.334183+00:00,3204676,CEYLANPINAR BİYOKÜTLE ENERJİ SANTRALİ,103060,2026-05-31T12:00:00+03:00,12:00
40W0000032046762,CEYLANPINAR BİYOKÜTLE ENERJİ SANTRALİ,unknown,2026-05-31 13:00:00+03:00,,2.6,chunk_0045.json,POST /v1/generation/data/dpp-bulk,2026-05-31 21:45:44.334183+00:00,3204676,CEYLANPINAR BİYOKÜTLE ENERJİ SANTRALİ,103060,2026-05-31T13:00:00+03:00,13:00
40W0000032046762,CEYLANPINAR BİYOKÜTLE ENERJİ SANTRALİ,unknown,2026-05-31 14:00:00+03:00,,2.5,chunk_0045.json,POST /v1/generation/data/dpp-bulk,2026-05-31 21:45:44.334183+00:00,3204676,CEYLANPINAR BİYOKÜTLE ENERJİ SANTRALİ,103060,2026-05-31T14:00:00+03:00,14:00
40W0000032046762,CEYLANPINAR BİYOKÜTLE ENERJİ SANTRALİ,unknown,2026-05-31 15:00:00+03:00,,2.66,chunk_0045.json,POST /v1/generation/data/dpp-bulk,2026-05-31 21:45:44.334183+00:00,3204676,CEYLANPINAR BİYOKÜTLE ENERJİ SANTRALİ,103060,2026-05-31T15:00:00+03:00,15:00
40W0000032046762,CEYLANPINAR BİYOKÜTLE ENERJİ SANTRALİ,unknown,2026-05-31 16:00:00+03:00,,2.3,chunk_0045.json,POST /v1/generation/data/dpp-bulk,2026-05-31 21:45:44.334183+00:00,3204676,CEYLANPINAR BİYOKÜTLE ENERJİ SANTRALİ,103060,2026-05-31T16:00:00+03:00,16:00
40W0000032046762,CEYLANPINAR BİYOKÜTLE ENERJİ SANTRALİ,unknown,2026-05-31 17:00:00+03:00,,2.1,chunk_0045.json,POST /v1/generation/data/dpp-bulk,2026-05-31 21:45:44.334183+00:00,3204676,CEYLANPINAR BİYOKÜTLE ENERJİ SANTRALİ,103060,2026-05-31T17:00:00+03:00,17:00
40W0000032046762,CEYLANPINAR BİYOKÜTLE ENERJİ SANTRALİ,unknown,2026-05-31 18:00:00+03:00,,1.7,chunk_0045.json,POST /v1/generation/data/dpp-bulk,2026-05-31 21:45:44.334183+00:00,3204676,CEYLANPINAR BİYOKÜTLE ENERJİ SANTRALİ,103060,2026-05-31T18:00:00+03:00,18:00
40W0000032046762,CEYLANPINAR BİYOKÜTLE ENERJİ SANTRALİ,unknown,2026-05-31 19:00:00+03:00,,1.5,chunk_0045.json,POST /v1/generation/data/dpp-bulk,2026-05-31 21:45:44.334183+00:00,3204676,CEYLANPINAR BİYOKÜTLE ENERJİ SANTRALİ,103060,2026-05-31T19:00:00+03:00,19:00
40W0000032046762,CEYLANPINAR BİYOKÜTLE ENERJİ SANTRALİ,unknown,2026-05-31 20:00:00+03:00,,1.3,chunk_0045.json,POST /v1/generation/data/dpp-bulk,2026-05-31 21:45:44.334183+00:00,3204676,CEYLANPINAR BİYOKÜTLE ENERJİ SANTRALİ,103060,2026-05-31T20:00:00+03:00,20:00
40W0000032046762,CEYLANPINAR BİYOKÜTLE ENERJİ SANTRALİ,unknown,2026-05-31 21:00:00+03:00,,1.3,chunk_0045.json,POST /v1/generation/data/dpp-bulk,2026-05-31 21:45:44.334183+00:00,3204676,CEYLANPINAR BİYOKÜTLE ENERJİ SANTRALİ,103060,2026-05-31T21:00:00+03:00,21:00
40W0000032046762,CEYLANPINAR BİYOKÜTLE ENERJİ SANTRALİ,unknown,2026-05-31 22:00:00+03:00,,1.3,chunk_0045.json,POST /v1/generation/data/dpp-bulk,2026-05-31 21:45:44.334183+00:00,3204676,CEYLANPINAR BİYOKÜTLE ENERJİ SANTRALİ,103060,2026-05-31T22:00:00+03:00,22:00
40W0000032046762,CEYLANPINAR BİYOKÜTLE ENERJİ SANTRALİ,unknown,2026-05-31 23:00:00+03:00,,1.3,chunk_0045.json,POST /v1/generation/data/dpp-bulk,2026-05-31 21:45:44.334183+00:00,3204676,CEYLANPINAR BİYOKÜTLE ENERJİ SANTRALİ,103060,2026-05-31T23:00:00+03:00,23:00
40W0000032046770,ÜNİVERSAL TESKTİL KOJENERASYON SANTRALİ,unknown,2026-05-31 00:00:00+03:00,,0.0,chunk_0045.json,POST /v1/generation/data/dpp-bulk,2026-05-31 21:45:44.334183+00:00,3204677,ÜNİVERSAL TESKTİL KOJENERASYON SANTRALİ,103060,2026-05-31T00:00:00+03:00,00:00
40W0000032046770,ÜNİVERSAL TESKTİL KOJENERASYON SANTRALİ,unknown,2026-05-31 01:00:00+03:00,,0.0,chunk_0045.json,POST /v1/generation/data/dpp-bulk,2026-05-31 21:45:44.334183+00:00,3204677,ÜNİVERSAL TESKTİL KOJENERASYON SANTRALİ,103060,2026-05-31T01:00:00+03:00,01:00
40W0000032046770,ÜNİVERSAL TESKTİL KOJENERASYON SANTRALİ,unknown,2026-05-31 02:00:00+03:00,,0.0,chunk_0045.json,POST /v1/generation/data/dpp-bulk,2026-05-31 21:45:44.334183+00:00,3204677,ÜNİVERSAL TESKTİL KOJENERASYON SANTRALİ,103060,2026-05-31T02:00:00+03:00,02:00
40W0000032046770,ÜNİVERSAL TESKTİL KOJENERASYON SANTRALİ,unknown,2026-05-31 03:00:00+03:00,,0.0,chunk_0045.json,POST /v1/generation/data/dpp-bulk,2026-05-31 21:45:44.334183+00:00,3204677,ÜNİVERSAL TESKTİL KOJENERASYON SANTRALİ,103060,2026-05-31T03:00:00+03:00,03:00
40W0000032046770,ÜNİVERSAL TESKTİL KOJENERASYON SANTRALİ,unknown,2026-05-31 04:00:00+03:00,,0.0,chunk_0045.json,POST /v1/generation/data/dpp-bulk,2026-05-31 21:45:44.334183+00:00,3204677,ÜNİVERSAL TESKTİL KOJENERASYON SANTRALİ,103060,2026-05-31T04:00:00+03:00,04:00
40W0000032046770,ÜNİVERSAL TESKTİL KOJENERASYON SANTRALİ,unknown,2026-05-31 05:00:00+03:00,,0.0,chunk_0045.json,POST /v1/generation/data/dpp-bulk,2026-05-31 21:45:44.334183+00:00,3204677,ÜNİVERSAL TESKTİL KOJENERASYON SANTRALİ,103060,2026-05-31T05:00:00+03:00,05:00
40W0000032046770,ÜNİVERSAL TESKTİL KOJENERASYON SANTRALİ,unknown,2026-05-31 06:00:00+03:00,,0.0,chunk_0045.json,POST /v1/generation/data/dpp-bulk,2026-05-31 21:45:44.334183+00:00,3204677,ÜNİVERSAL TESKTİL KOJENERASYON SANTRALİ,103060,2026-05-31T06:00:00+03:00,06:00
40W0000032046770,ÜNİVERSAL TESKTİL KOJENERASYON SANTRALİ,unknown,2026-05-31 07:00:00+03:00,,0.0,chunk_0045.json,POST /v1/generation/data/dpp-bulk,2026-05-31 21:45:44.334183+00:00,3204677,ÜNİVERSAL TESKTİL KOJENERASYON SANTRALİ,103060,2026-05-31T07:00:00+03:00,07:00
40W0000032046770,ÜNİVERSAL TESKTİL KOJENERASYON SANTRALİ,unknown,2026-05-31 08:00:00+03:00,,0.0,chunk_0045.json,POST /v1/generation/data/dpp-bulk,2026-05-31 21:45:44.334183+00:00,3204677,ÜNİVERSAL TESKTİL KOJENERASYON SANTRALİ,103060,2026-05-31T08:00:00+03:00,08:00
40W0000032046770,ÜNİVERSAL TESKTİL KOJENERASYON SANTRALİ,unknown,2026-05-31 09:00:00+03:00,,0.0,chunk_0045.json,POST /v1/generation/data/dpp-bulk,2026-05-31 21:45:44.334183+00:00,3204677,ÜNİVERSAL TESKTİL KOJENERASYON SANTRALİ,103060,2026-05-31T09:00:00+03:00,09:00
40W0000032046770,ÜNİVERSAL TESKTİL KOJENERASYON SANTRALİ,unknown,2026-05-31 10:00:00+03:00,,0.0,chunk_0045.json,POST /v1/generation/data/dpp-bulk,2026-05-31 21:45:44.334183+00:00,3204677,ÜNİVERSAL TESKTİL KOJENERASYON SANTRALİ,103060,2026-05-31T10:00:00+03:00,10:00
40W0000032046770,ÜNİVERSAL TESKTİL KOJENERASYON SANTRALİ,unknown,2026-05-31 11:00:00+03:00,,0.0,chunk_0045.json,POST /v1/generation/data/dpp-bulk,2026-05-31 21:45:44.334183+00:00,3204677,ÜNİVERSAL TESKTİL KOJENERASYON SANTRALİ,103060,2026-05-31T11:00:00+03:00,11:00
40W0000032046770,ÜNİVERSAL TESKTİL KOJENERASYON SANTRALİ,unknown,2026-05-31 12:00:00+03:00,,0.0,chunk_0045.json,POST /v1/generation/data/dpp-bulk,2026-05-31 21:45:44.334183+00:00,3204677,ÜNİVERSAL TESKTİL KOJENERASYON SANTRALİ,103060,2026-05-31T12:00:00+03:00,12:00
40W0000032046770,ÜNİVERSAL TESKTİL KOJENERASYON SANTRALİ,unknown,2026-05-31 13:00:00+03:00,,0.0,chunk_0045.json,POST /v1/generation/data/dpp-bulk,2026-05-31 21:45:44.334183+00:00,3204677,ÜNİVERSAL TESKTİL KOJENERASYON SANTRALİ,103060,2026-05-31T13:00:00+03:00,13:00
40W0000032046770,ÜNİVERSAL TESKTİL KOJENERASYON SANTRALİ,unknown,2026-05-31 14:00:00+03:00,,0.0,chunk_0045.json,POST /v1/generation/data/dpp-bulk,2026-05-31 21:45:44.334183+00:00,3204677,ÜNİVERSAL TESKTİL KOJENERASYON SANTRALİ,103060,2026-05-31T14:00:00+03:00,14:00
40W0000032046770,ÜNİVERSAL TESKTİL KOJENERASYON SANTRALİ,unknown,2026-05-31 15:00:00+03:00,,0.0,chunk_0045.json,POST /v1/generation/data/dpp-bulk,2026-05-31 21:45:44.334183+00:00,3204677,ÜNİVERSAL TESKTİL KOJENERASYON SANTRALİ,103060,2026-05-31T15:00:00+03:00,15:00
40W0000032046770,ÜNİVERSAL TESKTİL KOJENERASYON SANTRALİ,unknown,2026-05-31 16:00:00+03:00,,0.0,chunk_0045.json,POST /v1/generation/data/dpp-bulk,2026-05-31 21:45:44.334183+00:00,3204677,ÜNİVERSAL TESKTİL KOJENERASYON SANTRALİ,103060,2026-05-31T16:00:00+03:00,16:00
40W0000032046770,ÜNİVERSAL TESKTİL KOJENERASYON SANTRALİ,unknown,2026-05-31 17:00:00+03:00,,0.0,chunk_0045.json,POST /v1/generation/data/dpp-bulk,2026-05-31 21:45:44.334183+00:00,3204677,ÜNİVERSAL TESKTİL KOJENERASYON SANTRALİ,103060,2026-05-31T17:00:00+03:00,17:00
40W0000032046770,ÜNİVERSAL TESKTİL KOJENERASYON SANTRALİ,unknown,2026-05-31 18:00:00+03:00,,0.0,chunk_0045.json,POST /v1/generation/data/dpp-bulk,2026-05-31 21:45:44.334183+00:00,3204677,ÜNİVERSAL TESKTİL KOJENERASYON SANTRALİ,103060,2026-05-31T18:00:00+03:00,18:00
40W0000032046770,ÜNİVERSAL TESKTİL KOJENERASYON SANTRALİ,unknown,2026-05-31 19:00:00+03:00,,0.0,chunk_0045.json,POST /v1/generation/data/dpp-bulk,2026-05-31 21:45:44.334183+00:00,3204677,ÜNİVERSAL TESKTİL KOJENERASYON SANTRALİ,103060,2026-05-31T19:00:00+03:00,19:00
40W0000032046770,ÜNİVERSAL TESKTİL KOJENERASYON SANTRALİ,unknown,2026-05-31 20:00:00+03:00,,0.0,chunk_0045.json,POST /v1/generation/data/dpp-bulk,2026-05-31 21:45:44.334183+00:00,3204677,ÜNİVERSAL TESKTİL KOJENERASYON SANTRALİ,103060,2026-05-31T20:00:00+03:00,20:00
40W0000032046770,ÜNİVERSAL TESKTİL KOJENERASYON SANTRALİ,unknown,2026-05-31 21:00:00+03:00,,0.0,chunk_0045.json,POST /v1/generation/data/dpp-bulk,2026-05-31 21:45:44.334183+00:00,3204677,ÜNİVERSAL TESKTİL KOJENERASYON SANTRALİ,103060,2026-05-31T21:00:00+03:00,21:00
40W0000032046770,ÜNİVERSAL TESKTİL KOJENERASYON SANTRALİ,unknown,2026-05-31 22:00:00+03:00,,0.0,chunk_0045.json,POST /v1/generation/data/dpp-bulk,2026-05-31 21:45:44.334183+00:00,3204677,ÜNİVERSAL TESKTİL KOJENERASYON SANTRALİ,103060,2026-05-31T22:00:00+03:00,22:00
40W0000032046770,ÜNİVERSAL TESKTİL KOJENERASYON SANTRALİ,unknown,2026-05-31 23:00:00+03:00,,0.0,chunk_0045.json,POST /v1/generation/data/dpp-bulk,2026-05-31 21:45:44.334183+00:00,3204677,ÜNİVERSAL TESKTİL KOJENERASYON SANTRALİ,103060,2026-05-31T23:00:00+03:00,23:00
40W000003204678Z,AKATEKS TERMİK KOJENERASYON SANTRALİ,unknown,2026-05-31 00:00:00+03:00,,0.0,chunk_0045.json,POST /v1/generation/data/dpp-bulk,2026-05-31 21:45:44.334183+00:00,3204678,AKATEKS TERMİK KOJENERASYON SANTRALİ,103060,2026-05-31T00:00:00+03:00,00:00
40W000003204678Z,AKATEKS TERMİK KOJENERASYON SANTRALİ,unknown,2026-05-31 01:00:00+03:00,,0.0,chunk_0045.json,POST /v1/generation/data/dpp-bulk,2026-05-31 21:45:44.334183+00:00,3204678,AKATEKS TERMİK KOJENERASYON SANTRALİ,103060,2026-05-31T01:00:00+03:00,01:00
40W000003204678Z,AKATEKS TERMİK KOJENERASYON SANTRALİ,unknown,2026-05-31 02:00:00+03:00,,0.0,chunk_0045.json,POST /v1/generation/data/dpp-bulk,2026-05-31 21:45:44.334183+00:00,3204678,AKATEKS TERMİK KOJENERASYON SANTRALİ,103060,2026-05-31T02:00:00+03:00,02:00
40W000003204678Z,AKATEKS TERMİK KOJENERASYON SANTRALİ,unknown,2026-05-31 03:00:00+03:00,,0.0,chunk_0045.json,POST /v1/generation/data/dpp-bulk,2026-05-31 21:45:44.334183+00:00,3204678,AKATEKS TERMİK KOJENERASYON SANTRALİ,103060,2026-05-31T03:00:00+03:00,03:00
40W000003204678Z,AKATEKS TERMİK KOJENERASYON SANTRALİ,unknown,2026-05-31 04:00:00+03:00,,0.0,chunk_0045.json,POST /v1/generation/data/dpp-bulk,2026-05-31 21:45:44.334183+00:00,3204678,AKATEKS TERMİK KOJENERASYON SANTRALİ,103060,2026-05-31T04:00:00+03:00,04:00
40W000003204678Z,AKATEKS TERMİK KOJENERASYON SANTRALİ,unknown,2026-05-31 05:00:00+03:00,,0.0,chunk_0045.json,POST /v1/generation/data/dpp-bulk,2026-05-31 21:45:44.334183+00:00,3204678,AKATEKS TERMİK KOJENERASYON SANTRALİ,103060,2026-05-31T05:00:00+03:00,05:00
40W000003204678Z,AKATEKS TERMİK KOJENERASYON SANTRALİ,unknown,2026-05-31 06:00:00+03:00,,0.0,chunk_0045.json,POST /v1/generation/data/dpp-bulk,2026-05-31 21:45:44.334183+00:00,3204678,AKATEKS TERMİK KOJENERASYON SANTRALİ,103060,2026-05-31T06:00:00+03:00,06:00
40W000003204678Z,AKATEKS TERMİK KOJENERASYON SANTRALİ,unknown,2026-05-31 07:00:00+03:00,,0.0,chunk_0045.json,POST /v1/generation/data/dpp-bulk,2026-05-31 21:45:44.334183+00:00,3204678,AKATEKS TERMİK KOJENERASYON SANTRALİ,103060,2026-05-31T07:00:00+03:00,07:00
40W000003204678Z,AKATEKS TERMİK KOJENERASYON SANTRALİ,unknown,2026-05-31 08:00:00+03:00,,0.0,chunk_0045.json,POST /v1/generation/data/dpp-bulk,2026-05-31 21:45:44.334183+00:00,3204678,AKATEKS TERMİK KOJENERASYON SANTRALİ,103060,2026-05-31T08:00:00+03:00,08:00
40W000003204678Z,AKATEKS TERMİK KOJENERASYON SANTRALİ,unknown,2026-05-31 09:00:00+03:00,,0.0,chunk_0045.json,POST /v1/generation/data/dpp-bulk,2026-05-31 21:45:44.334183+00:00,3204678,AKATEKS TERMİK KOJENERASYON SANTRALİ,103060,2026-05-31T09:00:00+03:00,09:00
40W000003204678Z,AKATEKS TERMİK KOJENERASYON SANTRALİ,unknown,2026-05-31 10:00:00+03:00,,0.0,chunk_0045.json,POST /v1/generation/data/dpp-bulk,2026-05-31 21:45:44.334183+00:00,3204678,AKATEKS TERMİK KOJENERASYON SANTRALİ,103060,2026-05-31T10:00:00+03:00,10:00
40W000003204678Z,AKATEKS TERMİK KOJENERASYON SANTRALİ,unknown,2026-05-31 11:00:00+03:00,,0.0,chunk_0045.json,POST /v1/generation/data/dpp-bulk,2026-05-31 21:45:44.334183+00:00,3204678,AKATEKS TERMİK KOJENERASYON SANTRALİ,103060,2026-05-31T11:00:00+03:00,11:00
40W000003204678Z,AKATEKS TERMİK KOJENERASYON SANTRALİ,unknown,2026-05-31 12:00:00+03:00,,0.0,chunk_0045.json,POST /v1/generation/data/dpp-bulk,2026-05-31 21:45:44.334183+00:00,3204678,AKATEKS TERMİK KOJENERASYON SANTRALİ,103060,2026-05-31T12:00:00+03:00,12:00
40W000003204678Z,AKATEKS TERMİK KOJENERASYON SANTRALİ,unknown,2026-05-31 13:00:00+03:00,,0.0,chunk_0045.json,POST /v1/generation/data/dpp-bulk,2026-05-31 21:45:44.334183+00:00,3204678,AKATEKS TERMİK KOJENERASYON SANTRALİ,103060,2026-05-31T13:00:00+03:00,13:00
40W000003204678Z,AKATEKS TERMİK KOJENERASYON SANTRALİ,unknown,2026-05-31 14:00:00+03:00,,0.0,chunk_0045.json,POST /v1/generation/data/dpp-bulk,2026-05-31 21:45:44.334183+00:00,3204678,AKATEKS TERMİK KOJENERASYON SANTRALİ,103060,2026-05-31T14:00:00+03:00,14:00
40W000003204678Z,AKATEKS TERMİK KOJENERASYON SANTRALİ,unknown,2026-05-31 15:00:00+03:00,,0.0,chunk_0045.json,POST /v1/generation/data/dpp-bulk,2026-05-31 21:45:44.334183+00:00,3204678,AKATEKS TERMİK KOJENERASYON SANTRALİ,103060,2026-05-31T15:00:00+03:00,15:00
40W000003204678Z,AKATEKS TERMİK KOJENERASYON SANTRALİ,unknown,2026-05-31 16:00:00+03:00,,0.0,chunk_0045.json,POST /v1/generation/data/dpp-bulk,2026-05-31 21:45:44.334183+00:00,3204678,AKATEKS TERMİK KOJENERASYON SANTRALİ,103060,2026-05-31T16:00:00+03:00,16:00
40W000003204678Z,AKATEKS TERMİK KOJENERASYON SANTRALİ,unknown,2026-05-31 17:00:00+03:00,,0.0,chunk_0045.json,POST /v1/generation/data/dpp-bulk,2026-05-31 21:45:44.334183+00:00,3204678,AKATEKS TERMİK KOJENERASYON SANTRALİ,103060,2026-05-31T17:00:00+03:00,17:00
40W000003204678Z,AKATEKS TERMİK KOJENERASYON SANTRALİ,unknown,2026-05-31 18:00:00+03:00,,0.0,chunk_0045.json,POST /v1/generation/data/dpp-bulk,2026-05-31 21:45:44.334183+00:00,3204678,AKATEKS TERMİK KOJENERASYON SANTRALİ,103060,2026-05-31T18:00:00+03:00,18:00
40W000003204678Z,AKATEKS TERMİK KOJENERASYON SANTRALİ,unknown,2026-05-31 19:00:00+03:00,,0.0,chunk_0045.json,POST /v1/generation/data/dpp-bulk,2026-05-31 21:45:44.334183+00:00,3204678,AKATEKS TERMİK KOJENERASYON SANTRALİ,103060,2026-05-31T19:00:00+03:00,19:00
40W000003204678Z,AKATEKS TERMİK KOJENERASYON SANTRALİ,unknown,2026-05-31 20:00:00+03:00,,0.0,chunk_0045.json,POST /v1/generation/data/dpp-bulk,2026-05-31 21:45:44.334183+00:00,3204678,AKATEKS TERMİK KOJENERASYON SANTRALİ,103060,2026-05-31T20:00:00+03:00,20:00
40W000003204678Z,AKATEKS TERMİK KOJENERASYON SANTRALİ,unknown,2026-05-31 21:00:00+03:00,,0.0,chunk_0045.json,POST /v1/generation/data/dpp-bulk,2026-05-31 21:45:44.334183+00:00,3204678,AKATEKS TERMİK KOJENERASYON SANTRALİ,103060,2026-05-31T21:00:00+03:00,21:00
40W000003204678Z,AKATEKS TERMİK KOJENERASYON SANTRALİ,unknown,2026-05-31 22:00:00+03:00,,0.0,chunk_0045.json,POST /v1/generation/data/dpp-bulk,2026-05-31 21:45:44.334183+00:00,3204678,AKATEKS TERMİK KOJENERASYON SANTRALİ,103060,2026-05-31T22:00:00+03:00,22:00
40W000003204678Z,AKATEKS TERMİK KOJENERASYON SANTRALİ,unknown,2026-05-31 23:00:00+03:00,,0.0,chunk_0045.json,POST /v1/generation/data/dpp-bulk,2026-05-31 21:45:44.334183+00:00,3204678,AKATEKS TERMİK KOJENERASYON SANTRALİ,103060,2026-05-31T23:00:00+03:00,23:00
40W000003204710S,KORUMA KLOR ALKALİ KIRIKHAN KOJENERASYON SANTRALİ,unknown,2026-05-31 00:00:00+03:00,,0.0,chunk_0045.json,POST /v1/generation/data/dpp-bulk,2026-05-31 21:45:44.334183+00:00,3204710,KORUMA KLOR ALKALİ KIRIKHAN KOJENERASYON SANTRALİ,103060,2026-05-31T00:00:00+03:00,00:00
40W000003204710S,KORUMA KLOR ALKALİ KIRIKHAN KOJENERASYON SANTRALİ,unknown,2026-05-31 01:00:00+03:00,,0.0,chunk_0045.json,POST /v1/generation/data/dpp-bulk,2026-05-31 21:45:44.334183+00:00,3204710,KORUMA KLOR ALKALİ KIRIKHAN KOJENERASYON SANTRALİ,103060,2026-05-31T01:00:00+03:00,01:00
40W000003204710S,KORUMA KLOR ALKALİ KIRIKHAN KOJENERASYON SANTRALİ,unknown,2026-05-31 02:00:00+03:00,,0.0,chunk_0045.json,POST /v1/generation/data/dpp-bulk,2026-05-31 21:45:44.334183+00:00,3204710,KORUMA KLOR ALKALİ KIRIKHAN KOJENERASYON SANTRALİ,103060,2026-05-31T02:00:00+03:00,02:00
40W000003204710S,KORUMA KLOR ALKALİ KIRIKHAN KOJENERASYON SANTRALİ,unknown,2026-05-31 03:00:00+03:00,,0.0,chunk_0045.json,POST /v1/generation/data/dpp-bulk,2026-05-31 21:45:44.334183+00:00,3204710,KORUMA KLOR ALKALİ KIRIKHAN KOJENERASYON SANTRALİ,103060,2026-05-31T03:00:00+03:00,03:00
40W000003204710S,KORUMA KLOR ALKALİ KIRIKHAN KOJENERASYON SANTRALİ,unknown,2026-05-31 04:00:00+03:00,,0.0,chunk_0045.json,POST /v1/generation/data/dpp-bulk,2026-05-31 21:45:44.334183+00:00,3204710,KORUMA KLOR ALKALİ KIRIKHAN KOJENERASYON SANTRALİ,103060,2026-05-31T04:00:00+03:00,04:00
40W000003204710S,KORUMA KLOR ALKALİ KIRIKHAN KOJENERASYON SANTRALİ,unknown,2026-05-31 05:00:00+03:00,,0.0,chunk_0045.json,POST /v1/generation/data/dpp-bulk,2026-05-31 21:45:44.334183+00:00,3204710,KORUMA KLOR ALKALİ KIRIKHAN KOJENERASYON SANTRALİ,103060,2026-05-31T05:00:00+03:00,05:00
40W000003204710S,KORUMA KLOR ALKALİ KIRIKHAN KOJENERASYON SANTRALİ,unknown,2026-05-31 06:00:00+03:00,,0.0,chunk_0045.json,POST /v1/generation/data/dpp-bulk,2026-05-31 21:45:44.334183+00:00,3204710,KORUMA KLOR ALKALİ KIRIKHAN KOJENERASYON SANTRALİ,103060,2026-05-31T06:00:00+03:00,06:00
40W000003204710S,KORUMA KLOR ALKALİ KIRIKHAN KOJENERASYON SANTRALİ,unknown,2026-05-31 07:00:00+03:00,,0.0,chunk_0045.json,POST /v1/generation/data/dpp-bulk,2026-05-31 21:45:44.334183+00:00,3204710,KORUMA KLOR ALKALİ KIRIKHAN KOJENERASYON SANTRALİ,103060,2026-05-31T07:00:00+03:00,07:00
40W000003204710S,KORUMA KLOR ALKALİ KIRIKHAN KOJENERASYON SANTRALİ,unknown,2026-05-31 08:00:00+03:00,,0.0,chunk_0045.json,POST /v1/generation/data/dpp-bulk,2026-05-31 21:45:44.334183+00:00,3204710,KORUMA KLOR ALKALİ KIRIKHAN KOJENERASYON SANTRALİ,103060,2026-05-31T08:00:00+03:00,08:00
40W000003204710S,KORUMA KLOR ALKALİ KIRIKHAN KOJENERASYON SANTRALİ,unknown,2026-05-31 09:00:00+03:00,,0.0,chunk_0045.json,POST /v1/generation/data/dpp-bulk,2026-05-31 21:45:44.334183+00:00,3204710,KORUMA KLOR ALKALİ KIRIKHAN KOJENERASYON SANTRALİ,103060,2026-05-31T09:00:00+03:00,09:00
40W000003204710S,KORUMA KLOR ALKALİ KIRIKHAN KOJENERASYON SANTRALİ,unknown,2026-05-31 10:00:00+03:00,,0.0,chunk_0045.json,POST /v1/generation/data/dpp-bulk,2026-05-31 21:45:44.334183+00:00,3204710,KORUMA KLOR ALKALİ KIRIKHAN KOJENERASYON SANTRALİ,103060,2026-05-31T10:00:00+03:00,10:00
40W000003204710S,KORUMA KLOR ALKALİ KIRIKHAN KOJENERASYON SANTRALİ,unknown,2026-05-31 11:00:00+03:00,,0.0,chunk_0045.json,POST /v1/generation/data/dpp-bulk,2026-05-31 21:45:44.334183+00:00,3204710,KORUMA KLOR ALKALİ KIRIKHAN KOJENERASYON SANTRALİ,103060,2026-05-31T11:00:00+03:00,11:00
40W000003204710S,KORUMA KLOR ALKALİ KIRIKHAN KOJENERASYON SANTRALİ,unknown,2026-05-31 12:00:00+03:00,,0.0,chunk_0045.json,POST /v1/generation/data/dpp-bulk,2026-05-31 21:45:44.334183+00:00,3204710,KORUMA KLOR ALKALİ KIRIKHAN KOJENERASYON SANTRALİ,103060,2026-05-31T12:00:00+03:00,12:00
40W000003204710S,KORUMA KLOR ALKALİ KIRIKHAN KOJENERASYON SANTRALİ,unknown,2026-05-31 13:00:00+03:00,,0.0,chunk_0045.json,POST /v1/generation/data/dpp-bulk,2026-05-31 21:45:44.334183+00:00,3204710,KORUMA KLOR ALKALİ KIRIKHAN KOJENERASYON SANTRALİ,103060,2026-05-31T13:00:00+03:00,13:00
40W000003204710S,KORUMA KLOR ALKALİ KIRIKHAN KOJENERASYON SANTRALİ,unknown,2026-05-31 14:00:00+03:00,,0.0,chunk_0045.json,POST /v1/generation/data/dpp-bulk,2026-05-31 21:45:44.334183+00:00,3204710,KORUMA KLOR ALKALİ KIRIKHAN KOJENERASYON SANTRALİ,103060,2026-05-31T14:00:00+03:00,14:00
40W000003204710S,KORUMA KLOR ALKALİ KIRIKHAN KOJENERASYON SANTRALİ,unknown,2026-05-31 15:00:00+03:00,,0.0,chunk_0045.json,POST /v1/generation/data/dpp-bulk,2026-05-31 21:45:44.334183+00:00,3204710,KORUMA KLOR ALKALİ KIRIKHAN KOJENERASYON SANTRALİ,103060,2026-05-31T15:00:00+03:00,15:00
40W000003204710S,KORUMA KLOR ALKALİ KIRIKHAN KOJENERASYON SANTRALİ,unknown,2026-05-31 16:00:00+03:00,,0.0,chunk_0045.json,POST /v1/generation/data/dpp-bulk,2026-05-31 21:45:44.334183+00:00,3204710,KORUMA KLOR ALKALİ KIRIKHAN KOJENERASYON SANTRALİ,103060,2026-05-31T16:00:00+03:00,16:00
40W000003204710S,KORUMA KLOR ALKALİ KIRIKHAN KOJENERASYON SANTRALİ,unknown,2026-05-31 17:00:00+03:00,,0.0,chunk_0045.json,POST /v1/generation/data/dpp-bulk,2026-05-31 21:45:44.334183+00:00,3204710,KORUMA KLOR ALKALİ KIRIKHAN KOJENERASYON SANTRALİ,103060,2026-05-31T17:00:00+03:00,17:00
40W000003204710S,KORUMA KLOR ALKALİ KIRIKHAN KOJENERASYON SANTRALİ,unknown,2026-05-31 18:00:00+03:00,,0.0,chunk_0045.json,POST /v1/generation/data/dpp-bulk,2026-05-31 21:45:44.334183+00:00,3204710,KORUMA KLOR ALKALİ KIRIKHAN KOJENERASYON SANTRALİ,103060,2026-05-31T18:00:00+03:00,18:00
40W000003204710S,KORUMA KLOR ALKALİ KIRIKHAN KOJENERASYON SANTRALİ,unknown,2026-05-31 19:00:00+03:00,,0.0,chunk_0045.json,POST /v1/generation/data/dpp-bulk,2026-05-31 21:45:44.334183+00:00,3204710,KORUMA KLOR ALKALİ KIRIKHAN KOJENERASYON SANTRALİ,103060,2026-05-31T19:00:00+03:00,19:00
40W000003204710S,KORUMA KLOR ALKALİ KIRIKHAN KOJENERASYON SANTRALİ,unknown,2026-05-31 20:00:00+03:00,,0.0,chunk_0045.json,POST /v1/generation/data/dpp-bulk,2026-05-31 21:45:44.334183+00:00,3204710,KORUMA KLOR ALKALİ KIRIKHAN KOJENERASYON SANTRALİ,103060,2026-05-31T20:00:00+03:00,20:00
40W000003204710S,KORUMA KLOR ALKALİ KIRIKHAN KOJENERASYON SANTRALİ,unknown,2026-05-31 21:00:00+03:00,,0.0,chunk_0045.json,POST /v1/generation/data/dpp-bulk,2026-05-31 21:45:44.334183+00:00,3204710,KORUMA KLOR ALKALİ KIRIKHAN KOJENERASYON SANTRALİ,103060,2026-05-31T21:00:00+03:00,21:00
40W000003204710S,KORUMA KLOR ALKALİ KIRIKHAN KOJENERASYON SANTRALİ,unknown,2026-05-31 22:00:00+03:00,,0.0,chunk_0045.json,POST /v1/generation/data/dpp-bulk,2026-05-31 21:45:44.334183+00:00,3204710,KORUMA KLOR ALKALİ KIRIKHAN KOJENERASYON SANTRALİ,103060,2026-05-31T22:00:00+03:00,22:00
40W000003204710S,KORUMA KLOR ALKALİ KIRIKHAN KOJENERASYON SANTRALİ,unknown,2026-05-31 23:00:00+03:00,,0.0,chunk_0045.json,POST /v1/generation/data/dpp-bulk,2026-05-31 21:45:44.334183+00:00,3204710,KORUMA KLOR ALKALİ KIRIKHAN KOJENERASYON SANTRALİ,103060,2026-05-31T23:00:00+03:00,23:00
40W000003204711Q,SÜTÇÜLER HES,unknown,2026-05-31 00:00:00+03:00,,0.0,chunk_0045.json,POST /v1/generation/data/dpp-bulk,2026-05-31 21:45:44.334183+00:00,3204711,SÜTÇÜLER HES,103060,2026-05-31T00:00:00+03:00,00:00
40W000003204711Q,SÜTÇÜLER HES,unknown,2026-05-31 01:00:00+03:00,,0.0,chunk_0045.json,POST /v1/generation/data/dpp-bulk,2026-05-31 21:45:44.334183+00:00,3204711,SÜTÇÜLER HES,103060,2026-05-31T01:00:00+03:00,01:00
40W000003204711Q,SÜTÇÜLER HES,unknown,2026-05-31 02:00:00+03:00,,0.0,chunk_0045.json,POST /v1/generation/data/dpp-bulk,2026-05-31 21:45:44.334183+00:00,3204711,SÜTÇÜLER HES,103060,2026-05-31T02:00:00+03:00,02:00
40W000003204711Q,SÜTÇÜLER HES,unknown,2026-05-31 03:00:00+03:00,,0.0,chunk_0045.json,POST /v1/generation/data/dpp-bulk,2026-05-31 21:45:44.334183+00:00,3204711,SÜTÇÜLER HES,103060,2026-05-31T03:00:00+03:00,03:00
40W000003204711Q,SÜTÇÜLER HES,unknown,2026-05-31 04:00:00+03:00,,0.0,chunk_0045.json,POST /v1/generation/data/dpp-bulk,2026-05-31 21:45:44.334183+00:00,3204711,SÜTÇÜLER HES,103060,2026-05-31T04:00:00+03:00,04:00
40W000003204711Q,SÜTÇÜLER HES,unknown,2026-05-31 05:00:00+03:00,,0.0,chunk_0045.json,POST /v1/generation/data/dpp-bulk,2026-05-31 21:45:44.334183+00:00,3204711,SÜTÇÜLER HES,103060,2026-05-31T05:00:00+03:00,05:00
40W000003204711Q,SÜTÇÜLER HES,unknown,2026-05-31 06:00:00+03:00,,0.0,chunk_0045.json,POST /v1/generation/data/dpp-bulk,2026-05-31 21:45:44.334183+00:00,3204711,SÜTÇÜLER HES,103060,2026-05-31T06:00:00+03:00,06:00
40W000003204711Q,SÜTÇÜLER HES,unknown,2026-05-31 07:00:00+03:00,,0.0,chunk_0045.json,POST /v1/generation/data/dpp-bulk,2026-05-31 21:45:44.334183+00:00,3204711,SÜTÇÜLER HES,103060,2026-05-31T07:00:00+03:00,07:00
40W000003204711Q,SÜTÇÜLER HES,unknown,2026-05-31 08:00:00+03:00,,0.0,chunk_0045.json,POST /v1/generation/data/dpp-bulk,2026-05-31 21:45:44.334183+00:00,3204711,SÜTÇÜLER HES,103060,2026-05-31T08:00:00+03:00,08:00
40W000003204711Q,SÜTÇÜLER HES,unknown,2026-05-31 09:00:00+03:00,,0.0,chunk_0045.json,POST /v1/generation/data/dpp-bulk,2026-05-31 21:45:44.334183+00:00,3204711,SÜTÇÜLER HES,103060,2026-05-31T09:00:00+03:00,09:00
40W000003204711Q,SÜTÇÜLER HES,unknown,2026-05-31 10:00:00+03:00,,0.0,chunk_0045.json,POST /v1/generation/data/dpp-bulk,2026-05-31 21:45:44.334183+00:00,3204711,SÜTÇÜLER HES,103060,2026-05-31T10:00:00+03:00,10:00
40W000003204711Q,SÜTÇÜLER HES,unknown,2026-05-31 11:00:00+03:00,,0.0,chunk_0045.json,POST /v1/generation/data/dpp-bulk,2026-05-31 21:45:44.334183+00:00,3204711,SÜTÇÜLER HES,103060,2026-05-31T11:00:00+03:00,11:00
40W000003204711Q,SÜTÇÜLER HES,unknown,2026-05-31 12:00:00+03:00,,0.0,chunk_0045.json,POST /v1/generation/data/dpp-bulk,2026-05-31 21:45:44.334183+00:00,3204711,SÜTÇÜLER HES,103060,2026-05-31T12:00:00+03:00,12:00
40W000003204711Q,SÜTÇÜLER HES,unknown,2026-05-31 13:00:00+03:00,,0.0,chunk_0045.json,POST /v1/generation/data/dpp-bulk,2026-05-31 21:45:44.334183+00:00,3204711,SÜTÇÜLER HES,103060,2026-05-31T13:00:00+03:00,13:00
40W000003204711Q,SÜTÇÜLER HES,unknown,2026-05-31 14:00:00+03:00,,0.0,chunk_0045.json,POST /v1/generation/data/dpp-bulk,2026-05-31 21:45:44.334183+00:00,3204711,SÜTÇÜLER HES,103060,2026-05-31T14:00:00+03:00,14:00
40W000003204711Q,SÜTÇÜLER HES,unknown,2026-05-31 15:00:00+03:00,,0.0,chunk_0045.json,POST /v1/generation/data/dpp-bulk,2026-05-31 21:45:44.334183+00:00,3204711,SÜTÇÜLER HES,103060,2026-05-31T15:00:00+03:00,15:00
40W000003204711Q,SÜTÇÜLER HES,unknown,2026-05-31 16:00:00+03:00,,0.0,chunk_0045.json,POST /v1/generation/data/dpp-bulk,2026-05-31 21:45:44.334183+00:00,3204711,SÜTÇÜLER HES,103060,2026-05-31T16:00:00+03:00,16:00
40W000003204711Q,SÜTÇÜLER HES,unknown,2026-05-31 17:00:00+03:00,,0.0,chunk_0045.json,POST /v1/generation/data/dpp-bulk,2026-05-31 21:45:44.334183+00:00,3204711,SÜTÇÜLER HES,103060,2026-05-31T17:00:00+03:00,17:00
40W000003204711Q,SÜTÇÜLER HES,unknown,2026-05-31 18:00:00+03:00,,0.0,chunk_0045.json,POST /v1/generation/data/dpp-bulk,2026-05-31 21:45:44.334183+00:00,3204711,SÜTÇÜLER HES,103060,2026-05-31T18:00:00+03:00,18:00
40W000003204711Q,SÜTÇÜLER HES,unknown,2026-05-31 19:00:00+03:00,,2.2,chunk_0045.json,POST /v1/generation/data/dpp-bulk,2026-05-31 21:45:44.334183+00:00,3204711,SÜTÇÜLER HES,103060,2026-05-31T19:00:00+03:00,19:00
40W000003204711Q,SÜTÇÜLER HES,unknown,2026-05-31 20:00:00+03:00,,1.8,chunk_0045.json,POST /v1/generation/data/dpp-bulk,2026-05-31 21:45:44.334183+00:00,3204711,SÜTÇÜLER HES,103060,2026-05-31T20:00:00+03:00,20:00
40W000003204711Q,SÜTÇÜLER HES,unknown,2026-05-31 21:00:00+03:00,,1.7,chunk_0045.json,POST /v1/generation/data/dpp-bulk,2026-05-31 21:45:44.334183+00:00,3204711,SÜTÇÜLER HES,103060,2026-05-31T21:00:00+03:00,21:00
40W000003204711Q,SÜTÇÜLER HES,unknown,2026-05-31 22:00:00+03:00,,1.7,chunk_0045.json,POST /v1/generation/data/dpp-bulk,2026-05-31 21:45:44.334183+00:00,3204711,SÜTÇÜLER HES,103060,2026-05-31T22:00:00+03:00,22:00
40W000003204711Q,SÜTÇÜLER HES,unknown,2026-05-31 23:00:00+03:00,,1.5,chunk_0045.json,POST /v1/generation/data/dpp-bulk,2026-05-31 21:45:44.334183+00:00,3204711,SÜTÇÜLER HES,103060,2026-05-31T23:00:00+03:00,23:00
40W000003204717E,SELİMİYE HES,unknown,2026-05-31 00:00:00+03:00,,2.7,chunk_0045.json,POST /v1/generation/data/dpp-bulk,2026-05-31 21:45:44.334183+00:00,3204717,SELİMİYE HES,103060,2026-05-31T00:00:00+03:00,00:00
40W000003204717E,SELİMİYE HES,unknown,2026-05-31 01:00:00+03:00,,2.11,chunk_0045.json,POST /v1/generation/data/dpp-bulk,2026-05-31 21:45:44.334183+00:00,3204717,SELİMİYE HES,103060,2026-05-31T01:00:00+03:00,01:00
40W000003204717E,SELİMİYE HES,unknown,2026-05-31 02:00:00+03:00,,2.67,chunk_0045.json,POST /v1/generation/data/dpp-bulk,2026-05-31 21:45:44.334183+00:00,3204717,SELİMİYE HES,103060,2026-05-31T02:00:00+03:00,02:00
40W000003204717E,SELİMİYE HES,unknown,2026-05-31 03:00:00+03:00,,2.5,chunk_0045.json,POST /v1/generation/data/dpp-bulk,2026-05-31 21:45:44.334183+00:00,3204717,SELİMİYE HES,103060,2026-05-31T03:00:00+03:00,03:00
40W000003204717E,SELİMİYE HES,unknown,2026-05-31 04:00:00+03:00,,2.5,chunk_0045.json,POST /v1/generation/data/dpp-bulk,2026-05-31 21:45:44.334183+00:00,3204717,SELİMİYE HES,103060,2026-05-31T04:00:00+03:00,04:00
40W000003204717E,SELİMİYE HES,unknown,2026-05-31 05:00:00+03:00,,2.5,chunk_0045.json,POST /v1/generation/data/dpp-bulk,2026-05-31 21:45:44.334183+00:00,3204717,SELİMİYE HES,103060,2026-05-31T05:00:00+03:00,05:00
40W000003204717E,SELİMİYE HES,unknown,2026-05-31 06:00:00+03:00,,2.0,chunk_0045.json,POST /v1/generation/data/dpp-bulk,2026-05-31 21:45:44.334183+00:00,3204717,SELİMİYE HES,103060,2026-05-31T06:00:00+03:00,06:00
40W000003204717E,SELİMİYE HES,unknown,2026-05-31 07:00:00+03:00,,1.9,chunk_0045.json,POST /v1/generation/data/dpp-bulk,2026-05-31 21:45:44.334183+00:00,3204717,SELİMİYE HES,103060,2026-05-31T07:00:00+03:00,07:00
40W000003204717E,SELİMİYE HES,unknown,2026-05-31 08:00:00+03:00,,1.9,chunk_0045.json,POST /v1/generation/data/dpp-bulk,2026-05-31 21:45:44.334183+00:00,3204717,SELİMİYE HES,103060,2026-05-31T08:00:00+03:00,08:00
40W000003204717E,SELİMİYE HES,unknown,2026-05-31 09:00:00+03:00,,2.11,chunk_0045.json,POST /v1/generation/data/dpp-bulk,2026-05-31 21:45:44.334183+00:00,3204717,SELİMİYE HES,103060,2026-05-31T09:00:00+03:00,09:00
40W000003204717E,SELİMİYE HES,unknown,2026-05-31 10:00:00+03:00,,1.78,chunk_0045.json,POST /v1/generation/data/dpp-bulk,2026-05-31 21:45:44.334183+00:00,3204717,SELİMİYE HES,103060,2026-05-31T10:00:00+03:00,10:00
40W000003204717E,SELİMİYE HES,unknown,2026-05-31 11:00:00+03:00,,2.11,chunk_0045.json,POST /v1/generation/data/dpp-bulk,2026-05-31 21:45:44.334183+00:00,3204717,SELİMİYE HES,103060,2026-05-31T11:00:00+03:00,11:00
40W000003204717E,SELİMİYE HES,unknown,2026-05-31 12:00:00+03:00,,2.11,chunk_0045.json,POST /v1/generation/data/dpp-bulk,2026-05-31 21:45:44.334183+00:00,3204717,SELİMİYE HES,103060,2026-05-31T12:00:00+03:00,12:00
40W000003204717E,SELİMİYE HES,unknown,2026-05-31 13:00:00+03:00,,1.9,chunk_0045.json,POST /v1/generation/data/dpp-bulk,2026-05-31 21:45:44.334183+00:00,3204717,SELİMİYE HES,103060,2026-05-31T13:00:00+03:00,13:00
40W000003204717E,SELİMİYE HES,unknown,2026-05-31 14:00:00+03:00,,1.57,chunk_0045.json,POST /v1/generation/data/dpp-bulk,2026-05-31 21:45:44.334183+00:00,3204717,SELİMİYE HES,103060,2026-05-31T14:00:00+03:00,14:00
40W000003204717E,SELİMİYE HES,unknown,2026-05-31 15:00:00+03:00,,1.5,chunk_0045.json,POST /v1/generation/data/dpp-bulk,2026-05-31 21:45:44.334183+00:00,3204717,SELİMİYE HES,103060,2026-05-31T15:00:00+03:00,15:00
40W000003204717E,SELİMİYE HES,unknown,2026-05-31 16:00:00+03:00,,1.5,chunk_0045.json,POST /v1/generation/data/dpp-bulk,2026-05-31 21:45:44.334183+00:00,3204717,SELİMİYE HES,103060,2026-05-31T16:00:00+03:00,16:00
40W000003204717E,SELİMİYE HES,unknown,2026-05-31 17:00:00+03:00,,1.4,chunk_0045.json,POST /v1/generation/data/dpp-bulk,2026-05-31 21:45:44.334183+00:00,3204717,SELİMİYE HES,103060,2026-05-31T17:00:00+03:00,17:00
40W000003204717E,SELİMİYE HES,unknown,2026-05-31 18:00:00+03:00,,2.11,chunk_0045.json,POST /v1/generation/data/dpp-bulk,2026-05-31 21:45:44.334183+00:00,3204717,SELİMİYE HES,103060,2026-05-31T18:00:00+03:00,18:00
40W000003204717E,SELİMİYE HES,unknown,2026-05-31 19:00:00+03:00,,2.11,chunk_0045.json,POST /v1/generation/data/dpp-bulk,2026-05-31 21:45:44.334183+00:00,3204717,SELİMİYE HES,103060,2026-05-31T19:00:00+03:00,19:00
40W000003204717E,SELİMİYE HES,unknown,2026-05-31 20:00:00+03:00,,1.3,chunk_0045.json,POST /v1/generation/data/dpp-bulk,2026-05-31 21:45:44.334183+00:00,3204717,SELİMİYE HES,103060,2026-05-31T20:00:00+03:00,20:00
40W000003204717E,SELİMİYE HES,unknown,2026-05-31 21:00:00+03:00,,1.3,chunk_0045.json,POST /v1/generation/data/dpp-bulk,2026-05-31 21:45:44.334183+00:00,3204717,SELİMİYE HES,103060,2026-05-31T21:00:00+03:00,21:00
40W000003204717E,SELİMİYE HES,unknown,2026-05-31 22:00:00+03:00,,1.3,chunk_0045.json,POST /v1/generation/data/dpp-bulk,2026-05-31 21:45:44.334183+00:00,3204717,SELİMİYE HES,103060,2026-05-31T22:00:00+03:00,22:00
40W000003204717E,SELİMİYE HES,unknown,2026-05-31 23:00:00+03:00,,1.3,chunk_0045.json,POST /v1/generation/data/dpp-bulk,2026-05-31 21:45:44.334183+00:00,3204717,SELİMİYE HES,103060,2026-05-31T23:00:00+03:00,23:00
40W000003204721N,TOHMA-MEDİK HES,unknown,2026-05-31 00:00:00+03:00,,0.0,chunk_0045.json,POST /v1/generation/data/dpp-bulk,2026-05-31 21:45:44.334183+00:00,3204721,TOHMA-MEDİK HES,103060,2026-05-31T00:00:00+03:00,00:00
40W000003204721N,TOHMA-MEDİK HES,unknown,2026-05-31 01:00:00+03:00,,0.0,chunk_0045.json,POST /v1/generation/data/dpp-bulk,2026-05-31 21:45:44.334183+00:00,3204721,TOHMA-MEDİK HES,103060,2026-05-31T01:00:00+03:00,01:00
40W000003204721N,TOHMA-MEDİK HES,unknown,2026-05-31 02:00:00+03:00,,0.0,chunk_0045.json,POST /v1/generation/data/dpp-bulk,2026-05-31 21:45:44.334183+00:00,3204721,TOHMA-MEDİK HES,103060,2026-05-31T02:00:00+03:00,02:00
40W000003204721N,TOHMA-MEDİK HES,unknown,2026-05-31 03:00:00+03:00,,0.0,chunk_0045.json,POST /v1/generation/data/dpp-bulk,2026-05-31 21:45:44.334183+00:00,3204721,TOHMA-MEDİK HES,103060,2026-05-31T03:00:00+03:00,03:00
40W000003204721N,TOHMA-MEDİK HES,unknown,2026-05-31 04:00:00+03:00,,0.0,chunk_0045.json,POST /v1/generation/data/dpp-bulk,2026-05-31 21:45:44.334183+00:00,3204721,TOHMA-MEDİK HES,103060,2026-05-31T04:00:00+03:00,04:00
40W000003204721N,TOHMA-MEDİK HES,unknown,2026-05-31 05:00:00+03:00,,0.0,chunk_0045.json,POST /v1/generation/data/dpp-bulk,2026-05-31 21:45:44.334183+00:00,3204721,TOHMA-MEDİK HES,103060,2026-05-31T05:00:00+03:00,05:00
40W000003204721N,TOHMA-MEDİK HES,unknown,2026-05-31 06:00:00+03:00,,0.0,chunk_0045.json,POST /v1/generation/data/dpp-bulk,2026-05-31 21:45:44.334183+00:00,3204721,TOHMA-MEDİK HES,103060,2026-05-31T06:00:00+03:00,06:00
40W000003204721N,TOHMA-MEDİK HES,unknown,2026-05-31 07:00:00+03:00,,0.0,chunk_0045.json,POST /v1/generation/data/dpp-bulk,2026-05-31 21:45:44.334183+00:00,3204721,TOHMA-MEDİK HES,103060,2026-05-31T07:00:00+03:00,07:00
40W000003204721N,TOHMA-MEDİK HES,unknown,2026-05-31 08:00:00+03:00,,0.0,chunk_0045.json,POST /v1/generation/data/dpp-bulk,2026-05-31 21:45:44.334183+00:00,3204721,TOHMA-MEDİK HES,103060,2026-05-31T08:00:00+03:00,08:00
40W000003204721N,TOHMA-MEDİK HES,unknown,2026-05-31 09:00:00+03:00,,0.0,chunk_0045.json,POST /v1/generation/data/dpp-bulk,2026-05-31 21:45:44.334183+00:00,3204721,TOHMA-MEDİK HES,103060,2026-05-31T09:00:00+03:00,09:00
40W000003204721N,TOHMA-MEDİK HES,unknown,2026-05-31 10:00:00+03:00,,0.0,chunk_0045.json,POST /v1/generation/data/dpp-bulk,2026-05-31 21:45:44.334183+00:00,3204721,TOHMA-MEDİK HES,103060,2026-05-31T10:00:00+03:00,10:00
40W000003204721N,TOHMA-MEDİK HES,unknown,2026-05-31 11:00:00+03:00,,0.0,chunk_0045.json,POST /v1/generation/data/dpp-bulk,2026-05-31 21:45:44.334183+00:00,3204721,TOHMA-MEDİK HES,103060,2026-05-31T11:00:00+03:00,11:00
40W000003204721N,TOHMA-MEDİK HES,unknown,2026-05-31 12:00:00+03:00,,0.0,chunk_0045.json,POST /v1/generation/data/dpp-bulk,2026-05-31 21:45:44.334183+00:00,3204721,TOHMA-MEDİK HES,103060,2026-05-31T12:00:00+03:00,12:00
40W000003204721N,TOHMA-MEDİK HES,unknown,2026-05-31 13:00:00+03:00,,0.0,chunk_0045.json,POST /v1/generation/data/dpp-bulk,2026-05-31 21:45:44.334183+00:00,3204721,TOHMA-MEDİK HES,103060,2026-05-31T13:00:00+03:00,13:00
40W000003204721N,TOHMA-MEDİK HES,unknown,2026-05-31 14:00:00+03:00,,0.0,chunk_0045.json,POST /v1/generation/data/dpp-bulk,2026-05-31 21:45:44.334183+00:00,3204721,TOHMA-MEDİK HES,103060,2026-05-31T14:00:00+03:00,14:00
40W000003204721N,TOHMA-MEDİK HES,unknown,2026-05-31 15:00:00+03:00,,0.0,chunk_0045.json,POST /v1/generation/data/dpp-bulk,2026-05-31 21:45:44.334183+00:00,3204721,TOHMA-MEDİK HES,103060,2026-05-31T15:00:00+03:00,15:00
40W000003204721N,TOHMA-MEDİK HES,unknown,2026-05-31 16:00:00+03:00,,0.0,chunk_0045.json,POST /v1/generation/data/dpp-bulk,2026-05-31 21:45:44.334183+00:00,3204721,TOHMA-MEDİK HES,103060,2026-05-31T16:00:00+03:00,16:00
40W000003204721N,TOHMA-MEDİK HES,unknown,2026-05-31 17:00:00+03:00,,0.0,chunk_0045.json,POST /v1/generation/data/dpp-bulk,2026-05-31 21:45:44.334183+00:00,3204721,TOHMA-MEDİK HES,103060,2026-05-31T17:00:00+03:00,17:00
40W000003204721N,TOHMA-MEDİK HES,unknown,2026-05-31 18:00:00+03:00,,0.0,chunk_0045.json,POST /v1/generation/data/dpp-bulk,2026-05-31 21:45:44.334183+00:00,3204721,TOHMA-MEDİK HES,103060,2026-05-31T18:00:00+03:00,18:00
40W000003204721N,TOHMA-MEDİK HES,unknown,2026-05-31 19:00:00+03:00,,6.5,chunk_0045.json,POST /v1/generation/data/dpp-bulk,2026-05-31 21:45:44.334183+00:00,3204721,TOHMA-MEDİK HES,103060,2026-05-31T19:00:00+03:00,19:00
40W000003204721N,TOHMA-MEDİK HES,unknown,2026-05-31 20:00:00+03:00,,6.5,chunk_0045.json,POST /v1/generation/data/dpp-bulk,2026-05-31 21:45:44.334183+00:00,3204721,TOHMA-MEDİK HES,103060,2026-05-31T20:00:00+03:00,20:00
40W000003204721N,TOHMA-MEDİK HES,unknown,2026-05-31 21:00:00+03:00,,6.5,chunk_0045.json,POST /v1/generation/data/dpp-bulk,2026-05-31 21:45:44.334183+00:00,3204721,TOHMA-MEDİK HES,103060,2026-05-31T21:00:00+03:00,21:00
40W000003204721N,TOHMA-MEDİK HES,unknown,2026-05-31 22:00:00+03:00,,6.5,chunk_0045.json,POST /v1/generation/data/dpp-bulk,2026-05-31 21:45:44.334183+00:00,3204721,TOHMA-MEDİK HES,103060,2026-05-31T22:00:00+03:00,22:00
40W000003204721N,TOHMA-MEDİK HES,unknown,2026-05-31 23:00:00+03:00,,6.5,chunk_0045.json,POST /v1/generation/data/dpp-bulk,2026-05-31 21:45:44.334183+00:00,3204721,TOHMA-MEDİK HES,103060,2026-05-31T23:00:00+03:00,23:00
40W000003204650K,AHİ SULUOVA BİYOGAZ TESİSLERİ,unknown,2026-05-31 00:00:00+03:00,,3.5,chunk_0045.json,POST /v1/generation/data/dpp-bulk,2026-05-31 21:45:44.334183+00:00,3204650,AHİ SULUOVA BİYOGAZ TESİSLERİ,103201,2026-05-31T00:00:00+03:00,00:00
40W000003204650K,AHİ SULUOVA BİYOGAZ TESİSLERİ,unknown,2026-05-31 01:00:00+03:00,,3.5,chunk_0045.json,POST /v1/generation/data/dpp-bulk,2026-05-31 21:45:44.334183+00:00,3204650,AHİ SULUOVA BİYOGAZ TESİSLERİ,103201,2026-05-31T01:00:00+03:00,01:00
40W000003204650K,AHİ SULUOVA BİYOGAZ TESİSLERİ,unknown,2026-05-31 02:00:00+03:00,,3.5,chunk_0045.json,POST /v1/generation/data/dpp-bulk,2026-05-31 21:45:44.334183+00:00,3204650,AHİ SULUOVA BİYOGAZ TESİSLERİ,103201,2026-05-31T02:00:00+03:00,02:00
40W000003204650K,AHİ SULUOVA BİYOGAZ TESİSLERİ,unknown,2026-05-31 03:00:00+03:00,,3.5,chunk_0045.json,POST /v1/generation/data/dpp-bulk,2026-05-31 21:45:44.334183+00:00,3204650,AHİ SULUOVA BİYOGAZ TESİSLERİ,103201,2026-05-31T03:00:00+03:00,03:00
40W000003204650K,AHİ SULUOVA BİYOGAZ TESİSLERİ,unknown,2026-05-31 04:00:00+03:00,,3.5,chunk_0045.json,POST /v1/generation/data/dpp-bulk,2026-05-31 21:45:44.334183+00:00,3204650,AHİ SULUOVA BİYOGAZ TESİSLERİ,103201,2026-05-31T04:00:00+03:00,04:00
40W000003204650K,AHİ SULUOVA BİYOGAZ TESİSLERİ,unknown,2026-05-31 05:00:00+03:00,,3.5,chunk_0045.json,POST /v1/generation/data/dpp-bulk,2026-05-31 21:45:44.334183+00:00,3204650,AHİ SULUOVA BİYOGAZ TESİSLERİ,103201,2026-05-31T05:00:00+03:00,05:00
40W000003204650K,AHİ SULUOVA BİYOGAZ TESİSLERİ,unknown,2026-05-31 06:00:00+03:00,,3.5,chunk_0045.json,POST /v1/generation/data/dpp-bulk,2026-05-31 21:45:44.334183+00:00,3204650,AHİ SULUOVA BİYOGAZ TESİSLERİ,103201,2026-05-31T06:00:00+03:00,06:00
40W000003204650K,AHİ SULUOVA BİYOGAZ TESİSLERİ,unknown,2026-05-31 07:00:00+03:00,,3.5,chunk_0045.json,POST /v1/generation/data/dpp-bulk,2026-05-31 21:45:44.334183+00:00,3204650,AHİ SULUOVA BİYOGAZ TESİSLERİ,103201,2026-05-31T07:00:00+03:00,07:00
40W000003204650K,AHİ SULUOVA BİYOGAZ TESİSLERİ,unknown,2026-05-31 08:00:00+03:00,,3.5,chunk_0045.json,POST /v1/generation/data/dpp-bulk,2026-05-31 21:45:44.334183+00:00,3204650,AHİ SULUOVA BİYOGAZ TESİSLERİ,103201,2026-05-31T08:00:00+03:00,08:00
40W000003204650K,AHİ SULUOVA BİYOGAZ TESİSLERİ,unknown,2026-05-31 09:00:00+03:00,,3.5,chunk_0045.json,POST /v1/generation/data/dpp-bulk,2026-05-31 21:45:44.334183+00:00,3204650,AHİ SULUOVA BİYOGAZ TESİSLERİ,103201,2026-05-31T09:00:00+03:00,09:00
40W000003204650K,AHİ SULUOVA BİYOGAZ TESİSLERİ,unknown,2026-05-31 10:00:00+03:00,,3.5,chunk_0045.json,POST /v1/generation/data/dpp-bulk,2026-05-31 21:45:44.334183+00:00,3204650,AHİ SULUOVA BİYOGAZ TESİSLERİ,103201,2026-05-31T10:00:00+03:00,10:00
40W000003204650K,AHİ SULUOVA BİYOGAZ TESİSLERİ,unknown,2026-05-31 11:00:00+03:00,,3.5,chunk_0045.json,POST /v1/generation/data/dpp-bulk,2026-05-31 21:45:44.334183+00:00,3204650,AHİ SULUOVA BİYOGAZ TESİSLERİ,103201,2026-05-31T11:00:00+03:00,11:00
40W000003204650K,AHİ SULUOVA BİYOGAZ TESİSLERİ,unknown,2026-05-31 12:00:00+03:00,,3.5,chunk_0045.json,POST /v1/generation/data/dpp-bulk,2026-05-31 21:45:44.334183+00:00,3204650,AHİ SULUOVA BİYOGAZ TESİSLERİ,103201,2026-05-31T12:00:00+03:00,12:00
40W000003204650K,AHİ SULUOVA BİYOGAZ TESİSLERİ,unknown,2026-05-31 13:00:00+03:00,,3.5,chunk_0045.json,POST /v1/generation/data/dpp-bulk,2026-05-31 21:45:44.334183+00:00,3204650,AHİ SULUOVA BİYOGAZ TESİSLERİ,103201,2026-05-31T13:00:00+03:00,13:00
40W000003204650K,AHİ SULUOVA BİYOGAZ TESİSLERİ,unknown,2026-05-31 14:00:00+03:00,,3.5,chunk_0045.json,POST /v1/generation/data/dpp-bulk,2026-05-31 21:45:44.334183+00:00,3204650,AHİ SULUOVA BİYOGAZ TESİSLERİ,103201,2026-05-31T14:00:00+03:00,14:00
40W000003204650K,AHİ SULUOVA BİYOGAZ TESİSLERİ,unknown,2026-05-31 15:00:00+03:00,,3.5,chunk_0045.json,POST /v1/generation/data/dpp-bulk,2026-05-31 21:45:44.334183+00:00,3204650,AHİ SULUOVA BİYOGAZ TESİSLERİ,103201,2026-05-31T15:00:00+03:00,15:00
40W000003204650K,AHİ SULUOVA BİYOGAZ TESİSLERİ,unknown,2026-05-31 16:00:00+03:00,,3.5,chunk_0045.json,POST /v1/generation/data/dpp-bulk,2026-05-31 21:45:44.334183+00:00,3204650,AHİ SULUOVA BİYOGAZ TESİSLERİ,103201,2026-05-31T16:00:00+03:00,16:00
40W000003204650K,AHİ SULUOVA BİYOGAZ TESİSLERİ,unknown,2026-05-31 17:00:00+03:00,,3.5,chunk_0045.json,POST /v1/generation/data/dpp-bulk,2026-05-31 21:45:44.334183+00:00,3204650,AHİ SULUOVA BİYOGAZ TESİSLERİ,103201,2026-05-31T17:00:00+03:00,17:00
40W000003204650K,AHİ SULUOVA BİYOGAZ TESİSLERİ,unknown,2026-05-31 18:00:00+03:00,,3.5,chunk_0045.json,POST /v1/generation/data/dpp-bulk,2026-05-31 21:45:44.334183+00:00,3204650,AHİ SULUOVA BİYOGAZ TESİSLERİ,103201,2026-05-31T18:00:00+03:00,18:00
40W000003204650K,AHİ SULUOVA BİYOGAZ TESİSLERİ,unknown,2026-05-31 19:00:00+03:00,,3.5,chunk_0045.json,POST /v1/generation/data/dpp-bulk,2026-05-31 21:45:44.334183+00:00,3204650,AHİ SULUOVA BİYOGAZ TESİSLERİ,103201,2026-05-31T19:00:00+03:00,19:00
40W000003204650K,AHİ SULUOVA BİYOGAZ TESİSLERİ,unknown,2026-05-31 20:00:00+03:00,,3.5,chunk_0045.json,POST /v1/generation/data/dpp-bulk,2026-05-31 21:45:44.334183+00:00,3204650,AHİ SULUOVA BİYOGAZ TESİSLERİ,103201,2026-05-31T20:00:00+03:00,20:00
40W000003204650K,AHİ SULUOVA BİYOGAZ TESİSLERİ,unknown,2026-05-31 21:00:00+03:00,,3.5,chunk_0045.json,POST /v1/generation/data/dpp-bulk,2026-05-31 21:45:44.334183+00:00,3204650,AHİ SULUOVA BİYOGAZ TESİSLERİ,103201,2026-05-31T21:00:00+03:00,21:00
40W000003204650K,AHİ SULUOVA BİYOGAZ TESİSLERİ,unknown,2026-05-31 22:00:00+03:00,,3.5,chunk_0045.json,POST /v1/generation/data/dpp-bulk,2026-05-31 21:45:44.334183+00:00,3204650,AHİ SULUOVA BİYOGAZ TESİSLERİ,103201,2026-05-31T22:00:00+03:00,22:00
40W000003204650K,AHİ SULUOVA BİYOGAZ TESİSLERİ,unknown,2026-05-31 23:00:00+03:00,,3.5,chunk_0045.json,POST /v1/generation/data/dpp-bulk,2026-05-31 21:45:44.334183+00:00,3204650,AHİ SULUOVA BİYOGAZ TESİSLERİ,103201,2026-05-31T23:00:00+03:00,23:00
40W0000032046738,GÜRES BİYOKÜTLE ENERJİ SANTRALİ,unknown,2026-05-31 00:00:00+03:00,,2.2,chunk_0045.json,POST /v1/generation/data/dpp-bulk,2026-05-31 21:45:44.334183+00:00,3204673,GÜRES BİYOKÜTLE ENERJİ SANTRALİ,103201,2026-05-31T00:00:00+03:00,00:00
40W0000032046738,GÜRES BİYOKÜTLE ENERJİ SANTRALİ,unknown,2026-05-31 01:00:00+03:00,,2.2,chunk_0045.json,POST /v1/generation/data/dpp-bulk,2026-05-31 21:45:44.334183+00:00,3204673,GÜRES BİYOKÜTLE ENERJİ SANTRALİ,103201,2026-05-31T01:00:00+03:00,01:00
40W0000032046738,GÜRES BİYOKÜTLE ENERJİ SANTRALİ,unknown,2026-05-31 02:00:00+03:00,,2.3,chunk_0045.json,POST /v1/generation/data/dpp-bulk,2026-05-31 21:45:44.334183+00:00,3204673,GÜRES BİYOKÜTLE ENERJİ SANTRALİ,103201,2026-05-31T02:00:00+03:00,02:00
40W0000032046738,GÜRES BİYOKÜTLE ENERJİ SANTRALİ,unknown,2026-05-31 03:00:00+03:00,,2.2,chunk_0045.json,POST /v1/generation/data/dpp-bulk,2026-05-31 21:45:44.334183+00:00,3204673,GÜRES BİYOKÜTLE ENERJİ SANTRALİ,103201,2026-05-31T03:00:00+03:00,03:00
40W0000032046738,GÜRES BİYOKÜTLE ENERJİ SANTRALİ,unknown,2026-05-31 04:00:00+03:00,,2.2,chunk_0045.json,POST /v1/generation/data/dpp-bulk,2026-05-31 21:45:44.334183+00:00,3204673,GÜRES BİYOKÜTLE ENERJİ SANTRALİ,103201,2026-05-31T04:00:00+03:00,04:00
40W0000032046738,GÜRES BİYOKÜTLE ENERJİ SANTRALİ,unknown,2026-05-31 05:00:00+03:00,,2.3,chunk_0045.json,POST /v1/generation/data/dpp-bulk,2026-05-31 21:45:44.334183+00:00,3204673,GÜRES BİYOKÜTLE ENERJİ SANTRALİ,103201,2026-05-31T05:00:00+03:00,05:00
40W0000032046738,GÜRES BİYOKÜTLE ENERJİ SANTRALİ,unknown,2026-05-31 06:00:00+03:00,,2.2,chunk_0045.json,POST /v1/generation/data/dpp-bulk,2026-05-31 21:45:44.334183+00:00,3204673,GÜRES BİYOKÜTLE ENERJİ SANTRALİ,103201,2026-05-31T06:00:00+03:00,06:00
40W0000032046738,GÜRES BİYOKÜTLE ENERJİ SANTRALİ,unknown,2026-05-31 07:00:00+03:00,,2.2,chunk_0045.json,POST /v1/generation/data/dpp-bulk,2026-05-31 21:45:44.334183+00:00,3204673,GÜRES BİYOKÜTLE ENERJİ SANTRALİ,103201,2026-05-31T07:00:00+03:00,07:00
40W0000032046738,GÜRES BİYOKÜTLE ENERJİ SANTRALİ,unknown,2026-05-31 08:00:00+03:00,,2.2,chunk_0045.json,POST /v1/generation/data/dpp-bulk,2026-05-31 21:45:44.334183+00:00,3204673,GÜRES BİYOKÜTLE ENERJİ SANTRALİ,103201,2026-05-31T08:00:00+03:00,08:00
40W0000032046738,GÜRES BİYOKÜTLE ENERJİ SANTRALİ,unknown,2026-05-31 09:00:00+03:00,,2.2,chunk_0045.json,POST /v1/generation/data/dpp-bulk,2026-05-31 21:45:44.334183+00:00,3204673,GÜRES BİYOKÜTLE ENERJİ SANTRALİ,103201,2026-05-31T09:00:00+03:00,09:00
40W0000032046738,GÜRES BİYOKÜTLE ENERJİ SANTRALİ,unknown,2026-05-31 10:00:00+03:00,,2.2,chunk_0045.json,POST /v1/generation/data/dpp-bulk,2026-05-31 21:45:44.334183+00:00,3204673,GÜRES BİYOKÜTLE ENERJİ SANTRALİ,103201,2026-05-31T10:00:00+03:00,10:00
40W0000032046738,GÜRES BİYOKÜTLE ENERJİ SANTRALİ,unknown,2026-05-31 11:00:00+03:00,,2.2,chunk_0045.json,POST /v1/generation/data/dpp-bulk,2026-05-31 21:45:44.334183+00:00,3204673,GÜRES BİYOKÜTLE ENERJİ SANTRALİ,103201,2026-05-31T11:00:00+03:00,11:00
40W0000032046738,GÜRES BİYOKÜTLE ENERJİ SANTRALİ,unknown,2026-05-31 12:00:00+03:00,,2.2,chunk_0045.json,POST /v1/generation/data/dpp-bulk,2026-05-31 21:45:44.334183+00:00,3204673,GÜRES BİYOKÜTLE ENERJİ SANTRALİ,103201,2026-05-31T12:00:00+03:00,12:00
40W0000032046738,GÜRES BİYOKÜTLE ENERJİ SANTRALİ,unknown,2026-05-31 13:00:00+03:00,,2.2,chunk_0045.json,POST /v1/generation/data/dpp-bulk,2026-05-31 21:45:44.334183+00:00,3204673,GÜRES BİYOKÜTLE ENERJİ SANTRALİ,103201,2026-05-31T13:00:00+03:00,13:00
40W0000032046738,GÜRES BİYOKÜTLE ENERJİ SANTRALİ,unknown,2026-05-31 14:00:00+03:00,,2.2,chunk_0045.json,POST /v1/generation/data/dpp-bulk,2026-05-31 21:45:44.334183+00:00,3204673,GÜRES BİYOKÜTLE ENERJİ SANTRALİ,103201,2026-05-31T14:00:00+03:00,14:00
40W0000032046738,GÜRES BİYOKÜTLE ENERJİ SANTRALİ,unknown,2026-05-31 15:00:00+03:00,,2.2,chunk_0045.json,POST /v1/generation/data/dpp-bulk,2026-05-31 21:45:44.334183+00:00,3204673,GÜRES BİYOKÜTLE ENERJİ SANTRALİ,103201,2026-05-31T15:00:00+03:00,15:00
40W0000032046738,GÜRES BİYOKÜTLE ENERJİ SANTRALİ,unknown,2026-05-31 16:00:00+03:00,,2.2,chunk_0045.json,POST /v1/generation/data/dpp-bulk,2026-05-31 21:45:44.334183+00:00,3204673,GÜRES BİYOKÜTLE ENERJİ SANTRALİ,103201,2026-05-31T16:00:00+03:00,16:00
40W0000032046738,GÜRES BİYOKÜTLE ENERJİ SANTRALİ,unknown,2026-05-31 17:00:00+03:00,,2.2,chunk_0045.json,POST /v1/generation/data/dpp-bulk,2026-05-31 21:45:44.334183+00:00,3204673,GÜRES BİYOKÜTLE ENERJİ SANTRALİ,103201,2026-05-31T17:00:00+03:00,17:00
40W0000032046738,GÜRES BİYOKÜTLE ENERJİ SANTRALİ,unknown,2026-05-31 18:00:00+03:00,,2.2,chunk_0045.json,POST /v1/generation/data/dpp-bulk,2026-05-31 21:45:44.334183+00:00,3204673,GÜRES BİYOKÜTLE ENERJİ SANTRALİ,103201,2026-05-31T18:00:00+03:00,18:00
40W0000032046738,GÜRES BİYOKÜTLE ENERJİ SANTRALİ,unknown,2026-05-31 19:00:00+03:00,,2.3,chunk_0045.json,POST /v1/generation/data/dpp-bulk,2026-05-31 21:45:44.334183+00:00,3204673,GÜRES BİYOKÜTLE ENERJİ SANTRALİ,103201,2026-05-31T19:00:00+03:00,19:00
40W0000032046738,GÜRES BİYOKÜTLE ENERJİ SANTRALİ,unknown,2026-05-31 20:00:00+03:00,,2.2,chunk_0045.json,POST /v1/generation/data/dpp-bulk,2026-05-31 21:45:44.334183+00:00,3204673,GÜRES BİYOKÜTLE ENERJİ SANTRALİ,103201,2026-05-31T20:00:00+03:00,20:00
40W0000032046738,GÜRES BİYOKÜTLE ENERJİ SANTRALİ,unknown,2026-05-31 21:00:00+03:00,,2.3,chunk_0045.json,POST /v1/generation/data/dpp-bulk,2026-05-31 21:45:44.334183+00:00,3204673,GÜRES BİYOKÜTLE ENERJİ SANTRALİ,103201,2026-05-31T21:00:00+03:00,21:00
40W0000032046738,GÜRES BİYOKÜTLE ENERJİ SANTRALİ,unknown,2026-05-31 22:00:00+03:00,,2.2,chunk_0045.json,POST /v1/generation/data/dpp-bulk,2026-05-31 21:45:44.334183+00:00,3204673,GÜRES BİYOKÜTLE ENERJİ SANTRALİ,103201,2026-05-31T22:00:00+03:00,22:00
40W0000032046738,GÜRES BİYOKÜTLE ENERJİ SANTRALİ,unknown,2026-05-31 23:00:00+03:00,,2.2,chunk_0045.json,POST /v1/generation/data/dpp-bulk,2026-05-31 21:45:44.334183+00:00,3204673,GÜRES BİYOKÜTLE ENERJİ SANTRALİ,103201,2026-05-31T23:00:00+03:00,23:00
40W0000032046495,BURAK-1 BES,unknown,2026-05-31 00:00:00+03:00,,13.0,chunk_0045.json,POST /v1/generation/data/dpp-bulk,2026-05-31 21:45:44.334183+00:00,3204649,BURAK-1 BES,103261,2026-05-31T00:00:00+03:00,00:00
40W0000032046495,BURAK-1 BES,unknown,2026-05-31 01:00:00+03:00,,13.0,chunk_0045.json,POST /v1/generation/data/dpp-bulk,2026-05-31 21:45:44.334183+00:00,3204649,BURAK-1 BES,103261,2026-05-31T01:00:00+03:00,01:00
40W0000032046495,BURAK-1 BES,unknown,2026-05-31 02:00:00+03:00,,13.0,chunk_0045.json,POST /v1/generation/data/dpp-bulk,2026-05-31 21:45:44.334183+00:00,3204649,BURAK-1 BES,103261,2026-05-31T02:00:00+03:00,02:00
40W0000032046495,BURAK-1 BES,unknown,2026-05-31 03:00:00+03:00,,13.0,chunk_0045.json,POST /v1/generation/data/dpp-bulk,2026-05-31 21:45:44.334183+00:00,3204649,BURAK-1 BES,103261,2026-05-31T03:00:00+03:00,03:00
40W0000032046495,BURAK-1 BES,unknown,2026-05-31 04:00:00+03:00,,13.0,chunk_0045.json,POST /v1/generation/data/dpp-bulk,2026-05-31 21:45:44.334183+00:00,3204649,BURAK-1 BES,103261,2026-05-31T04:00:00+03:00,04:00
40W0000032046495,BURAK-1 BES,unknown,2026-05-31 05:00:00+03:00,,13.0,chunk_0045.json,POST /v1/generation/data/dpp-bulk,2026-05-31 21:45:44.334183+00:00,3204649,BURAK-1 BES,103261,2026-05-31T05:00:00+03:00,05:00
40W0000032046495,BURAK-1 BES,unknown,2026-05-31 06:00:00+03:00,,13.0,chunk_0045.json,POST /v1/generation/data/dpp-bulk,2026-05-31 21:45:44.334183+00:00,3204649,BURAK-1 BES,103261,2026-05-31T06:00:00+03:00,06:00
40W0000032046495,BURAK-1 BES,unknown,2026-05-31 07:00:00+03:00,,13.0,chunk_0045.json,POST /v1/generation/data/dpp-bulk,2026-05-31 21:45:44.334183+00:00,3204649,BURAK-1 BES,103261,2026-05-31T07:00:00+03:00,07:00
40W0000032046495,BURAK-1 BES,unknown,2026-05-31 08:00:00+03:00,,13.0,chunk_0045.json,POST /v1/generation/data/dpp-bulk,2026-05-31 21:45:44.334183+00:00,3204649,BURAK-1 BES,103261,2026-05-31T08:00:00+03:00,08:00
40W0000032046495,BURAK-1 BES,unknown,2026-05-31 09:00:00+03:00,,13.0,chunk_0045.json,POST /v1/generation/data/dpp-bulk,2026-05-31 21:45:44.334183+00:00,3204649,BURAK-1 BES,103261,2026-05-31T09:00:00+03:00,09:00
40W0000032046495,BURAK-1 BES,unknown,2026-05-31 10:00:00+03:00,,13.0,chunk_0045.json,POST /v1/generation/data/dpp-bulk,2026-05-31 21:45:44.334183+00:00,3204649,BURAK-1 BES,103261,2026-05-31T10:00:00+03:00,10:00
40W0000032046495,BURAK-1 BES,unknown,2026-05-31 11:00:00+03:00,,13.0,chunk_0045.json,POST /v1/generation/data/dpp-bulk,2026-05-31 21:45:44.334183+00:00,3204649,BURAK-1 BES,103261,2026-05-31T11:00:00+03:00,11:00
40W0000032046495,BURAK-1 BES,unknown,2026-05-31 12:00:00+03:00,,13.0,chunk_0045.json,POST /v1/generation/data/dpp-bulk,2026-05-31 21:45:44.334183+00:00,3204649,BURAK-1 BES,103261,2026-05-31T12:00:00+03:00,12:00
40W0000032046495,BURAK-1 BES,unknown,2026-05-31 13:00:00+03:00,,13.0,chunk_0045.json,POST /v1/generation/data/dpp-bulk,2026-05-31 21:45:44.334183+00:00,3204649,BURAK-1 BES,103261,2026-05-31T13:00:00+03:00,13:00
40W0000032046495,BURAK-1 BES,unknown,2026-05-31 14:00:00+03:00,,13.0,chunk_0045.json,POST /v1/generation/data/dpp-bulk,2026-05-31 21:45:44.334183+00:00,3204649,BURAK-1 BES,103261,2026-05-31T14:00:00+03:00,14:00
40W0000032046495,BURAK-1 BES,unknown,2026-05-31 15:00:00+03:00,,13.0,chunk_0045.json,POST /v1/generation/data/dpp-bulk,2026-05-31 21:45:44.334183+00:00,3204649,BURAK-1 BES,103261,2026-05-31T15:00:00+03:00,15:00
40W0000032046495,BURAK-1 BES,unknown,2026-05-31 16:00:00+03:00,,13.0,chunk_0045.json,POST /v1/generation/data/dpp-bulk,2026-05-31 21:45:44.334183+00:00,3204649,BURAK-1 BES,103261,2026-05-31T16:00:00+03:00,16:00
40W0000032046495,BURAK-1 BES,unknown,2026-05-31 17:00:00+03:00,,13.0,chunk_0045.json,POST /v1/generation/data/dpp-bulk,2026-05-31 21:45:44.334183+00:00,3204649,BURAK-1 BES,103261,2026-05-31T17:00:00+03:00,17:00
40W0000032046495,BURAK-1 BES,unknown,2026-05-31 18:00:00+03:00,,13.0,chunk_0045.json,POST /v1/generation/data/dpp-bulk,2026-05-31 21:45:44.334183+00:00,3204649,BURAK-1 BES,103261,2026-05-31T18:00:00+03:00,18:00
40W0000032046495,BURAK-1 BES,unknown,2026-05-31 19:00:00+03:00,,13.0,chunk_0045.json,POST /v1/generation/data/dpp-bulk,2026-05-31 21:45:44.334183+00:00,3204649,BURAK-1 BES,103261,2026-05-31T19:00:00+03:00,19:00
40W0000032046495,BURAK-1 BES,unknown,2026-05-31 20:00:00+03:00,,13.0,chunk_0045.json,POST /v1/generation/data/dpp-bulk,2026-05-31 21:45:44.334183+00:00,3204649,BURAK-1 BES,103261,2026-05-31T20:00:00+03:00,20:00
40W0000032046495,BURAK-1 BES,unknown,2026-05-31 21:00:00+03:00,,13.0,chunk_0045.json,POST /v1/generation/data/dpp-bulk,2026-05-31 21:45:44.334183+00:00,3204649,BURAK-1 BES,103261,2026-05-31T21:00:00+03:00,21:00
40W0000032046495,BURAK-1 BES,unknown,2026-05-31 22:00:00+03:00,,13.0,chunk_0045.json,POST /v1/generation/data/dpp-bulk,2026-05-31 21:45:44.334183+00:00,3204649,BURAK-1 BES,103261,2026-05-31T22:00:00+03:00,22:00
40W0000032046495,BURAK-1 BES,unknown,2026-05-31 23:00:00+03:00,,13.0,chunk_0045.json,POST /v1/generation/data/dpp-bulk,2026-05-31 21:45:44.334183+00:00,3204649,BURAK-1 BES,103261,2026-05-31T23:00:00+03:00,23:00
40W000003204651I,IĞDIR BİYOKÜTLE TESİSİ,unknown,2026-05-31 00:00:00+03:00,,0.0,chunk_0045.json,POST /v1/generation/data/dpp-bulk,2026-05-31 21:45:44.334183+00:00,3204651,IĞDIR BİYOKÜTLE TESİSİ,103261,2026-05-31T00:00:00+03:00,00:00
40W000003204651I,IĞDIR BİYOKÜTLE TESİSİ,unknown,2026-05-31 01:00:00+03:00,,0.0,chunk_0045.json,POST /v1/generation/data/dpp-bulk,2026-05-31 21:45:44.334183+00:00,3204651,IĞDIR BİYOKÜTLE TESİSİ,103261,2026-05-31T01:00:00+03:00,01:00
40W000003204651I,IĞDIR BİYOKÜTLE TESİSİ,unknown,2026-05-31 02:00:00+03:00,,0.0,chunk_0045.json,POST /v1/generation/data/dpp-bulk,2026-05-31 21:45:44.334183+00:00,3204651,IĞDIR BİYOKÜTLE TESİSİ,103261,2026-05-31T02:00:00+03:00,02:00
40W000003204651I,IĞDIR BİYOKÜTLE TESİSİ,unknown,2026-05-31 03:00:00+03:00,,0.0,chunk_0045.json,POST /v1/generation/data/dpp-bulk,2026-05-31 21:45:44.334183+00:00,3204651,IĞDIR BİYOKÜTLE TESİSİ,103261,2026-05-31T03:00:00+03:00,03:00
40W000003204651I,IĞDIR BİYOKÜTLE TESİSİ,unknown,2026-05-31 04:00:00+03:00,,0.0,chunk_0045.json,POST /v1/generation/data/dpp-bulk,2026-05-31 21:45:44.334183+00:00,3204651,IĞDIR BİYOKÜTLE TESİSİ,103261,2026-05-31T04:00:00+03:00,04:00
40W000003204651I,IĞDIR BİYOKÜTLE TESİSİ,unknown,2026-05-31 05:00:00+03:00,,0.0,chunk_0045.json,POST /v1/generation/data/dpp-bulk,2026-05-31 21:45:44.334183+00:00,3204651,IĞDIR BİYOKÜTLE TESİSİ,103261,2026-05-31T05:00:00+03:00,05:00
40W000003204651I,IĞDIR BİYOKÜTLE TESİSİ,unknown,2026-05-31 06:00:00+03:00,,0.0,chunk_0045.json,POST /v1/generation/data/dpp-bulk,2026-05-31 21:45:44.334183+00:00,3204651,IĞDIR BİYOKÜTLE TESİSİ,103261,2026-05-31T06:00:00+03:00,06:00
40W000003204651I,IĞDIR BİYOKÜTLE TESİSİ,unknown,2026-05-31 07:00:00+03:00,,0.0,chunk_0045.json,POST /v1/generation/data/dpp-bulk,2026-05-31 21:45:44.334183+00:00,3204651,IĞDIR BİYOKÜTLE TESİSİ,103261,2026-05-31T07:00:00+03:00,07:00
40W000003204651I,IĞDIR BİYOKÜTLE TESİSİ,unknown,2026-05-31 08:00:00+03:00,,0.0,chunk_0045.json,POST /v1/generation/data/dpp-bulk,2026-05-31 21:45:44.334183+00:00,3204651,IĞDIR BİYOKÜTLE TESİSİ,103261,2026-05-31T08:00:00+03:00,08:00
40W000003204651I,IĞDIR BİYOKÜTLE TESİSİ,unknown,2026-05-31 09:00:00+03:00,,0.0,chunk_0045.json,POST /v1/generation/data/dpp-bulk,2026-05-31 21:45:44.334183+00:00,3204651,IĞDIR BİYOKÜTLE TESİSİ,103261,2026-05-31T09:00:00+03:00,09:00
40W000003204651I,IĞDIR BİYOKÜTLE TESİSİ,unknown,2026-05-31 10:00:00+03:00,,0.0,chunk_0045.json,POST /v1/generation/data/dpp-bulk,2026-05-31 21:45:44.334183+00:00,3204651,IĞDIR BİYOKÜTLE TESİSİ,103261,2026-05-31T10:00:00+03:00,10:00
40W000003204651I,IĞDIR BİYOKÜTLE TESİSİ,unknown,2026-05-31 11:00:00+03:00,,0.0,chunk_0045.json,POST /v1/generation/data/dpp-bulk,2026-05-31 21:45:44.334183+00:00,3204651,IĞDIR BİYOKÜTLE TESİSİ,103261,2026-05-31T11:00:00+03:00,11:00
40W000003204651I,IĞDIR BİYOKÜTLE TESİSİ,unknown,2026-05-31 12:00:00+03:00,,0.0,chunk_0045.json,POST /v1/generation/data/dpp-bulk,2026-05-31 21:45:44.334183+00:00,3204651,IĞDIR BİYOKÜTLE TESİSİ,103261,2026-05-31T12:00:00+03:00,12:00
40W000003204651I,IĞDIR BİYOKÜTLE TESİSİ,unknown,2026-05-31 13:00:00+03:00,,0.0,chunk_0045.json,POST /v1/generation/data/dpp-bulk,2026-05-31 21:45:44.334183+00:00,3204651,IĞDIR BİYOKÜTLE TESİSİ,103261,2026-05-31T13:00:00+03:00,13:00
40W000003204651I,IĞDIR BİYOKÜTLE TESİSİ,unknown,2026-05-31 14:00:00+03:00,,0.0,chunk_0045.json,POST /v1/generation/data/dpp-bulk,2026-05-31 21:45:44.334183+00:00,3204651,IĞDIR BİYOKÜTLE TESİSİ,103261,2026-05-31T14:00:00+03:00,14:00
40W000003204651I,IĞDIR BİYOKÜTLE TESİSİ,unknown,2026-05-31 15:00:00+03:00,,0.0,chunk_0045.json,POST /v1/generation/data/dpp-bulk,2026-05-31 21:45:44.334183+00:00,3204651,IĞDIR BİYOKÜTLE TESİSİ,103261,2026-05-31T15:00:00+03:00,15:00
40W000003204651I,IĞDIR BİYOKÜTLE TESİSİ,unknown,2026-05-31 16:00:00+03:00,,0.0,chunk_0045.json,POST /v1/generation/data/dpp-bulk,2026-05-31 21:45:44.334183+00:00,3204651,IĞDIR BİYOKÜTLE TESİSİ,103261,2026-05-31T16:00:00+03:00,16:00
40W000003204651I,IĞDIR BİYOKÜTLE TESİSİ,unknown,2026-05-31 17:00:00+03:00,,0.0,chunk_0045.json,POST /v1/generation/data/dpp-bulk,2026-05-31 21:45:44.334183+00:00,3204651,IĞDIR BİYOKÜTLE TESİSİ,103261,2026-05-31T17:00:00+03:00,17:00
40W000003204651I,IĞDIR BİYOKÜTLE TESİSİ,unknown,2026-05-31 18:00:00+03:00,,0.0,chunk_0045.json,POST /v1/generation/data/dpp-bulk,2026-05-31 21:45:44.334183+00:00,3204651,IĞDIR BİYOKÜTLE TESİSİ,103261,2026-05-31T18:00:00+03:00,18:00
40W000003204651I,IĞDIR BİYOKÜTLE TESİSİ,unknown,2026-05-31 19:00:00+03:00,,0.0,chunk_0045.json,POST /v1/generation/data/dpp-bulk,2026-05-31 21:45:44.334183+00:00,3204651,IĞDIR BİYOKÜTLE TESİSİ,103261,2026-05-31T19:00:00+03:00,19:00
40W000003204651I,IĞDIR BİYOKÜTLE TESİSİ,unknown,2026-05-31 20:00:00+03:00,,0.0,chunk_0045.json,POST /v1/generation/data/dpp-bulk,2026-05-31 21:45:44.334183+00:00,3204651,IĞDIR BİYOKÜTLE TESİSİ,103261,2026-05-31T20:00:00+03:00,20:00
40W000003204651I,IĞDIR BİYOKÜTLE TESİSİ,unknown,2026-05-31 21:00:00+03:00,,0.0,chunk_0045.json,POST /v1/generation/data/dpp-bulk,2026-05-31 21:45:44.334183+00:00,3204651,IĞDIR BİYOKÜTLE TESİSİ,103261,2026-05-31T21:00:00+03:00,21:00
40W000003204651I,IĞDIR BİYOKÜTLE TESİSİ,unknown,2026-05-31 22:00:00+03:00,,0.0,chunk_0045.json,POST /v1/generation/data/dpp-bulk,2026-05-31 21:45:44.334183+00:00,3204651,IĞDIR BİYOKÜTLE TESİSİ,103261,2026-05-31T22:00:00+03:00,22:00
40W000003204651I,IĞDIR BİYOKÜTLE TESİSİ,unknown,2026-05-31 23:00:00+03:00,,0.0,chunk_0045.json,POST /v1/generation/data/dpp-bulk,2026-05-31 21:45:44.334183+00:00,3204651,IĞDIR BİYOKÜTLE TESİSİ,103261,2026-05-31T23:00:00+03:00,23:00
40W0000032046754,ARZU RES,unknown,2026-05-31 00:00:00+03:00,,3.99,chunk_0045.json,POST /v1/generation/data/dpp-bulk,2026-05-31 21:45:44.334183+00:00,3204675,ARZU RES,103600,2026-05-31T00:00:00+03:00,00:00
40W0000032046754,ARZU RES,unknown,2026-05-31 01:00:00+03:00,,4.28,chunk_0045.json,POST /v1/generation/data/dpp-bulk,2026-05-31 21:45:44.334183+00:00,3204675,ARZU RES,103600,2026-05-31T01:00:00+03:00,01:00
40W0000032046754,ARZU RES,unknown,2026-05-31 02:00:00+03:00,,3.76,chunk_0045.json,POST /v1/generation/data/dpp-bulk,2026-05-31 21:45:44.334183+00:00,3204675,ARZU RES,103600,2026-05-31T02:00:00+03:00,02:00
40W0000032046754,ARZU RES,unknown,2026-05-31 03:00:00+03:00,,3.14,chunk_0045.json,POST /v1/generation/data/dpp-bulk,2026-05-31 21:45:44.334183+00:00,3204675,ARZU RES,103600,2026-05-31T03:00:00+03:00,03:00
40W0000032046754,ARZU RES,unknown,2026-05-31 04:00:00+03:00,,3.26,chunk_0045.json,POST /v1/generation/data/dpp-bulk,2026-05-31 21:45:44.334183+00:00,3204675,ARZU RES,103600,2026-05-31T04:00:00+03:00,04:00
40W0000032046754,ARZU RES,unknown,2026-05-31 05:00:00+03:00,,2.59,chunk_0045.json,POST /v1/generation/data/dpp-bulk,2026-05-31 21:45:44.334183+00:00,3204675,ARZU RES,103600,2026-05-31T05:00:00+03:00,05:00
40W0000032046754,ARZU RES,unknown,2026-05-31 06:00:00+03:00,,2.39,chunk_0045.json,POST /v1/generation/data/dpp-bulk,2026-05-31 21:45:44.334183+00:00,3204675,ARZU RES,103600,2026-05-31T06:00:00+03:00,06:00
40W0000032046754,ARZU RES,unknown,2026-05-31 07:00:00+03:00,,1.96,chunk_0045.json,POST /v1/generation/data/dpp-bulk,2026-05-31 21:45:44.334183+00:00,3204675,ARZU RES,103600,2026-05-31T07:00:00+03:00,07:00
40W0000032046754,ARZU RES,unknown,2026-05-31 08:00:00+03:00,,1.38,chunk_0045.json,POST /v1/generation/data/dpp-bulk,2026-05-31 21:45:44.334183+00:00,3204675,ARZU RES,103600,2026-05-31T08:00:00+03:00,08:00
40W0000032046754,ARZU RES,unknown,2026-05-31 09:00:00+03:00,,1.17,chunk_0045.json,POST /v1/generation/data/dpp-bulk,2026-05-31 21:45:44.334183+00:00,3204675,ARZU RES,103600,2026-05-31T09:00:00+03:00,09:00
40W0000032046754,ARZU RES,unknown,2026-05-31 10:00:00+03:00,,1.55,chunk_0045.json,POST /v1/generation/data/dpp-bulk,2026-05-31 21:45:44.334183+00:00,3204675,ARZU RES,103600,2026-05-31T10:00:00+03:00,10:00
40W0000032046754,ARZU RES,unknown,2026-05-31 11:00:00+03:00,,1.62,chunk_0045.json,POST /v1/generation/data/dpp-bulk,2026-05-31 21:45:44.334183+00:00,3204675,ARZU RES,103600,2026-05-31T11:00:00+03:00,11:00
40W0000032046754,ARZU RES,unknown,2026-05-31 12:00:00+03:00,,1.21,chunk_0045.json,POST /v1/generation/data/dpp-bulk,2026-05-31 21:45:44.334183+00:00,3204675,ARZU RES,103600,2026-05-31T12:00:00+03:00,12:00
40W0000032046754,ARZU RES,unknown,2026-05-31 13:00:00+03:00,,1.31,chunk_0045.json,POST /v1/generation/data/dpp-bulk,2026-05-31 21:45:44.334183+00:00,3204675,ARZU RES,103600,2026-05-31T13:00:00+03:00,13:00
40W0000032046754,ARZU RES,unknown,2026-05-31 14:00:00+03:00,,1.82,chunk_0045.json,POST /v1/generation/data/dpp-bulk,2026-05-31 21:45:44.334183+00:00,3204675,ARZU RES,103600,2026-05-31T14:00:00+03:00,14:00
40W0000032046754,ARZU RES,unknown,2026-05-31 15:00:00+03:00,,2.56,chunk_0045.json,POST /v1/generation/data/dpp-bulk,2026-05-31 21:45:44.334183+00:00,3204675,ARZU RES,103600,2026-05-31T15:00:00+03:00,15:00
40W0000032046754,ARZU RES,unknown,2026-05-31 16:00:00+03:00,,2.92,chunk_0045.json,POST /v1/generation/data/dpp-bulk,2026-05-31 21:45:44.334183+00:00,3204675,ARZU RES,103600,2026-05-31T16:00:00+03:00,16:00
40W0000032046754,ARZU RES,unknown,2026-05-31 17:00:00+03:00,,2.58,chunk_0045.json,POST /v1/generation/data/dpp-bulk,2026-05-31 21:45:44.334183+00:00,3204675,ARZU RES,103600,2026-05-31T17:00:00+03:00,17:00
40W0000032046754,ARZU RES,unknown,2026-05-31 18:00:00+03:00,,3.61,chunk_0045.json,POST /v1/generation/data/dpp-bulk,2026-05-31 21:45:44.334183+00:00,3204675,ARZU RES,103600,2026-05-31T18:00:00+03:00,18:00
40W0000032046754,ARZU RES,unknown,2026-05-31 19:00:00+03:00,,3.49,chunk_0045.json,POST /v1/generation/data/dpp-bulk,2026-05-31 21:45:44.334183+00:00,3204675,ARZU RES,103600,2026-05-31T19:00:00+03:00,19:00
40W0000032046754,ARZU RES,unknown,2026-05-31 20:00:00+03:00,,3.03,chunk_0045.json,POST /v1/generation/data/dpp-bulk,2026-05-31 21:45:44.334183+00:00,3204675,ARZU RES,103600,2026-05-31T20:00:00+03:00,20:00
40W0000032046754,ARZU RES,unknown,2026-05-31 21:00:00+03:00,,1.38,chunk_0045.json,POST /v1/generation/data/dpp-bulk,2026-05-31 21:45:44.334183+00:00,3204675,ARZU RES,103600,2026-05-31T21:00:00+03:00,21:00
40W0000032046754,ARZU RES,unknown,2026-05-31 22:00:00+03:00,,1.54,chunk_0045.json,POST /v1/generation/data/dpp-bulk,2026-05-31 21:45:44.334183+00:00,3204675,ARZU RES,103600,2026-05-31T22:00:00+03:00,22:00
40W0000032046754,ARZU RES,unknown,2026-05-31 23:00:00+03:00,,1.93,chunk_0045.json,POST /v1/generation/data/dpp-bulk,2026-05-31 21:45:44.334183+00:00,3204675,ARZU RES,103600,2026-05-31T23:00:00+03:00,23:00
40W000003205526G,ESENTEPE REG.ve HES,unknown,2026-05-31 00:00:00+03:00,,14.0,chunk_0045.json,POST /v1/generation/data/dpp-bulk,2026-05-31 21:45:44.334183+00:00,3205526,ESENTEPE REG.ve HES,104663,2026-05-31T00:00:00+03:00,00:00
40W000003205526G,ESENTEPE REG.ve HES,unknown,2026-05-31 01:00:00+03:00,,14.0,chunk_0045.json,POST /v1/generation/data/dpp-bulk,2026-05-31 21:45:44.334183+00:00,3205526,ESENTEPE REG.ve HES,104663,2026-05-31T01:00:00+03:00,01:00
40W000003205526G,ESENTEPE REG.ve HES,unknown,2026-05-31 02:00:00+03:00,,14.0,chunk_0045.json,POST /v1/generation/data/dpp-bulk,2026-05-31 21:45:44.334183+00:00,3205526,ESENTEPE REG.ve HES,104663,2026-05-31T02:00:00+03:00,02:00
40W000003205526G,ESENTEPE REG.ve HES,unknown,2026-05-31 03:00:00+03:00,,14.0,chunk_0045.json,POST /v1/generation/data/dpp-bulk,2026-05-31 21:45:44.334183+00:00,3205526,ESENTEPE REG.ve HES,104663,2026-05-31T03:00:00+03:00,03:00
40W000003205526G,ESENTEPE REG.ve HES,unknown,2026-05-31 04:00:00+03:00,,14.0,chunk_0045.json,POST /v1/generation/data/dpp-bulk,2026-05-31 21:45:44.334183+00:00,3205526,ESENTEPE REG.ve HES,104663,2026-05-31T04:00:00+03:00,04:00
40W000003205526G,ESENTEPE REG.ve HES,unknown,2026-05-31 05:00:00+03:00,,14.0,chunk_0045.json,POST /v1/generation/data/dpp-bulk,2026-05-31 21:45:44.334183+00:00,3205526,ESENTEPE REG.ve HES,104663,2026-05-31T05:00:00+03:00,05:00
40W000003205526G,ESENTEPE REG.ve HES,unknown,2026-05-31 06:00:00+03:00,,14.0,chunk_0045.json,POST /v1/generation/data/dpp-bulk,2026-05-31 21:45:44.334183+00:00,3205526,ESENTEPE REG.ve HES,104663,2026-05-31T06:00:00+03:00,06:00
40W000003205526G,ESENTEPE REG.ve HES,unknown,2026-05-31 07:00:00+03:00,,14.0,chunk_0045.json,POST /v1/generation/data/dpp-bulk,2026-05-31 21:45:44.334183+00:00,3205526,ESENTEPE REG.ve HES,104663,2026-05-31T07:00:00+03:00,07:00
40W000003205526G,ESENTEPE REG.ve HES,unknown,2026-05-31 08:00:00+03:00,,14.0,chunk_0045.json,POST /v1/generation/data/dpp-bulk,2026-05-31 21:45:44.334183+00:00,3205526,ESENTEPE REG.ve HES,104663,2026-05-31T08:00:00+03:00,08:00
40W000003205526G,ESENTEPE REG.ve HES,unknown,2026-05-31 09:00:00+03:00,,14.0,chunk_0045.json,POST /v1/generation/data/dpp-bulk,2026-05-31 21:45:44.334183+00:00,3205526,ESENTEPE REG.ve HES,104663,2026-05-31T09:00:00+03:00,09:00
40W000003205526G,ESENTEPE REG.ve HES,unknown,2026-05-31 10:00:00+03:00,,14.0,chunk_0045.json,POST /v1/generation/data/dpp-bulk,2026-05-31 21:45:44.334183+00:00,3205526,ESENTEPE REG.ve HES,104663,2026-05-31T10:00:00+03:00,10:00
40W000003205526G,ESENTEPE REG.ve HES,unknown,2026-05-31 11:00:00+03:00,,14.0,chunk_0045.json,POST /v1/generation/data/dpp-bulk,2026-05-31 21:45:44.334183+00:00,3205526,ESENTEPE REG.ve HES,104663,2026-05-31T11:00:00+03:00,11:00
40W000003205526G,ESENTEPE REG.ve HES,unknown,2026-05-31 12:00:00+03:00,,14.0,chunk_0045.json,POST /v1/generation/data/dpp-bulk,2026-05-31 21:45:44.334183+00:00,3205526,ESENTEPE REG.ve HES,104663,2026-05-31T12:00:00+03:00,12:00
40W000003205526G,ESENTEPE REG.ve HES,unknown,2026-05-31 13:00:00+03:00,,14.0,chunk_0045.json,POST /v1/generation/data/dpp-bulk,2026-05-31 21:45:44.334183+00:00,3205526,ESENTEPE REG.ve HES,104663,2026-05-31T13:00:00+03:00,13:00
40W000003205526G,ESENTEPE REG.ve HES,unknown,2026-05-31 14:00:00+03:00,,14.0,chunk_0045.json,POST /v1/generation/data/dpp-bulk,2026-05-31 21:45:44.334183+00:00,3205526,ESENTEPE REG.ve HES,104663,2026-05-31T14:00:00+03:00,14:00
40W000003205526G,ESENTEPE REG.ve HES,unknown,2026-05-31 15:00:00+03:00,,14.0,chunk_0045.json,POST /v1/generation/data/dpp-bulk,2026-05-31 21:45:44.334183+00:00,3205526,ESENTEPE REG.ve HES,104663,2026-05-31T15:00:00+03:00,15:00
40W000003205526G,ESENTEPE REG.ve HES,unknown,2026-05-31 16:00:00+03:00,,14.0,chunk_0045.json,POST /v1/generation/data/dpp-bulk,2026-05-31 21:45:44.334183+00:00,3205526,ESENTEPE REG.ve HES,104663,2026-05-31T16:00:00+03:00,16:00
40W000003205526G,ESENTEPE REG.ve HES,unknown,2026-05-31 17:00:00+03:00,,14.0,chunk_0045.json,POST /v1/generation/data/dpp-bulk,2026-05-31 21:45:44.334183+00:00,3205526,ESENTEPE REG.ve HES,104663,2026-05-31T17:00:00+03:00,17:00
40W000003205526G,ESENTEPE REG.ve HES,unknown,2026-05-31 18:00:00+03:00,,14.0,chunk_0045.json,POST /v1/generation/data/dpp-bulk,2026-05-31 21:45:44.334183+00:00,3205526,ESENTEPE REG.ve HES,104663,2026-05-31T18:00:00+03:00,18:00
40W000003205526G,ESENTEPE REG.ve HES,unknown,2026-05-31 19:00:00+03:00,,14.0,chunk_0045.json,POST /v1/generation/data/dpp-bulk,2026-05-31 21:45:44.334183+00:00,3205526,ESENTEPE REG.ve HES,104663,2026-05-31T19:00:00+03:00,19:00
40W000003205526G,ESENTEPE REG.ve HES,unknown,2026-05-31 20:00:00+03:00,,14.0,chunk_0045.json,POST /v1/generation/data/dpp-bulk,2026-05-31 21:45:44.334183+00:00,3205526,ESENTEPE REG.ve HES,104663,2026-05-31T20:00:00+03:00,20:00
40W000003205526G,ESENTEPE REG.ve HES,unknown,2026-05-31 21:00:00+03:00,,14.0,chunk_0045.json,POST /v1/generation/data/dpp-bulk,2026-05-31 21:45:44.334183+00:00,3205526,ESENTEPE REG.ve HES,104663,2026-05-31T21:00:00+03:00,21:00
40W000003205526G,ESENTEPE REG.ve HES,unknown,2026-05-31 22:00:00+03:00,,14.0,chunk_0045.json,POST /v1/generation/data/dpp-bulk,2026-05-31 21:45:44.334183+00:00,3205526,ESENTEPE REG.ve HES,104663,2026-05-31T22:00:00+03:00,22:00
40W000003205526G,ESENTEPE REG.ve HES,unknown,2026-05-31 23:00:00+03:00,,14.0,chunk_0045.json,POST /v1/generation/data/dpp-bulk,2026-05-31 21:45:44.334183+00:00,3205526,ESENTEPE REG.ve HES,104663,2026-05-31T23:00:00+03:00,23:00
