entsoe_code,plant_name,fuel_type,delivery_hour,publication_timestamp,kgup_mwh,source_file,source_api,forecast_timestamp,uevcb_id,uevcb_name,org_id,date_raw,time_raw
40W000000036978X,EŞEN I HES,unknown,2026-05-31 00:00:00+03:00,,54.0,chunk_0013.json,POST /v1/generation/data/dpp-bulk,2026-05-31 21:45:15.514640+00:00,36978,EŞEN I HES,123,2026-05-31T00:00:00+03:00,00:00
40W000000036978X,EŞEN I HES,unknown,2026-05-31 01:00:00+03:00,,54.0,chunk_0013.json,POST /v1/generation/data/dpp-bulk,2026-05-31 21:45:15.514640+00:00,36978,EŞEN I HES,123,2026-05-31T01:00:00+03:00,01:00
40W000000036978X,EŞEN I HES,unknown,2026-05-31 02:00:00+03:00,,54.0,chunk_0013.json,POST /v1/generation/data/dpp-bulk,2026-05-31 21:45:15.514640+00:00,36978,EŞEN I HES,123,2026-05-31T02:00:00+03:00,02:00
40W000000036978X,EŞEN I HES,unknown,2026-05-31 03:00:00+03:00,,54.0,chunk_0013.json,POST /v1/generation/data/dpp-bulk,2026-05-31 21:45:15.514640+00:00,36978,EŞEN I HES,123,2026-05-31T03:00:00+03:00,03:00
40W000000036978X,EŞEN I HES,unknown,2026-05-31 04:00:00+03:00,,54.0,chunk_0013.json,POST /v1/generation/data/dpp-bulk,2026-05-31 21:45:15.514640+00:00,36978,EŞEN I HES,123,2026-05-31T04:00:00+03:00,04:00
40W000000036978X,EŞEN I HES,unknown,2026-05-31 05:00:00+03:00,,33.0,chunk_0013.json,POST /v1/generation/data/dpp-bulk,2026-05-31 21:45:15.514640+00:00,36978,EŞEN I HES,123,2026-05-31T05:00:00+03:00,05:00
40W000000036978X,EŞEN I HES,unknown,2026-05-31 06:00:00+03:00,,0.0,chunk_0013.json,POST /v1/generation/data/dpp-bulk,2026-05-31 21:45:15.514640+00:00,36978,EŞEN I HES,123,2026-05-31T06:00:00+03:00,06:00
40W000000036978X,EŞEN I HES,unknown,2026-05-31 07:00:00+03:00,,0.0,chunk_0013.json,POST /v1/generation/data/dpp-bulk,2026-05-31 21:45:15.514640+00:00,36978,EŞEN I HES,123,2026-05-31T07:00:00+03:00,07:00
40W000000036978X,EŞEN I HES,unknown,2026-05-31 08:00:00+03:00,,0.0,chunk_0013.json,POST /v1/generation/data/dpp-bulk,2026-05-31 21:45:15.514640+00:00,36978,EŞEN I HES,123,2026-05-31T08:00:00+03:00,08:00
40W000000036978X,EŞEN I HES,unknown,2026-05-31 09:00:00+03:00,,0.0,chunk_0013.json,POST /v1/generation/data/dpp-bulk,2026-05-31 21:45:15.514640+00:00,36978,EŞEN I HES,123,2026-05-31T09:00:00+03:00,09:00
40W000000036978X,EŞEN I HES,unknown,2026-05-31 10:00:00+03:00,,0.0,chunk_0013.json,POST /v1/generation/data/dpp-bulk,2026-05-31 21:45:15.514640+00:00,36978,EŞEN I HES,123,2026-05-31T10:00:00+03:00,10:00
40W000000036978X,EŞEN I HES,unknown,2026-05-31 11:00:00+03:00,,0.0,chunk_0013.json,POST /v1/generation/data/dpp-bulk,2026-05-31 21:45:15.514640+00:00,36978,EŞEN I HES,123,2026-05-31T11:00:00+03:00,11:00
40W000000036978X,EŞEN I HES,unknown,2026-05-31 12:00:00+03:00,,0.0,chunk_0013.json,POST /v1/generation/data/dpp-bulk,2026-05-31 21:45:15.514640+00:00,36978,EŞEN I HES,123,2026-05-31T12:00:00+03:00,12:00
40W000000036978X,EŞEN I HES,unknown,2026-05-31 13:00:00+03:00,,0.0,chunk_0013.json,POST /v1/generation/data/dpp-bulk,2026-05-31 21:45:15.514640+00:00,36978,EŞEN I HES,123,2026-05-31T13:00:00+03:00,13:00
40W000000036978X,EŞEN I HES,unknown,2026-05-31 14:00:00+03:00,,0.0,chunk_0013.json,POST /v1/generation/data/dpp-bulk,2026-05-31 21:45:15.514640+00:00,36978,EŞEN I HES,123,2026-05-31T14:00:00+03:00,14:00
40W000000036978X,EŞEN I HES,unknown,2026-05-31 15:00:00+03:00,,0.0,chunk_0013.json,POST /v1/generation/data/dpp-bulk,2026-05-31 21:45:15.514640+00:00,36978,EŞEN I HES,123,2026-05-31T15:00:00+03:00,15:00
40W000000036978X,EŞEN I HES,unknown,2026-05-31 16:00:00+03:00,,0.0,chunk_0013.json,POST /v1/generation/data/dpp-bulk,2026-05-31 21:45:15.514640+00:00,36978,EŞEN I HES,123,2026-05-31T16:00:00+03:00,16:00
40W000000036978X,EŞEN I HES,unknown,2026-05-31 17:00:00+03:00,,0.0,chunk_0013.json,POST /v1/generation/data/dpp-bulk,2026-05-31 21:45:15.514640+00:00,36978,EŞEN I HES,123,2026-05-31T17:00:00+03:00,17:00
40W000000036978X,EŞEN I HES,unknown,2026-05-31 18:00:00+03:00,,37.0,chunk_0013.json,POST /v1/generation/data/dpp-bulk,2026-05-31 21:45:15.514640+00:00,36978,EŞEN I HES,123,2026-05-31T18:00:00+03:00,18:00
40W000000036978X,EŞEN I HES,unknown,2026-05-31 19:00:00+03:00,,54.0,chunk_0013.json,POST /v1/generation/data/dpp-bulk,2026-05-31 21:45:15.514640+00:00,36978,EŞEN I HES,123,2026-05-31T19:00:00+03:00,19:00
40W000000036978X,EŞEN I HES,unknown,2026-05-31 20:00:00+03:00,,54.0,chunk_0013.json,POST /v1/generation/data/dpp-bulk,2026-05-31 21:45:15.514640+00:00,36978,EŞEN I HES,123,2026-05-31T20:00:00+03:00,20:00
40W000000036978X,EŞEN I HES,unknown,2026-05-31 21:00:00+03:00,,54.0,chunk_0013.json,POST /v1/generation/data/dpp-bulk,2026-05-31 21:45:15.514640+00:00,36978,EŞEN I HES,123,2026-05-31T21:00:00+03:00,21:00
40W000000036978X,EŞEN I HES,unknown,2026-05-31 22:00:00+03:00,,54.0,chunk_0013.json,POST /v1/generation/data/dpp-bulk,2026-05-31 21:45:15.514640+00:00,36978,EŞEN I HES,123,2026-05-31T22:00:00+03:00,22:00
40W000000036978X,EŞEN I HES,unknown,2026-05-31 23:00:00+03:00,,54.0,chunk_0013.json,POST /v1/generation/data/dpp-bulk,2026-05-31 21:45:15.514640+00:00,36978,EŞEN I HES,123,2026-05-31T23:00:00+03:00,23:00
40W000000036979V,EŞEN II HES,unknown,2026-05-31 00:00:00+03:00,,22.9,chunk_0013.json,POST /v1/generation/data/dpp-bulk,2026-05-31 21:45:15.514640+00:00,36979,EŞEN II HES,123,2026-05-31T00:00:00+03:00,00:00
40W000000036979V,EŞEN II HES,unknown,2026-05-31 01:00:00+03:00,,22.9,chunk_0013.json,POST /v1/generation/data/dpp-bulk,2026-05-31 21:45:15.514640+00:00,36979,EŞEN II HES,123,2026-05-31T01:00:00+03:00,01:00
40W000000036979V,EŞEN II HES,unknown,2026-05-31 02:00:00+03:00,,22.9,chunk_0013.json,POST /v1/generation/data/dpp-bulk,2026-05-31 21:45:15.514640+00:00,36979,EŞEN II HES,123,2026-05-31T02:00:00+03:00,02:00
40W000000036979V,EŞEN II HES,unknown,2026-05-31 03:00:00+03:00,,22.9,chunk_0013.json,POST /v1/generation/data/dpp-bulk,2026-05-31 21:45:15.514640+00:00,36979,EŞEN II HES,123,2026-05-31T03:00:00+03:00,03:00
40W000000036979V,EŞEN II HES,unknown,2026-05-31 04:00:00+03:00,,22.9,chunk_0013.json,POST /v1/generation/data/dpp-bulk,2026-05-31 21:45:15.514640+00:00,36979,EŞEN II HES,123,2026-05-31T04:00:00+03:00,04:00
40W000000036979V,EŞEN II HES,unknown,2026-05-31 05:00:00+03:00,,14.0,chunk_0013.json,POST /v1/generation/data/dpp-bulk,2026-05-31 21:45:15.514640+00:00,36979,EŞEN II HES,123,2026-05-31T05:00:00+03:00,05:00
40W000000036979V,EŞEN II HES,unknown,2026-05-31 06:00:00+03:00,,7.0,chunk_0013.json,POST /v1/generation/data/dpp-bulk,2026-05-31 21:45:15.514640+00:00,36979,EŞEN II HES,123,2026-05-31T06:00:00+03:00,06:00
40W000000036979V,EŞEN II HES,unknown,2026-05-31 07:00:00+03:00,,7.0,chunk_0013.json,POST /v1/generation/data/dpp-bulk,2026-05-31 21:45:15.514640+00:00,36979,EŞEN II HES,123,2026-05-31T07:00:00+03:00,07:00
40W000000036979V,EŞEN II HES,unknown,2026-05-31 08:00:00+03:00,,7.0,chunk_0013.json,POST /v1/generation/data/dpp-bulk,2026-05-31 21:45:15.514640+00:00,36979,EŞEN II HES,123,2026-05-31T08:00:00+03:00,08:00
40W000000036979V,EŞEN II HES,unknown,2026-05-31 09:00:00+03:00,,7.0,chunk_0013.json,POST /v1/generation/data/dpp-bulk,2026-05-31 21:45:15.514640+00:00,36979,EŞEN II HES,123,2026-05-31T09:00:00+03:00,09:00
40W000000036979V,EŞEN II HES,unknown,2026-05-31 10:00:00+03:00,,7.0,chunk_0013.json,POST /v1/generation/data/dpp-bulk,2026-05-31 21:45:15.514640+00:00,36979,EŞEN II HES,123,2026-05-31T10:00:00+03:00,10:00
40W000000036979V,EŞEN II HES,unknown,2026-05-31 11:00:00+03:00,,7.0,chunk_0013.json,POST /v1/generation/data/dpp-bulk,2026-05-31 21:45:15.514640+00:00,36979,EŞEN II HES,123,2026-05-31T11:00:00+03:00,11:00
40W000000036979V,EŞEN II HES,unknown,2026-05-31 12:00:00+03:00,,7.0,chunk_0013.json,POST /v1/generation/data/dpp-bulk,2026-05-31 21:45:15.514640+00:00,36979,EŞEN II HES,123,2026-05-31T12:00:00+03:00,12:00
40W000000036979V,EŞEN II HES,unknown,2026-05-31 13:00:00+03:00,,7.0,chunk_0013.json,POST /v1/generation/data/dpp-bulk,2026-05-31 21:45:15.514640+00:00,36979,EŞEN II HES,123,2026-05-31T13:00:00+03:00,13:00
40W000000036979V,EŞEN II HES,unknown,2026-05-31 14:00:00+03:00,,7.0,chunk_0013.json,POST /v1/generation/data/dpp-bulk,2026-05-31 21:45:15.514640+00:00,36979,EŞEN II HES,123,2026-05-31T14:00:00+03:00,14:00
40W000000036979V,EŞEN II HES,unknown,2026-05-31 15:00:00+03:00,,7.0,chunk_0013.json,POST /v1/generation/data/dpp-bulk,2026-05-31 21:45:15.514640+00:00,36979,EŞEN II HES,123,2026-05-31T15:00:00+03:00,15:00
40W000000036979V,EŞEN II HES,unknown,2026-05-31 16:00:00+03:00,,7.0,chunk_0013.json,POST /v1/generation/data/dpp-bulk,2026-05-31 21:45:15.514640+00:00,36979,EŞEN II HES,123,2026-05-31T16:00:00+03:00,16:00
40W000000036979V,EŞEN II HES,unknown,2026-05-31 17:00:00+03:00,,7.0,chunk_0013.json,POST /v1/generation/data/dpp-bulk,2026-05-31 21:45:15.514640+00:00,36979,EŞEN II HES,123,2026-05-31T17:00:00+03:00,17:00
40W000000036979V,EŞEN II HES,unknown,2026-05-31 18:00:00+03:00,,14.0,chunk_0013.json,POST /v1/generation/data/dpp-bulk,2026-05-31 21:45:15.514640+00:00,36979,EŞEN II HES,123,2026-05-31T18:00:00+03:00,18:00
40W000000036979V,EŞEN II HES,unknown,2026-05-31 19:00:00+03:00,,22.9,chunk_0013.json,POST /v1/generation/data/dpp-bulk,2026-05-31 21:45:15.514640+00:00,36979,EŞEN II HES,123,2026-05-31T19:00:00+03:00,19:00
40W000000036979V,EŞEN II HES,unknown,2026-05-31 20:00:00+03:00,,22.9,chunk_0013.json,POST /v1/generation/data/dpp-bulk,2026-05-31 21:45:15.514640+00:00,36979,EŞEN II HES,123,2026-05-31T20:00:00+03:00,20:00
40W000000036979V,EŞEN II HES,unknown,2026-05-31 21:00:00+03:00,,22.9,chunk_0013.json,POST /v1/generation/data/dpp-bulk,2026-05-31 21:45:15.514640+00:00,36979,EŞEN II HES,123,2026-05-31T21:00:00+03:00,21:00
40W000000036979V,EŞEN II HES,unknown,2026-05-31 22:00:00+03:00,,22.9,chunk_0013.json,POST /v1/generation/data/dpp-bulk,2026-05-31 21:45:15.514640+00:00,36979,EŞEN II HES,123,2026-05-31T22:00:00+03:00,22:00
40W000000036979V,EŞEN II HES,unknown,2026-05-31 23:00:00+03:00,,22.9,chunk_0013.json,POST /v1/generation/data/dpp-bulk,2026-05-31 21:45:15.514640+00:00,36979,EŞEN II HES,123,2026-05-31T23:00:00+03:00,23:00
40W000000031517K,KUMKÖY HES,unknown,2026-05-31 00:00:00+03:00,,14.5,chunk_0013.json,POST /v1/generation/data/dpp-bulk,2026-05-31 21:45:15.514640+00:00,31517,KUMKÖY HES,147,2026-05-31T00:00:00+03:00,00:00
40W000000031517K,KUMKÖY HES,unknown,2026-05-31 01:00:00+03:00,,14.5,chunk_0013.json,POST /v1/generation/data/dpp-bulk,2026-05-31 21:45:15.514640+00:00,31517,KUMKÖY HES,147,2026-05-31T01:00:00+03:00,01:00
40W000000031517K,KUMKÖY HES,unknown,2026-05-31 02:00:00+03:00,,14.5,chunk_0013.json,POST /v1/generation/data/dpp-bulk,2026-05-31 21:45:15.514640+00:00,31517,KUMKÖY HES,147,2026-05-31T02:00:00+03:00,02:00
40W000000031517K,KUMKÖY HES,unknown,2026-05-31 03:00:00+03:00,,14.5,chunk_0013.json,POST /v1/generation/data/dpp-bulk,2026-05-31 21:45:15.514640+00:00,31517,KUMKÖY HES,147,2026-05-31T03:00:00+03:00,03:00
40W000000031517K,KUMKÖY HES,unknown,2026-05-31 04:00:00+03:00,,14.5,chunk_0013.json,POST /v1/generation/data/dpp-bulk,2026-05-31 21:45:15.514640+00:00,31517,KUMKÖY HES,147,2026-05-31T04:00:00+03:00,04:00
40W000000031517K,KUMKÖY HES,unknown,2026-05-31 05:00:00+03:00,,14.5,chunk_0013.json,POST /v1/generation/data/dpp-bulk,2026-05-31 21:45:15.514640+00:00,31517,KUMKÖY HES,147,2026-05-31T05:00:00+03:00,05:00
40W000000031517K,KUMKÖY HES,unknown,2026-05-31 06:00:00+03:00,,0.0,chunk_0013.json,POST /v1/generation/data/dpp-bulk,2026-05-31 21:45:15.514640+00:00,31517,KUMKÖY HES,147,2026-05-31T06:00:00+03:00,06:00
40W000000031517K,KUMKÖY HES,unknown,2026-05-31 07:00:00+03:00,,0.0,chunk_0013.json,POST /v1/generation/data/dpp-bulk,2026-05-31 21:45:15.514640+00:00,31517,KUMKÖY HES,147,2026-05-31T07:00:00+03:00,07:00
40W000000031517K,KUMKÖY HES,unknown,2026-05-31 08:00:00+03:00,,0.0,chunk_0013.json,POST /v1/generation/data/dpp-bulk,2026-05-31 21:45:15.514640+00:00,31517,KUMKÖY HES,147,2026-05-31T08:00:00+03:00,08:00
40W000000031517K,KUMKÖY HES,unknown,2026-05-31 09:00:00+03:00,,0.0,chunk_0013.json,POST /v1/generation/data/dpp-bulk,2026-05-31 21:45:15.514640+00:00,31517,KUMKÖY HES,147,2026-05-31T09:00:00+03:00,09:00
40W000000031517K,KUMKÖY HES,unknown,2026-05-31 10:00:00+03:00,,0.0,chunk_0013.json,POST /v1/generation/data/dpp-bulk,2026-05-31 21:45:15.514640+00:00,31517,KUMKÖY HES,147,2026-05-31T10:00:00+03:00,10:00
40W000000031517K,KUMKÖY HES,unknown,2026-05-31 11:00:00+03:00,,0.0,chunk_0013.json,POST /v1/generation/data/dpp-bulk,2026-05-31 21:45:15.514640+00:00,31517,KUMKÖY HES,147,2026-05-31T11:00:00+03:00,11:00
40W000000031517K,KUMKÖY HES,unknown,2026-05-31 12:00:00+03:00,,0.0,chunk_0013.json,POST /v1/generation/data/dpp-bulk,2026-05-31 21:45:15.514640+00:00,31517,KUMKÖY HES,147,2026-05-31T12:00:00+03:00,12:00
40W000000031517K,KUMKÖY HES,unknown,2026-05-31 13:00:00+03:00,,0.0,chunk_0013.json,POST /v1/generation/data/dpp-bulk,2026-05-31 21:45:15.514640+00:00,31517,KUMKÖY HES,147,2026-05-31T13:00:00+03:00,13:00
40W000000031517K,KUMKÖY HES,unknown,2026-05-31 14:00:00+03:00,,0.0,chunk_0013.json,POST /v1/generation/data/dpp-bulk,2026-05-31 21:45:15.514640+00:00,31517,KUMKÖY HES,147,2026-05-31T14:00:00+03:00,14:00
40W000000031517K,KUMKÖY HES,unknown,2026-05-31 15:00:00+03:00,,0.0,chunk_0013.json,POST /v1/generation/data/dpp-bulk,2026-05-31 21:45:15.514640+00:00,31517,KUMKÖY HES,147,2026-05-31T15:00:00+03:00,15:00
40W000000031517K,KUMKÖY HES,unknown,2026-05-31 16:00:00+03:00,,0.0,chunk_0013.json,POST /v1/generation/data/dpp-bulk,2026-05-31 21:45:15.514640+00:00,31517,KUMKÖY HES,147,2026-05-31T16:00:00+03:00,16:00
40W000000031517K,KUMKÖY HES,unknown,2026-05-31 17:00:00+03:00,,0.72,chunk_0013.json,POST /v1/generation/data/dpp-bulk,2026-05-31 21:45:15.514640+00:00,31517,KUMKÖY HES,147,2026-05-31T17:00:00+03:00,17:00
40W000000031517K,KUMKÖY HES,unknown,2026-05-31 18:00:00+03:00,,14.5,chunk_0013.json,POST /v1/generation/data/dpp-bulk,2026-05-31 21:45:15.514640+00:00,31517,KUMKÖY HES,147,2026-05-31T18:00:00+03:00,18:00
40W000000031517K,KUMKÖY HES,unknown,2026-05-31 19:00:00+03:00,,14.5,chunk_0013.json,POST /v1/generation/data/dpp-bulk,2026-05-31 21:45:15.514640+00:00,31517,KUMKÖY HES,147,2026-05-31T19:00:00+03:00,19:00
40W000000031517K,KUMKÖY HES,unknown,2026-05-31 20:00:00+03:00,,14.5,chunk_0013.json,POST /v1/generation/data/dpp-bulk,2026-05-31 21:45:15.514640+00:00,31517,KUMKÖY HES,147,2026-05-31T20:00:00+03:00,20:00
40W000000031517K,KUMKÖY HES,unknown,2026-05-31 21:00:00+03:00,,14.5,chunk_0013.json,POST /v1/generation/data/dpp-bulk,2026-05-31 21:45:15.514640+00:00,31517,KUMKÖY HES,147,2026-05-31T21:00:00+03:00,21:00
40W000000031517K,KUMKÖY HES,unknown,2026-05-31 22:00:00+03:00,,14.5,chunk_0013.json,POST /v1/generation/data/dpp-bulk,2026-05-31 21:45:15.514640+00:00,31517,KUMKÖY HES,147,2026-05-31T22:00:00+03:00,22:00
40W000000031517K,KUMKÖY HES,unknown,2026-05-31 23:00:00+03:00,,14.5,chunk_0013.json,POST /v1/generation/data/dpp-bulk,2026-05-31 21:45:15.514640+00:00,31517,KUMKÖY HES,147,2026-05-31T23:00:00+03:00,23:00
40W000000036970C,YAŞIL HES,unknown,2026-05-31 00:00:00+03:00,,2.0,chunk_0013.json,POST /v1/generation/data/dpp-bulk,2026-05-31 21:45:15.514640+00:00,36970,YAŞIL HES,3928,2026-05-31T00:00:00+03:00,00:00
40W000000036970C,YAŞIL HES,unknown,2026-05-31 01:00:00+03:00,,2.0,chunk_0013.json,POST /v1/generation/data/dpp-bulk,2026-05-31 21:45:15.514640+00:00,36970,YAŞIL HES,3928,2026-05-31T01:00:00+03:00,01:00
40W000000036970C,YAŞIL HES,unknown,2026-05-31 02:00:00+03:00,,2.0,chunk_0013.json,POST /v1/generation/data/dpp-bulk,2026-05-31 21:45:15.514640+00:00,36970,YAŞIL HES,3928,2026-05-31T02:00:00+03:00,02:00
40W000000036970C,YAŞIL HES,unknown,2026-05-31 03:00:00+03:00,,2.0,chunk_0013.json,POST /v1/generation/data/dpp-bulk,2026-05-31 21:45:15.514640+00:00,36970,YAŞIL HES,3928,2026-05-31T03:00:00+03:00,03:00
40W000000036970C,YAŞIL HES,unknown,2026-05-31 04:00:00+03:00,,2.0,chunk_0013.json,POST /v1/generation/data/dpp-bulk,2026-05-31 21:45:15.514640+00:00,36970,YAŞIL HES,3928,2026-05-31T04:00:00+03:00,04:00
40W000000036970C,YAŞIL HES,unknown,2026-05-31 05:00:00+03:00,,2.0,chunk_0013.json,POST /v1/generation/data/dpp-bulk,2026-05-31 21:45:15.514640+00:00,36970,YAŞIL HES,3928,2026-05-31T05:00:00+03:00,05:00
40W000000036970C,YAŞIL HES,unknown,2026-05-31 06:00:00+03:00,,2.0,chunk_0013.json,POST /v1/generation/data/dpp-bulk,2026-05-31 21:45:15.514640+00:00,36970,YAŞIL HES,3928,2026-05-31T06:00:00+03:00,06:00
40W000000036970C,YAŞIL HES,unknown,2026-05-31 07:00:00+03:00,,2.0,chunk_0013.json,POST /v1/generation/data/dpp-bulk,2026-05-31 21:45:15.514640+00:00,36970,YAŞIL HES,3928,2026-05-31T07:00:00+03:00,07:00
40W000000036970C,YAŞIL HES,unknown,2026-05-31 08:00:00+03:00,,2.0,chunk_0013.json,POST /v1/generation/data/dpp-bulk,2026-05-31 21:45:15.514640+00:00,36970,YAŞIL HES,3928,2026-05-31T08:00:00+03:00,08:00
40W000000036970C,YAŞIL HES,unknown,2026-05-31 09:00:00+03:00,,2.0,chunk_0013.json,POST /v1/generation/data/dpp-bulk,2026-05-31 21:45:15.514640+00:00,36970,YAŞIL HES,3928,2026-05-31T09:00:00+03:00,09:00
40W000000036970C,YAŞIL HES,unknown,2026-05-31 10:00:00+03:00,,2.0,chunk_0013.json,POST /v1/generation/data/dpp-bulk,2026-05-31 21:45:15.514640+00:00,36970,YAŞIL HES,3928,2026-05-31T10:00:00+03:00,10:00
40W000000036970C,YAŞIL HES,unknown,2026-05-31 11:00:00+03:00,,2.0,chunk_0013.json,POST /v1/generation/data/dpp-bulk,2026-05-31 21:45:15.514640+00:00,36970,YAŞIL HES,3928,2026-05-31T11:00:00+03:00,11:00
40W000000036970C,YAŞIL HES,unknown,2026-05-31 12:00:00+03:00,,2.0,chunk_0013.json,POST /v1/generation/data/dpp-bulk,2026-05-31 21:45:15.514640+00:00,36970,YAŞIL HES,3928,2026-05-31T12:00:00+03:00,12:00
40W000000036970C,YAŞIL HES,unknown,2026-05-31 13:00:00+03:00,,2.0,chunk_0013.json,POST /v1/generation/data/dpp-bulk,2026-05-31 21:45:15.514640+00:00,36970,YAŞIL HES,3928,2026-05-31T13:00:00+03:00,13:00
40W000000036970C,YAŞIL HES,unknown,2026-05-31 14:00:00+03:00,,2.0,chunk_0013.json,POST /v1/generation/data/dpp-bulk,2026-05-31 21:45:15.514640+00:00,36970,YAŞIL HES,3928,2026-05-31T14:00:00+03:00,14:00
40W000000036970C,YAŞIL HES,unknown,2026-05-31 15:00:00+03:00,,2.0,chunk_0013.json,POST /v1/generation/data/dpp-bulk,2026-05-31 21:45:15.514640+00:00,36970,YAŞIL HES,3928,2026-05-31T15:00:00+03:00,15:00
40W000000036970C,YAŞIL HES,unknown,2026-05-31 16:00:00+03:00,,2.0,chunk_0013.json,POST /v1/generation/data/dpp-bulk,2026-05-31 21:45:15.514640+00:00,36970,YAŞIL HES,3928,2026-05-31T16:00:00+03:00,16:00
40W000000036970C,YAŞIL HES,unknown,2026-05-31 17:00:00+03:00,,2.0,chunk_0013.json,POST /v1/generation/data/dpp-bulk,2026-05-31 21:45:15.514640+00:00,36970,YAŞIL HES,3928,2026-05-31T17:00:00+03:00,17:00
40W000000036970C,YAŞIL HES,unknown,2026-05-31 18:00:00+03:00,,2.0,chunk_0013.json,POST /v1/generation/data/dpp-bulk,2026-05-31 21:45:15.514640+00:00,36970,YAŞIL HES,3928,2026-05-31T18:00:00+03:00,18:00
40W000000036970C,YAŞIL HES,unknown,2026-05-31 19:00:00+03:00,,2.0,chunk_0013.json,POST /v1/generation/data/dpp-bulk,2026-05-31 21:45:15.514640+00:00,36970,YAŞIL HES,3928,2026-05-31T19:00:00+03:00,19:00
40W000000036970C,YAŞIL HES,unknown,2026-05-31 20:00:00+03:00,,2.0,chunk_0013.json,POST /v1/generation/data/dpp-bulk,2026-05-31 21:45:15.514640+00:00,36970,YAŞIL HES,3928,2026-05-31T20:00:00+03:00,20:00
40W000000036970C,YAŞIL HES,unknown,2026-05-31 21:00:00+03:00,,2.0,chunk_0013.json,POST /v1/generation/data/dpp-bulk,2026-05-31 21:45:15.514640+00:00,36970,YAŞIL HES,3928,2026-05-31T21:00:00+03:00,21:00
40W000000036970C,YAŞIL HES,unknown,2026-05-31 22:00:00+03:00,,2.0,chunk_0013.json,POST /v1/generation/data/dpp-bulk,2026-05-31 21:45:15.514640+00:00,36970,YAŞIL HES,3928,2026-05-31T22:00:00+03:00,22:00
40W000000036970C,YAŞIL HES,unknown,2026-05-31 23:00:00+03:00,,2.0,chunk_0013.json,POST /v1/generation/data/dpp-bulk,2026-05-31 21:45:15.514640+00:00,36970,YAŞIL HES,3928,2026-05-31T23:00:00+03:00,23:00
40W000000036550Y,İSG HAVALİMANI TRİJENERASYON SANTRALİ,unknown,2026-05-31 00:00:00+03:00,,0.0,chunk_0013.json,POST /v1/generation/data/dpp-bulk,2026-05-31 21:45:15.514640+00:00,36550,İSG HAVALİMANI TRİJENERASYON SANTRALİ,3948,2026-05-31T00:00:00+03:00,00:00
40W000000036550Y,İSG HAVALİMANI TRİJENERASYON SANTRALİ,unknown,2026-05-31 01:00:00+03:00,,0.0,chunk_0013.json,POST /v1/generation/data/dpp-bulk,2026-05-31 21:45:15.514640+00:00,36550,İSG HAVALİMANI TRİJENERASYON SANTRALİ,3948,2026-05-31T01:00:00+03:00,01:00
40W000000036550Y,İSG HAVALİMANI TRİJENERASYON SANTRALİ,unknown,2026-05-31 02:00:00+03:00,,0.0,chunk_0013.json,POST /v1/generation/data/dpp-bulk,2026-05-31 21:45:15.514640+00:00,36550,İSG HAVALİMANI TRİJENERASYON SANTRALİ,3948,2026-05-31T02:00:00+03:00,02:00
40W000000036550Y,İSG HAVALİMANI TRİJENERASYON SANTRALİ,unknown,2026-05-31 03:00:00+03:00,,0.0,chunk_0013.json,POST /v1/generation/data/dpp-bulk,2026-05-31 21:45:15.514640+00:00,36550,İSG HAVALİMANI TRİJENERASYON SANTRALİ,3948,2026-05-31T03:00:00+03:00,03:00
40W000000036550Y,İSG HAVALİMANI TRİJENERASYON SANTRALİ,unknown,2026-05-31 04:00:00+03:00,,0.0,chunk_0013.json,POST /v1/generation/data/dpp-bulk,2026-05-31 21:45:15.514640+00:00,36550,İSG HAVALİMANI TRİJENERASYON SANTRALİ,3948,2026-05-31T04:00:00+03:00,04:00
40W000000036550Y,İSG HAVALİMANI TRİJENERASYON SANTRALİ,unknown,2026-05-31 05:00:00+03:00,,0.0,chunk_0013.json,POST /v1/generation/data/dpp-bulk,2026-05-31 21:45:15.514640+00:00,36550,İSG HAVALİMANI TRİJENERASYON SANTRALİ,3948,2026-05-31T05:00:00+03:00,05:00
40W000000036550Y,İSG HAVALİMANI TRİJENERASYON SANTRALİ,unknown,2026-05-31 06:00:00+03:00,,0.0,chunk_0013.json,POST /v1/generation/data/dpp-bulk,2026-05-31 21:45:15.514640+00:00,36550,İSG HAVALİMANI TRİJENERASYON SANTRALİ,3948,2026-05-31T06:00:00+03:00,06:00
40W000000036550Y,İSG HAVALİMANI TRİJENERASYON SANTRALİ,unknown,2026-05-31 07:00:00+03:00,,0.0,chunk_0013.json,POST /v1/generation/data/dpp-bulk,2026-05-31 21:45:15.514640+00:00,36550,İSG HAVALİMANI TRİJENERASYON SANTRALİ,3948,2026-05-31T07:00:00+03:00,07:00
40W000000036550Y,İSG HAVALİMANI TRİJENERASYON SANTRALİ,unknown,2026-05-31 08:00:00+03:00,,0.0,chunk_0013.json,POST /v1/generation/data/dpp-bulk,2026-05-31 21:45:15.514640+00:00,36550,İSG HAVALİMANI TRİJENERASYON SANTRALİ,3948,2026-05-31T08:00:00+03:00,08:00
40W000000036550Y,İSG HAVALİMANI TRİJENERASYON SANTRALİ,unknown,2026-05-31 09:00:00+03:00,,0.0,chunk_0013.json,POST /v1/generation/data/dpp-bulk,2026-05-31 21:45:15.514640+00:00,36550,İSG HAVALİMANI TRİJENERASYON SANTRALİ,3948,2026-05-31T09:00:00+03:00,09:00
40W000000036550Y,İSG HAVALİMANI TRİJENERASYON SANTRALİ,unknown,2026-05-31 10:00:00+03:00,,0.0,chunk_0013.json,POST /v1/generation/data/dpp-bulk,2026-05-31 21:45:15.514640+00:00,36550,İSG HAVALİMANI TRİJENERASYON SANTRALİ,3948,2026-05-31T10:00:00+03:00,10:00
40W000000036550Y,İSG HAVALİMANI TRİJENERASYON SANTRALİ,unknown,2026-05-31 11:00:00+03:00,,0.0,chunk_0013.json,POST /v1/generation/data/dpp-bulk,2026-05-31 21:45:15.514640+00:00,36550,İSG HAVALİMANI TRİJENERASYON SANTRALİ,3948,2026-05-31T11:00:00+03:00,11:00
40W000000036550Y,İSG HAVALİMANI TRİJENERASYON SANTRALİ,unknown,2026-05-31 12:00:00+03:00,,0.0,chunk_0013.json,POST /v1/generation/data/dpp-bulk,2026-05-31 21:45:15.514640+00:00,36550,İSG HAVALİMANI TRİJENERASYON SANTRALİ,3948,2026-05-31T12:00:00+03:00,12:00
40W000000036550Y,İSG HAVALİMANI TRİJENERASYON SANTRALİ,unknown,2026-05-31 13:00:00+03:00,,0.0,chunk_0013.json,POST /v1/generation/data/dpp-bulk,2026-05-31 21:45:15.514640+00:00,36550,İSG HAVALİMANI TRİJENERASYON SANTRALİ,3948,2026-05-31T13:00:00+03:00,13:00
40W000000036550Y,İSG HAVALİMANI TRİJENERASYON SANTRALİ,unknown,2026-05-31 14:00:00+03:00,,0.0,chunk_0013.json,POST /v1/generation/data/dpp-bulk,2026-05-31 21:45:15.514640+00:00,36550,İSG HAVALİMANI TRİJENERASYON SANTRALİ,3948,2026-05-31T14:00:00+03:00,14:00
40W000000036550Y,İSG HAVALİMANI TRİJENERASYON SANTRALİ,unknown,2026-05-31 15:00:00+03:00,,0.0,chunk_0013.json,POST /v1/generation/data/dpp-bulk,2026-05-31 21:45:15.514640+00:00,36550,İSG HAVALİMANI TRİJENERASYON SANTRALİ,3948,2026-05-31T15:00:00+03:00,15:00
40W000000036550Y,İSG HAVALİMANI TRİJENERASYON SANTRALİ,unknown,2026-05-31 16:00:00+03:00,,0.0,chunk_0013.json,POST /v1/generation/data/dpp-bulk,2026-05-31 21:45:15.514640+00:00,36550,İSG HAVALİMANI TRİJENERASYON SANTRALİ,3948,2026-05-31T16:00:00+03:00,16:00
40W000000036550Y,İSG HAVALİMANI TRİJENERASYON SANTRALİ,unknown,2026-05-31 17:00:00+03:00,,0.0,chunk_0013.json,POST /v1/generation/data/dpp-bulk,2026-05-31 21:45:15.514640+00:00,36550,İSG HAVALİMANI TRİJENERASYON SANTRALİ,3948,2026-05-31T17:00:00+03:00,17:00
40W000000036550Y,İSG HAVALİMANI TRİJENERASYON SANTRALİ,unknown,2026-05-31 18:00:00+03:00,,0.0,chunk_0013.json,POST /v1/generation/data/dpp-bulk,2026-05-31 21:45:15.514640+00:00,36550,İSG HAVALİMANI TRİJENERASYON SANTRALİ,3948,2026-05-31T18:00:00+03:00,18:00
40W000000036550Y,İSG HAVALİMANI TRİJENERASYON SANTRALİ,unknown,2026-05-31 19:00:00+03:00,,0.0,chunk_0013.json,POST /v1/generation/data/dpp-bulk,2026-05-31 21:45:15.514640+00:00,36550,İSG HAVALİMANI TRİJENERASYON SANTRALİ,3948,2026-05-31T19:00:00+03:00,19:00
40W000000036550Y,İSG HAVALİMANI TRİJENERASYON SANTRALİ,unknown,2026-05-31 20:00:00+03:00,,0.0,chunk_0013.json,POST /v1/generation/data/dpp-bulk,2026-05-31 21:45:15.514640+00:00,36550,İSG HAVALİMANI TRİJENERASYON SANTRALİ,3948,2026-05-31T20:00:00+03:00,20:00
40W000000036550Y,İSG HAVALİMANI TRİJENERASYON SANTRALİ,unknown,2026-05-31 21:00:00+03:00,,0.0,chunk_0013.json,POST /v1/generation/data/dpp-bulk,2026-05-31 21:45:15.514640+00:00,36550,İSG HAVALİMANI TRİJENERASYON SANTRALİ,3948,2026-05-31T21:00:00+03:00,21:00
40W000000036550Y,İSG HAVALİMANI TRİJENERASYON SANTRALİ,unknown,2026-05-31 22:00:00+03:00,,0.0,chunk_0013.json,POST /v1/generation/data/dpp-bulk,2026-05-31 21:45:15.514640+00:00,36550,İSG HAVALİMANI TRİJENERASYON SANTRALİ,3948,2026-05-31T22:00:00+03:00,22:00
40W000000036550Y,İSG HAVALİMANI TRİJENERASYON SANTRALİ,unknown,2026-05-31 23:00:00+03:00,,0.0,chunk_0013.json,POST /v1/generation/data/dpp-bulk,2026-05-31 21:45:15.514640+00:00,36550,İSG HAVALİMANI TRİJENERASYON SANTRALİ,3948,2026-05-31T23:00:00+03:00,23:00
40W0000000329323,DURU 2 HES,unknown,2026-05-31 00:00:00+03:00,,7.1,chunk_0013.json,POST /v1/generation/data/dpp-bulk,2026-05-31 21:45:15.514640+00:00,32932,DURU 2 HES,4030,2026-05-31T00:00:00+03:00,00:00
40W0000000329323,DURU 2 HES,unknown,2026-05-31 01:00:00+03:00,,7.1,chunk_0013.json,POST /v1/generation/data/dpp-bulk,2026-05-31 21:45:15.514640+00:00,32932,DURU 2 HES,4030,2026-05-31T01:00:00+03:00,01:00
40W0000000329323,DURU 2 HES,unknown,2026-05-31 02:00:00+03:00,,7.1,chunk_0013.json,POST /v1/generation/data/dpp-bulk,2026-05-31 21:45:15.514640+00:00,32932,DURU 2 HES,4030,2026-05-31T02:00:00+03:00,02:00
40W0000000329323,DURU 2 HES,unknown,2026-05-31 03:00:00+03:00,,7.1,chunk_0013.json,POST /v1/generation/data/dpp-bulk,2026-05-31 21:45:15.514640+00:00,32932,DURU 2 HES,4030,2026-05-31T03:00:00+03:00,03:00
40W0000000329323,DURU 2 HES,unknown,2026-05-31 04:00:00+03:00,,4.1,chunk_0013.json,POST /v1/generation/data/dpp-bulk,2026-05-31 21:45:15.514640+00:00,32932,DURU 2 HES,4030,2026-05-31T04:00:00+03:00,04:00
40W0000000329323,DURU 2 HES,unknown,2026-05-31 05:00:00+03:00,,7.1,chunk_0013.json,POST /v1/generation/data/dpp-bulk,2026-05-31 21:45:15.514640+00:00,32932,DURU 2 HES,4030,2026-05-31T05:00:00+03:00,05:00
40W0000000329323,DURU 2 HES,unknown,2026-05-31 06:00:00+03:00,,0.0,chunk_0013.json,POST /v1/generation/data/dpp-bulk,2026-05-31 21:45:15.514640+00:00,32932,DURU 2 HES,4030,2026-05-31T06:00:00+03:00,06:00
40W0000000329323,DURU 2 HES,unknown,2026-05-31 07:00:00+03:00,,0.0,chunk_0013.json,POST /v1/generation/data/dpp-bulk,2026-05-31 21:45:15.514640+00:00,32932,DURU 2 HES,4030,2026-05-31T07:00:00+03:00,07:00
40W0000000329323,DURU 2 HES,unknown,2026-05-31 08:00:00+03:00,,0.0,chunk_0013.json,POST /v1/generation/data/dpp-bulk,2026-05-31 21:45:15.514640+00:00,32932,DURU 2 HES,4030,2026-05-31T08:00:00+03:00,08:00
40W0000000329323,DURU 2 HES,unknown,2026-05-31 09:00:00+03:00,,0.0,chunk_0013.json,POST /v1/generation/data/dpp-bulk,2026-05-31 21:45:15.514640+00:00,32932,DURU 2 HES,4030,2026-05-31T09:00:00+03:00,09:00
40W0000000329323,DURU 2 HES,unknown,2026-05-31 10:00:00+03:00,,0.0,chunk_0013.json,POST /v1/generation/data/dpp-bulk,2026-05-31 21:45:15.514640+00:00,32932,DURU 2 HES,4030,2026-05-31T10:00:00+03:00,10:00
40W0000000329323,DURU 2 HES,unknown,2026-05-31 11:00:00+03:00,,0.0,chunk_0013.json,POST /v1/generation/data/dpp-bulk,2026-05-31 21:45:15.514640+00:00,32932,DURU 2 HES,4030,2026-05-31T11:00:00+03:00,11:00
40W0000000329323,DURU 2 HES,unknown,2026-05-31 12:00:00+03:00,,0.0,chunk_0013.json,POST /v1/generation/data/dpp-bulk,2026-05-31 21:45:15.514640+00:00,32932,DURU 2 HES,4030,2026-05-31T12:00:00+03:00,12:00
40W0000000329323,DURU 2 HES,unknown,2026-05-31 13:00:00+03:00,,0.0,chunk_0013.json,POST /v1/generation/data/dpp-bulk,2026-05-31 21:45:15.514640+00:00,32932,DURU 2 HES,4030,2026-05-31T13:00:00+03:00,13:00
40W0000000329323,DURU 2 HES,unknown,2026-05-31 14:00:00+03:00,,0.0,chunk_0013.json,POST /v1/generation/data/dpp-bulk,2026-05-31 21:45:15.514640+00:00,32932,DURU 2 HES,4030,2026-05-31T14:00:00+03:00,14:00
40W0000000329323,DURU 2 HES,unknown,2026-05-31 15:00:00+03:00,,0.0,chunk_0013.json,POST /v1/generation/data/dpp-bulk,2026-05-31 21:45:15.514640+00:00,32932,DURU 2 HES,4030,2026-05-31T15:00:00+03:00,15:00
40W0000000329323,DURU 2 HES,unknown,2026-05-31 16:00:00+03:00,,0.0,chunk_0013.json,POST /v1/generation/data/dpp-bulk,2026-05-31 21:45:15.514640+00:00,32932,DURU 2 HES,4030,2026-05-31T16:00:00+03:00,16:00
40W0000000329323,DURU 2 HES,unknown,2026-05-31 17:00:00+03:00,,0.0,chunk_0013.json,POST /v1/generation/data/dpp-bulk,2026-05-31 21:45:15.514640+00:00,32932,DURU 2 HES,4030,2026-05-31T17:00:00+03:00,17:00
40W0000000329323,DURU 2 HES,unknown,2026-05-31 18:00:00+03:00,,7.2,chunk_0013.json,POST /v1/generation/data/dpp-bulk,2026-05-31 21:45:15.514640+00:00,32932,DURU 2 HES,4030,2026-05-31T18:00:00+03:00,18:00
40W0000000329323,DURU 2 HES,unknown,2026-05-31 19:00:00+03:00,,7.1,chunk_0013.json,POST /v1/generation/data/dpp-bulk,2026-05-31 21:45:15.514640+00:00,32932,DURU 2 HES,4030,2026-05-31T19:00:00+03:00,19:00
40W0000000329323,DURU 2 HES,unknown,2026-05-31 20:00:00+03:00,,7.1,chunk_0013.json,POST /v1/generation/data/dpp-bulk,2026-05-31 21:45:15.514640+00:00,32932,DURU 2 HES,4030,2026-05-31T20:00:00+03:00,20:00
40W0000000329323,DURU 2 HES,unknown,2026-05-31 21:00:00+03:00,,7.1,chunk_0013.json,POST /v1/generation/data/dpp-bulk,2026-05-31 21:45:15.514640+00:00,32932,DURU 2 HES,4030,2026-05-31T21:00:00+03:00,21:00
40W0000000329323,DURU 2 HES,unknown,2026-05-31 22:00:00+03:00,,7.1,chunk_0013.json,POST /v1/generation/data/dpp-bulk,2026-05-31 21:45:15.514640+00:00,32932,DURU 2 HES,4030,2026-05-31T22:00:00+03:00,22:00
40W0000000329323,DURU 2 HES,unknown,2026-05-31 23:00:00+03:00,,7.1,chunk_0013.json,POST /v1/generation/data/dpp-bulk,2026-05-31 21:45:15.514640+00:00,32932,DURU 2 HES,4030,2026-05-31T23:00:00+03:00,23:00
40W0000000373322,ADİLCEVAZ,unknown,2026-05-31 00:00:00+03:00,,0.12,chunk_0013.json,POST /v1/generation/data/dpp-bulk,2026-05-31 21:45:15.514640+00:00,37332,ADİLCEVAZ,4257,2026-05-31T00:00:00+03:00,00:00
40W0000000373322,ADİLCEVAZ,unknown,2026-05-31 01:00:00+03:00,,0.04,chunk_0013.json,POST /v1/generation/data/dpp-bulk,2026-05-31 21:45:15.514640+00:00,37332,ADİLCEVAZ,4257,2026-05-31T01:00:00+03:00,01:00
40W0000000373322,ADİLCEVAZ,unknown,2026-05-31 02:00:00+03:00,,0.04,chunk_0013.json,POST /v1/generation/data/dpp-bulk,2026-05-31 21:45:15.514640+00:00,37332,ADİLCEVAZ,4257,2026-05-31T02:00:00+03:00,02:00
40W0000000373322,ADİLCEVAZ,unknown,2026-05-31 03:00:00+03:00,,0.04,chunk_0013.json,POST /v1/generation/data/dpp-bulk,2026-05-31 21:45:15.514640+00:00,37332,ADİLCEVAZ,4257,2026-05-31T03:00:00+03:00,03:00
40W0000000373322,ADİLCEVAZ,unknown,2026-05-31 04:00:00+03:00,,0.04,chunk_0013.json,POST /v1/generation/data/dpp-bulk,2026-05-31 21:45:15.514640+00:00,37332,ADİLCEVAZ,4257,2026-05-31T04:00:00+03:00,04:00
40W0000000373322,ADİLCEVAZ,unknown,2026-05-31 05:00:00+03:00,,0.04,chunk_0013.json,POST /v1/generation/data/dpp-bulk,2026-05-31 21:45:15.514640+00:00,37332,ADİLCEVAZ,4257,2026-05-31T05:00:00+03:00,05:00
40W0000000373322,ADİLCEVAZ,unknown,2026-05-31 06:00:00+03:00,,0.04,chunk_0013.json,POST /v1/generation/data/dpp-bulk,2026-05-31 21:45:15.514640+00:00,37332,ADİLCEVAZ,4257,2026-05-31T06:00:00+03:00,06:00
40W0000000373322,ADİLCEVAZ,unknown,2026-05-31 07:00:00+03:00,,0.0,chunk_0013.json,POST /v1/generation/data/dpp-bulk,2026-05-31 21:45:15.514640+00:00,37332,ADİLCEVAZ,4257,2026-05-31T07:00:00+03:00,07:00
40W0000000373322,ADİLCEVAZ,unknown,2026-05-31 08:00:00+03:00,,0.0,chunk_0013.json,POST /v1/generation/data/dpp-bulk,2026-05-31 21:45:15.514640+00:00,37332,ADİLCEVAZ,4257,2026-05-31T08:00:00+03:00,08:00
40W0000000373322,ADİLCEVAZ,unknown,2026-05-31 09:00:00+03:00,,0.0,chunk_0013.json,POST /v1/generation/data/dpp-bulk,2026-05-31 21:45:15.514640+00:00,37332,ADİLCEVAZ,4257,2026-05-31T09:00:00+03:00,09:00
40W0000000373322,ADİLCEVAZ,unknown,2026-05-31 10:00:00+03:00,,0.0,chunk_0013.json,POST /v1/generation/data/dpp-bulk,2026-05-31 21:45:15.514640+00:00,37332,ADİLCEVAZ,4257,2026-05-31T10:00:00+03:00,10:00
40W0000000373322,ADİLCEVAZ,unknown,2026-05-31 11:00:00+03:00,,0.0,chunk_0013.json,POST /v1/generation/data/dpp-bulk,2026-05-31 21:45:15.514640+00:00,37332,ADİLCEVAZ,4257,2026-05-31T11:00:00+03:00,11:00
40W0000000373322,ADİLCEVAZ,unknown,2026-05-31 12:00:00+03:00,,0.0,chunk_0013.json,POST /v1/generation/data/dpp-bulk,2026-05-31 21:45:15.514640+00:00,37332,ADİLCEVAZ,4257,2026-05-31T12:00:00+03:00,12:00
40W0000000373322,ADİLCEVAZ,unknown,2026-05-31 13:00:00+03:00,,0.0,chunk_0013.json,POST /v1/generation/data/dpp-bulk,2026-05-31 21:45:15.514640+00:00,37332,ADİLCEVAZ,4257,2026-05-31T13:00:00+03:00,13:00
40W0000000373322,ADİLCEVAZ,unknown,2026-05-31 14:00:00+03:00,,0.0,chunk_0013.json,POST /v1/generation/data/dpp-bulk,2026-05-31 21:45:15.514640+00:00,37332,ADİLCEVAZ,4257,2026-05-31T14:00:00+03:00,14:00
40W0000000373322,ADİLCEVAZ,unknown,2026-05-31 15:00:00+03:00,,0.0,chunk_0013.json,POST /v1/generation/data/dpp-bulk,2026-05-31 21:45:15.514640+00:00,37332,ADİLCEVAZ,4257,2026-05-31T15:00:00+03:00,15:00
40W0000000373322,ADİLCEVAZ,unknown,2026-05-31 16:00:00+03:00,,0.0,chunk_0013.json,POST /v1/generation/data/dpp-bulk,2026-05-31 21:45:15.514640+00:00,37332,ADİLCEVAZ,4257,2026-05-31T16:00:00+03:00,16:00
40W0000000373322,ADİLCEVAZ,unknown,2026-05-31 17:00:00+03:00,,0.0,chunk_0013.json,POST /v1/generation/data/dpp-bulk,2026-05-31 21:45:15.514640+00:00,37332,ADİLCEVAZ,4257,2026-05-31T17:00:00+03:00,17:00
40W0000000373322,ADİLCEVAZ,unknown,2026-05-31 18:00:00+03:00,,0.12,chunk_0013.json,POST /v1/generation/data/dpp-bulk,2026-05-31 21:45:15.514640+00:00,37332,ADİLCEVAZ,4257,2026-05-31T18:00:00+03:00,18:00
40W0000000373322,ADİLCEVAZ,unknown,2026-05-31 19:00:00+03:00,,0.12,chunk_0013.json,POST /v1/generation/data/dpp-bulk,2026-05-31 21:45:15.514640+00:00,37332,ADİLCEVAZ,4257,2026-05-31T19:00:00+03:00,19:00
40W0000000373322,ADİLCEVAZ,unknown,2026-05-31 20:00:00+03:00,,0.12,chunk_0013.json,POST /v1/generation/data/dpp-bulk,2026-05-31 21:45:15.514640+00:00,37332,ADİLCEVAZ,4257,2026-05-31T20:00:00+03:00,20:00
40W0000000373322,ADİLCEVAZ,unknown,2026-05-31 21:00:00+03:00,,0.12,chunk_0013.json,POST /v1/generation/data/dpp-bulk,2026-05-31 21:45:15.514640+00:00,37332,ADİLCEVAZ,4257,2026-05-31T21:00:00+03:00,21:00
40W0000000373322,ADİLCEVAZ,unknown,2026-05-31 22:00:00+03:00,,0.12,chunk_0013.json,POST /v1/generation/data/dpp-bulk,2026-05-31 21:45:15.514640+00:00,37332,ADİLCEVAZ,4257,2026-05-31T22:00:00+03:00,22:00
40W0000000373322,ADİLCEVAZ,unknown,2026-05-31 23:00:00+03:00,,0.12,chunk_0013.json,POST /v1/generation/data/dpp-bulk,2026-05-31 21:45:15.514640+00:00,37332,ADİLCEVAZ,4257,2026-05-31T23:00:00+03:00,23:00
40W100000037342N,AHLAT,unknown,2026-05-31 00:00:00+03:00,,0.0,chunk_0013.json,POST /v1/generation/data/dpp-bulk,2026-05-31 21:45:15.514640+00:00,37342,AHLAT,4257,2026-05-31T00:00:00+03:00,00:00
40W100000037342N,AHLAT,unknown,2026-05-31 01:00:00+03:00,,0.02,chunk_0013.json,POST /v1/generation/data/dpp-bulk,2026-05-31 21:45:15.514640+00:00,37342,AHLAT,4257,2026-05-31T01:00:00+03:00,01:00
40W100000037342N,AHLAT,unknown,2026-05-31 02:00:00+03:00,,0.04,chunk_0013.json,POST /v1/generation/data/dpp-bulk,2026-05-31 21:45:15.514640+00:00,37342,AHLAT,4257,2026-05-31T02:00:00+03:00,02:00
40W100000037342N,AHLAT,unknown,2026-05-31 03:00:00+03:00,,0.04,chunk_0013.json,POST /v1/generation/data/dpp-bulk,2026-05-31 21:45:15.514640+00:00,37342,AHLAT,4257,2026-05-31T03:00:00+03:00,03:00
40W100000037342N,AHLAT,unknown,2026-05-31 04:00:00+03:00,,0.04,chunk_0013.json,POST /v1/generation/data/dpp-bulk,2026-05-31 21:45:15.514640+00:00,37342,AHLAT,4257,2026-05-31T04:00:00+03:00,04:00
40W100000037342N,AHLAT,unknown,2026-05-31 05:00:00+03:00,,0.04,chunk_0013.json,POST /v1/generation/data/dpp-bulk,2026-05-31 21:45:15.514640+00:00,37342,AHLAT,4257,2026-05-31T05:00:00+03:00,05:00
40W100000037342N,AHLAT,unknown,2026-05-31 06:00:00+03:00,,0.04,chunk_0013.json,POST /v1/generation/data/dpp-bulk,2026-05-31 21:45:15.514640+00:00,37342,AHLAT,4257,2026-05-31T06:00:00+03:00,06:00
40W100000037342N,AHLAT,unknown,2026-05-31 07:00:00+03:00,,0.0,chunk_0013.json,POST /v1/generation/data/dpp-bulk,2026-05-31 21:45:15.514640+00:00,37342,AHLAT,4257,2026-05-31T07:00:00+03:00,07:00
40W100000037342N,AHLAT,unknown,2026-05-31 08:00:00+03:00,,0.0,chunk_0013.json,POST /v1/generation/data/dpp-bulk,2026-05-31 21:45:15.514640+00:00,37342,AHLAT,4257,2026-05-31T08:00:00+03:00,08:00
40W100000037342N,AHLAT,unknown,2026-05-31 09:00:00+03:00,,0.0,chunk_0013.json,POST /v1/generation/data/dpp-bulk,2026-05-31 21:45:15.514640+00:00,37342,AHLAT,4257,2026-05-31T09:00:00+03:00,09:00
40W100000037342N,AHLAT,unknown,2026-05-31 10:00:00+03:00,,0.0,chunk_0013.json,POST /v1/generation/data/dpp-bulk,2026-05-31 21:45:15.514640+00:00,37342,AHLAT,4257,2026-05-31T10:00:00+03:00,10:00
40W100000037342N,AHLAT,unknown,2026-05-31 11:00:00+03:00,,0.0,chunk_0013.json,POST /v1/generation/data/dpp-bulk,2026-05-31 21:45:15.514640+00:00,37342,AHLAT,4257,2026-05-31T11:00:00+03:00,11:00
40W100000037342N,AHLAT,unknown,2026-05-31 12:00:00+03:00,,0.0,chunk_0013.json,POST /v1/generation/data/dpp-bulk,2026-05-31 21:45:15.514640+00:00,37342,AHLAT,4257,2026-05-31T12:00:00+03:00,12:00
40W100000037342N,AHLAT,unknown,2026-05-31 13:00:00+03:00,,0.0,chunk_0013.json,POST /v1/generation/data/dpp-bulk,2026-05-31 21:45:15.514640+00:00,37342,AHLAT,4257,2026-05-31T13:00:00+03:00,13:00
40W100000037342N,AHLAT,unknown,2026-05-31 14:00:00+03:00,,0.0,chunk_0013.json,POST /v1/generation/data/dpp-bulk,2026-05-31 21:45:15.514640+00:00,37342,AHLAT,4257,2026-05-31T14:00:00+03:00,14:00
40W100000037342N,AHLAT,unknown,2026-05-31 15:00:00+03:00,,0.0,chunk_0013.json,POST /v1/generation/data/dpp-bulk,2026-05-31 21:45:15.514640+00:00,37342,AHLAT,4257,2026-05-31T15:00:00+03:00,15:00
40W100000037342N,AHLAT,unknown,2026-05-31 16:00:00+03:00,,0.0,chunk_0013.json,POST /v1/generation/data/dpp-bulk,2026-05-31 21:45:15.514640+00:00,37342,AHLAT,4257,2026-05-31T16:00:00+03:00,16:00
40W100000037342N,AHLAT,unknown,2026-05-31 17:00:00+03:00,,0.04,chunk_0013.json,POST /v1/generation/data/dpp-bulk,2026-05-31 21:45:15.514640+00:00,37342,AHLAT,4257,2026-05-31T17:00:00+03:00,17:00
40W100000037342N,AHLAT,unknown,2026-05-31 18:00:00+03:00,,0.04,chunk_0013.json,POST /v1/generation/data/dpp-bulk,2026-05-31 21:45:15.514640+00:00,37342,AHLAT,4257,2026-05-31T18:00:00+03:00,18:00
40W100000037342N,AHLAT,unknown,2026-05-31 19:00:00+03:00,,0.04,chunk_0013.json,POST /v1/generation/data/dpp-bulk,2026-05-31 21:45:15.514640+00:00,37342,AHLAT,4257,2026-05-31T19:00:00+03:00,19:00
40W100000037342N,AHLAT,unknown,2026-05-31 20:00:00+03:00,,0.04,chunk_0013.json,POST /v1/generation/data/dpp-bulk,2026-05-31 21:45:15.514640+00:00,37342,AHLAT,4257,2026-05-31T20:00:00+03:00,20:00
40W100000037342N,AHLAT,unknown,2026-05-31 21:00:00+03:00,,0.04,chunk_0013.json,POST /v1/generation/data/dpp-bulk,2026-05-31 21:45:15.514640+00:00,37342,AHLAT,4257,2026-05-31T21:00:00+03:00,21:00
40W100000037342N,AHLAT,unknown,2026-05-31 22:00:00+03:00,,0.0,chunk_0013.json,POST /v1/generation/data/dpp-bulk,2026-05-31 21:45:15.514640+00:00,37342,AHLAT,4257,2026-05-31T22:00:00+03:00,22:00
40W100000037342N,AHLAT,unknown,2026-05-31 23:00:00+03:00,,0.0,chunk_0013.json,POST /v1/generation/data/dpp-bulk,2026-05-31 21:45:15.514640+00:00,37342,AHLAT,4257,2026-05-31T23:00:00+03:00,23:00
40W000000037349M,MALAZGİRT,unknown,2026-05-31 00:00:00+03:00,,0.5,chunk_0013.json,POST /v1/generation/data/dpp-bulk,2026-05-31 21:45:15.514640+00:00,37349,MALAZGİRT,4257,2026-05-31T00:00:00+03:00,00:00
40W000000037349M,MALAZGİRT,unknown,2026-05-31 01:00:00+03:00,,0.5,chunk_0013.json,POST /v1/generation/data/dpp-bulk,2026-05-31 21:45:15.514640+00:00,37349,MALAZGİRT,4257,2026-05-31T01:00:00+03:00,01:00
40W000000037349M,MALAZGİRT,unknown,2026-05-31 02:00:00+03:00,,0.5,chunk_0013.json,POST /v1/generation/data/dpp-bulk,2026-05-31 21:45:15.514640+00:00,37349,MALAZGİRT,4257,2026-05-31T02:00:00+03:00,02:00
40W000000037349M,MALAZGİRT,unknown,2026-05-31 03:00:00+03:00,,0.5,chunk_0013.json,POST /v1/generation/data/dpp-bulk,2026-05-31 21:45:15.514640+00:00,37349,MALAZGİRT,4257,2026-05-31T03:00:00+03:00,03:00
40W000000037349M,MALAZGİRT,unknown,2026-05-31 04:00:00+03:00,,0.5,chunk_0013.json,POST /v1/generation/data/dpp-bulk,2026-05-31 21:45:15.514640+00:00,37349,MALAZGİRT,4257,2026-05-31T04:00:00+03:00,04:00
40W000000037349M,MALAZGİRT,unknown,2026-05-31 05:00:00+03:00,,0.5,chunk_0013.json,POST /v1/generation/data/dpp-bulk,2026-05-31 21:45:15.514640+00:00,37349,MALAZGİRT,4257,2026-05-31T05:00:00+03:00,05:00
40W000000037349M,MALAZGİRT,unknown,2026-05-31 06:00:00+03:00,,0.5,chunk_0013.json,POST /v1/generation/data/dpp-bulk,2026-05-31 21:45:15.514640+00:00,37349,MALAZGİRT,4257,2026-05-31T06:00:00+03:00,06:00
40W000000037349M,MALAZGİRT,unknown,2026-05-31 07:00:00+03:00,,0.0,chunk_0013.json,POST /v1/generation/data/dpp-bulk,2026-05-31 21:45:15.514640+00:00,37349,MALAZGİRT,4257,2026-05-31T07:00:00+03:00,07:00
40W000000037349M,MALAZGİRT,unknown,2026-05-31 08:00:00+03:00,,0.0,chunk_0013.json,POST /v1/generation/data/dpp-bulk,2026-05-31 21:45:15.514640+00:00,37349,MALAZGİRT,4257,2026-05-31T08:00:00+03:00,08:00
40W000000037349M,MALAZGİRT,unknown,2026-05-31 09:00:00+03:00,,0.0,chunk_0013.json,POST /v1/generation/data/dpp-bulk,2026-05-31 21:45:15.514640+00:00,37349,MALAZGİRT,4257,2026-05-31T09:00:00+03:00,09:00
40W000000037349M,MALAZGİRT,unknown,2026-05-31 10:00:00+03:00,,0.0,chunk_0013.json,POST /v1/generation/data/dpp-bulk,2026-05-31 21:45:15.514640+00:00,37349,MALAZGİRT,4257,2026-05-31T10:00:00+03:00,10:00
40W000000037349M,MALAZGİRT,unknown,2026-05-31 11:00:00+03:00,,0.0,chunk_0013.json,POST /v1/generation/data/dpp-bulk,2026-05-31 21:45:15.514640+00:00,37349,MALAZGİRT,4257,2026-05-31T11:00:00+03:00,11:00
40W000000037349M,MALAZGİRT,unknown,2026-05-31 12:00:00+03:00,,0.0,chunk_0013.json,POST /v1/generation/data/dpp-bulk,2026-05-31 21:45:15.514640+00:00,37349,MALAZGİRT,4257,2026-05-31T12:00:00+03:00,12:00
40W000000037349M,MALAZGİRT,unknown,2026-05-31 13:00:00+03:00,,0.0,chunk_0013.json,POST /v1/generation/data/dpp-bulk,2026-05-31 21:45:15.514640+00:00,37349,MALAZGİRT,4257,2026-05-31T13:00:00+03:00,13:00
40W000000037349M,MALAZGİRT,unknown,2026-05-31 14:00:00+03:00,,0.0,chunk_0013.json,POST /v1/generation/data/dpp-bulk,2026-05-31 21:45:15.514640+00:00,37349,MALAZGİRT,4257,2026-05-31T14:00:00+03:00,14:00
40W000000037349M,MALAZGİRT,unknown,2026-05-31 15:00:00+03:00,,0.0,chunk_0013.json,POST /v1/generation/data/dpp-bulk,2026-05-31 21:45:15.514640+00:00,37349,MALAZGİRT,4257,2026-05-31T15:00:00+03:00,15:00
40W000000037349M,MALAZGİRT,unknown,2026-05-31 16:00:00+03:00,,0.0,chunk_0013.json,POST /v1/generation/data/dpp-bulk,2026-05-31 21:45:15.514640+00:00,37349,MALAZGİRT,4257,2026-05-31T16:00:00+03:00,16:00
40W000000037349M,MALAZGİRT,unknown,2026-05-31 17:00:00+03:00,,0.55,chunk_0013.json,POST /v1/generation/data/dpp-bulk,2026-05-31 21:45:15.514640+00:00,37349,MALAZGİRT,4257,2026-05-31T17:00:00+03:00,17:00
40W000000037349M,MALAZGİRT,unknown,2026-05-31 18:00:00+03:00,,0.55,chunk_0013.json,POST /v1/generation/data/dpp-bulk,2026-05-31 21:45:15.514640+00:00,37349,MALAZGİRT,4257,2026-05-31T18:00:00+03:00,18:00
40W000000037349M,MALAZGİRT,unknown,2026-05-31 19:00:00+03:00,,0.55,chunk_0013.json,POST /v1/generation/data/dpp-bulk,2026-05-31 21:45:15.514640+00:00,37349,MALAZGİRT,4257,2026-05-31T19:00:00+03:00,19:00
40W000000037349M,MALAZGİRT,unknown,2026-05-31 20:00:00+03:00,,0.55,chunk_0013.json,POST /v1/generation/data/dpp-bulk,2026-05-31 21:45:15.514640+00:00,37349,MALAZGİRT,4257,2026-05-31T20:00:00+03:00,20:00
40W000000037349M,MALAZGİRT,unknown,2026-05-31 21:00:00+03:00,,0.55,chunk_0013.json,POST /v1/generation/data/dpp-bulk,2026-05-31 21:45:15.514640+00:00,37349,MALAZGİRT,4257,2026-05-31T21:00:00+03:00,21:00
40W000000037349M,MALAZGİRT,unknown,2026-05-31 22:00:00+03:00,,0.55,chunk_0013.json,POST /v1/generation/data/dpp-bulk,2026-05-31 21:45:15.514640+00:00,37349,MALAZGİRT,4257,2026-05-31T22:00:00+03:00,22:00
40W000000037349M,MALAZGİRT,unknown,2026-05-31 23:00:00+03:00,,0.55,chunk_0013.json,POST /v1/generation/data/dpp-bulk,2026-05-31 21:45:15.514640+00:00,37349,MALAZGİRT,4257,2026-05-31T23:00:00+03:00,23:00
40W000000037370V,VARTO-SÖNMEZ HES,unknown,2026-05-31 00:00:00+03:00,,0.18,chunk_0013.json,POST /v1/generation/data/dpp-bulk,2026-05-31 21:45:15.514640+00:00,37370,VARTO-SÖNMEZ HES,4257,2026-05-31T00:00:00+03:00,00:00
40W000000037370V,VARTO-SÖNMEZ HES,unknown,2026-05-31 01:00:00+03:00,,0.18,chunk_0013.json,POST /v1/generation/data/dpp-bulk,2026-05-31 21:45:15.514640+00:00,37370,VARTO-SÖNMEZ HES,4257,2026-05-31T01:00:00+03:00,01:00
40W000000037370V,VARTO-SÖNMEZ HES,unknown,2026-05-31 02:00:00+03:00,,0.18,chunk_0013.json,POST /v1/generation/data/dpp-bulk,2026-05-31 21:45:15.514640+00:00,37370,VARTO-SÖNMEZ HES,4257,2026-05-31T02:00:00+03:00,02:00
40W000000037370V,VARTO-SÖNMEZ HES,unknown,2026-05-31 03:00:00+03:00,,0.18,chunk_0013.json,POST /v1/generation/data/dpp-bulk,2026-05-31 21:45:15.514640+00:00,37370,VARTO-SÖNMEZ HES,4257,2026-05-31T03:00:00+03:00,03:00
40W000000037370V,VARTO-SÖNMEZ HES,unknown,2026-05-31 04:00:00+03:00,,0.18,chunk_0013.json,POST /v1/generation/data/dpp-bulk,2026-05-31 21:45:15.514640+00:00,37370,VARTO-SÖNMEZ HES,4257,2026-05-31T04:00:00+03:00,04:00
40W000000037370V,VARTO-SÖNMEZ HES,unknown,2026-05-31 05:00:00+03:00,,0.18,chunk_0013.json,POST /v1/generation/data/dpp-bulk,2026-05-31 21:45:15.514640+00:00,37370,VARTO-SÖNMEZ HES,4257,2026-05-31T05:00:00+03:00,05:00
40W000000037370V,VARTO-SÖNMEZ HES,unknown,2026-05-31 06:00:00+03:00,,0.18,chunk_0013.json,POST /v1/generation/data/dpp-bulk,2026-05-31 21:45:15.514640+00:00,37370,VARTO-SÖNMEZ HES,4257,2026-05-31T06:00:00+03:00,06:00
40W000000037370V,VARTO-SÖNMEZ HES,unknown,2026-05-31 07:00:00+03:00,,0.0,chunk_0013.json,POST /v1/generation/data/dpp-bulk,2026-05-31 21:45:15.514640+00:00,37370,VARTO-SÖNMEZ HES,4257,2026-05-31T07:00:00+03:00,07:00
40W000000037370V,VARTO-SÖNMEZ HES,unknown,2026-05-31 08:00:00+03:00,,0.0,chunk_0013.json,POST /v1/generation/data/dpp-bulk,2026-05-31 21:45:15.514640+00:00,37370,VARTO-SÖNMEZ HES,4257,2026-05-31T08:00:00+03:00,08:00
40W000000037370V,VARTO-SÖNMEZ HES,unknown,2026-05-31 09:00:00+03:00,,0.0,chunk_0013.json,POST /v1/generation/data/dpp-bulk,2026-05-31 21:45:15.514640+00:00,37370,VARTO-SÖNMEZ HES,4257,2026-05-31T09:00:00+03:00,09:00
40W000000037370V,VARTO-SÖNMEZ HES,unknown,2026-05-31 10:00:00+03:00,,0.0,chunk_0013.json,POST /v1/generation/data/dpp-bulk,2026-05-31 21:45:15.514640+00:00,37370,VARTO-SÖNMEZ HES,4257,2026-05-31T10:00:00+03:00,10:00
40W000000037370V,VARTO-SÖNMEZ HES,unknown,2026-05-31 11:00:00+03:00,,0.0,chunk_0013.json,POST /v1/generation/data/dpp-bulk,2026-05-31 21:45:15.514640+00:00,37370,VARTO-SÖNMEZ HES,4257,2026-05-31T11:00:00+03:00,11:00
40W000000037370V,VARTO-SÖNMEZ HES,unknown,2026-05-31 12:00:00+03:00,,0.0,chunk_0013.json,POST /v1/generation/data/dpp-bulk,2026-05-31 21:45:15.514640+00:00,37370,VARTO-SÖNMEZ HES,4257,2026-05-31T12:00:00+03:00,12:00
40W000000037370V,VARTO-SÖNMEZ HES,unknown,2026-05-31 13:00:00+03:00,,0.0,chunk_0013.json,POST /v1/generation/data/dpp-bulk,2026-05-31 21:45:15.514640+00:00,37370,VARTO-SÖNMEZ HES,4257,2026-05-31T13:00:00+03:00,13:00
40W000000037370V,VARTO-SÖNMEZ HES,unknown,2026-05-31 14:00:00+03:00,,0.0,chunk_0013.json,POST /v1/generation/data/dpp-bulk,2026-05-31 21:45:15.514640+00:00,37370,VARTO-SÖNMEZ HES,4257,2026-05-31T14:00:00+03:00,14:00
40W000000037370V,VARTO-SÖNMEZ HES,unknown,2026-05-31 15:00:00+03:00,,0.0,chunk_0013.json,POST /v1/generation/data/dpp-bulk,2026-05-31 21:45:15.514640+00:00,37370,VARTO-SÖNMEZ HES,4257,2026-05-31T15:00:00+03:00,15:00
40W000000037370V,VARTO-SÖNMEZ HES,unknown,2026-05-31 16:00:00+03:00,,0.0,chunk_0013.json,POST /v1/generation/data/dpp-bulk,2026-05-31 21:45:15.514640+00:00,37370,VARTO-SÖNMEZ HES,4257,2026-05-31T16:00:00+03:00,16:00
40W000000037370V,VARTO-SÖNMEZ HES,unknown,2026-05-31 17:00:00+03:00,,0.0,chunk_0013.json,POST /v1/generation/data/dpp-bulk,2026-05-31 21:45:15.514640+00:00,37370,VARTO-SÖNMEZ HES,4257,2026-05-31T17:00:00+03:00,17:00
40W000000037370V,VARTO-SÖNMEZ HES,unknown,2026-05-31 18:00:00+03:00,,0.18,chunk_0013.json,POST /v1/generation/data/dpp-bulk,2026-05-31 21:45:15.514640+00:00,37370,VARTO-SÖNMEZ HES,4257,2026-05-31T18:00:00+03:00,18:00
40W000000037370V,VARTO-SÖNMEZ HES,unknown,2026-05-31 19:00:00+03:00,,0.18,chunk_0013.json,POST /v1/generation/data/dpp-bulk,2026-05-31 21:45:15.514640+00:00,37370,VARTO-SÖNMEZ HES,4257,2026-05-31T19:00:00+03:00,19:00
40W000000037370V,VARTO-SÖNMEZ HES,unknown,2026-05-31 20:00:00+03:00,,0.18,chunk_0013.json,POST /v1/generation/data/dpp-bulk,2026-05-31 21:45:15.514640+00:00,37370,VARTO-SÖNMEZ HES,4257,2026-05-31T20:00:00+03:00,20:00
40W000000037370V,VARTO-SÖNMEZ HES,unknown,2026-05-31 21:00:00+03:00,,0.18,chunk_0013.json,POST /v1/generation/data/dpp-bulk,2026-05-31 21:45:15.514640+00:00,37370,VARTO-SÖNMEZ HES,4257,2026-05-31T21:00:00+03:00,21:00
40W000000037370V,VARTO-SÖNMEZ HES,unknown,2026-05-31 22:00:00+03:00,,0.18,chunk_0013.json,POST /v1/generation/data/dpp-bulk,2026-05-31 21:45:15.514640+00:00,37370,VARTO-SÖNMEZ HES,4257,2026-05-31T22:00:00+03:00,22:00
40W000000037370V,VARTO-SÖNMEZ HES,unknown,2026-05-31 23:00:00+03:00,,0.18,chunk_0013.json,POST /v1/generation/data/dpp-bulk,2026-05-31 21:45:15.514640+00:00,37370,VARTO-SÖNMEZ HES,4257,2026-05-31T23:00:00+03:00,23:00
40W000000037754D,MURADİYE AYRANCILAR HES,unknown,2026-05-31 00:00:00+03:00,,30.0,chunk_0013.json,POST /v1/generation/data/dpp-bulk,2026-05-31 21:45:15.514640+00:00,37754,MURADİYE AYRANCILAR HES,4329,2026-05-31T00:00:00+03:00,00:00
40W000000037754D,MURADİYE AYRANCILAR HES,unknown,2026-05-31 01:00:00+03:00,,28.0,chunk_0013.json,POST /v1/generation/data/dpp-bulk,2026-05-31 21:45:15.514640+00:00,37754,MURADİYE AYRANCILAR HES,4329,2026-05-31T01:00:00+03:00,01:00
40W000000037754D,MURADİYE AYRANCILAR HES,unknown,2026-05-31 02:00:00+03:00,,30.0,chunk_0013.json,POST /v1/generation/data/dpp-bulk,2026-05-31 21:45:15.514640+00:00,37754,MURADİYE AYRANCILAR HES,4329,2026-05-31T02:00:00+03:00,02:00
40W000000037754D,MURADİYE AYRANCILAR HES,unknown,2026-05-31 03:00:00+03:00,,39.0,chunk_0013.json,POST /v1/generation/data/dpp-bulk,2026-05-31 21:45:15.514640+00:00,37754,MURADİYE AYRANCILAR HES,4329,2026-05-31T03:00:00+03:00,03:00
40W000000037754D,MURADİYE AYRANCILAR HES,unknown,2026-05-31 04:00:00+03:00,,39.0,chunk_0013.json,POST /v1/generation/data/dpp-bulk,2026-05-31 21:45:15.514640+00:00,37754,MURADİYE AYRANCILAR HES,4329,2026-05-31T04:00:00+03:00,04:00
40W000000037754D,MURADİYE AYRANCILAR HES,unknown,2026-05-31 05:00:00+03:00,,39.0,chunk_0013.json,POST /v1/generation/data/dpp-bulk,2026-05-31 21:45:15.514640+00:00,37754,MURADİYE AYRANCILAR HES,4329,2026-05-31T05:00:00+03:00,05:00
40W000000037754D,MURADİYE AYRANCILAR HES,unknown,2026-05-31 06:00:00+03:00,,0.0,chunk_0013.json,POST /v1/generation/data/dpp-bulk,2026-05-31 21:45:15.514640+00:00,37754,MURADİYE AYRANCILAR HES,4329,2026-05-31T06:00:00+03:00,06:00
40W000000037754D,MURADİYE AYRANCILAR HES,unknown,2026-05-31 07:00:00+03:00,,0.0,chunk_0013.json,POST /v1/generation/data/dpp-bulk,2026-05-31 21:45:15.514640+00:00,37754,MURADİYE AYRANCILAR HES,4329,2026-05-31T07:00:00+03:00,07:00
40W000000037754D,MURADİYE AYRANCILAR HES,unknown,2026-05-31 08:00:00+03:00,,0.0,chunk_0013.json,POST /v1/generation/data/dpp-bulk,2026-05-31 21:45:15.514640+00:00,37754,MURADİYE AYRANCILAR HES,4329,2026-05-31T08:00:00+03:00,08:00
40W000000037754D,MURADİYE AYRANCILAR HES,unknown,2026-05-31 09:00:00+03:00,,0.0,chunk_0013.json,POST /v1/generation/data/dpp-bulk,2026-05-31 21:45:15.514640+00:00,37754,MURADİYE AYRANCILAR HES,4329,2026-05-31T09:00:00+03:00,09:00
40W000000037754D,MURADİYE AYRANCILAR HES,unknown,2026-05-31 10:00:00+03:00,,0.0,chunk_0013.json,POST /v1/generation/data/dpp-bulk,2026-05-31 21:45:15.514640+00:00,37754,MURADİYE AYRANCILAR HES,4329,2026-05-31T10:00:00+03:00,10:00
40W000000037754D,MURADİYE AYRANCILAR HES,unknown,2026-05-31 11:00:00+03:00,,0.0,chunk_0013.json,POST /v1/generation/data/dpp-bulk,2026-05-31 21:45:15.514640+00:00,37754,MURADİYE AYRANCILAR HES,4329,2026-05-31T11:00:00+03:00,11:00
40W000000037754D,MURADİYE AYRANCILAR HES,unknown,2026-05-31 12:00:00+03:00,,0.0,chunk_0013.json,POST /v1/generation/data/dpp-bulk,2026-05-31 21:45:15.514640+00:00,37754,MURADİYE AYRANCILAR HES,4329,2026-05-31T12:00:00+03:00,12:00
40W000000037754D,MURADİYE AYRANCILAR HES,unknown,2026-05-31 13:00:00+03:00,,0.0,chunk_0013.json,POST /v1/generation/data/dpp-bulk,2026-05-31 21:45:15.514640+00:00,37754,MURADİYE AYRANCILAR HES,4329,2026-05-31T13:00:00+03:00,13:00
40W000000037754D,MURADİYE AYRANCILAR HES,unknown,2026-05-31 14:00:00+03:00,,0.0,chunk_0013.json,POST /v1/generation/data/dpp-bulk,2026-05-31 21:45:15.514640+00:00,37754,MURADİYE AYRANCILAR HES,4329,2026-05-31T14:00:00+03:00,14:00
40W000000037754D,MURADİYE AYRANCILAR HES,unknown,2026-05-31 15:00:00+03:00,,0.0,chunk_0013.json,POST /v1/generation/data/dpp-bulk,2026-05-31 21:45:15.514640+00:00,37754,MURADİYE AYRANCILAR HES,4329,2026-05-31T15:00:00+03:00,15:00
40W000000037754D,MURADİYE AYRANCILAR HES,unknown,2026-05-31 16:00:00+03:00,,0.0,chunk_0013.json,POST /v1/generation/data/dpp-bulk,2026-05-31 21:45:15.514640+00:00,37754,MURADİYE AYRANCILAR HES,4329,2026-05-31T16:00:00+03:00,16:00
40W000000037754D,MURADİYE AYRANCILAR HES,unknown,2026-05-31 17:00:00+03:00,,0.0,chunk_0013.json,POST /v1/generation/data/dpp-bulk,2026-05-31 21:45:15.514640+00:00,37754,MURADİYE AYRANCILAR HES,4329,2026-05-31T17:00:00+03:00,17:00
40W000000037754D,MURADİYE AYRANCILAR HES,unknown,2026-05-31 18:00:00+03:00,,39.0,chunk_0013.json,POST /v1/generation/data/dpp-bulk,2026-05-31 21:45:15.514640+00:00,37754,MURADİYE AYRANCILAR HES,4329,2026-05-31T18:00:00+03:00,18:00
40W000000037754D,MURADİYE AYRANCILAR HES,unknown,2026-05-31 19:00:00+03:00,,39.0,chunk_0013.json,POST /v1/generation/data/dpp-bulk,2026-05-31 21:45:15.514640+00:00,37754,MURADİYE AYRANCILAR HES,4329,2026-05-31T19:00:00+03:00,19:00
40W000000037754D,MURADİYE AYRANCILAR HES,unknown,2026-05-31 20:00:00+03:00,,39.0,chunk_0013.json,POST /v1/generation/data/dpp-bulk,2026-05-31 21:45:15.514640+00:00,37754,MURADİYE AYRANCILAR HES,4329,2026-05-31T20:00:00+03:00,20:00
40W000000037754D,MURADİYE AYRANCILAR HES,unknown,2026-05-31 21:00:00+03:00,,39.0,chunk_0013.json,POST /v1/generation/data/dpp-bulk,2026-05-31 21:45:15.514640+00:00,37754,MURADİYE AYRANCILAR HES,4329,2026-05-31T21:00:00+03:00,21:00
40W000000037754D,MURADİYE AYRANCILAR HES,unknown,2026-05-31 22:00:00+03:00,,39.0,chunk_0013.json,POST /v1/generation/data/dpp-bulk,2026-05-31 21:45:15.514640+00:00,37754,MURADİYE AYRANCILAR HES,4329,2026-05-31T22:00:00+03:00,22:00
40W000000037754D,MURADİYE AYRANCILAR HES,unknown,2026-05-31 23:00:00+03:00,,39.0,chunk_0013.json,POST /v1/generation/data/dpp-bulk,2026-05-31 21:45:15.514640+00:00,37754,MURADİYE AYRANCILAR HES,4329,2026-05-31T23:00:00+03:00,23:00
40W000000038248N,TEFEN REGÜLATÖRÜ VE HES,unknown,2026-05-31 00:00:00+03:00,,0.0,chunk_0013.json,POST /v1/generation/data/dpp-bulk,2026-05-31 21:45:15.514640+00:00,38248,TEFEN REGÜLATÖRÜ VE HES,4449,2026-05-31T00:00:00+03:00,00:00
40W000000038248N,TEFEN REGÜLATÖRÜ VE HES,unknown,2026-05-31 01:00:00+03:00,,0.0,chunk_0013.json,POST /v1/generation/data/dpp-bulk,2026-05-31 21:45:15.514640+00:00,38248,TEFEN REGÜLATÖRÜ VE HES,4449,2026-05-31T01:00:00+03:00,01:00
40W000000038248N,TEFEN REGÜLATÖRÜ VE HES,unknown,2026-05-31 02:00:00+03:00,,0.0,chunk_0013.json,POST /v1/generation/data/dpp-bulk,2026-05-31 21:45:15.514640+00:00,38248,TEFEN REGÜLATÖRÜ VE HES,4449,2026-05-31T02:00:00+03:00,02:00
40W000000038248N,TEFEN REGÜLATÖRÜ VE HES,unknown,2026-05-31 03:00:00+03:00,,0.0,chunk_0013.json,POST /v1/generation/data/dpp-bulk,2026-05-31 21:45:15.514640+00:00,38248,TEFEN REGÜLATÖRÜ VE HES,4449,2026-05-31T03:00:00+03:00,03:00
40W000000038248N,TEFEN REGÜLATÖRÜ VE HES,unknown,2026-05-31 04:00:00+03:00,,0.0,chunk_0013.json,POST /v1/generation/data/dpp-bulk,2026-05-31 21:45:15.514640+00:00,38248,TEFEN REGÜLATÖRÜ VE HES,4449,2026-05-31T04:00:00+03:00,04:00
40W000000038248N,TEFEN REGÜLATÖRÜ VE HES,unknown,2026-05-31 05:00:00+03:00,,0.0,chunk_0013.json,POST /v1/generation/data/dpp-bulk,2026-05-31 21:45:15.514640+00:00,38248,TEFEN REGÜLATÖRÜ VE HES,4449,2026-05-31T05:00:00+03:00,05:00
40W000000038248N,TEFEN REGÜLATÖRÜ VE HES,unknown,2026-05-31 06:00:00+03:00,,0.0,chunk_0013.json,POST /v1/generation/data/dpp-bulk,2026-05-31 21:45:15.514640+00:00,38248,TEFEN REGÜLATÖRÜ VE HES,4449,2026-05-31T06:00:00+03:00,06:00
40W000000038248N,TEFEN REGÜLATÖRÜ VE HES,unknown,2026-05-31 07:00:00+03:00,,0.0,chunk_0013.json,POST /v1/generation/data/dpp-bulk,2026-05-31 21:45:15.514640+00:00,38248,TEFEN REGÜLATÖRÜ VE HES,4449,2026-05-31T07:00:00+03:00,07:00
40W000000038248N,TEFEN REGÜLATÖRÜ VE HES,unknown,2026-05-31 08:00:00+03:00,,0.0,chunk_0013.json,POST /v1/generation/data/dpp-bulk,2026-05-31 21:45:15.514640+00:00,38248,TEFEN REGÜLATÖRÜ VE HES,4449,2026-05-31T08:00:00+03:00,08:00
40W000000038248N,TEFEN REGÜLATÖRÜ VE HES,unknown,2026-05-31 09:00:00+03:00,,0.0,chunk_0013.json,POST /v1/generation/data/dpp-bulk,2026-05-31 21:45:15.514640+00:00,38248,TEFEN REGÜLATÖRÜ VE HES,4449,2026-05-31T09:00:00+03:00,09:00
40W000000038248N,TEFEN REGÜLATÖRÜ VE HES,unknown,2026-05-31 10:00:00+03:00,,0.0,chunk_0013.json,POST /v1/generation/data/dpp-bulk,2026-05-31 21:45:15.514640+00:00,38248,TEFEN REGÜLATÖRÜ VE HES,4449,2026-05-31T10:00:00+03:00,10:00
40W000000038248N,TEFEN REGÜLATÖRÜ VE HES,unknown,2026-05-31 11:00:00+03:00,,0.0,chunk_0013.json,POST /v1/generation/data/dpp-bulk,2026-05-31 21:45:15.514640+00:00,38248,TEFEN REGÜLATÖRÜ VE HES,4449,2026-05-31T11:00:00+03:00,11:00
40W000000038248N,TEFEN REGÜLATÖRÜ VE HES,unknown,2026-05-31 12:00:00+03:00,,0.0,chunk_0013.json,POST /v1/generation/data/dpp-bulk,2026-05-31 21:45:15.514640+00:00,38248,TEFEN REGÜLATÖRÜ VE HES,4449,2026-05-31T12:00:00+03:00,12:00
40W000000038248N,TEFEN REGÜLATÖRÜ VE HES,unknown,2026-05-31 13:00:00+03:00,,0.0,chunk_0013.json,POST /v1/generation/data/dpp-bulk,2026-05-31 21:45:15.514640+00:00,38248,TEFEN REGÜLATÖRÜ VE HES,4449,2026-05-31T13:00:00+03:00,13:00
40W000000038248N,TEFEN REGÜLATÖRÜ VE HES,unknown,2026-05-31 14:00:00+03:00,,0.0,chunk_0013.json,POST /v1/generation/data/dpp-bulk,2026-05-31 21:45:15.514640+00:00,38248,TEFEN REGÜLATÖRÜ VE HES,4449,2026-05-31T14:00:00+03:00,14:00
40W000000038248N,TEFEN REGÜLATÖRÜ VE HES,unknown,2026-05-31 15:00:00+03:00,,0.0,chunk_0013.json,POST /v1/generation/data/dpp-bulk,2026-05-31 21:45:15.514640+00:00,38248,TEFEN REGÜLATÖRÜ VE HES,4449,2026-05-31T15:00:00+03:00,15:00
40W000000038248N,TEFEN REGÜLATÖRÜ VE HES,unknown,2026-05-31 16:00:00+03:00,,0.0,chunk_0013.json,POST /v1/generation/data/dpp-bulk,2026-05-31 21:45:15.514640+00:00,38248,TEFEN REGÜLATÖRÜ VE HES,4449,2026-05-31T16:00:00+03:00,16:00
40W000000038248N,TEFEN REGÜLATÖRÜ VE HES,unknown,2026-05-31 17:00:00+03:00,,0.0,chunk_0013.json,POST /v1/generation/data/dpp-bulk,2026-05-31 21:45:15.514640+00:00,38248,TEFEN REGÜLATÖRÜ VE HES,4449,2026-05-31T17:00:00+03:00,17:00
40W000000038248N,TEFEN REGÜLATÖRÜ VE HES,unknown,2026-05-31 18:00:00+03:00,,10.0,chunk_0013.json,POST /v1/generation/data/dpp-bulk,2026-05-31 21:45:15.514640+00:00,38248,TEFEN REGÜLATÖRÜ VE HES,4449,2026-05-31T18:00:00+03:00,18:00
40W000000038248N,TEFEN REGÜLATÖRÜ VE HES,unknown,2026-05-31 19:00:00+03:00,,32.0,chunk_0013.json,POST /v1/generation/data/dpp-bulk,2026-05-31 21:45:15.514640+00:00,38248,TEFEN REGÜLATÖRÜ VE HES,4449,2026-05-31T19:00:00+03:00,19:00
40W000000038248N,TEFEN REGÜLATÖRÜ VE HES,unknown,2026-05-31 20:00:00+03:00,,32.0,chunk_0013.json,POST /v1/generation/data/dpp-bulk,2026-05-31 21:45:15.514640+00:00,38248,TEFEN REGÜLATÖRÜ VE HES,4449,2026-05-31T20:00:00+03:00,20:00
40W000000038248N,TEFEN REGÜLATÖRÜ VE HES,unknown,2026-05-31 21:00:00+03:00,,33.0,chunk_0013.json,POST /v1/generation/data/dpp-bulk,2026-05-31 21:45:15.514640+00:00,38248,TEFEN REGÜLATÖRÜ VE HES,4449,2026-05-31T21:00:00+03:00,21:00
40W000000038248N,TEFEN REGÜLATÖRÜ VE HES,unknown,2026-05-31 22:00:00+03:00,,32.0,chunk_0013.json,POST /v1/generation/data/dpp-bulk,2026-05-31 21:45:15.514640+00:00,38248,TEFEN REGÜLATÖRÜ VE HES,4449,2026-05-31T22:00:00+03:00,22:00
40W000000038248N,TEFEN REGÜLATÖRÜ VE HES,unknown,2026-05-31 23:00:00+03:00,,33.0,chunk_0013.json,POST /v1/generation/data/dpp-bulk,2026-05-31 21:45:15.514640+00:00,38248,TEFEN REGÜLATÖRÜ VE HES,4449,2026-05-31T23:00:00+03:00,23:00
40W0000000320314,ÇAKIRMAN REG. ve HES,unknown,2026-05-31 00:00:00+03:00,,0.0,chunk_0013.json,POST /v1/generation/data/dpp-bulk,2026-05-31 21:45:15.514640+00:00,32031,ÇAKIRMAN REG. ve HES,103060,2026-05-31T00:00:00+03:00,00:00
40W0000000320314,ÇAKIRMAN REG. ve HES,unknown,2026-05-31 01:00:00+03:00,,0.0,chunk_0013.json,POST /v1/generation/data/dpp-bulk,2026-05-31 21:45:15.514640+00:00,32031,ÇAKIRMAN REG. ve HES,103060,2026-05-31T01:00:00+03:00,01:00
40W0000000320314,ÇAKIRMAN REG. ve HES,unknown,2026-05-31 02:00:00+03:00,,0.0,chunk_0013.json,POST /v1/generation/data/dpp-bulk,2026-05-31 21:45:15.514640+00:00,32031,ÇAKIRMAN REG. ve HES,103060,2026-05-31T02:00:00+03:00,02:00
40W0000000320314,ÇAKIRMAN REG. ve HES,unknown,2026-05-31 03:00:00+03:00,,0.0,chunk_0013.json,POST /v1/generation/data/dpp-bulk,2026-05-31 21:45:15.514640+00:00,32031,ÇAKIRMAN REG. ve HES,103060,2026-05-31T03:00:00+03:00,03:00
40W0000000320314,ÇAKIRMAN REG. ve HES,unknown,2026-05-31 04:00:00+03:00,,0.0,chunk_0013.json,POST /v1/generation/data/dpp-bulk,2026-05-31 21:45:15.514640+00:00,32031,ÇAKIRMAN REG. ve HES,103060,2026-05-31T04:00:00+03:00,04:00
40W0000000320314,ÇAKIRMAN REG. ve HES,unknown,2026-05-31 05:00:00+03:00,,0.0,chunk_0013.json,POST /v1/generation/data/dpp-bulk,2026-05-31 21:45:15.514640+00:00,32031,ÇAKIRMAN REG. ve HES,103060,2026-05-31T05:00:00+03:00,05:00
40W0000000320314,ÇAKIRMAN REG. ve HES,unknown,2026-05-31 06:00:00+03:00,,0.0,chunk_0013.json,POST /v1/generation/data/dpp-bulk,2026-05-31 21:45:15.514640+00:00,32031,ÇAKIRMAN REG. ve HES,103060,2026-05-31T06:00:00+03:00,06:00
40W0000000320314,ÇAKIRMAN REG. ve HES,unknown,2026-05-31 07:00:00+03:00,,0.0,chunk_0013.json,POST /v1/generation/data/dpp-bulk,2026-05-31 21:45:15.514640+00:00,32031,ÇAKIRMAN REG. ve HES,103060,2026-05-31T07:00:00+03:00,07:00
40W0000000320314,ÇAKIRMAN REG. ve HES,unknown,2026-05-31 08:00:00+03:00,,0.0,chunk_0013.json,POST /v1/generation/data/dpp-bulk,2026-05-31 21:45:15.514640+00:00,32031,ÇAKIRMAN REG. ve HES,103060,2026-05-31T08:00:00+03:00,08:00
40W0000000320314,ÇAKIRMAN REG. ve HES,unknown,2026-05-31 09:00:00+03:00,,0.0,chunk_0013.json,POST /v1/generation/data/dpp-bulk,2026-05-31 21:45:15.514640+00:00,32031,ÇAKIRMAN REG. ve HES,103060,2026-05-31T09:00:00+03:00,09:00
40W0000000320314,ÇAKIRMAN REG. ve HES,unknown,2026-05-31 10:00:00+03:00,,0.0,chunk_0013.json,POST /v1/generation/data/dpp-bulk,2026-05-31 21:45:15.514640+00:00,32031,ÇAKIRMAN REG. ve HES,103060,2026-05-31T10:00:00+03:00,10:00
40W0000000320314,ÇAKIRMAN REG. ve HES,unknown,2026-05-31 11:00:00+03:00,,0.0,chunk_0013.json,POST /v1/generation/data/dpp-bulk,2026-05-31 21:45:15.514640+00:00,32031,ÇAKIRMAN REG. ve HES,103060,2026-05-31T11:00:00+03:00,11:00
40W0000000320314,ÇAKIRMAN REG. ve HES,unknown,2026-05-31 12:00:00+03:00,,0.0,chunk_0013.json,POST /v1/generation/data/dpp-bulk,2026-05-31 21:45:15.514640+00:00,32031,ÇAKIRMAN REG. ve HES,103060,2026-05-31T12:00:00+03:00,12:00
40W0000000320314,ÇAKIRMAN REG. ve HES,unknown,2026-05-31 13:00:00+03:00,,0.0,chunk_0013.json,POST /v1/generation/data/dpp-bulk,2026-05-31 21:45:15.514640+00:00,32031,ÇAKIRMAN REG. ve HES,103060,2026-05-31T13:00:00+03:00,13:00
40W0000000320314,ÇAKIRMAN REG. ve HES,unknown,2026-05-31 14:00:00+03:00,,0.0,chunk_0013.json,POST /v1/generation/data/dpp-bulk,2026-05-31 21:45:15.514640+00:00,32031,ÇAKIRMAN REG. ve HES,103060,2026-05-31T14:00:00+03:00,14:00
40W0000000320314,ÇAKIRMAN REG. ve HES,unknown,2026-05-31 15:00:00+03:00,,0.0,chunk_0013.json,POST /v1/generation/data/dpp-bulk,2026-05-31 21:45:15.514640+00:00,32031,ÇAKIRMAN REG. ve HES,103060,2026-05-31T15:00:00+03:00,15:00
40W0000000320314,ÇAKIRMAN REG. ve HES,unknown,2026-05-31 16:00:00+03:00,,0.0,chunk_0013.json,POST /v1/generation/data/dpp-bulk,2026-05-31 21:45:15.514640+00:00,32031,ÇAKIRMAN REG. ve HES,103060,2026-05-31T16:00:00+03:00,16:00
40W0000000320314,ÇAKIRMAN REG. ve HES,unknown,2026-05-31 17:00:00+03:00,,0.0,chunk_0013.json,POST /v1/generation/data/dpp-bulk,2026-05-31 21:45:15.514640+00:00,32031,ÇAKIRMAN REG. ve HES,103060,2026-05-31T17:00:00+03:00,17:00
40W0000000320314,ÇAKIRMAN REG. ve HES,unknown,2026-05-31 18:00:00+03:00,,0.0,chunk_0013.json,POST /v1/generation/data/dpp-bulk,2026-05-31 21:45:15.514640+00:00,32031,ÇAKIRMAN REG. ve HES,103060,2026-05-31T18:00:00+03:00,18:00
40W0000000320314,ÇAKIRMAN REG. ve HES,unknown,2026-05-31 19:00:00+03:00,,2.4,chunk_0013.json,POST /v1/generation/data/dpp-bulk,2026-05-31 21:45:15.514640+00:00,32031,ÇAKIRMAN REG. ve HES,103060,2026-05-31T19:00:00+03:00,19:00
40W0000000320314,ÇAKIRMAN REG. ve HES,unknown,2026-05-31 20:00:00+03:00,,6.0,chunk_0013.json,POST /v1/generation/data/dpp-bulk,2026-05-31 21:45:15.514640+00:00,32031,ÇAKIRMAN REG. ve HES,103060,2026-05-31T20:00:00+03:00,20:00
40W0000000320314,ÇAKIRMAN REG. ve HES,unknown,2026-05-31 21:00:00+03:00,,6.0,chunk_0013.json,POST /v1/generation/data/dpp-bulk,2026-05-31 21:45:15.514640+00:00,32031,ÇAKIRMAN REG. ve HES,103060,2026-05-31T21:00:00+03:00,21:00
40W0000000320314,ÇAKIRMAN REG. ve HES,unknown,2026-05-31 22:00:00+03:00,,6.0,chunk_0013.json,POST /v1/generation/data/dpp-bulk,2026-05-31 21:45:15.514640+00:00,32031,ÇAKIRMAN REG. ve HES,103060,2026-05-31T22:00:00+03:00,22:00
40W0000000320314,ÇAKIRMAN REG. ve HES,unknown,2026-05-31 23:00:00+03:00,,2.4,chunk_0013.json,POST /v1/generation/data/dpp-bulk,2026-05-31 21:45:15.514640+00:00,32031,ÇAKIRMAN REG. ve HES,103060,2026-05-31T23:00:00+03:00,23:00
40W000000037436R,FRAPORT TAV KOJENERASYON SANTRALİ,unknown,2026-05-31 00:00:00+03:00,,0.0,chunk_0013.json,POST /v1/generation/data/dpp-bulk,2026-05-31 21:45:15.514640+00:00,37436,FRAPORT TAV KOJENERASYON SANTRALİ,103060,2026-05-31T00:00:00+03:00,00:00
40W000000037436R,FRAPORT TAV KOJENERASYON SANTRALİ,unknown,2026-05-31 01:00:00+03:00,,0.0,chunk_0013.json,POST /v1/generation/data/dpp-bulk,2026-05-31 21:45:15.514640+00:00,37436,FRAPORT TAV KOJENERASYON SANTRALİ,103060,2026-05-31T01:00:00+03:00,01:00
40W000000037436R,FRAPORT TAV KOJENERASYON SANTRALİ,unknown,2026-05-31 02:00:00+03:00,,0.0,chunk_0013.json,POST /v1/generation/data/dpp-bulk,2026-05-31 21:45:15.514640+00:00,37436,FRAPORT TAV KOJENERASYON SANTRALİ,103060,2026-05-31T02:00:00+03:00,02:00
40W000000037436R,FRAPORT TAV KOJENERASYON SANTRALİ,unknown,2026-05-31 03:00:00+03:00,,0.0,chunk_0013.json,POST /v1/generation/data/dpp-bulk,2026-05-31 21:45:15.514640+00:00,37436,FRAPORT TAV KOJENERASYON SANTRALİ,103060,2026-05-31T03:00:00+03:00,03:00
40W000000037436R,FRAPORT TAV KOJENERASYON SANTRALİ,unknown,2026-05-31 04:00:00+03:00,,0.0,chunk_0013.json,POST /v1/generation/data/dpp-bulk,2026-05-31 21:45:15.514640+00:00,37436,FRAPORT TAV KOJENERASYON SANTRALİ,103060,2026-05-31T04:00:00+03:00,04:00
40W000000037436R,FRAPORT TAV KOJENERASYON SANTRALİ,unknown,2026-05-31 05:00:00+03:00,,0.0,chunk_0013.json,POST /v1/generation/data/dpp-bulk,2026-05-31 21:45:15.514640+00:00,37436,FRAPORT TAV KOJENERASYON SANTRALİ,103060,2026-05-31T05:00:00+03:00,05:00
40W000000037436R,FRAPORT TAV KOJENERASYON SANTRALİ,unknown,2026-05-31 06:00:00+03:00,,0.0,chunk_0013.json,POST /v1/generation/data/dpp-bulk,2026-05-31 21:45:15.514640+00:00,37436,FRAPORT TAV KOJENERASYON SANTRALİ,103060,2026-05-31T06:00:00+03:00,06:00
40W000000037436R,FRAPORT TAV KOJENERASYON SANTRALİ,unknown,2026-05-31 07:00:00+03:00,,0.0,chunk_0013.json,POST /v1/generation/data/dpp-bulk,2026-05-31 21:45:15.514640+00:00,37436,FRAPORT TAV KOJENERASYON SANTRALİ,103060,2026-05-31T07:00:00+03:00,07:00
40W000000037436R,FRAPORT TAV KOJENERASYON SANTRALİ,unknown,2026-05-31 08:00:00+03:00,,0.0,chunk_0013.json,POST /v1/generation/data/dpp-bulk,2026-05-31 21:45:15.514640+00:00,37436,FRAPORT TAV KOJENERASYON SANTRALİ,103060,2026-05-31T08:00:00+03:00,08:00
40W000000037436R,FRAPORT TAV KOJENERASYON SANTRALİ,unknown,2026-05-31 09:00:00+03:00,,0.0,chunk_0013.json,POST /v1/generation/data/dpp-bulk,2026-05-31 21:45:15.514640+00:00,37436,FRAPORT TAV KOJENERASYON SANTRALİ,103060,2026-05-31T09:00:00+03:00,09:00
40W000000037436R,FRAPORT TAV KOJENERASYON SANTRALİ,unknown,2026-05-31 10:00:00+03:00,,0.0,chunk_0013.json,POST /v1/generation/data/dpp-bulk,2026-05-31 21:45:15.514640+00:00,37436,FRAPORT TAV KOJENERASYON SANTRALİ,103060,2026-05-31T10:00:00+03:00,10:00
40W000000037436R,FRAPORT TAV KOJENERASYON SANTRALİ,unknown,2026-05-31 11:00:00+03:00,,0.0,chunk_0013.json,POST /v1/generation/data/dpp-bulk,2026-05-31 21:45:15.514640+00:00,37436,FRAPORT TAV KOJENERASYON SANTRALİ,103060,2026-05-31T11:00:00+03:00,11:00
40W000000037436R,FRAPORT TAV KOJENERASYON SANTRALİ,unknown,2026-05-31 12:00:00+03:00,,0.0,chunk_0013.json,POST /v1/generation/data/dpp-bulk,2026-05-31 21:45:15.514640+00:00,37436,FRAPORT TAV KOJENERASYON SANTRALİ,103060,2026-05-31T12:00:00+03:00,12:00
40W000000037436R,FRAPORT TAV KOJENERASYON SANTRALİ,unknown,2026-05-31 13:00:00+03:00,,0.0,chunk_0013.json,POST /v1/generation/data/dpp-bulk,2026-05-31 21:45:15.514640+00:00,37436,FRAPORT TAV KOJENERASYON SANTRALİ,103060,2026-05-31T13:00:00+03:00,13:00
40W000000037436R,FRAPORT TAV KOJENERASYON SANTRALİ,unknown,2026-05-31 14:00:00+03:00,,0.0,chunk_0013.json,POST /v1/generation/data/dpp-bulk,2026-05-31 21:45:15.514640+00:00,37436,FRAPORT TAV KOJENERASYON SANTRALİ,103060,2026-05-31T14:00:00+03:00,14:00
40W000000037436R,FRAPORT TAV KOJENERASYON SANTRALİ,unknown,2026-05-31 15:00:00+03:00,,0.0,chunk_0013.json,POST /v1/generation/data/dpp-bulk,2026-05-31 21:45:15.514640+00:00,37436,FRAPORT TAV KOJENERASYON SANTRALİ,103060,2026-05-31T15:00:00+03:00,15:00
40W000000037436R,FRAPORT TAV KOJENERASYON SANTRALİ,unknown,2026-05-31 16:00:00+03:00,,0.0,chunk_0013.json,POST /v1/generation/data/dpp-bulk,2026-05-31 21:45:15.514640+00:00,37436,FRAPORT TAV KOJENERASYON SANTRALİ,103060,2026-05-31T16:00:00+03:00,16:00
40W000000037436R,FRAPORT TAV KOJENERASYON SANTRALİ,unknown,2026-05-31 17:00:00+03:00,,0.0,chunk_0013.json,POST /v1/generation/data/dpp-bulk,2026-05-31 21:45:15.514640+00:00,37436,FRAPORT TAV KOJENERASYON SANTRALİ,103060,2026-05-31T17:00:00+03:00,17:00
40W000000037436R,FRAPORT TAV KOJENERASYON SANTRALİ,unknown,2026-05-31 18:00:00+03:00,,0.0,chunk_0013.json,POST /v1/generation/data/dpp-bulk,2026-05-31 21:45:15.514640+00:00,37436,FRAPORT TAV KOJENERASYON SANTRALİ,103060,2026-05-31T18:00:00+03:00,18:00
40W000000037436R,FRAPORT TAV KOJENERASYON SANTRALİ,unknown,2026-05-31 19:00:00+03:00,,0.0,chunk_0013.json,POST /v1/generation/data/dpp-bulk,2026-05-31 21:45:15.514640+00:00,37436,FRAPORT TAV KOJENERASYON SANTRALİ,103060,2026-05-31T19:00:00+03:00,19:00
40W000000037436R,FRAPORT TAV KOJENERASYON SANTRALİ,unknown,2026-05-31 20:00:00+03:00,,0.0,chunk_0013.json,POST /v1/generation/data/dpp-bulk,2026-05-31 21:45:15.514640+00:00,37436,FRAPORT TAV KOJENERASYON SANTRALİ,103060,2026-05-31T20:00:00+03:00,20:00
40W000000037436R,FRAPORT TAV KOJENERASYON SANTRALİ,unknown,2026-05-31 21:00:00+03:00,,0.0,chunk_0013.json,POST /v1/generation/data/dpp-bulk,2026-05-31 21:45:15.514640+00:00,37436,FRAPORT TAV KOJENERASYON SANTRALİ,103060,2026-05-31T21:00:00+03:00,21:00
40W000000037436R,FRAPORT TAV KOJENERASYON SANTRALİ,unknown,2026-05-31 22:00:00+03:00,,0.0,chunk_0013.json,POST /v1/generation/data/dpp-bulk,2026-05-31 21:45:15.514640+00:00,37436,FRAPORT TAV KOJENERASYON SANTRALİ,103060,2026-05-31T22:00:00+03:00,22:00
40W000000037436R,FRAPORT TAV KOJENERASYON SANTRALİ,unknown,2026-05-31 23:00:00+03:00,,0.0,chunk_0013.json,POST /v1/generation/data/dpp-bulk,2026-05-31 21:45:15.514640+00:00,37436,FRAPORT TAV KOJENERASYON SANTRALİ,103060,2026-05-31T23:00:00+03:00,23:00
40W000000037031G,KORUKÖY HES,unknown,2026-05-31 00:00:00+03:00,,0.0,chunk_0013.json,POST /v1/generation/data/dpp-bulk,2026-05-31 21:45:15.514640+00:00,37031,KORUKÖY HES,103120,2026-05-31T00:00:00+03:00,00:00
40W000000037031G,KORUKÖY HES,unknown,2026-05-31 01:00:00+03:00,,0.0,chunk_0013.json,POST /v1/generation/data/dpp-bulk,2026-05-31 21:45:15.514640+00:00,37031,KORUKÖY HES,103120,2026-05-31T01:00:00+03:00,01:00
40W000000037031G,KORUKÖY HES,unknown,2026-05-31 02:00:00+03:00,,0.0,chunk_0013.json,POST /v1/generation/data/dpp-bulk,2026-05-31 21:45:15.514640+00:00,37031,KORUKÖY HES,103120,2026-05-31T02:00:00+03:00,02:00
40W000000037031G,KORUKÖY HES,unknown,2026-05-31 03:00:00+03:00,,0.0,chunk_0013.json,POST /v1/generation/data/dpp-bulk,2026-05-31 21:45:15.514640+00:00,37031,KORUKÖY HES,103120,2026-05-31T03:00:00+03:00,03:00
40W000000037031G,KORUKÖY HES,unknown,2026-05-31 04:00:00+03:00,,0.0,chunk_0013.json,POST /v1/generation/data/dpp-bulk,2026-05-31 21:45:15.514640+00:00,37031,KORUKÖY HES,103120,2026-05-31T04:00:00+03:00,04:00
40W000000037031G,KORUKÖY HES,unknown,2026-05-31 05:00:00+03:00,,0.0,chunk_0013.json,POST /v1/generation/data/dpp-bulk,2026-05-31 21:45:15.514640+00:00,37031,KORUKÖY HES,103120,2026-05-31T05:00:00+03:00,05:00
40W000000037031G,KORUKÖY HES,unknown,2026-05-31 06:00:00+03:00,,0.0,chunk_0013.json,POST /v1/generation/data/dpp-bulk,2026-05-31 21:45:15.514640+00:00,37031,KORUKÖY HES,103120,2026-05-31T06:00:00+03:00,06:00
40W000000037031G,KORUKÖY HES,unknown,2026-05-31 07:00:00+03:00,,0.0,chunk_0013.json,POST /v1/generation/data/dpp-bulk,2026-05-31 21:45:15.514640+00:00,37031,KORUKÖY HES,103120,2026-05-31T07:00:00+03:00,07:00
40W000000037031G,KORUKÖY HES,unknown,2026-05-31 08:00:00+03:00,,0.0,chunk_0013.json,POST /v1/generation/data/dpp-bulk,2026-05-31 21:45:15.514640+00:00,37031,KORUKÖY HES,103120,2026-05-31T08:00:00+03:00,08:00
40W000000037031G,KORUKÖY HES,unknown,2026-05-31 09:00:00+03:00,,0.0,chunk_0013.json,POST /v1/generation/data/dpp-bulk,2026-05-31 21:45:15.514640+00:00,37031,KORUKÖY HES,103120,2026-05-31T09:00:00+03:00,09:00
40W000000037031G,KORUKÖY HES,unknown,2026-05-31 10:00:00+03:00,,0.0,chunk_0013.json,POST /v1/generation/data/dpp-bulk,2026-05-31 21:45:15.514640+00:00,37031,KORUKÖY HES,103120,2026-05-31T10:00:00+03:00,10:00
40W000000037031G,KORUKÖY HES,unknown,2026-05-31 11:00:00+03:00,,0.0,chunk_0013.json,POST /v1/generation/data/dpp-bulk,2026-05-31 21:45:15.514640+00:00,37031,KORUKÖY HES,103120,2026-05-31T11:00:00+03:00,11:00
40W000000037031G,KORUKÖY HES,unknown,2026-05-31 12:00:00+03:00,,0.0,chunk_0013.json,POST /v1/generation/data/dpp-bulk,2026-05-31 21:45:15.514640+00:00,37031,KORUKÖY HES,103120,2026-05-31T12:00:00+03:00,12:00
40W000000037031G,KORUKÖY HES,unknown,2026-05-31 13:00:00+03:00,,0.0,chunk_0013.json,POST /v1/generation/data/dpp-bulk,2026-05-31 21:45:15.514640+00:00,37031,KORUKÖY HES,103120,2026-05-31T13:00:00+03:00,13:00
40W000000037031G,KORUKÖY HES,unknown,2026-05-31 14:00:00+03:00,,0.0,chunk_0013.json,POST /v1/generation/data/dpp-bulk,2026-05-31 21:45:15.514640+00:00,37031,KORUKÖY HES,103120,2026-05-31T14:00:00+03:00,14:00
40W000000037031G,KORUKÖY HES,unknown,2026-05-31 15:00:00+03:00,,0.0,chunk_0013.json,POST /v1/generation/data/dpp-bulk,2026-05-31 21:45:15.514640+00:00,37031,KORUKÖY HES,103120,2026-05-31T15:00:00+03:00,15:00
40W000000037031G,KORUKÖY HES,unknown,2026-05-31 16:00:00+03:00,,0.0,chunk_0013.json,POST /v1/generation/data/dpp-bulk,2026-05-31 21:45:15.514640+00:00,37031,KORUKÖY HES,103120,2026-05-31T16:00:00+03:00,16:00
40W000000037031G,KORUKÖY HES,unknown,2026-05-31 17:00:00+03:00,,0.0,chunk_0013.json,POST /v1/generation/data/dpp-bulk,2026-05-31 21:45:15.514640+00:00,37031,KORUKÖY HES,103120,2026-05-31T17:00:00+03:00,17:00
40W000000037031G,KORUKÖY HES,unknown,2026-05-31 18:00:00+03:00,,0.0,chunk_0013.json,POST /v1/generation/data/dpp-bulk,2026-05-31 21:45:15.514640+00:00,37031,KORUKÖY HES,103120,2026-05-31T18:00:00+03:00,18:00
40W000000037031G,KORUKÖY HES,unknown,2026-05-31 19:00:00+03:00,,0.0,chunk_0013.json,POST /v1/generation/data/dpp-bulk,2026-05-31 21:45:15.514640+00:00,37031,KORUKÖY HES,103120,2026-05-31T19:00:00+03:00,19:00
40W000000037031G,KORUKÖY HES,unknown,2026-05-31 20:00:00+03:00,,0.0,chunk_0013.json,POST /v1/generation/data/dpp-bulk,2026-05-31 21:45:15.514640+00:00,37031,KORUKÖY HES,103120,2026-05-31T20:00:00+03:00,20:00
40W000000037031G,KORUKÖY HES,unknown,2026-05-31 21:00:00+03:00,,0.0,chunk_0013.json,POST /v1/generation/data/dpp-bulk,2026-05-31 21:45:15.514640+00:00,37031,KORUKÖY HES,103120,2026-05-31T21:00:00+03:00,21:00
40W000000037031G,KORUKÖY HES,unknown,2026-05-31 22:00:00+03:00,,0.0,chunk_0013.json,POST /v1/generation/data/dpp-bulk,2026-05-31 21:45:15.514640+00:00,37031,KORUKÖY HES,103120,2026-05-31T22:00:00+03:00,22:00
40W000000037031G,KORUKÖY HES,unknown,2026-05-31 23:00:00+03:00,,0.0,chunk_0013.json,POST /v1/generation/data/dpp-bulk,2026-05-31 21:45:15.514640+00:00,37031,KORUKÖY HES,103120,2026-05-31T23:00:00+03:00,23:00
40W0000000373217,DERME HES,unknown,2026-05-31 00:00:00+03:00,,1.3,chunk_0013.json,POST /v1/generation/data/dpp-bulk,2026-05-31 21:45:15.514640+00:00,37321,DERME HES,103201,2026-05-31T00:00:00+03:00,00:00
40W0000000373217,DERME HES,unknown,2026-05-31 01:00:00+03:00,,1.3,chunk_0013.json,POST /v1/generation/data/dpp-bulk,2026-05-31 21:45:15.514640+00:00,37321,DERME HES,103201,2026-05-31T01:00:00+03:00,01:00
40W0000000373217,DERME HES,unknown,2026-05-31 02:00:00+03:00,,1.3,chunk_0013.json,POST /v1/generation/data/dpp-bulk,2026-05-31 21:45:15.514640+00:00,37321,DERME HES,103201,2026-05-31T02:00:00+03:00,02:00
40W0000000373217,DERME HES,unknown,2026-05-31 03:00:00+03:00,,1.3,chunk_0013.json,POST /v1/generation/data/dpp-bulk,2026-05-31 21:45:15.514640+00:00,37321,DERME HES,103201,2026-05-31T03:00:00+03:00,03:00
40W0000000373217,DERME HES,unknown,2026-05-31 04:00:00+03:00,,1.3,chunk_0013.json,POST /v1/generation/data/dpp-bulk,2026-05-31 21:45:15.514640+00:00,37321,DERME HES,103201,2026-05-31T04:00:00+03:00,04:00
40W0000000373217,DERME HES,unknown,2026-05-31 05:00:00+03:00,,1.3,chunk_0013.json,POST /v1/generation/data/dpp-bulk,2026-05-31 21:45:15.514640+00:00,37321,DERME HES,103201,2026-05-31T05:00:00+03:00,05:00
40W0000000373217,DERME HES,unknown,2026-05-31 06:00:00+03:00,,1.3,chunk_0013.json,POST /v1/generation/data/dpp-bulk,2026-05-31 21:45:15.514640+00:00,37321,DERME HES,103201,2026-05-31T06:00:00+03:00,06:00
40W0000000373217,DERME HES,unknown,2026-05-31 07:00:00+03:00,,1.3,chunk_0013.json,POST /v1/generation/data/dpp-bulk,2026-05-31 21:45:15.514640+00:00,37321,DERME HES,103201,2026-05-31T07:00:00+03:00,07:00
40W0000000373217,DERME HES,unknown,2026-05-31 08:00:00+03:00,,1.3,chunk_0013.json,POST /v1/generation/data/dpp-bulk,2026-05-31 21:45:15.514640+00:00,37321,DERME HES,103201,2026-05-31T08:00:00+03:00,08:00
40W0000000373217,DERME HES,unknown,2026-05-31 09:00:00+03:00,,1.3,chunk_0013.json,POST /v1/generation/data/dpp-bulk,2026-05-31 21:45:15.514640+00:00,37321,DERME HES,103201,2026-05-31T09:00:00+03:00,09:00
40W0000000373217,DERME HES,unknown,2026-05-31 10:00:00+03:00,,1.3,chunk_0013.json,POST /v1/generation/data/dpp-bulk,2026-05-31 21:45:15.514640+00:00,37321,DERME HES,103201,2026-05-31T10:00:00+03:00,10:00
40W0000000373217,DERME HES,unknown,2026-05-31 11:00:00+03:00,,1.3,chunk_0013.json,POST /v1/generation/data/dpp-bulk,2026-05-31 21:45:15.514640+00:00,37321,DERME HES,103201,2026-05-31T11:00:00+03:00,11:00
40W0000000373217,DERME HES,unknown,2026-05-31 12:00:00+03:00,,1.3,chunk_0013.json,POST /v1/generation/data/dpp-bulk,2026-05-31 21:45:15.514640+00:00,37321,DERME HES,103201,2026-05-31T12:00:00+03:00,12:00
40W0000000373217,DERME HES,unknown,2026-05-31 13:00:00+03:00,,1.3,chunk_0013.json,POST /v1/generation/data/dpp-bulk,2026-05-31 21:45:15.514640+00:00,37321,DERME HES,103201,2026-05-31T13:00:00+03:00,13:00
40W0000000373217,DERME HES,unknown,2026-05-31 14:00:00+03:00,,1.3,chunk_0013.json,POST /v1/generation/data/dpp-bulk,2026-05-31 21:45:15.514640+00:00,37321,DERME HES,103201,2026-05-31T14:00:00+03:00,14:00
40W0000000373217,DERME HES,unknown,2026-05-31 15:00:00+03:00,,1.3,chunk_0013.json,POST /v1/generation/data/dpp-bulk,2026-05-31 21:45:15.514640+00:00,37321,DERME HES,103201,2026-05-31T15:00:00+03:00,15:00
40W0000000373217,DERME HES,unknown,2026-05-31 16:00:00+03:00,,1.3,chunk_0013.json,POST /v1/generation/data/dpp-bulk,2026-05-31 21:45:15.514640+00:00,37321,DERME HES,103201,2026-05-31T16:00:00+03:00,16:00
40W0000000373217,DERME HES,unknown,2026-05-31 17:00:00+03:00,,1.3,chunk_0013.json,POST /v1/generation/data/dpp-bulk,2026-05-31 21:45:15.514640+00:00,37321,DERME HES,103201,2026-05-31T17:00:00+03:00,17:00
40W0000000373217,DERME HES,unknown,2026-05-31 18:00:00+03:00,,1.3,chunk_0013.json,POST /v1/generation/data/dpp-bulk,2026-05-31 21:45:15.514640+00:00,37321,DERME HES,103201,2026-05-31T18:00:00+03:00,18:00
40W0000000373217,DERME HES,unknown,2026-05-31 19:00:00+03:00,,1.3,chunk_0013.json,POST /v1/generation/data/dpp-bulk,2026-05-31 21:45:15.514640+00:00,37321,DERME HES,103201,2026-05-31T19:00:00+03:00,19:00
40W0000000373217,DERME HES,unknown,2026-05-31 20:00:00+03:00,,1.3,chunk_0013.json,POST /v1/generation/data/dpp-bulk,2026-05-31 21:45:15.514640+00:00,37321,DERME HES,103201,2026-05-31T20:00:00+03:00,20:00
40W0000000373217,DERME HES,unknown,2026-05-31 21:00:00+03:00,,1.3,chunk_0013.json,POST /v1/generation/data/dpp-bulk,2026-05-31 21:45:15.514640+00:00,37321,DERME HES,103201,2026-05-31T21:00:00+03:00,21:00
40W0000000373217,DERME HES,unknown,2026-05-31 22:00:00+03:00,,1.3,chunk_0013.json,POST /v1/generation/data/dpp-bulk,2026-05-31 21:45:15.514640+00:00,37321,DERME HES,103201,2026-05-31T22:00:00+03:00,22:00
40W0000000373217,DERME HES,unknown,2026-05-31 23:00:00+03:00,,1.3,chunk_0013.json,POST /v1/generation/data/dpp-bulk,2026-05-31 21:45:15.514640+00:00,37321,DERME HES,103201,2026-05-31T23:00:00+03:00,23:00
40W100000037325N,KERNEK HES,unknown,2026-05-31 00:00:00+03:00,,0.0,chunk_0013.json,POST /v1/generation/data/dpp-bulk,2026-05-31 21:45:15.514640+00:00,37325,KERNEK HES,103201,2026-05-31T00:00:00+03:00,00:00
40W100000037325N,KERNEK HES,unknown,2026-05-31 01:00:00+03:00,,0.0,chunk_0013.json,POST /v1/generation/data/dpp-bulk,2026-05-31 21:45:15.514640+00:00,37325,KERNEK HES,103201,2026-05-31T01:00:00+03:00,01:00
40W100000037325N,KERNEK HES,unknown,2026-05-31 02:00:00+03:00,,0.0,chunk_0013.json,POST /v1/generation/data/dpp-bulk,2026-05-31 21:45:15.514640+00:00,37325,KERNEK HES,103201,2026-05-31T02:00:00+03:00,02:00
40W100000037325N,KERNEK HES,unknown,2026-05-31 03:00:00+03:00,,0.0,chunk_0013.json,POST /v1/generation/data/dpp-bulk,2026-05-31 21:45:15.514640+00:00,37325,KERNEK HES,103201,2026-05-31T03:00:00+03:00,03:00
40W100000037325N,KERNEK HES,unknown,2026-05-31 04:00:00+03:00,,0.0,chunk_0013.json,POST /v1/generation/data/dpp-bulk,2026-05-31 21:45:15.514640+00:00,37325,KERNEK HES,103201,2026-05-31T04:00:00+03:00,04:00
40W100000037325N,KERNEK HES,unknown,2026-05-31 05:00:00+03:00,,0.0,chunk_0013.json,POST /v1/generation/data/dpp-bulk,2026-05-31 21:45:15.514640+00:00,37325,KERNEK HES,103201,2026-05-31T05:00:00+03:00,05:00
40W100000037325N,KERNEK HES,unknown,2026-05-31 06:00:00+03:00,,0.0,chunk_0013.json,POST /v1/generation/data/dpp-bulk,2026-05-31 21:45:15.514640+00:00,37325,KERNEK HES,103201,2026-05-31T06:00:00+03:00,06:00
40W100000037325N,KERNEK HES,unknown,2026-05-31 07:00:00+03:00,,0.0,chunk_0013.json,POST /v1/generation/data/dpp-bulk,2026-05-31 21:45:15.514640+00:00,37325,KERNEK HES,103201,2026-05-31T07:00:00+03:00,07:00
40W100000037325N,KERNEK HES,unknown,2026-05-31 08:00:00+03:00,,0.0,chunk_0013.json,POST /v1/generation/data/dpp-bulk,2026-05-31 21:45:15.514640+00:00,37325,KERNEK HES,103201,2026-05-31T08:00:00+03:00,08:00
40W100000037325N,KERNEK HES,unknown,2026-05-31 09:00:00+03:00,,0.0,chunk_0013.json,POST /v1/generation/data/dpp-bulk,2026-05-31 21:45:15.514640+00:00,37325,KERNEK HES,103201,2026-05-31T09:00:00+03:00,09:00
40W100000037325N,KERNEK HES,unknown,2026-05-31 10:00:00+03:00,,0.0,chunk_0013.json,POST /v1/generation/data/dpp-bulk,2026-05-31 21:45:15.514640+00:00,37325,KERNEK HES,103201,2026-05-31T10:00:00+03:00,10:00
40W100000037325N,KERNEK HES,unknown,2026-05-31 11:00:00+03:00,,0.0,chunk_0013.json,POST /v1/generation/data/dpp-bulk,2026-05-31 21:45:15.514640+00:00,37325,KERNEK HES,103201,2026-05-31T11:00:00+03:00,11:00
40W100000037325N,KERNEK HES,unknown,2026-05-31 12:00:00+03:00,,0.0,chunk_0013.json,POST /v1/generation/data/dpp-bulk,2026-05-31 21:45:15.514640+00:00,37325,KERNEK HES,103201,2026-05-31T12:00:00+03:00,12:00
40W100000037325N,KERNEK HES,unknown,2026-05-31 13:00:00+03:00,,0.0,chunk_0013.json,POST /v1/generation/data/dpp-bulk,2026-05-31 21:45:15.514640+00:00,37325,KERNEK HES,103201,2026-05-31T13:00:00+03:00,13:00
40W100000037325N,KERNEK HES,unknown,2026-05-31 14:00:00+03:00,,0.0,chunk_0013.json,POST /v1/generation/data/dpp-bulk,2026-05-31 21:45:15.514640+00:00,37325,KERNEK HES,103201,2026-05-31T14:00:00+03:00,14:00
40W100000037325N,KERNEK HES,unknown,2026-05-31 15:00:00+03:00,,0.0,chunk_0013.json,POST /v1/generation/data/dpp-bulk,2026-05-31 21:45:15.514640+00:00,37325,KERNEK HES,103201,2026-05-31T15:00:00+03:00,15:00
40W100000037325N,KERNEK HES,unknown,2026-05-31 16:00:00+03:00,,0.0,chunk_0013.json,POST /v1/generation/data/dpp-bulk,2026-05-31 21:45:15.514640+00:00,37325,KERNEK HES,103201,2026-05-31T16:00:00+03:00,16:00
40W100000037325N,KERNEK HES,unknown,2026-05-31 17:00:00+03:00,,0.0,chunk_0013.json,POST /v1/generation/data/dpp-bulk,2026-05-31 21:45:15.514640+00:00,37325,KERNEK HES,103201,2026-05-31T17:00:00+03:00,17:00
40W100000037325N,KERNEK HES,unknown,2026-05-31 18:00:00+03:00,,0.0,chunk_0013.json,POST /v1/generation/data/dpp-bulk,2026-05-31 21:45:15.514640+00:00,37325,KERNEK HES,103201,2026-05-31T18:00:00+03:00,18:00
40W100000037325N,KERNEK HES,unknown,2026-05-31 19:00:00+03:00,,0.0,chunk_0013.json,POST /v1/generation/data/dpp-bulk,2026-05-31 21:45:15.514640+00:00,37325,KERNEK HES,103201,2026-05-31T19:00:00+03:00,19:00
40W100000037325N,KERNEK HES,unknown,2026-05-31 20:00:00+03:00,,0.0,chunk_0013.json,POST /v1/generation/data/dpp-bulk,2026-05-31 21:45:15.514640+00:00,37325,KERNEK HES,103201,2026-05-31T20:00:00+03:00,20:00
40W100000037325N,KERNEK HES,unknown,2026-05-31 21:00:00+03:00,,0.0,chunk_0013.json,POST /v1/generation/data/dpp-bulk,2026-05-31 21:45:15.514640+00:00,37325,KERNEK HES,103201,2026-05-31T21:00:00+03:00,21:00
40W100000037325N,KERNEK HES,unknown,2026-05-31 22:00:00+03:00,,0.0,chunk_0013.json,POST /v1/generation/data/dpp-bulk,2026-05-31 21:45:15.514640+00:00,37325,KERNEK HES,103201,2026-05-31T22:00:00+03:00,22:00
40W100000037325N,KERNEK HES,unknown,2026-05-31 23:00:00+03:00,,0.0,chunk_0013.json,POST /v1/generation/data/dpp-bulk,2026-05-31 21:45:15.514640+00:00,37325,KERNEK HES,103201,2026-05-31T23:00:00+03:00,23:00
40W0000000373314,ERKENEK HES(ERCİYES ENR.),unknown,2026-05-31 00:00:00+03:00,,0.0,chunk_0013.json,POST /v1/generation/data/dpp-bulk,2026-05-31 21:45:15.514640+00:00,37331,ERKENEK HES(ERCİYES ENR.),103201,2026-05-31T00:00:00+03:00,00:00
40W0000000373314,ERKENEK HES(ERCİYES ENR.),unknown,2026-05-31 01:00:00+03:00,,0.0,chunk_0013.json,POST /v1/generation/data/dpp-bulk,2026-05-31 21:45:15.514640+00:00,37331,ERKENEK HES(ERCİYES ENR.),103201,2026-05-31T01:00:00+03:00,01:00
40W0000000373314,ERKENEK HES(ERCİYES ENR.),unknown,2026-05-31 02:00:00+03:00,,0.0,chunk_0013.json,POST /v1/generation/data/dpp-bulk,2026-05-31 21:45:15.514640+00:00,37331,ERKENEK HES(ERCİYES ENR.),103201,2026-05-31T02:00:00+03:00,02:00
40W0000000373314,ERKENEK HES(ERCİYES ENR.),unknown,2026-05-31 03:00:00+03:00,,0.0,chunk_0013.json,POST /v1/generation/data/dpp-bulk,2026-05-31 21:45:15.514640+00:00,37331,ERKENEK HES(ERCİYES ENR.),103201,2026-05-31T03:00:00+03:00,03:00
40W0000000373314,ERKENEK HES(ERCİYES ENR.),unknown,2026-05-31 04:00:00+03:00,,0.0,chunk_0013.json,POST /v1/generation/data/dpp-bulk,2026-05-31 21:45:15.514640+00:00,37331,ERKENEK HES(ERCİYES ENR.),103201,2026-05-31T04:00:00+03:00,04:00
40W0000000373314,ERKENEK HES(ERCİYES ENR.),unknown,2026-05-31 05:00:00+03:00,,0.0,chunk_0013.json,POST /v1/generation/data/dpp-bulk,2026-05-31 21:45:15.514640+00:00,37331,ERKENEK HES(ERCİYES ENR.),103201,2026-05-31T05:00:00+03:00,05:00
40W0000000373314,ERKENEK HES(ERCİYES ENR.),unknown,2026-05-31 06:00:00+03:00,,0.0,chunk_0013.json,POST /v1/generation/data/dpp-bulk,2026-05-31 21:45:15.514640+00:00,37331,ERKENEK HES(ERCİYES ENR.),103201,2026-05-31T06:00:00+03:00,06:00
40W0000000373314,ERKENEK HES(ERCİYES ENR.),unknown,2026-05-31 07:00:00+03:00,,0.0,chunk_0013.json,POST /v1/generation/data/dpp-bulk,2026-05-31 21:45:15.514640+00:00,37331,ERKENEK HES(ERCİYES ENR.),103201,2026-05-31T07:00:00+03:00,07:00
40W0000000373314,ERKENEK HES(ERCİYES ENR.),unknown,2026-05-31 08:00:00+03:00,,0.0,chunk_0013.json,POST /v1/generation/data/dpp-bulk,2026-05-31 21:45:15.514640+00:00,37331,ERKENEK HES(ERCİYES ENR.),103201,2026-05-31T08:00:00+03:00,08:00
40W0000000373314,ERKENEK HES(ERCİYES ENR.),unknown,2026-05-31 09:00:00+03:00,,0.0,chunk_0013.json,POST /v1/generation/data/dpp-bulk,2026-05-31 21:45:15.514640+00:00,37331,ERKENEK HES(ERCİYES ENR.),103201,2026-05-31T09:00:00+03:00,09:00
40W0000000373314,ERKENEK HES(ERCİYES ENR.),unknown,2026-05-31 10:00:00+03:00,,0.0,chunk_0013.json,POST /v1/generation/data/dpp-bulk,2026-05-31 21:45:15.514640+00:00,37331,ERKENEK HES(ERCİYES ENR.),103201,2026-05-31T10:00:00+03:00,10:00
40W0000000373314,ERKENEK HES(ERCİYES ENR.),unknown,2026-05-31 11:00:00+03:00,,0.0,chunk_0013.json,POST /v1/generation/data/dpp-bulk,2026-05-31 21:45:15.514640+00:00,37331,ERKENEK HES(ERCİYES ENR.),103201,2026-05-31T11:00:00+03:00,11:00
40W0000000373314,ERKENEK HES(ERCİYES ENR.),unknown,2026-05-31 12:00:00+03:00,,0.0,chunk_0013.json,POST /v1/generation/data/dpp-bulk,2026-05-31 21:45:15.514640+00:00,37331,ERKENEK HES(ERCİYES ENR.),103201,2026-05-31T12:00:00+03:00,12:00
40W0000000373314,ERKENEK HES(ERCİYES ENR.),unknown,2026-05-31 13:00:00+03:00,,0.0,chunk_0013.json,POST /v1/generation/data/dpp-bulk,2026-05-31 21:45:15.514640+00:00,37331,ERKENEK HES(ERCİYES ENR.),103201,2026-05-31T13:00:00+03:00,13:00
40W0000000373314,ERKENEK HES(ERCİYES ENR.),unknown,2026-05-31 14:00:00+03:00,,0.0,chunk_0013.json,POST /v1/generation/data/dpp-bulk,2026-05-31 21:45:15.514640+00:00,37331,ERKENEK HES(ERCİYES ENR.),103201,2026-05-31T14:00:00+03:00,14:00
40W0000000373314,ERKENEK HES(ERCİYES ENR.),unknown,2026-05-31 15:00:00+03:00,,0.0,chunk_0013.json,POST /v1/generation/data/dpp-bulk,2026-05-31 21:45:15.514640+00:00,37331,ERKENEK HES(ERCİYES ENR.),103201,2026-05-31T15:00:00+03:00,15:00
40W0000000373314,ERKENEK HES(ERCİYES ENR.),unknown,2026-05-31 16:00:00+03:00,,0.0,chunk_0013.json,POST /v1/generation/data/dpp-bulk,2026-05-31 21:45:15.514640+00:00,37331,ERKENEK HES(ERCİYES ENR.),103201,2026-05-31T16:00:00+03:00,16:00
40W0000000373314,ERKENEK HES(ERCİYES ENR.),unknown,2026-05-31 17:00:00+03:00,,0.0,chunk_0013.json,POST /v1/generation/data/dpp-bulk,2026-05-31 21:45:15.514640+00:00,37331,ERKENEK HES(ERCİYES ENR.),103201,2026-05-31T17:00:00+03:00,17:00
40W0000000373314,ERKENEK HES(ERCİYES ENR.),unknown,2026-05-31 18:00:00+03:00,,0.0,chunk_0013.json,POST /v1/generation/data/dpp-bulk,2026-05-31 21:45:15.514640+00:00,37331,ERKENEK HES(ERCİYES ENR.),103201,2026-05-31T18:00:00+03:00,18:00
40W0000000373314,ERKENEK HES(ERCİYES ENR.),unknown,2026-05-31 19:00:00+03:00,,0.0,chunk_0013.json,POST /v1/generation/data/dpp-bulk,2026-05-31 21:45:15.514640+00:00,37331,ERKENEK HES(ERCİYES ENR.),103201,2026-05-31T19:00:00+03:00,19:00
40W0000000373314,ERKENEK HES(ERCİYES ENR.),unknown,2026-05-31 20:00:00+03:00,,0.0,chunk_0013.json,POST /v1/generation/data/dpp-bulk,2026-05-31 21:45:15.514640+00:00,37331,ERKENEK HES(ERCİYES ENR.),103201,2026-05-31T20:00:00+03:00,20:00
40W0000000373314,ERKENEK HES(ERCİYES ENR.),unknown,2026-05-31 21:00:00+03:00,,0.0,chunk_0013.json,POST /v1/generation/data/dpp-bulk,2026-05-31 21:45:15.514640+00:00,37331,ERKENEK HES(ERCİYES ENR.),103201,2026-05-31T21:00:00+03:00,21:00
40W0000000373314,ERKENEK HES(ERCİYES ENR.),unknown,2026-05-31 22:00:00+03:00,,0.0,chunk_0013.json,POST /v1/generation/data/dpp-bulk,2026-05-31 21:45:15.514640+00:00,37331,ERKENEK HES(ERCİYES ENR.),103201,2026-05-31T22:00:00+03:00,22:00
40W0000000373314,ERKENEK HES(ERCİYES ENR.),unknown,2026-05-31 23:00:00+03:00,,0.0,chunk_0013.json,POST /v1/generation/data/dpp-bulk,2026-05-31 21:45:15.514640+00:00,37331,ERKENEK HES(ERCİYES ENR.),103201,2026-05-31T23:00:00+03:00,23:00
40W000000037335X,BESNİ HES,unknown,2026-05-31 00:00:00+03:00,,0.0,chunk_0013.json,POST /v1/generation/data/dpp-bulk,2026-05-31 21:45:15.514640+00:00,37335,BESNİ HES,103201,2026-05-31T00:00:00+03:00,00:00
40W000000037335X,BESNİ HES,unknown,2026-05-31 01:00:00+03:00,,0.0,chunk_0013.json,POST /v1/generation/data/dpp-bulk,2026-05-31 21:45:15.514640+00:00,37335,BESNİ HES,103201,2026-05-31T01:00:00+03:00,01:00
40W000000037335X,BESNİ HES,unknown,2026-05-31 02:00:00+03:00,,0.0,chunk_0013.json,POST /v1/generation/data/dpp-bulk,2026-05-31 21:45:15.514640+00:00,37335,BESNİ HES,103201,2026-05-31T02:00:00+03:00,02:00
40W000000037335X,BESNİ HES,unknown,2026-05-31 03:00:00+03:00,,0.0,chunk_0013.json,POST /v1/generation/data/dpp-bulk,2026-05-31 21:45:15.514640+00:00,37335,BESNİ HES,103201,2026-05-31T03:00:00+03:00,03:00
40W000000037335X,BESNİ HES,unknown,2026-05-31 04:00:00+03:00,,0.0,chunk_0013.json,POST /v1/generation/data/dpp-bulk,2026-05-31 21:45:15.514640+00:00,37335,BESNİ HES,103201,2026-05-31T04:00:00+03:00,04:00
40W000000037335X,BESNİ HES,unknown,2026-05-31 05:00:00+03:00,,0.0,chunk_0013.json,POST /v1/generation/data/dpp-bulk,2026-05-31 21:45:15.514640+00:00,37335,BESNİ HES,103201,2026-05-31T05:00:00+03:00,05:00
40W000000037335X,BESNİ HES,unknown,2026-05-31 06:00:00+03:00,,0.0,chunk_0013.json,POST /v1/generation/data/dpp-bulk,2026-05-31 21:45:15.514640+00:00,37335,BESNİ HES,103201,2026-05-31T06:00:00+03:00,06:00
40W000000037335X,BESNİ HES,unknown,2026-05-31 07:00:00+03:00,,0.0,chunk_0013.json,POST /v1/generation/data/dpp-bulk,2026-05-31 21:45:15.514640+00:00,37335,BESNİ HES,103201,2026-05-31T07:00:00+03:00,07:00
40W000000037335X,BESNİ HES,unknown,2026-05-31 08:00:00+03:00,,0.0,chunk_0013.json,POST /v1/generation/data/dpp-bulk,2026-05-31 21:45:15.514640+00:00,37335,BESNİ HES,103201,2026-05-31T08:00:00+03:00,08:00
40W000000037335X,BESNİ HES,unknown,2026-05-31 09:00:00+03:00,,0.0,chunk_0013.json,POST /v1/generation/data/dpp-bulk,2026-05-31 21:45:15.514640+00:00,37335,BESNİ HES,103201,2026-05-31T09:00:00+03:00,09:00
40W000000037335X,BESNİ HES,unknown,2026-05-31 10:00:00+03:00,,0.0,chunk_0013.json,POST /v1/generation/data/dpp-bulk,2026-05-31 21:45:15.514640+00:00,37335,BESNİ HES,103201,2026-05-31T10:00:00+03:00,10:00
40W000000037335X,BESNİ HES,unknown,2026-05-31 11:00:00+03:00,,0.0,chunk_0013.json,POST /v1/generation/data/dpp-bulk,2026-05-31 21:45:15.514640+00:00,37335,BESNİ HES,103201,2026-05-31T11:00:00+03:00,11:00
40W000000037335X,BESNİ HES,unknown,2026-05-31 12:00:00+03:00,,0.0,chunk_0013.json,POST /v1/generation/data/dpp-bulk,2026-05-31 21:45:15.514640+00:00,37335,BESNİ HES,103201,2026-05-31T12:00:00+03:00,12:00
40W000000037335X,BESNİ HES,unknown,2026-05-31 13:00:00+03:00,,0.0,chunk_0013.json,POST /v1/generation/data/dpp-bulk,2026-05-31 21:45:15.514640+00:00,37335,BESNİ HES,103201,2026-05-31T13:00:00+03:00,13:00
40W000000037335X,BESNİ HES,unknown,2026-05-31 14:00:00+03:00,,0.0,chunk_0013.json,POST /v1/generation/data/dpp-bulk,2026-05-31 21:45:15.514640+00:00,37335,BESNİ HES,103201,2026-05-31T14:00:00+03:00,14:00
40W000000037335X,BESNİ HES,unknown,2026-05-31 15:00:00+03:00,,0.0,chunk_0013.json,POST /v1/generation/data/dpp-bulk,2026-05-31 21:45:15.514640+00:00,37335,BESNİ HES,103201,2026-05-31T15:00:00+03:00,15:00
40W000000037335X,BESNİ HES,unknown,2026-05-31 16:00:00+03:00,,0.0,chunk_0013.json,POST /v1/generation/data/dpp-bulk,2026-05-31 21:45:15.514640+00:00,37335,BESNİ HES,103201,2026-05-31T16:00:00+03:00,16:00
40W000000037335X,BESNİ HES,unknown,2026-05-31 17:00:00+03:00,,0.0,chunk_0013.json,POST /v1/generation/data/dpp-bulk,2026-05-31 21:45:15.514640+00:00,37335,BESNİ HES,103201,2026-05-31T17:00:00+03:00,17:00
40W000000037335X,BESNİ HES,unknown,2026-05-31 18:00:00+03:00,,0.0,chunk_0013.json,POST /v1/generation/data/dpp-bulk,2026-05-31 21:45:15.514640+00:00,37335,BESNİ HES,103201,2026-05-31T18:00:00+03:00,18:00
40W000000037335X,BESNİ HES,unknown,2026-05-31 19:00:00+03:00,,0.0,chunk_0013.json,POST /v1/generation/data/dpp-bulk,2026-05-31 21:45:15.514640+00:00,37335,BESNİ HES,103201,2026-05-31T19:00:00+03:00,19:00
40W000000037335X,BESNİ HES,unknown,2026-05-31 20:00:00+03:00,,0.0,chunk_0013.json,POST /v1/generation/data/dpp-bulk,2026-05-31 21:45:15.514640+00:00,37335,BESNİ HES,103201,2026-05-31T20:00:00+03:00,20:00
40W000000037335X,BESNİ HES,unknown,2026-05-31 21:00:00+03:00,,0.0,chunk_0013.json,POST /v1/generation/data/dpp-bulk,2026-05-31 21:45:15.514640+00:00,37335,BESNİ HES,103201,2026-05-31T21:00:00+03:00,21:00
40W000000037335X,BESNİ HES,unknown,2026-05-31 22:00:00+03:00,,0.0,chunk_0013.json,POST /v1/generation/data/dpp-bulk,2026-05-31 21:45:15.514640+00:00,37335,BESNİ HES,103201,2026-05-31T22:00:00+03:00,22:00
40W000000037335X,BESNİ HES,unknown,2026-05-31 23:00:00+03:00,,0.0,chunk_0013.json,POST /v1/generation/data/dpp-bulk,2026-05-31 21:45:15.514640+00:00,37335,BESNİ HES,103201,2026-05-31T23:00:00+03:00,23:00
40W000000037409U,YAPRAK HES,unknown,2026-05-31 00:00:00+03:00,,0.0,chunk_0013.json,POST /v1/generation/data/dpp-bulk,2026-05-31 21:45:15.514640+00:00,37409,YAPRAK HES,103201,2026-05-31T00:00:00+03:00,00:00
40W000000037409U,YAPRAK HES,unknown,2026-05-31 01:00:00+03:00,,0.0,chunk_0013.json,POST /v1/generation/data/dpp-bulk,2026-05-31 21:45:15.514640+00:00,37409,YAPRAK HES,103201,2026-05-31T01:00:00+03:00,01:00
40W000000037409U,YAPRAK HES,unknown,2026-05-31 02:00:00+03:00,,0.0,chunk_0013.json,POST /v1/generation/data/dpp-bulk,2026-05-31 21:45:15.514640+00:00,37409,YAPRAK HES,103201,2026-05-31T02:00:00+03:00,02:00
40W000000037409U,YAPRAK HES,unknown,2026-05-31 03:00:00+03:00,,23.5,chunk_0013.json,POST /v1/generation/data/dpp-bulk,2026-05-31 21:45:15.514640+00:00,37409,YAPRAK HES,103201,2026-05-31T03:00:00+03:00,03:00
40W000000037409U,YAPRAK HES,unknown,2026-05-31 04:00:00+03:00,,0.0,chunk_0013.json,POST /v1/generation/data/dpp-bulk,2026-05-31 21:45:15.514640+00:00,37409,YAPRAK HES,103201,2026-05-31T04:00:00+03:00,04:00
40W000000037409U,YAPRAK HES,unknown,2026-05-31 05:00:00+03:00,,0.0,chunk_0013.json,POST /v1/generation/data/dpp-bulk,2026-05-31 21:45:15.514640+00:00,37409,YAPRAK HES,103201,2026-05-31T05:00:00+03:00,05:00
40W000000037409U,YAPRAK HES,unknown,2026-05-31 06:00:00+03:00,,0.0,chunk_0013.json,POST /v1/generation/data/dpp-bulk,2026-05-31 21:45:15.514640+00:00,37409,YAPRAK HES,103201,2026-05-31T06:00:00+03:00,06:00
40W000000037409U,YAPRAK HES,unknown,2026-05-31 07:00:00+03:00,,0.0,chunk_0013.json,POST /v1/generation/data/dpp-bulk,2026-05-31 21:45:15.514640+00:00,37409,YAPRAK HES,103201,2026-05-31T07:00:00+03:00,07:00
40W000000037409U,YAPRAK HES,unknown,2026-05-31 08:00:00+03:00,,0.0,chunk_0013.json,POST /v1/generation/data/dpp-bulk,2026-05-31 21:45:15.514640+00:00,37409,YAPRAK HES,103201,2026-05-31T08:00:00+03:00,08:00
40W000000037409U,YAPRAK HES,unknown,2026-05-31 09:00:00+03:00,,0.0,chunk_0013.json,POST /v1/generation/data/dpp-bulk,2026-05-31 21:45:15.514640+00:00,37409,YAPRAK HES,103201,2026-05-31T09:00:00+03:00,09:00
40W000000037409U,YAPRAK HES,unknown,2026-05-31 10:00:00+03:00,,0.0,chunk_0013.json,POST /v1/generation/data/dpp-bulk,2026-05-31 21:45:15.514640+00:00,37409,YAPRAK HES,103201,2026-05-31T10:00:00+03:00,10:00
40W000000037409U,YAPRAK HES,unknown,2026-05-31 11:00:00+03:00,,0.0,chunk_0013.json,POST /v1/generation/data/dpp-bulk,2026-05-31 21:45:15.514640+00:00,37409,YAPRAK HES,103201,2026-05-31T11:00:00+03:00,11:00
40W000000037409U,YAPRAK HES,unknown,2026-05-31 12:00:00+03:00,,0.0,chunk_0013.json,POST /v1/generation/data/dpp-bulk,2026-05-31 21:45:15.514640+00:00,37409,YAPRAK HES,103201,2026-05-31T12:00:00+03:00,12:00
40W000000037409U,YAPRAK HES,unknown,2026-05-31 13:00:00+03:00,,0.0,chunk_0013.json,POST /v1/generation/data/dpp-bulk,2026-05-31 21:45:15.514640+00:00,37409,YAPRAK HES,103201,2026-05-31T13:00:00+03:00,13:00
40W000000037409U,YAPRAK HES,unknown,2026-05-31 14:00:00+03:00,,0.0,chunk_0013.json,POST /v1/generation/data/dpp-bulk,2026-05-31 21:45:15.514640+00:00,37409,YAPRAK HES,103201,2026-05-31T14:00:00+03:00,14:00
40W000000037409U,YAPRAK HES,unknown,2026-05-31 15:00:00+03:00,,0.0,chunk_0013.json,POST /v1/generation/data/dpp-bulk,2026-05-31 21:45:15.514640+00:00,37409,YAPRAK HES,103201,2026-05-31T15:00:00+03:00,15:00
40W000000037409U,YAPRAK HES,unknown,2026-05-31 16:00:00+03:00,,0.0,chunk_0013.json,POST /v1/generation/data/dpp-bulk,2026-05-31 21:45:15.514640+00:00,37409,YAPRAK HES,103201,2026-05-31T16:00:00+03:00,16:00
40W000000037409U,YAPRAK HES,unknown,2026-05-31 17:00:00+03:00,,0.0,chunk_0013.json,POST /v1/generation/data/dpp-bulk,2026-05-31 21:45:15.514640+00:00,37409,YAPRAK HES,103201,2026-05-31T17:00:00+03:00,17:00
40W000000037409U,YAPRAK HES,unknown,2026-05-31 18:00:00+03:00,,0.0,chunk_0013.json,POST /v1/generation/data/dpp-bulk,2026-05-31 21:45:15.514640+00:00,37409,YAPRAK HES,103201,2026-05-31T18:00:00+03:00,18:00
40W000000037409U,YAPRAK HES,unknown,2026-05-31 19:00:00+03:00,,0.0,chunk_0013.json,POST /v1/generation/data/dpp-bulk,2026-05-31 21:45:15.514640+00:00,37409,YAPRAK HES,103201,2026-05-31T19:00:00+03:00,19:00
40W000000037409U,YAPRAK HES,unknown,2026-05-31 20:00:00+03:00,,23.0,chunk_0013.json,POST /v1/generation/data/dpp-bulk,2026-05-31 21:45:15.514640+00:00,37409,YAPRAK HES,103201,2026-05-31T20:00:00+03:00,20:00
40W000000037409U,YAPRAK HES,unknown,2026-05-31 21:00:00+03:00,,23.0,chunk_0013.json,POST /v1/generation/data/dpp-bulk,2026-05-31 21:45:15.514640+00:00,37409,YAPRAK HES,103201,2026-05-31T21:00:00+03:00,21:00
40W000000037409U,YAPRAK HES,unknown,2026-05-31 22:00:00+03:00,,23.0,chunk_0013.json,POST /v1/generation/data/dpp-bulk,2026-05-31 21:45:15.514640+00:00,37409,YAPRAK HES,103201,2026-05-31T22:00:00+03:00,22:00
40W000000037409U,YAPRAK HES,unknown,2026-05-31 23:00:00+03:00,,23.0,chunk_0013.json,POST /v1/generation/data/dpp-bulk,2026-05-31 21:45:15.514640+00:00,37409,YAPRAK HES,103201,2026-05-31T23:00:00+03:00,23:00
40W000000037977U,ÇATALTEPE RES(ALİZE),unknown,2026-05-31 00:00:00+03:00,,0.06,chunk_0013.json,POST /v1/generation/data/dpp-bulk,2026-05-31 21:45:15.514640+00:00,37977,ÇATALTEPE RES(ALİZE),103261,2026-05-31T00:00:00+03:00,00:00
40W000000037977U,ÇATALTEPE RES(ALİZE),unknown,2026-05-31 01:00:00+03:00,,0.04,chunk_0013.json,POST /v1/generation/data/dpp-bulk,2026-05-31 21:45:15.514640+00:00,37977,ÇATALTEPE RES(ALİZE),103261,2026-05-31T01:00:00+03:00,01:00
40W000000037977U,ÇATALTEPE RES(ALİZE),unknown,2026-05-31 02:00:00+03:00,,0.03,chunk_0013.json,POST /v1/generation/data/dpp-bulk,2026-05-31 21:45:15.514640+00:00,37977,ÇATALTEPE RES(ALİZE),103261,2026-05-31T02:00:00+03:00,02:00
40W000000037977U,ÇATALTEPE RES(ALİZE),unknown,2026-05-31 03:00:00+03:00,,2.0,chunk_0013.json,POST /v1/generation/data/dpp-bulk,2026-05-31 21:45:15.514640+00:00,37977,ÇATALTEPE RES(ALİZE),103261,2026-05-31T03:00:00+03:00,03:00
40W000000037977U,ÇATALTEPE RES(ALİZE),unknown,2026-05-31 04:00:00+03:00,,2.0,chunk_0013.json,POST /v1/generation/data/dpp-bulk,2026-05-31 21:45:15.514640+00:00,37977,ÇATALTEPE RES(ALİZE),103261,2026-05-31T04:00:00+03:00,04:00
40W000000037977U,ÇATALTEPE RES(ALİZE),unknown,2026-05-31 05:00:00+03:00,,2.0,chunk_0013.json,POST /v1/generation/data/dpp-bulk,2026-05-31 21:45:15.514640+00:00,37977,ÇATALTEPE RES(ALİZE),103261,2026-05-31T05:00:00+03:00,05:00
40W000000037977U,ÇATALTEPE RES(ALİZE),unknown,2026-05-31 06:00:00+03:00,,2.0,chunk_0013.json,POST /v1/generation/data/dpp-bulk,2026-05-31 21:45:15.514640+00:00,37977,ÇATALTEPE RES(ALİZE),103261,2026-05-31T06:00:00+03:00,06:00
40W000000037977U,ÇATALTEPE RES(ALİZE),unknown,2026-05-31 07:00:00+03:00,,2.0,chunk_0013.json,POST /v1/generation/data/dpp-bulk,2026-05-31 21:45:15.514640+00:00,37977,ÇATALTEPE RES(ALİZE),103261,2026-05-31T07:00:00+03:00,07:00
40W000000037977U,ÇATALTEPE RES(ALİZE),unknown,2026-05-31 08:00:00+03:00,,2.0,chunk_0013.json,POST /v1/generation/data/dpp-bulk,2026-05-31 21:45:15.514640+00:00,37977,ÇATALTEPE RES(ALİZE),103261,2026-05-31T08:00:00+03:00,08:00
40W000000037977U,ÇATALTEPE RES(ALİZE),unknown,2026-05-31 09:00:00+03:00,,2.0,chunk_0013.json,POST /v1/generation/data/dpp-bulk,2026-05-31 21:45:15.514640+00:00,37977,ÇATALTEPE RES(ALİZE),103261,2026-05-31T09:00:00+03:00,09:00
40W000000037977U,ÇATALTEPE RES(ALİZE),unknown,2026-05-31 10:00:00+03:00,,2.0,chunk_0013.json,POST /v1/generation/data/dpp-bulk,2026-05-31 21:45:15.514640+00:00,37977,ÇATALTEPE RES(ALİZE),103261,2026-05-31T10:00:00+03:00,10:00
40W000000037977U,ÇATALTEPE RES(ALİZE),unknown,2026-05-31 11:00:00+03:00,,2.0,chunk_0013.json,POST /v1/generation/data/dpp-bulk,2026-05-31 21:45:15.514640+00:00,37977,ÇATALTEPE RES(ALİZE),103261,2026-05-31T11:00:00+03:00,11:00
40W000000037977U,ÇATALTEPE RES(ALİZE),unknown,2026-05-31 12:00:00+03:00,,2.0,chunk_0013.json,POST /v1/generation/data/dpp-bulk,2026-05-31 21:45:15.514640+00:00,37977,ÇATALTEPE RES(ALİZE),103261,2026-05-31T12:00:00+03:00,12:00
40W000000037977U,ÇATALTEPE RES(ALİZE),unknown,2026-05-31 13:00:00+03:00,,2.0,chunk_0013.json,POST /v1/generation/data/dpp-bulk,2026-05-31 21:45:15.514640+00:00,37977,ÇATALTEPE RES(ALİZE),103261,2026-05-31T13:00:00+03:00,13:00
40W000000037977U,ÇATALTEPE RES(ALİZE),unknown,2026-05-31 14:00:00+03:00,,2.0,chunk_0013.json,POST /v1/generation/data/dpp-bulk,2026-05-31 21:45:15.514640+00:00,37977,ÇATALTEPE RES(ALİZE),103261,2026-05-31T14:00:00+03:00,14:00
40W000000037977U,ÇATALTEPE RES(ALİZE),unknown,2026-05-31 15:00:00+03:00,,2.0,chunk_0013.json,POST /v1/generation/data/dpp-bulk,2026-05-31 21:45:15.514640+00:00,37977,ÇATALTEPE RES(ALİZE),103261,2026-05-31T15:00:00+03:00,15:00
40W000000037977U,ÇATALTEPE RES(ALİZE),unknown,2026-05-31 16:00:00+03:00,,2.0,chunk_0013.json,POST /v1/generation/data/dpp-bulk,2026-05-31 21:45:15.514640+00:00,37977,ÇATALTEPE RES(ALİZE),103261,2026-05-31T16:00:00+03:00,16:00
40W000000037977U,ÇATALTEPE RES(ALİZE),unknown,2026-05-31 17:00:00+03:00,,2.0,chunk_0013.json,POST /v1/generation/data/dpp-bulk,2026-05-31 21:45:15.514640+00:00,37977,ÇATALTEPE RES(ALİZE),103261,2026-05-31T17:00:00+03:00,17:00
40W000000037977U,ÇATALTEPE RES(ALİZE),unknown,2026-05-31 18:00:00+03:00,,2.0,chunk_0013.json,POST /v1/generation/data/dpp-bulk,2026-05-31 21:45:15.514640+00:00,37977,ÇATALTEPE RES(ALİZE),103261,2026-05-31T18:00:00+03:00,18:00
40W000000037977U,ÇATALTEPE RES(ALİZE),unknown,2026-05-31 19:00:00+03:00,,3.42,chunk_0013.json,POST /v1/generation/data/dpp-bulk,2026-05-31 21:45:15.514640+00:00,37977,ÇATALTEPE RES(ALİZE),103261,2026-05-31T19:00:00+03:00,19:00
40W000000037977U,ÇATALTEPE RES(ALİZE),unknown,2026-05-31 20:00:00+03:00,,2.38,chunk_0013.json,POST /v1/generation/data/dpp-bulk,2026-05-31 21:45:15.514640+00:00,37977,ÇATALTEPE RES(ALİZE),103261,2026-05-31T20:00:00+03:00,20:00
40W000000037977U,ÇATALTEPE RES(ALİZE),unknown,2026-05-31 21:00:00+03:00,,1.42,chunk_0013.json,POST /v1/generation/data/dpp-bulk,2026-05-31 21:45:15.514640+00:00,37977,ÇATALTEPE RES(ALİZE),103261,2026-05-31T21:00:00+03:00,21:00
40W000000037977U,ÇATALTEPE RES(ALİZE),unknown,2026-05-31 22:00:00+03:00,,2.06,chunk_0013.json,POST /v1/generation/data/dpp-bulk,2026-05-31 21:45:15.514640+00:00,37977,ÇATALTEPE RES(ALİZE),103261,2026-05-31T22:00:00+03:00,22:00
40W000000037977U,ÇATALTEPE RES(ALİZE),unknown,2026-05-31 23:00:00+03:00,,1.75,chunk_0013.json,POST /v1/generation/data/dpp-bulk,2026-05-31 21:45:15.514640+00:00,37977,ÇATALTEPE RES(ALİZE),103261,2026-05-31T23:00:00+03:00,23:00
40W0000000320411,ÇAĞ ÇAĞ HES,unknown,2026-05-31 00:00:00+03:00,,2.0,chunk_0013.json,POST /v1/generation/data/dpp-bulk,2026-05-31 21:45:15.514640+00:00,32041,ÇAĞ ÇAĞ HES,104643,2026-05-31T00:00:00+03:00,00:00
40W0000000320411,ÇAĞ ÇAĞ HES,unknown,2026-05-31 01:00:00+03:00,,2.0,chunk_0013.json,POST /v1/generation/data/dpp-bulk,2026-05-31 21:45:15.514640+00:00,32041,ÇAĞ ÇAĞ HES,104643,2026-05-31T01:00:00+03:00,01:00
40W0000000320411,ÇAĞ ÇAĞ HES,unknown,2026-05-31 02:00:00+03:00,,2.0,chunk_0013.json,POST /v1/generation/data/dpp-bulk,2026-05-31 21:45:15.514640+00:00,32041,ÇAĞ ÇAĞ HES,104643,2026-05-31T02:00:00+03:00,02:00
40W0000000320411,ÇAĞ ÇAĞ HES,unknown,2026-05-31 03:00:00+03:00,,2.0,chunk_0013.json,POST /v1/generation/data/dpp-bulk,2026-05-31 21:45:15.514640+00:00,32041,ÇAĞ ÇAĞ HES,104643,2026-05-31T03:00:00+03:00,03:00
40W0000000320411,ÇAĞ ÇAĞ HES,unknown,2026-05-31 04:00:00+03:00,,2.0,chunk_0013.json,POST /v1/generation/data/dpp-bulk,2026-05-31 21:45:15.514640+00:00,32041,ÇAĞ ÇAĞ HES,104643,2026-05-31T04:00:00+03:00,04:00
40W0000000320411,ÇAĞ ÇAĞ HES,unknown,2026-05-31 05:00:00+03:00,,2.0,chunk_0013.json,POST /v1/generation/data/dpp-bulk,2026-05-31 21:45:15.514640+00:00,32041,ÇAĞ ÇAĞ HES,104643,2026-05-31T05:00:00+03:00,05:00
40W0000000320411,ÇAĞ ÇAĞ HES,unknown,2026-05-31 06:00:00+03:00,,0.0,chunk_0013.json,POST /v1/generation/data/dpp-bulk,2026-05-31 21:45:15.514640+00:00,32041,ÇAĞ ÇAĞ HES,104643,2026-05-31T06:00:00+03:00,06:00
40W0000000320411,ÇAĞ ÇAĞ HES,unknown,2026-05-31 07:00:00+03:00,,0.0,chunk_0013.json,POST /v1/generation/data/dpp-bulk,2026-05-31 21:45:15.514640+00:00,32041,ÇAĞ ÇAĞ HES,104643,2026-05-31T07:00:00+03:00,07:00
40W0000000320411,ÇAĞ ÇAĞ HES,unknown,2026-05-31 08:00:00+03:00,,0.0,chunk_0013.json,POST /v1/generation/data/dpp-bulk,2026-05-31 21:45:15.514640+00:00,32041,ÇAĞ ÇAĞ HES,104643,2026-05-31T08:00:00+03:00,08:00
40W0000000320411,ÇAĞ ÇAĞ HES,unknown,2026-05-31 09:00:00+03:00,,0.0,chunk_0013.json,POST /v1/generation/data/dpp-bulk,2026-05-31 21:45:15.514640+00:00,32041,ÇAĞ ÇAĞ HES,104643,2026-05-31T09:00:00+03:00,09:00
40W0000000320411,ÇAĞ ÇAĞ HES,unknown,2026-05-31 10:00:00+03:00,,0.0,chunk_0013.json,POST /v1/generation/data/dpp-bulk,2026-05-31 21:45:15.514640+00:00,32041,ÇAĞ ÇAĞ HES,104643,2026-05-31T10:00:00+03:00,10:00
40W0000000320411,ÇAĞ ÇAĞ HES,unknown,2026-05-31 11:00:00+03:00,,0.0,chunk_0013.json,POST /v1/generation/data/dpp-bulk,2026-05-31 21:45:15.514640+00:00,32041,ÇAĞ ÇAĞ HES,104643,2026-05-31T11:00:00+03:00,11:00
40W0000000320411,ÇAĞ ÇAĞ HES,unknown,2026-05-31 12:00:00+03:00,,0.0,chunk_0013.json,POST /v1/generation/data/dpp-bulk,2026-05-31 21:45:15.514640+00:00,32041,ÇAĞ ÇAĞ HES,104643,2026-05-31T12:00:00+03:00,12:00
40W0000000320411,ÇAĞ ÇAĞ HES,unknown,2026-05-31 13:00:00+03:00,,0.0,chunk_0013.json,POST /v1/generation/data/dpp-bulk,2026-05-31 21:45:15.514640+00:00,32041,ÇAĞ ÇAĞ HES,104643,2026-05-31T13:00:00+03:00,13:00
40W0000000320411,ÇAĞ ÇAĞ HES,unknown,2026-05-31 14:00:00+03:00,,0.0,chunk_0013.json,POST /v1/generation/data/dpp-bulk,2026-05-31 21:45:15.514640+00:00,32041,ÇAĞ ÇAĞ HES,104643,2026-05-31T14:00:00+03:00,14:00
40W0000000320411,ÇAĞ ÇAĞ HES,unknown,2026-05-31 15:00:00+03:00,,0.0,chunk_0013.json,POST /v1/generation/data/dpp-bulk,2026-05-31 21:45:15.514640+00:00,32041,ÇAĞ ÇAĞ HES,104643,2026-05-31T15:00:00+03:00,15:00
40W0000000320411,ÇAĞ ÇAĞ HES,unknown,2026-05-31 16:00:00+03:00,,0.0,chunk_0013.json,POST /v1/generation/data/dpp-bulk,2026-05-31 21:45:15.514640+00:00,32041,ÇAĞ ÇAĞ HES,104643,2026-05-31T16:00:00+03:00,16:00
40W0000000320411,ÇAĞ ÇAĞ HES,unknown,2026-05-31 17:00:00+03:00,,0.0,chunk_0013.json,POST /v1/generation/data/dpp-bulk,2026-05-31 21:45:15.514640+00:00,32041,ÇAĞ ÇAĞ HES,104643,2026-05-31T17:00:00+03:00,17:00
40W0000000320411,ÇAĞ ÇAĞ HES,unknown,2026-05-31 18:00:00+03:00,,2.0,chunk_0013.json,POST /v1/generation/data/dpp-bulk,2026-05-31 21:45:15.514640+00:00,32041,ÇAĞ ÇAĞ HES,104643,2026-05-31T18:00:00+03:00,18:00
40W0000000320411,ÇAĞ ÇAĞ HES,unknown,2026-05-31 19:00:00+03:00,,2.0,chunk_0013.json,POST /v1/generation/data/dpp-bulk,2026-05-31 21:45:15.514640+00:00,32041,ÇAĞ ÇAĞ HES,104643,2026-05-31T19:00:00+03:00,19:00
40W0000000320411,ÇAĞ ÇAĞ HES,unknown,2026-05-31 20:00:00+03:00,,2.0,chunk_0013.json,POST /v1/generation/data/dpp-bulk,2026-05-31 21:45:15.514640+00:00,32041,ÇAĞ ÇAĞ HES,104643,2026-05-31T20:00:00+03:00,20:00
40W0000000320411,ÇAĞ ÇAĞ HES,unknown,2026-05-31 21:00:00+03:00,,2.0,chunk_0013.json,POST /v1/generation/data/dpp-bulk,2026-05-31 21:45:15.514640+00:00,32041,ÇAĞ ÇAĞ HES,104643,2026-05-31T21:00:00+03:00,21:00
40W0000000320411,ÇAĞ ÇAĞ HES,unknown,2026-05-31 22:00:00+03:00,,2.0,chunk_0013.json,POST /v1/generation/data/dpp-bulk,2026-05-31 21:45:15.514640+00:00,32041,ÇAĞ ÇAĞ HES,104643,2026-05-31T22:00:00+03:00,22:00
40W0000000320411,ÇAĞ ÇAĞ HES,unknown,2026-05-31 23:00:00+03:00,,2.0,chunk_0013.json,POST /v1/generation/data/dpp-bulk,2026-05-31 21:45:15.514640+00:00,32041,ÇAĞ ÇAĞ HES,104643,2026-05-31T23:00:00+03:00,23:00
40W100000032042N,ULUDERE 1-2 HES,unknown,2026-05-31 00:00:00+03:00,,0.5,chunk_0013.json,POST /v1/generation/data/dpp-bulk,2026-05-31 21:45:15.514640+00:00,32042,ULUDERE 1-2 HES,104643,2026-05-31T00:00:00+03:00,00:00
40W100000032042N,ULUDERE 1-2 HES,unknown,2026-05-31 01:00:00+03:00,,0.5,chunk_0013.json,POST /v1/generation/data/dpp-bulk,2026-05-31 21:45:15.514640+00:00,32042,ULUDERE 1-2 HES,104643,2026-05-31T01:00:00+03:00,01:00
40W100000032042N,ULUDERE 1-2 HES,unknown,2026-05-31 02:00:00+03:00,,0.5,chunk_0013.json,POST /v1/generation/data/dpp-bulk,2026-05-31 21:45:15.514640+00:00,32042,ULUDERE 1-2 HES,104643,2026-05-31T02:00:00+03:00,02:00
40W100000032042N,ULUDERE 1-2 HES,unknown,2026-05-31 03:00:00+03:00,,0.0,chunk_0013.json,POST /v1/generation/data/dpp-bulk,2026-05-31 21:45:15.514640+00:00,32042,ULUDERE 1-2 HES,104643,2026-05-31T03:00:00+03:00,03:00
40W100000032042N,ULUDERE 1-2 HES,unknown,2026-05-31 04:00:00+03:00,,0.0,chunk_0013.json,POST /v1/generation/data/dpp-bulk,2026-05-31 21:45:15.514640+00:00,32042,ULUDERE 1-2 HES,104643,2026-05-31T04:00:00+03:00,04:00
40W100000032042N,ULUDERE 1-2 HES,unknown,2026-05-31 05:00:00+03:00,,0.0,chunk_0013.json,POST /v1/generation/data/dpp-bulk,2026-05-31 21:45:15.514640+00:00,32042,ULUDERE 1-2 HES,104643,2026-05-31T05:00:00+03:00,05:00
40W100000032042N,ULUDERE 1-2 HES,unknown,2026-05-31 06:00:00+03:00,,0.0,chunk_0013.json,POST /v1/generation/data/dpp-bulk,2026-05-31 21:45:15.514640+00:00,32042,ULUDERE 1-2 HES,104643,2026-05-31T06:00:00+03:00,06:00
40W100000032042N,ULUDERE 1-2 HES,unknown,2026-05-31 07:00:00+03:00,,0.0,chunk_0013.json,POST /v1/generation/data/dpp-bulk,2026-05-31 21:45:15.514640+00:00,32042,ULUDERE 1-2 HES,104643,2026-05-31T07:00:00+03:00,07:00
40W100000032042N,ULUDERE 1-2 HES,unknown,2026-05-31 08:00:00+03:00,,0.0,chunk_0013.json,POST /v1/generation/data/dpp-bulk,2026-05-31 21:45:15.514640+00:00,32042,ULUDERE 1-2 HES,104643,2026-05-31T08:00:00+03:00,08:00
40W100000032042N,ULUDERE 1-2 HES,unknown,2026-05-31 09:00:00+03:00,,0.0,chunk_0013.json,POST /v1/generation/data/dpp-bulk,2026-05-31 21:45:15.514640+00:00,32042,ULUDERE 1-2 HES,104643,2026-05-31T09:00:00+03:00,09:00
40W100000032042N,ULUDERE 1-2 HES,unknown,2026-05-31 10:00:00+03:00,,0.0,chunk_0013.json,POST /v1/generation/data/dpp-bulk,2026-05-31 21:45:15.514640+00:00,32042,ULUDERE 1-2 HES,104643,2026-05-31T10:00:00+03:00,10:00
40W100000032042N,ULUDERE 1-2 HES,unknown,2026-05-31 11:00:00+03:00,,0.0,chunk_0013.json,POST /v1/generation/data/dpp-bulk,2026-05-31 21:45:15.514640+00:00,32042,ULUDERE 1-2 HES,104643,2026-05-31T11:00:00+03:00,11:00
40W100000032042N,ULUDERE 1-2 HES,unknown,2026-05-31 12:00:00+03:00,,0.0,chunk_0013.json,POST /v1/generation/data/dpp-bulk,2026-05-31 21:45:15.514640+00:00,32042,ULUDERE 1-2 HES,104643,2026-05-31T12:00:00+03:00,12:00
40W100000032042N,ULUDERE 1-2 HES,unknown,2026-05-31 13:00:00+03:00,,0.0,chunk_0013.json,POST /v1/generation/data/dpp-bulk,2026-05-31 21:45:15.514640+00:00,32042,ULUDERE 1-2 HES,104643,2026-05-31T13:00:00+03:00,13:00
40W100000032042N,ULUDERE 1-2 HES,unknown,2026-05-31 14:00:00+03:00,,0.0,chunk_0013.json,POST /v1/generation/data/dpp-bulk,2026-05-31 21:45:15.514640+00:00,32042,ULUDERE 1-2 HES,104643,2026-05-31T14:00:00+03:00,14:00
40W100000032042N,ULUDERE 1-2 HES,unknown,2026-05-31 15:00:00+03:00,,0.0,chunk_0013.json,POST /v1/generation/data/dpp-bulk,2026-05-31 21:45:15.514640+00:00,32042,ULUDERE 1-2 HES,104643,2026-05-31T15:00:00+03:00,15:00
40W100000032042N,ULUDERE 1-2 HES,unknown,2026-05-31 16:00:00+03:00,,0.0,chunk_0013.json,POST /v1/generation/data/dpp-bulk,2026-05-31 21:45:15.514640+00:00,32042,ULUDERE 1-2 HES,104643,2026-05-31T16:00:00+03:00,16:00
40W100000032042N,ULUDERE 1-2 HES,unknown,2026-05-31 17:00:00+03:00,,0.0,chunk_0013.json,POST /v1/generation/data/dpp-bulk,2026-05-31 21:45:15.514640+00:00,32042,ULUDERE 1-2 HES,104643,2026-05-31T17:00:00+03:00,17:00
40W100000032042N,ULUDERE 1-2 HES,unknown,2026-05-31 18:00:00+03:00,,0.0,chunk_0013.json,POST /v1/generation/data/dpp-bulk,2026-05-31 21:45:15.514640+00:00,32042,ULUDERE 1-2 HES,104643,2026-05-31T18:00:00+03:00,18:00
40W100000032042N,ULUDERE 1-2 HES,unknown,2026-05-31 19:00:00+03:00,,0.5,chunk_0013.json,POST /v1/generation/data/dpp-bulk,2026-05-31 21:45:15.514640+00:00,32042,ULUDERE 1-2 HES,104643,2026-05-31T19:00:00+03:00,19:00
40W100000032042N,ULUDERE 1-2 HES,unknown,2026-05-31 20:00:00+03:00,,0.5,chunk_0013.json,POST /v1/generation/data/dpp-bulk,2026-05-31 21:45:15.514640+00:00,32042,ULUDERE 1-2 HES,104643,2026-05-31T20:00:00+03:00,20:00
40W100000032042N,ULUDERE 1-2 HES,unknown,2026-05-31 21:00:00+03:00,,0.5,chunk_0013.json,POST /v1/generation/data/dpp-bulk,2026-05-31 21:45:15.514640+00:00,32042,ULUDERE 1-2 HES,104643,2026-05-31T21:00:00+03:00,21:00
40W100000032042N,ULUDERE 1-2 HES,unknown,2026-05-31 22:00:00+03:00,,0.5,chunk_0013.json,POST /v1/generation/data/dpp-bulk,2026-05-31 21:45:15.514640+00:00,32042,ULUDERE 1-2 HES,104643,2026-05-31T22:00:00+03:00,22:00
40W100000032042N,ULUDERE 1-2 HES,unknown,2026-05-31 23:00:00+03:00,,0.5,chunk_0013.json,POST /v1/generation/data/dpp-bulk,2026-05-31 21:45:15.514640+00:00,32042,ULUDERE 1-2 HES,104643,2026-05-31T23:00:00+03:00,23:00
40W000000032043Y,OTLUCA HES(NAS ENR.),unknown,2026-05-31 00:00:00+03:00,,1.0,chunk_0013.json,POST /v1/generation/data/dpp-bulk,2026-05-31 21:45:15.514640+00:00,32043,OTLUCA HES(NAS ENR.),104643,2026-05-31T00:00:00+03:00,00:00
40W000000032043Y,OTLUCA HES(NAS ENR.),unknown,2026-05-31 01:00:00+03:00,,1.0,chunk_0013.json,POST /v1/generation/data/dpp-bulk,2026-05-31 21:45:15.514640+00:00,32043,OTLUCA HES(NAS ENR.),104643,2026-05-31T01:00:00+03:00,01:00
40W000000032043Y,OTLUCA HES(NAS ENR.),unknown,2026-05-31 02:00:00+03:00,,1.0,chunk_0013.json,POST /v1/generation/data/dpp-bulk,2026-05-31 21:45:15.514640+00:00,32043,OTLUCA HES(NAS ENR.),104643,2026-05-31T02:00:00+03:00,02:00
40W000000032043Y,OTLUCA HES(NAS ENR.),unknown,2026-05-31 03:00:00+03:00,,0.0,chunk_0013.json,POST /v1/generation/data/dpp-bulk,2026-05-31 21:45:15.514640+00:00,32043,OTLUCA HES(NAS ENR.),104643,2026-05-31T03:00:00+03:00,03:00
40W000000032043Y,OTLUCA HES(NAS ENR.),unknown,2026-05-31 04:00:00+03:00,,0.0,chunk_0013.json,POST /v1/generation/data/dpp-bulk,2026-05-31 21:45:15.514640+00:00,32043,OTLUCA HES(NAS ENR.),104643,2026-05-31T04:00:00+03:00,04:00
40W000000032043Y,OTLUCA HES(NAS ENR.),unknown,2026-05-31 05:00:00+03:00,,0.0,chunk_0013.json,POST /v1/generation/data/dpp-bulk,2026-05-31 21:45:15.514640+00:00,32043,OTLUCA HES(NAS ENR.),104643,2026-05-31T05:00:00+03:00,05:00
40W000000032043Y,OTLUCA HES(NAS ENR.),unknown,2026-05-31 06:00:00+03:00,,0.0,chunk_0013.json,POST /v1/generation/data/dpp-bulk,2026-05-31 21:45:15.514640+00:00,32043,OTLUCA HES(NAS ENR.),104643,2026-05-31T06:00:00+03:00,06:00
40W000000032043Y,OTLUCA HES(NAS ENR.),unknown,2026-05-31 07:00:00+03:00,,0.0,chunk_0013.json,POST /v1/generation/data/dpp-bulk,2026-05-31 21:45:15.514640+00:00,32043,OTLUCA HES(NAS ENR.),104643,2026-05-31T07:00:00+03:00,07:00
40W000000032043Y,OTLUCA HES(NAS ENR.),unknown,2026-05-31 08:00:00+03:00,,0.0,chunk_0013.json,POST /v1/generation/data/dpp-bulk,2026-05-31 21:45:15.514640+00:00,32043,OTLUCA HES(NAS ENR.),104643,2026-05-31T08:00:00+03:00,08:00
40W000000032043Y,OTLUCA HES(NAS ENR.),unknown,2026-05-31 09:00:00+03:00,,0.0,chunk_0013.json,POST /v1/generation/data/dpp-bulk,2026-05-31 21:45:15.514640+00:00,32043,OTLUCA HES(NAS ENR.),104643,2026-05-31T09:00:00+03:00,09:00
40W000000032043Y,OTLUCA HES(NAS ENR.),unknown,2026-05-31 10:00:00+03:00,,0.0,chunk_0013.json,POST /v1/generation/data/dpp-bulk,2026-05-31 21:45:15.514640+00:00,32043,OTLUCA HES(NAS ENR.),104643,2026-05-31T10:00:00+03:00,10:00
40W000000032043Y,OTLUCA HES(NAS ENR.),unknown,2026-05-31 11:00:00+03:00,,0.0,chunk_0013.json,POST /v1/generation/data/dpp-bulk,2026-05-31 21:45:15.514640+00:00,32043,OTLUCA HES(NAS ENR.),104643,2026-05-31T11:00:00+03:00,11:00
40W000000032043Y,OTLUCA HES(NAS ENR.),unknown,2026-05-31 12:00:00+03:00,,0.0,chunk_0013.json,POST /v1/generation/data/dpp-bulk,2026-05-31 21:45:15.514640+00:00,32043,OTLUCA HES(NAS ENR.),104643,2026-05-31T12:00:00+03:00,12:00
40W000000032043Y,OTLUCA HES(NAS ENR.),unknown,2026-05-31 13:00:00+03:00,,0.0,chunk_0013.json,POST /v1/generation/data/dpp-bulk,2026-05-31 21:45:15.514640+00:00,32043,OTLUCA HES(NAS ENR.),104643,2026-05-31T13:00:00+03:00,13:00
40W000000032043Y,OTLUCA HES(NAS ENR.),unknown,2026-05-31 14:00:00+03:00,,0.0,chunk_0013.json,POST /v1/generation/data/dpp-bulk,2026-05-31 21:45:15.514640+00:00,32043,OTLUCA HES(NAS ENR.),104643,2026-05-31T14:00:00+03:00,14:00
40W000000032043Y,OTLUCA HES(NAS ENR.),unknown,2026-05-31 15:00:00+03:00,,0.0,chunk_0013.json,POST /v1/generation/data/dpp-bulk,2026-05-31 21:45:15.514640+00:00,32043,OTLUCA HES(NAS ENR.),104643,2026-05-31T15:00:00+03:00,15:00
40W000000032043Y,OTLUCA HES(NAS ENR.),unknown,2026-05-31 16:00:00+03:00,,0.0,chunk_0013.json,POST /v1/generation/data/dpp-bulk,2026-05-31 21:45:15.514640+00:00,32043,OTLUCA HES(NAS ENR.),104643,2026-05-31T16:00:00+03:00,16:00
40W000000032043Y,OTLUCA HES(NAS ENR.),unknown,2026-05-31 17:00:00+03:00,,0.0,chunk_0013.json,POST /v1/generation/data/dpp-bulk,2026-05-31 21:45:15.514640+00:00,32043,OTLUCA HES(NAS ENR.),104643,2026-05-31T17:00:00+03:00,17:00
40W000000032043Y,OTLUCA HES(NAS ENR.),unknown,2026-05-31 18:00:00+03:00,,0.0,chunk_0013.json,POST /v1/generation/data/dpp-bulk,2026-05-31 21:45:15.514640+00:00,32043,OTLUCA HES(NAS ENR.),104643,2026-05-31T18:00:00+03:00,18:00
40W000000032043Y,OTLUCA HES(NAS ENR.),unknown,2026-05-31 19:00:00+03:00,,1.0,chunk_0013.json,POST /v1/generation/data/dpp-bulk,2026-05-31 21:45:15.514640+00:00,32043,OTLUCA HES(NAS ENR.),104643,2026-05-31T19:00:00+03:00,19:00
40W000000032043Y,OTLUCA HES(NAS ENR.),unknown,2026-05-31 20:00:00+03:00,,1.0,chunk_0013.json,POST /v1/generation/data/dpp-bulk,2026-05-31 21:45:15.514640+00:00,32043,OTLUCA HES(NAS ENR.),104643,2026-05-31T20:00:00+03:00,20:00
40W000000032043Y,OTLUCA HES(NAS ENR.),unknown,2026-05-31 21:00:00+03:00,,1.0,chunk_0013.json,POST /v1/generation/data/dpp-bulk,2026-05-31 21:45:15.514640+00:00,32043,OTLUCA HES(NAS ENR.),104643,2026-05-31T21:00:00+03:00,21:00
40W000000032043Y,OTLUCA HES(NAS ENR.),unknown,2026-05-31 22:00:00+03:00,,1.0,chunk_0013.json,POST /v1/generation/data/dpp-bulk,2026-05-31 21:45:15.514640+00:00,32043,OTLUCA HES(NAS ENR.),104643,2026-05-31T22:00:00+03:00,22:00
40W000000032043Y,OTLUCA HES(NAS ENR.),unknown,2026-05-31 23:00:00+03:00,,1.0,chunk_0013.json,POST /v1/generation/data/dpp-bulk,2026-05-31 21:45:15.514640+00:00,32043,OTLUCA HES(NAS ENR.),104643,2026-05-31T23:00:00+03:00,23:00
