entsoe_code,plant_name,fuel_type,delivery_hour,publication_timestamp,kgup_mwh,source_file,source_api,forecast_timestamp,uevcb_id,uevcb_name,org_id,date_raw,time_raw
40W0000032172555,K3_YEKDEM_LÜY_FIRAT_HES,unknown,2026-05-31 00:00:00+03:00,,0.01,chunk_0064.json,POST /v1/generation/data/dpp-bulk,2026-05-31 21:45:52.478156+00:00,3217255,K3_YEKDEM_LÜY_FIRAT_HES,10933,2026-05-31T00:00:00+03:00,00:00
40W0000032172555,K3_YEKDEM_LÜY_FIRAT_HES,unknown,2026-05-31 01:00:00+03:00,,0.01,chunk_0064.json,POST /v1/generation/data/dpp-bulk,2026-05-31 21:45:52.478156+00:00,3217255,K3_YEKDEM_LÜY_FIRAT_HES,10933,2026-05-31T01:00:00+03:00,01:00
40W0000032172555,K3_YEKDEM_LÜY_FIRAT_HES,unknown,2026-05-31 02:00:00+03:00,,0.01,chunk_0064.json,POST /v1/generation/data/dpp-bulk,2026-05-31 21:45:52.478156+00:00,3217255,K3_YEKDEM_LÜY_FIRAT_HES,10933,2026-05-31T02:00:00+03:00,02:00
40W0000032172555,K3_YEKDEM_LÜY_FIRAT_HES,unknown,2026-05-31 03:00:00+03:00,,0.01,chunk_0064.json,POST /v1/generation/data/dpp-bulk,2026-05-31 21:45:52.478156+00:00,3217255,K3_YEKDEM_LÜY_FIRAT_HES,10933,2026-05-31T03:00:00+03:00,03:00
40W0000032172555,K3_YEKDEM_LÜY_FIRAT_HES,unknown,2026-05-31 04:00:00+03:00,,0.01,chunk_0064.json,POST /v1/generation/data/dpp-bulk,2026-05-31 21:45:52.478156+00:00,3217255,K3_YEKDEM_LÜY_FIRAT_HES,10933,2026-05-31T04:00:00+03:00,04:00
40W0000032172555,K3_YEKDEM_LÜY_FIRAT_HES,unknown,2026-05-31 05:00:00+03:00,,0.05,chunk_0064.json,POST /v1/generation/data/dpp-bulk,2026-05-31 21:45:52.478156+00:00,3217255,K3_YEKDEM_LÜY_FIRAT_HES,10933,2026-05-31T05:00:00+03:00,05:00
40W0000032172555,K3_YEKDEM_LÜY_FIRAT_HES,unknown,2026-05-31 06:00:00+03:00,,0.31,chunk_0064.json,POST /v1/generation/data/dpp-bulk,2026-05-31 21:45:52.478156+00:00,3217255,K3_YEKDEM_LÜY_FIRAT_HES,10933,2026-05-31T06:00:00+03:00,06:00
40W0000032172555,K3_YEKDEM_LÜY_FIRAT_HES,unknown,2026-05-31 07:00:00+03:00,,0.86,chunk_0064.json,POST /v1/generation/data/dpp-bulk,2026-05-31 21:45:52.478156+00:00,3217255,K3_YEKDEM_LÜY_FIRAT_HES,10933,2026-05-31T07:00:00+03:00,07:00
40W0000032172555,K3_YEKDEM_LÜY_FIRAT_HES,unknown,2026-05-31 08:00:00+03:00,,1.37,chunk_0064.json,POST /v1/generation/data/dpp-bulk,2026-05-31 21:45:52.478156+00:00,3217255,K3_YEKDEM_LÜY_FIRAT_HES,10933,2026-05-31T08:00:00+03:00,08:00
40W0000032172555,K3_YEKDEM_LÜY_FIRAT_HES,unknown,2026-05-31 09:00:00+03:00,,1.8,chunk_0064.json,POST /v1/generation/data/dpp-bulk,2026-05-31 21:45:52.478156+00:00,3217255,K3_YEKDEM_LÜY_FIRAT_HES,10933,2026-05-31T09:00:00+03:00,09:00
40W0000032172555,K3_YEKDEM_LÜY_FIRAT_HES,unknown,2026-05-31 10:00:00+03:00,,2.01,chunk_0064.json,POST /v1/generation/data/dpp-bulk,2026-05-31 21:45:52.478156+00:00,3217255,K3_YEKDEM_LÜY_FIRAT_HES,10933,2026-05-31T10:00:00+03:00,10:00
40W0000032172555,K3_YEKDEM_LÜY_FIRAT_HES,unknown,2026-05-31 11:00:00+03:00,,2.01,chunk_0064.json,POST /v1/generation/data/dpp-bulk,2026-05-31 21:45:52.478156+00:00,3217255,K3_YEKDEM_LÜY_FIRAT_HES,10933,2026-05-31T11:00:00+03:00,11:00
40W0000032172555,K3_YEKDEM_LÜY_FIRAT_HES,unknown,2026-05-31 12:00:00+03:00,,1.96,chunk_0064.json,POST /v1/generation/data/dpp-bulk,2026-05-31 21:45:52.478156+00:00,3217255,K3_YEKDEM_LÜY_FIRAT_HES,10933,2026-05-31T12:00:00+03:00,12:00
40W0000032172555,K3_YEKDEM_LÜY_FIRAT_HES,unknown,2026-05-31 13:00:00+03:00,,1.89,chunk_0064.json,POST /v1/generation/data/dpp-bulk,2026-05-31 21:45:52.478156+00:00,3217255,K3_YEKDEM_LÜY_FIRAT_HES,10933,2026-05-31T13:00:00+03:00,13:00
40W0000032172555,K3_YEKDEM_LÜY_FIRAT_HES,unknown,2026-05-31 14:00:00+03:00,,1.78,chunk_0064.json,POST /v1/generation/data/dpp-bulk,2026-05-31 21:45:52.478156+00:00,3217255,K3_YEKDEM_LÜY_FIRAT_HES,10933,2026-05-31T14:00:00+03:00,14:00
40W0000032172555,K3_YEKDEM_LÜY_FIRAT_HES,unknown,2026-05-31 15:00:00+03:00,,1.5,chunk_0064.json,POST /v1/generation/data/dpp-bulk,2026-05-31 21:45:52.478156+00:00,3217255,K3_YEKDEM_LÜY_FIRAT_HES,10933,2026-05-31T15:00:00+03:00,15:00
40W0000032172555,K3_YEKDEM_LÜY_FIRAT_HES,unknown,2026-05-31 16:00:00+03:00,,1.08,chunk_0064.json,POST /v1/generation/data/dpp-bulk,2026-05-31 21:45:52.478156+00:00,3217255,K3_YEKDEM_LÜY_FIRAT_HES,10933,2026-05-31T16:00:00+03:00,16:00
40W0000032172555,K3_YEKDEM_LÜY_FIRAT_HES,unknown,2026-05-31 17:00:00+03:00,,0.59,chunk_0064.json,POST /v1/generation/data/dpp-bulk,2026-05-31 21:45:52.478156+00:00,3217255,K3_YEKDEM_LÜY_FIRAT_HES,10933,2026-05-31T17:00:00+03:00,17:00
40W0000032172555,K3_YEKDEM_LÜY_FIRAT_HES,unknown,2026-05-31 18:00:00+03:00,,0.19,chunk_0064.json,POST /v1/generation/data/dpp-bulk,2026-05-31 21:45:52.478156+00:00,3217255,K3_YEKDEM_LÜY_FIRAT_HES,10933,2026-05-31T18:00:00+03:00,18:00
40W0000032172555,K3_YEKDEM_LÜY_FIRAT_HES,unknown,2026-05-31 19:00:00+03:00,,0.02,chunk_0064.json,POST /v1/generation/data/dpp-bulk,2026-05-31 21:45:52.478156+00:00,3217255,K3_YEKDEM_LÜY_FIRAT_HES,10933,2026-05-31T19:00:00+03:00,19:00
40W0000032172555,K3_YEKDEM_LÜY_FIRAT_HES,unknown,2026-05-31 20:00:00+03:00,,0.0,chunk_0064.json,POST /v1/generation/data/dpp-bulk,2026-05-31 21:45:52.478156+00:00,3217255,K3_YEKDEM_LÜY_FIRAT_HES,10933,2026-05-31T20:00:00+03:00,20:00
40W0000032172555,K3_YEKDEM_LÜY_FIRAT_HES,unknown,2026-05-31 21:00:00+03:00,,0.01,chunk_0064.json,POST /v1/generation/data/dpp-bulk,2026-05-31 21:45:52.478156+00:00,3217255,K3_YEKDEM_LÜY_FIRAT_HES,10933,2026-05-31T21:00:00+03:00,21:00
40W0000032172555,K3_YEKDEM_LÜY_FIRAT_HES,unknown,2026-05-31 22:00:00+03:00,,0.01,chunk_0064.json,POST /v1/generation/data/dpp-bulk,2026-05-31 21:45:52.478156+00:00,3217255,K3_YEKDEM_LÜY_FIRAT_HES,10933,2026-05-31T22:00:00+03:00,22:00
40W0000032172555,K3_YEKDEM_LÜY_FIRAT_HES,unknown,2026-05-31 23:00:00+03:00,,0.01,chunk_0064.json,POST /v1/generation/data/dpp-bulk,2026-05-31 21:45:52.478156+00:00,3217255,K3_YEKDEM_LÜY_FIRAT_HES,10933,2026-05-31T23:00:00+03:00,23:00
40W0000032173705,BERRAKSU HES,unknown,2026-05-31 00:00:00+03:00,,9.5,chunk_0064.json,POST /v1/generation/data/dpp-bulk,2026-05-31 21:45:52.478156+00:00,3217370,BERRAKSU HES,17339,2026-05-31T00:00:00+03:00,00:00
40W0000032173705,BERRAKSU HES,unknown,2026-05-31 01:00:00+03:00,,9.5,chunk_0064.json,POST /v1/generation/data/dpp-bulk,2026-05-31 21:45:52.478156+00:00,3217370,BERRAKSU HES,17339,2026-05-31T01:00:00+03:00,01:00
40W0000032173705,BERRAKSU HES,unknown,2026-05-31 02:00:00+03:00,,9.5,chunk_0064.json,POST /v1/generation/data/dpp-bulk,2026-05-31 21:45:52.478156+00:00,3217370,BERRAKSU HES,17339,2026-05-31T02:00:00+03:00,02:00
40W0000032173705,BERRAKSU HES,unknown,2026-05-31 03:00:00+03:00,,9.5,chunk_0064.json,POST /v1/generation/data/dpp-bulk,2026-05-31 21:45:52.478156+00:00,3217370,BERRAKSU HES,17339,2026-05-31T03:00:00+03:00,03:00
40W0000032173705,BERRAKSU HES,unknown,2026-05-31 04:00:00+03:00,,9.5,chunk_0064.json,POST /v1/generation/data/dpp-bulk,2026-05-31 21:45:52.478156+00:00,3217370,BERRAKSU HES,17339,2026-05-31T04:00:00+03:00,04:00
40W0000032173705,BERRAKSU HES,unknown,2026-05-31 05:00:00+03:00,,9.5,chunk_0064.json,POST /v1/generation/data/dpp-bulk,2026-05-31 21:45:52.478156+00:00,3217370,BERRAKSU HES,17339,2026-05-31T05:00:00+03:00,05:00
40W0000032173705,BERRAKSU HES,unknown,2026-05-31 06:00:00+03:00,,9.5,chunk_0064.json,POST /v1/generation/data/dpp-bulk,2026-05-31 21:45:52.478156+00:00,3217370,BERRAKSU HES,17339,2026-05-31T06:00:00+03:00,06:00
40W0000032173705,BERRAKSU HES,unknown,2026-05-31 07:00:00+03:00,,9.5,chunk_0064.json,POST /v1/generation/data/dpp-bulk,2026-05-31 21:45:52.478156+00:00,3217370,BERRAKSU HES,17339,2026-05-31T07:00:00+03:00,07:00
40W0000032173705,BERRAKSU HES,unknown,2026-05-31 08:00:00+03:00,,9.5,chunk_0064.json,POST /v1/generation/data/dpp-bulk,2026-05-31 21:45:52.478156+00:00,3217370,BERRAKSU HES,17339,2026-05-31T08:00:00+03:00,08:00
40W0000032173705,BERRAKSU HES,unknown,2026-05-31 09:00:00+03:00,,9.5,chunk_0064.json,POST /v1/generation/data/dpp-bulk,2026-05-31 21:45:52.478156+00:00,3217370,BERRAKSU HES,17339,2026-05-31T09:00:00+03:00,09:00
40W0000032173705,BERRAKSU HES,unknown,2026-05-31 10:00:00+03:00,,9.5,chunk_0064.json,POST /v1/generation/data/dpp-bulk,2026-05-31 21:45:52.478156+00:00,3217370,BERRAKSU HES,17339,2026-05-31T10:00:00+03:00,10:00
40W0000032173705,BERRAKSU HES,unknown,2026-05-31 11:00:00+03:00,,9.5,chunk_0064.json,POST /v1/generation/data/dpp-bulk,2026-05-31 21:45:52.478156+00:00,3217370,BERRAKSU HES,17339,2026-05-31T11:00:00+03:00,11:00
40W0000032173705,BERRAKSU HES,unknown,2026-05-31 12:00:00+03:00,,9.5,chunk_0064.json,POST /v1/generation/data/dpp-bulk,2026-05-31 21:45:52.478156+00:00,3217370,BERRAKSU HES,17339,2026-05-31T12:00:00+03:00,12:00
40W0000032173705,BERRAKSU HES,unknown,2026-05-31 13:00:00+03:00,,9.5,chunk_0064.json,POST /v1/generation/data/dpp-bulk,2026-05-31 21:45:52.478156+00:00,3217370,BERRAKSU HES,17339,2026-05-31T13:00:00+03:00,13:00
40W0000032173705,BERRAKSU HES,unknown,2026-05-31 14:00:00+03:00,,9.5,chunk_0064.json,POST /v1/generation/data/dpp-bulk,2026-05-31 21:45:52.478156+00:00,3217370,BERRAKSU HES,17339,2026-05-31T14:00:00+03:00,14:00
40W0000032173705,BERRAKSU HES,unknown,2026-05-31 15:00:00+03:00,,9.5,chunk_0064.json,POST /v1/generation/data/dpp-bulk,2026-05-31 21:45:52.478156+00:00,3217370,BERRAKSU HES,17339,2026-05-31T15:00:00+03:00,15:00
40W0000032173705,BERRAKSU HES,unknown,2026-05-31 16:00:00+03:00,,9.5,chunk_0064.json,POST /v1/generation/data/dpp-bulk,2026-05-31 21:45:52.478156+00:00,3217370,BERRAKSU HES,17339,2026-05-31T16:00:00+03:00,16:00
40W0000032173705,BERRAKSU HES,unknown,2026-05-31 17:00:00+03:00,,9.5,chunk_0064.json,POST /v1/generation/data/dpp-bulk,2026-05-31 21:45:52.478156+00:00,3217370,BERRAKSU HES,17339,2026-05-31T17:00:00+03:00,17:00
40W0000032173705,BERRAKSU HES,unknown,2026-05-31 18:00:00+03:00,,9.5,chunk_0064.json,POST /v1/generation/data/dpp-bulk,2026-05-31 21:45:52.478156+00:00,3217370,BERRAKSU HES,17339,2026-05-31T18:00:00+03:00,18:00
40W0000032173705,BERRAKSU HES,unknown,2026-05-31 19:00:00+03:00,,9.5,chunk_0064.json,POST /v1/generation/data/dpp-bulk,2026-05-31 21:45:52.478156+00:00,3217370,BERRAKSU HES,17339,2026-05-31T19:00:00+03:00,19:00
40W0000032173705,BERRAKSU HES,unknown,2026-05-31 20:00:00+03:00,,9.5,chunk_0064.json,POST /v1/generation/data/dpp-bulk,2026-05-31 21:45:52.478156+00:00,3217370,BERRAKSU HES,17339,2026-05-31T20:00:00+03:00,20:00
40W0000032173705,BERRAKSU HES,unknown,2026-05-31 21:00:00+03:00,,9.5,chunk_0064.json,POST /v1/generation/data/dpp-bulk,2026-05-31 21:45:52.478156+00:00,3217370,BERRAKSU HES,17339,2026-05-31T21:00:00+03:00,21:00
40W0000032173705,BERRAKSU HES,unknown,2026-05-31 22:00:00+03:00,,9.5,chunk_0064.json,POST /v1/generation/data/dpp-bulk,2026-05-31 21:45:52.478156+00:00,3217370,BERRAKSU HES,17339,2026-05-31T22:00:00+03:00,22:00
40W0000032173705,BERRAKSU HES,unknown,2026-05-31 23:00:00+03:00,,9.5,chunk_0064.json,POST /v1/generation/data/dpp-bulk,2026-05-31 21:45:52.478156+00:00,3217370,BERRAKSU HES,17339,2026-05-31T23:00:00+03:00,23:00
40W000003217235B,ARAÇ BARAJI ve HES,unknown,2026-05-31 00:00:00+03:00,,4.9,chunk_0064.json,POST /v1/generation/data/dpp-bulk,2026-05-31 21:45:52.478156+00:00,3217235,ARAÇ BARAJI ve HES,17399,2026-05-31T00:00:00+03:00,00:00
40W000003217235B,ARAÇ BARAJI ve HES,unknown,2026-05-31 01:00:00+03:00,,4.9,chunk_0064.json,POST /v1/generation/data/dpp-bulk,2026-05-31 21:45:52.478156+00:00,3217235,ARAÇ BARAJI ve HES,17399,2026-05-31T01:00:00+03:00,01:00
40W000003217235B,ARAÇ BARAJI ve HES,unknown,2026-05-31 02:00:00+03:00,,4.9,chunk_0064.json,POST /v1/generation/data/dpp-bulk,2026-05-31 21:45:52.478156+00:00,3217235,ARAÇ BARAJI ve HES,17399,2026-05-31T02:00:00+03:00,02:00
40W000003217235B,ARAÇ BARAJI ve HES,unknown,2026-05-31 03:00:00+03:00,,4.9,chunk_0064.json,POST /v1/generation/data/dpp-bulk,2026-05-31 21:45:52.478156+00:00,3217235,ARAÇ BARAJI ve HES,17399,2026-05-31T03:00:00+03:00,03:00
40W000003217235B,ARAÇ BARAJI ve HES,unknown,2026-05-31 04:00:00+03:00,,4.9,chunk_0064.json,POST /v1/generation/data/dpp-bulk,2026-05-31 21:45:52.478156+00:00,3217235,ARAÇ BARAJI ve HES,17399,2026-05-31T04:00:00+03:00,04:00
40W000003217235B,ARAÇ BARAJI ve HES,unknown,2026-05-31 05:00:00+03:00,,4.9,chunk_0064.json,POST /v1/generation/data/dpp-bulk,2026-05-31 21:45:52.478156+00:00,3217235,ARAÇ BARAJI ve HES,17399,2026-05-31T05:00:00+03:00,05:00
40W000003217235B,ARAÇ BARAJI ve HES,unknown,2026-05-31 06:00:00+03:00,,4.9,chunk_0064.json,POST /v1/generation/data/dpp-bulk,2026-05-31 21:45:52.478156+00:00,3217235,ARAÇ BARAJI ve HES,17399,2026-05-31T06:00:00+03:00,06:00
40W000003217235B,ARAÇ BARAJI ve HES,unknown,2026-05-31 07:00:00+03:00,,4.9,chunk_0064.json,POST /v1/generation/data/dpp-bulk,2026-05-31 21:45:52.478156+00:00,3217235,ARAÇ BARAJI ve HES,17399,2026-05-31T07:00:00+03:00,07:00
40W000003217235B,ARAÇ BARAJI ve HES,unknown,2026-05-31 08:00:00+03:00,,4.9,chunk_0064.json,POST /v1/generation/data/dpp-bulk,2026-05-31 21:45:52.478156+00:00,3217235,ARAÇ BARAJI ve HES,17399,2026-05-31T08:00:00+03:00,08:00
40W000003217235B,ARAÇ BARAJI ve HES,unknown,2026-05-31 09:00:00+03:00,,4.9,chunk_0064.json,POST /v1/generation/data/dpp-bulk,2026-05-31 21:45:52.478156+00:00,3217235,ARAÇ BARAJI ve HES,17399,2026-05-31T09:00:00+03:00,09:00
40W000003217235B,ARAÇ BARAJI ve HES,unknown,2026-05-31 10:00:00+03:00,,4.9,chunk_0064.json,POST /v1/generation/data/dpp-bulk,2026-05-31 21:45:52.478156+00:00,3217235,ARAÇ BARAJI ve HES,17399,2026-05-31T10:00:00+03:00,10:00
40W000003217235B,ARAÇ BARAJI ve HES,unknown,2026-05-31 11:00:00+03:00,,4.9,chunk_0064.json,POST /v1/generation/data/dpp-bulk,2026-05-31 21:45:52.478156+00:00,3217235,ARAÇ BARAJI ve HES,17399,2026-05-31T11:00:00+03:00,11:00
40W000003217235B,ARAÇ BARAJI ve HES,unknown,2026-05-31 12:00:00+03:00,,4.9,chunk_0064.json,POST /v1/generation/data/dpp-bulk,2026-05-31 21:45:52.478156+00:00,3217235,ARAÇ BARAJI ve HES,17399,2026-05-31T12:00:00+03:00,12:00
40W000003217235B,ARAÇ BARAJI ve HES,unknown,2026-05-31 13:00:00+03:00,,4.9,chunk_0064.json,POST /v1/generation/data/dpp-bulk,2026-05-31 21:45:52.478156+00:00,3217235,ARAÇ BARAJI ve HES,17399,2026-05-31T13:00:00+03:00,13:00
40W000003217235B,ARAÇ BARAJI ve HES,unknown,2026-05-31 14:00:00+03:00,,4.9,chunk_0064.json,POST /v1/generation/data/dpp-bulk,2026-05-31 21:45:52.478156+00:00,3217235,ARAÇ BARAJI ve HES,17399,2026-05-31T14:00:00+03:00,14:00
40W000003217235B,ARAÇ BARAJI ve HES,unknown,2026-05-31 15:00:00+03:00,,4.9,chunk_0064.json,POST /v1/generation/data/dpp-bulk,2026-05-31 21:45:52.478156+00:00,3217235,ARAÇ BARAJI ve HES,17399,2026-05-31T15:00:00+03:00,15:00
40W000003217235B,ARAÇ BARAJI ve HES,unknown,2026-05-31 16:00:00+03:00,,4.9,chunk_0064.json,POST /v1/generation/data/dpp-bulk,2026-05-31 21:45:52.478156+00:00,3217235,ARAÇ BARAJI ve HES,17399,2026-05-31T16:00:00+03:00,16:00
40W000003217235B,ARAÇ BARAJI ve HES,unknown,2026-05-31 17:00:00+03:00,,4.9,chunk_0064.json,POST /v1/generation/data/dpp-bulk,2026-05-31 21:45:52.478156+00:00,3217235,ARAÇ BARAJI ve HES,17399,2026-05-31T17:00:00+03:00,17:00
40W000003217235B,ARAÇ BARAJI ve HES,unknown,2026-05-31 18:00:00+03:00,,4.9,chunk_0064.json,POST /v1/generation/data/dpp-bulk,2026-05-31 21:45:52.478156+00:00,3217235,ARAÇ BARAJI ve HES,17399,2026-05-31T18:00:00+03:00,18:00
40W000003217235B,ARAÇ BARAJI ve HES,unknown,2026-05-31 19:00:00+03:00,,4.9,chunk_0064.json,POST /v1/generation/data/dpp-bulk,2026-05-31 21:45:52.478156+00:00,3217235,ARAÇ BARAJI ve HES,17399,2026-05-31T19:00:00+03:00,19:00
40W000003217235B,ARAÇ BARAJI ve HES,unknown,2026-05-31 20:00:00+03:00,,4.9,chunk_0064.json,POST /v1/generation/data/dpp-bulk,2026-05-31 21:45:52.478156+00:00,3217235,ARAÇ BARAJI ve HES,17399,2026-05-31T20:00:00+03:00,20:00
40W000003217235B,ARAÇ BARAJI ve HES,unknown,2026-05-31 21:00:00+03:00,,4.9,chunk_0064.json,POST /v1/generation/data/dpp-bulk,2026-05-31 21:45:52.478156+00:00,3217235,ARAÇ BARAJI ve HES,17399,2026-05-31T21:00:00+03:00,21:00
40W000003217235B,ARAÇ BARAJI ve HES,unknown,2026-05-31 22:00:00+03:00,,4.9,chunk_0064.json,POST /v1/generation/data/dpp-bulk,2026-05-31 21:45:52.478156+00:00,3217235,ARAÇ BARAJI ve HES,17399,2026-05-31T22:00:00+03:00,22:00
40W000003217235B,ARAÇ BARAJI ve HES,unknown,2026-05-31 23:00:00+03:00,,4.9,chunk_0064.json,POST /v1/generation/data/dpp-bulk,2026-05-31 21:45:52.478156+00:00,3217235,ARAÇ BARAJI ve HES,17399,2026-05-31T23:00:00+03:00,23:00
40W000003217196W,ARMATEC BES,unknown,2026-05-31 00:00:00+03:00,,2.6,chunk_0064.json,POST /v1/generation/data/dpp-bulk,2026-05-31 21:45:52.478156+00:00,3217196,ARMATEC BES,17401,2026-05-31T00:00:00+03:00,00:00
40W000003217196W,ARMATEC BES,unknown,2026-05-31 01:00:00+03:00,,2.6,chunk_0064.json,POST /v1/generation/data/dpp-bulk,2026-05-31 21:45:52.478156+00:00,3217196,ARMATEC BES,17401,2026-05-31T01:00:00+03:00,01:00
40W000003217196W,ARMATEC BES,unknown,2026-05-31 02:00:00+03:00,,2.6,chunk_0064.json,POST /v1/generation/data/dpp-bulk,2026-05-31 21:45:52.478156+00:00,3217196,ARMATEC BES,17401,2026-05-31T02:00:00+03:00,02:00
40W000003217196W,ARMATEC BES,unknown,2026-05-31 03:00:00+03:00,,2.6,chunk_0064.json,POST /v1/generation/data/dpp-bulk,2026-05-31 21:45:52.478156+00:00,3217196,ARMATEC BES,17401,2026-05-31T03:00:00+03:00,03:00
40W000003217196W,ARMATEC BES,unknown,2026-05-31 04:00:00+03:00,,2.6,chunk_0064.json,POST /v1/generation/data/dpp-bulk,2026-05-31 21:45:52.478156+00:00,3217196,ARMATEC BES,17401,2026-05-31T04:00:00+03:00,04:00
40W000003217196W,ARMATEC BES,unknown,2026-05-31 05:00:00+03:00,,2.6,chunk_0064.json,POST /v1/generation/data/dpp-bulk,2026-05-31 21:45:52.478156+00:00,3217196,ARMATEC BES,17401,2026-05-31T05:00:00+03:00,05:00
40W000003217196W,ARMATEC BES,unknown,2026-05-31 06:00:00+03:00,,2.6,chunk_0064.json,POST /v1/generation/data/dpp-bulk,2026-05-31 21:45:52.478156+00:00,3217196,ARMATEC BES,17401,2026-05-31T06:00:00+03:00,06:00
40W000003217196W,ARMATEC BES,unknown,2026-05-31 07:00:00+03:00,,2.6,chunk_0064.json,POST /v1/generation/data/dpp-bulk,2026-05-31 21:45:52.478156+00:00,3217196,ARMATEC BES,17401,2026-05-31T07:00:00+03:00,07:00
40W000003217196W,ARMATEC BES,unknown,2026-05-31 08:00:00+03:00,,2.6,chunk_0064.json,POST /v1/generation/data/dpp-bulk,2026-05-31 21:45:52.478156+00:00,3217196,ARMATEC BES,17401,2026-05-31T08:00:00+03:00,08:00
40W000003217196W,ARMATEC BES,unknown,2026-05-31 09:00:00+03:00,,2.6,chunk_0064.json,POST /v1/generation/data/dpp-bulk,2026-05-31 21:45:52.478156+00:00,3217196,ARMATEC BES,17401,2026-05-31T09:00:00+03:00,09:00
40W000003217196W,ARMATEC BES,unknown,2026-05-31 10:00:00+03:00,,2.6,chunk_0064.json,POST /v1/generation/data/dpp-bulk,2026-05-31 21:45:52.478156+00:00,3217196,ARMATEC BES,17401,2026-05-31T10:00:00+03:00,10:00
40W000003217196W,ARMATEC BES,unknown,2026-05-31 11:00:00+03:00,,2.6,chunk_0064.json,POST /v1/generation/data/dpp-bulk,2026-05-31 21:45:52.478156+00:00,3217196,ARMATEC BES,17401,2026-05-31T11:00:00+03:00,11:00
40W000003217196W,ARMATEC BES,unknown,2026-05-31 12:00:00+03:00,,2.6,chunk_0064.json,POST /v1/generation/data/dpp-bulk,2026-05-31 21:45:52.478156+00:00,3217196,ARMATEC BES,17401,2026-05-31T12:00:00+03:00,12:00
40W000003217196W,ARMATEC BES,unknown,2026-05-31 13:00:00+03:00,,2.6,chunk_0064.json,POST /v1/generation/data/dpp-bulk,2026-05-31 21:45:52.478156+00:00,3217196,ARMATEC BES,17401,2026-05-31T13:00:00+03:00,13:00
40W000003217196W,ARMATEC BES,unknown,2026-05-31 14:00:00+03:00,,2.6,chunk_0064.json,POST /v1/generation/data/dpp-bulk,2026-05-31 21:45:52.478156+00:00,3217196,ARMATEC BES,17401,2026-05-31T14:00:00+03:00,14:00
40W000003217196W,ARMATEC BES,unknown,2026-05-31 15:00:00+03:00,,2.6,chunk_0064.json,POST /v1/generation/data/dpp-bulk,2026-05-31 21:45:52.478156+00:00,3217196,ARMATEC BES,17401,2026-05-31T15:00:00+03:00,15:00
40W000003217196W,ARMATEC BES,unknown,2026-05-31 16:00:00+03:00,,2.6,chunk_0064.json,POST /v1/generation/data/dpp-bulk,2026-05-31 21:45:52.478156+00:00,3217196,ARMATEC BES,17401,2026-05-31T16:00:00+03:00,16:00
40W000003217196W,ARMATEC BES,unknown,2026-05-31 17:00:00+03:00,,2.6,chunk_0064.json,POST /v1/generation/data/dpp-bulk,2026-05-31 21:45:52.478156+00:00,3217196,ARMATEC BES,17401,2026-05-31T17:00:00+03:00,17:00
40W000003217196W,ARMATEC BES,unknown,2026-05-31 18:00:00+03:00,,2.6,chunk_0064.json,POST /v1/generation/data/dpp-bulk,2026-05-31 21:45:52.478156+00:00,3217196,ARMATEC BES,17401,2026-05-31T18:00:00+03:00,18:00
40W000003217196W,ARMATEC BES,unknown,2026-05-31 19:00:00+03:00,,2.6,chunk_0064.json,POST /v1/generation/data/dpp-bulk,2026-05-31 21:45:52.478156+00:00,3217196,ARMATEC BES,17401,2026-05-31T19:00:00+03:00,19:00
40W000003217196W,ARMATEC BES,unknown,2026-05-31 20:00:00+03:00,,2.6,chunk_0064.json,POST /v1/generation/data/dpp-bulk,2026-05-31 21:45:52.478156+00:00,3217196,ARMATEC BES,17401,2026-05-31T20:00:00+03:00,20:00
40W000003217196W,ARMATEC BES,unknown,2026-05-31 21:00:00+03:00,,2.6,chunk_0064.json,POST /v1/generation/data/dpp-bulk,2026-05-31 21:45:52.478156+00:00,3217196,ARMATEC BES,17401,2026-05-31T21:00:00+03:00,21:00
40W000003217196W,ARMATEC BES,unknown,2026-05-31 22:00:00+03:00,,2.6,chunk_0064.json,POST /v1/generation/data/dpp-bulk,2026-05-31 21:45:52.478156+00:00,3217196,ARMATEC BES,17401,2026-05-31T22:00:00+03:00,22:00
40W000003217196W,ARMATEC BES,unknown,2026-05-31 23:00:00+03:00,,2.6,chunk_0064.json,POST /v1/generation/data/dpp-bulk,2026-05-31 21:45:52.478156+00:00,3217196,ARMATEC BES,17401,2026-05-31T23:00:00+03:00,23:00
40W100003217194N,ÖZGÜVEN REG. ve HES,unknown,2026-05-31 00:00:00+03:00,,0.7,chunk_0064.json,POST /v1/generation/data/dpp-bulk,2026-05-31 21:45:52.478156+00:00,3217194,ÖZGÜVEN REG. ve HES,17423,2026-05-31T00:00:00+03:00,00:00
40W100003217194N,ÖZGÜVEN REG. ve HES,unknown,2026-05-31 01:00:00+03:00,,0.7,chunk_0064.json,POST /v1/generation/data/dpp-bulk,2026-05-31 21:45:52.478156+00:00,3217194,ÖZGÜVEN REG. ve HES,17423,2026-05-31T01:00:00+03:00,01:00
40W100003217194N,ÖZGÜVEN REG. ve HES,unknown,2026-05-31 02:00:00+03:00,,0.7,chunk_0064.json,POST /v1/generation/data/dpp-bulk,2026-05-31 21:45:52.478156+00:00,3217194,ÖZGÜVEN REG. ve HES,17423,2026-05-31T02:00:00+03:00,02:00
40W100003217194N,ÖZGÜVEN REG. ve HES,unknown,2026-05-31 03:00:00+03:00,,0.7,chunk_0064.json,POST /v1/generation/data/dpp-bulk,2026-05-31 21:45:52.478156+00:00,3217194,ÖZGÜVEN REG. ve HES,17423,2026-05-31T03:00:00+03:00,03:00
40W100003217194N,ÖZGÜVEN REG. ve HES,unknown,2026-05-31 04:00:00+03:00,,0.7,chunk_0064.json,POST /v1/generation/data/dpp-bulk,2026-05-31 21:45:52.478156+00:00,3217194,ÖZGÜVEN REG. ve HES,17423,2026-05-31T04:00:00+03:00,04:00
40W100003217194N,ÖZGÜVEN REG. ve HES,unknown,2026-05-31 05:00:00+03:00,,0.7,chunk_0064.json,POST /v1/generation/data/dpp-bulk,2026-05-31 21:45:52.478156+00:00,3217194,ÖZGÜVEN REG. ve HES,17423,2026-05-31T05:00:00+03:00,05:00
40W100003217194N,ÖZGÜVEN REG. ve HES,unknown,2026-05-31 06:00:00+03:00,,0.7,chunk_0064.json,POST /v1/generation/data/dpp-bulk,2026-05-31 21:45:52.478156+00:00,3217194,ÖZGÜVEN REG. ve HES,17423,2026-05-31T06:00:00+03:00,06:00
40W100003217194N,ÖZGÜVEN REG. ve HES,unknown,2026-05-31 07:00:00+03:00,,0.7,chunk_0064.json,POST /v1/generation/data/dpp-bulk,2026-05-31 21:45:52.478156+00:00,3217194,ÖZGÜVEN REG. ve HES,17423,2026-05-31T07:00:00+03:00,07:00
40W100003217194N,ÖZGÜVEN REG. ve HES,unknown,2026-05-31 08:00:00+03:00,,0.7,chunk_0064.json,POST /v1/generation/data/dpp-bulk,2026-05-31 21:45:52.478156+00:00,3217194,ÖZGÜVEN REG. ve HES,17423,2026-05-31T08:00:00+03:00,08:00
40W100003217194N,ÖZGÜVEN REG. ve HES,unknown,2026-05-31 09:00:00+03:00,,0.7,chunk_0064.json,POST /v1/generation/data/dpp-bulk,2026-05-31 21:45:52.478156+00:00,3217194,ÖZGÜVEN REG. ve HES,17423,2026-05-31T09:00:00+03:00,09:00
40W100003217194N,ÖZGÜVEN REG. ve HES,unknown,2026-05-31 10:00:00+03:00,,0.7,chunk_0064.json,POST /v1/generation/data/dpp-bulk,2026-05-31 21:45:52.478156+00:00,3217194,ÖZGÜVEN REG. ve HES,17423,2026-05-31T10:00:00+03:00,10:00
40W100003217194N,ÖZGÜVEN REG. ve HES,unknown,2026-05-31 11:00:00+03:00,,0.7,chunk_0064.json,POST /v1/generation/data/dpp-bulk,2026-05-31 21:45:52.478156+00:00,3217194,ÖZGÜVEN REG. ve HES,17423,2026-05-31T11:00:00+03:00,11:00
40W100003217194N,ÖZGÜVEN REG. ve HES,unknown,2026-05-31 12:00:00+03:00,,0.7,chunk_0064.json,POST /v1/generation/data/dpp-bulk,2026-05-31 21:45:52.478156+00:00,3217194,ÖZGÜVEN REG. ve HES,17423,2026-05-31T12:00:00+03:00,12:00
40W100003217194N,ÖZGÜVEN REG. ve HES,unknown,2026-05-31 13:00:00+03:00,,0.7,chunk_0064.json,POST /v1/generation/data/dpp-bulk,2026-05-31 21:45:52.478156+00:00,3217194,ÖZGÜVEN REG. ve HES,17423,2026-05-31T13:00:00+03:00,13:00
40W100003217194N,ÖZGÜVEN REG. ve HES,unknown,2026-05-31 14:00:00+03:00,,0.7,chunk_0064.json,POST /v1/generation/data/dpp-bulk,2026-05-31 21:45:52.478156+00:00,3217194,ÖZGÜVEN REG. ve HES,17423,2026-05-31T14:00:00+03:00,14:00
40W100003217194N,ÖZGÜVEN REG. ve HES,unknown,2026-05-31 15:00:00+03:00,,0.7,chunk_0064.json,POST /v1/generation/data/dpp-bulk,2026-05-31 21:45:52.478156+00:00,3217194,ÖZGÜVEN REG. ve HES,17423,2026-05-31T15:00:00+03:00,15:00
40W100003217194N,ÖZGÜVEN REG. ve HES,unknown,2026-05-31 16:00:00+03:00,,0.7,chunk_0064.json,POST /v1/generation/data/dpp-bulk,2026-05-31 21:45:52.478156+00:00,3217194,ÖZGÜVEN REG. ve HES,17423,2026-05-31T16:00:00+03:00,16:00
40W100003217194N,ÖZGÜVEN REG. ve HES,unknown,2026-05-31 17:00:00+03:00,,0.7,chunk_0064.json,POST /v1/generation/data/dpp-bulk,2026-05-31 21:45:52.478156+00:00,3217194,ÖZGÜVEN REG. ve HES,17423,2026-05-31T17:00:00+03:00,17:00
40W100003217194N,ÖZGÜVEN REG. ve HES,unknown,2026-05-31 18:00:00+03:00,,0.7,chunk_0064.json,POST /v1/generation/data/dpp-bulk,2026-05-31 21:45:52.478156+00:00,3217194,ÖZGÜVEN REG. ve HES,17423,2026-05-31T18:00:00+03:00,18:00
40W100003217194N,ÖZGÜVEN REG. ve HES,unknown,2026-05-31 19:00:00+03:00,,0.7,chunk_0064.json,POST /v1/generation/data/dpp-bulk,2026-05-31 21:45:52.478156+00:00,3217194,ÖZGÜVEN REG. ve HES,17423,2026-05-31T19:00:00+03:00,19:00
40W100003217194N,ÖZGÜVEN REG. ve HES,unknown,2026-05-31 20:00:00+03:00,,0.7,chunk_0064.json,POST /v1/generation/data/dpp-bulk,2026-05-31 21:45:52.478156+00:00,3217194,ÖZGÜVEN REG. ve HES,17423,2026-05-31T20:00:00+03:00,20:00
40W100003217194N,ÖZGÜVEN REG. ve HES,unknown,2026-05-31 21:00:00+03:00,,0.7,chunk_0064.json,POST /v1/generation/data/dpp-bulk,2026-05-31 21:45:52.478156+00:00,3217194,ÖZGÜVEN REG. ve HES,17423,2026-05-31T21:00:00+03:00,21:00
40W100003217194N,ÖZGÜVEN REG. ve HES,unknown,2026-05-31 22:00:00+03:00,,0.7,chunk_0064.json,POST /v1/generation/data/dpp-bulk,2026-05-31 21:45:52.478156+00:00,3217194,ÖZGÜVEN REG. ve HES,17423,2026-05-31T22:00:00+03:00,22:00
40W100003217194N,ÖZGÜVEN REG. ve HES,unknown,2026-05-31 23:00:00+03:00,,0.7,chunk_0064.json,POST /v1/generation/data/dpp-bulk,2026-05-31 21:45:52.478156+00:00,3217194,ÖZGÜVEN REG. ve HES,17423,2026-05-31T23:00:00+03:00,23:00
40W000003217231J,BÜYÜK ŞİŞMANLAR BİYOGAZ ENERJİ SANTRALİ,unknown,2026-05-31 00:00:00+03:00,,1.5,chunk_0064.json,POST /v1/generation/data/dpp-bulk,2026-05-31 21:45:52.478156+00:00,3217231,BÜYÜK ŞİŞMANLAR BİYOGAZ ENERJİ SANTRALİ,17424,2026-05-31T00:00:00+03:00,00:00
40W000003217231J,BÜYÜK ŞİŞMANLAR BİYOGAZ ENERJİ SANTRALİ,unknown,2026-05-31 01:00:00+03:00,,1.5,chunk_0064.json,POST /v1/generation/data/dpp-bulk,2026-05-31 21:45:52.478156+00:00,3217231,BÜYÜK ŞİŞMANLAR BİYOGAZ ENERJİ SANTRALİ,17424,2026-05-31T01:00:00+03:00,01:00
40W000003217231J,BÜYÜK ŞİŞMANLAR BİYOGAZ ENERJİ SANTRALİ,unknown,2026-05-31 02:00:00+03:00,,1.5,chunk_0064.json,POST /v1/generation/data/dpp-bulk,2026-05-31 21:45:52.478156+00:00,3217231,BÜYÜK ŞİŞMANLAR BİYOGAZ ENERJİ SANTRALİ,17424,2026-05-31T02:00:00+03:00,02:00
40W000003217231J,BÜYÜK ŞİŞMANLAR BİYOGAZ ENERJİ SANTRALİ,unknown,2026-05-31 03:00:00+03:00,,1.5,chunk_0064.json,POST /v1/generation/data/dpp-bulk,2026-05-31 21:45:52.478156+00:00,3217231,BÜYÜK ŞİŞMANLAR BİYOGAZ ENERJİ SANTRALİ,17424,2026-05-31T03:00:00+03:00,03:00
40W000003217231J,BÜYÜK ŞİŞMANLAR BİYOGAZ ENERJİ SANTRALİ,unknown,2026-05-31 04:00:00+03:00,,1.5,chunk_0064.json,POST /v1/generation/data/dpp-bulk,2026-05-31 21:45:52.478156+00:00,3217231,BÜYÜK ŞİŞMANLAR BİYOGAZ ENERJİ SANTRALİ,17424,2026-05-31T04:00:00+03:00,04:00
40W000003217231J,BÜYÜK ŞİŞMANLAR BİYOGAZ ENERJİ SANTRALİ,unknown,2026-05-31 05:00:00+03:00,,1.5,chunk_0064.json,POST /v1/generation/data/dpp-bulk,2026-05-31 21:45:52.478156+00:00,3217231,BÜYÜK ŞİŞMANLAR BİYOGAZ ENERJİ SANTRALİ,17424,2026-05-31T05:00:00+03:00,05:00
40W000003217231J,BÜYÜK ŞİŞMANLAR BİYOGAZ ENERJİ SANTRALİ,unknown,2026-05-31 06:00:00+03:00,,1.5,chunk_0064.json,POST /v1/generation/data/dpp-bulk,2026-05-31 21:45:52.478156+00:00,3217231,BÜYÜK ŞİŞMANLAR BİYOGAZ ENERJİ SANTRALİ,17424,2026-05-31T06:00:00+03:00,06:00
40W000003217231J,BÜYÜK ŞİŞMANLAR BİYOGAZ ENERJİ SANTRALİ,unknown,2026-05-31 07:00:00+03:00,,0.7,chunk_0064.json,POST /v1/generation/data/dpp-bulk,2026-05-31 21:45:52.478156+00:00,3217231,BÜYÜK ŞİŞMANLAR BİYOGAZ ENERJİ SANTRALİ,17424,2026-05-31T07:00:00+03:00,07:00
40W000003217231J,BÜYÜK ŞİŞMANLAR BİYOGAZ ENERJİ SANTRALİ,unknown,2026-05-31 08:00:00+03:00,,0.7,chunk_0064.json,POST /v1/generation/data/dpp-bulk,2026-05-31 21:45:52.478156+00:00,3217231,BÜYÜK ŞİŞMANLAR BİYOGAZ ENERJİ SANTRALİ,17424,2026-05-31T08:00:00+03:00,08:00
40W000003217231J,BÜYÜK ŞİŞMANLAR BİYOGAZ ENERJİ SANTRALİ,unknown,2026-05-31 09:00:00+03:00,,0.7,chunk_0064.json,POST /v1/generation/data/dpp-bulk,2026-05-31 21:45:52.478156+00:00,3217231,BÜYÜK ŞİŞMANLAR BİYOGAZ ENERJİ SANTRALİ,17424,2026-05-31T09:00:00+03:00,09:00
40W000003217231J,BÜYÜK ŞİŞMANLAR BİYOGAZ ENERJİ SANTRALİ,unknown,2026-05-31 10:00:00+03:00,,0.7,chunk_0064.json,POST /v1/generation/data/dpp-bulk,2026-05-31 21:45:52.478156+00:00,3217231,BÜYÜK ŞİŞMANLAR BİYOGAZ ENERJİ SANTRALİ,17424,2026-05-31T10:00:00+03:00,10:00
40W000003217231J,BÜYÜK ŞİŞMANLAR BİYOGAZ ENERJİ SANTRALİ,unknown,2026-05-31 11:00:00+03:00,,0.7,chunk_0064.json,POST /v1/generation/data/dpp-bulk,2026-05-31 21:45:52.478156+00:00,3217231,BÜYÜK ŞİŞMANLAR BİYOGAZ ENERJİ SANTRALİ,17424,2026-05-31T11:00:00+03:00,11:00
40W000003217231J,BÜYÜK ŞİŞMANLAR BİYOGAZ ENERJİ SANTRALİ,unknown,2026-05-31 12:00:00+03:00,,1.5,chunk_0064.json,POST /v1/generation/data/dpp-bulk,2026-05-31 21:45:52.478156+00:00,3217231,BÜYÜK ŞİŞMANLAR BİYOGAZ ENERJİ SANTRALİ,17424,2026-05-31T12:00:00+03:00,12:00
40W000003217231J,BÜYÜK ŞİŞMANLAR BİYOGAZ ENERJİ SANTRALİ,unknown,2026-05-31 13:00:00+03:00,,1.5,chunk_0064.json,POST /v1/generation/data/dpp-bulk,2026-05-31 21:45:52.478156+00:00,3217231,BÜYÜK ŞİŞMANLAR BİYOGAZ ENERJİ SANTRALİ,17424,2026-05-31T13:00:00+03:00,13:00
40W000003217231J,BÜYÜK ŞİŞMANLAR BİYOGAZ ENERJİ SANTRALİ,unknown,2026-05-31 14:00:00+03:00,,1.5,chunk_0064.json,POST /v1/generation/data/dpp-bulk,2026-05-31 21:45:52.478156+00:00,3217231,BÜYÜK ŞİŞMANLAR BİYOGAZ ENERJİ SANTRALİ,17424,2026-05-31T14:00:00+03:00,14:00
40W000003217231J,BÜYÜK ŞİŞMANLAR BİYOGAZ ENERJİ SANTRALİ,unknown,2026-05-31 15:00:00+03:00,,1.5,chunk_0064.json,POST /v1/generation/data/dpp-bulk,2026-05-31 21:45:52.478156+00:00,3217231,BÜYÜK ŞİŞMANLAR BİYOGAZ ENERJİ SANTRALİ,17424,2026-05-31T15:00:00+03:00,15:00
40W000003217231J,BÜYÜK ŞİŞMANLAR BİYOGAZ ENERJİ SANTRALİ,unknown,2026-05-31 16:00:00+03:00,,1.5,chunk_0064.json,POST /v1/generation/data/dpp-bulk,2026-05-31 21:45:52.478156+00:00,3217231,BÜYÜK ŞİŞMANLAR BİYOGAZ ENERJİ SANTRALİ,17424,2026-05-31T16:00:00+03:00,16:00
40W000003217231J,BÜYÜK ŞİŞMANLAR BİYOGAZ ENERJİ SANTRALİ,unknown,2026-05-31 17:00:00+03:00,,1.5,chunk_0064.json,POST /v1/generation/data/dpp-bulk,2026-05-31 21:45:52.478156+00:00,3217231,BÜYÜK ŞİŞMANLAR BİYOGAZ ENERJİ SANTRALİ,17424,2026-05-31T17:00:00+03:00,17:00
40W000003217231J,BÜYÜK ŞİŞMANLAR BİYOGAZ ENERJİ SANTRALİ,unknown,2026-05-31 18:00:00+03:00,,1.5,chunk_0064.json,POST /v1/generation/data/dpp-bulk,2026-05-31 21:45:52.478156+00:00,3217231,BÜYÜK ŞİŞMANLAR BİYOGAZ ENERJİ SANTRALİ,17424,2026-05-31T18:00:00+03:00,18:00
40W000003217231J,BÜYÜK ŞİŞMANLAR BİYOGAZ ENERJİ SANTRALİ,unknown,2026-05-31 19:00:00+03:00,,1.5,chunk_0064.json,POST /v1/generation/data/dpp-bulk,2026-05-31 21:45:52.478156+00:00,3217231,BÜYÜK ŞİŞMANLAR BİYOGAZ ENERJİ SANTRALİ,17424,2026-05-31T19:00:00+03:00,19:00
40W000003217231J,BÜYÜK ŞİŞMANLAR BİYOGAZ ENERJİ SANTRALİ,unknown,2026-05-31 20:00:00+03:00,,1.5,chunk_0064.json,POST /v1/generation/data/dpp-bulk,2026-05-31 21:45:52.478156+00:00,3217231,BÜYÜK ŞİŞMANLAR BİYOGAZ ENERJİ SANTRALİ,17424,2026-05-31T20:00:00+03:00,20:00
40W000003217231J,BÜYÜK ŞİŞMANLAR BİYOGAZ ENERJİ SANTRALİ,unknown,2026-05-31 21:00:00+03:00,,1.5,chunk_0064.json,POST /v1/generation/data/dpp-bulk,2026-05-31 21:45:52.478156+00:00,3217231,BÜYÜK ŞİŞMANLAR BİYOGAZ ENERJİ SANTRALİ,17424,2026-05-31T21:00:00+03:00,21:00
40W000003217231J,BÜYÜK ŞİŞMANLAR BİYOGAZ ENERJİ SANTRALİ,unknown,2026-05-31 22:00:00+03:00,,0.7,chunk_0064.json,POST /v1/generation/data/dpp-bulk,2026-05-31 21:45:52.478156+00:00,3217231,BÜYÜK ŞİŞMANLAR BİYOGAZ ENERJİ SANTRALİ,17424,2026-05-31T22:00:00+03:00,22:00
40W000003217231J,BÜYÜK ŞİŞMANLAR BİYOGAZ ENERJİ SANTRALİ,unknown,2026-05-31 23:00:00+03:00,,0.7,chunk_0064.json,POST /v1/generation/data/dpp-bulk,2026-05-31 21:45:52.478156+00:00,3217231,BÜYÜK ŞİŞMANLAR BİYOGAZ ENERJİ SANTRALİ,17424,2026-05-31T23:00:00+03:00,23:00
40W000003217213L,YILMAZLAR BES,unknown,2026-05-31 00:00:00+03:00,,0.7,chunk_0064.json,POST /v1/generation/data/dpp-bulk,2026-05-31 21:45:52.478156+00:00,3217213,YILMAZLAR BES,17460,2026-05-31T00:00:00+03:00,00:00
40W000003217213L,YILMAZLAR BES,unknown,2026-05-31 01:00:00+03:00,,0.7,chunk_0064.json,POST /v1/generation/data/dpp-bulk,2026-05-31 21:45:52.478156+00:00,3217213,YILMAZLAR BES,17460,2026-05-31T01:00:00+03:00,01:00
40W000003217213L,YILMAZLAR BES,unknown,2026-05-31 02:00:00+03:00,,0.7,chunk_0064.json,POST /v1/generation/data/dpp-bulk,2026-05-31 21:45:52.478156+00:00,3217213,YILMAZLAR BES,17460,2026-05-31T02:00:00+03:00,02:00
40W000003217213L,YILMAZLAR BES,unknown,2026-05-31 03:00:00+03:00,,0.7,chunk_0064.json,POST /v1/generation/data/dpp-bulk,2026-05-31 21:45:52.478156+00:00,3217213,YILMAZLAR BES,17460,2026-05-31T03:00:00+03:00,03:00
40W000003217213L,YILMAZLAR BES,unknown,2026-05-31 04:00:00+03:00,,0.7,chunk_0064.json,POST /v1/generation/data/dpp-bulk,2026-05-31 21:45:52.478156+00:00,3217213,YILMAZLAR BES,17460,2026-05-31T04:00:00+03:00,04:00
40W000003217213L,YILMAZLAR BES,unknown,2026-05-31 05:00:00+03:00,,0.7,chunk_0064.json,POST /v1/generation/data/dpp-bulk,2026-05-31 21:45:52.478156+00:00,3217213,YILMAZLAR BES,17460,2026-05-31T05:00:00+03:00,05:00
40W000003217213L,YILMAZLAR BES,unknown,2026-05-31 06:00:00+03:00,,0.0,chunk_0064.json,POST /v1/generation/data/dpp-bulk,2026-05-31 21:45:52.478156+00:00,3217213,YILMAZLAR BES,17460,2026-05-31T06:00:00+03:00,06:00
40W000003217213L,YILMAZLAR BES,unknown,2026-05-31 07:00:00+03:00,,0.7,chunk_0064.json,POST /v1/generation/data/dpp-bulk,2026-05-31 21:45:52.478156+00:00,3217213,YILMAZLAR BES,17460,2026-05-31T07:00:00+03:00,07:00
40W000003217213L,YILMAZLAR BES,unknown,2026-05-31 08:00:00+03:00,,0.7,chunk_0064.json,POST /v1/generation/data/dpp-bulk,2026-05-31 21:45:52.478156+00:00,3217213,YILMAZLAR BES,17460,2026-05-31T08:00:00+03:00,08:00
40W000003217213L,YILMAZLAR BES,unknown,2026-05-31 09:00:00+03:00,,0.7,chunk_0064.json,POST /v1/generation/data/dpp-bulk,2026-05-31 21:45:52.478156+00:00,3217213,YILMAZLAR BES,17460,2026-05-31T09:00:00+03:00,09:00
40W000003217213L,YILMAZLAR BES,unknown,2026-05-31 10:00:00+03:00,,0.7,chunk_0064.json,POST /v1/generation/data/dpp-bulk,2026-05-31 21:45:52.478156+00:00,3217213,YILMAZLAR BES,17460,2026-05-31T10:00:00+03:00,10:00
40W000003217213L,YILMAZLAR BES,unknown,2026-05-31 11:00:00+03:00,,0.0,chunk_0064.json,POST /v1/generation/data/dpp-bulk,2026-05-31 21:45:52.478156+00:00,3217213,YILMAZLAR BES,17460,2026-05-31T11:00:00+03:00,11:00
40W000003217213L,YILMAZLAR BES,unknown,2026-05-31 12:00:00+03:00,,0.0,chunk_0064.json,POST /v1/generation/data/dpp-bulk,2026-05-31 21:45:52.478156+00:00,3217213,YILMAZLAR BES,17460,2026-05-31T12:00:00+03:00,12:00
40W000003217213L,YILMAZLAR BES,unknown,2026-05-31 13:00:00+03:00,,0.0,chunk_0064.json,POST /v1/generation/data/dpp-bulk,2026-05-31 21:45:52.478156+00:00,3217213,YILMAZLAR BES,17460,2026-05-31T13:00:00+03:00,13:00
40W000003217213L,YILMAZLAR BES,unknown,2026-05-31 14:00:00+03:00,,0.7,chunk_0064.json,POST /v1/generation/data/dpp-bulk,2026-05-31 21:45:52.478156+00:00,3217213,YILMAZLAR BES,17460,2026-05-31T14:00:00+03:00,14:00
40W000003217213L,YILMAZLAR BES,unknown,2026-05-31 15:00:00+03:00,,0.7,chunk_0064.json,POST /v1/generation/data/dpp-bulk,2026-05-31 21:45:52.478156+00:00,3217213,YILMAZLAR BES,17460,2026-05-31T15:00:00+03:00,15:00
40W000003217213L,YILMAZLAR BES,unknown,2026-05-31 16:00:00+03:00,,0.7,chunk_0064.json,POST /v1/generation/data/dpp-bulk,2026-05-31 21:45:52.478156+00:00,3217213,YILMAZLAR BES,17460,2026-05-31T16:00:00+03:00,16:00
40W000003217213L,YILMAZLAR BES,unknown,2026-05-31 17:00:00+03:00,,0.7,chunk_0064.json,POST /v1/generation/data/dpp-bulk,2026-05-31 21:45:52.478156+00:00,3217213,YILMAZLAR BES,17460,2026-05-31T17:00:00+03:00,17:00
40W000003217213L,YILMAZLAR BES,unknown,2026-05-31 18:00:00+03:00,,0.7,chunk_0064.json,POST /v1/generation/data/dpp-bulk,2026-05-31 21:45:52.478156+00:00,3217213,YILMAZLAR BES,17460,2026-05-31T18:00:00+03:00,18:00
40W000003217213L,YILMAZLAR BES,unknown,2026-05-31 19:00:00+03:00,,0.7,chunk_0064.json,POST /v1/generation/data/dpp-bulk,2026-05-31 21:45:52.478156+00:00,3217213,YILMAZLAR BES,17460,2026-05-31T19:00:00+03:00,19:00
40W000003217213L,YILMAZLAR BES,unknown,2026-05-31 20:00:00+03:00,,0.0,chunk_0064.json,POST /v1/generation/data/dpp-bulk,2026-05-31 21:45:52.478156+00:00,3217213,YILMAZLAR BES,17460,2026-05-31T20:00:00+03:00,20:00
40W000003217213L,YILMAZLAR BES,unknown,2026-05-31 21:00:00+03:00,,0.0,chunk_0064.json,POST /v1/generation/data/dpp-bulk,2026-05-31 21:45:52.478156+00:00,3217213,YILMAZLAR BES,17460,2026-05-31T21:00:00+03:00,21:00
40W000003217213L,YILMAZLAR BES,unknown,2026-05-31 22:00:00+03:00,,0.7,chunk_0064.json,POST /v1/generation/data/dpp-bulk,2026-05-31 21:45:52.478156+00:00,3217213,YILMAZLAR BES,17460,2026-05-31T22:00:00+03:00,22:00
40W000003217213L,YILMAZLAR BES,unknown,2026-05-31 23:00:00+03:00,,0.7,chunk_0064.json,POST /v1/generation/data/dpp-bulk,2026-05-31 21:45:52.478156+00:00,3217213,YILMAZLAR BES,17460,2026-05-31T23:00:00+03:00,23:00
40W000003217252B,SİNOP ÇÖP GAZ ELEKTRİK ÜRETİM TESİSİ,unknown,2026-05-31 00:00:00+03:00,,1.1,chunk_0064.json,POST /v1/generation/data/dpp-bulk,2026-05-31 21:45:52.478156+00:00,3217252,SİNOP ÇÖP GAZ ELEKTRİK ÜRETİM TESİSİ,17480,2026-05-31T00:00:00+03:00,00:00
40W000003217252B,SİNOP ÇÖP GAZ ELEKTRİK ÜRETİM TESİSİ,unknown,2026-05-31 01:00:00+03:00,,1.1,chunk_0064.json,POST /v1/generation/data/dpp-bulk,2026-05-31 21:45:52.478156+00:00,3217252,SİNOP ÇÖP GAZ ELEKTRİK ÜRETİM TESİSİ,17480,2026-05-31T01:00:00+03:00,01:00
40W000003217252B,SİNOP ÇÖP GAZ ELEKTRİK ÜRETİM TESİSİ,unknown,2026-05-31 02:00:00+03:00,,1.1,chunk_0064.json,POST /v1/generation/data/dpp-bulk,2026-05-31 21:45:52.478156+00:00,3217252,SİNOP ÇÖP GAZ ELEKTRİK ÜRETİM TESİSİ,17480,2026-05-31T02:00:00+03:00,02:00
40W000003217252B,SİNOP ÇÖP GAZ ELEKTRİK ÜRETİM TESİSİ,unknown,2026-05-31 03:00:00+03:00,,1.1,chunk_0064.json,POST /v1/generation/data/dpp-bulk,2026-05-31 21:45:52.478156+00:00,3217252,SİNOP ÇÖP GAZ ELEKTRİK ÜRETİM TESİSİ,17480,2026-05-31T03:00:00+03:00,03:00
40W000003217252B,SİNOP ÇÖP GAZ ELEKTRİK ÜRETİM TESİSİ,unknown,2026-05-31 04:00:00+03:00,,1.1,chunk_0064.json,POST /v1/generation/data/dpp-bulk,2026-05-31 21:45:52.478156+00:00,3217252,SİNOP ÇÖP GAZ ELEKTRİK ÜRETİM TESİSİ,17480,2026-05-31T04:00:00+03:00,04:00
40W000003217252B,SİNOP ÇÖP GAZ ELEKTRİK ÜRETİM TESİSİ,unknown,2026-05-31 05:00:00+03:00,,0.0,chunk_0064.json,POST /v1/generation/data/dpp-bulk,2026-05-31 21:45:52.478156+00:00,3217252,SİNOP ÇÖP GAZ ELEKTRİK ÜRETİM TESİSİ,17480,2026-05-31T05:00:00+03:00,05:00
40W000003217252B,SİNOP ÇÖP GAZ ELEKTRİK ÜRETİM TESİSİ,unknown,2026-05-31 06:00:00+03:00,,0.0,chunk_0064.json,POST /v1/generation/data/dpp-bulk,2026-05-31 21:45:52.478156+00:00,3217252,SİNOP ÇÖP GAZ ELEKTRİK ÜRETİM TESİSİ,17480,2026-05-31T06:00:00+03:00,06:00
40W000003217252B,SİNOP ÇÖP GAZ ELEKTRİK ÜRETİM TESİSİ,unknown,2026-05-31 07:00:00+03:00,,0.0,chunk_0064.json,POST /v1/generation/data/dpp-bulk,2026-05-31 21:45:52.478156+00:00,3217252,SİNOP ÇÖP GAZ ELEKTRİK ÜRETİM TESİSİ,17480,2026-05-31T07:00:00+03:00,07:00
40W000003217252B,SİNOP ÇÖP GAZ ELEKTRİK ÜRETİM TESİSİ,unknown,2026-05-31 08:00:00+03:00,,0.0,chunk_0064.json,POST /v1/generation/data/dpp-bulk,2026-05-31 21:45:52.478156+00:00,3217252,SİNOP ÇÖP GAZ ELEKTRİK ÜRETİM TESİSİ,17480,2026-05-31T08:00:00+03:00,08:00
40W000003217252B,SİNOP ÇÖP GAZ ELEKTRİK ÜRETİM TESİSİ,unknown,2026-05-31 09:00:00+03:00,,0.0,chunk_0064.json,POST /v1/generation/data/dpp-bulk,2026-05-31 21:45:52.478156+00:00,3217252,SİNOP ÇÖP GAZ ELEKTRİK ÜRETİM TESİSİ,17480,2026-05-31T09:00:00+03:00,09:00
40W000003217252B,SİNOP ÇÖP GAZ ELEKTRİK ÜRETİM TESİSİ,unknown,2026-05-31 10:00:00+03:00,,1.1,chunk_0064.json,POST /v1/generation/data/dpp-bulk,2026-05-31 21:45:52.478156+00:00,3217252,SİNOP ÇÖP GAZ ELEKTRİK ÜRETİM TESİSİ,17480,2026-05-31T10:00:00+03:00,10:00
40W000003217252B,SİNOP ÇÖP GAZ ELEKTRİK ÜRETİM TESİSİ,unknown,2026-05-31 11:00:00+03:00,,1.1,chunk_0064.json,POST /v1/generation/data/dpp-bulk,2026-05-31 21:45:52.478156+00:00,3217252,SİNOP ÇÖP GAZ ELEKTRİK ÜRETİM TESİSİ,17480,2026-05-31T11:00:00+03:00,11:00
40W000003217252B,SİNOP ÇÖP GAZ ELEKTRİK ÜRETİM TESİSİ,unknown,2026-05-31 12:00:00+03:00,,1.1,chunk_0064.json,POST /v1/generation/data/dpp-bulk,2026-05-31 21:45:52.478156+00:00,3217252,SİNOP ÇÖP GAZ ELEKTRİK ÜRETİM TESİSİ,17480,2026-05-31T12:00:00+03:00,12:00
40W000003217252B,SİNOP ÇÖP GAZ ELEKTRİK ÜRETİM TESİSİ,unknown,2026-05-31 13:00:00+03:00,,1.1,chunk_0064.json,POST /v1/generation/data/dpp-bulk,2026-05-31 21:45:52.478156+00:00,3217252,SİNOP ÇÖP GAZ ELEKTRİK ÜRETİM TESİSİ,17480,2026-05-31T13:00:00+03:00,13:00
40W000003217252B,SİNOP ÇÖP GAZ ELEKTRİK ÜRETİM TESİSİ,unknown,2026-05-31 14:00:00+03:00,,1.1,chunk_0064.json,POST /v1/generation/data/dpp-bulk,2026-05-31 21:45:52.478156+00:00,3217252,SİNOP ÇÖP GAZ ELEKTRİK ÜRETİM TESİSİ,17480,2026-05-31T14:00:00+03:00,14:00
40W000003217252B,SİNOP ÇÖP GAZ ELEKTRİK ÜRETİM TESİSİ,unknown,2026-05-31 15:00:00+03:00,,1.1,chunk_0064.json,POST /v1/generation/data/dpp-bulk,2026-05-31 21:45:52.478156+00:00,3217252,SİNOP ÇÖP GAZ ELEKTRİK ÜRETİM TESİSİ,17480,2026-05-31T15:00:00+03:00,15:00
40W000003217252B,SİNOP ÇÖP GAZ ELEKTRİK ÜRETİM TESİSİ,unknown,2026-05-31 16:00:00+03:00,,1.1,chunk_0064.json,POST /v1/generation/data/dpp-bulk,2026-05-31 21:45:52.478156+00:00,3217252,SİNOP ÇÖP GAZ ELEKTRİK ÜRETİM TESİSİ,17480,2026-05-31T16:00:00+03:00,16:00
40W000003217252B,SİNOP ÇÖP GAZ ELEKTRİK ÜRETİM TESİSİ,unknown,2026-05-31 17:00:00+03:00,,0.5,chunk_0064.json,POST /v1/generation/data/dpp-bulk,2026-05-31 21:45:52.478156+00:00,3217252,SİNOP ÇÖP GAZ ELEKTRİK ÜRETİM TESİSİ,17480,2026-05-31T17:00:00+03:00,17:00
40W000003217252B,SİNOP ÇÖP GAZ ELEKTRİK ÜRETİM TESİSİ,unknown,2026-05-31 18:00:00+03:00,,0.0,chunk_0064.json,POST /v1/generation/data/dpp-bulk,2026-05-31 21:45:52.478156+00:00,3217252,SİNOP ÇÖP GAZ ELEKTRİK ÜRETİM TESİSİ,17480,2026-05-31T18:00:00+03:00,18:00
40W000003217252B,SİNOP ÇÖP GAZ ELEKTRİK ÜRETİM TESİSİ,unknown,2026-05-31 19:00:00+03:00,,0.0,chunk_0064.json,POST /v1/generation/data/dpp-bulk,2026-05-31 21:45:52.478156+00:00,3217252,SİNOP ÇÖP GAZ ELEKTRİK ÜRETİM TESİSİ,17480,2026-05-31T19:00:00+03:00,19:00
40W000003217252B,SİNOP ÇÖP GAZ ELEKTRİK ÜRETİM TESİSİ,unknown,2026-05-31 20:00:00+03:00,,0.0,chunk_0064.json,POST /v1/generation/data/dpp-bulk,2026-05-31 21:45:52.478156+00:00,3217252,SİNOP ÇÖP GAZ ELEKTRİK ÜRETİM TESİSİ,17480,2026-05-31T20:00:00+03:00,20:00
40W000003217252B,SİNOP ÇÖP GAZ ELEKTRİK ÜRETİM TESİSİ,unknown,2026-05-31 21:00:00+03:00,,0.0,chunk_0064.json,POST /v1/generation/data/dpp-bulk,2026-05-31 21:45:52.478156+00:00,3217252,SİNOP ÇÖP GAZ ELEKTRİK ÜRETİM TESİSİ,17480,2026-05-31T21:00:00+03:00,21:00
40W000003217252B,SİNOP ÇÖP GAZ ELEKTRİK ÜRETİM TESİSİ,unknown,2026-05-31 22:00:00+03:00,,1.1,chunk_0064.json,POST /v1/generation/data/dpp-bulk,2026-05-31 21:45:52.478156+00:00,3217252,SİNOP ÇÖP GAZ ELEKTRİK ÜRETİM TESİSİ,17480,2026-05-31T22:00:00+03:00,22:00
40W000003217252B,SİNOP ÇÖP GAZ ELEKTRİK ÜRETİM TESİSİ,unknown,2026-05-31 23:00:00+03:00,,1.1,chunk_0064.json,POST /v1/generation/data/dpp-bulk,2026-05-31 21:45:52.478156+00:00,3217252,SİNOP ÇÖP GAZ ELEKTRİK ÜRETİM TESİSİ,17480,2026-05-31T23:00:00+03:00,23:00
40W000003217198S,AKODA BES,unknown,2026-05-31 00:00:00+03:00,,2.5,chunk_0064.json,POST /v1/generation/data/dpp-bulk,2026-05-31 21:45:52.478156+00:00,3217198,AKODA BES,17499,2026-05-31T00:00:00+03:00,00:00
40W000003217198S,AKODA BES,unknown,2026-05-31 01:00:00+03:00,,2.5,chunk_0064.json,POST /v1/generation/data/dpp-bulk,2026-05-31 21:45:52.478156+00:00,3217198,AKODA BES,17499,2026-05-31T01:00:00+03:00,01:00
40W000003217198S,AKODA BES,unknown,2026-05-31 02:00:00+03:00,,2.5,chunk_0064.json,POST /v1/generation/data/dpp-bulk,2026-05-31 21:45:52.478156+00:00,3217198,AKODA BES,17499,2026-05-31T02:00:00+03:00,02:00
40W000003217198S,AKODA BES,unknown,2026-05-31 03:00:00+03:00,,2.5,chunk_0064.json,POST /v1/generation/data/dpp-bulk,2026-05-31 21:45:52.478156+00:00,3217198,AKODA BES,17499,2026-05-31T03:00:00+03:00,03:00
40W000003217198S,AKODA BES,unknown,2026-05-31 04:00:00+03:00,,2.5,chunk_0064.json,POST /v1/generation/data/dpp-bulk,2026-05-31 21:45:52.478156+00:00,3217198,AKODA BES,17499,2026-05-31T04:00:00+03:00,04:00
40W000003217198S,AKODA BES,unknown,2026-05-31 05:00:00+03:00,,2.5,chunk_0064.json,POST /v1/generation/data/dpp-bulk,2026-05-31 21:45:52.478156+00:00,3217198,AKODA BES,17499,2026-05-31T05:00:00+03:00,05:00
40W000003217198S,AKODA BES,unknown,2026-05-31 06:00:00+03:00,,2.5,chunk_0064.json,POST /v1/generation/data/dpp-bulk,2026-05-31 21:45:52.478156+00:00,3217198,AKODA BES,17499,2026-05-31T06:00:00+03:00,06:00
40W000003217198S,AKODA BES,unknown,2026-05-31 07:00:00+03:00,,2.5,chunk_0064.json,POST /v1/generation/data/dpp-bulk,2026-05-31 21:45:52.478156+00:00,3217198,AKODA BES,17499,2026-05-31T07:00:00+03:00,07:00
40W000003217198S,AKODA BES,unknown,2026-05-31 08:00:00+03:00,,2.7,chunk_0064.json,POST /v1/generation/data/dpp-bulk,2026-05-31 21:45:52.478156+00:00,3217198,AKODA BES,17499,2026-05-31T08:00:00+03:00,08:00
40W000003217198S,AKODA BES,unknown,2026-05-31 09:00:00+03:00,,2.7,chunk_0064.json,POST /v1/generation/data/dpp-bulk,2026-05-31 21:45:52.478156+00:00,3217198,AKODA BES,17499,2026-05-31T09:00:00+03:00,09:00
40W000003217198S,AKODA BES,unknown,2026-05-31 10:00:00+03:00,,2.7,chunk_0064.json,POST /v1/generation/data/dpp-bulk,2026-05-31 21:45:52.478156+00:00,3217198,AKODA BES,17499,2026-05-31T10:00:00+03:00,10:00
40W000003217198S,AKODA BES,unknown,2026-05-31 11:00:00+03:00,,2.7,chunk_0064.json,POST /v1/generation/data/dpp-bulk,2026-05-31 21:45:52.478156+00:00,3217198,AKODA BES,17499,2026-05-31T11:00:00+03:00,11:00
40W000003217198S,AKODA BES,unknown,2026-05-31 12:00:00+03:00,,2.7,chunk_0064.json,POST /v1/generation/data/dpp-bulk,2026-05-31 21:45:52.478156+00:00,3217198,AKODA BES,17499,2026-05-31T12:00:00+03:00,12:00
40W000003217198S,AKODA BES,unknown,2026-05-31 13:00:00+03:00,,2.7,chunk_0064.json,POST /v1/generation/data/dpp-bulk,2026-05-31 21:45:52.478156+00:00,3217198,AKODA BES,17499,2026-05-31T13:00:00+03:00,13:00
40W000003217198S,AKODA BES,unknown,2026-05-31 14:00:00+03:00,,2.7,chunk_0064.json,POST /v1/generation/data/dpp-bulk,2026-05-31 21:45:52.478156+00:00,3217198,AKODA BES,17499,2026-05-31T14:00:00+03:00,14:00
40W000003217198S,AKODA BES,unknown,2026-05-31 15:00:00+03:00,,2.7,chunk_0064.json,POST /v1/generation/data/dpp-bulk,2026-05-31 21:45:52.478156+00:00,3217198,AKODA BES,17499,2026-05-31T15:00:00+03:00,15:00
40W000003217198S,AKODA BES,unknown,2026-05-31 16:00:00+03:00,,2.7,chunk_0064.json,POST /v1/generation/data/dpp-bulk,2026-05-31 21:45:52.478156+00:00,3217198,AKODA BES,17499,2026-05-31T16:00:00+03:00,16:00
40W000003217198S,AKODA BES,unknown,2026-05-31 17:00:00+03:00,,2.5,chunk_0064.json,POST /v1/generation/data/dpp-bulk,2026-05-31 21:45:52.478156+00:00,3217198,AKODA BES,17499,2026-05-31T17:00:00+03:00,17:00
40W000003217198S,AKODA BES,unknown,2026-05-31 18:00:00+03:00,,2.5,chunk_0064.json,POST /v1/generation/data/dpp-bulk,2026-05-31 21:45:52.478156+00:00,3217198,AKODA BES,17499,2026-05-31T18:00:00+03:00,18:00
40W000003217198S,AKODA BES,unknown,2026-05-31 19:00:00+03:00,,2.5,chunk_0064.json,POST /v1/generation/data/dpp-bulk,2026-05-31 21:45:52.478156+00:00,3217198,AKODA BES,17499,2026-05-31T19:00:00+03:00,19:00
40W000003217198S,AKODA BES,unknown,2026-05-31 20:00:00+03:00,,2.5,chunk_0064.json,POST /v1/generation/data/dpp-bulk,2026-05-31 21:45:52.478156+00:00,3217198,AKODA BES,17499,2026-05-31T20:00:00+03:00,20:00
40W000003217198S,AKODA BES,unknown,2026-05-31 21:00:00+03:00,,2.5,chunk_0064.json,POST /v1/generation/data/dpp-bulk,2026-05-31 21:45:52.478156+00:00,3217198,AKODA BES,17499,2026-05-31T21:00:00+03:00,21:00
40W000003217198S,AKODA BES,unknown,2026-05-31 22:00:00+03:00,,2.5,chunk_0064.json,POST /v1/generation/data/dpp-bulk,2026-05-31 21:45:52.478156+00:00,3217198,AKODA BES,17499,2026-05-31T22:00:00+03:00,22:00
40W000003217198S,AKODA BES,unknown,2026-05-31 23:00:00+03:00,,2.5,chunk_0064.json,POST /v1/generation/data/dpp-bulk,2026-05-31 21:45:52.478156+00:00,3217198,AKODA BES,17499,2026-05-31T23:00:00+03:00,23:00
40W0000032172377,KAYSERİ KATI ATIK DÜZENLİ DEPOLAMA BİYOGAZ TESİSİ,unknown,2026-05-31 00:00:00+03:00,,5.0,chunk_0064.json,POST /v1/generation/data/dpp-bulk,2026-05-31 21:45:52.478156+00:00,3217237,KAYSERİ KATI ATIK DÜZENLİ DEPOLAMA BİYOGAZ TESİSİ,17579,2026-05-31T00:00:00+03:00,00:00
40W0000032172377,KAYSERİ KATI ATIK DÜZENLİ DEPOLAMA BİYOGAZ TESİSİ,unknown,2026-05-31 01:00:00+03:00,,5.0,chunk_0064.json,POST /v1/generation/data/dpp-bulk,2026-05-31 21:45:52.478156+00:00,3217237,KAYSERİ KATI ATIK DÜZENLİ DEPOLAMA BİYOGAZ TESİSİ,17579,2026-05-31T01:00:00+03:00,01:00
40W0000032172377,KAYSERİ KATI ATIK DÜZENLİ DEPOLAMA BİYOGAZ TESİSİ,unknown,2026-05-31 02:00:00+03:00,,5.0,chunk_0064.json,POST /v1/generation/data/dpp-bulk,2026-05-31 21:45:52.478156+00:00,3217237,KAYSERİ KATI ATIK DÜZENLİ DEPOLAMA BİYOGAZ TESİSİ,17579,2026-05-31T02:00:00+03:00,02:00
40W0000032172377,KAYSERİ KATI ATIK DÜZENLİ DEPOLAMA BİYOGAZ TESİSİ,unknown,2026-05-31 03:00:00+03:00,,5.0,chunk_0064.json,POST /v1/generation/data/dpp-bulk,2026-05-31 21:45:52.478156+00:00,3217237,KAYSERİ KATI ATIK DÜZENLİ DEPOLAMA BİYOGAZ TESİSİ,17579,2026-05-31T03:00:00+03:00,03:00
40W0000032172377,KAYSERİ KATI ATIK DÜZENLİ DEPOLAMA BİYOGAZ TESİSİ,unknown,2026-05-31 04:00:00+03:00,,5.0,chunk_0064.json,POST /v1/generation/data/dpp-bulk,2026-05-31 21:45:52.478156+00:00,3217237,KAYSERİ KATI ATIK DÜZENLİ DEPOLAMA BİYOGAZ TESİSİ,17579,2026-05-31T04:00:00+03:00,04:00
40W0000032172377,KAYSERİ KATI ATIK DÜZENLİ DEPOLAMA BİYOGAZ TESİSİ,unknown,2026-05-31 05:00:00+03:00,,5.0,chunk_0064.json,POST /v1/generation/data/dpp-bulk,2026-05-31 21:45:52.478156+00:00,3217237,KAYSERİ KATI ATIK DÜZENLİ DEPOLAMA BİYOGAZ TESİSİ,17579,2026-05-31T05:00:00+03:00,05:00
40W0000032172377,KAYSERİ KATI ATIK DÜZENLİ DEPOLAMA BİYOGAZ TESİSİ,unknown,2026-05-31 06:00:00+03:00,,5.0,chunk_0064.json,POST /v1/generation/data/dpp-bulk,2026-05-31 21:45:52.478156+00:00,3217237,KAYSERİ KATI ATIK DÜZENLİ DEPOLAMA BİYOGAZ TESİSİ,17579,2026-05-31T06:00:00+03:00,06:00
40W0000032172377,KAYSERİ KATI ATIK DÜZENLİ DEPOLAMA BİYOGAZ TESİSİ,unknown,2026-05-31 07:00:00+03:00,,5.0,chunk_0064.json,POST /v1/generation/data/dpp-bulk,2026-05-31 21:45:52.478156+00:00,3217237,KAYSERİ KATI ATIK DÜZENLİ DEPOLAMA BİYOGAZ TESİSİ,17579,2026-05-31T07:00:00+03:00,07:00
40W0000032172377,KAYSERİ KATI ATIK DÜZENLİ DEPOLAMA BİYOGAZ TESİSİ,unknown,2026-05-31 08:00:00+03:00,,5.0,chunk_0064.json,POST /v1/generation/data/dpp-bulk,2026-05-31 21:45:52.478156+00:00,3217237,KAYSERİ KATI ATIK DÜZENLİ DEPOLAMA BİYOGAZ TESİSİ,17579,2026-05-31T08:00:00+03:00,08:00
40W0000032172377,KAYSERİ KATI ATIK DÜZENLİ DEPOLAMA BİYOGAZ TESİSİ,unknown,2026-05-31 09:00:00+03:00,,5.0,chunk_0064.json,POST /v1/generation/data/dpp-bulk,2026-05-31 21:45:52.478156+00:00,3217237,KAYSERİ KATI ATIK DÜZENLİ DEPOLAMA BİYOGAZ TESİSİ,17579,2026-05-31T09:00:00+03:00,09:00
40W0000032172377,KAYSERİ KATI ATIK DÜZENLİ DEPOLAMA BİYOGAZ TESİSİ,unknown,2026-05-31 10:00:00+03:00,,5.0,chunk_0064.json,POST /v1/generation/data/dpp-bulk,2026-05-31 21:45:52.478156+00:00,3217237,KAYSERİ KATI ATIK DÜZENLİ DEPOLAMA BİYOGAZ TESİSİ,17579,2026-05-31T10:00:00+03:00,10:00
40W0000032172377,KAYSERİ KATI ATIK DÜZENLİ DEPOLAMA BİYOGAZ TESİSİ,unknown,2026-05-31 11:00:00+03:00,,5.0,chunk_0064.json,POST /v1/generation/data/dpp-bulk,2026-05-31 21:45:52.478156+00:00,3217237,KAYSERİ KATI ATIK DÜZENLİ DEPOLAMA BİYOGAZ TESİSİ,17579,2026-05-31T11:00:00+03:00,11:00
40W0000032172377,KAYSERİ KATI ATIK DÜZENLİ DEPOLAMA BİYOGAZ TESİSİ,unknown,2026-05-31 12:00:00+03:00,,3.2,chunk_0064.json,POST /v1/generation/data/dpp-bulk,2026-05-31 21:45:52.478156+00:00,3217237,KAYSERİ KATI ATIK DÜZENLİ DEPOLAMA BİYOGAZ TESİSİ,17579,2026-05-31T12:00:00+03:00,12:00
40W0000032172377,KAYSERİ KATI ATIK DÜZENLİ DEPOLAMA BİYOGAZ TESİSİ,unknown,2026-05-31 13:00:00+03:00,,5.0,chunk_0064.json,POST /v1/generation/data/dpp-bulk,2026-05-31 21:45:52.478156+00:00,3217237,KAYSERİ KATI ATIK DÜZENLİ DEPOLAMA BİYOGAZ TESİSİ,17579,2026-05-31T13:00:00+03:00,13:00
40W0000032172377,KAYSERİ KATI ATIK DÜZENLİ DEPOLAMA BİYOGAZ TESİSİ,unknown,2026-05-31 14:00:00+03:00,,5.0,chunk_0064.json,POST /v1/generation/data/dpp-bulk,2026-05-31 21:45:52.478156+00:00,3217237,KAYSERİ KATI ATIK DÜZENLİ DEPOLAMA BİYOGAZ TESİSİ,17579,2026-05-31T14:00:00+03:00,14:00
40W0000032172377,KAYSERİ KATI ATIK DÜZENLİ DEPOLAMA BİYOGAZ TESİSİ,unknown,2026-05-31 15:00:00+03:00,,5.0,chunk_0064.json,POST /v1/generation/data/dpp-bulk,2026-05-31 21:45:52.478156+00:00,3217237,KAYSERİ KATI ATIK DÜZENLİ DEPOLAMA BİYOGAZ TESİSİ,17579,2026-05-31T15:00:00+03:00,15:00
40W0000032172377,KAYSERİ KATI ATIK DÜZENLİ DEPOLAMA BİYOGAZ TESİSİ,unknown,2026-05-31 16:00:00+03:00,,5.0,chunk_0064.json,POST /v1/generation/data/dpp-bulk,2026-05-31 21:45:52.478156+00:00,3217237,KAYSERİ KATI ATIK DÜZENLİ DEPOLAMA BİYOGAZ TESİSİ,17579,2026-05-31T16:00:00+03:00,16:00
40W0000032172377,KAYSERİ KATI ATIK DÜZENLİ DEPOLAMA BİYOGAZ TESİSİ,unknown,2026-05-31 17:00:00+03:00,,5.0,chunk_0064.json,POST /v1/generation/data/dpp-bulk,2026-05-31 21:45:52.478156+00:00,3217237,KAYSERİ KATI ATIK DÜZENLİ DEPOLAMA BİYOGAZ TESİSİ,17579,2026-05-31T17:00:00+03:00,17:00
40W0000032172377,KAYSERİ KATI ATIK DÜZENLİ DEPOLAMA BİYOGAZ TESİSİ,unknown,2026-05-31 18:00:00+03:00,,5.0,chunk_0064.json,POST /v1/generation/data/dpp-bulk,2026-05-31 21:45:52.478156+00:00,3217237,KAYSERİ KATI ATIK DÜZENLİ DEPOLAMA BİYOGAZ TESİSİ,17579,2026-05-31T18:00:00+03:00,18:00
40W0000032172377,KAYSERİ KATI ATIK DÜZENLİ DEPOLAMA BİYOGAZ TESİSİ,unknown,2026-05-31 19:00:00+03:00,,5.0,chunk_0064.json,POST /v1/generation/data/dpp-bulk,2026-05-31 21:45:52.478156+00:00,3217237,KAYSERİ KATI ATIK DÜZENLİ DEPOLAMA BİYOGAZ TESİSİ,17579,2026-05-31T19:00:00+03:00,19:00
40W0000032172377,KAYSERİ KATI ATIK DÜZENLİ DEPOLAMA BİYOGAZ TESİSİ,unknown,2026-05-31 20:00:00+03:00,,5.0,chunk_0064.json,POST /v1/generation/data/dpp-bulk,2026-05-31 21:45:52.478156+00:00,3217237,KAYSERİ KATI ATIK DÜZENLİ DEPOLAMA BİYOGAZ TESİSİ,17579,2026-05-31T20:00:00+03:00,20:00
40W0000032172377,KAYSERİ KATI ATIK DÜZENLİ DEPOLAMA BİYOGAZ TESİSİ,unknown,2026-05-31 21:00:00+03:00,,5.0,chunk_0064.json,POST /v1/generation/data/dpp-bulk,2026-05-31 21:45:52.478156+00:00,3217237,KAYSERİ KATI ATIK DÜZENLİ DEPOLAMA BİYOGAZ TESİSİ,17579,2026-05-31T21:00:00+03:00,21:00
40W0000032172377,KAYSERİ KATI ATIK DÜZENLİ DEPOLAMA BİYOGAZ TESİSİ,unknown,2026-05-31 22:00:00+03:00,,5.0,chunk_0064.json,POST /v1/generation/data/dpp-bulk,2026-05-31 21:45:52.478156+00:00,3217237,KAYSERİ KATI ATIK DÜZENLİ DEPOLAMA BİYOGAZ TESİSİ,17579,2026-05-31T22:00:00+03:00,22:00
40W0000032172377,KAYSERİ KATI ATIK DÜZENLİ DEPOLAMA BİYOGAZ TESİSİ,unknown,2026-05-31 23:00:00+03:00,,5.0,chunk_0064.json,POST /v1/generation/data/dpp-bulk,2026-05-31 21:45:52.478156+00:00,3217237,KAYSERİ KATI ATIK DÜZENLİ DEPOLAMA BİYOGAZ TESİSİ,17579,2026-05-31T23:00:00+03:00,23:00
40W000003217233F,KASTAMONU OSB BES,unknown,2026-05-31 00:00:00+03:00,,0.0,chunk_0064.json,POST /v1/generation/data/dpp-bulk,2026-05-31 21:45:52.478156+00:00,3217233,KASTAMONU OSB BES,103060,2026-05-31T00:00:00+03:00,00:00
40W000003217233F,KASTAMONU OSB BES,unknown,2026-05-31 01:00:00+03:00,,0.0,chunk_0064.json,POST /v1/generation/data/dpp-bulk,2026-05-31 21:45:52.478156+00:00,3217233,KASTAMONU OSB BES,103060,2026-05-31T01:00:00+03:00,01:00
40W000003217233F,KASTAMONU OSB BES,unknown,2026-05-31 02:00:00+03:00,,0.0,chunk_0064.json,POST /v1/generation/data/dpp-bulk,2026-05-31 21:45:52.478156+00:00,3217233,KASTAMONU OSB BES,103060,2026-05-31T02:00:00+03:00,02:00
40W000003217233F,KASTAMONU OSB BES,unknown,2026-05-31 03:00:00+03:00,,0.0,chunk_0064.json,POST /v1/generation/data/dpp-bulk,2026-05-31 21:45:52.478156+00:00,3217233,KASTAMONU OSB BES,103060,2026-05-31T03:00:00+03:00,03:00
40W000003217233F,KASTAMONU OSB BES,unknown,2026-05-31 04:00:00+03:00,,0.0,chunk_0064.json,POST /v1/generation/data/dpp-bulk,2026-05-31 21:45:52.478156+00:00,3217233,KASTAMONU OSB BES,103060,2026-05-31T04:00:00+03:00,04:00
40W000003217233F,KASTAMONU OSB BES,unknown,2026-05-31 05:00:00+03:00,,0.0,chunk_0064.json,POST /v1/generation/data/dpp-bulk,2026-05-31 21:45:52.478156+00:00,3217233,KASTAMONU OSB BES,103060,2026-05-31T05:00:00+03:00,05:00
40W000003217233F,KASTAMONU OSB BES,unknown,2026-05-31 06:00:00+03:00,,0.0,chunk_0064.json,POST /v1/generation/data/dpp-bulk,2026-05-31 21:45:52.478156+00:00,3217233,KASTAMONU OSB BES,103060,2026-05-31T06:00:00+03:00,06:00
40W000003217233F,KASTAMONU OSB BES,unknown,2026-05-31 07:00:00+03:00,,0.0,chunk_0064.json,POST /v1/generation/data/dpp-bulk,2026-05-31 21:45:52.478156+00:00,3217233,KASTAMONU OSB BES,103060,2026-05-31T07:00:00+03:00,07:00
40W000003217233F,KASTAMONU OSB BES,unknown,2026-05-31 08:00:00+03:00,,0.0,chunk_0064.json,POST /v1/generation/data/dpp-bulk,2026-05-31 21:45:52.478156+00:00,3217233,KASTAMONU OSB BES,103060,2026-05-31T08:00:00+03:00,08:00
40W000003217233F,KASTAMONU OSB BES,unknown,2026-05-31 09:00:00+03:00,,0.0,chunk_0064.json,POST /v1/generation/data/dpp-bulk,2026-05-31 21:45:52.478156+00:00,3217233,KASTAMONU OSB BES,103060,2026-05-31T09:00:00+03:00,09:00
40W000003217233F,KASTAMONU OSB BES,unknown,2026-05-31 10:00:00+03:00,,0.0,chunk_0064.json,POST /v1/generation/data/dpp-bulk,2026-05-31 21:45:52.478156+00:00,3217233,KASTAMONU OSB BES,103060,2026-05-31T10:00:00+03:00,10:00
40W000003217233F,KASTAMONU OSB BES,unknown,2026-05-31 11:00:00+03:00,,0.0,chunk_0064.json,POST /v1/generation/data/dpp-bulk,2026-05-31 21:45:52.478156+00:00,3217233,KASTAMONU OSB BES,103060,2026-05-31T11:00:00+03:00,11:00
40W000003217233F,KASTAMONU OSB BES,unknown,2026-05-31 12:00:00+03:00,,0.0,chunk_0064.json,POST /v1/generation/data/dpp-bulk,2026-05-31 21:45:52.478156+00:00,3217233,KASTAMONU OSB BES,103060,2026-05-31T12:00:00+03:00,12:00
40W000003217233F,KASTAMONU OSB BES,unknown,2026-05-31 13:00:00+03:00,,0.0,chunk_0064.json,POST /v1/generation/data/dpp-bulk,2026-05-31 21:45:52.478156+00:00,3217233,KASTAMONU OSB BES,103060,2026-05-31T13:00:00+03:00,13:00
40W000003217233F,KASTAMONU OSB BES,unknown,2026-05-31 14:00:00+03:00,,0.0,chunk_0064.json,POST /v1/generation/data/dpp-bulk,2026-05-31 21:45:52.478156+00:00,3217233,KASTAMONU OSB BES,103060,2026-05-31T14:00:00+03:00,14:00
40W000003217233F,KASTAMONU OSB BES,unknown,2026-05-31 15:00:00+03:00,,0.0,chunk_0064.json,POST /v1/generation/data/dpp-bulk,2026-05-31 21:45:52.478156+00:00,3217233,KASTAMONU OSB BES,103060,2026-05-31T15:00:00+03:00,15:00
40W000003217233F,KASTAMONU OSB BES,unknown,2026-05-31 16:00:00+03:00,,0.0,chunk_0064.json,POST /v1/generation/data/dpp-bulk,2026-05-31 21:45:52.478156+00:00,3217233,KASTAMONU OSB BES,103060,2026-05-31T16:00:00+03:00,16:00
40W000003217233F,KASTAMONU OSB BES,unknown,2026-05-31 17:00:00+03:00,,0.0,chunk_0064.json,POST /v1/generation/data/dpp-bulk,2026-05-31 21:45:52.478156+00:00,3217233,KASTAMONU OSB BES,103060,2026-05-31T17:00:00+03:00,17:00
40W000003217233F,KASTAMONU OSB BES,unknown,2026-05-31 18:00:00+03:00,,0.0,chunk_0064.json,POST /v1/generation/data/dpp-bulk,2026-05-31 21:45:52.478156+00:00,3217233,KASTAMONU OSB BES,103060,2026-05-31T18:00:00+03:00,18:00
40W000003217233F,KASTAMONU OSB BES,unknown,2026-05-31 19:00:00+03:00,,0.0,chunk_0064.json,POST /v1/generation/data/dpp-bulk,2026-05-31 21:45:52.478156+00:00,3217233,KASTAMONU OSB BES,103060,2026-05-31T19:00:00+03:00,19:00
40W000003217233F,KASTAMONU OSB BES,unknown,2026-05-31 20:00:00+03:00,,0.0,chunk_0064.json,POST /v1/generation/data/dpp-bulk,2026-05-31 21:45:52.478156+00:00,3217233,KASTAMONU OSB BES,103060,2026-05-31T20:00:00+03:00,20:00
40W000003217233F,KASTAMONU OSB BES,unknown,2026-05-31 21:00:00+03:00,,0.0,chunk_0064.json,POST /v1/generation/data/dpp-bulk,2026-05-31 21:45:52.478156+00:00,3217233,KASTAMONU OSB BES,103060,2026-05-31T21:00:00+03:00,21:00
40W000003217233F,KASTAMONU OSB BES,unknown,2026-05-31 22:00:00+03:00,,0.0,chunk_0064.json,POST /v1/generation/data/dpp-bulk,2026-05-31 21:45:52.478156+00:00,3217233,KASTAMONU OSB BES,103060,2026-05-31T22:00:00+03:00,22:00
40W000003217233F,KASTAMONU OSB BES,unknown,2026-05-31 23:00:00+03:00,,0.0,chunk_0064.json,POST /v1/generation/data/dpp-bulk,2026-05-31 21:45:52.478156+00:00,3217233,KASTAMONU OSB BES,103060,2026-05-31T23:00:00+03:00,23:00
40W0000032172539,HAYAT BİYOKÜTLE PROJESİ,unknown,2026-05-31 00:00:00+03:00,,0.0,chunk_0064.json,POST /v1/generation/data/dpp-bulk,2026-05-31 21:45:52.478156+00:00,3217253,HAYAT BİYOKÜTLE PROJESİ,103060,2026-05-31T00:00:00+03:00,00:00
40W0000032172539,HAYAT BİYOKÜTLE PROJESİ,unknown,2026-05-31 01:00:00+03:00,,0.0,chunk_0064.json,POST /v1/generation/data/dpp-bulk,2026-05-31 21:45:52.478156+00:00,3217253,HAYAT BİYOKÜTLE PROJESİ,103060,2026-05-31T01:00:00+03:00,01:00
40W0000032172539,HAYAT BİYOKÜTLE PROJESİ,unknown,2026-05-31 02:00:00+03:00,,0.0,chunk_0064.json,POST /v1/generation/data/dpp-bulk,2026-05-31 21:45:52.478156+00:00,3217253,HAYAT BİYOKÜTLE PROJESİ,103060,2026-05-31T02:00:00+03:00,02:00
40W0000032172539,HAYAT BİYOKÜTLE PROJESİ,unknown,2026-05-31 03:00:00+03:00,,0.0,chunk_0064.json,POST /v1/generation/data/dpp-bulk,2026-05-31 21:45:52.478156+00:00,3217253,HAYAT BİYOKÜTLE PROJESİ,103060,2026-05-31T03:00:00+03:00,03:00
40W0000032172539,HAYAT BİYOKÜTLE PROJESİ,unknown,2026-05-31 04:00:00+03:00,,0.0,chunk_0064.json,POST /v1/generation/data/dpp-bulk,2026-05-31 21:45:52.478156+00:00,3217253,HAYAT BİYOKÜTLE PROJESİ,103060,2026-05-31T04:00:00+03:00,04:00
40W0000032172539,HAYAT BİYOKÜTLE PROJESİ,unknown,2026-05-31 05:00:00+03:00,,0.0,chunk_0064.json,POST /v1/generation/data/dpp-bulk,2026-05-31 21:45:52.478156+00:00,3217253,HAYAT BİYOKÜTLE PROJESİ,103060,2026-05-31T05:00:00+03:00,05:00
40W0000032172539,HAYAT BİYOKÜTLE PROJESİ,unknown,2026-05-31 06:00:00+03:00,,0.0,chunk_0064.json,POST /v1/generation/data/dpp-bulk,2026-05-31 21:45:52.478156+00:00,3217253,HAYAT BİYOKÜTLE PROJESİ,103060,2026-05-31T06:00:00+03:00,06:00
40W0000032172539,HAYAT BİYOKÜTLE PROJESİ,unknown,2026-05-31 07:00:00+03:00,,0.0,chunk_0064.json,POST /v1/generation/data/dpp-bulk,2026-05-31 21:45:52.478156+00:00,3217253,HAYAT BİYOKÜTLE PROJESİ,103060,2026-05-31T07:00:00+03:00,07:00
40W0000032172539,HAYAT BİYOKÜTLE PROJESİ,unknown,2026-05-31 08:00:00+03:00,,0.0,chunk_0064.json,POST /v1/generation/data/dpp-bulk,2026-05-31 21:45:52.478156+00:00,3217253,HAYAT BİYOKÜTLE PROJESİ,103060,2026-05-31T08:00:00+03:00,08:00
40W0000032172539,HAYAT BİYOKÜTLE PROJESİ,unknown,2026-05-31 09:00:00+03:00,,0.0,chunk_0064.json,POST /v1/generation/data/dpp-bulk,2026-05-31 21:45:52.478156+00:00,3217253,HAYAT BİYOKÜTLE PROJESİ,103060,2026-05-31T09:00:00+03:00,09:00
40W0000032172539,HAYAT BİYOKÜTLE PROJESİ,unknown,2026-05-31 10:00:00+03:00,,0.0,chunk_0064.json,POST /v1/generation/data/dpp-bulk,2026-05-31 21:45:52.478156+00:00,3217253,HAYAT BİYOKÜTLE PROJESİ,103060,2026-05-31T10:00:00+03:00,10:00
40W0000032172539,HAYAT BİYOKÜTLE PROJESİ,unknown,2026-05-31 11:00:00+03:00,,0.0,chunk_0064.json,POST /v1/generation/data/dpp-bulk,2026-05-31 21:45:52.478156+00:00,3217253,HAYAT BİYOKÜTLE PROJESİ,103060,2026-05-31T11:00:00+03:00,11:00
40W0000032172539,HAYAT BİYOKÜTLE PROJESİ,unknown,2026-05-31 12:00:00+03:00,,0.0,chunk_0064.json,POST /v1/generation/data/dpp-bulk,2026-05-31 21:45:52.478156+00:00,3217253,HAYAT BİYOKÜTLE PROJESİ,103060,2026-05-31T12:00:00+03:00,12:00
40W0000032172539,HAYAT BİYOKÜTLE PROJESİ,unknown,2026-05-31 13:00:00+03:00,,0.0,chunk_0064.json,POST /v1/generation/data/dpp-bulk,2026-05-31 21:45:52.478156+00:00,3217253,HAYAT BİYOKÜTLE PROJESİ,103060,2026-05-31T13:00:00+03:00,13:00
40W0000032172539,HAYAT BİYOKÜTLE PROJESİ,unknown,2026-05-31 14:00:00+03:00,,0.0,chunk_0064.json,POST /v1/generation/data/dpp-bulk,2026-05-31 21:45:52.478156+00:00,3217253,HAYAT BİYOKÜTLE PROJESİ,103060,2026-05-31T14:00:00+03:00,14:00
40W0000032172539,HAYAT BİYOKÜTLE PROJESİ,unknown,2026-05-31 15:00:00+03:00,,0.0,chunk_0064.json,POST /v1/generation/data/dpp-bulk,2026-05-31 21:45:52.478156+00:00,3217253,HAYAT BİYOKÜTLE PROJESİ,103060,2026-05-31T15:00:00+03:00,15:00
40W0000032172539,HAYAT BİYOKÜTLE PROJESİ,unknown,2026-05-31 16:00:00+03:00,,0.0,chunk_0064.json,POST /v1/generation/data/dpp-bulk,2026-05-31 21:45:52.478156+00:00,3217253,HAYAT BİYOKÜTLE PROJESİ,103060,2026-05-31T16:00:00+03:00,16:00
40W0000032172539,HAYAT BİYOKÜTLE PROJESİ,unknown,2026-05-31 17:00:00+03:00,,0.0,chunk_0064.json,POST /v1/generation/data/dpp-bulk,2026-05-31 21:45:52.478156+00:00,3217253,HAYAT BİYOKÜTLE PROJESİ,103060,2026-05-31T17:00:00+03:00,17:00
40W0000032172539,HAYAT BİYOKÜTLE PROJESİ,unknown,2026-05-31 18:00:00+03:00,,0.0,chunk_0064.json,POST /v1/generation/data/dpp-bulk,2026-05-31 21:45:52.478156+00:00,3217253,HAYAT BİYOKÜTLE PROJESİ,103060,2026-05-31T18:00:00+03:00,18:00
40W0000032172539,HAYAT BİYOKÜTLE PROJESİ,unknown,2026-05-31 19:00:00+03:00,,0.0,chunk_0064.json,POST /v1/generation/data/dpp-bulk,2026-05-31 21:45:52.478156+00:00,3217253,HAYAT BİYOKÜTLE PROJESİ,103060,2026-05-31T19:00:00+03:00,19:00
40W0000032172539,HAYAT BİYOKÜTLE PROJESİ,unknown,2026-05-31 20:00:00+03:00,,0.0,chunk_0064.json,POST /v1/generation/data/dpp-bulk,2026-05-31 21:45:52.478156+00:00,3217253,HAYAT BİYOKÜTLE PROJESİ,103060,2026-05-31T20:00:00+03:00,20:00
40W0000032172539,HAYAT BİYOKÜTLE PROJESİ,unknown,2026-05-31 21:00:00+03:00,,0.0,chunk_0064.json,POST /v1/generation/data/dpp-bulk,2026-05-31 21:45:52.478156+00:00,3217253,HAYAT BİYOKÜTLE PROJESİ,103060,2026-05-31T21:00:00+03:00,21:00
40W0000032172539,HAYAT BİYOKÜTLE PROJESİ,unknown,2026-05-31 22:00:00+03:00,,0.0,chunk_0064.json,POST /v1/generation/data/dpp-bulk,2026-05-31 21:45:52.478156+00:00,3217253,HAYAT BİYOKÜTLE PROJESİ,103060,2026-05-31T22:00:00+03:00,22:00
40W0000032172539,HAYAT BİYOKÜTLE PROJESİ,unknown,2026-05-31 23:00:00+03:00,,0.0,chunk_0064.json,POST /v1/generation/data/dpp-bulk,2026-05-31 21:45:52.478156+00:00,3217253,HAYAT BİYOKÜTLE PROJESİ,103060,2026-05-31T23:00:00+03:00,23:00
40W0000032172547,BALIKESİR BES,unknown,2026-05-31 00:00:00+03:00,,0.0,chunk_0064.json,POST /v1/generation/data/dpp-bulk,2026-05-31 21:45:52.478156+00:00,3217254,BALIKESİR BES,103060,2026-05-31T00:00:00+03:00,00:00
40W0000032172547,BALIKESİR BES,unknown,2026-05-31 01:00:00+03:00,,0.0,chunk_0064.json,POST /v1/generation/data/dpp-bulk,2026-05-31 21:45:52.478156+00:00,3217254,BALIKESİR BES,103060,2026-05-31T01:00:00+03:00,01:00
40W0000032172547,BALIKESİR BES,unknown,2026-05-31 02:00:00+03:00,,0.0,chunk_0064.json,POST /v1/generation/data/dpp-bulk,2026-05-31 21:45:52.478156+00:00,3217254,BALIKESİR BES,103060,2026-05-31T02:00:00+03:00,02:00
40W0000032172547,BALIKESİR BES,unknown,2026-05-31 03:00:00+03:00,,0.0,chunk_0064.json,POST /v1/generation/data/dpp-bulk,2026-05-31 21:45:52.478156+00:00,3217254,BALIKESİR BES,103060,2026-05-31T03:00:00+03:00,03:00
40W0000032172547,BALIKESİR BES,unknown,2026-05-31 04:00:00+03:00,,0.0,chunk_0064.json,POST /v1/generation/data/dpp-bulk,2026-05-31 21:45:52.478156+00:00,3217254,BALIKESİR BES,103060,2026-05-31T04:00:00+03:00,04:00
40W0000032172547,BALIKESİR BES,unknown,2026-05-31 05:00:00+03:00,,0.0,chunk_0064.json,POST /v1/generation/data/dpp-bulk,2026-05-31 21:45:52.478156+00:00,3217254,BALIKESİR BES,103060,2026-05-31T05:00:00+03:00,05:00
40W0000032172547,BALIKESİR BES,unknown,2026-05-31 06:00:00+03:00,,0.0,chunk_0064.json,POST /v1/generation/data/dpp-bulk,2026-05-31 21:45:52.478156+00:00,3217254,BALIKESİR BES,103060,2026-05-31T06:00:00+03:00,06:00
40W0000032172547,BALIKESİR BES,unknown,2026-05-31 07:00:00+03:00,,0.0,chunk_0064.json,POST /v1/generation/data/dpp-bulk,2026-05-31 21:45:52.478156+00:00,3217254,BALIKESİR BES,103060,2026-05-31T07:00:00+03:00,07:00
40W0000032172547,BALIKESİR BES,unknown,2026-05-31 08:00:00+03:00,,0.0,chunk_0064.json,POST /v1/generation/data/dpp-bulk,2026-05-31 21:45:52.478156+00:00,3217254,BALIKESİR BES,103060,2026-05-31T08:00:00+03:00,08:00
40W0000032172547,BALIKESİR BES,unknown,2026-05-31 09:00:00+03:00,,0.0,chunk_0064.json,POST /v1/generation/data/dpp-bulk,2026-05-31 21:45:52.478156+00:00,3217254,BALIKESİR BES,103060,2026-05-31T09:00:00+03:00,09:00
40W0000032172547,BALIKESİR BES,unknown,2026-05-31 10:00:00+03:00,,0.0,chunk_0064.json,POST /v1/generation/data/dpp-bulk,2026-05-31 21:45:52.478156+00:00,3217254,BALIKESİR BES,103060,2026-05-31T10:00:00+03:00,10:00
40W0000032172547,BALIKESİR BES,unknown,2026-05-31 11:00:00+03:00,,0.0,chunk_0064.json,POST /v1/generation/data/dpp-bulk,2026-05-31 21:45:52.478156+00:00,3217254,BALIKESİR BES,103060,2026-05-31T11:00:00+03:00,11:00
40W0000032172547,BALIKESİR BES,unknown,2026-05-31 12:00:00+03:00,,0.0,chunk_0064.json,POST /v1/generation/data/dpp-bulk,2026-05-31 21:45:52.478156+00:00,3217254,BALIKESİR BES,103060,2026-05-31T12:00:00+03:00,12:00
40W0000032172547,BALIKESİR BES,unknown,2026-05-31 13:00:00+03:00,,0.0,chunk_0064.json,POST /v1/generation/data/dpp-bulk,2026-05-31 21:45:52.478156+00:00,3217254,BALIKESİR BES,103060,2026-05-31T13:00:00+03:00,13:00
40W0000032172547,BALIKESİR BES,unknown,2026-05-31 14:00:00+03:00,,0.0,chunk_0064.json,POST /v1/generation/data/dpp-bulk,2026-05-31 21:45:52.478156+00:00,3217254,BALIKESİR BES,103060,2026-05-31T14:00:00+03:00,14:00
40W0000032172547,BALIKESİR BES,unknown,2026-05-31 15:00:00+03:00,,0.0,chunk_0064.json,POST /v1/generation/data/dpp-bulk,2026-05-31 21:45:52.478156+00:00,3217254,BALIKESİR BES,103060,2026-05-31T15:00:00+03:00,15:00
40W0000032172547,BALIKESİR BES,unknown,2026-05-31 16:00:00+03:00,,0.0,chunk_0064.json,POST /v1/generation/data/dpp-bulk,2026-05-31 21:45:52.478156+00:00,3217254,BALIKESİR BES,103060,2026-05-31T16:00:00+03:00,16:00
40W0000032172547,BALIKESİR BES,unknown,2026-05-31 17:00:00+03:00,,0.0,chunk_0064.json,POST /v1/generation/data/dpp-bulk,2026-05-31 21:45:52.478156+00:00,3217254,BALIKESİR BES,103060,2026-05-31T17:00:00+03:00,17:00
40W0000032172547,BALIKESİR BES,unknown,2026-05-31 18:00:00+03:00,,0.0,chunk_0064.json,POST /v1/generation/data/dpp-bulk,2026-05-31 21:45:52.478156+00:00,3217254,BALIKESİR BES,103060,2026-05-31T18:00:00+03:00,18:00
40W0000032172547,BALIKESİR BES,unknown,2026-05-31 19:00:00+03:00,,0.0,chunk_0064.json,POST /v1/generation/data/dpp-bulk,2026-05-31 21:45:52.478156+00:00,3217254,BALIKESİR BES,103060,2026-05-31T19:00:00+03:00,19:00
40W0000032172547,BALIKESİR BES,unknown,2026-05-31 20:00:00+03:00,,0.0,chunk_0064.json,POST /v1/generation/data/dpp-bulk,2026-05-31 21:45:52.478156+00:00,3217254,BALIKESİR BES,103060,2026-05-31T20:00:00+03:00,20:00
40W0000032172547,BALIKESİR BES,unknown,2026-05-31 21:00:00+03:00,,0.0,chunk_0064.json,POST /v1/generation/data/dpp-bulk,2026-05-31 21:45:52.478156+00:00,3217254,BALIKESİR BES,103060,2026-05-31T21:00:00+03:00,21:00
40W0000032172547,BALIKESİR BES,unknown,2026-05-31 22:00:00+03:00,,0.0,chunk_0064.json,POST /v1/generation/data/dpp-bulk,2026-05-31 21:45:52.478156+00:00,3217254,BALIKESİR BES,103060,2026-05-31T22:00:00+03:00,22:00
40W0000032172547,BALIKESİR BES,unknown,2026-05-31 23:00:00+03:00,,0.0,chunk_0064.json,POST /v1/generation/data/dpp-bulk,2026-05-31 21:45:52.478156+00:00,3217254,BALIKESİR BES,103060,2026-05-31T23:00:00+03:00,23:00
40W000003217251D,KARAMAN RES,unknown,2026-05-31 00:00:00+03:00,,3.08,chunk_0064.json,POST /v1/generation/data/dpp-bulk,2026-05-31 21:45:52.478156+00:00,3217251,KARAMAN RES,103261,2026-05-31T00:00:00+03:00,00:00
40W000003217251D,KARAMAN RES,unknown,2026-05-31 01:00:00+03:00,,4.31,chunk_0064.json,POST /v1/generation/data/dpp-bulk,2026-05-31 21:45:52.478156+00:00,3217251,KARAMAN RES,103261,2026-05-31T01:00:00+03:00,01:00
40W000003217251D,KARAMAN RES,unknown,2026-05-31 02:00:00+03:00,,6.05,chunk_0064.json,POST /v1/generation/data/dpp-bulk,2026-05-31 21:45:52.478156+00:00,3217251,KARAMAN RES,103261,2026-05-31T02:00:00+03:00,02:00
40W000003217251D,KARAMAN RES,unknown,2026-05-31 03:00:00+03:00,,7.52,chunk_0064.json,POST /v1/generation/data/dpp-bulk,2026-05-31 21:45:52.478156+00:00,3217251,KARAMAN RES,103261,2026-05-31T03:00:00+03:00,03:00
40W000003217251D,KARAMAN RES,unknown,2026-05-31 04:00:00+03:00,,8.01,chunk_0064.json,POST /v1/generation/data/dpp-bulk,2026-05-31 21:45:52.478156+00:00,3217251,KARAMAN RES,103261,2026-05-31T04:00:00+03:00,04:00
40W000003217251D,KARAMAN RES,unknown,2026-05-31 05:00:00+03:00,,7.96,chunk_0064.json,POST /v1/generation/data/dpp-bulk,2026-05-31 21:45:52.478156+00:00,3217251,KARAMAN RES,103261,2026-05-31T05:00:00+03:00,05:00
40W000003217251D,KARAMAN RES,unknown,2026-05-31 06:00:00+03:00,,7.95,chunk_0064.json,POST /v1/generation/data/dpp-bulk,2026-05-31 21:45:52.478156+00:00,3217251,KARAMAN RES,103261,2026-05-31T06:00:00+03:00,06:00
40W000003217251D,KARAMAN RES,unknown,2026-05-31 07:00:00+03:00,,7.65,chunk_0064.json,POST /v1/generation/data/dpp-bulk,2026-05-31 21:45:52.478156+00:00,3217251,KARAMAN RES,103261,2026-05-31T07:00:00+03:00,07:00
40W000003217251D,KARAMAN RES,unknown,2026-05-31 08:00:00+03:00,,6.78,chunk_0064.json,POST /v1/generation/data/dpp-bulk,2026-05-31 21:45:52.478156+00:00,3217251,KARAMAN RES,103261,2026-05-31T08:00:00+03:00,08:00
40W000003217251D,KARAMAN RES,unknown,2026-05-31 09:00:00+03:00,,5.25,chunk_0064.json,POST /v1/generation/data/dpp-bulk,2026-05-31 21:45:52.478156+00:00,3217251,KARAMAN RES,103261,2026-05-31T09:00:00+03:00,09:00
40W000003217251D,KARAMAN RES,unknown,2026-05-31 10:00:00+03:00,,3.33,chunk_0064.json,POST /v1/generation/data/dpp-bulk,2026-05-31 21:45:52.478156+00:00,3217251,KARAMAN RES,103261,2026-05-31T10:00:00+03:00,10:00
40W000003217251D,KARAMAN RES,unknown,2026-05-31 11:00:00+03:00,,1.88,chunk_0064.json,POST /v1/generation/data/dpp-bulk,2026-05-31 21:45:52.478156+00:00,3217251,KARAMAN RES,103261,2026-05-31T11:00:00+03:00,11:00
40W000003217251D,KARAMAN RES,unknown,2026-05-31 12:00:00+03:00,,1.31,chunk_0064.json,POST /v1/generation/data/dpp-bulk,2026-05-31 21:45:52.478156+00:00,3217251,KARAMAN RES,103261,2026-05-31T12:00:00+03:00,12:00
40W000003217251D,KARAMAN RES,unknown,2026-05-31 13:00:00+03:00,,1.28,chunk_0064.json,POST /v1/generation/data/dpp-bulk,2026-05-31 21:45:52.478156+00:00,3217251,KARAMAN RES,103261,2026-05-31T13:00:00+03:00,13:00
40W000003217251D,KARAMAN RES,unknown,2026-05-31 14:00:00+03:00,,1.89,chunk_0064.json,POST /v1/generation/data/dpp-bulk,2026-05-31 21:45:52.478156+00:00,3217251,KARAMAN RES,103261,2026-05-31T14:00:00+03:00,14:00
40W000003217251D,KARAMAN RES,unknown,2026-05-31 15:00:00+03:00,,3.02,chunk_0064.json,POST /v1/generation/data/dpp-bulk,2026-05-31 21:45:52.478156+00:00,3217251,KARAMAN RES,103261,2026-05-31T15:00:00+03:00,15:00
40W000003217251D,KARAMAN RES,unknown,2026-05-31 16:00:00+03:00,,4.25,chunk_0064.json,POST /v1/generation/data/dpp-bulk,2026-05-31 21:45:52.478156+00:00,3217251,KARAMAN RES,103261,2026-05-31T16:00:00+03:00,16:00
40W000003217251D,KARAMAN RES,unknown,2026-05-31 17:00:00+03:00,,6.16,chunk_0064.json,POST /v1/generation/data/dpp-bulk,2026-05-31 21:45:52.478156+00:00,3217251,KARAMAN RES,103261,2026-05-31T17:00:00+03:00,17:00
40W000003217251D,KARAMAN RES,unknown,2026-05-31 18:00:00+03:00,,7.83,chunk_0064.json,POST /v1/generation/data/dpp-bulk,2026-05-31 21:45:52.478156+00:00,3217251,KARAMAN RES,103261,2026-05-31T18:00:00+03:00,18:00
40W000003217251D,KARAMAN RES,unknown,2026-05-31 19:00:00+03:00,,7.28,chunk_0064.json,POST /v1/generation/data/dpp-bulk,2026-05-31 21:45:52.478156+00:00,3217251,KARAMAN RES,103261,2026-05-31T19:00:00+03:00,19:00
40W000003217251D,KARAMAN RES,unknown,2026-05-31 20:00:00+03:00,,5.58,chunk_0064.json,POST /v1/generation/data/dpp-bulk,2026-05-31 21:45:52.478156+00:00,3217251,KARAMAN RES,103261,2026-05-31T20:00:00+03:00,20:00
40W000003217251D,KARAMAN RES,unknown,2026-05-31 21:00:00+03:00,,4.65,chunk_0064.json,POST /v1/generation/data/dpp-bulk,2026-05-31 21:45:52.478156+00:00,3217251,KARAMAN RES,103261,2026-05-31T21:00:00+03:00,21:00
40W000003217251D,KARAMAN RES,unknown,2026-05-31 22:00:00+03:00,,5.0,chunk_0064.json,POST /v1/generation/data/dpp-bulk,2026-05-31 21:45:52.478156+00:00,3217251,KARAMAN RES,103261,2026-05-31T22:00:00+03:00,22:00
40W000003217251D,KARAMAN RES,unknown,2026-05-31 23:00:00+03:00,,5.41,chunk_0064.json,POST /v1/generation/data/dpp-bulk,2026-05-31 21:45:52.478156+00:00,3217251,KARAMAN RES,103261,2026-05-31T23:00:00+03:00,23:00
40W0000032173713,SOFULAR HES,unknown,2026-05-31 00:00:00+03:00,,1.55,chunk_0064.json,POST /v1/generation/data/dpp-bulk,2026-05-31 21:45:52.478156+00:00,3217371,SOFULAR HES,103261,2026-05-31T00:00:00+03:00,00:00
40W0000032173713,SOFULAR HES,unknown,2026-05-31 01:00:00+03:00,,1.55,chunk_0064.json,POST /v1/generation/data/dpp-bulk,2026-05-31 21:45:52.478156+00:00,3217371,SOFULAR HES,103261,2026-05-31T01:00:00+03:00,01:00
40W0000032173713,SOFULAR HES,unknown,2026-05-31 02:00:00+03:00,,1.55,chunk_0064.json,POST /v1/generation/data/dpp-bulk,2026-05-31 21:45:52.478156+00:00,3217371,SOFULAR HES,103261,2026-05-31T02:00:00+03:00,02:00
40W0000032173713,SOFULAR HES,unknown,2026-05-31 03:00:00+03:00,,1.55,chunk_0064.json,POST /v1/generation/data/dpp-bulk,2026-05-31 21:45:52.478156+00:00,3217371,SOFULAR HES,103261,2026-05-31T03:00:00+03:00,03:00
40W0000032173713,SOFULAR HES,unknown,2026-05-31 04:00:00+03:00,,1.55,chunk_0064.json,POST /v1/generation/data/dpp-bulk,2026-05-31 21:45:52.478156+00:00,3217371,SOFULAR HES,103261,2026-05-31T04:00:00+03:00,04:00
40W0000032173713,SOFULAR HES,unknown,2026-05-31 05:00:00+03:00,,1.55,chunk_0064.json,POST /v1/generation/data/dpp-bulk,2026-05-31 21:45:52.478156+00:00,3217371,SOFULAR HES,103261,2026-05-31T05:00:00+03:00,05:00
40W0000032173713,SOFULAR HES,unknown,2026-05-31 06:00:00+03:00,,1.55,chunk_0064.json,POST /v1/generation/data/dpp-bulk,2026-05-31 21:45:52.478156+00:00,3217371,SOFULAR HES,103261,2026-05-31T06:00:00+03:00,06:00
40W0000032173713,SOFULAR HES,unknown,2026-05-31 07:00:00+03:00,,1.55,chunk_0064.json,POST /v1/generation/data/dpp-bulk,2026-05-31 21:45:52.478156+00:00,3217371,SOFULAR HES,103261,2026-05-31T07:00:00+03:00,07:00
40W0000032173713,SOFULAR HES,unknown,2026-05-31 08:00:00+03:00,,1.55,chunk_0064.json,POST /v1/generation/data/dpp-bulk,2026-05-31 21:45:52.478156+00:00,3217371,SOFULAR HES,103261,2026-05-31T08:00:00+03:00,08:00
40W0000032173713,SOFULAR HES,unknown,2026-05-31 09:00:00+03:00,,1.55,chunk_0064.json,POST /v1/generation/data/dpp-bulk,2026-05-31 21:45:52.478156+00:00,3217371,SOFULAR HES,103261,2026-05-31T09:00:00+03:00,09:00
40W0000032173713,SOFULAR HES,unknown,2026-05-31 10:00:00+03:00,,1.55,chunk_0064.json,POST /v1/generation/data/dpp-bulk,2026-05-31 21:45:52.478156+00:00,3217371,SOFULAR HES,103261,2026-05-31T10:00:00+03:00,10:00
40W0000032173713,SOFULAR HES,unknown,2026-05-31 11:00:00+03:00,,1.55,chunk_0064.json,POST /v1/generation/data/dpp-bulk,2026-05-31 21:45:52.478156+00:00,3217371,SOFULAR HES,103261,2026-05-31T11:00:00+03:00,11:00
40W0000032173713,SOFULAR HES,unknown,2026-05-31 12:00:00+03:00,,1.55,chunk_0064.json,POST /v1/generation/data/dpp-bulk,2026-05-31 21:45:52.478156+00:00,3217371,SOFULAR HES,103261,2026-05-31T12:00:00+03:00,12:00
40W0000032173713,SOFULAR HES,unknown,2026-05-31 13:00:00+03:00,,1.55,chunk_0064.json,POST /v1/generation/data/dpp-bulk,2026-05-31 21:45:52.478156+00:00,3217371,SOFULAR HES,103261,2026-05-31T13:00:00+03:00,13:00
40W0000032173713,SOFULAR HES,unknown,2026-05-31 14:00:00+03:00,,1.55,chunk_0064.json,POST /v1/generation/data/dpp-bulk,2026-05-31 21:45:52.478156+00:00,3217371,SOFULAR HES,103261,2026-05-31T14:00:00+03:00,14:00
40W0000032173713,SOFULAR HES,unknown,2026-05-31 15:00:00+03:00,,1.55,chunk_0064.json,POST /v1/generation/data/dpp-bulk,2026-05-31 21:45:52.478156+00:00,3217371,SOFULAR HES,103261,2026-05-31T15:00:00+03:00,15:00
40W0000032173713,SOFULAR HES,unknown,2026-05-31 16:00:00+03:00,,1.55,chunk_0064.json,POST /v1/generation/data/dpp-bulk,2026-05-31 21:45:52.478156+00:00,3217371,SOFULAR HES,103261,2026-05-31T16:00:00+03:00,16:00
40W0000032173713,SOFULAR HES,unknown,2026-05-31 17:00:00+03:00,,1.55,chunk_0064.json,POST /v1/generation/data/dpp-bulk,2026-05-31 21:45:52.478156+00:00,3217371,SOFULAR HES,103261,2026-05-31T17:00:00+03:00,17:00
40W0000032173713,SOFULAR HES,unknown,2026-05-31 18:00:00+03:00,,1.55,chunk_0064.json,POST /v1/generation/data/dpp-bulk,2026-05-31 21:45:52.478156+00:00,3217371,SOFULAR HES,103261,2026-05-31T18:00:00+03:00,18:00
40W0000032173713,SOFULAR HES,unknown,2026-05-31 19:00:00+03:00,,1.55,chunk_0064.json,POST /v1/generation/data/dpp-bulk,2026-05-31 21:45:52.478156+00:00,3217371,SOFULAR HES,103261,2026-05-31T19:00:00+03:00,19:00
40W0000032173713,SOFULAR HES,unknown,2026-05-31 20:00:00+03:00,,1.55,chunk_0064.json,POST /v1/generation/data/dpp-bulk,2026-05-31 21:45:52.478156+00:00,3217371,SOFULAR HES,103261,2026-05-31T20:00:00+03:00,20:00
40W0000032173713,SOFULAR HES,unknown,2026-05-31 21:00:00+03:00,,1.55,chunk_0064.json,POST /v1/generation/data/dpp-bulk,2026-05-31 21:45:52.478156+00:00,3217371,SOFULAR HES,103261,2026-05-31T21:00:00+03:00,21:00
40W0000032173713,SOFULAR HES,unknown,2026-05-31 22:00:00+03:00,,1.55,chunk_0064.json,POST /v1/generation/data/dpp-bulk,2026-05-31 21:45:52.478156+00:00,3217371,SOFULAR HES,103261,2026-05-31T22:00:00+03:00,22:00
40W0000032173713,SOFULAR HES,unknown,2026-05-31 23:00:00+03:00,,1.55,chunk_0064.json,POST /v1/generation/data/dpp-bulk,2026-05-31 21:45:52.478156+00:00,3217371,SOFULAR HES,103261,2026-05-31T23:00:00+03:00,23:00
40W0000032173527,ERTAN RES,unknown,2026-05-31 00:00:00+03:00,,3.2,chunk_0064.json,POST /v1/generation/data/dpp-bulk,2026-05-31 21:45:52.478156+00:00,3217352,ERTAN RES,103340,2026-05-31T00:00:00+03:00,00:00
40W0000032173527,ERTAN RES,unknown,2026-05-31 01:00:00+03:00,,2.96,chunk_0064.json,POST /v1/generation/data/dpp-bulk,2026-05-31 21:45:52.478156+00:00,3217352,ERTAN RES,103340,2026-05-31T01:00:00+03:00,01:00
40W0000032173527,ERTAN RES,unknown,2026-05-31 02:00:00+03:00,,2.44,chunk_0064.json,POST /v1/generation/data/dpp-bulk,2026-05-31 21:45:52.478156+00:00,3217352,ERTAN RES,103340,2026-05-31T02:00:00+03:00,02:00
40W0000032173527,ERTAN RES,unknown,2026-05-31 03:00:00+03:00,,2.16,chunk_0064.json,POST /v1/generation/data/dpp-bulk,2026-05-31 21:45:52.478156+00:00,3217352,ERTAN RES,103340,2026-05-31T03:00:00+03:00,03:00
40W0000032173527,ERTAN RES,unknown,2026-05-31 04:00:00+03:00,,2.18,chunk_0064.json,POST /v1/generation/data/dpp-bulk,2026-05-31 21:45:52.478156+00:00,3217352,ERTAN RES,103340,2026-05-31T04:00:00+03:00,04:00
40W0000032173527,ERTAN RES,unknown,2026-05-31 05:00:00+03:00,,2.35,chunk_0064.json,POST /v1/generation/data/dpp-bulk,2026-05-31 21:45:52.478156+00:00,3217352,ERTAN RES,103340,2026-05-31T05:00:00+03:00,05:00
40W0000032173527,ERTAN RES,unknown,2026-05-31 06:00:00+03:00,,2.51,chunk_0064.json,POST /v1/generation/data/dpp-bulk,2026-05-31 21:45:52.478156+00:00,3217352,ERTAN RES,103340,2026-05-31T06:00:00+03:00,06:00
40W0000032173527,ERTAN RES,unknown,2026-05-31 07:00:00+03:00,,2.47,chunk_0064.json,POST /v1/generation/data/dpp-bulk,2026-05-31 21:45:52.478156+00:00,3217352,ERTAN RES,103340,2026-05-31T07:00:00+03:00,07:00
40W0000032173527,ERTAN RES,unknown,2026-05-31 08:00:00+03:00,,2.16,chunk_0064.json,POST /v1/generation/data/dpp-bulk,2026-05-31 21:45:52.478156+00:00,3217352,ERTAN RES,103340,2026-05-31T08:00:00+03:00,08:00
40W0000032173527,ERTAN RES,unknown,2026-05-31 09:00:00+03:00,,1.9,chunk_0064.json,POST /v1/generation/data/dpp-bulk,2026-05-31 21:45:52.478156+00:00,3217352,ERTAN RES,103340,2026-05-31T09:00:00+03:00,09:00
40W0000032173527,ERTAN RES,unknown,2026-05-31 10:00:00+03:00,,2.07,chunk_0064.json,POST /v1/generation/data/dpp-bulk,2026-05-31 21:45:52.478156+00:00,3217352,ERTAN RES,103340,2026-05-31T10:00:00+03:00,10:00
40W0000032173527,ERTAN RES,unknown,2026-05-31 11:00:00+03:00,,2.61,chunk_0064.json,POST /v1/generation/data/dpp-bulk,2026-05-31 21:45:52.478156+00:00,3217352,ERTAN RES,103340,2026-05-31T11:00:00+03:00,11:00
40W0000032173527,ERTAN RES,unknown,2026-05-31 12:00:00+03:00,,3.29,chunk_0064.json,POST /v1/generation/data/dpp-bulk,2026-05-31 21:45:52.478156+00:00,3217352,ERTAN RES,103340,2026-05-31T12:00:00+03:00,12:00
40W0000032173527,ERTAN RES,unknown,2026-05-31 13:00:00+03:00,,3.73,chunk_0064.json,POST /v1/generation/data/dpp-bulk,2026-05-31 21:45:52.478156+00:00,3217352,ERTAN RES,103340,2026-05-31T13:00:00+03:00,13:00
40W0000032173527,ERTAN RES,unknown,2026-05-31 14:00:00+03:00,,3.86,chunk_0064.json,POST /v1/generation/data/dpp-bulk,2026-05-31 21:45:52.478156+00:00,3217352,ERTAN RES,103340,2026-05-31T14:00:00+03:00,14:00
40W0000032173527,ERTAN RES,unknown,2026-05-31 15:00:00+03:00,,3.86,chunk_0064.json,POST /v1/generation/data/dpp-bulk,2026-05-31 21:45:52.478156+00:00,3217352,ERTAN RES,103340,2026-05-31T15:00:00+03:00,15:00
40W0000032173527,ERTAN RES,unknown,2026-05-31 16:00:00+03:00,,3.59,chunk_0064.json,POST /v1/generation/data/dpp-bulk,2026-05-31 21:45:52.478156+00:00,3217352,ERTAN RES,103340,2026-05-31T16:00:00+03:00,16:00
40W0000032173527,ERTAN RES,unknown,2026-05-31 17:00:00+03:00,,3.15,chunk_0064.json,POST /v1/generation/data/dpp-bulk,2026-05-31 21:45:52.478156+00:00,3217352,ERTAN RES,103340,2026-05-31T17:00:00+03:00,17:00
40W0000032173527,ERTAN RES,unknown,2026-05-31 18:00:00+03:00,,3.0,chunk_0064.json,POST /v1/generation/data/dpp-bulk,2026-05-31 21:45:52.478156+00:00,3217352,ERTAN RES,103340,2026-05-31T18:00:00+03:00,18:00
40W0000032173527,ERTAN RES,unknown,2026-05-31 19:00:00+03:00,,3.02,chunk_0064.json,POST /v1/generation/data/dpp-bulk,2026-05-31 21:45:52.478156+00:00,3217352,ERTAN RES,103340,2026-05-31T19:00:00+03:00,19:00
40W0000032173527,ERTAN RES,unknown,2026-05-31 20:00:00+03:00,,2.99,chunk_0064.json,POST /v1/generation/data/dpp-bulk,2026-05-31 21:45:52.478156+00:00,3217352,ERTAN RES,103340,2026-05-31T20:00:00+03:00,20:00
40W0000032173527,ERTAN RES,unknown,2026-05-31 21:00:00+03:00,,2.96,chunk_0064.json,POST /v1/generation/data/dpp-bulk,2026-05-31 21:45:52.478156+00:00,3217352,ERTAN RES,103340,2026-05-31T21:00:00+03:00,21:00
40W0000032173527,ERTAN RES,unknown,2026-05-31 22:00:00+03:00,,3.13,chunk_0064.json,POST /v1/generation/data/dpp-bulk,2026-05-31 21:45:52.478156+00:00,3217352,ERTAN RES,103340,2026-05-31T22:00:00+03:00,22:00
40W0000032173527,ERTAN RES,unknown,2026-05-31 23:00:00+03:00,,3.5,chunk_0064.json,POST /v1/generation/data/dpp-bulk,2026-05-31 21:45:52.478156+00:00,3217352,ERTAN RES,103340,2026-05-31T23:00:00+03:00,23:00
40W0000032173535,EKOMAS KIRKLARELİ BİYOKÜTLE,unknown,2026-05-31 00:00:00+03:00,,8.0,chunk_0064.json,POST /v1/generation/data/dpp-bulk,2026-05-31 21:45:52.478156+00:00,3217353,EKOMAS KIRKLARELİ BİYOKÜTLE,103340,2026-05-31T00:00:00+03:00,00:00
40W0000032173535,EKOMAS KIRKLARELİ BİYOKÜTLE,unknown,2026-05-31 01:00:00+03:00,,8.0,chunk_0064.json,POST /v1/generation/data/dpp-bulk,2026-05-31 21:45:52.478156+00:00,3217353,EKOMAS KIRKLARELİ BİYOKÜTLE,103340,2026-05-31T01:00:00+03:00,01:00
40W0000032173535,EKOMAS KIRKLARELİ BİYOKÜTLE,unknown,2026-05-31 02:00:00+03:00,,8.0,chunk_0064.json,POST /v1/generation/data/dpp-bulk,2026-05-31 21:45:52.478156+00:00,3217353,EKOMAS KIRKLARELİ BİYOKÜTLE,103340,2026-05-31T02:00:00+03:00,02:00
40W0000032173535,EKOMAS KIRKLARELİ BİYOKÜTLE,unknown,2026-05-31 03:00:00+03:00,,8.0,chunk_0064.json,POST /v1/generation/data/dpp-bulk,2026-05-31 21:45:52.478156+00:00,3217353,EKOMAS KIRKLARELİ BİYOKÜTLE,103340,2026-05-31T03:00:00+03:00,03:00
40W0000032173535,EKOMAS KIRKLARELİ BİYOKÜTLE,unknown,2026-05-31 04:00:00+03:00,,8.0,chunk_0064.json,POST /v1/generation/data/dpp-bulk,2026-05-31 21:45:52.478156+00:00,3217353,EKOMAS KIRKLARELİ BİYOKÜTLE,103340,2026-05-31T04:00:00+03:00,04:00
40W0000032173535,EKOMAS KIRKLARELİ BİYOKÜTLE,unknown,2026-05-31 05:00:00+03:00,,8.0,chunk_0064.json,POST /v1/generation/data/dpp-bulk,2026-05-31 21:45:52.478156+00:00,3217353,EKOMAS KIRKLARELİ BİYOKÜTLE,103340,2026-05-31T05:00:00+03:00,05:00
40W0000032173535,EKOMAS KIRKLARELİ BİYOKÜTLE,unknown,2026-05-31 06:00:00+03:00,,8.0,chunk_0064.json,POST /v1/generation/data/dpp-bulk,2026-05-31 21:45:52.478156+00:00,3217353,EKOMAS KIRKLARELİ BİYOKÜTLE,103340,2026-05-31T06:00:00+03:00,06:00
40W0000032173535,EKOMAS KIRKLARELİ BİYOKÜTLE,unknown,2026-05-31 07:00:00+03:00,,8.0,chunk_0064.json,POST /v1/generation/data/dpp-bulk,2026-05-31 21:45:52.478156+00:00,3217353,EKOMAS KIRKLARELİ BİYOKÜTLE,103340,2026-05-31T07:00:00+03:00,07:00
40W0000032173535,EKOMAS KIRKLARELİ BİYOKÜTLE,unknown,2026-05-31 08:00:00+03:00,,8.0,chunk_0064.json,POST /v1/generation/data/dpp-bulk,2026-05-31 21:45:52.478156+00:00,3217353,EKOMAS KIRKLARELİ BİYOKÜTLE,103340,2026-05-31T08:00:00+03:00,08:00
40W0000032173535,EKOMAS KIRKLARELİ BİYOKÜTLE,unknown,2026-05-31 09:00:00+03:00,,8.0,chunk_0064.json,POST /v1/generation/data/dpp-bulk,2026-05-31 21:45:52.478156+00:00,3217353,EKOMAS KIRKLARELİ BİYOKÜTLE,103340,2026-05-31T09:00:00+03:00,09:00
40W0000032173535,EKOMAS KIRKLARELİ BİYOKÜTLE,unknown,2026-05-31 10:00:00+03:00,,8.0,chunk_0064.json,POST /v1/generation/data/dpp-bulk,2026-05-31 21:45:52.478156+00:00,3217353,EKOMAS KIRKLARELİ BİYOKÜTLE,103340,2026-05-31T10:00:00+03:00,10:00
40W0000032173535,EKOMAS KIRKLARELİ BİYOKÜTLE,unknown,2026-05-31 11:00:00+03:00,,8.0,chunk_0064.json,POST /v1/generation/data/dpp-bulk,2026-05-31 21:45:52.478156+00:00,3217353,EKOMAS KIRKLARELİ BİYOKÜTLE,103340,2026-05-31T11:00:00+03:00,11:00
40W0000032173535,EKOMAS KIRKLARELİ BİYOKÜTLE,unknown,2026-05-31 12:00:00+03:00,,8.0,chunk_0064.json,POST /v1/generation/data/dpp-bulk,2026-05-31 21:45:52.478156+00:00,3217353,EKOMAS KIRKLARELİ BİYOKÜTLE,103340,2026-05-31T12:00:00+03:00,12:00
40W0000032173535,EKOMAS KIRKLARELİ BİYOKÜTLE,unknown,2026-05-31 13:00:00+03:00,,8.0,chunk_0064.json,POST /v1/generation/data/dpp-bulk,2026-05-31 21:45:52.478156+00:00,3217353,EKOMAS KIRKLARELİ BİYOKÜTLE,103340,2026-05-31T13:00:00+03:00,13:00
40W0000032173535,EKOMAS KIRKLARELİ BİYOKÜTLE,unknown,2026-05-31 14:00:00+03:00,,8.0,chunk_0064.json,POST /v1/generation/data/dpp-bulk,2026-05-31 21:45:52.478156+00:00,3217353,EKOMAS KIRKLARELİ BİYOKÜTLE,103340,2026-05-31T14:00:00+03:00,14:00
40W0000032173535,EKOMAS KIRKLARELİ BİYOKÜTLE,unknown,2026-05-31 15:00:00+03:00,,8.0,chunk_0064.json,POST /v1/generation/data/dpp-bulk,2026-05-31 21:45:52.478156+00:00,3217353,EKOMAS KIRKLARELİ BİYOKÜTLE,103340,2026-05-31T15:00:00+03:00,15:00
40W0000032173535,EKOMAS KIRKLARELİ BİYOKÜTLE,unknown,2026-05-31 16:00:00+03:00,,8.0,chunk_0064.json,POST /v1/generation/data/dpp-bulk,2026-05-31 21:45:52.478156+00:00,3217353,EKOMAS KIRKLARELİ BİYOKÜTLE,103340,2026-05-31T16:00:00+03:00,16:00
40W0000032173535,EKOMAS KIRKLARELİ BİYOKÜTLE,unknown,2026-05-31 17:00:00+03:00,,8.0,chunk_0064.json,POST /v1/generation/data/dpp-bulk,2026-05-31 21:45:52.478156+00:00,3217353,EKOMAS KIRKLARELİ BİYOKÜTLE,103340,2026-05-31T17:00:00+03:00,17:00
40W0000032173535,EKOMAS KIRKLARELİ BİYOKÜTLE,unknown,2026-05-31 18:00:00+03:00,,8.0,chunk_0064.json,POST /v1/generation/data/dpp-bulk,2026-05-31 21:45:52.478156+00:00,3217353,EKOMAS KIRKLARELİ BİYOKÜTLE,103340,2026-05-31T18:00:00+03:00,18:00
40W0000032173535,EKOMAS KIRKLARELİ BİYOKÜTLE,unknown,2026-05-31 19:00:00+03:00,,8.0,chunk_0064.json,POST /v1/generation/data/dpp-bulk,2026-05-31 21:45:52.478156+00:00,3217353,EKOMAS KIRKLARELİ BİYOKÜTLE,103340,2026-05-31T19:00:00+03:00,19:00
40W0000032173535,EKOMAS KIRKLARELİ BİYOKÜTLE,unknown,2026-05-31 20:00:00+03:00,,8.0,chunk_0064.json,POST /v1/generation/data/dpp-bulk,2026-05-31 21:45:52.478156+00:00,3217353,EKOMAS KIRKLARELİ BİYOKÜTLE,103340,2026-05-31T20:00:00+03:00,20:00
40W0000032173535,EKOMAS KIRKLARELİ BİYOKÜTLE,unknown,2026-05-31 21:00:00+03:00,,8.0,chunk_0064.json,POST /v1/generation/data/dpp-bulk,2026-05-31 21:45:52.478156+00:00,3217353,EKOMAS KIRKLARELİ BİYOKÜTLE,103340,2026-05-31T21:00:00+03:00,21:00
40W0000032173535,EKOMAS KIRKLARELİ BİYOKÜTLE,unknown,2026-05-31 22:00:00+03:00,,8.0,chunk_0064.json,POST /v1/generation/data/dpp-bulk,2026-05-31 21:45:52.478156+00:00,3217353,EKOMAS KIRKLARELİ BİYOKÜTLE,103340,2026-05-31T22:00:00+03:00,22:00
40W0000032173535,EKOMAS KIRKLARELİ BİYOKÜTLE,unknown,2026-05-31 23:00:00+03:00,,8.0,chunk_0064.json,POST /v1/generation/data/dpp-bulk,2026-05-31 21:45:52.478156+00:00,3217353,EKOMAS KIRKLARELİ BİYOKÜTLE,103340,2026-05-31T23:00:00+03:00,23:00
40W0000032171931,ILGARDERE RES,unknown,2026-05-31 00:00:00+03:00,,0.04,chunk_0064.json,POST /v1/generation/data/dpp-bulk,2026-05-31 21:45:52.478156+00:00,3217193,ILGARDERE RES,103402,2026-05-31T00:00:00+03:00,00:00
40W0000032171931,ILGARDERE RES,unknown,2026-05-31 01:00:00+03:00,,0.03,chunk_0064.json,POST /v1/generation/data/dpp-bulk,2026-05-31 21:45:52.478156+00:00,3217193,ILGARDERE RES,103402,2026-05-31T01:00:00+03:00,01:00
40W0000032171931,ILGARDERE RES,unknown,2026-05-31 02:00:00+03:00,,0.03,chunk_0064.json,POST /v1/generation/data/dpp-bulk,2026-05-31 21:45:52.478156+00:00,3217193,ILGARDERE RES,103402,2026-05-31T02:00:00+03:00,02:00
40W0000032171931,ILGARDERE RES,unknown,2026-05-31 03:00:00+03:00,,0.03,chunk_0064.json,POST /v1/generation/data/dpp-bulk,2026-05-31 21:45:52.478156+00:00,3217193,ILGARDERE RES,103402,2026-05-31T03:00:00+03:00,03:00
40W0000032171931,ILGARDERE RES,unknown,2026-05-31 04:00:00+03:00,,0.03,chunk_0064.json,POST /v1/generation/data/dpp-bulk,2026-05-31 21:45:52.478156+00:00,3217193,ILGARDERE RES,103402,2026-05-31T04:00:00+03:00,04:00
40W0000032171931,ILGARDERE RES,unknown,2026-05-31 05:00:00+03:00,,0.02,chunk_0064.json,POST /v1/generation/data/dpp-bulk,2026-05-31 21:45:52.478156+00:00,3217193,ILGARDERE RES,103402,2026-05-31T05:00:00+03:00,05:00
40W0000032171931,ILGARDERE RES,unknown,2026-05-31 06:00:00+03:00,,0.02,chunk_0064.json,POST /v1/generation/data/dpp-bulk,2026-05-31 21:45:52.478156+00:00,3217193,ILGARDERE RES,103402,2026-05-31T06:00:00+03:00,06:00
40W0000032171931,ILGARDERE RES,unknown,2026-05-31 07:00:00+03:00,,0.03,chunk_0064.json,POST /v1/generation/data/dpp-bulk,2026-05-31 21:45:52.478156+00:00,3217193,ILGARDERE RES,103402,2026-05-31T07:00:00+03:00,07:00
40W0000032171931,ILGARDERE RES,unknown,2026-05-31 08:00:00+03:00,,0.04,chunk_0064.json,POST /v1/generation/data/dpp-bulk,2026-05-31 21:45:52.478156+00:00,3217193,ILGARDERE RES,103402,2026-05-31T08:00:00+03:00,08:00
40W0000032171931,ILGARDERE RES,unknown,2026-05-31 09:00:00+03:00,,0.1,chunk_0064.json,POST /v1/generation/data/dpp-bulk,2026-05-31 21:45:52.478156+00:00,3217193,ILGARDERE RES,103402,2026-05-31T09:00:00+03:00,09:00
40W0000032171931,ILGARDERE RES,unknown,2026-05-31 10:00:00+03:00,,0.2,chunk_0064.json,POST /v1/generation/data/dpp-bulk,2026-05-31 21:45:52.478156+00:00,3217193,ILGARDERE RES,103402,2026-05-31T10:00:00+03:00,10:00
40W0000032171931,ILGARDERE RES,unknown,2026-05-31 11:00:00+03:00,,0.34,chunk_0064.json,POST /v1/generation/data/dpp-bulk,2026-05-31 21:45:52.478156+00:00,3217193,ILGARDERE RES,103402,2026-05-31T11:00:00+03:00,11:00
40W0000032171931,ILGARDERE RES,unknown,2026-05-31 12:00:00+03:00,,0.55,chunk_0064.json,POST /v1/generation/data/dpp-bulk,2026-05-31 21:45:52.478156+00:00,3217193,ILGARDERE RES,103402,2026-05-31T12:00:00+03:00,12:00
40W0000032171931,ILGARDERE RES,unknown,2026-05-31 13:00:00+03:00,,0.9,chunk_0064.json,POST /v1/generation/data/dpp-bulk,2026-05-31 21:45:52.478156+00:00,3217193,ILGARDERE RES,103402,2026-05-31T13:00:00+03:00,13:00
40W0000032171931,ILGARDERE RES,unknown,2026-05-31 14:00:00+03:00,,1.24,chunk_0064.json,POST /v1/generation/data/dpp-bulk,2026-05-31 21:45:52.478156+00:00,3217193,ILGARDERE RES,103402,2026-05-31T14:00:00+03:00,14:00
40W0000032171931,ILGARDERE RES,unknown,2026-05-31 15:00:00+03:00,,1.32,chunk_0064.json,POST /v1/generation/data/dpp-bulk,2026-05-31 21:45:52.478156+00:00,3217193,ILGARDERE RES,103402,2026-05-31T15:00:00+03:00,15:00
40W0000032171931,ILGARDERE RES,unknown,2026-05-31 16:00:00+03:00,,1.87,chunk_0064.json,POST /v1/generation/data/dpp-bulk,2026-05-31 21:45:52.478156+00:00,3217193,ILGARDERE RES,103402,2026-05-31T16:00:00+03:00,16:00
40W0000032171931,ILGARDERE RES,unknown,2026-05-31 17:00:00+03:00,,0.9,chunk_0064.json,POST /v1/generation/data/dpp-bulk,2026-05-31 21:45:52.478156+00:00,3217193,ILGARDERE RES,103402,2026-05-31T17:00:00+03:00,17:00
40W0000032171931,ILGARDERE RES,unknown,2026-05-31 18:00:00+03:00,,0.62,chunk_0064.json,POST /v1/generation/data/dpp-bulk,2026-05-31 21:45:52.478156+00:00,3217193,ILGARDERE RES,103402,2026-05-31T18:00:00+03:00,18:00
40W0000032171931,ILGARDERE RES,unknown,2026-05-31 19:00:00+03:00,,0.47,chunk_0064.json,POST /v1/generation/data/dpp-bulk,2026-05-31 21:45:52.478156+00:00,3217193,ILGARDERE RES,103402,2026-05-31T19:00:00+03:00,19:00
40W0000032171931,ILGARDERE RES,unknown,2026-05-31 20:00:00+03:00,,0.42,chunk_0064.json,POST /v1/generation/data/dpp-bulk,2026-05-31 21:45:52.478156+00:00,3217193,ILGARDERE RES,103402,2026-05-31T20:00:00+03:00,20:00
40W0000032171931,ILGARDERE RES,unknown,2026-05-31 21:00:00+03:00,,0.38,chunk_0064.json,POST /v1/generation/data/dpp-bulk,2026-05-31 21:45:52.478156+00:00,3217193,ILGARDERE RES,103402,2026-05-31T21:00:00+03:00,21:00
40W0000032171931,ILGARDERE RES,unknown,2026-05-31 22:00:00+03:00,,0.44,chunk_0064.json,POST /v1/generation/data/dpp-bulk,2026-05-31 21:45:52.478156+00:00,3217193,ILGARDERE RES,103402,2026-05-31T22:00:00+03:00,22:00
40W0000032171931,ILGARDERE RES,unknown,2026-05-31 23:00:00+03:00,,0.66,chunk_0064.json,POST /v1/generation/data/dpp-bulk,2026-05-31 21:45:52.478156+00:00,3217193,ILGARDERE RES,103402,2026-05-31T23:00:00+03:00,23:00
40W000003217197U,EBER RES,unknown,2026-05-31 00:00:00+03:00,,8.6,chunk_0064.json,POST /v1/generation/data/dpp-bulk,2026-05-31 21:45:52.478156+00:00,3217197,EBER RES,103402,2026-05-31T00:00:00+03:00,00:00
40W000003217197U,EBER RES,unknown,2026-05-31 01:00:00+03:00,,6.15,chunk_0064.json,POST /v1/generation/data/dpp-bulk,2026-05-31 21:45:52.478156+00:00,3217197,EBER RES,103402,2026-05-31T01:00:00+03:00,01:00
40W000003217197U,EBER RES,unknown,2026-05-31 02:00:00+03:00,,2.22,chunk_0064.json,POST /v1/generation/data/dpp-bulk,2026-05-31 21:45:52.478156+00:00,3217197,EBER RES,103402,2026-05-31T02:00:00+03:00,02:00
40W000003217197U,EBER RES,unknown,2026-05-31 03:00:00+03:00,,4.36,chunk_0064.json,POST /v1/generation/data/dpp-bulk,2026-05-31 21:45:52.478156+00:00,3217197,EBER RES,103402,2026-05-31T03:00:00+03:00,03:00
40W000003217197U,EBER RES,unknown,2026-05-31 04:00:00+03:00,,4.25,chunk_0064.json,POST /v1/generation/data/dpp-bulk,2026-05-31 21:45:52.478156+00:00,3217197,EBER RES,103402,2026-05-31T04:00:00+03:00,04:00
40W000003217197U,EBER RES,unknown,2026-05-31 05:00:00+03:00,,3.82,chunk_0064.json,POST /v1/generation/data/dpp-bulk,2026-05-31 21:45:52.478156+00:00,3217197,EBER RES,103402,2026-05-31T05:00:00+03:00,05:00
40W000003217197U,EBER RES,unknown,2026-05-31 06:00:00+03:00,,3.41,chunk_0064.json,POST /v1/generation/data/dpp-bulk,2026-05-31 21:45:52.478156+00:00,3217197,EBER RES,103402,2026-05-31T06:00:00+03:00,06:00
40W000003217197U,EBER RES,unknown,2026-05-31 07:00:00+03:00,,2.98,chunk_0064.json,POST /v1/generation/data/dpp-bulk,2026-05-31 21:45:52.478156+00:00,3217197,EBER RES,103402,2026-05-31T07:00:00+03:00,07:00
40W000003217197U,EBER RES,unknown,2026-05-31 08:00:00+03:00,,3.48,chunk_0064.json,POST /v1/generation/data/dpp-bulk,2026-05-31 21:45:52.478156+00:00,3217197,EBER RES,103402,2026-05-31T08:00:00+03:00,08:00
40W000003217197U,EBER RES,unknown,2026-05-31 09:00:00+03:00,,4.31,chunk_0064.json,POST /v1/generation/data/dpp-bulk,2026-05-31 21:45:52.478156+00:00,3217197,EBER RES,103402,2026-05-31T09:00:00+03:00,09:00
40W000003217197U,EBER RES,unknown,2026-05-31 10:00:00+03:00,,5.23,chunk_0064.json,POST /v1/generation/data/dpp-bulk,2026-05-31 21:45:52.478156+00:00,3217197,EBER RES,103402,2026-05-31T10:00:00+03:00,10:00
40W000003217197U,EBER RES,unknown,2026-05-31 11:00:00+03:00,,5.77,chunk_0064.json,POST /v1/generation/data/dpp-bulk,2026-05-31 21:45:52.478156+00:00,3217197,EBER RES,103402,2026-05-31T11:00:00+03:00,11:00
40W000003217197U,EBER RES,unknown,2026-05-31 12:00:00+03:00,,7.36,chunk_0064.json,POST /v1/generation/data/dpp-bulk,2026-05-31 21:45:52.478156+00:00,3217197,EBER RES,103402,2026-05-31T12:00:00+03:00,12:00
40W000003217197U,EBER RES,unknown,2026-05-31 13:00:00+03:00,,9.62,chunk_0064.json,POST /v1/generation/data/dpp-bulk,2026-05-31 21:45:52.478156+00:00,3217197,EBER RES,103402,2026-05-31T13:00:00+03:00,13:00
40W000003217197U,EBER RES,unknown,2026-05-31 14:00:00+03:00,,10.55,chunk_0064.json,POST /v1/generation/data/dpp-bulk,2026-05-31 21:45:52.478156+00:00,3217197,EBER RES,103402,2026-05-31T14:00:00+03:00,14:00
40W000003217197U,EBER RES,unknown,2026-05-31 15:00:00+03:00,,10.79,chunk_0064.json,POST /v1/generation/data/dpp-bulk,2026-05-31 21:45:52.478156+00:00,3217197,EBER RES,103402,2026-05-31T15:00:00+03:00,15:00
40W000003217197U,EBER RES,unknown,2026-05-31 16:00:00+03:00,,17.33,chunk_0064.json,POST /v1/generation/data/dpp-bulk,2026-05-31 21:45:52.478156+00:00,3217197,EBER RES,103402,2026-05-31T16:00:00+03:00,16:00
40W000003217197U,EBER RES,unknown,2026-05-31 17:00:00+03:00,,19.44,chunk_0064.json,POST /v1/generation/data/dpp-bulk,2026-05-31 21:45:52.478156+00:00,3217197,EBER RES,103402,2026-05-31T17:00:00+03:00,17:00
40W000003217197U,EBER RES,unknown,2026-05-31 18:00:00+03:00,,18.48,chunk_0064.json,POST /v1/generation/data/dpp-bulk,2026-05-31 21:45:52.478156+00:00,3217197,EBER RES,103402,2026-05-31T18:00:00+03:00,18:00
40W000003217197U,EBER RES,unknown,2026-05-31 19:00:00+03:00,,22.08,chunk_0064.json,POST /v1/generation/data/dpp-bulk,2026-05-31 21:45:52.478156+00:00,3217197,EBER RES,103402,2026-05-31T19:00:00+03:00,19:00
40W000003217197U,EBER RES,unknown,2026-05-31 20:00:00+03:00,,14.87,chunk_0064.json,POST /v1/generation/data/dpp-bulk,2026-05-31 21:45:52.478156+00:00,3217197,EBER RES,103402,2026-05-31T20:00:00+03:00,20:00
40W000003217197U,EBER RES,unknown,2026-05-31 21:00:00+03:00,,21.23,chunk_0064.json,POST /v1/generation/data/dpp-bulk,2026-05-31 21:45:52.478156+00:00,3217197,EBER RES,103402,2026-05-31T21:00:00+03:00,21:00
40W000003217197U,EBER RES,unknown,2026-05-31 22:00:00+03:00,,17.08,chunk_0064.json,POST /v1/generation/data/dpp-bulk,2026-05-31 21:45:52.478156+00:00,3217197,EBER RES,103402,2026-05-31T22:00:00+03:00,22:00
40W000003217197U,EBER RES,unknown,2026-05-31 23:00:00+03:00,,10.28,chunk_0064.json,POST /v1/generation/data/dpp-bulk,2026-05-31 21:45:52.478156+00:00,3217197,EBER RES,103402,2026-05-31T23:00:00+03:00,23:00
40W000003217232H,ERİMEZ RES,unknown,2026-05-31 00:00:00+03:00,,9.8,chunk_0064.json,POST /v1/generation/data/dpp-bulk,2026-05-31 21:45:52.478156+00:00,3217232,ERİMEZ RES,103402,2026-05-31T00:00:00+03:00,00:00
40W000003217232H,ERİMEZ RES,unknown,2026-05-31 01:00:00+03:00,,12.1,chunk_0064.json,POST /v1/generation/data/dpp-bulk,2026-05-31 21:45:52.478156+00:00,3217232,ERİMEZ RES,103402,2026-05-31T01:00:00+03:00,01:00
40W000003217232H,ERİMEZ RES,unknown,2026-05-31 02:00:00+03:00,,12.12,chunk_0064.json,POST /v1/generation/data/dpp-bulk,2026-05-31 21:45:52.478156+00:00,3217232,ERİMEZ RES,103402,2026-05-31T02:00:00+03:00,02:00
40W000003217232H,ERİMEZ RES,unknown,2026-05-31 03:00:00+03:00,,19.83,chunk_0064.json,POST /v1/generation/data/dpp-bulk,2026-05-31 21:45:52.478156+00:00,3217232,ERİMEZ RES,103402,2026-05-31T03:00:00+03:00,03:00
40W000003217232H,ERİMEZ RES,unknown,2026-05-31 04:00:00+03:00,,16.56,chunk_0064.json,POST /v1/generation/data/dpp-bulk,2026-05-31 21:45:52.478156+00:00,3217232,ERİMEZ RES,103402,2026-05-31T04:00:00+03:00,04:00
40W000003217232H,ERİMEZ RES,unknown,2026-05-31 05:00:00+03:00,,11.87,chunk_0064.json,POST /v1/generation/data/dpp-bulk,2026-05-31 21:45:52.478156+00:00,3217232,ERİMEZ RES,103402,2026-05-31T05:00:00+03:00,05:00
40W000003217232H,ERİMEZ RES,unknown,2026-05-31 06:00:00+03:00,,10.82,chunk_0064.json,POST /v1/generation/data/dpp-bulk,2026-05-31 21:45:52.478156+00:00,3217232,ERİMEZ RES,103402,2026-05-31T06:00:00+03:00,06:00
40W000003217232H,ERİMEZ RES,unknown,2026-05-31 07:00:00+03:00,,12.03,chunk_0064.json,POST /v1/generation/data/dpp-bulk,2026-05-31 21:45:52.478156+00:00,3217232,ERİMEZ RES,103402,2026-05-31T07:00:00+03:00,07:00
40W000003217232H,ERİMEZ RES,unknown,2026-05-31 08:00:00+03:00,,10.1,chunk_0064.json,POST /v1/generation/data/dpp-bulk,2026-05-31 21:45:52.478156+00:00,3217232,ERİMEZ RES,103402,2026-05-31T08:00:00+03:00,08:00
40W000003217232H,ERİMEZ RES,unknown,2026-05-31 09:00:00+03:00,,9.96,chunk_0064.json,POST /v1/generation/data/dpp-bulk,2026-05-31 21:45:52.478156+00:00,3217232,ERİMEZ RES,103402,2026-05-31T09:00:00+03:00,09:00
40W000003217232H,ERİMEZ RES,unknown,2026-05-31 10:00:00+03:00,,8.33,chunk_0064.json,POST /v1/generation/data/dpp-bulk,2026-05-31 21:45:52.478156+00:00,3217232,ERİMEZ RES,103402,2026-05-31T10:00:00+03:00,10:00
40W000003217232H,ERİMEZ RES,unknown,2026-05-31 11:00:00+03:00,,7.98,chunk_0064.json,POST /v1/generation/data/dpp-bulk,2026-05-31 21:45:52.478156+00:00,3217232,ERİMEZ RES,103402,2026-05-31T11:00:00+03:00,11:00
40W000003217232H,ERİMEZ RES,unknown,2026-05-31 12:00:00+03:00,,8.01,chunk_0064.json,POST /v1/generation/data/dpp-bulk,2026-05-31 21:45:52.478156+00:00,3217232,ERİMEZ RES,103402,2026-05-31T12:00:00+03:00,12:00
40W000003217232H,ERİMEZ RES,unknown,2026-05-31 13:00:00+03:00,,6.93,chunk_0064.json,POST /v1/generation/data/dpp-bulk,2026-05-31 21:45:52.478156+00:00,3217232,ERİMEZ RES,103402,2026-05-31T13:00:00+03:00,13:00
40W000003217232H,ERİMEZ RES,unknown,2026-05-31 14:00:00+03:00,,4.44,chunk_0064.json,POST /v1/generation/data/dpp-bulk,2026-05-31 21:45:52.478156+00:00,3217232,ERİMEZ RES,103402,2026-05-31T14:00:00+03:00,14:00
40W000003217232H,ERİMEZ RES,unknown,2026-05-31 15:00:00+03:00,,2.76,chunk_0064.json,POST /v1/generation/data/dpp-bulk,2026-05-31 21:45:52.478156+00:00,3217232,ERİMEZ RES,103402,2026-05-31T15:00:00+03:00,15:00
40W000003217232H,ERİMEZ RES,unknown,2026-05-31 16:00:00+03:00,,3.03,chunk_0064.json,POST /v1/generation/data/dpp-bulk,2026-05-31 21:45:52.478156+00:00,3217232,ERİMEZ RES,103402,2026-05-31T16:00:00+03:00,16:00
40W000003217232H,ERİMEZ RES,unknown,2026-05-31 17:00:00+03:00,,2.1,chunk_0064.json,POST /v1/generation/data/dpp-bulk,2026-05-31 21:45:52.478156+00:00,3217232,ERİMEZ RES,103402,2026-05-31T17:00:00+03:00,17:00
40W000003217232H,ERİMEZ RES,unknown,2026-05-31 18:00:00+03:00,,1.32,chunk_0064.json,POST /v1/generation/data/dpp-bulk,2026-05-31 21:45:52.478156+00:00,3217232,ERİMEZ RES,103402,2026-05-31T18:00:00+03:00,18:00
40W000003217232H,ERİMEZ RES,unknown,2026-05-31 19:00:00+03:00,,0.74,chunk_0064.json,POST /v1/generation/data/dpp-bulk,2026-05-31 21:45:52.478156+00:00,3217232,ERİMEZ RES,103402,2026-05-31T19:00:00+03:00,19:00
40W000003217232H,ERİMEZ RES,unknown,2026-05-31 20:00:00+03:00,,1.17,chunk_0064.json,POST /v1/generation/data/dpp-bulk,2026-05-31 21:45:52.478156+00:00,3217232,ERİMEZ RES,103402,2026-05-31T20:00:00+03:00,20:00
40W000003217232H,ERİMEZ RES,unknown,2026-05-31 21:00:00+03:00,,1.55,chunk_0064.json,POST /v1/generation/data/dpp-bulk,2026-05-31 21:45:52.478156+00:00,3217232,ERİMEZ RES,103402,2026-05-31T21:00:00+03:00,21:00
40W000003217232H,ERİMEZ RES,unknown,2026-05-31 22:00:00+03:00,,3.9,chunk_0064.json,POST /v1/generation/data/dpp-bulk,2026-05-31 21:45:52.478156+00:00,3217232,ERİMEZ RES,103402,2026-05-31T22:00:00+03:00,22:00
40W000003217232H,ERİMEZ RES,unknown,2026-05-31 23:00:00+03:00,,7.24,chunk_0064.json,POST /v1/generation/data/dpp-bulk,2026-05-31 21:45:52.478156+00:00,3217232,ERİMEZ RES,103402,2026-05-31T23:00:00+03:00,23:00
40W0000032173519,ATARES-1 RES,unknown,2026-05-31 00:00:00+03:00,,11.92,chunk_0064.json,POST /v1/generation/data/dpp-bulk,2026-05-31 21:45:52.478156+00:00,3217351,ATARES-1 RES,103402,2026-05-31T00:00:00+03:00,00:00
40W0000032173519,ATARES-1 RES,unknown,2026-05-31 01:00:00+03:00,,8.09,chunk_0064.json,POST /v1/generation/data/dpp-bulk,2026-05-31 21:45:52.478156+00:00,3217351,ATARES-1 RES,103402,2026-05-31T01:00:00+03:00,01:00
40W0000032173519,ATARES-1 RES,unknown,2026-05-31 02:00:00+03:00,,10.1,chunk_0064.json,POST /v1/generation/data/dpp-bulk,2026-05-31 21:45:52.478156+00:00,3217351,ATARES-1 RES,103402,2026-05-31T02:00:00+03:00,02:00
40W0000032173519,ATARES-1 RES,unknown,2026-05-31 03:00:00+03:00,,16.67,chunk_0064.json,POST /v1/generation/data/dpp-bulk,2026-05-31 21:45:52.478156+00:00,3217351,ATARES-1 RES,103402,2026-05-31T03:00:00+03:00,03:00
40W0000032173519,ATARES-1 RES,unknown,2026-05-31 04:00:00+03:00,,21.27,chunk_0064.json,POST /v1/generation/data/dpp-bulk,2026-05-31 21:45:52.478156+00:00,3217351,ATARES-1 RES,103402,2026-05-31T04:00:00+03:00,04:00
40W0000032173519,ATARES-1 RES,unknown,2026-05-31 05:00:00+03:00,,23.87,chunk_0064.json,POST /v1/generation/data/dpp-bulk,2026-05-31 21:45:52.478156+00:00,3217351,ATARES-1 RES,103402,2026-05-31T05:00:00+03:00,05:00
40W0000032173519,ATARES-1 RES,unknown,2026-05-31 06:00:00+03:00,,25.65,chunk_0064.json,POST /v1/generation/data/dpp-bulk,2026-05-31 21:45:52.478156+00:00,3217351,ATARES-1 RES,103402,2026-05-31T06:00:00+03:00,06:00
40W0000032173519,ATARES-1 RES,unknown,2026-05-31 07:00:00+03:00,,25.23,chunk_0064.json,POST /v1/generation/data/dpp-bulk,2026-05-31 21:45:52.478156+00:00,3217351,ATARES-1 RES,103402,2026-05-31T07:00:00+03:00,07:00
40W0000032173519,ATARES-1 RES,unknown,2026-05-31 08:00:00+03:00,,22.69,chunk_0064.json,POST /v1/generation/data/dpp-bulk,2026-05-31 21:45:52.478156+00:00,3217351,ATARES-1 RES,103402,2026-05-31T08:00:00+03:00,08:00
40W0000032173519,ATARES-1 RES,unknown,2026-05-31 09:00:00+03:00,,18.28,chunk_0064.json,POST /v1/generation/data/dpp-bulk,2026-05-31 21:45:52.478156+00:00,3217351,ATARES-1 RES,103402,2026-05-31T09:00:00+03:00,09:00
40W0000032173519,ATARES-1 RES,unknown,2026-05-31 10:00:00+03:00,,12.53,chunk_0064.json,POST /v1/generation/data/dpp-bulk,2026-05-31 21:45:52.478156+00:00,3217351,ATARES-1 RES,103402,2026-05-31T10:00:00+03:00,10:00
40W0000032173519,ATARES-1 RES,unknown,2026-05-31 11:00:00+03:00,,2.85,chunk_0064.json,POST /v1/generation/data/dpp-bulk,2026-05-31 21:45:52.478156+00:00,3217351,ATARES-1 RES,103402,2026-05-31T11:00:00+03:00,11:00
40W0000032173519,ATARES-1 RES,unknown,2026-05-31 12:00:00+03:00,,3.68,chunk_0064.json,POST /v1/generation/data/dpp-bulk,2026-05-31 21:45:52.478156+00:00,3217351,ATARES-1 RES,103402,2026-05-31T12:00:00+03:00,12:00
40W0000032173519,ATARES-1 RES,unknown,2026-05-31 13:00:00+03:00,,3.56,chunk_0064.json,POST /v1/generation/data/dpp-bulk,2026-05-31 21:45:52.478156+00:00,3217351,ATARES-1 RES,103402,2026-05-31T13:00:00+03:00,13:00
40W0000032173519,ATARES-1 RES,unknown,2026-05-31 14:00:00+03:00,,2.02,chunk_0064.json,POST /v1/generation/data/dpp-bulk,2026-05-31 21:45:52.478156+00:00,3217351,ATARES-1 RES,103402,2026-05-31T14:00:00+03:00,14:00
40W0000032173519,ATARES-1 RES,unknown,2026-05-31 15:00:00+03:00,,1.82,chunk_0064.json,POST /v1/generation/data/dpp-bulk,2026-05-31 21:45:52.478156+00:00,3217351,ATARES-1 RES,103402,2026-05-31T15:00:00+03:00,15:00
40W0000032173519,ATARES-1 RES,unknown,2026-05-31 16:00:00+03:00,,2.27,chunk_0064.json,POST /v1/generation/data/dpp-bulk,2026-05-31 21:45:52.478156+00:00,3217351,ATARES-1 RES,103402,2026-05-31T16:00:00+03:00,16:00
40W0000032173519,ATARES-1 RES,unknown,2026-05-31 17:00:00+03:00,,3.07,chunk_0064.json,POST /v1/generation/data/dpp-bulk,2026-05-31 21:45:52.478156+00:00,3217351,ATARES-1 RES,103402,2026-05-31T17:00:00+03:00,17:00
40W0000032173519,ATARES-1 RES,unknown,2026-05-31 18:00:00+03:00,,5.25,chunk_0064.json,POST /v1/generation/data/dpp-bulk,2026-05-31 21:45:52.478156+00:00,3217351,ATARES-1 RES,103402,2026-05-31T18:00:00+03:00,18:00
40W0000032173519,ATARES-1 RES,unknown,2026-05-31 19:00:00+03:00,,6.19,chunk_0064.json,POST /v1/generation/data/dpp-bulk,2026-05-31 21:45:52.478156+00:00,3217351,ATARES-1 RES,103402,2026-05-31T19:00:00+03:00,19:00
40W0000032173519,ATARES-1 RES,unknown,2026-05-31 20:00:00+03:00,,6.46,chunk_0064.json,POST /v1/generation/data/dpp-bulk,2026-05-31 21:45:52.478156+00:00,3217351,ATARES-1 RES,103402,2026-05-31T20:00:00+03:00,20:00
40W0000032173519,ATARES-1 RES,unknown,2026-05-31 21:00:00+03:00,,7.61,chunk_0064.json,POST /v1/generation/data/dpp-bulk,2026-05-31 21:45:52.478156+00:00,3217351,ATARES-1 RES,103402,2026-05-31T21:00:00+03:00,21:00
40W0000032173519,ATARES-1 RES,unknown,2026-05-31 22:00:00+03:00,,35.68,chunk_0064.json,POST /v1/generation/data/dpp-bulk,2026-05-31 21:45:52.478156+00:00,3217351,ATARES-1 RES,103402,2026-05-31T22:00:00+03:00,22:00
40W0000032173519,ATARES-1 RES,unknown,2026-05-31 23:00:00+03:00,,13.89,chunk_0064.json,POST /v1/generation/data/dpp-bulk,2026-05-31 21:45:52.478156+00:00,3217351,ATARES-1 RES,103402,2026-05-31T23:00:00+03:00,23:00
40W000003217195Y,HANLI REG. ve HES,unknown,2026-05-31 00:00:00+03:00,,1.7,chunk_0064.json,POST /v1/generation/data/dpp-bulk,2026-05-31 21:45:52.478156+00:00,3217195,HANLI REG. ve HES,103420,2026-05-31T00:00:00+03:00,00:00
40W000003217195Y,HANLI REG. ve HES,unknown,2026-05-31 01:00:00+03:00,,1.7,chunk_0064.json,POST /v1/generation/data/dpp-bulk,2026-05-31 21:45:52.478156+00:00,3217195,HANLI REG. ve HES,103420,2026-05-31T01:00:00+03:00,01:00
40W000003217195Y,HANLI REG. ve HES,unknown,2026-05-31 02:00:00+03:00,,1.7,chunk_0064.json,POST /v1/generation/data/dpp-bulk,2026-05-31 21:45:52.478156+00:00,3217195,HANLI REG. ve HES,103420,2026-05-31T02:00:00+03:00,02:00
40W000003217195Y,HANLI REG. ve HES,unknown,2026-05-31 03:00:00+03:00,,1.7,chunk_0064.json,POST /v1/generation/data/dpp-bulk,2026-05-31 21:45:52.478156+00:00,3217195,HANLI REG. ve HES,103420,2026-05-31T03:00:00+03:00,03:00
40W000003217195Y,HANLI REG. ve HES,unknown,2026-05-31 04:00:00+03:00,,1.7,chunk_0064.json,POST /v1/generation/data/dpp-bulk,2026-05-31 21:45:52.478156+00:00,3217195,HANLI REG. ve HES,103420,2026-05-31T04:00:00+03:00,04:00
40W000003217195Y,HANLI REG. ve HES,unknown,2026-05-31 05:00:00+03:00,,1.7,chunk_0064.json,POST /v1/generation/data/dpp-bulk,2026-05-31 21:45:52.478156+00:00,3217195,HANLI REG. ve HES,103420,2026-05-31T05:00:00+03:00,05:00
40W000003217195Y,HANLI REG. ve HES,unknown,2026-05-31 06:00:00+03:00,,1.7,chunk_0064.json,POST /v1/generation/data/dpp-bulk,2026-05-31 21:45:52.478156+00:00,3217195,HANLI REG. ve HES,103420,2026-05-31T06:00:00+03:00,06:00
40W000003217195Y,HANLI REG. ve HES,unknown,2026-05-31 07:00:00+03:00,,1.7,chunk_0064.json,POST /v1/generation/data/dpp-bulk,2026-05-31 21:45:52.478156+00:00,3217195,HANLI REG. ve HES,103420,2026-05-31T07:00:00+03:00,07:00
40W000003217195Y,HANLI REG. ve HES,unknown,2026-05-31 08:00:00+03:00,,1.7,chunk_0064.json,POST /v1/generation/data/dpp-bulk,2026-05-31 21:45:52.478156+00:00,3217195,HANLI REG. ve HES,103420,2026-05-31T08:00:00+03:00,08:00
40W000003217195Y,HANLI REG. ve HES,unknown,2026-05-31 09:00:00+03:00,,1.7,chunk_0064.json,POST /v1/generation/data/dpp-bulk,2026-05-31 21:45:52.478156+00:00,3217195,HANLI REG. ve HES,103420,2026-05-31T09:00:00+03:00,09:00
40W000003217195Y,HANLI REG. ve HES,unknown,2026-05-31 10:00:00+03:00,,1.7,chunk_0064.json,POST /v1/generation/data/dpp-bulk,2026-05-31 21:45:52.478156+00:00,3217195,HANLI REG. ve HES,103420,2026-05-31T10:00:00+03:00,10:00
40W000003217195Y,HANLI REG. ve HES,unknown,2026-05-31 11:00:00+03:00,,1.7,chunk_0064.json,POST /v1/generation/data/dpp-bulk,2026-05-31 21:45:52.478156+00:00,3217195,HANLI REG. ve HES,103420,2026-05-31T11:00:00+03:00,11:00
40W000003217195Y,HANLI REG. ve HES,unknown,2026-05-31 12:00:00+03:00,,1.7,chunk_0064.json,POST /v1/generation/data/dpp-bulk,2026-05-31 21:45:52.478156+00:00,3217195,HANLI REG. ve HES,103420,2026-05-31T12:00:00+03:00,12:00
40W000003217195Y,HANLI REG. ve HES,unknown,2026-05-31 13:00:00+03:00,,1.7,chunk_0064.json,POST /v1/generation/data/dpp-bulk,2026-05-31 21:45:52.478156+00:00,3217195,HANLI REG. ve HES,103420,2026-05-31T13:00:00+03:00,13:00
40W000003217195Y,HANLI REG. ve HES,unknown,2026-05-31 14:00:00+03:00,,1.7,chunk_0064.json,POST /v1/generation/data/dpp-bulk,2026-05-31 21:45:52.478156+00:00,3217195,HANLI REG. ve HES,103420,2026-05-31T14:00:00+03:00,14:00
40W000003217195Y,HANLI REG. ve HES,unknown,2026-05-31 15:00:00+03:00,,1.7,chunk_0064.json,POST /v1/generation/data/dpp-bulk,2026-05-31 21:45:52.478156+00:00,3217195,HANLI REG. ve HES,103420,2026-05-31T15:00:00+03:00,15:00
40W000003217195Y,HANLI REG. ve HES,unknown,2026-05-31 16:00:00+03:00,,1.7,chunk_0064.json,POST /v1/generation/data/dpp-bulk,2026-05-31 21:45:52.478156+00:00,3217195,HANLI REG. ve HES,103420,2026-05-31T16:00:00+03:00,16:00
40W000003217195Y,HANLI REG. ve HES,unknown,2026-05-31 17:00:00+03:00,,1.7,chunk_0064.json,POST /v1/generation/data/dpp-bulk,2026-05-31 21:45:52.478156+00:00,3217195,HANLI REG. ve HES,103420,2026-05-31T17:00:00+03:00,17:00
40W000003217195Y,HANLI REG. ve HES,unknown,2026-05-31 18:00:00+03:00,,1.7,chunk_0064.json,POST /v1/generation/data/dpp-bulk,2026-05-31 21:45:52.478156+00:00,3217195,HANLI REG. ve HES,103420,2026-05-31T18:00:00+03:00,18:00
40W000003217195Y,HANLI REG. ve HES,unknown,2026-05-31 19:00:00+03:00,,1.7,chunk_0064.json,POST /v1/generation/data/dpp-bulk,2026-05-31 21:45:52.478156+00:00,3217195,HANLI REG. ve HES,103420,2026-05-31T19:00:00+03:00,19:00
40W000003217195Y,HANLI REG. ve HES,unknown,2026-05-31 20:00:00+03:00,,1.7,chunk_0064.json,POST /v1/generation/data/dpp-bulk,2026-05-31 21:45:52.478156+00:00,3217195,HANLI REG. ve HES,103420,2026-05-31T20:00:00+03:00,20:00
40W000003217195Y,HANLI REG. ve HES,unknown,2026-05-31 21:00:00+03:00,,1.7,chunk_0064.json,POST /v1/generation/data/dpp-bulk,2026-05-31 21:45:52.478156+00:00,3217195,HANLI REG. ve HES,103420,2026-05-31T21:00:00+03:00,21:00
40W000003217195Y,HANLI REG. ve HES,unknown,2026-05-31 22:00:00+03:00,,1.7,chunk_0064.json,POST /v1/generation/data/dpp-bulk,2026-05-31 21:45:52.478156+00:00,3217195,HANLI REG. ve HES,103420,2026-05-31T22:00:00+03:00,22:00
40W000003217195Y,HANLI REG. ve HES,unknown,2026-05-31 23:00:00+03:00,,1.7,chunk_0064.json,POST /v1/generation/data/dpp-bulk,2026-05-31 21:45:52.478156+00:00,3217195,HANLI REG. ve HES,103420,2026-05-31T23:00:00+03:00,23:00
40W0000032171923,ASLAN BİYOGAZ,unknown,2026-05-31 00:00:00+03:00,,2.4,chunk_0064.json,POST /v1/generation/data/dpp-bulk,2026-05-31 21:45:52.478156+00:00,3217192,ASLAN BİYOGAZ,104381,2026-05-31T00:00:00+03:00,00:00
40W0000032171923,ASLAN BİYOGAZ,unknown,2026-05-31 01:00:00+03:00,,2.4,chunk_0064.json,POST /v1/generation/data/dpp-bulk,2026-05-31 21:45:52.478156+00:00,3217192,ASLAN BİYOGAZ,104381,2026-05-31T01:00:00+03:00,01:00
40W0000032171923,ASLAN BİYOGAZ,unknown,2026-05-31 02:00:00+03:00,,2.4,chunk_0064.json,POST /v1/generation/data/dpp-bulk,2026-05-31 21:45:52.478156+00:00,3217192,ASLAN BİYOGAZ,104381,2026-05-31T02:00:00+03:00,02:00
40W0000032171923,ASLAN BİYOGAZ,unknown,2026-05-31 03:00:00+03:00,,2.4,chunk_0064.json,POST /v1/generation/data/dpp-bulk,2026-05-31 21:45:52.478156+00:00,3217192,ASLAN BİYOGAZ,104381,2026-05-31T03:00:00+03:00,03:00
40W0000032171923,ASLAN BİYOGAZ,unknown,2026-05-31 04:00:00+03:00,,2.4,chunk_0064.json,POST /v1/generation/data/dpp-bulk,2026-05-31 21:45:52.478156+00:00,3217192,ASLAN BİYOGAZ,104381,2026-05-31T04:00:00+03:00,04:00
40W0000032171923,ASLAN BİYOGAZ,unknown,2026-05-31 05:00:00+03:00,,3.43,chunk_0064.json,POST /v1/generation/data/dpp-bulk,2026-05-31 21:45:52.478156+00:00,3217192,ASLAN BİYOGAZ,104381,2026-05-31T05:00:00+03:00,05:00
40W0000032171923,ASLAN BİYOGAZ,unknown,2026-05-31 06:00:00+03:00,,3.9,chunk_0064.json,POST /v1/generation/data/dpp-bulk,2026-05-31 21:45:52.478156+00:00,3217192,ASLAN BİYOGAZ,104381,2026-05-31T06:00:00+03:00,06:00
40W0000032171923,ASLAN BİYOGAZ,unknown,2026-05-31 07:00:00+03:00,,4.0,chunk_0064.json,POST /v1/generation/data/dpp-bulk,2026-05-31 21:45:52.478156+00:00,3217192,ASLAN BİYOGAZ,104381,2026-05-31T07:00:00+03:00,07:00
40W0000032171923,ASLAN BİYOGAZ,unknown,2026-05-31 08:00:00+03:00,,4.2,chunk_0064.json,POST /v1/generation/data/dpp-bulk,2026-05-31 21:45:52.478156+00:00,3217192,ASLAN BİYOGAZ,104381,2026-05-31T08:00:00+03:00,08:00
40W0000032171923,ASLAN BİYOGAZ,unknown,2026-05-31 09:00:00+03:00,,3.5,chunk_0064.json,POST /v1/generation/data/dpp-bulk,2026-05-31 21:45:52.478156+00:00,3217192,ASLAN BİYOGAZ,104381,2026-05-31T09:00:00+03:00,09:00
40W0000032171923,ASLAN BİYOGAZ,unknown,2026-05-31 10:00:00+03:00,,3.6,chunk_0064.json,POST /v1/generation/data/dpp-bulk,2026-05-31 21:45:52.478156+00:00,3217192,ASLAN BİYOGAZ,104381,2026-05-31T10:00:00+03:00,10:00
40W0000032171923,ASLAN BİYOGAZ,unknown,2026-05-31 11:00:00+03:00,,2.7,chunk_0064.json,POST /v1/generation/data/dpp-bulk,2026-05-31 21:45:52.478156+00:00,3217192,ASLAN BİYOGAZ,104381,2026-05-31T11:00:00+03:00,11:00
40W0000032171923,ASLAN BİYOGAZ,unknown,2026-05-31 12:00:00+03:00,,2.7,chunk_0064.json,POST /v1/generation/data/dpp-bulk,2026-05-31 21:45:52.478156+00:00,3217192,ASLAN BİYOGAZ,104381,2026-05-31T12:00:00+03:00,12:00
40W0000032171923,ASLAN BİYOGAZ,unknown,2026-05-31 13:00:00+03:00,,4.2,chunk_0064.json,POST /v1/generation/data/dpp-bulk,2026-05-31 21:45:52.478156+00:00,3217192,ASLAN BİYOGAZ,104381,2026-05-31T13:00:00+03:00,13:00
40W0000032171923,ASLAN BİYOGAZ,unknown,2026-05-31 14:00:00+03:00,,3.0,chunk_0064.json,POST /v1/generation/data/dpp-bulk,2026-05-31 21:45:52.478156+00:00,3217192,ASLAN BİYOGAZ,104381,2026-05-31T14:00:00+03:00,14:00
40W0000032171923,ASLAN BİYOGAZ,unknown,2026-05-31 15:00:00+03:00,,3.0,chunk_0064.json,POST /v1/generation/data/dpp-bulk,2026-05-31 21:45:52.478156+00:00,3217192,ASLAN BİYOGAZ,104381,2026-05-31T15:00:00+03:00,15:00
40W0000032171923,ASLAN BİYOGAZ,unknown,2026-05-31 16:00:00+03:00,,3.0,chunk_0064.json,POST /v1/generation/data/dpp-bulk,2026-05-31 21:45:52.478156+00:00,3217192,ASLAN BİYOGAZ,104381,2026-05-31T16:00:00+03:00,16:00
40W0000032171923,ASLAN BİYOGAZ,unknown,2026-05-31 17:00:00+03:00,,2.7,chunk_0064.json,POST /v1/generation/data/dpp-bulk,2026-05-31 21:45:52.478156+00:00,3217192,ASLAN BİYOGAZ,104381,2026-05-31T17:00:00+03:00,17:00
40W0000032171923,ASLAN BİYOGAZ,unknown,2026-05-31 18:00:00+03:00,,2.6,chunk_0064.json,POST /v1/generation/data/dpp-bulk,2026-05-31 21:45:52.478156+00:00,3217192,ASLAN BİYOGAZ,104381,2026-05-31T18:00:00+03:00,18:00
40W0000032171923,ASLAN BİYOGAZ,unknown,2026-05-31 19:00:00+03:00,,2.4,chunk_0064.json,POST /v1/generation/data/dpp-bulk,2026-05-31 21:45:52.478156+00:00,3217192,ASLAN BİYOGAZ,104381,2026-05-31T19:00:00+03:00,19:00
40W0000032171923,ASLAN BİYOGAZ,unknown,2026-05-31 20:00:00+03:00,,2.4,chunk_0064.json,POST /v1/generation/data/dpp-bulk,2026-05-31 21:45:52.478156+00:00,3217192,ASLAN BİYOGAZ,104381,2026-05-31T20:00:00+03:00,20:00
40W0000032171923,ASLAN BİYOGAZ,unknown,2026-05-31 21:00:00+03:00,,3.9,chunk_0064.json,POST /v1/generation/data/dpp-bulk,2026-05-31 21:45:52.478156+00:00,3217192,ASLAN BİYOGAZ,104381,2026-05-31T21:00:00+03:00,21:00
40W0000032171923,ASLAN BİYOGAZ,unknown,2026-05-31 22:00:00+03:00,,3.9,chunk_0064.json,POST /v1/generation/data/dpp-bulk,2026-05-31 21:45:52.478156+00:00,3217192,ASLAN BİYOGAZ,104381,2026-05-31T22:00:00+03:00,22:00
40W0000032171923,ASLAN BİYOGAZ,unknown,2026-05-31 23:00:00+03:00,,3.9,chunk_0064.json,POST /v1/generation/data/dpp-bulk,2026-05-31 21:45:52.478156+00:00,3217192,ASLAN BİYOGAZ,104381,2026-05-31T23:00:00+03:00,23:00
40W000003217230L,MİSKEVANK RES,unknown,2026-05-31 00:00:00+03:00,,0.3,chunk_0064.json,POST /v1/generation/data/dpp-bulk,2026-05-31 21:45:52.478156+00:00,3217230,MİSKEVANK RES,104523,2026-05-31T00:00:00+03:00,00:00
40W000003217230L,MİSKEVANK RES,unknown,2026-05-31 01:00:00+03:00,,0.3,chunk_0064.json,POST /v1/generation/data/dpp-bulk,2026-05-31 21:45:52.478156+00:00,3217230,MİSKEVANK RES,104523,2026-05-31T01:00:00+03:00,01:00
40W000003217230L,MİSKEVANK RES,unknown,2026-05-31 02:00:00+03:00,,0.3,chunk_0064.json,POST /v1/generation/data/dpp-bulk,2026-05-31 21:45:52.478156+00:00,3217230,MİSKEVANK RES,104523,2026-05-31T02:00:00+03:00,02:00
40W000003217230L,MİSKEVANK RES,unknown,2026-05-31 03:00:00+03:00,,0.3,chunk_0064.json,POST /v1/generation/data/dpp-bulk,2026-05-31 21:45:52.478156+00:00,3217230,MİSKEVANK RES,104523,2026-05-31T03:00:00+03:00,03:00
40W000003217230L,MİSKEVANK RES,unknown,2026-05-31 04:00:00+03:00,,0.3,chunk_0064.json,POST /v1/generation/data/dpp-bulk,2026-05-31 21:45:52.478156+00:00,3217230,MİSKEVANK RES,104523,2026-05-31T04:00:00+03:00,04:00
40W000003217230L,MİSKEVANK RES,unknown,2026-05-31 05:00:00+03:00,,0.3,chunk_0064.json,POST /v1/generation/data/dpp-bulk,2026-05-31 21:45:52.478156+00:00,3217230,MİSKEVANK RES,104523,2026-05-31T05:00:00+03:00,05:00
40W000003217230L,MİSKEVANK RES,unknown,2026-05-31 06:00:00+03:00,,0.8,chunk_0064.json,POST /v1/generation/data/dpp-bulk,2026-05-31 21:45:52.478156+00:00,3217230,MİSKEVANK RES,104523,2026-05-31T06:00:00+03:00,06:00
40W000003217230L,MİSKEVANK RES,unknown,2026-05-31 07:00:00+03:00,,0.8,chunk_0064.json,POST /v1/generation/data/dpp-bulk,2026-05-31 21:45:52.478156+00:00,3217230,MİSKEVANK RES,104523,2026-05-31T07:00:00+03:00,07:00
40W000003217230L,MİSKEVANK RES,unknown,2026-05-31 08:00:00+03:00,,0.8,chunk_0064.json,POST /v1/generation/data/dpp-bulk,2026-05-31 21:45:52.478156+00:00,3217230,MİSKEVANK RES,104523,2026-05-31T08:00:00+03:00,08:00
40W000003217230L,MİSKEVANK RES,unknown,2026-05-31 09:00:00+03:00,,2.2,chunk_0064.json,POST /v1/generation/data/dpp-bulk,2026-05-31 21:45:52.478156+00:00,3217230,MİSKEVANK RES,104523,2026-05-31T09:00:00+03:00,09:00
40W000003217230L,MİSKEVANK RES,unknown,2026-05-31 10:00:00+03:00,,2.2,chunk_0064.json,POST /v1/generation/data/dpp-bulk,2026-05-31 21:45:52.478156+00:00,3217230,MİSKEVANK RES,104523,2026-05-31T10:00:00+03:00,10:00
40W000003217230L,MİSKEVANK RES,unknown,2026-05-31 11:00:00+03:00,,2.2,chunk_0064.json,POST /v1/generation/data/dpp-bulk,2026-05-31 21:45:52.478156+00:00,3217230,MİSKEVANK RES,104523,2026-05-31T11:00:00+03:00,11:00
40W000003217230L,MİSKEVANK RES,unknown,2026-05-31 12:00:00+03:00,,2.8,chunk_0064.json,POST /v1/generation/data/dpp-bulk,2026-05-31 21:45:52.478156+00:00,3217230,MİSKEVANK RES,104523,2026-05-31T12:00:00+03:00,12:00
40W000003217230L,MİSKEVANK RES,unknown,2026-05-31 13:00:00+03:00,,2.8,chunk_0064.json,POST /v1/generation/data/dpp-bulk,2026-05-31 21:45:52.478156+00:00,3217230,MİSKEVANK RES,104523,2026-05-31T13:00:00+03:00,13:00
40W000003217230L,MİSKEVANK RES,unknown,2026-05-31 14:00:00+03:00,,2.8,chunk_0064.json,POST /v1/generation/data/dpp-bulk,2026-05-31 21:45:52.478156+00:00,3217230,MİSKEVANK RES,104523,2026-05-31T14:00:00+03:00,14:00
40W000003217230L,MİSKEVANK RES,unknown,2026-05-31 15:00:00+03:00,,2.8,chunk_0064.json,POST /v1/generation/data/dpp-bulk,2026-05-31 21:45:52.478156+00:00,3217230,MİSKEVANK RES,104523,2026-05-31T15:00:00+03:00,15:00
40W000003217230L,MİSKEVANK RES,unknown,2026-05-31 16:00:00+03:00,,2.8,chunk_0064.json,POST /v1/generation/data/dpp-bulk,2026-05-31 21:45:52.478156+00:00,3217230,MİSKEVANK RES,104523,2026-05-31T16:00:00+03:00,16:00
40W000003217230L,MİSKEVANK RES,unknown,2026-05-31 17:00:00+03:00,,2.8,chunk_0064.json,POST /v1/generation/data/dpp-bulk,2026-05-31 21:45:52.478156+00:00,3217230,MİSKEVANK RES,104523,2026-05-31T17:00:00+03:00,17:00
40W000003217230L,MİSKEVANK RES,unknown,2026-05-31 18:00:00+03:00,,1.8,chunk_0064.json,POST /v1/generation/data/dpp-bulk,2026-05-31 21:45:52.478156+00:00,3217230,MİSKEVANK RES,104523,2026-05-31T18:00:00+03:00,18:00
40W000003217230L,MİSKEVANK RES,unknown,2026-05-31 19:00:00+03:00,,1.8,chunk_0064.json,POST /v1/generation/data/dpp-bulk,2026-05-31 21:45:52.478156+00:00,3217230,MİSKEVANK RES,104523,2026-05-31T19:00:00+03:00,19:00
40W000003217230L,MİSKEVANK RES,unknown,2026-05-31 20:00:00+03:00,,1.8,chunk_0064.json,POST /v1/generation/data/dpp-bulk,2026-05-31 21:45:52.478156+00:00,3217230,MİSKEVANK RES,104523,2026-05-31T20:00:00+03:00,20:00
40W000003217230L,MİSKEVANK RES,unknown,2026-05-31 21:00:00+03:00,,0.8,chunk_0064.json,POST /v1/generation/data/dpp-bulk,2026-05-31 21:45:52.478156+00:00,3217230,MİSKEVANK RES,104523,2026-05-31T21:00:00+03:00,21:00
40W000003217230L,MİSKEVANK RES,unknown,2026-05-31 22:00:00+03:00,,0.8,chunk_0064.json,POST /v1/generation/data/dpp-bulk,2026-05-31 21:45:52.478156+00:00,3217230,MİSKEVANK RES,104523,2026-05-31T22:00:00+03:00,22:00
40W000003217230L,MİSKEVANK RES,unknown,2026-05-31 23:00:00+03:00,,0.8,chunk_0064.json,POST /v1/generation/data/dpp-bulk,2026-05-31 21:45:52.478156+00:00,3217230,MİSKEVANK RES,104523,2026-05-31T23:00:00+03:00,23:00
40W000003217214J,ORDU ÇÖP GAZ ELEKTRİK ÜRETİM TESİSİ,unknown,2026-05-31 00:00:00+03:00,,1.2,chunk_0064.json,POST /v1/generation/data/dpp-bulk,2026-05-31 21:45:52.478156+00:00,3217214,ORDU ÇÖP GAZ ELEKTRİK ÜRETİM TESİSİ,104542,2026-05-31T00:00:00+03:00,00:00
40W000003217214J,ORDU ÇÖP GAZ ELEKTRİK ÜRETİM TESİSİ,unknown,2026-05-31 01:00:00+03:00,,1.2,chunk_0064.json,POST /v1/generation/data/dpp-bulk,2026-05-31 21:45:52.478156+00:00,3217214,ORDU ÇÖP GAZ ELEKTRİK ÜRETİM TESİSİ,104542,2026-05-31T01:00:00+03:00,01:00
40W000003217214J,ORDU ÇÖP GAZ ELEKTRİK ÜRETİM TESİSİ,unknown,2026-05-31 02:00:00+03:00,,1.2,chunk_0064.json,POST /v1/generation/data/dpp-bulk,2026-05-31 21:45:52.478156+00:00,3217214,ORDU ÇÖP GAZ ELEKTRİK ÜRETİM TESİSİ,104542,2026-05-31T02:00:00+03:00,02:00
40W000003217214J,ORDU ÇÖP GAZ ELEKTRİK ÜRETİM TESİSİ,unknown,2026-05-31 03:00:00+03:00,,1.2,chunk_0064.json,POST /v1/generation/data/dpp-bulk,2026-05-31 21:45:52.478156+00:00,3217214,ORDU ÇÖP GAZ ELEKTRİK ÜRETİM TESİSİ,104542,2026-05-31T03:00:00+03:00,03:00
40W000003217214J,ORDU ÇÖP GAZ ELEKTRİK ÜRETİM TESİSİ,unknown,2026-05-31 04:00:00+03:00,,1.2,chunk_0064.json,POST /v1/generation/data/dpp-bulk,2026-05-31 21:45:52.478156+00:00,3217214,ORDU ÇÖP GAZ ELEKTRİK ÜRETİM TESİSİ,104542,2026-05-31T04:00:00+03:00,04:00
40W000003217214J,ORDU ÇÖP GAZ ELEKTRİK ÜRETİM TESİSİ,unknown,2026-05-31 05:00:00+03:00,,1.2,chunk_0064.json,POST /v1/generation/data/dpp-bulk,2026-05-31 21:45:52.478156+00:00,3217214,ORDU ÇÖP GAZ ELEKTRİK ÜRETİM TESİSİ,104542,2026-05-31T05:00:00+03:00,05:00
40W000003217214J,ORDU ÇÖP GAZ ELEKTRİK ÜRETİM TESİSİ,unknown,2026-05-31 06:00:00+03:00,,1.2,chunk_0064.json,POST /v1/generation/data/dpp-bulk,2026-05-31 21:45:52.478156+00:00,3217214,ORDU ÇÖP GAZ ELEKTRİK ÜRETİM TESİSİ,104542,2026-05-31T06:00:00+03:00,06:00
40W000003217214J,ORDU ÇÖP GAZ ELEKTRİK ÜRETİM TESİSİ,unknown,2026-05-31 07:00:00+03:00,,1.2,chunk_0064.json,POST /v1/generation/data/dpp-bulk,2026-05-31 21:45:52.478156+00:00,3217214,ORDU ÇÖP GAZ ELEKTRİK ÜRETİM TESİSİ,104542,2026-05-31T07:00:00+03:00,07:00
40W000003217214J,ORDU ÇÖP GAZ ELEKTRİK ÜRETİM TESİSİ,unknown,2026-05-31 08:00:00+03:00,,1.2,chunk_0064.json,POST /v1/generation/data/dpp-bulk,2026-05-31 21:45:52.478156+00:00,3217214,ORDU ÇÖP GAZ ELEKTRİK ÜRETİM TESİSİ,104542,2026-05-31T08:00:00+03:00,08:00
40W000003217214J,ORDU ÇÖP GAZ ELEKTRİK ÜRETİM TESİSİ,unknown,2026-05-31 09:00:00+03:00,,1.2,chunk_0064.json,POST /v1/generation/data/dpp-bulk,2026-05-31 21:45:52.478156+00:00,3217214,ORDU ÇÖP GAZ ELEKTRİK ÜRETİM TESİSİ,104542,2026-05-31T09:00:00+03:00,09:00
40W000003217214J,ORDU ÇÖP GAZ ELEKTRİK ÜRETİM TESİSİ,unknown,2026-05-31 10:00:00+03:00,,1.2,chunk_0064.json,POST /v1/generation/data/dpp-bulk,2026-05-31 21:45:52.478156+00:00,3217214,ORDU ÇÖP GAZ ELEKTRİK ÜRETİM TESİSİ,104542,2026-05-31T10:00:00+03:00,10:00
40W000003217214J,ORDU ÇÖP GAZ ELEKTRİK ÜRETİM TESİSİ,unknown,2026-05-31 11:00:00+03:00,,1.2,chunk_0064.json,POST /v1/generation/data/dpp-bulk,2026-05-31 21:45:52.478156+00:00,3217214,ORDU ÇÖP GAZ ELEKTRİK ÜRETİM TESİSİ,104542,2026-05-31T11:00:00+03:00,11:00
40W000003217214J,ORDU ÇÖP GAZ ELEKTRİK ÜRETİM TESİSİ,unknown,2026-05-31 12:00:00+03:00,,1.2,chunk_0064.json,POST /v1/generation/data/dpp-bulk,2026-05-31 21:45:52.478156+00:00,3217214,ORDU ÇÖP GAZ ELEKTRİK ÜRETİM TESİSİ,104542,2026-05-31T12:00:00+03:00,12:00
40W000003217214J,ORDU ÇÖP GAZ ELEKTRİK ÜRETİM TESİSİ,unknown,2026-05-31 13:00:00+03:00,,1.2,chunk_0064.json,POST /v1/generation/data/dpp-bulk,2026-05-31 21:45:52.478156+00:00,3217214,ORDU ÇÖP GAZ ELEKTRİK ÜRETİM TESİSİ,104542,2026-05-31T13:00:00+03:00,13:00
40W000003217214J,ORDU ÇÖP GAZ ELEKTRİK ÜRETİM TESİSİ,unknown,2026-05-31 14:00:00+03:00,,1.2,chunk_0064.json,POST /v1/generation/data/dpp-bulk,2026-05-31 21:45:52.478156+00:00,3217214,ORDU ÇÖP GAZ ELEKTRİK ÜRETİM TESİSİ,104542,2026-05-31T14:00:00+03:00,14:00
40W000003217214J,ORDU ÇÖP GAZ ELEKTRİK ÜRETİM TESİSİ,unknown,2026-05-31 15:00:00+03:00,,1.2,chunk_0064.json,POST /v1/generation/data/dpp-bulk,2026-05-31 21:45:52.478156+00:00,3217214,ORDU ÇÖP GAZ ELEKTRİK ÜRETİM TESİSİ,104542,2026-05-31T15:00:00+03:00,15:00
40W000003217214J,ORDU ÇÖP GAZ ELEKTRİK ÜRETİM TESİSİ,unknown,2026-05-31 16:00:00+03:00,,1.2,chunk_0064.json,POST /v1/generation/data/dpp-bulk,2026-05-31 21:45:52.478156+00:00,3217214,ORDU ÇÖP GAZ ELEKTRİK ÜRETİM TESİSİ,104542,2026-05-31T16:00:00+03:00,16:00
40W000003217214J,ORDU ÇÖP GAZ ELEKTRİK ÜRETİM TESİSİ,unknown,2026-05-31 17:00:00+03:00,,1.2,chunk_0064.json,POST /v1/generation/data/dpp-bulk,2026-05-31 21:45:52.478156+00:00,3217214,ORDU ÇÖP GAZ ELEKTRİK ÜRETİM TESİSİ,104542,2026-05-31T17:00:00+03:00,17:00
40W000003217214J,ORDU ÇÖP GAZ ELEKTRİK ÜRETİM TESİSİ,unknown,2026-05-31 18:00:00+03:00,,1.2,chunk_0064.json,POST /v1/generation/data/dpp-bulk,2026-05-31 21:45:52.478156+00:00,3217214,ORDU ÇÖP GAZ ELEKTRİK ÜRETİM TESİSİ,104542,2026-05-31T18:00:00+03:00,18:00
40W000003217214J,ORDU ÇÖP GAZ ELEKTRİK ÜRETİM TESİSİ,unknown,2026-05-31 19:00:00+03:00,,1.2,chunk_0064.json,POST /v1/generation/data/dpp-bulk,2026-05-31 21:45:52.478156+00:00,3217214,ORDU ÇÖP GAZ ELEKTRİK ÜRETİM TESİSİ,104542,2026-05-31T19:00:00+03:00,19:00
40W000003217214J,ORDU ÇÖP GAZ ELEKTRİK ÜRETİM TESİSİ,unknown,2026-05-31 20:00:00+03:00,,1.2,chunk_0064.json,POST /v1/generation/data/dpp-bulk,2026-05-31 21:45:52.478156+00:00,3217214,ORDU ÇÖP GAZ ELEKTRİK ÜRETİM TESİSİ,104542,2026-05-31T20:00:00+03:00,20:00
40W000003217214J,ORDU ÇÖP GAZ ELEKTRİK ÜRETİM TESİSİ,unknown,2026-05-31 21:00:00+03:00,,1.2,chunk_0064.json,POST /v1/generation/data/dpp-bulk,2026-05-31 21:45:52.478156+00:00,3217214,ORDU ÇÖP GAZ ELEKTRİK ÜRETİM TESİSİ,104542,2026-05-31T21:00:00+03:00,21:00
40W000003217214J,ORDU ÇÖP GAZ ELEKTRİK ÜRETİM TESİSİ,unknown,2026-05-31 22:00:00+03:00,,1.2,chunk_0064.json,POST /v1/generation/data/dpp-bulk,2026-05-31 21:45:52.478156+00:00,3217214,ORDU ÇÖP GAZ ELEKTRİK ÜRETİM TESİSİ,104542,2026-05-31T22:00:00+03:00,22:00
40W000003217214J,ORDU ÇÖP GAZ ELEKTRİK ÜRETİM TESİSİ,unknown,2026-05-31 23:00:00+03:00,,1.2,chunk_0064.json,POST /v1/generation/data/dpp-bulk,2026-05-31 21:45:52.478156+00:00,3217214,ORDU ÇÖP GAZ ELEKTRİK ÜRETİM TESİSİ,104542,2026-05-31T23:00:00+03:00,23:00
