entsoe_code,plant_name,fuel_type,delivery_hour,publication_timestamp,kgup_mwh,source_file,source_api,forecast_timestamp,uevcb_id,uevcb_name,org_id,date_raw,time_raw
40X000000000282U,ENERJİSA ENERJİ ÜRETİM A.Ş.,unknown,2026-05-31 00:00:00+03:00,,1.0,chunk_0080.json,POST /v1/generation/data/dpp-bulk,2026-05-31 21:42:47.448045+00:00,5013169,KESTANEDERESİ RES,282,2026-05-31T00:00:00+03:00,00:00
40X000000000282U,ENERJİSA ENERJİ ÜRETİM A.Ş.,unknown,2026-05-31 01:00:00+03:00,,5.6,chunk_0080.json,POST /v1/generation/data/dpp-bulk,2026-05-31 21:42:47.448045+00:00,5013169,KESTANEDERESİ RES,282,2026-05-31T01:00:00+03:00,01:00
40X000000000282U,ENERJİSA ENERJİ ÜRETİM A.Ş.,unknown,2026-05-31 02:00:00+03:00,,3.4,chunk_0080.json,POST /v1/generation/data/dpp-bulk,2026-05-31 21:42:47.448045+00:00,5013169,KESTANEDERESİ RES,282,2026-05-31T02:00:00+03:00,02:00
40X000000000282U,ENERJİSA ENERJİ ÜRETİM A.Ş.,unknown,2026-05-31 03:00:00+03:00,,1.9,chunk_0080.json,POST /v1/generation/data/dpp-bulk,2026-05-31 21:42:47.448045+00:00,5013169,KESTANEDERESİ RES,282,2026-05-31T03:00:00+03:00,03:00
40X000000000282U,ENERJİSA ENERJİ ÜRETİM A.Ş.,unknown,2026-05-31 04:00:00+03:00,,0.7,chunk_0080.json,POST /v1/generation/data/dpp-bulk,2026-05-31 21:42:47.448045+00:00,5013169,KESTANEDERESİ RES,282,2026-05-31T04:00:00+03:00,04:00
40X000000000282U,ENERJİSA ENERJİ ÜRETİM A.Ş.,unknown,2026-05-31 05:00:00+03:00,,0.2,chunk_0080.json,POST /v1/generation/data/dpp-bulk,2026-05-31 21:42:47.448045+00:00,5013169,KESTANEDERESİ RES,282,2026-05-31T05:00:00+03:00,05:00
40X000000000282U,ENERJİSA ENERJİ ÜRETİM A.Ş.,unknown,2026-05-31 06:00:00+03:00,,0.1,chunk_0080.json,POST /v1/generation/data/dpp-bulk,2026-05-31 21:42:47.448045+00:00,5013169,KESTANEDERESİ RES,282,2026-05-31T06:00:00+03:00,06:00
40X000000000282U,ENERJİSA ENERJİ ÜRETİM A.Ş.,unknown,2026-05-31 07:00:00+03:00,,0.1,chunk_0080.json,POST /v1/generation/data/dpp-bulk,2026-05-31 21:42:47.448045+00:00,5013169,KESTANEDERESİ RES,282,2026-05-31T07:00:00+03:00,07:00
40X000000000282U,ENERJİSA ENERJİ ÜRETİM A.Ş.,unknown,2026-05-31 08:00:00+03:00,,0.2,chunk_0080.json,POST /v1/generation/data/dpp-bulk,2026-05-31 21:42:47.448045+00:00,5013169,KESTANEDERESİ RES,282,2026-05-31T08:00:00+03:00,08:00
40X000000000282U,ENERJİSA ENERJİ ÜRETİM A.Ş.,unknown,2026-05-31 09:00:00+03:00,,0.7,chunk_0080.json,POST /v1/generation/data/dpp-bulk,2026-05-31 21:42:47.448045+00:00,5013169,KESTANEDERESİ RES,282,2026-05-31T09:00:00+03:00,09:00
40X000000000282U,ENERJİSA ENERJİ ÜRETİM A.Ş.,unknown,2026-05-31 10:00:00+03:00,,1.9,chunk_0080.json,POST /v1/generation/data/dpp-bulk,2026-05-31 21:42:47.448045+00:00,5013169,KESTANEDERESİ RES,282,2026-05-31T10:00:00+03:00,10:00
40X000000000282U,ENERJİSA ENERJİ ÜRETİM A.Ş.,unknown,2026-05-31 11:00:00+03:00,,3.2,chunk_0080.json,POST /v1/generation/data/dpp-bulk,2026-05-31 21:42:47.448045+00:00,5013169,KESTANEDERESİ RES,282,2026-05-31T11:00:00+03:00,11:00
40X000000000282U,ENERJİSA ENERJİ ÜRETİM A.Ş.,unknown,2026-05-31 12:00:00+03:00,,1.5,chunk_0080.json,POST /v1/generation/data/dpp-bulk,2026-05-31 21:42:47.448045+00:00,5013169,KESTANEDERESİ RES,282,2026-05-31T12:00:00+03:00,12:00
40X000000000282U,ENERJİSA ENERJİ ÜRETİM A.Ş.,unknown,2026-05-31 13:00:00+03:00,,1.0,chunk_0080.json,POST /v1/generation/data/dpp-bulk,2026-05-31 21:42:47.448045+00:00,5013169,KESTANEDERESİ RES,282,2026-05-31T13:00:00+03:00,13:00
40X000000000282U,ENERJİSA ENERJİ ÜRETİM A.Ş.,unknown,2026-05-31 14:00:00+03:00,,1.0,chunk_0080.json,POST /v1/generation/data/dpp-bulk,2026-05-31 21:42:47.448045+00:00,5013169,KESTANEDERESİ RES,282,2026-05-31T14:00:00+03:00,14:00
40X000000000282U,ENERJİSA ENERJİ ÜRETİM A.Ş.,unknown,2026-05-31 15:00:00+03:00,,1.0,chunk_0080.json,POST /v1/generation/data/dpp-bulk,2026-05-31 21:42:47.448045+00:00,5013169,KESTANEDERESİ RES,282,2026-05-31T15:00:00+03:00,15:00
40X000000000282U,ENERJİSA ENERJİ ÜRETİM A.Ş.,unknown,2026-05-31 16:00:00+03:00,,1.0,chunk_0080.json,POST /v1/generation/data/dpp-bulk,2026-05-31 21:42:47.448045+00:00,5013169,KESTANEDERESİ RES,282,2026-05-31T16:00:00+03:00,16:00
40X000000000282U,ENERJİSA ENERJİ ÜRETİM A.Ş.,unknown,2026-05-31 17:00:00+03:00,,1.0,chunk_0080.json,POST /v1/generation/data/dpp-bulk,2026-05-31 21:42:47.448045+00:00,5013169,KESTANEDERESİ RES,282,2026-05-31T17:00:00+03:00,17:00
40X000000000282U,ENERJİSA ENERJİ ÜRETİM A.Ş.,unknown,2026-05-31 18:00:00+03:00,,14.3,chunk_0080.json,POST /v1/generation/data/dpp-bulk,2026-05-31 21:42:47.448045+00:00,5013169,KESTANEDERESİ RES,282,2026-05-31T18:00:00+03:00,18:00
40X000000000282U,ENERJİSA ENERJİ ÜRETİM A.Ş.,unknown,2026-05-31 19:00:00+03:00,,13.1,chunk_0080.json,POST /v1/generation/data/dpp-bulk,2026-05-31 21:42:47.448045+00:00,5013169,KESTANEDERESİ RES,282,2026-05-31T19:00:00+03:00,19:00
40X000000000282U,ENERJİSA ENERJİ ÜRETİM A.Ş.,unknown,2026-05-31 20:00:00+03:00,,10.3,chunk_0080.json,POST /v1/generation/data/dpp-bulk,2026-05-31 21:42:47.448045+00:00,5013169,KESTANEDERESİ RES,282,2026-05-31T20:00:00+03:00,20:00
40X000000000282U,ENERJİSA ENERJİ ÜRETİM A.Ş.,unknown,2026-05-31 21:00:00+03:00,,7.9,chunk_0080.json,POST /v1/generation/data/dpp-bulk,2026-05-31 21:42:47.448045+00:00,5013169,KESTANEDERESİ RES,282,2026-05-31T21:00:00+03:00,21:00
40X000000000282U,ENERJİSA ENERJİ ÜRETİM A.Ş.,unknown,2026-05-31 22:00:00+03:00,,5.9,chunk_0080.json,POST /v1/generation/data/dpp-bulk,2026-05-31 21:42:47.448045+00:00,5013169,KESTANEDERESİ RES,282,2026-05-31T22:00:00+03:00,22:00
40X000000000282U,ENERJİSA ENERJİ ÜRETİM A.Ş.,unknown,2026-05-31 23:00:00+03:00,,3.6,chunk_0080.json,POST /v1/generation/data/dpp-bulk,2026-05-31 21:42:47.448045+00:00,5013169,KESTANEDERESİ RES,282,2026-05-31T23:00:00+03:00,23:00
40X000000000282U,ENERJİSA ENERJİ ÜRETİM A.Ş.,unknown,2026-05-31 00:00:00+03:00,,7.0,chunk_0080.json,POST /v1/generation/data/dpp-bulk,2026-05-31 21:42:47.448045+00:00,5013207,DAMPINAR RES,282,2026-05-31T00:00:00+03:00,00:00
40X000000000282U,ENERJİSA ENERJİ ÜRETİM A.Ş.,unknown,2026-05-31 01:00:00+03:00,,14.4,chunk_0080.json,POST /v1/generation/data/dpp-bulk,2026-05-31 21:42:47.448045+00:00,5013207,DAMPINAR RES,282,2026-05-31T01:00:00+03:00,01:00
40X000000000282U,ENERJİSA ENERJİ ÜRETİM A.Ş.,unknown,2026-05-31 02:00:00+03:00,,12.9,chunk_0080.json,POST /v1/generation/data/dpp-bulk,2026-05-31 21:42:47.448045+00:00,5013207,DAMPINAR RES,282,2026-05-31T02:00:00+03:00,02:00
40X000000000282U,ENERJİSA ENERJİ ÜRETİM A.Ş.,unknown,2026-05-31 03:00:00+03:00,,12.1,chunk_0080.json,POST /v1/generation/data/dpp-bulk,2026-05-31 21:42:47.448045+00:00,5013207,DAMPINAR RES,282,2026-05-31T03:00:00+03:00,03:00
40X000000000282U,ENERJİSA ENERJİ ÜRETİM A.Ş.,unknown,2026-05-31 04:00:00+03:00,,11.1,chunk_0080.json,POST /v1/generation/data/dpp-bulk,2026-05-31 21:42:47.448045+00:00,5013207,DAMPINAR RES,282,2026-05-31T04:00:00+03:00,04:00
40X000000000282U,ENERJİSA ENERJİ ÜRETİM A.Ş.,unknown,2026-05-31 05:00:00+03:00,,9.6,chunk_0080.json,POST /v1/generation/data/dpp-bulk,2026-05-31 21:42:47.448045+00:00,5013207,DAMPINAR RES,282,2026-05-31T05:00:00+03:00,05:00
40X000000000282U,ENERJİSA ENERJİ ÜRETİM A.Ş.,unknown,2026-05-31 06:00:00+03:00,,8.2,chunk_0080.json,POST /v1/generation/data/dpp-bulk,2026-05-31 21:42:47.448045+00:00,5013207,DAMPINAR RES,282,2026-05-31T06:00:00+03:00,06:00
40X000000000282U,ENERJİSA ENERJİ ÜRETİM A.Ş.,unknown,2026-05-31 07:00:00+03:00,,6.9,chunk_0080.json,POST /v1/generation/data/dpp-bulk,2026-05-31 21:42:47.448045+00:00,5013207,DAMPINAR RES,282,2026-05-31T07:00:00+03:00,07:00
40X000000000282U,ENERJİSA ENERJİ ÜRETİM A.Ş.,unknown,2026-05-31 08:00:00+03:00,,2.7,chunk_0080.json,POST /v1/generation/data/dpp-bulk,2026-05-31 21:42:47.448045+00:00,5013207,DAMPINAR RES,282,2026-05-31T08:00:00+03:00,08:00
40X000000000282U,ENERJİSA ENERJİ ÜRETİM A.Ş.,unknown,2026-05-31 09:00:00+03:00,,2.0,chunk_0080.json,POST /v1/generation/data/dpp-bulk,2026-05-31 21:42:47.448045+00:00,5013207,DAMPINAR RES,282,2026-05-31T09:00:00+03:00,09:00
40X000000000282U,ENERJİSA ENERJİ ÜRETİM A.Ş.,unknown,2026-05-31 10:00:00+03:00,,2.0,chunk_0080.json,POST /v1/generation/data/dpp-bulk,2026-05-31 21:42:47.448045+00:00,5013207,DAMPINAR RES,282,2026-05-31T10:00:00+03:00,10:00
40X000000000282U,ENERJİSA ENERJİ ÜRETİM A.Ş.,unknown,2026-05-31 11:00:00+03:00,,2.0,chunk_0080.json,POST /v1/generation/data/dpp-bulk,2026-05-31 21:42:47.448045+00:00,5013207,DAMPINAR RES,282,2026-05-31T11:00:00+03:00,11:00
40X000000000282U,ENERJİSA ENERJİ ÜRETİM A.Ş.,unknown,2026-05-31 12:00:00+03:00,,1.5,chunk_0080.json,POST /v1/generation/data/dpp-bulk,2026-05-31 21:42:47.448045+00:00,5013207,DAMPINAR RES,282,2026-05-31T12:00:00+03:00,12:00
40X000000000282U,ENERJİSA ENERJİ ÜRETİM A.Ş.,unknown,2026-05-31 13:00:00+03:00,,1.0,chunk_0080.json,POST /v1/generation/data/dpp-bulk,2026-05-31 21:42:47.448045+00:00,5013207,DAMPINAR RES,282,2026-05-31T13:00:00+03:00,13:00
40X000000000282U,ENERJİSA ENERJİ ÜRETİM A.Ş.,unknown,2026-05-31 14:00:00+03:00,,1.0,chunk_0080.json,POST /v1/generation/data/dpp-bulk,2026-05-31 21:42:47.448045+00:00,5013207,DAMPINAR RES,282,2026-05-31T14:00:00+03:00,14:00
40X000000000282U,ENERJİSA ENERJİ ÜRETİM A.Ş.,unknown,2026-05-31 15:00:00+03:00,,1.0,chunk_0080.json,POST /v1/generation/data/dpp-bulk,2026-05-31 21:42:47.448045+00:00,5013207,DAMPINAR RES,282,2026-05-31T15:00:00+03:00,15:00
40X000000000282U,ENERJİSA ENERJİ ÜRETİM A.Ş.,unknown,2026-05-31 16:00:00+03:00,,1.5,chunk_0080.json,POST /v1/generation/data/dpp-bulk,2026-05-31 21:42:47.448045+00:00,5013207,DAMPINAR RES,282,2026-05-31T16:00:00+03:00,16:00
40X000000000282U,ENERJİSA ENERJİ ÜRETİM A.Ş.,unknown,2026-05-31 17:00:00+03:00,,2.0,chunk_0080.json,POST /v1/generation/data/dpp-bulk,2026-05-31 21:42:47.448045+00:00,5013207,DAMPINAR RES,282,2026-05-31T17:00:00+03:00,17:00
40X000000000282U,ENERJİSA ENERJİ ÜRETİM A.Ş.,unknown,2026-05-31 18:00:00+03:00,,8.1,chunk_0080.json,POST /v1/generation/data/dpp-bulk,2026-05-31 21:42:47.448045+00:00,5013207,DAMPINAR RES,282,2026-05-31T18:00:00+03:00,18:00
40X000000000282U,ENERJİSA ENERJİ ÜRETİM A.Ş.,unknown,2026-05-31 19:00:00+03:00,,7.4,chunk_0080.json,POST /v1/generation/data/dpp-bulk,2026-05-31 21:42:47.448045+00:00,5013207,DAMPINAR RES,282,2026-05-31T19:00:00+03:00,19:00
40X000000000282U,ENERJİSA ENERJİ ÜRETİM A.Ş.,unknown,2026-05-31 20:00:00+03:00,,6.2,chunk_0080.json,POST /v1/generation/data/dpp-bulk,2026-05-31 21:42:47.448045+00:00,5013207,DAMPINAR RES,282,2026-05-31T20:00:00+03:00,20:00
40X000000000282U,ENERJİSA ENERJİ ÜRETİM A.Ş.,unknown,2026-05-31 21:00:00+03:00,,4.7,chunk_0080.json,POST /v1/generation/data/dpp-bulk,2026-05-31 21:42:47.448045+00:00,5013207,DAMPINAR RES,282,2026-05-31T21:00:00+03:00,21:00
40X000000000282U,ENERJİSA ENERJİ ÜRETİM A.Ş.,unknown,2026-05-31 22:00:00+03:00,,3.7,chunk_0080.json,POST /v1/generation/data/dpp-bulk,2026-05-31 21:42:47.448045+00:00,5013207,DAMPINAR RES,282,2026-05-31T22:00:00+03:00,22:00
40X000000000282U,ENERJİSA ENERJİ ÜRETİM A.Ş.,unknown,2026-05-31 23:00:00+03:00,,3.0,chunk_0080.json,POST /v1/generation/data/dpp-bulk,2026-05-31 21:42:47.448045+00:00,5013207,DAMPINAR RES,282,2026-05-31T23:00:00+03:00,23:00
40X000000004711D,EKSİM ENERJİ A.Ş.,unknown,2026-05-31 00:00:00+03:00,,39.12,chunk_0080.json,POST /v1/generation/data/dpp-bulk,2026-05-31 21:42:47.448045+00:00,5012681,R3-YOZGAT-1 RES,4711,2026-05-31T00:00:00+03:00,00:00
40X000000004711D,EKSİM ENERJİ A.Ş.,unknown,2026-05-31 01:00:00+03:00,,36.39,chunk_0080.json,POST /v1/generation/data/dpp-bulk,2026-05-31 21:42:47.448045+00:00,5012681,R3-YOZGAT-1 RES,4711,2026-05-31T01:00:00+03:00,01:00
40X000000004711D,EKSİM ENERJİ A.Ş.,unknown,2026-05-31 02:00:00+03:00,,32.84,chunk_0080.json,POST /v1/generation/data/dpp-bulk,2026-05-31 21:42:47.448045+00:00,5012681,R3-YOZGAT-1 RES,4711,2026-05-31T02:00:00+03:00,02:00
40X000000004711D,EKSİM ENERJİ A.Ş.,unknown,2026-05-31 03:00:00+03:00,,34.55,chunk_0080.json,POST /v1/generation/data/dpp-bulk,2026-05-31 21:42:47.448045+00:00,5012681,R3-YOZGAT-1 RES,4711,2026-05-31T03:00:00+03:00,03:00
40X000000004711D,EKSİM ENERJİ A.Ş.,unknown,2026-05-31 04:00:00+03:00,,31.02,chunk_0080.json,POST /v1/generation/data/dpp-bulk,2026-05-31 21:42:47.448045+00:00,5012681,R3-YOZGAT-1 RES,4711,2026-05-31T04:00:00+03:00,04:00
40X000000004711D,EKSİM ENERJİ A.Ş.,unknown,2026-05-31 05:00:00+03:00,,28.83,chunk_0080.json,POST /v1/generation/data/dpp-bulk,2026-05-31 21:42:47.448045+00:00,5012681,R3-YOZGAT-1 RES,4711,2026-05-31T05:00:00+03:00,05:00
40X000000004711D,EKSİM ENERJİ A.Ş.,unknown,2026-05-31 06:00:00+03:00,,0.0,chunk_0080.json,POST /v1/generation/data/dpp-bulk,2026-05-31 21:42:47.448045+00:00,5012681,R3-YOZGAT-1 RES,4711,2026-05-31T06:00:00+03:00,06:00
40X000000004711D,EKSİM ENERJİ A.Ş.,unknown,2026-05-31 07:00:00+03:00,,0.0,chunk_0080.json,POST /v1/generation/data/dpp-bulk,2026-05-31 21:42:47.448045+00:00,5012681,R3-YOZGAT-1 RES,4711,2026-05-31T07:00:00+03:00,07:00
40X000000004711D,EKSİM ENERJİ A.Ş.,unknown,2026-05-31 08:00:00+03:00,,0.0,chunk_0080.json,POST /v1/generation/data/dpp-bulk,2026-05-31 21:42:47.448045+00:00,5012681,R3-YOZGAT-1 RES,4711,2026-05-31T08:00:00+03:00,08:00
40X000000004711D,EKSİM ENERJİ A.Ş.,unknown,2026-05-31 09:00:00+03:00,,0.0,chunk_0080.json,POST /v1/generation/data/dpp-bulk,2026-05-31 21:42:47.448045+00:00,5012681,R3-YOZGAT-1 RES,4711,2026-05-31T09:00:00+03:00,09:00
40X000000004711D,EKSİM ENERJİ A.Ş.,unknown,2026-05-31 10:00:00+03:00,,0.0,chunk_0080.json,POST /v1/generation/data/dpp-bulk,2026-05-31 21:42:47.448045+00:00,5012681,R3-YOZGAT-1 RES,4711,2026-05-31T10:00:00+03:00,10:00
40X000000004711D,EKSİM ENERJİ A.Ş.,unknown,2026-05-31 11:00:00+03:00,,0.0,chunk_0080.json,POST /v1/generation/data/dpp-bulk,2026-05-31 21:42:47.448045+00:00,5012681,R3-YOZGAT-1 RES,4711,2026-05-31T11:00:00+03:00,11:00
40X000000004711D,EKSİM ENERJİ A.Ş.,unknown,2026-05-31 12:00:00+03:00,,0.0,chunk_0080.json,POST /v1/generation/data/dpp-bulk,2026-05-31 21:42:47.448045+00:00,5012681,R3-YOZGAT-1 RES,4711,2026-05-31T12:00:00+03:00,12:00
40X000000004711D,EKSİM ENERJİ A.Ş.,unknown,2026-05-31 13:00:00+03:00,,0.0,chunk_0080.json,POST /v1/generation/data/dpp-bulk,2026-05-31 21:42:47.448045+00:00,5012681,R3-YOZGAT-1 RES,4711,2026-05-31T13:00:00+03:00,13:00
40X000000004711D,EKSİM ENERJİ A.Ş.,unknown,2026-05-31 14:00:00+03:00,,0.0,chunk_0080.json,POST /v1/generation/data/dpp-bulk,2026-05-31 21:42:47.448045+00:00,5012681,R3-YOZGAT-1 RES,4711,2026-05-31T14:00:00+03:00,14:00
40X000000004711D,EKSİM ENERJİ A.Ş.,unknown,2026-05-31 15:00:00+03:00,,0.0,chunk_0080.json,POST /v1/generation/data/dpp-bulk,2026-05-31 21:42:47.448045+00:00,5012681,R3-YOZGAT-1 RES,4711,2026-05-31T15:00:00+03:00,15:00
40X000000004711D,EKSİM ENERJİ A.Ş.,unknown,2026-05-31 16:00:00+03:00,,0.0,chunk_0080.json,POST /v1/generation/data/dpp-bulk,2026-05-31 21:42:47.448045+00:00,5012681,R3-YOZGAT-1 RES,4711,2026-05-31T16:00:00+03:00,16:00
40X000000004711D,EKSİM ENERJİ A.Ş.,unknown,2026-05-31 17:00:00+03:00,,0.0,chunk_0080.json,POST /v1/generation/data/dpp-bulk,2026-05-31 21:42:47.448045+00:00,5012681,R3-YOZGAT-1 RES,4711,2026-05-31T17:00:00+03:00,17:00
40X000000004711D,EKSİM ENERJİ A.Ş.,unknown,2026-05-31 18:00:00+03:00,,8.2,chunk_0080.json,POST /v1/generation/data/dpp-bulk,2026-05-31 21:42:47.448045+00:00,5012681,R3-YOZGAT-1 RES,4711,2026-05-31T18:00:00+03:00,18:00
40X000000004711D,EKSİM ENERJİ A.Ş.,unknown,2026-05-31 19:00:00+03:00,,8.33,chunk_0080.json,POST /v1/generation/data/dpp-bulk,2026-05-31 21:42:47.448045+00:00,5012681,R3-YOZGAT-1 RES,4711,2026-05-31T19:00:00+03:00,19:00
40X000000004711D,EKSİM ENERJİ A.Ş.,unknown,2026-05-31 20:00:00+03:00,,4.54,chunk_0080.json,POST /v1/generation/data/dpp-bulk,2026-05-31 21:42:47.448045+00:00,5012681,R3-YOZGAT-1 RES,4711,2026-05-31T20:00:00+03:00,20:00
40X000000004711D,EKSİM ENERJİ A.Ş.,unknown,2026-05-31 21:00:00+03:00,,10.07,chunk_0080.json,POST /v1/generation/data/dpp-bulk,2026-05-31 21:42:47.448045+00:00,5012681,R3-YOZGAT-1 RES,4711,2026-05-31T21:00:00+03:00,21:00
40X000000004711D,EKSİM ENERJİ A.Ş.,unknown,2026-05-31 22:00:00+03:00,,13.88,chunk_0080.json,POST /v1/generation/data/dpp-bulk,2026-05-31 21:42:47.448045+00:00,5012681,R3-YOZGAT-1 RES,4711,2026-05-31T22:00:00+03:00,22:00
40X000000004711D,EKSİM ENERJİ A.Ş.,unknown,2026-05-31 23:00:00+03:00,,15.47,chunk_0080.json,POST /v1/generation/data/dpp-bulk,2026-05-31 21:42:47.448045+00:00,5012681,R3-YOZGAT-1 RES,4711,2026-05-31T23:00:00+03:00,23:00
40X000000004711D,EKSİM ENERJİ A.Ş.,unknown,2026-05-31 00:00:00+03:00,,4.18,chunk_0080.json,POST /v1/generation/data/dpp-bulk,2026-05-31 21:42:47.448045+00:00,5012962,R3-KARAMAN-1 RES,4711,2026-05-31T00:00:00+03:00,00:00
40X000000004711D,EKSİM ENERJİ A.Ş.,unknown,2026-05-31 01:00:00+03:00,,5.29,chunk_0080.json,POST /v1/generation/data/dpp-bulk,2026-05-31 21:42:47.448045+00:00,5012962,R3-KARAMAN-1 RES,4711,2026-05-31T01:00:00+03:00,01:00
40X000000004711D,EKSİM ENERJİ A.Ş.,unknown,2026-05-31 02:00:00+03:00,,6.94,chunk_0080.json,POST /v1/generation/data/dpp-bulk,2026-05-31 21:42:47.448045+00:00,5012962,R3-KARAMAN-1 RES,4711,2026-05-31T02:00:00+03:00,02:00
40X000000004711D,EKSİM ENERJİ A.Ş.,unknown,2026-05-31 03:00:00+03:00,,8.7,chunk_0080.json,POST /v1/generation/data/dpp-bulk,2026-05-31 21:42:47.448045+00:00,5012962,R3-KARAMAN-1 RES,4711,2026-05-31T03:00:00+03:00,03:00
40X000000004711D,EKSİM ENERJİ A.Ş.,unknown,2026-05-31 04:00:00+03:00,,10.08,chunk_0080.json,POST /v1/generation/data/dpp-bulk,2026-05-31 21:42:47.448045+00:00,5012962,R3-KARAMAN-1 RES,4711,2026-05-31T04:00:00+03:00,04:00
40X000000004711D,EKSİM ENERJİ A.Ş.,unknown,2026-05-31 05:00:00+03:00,,10.77,chunk_0080.json,POST /v1/generation/data/dpp-bulk,2026-05-31 21:42:47.448045+00:00,5012962,R3-KARAMAN-1 RES,4711,2026-05-31T05:00:00+03:00,05:00
40X000000004711D,EKSİM ENERJİ A.Ş.,unknown,2026-05-31 06:00:00+03:00,,0.0,chunk_0080.json,POST /v1/generation/data/dpp-bulk,2026-05-31 21:42:47.448045+00:00,5012962,R3-KARAMAN-1 RES,4711,2026-05-31T06:00:00+03:00,06:00
40X000000004711D,EKSİM ENERJİ A.Ş.,unknown,2026-05-31 07:00:00+03:00,,0.0,chunk_0080.json,POST /v1/generation/data/dpp-bulk,2026-05-31 21:42:47.448045+00:00,5012962,R3-KARAMAN-1 RES,4711,2026-05-31T07:00:00+03:00,07:00
40X000000004711D,EKSİM ENERJİ A.Ş.,unknown,2026-05-31 08:00:00+03:00,,0.0,chunk_0080.json,POST /v1/generation/data/dpp-bulk,2026-05-31 21:42:47.448045+00:00,5012962,R3-KARAMAN-1 RES,4711,2026-05-31T08:00:00+03:00,08:00
40X000000004711D,EKSİM ENERJİ A.Ş.,unknown,2026-05-31 09:00:00+03:00,,0.0,chunk_0080.json,POST /v1/generation/data/dpp-bulk,2026-05-31 21:42:47.448045+00:00,5012962,R3-KARAMAN-1 RES,4711,2026-05-31T09:00:00+03:00,09:00
40X000000004711D,EKSİM ENERJİ A.Ş.,unknown,2026-05-31 10:00:00+03:00,,0.0,chunk_0080.json,POST /v1/generation/data/dpp-bulk,2026-05-31 21:42:47.448045+00:00,5012962,R3-KARAMAN-1 RES,4711,2026-05-31T10:00:00+03:00,10:00
40X000000004711D,EKSİM ENERJİ A.Ş.,unknown,2026-05-31 11:00:00+03:00,,0.0,chunk_0080.json,POST /v1/generation/data/dpp-bulk,2026-05-31 21:42:47.448045+00:00,5012962,R3-KARAMAN-1 RES,4711,2026-05-31T11:00:00+03:00,11:00
40X000000004711D,EKSİM ENERJİ A.Ş.,unknown,2026-05-31 12:00:00+03:00,,0.0,chunk_0080.json,POST /v1/generation/data/dpp-bulk,2026-05-31 21:42:47.448045+00:00,5012962,R3-KARAMAN-1 RES,4711,2026-05-31T12:00:00+03:00,12:00
40X000000004711D,EKSİM ENERJİ A.Ş.,unknown,2026-05-31 13:00:00+03:00,,0.0,chunk_0080.json,POST /v1/generation/data/dpp-bulk,2026-05-31 21:42:47.448045+00:00,5012962,R3-KARAMAN-1 RES,4711,2026-05-31T13:00:00+03:00,13:00
40X000000004711D,EKSİM ENERJİ A.Ş.,unknown,2026-05-31 14:00:00+03:00,,0.0,chunk_0080.json,POST /v1/generation/data/dpp-bulk,2026-05-31 21:42:47.448045+00:00,5012962,R3-KARAMAN-1 RES,4711,2026-05-31T14:00:00+03:00,14:00
40X000000004711D,EKSİM ENERJİ A.Ş.,unknown,2026-05-31 15:00:00+03:00,,0.0,chunk_0080.json,POST /v1/generation/data/dpp-bulk,2026-05-31 21:42:47.448045+00:00,5012962,R3-KARAMAN-1 RES,4711,2026-05-31T15:00:00+03:00,15:00
40X000000004711D,EKSİM ENERJİ A.Ş.,unknown,2026-05-31 16:00:00+03:00,,0.0,chunk_0080.json,POST /v1/generation/data/dpp-bulk,2026-05-31 21:42:47.448045+00:00,5012962,R3-KARAMAN-1 RES,4711,2026-05-31T16:00:00+03:00,16:00
40X000000004711D,EKSİM ENERJİ A.Ş.,unknown,2026-05-31 17:00:00+03:00,,0.0,chunk_0080.json,POST /v1/generation/data/dpp-bulk,2026-05-31 21:42:47.448045+00:00,5012962,R3-KARAMAN-1 RES,4711,2026-05-31T17:00:00+03:00,17:00
40X000000004711D,EKSİM ENERJİ A.Ş.,unknown,2026-05-31 18:00:00+03:00,,8.99,chunk_0080.json,POST /v1/generation/data/dpp-bulk,2026-05-31 21:42:47.448045+00:00,5012962,R3-KARAMAN-1 RES,4711,2026-05-31T18:00:00+03:00,18:00
40X000000004711D,EKSİM ENERJİ A.Ş.,unknown,2026-05-31 19:00:00+03:00,,9.5,chunk_0080.json,POST /v1/generation/data/dpp-bulk,2026-05-31 21:42:47.448045+00:00,5012962,R3-KARAMAN-1 RES,4711,2026-05-31T19:00:00+03:00,19:00
40X000000004711D,EKSİM ENERJİ A.Ş.,unknown,2026-05-31 20:00:00+03:00,,9.56,chunk_0080.json,POST /v1/generation/data/dpp-bulk,2026-05-31 21:42:47.448045+00:00,5012962,R3-KARAMAN-1 RES,4711,2026-05-31T20:00:00+03:00,20:00
40X000000004711D,EKSİM ENERJİ A.Ş.,unknown,2026-05-31 21:00:00+03:00,,9.33,chunk_0080.json,POST /v1/generation/data/dpp-bulk,2026-05-31 21:42:47.448045+00:00,5012962,R3-KARAMAN-1 RES,4711,2026-05-31T21:00:00+03:00,21:00
40X000000004711D,EKSİM ENERJİ A.Ş.,unknown,2026-05-31 22:00:00+03:00,,8.98,chunk_0080.json,POST /v1/generation/data/dpp-bulk,2026-05-31 21:42:47.448045+00:00,5012962,R3-KARAMAN-1 RES,4711,2026-05-31T22:00:00+03:00,22:00
40X000000004711D,EKSİM ENERJİ A.Ş.,unknown,2026-05-31 23:00:00+03:00,,8.05,chunk_0080.json,POST /v1/generation/data/dpp-bulk,2026-05-31 21:42:47.448045+00:00,5012962,R3-KARAMAN-1 RES,4711,2026-05-31T23:00:00+03:00,23:00
40X000000010930F,K3 OSMANGAZİ ELEKTRİK PERAKENDE SATIŞ A.Ş.,unknown,2026-05-31 00:00:00+03:00,,0.0,chunk_0080.json,POST /v1/generation/data/dpp-bulk,2026-05-31 21:42:47.448045+00:00,5012361,İGA GES(ESKİŞEHİR)_(ST)_LUY_GES_İLETİM_5.1.H,10930,2026-05-31T00:00:00+03:00,00:00
40X000000010930F,K3 OSMANGAZİ ELEKTRİK PERAKENDE SATIŞ A.Ş.,unknown,2026-05-31 01:00:00+03:00,,0.0,chunk_0080.json,POST /v1/generation/data/dpp-bulk,2026-05-31 21:42:47.448045+00:00,5012361,İGA GES(ESKİŞEHİR)_(ST)_LUY_GES_İLETİM_5.1.H,10930,2026-05-31T01:00:00+03:00,01:00
40X000000010930F,K3 OSMANGAZİ ELEKTRİK PERAKENDE SATIŞ A.Ş.,unknown,2026-05-31 02:00:00+03:00,,0.0,chunk_0080.json,POST /v1/generation/data/dpp-bulk,2026-05-31 21:42:47.448045+00:00,5012361,İGA GES(ESKİŞEHİR)_(ST)_LUY_GES_İLETİM_5.1.H,10930,2026-05-31T02:00:00+03:00,02:00
40X000000010930F,K3 OSMANGAZİ ELEKTRİK PERAKENDE SATIŞ A.Ş.,unknown,2026-05-31 03:00:00+03:00,,0.0,chunk_0080.json,POST /v1/generation/data/dpp-bulk,2026-05-31 21:42:47.448045+00:00,5012361,İGA GES(ESKİŞEHİR)_(ST)_LUY_GES_İLETİM_5.1.H,10930,2026-05-31T03:00:00+03:00,03:00
40X000000010930F,K3 OSMANGAZİ ELEKTRİK PERAKENDE SATIŞ A.Ş.,unknown,2026-05-31 04:00:00+03:00,,0.0,chunk_0080.json,POST /v1/generation/data/dpp-bulk,2026-05-31 21:42:47.448045+00:00,5012361,İGA GES(ESKİŞEHİR)_(ST)_LUY_GES_İLETİM_5.1.H,10930,2026-05-31T04:00:00+03:00,04:00
40X000000010930F,K3 OSMANGAZİ ELEKTRİK PERAKENDE SATIŞ A.Ş.,unknown,2026-05-31 05:00:00+03:00,,2.83,chunk_0080.json,POST /v1/generation/data/dpp-bulk,2026-05-31 21:42:47.448045+00:00,5012361,İGA GES(ESKİŞEHİR)_(ST)_LUY_GES_İLETİM_5.1.H,10930,2026-05-31T05:00:00+03:00,05:00
40X000000010930F,K3 OSMANGAZİ ELEKTRİK PERAKENDE SATIŞ A.Ş.,unknown,2026-05-31 06:00:00+03:00,,28.24,chunk_0080.json,POST /v1/generation/data/dpp-bulk,2026-05-31 21:42:47.448045+00:00,5012361,İGA GES(ESKİŞEHİR)_(ST)_LUY_GES_İLETİM_5.1.H,10930,2026-05-31T06:00:00+03:00,06:00
40X000000010930F,K3 OSMANGAZİ ELEKTRİK PERAKENDE SATIŞ A.Ş.,unknown,2026-05-31 07:00:00+03:00,,75.4,chunk_0080.json,POST /v1/generation/data/dpp-bulk,2026-05-31 21:42:47.448045+00:00,5012361,İGA GES(ESKİŞEHİR)_(ST)_LUY_GES_İLETİM_5.1.H,10930,2026-05-31T07:00:00+03:00,07:00
40X000000010930F,K3 OSMANGAZİ ELEKTRİK PERAKENDE SATIŞ A.Ş.,unknown,2026-05-31 08:00:00+03:00,,127.18,chunk_0080.json,POST /v1/generation/data/dpp-bulk,2026-05-31 21:42:47.448045+00:00,5012361,İGA GES(ESKİŞEHİR)_(ST)_LUY_GES_İLETİM_5.1.H,10930,2026-05-31T08:00:00+03:00,08:00
40X000000010930F,K3 OSMANGAZİ ELEKTRİK PERAKENDE SATIŞ A.Ş.,unknown,2026-05-31 09:00:00+03:00,,157.95,chunk_0080.json,POST /v1/generation/data/dpp-bulk,2026-05-31 21:42:47.448045+00:00,5012361,İGA GES(ESKİŞEHİR)_(ST)_LUY_GES_İLETİM_5.1.H,10930,2026-05-31T09:00:00+03:00,09:00
40X000000010930F,K3 OSMANGAZİ ELEKTRİK PERAKENDE SATIŞ A.Ş.,unknown,2026-05-31 10:00:00+03:00,,179.86,chunk_0080.json,POST /v1/generation/data/dpp-bulk,2026-05-31 21:42:47.448045+00:00,5012361,İGA GES(ESKİŞEHİR)_(ST)_LUY_GES_İLETİM_5.1.H,10930,2026-05-31T10:00:00+03:00,10:00
40X000000010930F,K3 OSMANGAZİ ELEKTRİK PERAKENDE SATIŞ A.Ş.,unknown,2026-05-31 11:00:00+03:00,,176.88,chunk_0080.json,POST /v1/generation/data/dpp-bulk,2026-05-31 21:42:47.448045+00:00,5012361,İGA GES(ESKİŞEHİR)_(ST)_LUY_GES_İLETİM_5.1.H,10930,2026-05-31T11:00:00+03:00,11:00
40X000000010930F,K3 OSMANGAZİ ELEKTRİK PERAKENDE SATIŞ A.Ş.,unknown,2026-05-31 12:00:00+03:00,,179.29,chunk_0080.json,POST /v1/generation/data/dpp-bulk,2026-05-31 21:42:47.448045+00:00,5012361,İGA GES(ESKİŞEHİR)_(ST)_LUY_GES_İLETİM_5.1.H,10930,2026-05-31T12:00:00+03:00,12:00
40X000000010930F,K3 OSMANGAZİ ELEKTRİK PERAKENDE SATIŞ A.Ş.,unknown,2026-05-31 13:00:00+03:00,,168.07,chunk_0080.json,POST /v1/generation/data/dpp-bulk,2026-05-31 21:42:47.448045+00:00,5012361,İGA GES(ESKİŞEHİR)_(ST)_LUY_GES_İLETİM_5.1.H,10930,2026-05-31T13:00:00+03:00,13:00
40X000000010930F,K3 OSMANGAZİ ELEKTRİK PERAKENDE SATIŞ A.Ş.,unknown,2026-05-31 14:00:00+03:00,,161.1,chunk_0080.json,POST /v1/generation/data/dpp-bulk,2026-05-31 21:42:47.448045+00:00,5012361,İGA GES(ESKİŞEHİR)_(ST)_LUY_GES_İLETİM_5.1.H,10930,2026-05-31T14:00:00+03:00,14:00
40X000000010930F,K3 OSMANGAZİ ELEKTRİK PERAKENDE SATIŞ A.Ş.,unknown,2026-05-31 15:00:00+03:00,,140.05,chunk_0080.json,POST /v1/generation/data/dpp-bulk,2026-05-31 21:42:47.448045+00:00,5012361,İGA GES(ESKİŞEHİR)_(ST)_LUY_GES_İLETİM_5.1.H,10930,2026-05-31T15:00:00+03:00,15:00
40X000000010930F,K3 OSMANGAZİ ELEKTRİK PERAKENDE SATIŞ A.Ş.,unknown,2026-05-31 16:00:00+03:00,,112.6,chunk_0080.json,POST /v1/generation/data/dpp-bulk,2026-05-31 21:42:47.448045+00:00,5012361,İGA GES(ESKİŞEHİR)_(ST)_LUY_GES_İLETİM_5.1.H,10930,2026-05-31T16:00:00+03:00,16:00
40X000000010930F,K3 OSMANGAZİ ELEKTRİK PERAKENDE SATIŞ A.Ş.,unknown,2026-05-31 17:00:00+03:00,,40.0,chunk_0080.json,POST /v1/generation/data/dpp-bulk,2026-05-31 21:42:47.448045+00:00,5012361,İGA GES(ESKİŞEHİR)_(ST)_LUY_GES_İLETİM_5.1.H,10930,2026-05-31T17:00:00+03:00,17:00
40X000000010930F,K3 OSMANGAZİ ELEKTRİK PERAKENDE SATIŞ A.Ş.,unknown,2026-05-31 18:00:00+03:00,,15.53,chunk_0080.json,POST /v1/generation/data/dpp-bulk,2026-05-31 21:42:47.448045+00:00,5012361,İGA GES(ESKİŞEHİR)_(ST)_LUY_GES_İLETİM_5.1.H,10930,2026-05-31T18:00:00+03:00,18:00
40X000000010930F,K3 OSMANGAZİ ELEKTRİK PERAKENDE SATIŞ A.Ş.,unknown,2026-05-31 19:00:00+03:00,,7.87,chunk_0080.json,POST /v1/generation/data/dpp-bulk,2026-05-31 21:42:47.448045+00:00,5012361,İGA GES(ESKİŞEHİR)_(ST)_LUY_GES_İLETİM_5.1.H,10930,2026-05-31T19:00:00+03:00,19:00
40X000000010930F,K3 OSMANGAZİ ELEKTRİK PERAKENDE SATIŞ A.Ş.,unknown,2026-05-31 20:00:00+03:00,,1.26,chunk_0080.json,POST /v1/generation/data/dpp-bulk,2026-05-31 21:42:47.448045+00:00,5012361,İGA GES(ESKİŞEHİR)_(ST)_LUY_GES_İLETİM_5.1.H,10930,2026-05-31T20:00:00+03:00,20:00
40X000000010930F,K3 OSMANGAZİ ELEKTRİK PERAKENDE SATIŞ A.Ş.,unknown,2026-05-31 21:00:00+03:00,,0.0,chunk_0080.json,POST /v1/generation/data/dpp-bulk,2026-05-31 21:42:47.448045+00:00,5012361,İGA GES(ESKİŞEHİR)_(ST)_LUY_GES_İLETİM_5.1.H,10930,2026-05-31T21:00:00+03:00,21:00
40X000000010930F,K3 OSMANGAZİ ELEKTRİK PERAKENDE SATIŞ A.Ş.,unknown,2026-05-31 22:00:00+03:00,,0.0,chunk_0080.json,POST /v1/generation/data/dpp-bulk,2026-05-31 21:42:47.448045+00:00,5012361,İGA GES(ESKİŞEHİR)_(ST)_LUY_GES_İLETİM_5.1.H,10930,2026-05-31T22:00:00+03:00,22:00
40X000000010930F,K3 OSMANGAZİ ELEKTRİK PERAKENDE SATIŞ A.Ş.,unknown,2026-05-31 23:00:00+03:00,,0.0,chunk_0080.json,POST /v1/generation/data/dpp-bulk,2026-05-31 21:42:47.448045+00:00,5012361,İGA GES(ESKİŞEHİR)_(ST)_LUY_GES_İLETİM_5.1.H,10930,2026-05-31T23:00:00+03:00,23:00
40X0000000109339,K3 AKSA FIRAT ELEKTRİK PERAKENDE SATIŞ ANONİM ŞİRKETİ,unknown,2026-05-31 00:00:00+03:00,,0.0,chunk_0080.json,POST /v1/generation/data/dpp-bulk,2026-05-31 21:42:47.448045+00:00,5012901,TİCARETHANE-ALÇAK GERİLİM-KADEME 1-10Y - SAATLİK-TEK TERİMLİ-5.1.C,10933,2026-05-31T00:00:00+03:00,00:00
40X0000000109339,K3 AKSA FIRAT ELEKTRİK PERAKENDE SATIŞ ANONİM ŞİRKETİ,unknown,2026-05-31 01:00:00+03:00,,0.0,chunk_0080.json,POST /v1/generation/data/dpp-bulk,2026-05-31 21:42:47.448045+00:00,5012901,TİCARETHANE-ALÇAK GERİLİM-KADEME 1-10Y - SAATLİK-TEK TERİMLİ-5.1.C,10933,2026-05-31T01:00:00+03:00,01:00
40X0000000109339,K3 AKSA FIRAT ELEKTRİK PERAKENDE SATIŞ ANONİM ŞİRKETİ,unknown,2026-05-31 02:00:00+03:00,,0.0,chunk_0080.json,POST /v1/generation/data/dpp-bulk,2026-05-31 21:42:47.448045+00:00,5012901,TİCARETHANE-ALÇAK GERİLİM-KADEME 1-10Y - SAATLİK-TEK TERİMLİ-5.1.C,10933,2026-05-31T02:00:00+03:00,02:00
40X0000000109339,K3 AKSA FIRAT ELEKTRİK PERAKENDE SATIŞ ANONİM ŞİRKETİ,unknown,2026-05-31 03:00:00+03:00,,0.0,chunk_0080.json,POST /v1/generation/data/dpp-bulk,2026-05-31 21:42:47.448045+00:00,5012901,TİCARETHANE-ALÇAK GERİLİM-KADEME 1-10Y - SAATLİK-TEK TERİMLİ-5.1.C,10933,2026-05-31T03:00:00+03:00,03:00
40X0000000109339,K3 AKSA FIRAT ELEKTRİK PERAKENDE SATIŞ ANONİM ŞİRKETİ,unknown,2026-05-31 04:00:00+03:00,,0.0,chunk_0080.json,POST /v1/generation/data/dpp-bulk,2026-05-31 21:42:47.448045+00:00,5012901,TİCARETHANE-ALÇAK GERİLİM-KADEME 1-10Y - SAATLİK-TEK TERİMLİ-5.1.C,10933,2026-05-31T04:00:00+03:00,04:00
40X0000000109339,K3 AKSA FIRAT ELEKTRİK PERAKENDE SATIŞ ANONİM ŞİRKETİ,unknown,2026-05-31 05:00:00+03:00,,0.02,chunk_0080.json,POST /v1/generation/data/dpp-bulk,2026-05-31 21:42:47.448045+00:00,5012901,TİCARETHANE-ALÇAK GERİLİM-KADEME 1-10Y - SAATLİK-TEK TERİMLİ-5.1.C,10933,2026-05-31T05:00:00+03:00,05:00
40X0000000109339,K3 AKSA FIRAT ELEKTRİK PERAKENDE SATIŞ ANONİM ŞİRKETİ,unknown,2026-05-31 06:00:00+03:00,,0.14,chunk_0080.json,POST /v1/generation/data/dpp-bulk,2026-05-31 21:42:47.448045+00:00,5012901,TİCARETHANE-ALÇAK GERİLİM-KADEME 1-10Y - SAATLİK-TEK TERİMLİ-5.1.C,10933,2026-05-31T06:00:00+03:00,06:00
40X0000000109339,K3 AKSA FIRAT ELEKTRİK PERAKENDE SATIŞ ANONİM ŞİRKETİ,unknown,2026-05-31 07:00:00+03:00,,0.39,chunk_0080.json,POST /v1/generation/data/dpp-bulk,2026-05-31 21:42:47.448045+00:00,5012901,TİCARETHANE-ALÇAK GERİLİM-KADEME 1-10Y - SAATLİK-TEK TERİMLİ-5.1.C,10933,2026-05-31T07:00:00+03:00,07:00
40X0000000109339,K3 AKSA FIRAT ELEKTRİK PERAKENDE SATIŞ ANONİM ŞİRKETİ,unknown,2026-05-31 08:00:00+03:00,,0.63,chunk_0080.json,POST /v1/generation/data/dpp-bulk,2026-05-31 21:42:47.448045+00:00,5012901,TİCARETHANE-ALÇAK GERİLİM-KADEME 1-10Y - SAATLİK-TEK TERİMLİ-5.1.C,10933,2026-05-31T08:00:00+03:00,08:00
40X0000000109339,K3 AKSA FIRAT ELEKTRİK PERAKENDE SATIŞ ANONİM ŞİRKETİ,unknown,2026-05-31 09:00:00+03:00,,0.82,chunk_0080.json,POST /v1/generation/data/dpp-bulk,2026-05-31 21:42:47.448045+00:00,5012901,TİCARETHANE-ALÇAK GERİLİM-KADEME 1-10Y - SAATLİK-TEK TERİMLİ-5.1.C,10933,2026-05-31T09:00:00+03:00,09:00
40X0000000109339,K3 AKSA FIRAT ELEKTRİK PERAKENDE SATIŞ ANONİM ŞİRKETİ,unknown,2026-05-31 10:00:00+03:00,,0.92,chunk_0080.json,POST /v1/generation/data/dpp-bulk,2026-05-31 21:42:47.448045+00:00,5012901,TİCARETHANE-ALÇAK GERİLİM-KADEME 1-10Y - SAATLİK-TEK TERİMLİ-5.1.C,10933,2026-05-31T10:00:00+03:00,10:00
40X0000000109339,K3 AKSA FIRAT ELEKTRİK PERAKENDE SATIŞ ANONİM ŞİRKETİ,unknown,2026-05-31 11:00:00+03:00,,0.91,chunk_0080.json,POST /v1/generation/data/dpp-bulk,2026-05-31 21:42:47.448045+00:00,5012901,TİCARETHANE-ALÇAK GERİLİM-KADEME 1-10Y - SAATLİK-TEK TERİMLİ-5.1.C,10933,2026-05-31T11:00:00+03:00,11:00
40X0000000109339,K3 AKSA FIRAT ELEKTRİK PERAKENDE SATIŞ ANONİM ŞİRKETİ,unknown,2026-05-31 12:00:00+03:00,,0.89,chunk_0080.json,POST /v1/generation/data/dpp-bulk,2026-05-31 21:42:47.448045+00:00,5012901,TİCARETHANE-ALÇAK GERİLİM-KADEME 1-10Y - SAATLİK-TEK TERİMLİ-5.1.C,10933,2026-05-31T12:00:00+03:00,12:00
40X0000000109339,K3 AKSA FIRAT ELEKTRİK PERAKENDE SATIŞ ANONİM ŞİRKETİ,unknown,2026-05-31 13:00:00+03:00,,0.86,chunk_0080.json,POST /v1/generation/data/dpp-bulk,2026-05-31 21:42:47.448045+00:00,5012901,TİCARETHANE-ALÇAK GERİLİM-KADEME 1-10Y - SAATLİK-TEK TERİMLİ-5.1.C,10933,2026-05-31T13:00:00+03:00,13:00
40X0000000109339,K3 AKSA FIRAT ELEKTRİK PERAKENDE SATIŞ ANONİM ŞİRKETİ,unknown,2026-05-31 14:00:00+03:00,,0.81,chunk_0080.json,POST /v1/generation/data/dpp-bulk,2026-05-31 21:42:47.448045+00:00,5012901,TİCARETHANE-ALÇAK GERİLİM-KADEME 1-10Y - SAATLİK-TEK TERİMLİ-5.1.C,10933,2026-05-31T14:00:00+03:00,14:00
40X0000000109339,K3 AKSA FIRAT ELEKTRİK PERAKENDE SATIŞ ANONİM ŞİRKETİ,unknown,2026-05-31 15:00:00+03:00,,0.69,chunk_0080.json,POST /v1/generation/data/dpp-bulk,2026-05-31 21:42:47.448045+00:00,5012901,TİCARETHANE-ALÇAK GERİLİM-KADEME 1-10Y - SAATLİK-TEK TERİMLİ-5.1.C,10933,2026-05-31T15:00:00+03:00,15:00
40X0000000109339,K3 AKSA FIRAT ELEKTRİK PERAKENDE SATIŞ ANONİM ŞİRKETİ,unknown,2026-05-31 16:00:00+03:00,,0.49,chunk_0080.json,POST /v1/generation/data/dpp-bulk,2026-05-31 21:42:47.448045+00:00,5012901,TİCARETHANE-ALÇAK GERİLİM-KADEME 1-10Y - SAATLİK-TEK TERİMLİ-5.1.C,10933,2026-05-31T16:00:00+03:00,16:00
40X0000000109339,K3 AKSA FIRAT ELEKTRİK PERAKENDE SATIŞ ANONİM ŞİRKETİ,unknown,2026-05-31 17:00:00+03:00,,0.27,chunk_0080.json,POST /v1/generation/data/dpp-bulk,2026-05-31 21:42:47.448045+00:00,5012901,TİCARETHANE-ALÇAK GERİLİM-KADEME 1-10Y - SAATLİK-TEK TERİMLİ-5.1.C,10933,2026-05-31T17:00:00+03:00,17:00
40X0000000109339,K3 AKSA FIRAT ELEKTRİK PERAKENDE SATIŞ ANONİM ŞİRKETİ,unknown,2026-05-31 18:00:00+03:00,,0.09,chunk_0080.json,POST /v1/generation/data/dpp-bulk,2026-05-31 21:42:47.448045+00:00,5012901,TİCARETHANE-ALÇAK GERİLİM-KADEME 1-10Y - SAATLİK-TEK TERİMLİ-5.1.C,10933,2026-05-31T18:00:00+03:00,18:00
40X0000000109339,K3 AKSA FIRAT ELEKTRİK PERAKENDE SATIŞ ANONİM ŞİRKETİ,unknown,2026-05-31 19:00:00+03:00,,0.01,chunk_0080.json,POST /v1/generation/data/dpp-bulk,2026-05-31 21:42:47.448045+00:00,5012901,TİCARETHANE-ALÇAK GERİLİM-KADEME 1-10Y - SAATLİK-TEK TERİMLİ-5.1.C,10933,2026-05-31T19:00:00+03:00,19:00
40X0000000109339,K3 AKSA FIRAT ELEKTRİK PERAKENDE SATIŞ ANONİM ŞİRKETİ,unknown,2026-05-31 20:00:00+03:00,,0.0,chunk_0080.json,POST /v1/generation/data/dpp-bulk,2026-05-31 21:42:47.448045+00:00,5012901,TİCARETHANE-ALÇAK GERİLİM-KADEME 1-10Y - SAATLİK-TEK TERİMLİ-5.1.C,10933,2026-05-31T20:00:00+03:00,20:00
40X0000000109339,K3 AKSA FIRAT ELEKTRİK PERAKENDE SATIŞ ANONİM ŞİRKETİ,unknown,2026-05-31 21:00:00+03:00,,0.0,chunk_0080.json,POST /v1/generation/data/dpp-bulk,2026-05-31 21:42:47.448045+00:00,5012901,TİCARETHANE-ALÇAK GERİLİM-KADEME 1-10Y - SAATLİK-TEK TERİMLİ-5.1.C,10933,2026-05-31T21:00:00+03:00,21:00
40X0000000109339,K3 AKSA FIRAT ELEKTRİK PERAKENDE SATIŞ ANONİM ŞİRKETİ,unknown,2026-05-31 22:00:00+03:00,,0.0,chunk_0080.json,POST /v1/generation/data/dpp-bulk,2026-05-31 21:42:47.448045+00:00,5012901,TİCARETHANE-ALÇAK GERİLİM-KADEME 1-10Y - SAATLİK-TEK TERİMLİ-5.1.C,10933,2026-05-31T22:00:00+03:00,22:00
40X0000000109339,K3 AKSA FIRAT ELEKTRİK PERAKENDE SATIŞ ANONİM ŞİRKETİ,unknown,2026-05-31 23:00:00+03:00,,0.0,chunk_0080.json,POST /v1/generation/data/dpp-bulk,2026-05-31 21:42:47.448045+00:00,5012901,TİCARETHANE-ALÇAK GERİLİM-KADEME 1-10Y - SAATLİK-TEK TERİMLİ-5.1.C,10933,2026-05-31T23:00:00+03:00,23:00
40X0000000109339,K3 AKSA FIRAT ELEKTRİK PERAKENDE SATIŞ ANONİM ŞİRKETİ,unknown,2026-05-31 00:00:00+03:00,,0.0,chunk_0080.json,POST /v1/generation/data/dpp-bulk,2026-05-31 21:42:47.448045+00:00,5013263,TARIMSAL SULAMA - ORTA GERILIM - 10Y - SAATLIK - ÇİFT TERIMLI - 5.1.C,10933,2026-05-31T00:00:00+03:00,00:00
40X0000000109339,K3 AKSA FIRAT ELEKTRİK PERAKENDE SATIŞ ANONİM ŞİRKETİ,unknown,2026-05-31 01:00:00+03:00,,0.0,chunk_0080.json,POST /v1/generation/data/dpp-bulk,2026-05-31 21:42:47.448045+00:00,5013263,TARIMSAL SULAMA - ORTA GERILIM - 10Y - SAATLIK - ÇİFT TERIMLI - 5.1.C,10933,2026-05-31T01:00:00+03:00,01:00
40X0000000109339,K3 AKSA FIRAT ELEKTRİK PERAKENDE SATIŞ ANONİM ŞİRKETİ,unknown,2026-05-31 02:00:00+03:00,,0.0,chunk_0080.json,POST /v1/generation/data/dpp-bulk,2026-05-31 21:42:47.448045+00:00,5013263,TARIMSAL SULAMA - ORTA GERILIM - 10Y - SAATLIK - ÇİFT TERIMLI - 5.1.C,10933,2026-05-31T02:00:00+03:00,02:00
40X0000000109339,K3 AKSA FIRAT ELEKTRİK PERAKENDE SATIŞ ANONİM ŞİRKETİ,unknown,2026-05-31 03:00:00+03:00,,0.0,chunk_0080.json,POST /v1/generation/data/dpp-bulk,2026-05-31 21:42:47.448045+00:00,5013263,TARIMSAL SULAMA - ORTA GERILIM - 10Y - SAATLIK - ÇİFT TERIMLI - 5.1.C,10933,2026-05-31T03:00:00+03:00,03:00
40X0000000109339,K3 AKSA FIRAT ELEKTRİK PERAKENDE SATIŞ ANONİM ŞİRKETİ,unknown,2026-05-31 04:00:00+03:00,,0.0,chunk_0080.json,POST /v1/generation/data/dpp-bulk,2026-05-31 21:42:47.448045+00:00,5013263,TARIMSAL SULAMA - ORTA GERILIM - 10Y - SAATLIK - ÇİFT TERIMLI - 5.1.C,10933,2026-05-31T04:00:00+03:00,04:00
40X0000000109339,K3 AKSA FIRAT ELEKTRİK PERAKENDE SATIŞ ANONİM ŞİRKETİ,unknown,2026-05-31 05:00:00+03:00,,0.0,chunk_0080.json,POST /v1/generation/data/dpp-bulk,2026-05-31 21:42:47.448045+00:00,5013263,TARIMSAL SULAMA - ORTA GERILIM - 10Y - SAATLIK - ÇİFT TERIMLI - 5.1.C,10933,2026-05-31T05:00:00+03:00,05:00
40X0000000109339,K3 AKSA FIRAT ELEKTRİK PERAKENDE SATIŞ ANONİM ŞİRKETİ,unknown,2026-05-31 06:00:00+03:00,,0.0,chunk_0080.json,POST /v1/generation/data/dpp-bulk,2026-05-31 21:42:47.448045+00:00,5013263,TARIMSAL SULAMA - ORTA GERILIM - 10Y - SAATLIK - ÇİFT TERIMLI - 5.1.C,10933,2026-05-31T06:00:00+03:00,06:00
40X0000000109339,K3 AKSA FIRAT ELEKTRİK PERAKENDE SATIŞ ANONİM ŞİRKETİ,unknown,2026-05-31 07:00:00+03:00,,0.01,chunk_0080.json,POST /v1/generation/data/dpp-bulk,2026-05-31 21:42:47.448045+00:00,5013263,TARIMSAL SULAMA - ORTA GERILIM - 10Y - SAATLIK - ÇİFT TERIMLI - 5.1.C,10933,2026-05-31T07:00:00+03:00,07:00
40X0000000109339,K3 AKSA FIRAT ELEKTRİK PERAKENDE SATIŞ ANONİM ŞİRKETİ,unknown,2026-05-31 08:00:00+03:00,,0.02,chunk_0080.json,POST /v1/generation/data/dpp-bulk,2026-05-31 21:42:47.448045+00:00,5013263,TARIMSAL SULAMA - ORTA GERILIM - 10Y - SAATLIK - ÇİFT TERIMLI - 5.1.C,10933,2026-05-31T08:00:00+03:00,08:00
40X0000000109339,K3 AKSA FIRAT ELEKTRİK PERAKENDE SATIŞ ANONİM ŞİRKETİ,unknown,2026-05-31 09:00:00+03:00,,0.02,chunk_0080.json,POST /v1/generation/data/dpp-bulk,2026-05-31 21:42:47.448045+00:00,5013263,TARIMSAL SULAMA - ORTA GERILIM - 10Y - SAATLIK - ÇİFT TERIMLI - 5.1.C,10933,2026-05-31T09:00:00+03:00,09:00
40X0000000109339,K3 AKSA FIRAT ELEKTRİK PERAKENDE SATIŞ ANONİM ŞİRKETİ,unknown,2026-05-31 10:00:00+03:00,,0.03,chunk_0080.json,POST /v1/generation/data/dpp-bulk,2026-05-31 21:42:47.448045+00:00,5013263,TARIMSAL SULAMA - ORTA GERILIM - 10Y - SAATLIK - ÇİFT TERIMLI - 5.1.C,10933,2026-05-31T10:00:00+03:00,10:00
40X0000000109339,K3 AKSA FIRAT ELEKTRİK PERAKENDE SATIŞ ANONİM ŞİRKETİ,unknown,2026-05-31 11:00:00+03:00,,0.03,chunk_0080.json,POST /v1/generation/data/dpp-bulk,2026-05-31 21:42:47.448045+00:00,5013263,TARIMSAL SULAMA - ORTA GERILIM - 10Y - SAATLIK - ÇİFT TERIMLI - 5.1.C,10933,2026-05-31T11:00:00+03:00,11:00
40X0000000109339,K3 AKSA FIRAT ELEKTRİK PERAKENDE SATIŞ ANONİM ŞİRKETİ,unknown,2026-05-31 12:00:00+03:00,,0.03,chunk_0080.json,POST /v1/generation/data/dpp-bulk,2026-05-31 21:42:47.448045+00:00,5013263,TARIMSAL SULAMA - ORTA GERILIM - 10Y - SAATLIK - ÇİFT TERIMLI - 5.1.C,10933,2026-05-31T12:00:00+03:00,12:00
40X0000000109339,K3 AKSA FIRAT ELEKTRİK PERAKENDE SATIŞ ANONİM ŞİRKETİ,unknown,2026-05-31 13:00:00+03:00,,0.03,chunk_0080.json,POST /v1/generation/data/dpp-bulk,2026-05-31 21:42:47.448045+00:00,5013263,TARIMSAL SULAMA - ORTA GERILIM - 10Y - SAATLIK - ÇİFT TERIMLI - 5.1.C,10933,2026-05-31T13:00:00+03:00,13:00
40X0000000109339,K3 AKSA FIRAT ELEKTRİK PERAKENDE SATIŞ ANONİM ŞİRKETİ,unknown,2026-05-31 14:00:00+03:00,,0.02,chunk_0080.json,POST /v1/generation/data/dpp-bulk,2026-05-31 21:42:47.448045+00:00,5013263,TARIMSAL SULAMA - ORTA GERILIM - 10Y - SAATLIK - ÇİFT TERIMLI - 5.1.C,10933,2026-05-31T14:00:00+03:00,14:00
40X0000000109339,K3 AKSA FIRAT ELEKTRİK PERAKENDE SATIŞ ANONİM ŞİRKETİ,unknown,2026-05-31 15:00:00+03:00,,0.02,chunk_0080.json,POST /v1/generation/data/dpp-bulk,2026-05-31 21:42:47.448045+00:00,5013263,TARIMSAL SULAMA - ORTA GERILIM - 10Y - SAATLIK - ÇİFT TERIMLI - 5.1.C,10933,2026-05-31T15:00:00+03:00,15:00
40X0000000109339,K3 AKSA FIRAT ELEKTRİK PERAKENDE SATIŞ ANONİM ŞİRKETİ,unknown,2026-05-31 16:00:00+03:00,,0.01,chunk_0080.json,POST /v1/generation/data/dpp-bulk,2026-05-31 21:42:47.448045+00:00,5013263,TARIMSAL SULAMA - ORTA GERILIM - 10Y - SAATLIK - ÇİFT TERIMLI - 5.1.C,10933,2026-05-31T16:00:00+03:00,16:00
40X0000000109339,K3 AKSA FIRAT ELEKTRİK PERAKENDE SATIŞ ANONİM ŞİRKETİ,unknown,2026-05-31 17:00:00+03:00,,0.01,chunk_0080.json,POST /v1/generation/data/dpp-bulk,2026-05-31 21:42:47.448045+00:00,5013263,TARIMSAL SULAMA - ORTA GERILIM - 10Y - SAATLIK - ÇİFT TERIMLI - 5.1.C,10933,2026-05-31T17:00:00+03:00,17:00
40X0000000109339,K3 AKSA FIRAT ELEKTRİK PERAKENDE SATIŞ ANONİM ŞİRKETİ,unknown,2026-05-31 18:00:00+03:00,,0.0,chunk_0080.json,POST /v1/generation/data/dpp-bulk,2026-05-31 21:42:47.448045+00:00,5013263,TARIMSAL SULAMA - ORTA GERILIM - 10Y - SAATLIK - ÇİFT TERIMLI - 5.1.C,10933,2026-05-31T18:00:00+03:00,18:00
40X0000000109339,K3 AKSA FIRAT ELEKTRİK PERAKENDE SATIŞ ANONİM ŞİRKETİ,unknown,2026-05-31 19:00:00+03:00,,0.0,chunk_0080.json,POST /v1/generation/data/dpp-bulk,2026-05-31 21:42:47.448045+00:00,5013263,TARIMSAL SULAMA - ORTA GERILIM - 10Y - SAATLIK - ÇİFT TERIMLI - 5.1.C,10933,2026-05-31T19:00:00+03:00,19:00
40X0000000109339,K3 AKSA FIRAT ELEKTRİK PERAKENDE SATIŞ ANONİM ŞİRKETİ,unknown,2026-05-31 20:00:00+03:00,,0.0,chunk_0080.json,POST /v1/generation/data/dpp-bulk,2026-05-31 21:42:47.448045+00:00,5013263,TARIMSAL SULAMA - ORTA GERILIM - 10Y - SAATLIK - ÇİFT TERIMLI - 5.1.C,10933,2026-05-31T20:00:00+03:00,20:00
40X0000000109339,K3 AKSA FIRAT ELEKTRİK PERAKENDE SATIŞ ANONİM ŞİRKETİ,unknown,2026-05-31 21:00:00+03:00,,0.0,chunk_0080.json,POST /v1/generation/data/dpp-bulk,2026-05-31 21:42:47.448045+00:00,5013263,TARIMSAL SULAMA - ORTA GERILIM - 10Y - SAATLIK - ÇİFT TERIMLI - 5.1.C,10933,2026-05-31T21:00:00+03:00,21:00
40X0000000109339,K3 AKSA FIRAT ELEKTRİK PERAKENDE SATIŞ ANONİM ŞİRKETİ,unknown,2026-05-31 22:00:00+03:00,,0.0,chunk_0080.json,POST /v1/generation/data/dpp-bulk,2026-05-31 21:42:47.448045+00:00,5013263,TARIMSAL SULAMA - ORTA GERILIM - 10Y - SAATLIK - ÇİFT TERIMLI - 5.1.C,10933,2026-05-31T22:00:00+03:00,22:00
40X0000000109339,K3 AKSA FIRAT ELEKTRİK PERAKENDE SATIŞ ANONİM ŞİRKETİ,unknown,2026-05-31 23:00:00+03:00,,0.0,chunk_0080.json,POST /v1/generation/data/dpp-bulk,2026-05-31 21:42:47.448045+00:00,5013263,TARIMSAL SULAMA - ORTA GERILIM - 10Y - SAATLIK - ÇİFT TERIMLI - 5.1.C,10933,2026-05-31T23:00:00+03:00,23:00
40X0000000109428,K3 ARAS ELEKTRIK PERAKENDE SATIŞ A.Ş.,unknown,2026-05-31 00:00:00+03:00,,0.0,chunk_0080.json,POST /v1/generation/data/dpp-bulk,2026-05-31 21:42:47.448045+00:00,5012765,ETİ BAKIR AĞRI GES TM_TRA(ST)_LUY_GES_İLETİM_5.1.H,10942,2026-05-31T00:00:00+03:00,00:00
40X0000000109428,K3 ARAS ELEKTRIK PERAKENDE SATIŞ A.Ş.,unknown,2026-05-31 01:00:00+03:00,,0.0,chunk_0080.json,POST /v1/generation/data/dpp-bulk,2026-05-31 21:42:47.448045+00:00,5012765,ETİ BAKIR AĞRI GES TM_TRA(ST)_LUY_GES_İLETİM_5.1.H,10942,2026-05-31T01:00:00+03:00,01:00
40X0000000109428,K3 ARAS ELEKTRIK PERAKENDE SATIŞ A.Ş.,unknown,2026-05-31 02:00:00+03:00,,0.0,chunk_0080.json,POST /v1/generation/data/dpp-bulk,2026-05-31 21:42:47.448045+00:00,5012765,ETİ BAKIR AĞRI GES TM_TRA(ST)_LUY_GES_İLETİM_5.1.H,10942,2026-05-31T02:00:00+03:00,02:00
40X0000000109428,K3 ARAS ELEKTRIK PERAKENDE SATIŞ A.Ş.,unknown,2026-05-31 03:00:00+03:00,,0.0,chunk_0080.json,POST /v1/generation/data/dpp-bulk,2026-05-31 21:42:47.448045+00:00,5012765,ETİ BAKIR AĞRI GES TM_TRA(ST)_LUY_GES_İLETİM_5.1.H,10942,2026-05-31T03:00:00+03:00,03:00
40X0000000109428,K3 ARAS ELEKTRIK PERAKENDE SATIŞ A.Ş.,unknown,2026-05-31 04:00:00+03:00,,0.0,chunk_0080.json,POST /v1/generation/data/dpp-bulk,2026-05-31 21:42:47.448045+00:00,5012765,ETİ BAKIR AĞRI GES TM_TRA(ST)_LUY_GES_İLETİM_5.1.H,10942,2026-05-31T04:00:00+03:00,04:00
40X0000000109428,K3 ARAS ELEKTRIK PERAKENDE SATIŞ A.Ş.,unknown,2026-05-31 05:00:00+03:00,,5.0,chunk_0080.json,POST /v1/generation/data/dpp-bulk,2026-05-31 21:42:47.448045+00:00,5012765,ETİ BAKIR AĞRI GES TM_TRA(ST)_LUY_GES_İLETİM_5.1.H,10942,2026-05-31T05:00:00+03:00,05:00
40X0000000109428,K3 ARAS ELEKTRIK PERAKENDE SATIŞ A.Ş.,unknown,2026-05-31 06:00:00+03:00,,25.0,chunk_0080.json,POST /v1/generation/data/dpp-bulk,2026-05-31 21:42:47.448045+00:00,5012765,ETİ BAKIR AĞRI GES TM_TRA(ST)_LUY_GES_İLETİM_5.1.H,10942,2026-05-31T06:00:00+03:00,06:00
40X0000000109428,K3 ARAS ELEKTRIK PERAKENDE SATIŞ A.Ş.,unknown,2026-05-31 07:00:00+03:00,,35.0,chunk_0080.json,POST /v1/generation/data/dpp-bulk,2026-05-31 21:42:47.448045+00:00,5012765,ETİ BAKIR AĞRI GES TM_TRA(ST)_LUY_GES_İLETİM_5.1.H,10942,2026-05-31T07:00:00+03:00,07:00
40X0000000109428,K3 ARAS ELEKTRIK PERAKENDE SATIŞ A.Ş.,unknown,2026-05-31 08:00:00+03:00,,0.0,chunk_0080.json,POST /v1/generation/data/dpp-bulk,2026-05-31 21:42:47.448045+00:00,5012765,ETİ BAKIR AĞRI GES TM_TRA(ST)_LUY_GES_İLETİM_5.1.H,10942,2026-05-31T08:00:00+03:00,08:00
40X0000000109428,K3 ARAS ELEKTRIK PERAKENDE SATIŞ A.Ş.,unknown,2026-05-31 09:00:00+03:00,,0.0,chunk_0080.json,POST /v1/generation/data/dpp-bulk,2026-05-31 21:42:47.448045+00:00,5012765,ETİ BAKIR AĞRI GES TM_TRA(ST)_LUY_GES_İLETİM_5.1.H,10942,2026-05-31T09:00:00+03:00,09:00
40X0000000109428,K3 ARAS ELEKTRIK PERAKENDE SATIŞ A.Ş.,unknown,2026-05-31 10:00:00+03:00,,0.0,chunk_0080.json,POST /v1/generation/data/dpp-bulk,2026-05-31 21:42:47.448045+00:00,5012765,ETİ BAKIR AĞRI GES TM_TRA(ST)_LUY_GES_İLETİM_5.1.H,10942,2026-05-31T10:00:00+03:00,10:00
40X0000000109428,K3 ARAS ELEKTRIK PERAKENDE SATIŞ A.Ş.,unknown,2026-05-31 11:00:00+03:00,,0.0,chunk_0080.json,POST /v1/generation/data/dpp-bulk,2026-05-31 21:42:47.448045+00:00,5012765,ETİ BAKIR AĞRI GES TM_TRA(ST)_LUY_GES_İLETİM_5.1.H,10942,2026-05-31T11:00:00+03:00,11:00
40X0000000109428,K3 ARAS ELEKTRIK PERAKENDE SATIŞ A.Ş.,unknown,2026-05-31 12:00:00+03:00,,0.0,chunk_0080.json,POST /v1/generation/data/dpp-bulk,2026-05-31 21:42:47.448045+00:00,5012765,ETİ BAKIR AĞRI GES TM_TRA(ST)_LUY_GES_İLETİM_5.1.H,10942,2026-05-31T12:00:00+03:00,12:00
40X0000000109428,K3 ARAS ELEKTRIK PERAKENDE SATIŞ A.Ş.,unknown,2026-05-31 13:00:00+03:00,,0.0,chunk_0080.json,POST /v1/generation/data/dpp-bulk,2026-05-31 21:42:47.448045+00:00,5012765,ETİ BAKIR AĞRI GES TM_TRA(ST)_LUY_GES_İLETİM_5.1.H,10942,2026-05-31T13:00:00+03:00,13:00
40X0000000109428,K3 ARAS ELEKTRIK PERAKENDE SATIŞ A.Ş.,unknown,2026-05-31 14:00:00+03:00,,0.0,chunk_0080.json,POST /v1/generation/data/dpp-bulk,2026-05-31 21:42:47.448045+00:00,5012765,ETİ BAKIR AĞRI GES TM_TRA(ST)_LUY_GES_İLETİM_5.1.H,10942,2026-05-31T14:00:00+03:00,14:00
40X0000000109428,K3 ARAS ELEKTRIK PERAKENDE SATIŞ A.Ş.,unknown,2026-05-31 15:00:00+03:00,,0.0,chunk_0080.json,POST /v1/generation/data/dpp-bulk,2026-05-31 21:42:47.448045+00:00,5012765,ETİ BAKIR AĞRI GES TM_TRA(ST)_LUY_GES_İLETİM_5.1.H,10942,2026-05-31T15:00:00+03:00,15:00
40X0000000109428,K3 ARAS ELEKTRIK PERAKENDE SATIŞ A.Ş.,unknown,2026-05-31 16:00:00+03:00,,0.0,chunk_0080.json,POST /v1/generation/data/dpp-bulk,2026-05-31 21:42:47.448045+00:00,5012765,ETİ BAKIR AĞRI GES TM_TRA(ST)_LUY_GES_İLETİM_5.1.H,10942,2026-05-31T16:00:00+03:00,16:00
40X0000000109428,K3 ARAS ELEKTRIK PERAKENDE SATIŞ A.Ş.,unknown,2026-05-31 17:00:00+03:00,,10.0,chunk_0080.json,POST /v1/generation/data/dpp-bulk,2026-05-31 21:42:47.448045+00:00,5012765,ETİ BAKIR AĞRI GES TM_TRA(ST)_LUY_GES_İLETİM_5.1.H,10942,2026-05-31T17:00:00+03:00,17:00
40X0000000109428,K3 ARAS ELEKTRIK PERAKENDE SATIŞ A.Ş.,unknown,2026-05-31 18:00:00+03:00,,2.0,chunk_0080.json,POST /v1/generation/data/dpp-bulk,2026-05-31 21:42:47.448045+00:00,5012765,ETİ BAKIR AĞRI GES TM_TRA(ST)_LUY_GES_İLETİM_5.1.H,10942,2026-05-31T18:00:00+03:00,18:00
40X0000000109428,K3 ARAS ELEKTRIK PERAKENDE SATIŞ A.Ş.,unknown,2026-05-31 19:00:00+03:00,,0.0,chunk_0080.json,POST /v1/generation/data/dpp-bulk,2026-05-31 21:42:47.448045+00:00,5012765,ETİ BAKIR AĞRI GES TM_TRA(ST)_LUY_GES_İLETİM_5.1.H,10942,2026-05-31T19:00:00+03:00,19:00
40X0000000109428,K3 ARAS ELEKTRIK PERAKENDE SATIŞ A.Ş.,unknown,2026-05-31 20:00:00+03:00,,0.0,chunk_0080.json,POST /v1/generation/data/dpp-bulk,2026-05-31 21:42:47.448045+00:00,5012765,ETİ BAKIR AĞRI GES TM_TRA(ST)_LUY_GES_İLETİM_5.1.H,10942,2026-05-31T20:00:00+03:00,20:00
40X0000000109428,K3 ARAS ELEKTRIK PERAKENDE SATIŞ A.Ş.,unknown,2026-05-31 21:00:00+03:00,,0.0,chunk_0080.json,POST /v1/generation/data/dpp-bulk,2026-05-31 21:42:47.448045+00:00,5012765,ETİ BAKIR AĞRI GES TM_TRA(ST)_LUY_GES_İLETİM_5.1.H,10942,2026-05-31T21:00:00+03:00,21:00
40X0000000109428,K3 ARAS ELEKTRIK PERAKENDE SATIŞ A.Ş.,unknown,2026-05-31 22:00:00+03:00,,0.0,chunk_0080.json,POST /v1/generation/data/dpp-bulk,2026-05-31 21:42:47.448045+00:00,5012765,ETİ BAKIR AĞRI GES TM_TRA(ST)_LUY_GES_İLETİM_5.1.H,10942,2026-05-31T22:00:00+03:00,22:00
40X0000000109428,K3 ARAS ELEKTRIK PERAKENDE SATIŞ A.Ş.,unknown,2026-05-31 23:00:00+03:00,,0.0,chunk_0080.json,POST /v1/generation/data/dpp-bulk,2026-05-31 21:42:47.448045+00:00,5012765,ETİ BAKIR AĞRI GES TM_TRA(ST)_LUY_GES_İLETİM_5.1.H,10942,2026-05-31T23:00:00+03:00,23:00
40X0000000109452,K3 ENERJİSA TOROSLAR ELEKTRİK PERAKENDE SATIŞ ANONİM ŞİRKETİ,unknown,2026-05-31 00:00:00+03:00,,0.0,chunk_0080.json,POST /v1/generation/data/dpp-bulk,2026-05-31 21:42:47.448045+00:00,5012983,"ETİ-5 GES TM_TRA, TRB(ST)_LUY_GES_İLETİM_5.1.H",10945,2026-05-31T00:00:00+03:00,00:00
40X0000000109452,K3 ENERJİSA TOROSLAR ELEKTRİK PERAKENDE SATIŞ ANONİM ŞİRKETİ,unknown,2026-05-31 01:00:00+03:00,,0.0,chunk_0080.json,POST /v1/generation/data/dpp-bulk,2026-05-31 21:42:47.448045+00:00,5012983,"ETİ-5 GES TM_TRA, TRB(ST)_LUY_GES_İLETİM_5.1.H",10945,2026-05-31T01:00:00+03:00,01:00
40X0000000109452,K3 ENERJİSA TOROSLAR ELEKTRİK PERAKENDE SATIŞ ANONİM ŞİRKETİ,unknown,2026-05-31 02:00:00+03:00,,0.0,chunk_0080.json,POST /v1/generation/data/dpp-bulk,2026-05-31 21:42:47.448045+00:00,5012983,"ETİ-5 GES TM_TRA, TRB(ST)_LUY_GES_İLETİM_5.1.H",10945,2026-05-31T02:00:00+03:00,02:00
40X0000000109452,K3 ENERJİSA TOROSLAR ELEKTRİK PERAKENDE SATIŞ ANONİM ŞİRKETİ,unknown,2026-05-31 03:00:00+03:00,,0.0,chunk_0080.json,POST /v1/generation/data/dpp-bulk,2026-05-31 21:42:47.448045+00:00,5012983,"ETİ-5 GES TM_TRA, TRB(ST)_LUY_GES_İLETİM_5.1.H",10945,2026-05-31T03:00:00+03:00,03:00
40X0000000109452,K3 ENERJİSA TOROSLAR ELEKTRİK PERAKENDE SATIŞ ANONİM ŞİRKETİ,unknown,2026-05-31 04:00:00+03:00,,0.0,chunk_0080.json,POST /v1/generation/data/dpp-bulk,2026-05-31 21:42:47.448045+00:00,5012983,"ETİ-5 GES TM_TRA, TRB(ST)_LUY_GES_İLETİM_5.1.H",10945,2026-05-31T04:00:00+03:00,04:00
40X0000000109452,K3 ENERJİSA TOROSLAR ELEKTRİK PERAKENDE SATIŞ ANONİM ŞİRKETİ,unknown,2026-05-31 05:00:00+03:00,,5.0,chunk_0080.json,POST /v1/generation/data/dpp-bulk,2026-05-31 21:42:47.448045+00:00,5012983,"ETİ-5 GES TM_TRA, TRB(ST)_LUY_GES_İLETİM_5.1.H",10945,2026-05-31T05:00:00+03:00,05:00
40X0000000109452,K3 ENERJİSA TOROSLAR ELEKTRİK PERAKENDE SATIŞ ANONİM ŞİRKETİ,unknown,2026-05-31 06:00:00+03:00,,20.0,chunk_0080.json,POST /v1/generation/data/dpp-bulk,2026-05-31 21:42:47.448045+00:00,5012983,"ETİ-5 GES TM_TRA, TRB(ST)_LUY_GES_İLETİM_5.1.H",10945,2026-05-31T06:00:00+03:00,06:00
40X0000000109452,K3 ENERJİSA TOROSLAR ELEKTRİK PERAKENDE SATIŞ ANONİM ŞİRKETİ,unknown,2026-05-31 07:00:00+03:00,,36.0,chunk_0080.json,POST /v1/generation/data/dpp-bulk,2026-05-31 21:42:47.448045+00:00,5012983,"ETİ-5 GES TM_TRA, TRB(ST)_LUY_GES_İLETİM_5.1.H",10945,2026-05-31T07:00:00+03:00,07:00
40X0000000109452,K3 ENERJİSA TOROSLAR ELEKTRİK PERAKENDE SATIŞ ANONİM ŞİRKETİ,unknown,2026-05-31 08:00:00+03:00,,0.0,chunk_0080.json,POST /v1/generation/data/dpp-bulk,2026-05-31 21:42:47.448045+00:00,5012983,"ETİ-5 GES TM_TRA, TRB(ST)_LUY_GES_İLETİM_5.1.H",10945,2026-05-31T08:00:00+03:00,08:00
40X0000000109452,K3 ENERJİSA TOROSLAR ELEKTRİK PERAKENDE SATIŞ ANONİM ŞİRKETİ,unknown,2026-05-31 09:00:00+03:00,,0.0,chunk_0080.json,POST /v1/generation/data/dpp-bulk,2026-05-31 21:42:47.448045+00:00,5012983,"ETİ-5 GES TM_TRA, TRB(ST)_LUY_GES_İLETİM_5.1.H",10945,2026-05-31T09:00:00+03:00,09:00
40X0000000109452,K3 ENERJİSA TOROSLAR ELEKTRİK PERAKENDE SATIŞ ANONİM ŞİRKETİ,unknown,2026-05-31 10:00:00+03:00,,0.0,chunk_0080.json,POST /v1/generation/data/dpp-bulk,2026-05-31 21:42:47.448045+00:00,5012983,"ETİ-5 GES TM_TRA, TRB(ST)_LUY_GES_İLETİM_5.1.H",10945,2026-05-31T10:00:00+03:00,10:00
40X0000000109452,K3 ENERJİSA TOROSLAR ELEKTRİK PERAKENDE SATIŞ ANONİM ŞİRKETİ,unknown,2026-05-31 11:00:00+03:00,,0.0,chunk_0080.json,POST /v1/generation/data/dpp-bulk,2026-05-31 21:42:47.448045+00:00,5012983,"ETİ-5 GES TM_TRA, TRB(ST)_LUY_GES_İLETİM_5.1.H",10945,2026-05-31T11:00:00+03:00,11:00
40X0000000109452,K3 ENERJİSA TOROSLAR ELEKTRİK PERAKENDE SATIŞ ANONİM ŞİRKETİ,unknown,2026-05-31 12:00:00+03:00,,0.0,chunk_0080.json,POST /v1/generation/data/dpp-bulk,2026-05-31 21:42:47.448045+00:00,5012983,"ETİ-5 GES TM_TRA, TRB(ST)_LUY_GES_İLETİM_5.1.H",10945,2026-05-31T12:00:00+03:00,12:00
40X0000000109452,K3 ENERJİSA TOROSLAR ELEKTRİK PERAKENDE SATIŞ ANONİM ŞİRKETİ,unknown,2026-05-31 13:00:00+03:00,,0.0,chunk_0080.json,POST /v1/generation/data/dpp-bulk,2026-05-31 21:42:47.448045+00:00,5012983,"ETİ-5 GES TM_TRA, TRB(ST)_LUY_GES_İLETİM_5.1.H",10945,2026-05-31T13:00:00+03:00,13:00
40X0000000109452,K3 ENERJİSA TOROSLAR ELEKTRİK PERAKENDE SATIŞ ANONİM ŞİRKETİ,unknown,2026-05-31 14:00:00+03:00,,0.0,chunk_0080.json,POST /v1/generation/data/dpp-bulk,2026-05-31 21:42:47.448045+00:00,5012983,"ETİ-5 GES TM_TRA, TRB(ST)_LUY_GES_İLETİM_5.1.H",10945,2026-05-31T14:00:00+03:00,14:00
40X0000000109452,K3 ENERJİSA TOROSLAR ELEKTRİK PERAKENDE SATIŞ ANONİM ŞİRKETİ,unknown,2026-05-31 15:00:00+03:00,,0.0,chunk_0080.json,POST /v1/generation/data/dpp-bulk,2026-05-31 21:42:47.448045+00:00,5012983,"ETİ-5 GES TM_TRA, TRB(ST)_LUY_GES_İLETİM_5.1.H",10945,2026-05-31T15:00:00+03:00,15:00
40X0000000109452,K3 ENERJİSA TOROSLAR ELEKTRİK PERAKENDE SATIŞ ANONİM ŞİRKETİ,unknown,2026-05-31 16:00:00+03:00,,0.0,chunk_0080.json,POST /v1/generation/data/dpp-bulk,2026-05-31 21:42:47.448045+00:00,5012983,"ETİ-5 GES TM_TRA, TRB(ST)_LUY_GES_İLETİM_5.1.H",10945,2026-05-31T16:00:00+03:00,16:00
40X0000000109452,K3 ENERJİSA TOROSLAR ELEKTRİK PERAKENDE SATIŞ ANONİM ŞİRKETİ,unknown,2026-05-31 17:00:00+03:00,,4.0,chunk_0080.json,POST /v1/generation/data/dpp-bulk,2026-05-31 21:42:47.448045+00:00,5012983,"ETİ-5 GES TM_TRA, TRB(ST)_LUY_GES_İLETİM_5.1.H",10945,2026-05-31T17:00:00+03:00,17:00
40X0000000109452,K3 ENERJİSA TOROSLAR ELEKTRİK PERAKENDE SATIŞ ANONİM ŞİRKETİ,unknown,2026-05-31 18:00:00+03:00,,0.0,chunk_0080.json,POST /v1/generation/data/dpp-bulk,2026-05-31 21:42:47.448045+00:00,5012983,"ETİ-5 GES TM_TRA, TRB(ST)_LUY_GES_İLETİM_5.1.H",10945,2026-05-31T18:00:00+03:00,18:00
40X0000000109452,K3 ENERJİSA TOROSLAR ELEKTRİK PERAKENDE SATIŞ ANONİM ŞİRKETİ,unknown,2026-05-31 19:00:00+03:00,,0.0,chunk_0080.json,POST /v1/generation/data/dpp-bulk,2026-05-31 21:42:47.448045+00:00,5012983,"ETİ-5 GES TM_TRA, TRB(ST)_LUY_GES_İLETİM_5.1.H",10945,2026-05-31T19:00:00+03:00,19:00
40X0000000109452,K3 ENERJİSA TOROSLAR ELEKTRİK PERAKENDE SATIŞ ANONİM ŞİRKETİ,unknown,2026-05-31 20:00:00+03:00,,0.0,chunk_0080.json,POST /v1/generation/data/dpp-bulk,2026-05-31 21:42:47.448045+00:00,5012983,"ETİ-5 GES TM_TRA, TRB(ST)_LUY_GES_İLETİM_5.1.H",10945,2026-05-31T20:00:00+03:00,20:00
40X0000000109452,K3 ENERJİSA TOROSLAR ELEKTRİK PERAKENDE SATIŞ ANONİM ŞİRKETİ,unknown,2026-05-31 21:00:00+03:00,,0.0,chunk_0080.json,POST /v1/generation/data/dpp-bulk,2026-05-31 21:42:47.448045+00:00,5012983,"ETİ-5 GES TM_TRA, TRB(ST)_LUY_GES_İLETİM_5.1.H",10945,2026-05-31T21:00:00+03:00,21:00
40X0000000109452,K3 ENERJİSA TOROSLAR ELEKTRİK PERAKENDE SATIŞ ANONİM ŞİRKETİ,unknown,2026-05-31 22:00:00+03:00,,0.0,chunk_0080.json,POST /v1/generation/data/dpp-bulk,2026-05-31 21:42:47.448045+00:00,5012983,"ETİ-5 GES TM_TRA, TRB(ST)_LUY_GES_İLETİM_5.1.H",10945,2026-05-31T22:00:00+03:00,22:00
40X0000000109452,K3 ENERJİSA TOROSLAR ELEKTRİK PERAKENDE SATIŞ ANONİM ŞİRKETİ,unknown,2026-05-31 23:00:00+03:00,,0.0,chunk_0080.json,POST /v1/generation/data/dpp-bulk,2026-05-31 21:42:47.448045+00:00,5012983,"ETİ-5 GES TM_TRA, TRB(ST)_LUY_GES_İLETİM_5.1.H",10945,2026-05-31T23:00:00+03:00,23:00
40X100000010955N,K3 YEŞİLIRMAK ELEKTRİK PERAKENDE SATIŞ A.Ş.,unknown,2026-05-31 00:00:00+03:00,,0.0,chunk_0080.json,POST /v1/generation/data/dpp-bulk,2026-05-31 21:42:47.448045+00:00,5012541,SANAYİ-ORTA GERİLİM-10Y - SAATLİK-TEK TERİMLİ-5.1.C,10955,2026-05-31T00:00:00+03:00,00:00
40X100000010955N,K3 YEŞİLIRMAK ELEKTRİK PERAKENDE SATIŞ A.Ş.,unknown,2026-05-31 01:00:00+03:00,,0.0,chunk_0080.json,POST /v1/generation/data/dpp-bulk,2026-05-31 21:42:47.448045+00:00,5012541,SANAYİ-ORTA GERİLİM-10Y - SAATLİK-TEK TERİMLİ-5.1.C,10955,2026-05-31T01:00:00+03:00,01:00
40X100000010955N,K3 YEŞİLIRMAK ELEKTRİK PERAKENDE SATIŞ A.Ş.,unknown,2026-05-31 02:00:00+03:00,,0.0,chunk_0080.json,POST /v1/generation/data/dpp-bulk,2026-05-31 21:42:47.448045+00:00,5012541,SANAYİ-ORTA GERİLİM-10Y - SAATLİK-TEK TERİMLİ-5.1.C,10955,2026-05-31T02:00:00+03:00,02:00
40X100000010955N,K3 YEŞİLIRMAK ELEKTRİK PERAKENDE SATIŞ A.Ş.,unknown,2026-05-31 03:00:00+03:00,,0.0,chunk_0080.json,POST /v1/generation/data/dpp-bulk,2026-05-31 21:42:47.448045+00:00,5012541,SANAYİ-ORTA GERİLİM-10Y - SAATLİK-TEK TERİMLİ-5.1.C,10955,2026-05-31T03:00:00+03:00,03:00
40X100000010955N,K3 YEŞİLIRMAK ELEKTRİK PERAKENDE SATIŞ A.Ş.,unknown,2026-05-31 04:00:00+03:00,,0.0,chunk_0080.json,POST /v1/generation/data/dpp-bulk,2026-05-31 21:42:47.448045+00:00,5012541,SANAYİ-ORTA GERİLİM-10Y - SAATLİK-TEK TERİMLİ-5.1.C,10955,2026-05-31T04:00:00+03:00,04:00
40X100000010955N,K3 YEŞİLIRMAK ELEKTRİK PERAKENDE SATIŞ A.Ş.,unknown,2026-05-31 05:00:00+03:00,,0.0,chunk_0080.json,POST /v1/generation/data/dpp-bulk,2026-05-31 21:42:47.448045+00:00,5012541,SANAYİ-ORTA GERİLİM-10Y - SAATLİK-TEK TERİMLİ-5.1.C,10955,2026-05-31T05:00:00+03:00,05:00
40X100000010955N,K3 YEŞİLIRMAK ELEKTRİK PERAKENDE SATIŞ A.Ş.,unknown,2026-05-31 06:00:00+03:00,,0.0,chunk_0080.json,POST /v1/generation/data/dpp-bulk,2026-05-31 21:42:47.448045+00:00,5012541,SANAYİ-ORTA GERİLİM-10Y - SAATLİK-TEK TERİMLİ-5.1.C,10955,2026-05-31T06:00:00+03:00,06:00
40X100000010955N,K3 YEŞİLIRMAK ELEKTRİK PERAKENDE SATIŞ A.Ş.,unknown,2026-05-31 07:00:00+03:00,,0.0,chunk_0080.json,POST /v1/generation/data/dpp-bulk,2026-05-31 21:42:47.448045+00:00,5012541,SANAYİ-ORTA GERİLİM-10Y - SAATLİK-TEK TERİMLİ-5.1.C,10955,2026-05-31T07:00:00+03:00,07:00
40X100000010955N,K3 YEŞİLIRMAK ELEKTRİK PERAKENDE SATIŞ A.Ş.,unknown,2026-05-31 08:00:00+03:00,,0.0,chunk_0080.json,POST /v1/generation/data/dpp-bulk,2026-05-31 21:42:47.448045+00:00,5012541,SANAYİ-ORTA GERİLİM-10Y - SAATLİK-TEK TERİMLİ-5.1.C,10955,2026-05-31T08:00:00+03:00,08:00
40X100000010955N,K3 YEŞİLIRMAK ELEKTRİK PERAKENDE SATIŞ A.Ş.,unknown,2026-05-31 09:00:00+03:00,,0.0,chunk_0080.json,POST /v1/generation/data/dpp-bulk,2026-05-31 21:42:47.448045+00:00,5012541,SANAYİ-ORTA GERİLİM-10Y - SAATLİK-TEK TERİMLİ-5.1.C,10955,2026-05-31T09:00:00+03:00,09:00
40X100000010955N,K3 YEŞİLIRMAK ELEKTRİK PERAKENDE SATIŞ A.Ş.,unknown,2026-05-31 10:00:00+03:00,,0.0,chunk_0080.json,POST /v1/generation/data/dpp-bulk,2026-05-31 21:42:47.448045+00:00,5012541,SANAYİ-ORTA GERİLİM-10Y - SAATLİK-TEK TERİMLİ-5.1.C,10955,2026-05-31T10:00:00+03:00,10:00
40X100000010955N,K3 YEŞİLIRMAK ELEKTRİK PERAKENDE SATIŞ A.Ş.,unknown,2026-05-31 11:00:00+03:00,,0.0,chunk_0080.json,POST /v1/generation/data/dpp-bulk,2026-05-31 21:42:47.448045+00:00,5012541,SANAYİ-ORTA GERİLİM-10Y - SAATLİK-TEK TERİMLİ-5.1.C,10955,2026-05-31T11:00:00+03:00,11:00
40X100000010955N,K3 YEŞİLIRMAK ELEKTRİK PERAKENDE SATIŞ A.Ş.,unknown,2026-05-31 12:00:00+03:00,,0.0,chunk_0080.json,POST /v1/generation/data/dpp-bulk,2026-05-31 21:42:47.448045+00:00,5012541,SANAYİ-ORTA GERİLİM-10Y - SAATLİK-TEK TERİMLİ-5.1.C,10955,2026-05-31T12:00:00+03:00,12:00
40X100000010955N,K3 YEŞİLIRMAK ELEKTRİK PERAKENDE SATIŞ A.Ş.,unknown,2026-05-31 13:00:00+03:00,,0.0,chunk_0080.json,POST /v1/generation/data/dpp-bulk,2026-05-31 21:42:47.448045+00:00,5012541,SANAYİ-ORTA GERİLİM-10Y - SAATLİK-TEK TERİMLİ-5.1.C,10955,2026-05-31T13:00:00+03:00,13:00
40X100000010955N,K3 YEŞİLIRMAK ELEKTRİK PERAKENDE SATIŞ A.Ş.,unknown,2026-05-31 14:00:00+03:00,,0.0,chunk_0080.json,POST /v1/generation/data/dpp-bulk,2026-05-31 21:42:47.448045+00:00,5012541,SANAYİ-ORTA GERİLİM-10Y - SAATLİK-TEK TERİMLİ-5.1.C,10955,2026-05-31T14:00:00+03:00,14:00
40X100000010955N,K3 YEŞİLIRMAK ELEKTRİK PERAKENDE SATIŞ A.Ş.,unknown,2026-05-31 15:00:00+03:00,,0.0,chunk_0080.json,POST /v1/generation/data/dpp-bulk,2026-05-31 21:42:47.448045+00:00,5012541,SANAYİ-ORTA GERİLİM-10Y - SAATLİK-TEK TERİMLİ-5.1.C,10955,2026-05-31T15:00:00+03:00,15:00
40X100000010955N,K3 YEŞİLIRMAK ELEKTRİK PERAKENDE SATIŞ A.Ş.,unknown,2026-05-31 16:00:00+03:00,,0.0,chunk_0080.json,POST /v1/generation/data/dpp-bulk,2026-05-31 21:42:47.448045+00:00,5012541,SANAYİ-ORTA GERİLİM-10Y - SAATLİK-TEK TERİMLİ-5.1.C,10955,2026-05-31T16:00:00+03:00,16:00
40X100000010955N,K3 YEŞİLIRMAK ELEKTRİK PERAKENDE SATIŞ A.Ş.,unknown,2026-05-31 17:00:00+03:00,,0.0,chunk_0080.json,POST /v1/generation/data/dpp-bulk,2026-05-31 21:42:47.448045+00:00,5012541,SANAYİ-ORTA GERİLİM-10Y - SAATLİK-TEK TERİMLİ-5.1.C,10955,2026-05-31T17:00:00+03:00,17:00
40X100000010955N,K3 YEŞİLIRMAK ELEKTRİK PERAKENDE SATIŞ A.Ş.,unknown,2026-05-31 18:00:00+03:00,,0.0,chunk_0080.json,POST /v1/generation/data/dpp-bulk,2026-05-31 21:42:47.448045+00:00,5012541,SANAYİ-ORTA GERİLİM-10Y - SAATLİK-TEK TERİMLİ-5.1.C,10955,2026-05-31T18:00:00+03:00,18:00
40X100000010955N,K3 YEŞİLIRMAK ELEKTRİK PERAKENDE SATIŞ A.Ş.,unknown,2026-05-31 19:00:00+03:00,,0.0,chunk_0080.json,POST /v1/generation/data/dpp-bulk,2026-05-31 21:42:47.448045+00:00,5012541,SANAYİ-ORTA GERİLİM-10Y - SAATLİK-TEK TERİMLİ-5.1.C,10955,2026-05-31T19:00:00+03:00,19:00
40X100000010955N,K3 YEŞİLIRMAK ELEKTRİK PERAKENDE SATIŞ A.Ş.,unknown,2026-05-31 20:00:00+03:00,,0.0,chunk_0080.json,POST /v1/generation/data/dpp-bulk,2026-05-31 21:42:47.448045+00:00,5012541,SANAYİ-ORTA GERİLİM-10Y - SAATLİK-TEK TERİMLİ-5.1.C,10955,2026-05-31T20:00:00+03:00,20:00
40X100000010955N,K3 YEŞİLIRMAK ELEKTRİK PERAKENDE SATIŞ A.Ş.,unknown,2026-05-31 21:00:00+03:00,,0.0,chunk_0080.json,POST /v1/generation/data/dpp-bulk,2026-05-31 21:42:47.448045+00:00,5012541,SANAYİ-ORTA GERİLİM-10Y - SAATLİK-TEK TERİMLİ-5.1.C,10955,2026-05-31T21:00:00+03:00,21:00
40X100000010955N,K3 YEŞİLIRMAK ELEKTRİK PERAKENDE SATIŞ A.Ş.,unknown,2026-05-31 22:00:00+03:00,,0.0,chunk_0080.json,POST /v1/generation/data/dpp-bulk,2026-05-31 21:42:47.448045+00:00,5012541,SANAYİ-ORTA GERİLİM-10Y - SAATLİK-TEK TERİMLİ-5.1.C,10955,2026-05-31T22:00:00+03:00,22:00
40X100000010955N,K3 YEŞİLIRMAK ELEKTRİK PERAKENDE SATIŞ A.Ş.,unknown,2026-05-31 23:00:00+03:00,,0.0,chunk_0080.json,POST /v1/generation/data/dpp-bulk,2026-05-31 21:42:47.448045+00:00,5012541,SANAYİ-ORTA GERİLİM-10Y - SAATLİK-TEK TERİMLİ-5.1.C,10955,2026-05-31T23:00:00+03:00,23:00
40X000000010959S,K3 TRAKYA ELEKTRİK PERAKENDE SATIŞ ANONİM ŞİRKETİ,unknown,2026-05-31 00:00:00+03:00,,0.0,chunk_0080.json,POST /v1/generation/data/dpp-bulk,2026-05-31 21:42:47.448045+00:00,5012761,SANAYİ - ORTA GERILIM - 10Y - SAATLIK - ÇİFT TERIMLI - 5.1.C,10959,2026-05-31T00:00:00+03:00,00:00
40X000000010959S,K3 TRAKYA ELEKTRİK PERAKENDE SATIŞ ANONİM ŞİRKETİ,unknown,2026-05-31 01:00:00+03:00,,0.0,chunk_0080.json,POST /v1/generation/data/dpp-bulk,2026-05-31 21:42:47.448045+00:00,5012761,SANAYİ - ORTA GERILIM - 10Y - SAATLIK - ÇİFT TERIMLI - 5.1.C,10959,2026-05-31T01:00:00+03:00,01:00
40X000000010959S,K3 TRAKYA ELEKTRİK PERAKENDE SATIŞ ANONİM ŞİRKETİ,unknown,2026-05-31 02:00:00+03:00,,0.0,chunk_0080.json,POST /v1/generation/data/dpp-bulk,2026-05-31 21:42:47.448045+00:00,5012761,SANAYİ - ORTA GERILIM - 10Y - SAATLIK - ÇİFT TERIMLI - 5.1.C,10959,2026-05-31T02:00:00+03:00,02:00
40X000000010959S,K3 TRAKYA ELEKTRİK PERAKENDE SATIŞ ANONİM ŞİRKETİ,unknown,2026-05-31 03:00:00+03:00,,0.0,chunk_0080.json,POST /v1/generation/data/dpp-bulk,2026-05-31 21:42:47.448045+00:00,5012761,SANAYİ - ORTA GERILIM - 10Y - SAATLIK - ÇİFT TERIMLI - 5.1.C,10959,2026-05-31T03:00:00+03:00,03:00
40X000000010959S,K3 TRAKYA ELEKTRİK PERAKENDE SATIŞ ANONİM ŞİRKETİ,unknown,2026-05-31 04:00:00+03:00,,0.0,chunk_0080.json,POST /v1/generation/data/dpp-bulk,2026-05-31 21:42:47.448045+00:00,5012761,SANAYİ - ORTA GERILIM - 10Y - SAATLIK - ÇİFT TERIMLI - 5.1.C,10959,2026-05-31T04:00:00+03:00,04:00
40X000000010959S,K3 TRAKYA ELEKTRİK PERAKENDE SATIŞ ANONİM ŞİRKETİ,unknown,2026-05-31 05:00:00+03:00,,0.0,chunk_0080.json,POST /v1/generation/data/dpp-bulk,2026-05-31 21:42:47.448045+00:00,5012761,SANAYİ - ORTA GERILIM - 10Y - SAATLIK - ÇİFT TERIMLI - 5.1.C,10959,2026-05-31T05:00:00+03:00,05:00
40X000000010959S,K3 TRAKYA ELEKTRİK PERAKENDE SATIŞ ANONİM ŞİRKETİ,unknown,2026-05-31 06:00:00+03:00,,0.0,chunk_0080.json,POST /v1/generation/data/dpp-bulk,2026-05-31 21:42:47.448045+00:00,5012761,SANAYİ - ORTA GERILIM - 10Y - SAATLIK - ÇİFT TERIMLI - 5.1.C,10959,2026-05-31T06:00:00+03:00,06:00
40X000000010959S,K3 TRAKYA ELEKTRİK PERAKENDE SATIŞ ANONİM ŞİRKETİ,unknown,2026-05-31 07:00:00+03:00,,0.0,chunk_0080.json,POST /v1/generation/data/dpp-bulk,2026-05-31 21:42:47.448045+00:00,5012761,SANAYİ - ORTA GERILIM - 10Y - SAATLIK - ÇİFT TERIMLI - 5.1.C,10959,2026-05-31T07:00:00+03:00,07:00
40X000000010959S,K3 TRAKYA ELEKTRİK PERAKENDE SATIŞ ANONİM ŞİRKETİ,unknown,2026-05-31 08:00:00+03:00,,0.0,chunk_0080.json,POST /v1/generation/data/dpp-bulk,2026-05-31 21:42:47.448045+00:00,5012761,SANAYİ - ORTA GERILIM - 10Y - SAATLIK - ÇİFT TERIMLI - 5.1.C,10959,2026-05-31T08:00:00+03:00,08:00
40X000000010959S,K3 TRAKYA ELEKTRİK PERAKENDE SATIŞ ANONİM ŞİRKETİ,unknown,2026-05-31 09:00:00+03:00,,0.0,chunk_0080.json,POST /v1/generation/data/dpp-bulk,2026-05-31 21:42:47.448045+00:00,5012761,SANAYİ - ORTA GERILIM - 10Y - SAATLIK - ÇİFT TERIMLI - 5.1.C,10959,2026-05-31T09:00:00+03:00,09:00
40X000000010959S,K3 TRAKYA ELEKTRİK PERAKENDE SATIŞ ANONİM ŞİRKETİ,unknown,2026-05-31 10:00:00+03:00,,0.0,chunk_0080.json,POST /v1/generation/data/dpp-bulk,2026-05-31 21:42:47.448045+00:00,5012761,SANAYİ - ORTA GERILIM - 10Y - SAATLIK - ÇİFT TERIMLI - 5.1.C,10959,2026-05-31T10:00:00+03:00,10:00
40X000000010959S,K3 TRAKYA ELEKTRİK PERAKENDE SATIŞ ANONİM ŞİRKETİ,unknown,2026-05-31 11:00:00+03:00,,0.0,chunk_0080.json,POST /v1/generation/data/dpp-bulk,2026-05-31 21:42:47.448045+00:00,5012761,SANAYİ - ORTA GERILIM - 10Y - SAATLIK - ÇİFT TERIMLI - 5.1.C,10959,2026-05-31T11:00:00+03:00,11:00
40X000000010959S,K3 TRAKYA ELEKTRİK PERAKENDE SATIŞ ANONİM ŞİRKETİ,unknown,2026-05-31 12:00:00+03:00,,0.0,chunk_0080.json,POST /v1/generation/data/dpp-bulk,2026-05-31 21:42:47.448045+00:00,5012761,SANAYİ - ORTA GERILIM - 10Y - SAATLIK - ÇİFT TERIMLI - 5.1.C,10959,2026-05-31T12:00:00+03:00,12:00
40X000000010959S,K3 TRAKYA ELEKTRİK PERAKENDE SATIŞ ANONİM ŞİRKETİ,unknown,2026-05-31 13:00:00+03:00,,0.0,chunk_0080.json,POST /v1/generation/data/dpp-bulk,2026-05-31 21:42:47.448045+00:00,5012761,SANAYİ - ORTA GERILIM - 10Y - SAATLIK - ÇİFT TERIMLI - 5.1.C,10959,2026-05-31T13:00:00+03:00,13:00
40X000000010959S,K3 TRAKYA ELEKTRİK PERAKENDE SATIŞ ANONİM ŞİRKETİ,unknown,2026-05-31 14:00:00+03:00,,0.0,chunk_0080.json,POST /v1/generation/data/dpp-bulk,2026-05-31 21:42:47.448045+00:00,5012761,SANAYİ - ORTA GERILIM - 10Y - SAATLIK - ÇİFT TERIMLI - 5.1.C,10959,2026-05-31T14:00:00+03:00,14:00
40X000000010959S,K3 TRAKYA ELEKTRİK PERAKENDE SATIŞ ANONİM ŞİRKETİ,unknown,2026-05-31 15:00:00+03:00,,0.0,chunk_0080.json,POST /v1/generation/data/dpp-bulk,2026-05-31 21:42:47.448045+00:00,5012761,SANAYİ - ORTA GERILIM - 10Y - SAATLIK - ÇİFT TERIMLI - 5.1.C,10959,2026-05-31T15:00:00+03:00,15:00
40X000000010959S,K3 TRAKYA ELEKTRİK PERAKENDE SATIŞ ANONİM ŞİRKETİ,unknown,2026-05-31 16:00:00+03:00,,0.0,chunk_0080.json,POST /v1/generation/data/dpp-bulk,2026-05-31 21:42:47.448045+00:00,5012761,SANAYİ - ORTA GERILIM - 10Y - SAATLIK - ÇİFT TERIMLI - 5.1.C,10959,2026-05-31T16:00:00+03:00,16:00
40X000000010959S,K3 TRAKYA ELEKTRİK PERAKENDE SATIŞ ANONİM ŞİRKETİ,unknown,2026-05-31 17:00:00+03:00,,0.0,chunk_0080.json,POST /v1/generation/data/dpp-bulk,2026-05-31 21:42:47.448045+00:00,5012761,SANAYİ - ORTA GERILIM - 10Y - SAATLIK - ÇİFT TERIMLI - 5.1.C,10959,2026-05-31T17:00:00+03:00,17:00
40X000000010959S,K3 TRAKYA ELEKTRİK PERAKENDE SATIŞ ANONİM ŞİRKETİ,unknown,2026-05-31 18:00:00+03:00,,0.0,chunk_0080.json,POST /v1/generation/data/dpp-bulk,2026-05-31 21:42:47.448045+00:00,5012761,SANAYİ - ORTA GERILIM - 10Y - SAATLIK - ÇİFT TERIMLI - 5.1.C,10959,2026-05-31T18:00:00+03:00,18:00
40X000000010959S,K3 TRAKYA ELEKTRİK PERAKENDE SATIŞ ANONİM ŞİRKETİ,unknown,2026-05-31 19:00:00+03:00,,0.0,chunk_0080.json,POST /v1/generation/data/dpp-bulk,2026-05-31 21:42:47.448045+00:00,5012761,SANAYİ - ORTA GERILIM - 10Y - SAATLIK - ÇİFT TERIMLI - 5.1.C,10959,2026-05-31T19:00:00+03:00,19:00
40X000000010959S,K3 TRAKYA ELEKTRİK PERAKENDE SATIŞ ANONİM ŞİRKETİ,unknown,2026-05-31 20:00:00+03:00,,0.0,chunk_0080.json,POST /v1/generation/data/dpp-bulk,2026-05-31 21:42:47.448045+00:00,5012761,SANAYİ - ORTA GERILIM - 10Y - SAATLIK - ÇİFT TERIMLI - 5.1.C,10959,2026-05-31T20:00:00+03:00,20:00
40X000000010959S,K3 TRAKYA ELEKTRİK PERAKENDE SATIŞ ANONİM ŞİRKETİ,unknown,2026-05-31 21:00:00+03:00,,0.0,chunk_0080.json,POST /v1/generation/data/dpp-bulk,2026-05-31 21:42:47.448045+00:00,5012761,SANAYİ - ORTA GERILIM - 10Y - SAATLIK - ÇİFT TERIMLI - 5.1.C,10959,2026-05-31T21:00:00+03:00,21:00
40X000000010959S,K3 TRAKYA ELEKTRİK PERAKENDE SATIŞ ANONİM ŞİRKETİ,unknown,2026-05-31 22:00:00+03:00,,0.0,chunk_0080.json,POST /v1/generation/data/dpp-bulk,2026-05-31 21:42:47.448045+00:00,5012761,SANAYİ - ORTA GERILIM - 10Y - SAATLIK - ÇİFT TERIMLI - 5.1.C,10959,2026-05-31T22:00:00+03:00,22:00
40X000000010959S,K3 TRAKYA ELEKTRİK PERAKENDE SATIŞ ANONİM ŞİRKETİ,unknown,2026-05-31 23:00:00+03:00,,0.0,chunk_0080.json,POST /v1/generation/data/dpp-bulk,2026-05-31 21:42:47.448045+00:00,5012761,SANAYİ - ORTA GERILIM - 10Y - SAATLIK - ÇİFT TERIMLI - 5.1.C,10959,2026-05-31T23:00:00+03:00,23:00
40X0000000206806,BORUSAN ENBW ENERJİ YATIRIMLARI VE ÜRETİM A.Ş.,unknown,2026-05-31 00:00:00+03:00,,8.0,chunk_0080.json,POST /v1/generation/data/dpp-bulk,2026-05-31 21:42:47.448045+00:00,5012330,PELİT RES,20680,2026-05-31T00:00:00+03:00,00:00
40X0000000206806,BORUSAN ENBW ENERJİ YATIRIMLARI VE ÜRETİM A.Ş.,unknown,2026-05-31 01:00:00+03:00,,8.0,chunk_0080.json,POST /v1/generation/data/dpp-bulk,2026-05-31 21:42:47.448045+00:00,5012330,PELİT RES,20680,2026-05-31T01:00:00+03:00,01:00
40X0000000206806,BORUSAN ENBW ENERJİ YATIRIMLARI VE ÜRETİM A.Ş.,unknown,2026-05-31 02:00:00+03:00,,8.0,chunk_0080.json,POST /v1/generation/data/dpp-bulk,2026-05-31 21:42:47.448045+00:00,5012330,PELİT RES,20680,2026-05-31T02:00:00+03:00,02:00
40X0000000206806,BORUSAN ENBW ENERJİ YATIRIMLARI VE ÜRETİM A.Ş.,unknown,2026-05-31 03:00:00+03:00,,8.0,chunk_0080.json,POST /v1/generation/data/dpp-bulk,2026-05-31 21:42:47.448045+00:00,5012330,PELİT RES,20680,2026-05-31T03:00:00+03:00,03:00
40X0000000206806,BORUSAN ENBW ENERJİ YATIRIMLARI VE ÜRETİM A.Ş.,unknown,2026-05-31 04:00:00+03:00,,8.0,chunk_0080.json,POST /v1/generation/data/dpp-bulk,2026-05-31 21:42:47.448045+00:00,5012330,PELİT RES,20680,2026-05-31T04:00:00+03:00,04:00
40X0000000206806,BORUSAN ENBW ENERJİ YATIRIMLARI VE ÜRETİM A.Ş.,unknown,2026-05-31 05:00:00+03:00,,8.0,chunk_0080.json,POST /v1/generation/data/dpp-bulk,2026-05-31 21:42:47.448045+00:00,5012330,PELİT RES,20680,2026-05-31T05:00:00+03:00,05:00
40X0000000206806,BORUSAN ENBW ENERJİ YATIRIMLARI VE ÜRETİM A.Ş.,unknown,2026-05-31 06:00:00+03:00,,8.0,chunk_0080.json,POST /v1/generation/data/dpp-bulk,2026-05-31 21:42:47.448045+00:00,5012330,PELİT RES,20680,2026-05-31T06:00:00+03:00,06:00
40X0000000206806,BORUSAN ENBW ENERJİ YATIRIMLARI VE ÜRETİM A.Ş.,unknown,2026-05-31 07:00:00+03:00,,7.6,chunk_0080.json,POST /v1/generation/data/dpp-bulk,2026-05-31 21:42:47.448045+00:00,5012330,PELİT RES,20680,2026-05-31T07:00:00+03:00,07:00
40X0000000206806,BORUSAN ENBW ENERJİ YATIRIMLARI VE ÜRETİM A.Ş.,unknown,2026-05-31 08:00:00+03:00,,7.0,chunk_0080.json,POST /v1/generation/data/dpp-bulk,2026-05-31 21:42:47.448045+00:00,5012330,PELİT RES,20680,2026-05-31T08:00:00+03:00,08:00
40X0000000206806,BORUSAN ENBW ENERJİ YATIRIMLARI VE ÜRETİM A.Ş.,unknown,2026-05-31 09:00:00+03:00,,6.6,chunk_0080.json,POST /v1/generation/data/dpp-bulk,2026-05-31 21:42:47.448045+00:00,5012330,PELİT RES,20680,2026-05-31T09:00:00+03:00,09:00
40X0000000206806,BORUSAN ENBW ENERJİ YATIRIMLARI VE ÜRETİM A.Ş.,unknown,2026-05-31 10:00:00+03:00,,6.3,chunk_0080.json,POST /v1/generation/data/dpp-bulk,2026-05-31 21:42:47.448045+00:00,5012330,PELİT RES,20680,2026-05-31T10:00:00+03:00,10:00
40X0000000206806,BORUSAN ENBW ENERJİ YATIRIMLARI VE ÜRETİM A.Ş.,unknown,2026-05-31 11:00:00+03:00,,6.2,chunk_0080.json,POST /v1/generation/data/dpp-bulk,2026-05-31 21:42:47.448045+00:00,5012330,PELİT RES,20680,2026-05-31T11:00:00+03:00,11:00
40X0000000206806,BORUSAN ENBW ENERJİ YATIRIMLARI VE ÜRETİM A.Ş.,unknown,2026-05-31 12:00:00+03:00,,6.2,chunk_0080.json,POST /v1/generation/data/dpp-bulk,2026-05-31 21:42:47.448045+00:00,5012330,PELİT RES,20680,2026-05-31T12:00:00+03:00,12:00
40X0000000206806,BORUSAN ENBW ENERJİ YATIRIMLARI VE ÜRETİM A.Ş.,unknown,2026-05-31 13:00:00+03:00,,6.2,chunk_0080.json,POST /v1/generation/data/dpp-bulk,2026-05-31 21:42:47.448045+00:00,5012330,PELİT RES,20680,2026-05-31T13:00:00+03:00,13:00
40X0000000206806,BORUSAN ENBW ENERJİ YATIRIMLARI VE ÜRETİM A.Ş.,unknown,2026-05-31 14:00:00+03:00,,6.2,chunk_0080.json,POST /v1/generation/data/dpp-bulk,2026-05-31 21:42:47.448045+00:00,5012330,PELİT RES,20680,2026-05-31T14:00:00+03:00,14:00
40X0000000206806,BORUSAN ENBW ENERJİ YATIRIMLARI VE ÜRETİM A.Ş.,unknown,2026-05-31 15:00:00+03:00,,6.3,chunk_0080.json,POST /v1/generation/data/dpp-bulk,2026-05-31 21:42:47.448045+00:00,5012330,PELİT RES,20680,2026-05-31T15:00:00+03:00,15:00
40X0000000206806,BORUSAN ENBW ENERJİ YATIRIMLARI VE ÜRETİM A.Ş.,unknown,2026-05-31 16:00:00+03:00,,6.8,chunk_0080.json,POST /v1/generation/data/dpp-bulk,2026-05-31 21:42:47.448045+00:00,5012330,PELİT RES,20680,2026-05-31T16:00:00+03:00,16:00
40X0000000206806,BORUSAN ENBW ENERJİ YATIRIMLARI VE ÜRETİM A.Ş.,unknown,2026-05-31 17:00:00+03:00,,8.0,chunk_0080.json,POST /v1/generation/data/dpp-bulk,2026-05-31 21:42:47.448045+00:00,5012330,PELİT RES,20680,2026-05-31T17:00:00+03:00,17:00
40X0000000206806,BORUSAN ENBW ENERJİ YATIRIMLARI VE ÜRETİM A.Ş.,unknown,2026-05-31 18:00:00+03:00,,8.0,chunk_0080.json,POST /v1/generation/data/dpp-bulk,2026-05-31 21:42:47.448045+00:00,5012330,PELİT RES,20680,2026-05-31T18:00:00+03:00,18:00
40X0000000206806,BORUSAN ENBW ENERJİ YATIRIMLARI VE ÜRETİM A.Ş.,unknown,2026-05-31 19:00:00+03:00,,12.3,chunk_0080.json,POST /v1/generation/data/dpp-bulk,2026-05-31 21:42:47.448045+00:00,5012330,PELİT RES,20680,2026-05-31T19:00:00+03:00,19:00
40X0000000206806,BORUSAN ENBW ENERJİ YATIRIMLARI VE ÜRETİM A.Ş.,unknown,2026-05-31 20:00:00+03:00,,9.6,chunk_0080.json,POST /v1/generation/data/dpp-bulk,2026-05-31 21:42:47.448045+00:00,5012330,PELİT RES,20680,2026-05-31T20:00:00+03:00,20:00
40X0000000206806,BORUSAN ENBW ENERJİ YATIRIMLARI VE ÜRETİM A.Ş.,unknown,2026-05-31 21:00:00+03:00,,6.5,chunk_0080.json,POST /v1/generation/data/dpp-bulk,2026-05-31 21:42:47.448045+00:00,5012330,PELİT RES,20680,2026-05-31T21:00:00+03:00,21:00
40X0000000206806,BORUSAN ENBW ENERJİ YATIRIMLARI VE ÜRETİM A.Ş.,unknown,2026-05-31 22:00:00+03:00,,5.1,chunk_0080.json,POST /v1/generation/data/dpp-bulk,2026-05-31 21:42:47.448045+00:00,5012330,PELİT RES,20680,2026-05-31T22:00:00+03:00,22:00
40X0000000206806,BORUSAN ENBW ENERJİ YATIRIMLARI VE ÜRETİM A.Ş.,unknown,2026-05-31 23:00:00+03:00,,5.5,chunk_0080.json,POST /v1/generation/data/dpp-bulk,2026-05-31 21:42:47.448045+00:00,5012330,PELİT RES,20680,2026-05-31T23:00:00+03:00,23:00
40X0000001022004,KALYON YEKA RES 3 RÜZGAR ENERJİSİ YATIRIMLARI A.Ş.,unknown,2026-05-31 00:00:00+03:00,,1.7,chunk_0080.json,POST /v1/generation/data/dpp-bulk,2026-05-31 21:42:47.448045+00:00,5013002,R3-TRABZON-1 RES,102200,2026-05-31T00:00:00+03:00,00:00
40X0000001022004,KALYON YEKA RES 3 RÜZGAR ENERJİSİ YATIRIMLARI A.Ş.,unknown,2026-05-31 01:00:00+03:00,,2.8,chunk_0080.json,POST /v1/generation/data/dpp-bulk,2026-05-31 21:42:47.448045+00:00,5013002,R3-TRABZON-1 RES,102200,2026-05-31T01:00:00+03:00,01:00
40X0000001022004,KALYON YEKA RES 3 RÜZGAR ENERJİSİ YATIRIMLARI A.Ş.,unknown,2026-05-31 02:00:00+03:00,,1.5,chunk_0080.json,POST /v1/generation/data/dpp-bulk,2026-05-31 21:42:47.448045+00:00,5013002,R3-TRABZON-1 RES,102200,2026-05-31T02:00:00+03:00,02:00
40X0000001022004,KALYON YEKA RES 3 RÜZGAR ENERJİSİ YATIRIMLARI A.Ş.,unknown,2026-05-31 03:00:00+03:00,,2.8,chunk_0080.json,POST /v1/generation/data/dpp-bulk,2026-05-31 21:42:47.448045+00:00,5013002,R3-TRABZON-1 RES,102200,2026-05-31T03:00:00+03:00,03:00
40X0000001022004,KALYON YEKA RES 3 RÜZGAR ENERJİSİ YATIRIMLARI A.Ş.,unknown,2026-05-31 04:00:00+03:00,,1.6,chunk_0080.json,POST /v1/generation/data/dpp-bulk,2026-05-31 21:42:47.448045+00:00,5013002,R3-TRABZON-1 RES,102200,2026-05-31T04:00:00+03:00,04:00
40X0000001022004,KALYON YEKA RES 3 RÜZGAR ENERJİSİ YATIRIMLARI A.Ş.,unknown,2026-05-31 05:00:00+03:00,,2.5,chunk_0080.json,POST /v1/generation/data/dpp-bulk,2026-05-31 21:42:47.448045+00:00,5013002,R3-TRABZON-1 RES,102200,2026-05-31T05:00:00+03:00,05:00
40X0000001022004,KALYON YEKA RES 3 RÜZGAR ENERJİSİ YATIRIMLARI A.Ş.,unknown,2026-05-31 06:00:00+03:00,,1.6,chunk_0080.json,POST /v1/generation/data/dpp-bulk,2026-05-31 21:42:47.448045+00:00,5013002,R3-TRABZON-1 RES,102200,2026-05-31T06:00:00+03:00,06:00
40X0000001022004,KALYON YEKA RES 3 RÜZGAR ENERJİSİ YATIRIMLARI A.Ş.,unknown,2026-05-31 07:00:00+03:00,,1.8,chunk_0080.json,POST /v1/generation/data/dpp-bulk,2026-05-31 21:42:47.448045+00:00,5013002,R3-TRABZON-1 RES,102200,2026-05-31T07:00:00+03:00,07:00
40X0000001022004,KALYON YEKA RES 3 RÜZGAR ENERJİSİ YATIRIMLARI A.Ş.,unknown,2026-05-31 08:00:00+03:00,,1.8,chunk_0080.json,POST /v1/generation/data/dpp-bulk,2026-05-31 21:42:47.448045+00:00,5013002,R3-TRABZON-1 RES,102200,2026-05-31T08:00:00+03:00,08:00
40X0000001022004,KALYON YEKA RES 3 RÜZGAR ENERJİSİ YATIRIMLARI A.Ş.,unknown,2026-05-31 09:00:00+03:00,,5.4,chunk_0080.json,POST /v1/generation/data/dpp-bulk,2026-05-31 21:42:47.448045+00:00,5013002,R3-TRABZON-1 RES,102200,2026-05-31T09:00:00+03:00,09:00
40X0000001022004,KALYON YEKA RES 3 RÜZGAR ENERJİSİ YATIRIMLARI A.Ş.,unknown,2026-05-31 10:00:00+03:00,,6.6,chunk_0080.json,POST /v1/generation/data/dpp-bulk,2026-05-31 21:42:47.448045+00:00,5013002,R3-TRABZON-1 RES,102200,2026-05-31T10:00:00+03:00,10:00
40X0000001022004,KALYON YEKA RES 3 RÜZGAR ENERJİSİ YATIRIMLARI A.Ş.,unknown,2026-05-31 11:00:00+03:00,,6.3,chunk_0080.json,POST /v1/generation/data/dpp-bulk,2026-05-31 21:42:47.448045+00:00,5013002,R3-TRABZON-1 RES,102200,2026-05-31T11:00:00+03:00,11:00
40X0000001022004,KALYON YEKA RES 3 RÜZGAR ENERJİSİ YATIRIMLARI A.Ş.,unknown,2026-05-31 12:00:00+03:00,,3.3,chunk_0080.json,POST /v1/generation/data/dpp-bulk,2026-05-31 21:42:47.448045+00:00,5013002,R3-TRABZON-1 RES,102200,2026-05-31T12:00:00+03:00,12:00
40X0000001022004,KALYON YEKA RES 3 RÜZGAR ENERJİSİ YATIRIMLARI A.Ş.,unknown,2026-05-31 13:00:00+03:00,,2.8,chunk_0080.json,POST /v1/generation/data/dpp-bulk,2026-05-31 21:42:47.448045+00:00,5013002,R3-TRABZON-1 RES,102200,2026-05-31T13:00:00+03:00,13:00
40X0000001022004,KALYON YEKA RES 3 RÜZGAR ENERJİSİ YATIRIMLARI A.Ş.,unknown,2026-05-31 14:00:00+03:00,,2.4,chunk_0080.json,POST /v1/generation/data/dpp-bulk,2026-05-31 21:42:47.448045+00:00,5013002,R3-TRABZON-1 RES,102200,2026-05-31T14:00:00+03:00,14:00
40X0000001022004,KALYON YEKA RES 3 RÜZGAR ENERJİSİ YATIRIMLARI A.Ş.,unknown,2026-05-31 15:00:00+03:00,,1.9,chunk_0080.json,POST /v1/generation/data/dpp-bulk,2026-05-31 21:42:47.448045+00:00,5013002,R3-TRABZON-1 RES,102200,2026-05-31T15:00:00+03:00,15:00
40X0000001022004,KALYON YEKA RES 3 RÜZGAR ENERJİSİ YATIRIMLARI A.Ş.,unknown,2026-05-31 16:00:00+03:00,,1.2,chunk_0080.json,POST /v1/generation/data/dpp-bulk,2026-05-31 21:42:47.448045+00:00,5013002,R3-TRABZON-1 RES,102200,2026-05-31T16:00:00+03:00,16:00
40X0000001022004,KALYON YEKA RES 3 RÜZGAR ENERJİSİ YATIRIMLARI A.Ş.,unknown,2026-05-31 17:00:00+03:00,,2.3,chunk_0080.json,POST /v1/generation/data/dpp-bulk,2026-05-31 21:42:47.448045+00:00,5013002,R3-TRABZON-1 RES,102200,2026-05-31T17:00:00+03:00,17:00
40X0000001022004,KALYON YEKA RES 3 RÜZGAR ENERJİSİ YATIRIMLARI A.Ş.,unknown,2026-05-31 18:00:00+03:00,,1.8,chunk_0080.json,POST /v1/generation/data/dpp-bulk,2026-05-31 21:42:47.448045+00:00,5013002,R3-TRABZON-1 RES,102200,2026-05-31T18:00:00+03:00,18:00
40X0000001022004,KALYON YEKA RES 3 RÜZGAR ENERJİSİ YATIRIMLARI A.Ş.,unknown,2026-05-31 19:00:00+03:00,,1.3,chunk_0080.json,POST /v1/generation/data/dpp-bulk,2026-05-31 21:42:47.448045+00:00,5013002,R3-TRABZON-1 RES,102200,2026-05-31T19:00:00+03:00,19:00
40X0000001022004,KALYON YEKA RES 3 RÜZGAR ENERJİSİ YATIRIMLARI A.Ş.,unknown,2026-05-31 20:00:00+03:00,,1.0,chunk_0080.json,POST /v1/generation/data/dpp-bulk,2026-05-31 21:42:47.448045+00:00,5013002,R3-TRABZON-1 RES,102200,2026-05-31T20:00:00+03:00,20:00
40X0000001022004,KALYON YEKA RES 3 RÜZGAR ENERJİSİ YATIRIMLARI A.Ş.,unknown,2026-05-31 21:00:00+03:00,,0.7,chunk_0080.json,POST /v1/generation/data/dpp-bulk,2026-05-31 21:42:47.448045+00:00,5013002,R3-TRABZON-1 RES,102200,2026-05-31T21:00:00+03:00,21:00
40X0000001022004,KALYON YEKA RES 3 RÜZGAR ENERJİSİ YATIRIMLARI A.Ş.,unknown,2026-05-31 22:00:00+03:00,,0.5,chunk_0080.json,POST /v1/generation/data/dpp-bulk,2026-05-31 21:42:47.448045+00:00,5013002,R3-TRABZON-1 RES,102200,2026-05-31T22:00:00+03:00,22:00
40X0000001022004,KALYON YEKA RES 3 RÜZGAR ENERJİSİ YATIRIMLARI A.Ş.,unknown,2026-05-31 23:00:00+03:00,,0.7,chunk_0080.json,POST /v1/generation/data/dpp-bulk,2026-05-31 21:42:47.448045+00:00,5013002,R3-TRABZON-1 RES,102200,2026-05-31T23:00:00+03:00,23:00
40X000000103060Q,ZEROS GAZ VE ENERJİ A.Ş. (TOPLAYICI),unknown,2026-05-31 00:00:00+03:00,,0.7,chunk_0080.json,POST /v1/generation/data/dpp-bulk,2026-05-31 21:42:47.448045+00:00,5013082,İSTANBUL END. ATIK TERM. BERT. VE ELK. ÜRT. TESİSİ,103060,2026-05-31T00:00:00+03:00,00:00
40X000000103060Q,ZEROS GAZ VE ENERJİ A.Ş. (TOPLAYICI),unknown,2026-05-31 01:00:00+03:00,,0.7,chunk_0080.json,POST /v1/generation/data/dpp-bulk,2026-05-31 21:42:47.448045+00:00,5013082,İSTANBUL END. ATIK TERM. BERT. VE ELK. ÜRT. TESİSİ,103060,2026-05-31T01:00:00+03:00,01:00
40X000000103060Q,ZEROS GAZ VE ENERJİ A.Ş. (TOPLAYICI),unknown,2026-05-31 02:00:00+03:00,,0.7,chunk_0080.json,POST /v1/generation/data/dpp-bulk,2026-05-31 21:42:47.448045+00:00,5013082,İSTANBUL END. ATIK TERM. BERT. VE ELK. ÜRT. TESİSİ,103060,2026-05-31T02:00:00+03:00,02:00
40X000000103060Q,ZEROS GAZ VE ENERJİ A.Ş. (TOPLAYICI),unknown,2026-05-31 03:00:00+03:00,,0.7,chunk_0080.json,POST /v1/generation/data/dpp-bulk,2026-05-31 21:42:47.448045+00:00,5013082,İSTANBUL END. ATIK TERM. BERT. VE ELK. ÜRT. TESİSİ,103060,2026-05-31T03:00:00+03:00,03:00
40X000000103060Q,ZEROS GAZ VE ENERJİ A.Ş. (TOPLAYICI),unknown,2026-05-31 04:00:00+03:00,,0.7,chunk_0080.json,POST /v1/generation/data/dpp-bulk,2026-05-31 21:42:47.448045+00:00,5013082,İSTANBUL END. ATIK TERM. BERT. VE ELK. ÜRT. TESİSİ,103060,2026-05-31T04:00:00+03:00,04:00
40X000000103060Q,ZEROS GAZ VE ENERJİ A.Ş. (TOPLAYICI),unknown,2026-05-31 05:00:00+03:00,,0.7,chunk_0080.json,POST /v1/generation/data/dpp-bulk,2026-05-31 21:42:47.448045+00:00,5013082,İSTANBUL END. ATIK TERM. BERT. VE ELK. ÜRT. TESİSİ,103060,2026-05-31T05:00:00+03:00,05:00
40X000000103060Q,ZEROS GAZ VE ENERJİ A.Ş. (TOPLAYICI),unknown,2026-05-31 06:00:00+03:00,,0.7,chunk_0080.json,POST /v1/generation/data/dpp-bulk,2026-05-31 21:42:47.448045+00:00,5013082,İSTANBUL END. ATIK TERM. BERT. VE ELK. ÜRT. TESİSİ,103060,2026-05-31T06:00:00+03:00,06:00
40X000000103060Q,ZEROS GAZ VE ENERJİ A.Ş. (TOPLAYICI),unknown,2026-05-31 07:00:00+03:00,,0.7,chunk_0080.json,POST /v1/generation/data/dpp-bulk,2026-05-31 21:42:47.448045+00:00,5013082,İSTANBUL END. ATIK TERM. BERT. VE ELK. ÜRT. TESİSİ,103060,2026-05-31T07:00:00+03:00,07:00
40X000000103060Q,ZEROS GAZ VE ENERJİ A.Ş. (TOPLAYICI),unknown,2026-05-31 08:00:00+03:00,,0.7,chunk_0080.json,POST /v1/generation/data/dpp-bulk,2026-05-31 21:42:47.448045+00:00,5013082,İSTANBUL END. ATIK TERM. BERT. VE ELK. ÜRT. TESİSİ,103060,2026-05-31T08:00:00+03:00,08:00
40X000000103060Q,ZEROS GAZ VE ENERJİ A.Ş. (TOPLAYICI),unknown,2026-05-31 09:00:00+03:00,,0.7,chunk_0080.json,POST /v1/generation/data/dpp-bulk,2026-05-31 21:42:47.448045+00:00,5013082,İSTANBUL END. ATIK TERM. BERT. VE ELK. ÜRT. TESİSİ,103060,2026-05-31T09:00:00+03:00,09:00
40X000000103060Q,ZEROS GAZ VE ENERJİ A.Ş. (TOPLAYICI),unknown,2026-05-31 10:00:00+03:00,,0.7,chunk_0080.json,POST /v1/generation/data/dpp-bulk,2026-05-31 21:42:47.448045+00:00,5013082,İSTANBUL END. ATIK TERM. BERT. VE ELK. ÜRT. TESİSİ,103060,2026-05-31T10:00:00+03:00,10:00
40X000000103060Q,ZEROS GAZ VE ENERJİ A.Ş. (TOPLAYICI),unknown,2026-05-31 11:00:00+03:00,,0.7,chunk_0080.json,POST /v1/generation/data/dpp-bulk,2026-05-31 21:42:47.448045+00:00,5013082,İSTANBUL END. ATIK TERM. BERT. VE ELK. ÜRT. TESİSİ,103060,2026-05-31T11:00:00+03:00,11:00
40X000000103060Q,ZEROS GAZ VE ENERJİ A.Ş. (TOPLAYICI),unknown,2026-05-31 12:00:00+03:00,,0.7,chunk_0080.json,POST /v1/generation/data/dpp-bulk,2026-05-31 21:42:47.448045+00:00,5013082,İSTANBUL END. ATIK TERM. BERT. VE ELK. ÜRT. TESİSİ,103060,2026-05-31T12:00:00+03:00,12:00
40X000000103060Q,ZEROS GAZ VE ENERJİ A.Ş. (TOPLAYICI),unknown,2026-05-31 13:00:00+03:00,,0.7,chunk_0080.json,POST /v1/generation/data/dpp-bulk,2026-05-31 21:42:47.448045+00:00,5013082,İSTANBUL END. ATIK TERM. BERT. VE ELK. ÜRT. TESİSİ,103060,2026-05-31T13:00:00+03:00,13:00
40X000000103060Q,ZEROS GAZ VE ENERJİ A.Ş. (TOPLAYICI),unknown,2026-05-31 14:00:00+03:00,,0.7,chunk_0080.json,POST /v1/generation/data/dpp-bulk,2026-05-31 21:42:47.448045+00:00,5013082,İSTANBUL END. ATIK TERM. BERT. VE ELK. ÜRT. TESİSİ,103060,2026-05-31T14:00:00+03:00,14:00
40X000000103060Q,ZEROS GAZ VE ENERJİ A.Ş. (TOPLAYICI),unknown,2026-05-31 15:00:00+03:00,,0.7,chunk_0080.json,POST /v1/generation/data/dpp-bulk,2026-05-31 21:42:47.448045+00:00,5013082,İSTANBUL END. ATIK TERM. BERT. VE ELK. ÜRT. TESİSİ,103060,2026-05-31T15:00:00+03:00,15:00
40X000000103060Q,ZEROS GAZ VE ENERJİ A.Ş. (TOPLAYICI),unknown,2026-05-31 16:00:00+03:00,,0.7,chunk_0080.json,POST /v1/generation/data/dpp-bulk,2026-05-31 21:42:47.448045+00:00,5013082,İSTANBUL END. ATIK TERM. BERT. VE ELK. ÜRT. TESİSİ,103060,2026-05-31T16:00:00+03:00,16:00
40X000000103060Q,ZEROS GAZ VE ENERJİ A.Ş. (TOPLAYICI),unknown,2026-05-31 17:00:00+03:00,,0.7,chunk_0080.json,POST /v1/generation/data/dpp-bulk,2026-05-31 21:42:47.448045+00:00,5013082,İSTANBUL END. ATIK TERM. BERT. VE ELK. ÜRT. TESİSİ,103060,2026-05-31T17:00:00+03:00,17:00
40X000000103060Q,ZEROS GAZ VE ENERJİ A.Ş. (TOPLAYICI),unknown,2026-05-31 18:00:00+03:00,,0.7,chunk_0080.json,POST /v1/generation/data/dpp-bulk,2026-05-31 21:42:47.448045+00:00,5013082,İSTANBUL END. ATIK TERM. BERT. VE ELK. ÜRT. TESİSİ,103060,2026-05-31T18:00:00+03:00,18:00
40X000000103060Q,ZEROS GAZ VE ENERJİ A.Ş. (TOPLAYICI),unknown,2026-05-31 19:00:00+03:00,,0.7,chunk_0080.json,POST /v1/generation/data/dpp-bulk,2026-05-31 21:42:47.448045+00:00,5013082,İSTANBUL END. ATIK TERM. BERT. VE ELK. ÜRT. TESİSİ,103060,2026-05-31T19:00:00+03:00,19:00
40X000000103060Q,ZEROS GAZ VE ENERJİ A.Ş. (TOPLAYICI),unknown,2026-05-31 20:00:00+03:00,,0.7,chunk_0080.json,POST /v1/generation/data/dpp-bulk,2026-05-31 21:42:47.448045+00:00,5013082,İSTANBUL END. ATIK TERM. BERT. VE ELK. ÜRT. TESİSİ,103060,2026-05-31T20:00:00+03:00,20:00
40X000000103060Q,ZEROS GAZ VE ENERJİ A.Ş. (TOPLAYICI),unknown,2026-05-31 21:00:00+03:00,,0.7,chunk_0080.json,POST /v1/generation/data/dpp-bulk,2026-05-31 21:42:47.448045+00:00,5013082,İSTANBUL END. ATIK TERM. BERT. VE ELK. ÜRT. TESİSİ,103060,2026-05-31T21:00:00+03:00,21:00
40X000000103060Q,ZEROS GAZ VE ENERJİ A.Ş. (TOPLAYICI),unknown,2026-05-31 22:00:00+03:00,,0.7,chunk_0080.json,POST /v1/generation/data/dpp-bulk,2026-05-31 21:42:47.448045+00:00,5013082,İSTANBUL END. ATIK TERM. BERT. VE ELK. ÜRT. TESİSİ,103060,2026-05-31T22:00:00+03:00,22:00
40X000000103060Q,ZEROS GAZ VE ENERJİ A.Ş. (TOPLAYICI),unknown,2026-05-31 23:00:00+03:00,,0.7,chunk_0080.json,POST /v1/generation/data/dpp-bulk,2026-05-31 21:42:47.448045+00:00,5013082,İSTANBUL END. ATIK TERM. BERT. VE ELK. ÜRT. TESİSİ,103060,2026-05-31T23:00:00+03:00,23:00
40X000000103261G,AKSA DENGELEME VE ENERJİ YÖNETİMİ A.Ş. (TOPLAYICI),unknown,2026-05-31 00:00:00+03:00,,0.0,chunk_0080.json,POST /v1/generation/data/dpp-bulk,2026-05-31 21:42:47.448045+00:00,5012741,GÖNEN RES,103261,2026-05-31T00:00:00+03:00,00:00
40X000000103261G,AKSA DENGELEME VE ENERJİ YÖNETİMİ A.Ş. (TOPLAYICI),unknown,2026-05-31 01:00:00+03:00,,0.0,chunk_0080.json,POST /v1/generation/data/dpp-bulk,2026-05-31 21:42:47.448045+00:00,5012741,GÖNEN RES,103261,2026-05-31T01:00:00+03:00,01:00
40X000000103261G,AKSA DENGELEME VE ENERJİ YÖNETİMİ A.Ş. (TOPLAYICI),unknown,2026-05-31 02:00:00+03:00,,0.0,chunk_0080.json,POST /v1/generation/data/dpp-bulk,2026-05-31 21:42:47.448045+00:00,5012741,GÖNEN RES,103261,2026-05-31T02:00:00+03:00,02:00
40X000000103261G,AKSA DENGELEME VE ENERJİ YÖNETİMİ A.Ş. (TOPLAYICI),unknown,2026-05-31 03:00:00+03:00,,0.0,chunk_0080.json,POST /v1/generation/data/dpp-bulk,2026-05-31 21:42:47.448045+00:00,5012741,GÖNEN RES,103261,2026-05-31T03:00:00+03:00,03:00
40X000000103261G,AKSA DENGELEME VE ENERJİ YÖNETİMİ A.Ş. (TOPLAYICI),unknown,2026-05-31 04:00:00+03:00,,0.0,chunk_0080.json,POST /v1/generation/data/dpp-bulk,2026-05-31 21:42:47.448045+00:00,5012741,GÖNEN RES,103261,2026-05-31T04:00:00+03:00,04:00
40X000000103261G,AKSA DENGELEME VE ENERJİ YÖNETİMİ A.Ş. (TOPLAYICI),unknown,2026-05-31 05:00:00+03:00,,0.0,chunk_0080.json,POST /v1/generation/data/dpp-bulk,2026-05-31 21:42:47.448045+00:00,5012741,GÖNEN RES,103261,2026-05-31T05:00:00+03:00,05:00
40X000000103261G,AKSA DENGELEME VE ENERJİ YÖNETİMİ A.Ş. (TOPLAYICI),unknown,2026-05-31 06:00:00+03:00,,0.0,chunk_0080.json,POST /v1/generation/data/dpp-bulk,2026-05-31 21:42:47.448045+00:00,5012741,GÖNEN RES,103261,2026-05-31T06:00:00+03:00,06:00
40X000000103261G,AKSA DENGELEME VE ENERJİ YÖNETİMİ A.Ş. (TOPLAYICI),unknown,2026-05-31 07:00:00+03:00,,0.0,chunk_0080.json,POST /v1/generation/data/dpp-bulk,2026-05-31 21:42:47.448045+00:00,5012741,GÖNEN RES,103261,2026-05-31T07:00:00+03:00,07:00
40X000000103261G,AKSA DENGELEME VE ENERJİ YÖNETİMİ A.Ş. (TOPLAYICI),unknown,2026-05-31 08:00:00+03:00,,0.0,chunk_0080.json,POST /v1/generation/data/dpp-bulk,2026-05-31 21:42:47.448045+00:00,5012741,GÖNEN RES,103261,2026-05-31T08:00:00+03:00,08:00
40X000000103261G,AKSA DENGELEME VE ENERJİ YÖNETİMİ A.Ş. (TOPLAYICI),unknown,2026-05-31 09:00:00+03:00,,0.0,chunk_0080.json,POST /v1/generation/data/dpp-bulk,2026-05-31 21:42:47.448045+00:00,5012741,GÖNEN RES,103261,2026-05-31T09:00:00+03:00,09:00
40X000000103261G,AKSA DENGELEME VE ENERJİ YÖNETİMİ A.Ş. (TOPLAYICI),unknown,2026-05-31 10:00:00+03:00,,0.0,chunk_0080.json,POST /v1/generation/data/dpp-bulk,2026-05-31 21:42:47.448045+00:00,5012741,GÖNEN RES,103261,2026-05-31T10:00:00+03:00,10:00
40X000000103261G,AKSA DENGELEME VE ENERJİ YÖNETİMİ A.Ş. (TOPLAYICI),unknown,2026-05-31 11:00:00+03:00,,0.0,chunk_0080.json,POST /v1/generation/data/dpp-bulk,2026-05-31 21:42:47.448045+00:00,5012741,GÖNEN RES,103261,2026-05-31T11:00:00+03:00,11:00
40X000000103261G,AKSA DENGELEME VE ENERJİ YÖNETİMİ A.Ş. (TOPLAYICI),unknown,2026-05-31 12:00:00+03:00,,0.0,chunk_0080.json,POST /v1/generation/data/dpp-bulk,2026-05-31 21:42:47.448045+00:00,5012741,GÖNEN RES,103261,2026-05-31T12:00:00+03:00,12:00
40X000000103261G,AKSA DENGELEME VE ENERJİ YÖNETİMİ A.Ş. (TOPLAYICI),unknown,2026-05-31 13:00:00+03:00,,0.0,chunk_0080.json,POST /v1/generation/data/dpp-bulk,2026-05-31 21:42:47.448045+00:00,5012741,GÖNEN RES,103261,2026-05-31T13:00:00+03:00,13:00
40X000000103261G,AKSA DENGELEME VE ENERJİ YÖNETİMİ A.Ş. (TOPLAYICI),unknown,2026-05-31 14:00:00+03:00,,0.0,chunk_0080.json,POST /v1/generation/data/dpp-bulk,2026-05-31 21:42:47.448045+00:00,5012741,GÖNEN RES,103261,2026-05-31T14:00:00+03:00,14:00
40X000000103261G,AKSA DENGELEME VE ENERJİ YÖNETİMİ A.Ş. (TOPLAYICI),unknown,2026-05-31 15:00:00+03:00,,0.0,chunk_0080.json,POST /v1/generation/data/dpp-bulk,2026-05-31 21:42:47.448045+00:00,5012741,GÖNEN RES,103261,2026-05-31T15:00:00+03:00,15:00
40X000000103261G,AKSA DENGELEME VE ENERJİ YÖNETİMİ A.Ş. (TOPLAYICI),unknown,2026-05-31 16:00:00+03:00,,0.0,chunk_0080.json,POST /v1/generation/data/dpp-bulk,2026-05-31 21:42:47.448045+00:00,5012741,GÖNEN RES,103261,2026-05-31T16:00:00+03:00,16:00
40X000000103261G,AKSA DENGELEME VE ENERJİ YÖNETİMİ A.Ş. (TOPLAYICI),unknown,2026-05-31 17:00:00+03:00,,0.0,chunk_0080.json,POST /v1/generation/data/dpp-bulk,2026-05-31 21:42:47.448045+00:00,5012741,GÖNEN RES,103261,2026-05-31T17:00:00+03:00,17:00
40X000000103261G,AKSA DENGELEME VE ENERJİ YÖNETİMİ A.Ş. (TOPLAYICI),unknown,2026-05-31 18:00:00+03:00,,0.0,chunk_0080.json,POST /v1/generation/data/dpp-bulk,2026-05-31 21:42:47.448045+00:00,5012741,GÖNEN RES,103261,2026-05-31T18:00:00+03:00,18:00
40X000000103261G,AKSA DENGELEME VE ENERJİ YÖNETİMİ A.Ş. (TOPLAYICI),unknown,2026-05-31 19:00:00+03:00,,2.5,chunk_0080.json,POST /v1/generation/data/dpp-bulk,2026-05-31 21:42:47.448045+00:00,5012741,GÖNEN RES,103261,2026-05-31T19:00:00+03:00,19:00
40X000000103261G,AKSA DENGELEME VE ENERJİ YÖNETİMİ A.Ş. (TOPLAYICI),unknown,2026-05-31 20:00:00+03:00,,1.77,chunk_0080.json,POST /v1/generation/data/dpp-bulk,2026-05-31 21:42:47.448045+00:00,5012741,GÖNEN RES,103261,2026-05-31T20:00:00+03:00,20:00
40X000000103261G,AKSA DENGELEME VE ENERJİ YÖNETİMİ A.Ş. (TOPLAYICI),unknown,2026-05-31 21:00:00+03:00,,2.21,chunk_0080.json,POST /v1/generation/data/dpp-bulk,2026-05-31 21:42:47.448045+00:00,5012741,GÖNEN RES,103261,2026-05-31T21:00:00+03:00,21:00
40X000000103261G,AKSA DENGELEME VE ENERJİ YÖNETİMİ A.Ş. (TOPLAYICI),unknown,2026-05-31 22:00:00+03:00,,3.0,chunk_0080.json,POST /v1/generation/data/dpp-bulk,2026-05-31 21:42:47.448045+00:00,5012741,GÖNEN RES,103261,2026-05-31T22:00:00+03:00,22:00
40X000000103261G,AKSA DENGELEME VE ENERJİ YÖNETİMİ A.Ş. (TOPLAYICI),unknown,2026-05-31 23:00:00+03:00,,5.19,chunk_0080.json,POST /v1/generation/data/dpp-bulk,2026-05-31 21:42:47.448045+00:00,5012741,GÖNEN RES,103261,2026-05-31T23:00:00+03:00,23:00
40X000000103261G,AKSA DENGELEME VE ENERJİ YÖNETİMİ A.Ş. (TOPLAYICI),unknown,2026-05-31 00:00:00+03:00,,2.82,chunk_0080.json,POST /v1/generation/data/dpp-bulk,2026-05-31 21:42:47.448045+00:00,5013244,OVACIK RES,103261,2026-05-31T00:00:00+03:00,00:00
40X000000103261G,AKSA DENGELEME VE ENERJİ YÖNETİMİ A.Ş. (TOPLAYICI),unknown,2026-05-31 01:00:00+03:00,,9.59,chunk_0080.json,POST /v1/generation/data/dpp-bulk,2026-05-31 21:42:47.448045+00:00,5013244,OVACIK RES,103261,2026-05-31T01:00:00+03:00,01:00
40X000000103261G,AKSA DENGELEME VE ENERJİ YÖNETİMİ A.Ş. (TOPLAYICI),unknown,2026-05-31 02:00:00+03:00,,13.77,chunk_0080.json,POST /v1/generation/data/dpp-bulk,2026-05-31 21:42:47.448045+00:00,5013244,OVACIK RES,103261,2026-05-31T02:00:00+03:00,02:00
40X000000103261G,AKSA DENGELEME VE ENERJİ YÖNETİMİ A.Ş. (TOPLAYICI),unknown,2026-05-31 03:00:00+03:00,,0.0,chunk_0080.json,POST /v1/generation/data/dpp-bulk,2026-05-31 21:42:47.448045+00:00,5013244,OVACIK RES,103261,2026-05-31T03:00:00+03:00,03:00
40X000000103261G,AKSA DENGELEME VE ENERJİ YÖNETİMİ A.Ş. (TOPLAYICI),unknown,2026-05-31 04:00:00+03:00,,0.0,chunk_0080.json,POST /v1/generation/data/dpp-bulk,2026-05-31 21:42:47.448045+00:00,5013244,OVACIK RES,103261,2026-05-31T04:00:00+03:00,04:00
40X000000103261G,AKSA DENGELEME VE ENERJİ YÖNETİMİ A.Ş. (TOPLAYICI),unknown,2026-05-31 05:00:00+03:00,,0.0,chunk_0080.json,POST /v1/generation/data/dpp-bulk,2026-05-31 21:42:47.448045+00:00,5013244,OVACIK RES,103261,2026-05-31T05:00:00+03:00,05:00
40X000000103261G,AKSA DENGELEME VE ENERJİ YÖNETİMİ A.Ş. (TOPLAYICI),unknown,2026-05-31 06:00:00+03:00,,0.0,chunk_0080.json,POST /v1/generation/data/dpp-bulk,2026-05-31 21:42:47.448045+00:00,5013244,OVACIK RES,103261,2026-05-31T06:00:00+03:00,06:00
40X000000103261G,AKSA DENGELEME VE ENERJİ YÖNETİMİ A.Ş. (TOPLAYICI),unknown,2026-05-31 07:00:00+03:00,,0.0,chunk_0080.json,POST /v1/generation/data/dpp-bulk,2026-05-31 21:42:47.448045+00:00,5013244,OVACIK RES,103261,2026-05-31T07:00:00+03:00,07:00
40X000000103261G,AKSA DENGELEME VE ENERJİ YÖNETİMİ A.Ş. (TOPLAYICI),unknown,2026-05-31 08:00:00+03:00,,0.0,chunk_0080.json,POST /v1/generation/data/dpp-bulk,2026-05-31 21:42:47.448045+00:00,5013244,OVACIK RES,103261,2026-05-31T08:00:00+03:00,08:00
40X000000103261G,AKSA DENGELEME VE ENERJİ YÖNETİMİ A.Ş. (TOPLAYICI),unknown,2026-05-31 09:00:00+03:00,,0.0,chunk_0080.json,POST /v1/generation/data/dpp-bulk,2026-05-31 21:42:47.448045+00:00,5013244,OVACIK RES,103261,2026-05-31T09:00:00+03:00,09:00
40X000000103261G,AKSA DENGELEME VE ENERJİ YÖNETİMİ A.Ş. (TOPLAYICI),unknown,2026-05-31 10:00:00+03:00,,0.0,chunk_0080.json,POST /v1/generation/data/dpp-bulk,2026-05-31 21:42:47.448045+00:00,5013244,OVACIK RES,103261,2026-05-31T10:00:00+03:00,10:00
40X000000103261G,AKSA DENGELEME VE ENERJİ YÖNETİMİ A.Ş. (TOPLAYICI),unknown,2026-05-31 11:00:00+03:00,,0.0,chunk_0080.json,POST /v1/generation/data/dpp-bulk,2026-05-31 21:42:47.448045+00:00,5013244,OVACIK RES,103261,2026-05-31T11:00:00+03:00,11:00
40X000000103261G,AKSA DENGELEME VE ENERJİ YÖNETİMİ A.Ş. (TOPLAYICI),unknown,2026-05-31 12:00:00+03:00,,0.0,chunk_0080.json,POST /v1/generation/data/dpp-bulk,2026-05-31 21:42:47.448045+00:00,5013244,OVACIK RES,103261,2026-05-31T12:00:00+03:00,12:00
40X000000103261G,AKSA DENGELEME VE ENERJİ YÖNETİMİ A.Ş. (TOPLAYICI),unknown,2026-05-31 13:00:00+03:00,,0.0,chunk_0080.json,POST /v1/generation/data/dpp-bulk,2026-05-31 21:42:47.448045+00:00,5013244,OVACIK RES,103261,2026-05-31T13:00:00+03:00,13:00
40X000000103261G,AKSA DENGELEME VE ENERJİ YÖNETİMİ A.Ş. (TOPLAYICI),unknown,2026-05-31 14:00:00+03:00,,0.0,chunk_0080.json,POST /v1/generation/data/dpp-bulk,2026-05-31 21:42:47.448045+00:00,5013244,OVACIK RES,103261,2026-05-31T14:00:00+03:00,14:00
40X000000103261G,AKSA DENGELEME VE ENERJİ YÖNETİMİ A.Ş. (TOPLAYICI),unknown,2026-05-31 15:00:00+03:00,,0.0,chunk_0080.json,POST /v1/generation/data/dpp-bulk,2026-05-31 21:42:47.448045+00:00,5013244,OVACIK RES,103261,2026-05-31T15:00:00+03:00,15:00
40X000000103261G,AKSA DENGELEME VE ENERJİ YÖNETİMİ A.Ş. (TOPLAYICI),unknown,2026-05-31 16:00:00+03:00,,0.0,chunk_0080.json,POST /v1/generation/data/dpp-bulk,2026-05-31 21:42:47.448045+00:00,5013244,OVACIK RES,103261,2026-05-31T16:00:00+03:00,16:00
40X000000103261G,AKSA DENGELEME VE ENERJİ YÖNETİMİ A.Ş. (TOPLAYICI),unknown,2026-05-31 17:00:00+03:00,,0.0,chunk_0080.json,POST /v1/generation/data/dpp-bulk,2026-05-31 21:42:47.448045+00:00,5013244,OVACIK RES,103261,2026-05-31T17:00:00+03:00,17:00
40X000000103261G,AKSA DENGELEME VE ENERJİ YÖNETİMİ A.Ş. (TOPLAYICI),unknown,2026-05-31 18:00:00+03:00,,0.0,chunk_0080.json,POST /v1/generation/data/dpp-bulk,2026-05-31 21:42:47.448045+00:00,5013244,OVACIK RES,103261,2026-05-31T18:00:00+03:00,18:00
40X000000103261G,AKSA DENGELEME VE ENERJİ YÖNETİMİ A.Ş. (TOPLAYICI),unknown,2026-05-31 19:00:00+03:00,,3.72,chunk_0080.json,POST /v1/generation/data/dpp-bulk,2026-05-31 21:42:47.448045+00:00,5013244,OVACIK RES,103261,2026-05-31T19:00:00+03:00,19:00
40X000000103261G,AKSA DENGELEME VE ENERJİ YÖNETİMİ A.Ş. (TOPLAYICI),unknown,2026-05-31 20:00:00+03:00,,2.79,chunk_0080.json,POST /v1/generation/data/dpp-bulk,2026-05-31 21:42:47.448045+00:00,5013244,OVACIK RES,103261,2026-05-31T20:00:00+03:00,20:00
40X000000103261G,AKSA DENGELEME VE ENERJİ YÖNETİMİ A.Ş. (TOPLAYICI),unknown,2026-05-31 21:00:00+03:00,,1.64,chunk_0080.json,POST /v1/generation/data/dpp-bulk,2026-05-31 21:42:47.448045+00:00,5013244,OVACIK RES,103261,2026-05-31T21:00:00+03:00,21:00
40X000000103261G,AKSA DENGELEME VE ENERJİ YÖNETİMİ A.Ş. (TOPLAYICI),unknown,2026-05-31 22:00:00+03:00,,1.13,chunk_0080.json,POST /v1/generation/data/dpp-bulk,2026-05-31 21:42:47.448045+00:00,5013244,OVACIK RES,103261,2026-05-31T22:00:00+03:00,22:00
40X000000103261G,AKSA DENGELEME VE ENERJİ YÖNETİMİ A.Ş. (TOPLAYICI),unknown,2026-05-31 23:00:00+03:00,,1.56,chunk_0080.json,POST /v1/generation/data/dpp-bulk,2026-05-31 21:42:47.448045+00:00,5013244,OVACIK RES,103261,2026-05-31T23:00:00+03:00,23:00
40X000000103600K,INAVITAS TOPLAYICILIK VE ENERJİ TİC. A.Ş. (TOPLAYICI),unknown,2026-05-31 00:00:00+03:00,,15.2,chunk_0080.json,POST /v1/generation/data/dpp-bulk,2026-05-31 21:42:47.448045+00:00,5012881,R3-MUŞ-4 RES,103600,2026-05-31T00:00:00+03:00,00:00
40X000000103600K,INAVITAS TOPLAYICILIK VE ENERJİ TİC. A.Ş. (TOPLAYICI),unknown,2026-05-31 01:00:00+03:00,,16.0,chunk_0080.json,POST /v1/generation/data/dpp-bulk,2026-05-31 21:42:47.448045+00:00,5012881,R3-MUŞ-4 RES,103600,2026-05-31T01:00:00+03:00,01:00
40X000000103600K,INAVITAS TOPLAYICILIK VE ENERJİ TİC. A.Ş. (TOPLAYICI),unknown,2026-05-31 02:00:00+03:00,,15.0,chunk_0080.json,POST /v1/generation/data/dpp-bulk,2026-05-31 21:42:47.448045+00:00,5012881,R3-MUŞ-4 RES,103600,2026-05-31T02:00:00+03:00,02:00
40X000000103600K,INAVITAS TOPLAYICILIK VE ENERJİ TİC. A.Ş. (TOPLAYICI),unknown,2026-05-31 03:00:00+03:00,,13.5,chunk_0080.json,POST /v1/generation/data/dpp-bulk,2026-05-31 21:42:47.448045+00:00,5012881,R3-MUŞ-4 RES,103600,2026-05-31T03:00:00+03:00,03:00
40X000000103600K,INAVITAS TOPLAYICILIK VE ENERJİ TİC. A.Ş. (TOPLAYICI),unknown,2026-05-31 04:00:00+03:00,,13.1,chunk_0080.json,POST /v1/generation/data/dpp-bulk,2026-05-31 21:42:47.448045+00:00,5012881,R3-MUŞ-4 RES,103600,2026-05-31T04:00:00+03:00,04:00
40X000000103600K,INAVITAS TOPLAYICILIK VE ENERJİ TİC. A.Ş. (TOPLAYICI),unknown,2026-05-31 05:00:00+03:00,,14.2,chunk_0080.json,POST /v1/generation/data/dpp-bulk,2026-05-31 21:42:47.448045+00:00,5012881,R3-MUŞ-4 RES,103600,2026-05-31T05:00:00+03:00,05:00
40X000000103600K,INAVITAS TOPLAYICILIK VE ENERJİ TİC. A.Ş. (TOPLAYICI),unknown,2026-05-31 06:00:00+03:00,,0.0,chunk_0080.json,POST /v1/generation/data/dpp-bulk,2026-05-31 21:42:47.448045+00:00,5012881,R3-MUŞ-4 RES,103600,2026-05-31T06:00:00+03:00,06:00
40X000000103600K,INAVITAS TOPLAYICILIK VE ENERJİ TİC. A.Ş. (TOPLAYICI),unknown,2026-05-31 07:00:00+03:00,,0.0,chunk_0080.json,POST /v1/generation/data/dpp-bulk,2026-05-31 21:42:47.448045+00:00,5012881,R3-MUŞ-4 RES,103600,2026-05-31T07:00:00+03:00,07:00
40X000000103600K,INAVITAS TOPLAYICILIK VE ENERJİ TİC. A.Ş. (TOPLAYICI),unknown,2026-05-31 08:00:00+03:00,,0.0,chunk_0080.json,POST /v1/generation/data/dpp-bulk,2026-05-31 21:42:47.448045+00:00,5012881,R3-MUŞ-4 RES,103600,2026-05-31T08:00:00+03:00,08:00
40X000000103600K,INAVITAS TOPLAYICILIK VE ENERJİ TİC. A.Ş. (TOPLAYICI),unknown,2026-05-31 09:00:00+03:00,,0.0,chunk_0080.json,POST /v1/generation/data/dpp-bulk,2026-05-31 21:42:47.448045+00:00,5012881,R3-MUŞ-4 RES,103600,2026-05-31T09:00:00+03:00,09:00
40X000000103600K,INAVITAS TOPLAYICILIK VE ENERJİ TİC. A.Ş. (TOPLAYICI),unknown,2026-05-31 10:00:00+03:00,,0.0,chunk_0080.json,POST /v1/generation/data/dpp-bulk,2026-05-31 21:42:47.448045+00:00,5012881,R3-MUŞ-4 RES,103600,2026-05-31T10:00:00+03:00,10:00
40X000000103600K,INAVITAS TOPLAYICILIK VE ENERJİ TİC. A.Ş. (TOPLAYICI),unknown,2026-05-31 11:00:00+03:00,,0.0,chunk_0080.json,POST /v1/generation/data/dpp-bulk,2026-05-31 21:42:47.448045+00:00,5012881,R3-MUŞ-4 RES,103600,2026-05-31T11:00:00+03:00,11:00
40X000000103600K,INAVITAS TOPLAYICILIK VE ENERJİ TİC. A.Ş. (TOPLAYICI),unknown,2026-05-31 12:00:00+03:00,,0.0,chunk_0080.json,POST /v1/generation/data/dpp-bulk,2026-05-31 21:42:47.448045+00:00,5012881,R3-MUŞ-4 RES,103600,2026-05-31T12:00:00+03:00,12:00
40X000000103600K,INAVITAS TOPLAYICILIK VE ENERJİ TİC. A.Ş. (TOPLAYICI),unknown,2026-05-31 13:00:00+03:00,,0.0,chunk_0080.json,POST /v1/generation/data/dpp-bulk,2026-05-31 21:42:47.448045+00:00,5012881,R3-MUŞ-4 RES,103600,2026-05-31T13:00:00+03:00,13:00
40X000000103600K,INAVITAS TOPLAYICILIK VE ENERJİ TİC. A.Ş. (TOPLAYICI),unknown,2026-05-31 14:00:00+03:00,,0.0,chunk_0080.json,POST /v1/generation/data/dpp-bulk,2026-05-31 21:42:47.448045+00:00,5012881,R3-MUŞ-4 RES,103600,2026-05-31T14:00:00+03:00,14:00
40X000000103600K,INAVITAS TOPLAYICILIK VE ENERJİ TİC. A.Ş. (TOPLAYICI),unknown,2026-05-31 15:00:00+03:00,,0.0,chunk_0080.json,POST /v1/generation/data/dpp-bulk,2026-05-31 21:42:47.448045+00:00,5012881,R3-MUŞ-4 RES,103600,2026-05-31T15:00:00+03:00,15:00
40X000000103600K,INAVITAS TOPLAYICILIK VE ENERJİ TİC. A.Ş. (TOPLAYICI),unknown,2026-05-31 16:00:00+03:00,,0.0,chunk_0080.json,POST /v1/generation/data/dpp-bulk,2026-05-31 21:42:47.448045+00:00,5012881,R3-MUŞ-4 RES,103600,2026-05-31T16:00:00+03:00,16:00
40X000000103600K,INAVITAS TOPLAYICILIK VE ENERJİ TİC. A.Ş. (TOPLAYICI),unknown,2026-05-31 17:00:00+03:00,,0.0,chunk_0080.json,POST /v1/generation/data/dpp-bulk,2026-05-31 21:42:47.448045+00:00,5012881,R3-MUŞ-4 RES,103600,2026-05-31T17:00:00+03:00,17:00
40X000000103600K,INAVITAS TOPLAYICILIK VE ENERJİ TİC. A.Ş. (TOPLAYICI),unknown,2026-05-31 18:00:00+03:00,,11.36,chunk_0080.json,POST /v1/generation/data/dpp-bulk,2026-05-31 21:42:47.448045+00:00,5012881,R3-MUŞ-4 RES,103600,2026-05-31T18:00:00+03:00,18:00
40X000000103600K,INAVITAS TOPLAYICILIK VE ENERJİ TİC. A.Ş. (TOPLAYICI),unknown,2026-05-31 19:00:00+03:00,,10.98,chunk_0080.json,POST /v1/generation/data/dpp-bulk,2026-05-31 21:42:47.448045+00:00,5012881,R3-MUŞ-4 RES,103600,2026-05-31T19:00:00+03:00,19:00
40X000000103600K,INAVITAS TOPLAYICILIK VE ENERJİ TİC. A.Ş. (TOPLAYICI),unknown,2026-05-31 20:00:00+03:00,,6.9,chunk_0080.json,POST /v1/generation/data/dpp-bulk,2026-05-31 21:42:47.448045+00:00,5012881,R3-MUŞ-4 RES,103600,2026-05-31T20:00:00+03:00,20:00
40X000000103600K,INAVITAS TOPLAYICILIK VE ENERJİ TİC. A.Ş. (TOPLAYICI),unknown,2026-05-31 21:00:00+03:00,,5.4,chunk_0080.json,POST /v1/generation/data/dpp-bulk,2026-05-31 21:42:47.448045+00:00,5012881,R3-MUŞ-4 RES,103600,2026-05-31T21:00:00+03:00,21:00
40X000000103600K,INAVITAS TOPLAYICILIK VE ENERJİ TİC. A.Ş. (TOPLAYICI),unknown,2026-05-31 22:00:00+03:00,,1.76,chunk_0080.json,POST /v1/generation/data/dpp-bulk,2026-05-31 21:42:47.448045+00:00,5012881,R3-MUŞ-4 RES,103600,2026-05-31T22:00:00+03:00,22:00
40X000000103600K,INAVITAS TOPLAYICILIK VE ENERJİ TİC. A.Ş. (TOPLAYICI),unknown,2026-05-31 23:00:00+03:00,,3.1,chunk_0080.json,POST /v1/generation/data/dpp-bulk,2026-05-31 21:42:47.448045+00:00,5012881,R3-MUŞ-4 RES,103600,2026-05-31T23:00:00+03:00,23:00
40X000000104160H,RÖNESANS REFLEX ENERJİ ÇÖZÜMLERİ SAN. VE TİC. A.Ş. (TOPLAYICI),unknown,2026-05-31 00:00:00+03:00,,7.0,chunk_0080.json,POST /v1/generation/data/dpp-bulk,2026-05-31 21:42:47.448045+00:00,5012581,R3-MALATYA-1 RES,104160,2026-05-31T00:00:00+03:00,00:00
40X000000104160H,RÖNESANS REFLEX ENERJİ ÇÖZÜMLERİ SAN. VE TİC. A.Ş. (TOPLAYICI),unknown,2026-05-31 01:00:00+03:00,,9.1,chunk_0080.json,POST /v1/generation/data/dpp-bulk,2026-05-31 21:42:47.448045+00:00,5012581,R3-MALATYA-1 RES,104160,2026-05-31T01:00:00+03:00,01:00
40X000000104160H,RÖNESANS REFLEX ENERJİ ÇÖZÜMLERİ SAN. VE TİC. A.Ş. (TOPLAYICI),unknown,2026-05-31 02:00:00+03:00,,17.0,chunk_0080.json,POST /v1/generation/data/dpp-bulk,2026-05-31 21:42:47.448045+00:00,5012581,R3-MALATYA-1 RES,104160,2026-05-31T02:00:00+03:00,02:00
40X000000104160H,RÖNESANS REFLEX ENERJİ ÇÖZÜMLERİ SAN. VE TİC. A.Ş. (TOPLAYICI),unknown,2026-05-31 03:00:00+03:00,,22.0,chunk_0080.json,POST /v1/generation/data/dpp-bulk,2026-05-31 21:42:47.448045+00:00,5012581,R3-MALATYA-1 RES,104160,2026-05-31T03:00:00+03:00,03:00
40X000000104160H,RÖNESANS REFLEX ENERJİ ÇÖZÜMLERİ SAN. VE TİC. A.Ş. (TOPLAYICI),unknown,2026-05-31 04:00:00+03:00,,20.5,chunk_0080.json,POST /v1/generation/data/dpp-bulk,2026-05-31 21:42:47.448045+00:00,5012581,R3-MALATYA-1 RES,104160,2026-05-31T04:00:00+03:00,04:00
40X000000104160H,RÖNESANS REFLEX ENERJİ ÇÖZÜMLERİ SAN. VE TİC. A.Ş. (TOPLAYICI),unknown,2026-05-31 05:00:00+03:00,,20.4,chunk_0080.json,POST /v1/generation/data/dpp-bulk,2026-05-31 21:42:47.448045+00:00,5012581,R3-MALATYA-1 RES,104160,2026-05-31T05:00:00+03:00,05:00
40X000000104160H,RÖNESANS REFLEX ENERJİ ÇÖZÜMLERİ SAN. VE TİC. A.Ş. (TOPLAYICI),unknown,2026-05-31 06:00:00+03:00,,0.0,chunk_0080.json,POST /v1/generation/data/dpp-bulk,2026-05-31 21:42:47.448045+00:00,5012581,R3-MALATYA-1 RES,104160,2026-05-31T06:00:00+03:00,06:00
40X000000104160H,RÖNESANS REFLEX ENERJİ ÇÖZÜMLERİ SAN. VE TİC. A.Ş. (TOPLAYICI),unknown,2026-05-31 07:00:00+03:00,,0.0,chunk_0080.json,POST /v1/generation/data/dpp-bulk,2026-05-31 21:42:47.448045+00:00,5012581,R3-MALATYA-1 RES,104160,2026-05-31T07:00:00+03:00,07:00
40X000000104160H,RÖNESANS REFLEX ENERJİ ÇÖZÜMLERİ SAN. VE TİC. A.Ş. (TOPLAYICI),unknown,2026-05-31 08:00:00+03:00,,0.0,chunk_0080.json,POST /v1/generation/data/dpp-bulk,2026-05-31 21:42:47.448045+00:00,5012581,R3-MALATYA-1 RES,104160,2026-05-31T08:00:00+03:00,08:00
40X000000104160H,RÖNESANS REFLEX ENERJİ ÇÖZÜMLERİ SAN. VE TİC. A.Ş. (TOPLAYICI),unknown,2026-05-31 09:00:00+03:00,,0.0,chunk_0080.json,POST /v1/generation/data/dpp-bulk,2026-05-31 21:42:47.448045+00:00,5012581,R3-MALATYA-1 RES,104160,2026-05-31T09:00:00+03:00,09:00
40X000000104160H,RÖNESANS REFLEX ENERJİ ÇÖZÜMLERİ SAN. VE TİC. A.Ş. (TOPLAYICI),unknown,2026-05-31 10:00:00+03:00,,0.0,chunk_0080.json,POST /v1/generation/data/dpp-bulk,2026-05-31 21:42:47.448045+00:00,5012581,R3-MALATYA-1 RES,104160,2026-05-31T10:00:00+03:00,10:00
40X000000104160H,RÖNESANS REFLEX ENERJİ ÇÖZÜMLERİ SAN. VE TİC. A.Ş. (TOPLAYICI),unknown,2026-05-31 11:00:00+03:00,,0.0,chunk_0080.json,POST /v1/generation/data/dpp-bulk,2026-05-31 21:42:47.448045+00:00,5012581,R3-MALATYA-1 RES,104160,2026-05-31T11:00:00+03:00,11:00
40X000000104160H,RÖNESANS REFLEX ENERJİ ÇÖZÜMLERİ SAN. VE TİC. A.Ş. (TOPLAYICI),unknown,2026-05-31 12:00:00+03:00,,0.0,chunk_0080.json,POST /v1/generation/data/dpp-bulk,2026-05-31 21:42:47.448045+00:00,5012581,R3-MALATYA-1 RES,104160,2026-05-31T12:00:00+03:00,12:00
40X000000104160H,RÖNESANS REFLEX ENERJİ ÇÖZÜMLERİ SAN. VE TİC. A.Ş. (TOPLAYICI),unknown,2026-05-31 13:00:00+03:00,,0.0,chunk_0080.json,POST /v1/generation/data/dpp-bulk,2026-05-31 21:42:47.448045+00:00,5012581,R3-MALATYA-1 RES,104160,2026-05-31T13:00:00+03:00,13:00
40X000000104160H,RÖNESANS REFLEX ENERJİ ÇÖZÜMLERİ SAN. VE TİC. A.Ş. (TOPLAYICI),unknown,2026-05-31 14:00:00+03:00,,0.0,chunk_0080.json,POST /v1/generation/data/dpp-bulk,2026-05-31 21:42:47.448045+00:00,5012581,R3-MALATYA-1 RES,104160,2026-05-31T14:00:00+03:00,14:00
40X000000104160H,RÖNESANS REFLEX ENERJİ ÇÖZÜMLERİ SAN. VE TİC. A.Ş. (TOPLAYICI),unknown,2026-05-31 15:00:00+03:00,,0.0,chunk_0080.json,POST /v1/generation/data/dpp-bulk,2026-05-31 21:42:47.448045+00:00,5012581,R3-MALATYA-1 RES,104160,2026-05-31T15:00:00+03:00,15:00
40X000000104160H,RÖNESANS REFLEX ENERJİ ÇÖZÜMLERİ SAN. VE TİC. A.Ş. (TOPLAYICI),unknown,2026-05-31 16:00:00+03:00,,0.0,chunk_0080.json,POST /v1/generation/data/dpp-bulk,2026-05-31 21:42:47.448045+00:00,5012581,R3-MALATYA-1 RES,104160,2026-05-31T16:00:00+03:00,16:00
40X000000104160H,RÖNESANS REFLEX ENERJİ ÇÖZÜMLERİ SAN. VE TİC. A.Ş. (TOPLAYICI),unknown,2026-05-31 17:00:00+03:00,,5.0,chunk_0080.json,POST /v1/generation/data/dpp-bulk,2026-05-31 21:42:47.448045+00:00,5012581,R3-MALATYA-1 RES,104160,2026-05-31T17:00:00+03:00,17:00
40X000000104160H,RÖNESANS REFLEX ENERJİ ÇÖZÜMLERİ SAN. VE TİC. A.Ş. (TOPLAYICI),unknown,2026-05-31 18:00:00+03:00,,10.0,chunk_0080.json,POST /v1/generation/data/dpp-bulk,2026-05-31 21:42:47.448045+00:00,5012581,R3-MALATYA-1 RES,104160,2026-05-31T18:00:00+03:00,18:00
40X000000104160H,RÖNESANS REFLEX ENERJİ ÇÖZÜMLERİ SAN. VE TİC. A.Ş. (TOPLAYICI),unknown,2026-05-31 19:00:00+03:00,,9.1,chunk_0080.json,POST /v1/generation/data/dpp-bulk,2026-05-31 21:42:47.448045+00:00,5012581,R3-MALATYA-1 RES,104160,2026-05-31T19:00:00+03:00,19:00
40X000000104160H,RÖNESANS REFLEX ENERJİ ÇÖZÜMLERİ SAN. VE TİC. A.Ş. (TOPLAYICI),unknown,2026-05-31 20:00:00+03:00,,7.1,chunk_0080.json,POST /v1/generation/data/dpp-bulk,2026-05-31 21:42:47.448045+00:00,5012581,R3-MALATYA-1 RES,104160,2026-05-31T20:00:00+03:00,20:00
40X000000104160H,RÖNESANS REFLEX ENERJİ ÇÖZÜMLERİ SAN. VE TİC. A.Ş. (TOPLAYICI),unknown,2026-05-31 21:00:00+03:00,,9.6,chunk_0080.json,POST /v1/generation/data/dpp-bulk,2026-05-31 21:42:47.448045+00:00,5012581,R3-MALATYA-1 RES,104160,2026-05-31T21:00:00+03:00,21:00
40X000000104160H,RÖNESANS REFLEX ENERJİ ÇÖZÜMLERİ SAN. VE TİC. A.Ş. (TOPLAYICI),unknown,2026-05-31 22:00:00+03:00,,6.6,chunk_0080.json,POST /v1/generation/data/dpp-bulk,2026-05-31 21:42:47.448045+00:00,5012581,R3-MALATYA-1 RES,104160,2026-05-31T22:00:00+03:00,22:00
40X000000104160H,RÖNESANS REFLEX ENERJİ ÇÖZÜMLERİ SAN. VE TİC. A.Ş. (TOPLAYICI),unknown,2026-05-31 23:00:00+03:00,,3.5,chunk_0080.json,POST /v1/generation/data/dpp-bulk,2026-05-31 21:42:47.448045+00:00,5012581,R3-MALATYA-1 RES,104160,2026-05-31T23:00:00+03:00,23:00
40X000000104160H,RÖNESANS REFLEX ENERJİ ÇÖZÜMLERİ SAN. VE TİC. A.Ş. (TOPLAYICI),unknown,2026-05-31 00:00:00+03:00,,9.0,chunk_0080.json,POST /v1/generation/data/dpp-bulk,2026-05-31 21:42:47.448045+00:00,5013062,R3-ÇORUM-1 RES,104160,2026-05-31T00:00:00+03:00,00:00
40X000000104160H,RÖNESANS REFLEX ENERJİ ÇÖZÜMLERİ SAN. VE TİC. A.Ş. (TOPLAYICI),unknown,2026-05-31 01:00:00+03:00,,23.0,chunk_0080.json,POST /v1/generation/data/dpp-bulk,2026-05-31 21:42:47.448045+00:00,5013062,R3-ÇORUM-1 RES,104160,2026-05-31T01:00:00+03:00,01:00
40X000000104160H,RÖNESANS REFLEX ENERJİ ÇÖZÜMLERİ SAN. VE TİC. A.Ş. (TOPLAYICI),unknown,2026-05-31 02:00:00+03:00,,29.7,chunk_0080.json,POST /v1/generation/data/dpp-bulk,2026-05-31 21:42:47.448045+00:00,5013062,R3-ÇORUM-1 RES,104160,2026-05-31T02:00:00+03:00,02:00
40X000000104160H,RÖNESANS REFLEX ENERJİ ÇÖZÜMLERİ SAN. VE TİC. A.Ş. (TOPLAYICI),unknown,2026-05-31 03:00:00+03:00,,25.3,chunk_0080.json,POST /v1/generation/data/dpp-bulk,2026-05-31 21:42:47.448045+00:00,5013062,R3-ÇORUM-1 RES,104160,2026-05-31T03:00:00+03:00,03:00
40X000000104160H,RÖNESANS REFLEX ENERJİ ÇÖZÜMLERİ SAN. VE TİC. A.Ş. (TOPLAYICI),unknown,2026-05-31 04:00:00+03:00,,24.3,chunk_0080.json,POST /v1/generation/data/dpp-bulk,2026-05-31 21:42:47.448045+00:00,5013062,R3-ÇORUM-1 RES,104160,2026-05-31T04:00:00+03:00,04:00
40X000000104160H,RÖNESANS REFLEX ENERJİ ÇÖZÜMLERİ SAN. VE TİC. A.Ş. (TOPLAYICI),unknown,2026-05-31 05:00:00+03:00,,24.5,chunk_0080.json,POST /v1/generation/data/dpp-bulk,2026-05-31 21:42:47.448045+00:00,5013062,R3-ÇORUM-1 RES,104160,2026-05-31T05:00:00+03:00,05:00
40X000000104160H,RÖNESANS REFLEX ENERJİ ÇÖZÜMLERİ SAN. VE TİC. A.Ş. (TOPLAYICI),unknown,2026-05-31 06:00:00+03:00,,0.0,chunk_0080.json,POST /v1/generation/data/dpp-bulk,2026-05-31 21:42:47.448045+00:00,5013062,R3-ÇORUM-1 RES,104160,2026-05-31T06:00:00+03:00,06:00
40X000000104160H,RÖNESANS REFLEX ENERJİ ÇÖZÜMLERİ SAN. VE TİC. A.Ş. (TOPLAYICI),unknown,2026-05-31 07:00:00+03:00,,0.0,chunk_0080.json,POST /v1/generation/data/dpp-bulk,2026-05-31 21:42:47.448045+00:00,5013062,R3-ÇORUM-1 RES,104160,2026-05-31T07:00:00+03:00,07:00
40X000000104160H,RÖNESANS REFLEX ENERJİ ÇÖZÜMLERİ SAN. VE TİC. A.Ş. (TOPLAYICI),unknown,2026-05-31 08:00:00+03:00,,0.0,chunk_0080.json,POST /v1/generation/data/dpp-bulk,2026-05-31 21:42:47.448045+00:00,5013062,R3-ÇORUM-1 RES,104160,2026-05-31T08:00:00+03:00,08:00
40X000000104160H,RÖNESANS REFLEX ENERJİ ÇÖZÜMLERİ SAN. VE TİC. A.Ş. (TOPLAYICI),unknown,2026-05-31 09:00:00+03:00,,0.0,chunk_0080.json,POST /v1/generation/data/dpp-bulk,2026-05-31 21:42:47.448045+00:00,5013062,R3-ÇORUM-1 RES,104160,2026-05-31T09:00:00+03:00,09:00
40X000000104160H,RÖNESANS REFLEX ENERJİ ÇÖZÜMLERİ SAN. VE TİC. A.Ş. (TOPLAYICI),unknown,2026-05-31 10:00:00+03:00,,0.0,chunk_0080.json,POST /v1/generation/data/dpp-bulk,2026-05-31 21:42:47.448045+00:00,5013062,R3-ÇORUM-1 RES,104160,2026-05-31T10:00:00+03:00,10:00
40X000000104160H,RÖNESANS REFLEX ENERJİ ÇÖZÜMLERİ SAN. VE TİC. A.Ş. (TOPLAYICI),unknown,2026-05-31 11:00:00+03:00,,0.0,chunk_0080.json,POST /v1/generation/data/dpp-bulk,2026-05-31 21:42:47.448045+00:00,5013062,R3-ÇORUM-1 RES,104160,2026-05-31T11:00:00+03:00,11:00
40X000000104160H,RÖNESANS REFLEX ENERJİ ÇÖZÜMLERİ SAN. VE TİC. A.Ş. (TOPLAYICI),unknown,2026-05-31 12:00:00+03:00,,0.0,chunk_0080.json,POST /v1/generation/data/dpp-bulk,2026-05-31 21:42:47.448045+00:00,5013062,R3-ÇORUM-1 RES,104160,2026-05-31T12:00:00+03:00,12:00
40X000000104160H,RÖNESANS REFLEX ENERJİ ÇÖZÜMLERİ SAN. VE TİC. A.Ş. (TOPLAYICI),unknown,2026-05-31 13:00:00+03:00,,0.0,chunk_0080.json,POST /v1/generation/data/dpp-bulk,2026-05-31 21:42:47.448045+00:00,5013062,R3-ÇORUM-1 RES,104160,2026-05-31T13:00:00+03:00,13:00
40X000000104160H,RÖNESANS REFLEX ENERJİ ÇÖZÜMLERİ SAN. VE TİC. A.Ş. (TOPLAYICI),unknown,2026-05-31 14:00:00+03:00,,0.0,chunk_0080.json,POST /v1/generation/data/dpp-bulk,2026-05-31 21:42:47.448045+00:00,5013062,R3-ÇORUM-1 RES,104160,2026-05-31T14:00:00+03:00,14:00
40X000000104160H,RÖNESANS REFLEX ENERJİ ÇÖZÜMLERİ SAN. VE TİC. A.Ş. (TOPLAYICI),unknown,2026-05-31 15:00:00+03:00,,0.0,chunk_0080.json,POST /v1/generation/data/dpp-bulk,2026-05-31 21:42:47.448045+00:00,5013062,R3-ÇORUM-1 RES,104160,2026-05-31T15:00:00+03:00,15:00
40X000000104160H,RÖNESANS REFLEX ENERJİ ÇÖZÜMLERİ SAN. VE TİC. A.Ş. (TOPLAYICI),unknown,2026-05-31 16:00:00+03:00,,0.0,chunk_0080.json,POST /v1/generation/data/dpp-bulk,2026-05-31 21:42:47.448045+00:00,5013062,R3-ÇORUM-1 RES,104160,2026-05-31T16:00:00+03:00,16:00
40X000000104160H,RÖNESANS REFLEX ENERJİ ÇÖZÜMLERİ SAN. VE TİC. A.Ş. (TOPLAYICI),unknown,2026-05-31 17:00:00+03:00,,7.0,chunk_0080.json,POST /v1/generation/data/dpp-bulk,2026-05-31 21:42:47.448045+00:00,5013062,R3-ÇORUM-1 RES,104160,2026-05-31T17:00:00+03:00,17:00
40X000000104160H,RÖNESANS REFLEX ENERJİ ÇÖZÜMLERİ SAN. VE TİC. A.Ş. (TOPLAYICI),unknown,2026-05-31 18:00:00+03:00,,15.0,chunk_0080.json,POST /v1/generation/data/dpp-bulk,2026-05-31 21:42:47.448045+00:00,5013062,R3-ÇORUM-1 RES,104160,2026-05-31T18:00:00+03:00,18:00
40X000000104160H,RÖNESANS REFLEX ENERJİ ÇÖZÜMLERİ SAN. VE TİC. A.Ş. (TOPLAYICI),unknown,2026-05-31 19:00:00+03:00,,24.8,chunk_0080.json,POST /v1/generation/data/dpp-bulk,2026-05-31 21:42:47.448045+00:00,5013062,R3-ÇORUM-1 RES,104160,2026-05-31T19:00:00+03:00,19:00
40X000000104160H,RÖNESANS REFLEX ENERJİ ÇÖZÜMLERİ SAN. VE TİC. A.Ş. (TOPLAYICI),unknown,2026-05-31 20:00:00+03:00,,22.6,chunk_0080.json,POST /v1/generation/data/dpp-bulk,2026-05-31 21:42:47.448045+00:00,5013062,R3-ÇORUM-1 RES,104160,2026-05-31T20:00:00+03:00,20:00
40X000000104160H,RÖNESANS REFLEX ENERJİ ÇÖZÜMLERİ SAN. VE TİC. A.Ş. (TOPLAYICI),unknown,2026-05-31 21:00:00+03:00,,18.1,chunk_0080.json,POST /v1/generation/data/dpp-bulk,2026-05-31 21:42:47.448045+00:00,5013062,R3-ÇORUM-1 RES,104160,2026-05-31T21:00:00+03:00,21:00
40X000000104160H,RÖNESANS REFLEX ENERJİ ÇÖZÜMLERİ SAN. VE TİC. A.Ş. (TOPLAYICI),unknown,2026-05-31 22:00:00+03:00,,6.0,chunk_0080.json,POST /v1/generation/data/dpp-bulk,2026-05-31 21:42:47.448045+00:00,5013062,R3-ÇORUM-1 RES,104160,2026-05-31T22:00:00+03:00,22:00
40X000000104160H,RÖNESANS REFLEX ENERJİ ÇÖZÜMLERİ SAN. VE TİC. A.Ş. (TOPLAYICI),unknown,2026-05-31 23:00:00+03:00,,5.4,chunk_0080.json,POST /v1/generation/data/dpp-bulk,2026-05-31 21:42:47.448045+00:00,5013062,R3-ÇORUM-1 RES,104160,2026-05-31T23:00:00+03:00,23:00
40X0000001043803,ECO BİO ENERJİ ÜRETİM SAN. VE TİC. A.Ş.,unknown,2026-05-31 00:00:00+03:00,,0.0,chunk_0080.json,POST /v1/generation/data/dpp-bulk,2026-05-31 21:42:47.448045+00:00,5013001,PW-TR5003 BES,104380,2026-05-31T00:00:00+03:00,00:00
40X0000001043803,ECO BİO ENERJİ ÜRETİM SAN. VE TİC. A.Ş.,unknown,2026-05-31 01:00:00+03:00,,0.0,chunk_0080.json,POST /v1/generation/data/dpp-bulk,2026-05-31 21:42:47.448045+00:00,5013001,PW-TR5003 BES,104380,2026-05-31T01:00:00+03:00,01:00
40X0000001043803,ECO BİO ENERJİ ÜRETİM SAN. VE TİC. A.Ş.,unknown,2026-05-31 02:00:00+03:00,,0.0,chunk_0080.json,POST /v1/generation/data/dpp-bulk,2026-05-31 21:42:47.448045+00:00,5013001,PW-TR5003 BES,104380,2026-05-31T02:00:00+03:00,02:00
40X0000001043803,ECO BİO ENERJİ ÜRETİM SAN. VE TİC. A.Ş.,unknown,2026-05-31 03:00:00+03:00,,0.0,chunk_0080.json,POST /v1/generation/data/dpp-bulk,2026-05-31 21:42:47.448045+00:00,5013001,PW-TR5003 BES,104380,2026-05-31T03:00:00+03:00,03:00
40X0000001043803,ECO BİO ENERJİ ÜRETİM SAN. VE TİC. A.Ş.,unknown,2026-05-31 04:00:00+03:00,,0.0,chunk_0080.json,POST /v1/generation/data/dpp-bulk,2026-05-31 21:42:47.448045+00:00,5013001,PW-TR5003 BES,104380,2026-05-31T04:00:00+03:00,04:00
40X0000001043803,ECO BİO ENERJİ ÜRETİM SAN. VE TİC. A.Ş.,unknown,2026-05-31 05:00:00+03:00,,0.0,chunk_0080.json,POST /v1/generation/data/dpp-bulk,2026-05-31 21:42:47.448045+00:00,5013001,PW-TR5003 BES,104380,2026-05-31T05:00:00+03:00,05:00
40X0000001043803,ECO BİO ENERJİ ÜRETİM SAN. VE TİC. A.Ş.,unknown,2026-05-31 06:00:00+03:00,,0.0,chunk_0080.json,POST /v1/generation/data/dpp-bulk,2026-05-31 21:42:47.448045+00:00,5013001,PW-TR5003 BES,104380,2026-05-31T06:00:00+03:00,06:00
40X0000001043803,ECO BİO ENERJİ ÜRETİM SAN. VE TİC. A.Ş.,unknown,2026-05-31 07:00:00+03:00,,0.0,chunk_0080.json,POST /v1/generation/data/dpp-bulk,2026-05-31 21:42:47.448045+00:00,5013001,PW-TR5003 BES,104380,2026-05-31T07:00:00+03:00,07:00
40X0000001043803,ECO BİO ENERJİ ÜRETİM SAN. VE TİC. A.Ş.,unknown,2026-05-31 08:00:00+03:00,,0.0,chunk_0080.json,POST /v1/generation/data/dpp-bulk,2026-05-31 21:42:47.448045+00:00,5013001,PW-TR5003 BES,104380,2026-05-31T08:00:00+03:00,08:00
40X0000001043803,ECO BİO ENERJİ ÜRETİM SAN. VE TİC. A.Ş.,unknown,2026-05-31 09:00:00+03:00,,0.0,chunk_0080.json,POST /v1/generation/data/dpp-bulk,2026-05-31 21:42:47.448045+00:00,5013001,PW-TR5003 BES,104380,2026-05-31T09:00:00+03:00,09:00
40X0000001043803,ECO BİO ENERJİ ÜRETİM SAN. VE TİC. A.Ş.,unknown,2026-05-31 10:00:00+03:00,,0.0,chunk_0080.json,POST /v1/generation/data/dpp-bulk,2026-05-31 21:42:47.448045+00:00,5013001,PW-TR5003 BES,104380,2026-05-31T10:00:00+03:00,10:00
40X0000001043803,ECO BİO ENERJİ ÜRETİM SAN. VE TİC. A.Ş.,unknown,2026-05-31 11:00:00+03:00,,0.0,chunk_0080.json,POST /v1/generation/data/dpp-bulk,2026-05-31 21:42:47.448045+00:00,5013001,PW-TR5003 BES,104380,2026-05-31T11:00:00+03:00,11:00
40X0000001043803,ECO BİO ENERJİ ÜRETİM SAN. VE TİC. A.Ş.,unknown,2026-05-31 12:00:00+03:00,,0.0,chunk_0080.json,POST /v1/generation/data/dpp-bulk,2026-05-31 21:42:47.448045+00:00,5013001,PW-TR5003 BES,104380,2026-05-31T12:00:00+03:00,12:00
40X0000001043803,ECO BİO ENERJİ ÜRETİM SAN. VE TİC. A.Ş.,unknown,2026-05-31 13:00:00+03:00,,0.0,chunk_0080.json,POST /v1/generation/data/dpp-bulk,2026-05-31 21:42:47.448045+00:00,5013001,PW-TR5003 BES,104380,2026-05-31T13:00:00+03:00,13:00
40X0000001043803,ECO BİO ENERJİ ÜRETİM SAN. VE TİC. A.Ş.,unknown,2026-05-31 14:00:00+03:00,,0.0,chunk_0080.json,POST /v1/generation/data/dpp-bulk,2026-05-31 21:42:47.448045+00:00,5013001,PW-TR5003 BES,104380,2026-05-31T14:00:00+03:00,14:00
40X0000001043803,ECO BİO ENERJİ ÜRETİM SAN. VE TİC. A.Ş.,unknown,2026-05-31 15:00:00+03:00,,0.0,chunk_0080.json,POST /v1/generation/data/dpp-bulk,2026-05-31 21:42:47.448045+00:00,5013001,PW-TR5003 BES,104380,2026-05-31T15:00:00+03:00,15:00
40X0000001043803,ECO BİO ENERJİ ÜRETİM SAN. VE TİC. A.Ş.,unknown,2026-05-31 16:00:00+03:00,,0.0,chunk_0080.json,POST /v1/generation/data/dpp-bulk,2026-05-31 21:42:47.448045+00:00,5013001,PW-TR5003 BES,104380,2026-05-31T16:00:00+03:00,16:00
40X0000001043803,ECO BİO ENERJİ ÜRETİM SAN. VE TİC. A.Ş.,unknown,2026-05-31 17:00:00+03:00,,0.0,chunk_0080.json,POST /v1/generation/data/dpp-bulk,2026-05-31 21:42:47.448045+00:00,5013001,PW-TR5003 BES,104380,2026-05-31T17:00:00+03:00,17:00
40X0000001043803,ECO BİO ENERJİ ÜRETİM SAN. VE TİC. A.Ş.,unknown,2026-05-31 18:00:00+03:00,,0.0,chunk_0080.json,POST /v1/generation/data/dpp-bulk,2026-05-31 21:42:47.448045+00:00,5013001,PW-TR5003 BES,104380,2026-05-31T18:00:00+03:00,18:00
40X0000001043803,ECO BİO ENERJİ ÜRETİM SAN. VE TİC. A.Ş.,unknown,2026-05-31 19:00:00+03:00,,0.0,chunk_0080.json,POST /v1/generation/data/dpp-bulk,2026-05-31 21:42:47.448045+00:00,5013001,PW-TR5003 BES,104380,2026-05-31T19:00:00+03:00,19:00
40X0000001043803,ECO BİO ENERJİ ÜRETİM SAN. VE TİC. A.Ş.,unknown,2026-05-31 20:00:00+03:00,,0.0,chunk_0080.json,POST /v1/generation/data/dpp-bulk,2026-05-31 21:42:47.448045+00:00,5013001,PW-TR5003 BES,104380,2026-05-31T20:00:00+03:00,20:00
40X0000001043803,ECO BİO ENERJİ ÜRETİM SAN. VE TİC. A.Ş.,unknown,2026-05-31 21:00:00+03:00,,0.0,chunk_0080.json,POST /v1/generation/data/dpp-bulk,2026-05-31 21:42:47.448045+00:00,5013001,PW-TR5003 BES,104380,2026-05-31T21:00:00+03:00,21:00
40X0000001043803,ECO BİO ENERJİ ÜRETİM SAN. VE TİC. A.Ş.,unknown,2026-05-31 22:00:00+03:00,,0.0,chunk_0080.json,POST /v1/generation/data/dpp-bulk,2026-05-31 21:42:47.448045+00:00,5013001,PW-TR5003 BES,104380,2026-05-31T22:00:00+03:00,22:00
40X0000001043803,ECO BİO ENERJİ ÜRETİM SAN. VE TİC. A.Ş.,unknown,2026-05-31 23:00:00+03:00,,0.0,chunk_0080.json,POST /v1/generation/data/dpp-bulk,2026-05-31 21:42:47.448045+00:00,5013001,PW-TR5003 BES,104380,2026-05-31T23:00:00+03:00,23:00
40X0000001044605,ZENTRAL ENERJİ TEKNOLOJİLERİ A.Ş. (TOPLAYICI),unknown,2026-05-31 00:00:00+03:00,,0.0,chunk_0080.json,POST /v1/generation/data/dpp-bulk,2026-05-31 21:42:47.448045+00:00,5013163,ZENTRAL-TİCARETHANE-AG-10Y - SAATLİK-TEK TERİMLİ-5.1.C,104460,2026-05-31T00:00:00+03:00,00:00
40X0000001044605,ZENTRAL ENERJİ TEKNOLOJİLERİ A.Ş. (TOPLAYICI),unknown,2026-05-31 01:00:00+03:00,,0.0,chunk_0080.json,POST /v1/generation/data/dpp-bulk,2026-05-31 21:42:47.448045+00:00,5013163,ZENTRAL-TİCARETHANE-AG-10Y - SAATLİK-TEK TERİMLİ-5.1.C,104460,2026-05-31T01:00:00+03:00,01:00
40X0000001044605,ZENTRAL ENERJİ TEKNOLOJİLERİ A.Ş. (TOPLAYICI),unknown,2026-05-31 02:00:00+03:00,,0.0,chunk_0080.json,POST /v1/generation/data/dpp-bulk,2026-05-31 21:42:47.448045+00:00,5013163,ZENTRAL-TİCARETHANE-AG-10Y - SAATLİK-TEK TERİMLİ-5.1.C,104460,2026-05-31T02:00:00+03:00,02:00
40X0000001044605,ZENTRAL ENERJİ TEKNOLOJİLERİ A.Ş. (TOPLAYICI),unknown,2026-05-31 03:00:00+03:00,,0.0,chunk_0080.json,POST /v1/generation/data/dpp-bulk,2026-05-31 21:42:47.448045+00:00,5013163,ZENTRAL-TİCARETHANE-AG-10Y - SAATLİK-TEK TERİMLİ-5.1.C,104460,2026-05-31T03:00:00+03:00,03:00
40X0000001044605,ZENTRAL ENERJİ TEKNOLOJİLERİ A.Ş. (TOPLAYICI),unknown,2026-05-31 04:00:00+03:00,,0.0,chunk_0080.json,POST /v1/generation/data/dpp-bulk,2026-05-31 21:42:47.448045+00:00,5013163,ZENTRAL-TİCARETHANE-AG-10Y - SAATLİK-TEK TERİMLİ-5.1.C,104460,2026-05-31T04:00:00+03:00,04:00
40X0000001044605,ZENTRAL ENERJİ TEKNOLOJİLERİ A.Ş. (TOPLAYICI),unknown,2026-05-31 05:00:00+03:00,,0.0,chunk_0080.json,POST /v1/generation/data/dpp-bulk,2026-05-31 21:42:47.448045+00:00,5013163,ZENTRAL-TİCARETHANE-AG-10Y - SAATLİK-TEK TERİMLİ-5.1.C,104460,2026-05-31T05:00:00+03:00,05:00
40X0000001044605,ZENTRAL ENERJİ TEKNOLOJİLERİ A.Ş. (TOPLAYICI),unknown,2026-05-31 06:00:00+03:00,,0.0,chunk_0080.json,POST /v1/generation/data/dpp-bulk,2026-05-31 21:42:47.448045+00:00,5013163,ZENTRAL-TİCARETHANE-AG-10Y - SAATLİK-TEK TERİMLİ-5.1.C,104460,2026-05-31T06:00:00+03:00,06:00
40X0000001044605,ZENTRAL ENERJİ TEKNOLOJİLERİ A.Ş. (TOPLAYICI),unknown,2026-05-31 07:00:00+03:00,,0.0,chunk_0080.json,POST /v1/generation/data/dpp-bulk,2026-05-31 21:42:47.448045+00:00,5013163,ZENTRAL-TİCARETHANE-AG-10Y - SAATLİK-TEK TERİMLİ-5.1.C,104460,2026-05-31T07:00:00+03:00,07:00
40X0000001044605,ZENTRAL ENERJİ TEKNOLOJİLERİ A.Ş. (TOPLAYICI),unknown,2026-05-31 08:00:00+03:00,,0.0,chunk_0080.json,POST /v1/generation/data/dpp-bulk,2026-05-31 21:42:47.448045+00:00,5013163,ZENTRAL-TİCARETHANE-AG-10Y - SAATLİK-TEK TERİMLİ-5.1.C,104460,2026-05-31T08:00:00+03:00,08:00
40X0000001044605,ZENTRAL ENERJİ TEKNOLOJİLERİ A.Ş. (TOPLAYICI),unknown,2026-05-31 09:00:00+03:00,,0.0,chunk_0080.json,POST /v1/generation/data/dpp-bulk,2026-05-31 21:42:47.448045+00:00,5013163,ZENTRAL-TİCARETHANE-AG-10Y - SAATLİK-TEK TERİMLİ-5.1.C,104460,2026-05-31T09:00:00+03:00,09:00
40X0000001044605,ZENTRAL ENERJİ TEKNOLOJİLERİ A.Ş. (TOPLAYICI),unknown,2026-05-31 10:00:00+03:00,,0.0,chunk_0080.json,POST /v1/generation/data/dpp-bulk,2026-05-31 21:42:47.448045+00:00,5013163,ZENTRAL-TİCARETHANE-AG-10Y - SAATLİK-TEK TERİMLİ-5.1.C,104460,2026-05-31T10:00:00+03:00,10:00
40X0000001044605,ZENTRAL ENERJİ TEKNOLOJİLERİ A.Ş. (TOPLAYICI),unknown,2026-05-31 11:00:00+03:00,,0.0,chunk_0080.json,POST /v1/generation/data/dpp-bulk,2026-05-31 21:42:47.448045+00:00,5013163,ZENTRAL-TİCARETHANE-AG-10Y - SAATLİK-TEK TERİMLİ-5.1.C,104460,2026-05-31T11:00:00+03:00,11:00
40X0000001044605,ZENTRAL ENERJİ TEKNOLOJİLERİ A.Ş. (TOPLAYICI),unknown,2026-05-31 12:00:00+03:00,,0.0,chunk_0080.json,POST /v1/generation/data/dpp-bulk,2026-05-31 21:42:47.448045+00:00,5013163,ZENTRAL-TİCARETHANE-AG-10Y - SAATLİK-TEK TERİMLİ-5.1.C,104460,2026-05-31T12:00:00+03:00,12:00
40X0000001044605,ZENTRAL ENERJİ TEKNOLOJİLERİ A.Ş. (TOPLAYICI),unknown,2026-05-31 13:00:00+03:00,,0.0,chunk_0080.json,POST /v1/generation/data/dpp-bulk,2026-05-31 21:42:47.448045+00:00,5013163,ZENTRAL-TİCARETHANE-AG-10Y - SAATLİK-TEK TERİMLİ-5.1.C,104460,2026-05-31T13:00:00+03:00,13:00
40X0000001044605,ZENTRAL ENERJİ TEKNOLOJİLERİ A.Ş. (TOPLAYICI),unknown,2026-05-31 14:00:00+03:00,,0.0,chunk_0080.json,POST /v1/generation/data/dpp-bulk,2026-05-31 21:42:47.448045+00:00,5013163,ZENTRAL-TİCARETHANE-AG-10Y - SAATLİK-TEK TERİMLİ-5.1.C,104460,2026-05-31T14:00:00+03:00,14:00
40X0000001044605,ZENTRAL ENERJİ TEKNOLOJİLERİ A.Ş. (TOPLAYICI),unknown,2026-05-31 15:00:00+03:00,,0.0,chunk_0080.json,POST /v1/generation/data/dpp-bulk,2026-05-31 21:42:47.448045+00:00,5013163,ZENTRAL-TİCARETHANE-AG-10Y - SAATLİK-TEK TERİMLİ-5.1.C,104460,2026-05-31T15:00:00+03:00,15:00
40X0000001044605,ZENTRAL ENERJİ TEKNOLOJİLERİ A.Ş. (TOPLAYICI),unknown,2026-05-31 16:00:00+03:00,,0.0,chunk_0080.json,POST /v1/generation/data/dpp-bulk,2026-05-31 21:42:47.448045+00:00,5013163,ZENTRAL-TİCARETHANE-AG-10Y - SAATLİK-TEK TERİMLİ-5.1.C,104460,2026-05-31T16:00:00+03:00,16:00
40X0000001044605,ZENTRAL ENERJİ TEKNOLOJİLERİ A.Ş. (TOPLAYICI),unknown,2026-05-31 17:00:00+03:00,,0.0,chunk_0080.json,POST /v1/generation/data/dpp-bulk,2026-05-31 21:42:47.448045+00:00,5013163,ZENTRAL-TİCARETHANE-AG-10Y - SAATLİK-TEK TERİMLİ-5.1.C,104460,2026-05-31T17:00:00+03:00,17:00
40X0000001044605,ZENTRAL ENERJİ TEKNOLOJİLERİ A.Ş. (TOPLAYICI),unknown,2026-05-31 18:00:00+03:00,,0.0,chunk_0080.json,POST /v1/generation/data/dpp-bulk,2026-05-31 21:42:47.448045+00:00,5013163,ZENTRAL-TİCARETHANE-AG-10Y - SAATLİK-TEK TERİMLİ-5.1.C,104460,2026-05-31T18:00:00+03:00,18:00
40X0000001044605,ZENTRAL ENERJİ TEKNOLOJİLERİ A.Ş. (TOPLAYICI),unknown,2026-05-31 19:00:00+03:00,,0.0,chunk_0080.json,POST /v1/generation/data/dpp-bulk,2026-05-31 21:42:47.448045+00:00,5013163,ZENTRAL-TİCARETHANE-AG-10Y - SAATLİK-TEK TERİMLİ-5.1.C,104460,2026-05-31T19:00:00+03:00,19:00
40X0000001044605,ZENTRAL ENERJİ TEKNOLOJİLERİ A.Ş. (TOPLAYICI),unknown,2026-05-31 20:00:00+03:00,,0.0,chunk_0080.json,POST /v1/generation/data/dpp-bulk,2026-05-31 21:42:47.448045+00:00,5013163,ZENTRAL-TİCARETHANE-AG-10Y - SAATLİK-TEK TERİMLİ-5.1.C,104460,2026-05-31T20:00:00+03:00,20:00
40X0000001044605,ZENTRAL ENERJİ TEKNOLOJİLERİ A.Ş. (TOPLAYICI),unknown,2026-05-31 21:00:00+03:00,,0.0,chunk_0080.json,POST /v1/generation/data/dpp-bulk,2026-05-31 21:42:47.448045+00:00,5013163,ZENTRAL-TİCARETHANE-AG-10Y - SAATLİK-TEK TERİMLİ-5.1.C,104460,2026-05-31T21:00:00+03:00,21:00
40X0000001044605,ZENTRAL ENERJİ TEKNOLOJİLERİ A.Ş. (TOPLAYICI),unknown,2026-05-31 22:00:00+03:00,,0.0,chunk_0080.json,POST /v1/generation/data/dpp-bulk,2026-05-31 21:42:47.448045+00:00,5013163,ZENTRAL-TİCARETHANE-AG-10Y - SAATLİK-TEK TERİMLİ-5.1.C,104460,2026-05-31T22:00:00+03:00,22:00
40X0000001044605,ZENTRAL ENERJİ TEKNOLOJİLERİ A.Ş. (TOPLAYICI),unknown,2026-05-31 23:00:00+03:00,,0.0,chunk_0080.json,POST /v1/generation/data/dpp-bulk,2026-05-31 21:42:47.448045+00:00,5013163,ZENTRAL-TİCARETHANE-AG-10Y - SAATLİK-TEK TERİMLİ-5.1.C,104460,2026-05-31T23:00:00+03:00,23:00
40X0000001044605,ZENTRAL ENERJİ TEKNOLOJİLERİ A.Ş. (TOPLAYICI),unknown,2026-05-31 00:00:00+03:00,,0.0,chunk_0080.json,POST /v1/generation/data/dpp-bulk,2026-05-31 21:42:47.448045+00:00,5013168,ZENTRAL-SANAYİ-OG-10Y - SAATLİK-TEK TERİMLİ-5.1.C,104460,2026-05-31T00:00:00+03:00,00:00
40X0000001044605,ZENTRAL ENERJİ TEKNOLOJİLERİ A.Ş. (TOPLAYICI),unknown,2026-05-31 01:00:00+03:00,,0.0,chunk_0080.json,POST /v1/generation/data/dpp-bulk,2026-05-31 21:42:47.448045+00:00,5013168,ZENTRAL-SANAYİ-OG-10Y - SAATLİK-TEK TERİMLİ-5.1.C,104460,2026-05-31T01:00:00+03:00,01:00
40X0000001044605,ZENTRAL ENERJİ TEKNOLOJİLERİ A.Ş. (TOPLAYICI),unknown,2026-05-31 02:00:00+03:00,,0.0,chunk_0080.json,POST /v1/generation/data/dpp-bulk,2026-05-31 21:42:47.448045+00:00,5013168,ZENTRAL-SANAYİ-OG-10Y - SAATLİK-TEK TERİMLİ-5.1.C,104460,2026-05-31T02:00:00+03:00,02:00
40X0000001044605,ZENTRAL ENERJİ TEKNOLOJİLERİ A.Ş. (TOPLAYICI),unknown,2026-05-31 03:00:00+03:00,,0.0,chunk_0080.json,POST /v1/generation/data/dpp-bulk,2026-05-31 21:42:47.448045+00:00,5013168,ZENTRAL-SANAYİ-OG-10Y - SAATLİK-TEK TERİMLİ-5.1.C,104460,2026-05-31T03:00:00+03:00,03:00
40X0000001044605,ZENTRAL ENERJİ TEKNOLOJİLERİ A.Ş. (TOPLAYICI),unknown,2026-05-31 04:00:00+03:00,,0.0,chunk_0080.json,POST /v1/generation/data/dpp-bulk,2026-05-31 21:42:47.448045+00:00,5013168,ZENTRAL-SANAYİ-OG-10Y - SAATLİK-TEK TERİMLİ-5.1.C,104460,2026-05-31T04:00:00+03:00,04:00
40X0000001044605,ZENTRAL ENERJİ TEKNOLOJİLERİ A.Ş. (TOPLAYICI),unknown,2026-05-31 05:00:00+03:00,,0.0,chunk_0080.json,POST /v1/generation/data/dpp-bulk,2026-05-31 21:42:47.448045+00:00,5013168,ZENTRAL-SANAYİ-OG-10Y - SAATLİK-TEK TERİMLİ-5.1.C,104460,2026-05-31T05:00:00+03:00,05:00
40X0000001044605,ZENTRAL ENERJİ TEKNOLOJİLERİ A.Ş. (TOPLAYICI),unknown,2026-05-31 06:00:00+03:00,,0.0,chunk_0080.json,POST /v1/generation/data/dpp-bulk,2026-05-31 21:42:47.448045+00:00,5013168,ZENTRAL-SANAYİ-OG-10Y - SAATLİK-TEK TERİMLİ-5.1.C,104460,2026-05-31T06:00:00+03:00,06:00
40X0000001044605,ZENTRAL ENERJİ TEKNOLOJİLERİ A.Ş. (TOPLAYICI),unknown,2026-05-31 07:00:00+03:00,,0.0,chunk_0080.json,POST /v1/generation/data/dpp-bulk,2026-05-31 21:42:47.448045+00:00,5013168,ZENTRAL-SANAYİ-OG-10Y - SAATLİK-TEK TERİMLİ-5.1.C,104460,2026-05-31T07:00:00+03:00,07:00
40X0000001044605,ZENTRAL ENERJİ TEKNOLOJİLERİ A.Ş. (TOPLAYICI),unknown,2026-05-31 08:00:00+03:00,,0.0,chunk_0080.json,POST /v1/generation/data/dpp-bulk,2026-05-31 21:42:47.448045+00:00,5013168,ZENTRAL-SANAYİ-OG-10Y - SAATLİK-TEK TERİMLİ-5.1.C,104460,2026-05-31T08:00:00+03:00,08:00
40X0000001044605,ZENTRAL ENERJİ TEKNOLOJİLERİ A.Ş. (TOPLAYICI),unknown,2026-05-31 09:00:00+03:00,,0.0,chunk_0080.json,POST /v1/generation/data/dpp-bulk,2026-05-31 21:42:47.448045+00:00,5013168,ZENTRAL-SANAYİ-OG-10Y - SAATLİK-TEK TERİMLİ-5.1.C,104460,2026-05-31T09:00:00+03:00,09:00
40X0000001044605,ZENTRAL ENERJİ TEKNOLOJİLERİ A.Ş. (TOPLAYICI),unknown,2026-05-31 10:00:00+03:00,,0.0,chunk_0080.json,POST /v1/generation/data/dpp-bulk,2026-05-31 21:42:47.448045+00:00,5013168,ZENTRAL-SANAYİ-OG-10Y - SAATLİK-TEK TERİMLİ-5.1.C,104460,2026-05-31T10:00:00+03:00,10:00
40X0000001044605,ZENTRAL ENERJİ TEKNOLOJİLERİ A.Ş. (TOPLAYICI),unknown,2026-05-31 11:00:00+03:00,,0.0,chunk_0080.json,POST /v1/generation/data/dpp-bulk,2026-05-31 21:42:47.448045+00:00,5013168,ZENTRAL-SANAYİ-OG-10Y - SAATLİK-TEK TERİMLİ-5.1.C,104460,2026-05-31T11:00:00+03:00,11:00
40X0000001044605,ZENTRAL ENERJİ TEKNOLOJİLERİ A.Ş. (TOPLAYICI),unknown,2026-05-31 12:00:00+03:00,,0.0,chunk_0080.json,POST /v1/generation/data/dpp-bulk,2026-05-31 21:42:47.448045+00:00,5013168,ZENTRAL-SANAYİ-OG-10Y - SAATLİK-TEK TERİMLİ-5.1.C,104460,2026-05-31T12:00:00+03:00,12:00
40X0000001044605,ZENTRAL ENERJİ TEKNOLOJİLERİ A.Ş. (TOPLAYICI),unknown,2026-05-31 13:00:00+03:00,,0.0,chunk_0080.json,POST /v1/generation/data/dpp-bulk,2026-05-31 21:42:47.448045+00:00,5013168,ZENTRAL-SANAYİ-OG-10Y - SAATLİK-TEK TERİMLİ-5.1.C,104460,2026-05-31T13:00:00+03:00,13:00
40X0000001044605,ZENTRAL ENERJİ TEKNOLOJİLERİ A.Ş. (TOPLAYICI),unknown,2026-05-31 14:00:00+03:00,,0.0,chunk_0080.json,POST /v1/generation/data/dpp-bulk,2026-05-31 21:42:47.448045+00:00,5013168,ZENTRAL-SANAYİ-OG-10Y - SAATLİK-TEK TERİMLİ-5.1.C,104460,2026-05-31T14:00:00+03:00,14:00
40X0000001044605,ZENTRAL ENERJİ TEKNOLOJİLERİ A.Ş. (TOPLAYICI),unknown,2026-05-31 15:00:00+03:00,,0.0,chunk_0080.json,POST /v1/generation/data/dpp-bulk,2026-05-31 21:42:47.448045+00:00,5013168,ZENTRAL-SANAYİ-OG-10Y - SAATLİK-TEK TERİMLİ-5.1.C,104460,2026-05-31T15:00:00+03:00,15:00
40X0000001044605,ZENTRAL ENERJİ TEKNOLOJİLERİ A.Ş. (TOPLAYICI),unknown,2026-05-31 16:00:00+03:00,,0.0,chunk_0080.json,POST /v1/generation/data/dpp-bulk,2026-05-31 21:42:47.448045+00:00,5013168,ZENTRAL-SANAYİ-OG-10Y - SAATLİK-TEK TERİMLİ-5.1.C,104460,2026-05-31T16:00:00+03:00,16:00
40X0000001044605,ZENTRAL ENERJİ TEKNOLOJİLERİ A.Ş. (TOPLAYICI),unknown,2026-05-31 17:00:00+03:00,,0.0,chunk_0080.json,POST /v1/generation/data/dpp-bulk,2026-05-31 21:42:47.448045+00:00,5013168,ZENTRAL-SANAYİ-OG-10Y - SAATLİK-TEK TERİMLİ-5.1.C,104460,2026-05-31T17:00:00+03:00,17:00
40X0000001044605,ZENTRAL ENERJİ TEKNOLOJİLERİ A.Ş. (TOPLAYICI),unknown,2026-05-31 18:00:00+03:00,,0.0,chunk_0080.json,POST /v1/generation/data/dpp-bulk,2026-05-31 21:42:47.448045+00:00,5013168,ZENTRAL-SANAYİ-OG-10Y - SAATLİK-TEK TERİMLİ-5.1.C,104460,2026-05-31T18:00:00+03:00,18:00
40X0000001044605,ZENTRAL ENERJİ TEKNOLOJİLERİ A.Ş. (TOPLAYICI),unknown,2026-05-31 19:00:00+03:00,,0.0,chunk_0080.json,POST /v1/generation/data/dpp-bulk,2026-05-31 21:42:47.448045+00:00,5013168,ZENTRAL-SANAYİ-OG-10Y - SAATLİK-TEK TERİMLİ-5.1.C,104460,2026-05-31T19:00:00+03:00,19:00
40X0000001044605,ZENTRAL ENERJİ TEKNOLOJİLERİ A.Ş. (TOPLAYICI),unknown,2026-05-31 20:00:00+03:00,,0.0,chunk_0080.json,POST /v1/generation/data/dpp-bulk,2026-05-31 21:42:47.448045+00:00,5013168,ZENTRAL-SANAYİ-OG-10Y - SAATLİK-TEK TERİMLİ-5.1.C,104460,2026-05-31T20:00:00+03:00,20:00
40X0000001044605,ZENTRAL ENERJİ TEKNOLOJİLERİ A.Ş. (TOPLAYICI),unknown,2026-05-31 21:00:00+03:00,,0.0,chunk_0080.json,POST /v1/generation/data/dpp-bulk,2026-05-31 21:42:47.448045+00:00,5013168,ZENTRAL-SANAYİ-OG-10Y - SAATLİK-TEK TERİMLİ-5.1.C,104460,2026-05-31T21:00:00+03:00,21:00
40X0000001044605,ZENTRAL ENERJİ TEKNOLOJİLERİ A.Ş. (TOPLAYICI),unknown,2026-05-31 22:00:00+03:00,,0.0,chunk_0080.json,POST /v1/generation/data/dpp-bulk,2026-05-31 21:42:47.448045+00:00,5013168,ZENTRAL-SANAYİ-OG-10Y - SAATLİK-TEK TERİMLİ-5.1.C,104460,2026-05-31T22:00:00+03:00,22:00
40X0000001044605,ZENTRAL ENERJİ TEKNOLOJİLERİ A.Ş. (TOPLAYICI),unknown,2026-05-31 23:00:00+03:00,,0.0,chunk_0080.json,POST /v1/generation/data/dpp-bulk,2026-05-31 21:42:47.448045+00:00,5013168,ZENTRAL-SANAYİ-OG-10Y - SAATLİK-TEK TERİMLİ-5.1.C,104460,2026-05-31T23:00:00+03:00,23:00
40X000000105042I,KAREN KAHRAMANMARAŞ ELEKTRİK ÜRETİM A.Ş. (TOPLAYICI),unknown,2026-05-31 00:00:00+03:00,,9.5,chunk_0080.json,POST /v1/generation/data/dpp-bulk,2026-05-31 21:42:47.448045+00:00,5013242,NEZİHE BEREN 2 JES,105042,2026-05-31T00:00:00+03:00,00:00
40X000000105042I,KAREN KAHRAMANMARAŞ ELEKTRİK ÜRETİM A.Ş. (TOPLAYICI),unknown,2026-05-31 01:00:00+03:00,,9.5,chunk_0080.json,POST /v1/generation/data/dpp-bulk,2026-05-31 21:42:47.448045+00:00,5013242,NEZİHE BEREN 2 JES,105042,2026-05-31T01:00:00+03:00,01:00
40X000000105042I,KAREN KAHRAMANMARAŞ ELEKTRİK ÜRETİM A.Ş. (TOPLAYICI),unknown,2026-05-31 02:00:00+03:00,,9.5,chunk_0080.json,POST /v1/generation/data/dpp-bulk,2026-05-31 21:42:47.448045+00:00,5013242,NEZİHE BEREN 2 JES,105042,2026-05-31T02:00:00+03:00,02:00
40X000000105042I,KAREN KAHRAMANMARAŞ ELEKTRİK ÜRETİM A.Ş. (TOPLAYICI),unknown,2026-05-31 03:00:00+03:00,,9.5,chunk_0080.json,POST /v1/generation/data/dpp-bulk,2026-05-31 21:42:47.448045+00:00,5013242,NEZİHE BEREN 2 JES,105042,2026-05-31T03:00:00+03:00,03:00
40X000000105042I,KAREN KAHRAMANMARAŞ ELEKTRİK ÜRETİM A.Ş. (TOPLAYICI),unknown,2026-05-31 04:00:00+03:00,,10.0,chunk_0080.json,POST /v1/generation/data/dpp-bulk,2026-05-31 21:42:47.448045+00:00,5013242,NEZİHE BEREN 2 JES,105042,2026-05-31T04:00:00+03:00,04:00
40X000000105042I,KAREN KAHRAMANMARAŞ ELEKTRİK ÜRETİM A.Ş. (TOPLAYICI),unknown,2026-05-31 05:00:00+03:00,,10.0,chunk_0080.json,POST /v1/generation/data/dpp-bulk,2026-05-31 21:42:47.448045+00:00,5013242,NEZİHE BEREN 2 JES,105042,2026-05-31T05:00:00+03:00,05:00
40X000000105042I,KAREN KAHRAMANMARAŞ ELEKTRİK ÜRETİM A.Ş. (TOPLAYICI),unknown,2026-05-31 06:00:00+03:00,,10.0,chunk_0080.json,POST /v1/generation/data/dpp-bulk,2026-05-31 21:42:47.448045+00:00,5013242,NEZİHE BEREN 2 JES,105042,2026-05-31T06:00:00+03:00,06:00
40X000000105042I,KAREN KAHRAMANMARAŞ ELEKTRİK ÜRETİM A.Ş. (TOPLAYICI),unknown,2026-05-31 07:00:00+03:00,,10.0,chunk_0080.json,POST /v1/generation/data/dpp-bulk,2026-05-31 21:42:47.448045+00:00,5013242,NEZİHE BEREN 2 JES,105042,2026-05-31T07:00:00+03:00,07:00
40X000000105042I,KAREN KAHRAMANMARAŞ ELEKTRİK ÜRETİM A.Ş. (TOPLAYICI),unknown,2026-05-31 08:00:00+03:00,,9.5,chunk_0080.json,POST /v1/generation/data/dpp-bulk,2026-05-31 21:42:47.448045+00:00,5013242,NEZİHE BEREN 2 JES,105042,2026-05-31T08:00:00+03:00,08:00
40X000000105042I,KAREN KAHRAMANMARAŞ ELEKTRİK ÜRETİM A.Ş. (TOPLAYICI),unknown,2026-05-31 09:00:00+03:00,,9.5,chunk_0080.json,POST /v1/generation/data/dpp-bulk,2026-05-31 21:42:47.448045+00:00,5013242,NEZİHE BEREN 2 JES,105042,2026-05-31T09:00:00+03:00,09:00
40X000000105042I,KAREN KAHRAMANMARAŞ ELEKTRİK ÜRETİM A.Ş. (TOPLAYICI),unknown,2026-05-31 10:00:00+03:00,,8.5,chunk_0080.json,POST /v1/generation/data/dpp-bulk,2026-05-31 21:42:47.448045+00:00,5013242,NEZİHE BEREN 2 JES,105042,2026-05-31T10:00:00+03:00,10:00
40X000000105042I,KAREN KAHRAMANMARAŞ ELEKTRİK ÜRETİM A.Ş. (TOPLAYICI),unknown,2026-05-31 11:00:00+03:00,,8.0,chunk_0080.json,POST /v1/generation/data/dpp-bulk,2026-05-31 21:42:47.448045+00:00,5013242,NEZİHE BEREN 2 JES,105042,2026-05-31T11:00:00+03:00,11:00
40X000000105042I,KAREN KAHRAMANMARAŞ ELEKTRİK ÜRETİM A.Ş. (TOPLAYICI),unknown,2026-05-31 12:00:00+03:00,,8.0,chunk_0080.json,POST /v1/generation/data/dpp-bulk,2026-05-31 21:42:47.448045+00:00,5013242,NEZİHE BEREN 2 JES,105042,2026-05-31T12:00:00+03:00,12:00
40X000000105042I,KAREN KAHRAMANMARAŞ ELEKTRİK ÜRETİM A.Ş. (TOPLAYICI),unknown,2026-05-31 13:00:00+03:00,,8.0,chunk_0080.json,POST /v1/generation/data/dpp-bulk,2026-05-31 21:42:47.448045+00:00,5013242,NEZİHE BEREN 2 JES,105042,2026-05-31T13:00:00+03:00,13:00
40X000000105042I,KAREN KAHRAMANMARAŞ ELEKTRİK ÜRETİM A.Ş. (TOPLAYICI),unknown,2026-05-31 14:00:00+03:00,,8.0,chunk_0080.json,POST /v1/generation/data/dpp-bulk,2026-05-31 21:42:47.448045+00:00,5013242,NEZİHE BEREN 2 JES,105042,2026-05-31T14:00:00+03:00,14:00
40X000000105042I,KAREN KAHRAMANMARAŞ ELEKTRİK ÜRETİM A.Ş. (TOPLAYICI),unknown,2026-05-31 15:00:00+03:00,,8.0,chunk_0080.json,POST /v1/generation/data/dpp-bulk,2026-05-31 21:42:47.448045+00:00,5013242,NEZİHE BEREN 2 JES,105042,2026-05-31T15:00:00+03:00,15:00
40X000000105042I,KAREN KAHRAMANMARAŞ ELEKTRİK ÜRETİM A.Ş. (TOPLAYICI),unknown,2026-05-31 16:00:00+03:00,,8.0,chunk_0080.json,POST /v1/generation/data/dpp-bulk,2026-05-31 21:42:47.448045+00:00,5013242,NEZİHE BEREN 2 JES,105042,2026-05-31T16:00:00+03:00,16:00
40X000000105042I,KAREN KAHRAMANMARAŞ ELEKTRİK ÜRETİM A.Ş. (TOPLAYICI),unknown,2026-05-31 17:00:00+03:00,,8.0,chunk_0080.json,POST /v1/generation/data/dpp-bulk,2026-05-31 21:42:47.448045+00:00,5013242,NEZİHE BEREN 2 JES,105042,2026-05-31T17:00:00+03:00,17:00
40X000000105042I,KAREN KAHRAMANMARAŞ ELEKTRİK ÜRETİM A.Ş. (TOPLAYICI),unknown,2026-05-31 18:00:00+03:00,,8.0,chunk_0080.json,POST /v1/generation/data/dpp-bulk,2026-05-31 21:42:47.448045+00:00,5013242,NEZİHE BEREN 2 JES,105042,2026-05-31T18:00:00+03:00,18:00
40X000000105042I,KAREN KAHRAMANMARAŞ ELEKTRİK ÜRETİM A.Ş. (TOPLAYICI),unknown,2026-05-31 19:00:00+03:00,,8.5,chunk_0080.json,POST /v1/generation/data/dpp-bulk,2026-05-31 21:42:47.448045+00:00,5013242,NEZİHE BEREN 2 JES,105042,2026-05-31T19:00:00+03:00,19:00
40X000000105042I,KAREN KAHRAMANMARAŞ ELEKTRİK ÜRETİM A.Ş. (TOPLAYICI),unknown,2026-05-31 20:00:00+03:00,,8.5,chunk_0080.json,POST /v1/generation/data/dpp-bulk,2026-05-31 21:42:47.448045+00:00,5013242,NEZİHE BEREN 2 JES,105042,2026-05-31T20:00:00+03:00,20:00
40X000000105042I,KAREN KAHRAMANMARAŞ ELEKTRİK ÜRETİM A.Ş. (TOPLAYICI),unknown,2026-05-31 21:00:00+03:00,,9.0,chunk_0080.json,POST /v1/generation/data/dpp-bulk,2026-05-31 21:42:47.448045+00:00,5013242,NEZİHE BEREN 2 JES,105042,2026-05-31T21:00:00+03:00,21:00
40X000000105042I,KAREN KAHRAMANMARAŞ ELEKTRİK ÜRETİM A.Ş. (TOPLAYICI),unknown,2026-05-31 22:00:00+03:00,,9.0,chunk_0080.json,POST /v1/generation/data/dpp-bulk,2026-05-31 21:42:47.448045+00:00,5013242,NEZİHE BEREN 2 JES,105042,2026-05-31T22:00:00+03:00,22:00
40X000000105042I,KAREN KAHRAMANMARAŞ ELEKTRİK ÜRETİM A.Ş. (TOPLAYICI),unknown,2026-05-31 23:00:00+03:00,,9.0,chunk_0080.json,POST /v1/generation/data/dpp-bulk,2026-05-31 21:42:47.448045+00:00,5013242,NEZİHE BEREN 2 JES,105042,2026-05-31T23:00:00+03:00,23:00
40X000000105042I,KAREN KAHRAMANMARAŞ ELEKTRİK ÜRETİM A.Ş. (TOPLAYICI),unknown,2026-05-31 00:00:00+03:00,,23.0,chunk_0080.json,POST /v1/generation/data/dpp-bulk,2026-05-31 21:42:47.448045+00:00,5013261,EMİR JES,105042,2026-05-31T00:00:00+03:00,00:00
40X000000105042I,KAREN KAHRAMANMARAŞ ELEKTRİK ÜRETİM A.Ş. (TOPLAYICI),unknown,2026-05-31 01:00:00+03:00,,23.0,chunk_0080.json,POST /v1/generation/data/dpp-bulk,2026-05-31 21:42:47.448045+00:00,5013261,EMİR JES,105042,2026-05-31T01:00:00+03:00,01:00
40X000000105042I,KAREN KAHRAMANMARAŞ ELEKTRİK ÜRETİM A.Ş. (TOPLAYICI),unknown,2026-05-31 02:00:00+03:00,,23.0,chunk_0080.json,POST /v1/generation/data/dpp-bulk,2026-05-31 21:42:47.448045+00:00,5013261,EMİR JES,105042,2026-05-31T02:00:00+03:00,02:00
40X000000105042I,KAREN KAHRAMANMARAŞ ELEKTRİK ÜRETİM A.Ş. (TOPLAYICI),unknown,2026-05-31 03:00:00+03:00,,23.0,chunk_0080.json,POST /v1/generation/data/dpp-bulk,2026-05-31 21:42:47.448045+00:00,5013261,EMİR JES,105042,2026-05-31T03:00:00+03:00,03:00
40X000000105042I,KAREN KAHRAMANMARAŞ ELEKTRİK ÜRETİM A.Ş. (TOPLAYICI),unknown,2026-05-31 04:00:00+03:00,,23.0,chunk_0080.json,POST /v1/generation/data/dpp-bulk,2026-05-31 21:42:47.448045+00:00,5013261,EMİR JES,105042,2026-05-31T04:00:00+03:00,04:00
40X000000105042I,KAREN KAHRAMANMARAŞ ELEKTRİK ÜRETİM A.Ş. (TOPLAYICI),unknown,2026-05-31 05:00:00+03:00,,23.0,chunk_0080.json,POST /v1/generation/data/dpp-bulk,2026-05-31 21:42:47.448045+00:00,5013261,EMİR JES,105042,2026-05-31T05:00:00+03:00,05:00
40X000000105042I,KAREN KAHRAMANMARAŞ ELEKTRİK ÜRETİM A.Ş. (TOPLAYICI),unknown,2026-05-31 06:00:00+03:00,,23.0,chunk_0080.json,POST /v1/generation/data/dpp-bulk,2026-05-31 21:42:47.448045+00:00,5013261,EMİR JES,105042,2026-05-31T06:00:00+03:00,06:00
40X000000105042I,KAREN KAHRAMANMARAŞ ELEKTRİK ÜRETİM A.Ş. (TOPLAYICI),unknown,2026-05-31 07:00:00+03:00,,23.0,chunk_0080.json,POST /v1/generation/data/dpp-bulk,2026-05-31 21:42:47.448045+00:00,5013261,EMİR JES,105042,2026-05-31T07:00:00+03:00,07:00
40X000000105042I,KAREN KAHRAMANMARAŞ ELEKTRİK ÜRETİM A.Ş. (TOPLAYICI),unknown,2026-05-31 08:00:00+03:00,,22.5,chunk_0080.json,POST /v1/generation/data/dpp-bulk,2026-05-31 21:42:47.448045+00:00,5013261,EMİR JES,105042,2026-05-31T08:00:00+03:00,08:00
40X000000105042I,KAREN KAHRAMANMARAŞ ELEKTRİK ÜRETİM A.Ş. (TOPLAYICI),unknown,2026-05-31 09:00:00+03:00,,22.0,chunk_0080.json,POST /v1/generation/data/dpp-bulk,2026-05-31 21:42:47.448045+00:00,5013261,EMİR JES,105042,2026-05-31T09:00:00+03:00,09:00
40X000000105042I,KAREN KAHRAMANMARAŞ ELEKTRİK ÜRETİM A.Ş. (TOPLAYICI),unknown,2026-05-31 10:00:00+03:00,,21.0,chunk_0080.json,POST /v1/generation/data/dpp-bulk,2026-05-31 21:42:47.448045+00:00,5013261,EMİR JES,105042,2026-05-31T10:00:00+03:00,10:00
40X000000105042I,KAREN KAHRAMANMARAŞ ELEKTRİK ÜRETİM A.Ş. (TOPLAYICI),unknown,2026-05-31 11:00:00+03:00,,19.5,chunk_0080.json,POST /v1/generation/data/dpp-bulk,2026-05-31 21:42:47.448045+00:00,5013261,EMİR JES,105042,2026-05-31T11:00:00+03:00,11:00
40X000000105042I,KAREN KAHRAMANMARAŞ ELEKTRİK ÜRETİM A.Ş. (TOPLAYICI),unknown,2026-05-31 12:00:00+03:00,,18.5,chunk_0080.json,POST /v1/generation/data/dpp-bulk,2026-05-31 21:42:47.448045+00:00,5013261,EMİR JES,105042,2026-05-31T12:00:00+03:00,12:00
40X000000105042I,KAREN KAHRAMANMARAŞ ELEKTRİK ÜRETİM A.Ş. (TOPLAYICI),unknown,2026-05-31 13:00:00+03:00,,18.0,chunk_0080.json,POST /v1/generation/data/dpp-bulk,2026-05-31 21:42:47.448045+00:00,5013261,EMİR JES,105042,2026-05-31T13:00:00+03:00,13:00
40X000000105042I,KAREN KAHRAMANMARAŞ ELEKTRİK ÜRETİM A.Ş. (TOPLAYICI),unknown,2026-05-31 14:00:00+03:00,,18.0,chunk_0080.json,POST /v1/generation/data/dpp-bulk,2026-05-31 21:42:47.448045+00:00,5013261,EMİR JES,105042,2026-05-31T14:00:00+03:00,14:00
40X000000105042I,KAREN KAHRAMANMARAŞ ELEKTRİK ÜRETİM A.Ş. (TOPLAYICI),unknown,2026-05-31 15:00:00+03:00,,18.0,chunk_0080.json,POST /v1/generation/data/dpp-bulk,2026-05-31 21:42:47.448045+00:00,5013261,EMİR JES,105042,2026-05-31T15:00:00+03:00,15:00
40X000000105042I,KAREN KAHRAMANMARAŞ ELEKTRİK ÜRETİM A.Ş. (TOPLAYICI),unknown,2026-05-31 16:00:00+03:00,,18.0,chunk_0080.json,POST /v1/generation/data/dpp-bulk,2026-05-31 21:42:47.448045+00:00,5013261,EMİR JES,105042,2026-05-31T16:00:00+03:00,16:00
40X000000105042I,KAREN KAHRAMANMARAŞ ELEKTRİK ÜRETİM A.Ş. (TOPLAYICI),unknown,2026-05-31 17:00:00+03:00,,18.0,chunk_0080.json,POST /v1/generation/data/dpp-bulk,2026-05-31 21:42:47.448045+00:00,5013261,EMİR JES,105042,2026-05-31T17:00:00+03:00,17:00
40X000000105042I,KAREN KAHRAMANMARAŞ ELEKTRİK ÜRETİM A.Ş. (TOPLAYICI),unknown,2026-05-31 18:00:00+03:00,,18.5,chunk_0080.json,POST /v1/generation/data/dpp-bulk,2026-05-31 21:42:47.448045+00:00,5013261,EMİR JES,105042,2026-05-31T18:00:00+03:00,18:00
40X000000105042I,KAREN KAHRAMANMARAŞ ELEKTRİK ÜRETİM A.Ş. (TOPLAYICI),unknown,2026-05-31 19:00:00+03:00,,19.5,chunk_0080.json,POST /v1/generation/data/dpp-bulk,2026-05-31 21:42:47.448045+00:00,5013261,EMİR JES,105042,2026-05-31T19:00:00+03:00,19:00
40X000000105042I,KAREN KAHRAMANMARAŞ ELEKTRİK ÜRETİM A.Ş. (TOPLAYICI),unknown,2026-05-31 20:00:00+03:00,,20.0,chunk_0080.json,POST /v1/generation/data/dpp-bulk,2026-05-31 21:42:47.448045+00:00,5013261,EMİR JES,105042,2026-05-31T20:00:00+03:00,20:00
40X000000105042I,KAREN KAHRAMANMARAŞ ELEKTRİK ÜRETİM A.Ş. (TOPLAYICI),unknown,2026-05-31 21:00:00+03:00,,21.0,chunk_0080.json,POST /v1/generation/data/dpp-bulk,2026-05-31 21:42:47.448045+00:00,5013261,EMİR JES,105042,2026-05-31T21:00:00+03:00,21:00
40X000000105042I,KAREN KAHRAMANMARAŞ ELEKTRİK ÜRETİM A.Ş. (TOPLAYICI),unknown,2026-05-31 22:00:00+03:00,,21.5,chunk_0080.json,POST /v1/generation/data/dpp-bulk,2026-05-31 21:42:47.448045+00:00,5013261,EMİR JES,105042,2026-05-31T22:00:00+03:00,22:00
40X000000105042I,KAREN KAHRAMANMARAŞ ELEKTRİK ÜRETİM A.Ş. (TOPLAYICI),unknown,2026-05-31 23:00:00+03:00,,22.0,chunk_0080.json,POST /v1/generation/data/dpp-bulk,2026-05-31 21:42:47.448045+00:00,5013261,EMİR JES,105042,2026-05-31T23:00:00+03:00,23:00
40X000000105142E,OZE ENERJİ A.Ş.,unknown,2026-05-31 00:00:00+03:00,,0.0,chunk_0080.json,POST /v1/generation/data/dpp-bulk,2026-05-31 21:42:47.448045+00:00,5013245,OZE DEPOLAMALI GES,105142,2026-05-31T00:00:00+03:00,00:00
40X000000105142E,OZE ENERJİ A.Ş.,unknown,2026-05-31 01:00:00+03:00,,0.0,chunk_0080.json,POST /v1/generation/data/dpp-bulk,2026-05-31 21:42:47.448045+00:00,5013245,OZE DEPOLAMALI GES,105142,2026-05-31T01:00:00+03:00,01:00
40X000000105142E,OZE ENERJİ A.Ş.,unknown,2026-05-31 02:00:00+03:00,,0.0,chunk_0080.json,POST /v1/generation/data/dpp-bulk,2026-05-31 21:42:47.448045+00:00,5013245,OZE DEPOLAMALI GES,105142,2026-05-31T02:00:00+03:00,02:00
40X000000105142E,OZE ENERJİ A.Ş.,unknown,2026-05-31 03:00:00+03:00,,0.0,chunk_0080.json,POST /v1/generation/data/dpp-bulk,2026-05-31 21:42:47.448045+00:00,5013245,OZE DEPOLAMALI GES,105142,2026-05-31T03:00:00+03:00,03:00
40X000000105142E,OZE ENERJİ A.Ş.,unknown,2026-05-31 04:00:00+03:00,,0.0,chunk_0080.json,POST /v1/generation/data/dpp-bulk,2026-05-31 21:42:47.448045+00:00,5013245,OZE DEPOLAMALI GES,105142,2026-05-31T04:00:00+03:00,04:00
40X000000105142E,OZE ENERJİ A.Ş.,unknown,2026-05-31 05:00:00+03:00,,0.0,chunk_0080.json,POST /v1/generation/data/dpp-bulk,2026-05-31 21:42:47.448045+00:00,5013245,OZE DEPOLAMALI GES,105142,2026-05-31T05:00:00+03:00,05:00
40X000000105142E,OZE ENERJİ A.Ş.,unknown,2026-05-31 06:00:00+03:00,,13.0,chunk_0080.json,POST /v1/generation/data/dpp-bulk,2026-05-31 21:42:47.448045+00:00,5013245,OZE DEPOLAMALI GES,105142,2026-05-31T06:00:00+03:00,06:00
40X000000105142E,OZE ENERJİ A.Ş.,unknown,2026-05-31 07:00:00+03:00,,11.0,chunk_0080.json,POST /v1/generation/data/dpp-bulk,2026-05-31 21:42:47.448045+00:00,5013245,OZE DEPOLAMALI GES,105142,2026-05-31T07:00:00+03:00,07:00
40X000000105142E,OZE ENERJİ A.Ş.,unknown,2026-05-31 08:00:00+03:00,,25.0,chunk_0080.json,POST /v1/generation/data/dpp-bulk,2026-05-31 21:42:47.448045+00:00,5013245,OZE DEPOLAMALI GES,105142,2026-05-31T08:00:00+03:00,08:00
40X000000105142E,OZE ENERJİ A.Ş.,unknown,2026-05-31 09:00:00+03:00,,27.5,chunk_0080.json,POST /v1/generation/data/dpp-bulk,2026-05-31 21:42:47.448045+00:00,5013245,OZE DEPOLAMALI GES,105142,2026-05-31T09:00:00+03:00,09:00
40X000000105142E,OZE ENERJİ A.Ş.,unknown,2026-05-31 10:00:00+03:00,,27.5,chunk_0080.json,POST /v1/generation/data/dpp-bulk,2026-05-31 21:42:47.448045+00:00,5013245,OZE DEPOLAMALI GES,105142,2026-05-31T10:00:00+03:00,10:00
40X000000105142E,OZE ENERJİ A.Ş.,unknown,2026-05-31 11:00:00+03:00,,27.5,chunk_0080.json,POST /v1/generation/data/dpp-bulk,2026-05-31 21:42:47.448045+00:00,5013245,OZE DEPOLAMALI GES,105142,2026-05-31T11:00:00+03:00,11:00
40X000000105142E,OZE ENERJİ A.Ş.,unknown,2026-05-31 12:00:00+03:00,,27.5,chunk_0080.json,POST /v1/generation/data/dpp-bulk,2026-05-31 21:42:47.448045+00:00,5013245,OZE DEPOLAMALI GES,105142,2026-05-31T12:00:00+03:00,12:00
40X000000105142E,OZE ENERJİ A.Ş.,unknown,2026-05-31 13:00:00+03:00,,27.5,chunk_0080.json,POST /v1/generation/data/dpp-bulk,2026-05-31 21:42:47.448045+00:00,5013245,OZE DEPOLAMALI GES,105142,2026-05-31T13:00:00+03:00,13:00
40X000000105142E,OZE ENERJİ A.Ş.,unknown,2026-05-31 14:00:00+03:00,,27.5,chunk_0080.json,POST /v1/generation/data/dpp-bulk,2026-05-31 21:42:47.448045+00:00,5013245,OZE DEPOLAMALI GES,105142,2026-05-31T14:00:00+03:00,14:00
40X000000105142E,OZE ENERJİ A.Ş.,unknown,2026-05-31 15:00:00+03:00,,27.5,chunk_0080.json,POST /v1/generation/data/dpp-bulk,2026-05-31 21:42:47.448045+00:00,5013245,OZE DEPOLAMALI GES,105142,2026-05-31T15:00:00+03:00,15:00
40X000000105142E,OZE ENERJİ A.Ş.,unknown,2026-05-31 16:00:00+03:00,,24.0,chunk_0080.json,POST /v1/generation/data/dpp-bulk,2026-05-31 21:42:47.448045+00:00,5013245,OZE DEPOLAMALI GES,105142,2026-05-31T16:00:00+03:00,16:00
40X000000105142E,OZE ENERJİ A.Ş.,unknown,2026-05-31 17:00:00+03:00,,18.0,chunk_0080.json,POST /v1/generation/data/dpp-bulk,2026-05-31 21:42:47.448045+00:00,5013245,OZE DEPOLAMALI GES,105142,2026-05-31T17:00:00+03:00,17:00
40X000000105142E,OZE ENERJİ A.Ş.,unknown,2026-05-31 18:00:00+03:00,,6.5,chunk_0080.json,POST /v1/generation/data/dpp-bulk,2026-05-31 21:42:47.448045+00:00,5013245,OZE DEPOLAMALI GES,105142,2026-05-31T18:00:00+03:00,18:00
40X000000105142E,OZE ENERJİ A.Ş.,unknown,2026-05-31 19:00:00+03:00,,8.5,chunk_0080.json,POST /v1/generation/data/dpp-bulk,2026-05-31 21:42:47.448045+00:00,5013245,OZE DEPOLAMALI GES,105142,2026-05-31T19:00:00+03:00,19:00
40X000000105142E,OZE ENERJİ A.Ş.,unknown,2026-05-31 20:00:00+03:00,,0.0,chunk_0080.json,POST /v1/generation/data/dpp-bulk,2026-05-31 21:42:47.448045+00:00,5013245,OZE DEPOLAMALI GES,105142,2026-05-31T20:00:00+03:00,20:00
40X000000105142E,OZE ENERJİ A.Ş.,unknown,2026-05-31 21:00:00+03:00,,0.0,chunk_0080.json,POST /v1/generation/data/dpp-bulk,2026-05-31 21:42:47.448045+00:00,5013245,OZE DEPOLAMALI GES,105142,2026-05-31T21:00:00+03:00,21:00
40X000000105142E,OZE ENERJİ A.Ş.,unknown,2026-05-31 22:00:00+03:00,,0.0,chunk_0080.json,POST /v1/generation/data/dpp-bulk,2026-05-31 21:42:47.448045+00:00,5013245,OZE DEPOLAMALI GES,105142,2026-05-31T22:00:00+03:00,22:00
40X000000105142E,OZE ENERJİ A.Ş.,unknown,2026-05-31 23:00:00+03:00,,0.0,chunk_0080.json,POST /v1/generation/data/dpp-bulk,2026-05-31 21:42:47.448045+00:00,5013245,OZE DEPOLAMALI GES,105142,2026-05-31T23:00:00+03:00,23:00
