entsoe_code,plant_name,fuel_type,delivery_hour,publication_timestamp,kgup_mwh,source_file,source_api,forecast_timestamp,uevcb_id,uevcb_name,org_id,date_raw,time_raw
40W0000017241169,HİMMETLİ HES,unknown,2026-05-31 00:00:00+03:00,,26.0,chunk_0026.json,POST /v1/generation/data/dpp-bulk,2026-05-31 21:45:36.184123+00:00,1724116,HİMMETLİ HES,166,2026-05-31T00:00:00+03:00,00:00
40W0000017241169,HİMMETLİ HES,unknown,2026-05-31 01:00:00+03:00,,26.0,chunk_0026.json,POST /v1/generation/data/dpp-bulk,2026-05-31 21:45:36.184123+00:00,1724116,HİMMETLİ HES,166,2026-05-31T01:00:00+03:00,01:00
40W0000017241169,HİMMETLİ HES,unknown,2026-05-31 02:00:00+03:00,,26.0,chunk_0026.json,POST /v1/generation/data/dpp-bulk,2026-05-31 21:45:36.184123+00:00,1724116,HİMMETLİ HES,166,2026-05-31T02:00:00+03:00,02:00
40W0000017241169,HİMMETLİ HES,unknown,2026-05-31 03:00:00+03:00,,26.0,chunk_0026.json,POST /v1/generation/data/dpp-bulk,2026-05-31 21:45:36.184123+00:00,1724116,HİMMETLİ HES,166,2026-05-31T03:00:00+03:00,03:00
40W0000017241169,HİMMETLİ HES,unknown,2026-05-31 04:00:00+03:00,,26.0,chunk_0026.json,POST /v1/generation/data/dpp-bulk,2026-05-31 21:45:36.184123+00:00,1724116,HİMMETLİ HES,166,2026-05-31T04:00:00+03:00,04:00
40W0000017241169,HİMMETLİ HES,unknown,2026-05-31 05:00:00+03:00,,26.0,chunk_0026.json,POST /v1/generation/data/dpp-bulk,2026-05-31 21:45:36.184123+00:00,1724116,HİMMETLİ HES,166,2026-05-31T05:00:00+03:00,05:00
40W0000017241169,HİMMETLİ HES,unknown,2026-05-31 06:00:00+03:00,,0.0,chunk_0026.json,POST /v1/generation/data/dpp-bulk,2026-05-31 21:45:36.184123+00:00,1724116,HİMMETLİ HES,166,2026-05-31T06:00:00+03:00,06:00
40W0000017241169,HİMMETLİ HES,unknown,2026-05-31 07:00:00+03:00,,0.0,chunk_0026.json,POST /v1/generation/data/dpp-bulk,2026-05-31 21:45:36.184123+00:00,1724116,HİMMETLİ HES,166,2026-05-31T07:00:00+03:00,07:00
40W0000017241169,HİMMETLİ HES,unknown,2026-05-31 08:00:00+03:00,,0.0,chunk_0026.json,POST /v1/generation/data/dpp-bulk,2026-05-31 21:45:36.184123+00:00,1724116,HİMMETLİ HES,166,2026-05-31T08:00:00+03:00,08:00
40W0000017241169,HİMMETLİ HES,unknown,2026-05-31 09:00:00+03:00,,0.0,chunk_0026.json,POST /v1/generation/data/dpp-bulk,2026-05-31 21:45:36.184123+00:00,1724116,HİMMETLİ HES,166,2026-05-31T09:00:00+03:00,09:00
40W0000017241169,HİMMETLİ HES,unknown,2026-05-31 10:00:00+03:00,,0.0,chunk_0026.json,POST /v1/generation/data/dpp-bulk,2026-05-31 21:45:36.184123+00:00,1724116,HİMMETLİ HES,166,2026-05-31T10:00:00+03:00,10:00
40W0000017241169,HİMMETLİ HES,unknown,2026-05-31 11:00:00+03:00,,0.0,chunk_0026.json,POST /v1/generation/data/dpp-bulk,2026-05-31 21:45:36.184123+00:00,1724116,HİMMETLİ HES,166,2026-05-31T11:00:00+03:00,11:00
40W0000017241169,HİMMETLİ HES,unknown,2026-05-31 12:00:00+03:00,,0.0,chunk_0026.json,POST /v1/generation/data/dpp-bulk,2026-05-31 21:45:36.184123+00:00,1724116,HİMMETLİ HES,166,2026-05-31T12:00:00+03:00,12:00
40W0000017241169,HİMMETLİ HES,unknown,2026-05-31 13:00:00+03:00,,0.0,chunk_0026.json,POST /v1/generation/data/dpp-bulk,2026-05-31 21:45:36.184123+00:00,1724116,HİMMETLİ HES,166,2026-05-31T13:00:00+03:00,13:00
40W0000017241169,HİMMETLİ HES,unknown,2026-05-31 14:00:00+03:00,,0.0,chunk_0026.json,POST /v1/generation/data/dpp-bulk,2026-05-31 21:45:36.184123+00:00,1724116,HİMMETLİ HES,166,2026-05-31T14:00:00+03:00,14:00
40W0000017241169,HİMMETLİ HES,unknown,2026-05-31 15:00:00+03:00,,0.0,chunk_0026.json,POST /v1/generation/data/dpp-bulk,2026-05-31 21:45:36.184123+00:00,1724116,HİMMETLİ HES,166,2026-05-31T15:00:00+03:00,15:00
40W0000017241169,HİMMETLİ HES,unknown,2026-05-31 16:00:00+03:00,,0.0,chunk_0026.json,POST /v1/generation/data/dpp-bulk,2026-05-31 21:45:36.184123+00:00,1724116,HİMMETLİ HES,166,2026-05-31T16:00:00+03:00,16:00
40W0000017241169,HİMMETLİ HES,unknown,2026-05-31 17:00:00+03:00,,0.0,chunk_0026.json,POST /v1/generation/data/dpp-bulk,2026-05-31 21:45:36.184123+00:00,1724116,HİMMETLİ HES,166,2026-05-31T17:00:00+03:00,17:00
40W0000017241169,HİMMETLİ HES,unknown,2026-05-31 18:00:00+03:00,,26.0,chunk_0026.json,POST /v1/generation/data/dpp-bulk,2026-05-31 21:45:36.184123+00:00,1724116,HİMMETLİ HES,166,2026-05-31T18:00:00+03:00,18:00
40W0000017241169,HİMMETLİ HES,unknown,2026-05-31 19:00:00+03:00,,26.0,chunk_0026.json,POST /v1/generation/data/dpp-bulk,2026-05-31 21:45:36.184123+00:00,1724116,HİMMETLİ HES,166,2026-05-31T19:00:00+03:00,19:00
40W0000017241169,HİMMETLİ HES,unknown,2026-05-31 20:00:00+03:00,,26.0,chunk_0026.json,POST /v1/generation/data/dpp-bulk,2026-05-31 21:45:36.184123+00:00,1724116,HİMMETLİ HES,166,2026-05-31T20:00:00+03:00,20:00
40W0000017241169,HİMMETLİ HES,unknown,2026-05-31 21:00:00+03:00,,26.0,chunk_0026.json,POST /v1/generation/data/dpp-bulk,2026-05-31 21:45:36.184123+00:00,1724116,HİMMETLİ HES,166,2026-05-31T21:00:00+03:00,21:00
40W0000017241169,HİMMETLİ HES,unknown,2026-05-31 22:00:00+03:00,,26.0,chunk_0026.json,POST /v1/generation/data/dpp-bulk,2026-05-31 21:45:36.184123+00:00,1724116,HİMMETLİ HES,166,2026-05-31T22:00:00+03:00,22:00
40W0000017241169,HİMMETLİ HES,unknown,2026-05-31 23:00:00+03:00,,26.0,chunk_0026.json,POST /v1/generation/data/dpp-bulk,2026-05-31 21:45:36.184123+00:00,1724116,HİMMETLİ HES,166,2026-05-31T23:00:00+03:00,23:00
40W000001630139I,ERİK HES(EÜAŞ),unknown,2026-05-31 00:00:00+03:00,,0.7,chunk_0026.json,POST /v1/generation/data/dpp-bulk,2026-05-31 21:45:36.184123+00:00,1630139,ERİK HES(EÜAŞ),195,2026-05-31T00:00:00+03:00,00:00
40W000001630139I,ERİK HES(EÜAŞ),unknown,2026-05-31 01:00:00+03:00,,0.7,chunk_0026.json,POST /v1/generation/data/dpp-bulk,2026-05-31 21:45:36.184123+00:00,1630139,ERİK HES(EÜAŞ),195,2026-05-31T01:00:00+03:00,01:00
40W000001630139I,ERİK HES(EÜAŞ),unknown,2026-05-31 02:00:00+03:00,,0.7,chunk_0026.json,POST /v1/generation/data/dpp-bulk,2026-05-31 21:45:36.184123+00:00,1630139,ERİK HES(EÜAŞ),195,2026-05-31T02:00:00+03:00,02:00
40W000001630139I,ERİK HES(EÜAŞ),unknown,2026-05-31 03:00:00+03:00,,0.7,chunk_0026.json,POST /v1/generation/data/dpp-bulk,2026-05-31 21:45:36.184123+00:00,1630139,ERİK HES(EÜAŞ),195,2026-05-31T03:00:00+03:00,03:00
40W000001630139I,ERİK HES(EÜAŞ),unknown,2026-05-31 04:00:00+03:00,,0.7,chunk_0026.json,POST /v1/generation/data/dpp-bulk,2026-05-31 21:45:36.184123+00:00,1630139,ERİK HES(EÜAŞ),195,2026-05-31T04:00:00+03:00,04:00
40W000001630139I,ERİK HES(EÜAŞ),unknown,2026-05-31 05:00:00+03:00,,0.7,chunk_0026.json,POST /v1/generation/data/dpp-bulk,2026-05-31 21:45:36.184123+00:00,1630139,ERİK HES(EÜAŞ),195,2026-05-31T05:00:00+03:00,05:00
40W000001630139I,ERİK HES(EÜAŞ),unknown,2026-05-31 06:00:00+03:00,,0.7,chunk_0026.json,POST /v1/generation/data/dpp-bulk,2026-05-31 21:45:36.184123+00:00,1630139,ERİK HES(EÜAŞ),195,2026-05-31T06:00:00+03:00,06:00
40W000001630139I,ERİK HES(EÜAŞ),unknown,2026-05-31 07:00:00+03:00,,0.7,chunk_0026.json,POST /v1/generation/data/dpp-bulk,2026-05-31 21:45:36.184123+00:00,1630139,ERİK HES(EÜAŞ),195,2026-05-31T07:00:00+03:00,07:00
40W000001630139I,ERİK HES(EÜAŞ),unknown,2026-05-31 08:00:00+03:00,,0.7,chunk_0026.json,POST /v1/generation/data/dpp-bulk,2026-05-31 21:45:36.184123+00:00,1630139,ERİK HES(EÜAŞ),195,2026-05-31T08:00:00+03:00,08:00
40W000001630139I,ERİK HES(EÜAŞ),unknown,2026-05-31 09:00:00+03:00,,0.7,chunk_0026.json,POST /v1/generation/data/dpp-bulk,2026-05-31 21:45:36.184123+00:00,1630139,ERİK HES(EÜAŞ),195,2026-05-31T09:00:00+03:00,09:00
40W000001630139I,ERİK HES(EÜAŞ),unknown,2026-05-31 10:00:00+03:00,,0.7,chunk_0026.json,POST /v1/generation/data/dpp-bulk,2026-05-31 21:45:36.184123+00:00,1630139,ERİK HES(EÜAŞ),195,2026-05-31T10:00:00+03:00,10:00
40W000001630139I,ERİK HES(EÜAŞ),unknown,2026-05-31 11:00:00+03:00,,0.7,chunk_0026.json,POST /v1/generation/data/dpp-bulk,2026-05-31 21:45:36.184123+00:00,1630139,ERİK HES(EÜAŞ),195,2026-05-31T11:00:00+03:00,11:00
40W000001630139I,ERİK HES(EÜAŞ),unknown,2026-05-31 12:00:00+03:00,,0.7,chunk_0026.json,POST /v1/generation/data/dpp-bulk,2026-05-31 21:45:36.184123+00:00,1630139,ERİK HES(EÜAŞ),195,2026-05-31T12:00:00+03:00,12:00
40W000001630139I,ERİK HES(EÜAŞ),unknown,2026-05-31 13:00:00+03:00,,0.7,chunk_0026.json,POST /v1/generation/data/dpp-bulk,2026-05-31 21:45:36.184123+00:00,1630139,ERİK HES(EÜAŞ),195,2026-05-31T13:00:00+03:00,13:00
40W000001630139I,ERİK HES(EÜAŞ),unknown,2026-05-31 14:00:00+03:00,,0.7,chunk_0026.json,POST /v1/generation/data/dpp-bulk,2026-05-31 21:45:36.184123+00:00,1630139,ERİK HES(EÜAŞ),195,2026-05-31T14:00:00+03:00,14:00
40W000001630139I,ERİK HES(EÜAŞ),unknown,2026-05-31 15:00:00+03:00,,0.7,chunk_0026.json,POST /v1/generation/data/dpp-bulk,2026-05-31 21:45:36.184123+00:00,1630139,ERİK HES(EÜAŞ),195,2026-05-31T15:00:00+03:00,15:00
40W000001630139I,ERİK HES(EÜAŞ),unknown,2026-05-31 16:00:00+03:00,,0.7,chunk_0026.json,POST /v1/generation/data/dpp-bulk,2026-05-31 21:45:36.184123+00:00,1630139,ERİK HES(EÜAŞ),195,2026-05-31T16:00:00+03:00,16:00
40W000001630139I,ERİK HES(EÜAŞ),unknown,2026-05-31 17:00:00+03:00,,0.7,chunk_0026.json,POST /v1/generation/data/dpp-bulk,2026-05-31 21:45:36.184123+00:00,1630139,ERİK HES(EÜAŞ),195,2026-05-31T17:00:00+03:00,17:00
40W000001630139I,ERİK HES(EÜAŞ),unknown,2026-05-31 18:00:00+03:00,,0.7,chunk_0026.json,POST /v1/generation/data/dpp-bulk,2026-05-31 21:45:36.184123+00:00,1630139,ERİK HES(EÜAŞ),195,2026-05-31T18:00:00+03:00,18:00
40W000001630139I,ERİK HES(EÜAŞ),unknown,2026-05-31 19:00:00+03:00,,0.7,chunk_0026.json,POST /v1/generation/data/dpp-bulk,2026-05-31 21:45:36.184123+00:00,1630139,ERİK HES(EÜAŞ),195,2026-05-31T19:00:00+03:00,19:00
40W000001630139I,ERİK HES(EÜAŞ),unknown,2026-05-31 20:00:00+03:00,,0.7,chunk_0026.json,POST /v1/generation/data/dpp-bulk,2026-05-31 21:45:36.184123+00:00,1630139,ERİK HES(EÜAŞ),195,2026-05-31T20:00:00+03:00,20:00
40W000001630139I,ERİK HES(EÜAŞ),unknown,2026-05-31 21:00:00+03:00,,0.7,chunk_0026.json,POST /v1/generation/data/dpp-bulk,2026-05-31 21:45:36.184123+00:00,1630139,ERİK HES(EÜAŞ),195,2026-05-31T21:00:00+03:00,21:00
40W000001630139I,ERİK HES(EÜAŞ),unknown,2026-05-31 22:00:00+03:00,,0.7,chunk_0026.json,POST /v1/generation/data/dpp-bulk,2026-05-31 21:45:36.184123+00:00,1630139,ERİK HES(EÜAŞ),195,2026-05-31T22:00:00+03:00,22:00
40W000001630139I,ERİK HES(EÜAŞ),unknown,2026-05-31 23:00:00+03:00,,0.7,chunk_0026.json,POST /v1/generation/data/dpp-bulk,2026-05-31 21:45:36.184123+00:00,1630139,ERİK HES(EÜAŞ),195,2026-05-31T23:00:00+03:00,23:00
40W0000016426203,KARAKUZ BARAJI ve HES,unknown,2026-05-31 00:00:00+03:00,,46.0,chunk_0026.json,POST /v1/generation/data/dpp-bulk,2026-05-31 21:45:36.184123+00:00,1642620,KARAKUZ BARAJI ve HES,341,2026-05-31T00:00:00+03:00,00:00
40W0000016426203,KARAKUZ BARAJI ve HES,unknown,2026-05-31 01:00:00+03:00,,46.0,chunk_0026.json,POST /v1/generation/data/dpp-bulk,2026-05-31 21:45:36.184123+00:00,1642620,KARAKUZ BARAJI ve HES,341,2026-05-31T01:00:00+03:00,01:00
40W0000016426203,KARAKUZ BARAJI ve HES,unknown,2026-05-31 02:00:00+03:00,,46.0,chunk_0026.json,POST /v1/generation/data/dpp-bulk,2026-05-31 21:45:36.184123+00:00,1642620,KARAKUZ BARAJI ve HES,341,2026-05-31T02:00:00+03:00,02:00
40W0000016426203,KARAKUZ BARAJI ve HES,unknown,2026-05-31 03:00:00+03:00,,46.0,chunk_0026.json,POST /v1/generation/data/dpp-bulk,2026-05-31 21:45:36.184123+00:00,1642620,KARAKUZ BARAJI ve HES,341,2026-05-31T03:00:00+03:00,03:00
40W0000016426203,KARAKUZ BARAJI ve HES,unknown,2026-05-31 04:00:00+03:00,,46.0,chunk_0026.json,POST /v1/generation/data/dpp-bulk,2026-05-31 21:45:36.184123+00:00,1642620,KARAKUZ BARAJI ve HES,341,2026-05-31T04:00:00+03:00,04:00
40W0000016426203,KARAKUZ BARAJI ve HES,unknown,2026-05-31 05:00:00+03:00,,46.0,chunk_0026.json,POST /v1/generation/data/dpp-bulk,2026-05-31 21:45:36.184123+00:00,1642620,KARAKUZ BARAJI ve HES,341,2026-05-31T05:00:00+03:00,05:00
40W0000016426203,KARAKUZ BARAJI ve HES,unknown,2026-05-31 06:00:00+03:00,,46.0,chunk_0026.json,POST /v1/generation/data/dpp-bulk,2026-05-31 21:45:36.184123+00:00,1642620,KARAKUZ BARAJI ve HES,341,2026-05-31T06:00:00+03:00,06:00
40W0000016426203,KARAKUZ BARAJI ve HES,unknown,2026-05-31 07:00:00+03:00,,0.0,chunk_0026.json,POST /v1/generation/data/dpp-bulk,2026-05-31 21:45:36.184123+00:00,1642620,KARAKUZ BARAJI ve HES,341,2026-05-31T07:00:00+03:00,07:00
40W0000016426203,KARAKUZ BARAJI ve HES,unknown,2026-05-31 08:00:00+03:00,,0.0,chunk_0026.json,POST /v1/generation/data/dpp-bulk,2026-05-31 21:45:36.184123+00:00,1642620,KARAKUZ BARAJI ve HES,341,2026-05-31T08:00:00+03:00,08:00
40W0000016426203,KARAKUZ BARAJI ve HES,unknown,2026-05-31 09:00:00+03:00,,0.0,chunk_0026.json,POST /v1/generation/data/dpp-bulk,2026-05-31 21:45:36.184123+00:00,1642620,KARAKUZ BARAJI ve HES,341,2026-05-31T09:00:00+03:00,09:00
40W0000016426203,KARAKUZ BARAJI ve HES,unknown,2026-05-31 10:00:00+03:00,,0.0,chunk_0026.json,POST /v1/generation/data/dpp-bulk,2026-05-31 21:45:36.184123+00:00,1642620,KARAKUZ BARAJI ve HES,341,2026-05-31T10:00:00+03:00,10:00
40W0000016426203,KARAKUZ BARAJI ve HES,unknown,2026-05-31 11:00:00+03:00,,0.0,chunk_0026.json,POST /v1/generation/data/dpp-bulk,2026-05-31 21:45:36.184123+00:00,1642620,KARAKUZ BARAJI ve HES,341,2026-05-31T11:00:00+03:00,11:00
40W0000016426203,KARAKUZ BARAJI ve HES,unknown,2026-05-31 12:00:00+03:00,,0.0,chunk_0026.json,POST /v1/generation/data/dpp-bulk,2026-05-31 21:45:36.184123+00:00,1642620,KARAKUZ BARAJI ve HES,341,2026-05-31T12:00:00+03:00,12:00
40W0000016426203,KARAKUZ BARAJI ve HES,unknown,2026-05-31 13:00:00+03:00,,0.0,chunk_0026.json,POST /v1/generation/data/dpp-bulk,2026-05-31 21:45:36.184123+00:00,1642620,KARAKUZ BARAJI ve HES,341,2026-05-31T13:00:00+03:00,13:00
40W0000016426203,KARAKUZ BARAJI ve HES,unknown,2026-05-31 14:00:00+03:00,,0.0,chunk_0026.json,POST /v1/generation/data/dpp-bulk,2026-05-31 21:45:36.184123+00:00,1642620,KARAKUZ BARAJI ve HES,341,2026-05-31T14:00:00+03:00,14:00
40W0000016426203,KARAKUZ BARAJI ve HES,unknown,2026-05-31 15:00:00+03:00,,46.0,chunk_0026.json,POST /v1/generation/data/dpp-bulk,2026-05-31 21:45:36.184123+00:00,1642620,KARAKUZ BARAJI ve HES,341,2026-05-31T15:00:00+03:00,15:00
40W0000016426203,KARAKUZ BARAJI ve HES,unknown,2026-05-31 16:00:00+03:00,,46.0,chunk_0026.json,POST /v1/generation/data/dpp-bulk,2026-05-31 21:45:36.184123+00:00,1642620,KARAKUZ BARAJI ve HES,341,2026-05-31T16:00:00+03:00,16:00
40W0000016426203,KARAKUZ BARAJI ve HES,unknown,2026-05-31 17:00:00+03:00,,46.0,chunk_0026.json,POST /v1/generation/data/dpp-bulk,2026-05-31 21:45:36.184123+00:00,1642620,KARAKUZ BARAJI ve HES,341,2026-05-31T17:00:00+03:00,17:00
40W0000016426203,KARAKUZ BARAJI ve HES,unknown,2026-05-31 18:00:00+03:00,,46.0,chunk_0026.json,POST /v1/generation/data/dpp-bulk,2026-05-31 21:45:36.184123+00:00,1642620,KARAKUZ BARAJI ve HES,341,2026-05-31T18:00:00+03:00,18:00
40W0000016426203,KARAKUZ BARAJI ve HES,unknown,2026-05-31 19:00:00+03:00,,46.0,chunk_0026.json,POST /v1/generation/data/dpp-bulk,2026-05-31 21:45:36.184123+00:00,1642620,KARAKUZ BARAJI ve HES,341,2026-05-31T19:00:00+03:00,19:00
40W0000016426203,KARAKUZ BARAJI ve HES,unknown,2026-05-31 20:00:00+03:00,,46.0,chunk_0026.json,POST /v1/generation/data/dpp-bulk,2026-05-31 21:45:36.184123+00:00,1642620,KARAKUZ BARAJI ve HES,341,2026-05-31T20:00:00+03:00,20:00
40W0000016426203,KARAKUZ BARAJI ve HES,unknown,2026-05-31 21:00:00+03:00,,46.0,chunk_0026.json,POST /v1/generation/data/dpp-bulk,2026-05-31 21:45:36.184123+00:00,1642620,KARAKUZ BARAJI ve HES,341,2026-05-31T21:00:00+03:00,21:00
40W0000016426203,KARAKUZ BARAJI ve HES,unknown,2026-05-31 22:00:00+03:00,,46.0,chunk_0026.json,POST /v1/generation/data/dpp-bulk,2026-05-31 21:45:36.184123+00:00,1642620,KARAKUZ BARAJI ve HES,341,2026-05-31T22:00:00+03:00,22:00
40W0000016426203,KARAKUZ BARAJI ve HES,unknown,2026-05-31 23:00:00+03:00,,46.0,chunk_0026.json,POST /v1/generation/data/dpp-bulk,2026-05-31 21:45:36.184123+00:00,1642620,KARAKUZ BARAJI ve HES,341,2026-05-31T23:00:00+03:00,23:00
40W0000015461412,ALADEREÇAM HES,unknown,2026-05-31 00:00:00+03:00,,4.9,chunk_0026.json,POST /v1/generation/data/dpp-bulk,2026-05-31 21:45:36.184123+00:00,1546141,ALADEREÇAM HES,511,2026-05-31T00:00:00+03:00,00:00
40W0000015461412,ALADEREÇAM HES,unknown,2026-05-31 01:00:00+03:00,,4.9,chunk_0026.json,POST /v1/generation/data/dpp-bulk,2026-05-31 21:45:36.184123+00:00,1546141,ALADEREÇAM HES,511,2026-05-31T01:00:00+03:00,01:00
40W0000015461412,ALADEREÇAM HES,unknown,2026-05-31 02:00:00+03:00,,4.9,chunk_0026.json,POST /v1/generation/data/dpp-bulk,2026-05-31 21:45:36.184123+00:00,1546141,ALADEREÇAM HES,511,2026-05-31T02:00:00+03:00,02:00
40W0000015461412,ALADEREÇAM HES,unknown,2026-05-31 03:00:00+03:00,,4.9,chunk_0026.json,POST /v1/generation/data/dpp-bulk,2026-05-31 21:45:36.184123+00:00,1546141,ALADEREÇAM HES,511,2026-05-31T03:00:00+03:00,03:00
40W0000015461412,ALADEREÇAM HES,unknown,2026-05-31 04:00:00+03:00,,4.9,chunk_0026.json,POST /v1/generation/data/dpp-bulk,2026-05-31 21:45:36.184123+00:00,1546141,ALADEREÇAM HES,511,2026-05-31T04:00:00+03:00,04:00
40W0000015461412,ALADEREÇAM HES,unknown,2026-05-31 05:00:00+03:00,,4.9,chunk_0026.json,POST /v1/generation/data/dpp-bulk,2026-05-31 21:45:36.184123+00:00,1546141,ALADEREÇAM HES,511,2026-05-31T05:00:00+03:00,05:00
40W0000015461412,ALADEREÇAM HES,unknown,2026-05-31 06:00:00+03:00,,4.9,chunk_0026.json,POST /v1/generation/data/dpp-bulk,2026-05-31 21:45:36.184123+00:00,1546141,ALADEREÇAM HES,511,2026-05-31T06:00:00+03:00,06:00
40W0000015461412,ALADEREÇAM HES,unknown,2026-05-31 07:00:00+03:00,,0.0,chunk_0026.json,POST /v1/generation/data/dpp-bulk,2026-05-31 21:45:36.184123+00:00,1546141,ALADEREÇAM HES,511,2026-05-31T07:00:00+03:00,07:00
40W0000015461412,ALADEREÇAM HES,unknown,2026-05-31 08:00:00+03:00,,0.0,chunk_0026.json,POST /v1/generation/data/dpp-bulk,2026-05-31 21:45:36.184123+00:00,1546141,ALADEREÇAM HES,511,2026-05-31T08:00:00+03:00,08:00
40W0000015461412,ALADEREÇAM HES,unknown,2026-05-31 09:00:00+03:00,,0.0,chunk_0026.json,POST /v1/generation/data/dpp-bulk,2026-05-31 21:45:36.184123+00:00,1546141,ALADEREÇAM HES,511,2026-05-31T09:00:00+03:00,09:00
40W0000015461412,ALADEREÇAM HES,unknown,2026-05-31 10:00:00+03:00,,0.0,chunk_0026.json,POST /v1/generation/data/dpp-bulk,2026-05-31 21:45:36.184123+00:00,1546141,ALADEREÇAM HES,511,2026-05-31T10:00:00+03:00,10:00
40W0000015461412,ALADEREÇAM HES,unknown,2026-05-31 11:00:00+03:00,,0.0,chunk_0026.json,POST /v1/generation/data/dpp-bulk,2026-05-31 21:45:36.184123+00:00,1546141,ALADEREÇAM HES,511,2026-05-31T11:00:00+03:00,11:00
40W0000015461412,ALADEREÇAM HES,unknown,2026-05-31 12:00:00+03:00,,0.0,chunk_0026.json,POST /v1/generation/data/dpp-bulk,2026-05-31 21:45:36.184123+00:00,1546141,ALADEREÇAM HES,511,2026-05-31T12:00:00+03:00,12:00
40W0000015461412,ALADEREÇAM HES,unknown,2026-05-31 13:00:00+03:00,,0.0,chunk_0026.json,POST /v1/generation/data/dpp-bulk,2026-05-31 21:45:36.184123+00:00,1546141,ALADEREÇAM HES,511,2026-05-31T13:00:00+03:00,13:00
40W0000015461412,ALADEREÇAM HES,unknown,2026-05-31 14:00:00+03:00,,0.0,chunk_0026.json,POST /v1/generation/data/dpp-bulk,2026-05-31 21:45:36.184123+00:00,1546141,ALADEREÇAM HES,511,2026-05-31T14:00:00+03:00,14:00
40W0000015461412,ALADEREÇAM HES,unknown,2026-05-31 15:00:00+03:00,,0.0,chunk_0026.json,POST /v1/generation/data/dpp-bulk,2026-05-31 21:45:36.184123+00:00,1546141,ALADEREÇAM HES,511,2026-05-31T15:00:00+03:00,15:00
40W0000015461412,ALADEREÇAM HES,unknown,2026-05-31 16:00:00+03:00,,0.0,chunk_0026.json,POST /v1/generation/data/dpp-bulk,2026-05-31 21:45:36.184123+00:00,1546141,ALADEREÇAM HES,511,2026-05-31T16:00:00+03:00,16:00
40W0000015461412,ALADEREÇAM HES,unknown,2026-05-31 17:00:00+03:00,,0.0,chunk_0026.json,POST /v1/generation/data/dpp-bulk,2026-05-31 21:45:36.184123+00:00,1546141,ALADEREÇAM HES,511,2026-05-31T17:00:00+03:00,17:00
40W0000015461412,ALADEREÇAM HES,unknown,2026-05-31 18:00:00+03:00,,4.9,chunk_0026.json,POST /v1/generation/data/dpp-bulk,2026-05-31 21:45:36.184123+00:00,1546141,ALADEREÇAM HES,511,2026-05-31T18:00:00+03:00,18:00
40W0000015461412,ALADEREÇAM HES,unknown,2026-05-31 19:00:00+03:00,,4.9,chunk_0026.json,POST /v1/generation/data/dpp-bulk,2026-05-31 21:45:36.184123+00:00,1546141,ALADEREÇAM HES,511,2026-05-31T19:00:00+03:00,19:00
40W0000015461412,ALADEREÇAM HES,unknown,2026-05-31 20:00:00+03:00,,4.9,chunk_0026.json,POST /v1/generation/data/dpp-bulk,2026-05-31 21:45:36.184123+00:00,1546141,ALADEREÇAM HES,511,2026-05-31T20:00:00+03:00,20:00
40W0000015461412,ALADEREÇAM HES,unknown,2026-05-31 21:00:00+03:00,,4.9,chunk_0026.json,POST /v1/generation/data/dpp-bulk,2026-05-31 21:45:36.184123+00:00,1546141,ALADEREÇAM HES,511,2026-05-31T21:00:00+03:00,21:00
40W0000015461412,ALADEREÇAM HES,unknown,2026-05-31 22:00:00+03:00,,4.9,chunk_0026.json,POST /v1/generation/data/dpp-bulk,2026-05-31 21:45:36.184123+00:00,1546141,ALADEREÇAM HES,511,2026-05-31T22:00:00+03:00,22:00
40W0000015461412,ALADEREÇAM HES,unknown,2026-05-31 23:00:00+03:00,,4.9,chunk_0026.json,POST /v1/generation/data/dpp-bulk,2026-05-31 21:45:36.184123+00:00,1546141,ALADEREÇAM HES,511,2026-05-31T23:00:00+03:00,23:00
40W000001730806Z,SİLOPİ TES 380kV,unknown,2026-05-31 00:00:00+03:00,,97.0,chunk_0026.json,POST /v1/generation/data/dpp-bulk,2026-05-31 21:45:36.184123+00:00,1730806,SİLOPİ TES 380kV,601,2026-05-31T00:00:00+03:00,00:00
40W000001730806Z,SİLOPİ TES 380kV,unknown,2026-05-31 01:00:00+03:00,,97.0,chunk_0026.json,POST /v1/generation/data/dpp-bulk,2026-05-31 21:45:36.184123+00:00,1730806,SİLOPİ TES 380kV,601,2026-05-31T01:00:00+03:00,01:00
40W000001730806Z,SİLOPİ TES 380kV,unknown,2026-05-31 02:00:00+03:00,,97.0,chunk_0026.json,POST /v1/generation/data/dpp-bulk,2026-05-31 21:45:36.184123+00:00,1730806,SİLOPİ TES 380kV,601,2026-05-31T02:00:00+03:00,02:00
40W000001730806Z,SİLOPİ TES 380kV,unknown,2026-05-31 03:00:00+03:00,,97.0,chunk_0026.json,POST /v1/generation/data/dpp-bulk,2026-05-31 21:45:36.184123+00:00,1730806,SİLOPİ TES 380kV,601,2026-05-31T03:00:00+03:00,03:00
40W000001730806Z,SİLOPİ TES 380kV,unknown,2026-05-31 04:00:00+03:00,,97.0,chunk_0026.json,POST /v1/generation/data/dpp-bulk,2026-05-31 21:45:36.184123+00:00,1730806,SİLOPİ TES 380kV,601,2026-05-31T04:00:00+03:00,04:00
40W000001730806Z,SİLOPİ TES 380kV,unknown,2026-05-31 05:00:00+03:00,,97.0,chunk_0026.json,POST /v1/generation/data/dpp-bulk,2026-05-31 21:45:36.184123+00:00,1730806,SİLOPİ TES 380kV,601,2026-05-31T05:00:00+03:00,05:00
40W000001730806Z,SİLOPİ TES 380kV,unknown,2026-05-31 06:00:00+03:00,,97.0,chunk_0026.json,POST /v1/generation/data/dpp-bulk,2026-05-31 21:45:36.184123+00:00,1730806,SİLOPİ TES 380kV,601,2026-05-31T06:00:00+03:00,06:00
40W000001730806Z,SİLOPİ TES 380kV,unknown,2026-05-31 07:00:00+03:00,,97.0,chunk_0026.json,POST /v1/generation/data/dpp-bulk,2026-05-31 21:45:36.184123+00:00,1730806,SİLOPİ TES 380kV,601,2026-05-31T07:00:00+03:00,07:00
40W000001730806Z,SİLOPİ TES 380kV,unknown,2026-05-31 08:00:00+03:00,,97.0,chunk_0026.json,POST /v1/generation/data/dpp-bulk,2026-05-31 21:45:36.184123+00:00,1730806,SİLOPİ TES 380kV,601,2026-05-31T08:00:00+03:00,08:00
40W000001730806Z,SİLOPİ TES 380kV,unknown,2026-05-31 09:00:00+03:00,,97.0,chunk_0026.json,POST /v1/generation/data/dpp-bulk,2026-05-31 21:45:36.184123+00:00,1730806,SİLOPİ TES 380kV,601,2026-05-31T09:00:00+03:00,09:00
40W000001730806Z,SİLOPİ TES 380kV,unknown,2026-05-31 10:00:00+03:00,,97.0,chunk_0026.json,POST /v1/generation/data/dpp-bulk,2026-05-31 21:45:36.184123+00:00,1730806,SİLOPİ TES 380kV,601,2026-05-31T10:00:00+03:00,10:00
40W000001730806Z,SİLOPİ TES 380kV,unknown,2026-05-31 11:00:00+03:00,,97.0,chunk_0026.json,POST /v1/generation/data/dpp-bulk,2026-05-31 21:45:36.184123+00:00,1730806,SİLOPİ TES 380kV,601,2026-05-31T11:00:00+03:00,11:00
40W000001730806Z,SİLOPİ TES 380kV,unknown,2026-05-31 12:00:00+03:00,,97.0,chunk_0026.json,POST /v1/generation/data/dpp-bulk,2026-05-31 21:45:36.184123+00:00,1730806,SİLOPİ TES 380kV,601,2026-05-31T12:00:00+03:00,12:00
40W000001730806Z,SİLOPİ TES 380kV,unknown,2026-05-31 13:00:00+03:00,,97.0,chunk_0026.json,POST /v1/generation/data/dpp-bulk,2026-05-31 21:45:36.184123+00:00,1730806,SİLOPİ TES 380kV,601,2026-05-31T13:00:00+03:00,13:00
40W000001730806Z,SİLOPİ TES 380kV,unknown,2026-05-31 14:00:00+03:00,,97.0,chunk_0026.json,POST /v1/generation/data/dpp-bulk,2026-05-31 21:45:36.184123+00:00,1730806,SİLOPİ TES 380kV,601,2026-05-31T14:00:00+03:00,14:00
40W000001730806Z,SİLOPİ TES 380kV,unknown,2026-05-31 15:00:00+03:00,,97.0,chunk_0026.json,POST /v1/generation/data/dpp-bulk,2026-05-31 21:45:36.184123+00:00,1730806,SİLOPİ TES 380kV,601,2026-05-31T15:00:00+03:00,15:00
40W000001730806Z,SİLOPİ TES 380kV,unknown,2026-05-31 16:00:00+03:00,,97.0,chunk_0026.json,POST /v1/generation/data/dpp-bulk,2026-05-31 21:45:36.184123+00:00,1730806,SİLOPİ TES 380kV,601,2026-05-31T16:00:00+03:00,16:00
40W000001730806Z,SİLOPİ TES 380kV,unknown,2026-05-31 17:00:00+03:00,,97.0,chunk_0026.json,POST /v1/generation/data/dpp-bulk,2026-05-31 21:45:36.184123+00:00,1730806,SİLOPİ TES 380kV,601,2026-05-31T17:00:00+03:00,17:00
40W000001730806Z,SİLOPİ TES 380kV,unknown,2026-05-31 18:00:00+03:00,,97.0,chunk_0026.json,POST /v1/generation/data/dpp-bulk,2026-05-31 21:45:36.184123+00:00,1730806,SİLOPİ TES 380kV,601,2026-05-31T18:00:00+03:00,18:00
40W000001730806Z,SİLOPİ TES 380kV,unknown,2026-05-31 19:00:00+03:00,,97.0,chunk_0026.json,POST /v1/generation/data/dpp-bulk,2026-05-31 21:45:36.184123+00:00,1730806,SİLOPİ TES 380kV,601,2026-05-31T19:00:00+03:00,19:00
40W000001730806Z,SİLOPİ TES 380kV,unknown,2026-05-31 20:00:00+03:00,,97.0,chunk_0026.json,POST /v1/generation/data/dpp-bulk,2026-05-31 21:45:36.184123+00:00,1730806,SİLOPİ TES 380kV,601,2026-05-31T20:00:00+03:00,20:00
40W000001730806Z,SİLOPİ TES 380kV,unknown,2026-05-31 21:00:00+03:00,,97.0,chunk_0026.json,POST /v1/generation/data/dpp-bulk,2026-05-31 21:45:36.184123+00:00,1730806,SİLOPİ TES 380kV,601,2026-05-31T21:00:00+03:00,21:00
40W000001730806Z,SİLOPİ TES 380kV,unknown,2026-05-31 22:00:00+03:00,,97.0,chunk_0026.json,POST /v1/generation/data/dpp-bulk,2026-05-31 21:45:36.184123+00:00,1730806,SİLOPİ TES 380kV,601,2026-05-31T22:00:00+03:00,22:00
40W000001730806Z,SİLOPİ TES 380kV,unknown,2026-05-31 23:00:00+03:00,,97.0,chunk_0026.json,POST /v1/generation/data/dpp-bulk,2026-05-31 21:45:36.184123+00:00,1730806,SİLOPİ TES 380kV,601,2026-05-31T23:00:00+03:00,23:00
40W0000015859944,KORKMAZ RES,unknown,2026-05-31 00:00:00+03:00,,1.0,chunk_0026.json,POST /v1/generation/data/dpp-bulk,2026-05-31 21:45:36.184123+00:00,1585994,KORKMAZ RES,613,2026-05-31T00:00:00+03:00,00:00
40W0000015859944,KORKMAZ RES,unknown,2026-05-31 01:00:00+03:00,,1.0,chunk_0026.json,POST /v1/generation/data/dpp-bulk,2026-05-31 21:45:36.184123+00:00,1585994,KORKMAZ RES,613,2026-05-31T01:00:00+03:00,01:00
40W0000015859944,KORKMAZ RES,unknown,2026-05-31 02:00:00+03:00,,1.0,chunk_0026.json,POST /v1/generation/data/dpp-bulk,2026-05-31 21:45:36.184123+00:00,1585994,KORKMAZ RES,613,2026-05-31T02:00:00+03:00,02:00
40W0000015859944,KORKMAZ RES,unknown,2026-05-31 03:00:00+03:00,,1.0,chunk_0026.json,POST /v1/generation/data/dpp-bulk,2026-05-31 21:45:36.184123+00:00,1585994,KORKMAZ RES,613,2026-05-31T03:00:00+03:00,03:00
40W0000015859944,KORKMAZ RES,unknown,2026-05-31 04:00:00+03:00,,1.0,chunk_0026.json,POST /v1/generation/data/dpp-bulk,2026-05-31 21:45:36.184123+00:00,1585994,KORKMAZ RES,613,2026-05-31T04:00:00+03:00,04:00
40W0000015859944,KORKMAZ RES,unknown,2026-05-31 05:00:00+03:00,,1.0,chunk_0026.json,POST /v1/generation/data/dpp-bulk,2026-05-31 21:45:36.184123+00:00,1585994,KORKMAZ RES,613,2026-05-31T05:00:00+03:00,05:00
40W0000015859944,KORKMAZ RES,unknown,2026-05-31 06:00:00+03:00,,1.0,chunk_0026.json,POST /v1/generation/data/dpp-bulk,2026-05-31 21:45:36.184123+00:00,1585994,KORKMAZ RES,613,2026-05-31T06:00:00+03:00,06:00
40W0000015859944,KORKMAZ RES,unknown,2026-05-31 07:00:00+03:00,,1.0,chunk_0026.json,POST /v1/generation/data/dpp-bulk,2026-05-31 21:45:36.184123+00:00,1585994,KORKMAZ RES,613,2026-05-31T07:00:00+03:00,07:00
40W0000015859944,KORKMAZ RES,unknown,2026-05-31 08:00:00+03:00,,1.0,chunk_0026.json,POST /v1/generation/data/dpp-bulk,2026-05-31 21:45:36.184123+00:00,1585994,KORKMAZ RES,613,2026-05-31T08:00:00+03:00,08:00
40W0000015859944,KORKMAZ RES,unknown,2026-05-31 09:00:00+03:00,,0.0,chunk_0026.json,POST /v1/generation/data/dpp-bulk,2026-05-31 21:45:36.184123+00:00,1585994,KORKMAZ RES,613,2026-05-31T09:00:00+03:00,09:00
40W0000015859944,KORKMAZ RES,unknown,2026-05-31 10:00:00+03:00,,0.0,chunk_0026.json,POST /v1/generation/data/dpp-bulk,2026-05-31 21:45:36.184123+00:00,1585994,KORKMAZ RES,613,2026-05-31T10:00:00+03:00,10:00
40W0000015859944,KORKMAZ RES,unknown,2026-05-31 11:00:00+03:00,,0.0,chunk_0026.json,POST /v1/generation/data/dpp-bulk,2026-05-31 21:45:36.184123+00:00,1585994,KORKMAZ RES,613,2026-05-31T11:00:00+03:00,11:00
40W0000015859944,KORKMAZ RES,unknown,2026-05-31 12:00:00+03:00,,0.0,chunk_0026.json,POST /v1/generation/data/dpp-bulk,2026-05-31 21:45:36.184123+00:00,1585994,KORKMAZ RES,613,2026-05-31T12:00:00+03:00,12:00
40W0000015859944,KORKMAZ RES,unknown,2026-05-31 13:00:00+03:00,,0.0,chunk_0026.json,POST /v1/generation/data/dpp-bulk,2026-05-31 21:45:36.184123+00:00,1585994,KORKMAZ RES,613,2026-05-31T13:00:00+03:00,13:00
40W0000015859944,KORKMAZ RES,unknown,2026-05-31 14:00:00+03:00,,0.0,chunk_0026.json,POST /v1/generation/data/dpp-bulk,2026-05-31 21:45:36.184123+00:00,1585994,KORKMAZ RES,613,2026-05-31T14:00:00+03:00,14:00
40W0000015859944,KORKMAZ RES,unknown,2026-05-31 15:00:00+03:00,,0.0,chunk_0026.json,POST /v1/generation/data/dpp-bulk,2026-05-31 21:45:36.184123+00:00,1585994,KORKMAZ RES,613,2026-05-31T15:00:00+03:00,15:00
40W0000015859944,KORKMAZ RES,unknown,2026-05-31 16:00:00+03:00,,0.0,chunk_0026.json,POST /v1/generation/data/dpp-bulk,2026-05-31 21:45:36.184123+00:00,1585994,KORKMAZ RES,613,2026-05-31T16:00:00+03:00,16:00
40W0000015859944,KORKMAZ RES,unknown,2026-05-31 17:00:00+03:00,,0.0,chunk_0026.json,POST /v1/generation/data/dpp-bulk,2026-05-31 21:45:36.184123+00:00,1585994,KORKMAZ RES,613,2026-05-31T17:00:00+03:00,17:00
40W0000015859944,KORKMAZ RES,unknown,2026-05-31 18:00:00+03:00,,0.0,chunk_0026.json,POST /v1/generation/data/dpp-bulk,2026-05-31 21:45:36.184123+00:00,1585994,KORKMAZ RES,613,2026-05-31T18:00:00+03:00,18:00
40W0000015859944,KORKMAZ RES,unknown,2026-05-31 19:00:00+03:00,,0.0,chunk_0026.json,POST /v1/generation/data/dpp-bulk,2026-05-31 21:45:36.184123+00:00,1585994,KORKMAZ RES,613,2026-05-31T19:00:00+03:00,19:00
40W0000015859944,KORKMAZ RES,unknown,2026-05-31 20:00:00+03:00,,0.0,chunk_0026.json,POST /v1/generation/data/dpp-bulk,2026-05-31 21:45:36.184123+00:00,1585994,KORKMAZ RES,613,2026-05-31T20:00:00+03:00,20:00
40W0000015859944,KORKMAZ RES,unknown,2026-05-31 21:00:00+03:00,,0.0,chunk_0026.json,POST /v1/generation/data/dpp-bulk,2026-05-31 21:45:36.184123+00:00,1585994,KORKMAZ RES,613,2026-05-31T21:00:00+03:00,21:00
40W0000015859944,KORKMAZ RES,unknown,2026-05-31 22:00:00+03:00,,0.0,chunk_0026.json,POST /v1/generation/data/dpp-bulk,2026-05-31 21:45:36.184123+00:00,1585994,KORKMAZ RES,613,2026-05-31T22:00:00+03:00,22:00
40W0000015859944,KORKMAZ RES,unknown,2026-05-31 23:00:00+03:00,,0.0,chunk_0026.json,POST /v1/generation/data/dpp-bulk,2026-05-31 21:45:36.184123+00:00,1585994,KORKMAZ RES,613,2026-05-31T23:00:00+03:00,23:00
40W0000016688833,EFELER JEOTERMAL ELEKTRİK SANTRALİ,unknown,2026-05-31 00:00:00+03:00,,70.8,chunk_0026.json,POST /v1/generation/data/dpp-bulk,2026-05-31 21:45:36.184123+00:00,1668883,EFELER JEOTERMAL ELEKTRİK SANTRALİ,620,2026-05-31T00:00:00+03:00,00:00
40W0000016688833,EFELER JEOTERMAL ELEKTRİK SANTRALİ,unknown,2026-05-31 01:00:00+03:00,,71.3,chunk_0026.json,POST /v1/generation/data/dpp-bulk,2026-05-31 21:45:36.184123+00:00,1668883,EFELER JEOTERMAL ELEKTRİK SANTRALİ,620,2026-05-31T01:00:00+03:00,01:00
40W0000016688833,EFELER JEOTERMAL ELEKTRİK SANTRALİ,unknown,2026-05-31 02:00:00+03:00,,71.7,chunk_0026.json,POST /v1/generation/data/dpp-bulk,2026-05-31 21:45:36.184123+00:00,1668883,EFELER JEOTERMAL ELEKTRİK SANTRALİ,620,2026-05-31T02:00:00+03:00,02:00
40W0000016688833,EFELER JEOTERMAL ELEKTRİK SANTRALİ,unknown,2026-05-31 03:00:00+03:00,,72.7,chunk_0026.json,POST /v1/generation/data/dpp-bulk,2026-05-31 21:45:36.184123+00:00,1668883,EFELER JEOTERMAL ELEKTRİK SANTRALİ,620,2026-05-31T03:00:00+03:00,03:00
40W0000016688833,EFELER JEOTERMAL ELEKTRİK SANTRALİ,unknown,2026-05-31 04:00:00+03:00,,73.1,chunk_0026.json,POST /v1/generation/data/dpp-bulk,2026-05-31 21:45:36.184123+00:00,1668883,EFELER JEOTERMAL ELEKTRİK SANTRALİ,620,2026-05-31T04:00:00+03:00,04:00
40W0000016688833,EFELER JEOTERMAL ELEKTRİK SANTRALİ,unknown,2026-05-31 05:00:00+03:00,,73.6,chunk_0026.json,POST /v1/generation/data/dpp-bulk,2026-05-31 21:45:36.184123+00:00,1668883,EFELER JEOTERMAL ELEKTRİK SANTRALİ,620,2026-05-31T05:00:00+03:00,05:00
40W0000016688833,EFELER JEOTERMAL ELEKTRİK SANTRALİ,unknown,2026-05-31 06:00:00+03:00,,73.9,chunk_0026.json,POST /v1/generation/data/dpp-bulk,2026-05-31 21:45:36.184123+00:00,1668883,EFELER JEOTERMAL ELEKTRİK SANTRALİ,620,2026-05-31T06:00:00+03:00,06:00
40W0000016688833,EFELER JEOTERMAL ELEKTRİK SANTRALİ,unknown,2026-05-31 07:00:00+03:00,,72.7,chunk_0026.json,POST /v1/generation/data/dpp-bulk,2026-05-31 21:45:36.184123+00:00,1668883,EFELER JEOTERMAL ELEKTRİK SANTRALİ,620,2026-05-31T07:00:00+03:00,07:00
40W0000016688833,EFELER JEOTERMAL ELEKTRİK SANTRALİ,unknown,2026-05-31 08:00:00+03:00,,71.2,chunk_0026.json,POST /v1/generation/data/dpp-bulk,2026-05-31 21:45:36.184123+00:00,1668883,EFELER JEOTERMAL ELEKTRİK SANTRALİ,620,2026-05-31T08:00:00+03:00,08:00
40W0000016688833,EFELER JEOTERMAL ELEKTRİK SANTRALİ,unknown,2026-05-31 09:00:00+03:00,,69.0,chunk_0026.json,POST /v1/generation/data/dpp-bulk,2026-05-31 21:45:36.184123+00:00,1668883,EFELER JEOTERMAL ELEKTRİK SANTRALİ,620,2026-05-31T09:00:00+03:00,09:00
40W0000016688833,EFELER JEOTERMAL ELEKTRİK SANTRALİ,unknown,2026-05-31 10:00:00+03:00,,67.3,chunk_0026.json,POST /v1/generation/data/dpp-bulk,2026-05-31 21:45:36.184123+00:00,1668883,EFELER JEOTERMAL ELEKTRİK SANTRALİ,620,2026-05-31T10:00:00+03:00,10:00
40W0000016688833,EFELER JEOTERMAL ELEKTRİK SANTRALİ,unknown,2026-05-31 11:00:00+03:00,,65.9,chunk_0026.json,POST /v1/generation/data/dpp-bulk,2026-05-31 21:45:36.184123+00:00,1668883,EFELER JEOTERMAL ELEKTRİK SANTRALİ,620,2026-05-31T11:00:00+03:00,11:00
40W0000016688833,EFELER JEOTERMAL ELEKTRİK SANTRALİ,unknown,2026-05-31 12:00:00+03:00,,64.2,chunk_0026.json,POST /v1/generation/data/dpp-bulk,2026-05-31 21:45:36.184123+00:00,1668883,EFELER JEOTERMAL ELEKTRİK SANTRALİ,620,2026-05-31T12:00:00+03:00,12:00
40W0000016688833,EFELER JEOTERMAL ELEKTRİK SANTRALİ,unknown,2026-05-31 13:00:00+03:00,,63.4,chunk_0026.json,POST /v1/generation/data/dpp-bulk,2026-05-31 21:45:36.184123+00:00,1668883,EFELER JEOTERMAL ELEKTRİK SANTRALİ,620,2026-05-31T13:00:00+03:00,13:00
40W0000016688833,EFELER JEOTERMAL ELEKTRİK SANTRALİ,unknown,2026-05-31 14:00:00+03:00,,62.8,chunk_0026.json,POST /v1/generation/data/dpp-bulk,2026-05-31 21:45:36.184123+00:00,1668883,EFELER JEOTERMAL ELEKTRİK SANTRALİ,620,2026-05-31T14:00:00+03:00,14:00
40W0000016688833,EFELER JEOTERMAL ELEKTRİK SANTRALİ,unknown,2026-05-31 15:00:00+03:00,,62.9,chunk_0026.json,POST /v1/generation/data/dpp-bulk,2026-05-31 21:45:36.184123+00:00,1668883,EFELER JEOTERMAL ELEKTRİK SANTRALİ,620,2026-05-31T15:00:00+03:00,15:00
40W0000016688833,EFELER JEOTERMAL ELEKTRİK SANTRALİ,unknown,2026-05-31 16:00:00+03:00,,63.0,chunk_0026.json,POST /v1/generation/data/dpp-bulk,2026-05-31 21:45:36.184123+00:00,1668883,EFELER JEOTERMAL ELEKTRİK SANTRALİ,620,2026-05-31T16:00:00+03:00,16:00
40W0000016688833,EFELER JEOTERMAL ELEKTRİK SANTRALİ,unknown,2026-05-31 17:00:00+03:00,,64.0,chunk_0026.json,POST /v1/generation/data/dpp-bulk,2026-05-31 21:45:36.184123+00:00,1668883,EFELER JEOTERMAL ELEKTRİK SANTRALİ,620,2026-05-31T17:00:00+03:00,17:00
40W0000016688833,EFELER JEOTERMAL ELEKTRİK SANTRALİ,unknown,2026-05-31 18:00:00+03:00,,64.9,chunk_0026.json,POST /v1/generation/data/dpp-bulk,2026-05-31 21:45:36.184123+00:00,1668883,EFELER JEOTERMAL ELEKTRİK SANTRALİ,620,2026-05-31T18:00:00+03:00,18:00
40W0000016688833,EFELER JEOTERMAL ELEKTRİK SANTRALİ,unknown,2026-05-31 19:00:00+03:00,,66.0,chunk_0026.json,POST /v1/generation/data/dpp-bulk,2026-05-31 21:45:36.184123+00:00,1668883,EFELER JEOTERMAL ELEKTRİK SANTRALİ,620,2026-05-31T19:00:00+03:00,19:00
40W0000016688833,EFELER JEOTERMAL ELEKTRİK SANTRALİ,unknown,2026-05-31 20:00:00+03:00,,67.2,chunk_0026.json,POST /v1/generation/data/dpp-bulk,2026-05-31 21:45:36.184123+00:00,1668883,EFELER JEOTERMAL ELEKTRİK SANTRALİ,620,2026-05-31T20:00:00+03:00,20:00
40W0000016688833,EFELER JEOTERMAL ELEKTRİK SANTRALİ,unknown,2026-05-31 21:00:00+03:00,,68.1,chunk_0026.json,POST /v1/generation/data/dpp-bulk,2026-05-31 21:45:36.184123+00:00,1668883,EFELER JEOTERMAL ELEKTRİK SANTRALİ,620,2026-05-31T21:00:00+03:00,21:00
40W0000016688833,EFELER JEOTERMAL ELEKTRİK SANTRALİ,unknown,2026-05-31 22:00:00+03:00,,68.7,chunk_0026.json,POST /v1/generation/data/dpp-bulk,2026-05-31 21:45:36.184123+00:00,1668883,EFELER JEOTERMAL ELEKTRİK SANTRALİ,620,2026-05-31T22:00:00+03:00,22:00
40W0000016688833,EFELER JEOTERMAL ELEKTRİK SANTRALİ,unknown,2026-05-31 23:00:00+03:00,,69.8,chunk_0026.json,POST /v1/generation/data/dpp-bulk,2026-05-31 21:45:36.184123+00:00,1668883,EFELER JEOTERMAL ELEKTRİK SANTRALİ,620,2026-05-31T23:00:00+03:00,23:00
40W0000017403169,CENGİZ 610 DGKÇS,unknown,2026-05-31 00:00:00+03:00,,0.0,chunk_0026.json,POST /v1/generation/data/dpp-bulk,2026-05-31 21:45:36.184123+00:00,1740316,CENGİZ 610 DGKÇS,1964,2026-05-31T00:00:00+03:00,00:00
40W0000017403169,CENGİZ 610 DGKÇS,unknown,2026-05-31 01:00:00+03:00,,0.0,chunk_0026.json,POST /v1/generation/data/dpp-bulk,2026-05-31 21:45:36.184123+00:00,1740316,CENGİZ 610 DGKÇS,1964,2026-05-31T01:00:00+03:00,01:00
40W0000017403169,CENGİZ 610 DGKÇS,unknown,2026-05-31 02:00:00+03:00,,0.0,chunk_0026.json,POST /v1/generation/data/dpp-bulk,2026-05-31 21:45:36.184123+00:00,1740316,CENGİZ 610 DGKÇS,1964,2026-05-31T02:00:00+03:00,02:00
40W0000017403169,CENGİZ 610 DGKÇS,unknown,2026-05-31 03:00:00+03:00,,0.0,chunk_0026.json,POST /v1/generation/data/dpp-bulk,2026-05-31 21:45:36.184123+00:00,1740316,CENGİZ 610 DGKÇS,1964,2026-05-31T03:00:00+03:00,03:00
40W0000017403169,CENGİZ 610 DGKÇS,unknown,2026-05-31 04:00:00+03:00,,0.0,chunk_0026.json,POST /v1/generation/data/dpp-bulk,2026-05-31 21:45:36.184123+00:00,1740316,CENGİZ 610 DGKÇS,1964,2026-05-31T04:00:00+03:00,04:00
40W0000017403169,CENGİZ 610 DGKÇS,unknown,2026-05-31 05:00:00+03:00,,0.0,chunk_0026.json,POST /v1/generation/data/dpp-bulk,2026-05-31 21:45:36.184123+00:00,1740316,CENGİZ 610 DGKÇS,1964,2026-05-31T05:00:00+03:00,05:00
40W0000017403169,CENGİZ 610 DGKÇS,unknown,2026-05-31 06:00:00+03:00,,0.0,chunk_0026.json,POST /v1/generation/data/dpp-bulk,2026-05-31 21:45:36.184123+00:00,1740316,CENGİZ 610 DGKÇS,1964,2026-05-31T06:00:00+03:00,06:00
40W0000017403169,CENGİZ 610 DGKÇS,unknown,2026-05-31 07:00:00+03:00,,0.0,chunk_0026.json,POST /v1/generation/data/dpp-bulk,2026-05-31 21:45:36.184123+00:00,1740316,CENGİZ 610 DGKÇS,1964,2026-05-31T07:00:00+03:00,07:00
40W0000017403169,CENGİZ 610 DGKÇS,unknown,2026-05-31 08:00:00+03:00,,0.0,chunk_0026.json,POST /v1/generation/data/dpp-bulk,2026-05-31 21:45:36.184123+00:00,1740316,CENGİZ 610 DGKÇS,1964,2026-05-31T08:00:00+03:00,08:00
40W0000017403169,CENGİZ 610 DGKÇS,unknown,2026-05-31 09:00:00+03:00,,0.0,chunk_0026.json,POST /v1/generation/data/dpp-bulk,2026-05-31 21:45:36.184123+00:00,1740316,CENGİZ 610 DGKÇS,1964,2026-05-31T09:00:00+03:00,09:00
40W0000017403169,CENGİZ 610 DGKÇS,unknown,2026-05-31 10:00:00+03:00,,0.0,chunk_0026.json,POST /v1/generation/data/dpp-bulk,2026-05-31 21:45:36.184123+00:00,1740316,CENGİZ 610 DGKÇS,1964,2026-05-31T10:00:00+03:00,10:00
40W0000017403169,CENGİZ 610 DGKÇS,unknown,2026-05-31 11:00:00+03:00,,0.0,chunk_0026.json,POST /v1/generation/data/dpp-bulk,2026-05-31 21:45:36.184123+00:00,1740316,CENGİZ 610 DGKÇS,1964,2026-05-31T11:00:00+03:00,11:00
40W0000017403169,CENGİZ 610 DGKÇS,unknown,2026-05-31 12:00:00+03:00,,0.0,chunk_0026.json,POST /v1/generation/data/dpp-bulk,2026-05-31 21:45:36.184123+00:00,1740316,CENGİZ 610 DGKÇS,1964,2026-05-31T12:00:00+03:00,12:00
40W0000017403169,CENGİZ 610 DGKÇS,unknown,2026-05-31 13:00:00+03:00,,0.0,chunk_0026.json,POST /v1/generation/data/dpp-bulk,2026-05-31 21:45:36.184123+00:00,1740316,CENGİZ 610 DGKÇS,1964,2026-05-31T13:00:00+03:00,13:00
40W0000017403169,CENGİZ 610 DGKÇS,unknown,2026-05-31 14:00:00+03:00,,0.0,chunk_0026.json,POST /v1/generation/data/dpp-bulk,2026-05-31 21:45:36.184123+00:00,1740316,CENGİZ 610 DGKÇS,1964,2026-05-31T14:00:00+03:00,14:00
40W0000017403169,CENGİZ 610 DGKÇS,unknown,2026-05-31 15:00:00+03:00,,0.0,chunk_0026.json,POST /v1/generation/data/dpp-bulk,2026-05-31 21:45:36.184123+00:00,1740316,CENGİZ 610 DGKÇS,1964,2026-05-31T15:00:00+03:00,15:00
40W0000017403169,CENGİZ 610 DGKÇS,unknown,2026-05-31 16:00:00+03:00,,0.0,chunk_0026.json,POST /v1/generation/data/dpp-bulk,2026-05-31 21:45:36.184123+00:00,1740316,CENGİZ 610 DGKÇS,1964,2026-05-31T16:00:00+03:00,16:00
40W0000017403169,CENGİZ 610 DGKÇS,unknown,2026-05-31 17:00:00+03:00,,0.0,chunk_0026.json,POST /v1/generation/data/dpp-bulk,2026-05-31 21:45:36.184123+00:00,1740316,CENGİZ 610 DGKÇS,1964,2026-05-31T17:00:00+03:00,17:00
40W0000017403169,CENGİZ 610 DGKÇS,unknown,2026-05-31 18:00:00+03:00,,0.0,chunk_0026.json,POST /v1/generation/data/dpp-bulk,2026-05-31 21:45:36.184123+00:00,1740316,CENGİZ 610 DGKÇS,1964,2026-05-31T18:00:00+03:00,18:00
40W0000017403169,CENGİZ 610 DGKÇS,unknown,2026-05-31 19:00:00+03:00,,0.0,chunk_0026.json,POST /v1/generation/data/dpp-bulk,2026-05-31 21:45:36.184123+00:00,1740316,CENGİZ 610 DGKÇS,1964,2026-05-31T19:00:00+03:00,19:00
40W0000017403169,CENGİZ 610 DGKÇS,unknown,2026-05-31 20:00:00+03:00,,0.0,chunk_0026.json,POST /v1/generation/data/dpp-bulk,2026-05-31 21:45:36.184123+00:00,1740316,CENGİZ 610 DGKÇS,1964,2026-05-31T20:00:00+03:00,20:00
40W0000017403169,CENGİZ 610 DGKÇS,unknown,2026-05-31 21:00:00+03:00,,0.0,chunk_0026.json,POST /v1/generation/data/dpp-bulk,2026-05-31 21:45:36.184123+00:00,1740316,CENGİZ 610 DGKÇS,1964,2026-05-31T21:00:00+03:00,21:00
40W0000017403169,CENGİZ 610 DGKÇS,unknown,2026-05-31 22:00:00+03:00,,0.0,chunk_0026.json,POST /v1/generation/data/dpp-bulk,2026-05-31 21:45:36.184123+00:00,1740316,CENGİZ 610 DGKÇS,1964,2026-05-31T22:00:00+03:00,22:00
40W0000017403169,CENGİZ 610 DGKÇS,unknown,2026-05-31 23:00:00+03:00,,0.0,chunk_0026.json,POST /v1/generation/data/dpp-bulk,2026-05-31 21:45:36.184123+00:00,1740316,CENGİZ 610 DGKÇS,1964,2026-05-31T23:00:00+03:00,23:00
40W000001724121G,SERAP HES,unknown,2026-05-31 00:00:00+03:00,,22.0,chunk_0026.json,POST /v1/generation/data/dpp-bulk,2026-05-31 21:45:36.184123+00:00,1724121,SERAP HES,3406,2026-05-31T00:00:00+03:00,00:00
40W000001724121G,SERAP HES,unknown,2026-05-31 01:00:00+03:00,,22.0,chunk_0026.json,POST /v1/generation/data/dpp-bulk,2026-05-31 21:45:36.184123+00:00,1724121,SERAP HES,3406,2026-05-31T01:00:00+03:00,01:00
40W000001724121G,SERAP HES,unknown,2026-05-31 02:00:00+03:00,,22.0,chunk_0026.json,POST /v1/generation/data/dpp-bulk,2026-05-31 21:45:36.184123+00:00,1724121,SERAP HES,3406,2026-05-31T02:00:00+03:00,02:00
40W000001724121G,SERAP HES,unknown,2026-05-31 03:00:00+03:00,,5.0,chunk_0026.json,POST /v1/generation/data/dpp-bulk,2026-05-31 21:45:36.184123+00:00,1724121,SERAP HES,3406,2026-05-31T03:00:00+03:00,03:00
40W000001724121G,SERAP HES,unknown,2026-05-31 04:00:00+03:00,,5.0,chunk_0026.json,POST /v1/generation/data/dpp-bulk,2026-05-31 21:45:36.184123+00:00,1724121,SERAP HES,3406,2026-05-31T04:00:00+03:00,04:00
40W000001724121G,SERAP HES,unknown,2026-05-31 05:00:00+03:00,,22.0,chunk_0026.json,POST /v1/generation/data/dpp-bulk,2026-05-31 21:45:36.184123+00:00,1724121,SERAP HES,3406,2026-05-31T05:00:00+03:00,05:00
40W000001724121G,SERAP HES,unknown,2026-05-31 06:00:00+03:00,,22.0,chunk_0026.json,POST /v1/generation/data/dpp-bulk,2026-05-31 21:45:36.184123+00:00,1724121,SERAP HES,3406,2026-05-31T06:00:00+03:00,06:00
40W000001724121G,SERAP HES,unknown,2026-05-31 07:00:00+03:00,,22.0,chunk_0026.json,POST /v1/generation/data/dpp-bulk,2026-05-31 21:45:36.184123+00:00,1724121,SERAP HES,3406,2026-05-31T07:00:00+03:00,07:00
40W000001724121G,SERAP HES,unknown,2026-05-31 08:00:00+03:00,,22.0,chunk_0026.json,POST /v1/generation/data/dpp-bulk,2026-05-31 21:45:36.184123+00:00,1724121,SERAP HES,3406,2026-05-31T08:00:00+03:00,08:00
40W000001724121G,SERAP HES,unknown,2026-05-31 09:00:00+03:00,,22.0,chunk_0026.json,POST /v1/generation/data/dpp-bulk,2026-05-31 21:45:36.184123+00:00,1724121,SERAP HES,3406,2026-05-31T09:00:00+03:00,09:00
40W000001724121G,SERAP HES,unknown,2026-05-31 10:00:00+03:00,,22.0,chunk_0026.json,POST /v1/generation/data/dpp-bulk,2026-05-31 21:45:36.184123+00:00,1724121,SERAP HES,3406,2026-05-31T10:00:00+03:00,10:00
40W000001724121G,SERAP HES,unknown,2026-05-31 11:00:00+03:00,,22.0,chunk_0026.json,POST /v1/generation/data/dpp-bulk,2026-05-31 21:45:36.184123+00:00,1724121,SERAP HES,3406,2026-05-31T11:00:00+03:00,11:00
40W000001724121G,SERAP HES,unknown,2026-05-31 12:00:00+03:00,,22.0,chunk_0026.json,POST /v1/generation/data/dpp-bulk,2026-05-31 21:45:36.184123+00:00,1724121,SERAP HES,3406,2026-05-31T12:00:00+03:00,12:00
40W000001724121G,SERAP HES,unknown,2026-05-31 13:00:00+03:00,,22.0,chunk_0026.json,POST /v1/generation/data/dpp-bulk,2026-05-31 21:45:36.184123+00:00,1724121,SERAP HES,3406,2026-05-31T13:00:00+03:00,13:00
40W000001724121G,SERAP HES,unknown,2026-05-31 14:00:00+03:00,,22.0,chunk_0026.json,POST /v1/generation/data/dpp-bulk,2026-05-31 21:45:36.184123+00:00,1724121,SERAP HES,3406,2026-05-31T14:00:00+03:00,14:00
40W000001724121G,SERAP HES,unknown,2026-05-31 15:00:00+03:00,,22.0,chunk_0026.json,POST /v1/generation/data/dpp-bulk,2026-05-31 21:45:36.184123+00:00,1724121,SERAP HES,3406,2026-05-31T15:00:00+03:00,15:00
40W000001724121G,SERAP HES,unknown,2026-05-31 16:00:00+03:00,,22.0,chunk_0026.json,POST /v1/generation/data/dpp-bulk,2026-05-31 21:45:36.184123+00:00,1724121,SERAP HES,3406,2026-05-31T16:00:00+03:00,16:00
40W000001724121G,SERAP HES,unknown,2026-05-31 17:00:00+03:00,,22.0,chunk_0026.json,POST /v1/generation/data/dpp-bulk,2026-05-31 21:45:36.184123+00:00,1724121,SERAP HES,3406,2026-05-31T17:00:00+03:00,17:00
40W000001724121G,SERAP HES,unknown,2026-05-31 18:00:00+03:00,,22.0,chunk_0026.json,POST /v1/generation/data/dpp-bulk,2026-05-31 21:45:36.184123+00:00,1724121,SERAP HES,3406,2026-05-31T18:00:00+03:00,18:00
40W000001724121G,SERAP HES,unknown,2026-05-31 19:00:00+03:00,,22.0,chunk_0026.json,POST /v1/generation/data/dpp-bulk,2026-05-31 21:45:36.184123+00:00,1724121,SERAP HES,3406,2026-05-31T19:00:00+03:00,19:00
40W000001724121G,SERAP HES,unknown,2026-05-31 20:00:00+03:00,,22.0,chunk_0026.json,POST /v1/generation/data/dpp-bulk,2026-05-31 21:45:36.184123+00:00,1724121,SERAP HES,3406,2026-05-31T20:00:00+03:00,20:00
40W000001724121G,SERAP HES,unknown,2026-05-31 21:00:00+03:00,,22.0,chunk_0026.json,POST /v1/generation/data/dpp-bulk,2026-05-31 21:45:36.184123+00:00,1724121,SERAP HES,3406,2026-05-31T21:00:00+03:00,21:00
40W000001724121G,SERAP HES,unknown,2026-05-31 22:00:00+03:00,,22.0,chunk_0026.json,POST /v1/generation/data/dpp-bulk,2026-05-31 21:45:36.184123+00:00,1724121,SERAP HES,3406,2026-05-31T22:00:00+03:00,22:00
40W000001724121G,SERAP HES,unknown,2026-05-31 23:00:00+03:00,,22.0,chunk_0026.json,POST /v1/generation/data/dpp-bulk,2026-05-31 21:45:36.184123+00:00,1724121,SERAP HES,3406,2026-05-31T23:00:00+03:00,23:00
40W000001808499Q,TURKOL OTEL SANTRALİ,unknown,2026-05-31 00:00:00+03:00,,0.0,chunk_0026.json,POST /v1/generation/data/dpp-bulk,2026-05-31 21:45:36.184123+00:00,1808499,TURKOL OTEL SANTRALİ,7679,2026-05-31T00:00:00+03:00,00:00
40W000001808499Q,TURKOL OTEL SANTRALİ,unknown,2026-05-31 01:00:00+03:00,,0.0,chunk_0026.json,POST /v1/generation/data/dpp-bulk,2026-05-31 21:45:36.184123+00:00,1808499,TURKOL OTEL SANTRALİ,7679,2026-05-31T01:00:00+03:00,01:00
40W000001808499Q,TURKOL OTEL SANTRALİ,unknown,2026-05-31 02:00:00+03:00,,0.0,chunk_0026.json,POST /v1/generation/data/dpp-bulk,2026-05-31 21:45:36.184123+00:00,1808499,TURKOL OTEL SANTRALİ,7679,2026-05-31T02:00:00+03:00,02:00
40W000001808499Q,TURKOL OTEL SANTRALİ,unknown,2026-05-31 03:00:00+03:00,,0.0,chunk_0026.json,POST /v1/generation/data/dpp-bulk,2026-05-31 21:45:36.184123+00:00,1808499,TURKOL OTEL SANTRALİ,7679,2026-05-31T03:00:00+03:00,03:00
40W000001808499Q,TURKOL OTEL SANTRALİ,unknown,2026-05-31 04:00:00+03:00,,0.0,chunk_0026.json,POST /v1/generation/data/dpp-bulk,2026-05-31 21:45:36.184123+00:00,1808499,TURKOL OTEL SANTRALİ,7679,2026-05-31T04:00:00+03:00,04:00
40W000001808499Q,TURKOL OTEL SANTRALİ,unknown,2026-05-31 05:00:00+03:00,,0.0,chunk_0026.json,POST /v1/generation/data/dpp-bulk,2026-05-31 21:45:36.184123+00:00,1808499,TURKOL OTEL SANTRALİ,7679,2026-05-31T05:00:00+03:00,05:00
40W000001808499Q,TURKOL OTEL SANTRALİ,unknown,2026-05-31 06:00:00+03:00,,0.0,chunk_0026.json,POST /v1/generation/data/dpp-bulk,2026-05-31 21:45:36.184123+00:00,1808499,TURKOL OTEL SANTRALİ,7679,2026-05-31T06:00:00+03:00,06:00
40W000001808499Q,TURKOL OTEL SANTRALİ,unknown,2026-05-31 07:00:00+03:00,,0.0,chunk_0026.json,POST /v1/generation/data/dpp-bulk,2026-05-31 21:45:36.184123+00:00,1808499,TURKOL OTEL SANTRALİ,7679,2026-05-31T07:00:00+03:00,07:00
40W000001808499Q,TURKOL OTEL SANTRALİ,unknown,2026-05-31 08:00:00+03:00,,0.0,chunk_0026.json,POST /v1/generation/data/dpp-bulk,2026-05-31 21:45:36.184123+00:00,1808499,TURKOL OTEL SANTRALİ,7679,2026-05-31T08:00:00+03:00,08:00
40W000001808499Q,TURKOL OTEL SANTRALİ,unknown,2026-05-31 09:00:00+03:00,,0.0,chunk_0026.json,POST /v1/generation/data/dpp-bulk,2026-05-31 21:45:36.184123+00:00,1808499,TURKOL OTEL SANTRALİ,7679,2026-05-31T09:00:00+03:00,09:00
40W000001808499Q,TURKOL OTEL SANTRALİ,unknown,2026-05-31 10:00:00+03:00,,0.0,chunk_0026.json,POST /v1/generation/data/dpp-bulk,2026-05-31 21:45:36.184123+00:00,1808499,TURKOL OTEL SANTRALİ,7679,2026-05-31T10:00:00+03:00,10:00
40W000001808499Q,TURKOL OTEL SANTRALİ,unknown,2026-05-31 11:00:00+03:00,,0.0,chunk_0026.json,POST /v1/generation/data/dpp-bulk,2026-05-31 21:45:36.184123+00:00,1808499,TURKOL OTEL SANTRALİ,7679,2026-05-31T11:00:00+03:00,11:00
40W000001808499Q,TURKOL OTEL SANTRALİ,unknown,2026-05-31 12:00:00+03:00,,0.0,chunk_0026.json,POST /v1/generation/data/dpp-bulk,2026-05-31 21:45:36.184123+00:00,1808499,TURKOL OTEL SANTRALİ,7679,2026-05-31T12:00:00+03:00,12:00
40W000001808499Q,TURKOL OTEL SANTRALİ,unknown,2026-05-31 13:00:00+03:00,,0.0,chunk_0026.json,POST /v1/generation/data/dpp-bulk,2026-05-31 21:45:36.184123+00:00,1808499,TURKOL OTEL SANTRALİ,7679,2026-05-31T13:00:00+03:00,13:00
40W000001808499Q,TURKOL OTEL SANTRALİ,unknown,2026-05-31 14:00:00+03:00,,0.0,chunk_0026.json,POST /v1/generation/data/dpp-bulk,2026-05-31 21:45:36.184123+00:00,1808499,TURKOL OTEL SANTRALİ,7679,2026-05-31T14:00:00+03:00,14:00
40W000001808499Q,TURKOL OTEL SANTRALİ,unknown,2026-05-31 15:00:00+03:00,,0.0,chunk_0026.json,POST /v1/generation/data/dpp-bulk,2026-05-31 21:45:36.184123+00:00,1808499,TURKOL OTEL SANTRALİ,7679,2026-05-31T15:00:00+03:00,15:00
40W000001808499Q,TURKOL OTEL SANTRALİ,unknown,2026-05-31 16:00:00+03:00,,0.0,chunk_0026.json,POST /v1/generation/data/dpp-bulk,2026-05-31 21:45:36.184123+00:00,1808499,TURKOL OTEL SANTRALİ,7679,2026-05-31T16:00:00+03:00,16:00
40W000001808499Q,TURKOL OTEL SANTRALİ,unknown,2026-05-31 17:00:00+03:00,,0.0,chunk_0026.json,POST /v1/generation/data/dpp-bulk,2026-05-31 21:45:36.184123+00:00,1808499,TURKOL OTEL SANTRALİ,7679,2026-05-31T17:00:00+03:00,17:00
40W000001808499Q,TURKOL OTEL SANTRALİ,unknown,2026-05-31 18:00:00+03:00,,0.0,chunk_0026.json,POST /v1/generation/data/dpp-bulk,2026-05-31 21:45:36.184123+00:00,1808499,TURKOL OTEL SANTRALİ,7679,2026-05-31T18:00:00+03:00,18:00
40W000001808499Q,TURKOL OTEL SANTRALİ,unknown,2026-05-31 19:00:00+03:00,,0.0,chunk_0026.json,POST /v1/generation/data/dpp-bulk,2026-05-31 21:45:36.184123+00:00,1808499,TURKOL OTEL SANTRALİ,7679,2026-05-31T19:00:00+03:00,19:00
40W000001808499Q,TURKOL OTEL SANTRALİ,unknown,2026-05-31 20:00:00+03:00,,0.0,chunk_0026.json,POST /v1/generation/data/dpp-bulk,2026-05-31 21:45:36.184123+00:00,1808499,TURKOL OTEL SANTRALİ,7679,2026-05-31T20:00:00+03:00,20:00
40W000001808499Q,TURKOL OTEL SANTRALİ,unknown,2026-05-31 21:00:00+03:00,,0.0,chunk_0026.json,POST /v1/generation/data/dpp-bulk,2026-05-31 21:45:36.184123+00:00,1808499,TURKOL OTEL SANTRALİ,7679,2026-05-31T21:00:00+03:00,21:00
40W000001808499Q,TURKOL OTEL SANTRALİ,unknown,2026-05-31 22:00:00+03:00,,0.0,chunk_0026.json,POST /v1/generation/data/dpp-bulk,2026-05-31 21:45:36.184123+00:00,1808499,TURKOL OTEL SANTRALİ,7679,2026-05-31T22:00:00+03:00,22:00
40W000001808499Q,TURKOL OTEL SANTRALİ,unknown,2026-05-31 23:00:00+03:00,,0.0,chunk_0026.json,POST /v1/generation/data/dpp-bulk,2026-05-31 21:45:36.184123+00:00,1808499,TURKOL OTEL SANTRALİ,7679,2026-05-31T23:00:00+03:00,23:00
40W000001710365E,KANGAL RES,unknown,2026-05-31 00:00:00+03:00,,51.6,chunk_0026.json,POST /v1/generation/data/dpp-bulk,2026-05-31 21:45:36.184123+00:00,1710365,KANGAL RES,7839,2026-05-31T00:00:00+03:00,00:00
40W000001710365E,KANGAL RES,unknown,2026-05-31 01:00:00+03:00,,69.0,chunk_0026.json,POST /v1/generation/data/dpp-bulk,2026-05-31 21:45:36.184123+00:00,1710365,KANGAL RES,7839,2026-05-31T01:00:00+03:00,01:00
40W000001710365E,KANGAL RES,unknown,2026-05-31 02:00:00+03:00,,74.1,chunk_0026.json,POST /v1/generation/data/dpp-bulk,2026-05-31 21:45:36.184123+00:00,1710365,KANGAL RES,7839,2026-05-31T02:00:00+03:00,02:00
40W000001710365E,KANGAL RES,unknown,2026-05-31 03:00:00+03:00,,96.9,chunk_0026.json,POST /v1/generation/data/dpp-bulk,2026-05-31 21:45:36.184123+00:00,1710365,KANGAL RES,7839,2026-05-31T03:00:00+03:00,03:00
40W000001710365E,KANGAL RES,unknown,2026-05-31 04:00:00+03:00,,113.47,chunk_0026.json,POST /v1/generation/data/dpp-bulk,2026-05-31 21:45:36.184123+00:00,1710365,KANGAL RES,7839,2026-05-31T04:00:00+03:00,04:00
40W000001710365E,KANGAL RES,unknown,2026-05-31 05:00:00+03:00,,122.2,chunk_0026.json,POST /v1/generation/data/dpp-bulk,2026-05-31 21:45:36.184123+00:00,1710365,KANGAL RES,7839,2026-05-31T05:00:00+03:00,05:00
40W000001710365E,KANGAL RES,unknown,2026-05-31 06:00:00+03:00,,0.0,chunk_0026.json,POST /v1/generation/data/dpp-bulk,2026-05-31 21:45:36.184123+00:00,1710365,KANGAL RES,7839,2026-05-31T06:00:00+03:00,06:00
40W000001710365E,KANGAL RES,unknown,2026-05-31 07:00:00+03:00,,0.0,chunk_0026.json,POST /v1/generation/data/dpp-bulk,2026-05-31 21:45:36.184123+00:00,1710365,KANGAL RES,7839,2026-05-31T07:00:00+03:00,07:00
40W000001710365E,KANGAL RES,unknown,2026-05-31 08:00:00+03:00,,0.0,chunk_0026.json,POST /v1/generation/data/dpp-bulk,2026-05-31 21:45:36.184123+00:00,1710365,KANGAL RES,7839,2026-05-31T08:00:00+03:00,08:00
40W000001710365E,KANGAL RES,unknown,2026-05-31 09:00:00+03:00,,0.0,chunk_0026.json,POST /v1/generation/data/dpp-bulk,2026-05-31 21:45:36.184123+00:00,1710365,KANGAL RES,7839,2026-05-31T09:00:00+03:00,09:00
40W000001710365E,KANGAL RES,unknown,2026-05-31 10:00:00+03:00,,0.0,chunk_0026.json,POST /v1/generation/data/dpp-bulk,2026-05-31 21:45:36.184123+00:00,1710365,KANGAL RES,7839,2026-05-31T10:00:00+03:00,10:00
40W000001710365E,KANGAL RES,unknown,2026-05-31 11:00:00+03:00,,0.0,chunk_0026.json,POST /v1/generation/data/dpp-bulk,2026-05-31 21:45:36.184123+00:00,1710365,KANGAL RES,7839,2026-05-31T11:00:00+03:00,11:00
40W000001710365E,KANGAL RES,unknown,2026-05-31 12:00:00+03:00,,0.0,chunk_0026.json,POST /v1/generation/data/dpp-bulk,2026-05-31 21:45:36.184123+00:00,1710365,KANGAL RES,7839,2026-05-31T12:00:00+03:00,12:00
40W000001710365E,KANGAL RES,unknown,2026-05-31 13:00:00+03:00,,0.0,chunk_0026.json,POST /v1/generation/data/dpp-bulk,2026-05-31 21:45:36.184123+00:00,1710365,KANGAL RES,7839,2026-05-31T13:00:00+03:00,13:00
40W000001710365E,KANGAL RES,unknown,2026-05-31 14:00:00+03:00,,0.0,chunk_0026.json,POST /v1/generation/data/dpp-bulk,2026-05-31 21:45:36.184123+00:00,1710365,KANGAL RES,7839,2026-05-31T14:00:00+03:00,14:00
40W000001710365E,KANGAL RES,unknown,2026-05-31 15:00:00+03:00,,0.0,chunk_0026.json,POST /v1/generation/data/dpp-bulk,2026-05-31 21:45:36.184123+00:00,1710365,KANGAL RES,7839,2026-05-31T15:00:00+03:00,15:00
40W000001710365E,KANGAL RES,unknown,2026-05-31 16:00:00+03:00,,0.0,chunk_0026.json,POST /v1/generation/data/dpp-bulk,2026-05-31 21:45:36.184123+00:00,1710365,KANGAL RES,7839,2026-05-31T16:00:00+03:00,16:00
40W000001710365E,KANGAL RES,unknown,2026-05-31 17:00:00+03:00,,0.0,chunk_0026.json,POST /v1/generation/data/dpp-bulk,2026-05-31 21:45:36.184123+00:00,1710365,KANGAL RES,7839,2026-05-31T17:00:00+03:00,17:00
40W000001710365E,KANGAL RES,unknown,2026-05-31 18:00:00+03:00,,23.7,chunk_0026.json,POST /v1/generation/data/dpp-bulk,2026-05-31 21:45:36.184123+00:00,1710365,KANGAL RES,7839,2026-05-31T18:00:00+03:00,18:00
40W000001710365E,KANGAL RES,unknown,2026-05-31 19:00:00+03:00,,14.5,chunk_0026.json,POST /v1/generation/data/dpp-bulk,2026-05-31 21:45:36.184123+00:00,1710365,KANGAL RES,7839,2026-05-31T19:00:00+03:00,19:00
40W000001710365E,KANGAL RES,unknown,2026-05-31 20:00:00+03:00,,9.5,chunk_0026.json,POST /v1/generation/data/dpp-bulk,2026-05-31 21:45:36.184123+00:00,1710365,KANGAL RES,7839,2026-05-31T20:00:00+03:00,20:00
40W000001710365E,KANGAL RES,unknown,2026-05-31 21:00:00+03:00,,3.6,chunk_0026.json,POST /v1/generation/data/dpp-bulk,2026-05-31 21:45:36.184123+00:00,1710365,KANGAL RES,7839,2026-05-31T21:00:00+03:00,21:00
40W000001710365E,KANGAL RES,unknown,2026-05-31 22:00:00+03:00,,2.8,chunk_0026.json,POST /v1/generation/data/dpp-bulk,2026-05-31 21:45:36.184123+00:00,1710365,KANGAL RES,7839,2026-05-31T22:00:00+03:00,22:00
40W000001710365E,KANGAL RES,unknown,2026-05-31 23:00:00+03:00,,5.6,chunk_0026.json,POST /v1/generation/data/dpp-bulk,2026-05-31 21:45:36.184123+00:00,1710365,KANGAL RES,7839,2026-05-31T23:00:00+03:00,23:00
40W000001808478Y,GÜRGEN REG. ve HES,unknown,2026-05-31 00:00:00+03:00,,1.5,chunk_0026.json,POST /v1/generation/data/dpp-bulk,2026-05-31 21:45:36.184123+00:00,1808478,GÜRGEN REG. ve HES,7959,2026-05-31T00:00:00+03:00,00:00
40W000001808478Y,GÜRGEN REG. ve HES,unknown,2026-05-31 01:00:00+03:00,,1.5,chunk_0026.json,POST /v1/generation/data/dpp-bulk,2026-05-31 21:45:36.184123+00:00,1808478,GÜRGEN REG. ve HES,7959,2026-05-31T01:00:00+03:00,01:00
40W000001808478Y,GÜRGEN REG. ve HES,unknown,2026-05-31 02:00:00+03:00,,1.5,chunk_0026.json,POST /v1/generation/data/dpp-bulk,2026-05-31 21:45:36.184123+00:00,1808478,GÜRGEN REG. ve HES,7959,2026-05-31T02:00:00+03:00,02:00
40W000001808478Y,GÜRGEN REG. ve HES,unknown,2026-05-31 03:00:00+03:00,,1.5,chunk_0026.json,POST /v1/generation/data/dpp-bulk,2026-05-31 21:45:36.184123+00:00,1808478,GÜRGEN REG. ve HES,7959,2026-05-31T03:00:00+03:00,03:00
40W000001808478Y,GÜRGEN REG. ve HES,unknown,2026-05-31 04:00:00+03:00,,1.5,chunk_0026.json,POST /v1/generation/data/dpp-bulk,2026-05-31 21:45:36.184123+00:00,1808478,GÜRGEN REG. ve HES,7959,2026-05-31T04:00:00+03:00,04:00
40W000001808478Y,GÜRGEN REG. ve HES,unknown,2026-05-31 05:00:00+03:00,,1.5,chunk_0026.json,POST /v1/generation/data/dpp-bulk,2026-05-31 21:45:36.184123+00:00,1808478,GÜRGEN REG. ve HES,7959,2026-05-31T05:00:00+03:00,05:00
40W000001808478Y,GÜRGEN REG. ve HES,unknown,2026-05-31 06:00:00+03:00,,1.5,chunk_0026.json,POST /v1/generation/data/dpp-bulk,2026-05-31 21:45:36.184123+00:00,1808478,GÜRGEN REG. ve HES,7959,2026-05-31T06:00:00+03:00,06:00
40W000001808478Y,GÜRGEN REG. ve HES,unknown,2026-05-31 07:00:00+03:00,,1.5,chunk_0026.json,POST /v1/generation/data/dpp-bulk,2026-05-31 21:45:36.184123+00:00,1808478,GÜRGEN REG. ve HES,7959,2026-05-31T07:00:00+03:00,07:00
40W000001808478Y,GÜRGEN REG. ve HES,unknown,2026-05-31 08:00:00+03:00,,1.5,chunk_0026.json,POST /v1/generation/data/dpp-bulk,2026-05-31 21:45:36.184123+00:00,1808478,GÜRGEN REG. ve HES,7959,2026-05-31T08:00:00+03:00,08:00
40W000001808478Y,GÜRGEN REG. ve HES,unknown,2026-05-31 09:00:00+03:00,,1.5,chunk_0026.json,POST /v1/generation/data/dpp-bulk,2026-05-31 21:45:36.184123+00:00,1808478,GÜRGEN REG. ve HES,7959,2026-05-31T09:00:00+03:00,09:00
40W000001808478Y,GÜRGEN REG. ve HES,unknown,2026-05-31 10:00:00+03:00,,1.5,chunk_0026.json,POST /v1/generation/data/dpp-bulk,2026-05-31 21:45:36.184123+00:00,1808478,GÜRGEN REG. ve HES,7959,2026-05-31T10:00:00+03:00,10:00
40W000001808478Y,GÜRGEN REG. ve HES,unknown,2026-05-31 11:00:00+03:00,,1.5,chunk_0026.json,POST /v1/generation/data/dpp-bulk,2026-05-31 21:45:36.184123+00:00,1808478,GÜRGEN REG. ve HES,7959,2026-05-31T11:00:00+03:00,11:00
40W000001808478Y,GÜRGEN REG. ve HES,unknown,2026-05-31 12:00:00+03:00,,1.5,chunk_0026.json,POST /v1/generation/data/dpp-bulk,2026-05-31 21:45:36.184123+00:00,1808478,GÜRGEN REG. ve HES,7959,2026-05-31T12:00:00+03:00,12:00
40W000001808478Y,GÜRGEN REG. ve HES,unknown,2026-05-31 13:00:00+03:00,,1.5,chunk_0026.json,POST /v1/generation/data/dpp-bulk,2026-05-31 21:45:36.184123+00:00,1808478,GÜRGEN REG. ve HES,7959,2026-05-31T13:00:00+03:00,13:00
40W000001808478Y,GÜRGEN REG. ve HES,unknown,2026-05-31 14:00:00+03:00,,1.5,chunk_0026.json,POST /v1/generation/data/dpp-bulk,2026-05-31 21:45:36.184123+00:00,1808478,GÜRGEN REG. ve HES,7959,2026-05-31T14:00:00+03:00,14:00
40W000001808478Y,GÜRGEN REG. ve HES,unknown,2026-05-31 15:00:00+03:00,,1.5,chunk_0026.json,POST /v1/generation/data/dpp-bulk,2026-05-31 21:45:36.184123+00:00,1808478,GÜRGEN REG. ve HES,7959,2026-05-31T15:00:00+03:00,15:00
40W000001808478Y,GÜRGEN REG. ve HES,unknown,2026-05-31 16:00:00+03:00,,1.5,chunk_0026.json,POST /v1/generation/data/dpp-bulk,2026-05-31 21:45:36.184123+00:00,1808478,GÜRGEN REG. ve HES,7959,2026-05-31T16:00:00+03:00,16:00
40W000001808478Y,GÜRGEN REG. ve HES,unknown,2026-05-31 17:00:00+03:00,,1.5,chunk_0026.json,POST /v1/generation/data/dpp-bulk,2026-05-31 21:45:36.184123+00:00,1808478,GÜRGEN REG. ve HES,7959,2026-05-31T17:00:00+03:00,17:00
40W000001808478Y,GÜRGEN REG. ve HES,unknown,2026-05-31 18:00:00+03:00,,1.5,chunk_0026.json,POST /v1/generation/data/dpp-bulk,2026-05-31 21:45:36.184123+00:00,1808478,GÜRGEN REG. ve HES,7959,2026-05-31T18:00:00+03:00,18:00
40W000001808478Y,GÜRGEN REG. ve HES,unknown,2026-05-31 19:00:00+03:00,,1.5,chunk_0026.json,POST /v1/generation/data/dpp-bulk,2026-05-31 21:45:36.184123+00:00,1808478,GÜRGEN REG. ve HES,7959,2026-05-31T19:00:00+03:00,19:00
40W000001808478Y,GÜRGEN REG. ve HES,unknown,2026-05-31 20:00:00+03:00,,1.5,chunk_0026.json,POST /v1/generation/data/dpp-bulk,2026-05-31 21:45:36.184123+00:00,1808478,GÜRGEN REG. ve HES,7959,2026-05-31T20:00:00+03:00,20:00
40W000001808478Y,GÜRGEN REG. ve HES,unknown,2026-05-31 21:00:00+03:00,,1.5,chunk_0026.json,POST /v1/generation/data/dpp-bulk,2026-05-31 21:45:36.184123+00:00,1808478,GÜRGEN REG. ve HES,7959,2026-05-31T21:00:00+03:00,21:00
40W000001808478Y,GÜRGEN REG. ve HES,unknown,2026-05-31 22:00:00+03:00,,1.5,chunk_0026.json,POST /v1/generation/data/dpp-bulk,2026-05-31 21:45:36.184123+00:00,1808478,GÜRGEN REG. ve HES,7959,2026-05-31T22:00:00+03:00,22:00
40W000001808478Y,GÜRGEN REG. ve HES,unknown,2026-05-31 23:00:00+03:00,,1.5,chunk_0026.json,POST /v1/generation/data/dpp-bulk,2026-05-31 21:45:36.184123+00:00,1808478,GÜRGEN REG. ve HES,7959,2026-05-31T23:00:00+03:00,23:00
40W000001808479W,ALAŞEHİR JES,unknown,2026-05-31 00:00:00+03:00,,9.1,chunk_0026.json,POST /v1/generation/data/dpp-bulk,2026-05-31 21:45:36.184123+00:00,1808479,ALAŞEHİR JES,8001,2026-05-31T00:00:00+03:00,00:00
40W000001808479W,ALAŞEHİR JES,unknown,2026-05-31 01:00:00+03:00,,9.2,chunk_0026.json,POST /v1/generation/data/dpp-bulk,2026-05-31 21:45:36.184123+00:00,1808479,ALAŞEHİR JES,8001,2026-05-31T01:00:00+03:00,01:00
40W000001808479W,ALAŞEHİR JES,unknown,2026-05-31 02:00:00+03:00,,9.4,chunk_0026.json,POST /v1/generation/data/dpp-bulk,2026-05-31 21:45:36.184123+00:00,1808479,ALAŞEHİR JES,8001,2026-05-31T02:00:00+03:00,02:00
40W000001808479W,ALAŞEHİR JES,unknown,2026-05-31 03:00:00+03:00,,9.6,chunk_0026.json,POST /v1/generation/data/dpp-bulk,2026-05-31 21:45:36.184123+00:00,1808479,ALAŞEHİR JES,8001,2026-05-31T03:00:00+03:00,03:00
40W000001808479W,ALAŞEHİR JES,unknown,2026-05-31 04:00:00+03:00,,9.8,chunk_0026.json,POST /v1/generation/data/dpp-bulk,2026-05-31 21:45:36.184123+00:00,1808479,ALAŞEHİR JES,8001,2026-05-31T04:00:00+03:00,04:00
40W000001808479W,ALAŞEHİR JES,unknown,2026-05-31 05:00:00+03:00,,10.2,chunk_0026.json,POST /v1/generation/data/dpp-bulk,2026-05-31 21:45:36.184123+00:00,1808479,ALAŞEHİR JES,8001,2026-05-31T05:00:00+03:00,05:00
40W000001808479W,ALAŞEHİR JES,unknown,2026-05-31 06:00:00+03:00,,10.3,chunk_0026.json,POST /v1/generation/data/dpp-bulk,2026-05-31 21:45:36.184123+00:00,1808479,ALAŞEHİR JES,8001,2026-05-31T06:00:00+03:00,06:00
40W000001808479W,ALAŞEHİR JES,unknown,2026-05-31 07:00:00+03:00,,9.9,chunk_0026.json,POST /v1/generation/data/dpp-bulk,2026-05-31 21:45:36.184123+00:00,1808479,ALAŞEHİR JES,8001,2026-05-31T07:00:00+03:00,07:00
40W000001808479W,ALAŞEHİR JES,unknown,2026-05-31 08:00:00+03:00,,9.4,chunk_0026.json,POST /v1/generation/data/dpp-bulk,2026-05-31 21:45:36.184123+00:00,1808479,ALAŞEHİR JES,8001,2026-05-31T08:00:00+03:00,08:00
40W000001808479W,ALAŞEHİR JES,unknown,2026-05-31 09:00:00+03:00,,9.0,chunk_0026.json,POST /v1/generation/data/dpp-bulk,2026-05-31 21:45:36.184123+00:00,1808479,ALAŞEHİR JES,8001,2026-05-31T09:00:00+03:00,09:00
40W000001808479W,ALAŞEHİR JES,unknown,2026-05-31 10:00:00+03:00,,8.5,chunk_0026.json,POST /v1/generation/data/dpp-bulk,2026-05-31 21:45:36.184123+00:00,1808479,ALAŞEHİR JES,8001,2026-05-31T10:00:00+03:00,10:00
40W000001808479W,ALAŞEHİR JES,unknown,2026-05-31 11:00:00+03:00,,8.1,chunk_0026.json,POST /v1/generation/data/dpp-bulk,2026-05-31 21:45:36.184123+00:00,1808479,ALAŞEHİR JES,8001,2026-05-31T11:00:00+03:00,11:00
40W000001808479W,ALAŞEHİR JES,unknown,2026-05-31 12:00:00+03:00,,7.7,chunk_0026.json,POST /v1/generation/data/dpp-bulk,2026-05-31 21:45:36.184123+00:00,1808479,ALAŞEHİR JES,8001,2026-05-31T12:00:00+03:00,12:00
40W000001808479W,ALAŞEHİR JES,unknown,2026-05-31 13:00:00+03:00,,7.2,chunk_0026.json,POST /v1/generation/data/dpp-bulk,2026-05-31 21:45:36.184123+00:00,1808479,ALAŞEHİR JES,8001,2026-05-31T13:00:00+03:00,13:00
40W000001808479W,ALAŞEHİR JES,unknown,2026-05-31 14:00:00+03:00,,6.7,chunk_0026.json,POST /v1/generation/data/dpp-bulk,2026-05-31 21:45:36.184123+00:00,1808479,ALAŞEHİR JES,8001,2026-05-31T14:00:00+03:00,14:00
40W000001808479W,ALAŞEHİR JES,unknown,2026-05-31 15:00:00+03:00,,6.5,chunk_0026.json,POST /v1/generation/data/dpp-bulk,2026-05-31 21:45:36.184123+00:00,1808479,ALAŞEHİR JES,8001,2026-05-31T15:00:00+03:00,15:00
40W000001808479W,ALAŞEHİR JES,unknown,2026-05-31 16:00:00+03:00,,5.6,chunk_0026.json,POST /v1/generation/data/dpp-bulk,2026-05-31 21:45:36.184123+00:00,1808479,ALAŞEHİR JES,8001,2026-05-31T16:00:00+03:00,16:00
40W000001808479W,ALAŞEHİR JES,unknown,2026-05-31 17:00:00+03:00,,6.5,chunk_0026.json,POST /v1/generation/data/dpp-bulk,2026-05-31 21:45:36.184123+00:00,1808479,ALAŞEHİR JES,8001,2026-05-31T17:00:00+03:00,17:00
40W000001808479W,ALAŞEHİR JES,unknown,2026-05-31 18:00:00+03:00,,6.2,chunk_0026.json,POST /v1/generation/data/dpp-bulk,2026-05-31 21:45:36.184123+00:00,1808479,ALAŞEHİR JES,8001,2026-05-31T18:00:00+03:00,18:00
40W000001808479W,ALAŞEHİR JES,unknown,2026-05-31 19:00:00+03:00,,7.1,chunk_0026.json,POST /v1/generation/data/dpp-bulk,2026-05-31 21:45:36.184123+00:00,1808479,ALAŞEHİR JES,8001,2026-05-31T19:00:00+03:00,19:00
40W000001808479W,ALAŞEHİR JES,unknown,2026-05-31 20:00:00+03:00,,7.3,chunk_0026.json,POST /v1/generation/data/dpp-bulk,2026-05-31 21:45:36.184123+00:00,1808479,ALAŞEHİR JES,8001,2026-05-31T20:00:00+03:00,20:00
40W000001808479W,ALAŞEHİR JES,unknown,2026-05-31 21:00:00+03:00,,7.5,chunk_0026.json,POST /v1/generation/data/dpp-bulk,2026-05-31 21:45:36.184123+00:00,1808479,ALAŞEHİR JES,8001,2026-05-31T21:00:00+03:00,21:00
40W000001808479W,ALAŞEHİR JES,unknown,2026-05-31 22:00:00+03:00,,7.8,chunk_0026.json,POST /v1/generation/data/dpp-bulk,2026-05-31 21:45:36.184123+00:00,1808479,ALAŞEHİR JES,8001,2026-05-31T22:00:00+03:00,22:00
40W000001808479W,ALAŞEHİR JES,unknown,2026-05-31 23:00:00+03:00,,8.1,chunk_0026.json,POST /v1/generation/data/dpp-bulk,2026-05-31 21:45:36.184123+00:00,1808479,ALAŞEHİR JES,8001,2026-05-31T23:00:00+03:00,23:00
40W000001622565Y,KIYIKÖY RES,unknown,2026-05-31 00:00:00+03:00,,38.4,chunk_0026.json,POST /v1/generation/data/dpp-bulk,2026-05-31 21:45:36.184123+00:00,1622565,KIYIKÖY RES,20680,2026-05-31T00:00:00+03:00,00:00
40W000001622565Y,KIYIKÖY RES,unknown,2026-05-31 01:00:00+03:00,,22.1,chunk_0026.json,POST /v1/generation/data/dpp-bulk,2026-05-31 21:45:36.184123+00:00,1622565,KIYIKÖY RES,20680,2026-05-31T01:00:00+03:00,01:00
40W000001622565Y,KIYIKÖY RES,unknown,2026-05-31 02:00:00+03:00,,24.5,chunk_0026.json,POST /v1/generation/data/dpp-bulk,2026-05-31 21:45:36.184123+00:00,1622565,KIYIKÖY RES,20680,2026-05-31T02:00:00+03:00,02:00
40W000001622565Y,KIYIKÖY RES,unknown,2026-05-31 03:00:00+03:00,,23.4,chunk_0026.json,POST /v1/generation/data/dpp-bulk,2026-05-31 21:45:36.184123+00:00,1622565,KIYIKÖY RES,20680,2026-05-31T03:00:00+03:00,03:00
40W000001622565Y,KIYIKÖY RES,unknown,2026-05-31 04:00:00+03:00,,27.0,chunk_0026.json,POST /v1/generation/data/dpp-bulk,2026-05-31 21:45:36.184123+00:00,1622565,KIYIKÖY RES,20680,2026-05-31T04:00:00+03:00,04:00
40W000001622565Y,KIYIKÖY RES,unknown,2026-05-31 05:00:00+03:00,,45.4,chunk_0026.json,POST /v1/generation/data/dpp-bulk,2026-05-31 21:45:36.184123+00:00,1622565,KIYIKÖY RES,20680,2026-05-31T05:00:00+03:00,05:00
40W000001622565Y,KIYIKÖY RES,unknown,2026-05-31 06:00:00+03:00,,10.0,chunk_0026.json,POST /v1/generation/data/dpp-bulk,2026-05-31 21:45:36.184123+00:00,1622565,KIYIKÖY RES,20680,2026-05-31T06:00:00+03:00,06:00
40W000001622565Y,KIYIKÖY RES,unknown,2026-05-31 07:00:00+03:00,,9.5,chunk_0026.json,POST /v1/generation/data/dpp-bulk,2026-05-31 21:45:36.184123+00:00,1622565,KIYIKÖY RES,20680,2026-05-31T07:00:00+03:00,07:00
40W000001622565Y,KIYIKÖY RES,unknown,2026-05-31 08:00:00+03:00,,8.8,chunk_0026.json,POST /v1/generation/data/dpp-bulk,2026-05-31 21:45:36.184123+00:00,1622565,KIYIKÖY RES,20680,2026-05-31T08:00:00+03:00,08:00
40W000001622565Y,KIYIKÖY RES,unknown,2026-05-31 09:00:00+03:00,,8.2,chunk_0026.json,POST /v1/generation/data/dpp-bulk,2026-05-31 21:45:36.184123+00:00,1622565,KIYIKÖY RES,20680,2026-05-31T09:00:00+03:00,09:00
40W000001622565Y,KIYIKÖY RES,unknown,2026-05-31 10:00:00+03:00,,7.9,chunk_0026.json,POST /v1/generation/data/dpp-bulk,2026-05-31 21:45:36.184123+00:00,1622565,KIYIKÖY RES,20680,2026-05-31T10:00:00+03:00,10:00
40W000001622565Y,KIYIKÖY RES,unknown,2026-05-31 11:00:00+03:00,,7.8,chunk_0026.json,POST /v1/generation/data/dpp-bulk,2026-05-31 21:45:36.184123+00:00,1622565,KIYIKÖY RES,20680,2026-05-31T11:00:00+03:00,11:00
40W000001622565Y,KIYIKÖY RES,unknown,2026-05-31 12:00:00+03:00,,7.7,chunk_0026.json,POST /v1/generation/data/dpp-bulk,2026-05-31 21:45:36.184123+00:00,1622565,KIYIKÖY RES,20680,2026-05-31T12:00:00+03:00,12:00
40W000001622565Y,KIYIKÖY RES,unknown,2026-05-31 13:00:00+03:00,,7.7,chunk_0026.json,POST /v1/generation/data/dpp-bulk,2026-05-31 21:45:36.184123+00:00,1622565,KIYIKÖY RES,20680,2026-05-31T13:00:00+03:00,13:00
40W000001622565Y,KIYIKÖY RES,unknown,2026-05-31 14:00:00+03:00,,7.7,chunk_0026.json,POST /v1/generation/data/dpp-bulk,2026-05-31 21:45:36.184123+00:00,1622565,KIYIKÖY RES,20680,2026-05-31T14:00:00+03:00,14:00
40W000001622565Y,KIYIKÖY RES,unknown,2026-05-31 15:00:00+03:00,,7.9,chunk_0026.json,POST /v1/generation/data/dpp-bulk,2026-05-31 21:45:36.184123+00:00,1622565,KIYIKÖY RES,20680,2026-05-31T15:00:00+03:00,15:00
40W000001622565Y,KIYIKÖY RES,unknown,2026-05-31 16:00:00+03:00,,8.5,chunk_0026.json,POST /v1/generation/data/dpp-bulk,2026-05-31 21:45:36.184123+00:00,1622565,KIYIKÖY RES,20680,2026-05-31T16:00:00+03:00,16:00
40W000001622565Y,KIYIKÖY RES,unknown,2026-05-31 17:00:00+03:00,,10.0,chunk_0026.json,POST /v1/generation/data/dpp-bulk,2026-05-31 21:45:36.184123+00:00,1622565,KIYIKÖY RES,20680,2026-05-31T17:00:00+03:00,17:00
40W000001622565Y,KIYIKÖY RES,unknown,2026-05-31 18:00:00+03:00,,10.0,chunk_0026.json,POST /v1/generation/data/dpp-bulk,2026-05-31 21:45:36.184123+00:00,1622565,KIYIKÖY RES,20680,2026-05-31T18:00:00+03:00,18:00
40W000001622565Y,KIYIKÖY RES,unknown,2026-05-31 19:00:00+03:00,,27.8,chunk_0026.json,POST /v1/generation/data/dpp-bulk,2026-05-31 21:45:36.184123+00:00,1622565,KIYIKÖY RES,20680,2026-05-31T19:00:00+03:00,19:00
40W000001622565Y,KIYIKÖY RES,unknown,2026-05-31 20:00:00+03:00,,26.9,chunk_0026.json,POST /v1/generation/data/dpp-bulk,2026-05-31 21:45:36.184123+00:00,1622565,KIYIKÖY RES,20680,2026-05-31T20:00:00+03:00,20:00
40W000001622565Y,KIYIKÖY RES,unknown,2026-05-31 21:00:00+03:00,,29.2,chunk_0026.json,POST /v1/generation/data/dpp-bulk,2026-05-31 21:45:36.184123+00:00,1622565,KIYIKÖY RES,20680,2026-05-31T21:00:00+03:00,21:00
40W000001622565Y,KIYIKÖY RES,unknown,2026-05-31 22:00:00+03:00,,32.4,chunk_0026.json,POST /v1/generation/data/dpp-bulk,2026-05-31 21:45:36.184123+00:00,1622565,KIYIKÖY RES,20680,2026-05-31T22:00:00+03:00,22:00
40W000001622565Y,KIYIKÖY RES,unknown,2026-05-31 23:00:00+03:00,,41.6,chunk_0026.json,POST /v1/generation/data/dpp-bulk,2026-05-31 21:45:36.184123+00:00,1622565,KIYIKÖY RES,20680,2026-05-31T23:00:00+03:00,23:00
40W000001622559T,GENERAL REGÜLATÖRÜ,unknown,2026-05-31 00:00:00+03:00,,5.9,chunk_0026.json,POST /v1/generation/data/dpp-bulk,2026-05-31 21:45:36.184123+00:00,1622559,GENERAL REGÜLATÖRÜ,103060,2026-05-31T00:00:00+03:00,00:00
40W000001622559T,GENERAL REGÜLATÖRÜ,unknown,2026-05-31 01:00:00+03:00,,5.9,chunk_0026.json,POST /v1/generation/data/dpp-bulk,2026-05-31 21:45:36.184123+00:00,1622559,GENERAL REGÜLATÖRÜ,103060,2026-05-31T01:00:00+03:00,01:00
40W000001622559T,GENERAL REGÜLATÖRÜ,unknown,2026-05-31 02:00:00+03:00,,5.9,chunk_0026.json,POST /v1/generation/data/dpp-bulk,2026-05-31 21:45:36.184123+00:00,1622559,GENERAL REGÜLATÖRÜ,103060,2026-05-31T02:00:00+03:00,02:00
40W000001622559T,GENERAL REGÜLATÖRÜ,unknown,2026-05-31 03:00:00+03:00,,5.9,chunk_0026.json,POST /v1/generation/data/dpp-bulk,2026-05-31 21:45:36.184123+00:00,1622559,GENERAL REGÜLATÖRÜ,103060,2026-05-31T03:00:00+03:00,03:00
40W000001622559T,GENERAL REGÜLATÖRÜ,unknown,2026-05-31 04:00:00+03:00,,0.0,chunk_0026.json,POST /v1/generation/data/dpp-bulk,2026-05-31 21:45:36.184123+00:00,1622559,GENERAL REGÜLATÖRÜ,103060,2026-05-31T04:00:00+03:00,04:00
40W000001622559T,GENERAL REGÜLATÖRÜ,unknown,2026-05-31 05:00:00+03:00,,0.0,chunk_0026.json,POST /v1/generation/data/dpp-bulk,2026-05-31 21:45:36.184123+00:00,1622559,GENERAL REGÜLATÖRÜ,103060,2026-05-31T05:00:00+03:00,05:00
40W000001622559T,GENERAL REGÜLATÖRÜ,unknown,2026-05-31 06:00:00+03:00,,0.0,chunk_0026.json,POST /v1/generation/data/dpp-bulk,2026-05-31 21:45:36.184123+00:00,1622559,GENERAL REGÜLATÖRÜ,103060,2026-05-31T06:00:00+03:00,06:00
40W000001622559T,GENERAL REGÜLATÖRÜ,unknown,2026-05-31 07:00:00+03:00,,0.0,chunk_0026.json,POST /v1/generation/data/dpp-bulk,2026-05-31 21:45:36.184123+00:00,1622559,GENERAL REGÜLATÖRÜ,103060,2026-05-31T07:00:00+03:00,07:00
40W000001622559T,GENERAL REGÜLATÖRÜ,unknown,2026-05-31 08:00:00+03:00,,0.0,chunk_0026.json,POST /v1/generation/data/dpp-bulk,2026-05-31 21:45:36.184123+00:00,1622559,GENERAL REGÜLATÖRÜ,103060,2026-05-31T08:00:00+03:00,08:00
40W000001622559T,GENERAL REGÜLATÖRÜ,unknown,2026-05-31 09:00:00+03:00,,0.0,chunk_0026.json,POST /v1/generation/data/dpp-bulk,2026-05-31 21:45:36.184123+00:00,1622559,GENERAL REGÜLATÖRÜ,103060,2026-05-31T09:00:00+03:00,09:00
40W000001622559T,GENERAL REGÜLATÖRÜ,unknown,2026-05-31 10:00:00+03:00,,0.0,chunk_0026.json,POST /v1/generation/data/dpp-bulk,2026-05-31 21:45:36.184123+00:00,1622559,GENERAL REGÜLATÖRÜ,103060,2026-05-31T10:00:00+03:00,10:00
40W000001622559T,GENERAL REGÜLATÖRÜ,unknown,2026-05-31 11:00:00+03:00,,0.0,chunk_0026.json,POST /v1/generation/data/dpp-bulk,2026-05-31 21:45:36.184123+00:00,1622559,GENERAL REGÜLATÖRÜ,103060,2026-05-31T11:00:00+03:00,11:00
40W000001622559T,GENERAL REGÜLATÖRÜ,unknown,2026-05-31 12:00:00+03:00,,0.0,chunk_0026.json,POST /v1/generation/data/dpp-bulk,2026-05-31 21:45:36.184123+00:00,1622559,GENERAL REGÜLATÖRÜ,103060,2026-05-31T12:00:00+03:00,12:00
40W000001622559T,GENERAL REGÜLATÖRÜ,unknown,2026-05-31 13:00:00+03:00,,0.0,chunk_0026.json,POST /v1/generation/data/dpp-bulk,2026-05-31 21:45:36.184123+00:00,1622559,GENERAL REGÜLATÖRÜ,103060,2026-05-31T13:00:00+03:00,13:00
40W000001622559T,GENERAL REGÜLATÖRÜ,unknown,2026-05-31 14:00:00+03:00,,0.0,chunk_0026.json,POST /v1/generation/data/dpp-bulk,2026-05-31 21:45:36.184123+00:00,1622559,GENERAL REGÜLATÖRÜ,103060,2026-05-31T14:00:00+03:00,14:00
40W000001622559T,GENERAL REGÜLATÖRÜ,unknown,2026-05-31 15:00:00+03:00,,0.0,chunk_0026.json,POST /v1/generation/data/dpp-bulk,2026-05-31 21:45:36.184123+00:00,1622559,GENERAL REGÜLATÖRÜ,103060,2026-05-31T15:00:00+03:00,15:00
40W000001622559T,GENERAL REGÜLATÖRÜ,unknown,2026-05-31 16:00:00+03:00,,0.0,chunk_0026.json,POST /v1/generation/data/dpp-bulk,2026-05-31 21:45:36.184123+00:00,1622559,GENERAL REGÜLATÖRÜ,103060,2026-05-31T16:00:00+03:00,16:00
40W000001622559T,GENERAL REGÜLATÖRÜ,unknown,2026-05-31 17:00:00+03:00,,0.0,chunk_0026.json,POST /v1/generation/data/dpp-bulk,2026-05-31 21:45:36.184123+00:00,1622559,GENERAL REGÜLATÖRÜ,103060,2026-05-31T17:00:00+03:00,17:00
40W000001622559T,GENERAL REGÜLATÖRÜ,unknown,2026-05-31 18:00:00+03:00,,0.0,chunk_0026.json,POST /v1/generation/data/dpp-bulk,2026-05-31 21:45:36.184123+00:00,1622559,GENERAL REGÜLATÖRÜ,103060,2026-05-31T18:00:00+03:00,18:00
40W000001622559T,GENERAL REGÜLATÖRÜ,unknown,2026-05-31 19:00:00+03:00,,5.9,chunk_0026.json,POST /v1/generation/data/dpp-bulk,2026-05-31 21:45:36.184123+00:00,1622559,GENERAL REGÜLATÖRÜ,103060,2026-05-31T19:00:00+03:00,19:00
40W000001622559T,GENERAL REGÜLATÖRÜ,unknown,2026-05-31 20:00:00+03:00,,5.9,chunk_0026.json,POST /v1/generation/data/dpp-bulk,2026-05-31 21:45:36.184123+00:00,1622559,GENERAL REGÜLATÖRÜ,103060,2026-05-31T20:00:00+03:00,20:00
40W000001622559T,GENERAL REGÜLATÖRÜ,unknown,2026-05-31 21:00:00+03:00,,5.9,chunk_0026.json,POST /v1/generation/data/dpp-bulk,2026-05-31 21:45:36.184123+00:00,1622559,GENERAL REGÜLATÖRÜ,103060,2026-05-31T21:00:00+03:00,21:00
40W000001622559T,GENERAL REGÜLATÖRÜ,unknown,2026-05-31 22:00:00+03:00,,5.9,chunk_0026.json,POST /v1/generation/data/dpp-bulk,2026-05-31 21:45:36.184123+00:00,1622559,GENERAL REGÜLATÖRÜ,103060,2026-05-31T22:00:00+03:00,22:00
40W000001622559T,GENERAL REGÜLATÖRÜ,unknown,2026-05-31 23:00:00+03:00,,5.9,chunk_0026.json,POST /v1/generation/data/dpp-bulk,2026-05-31 21:45:36.184123+00:00,1622559,GENERAL REGÜLATÖRÜ,103060,2026-05-31T23:00:00+03:00,23:00
40W0000016317315,AKDERE HES,unknown,2026-05-31 00:00:00+03:00,,0.0,chunk_0026.json,POST /v1/generation/data/dpp-bulk,2026-05-31 21:45:36.184123+00:00,1631731,AKDERE HES,103402,2026-05-31T00:00:00+03:00,00:00
40W0000016317315,AKDERE HES,unknown,2026-05-31 01:00:00+03:00,,0.0,chunk_0026.json,POST /v1/generation/data/dpp-bulk,2026-05-31 21:45:36.184123+00:00,1631731,AKDERE HES,103402,2026-05-31T01:00:00+03:00,01:00
40W0000016317315,AKDERE HES,unknown,2026-05-31 02:00:00+03:00,,0.0,chunk_0026.json,POST /v1/generation/data/dpp-bulk,2026-05-31 21:45:36.184123+00:00,1631731,AKDERE HES,103402,2026-05-31T02:00:00+03:00,02:00
40W0000016317315,AKDERE HES,unknown,2026-05-31 03:00:00+03:00,,0.0,chunk_0026.json,POST /v1/generation/data/dpp-bulk,2026-05-31 21:45:36.184123+00:00,1631731,AKDERE HES,103402,2026-05-31T03:00:00+03:00,03:00
40W0000016317315,AKDERE HES,unknown,2026-05-31 04:00:00+03:00,,0.0,chunk_0026.json,POST /v1/generation/data/dpp-bulk,2026-05-31 21:45:36.184123+00:00,1631731,AKDERE HES,103402,2026-05-31T04:00:00+03:00,04:00
40W0000016317315,AKDERE HES,unknown,2026-05-31 05:00:00+03:00,,0.0,chunk_0026.json,POST /v1/generation/data/dpp-bulk,2026-05-31 21:45:36.184123+00:00,1631731,AKDERE HES,103402,2026-05-31T05:00:00+03:00,05:00
40W0000016317315,AKDERE HES,unknown,2026-05-31 06:00:00+03:00,,0.0,chunk_0026.json,POST /v1/generation/data/dpp-bulk,2026-05-31 21:45:36.184123+00:00,1631731,AKDERE HES,103402,2026-05-31T06:00:00+03:00,06:00
40W0000016317315,AKDERE HES,unknown,2026-05-31 07:00:00+03:00,,0.0,chunk_0026.json,POST /v1/generation/data/dpp-bulk,2026-05-31 21:45:36.184123+00:00,1631731,AKDERE HES,103402,2026-05-31T07:00:00+03:00,07:00
40W0000016317315,AKDERE HES,unknown,2026-05-31 08:00:00+03:00,,0.0,chunk_0026.json,POST /v1/generation/data/dpp-bulk,2026-05-31 21:45:36.184123+00:00,1631731,AKDERE HES,103402,2026-05-31T08:00:00+03:00,08:00
40W0000016317315,AKDERE HES,unknown,2026-05-31 09:00:00+03:00,,0.0,chunk_0026.json,POST /v1/generation/data/dpp-bulk,2026-05-31 21:45:36.184123+00:00,1631731,AKDERE HES,103402,2026-05-31T09:00:00+03:00,09:00
40W0000016317315,AKDERE HES,unknown,2026-05-31 10:00:00+03:00,,0.0,chunk_0026.json,POST /v1/generation/data/dpp-bulk,2026-05-31 21:45:36.184123+00:00,1631731,AKDERE HES,103402,2026-05-31T10:00:00+03:00,10:00
40W0000016317315,AKDERE HES,unknown,2026-05-31 11:00:00+03:00,,0.0,chunk_0026.json,POST /v1/generation/data/dpp-bulk,2026-05-31 21:45:36.184123+00:00,1631731,AKDERE HES,103402,2026-05-31T11:00:00+03:00,11:00
40W0000016317315,AKDERE HES,unknown,2026-05-31 12:00:00+03:00,,0.0,chunk_0026.json,POST /v1/generation/data/dpp-bulk,2026-05-31 21:45:36.184123+00:00,1631731,AKDERE HES,103402,2026-05-31T12:00:00+03:00,12:00
40W0000016317315,AKDERE HES,unknown,2026-05-31 13:00:00+03:00,,0.0,chunk_0026.json,POST /v1/generation/data/dpp-bulk,2026-05-31 21:45:36.184123+00:00,1631731,AKDERE HES,103402,2026-05-31T13:00:00+03:00,13:00
40W0000016317315,AKDERE HES,unknown,2026-05-31 14:00:00+03:00,,0.0,chunk_0026.json,POST /v1/generation/data/dpp-bulk,2026-05-31 21:45:36.184123+00:00,1631731,AKDERE HES,103402,2026-05-31T14:00:00+03:00,14:00
40W0000016317315,AKDERE HES,unknown,2026-05-31 15:00:00+03:00,,0.0,chunk_0026.json,POST /v1/generation/data/dpp-bulk,2026-05-31 21:45:36.184123+00:00,1631731,AKDERE HES,103402,2026-05-31T15:00:00+03:00,15:00
40W0000016317315,AKDERE HES,unknown,2026-05-31 16:00:00+03:00,,0.0,chunk_0026.json,POST /v1/generation/data/dpp-bulk,2026-05-31 21:45:36.184123+00:00,1631731,AKDERE HES,103402,2026-05-31T16:00:00+03:00,16:00
40W0000016317315,AKDERE HES,unknown,2026-05-31 17:00:00+03:00,,0.0,chunk_0026.json,POST /v1/generation/data/dpp-bulk,2026-05-31 21:45:36.184123+00:00,1631731,AKDERE HES,103402,2026-05-31T17:00:00+03:00,17:00
40W0000016317315,AKDERE HES,unknown,2026-05-31 18:00:00+03:00,,0.0,chunk_0026.json,POST /v1/generation/data/dpp-bulk,2026-05-31 21:45:36.184123+00:00,1631731,AKDERE HES,103402,2026-05-31T18:00:00+03:00,18:00
40W0000016317315,AKDERE HES,unknown,2026-05-31 19:00:00+03:00,,7.1,chunk_0026.json,POST /v1/generation/data/dpp-bulk,2026-05-31 21:45:36.184123+00:00,1631731,AKDERE HES,103402,2026-05-31T19:00:00+03:00,19:00
40W0000016317315,AKDERE HES,unknown,2026-05-31 20:00:00+03:00,,7.1,chunk_0026.json,POST /v1/generation/data/dpp-bulk,2026-05-31 21:45:36.184123+00:00,1631731,AKDERE HES,103402,2026-05-31T20:00:00+03:00,20:00
40W0000016317315,AKDERE HES,unknown,2026-05-31 21:00:00+03:00,,7.1,chunk_0026.json,POST /v1/generation/data/dpp-bulk,2026-05-31 21:45:36.184123+00:00,1631731,AKDERE HES,103402,2026-05-31T21:00:00+03:00,21:00
40W0000016317315,AKDERE HES,unknown,2026-05-31 22:00:00+03:00,,7.1,chunk_0026.json,POST /v1/generation/data/dpp-bulk,2026-05-31 21:45:36.184123+00:00,1631731,AKDERE HES,103402,2026-05-31T22:00:00+03:00,22:00
40W0000016317315,AKDERE HES,unknown,2026-05-31 23:00:00+03:00,,7.1,chunk_0026.json,POST /v1/generation/data/dpp-bulk,2026-05-31 21:45:36.184123+00:00,1631731,AKDERE HES,103402,2026-05-31T23:00:00+03:00,23:00
40W000001808498S,ZEKERE HES,unknown,2026-05-31 00:00:00+03:00,,2.0,chunk_0026.json,POST /v1/generation/data/dpp-bulk,2026-05-31 21:45:36.184123+00:00,1808498,ZEKERE HES,103402,2026-05-31T00:00:00+03:00,00:00
40W000001808498S,ZEKERE HES,unknown,2026-05-31 01:00:00+03:00,,2.0,chunk_0026.json,POST /v1/generation/data/dpp-bulk,2026-05-31 21:45:36.184123+00:00,1808498,ZEKERE HES,103402,2026-05-31T01:00:00+03:00,01:00
40W000001808498S,ZEKERE HES,unknown,2026-05-31 02:00:00+03:00,,2.0,chunk_0026.json,POST /v1/generation/data/dpp-bulk,2026-05-31 21:45:36.184123+00:00,1808498,ZEKERE HES,103402,2026-05-31T02:00:00+03:00,02:00
40W000001808498S,ZEKERE HES,unknown,2026-05-31 03:00:00+03:00,,2.0,chunk_0026.json,POST /v1/generation/data/dpp-bulk,2026-05-31 21:45:36.184123+00:00,1808498,ZEKERE HES,103402,2026-05-31T03:00:00+03:00,03:00
40W000001808498S,ZEKERE HES,unknown,2026-05-31 04:00:00+03:00,,2.0,chunk_0026.json,POST /v1/generation/data/dpp-bulk,2026-05-31 21:45:36.184123+00:00,1808498,ZEKERE HES,103402,2026-05-31T04:00:00+03:00,04:00
40W000001808498S,ZEKERE HES,unknown,2026-05-31 05:00:00+03:00,,2.0,chunk_0026.json,POST /v1/generation/data/dpp-bulk,2026-05-31 21:45:36.184123+00:00,1808498,ZEKERE HES,103402,2026-05-31T05:00:00+03:00,05:00
40W000001808498S,ZEKERE HES,unknown,2026-05-31 06:00:00+03:00,,1.5,chunk_0026.json,POST /v1/generation/data/dpp-bulk,2026-05-31 21:45:36.184123+00:00,1808498,ZEKERE HES,103402,2026-05-31T06:00:00+03:00,06:00
40W000001808498S,ZEKERE HES,unknown,2026-05-31 07:00:00+03:00,,1.5,chunk_0026.json,POST /v1/generation/data/dpp-bulk,2026-05-31 21:45:36.184123+00:00,1808498,ZEKERE HES,103402,2026-05-31T07:00:00+03:00,07:00
40W000001808498S,ZEKERE HES,unknown,2026-05-31 08:00:00+03:00,,1.5,chunk_0026.json,POST /v1/generation/data/dpp-bulk,2026-05-31 21:45:36.184123+00:00,1808498,ZEKERE HES,103402,2026-05-31T08:00:00+03:00,08:00
40W000001808498S,ZEKERE HES,unknown,2026-05-31 09:00:00+03:00,,1.5,chunk_0026.json,POST /v1/generation/data/dpp-bulk,2026-05-31 21:45:36.184123+00:00,1808498,ZEKERE HES,103402,2026-05-31T09:00:00+03:00,09:00
40W000001808498S,ZEKERE HES,unknown,2026-05-31 10:00:00+03:00,,1.5,chunk_0026.json,POST /v1/generation/data/dpp-bulk,2026-05-31 21:45:36.184123+00:00,1808498,ZEKERE HES,103402,2026-05-31T10:00:00+03:00,10:00
40W000001808498S,ZEKERE HES,unknown,2026-05-31 11:00:00+03:00,,1.5,chunk_0026.json,POST /v1/generation/data/dpp-bulk,2026-05-31 21:45:36.184123+00:00,1808498,ZEKERE HES,103402,2026-05-31T11:00:00+03:00,11:00
40W000001808498S,ZEKERE HES,unknown,2026-05-31 12:00:00+03:00,,1.2,chunk_0026.json,POST /v1/generation/data/dpp-bulk,2026-05-31 21:45:36.184123+00:00,1808498,ZEKERE HES,103402,2026-05-31T12:00:00+03:00,12:00
40W000001808498S,ZEKERE HES,unknown,2026-05-31 13:00:00+03:00,,1.2,chunk_0026.json,POST /v1/generation/data/dpp-bulk,2026-05-31 21:45:36.184123+00:00,1808498,ZEKERE HES,103402,2026-05-31T13:00:00+03:00,13:00
40W000001808498S,ZEKERE HES,unknown,2026-05-31 14:00:00+03:00,,1.2,chunk_0026.json,POST /v1/generation/data/dpp-bulk,2026-05-31 21:45:36.184123+00:00,1808498,ZEKERE HES,103402,2026-05-31T14:00:00+03:00,14:00
40W000001808498S,ZEKERE HES,unknown,2026-05-31 15:00:00+03:00,,1.2,chunk_0026.json,POST /v1/generation/data/dpp-bulk,2026-05-31 21:45:36.184123+00:00,1808498,ZEKERE HES,103402,2026-05-31T15:00:00+03:00,15:00
40W000001808498S,ZEKERE HES,unknown,2026-05-31 16:00:00+03:00,,1.7,chunk_0026.json,POST /v1/generation/data/dpp-bulk,2026-05-31 21:45:36.184123+00:00,1808498,ZEKERE HES,103402,2026-05-31T16:00:00+03:00,16:00
40W000001808498S,ZEKERE HES,unknown,2026-05-31 17:00:00+03:00,,1.2,chunk_0026.json,POST /v1/generation/data/dpp-bulk,2026-05-31 21:45:36.184123+00:00,1808498,ZEKERE HES,103402,2026-05-31T17:00:00+03:00,17:00
40W000001808498S,ZEKERE HES,unknown,2026-05-31 18:00:00+03:00,,1.0,chunk_0026.json,POST /v1/generation/data/dpp-bulk,2026-05-31 21:45:36.184123+00:00,1808498,ZEKERE HES,103402,2026-05-31T18:00:00+03:00,18:00
40W000001808498S,ZEKERE HES,unknown,2026-05-31 19:00:00+03:00,,1.0,chunk_0026.json,POST /v1/generation/data/dpp-bulk,2026-05-31 21:45:36.184123+00:00,1808498,ZEKERE HES,103402,2026-05-31T19:00:00+03:00,19:00
40W000001808498S,ZEKERE HES,unknown,2026-05-31 20:00:00+03:00,,1.0,chunk_0026.json,POST /v1/generation/data/dpp-bulk,2026-05-31 21:45:36.184123+00:00,1808498,ZEKERE HES,103402,2026-05-31T20:00:00+03:00,20:00
40W000001808498S,ZEKERE HES,unknown,2026-05-31 21:00:00+03:00,,1.0,chunk_0026.json,POST /v1/generation/data/dpp-bulk,2026-05-31 21:45:36.184123+00:00,1808498,ZEKERE HES,103402,2026-05-31T21:00:00+03:00,21:00
40W000001808498S,ZEKERE HES,unknown,2026-05-31 22:00:00+03:00,,1.0,chunk_0026.json,POST /v1/generation/data/dpp-bulk,2026-05-31 21:45:36.184123+00:00,1808498,ZEKERE HES,103402,2026-05-31T22:00:00+03:00,22:00
40W000001808498S,ZEKERE HES,unknown,2026-05-31 23:00:00+03:00,,1.0,chunk_0026.json,POST /v1/generation/data/dpp-bulk,2026-05-31 21:45:36.184123+00:00,1808498,ZEKERE HES,103402,2026-05-31T23:00:00+03:00,23:00
40W0000015423642,SARAY HES,unknown,2026-05-31 00:00:00+03:00,,12.5,chunk_0026.json,POST /v1/generation/data/dpp-bulk,2026-05-31 21:45:36.184123+00:00,1542364,SARAY HES,103420,2026-05-31T00:00:00+03:00,00:00
40W0000015423642,SARAY HES,unknown,2026-05-31 01:00:00+03:00,,12.5,chunk_0026.json,POST /v1/generation/data/dpp-bulk,2026-05-31 21:45:36.184123+00:00,1542364,SARAY HES,103420,2026-05-31T01:00:00+03:00,01:00
40W0000015423642,SARAY HES,unknown,2026-05-31 02:00:00+03:00,,0.0,chunk_0026.json,POST /v1/generation/data/dpp-bulk,2026-05-31 21:45:36.184123+00:00,1542364,SARAY HES,103420,2026-05-31T02:00:00+03:00,02:00
40W0000015423642,SARAY HES,unknown,2026-05-31 03:00:00+03:00,,0.0,chunk_0026.json,POST /v1/generation/data/dpp-bulk,2026-05-31 21:45:36.184123+00:00,1542364,SARAY HES,103420,2026-05-31T03:00:00+03:00,03:00
40W0000015423642,SARAY HES,unknown,2026-05-31 04:00:00+03:00,,0.0,chunk_0026.json,POST /v1/generation/data/dpp-bulk,2026-05-31 21:45:36.184123+00:00,1542364,SARAY HES,103420,2026-05-31T04:00:00+03:00,04:00
40W0000015423642,SARAY HES,unknown,2026-05-31 05:00:00+03:00,,0.0,chunk_0026.json,POST /v1/generation/data/dpp-bulk,2026-05-31 21:45:36.184123+00:00,1542364,SARAY HES,103420,2026-05-31T05:00:00+03:00,05:00
40W0000015423642,SARAY HES,unknown,2026-05-31 06:00:00+03:00,,0.0,chunk_0026.json,POST /v1/generation/data/dpp-bulk,2026-05-31 21:45:36.184123+00:00,1542364,SARAY HES,103420,2026-05-31T06:00:00+03:00,06:00
40W0000015423642,SARAY HES,unknown,2026-05-31 07:00:00+03:00,,0.0,chunk_0026.json,POST /v1/generation/data/dpp-bulk,2026-05-31 21:45:36.184123+00:00,1542364,SARAY HES,103420,2026-05-31T07:00:00+03:00,07:00
40W0000015423642,SARAY HES,unknown,2026-05-31 08:00:00+03:00,,0.0,chunk_0026.json,POST /v1/generation/data/dpp-bulk,2026-05-31 21:45:36.184123+00:00,1542364,SARAY HES,103420,2026-05-31T08:00:00+03:00,08:00
40W0000015423642,SARAY HES,unknown,2026-05-31 09:00:00+03:00,,0.0,chunk_0026.json,POST /v1/generation/data/dpp-bulk,2026-05-31 21:45:36.184123+00:00,1542364,SARAY HES,103420,2026-05-31T09:00:00+03:00,09:00
40W0000015423642,SARAY HES,unknown,2026-05-31 10:00:00+03:00,,0.0,chunk_0026.json,POST /v1/generation/data/dpp-bulk,2026-05-31 21:45:36.184123+00:00,1542364,SARAY HES,103420,2026-05-31T10:00:00+03:00,10:00
40W0000015423642,SARAY HES,unknown,2026-05-31 11:00:00+03:00,,0.0,chunk_0026.json,POST /v1/generation/data/dpp-bulk,2026-05-31 21:45:36.184123+00:00,1542364,SARAY HES,103420,2026-05-31T11:00:00+03:00,11:00
40W0000015423642,SARAY HES,unknown,2026-05-31 12:00:00+03:00,,0.0,chunk_0026.json,POST /v1/generation/data/dpp-bulk,2026-05-31 21:45:36.184123+00:00,1542364,SARAY HES,103420,2026-05-31T12:00:00+03:00,12:00
40W0000015423642,SARAY HES,unknown,2026-05-31 13:00:00+03:00,,0.0,chunk_0026.json,POST /v1/generation/data/dpp-bulk,2026-05-31 21:45:36.184123+00:00,1542364,SARAY HES,103420,2026-05-31T13:00:00+03:00,13:00
40W0000015423642,SARAY HES,unknown,2026-05-31 14:00:00+03:00,,0.0,chunk_0026.json,POST /v1/generation/data/dpp-bulk,2026-05-31 21:45:36.184123+00:00,1542364,SARAY HES,103420,2026-05-31T14:00:00+03:00,14:00
40W0000015423642,SARAY HES,unknown,2026-05-31 15:00:00+03:00,,0.0,chunk_0026.json,POST /v1/generation/data/dpp-bulk,2026-05-31 21:45:36.184123+00:00,1542364,SARAY HES,103420,2026-05-31T15:00:00+03:00,15:00
40W0000015423642,SARAY HES,unknown,2026-05-31 16:00:00+03:00,,0.0,chunk_0026.json,POST /v1/generation/data/dpp-bulk,2026-05-31 21:45:36.184123+00:00,1542364,SARAY HES,103420,2026-05-31T16:00:00+03:00,16:00
40W0000015423642,SARAY HES,unknown,2026-05-31 17:00:00+03:00,,0.0,chunk_0026.json,POST /v1/generation/data/dpp-bulk,2026-05-31 21:45:36.184123+00:00,1542364,SARAY HES,103420,2026-05-31T17:00:00+03:00,17:00
40W0000015423642,SARAY HES,unknown,2026-05-31 18:00:00+03:00,,0.0,chunk_0026.json,POST /v1/generation/data/dpp-bulk,2026-05-31 21:45:36.184123+00:00,1542364,SARAY HES,103420,2026-05-31T18:00:00+03:00,18:00
40W0000015423642,SARAY HES,unknown,2026-05-31 19:00:00+03:00,,12.5,chunk_0026.json,POST /v1/generation/data/dpp-bulk,2026-05-31 21:45:36.184123+00:00,1542364,SARAY HES,103420,2026-05-31T19:00:00+03:00,19:00
40W0000015423642,SARAY HES,unknown,2026-05-31 20:00:00+03:00,,12.5,chunk_0026.json,POST /v1/generation/data/dpp-bulk,2026-05-31 21:45:36.184123+00:00,1542364,SARAY HES,103420,2026-05-31T20:00:00+03:00,20:00
40W0000015423642,SARAY HES,unknown,2026-05-31 21:00:00+03:00,,12.5,chunk_0026.json,POST /v1/generation/data/dpp-bulk,2026-05-31 21:45:36.184123+00:00,1542364,SARAY HES,103420,2026-05-31T21:00:00+03:00,21:00
40W0000015423642,SARAY HES,unknown,2026-05-31 22:00:00+03:00,,12.5,chunk_0026.json,POST /v1/generation/data/dpp-bulk,2026-05-31 21:45:36.184123+00:00,1542364,SARAY HES,103420,2026-05-31T22:00:00+03:00,22:00
40W0000015423642,SARAY HES,unknown,2026-05-31 23:00:00+03:00,,12.5,chunk_0026.json,POST /v1/generation/data/dpp-bulk,2026-05-31 21:45:36.184123+00:00,1542364,SARAY HES,103420,2026-05-31T23:00:00+03:00,23:00
40W000001724115B,UMURLAR RÜZGAR ENERJİ SANTRALİ,unknown,2026-05-31 00:00:00+03:00,,1.7,chunk_0026.json,POST /v1/generation/data/dpp-bulk,2026-05-31 21:45:36.184123+00:00,1724115,UMURLAR RÜZGAR ENERJİ SANTRALİ,103420,2026-05-31T00:00:00+03:00,00:00
40W000001724115B,UMURLAR RÜZGAR ENERJİ SANTRALİ,unknown,2026-05-31 01:00:00+03:00,,1.4,chunk_0026.json,POST /v1/generation/data/dpp-bulk,2026-05-31 21:45:36.184123+00:00,1724115,UMURLAR RÜZGAR ENERJİ SANTRALİ,103420,2026-05-31T01:00:00+03:00,01:00
40W000001724115B,UMURLAR RÜZGAR ENERJİ SANTRALİ,unknown,2026-05-31 02:00:00+03:00,,1.3,chunk_0026.json,POST /v1/generation/data/dpp-bulk,2026-05-31 21:45:36.184123+00:00,1724115,UMURLAR RÜZGAR ENERJİ SANTRALİ,103420,2026-05-31T02:00:00+03:00,02:00
40W000001724115B,UMURLAR RÜZGAR ENERJİ SANTRALİ,unknown,2026-05-31 03:00:00+03:00,,0.9,chunk_0026.json,POST /v1/generation/data/dpp-bulk,2026-05-31 21:45:36.184123+00:00,1724115,UMURLAR RÜZGAR ENERJİ SANTRALİ,103420,2026-05-31T03:00:00+03:00,03:00
40W000001724115B,UMURLAR RÜZGAR ENERJİ SANTRALİ,unknown,2026-05-31 04:00:00+03:00,,0.5,chunk_0026.json,POST /v1/generation/data/dpp-bulk,2026-05-31 21:45:36.184123+00:00,1724115,UMURLAR RÜZGAR ENERJİ SANTRALİ,103420,2026-05-31T04:00:00+03:00,04:00
40W000001724115B,UMURLAR RÜZGAR ENERJİ SANTRALİ,unknown,2026-05-31 05:00:00+03:00,,0.4,chunk_0026.json,POST /v1/generation/data/dpp-bulk,2026-05-31 21:45:36.184123+00:00,1724115,UMURLAR RÜZGAR ENERJİ SANTRALİ,103420,2026-05-31T05:00:00+03:00,05:00
40W000001724115B,UMURLAR RÜZGAR ENERJİ SANTRALİ,unknown,2026-05-31 06:00:00+03:00,,0.0,chunk_0026.json,POST /v1/generation/data/dpp-bulk,2026-05-31 21:45:36.184123+00:00,1724115,UMURLAR RÜZGAR ENERJİ SANTRALİ,103420,2026-05-31T06:00:00+03:00,06:00
40W000001724115B,UMURLAR RÜZGAR ENERJİ SANTRALİ,unknown,2026-05-31 07:00:00+03:00,,0.0,chunk_0026.json,POST /v1/generation/data/dpp-bulk,2026-05-31 21:45:36.184123+00:00,1724115,UMURLAR RÜZGAR ENERJİ SANTRALİ,103420,2026-05-31T07:00:00+03:00,07:00
40W000001724115B,UMURLAR RÜZGAR ENERJİ SANTRALİ,unknown,2026-05-31 08:00:00+03:00,,0.0,chunk_0026.json,POST /v1/generation/data/dpp-bulk,2026-05-31 21:45:36.184123+00:00,1724115,UMURLAR RÜZGAR ENERJİ SANTRALİ,103420,2026-05-31T08:00:00+03:00,08:00
40W000001724115B,UMURLAR RÜZGAR ENERJİ SANTRALİ,unknown,2026-05-31 09:00:00+03:00,,0.0,chunk_0026.json,POST /v1/generation/data/dpp-bulk,2026-05-31 21:45:36.184123+00:00,1724115,UMURLAR RÜZGAR ENERJİ SANTRALİ,103420,2026-05-31T09:00:00+03:00,09:00
40W000001724115B,UMURLAR RÜZGAR ENERJİ SANTRALİ,unknown,2026-05-31 10:00:00+03:00,,0.0,chunk_0026.json,POST /v1/generation/data/dpp-bulk,2026-05-31 21:45:36.184123+00:00,1724115,UMURLAR RÜZGAR ENERJİ SANTRALİ,103420,2026-05-31T10:00:00+03:00,10:00
40W000001724115B,UMURLAR RÜZGAR ENERJİ SANTRALİ,unknown,2026-05-31 11:00:00+03:00,,0.0,chunk_0026.json,POST /v1/generation/data/dpp-bulk,2026-05-31 21:45:36.184123+00:00,1724115,UMURLAR RÜZGAR ENERJİ SANTRALİ,103420,2026-05-31T11:00:00+03:00,11:00
40W000001724115B,UMURLAR RÜZGAR ENERJİ SANTRALİ,unknown,2026-05-31 12:00:00+03:00,,0.0,chunk_0026.json,POST /v1/generation/data/dpp-bulk,2026-05-31 21:45:36.184123+00:00,1724115,UMURLAR RÜZGAR ENERJİ SANTRALİ,103420,2026-05-31T12:00:00+03:00,12:00
40W000001724115B,UMURLAR RÜZGAR ENERJİ SANTRALİ,unknown,2026-05-31 13:00:00+03:00,,0.0,chunk_0026.json,POST /v1/generation/data/dpp-bulk,2026-05-31 21:45:36.184123+00:00,1724115,UMURLAR RÜZGAR ENERJİ SANTRALİ,103420,2026-05-31T13:00:00+03:00,13:00
40W000001724115B,UMURLAR RÜZGAR ENERJİ SANTRALİ,unknown,2026-05-31 14:00:00+03:00,,0.0,chunk_0026.json,POST /v1/generation/data/dpp-bulk,2026-05-31 21:45:36.184123+00:00,1724115,UMURLAR RÜZGAR ENERJİ SANTRALİ,103420,2026-05-31T14:00:00+03:00,14:00
40W000001724115B,UMURLAR RÜZGAR ENERJİ SANTRALİ,unknown,2026-05-31 15:00:00+03:00,,0.0,chunk_0026.json,POST /v1/generation/data/dpp-bulk,2026-05-31 21:45:36.184123+00:00,1724115,UMURLAR RÜZGAR ENERJİ SANTRALİ,103420,2026-05-31T15:00:00+03:00,15:00
40W000001724115B,UMURLAR RÜZGAR ENERJİ SANTRALİ,unknown,2026-05-31 16:00:00+03:00,,0.0,chunk_0026.json,POST /v1/generation/data/dpp-bulk,2026-05-31 21:45:36.184123+00:00,1724115,UMURLAR RÜZGAR ENERJİ SANTRALİ,103420,2026-05-31T16:00:00+03:00,16:00
40W000001724115B,UMURLAR RÜZGAR ENERJİ SANTRALİ,unknown,2026-05-31 17:00:00+03:00,,0.0,chunk_0026.json,POST /v1/generation/data/dpp-bulk,2026-05-31 21:45:36.184123+00:00,1724115,UMURLAR RÜZGAR ENERJİ SANTRALİ,103420,2026-05-31T17:00:00+03:00,17:00
40W000001724115B,UMURLAR RÜZGAR ENERJİ SANTRALİ,unknown,2026-05-31 18:00:00+03:00,,4.1,chunk_0026.json,POST /v1/generation/data/dpp-bulk,2026-05-31 21:45:36.184123+00:00,1724115,UMURLAR RÜZGAR ENERJİ SANTRALİ,103420,2026-05-31T18:00:00+03:00,18:00
40W000001724115B,UMURLAR RÜZGAR ENERJİ SANTRALİ,unknown,2026-05-31 19:00:00+03:00,,5.1,chunk_0026.json,POST /v1/generation/data/dpp-bulk,2026-05-31 21:45:36.184123+00:00,1724115,UMURLAR RÜZGAR ENERJİ SANTRALİ,103420,2026-05-31T19:00:00+03:00,19:00
40W000001724115B,UMURLAR RÜZGAR ENERJİ SANTRALİ,unknown,2026-05-31 20:00:00+03:00,,6.4,chunk_0026.json,POST /v1/generation/data/dpp-bulk,2026-05-31 21:45:36.184123+00:00,1724115,UMURLAR RÜZGAR ENERJİ SANTRALİ,103420,2026-05-31T20:00:00+03:00,20:00
40W000001724115B,UMURLAR RÜZGAR ENERJİ SANTRALİ,unknown,2026-05-31 21:00:00+03:00,,7.6,chunk_0026.json,POST /v1/generation/data/dpp-bulk,2026-05-31 21:45:36.184123+00:00,1724115,UMURLAR RÜZGAR ENERJİ SANTRALİ,103420,2026-05-31T21:00:00+03:00,21:00
40W000001724115B,UMURLAR RÜZGAR ENERJİ SANTRALİ,unknown,2026-05-31 22:00:00+03:00,,5.9,chunk_0026.json,POST /v1/generation/data/dpp-bulk,2026-05-31 21:45:36.184123+00:00,1724115,UMURLAR RÜZGAR ENERJİ SANTRALİ,103420,2026-05-31T22:00:00+03:00,22:00
40W000001724115B,UMURLAR RÜZGAR ENERJİ SANTRALİ,unknown,2026-05-31 23:00:00+03:00,,4.7,chunk_0026.json,POST /v1/generation/data/dpp-bulk,2026-05-31 21:45:36.184123+00:00,1724115,UMURLAR RÜZGAR ENERJİ SANTRALİ,103420,2026-05-31T23:00:00+03:00,23:00
40W000001724202G,PİRO REG. ve HES,unknown,2026-05-31 00:00:00+03:00,,0.0,chunk_0026.json,POST /v1/generation/data/dpp-bulk,2026-05-31 21:45:36.184123+00:00,1724202,PİRO REG. ve HES,103420,2026-05-31T00:00:00+03:00,00:00
40W000001724202G,PİRO REG. ve HES,unknown,2026-05-31 01:00:00+03:00,,0.0,chunk_0026.json,POST /v1/generation/data/dpp-bulk,2026-05-31 21:45:36.184123+00:00,1724202,PİRO REG. ve HES,103420,2026-05-31T01:00:00+03:00,01:00
40W000001724202G,PİRO REG. ve HES,unknown,2026-05-31 02:00:00+03:00,,0.0,chunk_0026.json,POST /v1/generation/data/dpp-bulk,2026-05-31 21:45:36.184123+00:00,1724202,PİRO REG. ve HES,103420,2026-05-31T02:00:00+03:00,02:00
40W000001724202G,PİRO REG. ve HES,unknown,2026-05-31 03:00:00+03:00,,0.0,chunk_0026.json,POST /v1/generation/data/dpp-bulk,2026-05-31 21:45:36.184123+00:00,1724202,PİRO REG. ve HES,103420,2026-05-31T03:00:00+03:00,03:00
40W000001724202G,PİRO REG. ve HES,unknown,2026-05-31 04:00:00+03:00,,0.0,chunk_0026.json,POST /v1/generation/data/dpp-bulk,2026-05-31 21:45:36.184123+00:00,1724202,PİRO REG. ve HES,103420,2026-05-31T04:00:00+03:00,04:00
40W000001724202G,PİRO REG. ve HES,unknown,2026-05-31 05:00:00+03:00,,0.0,chunk_0026.json,POST /v1/generation/data/dpp-bulk,2026-05-31 21:45:36.184123+00:00,1724202,PİRO REG. ve HES,103420,2026-05-31T05:00:00+03:00,05:00
40W000001724202G,PİRO REG. ve HES,unknown,2026-05-31 06:00:00+03:00,,0.0,chunk_0026.json,POST /v1/generation/data/dpp-bulk,2026-05-31 21:45:36.184123+00:00,1724202,PİRO REG. ve HES,103420,2026-05-31T06:00:00+03:00,06:00
40W000001724202G,PİRO REG. ve HES,unknown,2026-05-31 07:00:00+03:00,,0.0,chunk_0026.json,POST /v1/generation/data/dpp-bulk,2026-05-31 21:45:36.184123+00:00,1724202,PİRO REG. ve HES,103420,2026-05-31T07:00:00+03:00,07:00
40W000001724202G,PİRO REG. ve HES,unknown,2026-05-31 08:00:00+03:00,,0.0,chunk_0026.json,POST /v1/generation/data/dpp-bulk,2026-05-31 21:45:36.184123+00:00,1724202,PİRO REG. ve HES,103420,2026-05-31T08:00:00+03:00,08:00
40W000001724202G,PİRO REG. ve HES,unknown,2026-05-31 09:00:00+03:00,,0.0,chunk_0026.json,POST /v1/generation/data/dpp-bulk,2026-05-31 21:45:36.184123+00:00,1724202,PİRO REG. ve HES,103420,2026-05-31T09:00:00+03:00,09:00
40W000001724202G,PİRO REG. ve HES,unknown,2026-05-31 10:00:00+03:00,,0.0,chunk_0026.json,POST /v1/generation/data/dpp-bulk,2026-05-31 21:45:36.184123+00:00,1724202,PİRO REG. ve HES,103420,2026-05-31T10:00:00+03:00,10:00
40W000001724202G,PİRO REG. ve HES,unknown,2026-05-31 11:00:00+03:00,,0.0,chunk_0026.json,POST /v1/generation/data/dpp-bulk,2026-05-31 21:45:36.184123+00:00,1724202,PİRO REG. ve HES,103420,2026-05-31T11:00:00+03:00,11:00
40W000001724202G,PİRO REG. ve HES,unknown,2026-05-31 12:00:00+03:00,,0.0,chunk_0026.json,POST /v1/generation/data/dpp-bulk,2026-05-31 21:45:36.184123+00:00,1724202,PİRO REG. ve HES,103420,2026-05-31T12:00:00+03:00,12:00
40W000001724202G,PİRO REG. ve HES,unknown,2026-05-31 13:00:00+03:00,,0.0,chunk_0026.json,POST /v1/generation/data/dpp-bulk,2026-05-31 21:45:36.184123+00:00,1724202,PİRO REG. ve HES,103420,2026-05-31T13:00:00+03:00,13:00
40W000001724202G,PİRO REG. ve HES,unknown,2026-05-31 14:00:00+03:00,,0.0,chunk_0026.json,POST /v1/generation/data/dpp-bulk,2026-05-31 21:45:36.184123+00:00,1724202,PİRO REG. ve HES,103420,2026-05-31T14:00:00+03:00,14:00
40W000001724202G,PİRO REG. ve HES,unknown,2026-05-31 15:00:00+03:00,,0.0,chunk_0026.json,POST /v1/generation/data/dpp-bulk,2026-05-31 21:45:36.184123+00:00,1724202,PİRO REG. ve HES,103420,2026-05-31T15:00:00+03:00,15:00
40W000001724202G,PİRO REG. ve HES,unknown,2026-05-31 16:00:00+03:00,,0.0,chunk_0026.json,POST /v1/generation/data/dpp-bulk,2026-05-31 21:45:36.184123+00:00,1724202,PİRO REG. ve HES,103420,2026-05-31T16:00:00+03:00,16:00
40W000001724202G,PİRO REG. ve HES,unknown,2026-05-31 17:00:00+03:00,,0.0,chunk_0026.json,POST /v1/generation/data/dpp-bulk,2026-05-31 21:45:36.184123+00:00,1724202,PİRO REG. ve HES,103420,2026-05-31T17:00:00+03:00,17:00
40W000001724202G,PİRO REG. ve HES,unknown,2026-05-31 18:00:00+03:00,,0.0,chunk_0026.json,POST /v1/generation/data/dpp-bulk,2026-05-31 21:45:36.184123+00:00,1724202,PİRO REG. ve HES,103420,2026-05-31T18:00:00+03:00,18:00
40W000001724202G,PİRO REG. ve HES,unknown,2026-05-31 19:00:00+03:00,,0.0,chunk_0026.json,POST /v1/generation/data/dpp-bulk,2026-05-31 21:45:36.184123+00:00,1724202,PİRO REG. ve HES,103420,2026-05-31T19:00:00+03:00,19:00
40W000001724202G,PİRO REG. ve HES,unknown,2026-05-31 20:00:00+03:00,,0.0,chunk_0026.json,POST /v1/generation/data/dpp-bulk,2026-05-31 21:45:36.184123+00:00,1724202,PİRO REG. ve HES,103420,2026-05-31T20:00:00+03:00,20:00
40W000001724202G,PİRO REG. ve HES,unknown,2026-05-31 21:00:00+03:00,,0.0,chunk_0026.json,POST /v1/generation/data/dpp-bulk,2026-05-31 21:45:36.184123+00:00,1724202,PİRO REG. ve HES,103420,2026-05-31T21:00:00+03:00,21:00
40W000001724202G,PİRO REG. ve HES,unknown,2026-05-31 22:00:00+03:00,,0.0,chunk_0026.json,POST /v1/generation/data/dpp-bulk,2026-05-31 21:45:36.184123+00:00,1724202,PİRO REG. ve HES,103420,2026-05-31T22:00:00+03:00,22:00
40W000001724202G,PİRO REG. ve HES,unknown,2026-05-31 23:00:00+03:00,,0.0,chunk_0026.json,POST /v1/generation/data/dpp-bulk,2026-05-31 21:45:36.184123+00:00,1724202,PİRO REG. ve HES,103420,2026-05-31T23:00:00+03:00,23:00
40W100001635072N,DOĞANÇAY HES(ELEN),unknown,2026-05-31 00:00:00+03:00,,27.0,chunk_0026.json,POST /v1/generation/data/dpp-bulk,2026-05-31 21:45:36.184123+00:00,1635072,DOĞANÇAY HES(ELEN),104060,2026-05-31T00:00:00+03:00,00:00
40W100001635072N,DOĞANÇAY HES(ELEN),unknown,2026-05-31 01:00:00+03:00,,27.5,chunk_0026.json,POST /v1/generation/data/dpp-bulk,2026-05-31 21:45:36.184123+00:00,1635072,DOĞANÇAY HES(ELEN),104060,2026-05-31T01:00:00+03:00,01:00
40W100001635072N,DOĞANÇAY HES(ELEN),unknown,2026-05-31 02:00:00+03:00,,27.5,chunk_0026.json,POST /v1/generation/data/dpp-bulk,2026-05-31 21:45:36.184123+00:00,1635072,DOĞANÇAY HES(ELEN),104060,2026-05-31T02:00:00+03:00,02:00
40W100001635072N,DOĞANÇAY HES(ELEN),unknown,2026-05-31 03:00:00+03:00,,27.0,chunk_0026.json,POST /v1/generation/data/dpp-bulk,2026-05-31 21:45:36.184123+00:00,1635072,DOĞANÇAY HES(ELEN),104060,2026-05-31T03:00:00+03:00,03:00
40W100001635072N,DOĞANÇAY HES(ELEN),unknown,2026-05-31 04:00:00+03:00,,27.0,chunk_0026.json,POST /v1/generation/data/dpp-bulk,2026-05-31 21:45:36.184123+00:00,1635072,DOĞANÇAY HES(ELEN),104060,2026-05-31T04:00:00+03:00,04:00
40W100001635072N,DOĞANÇAY HES(ELEN),unknown,2026-05-31 05:00:00+03:00,,0.0,chunk_0026.json,POST /v1/generation/data/dpp-bulk,2026-05-31 21:45:36.184123+00:00,1635072,DOĞANÇAY HES(ELEN),104060,2026-05-31T05:00:00+03:00,05:00
40W100001635072N,DOĞANÇAY HES(ELEN),unknown,2026-05-31 06:00:00+03:00,,0.0,chunk_0026.json,POST /v1/generation/data/dpp-bulk,2026-05-31 21:45:36.184123+00:00,1635072,DOĞANÇAY HES(ELEN),104060,2026-05-31T06:00:00+03:00,06:00
40W100001635072N,DOĞANÇAY HES(ELEN),unknown,2026-05-31 07:00:00+03:00,,0.0,chunk_0026.json,POST /v1/generation/data/dpp-bulk,2026-05-31 21:45:36.184123+00:00,1635072,DOĞANÇAY HES(ELEN),104060,2026-05-31T07:00:00+03:00,07:00
40W100001635072N,DOĞANÇAY HES(ELEN),unknown,2026-05-31 08:00:00+03:00,,0.0,chunk_0026.json,POST /v1/generation/data/dpp-bulk,2026-05-31 21:45:36.184123+00:00,1635072,DOĞANÇAY HES(ELEN),104060,2026-05-31T08:00:00+03:00,08:00
40W100001635072N,DOĞANÇAY HES(ELEN),unknown,2026-05-31 09:00:00+03:00,,0.0,chunk_0026.json,POST /v1/generation/data/dpp-bulk,2026-05-31 21:45:36.184123+00:00,1635072,DOĞANÇAY HES(ELEN),104060,2026-05-31T09:00:00+03:00,09:00
40W100001635072N,DOĞANÇAY HES(ELEN),unknown,2026-05-31 10:00:00+03:00,,0.0,chunk_0026.json,POST /v1/generation/data/dpp-bulk,2026-05-31 21:45:36.184123+00:00,1635072,DOĞANÇAY HES(ELEN),104060,2026-05-31T10:00:00+03:00,10:00
40W100001635072N,DOĞANÇAY HES(ELEN),unknown,2026-05-31 11:00:00+03:00,,0.0,chunk_0026.json,POST /v1/generation/data/dpp-bulk,2026-05-31 21:45:36.184123+00:00,1635072,DOĞANÇAY HES(ELEN),104060,2026-05-31T11:00:00+03:00,11:00
40W100001635072N,DOĞANÇAY HES(ELEN),unknown,2026-05-31 12:00:00+03:00,,0.0,chunk_0026.json,POST /v1/generation/data/dpp-bulk,2026-05-31 21:45:36.184123+00:00,1635072,DOĞANÇAY HES(ELEN),104060,2026-05-31T12:00:00+03:00,12:00
40W100001635072N,DOĞANÇAY HES(ELEN),unknown,2026-05-31 13:00:00+03:00,,0.0,chunk_0026.json,POST /v1/generation/data/dpp-bulk,2026-05-31 21:45:36.184123+00:00,1635072,DOĞANÇAY HES(ELEN),104060,2026-05-31T13:00:00+03:00,13:00
40W100001635072N,DOĞANÇAY HES(ELEN),unknown,2026-05-31 14:00:00+03:00,,0.0,chunk_0026.json,POST /v1/generation/data/dpp-bulk,2026-05-31 21:45:36.184123+00:00,1635072,DOĞANÇAY HES(ELEN),104060,2026-05-31T14:00:00+03:00,14:00
40W100001635072N,DOĞANÇAY HES(ELEN),unknown,2026-05-31 15:00:00+03:00,,0.0,chunk_0026.json,POST /v1/generation/data/dpp-bulk,2026-05-31 21:45:36.184123+00:00,1635072,DOĞANÇAY HES(ELEN),104060,2026-05-31T15:00:00+03:00,15:00
40W100001635072N,DOĞANÇAY HES(ELEN),unknown,2026-05-31 16:00:00+03:00,,0.0,chunk_0026.json,POST /v1/generation/data/dpp-bulk,2026-05-31 21:45:36.184123+00:00,1635072,DOĞANÇAY HES(ELEN),104060,2026-05-31T16:00:00+03:00,16:00
40W100001635072N,DOĞANÇAY HES(ELEN),unknown,2026-05-31 17:00:00+03:00,,0.0,chunk_0026.json,POST /v1/generation/data/dpp-bulk,2026-05-31 21:45:36.184123+00:00,1635072,DOĞANÇAY HES(ELEN),104060,2026-05-31T17:00:00+03:00,17:00
40W100001635072N,DOĞANÇAY HES(ELEN),unknown,2026-05-31 18:00:00+03:00,,26.5,chunk_0026.json,POST /v1/generation/data/dpp-bulk,2026-05-31 21:45:36.184123+00:00,1635072,DOĞANÇAY HES(ELEN),104060,2026-05-31T18:00:00+03:00,18:00
40W100001635072N,DOĞANÇAY HES(ELEN),unknown,2026-05-31 19:00:00+03:00,,26.5,chunk_0026.json,POST /v1/generation/data/dpp-bulk,2026-05-31 21:45:36.184123+00:00,1635072,DOĞANÇAY HES(ELEN),104060,2026-05-31T19:00:00+03:00,19:00
40W100001635072N,DOĞANÇAY HES(ELEN),unknown,2026-05-31 20:00:00+03:00,,26.5,chunk_0026.json,POST /v1/generation/data/dpp-bulk,2026-05-31 21:45:36.184123+00:00,1635072,DOĞANÇAY HES(ELEN),104060,2026-05-31T20:00:00+03:00,20:00
40W100001635072N,DOĞANÇAY HES(ELEN),unknown,2026-05-31 21:00:00+03:00,,26.5,chunk_0026.json,POST /v1/generation/data/dpp-bulk,2026-05-31 21:45:36.184123+00:00,1635072,DOĞANÇAY HES(ELEN),104060,2026-05-31T21:00:00+03:00,21:00
40W100001635072N,DOĞANÇAY HES(ELEN),unknown,2026-05-31 22:00:00+03:00,,26.5,chunk_0026.json,POST /v1/generation/data/dpp-bulk,2026-05-31 21:45:36.184123+00:00,1635072,DOĞANÇAY HES(ELEN),104060,2026-05-31T22:00:00+03:00,22:00
40W100001635072N,DOĞANÇAY HES(ELEN),unknown,2026-05-31 23:00:00+03:00,,26.5,chunk_0026.json,POST /v1/generation/data/dpp-bulk,2026-05-31 21:45:36.184123+00:00,1635072,DOĞANÇAY HES(ELEN),104060,2026-05-31T23:00:00+03:00,23:00
40W0000017241177,DORUK  REG. ve HES,unknown,2026-05-31 00:00:00+03:00,,0.0,chunk_0026.json,POST /v1/generation/data/dpp-bulk,2026-05-31 21:45:36.184123+00:00,1724117,DORUK  REG. ve HES,104060,2026-05-31T00:00:00+03:00,00:00
40W0000017241177,DORUK  REG. ve HES,unknown,2026-05-31 01:00:00+03:00,,0.0,chunk_0026.json,POST /v1/generation/data/dpp-bulk,2026-05-31 21:45:36.184123+00:00,1724117,DORUK  REG. ve HES,104060,2026-05-31T01:00:00+03:00,01:00
40W0000017241177,DORUK  REG. ve HES,unknown,2026-05-31 02:00:00+03:00,,0.0,chunk_0026.json,POST /v1/generation/data/dpp-bulk,2026-05-31 21:45:36.184123+00:00,1724117,DORUK  REG. ve HES,104060,2026-05-31T02:00:00+03:00,02:00
40W0000017241177,DORUK  REG. ve HES,unknown,2026-05-31 03:00:00+03:00,,0.0,chunk_0026.json,POST /v1/generation/data/dpp-bulk,2026-05-31 21:45:36.184123+00:00,1724117,DORUK  REG. ve HES,104060,2026-05-31T03:00:00+03:00,03:00
40W0000017241177,DORUK  REG. ve HES,unknown,2026-05-31 04:00:00+03:00,,0.0,chunk_0026.json,POST /v1/generation/data/dpp-bulk,2026-05-31 21:45:36.184123+00:00,1724117,DORUK  REG. ve HES,104060,2026-05-31T04:00:00+03:00,04:00
40W0000017241177,DORUK  REG. ve HES,unknown,2026-05-31 05:00:00+03:00,,0.0,chunk_0026.json,POST /v1/generation/data/dpp-bulk,2026-05-31 21:45:36.184123+00:00,1724117,DORUK  REG. ve HES,104060,2026-05-31T05:00:00+03:00,05:00
40W0000017241177,DORUK  REG. ve HES,unknown,2026-05-31 06:00:00+03:00,,0.0,chunk_0026.json,POST /v1/generation/data/dpp-bulk,2026-05-31 21:45:36.184123+00:00,1724117,DORUK  REG. ve HES,104060,2026-05-31T06:00:00+03:00,06:00
40W0000017241177,DORUK  REG. ve HES,unknown,2026-05-31 07:00:00+03:00,,0.0,chunk_0026.json,POST /v1/generation/data/dpp-bulk,2026-05-31 21:45:36.184123+00:00,1724117,DORUK  REG. ve HES,104060,2026-05-31T07:00:00+03:00,07:00
40W0000017241177,DORUK  REG. ve HES,unknown,2026-05-31 08:00:00+03:00,,0.0,chunk_0026.json,POST /v1/generation/data/dpp-bulk,2026-05-31 21:45:36.184123+00:00,1724117,DORUK  REG. ve HES,104060,2026-05-31T08:00:00+03:00,08:00
40W0000017241177,DORUK  REG. ve HES,unknown,2026-05-31 09:00:00+03:00,,0.0,chunk_0026.json,POST /v1/generation/data/dpp-bulk,2026-05-31 21:45:36.184123+00:00,1724117,DORUK  REG. ve HES,104060,2026-05-31T09:00:00+03:00,09:00
40W0000017241177,DORUK  REG. ve HES,unknown,2026-05-31 10:00:00+03:00,,0.0,chunk_0026.json,POST /v1/generation/data/dpp-bulk,2026-05-31 21:45:36.184123+00:00,1724117,DORUK  REG. ve HES,104060,2026-05-31T10:00:00+03:00,10:00
40W0000017241177,DORUK  REG. ve HES,unknown,2026-05-31 11:00:00+03:00,,0.0,chunk_0026.json,POST /v1/generation/data/dpp-bulk,2026-05-31 21:45:36.184123+00:00,1724117,DORUK  REG. ve HES,104060,2026-05-31T11:00:00+03:00,11:00
40W0000017241177,DORUK  REG. ve HES,unknown,2026-05-31 12:00:00+03:00,,0.0,chunk_0026.json,POST /v1/generation/data/dpp-bulk,2026-05-31 21:45:36.184123+00:00,1724117,DORUK  REG. ve HES,104060,2026-05-31T12:00:00+03:00,12:00
40W0000017241177,DORUK  REG. ve HES,unknown,2026-05-31 13:00:00+03:00,,0.0,chunk_0026.json,POST /v1/generation/data/dpp-bulk,2026-05-31 21:45:36.184123+00:00,1724117,DORUK  REG. ve HES,104060,2026-05-31T13:00:00+03:00,13:00
40W0000017241177,DORUK  REG. ve HES,unknown,2026-05-31 14:00:00+03:00,,0.0,chunk_0026.json,POST /v1/generation/data/dpp-bulk,2026-05-31 21:45:36.184123+00:00,1724117,DORUK  REG. ve HES,104060,2026-05-31T14:00:00+03:00,14:00
40W0000017241177,DORUK  REG. ve HES,unknown,2026-05-31 15:00:00+03:00,,0.0,chunk_0026.json,POST /v1/generation/data/dpp-bulk,2026-05-31 21:45:36.184123+00:00,1724117,DORUK  REG. ve HES,104060,2026-05-31T15:00:00+03:00,15:00
40W0000017241177,DORUK  REG. ve HES,unknown,2026-05-31 16:00:00+03:00,,0.0,chunk_0026.json,POST /v1/generation/data/dpp-bulk,2026-05-31 21:45:36.184123+00:00,1724117,DORUK  REG. ve HES,104060,2026-05-31T16:00:00+03:00,16:00
40W0000017241177,DORUK  REG. ve HES,unknown,2026-05-31 17:00:00+03:00,,0.0,chunk_0026.json,POST /v1/generation/data/dpp-bulk,2026-05-31 21:45:36.184123+00:00,1724117,DORUK  REG. ve HES,104060,2026-05-31T17:00:00+03:00,17:00
40W0000017241177,DORUK  REG. ve HES,unknown,2026-05-31 18:00:00+03:00,,0.0,chunk_0026.json,POST /v1/generation/data/dpp-bulk,2026-05-31 21:45:36.184123+00:00,1724117,DORUK  REG. ve HES,104060,2026-05-31T18:00:00+03:00,18:00
40W0000017241177,DORUK  REG. ve HES,unknown,2026-05-31 19:00:00+03:00,,28.0,chunk_0026.json,POST /v1/generation/data/dpp-bulk,2026-05-31 21:45:36.184123+00:00,1724117,DORUK  REG. ve HES,104060,2026-05-31T19:00:00+03:00,19:00
40W0000017241177,DORUK  REG. ve HES,unknown,2026-05-31 20:00:00+03:00,,28.0,chunk_0026.json,POST /v1/generation/data/dpp-bulk,2026-05-31 21:45:36.184123+00:00,1724117,DORUK  REG. ve HES,104060,2026-05-31T20:00:00+03:00,20:00
40W0000017241177,DORUK  REG. ve HES,unknown,2026-05-31 21:00:00+03:00,,28.0,chunk_0026.json,POST /v1/generation/data/dpp-bulk,2026-05-31 21:45:36.184123+00:00,1724117,DORUK  REG. ve HES,104060,2026-05-31T21:00:00+03:00,21:00
40W0000017241177,DORUK  REG. ve HES,unknown,2026-05-31 22:00:00+03:00,,28.0,chunk_0026.json,POST /v1/generation/data/dpp-bulk,2026-05-31 21:45:36.184123+00:00,1724117,DORUK  REG. ve HES,104060,2026-05-31T22:00:00+03:00,22:00
40W0000017241177,DORUK  REG. ve HES,unknown,2026-05-31 23:00:00+03:00,,28.0,chunk_0026.json,POST /v1/generation/data/dpp-bulk,2026-05-31 21:45:36.184123+00:00,1724117,DORUK  REG. ve HES,104060,2026-05-31T23:00:00+03:00,23:00
40W0000018084559,HAMZABEY REG. ve HES,unknown,2026-05-31 00:00:00+03:00,,6.0,chunk_0026.json,POST /v1/generation/data/dpp-bulk,2026-05-31 21:45:36.184123+00:00,1808455,HAMZABEY REG. ve HES,104280,2026-05-31T00:00:00+03:00,00:00
40W0000018084559,HAMZABEY REG. ve HES,unknown,2026-05-31 01:00:00+03:00,,7.0,chunk_0026.json,POST /v1/generation/data/dpp-bulk,2026-05-31 21:45:36.184123+00:00,1808455,HAMZABEY REG. ve HES,104280,2026-05-31T01:00:00+03:00,01:00
40W0000018084559,HAMZABEY REG. ve HES,unknown,2026-05-31 02:00:00+03:00,,7.0,chunk_0026.json,POST /v1/generation/data/dpp-bulk,2026-05-31 21:45:36.184123+00:00,1808455,HAMZABEY REG. ve HES,104280,2026-05-31T02:00:00+03:00,02:00
40W0000018084559,HAMZABEY REG. ve HES,unknown,2026-05-31 03:00:00+03:00,,7.0,chunk_0026.json,POST /v1/generation/data/dpp-bulk,2026-05-31 21:45:36.184123+00:00,1808455,HAMZABEY REG. ve HES,104280,2026-05-31T03:00:00+03:00,03:00
40W0000018084559,HAMZABEY REG. ve HES,unknown,2026-05-31 04:00:00+03:00,,0.0,chunk_0026.json,POST /v1/generation/data/dpp-bulk,2026-05-31 21:45:36.184123+00:00,1808455,HAMZABEY REG. ve HES,104280,2026-05-31T04:00:00+03:00,04:00
40W0000018084559,HAMZABEY REG. ve HES,unknown,2026-05-31 05:00:00+03:00,,0.0,chunk_0026.json,POST /v1/generation/data/dpp-bulk,2026-05-31 21:45:36.184123+00:00,1808455,HAMZABEY REG. ve HES,104280,2026-05-31T05:00:00+03:00,05:00
40W0000018084559,HAMZABEY REG. ve HES,unknown,2026-05-31 06:00:00+03:00,,0.0,chunk_0026.json,POST /v1/generation/data/dpp-bulk,2026-05-31 21:45:36.184123+00:00,1808455,HAMZABEY REG. ve HES,104280,2026-05-31T06:00:00+03:00,06:00
40W0000018084559,HAMZABEY REG. ve HES,unknown,2026-05-31 07:00:00+03:00,,0.0,chunk_0026.json,POST /v1/generation/data/dpp-bulk,2026-05-31 21:45:36.184123+00:00,1808455,HAMZABEY REG. ve HES,104280,2026-05-31T07:00:00+03:00,07:00
40W0000018084559,HAMZABEY REG. ve HES,unknown,2026-05-31 08:00:00+03:00,,0.0,chunk_0026.json,POST /v1/generation/data/dpp-bulk,2026-05-31 21:45:36.184123+00:00,1808455,HAMZABEY REG. ve HES,104280,2026-05-31T08:00:00+03:00,08:00
40W0000018084559,HAMZABEY REG. ve HES,unknown,2026-05-31 09:00:00+03:00,,0.0,chunk_0026.json,POST /v1/generation/data/dpp-bulk,2026-05-31 21:45:36.184123+00:00,1808455,HAMZABEY REG. ve HES,104280,2026-05-31T09:00:00+03:00,09:00
40W0000018084559,HAMZABEY REG. ve HES,unknown,2026-05-31 10:00:00+03:00,,0.0,chunk_0026.json,POST /v1/generation/data/dpp-bulk,2026-05-31 21:45:36.184123+00:00,1808455,HAMZABEY REG. ve HES,104280,2026-05-31T10:00:00+03:00,10:00
40W0000018084559,HAMZABEY REG. ve HES,unknown,2026-05-31 11:00:00+03:00,,0.0,chunk_0026.json,POST /v1/generation/data/dpp-bulk,2026-05-31 21:45:36.184123+00:00,1808455,HAMZABEY REG. ve HES,104280,2026-05-31T11:00:00+03:00,11:00
40W0000018084559,HAMZABEY REG. ve HES,unknown,2026-05-31 12:00:00+03:00,,0.0,chunk_0026.json,POST /v1/generation/data/dpp-bulk,2026-05-31 21:45:36.184123+00:00,1808455,HAMZABEY REG. ve HES,104280,2026-05-31T12:00:00+03:00,12:00
40W0000018084559,HAMZABEY REG. ve HES,unknown,2026-05-31 13:00:00+03:00,,0.0,chunk_0026.json,POST /v1/generation/data/dpp-bulk,2026-05-31 21:45:36.184123+00:00,1808455,HAMZABEY REG. ve HES,104280,2026-05-31T13:00:00+03:00,13:00
40W0000018084559,HAMZABEY REG. ve HES,unknown,2026-05-31 14:00:00+03:00,,0.0,chunk_0026.json,POST /v1/generation/data/dpp-bulk,2026-05-31 21:45:36.184123+00:00,1808455,HAMZABEY REG. ve HES,104280,2026-05-31T14:00:00+03:00,14:00
40W0000018084559,HAMZABEY REG. ve HES,unknown,2026-05-31 15:00:00+03:00,,0.0,chunk_0026.json,POST /v1/generation/data/dpp-bulk,2026-05-31 21:45:36.184123+00:00,1808455,HAMZABEY REG. ve HES,104280,2026-05-31T15:00:00+03:00,15:00
40W0000018084559,HAMZABEY REG. ve HES,unknown,2026-05-31 16:00:00+03:00,,0.0,chunk_0026.json,POST /v1/generation/data/dpp-bulk,2026-05-31 21:45:36.184123+00:00,1808455,HAMZABEY REG. ve HES,104280,2026-05-31T16:00:00+03:00,16:00
40W0000018084559,HAMZABEY REG. ve HES,unknown,2026-05-31 17:00:00+03:00,,0.0,chunk_0026.json,POST /v1/generation/data/dpp-bulk,2026-05-31 21:45:36.184123+00:00,1808455,HAMZABEY REG. ve HES,104280,2026-05-31T17:00:00+03:00,17:00
40W0000018084559,HAMZABEY REG. ve HES,unknown,2026-05-31 18:00:00+03:00,,0.0,chunk_0026.json,POST /v1/generation/data/dpp-bulk,2026-05-31 21:45:36.184123+00:00,1808455,HAMZABEY REG. ve HES,104280,2026-05-31T18:00:00+03:00,18:00
40W0000018084559,HAMZABEY REG. ve HES,unknown,2026-05-31 19:00:00+03:00,,4.0,chunk_0026.json,POST /v1/generation/data/dpp-bulk,2026-05-31 21:45:36.184123+00:00,1808455,HAMZABEY REG. ve HES,104280,2026-05-31T19:00:00+03:00,19:00
40W0000018084559,HAMZABEY REG. ve HES,unknown,2026-05-31 20:00:00+03:00,,7.0,chunk_0026.json,POST /v1/generation/data/dpp-bulk,2026-05-31 21:45:36.184123+00:00,1808455,HAMZABEY REG. ve HES,104280,2026-05-31T20:00:00+03:00,20:00
40W0000018084559,HAMZABEY REG. ve HES,unknown,2026-05-31 21:00:00+03:00,,7.0,chunk_0026.json,POST /v1/generation/data/dpp-bulk,2026-05-31 21:45:36.184123+00:00,1808455,HAMZABEY REG. ve HES,104280,2026-05-31T21:00:00+03:00,21:00
40W0000018084559,HAMZABEY REG. ve HES,unknown,2026-05-31 22:00:00+03:00,,7.0,chunk_0026.json,POST /v1/generation/data/dpp-bulk,2026-05-31 21:45:36.184123+00:00,1808455,HAMZABEY REG. ve HES,104280,2026-05-31T22:00:00+03:00,22:00
40W0000018084559,HAMZABEY REG. ve HES,unknown,2026-05-31 23:00:00+03:00,,4.8,chunk_0026.json,POST /v1/generation/data/dpp-bulk,2026-05-31 21:45:36.184123+00:00,1808455,HAMZABEY REG. ve HES,104280,2026-05-31T23:00:00+03:00,23:00
40W000001624872F,KAVAKLI RES,unknown,2026-05-31 00:00:00+03:00,,0.5,chunk_0026.json,POST /v1/generation/data/dpp-bulk,2026-05-31 21:45:36.184123+00:00,1624872,KAVAKLI RES,104320,2026-05-31T00:00:00+03:00,00:00
40W000001624872F,KAVAKLI RES,unknown,2026-05-31 01:00:00+03:00,,0.4,chunk_0026.json,POST /v1/generation/data/dpp-bulk,2026-05-31 21:45:36.184123+00:00,1624872,KAVAKLI RES,104320,2026-05-31T01:00:00+03:00,01:00
40W000001624872F,KAVAKLI RES,unknown,2026-05-31 02:00:00+03:00,,0.4,chunk_0026.json,POST /v1/generation/data/dpp-bulk,2026-05-31 21:45:36.184123+00:00,1624872,KAVAKLI RES,104320,2026-05-31T02:00:00+03:00,02:00
40W000001624872F,KAVAKLI RES,unknown,2026-05-31 03:00:00+03:00,,0.48,chunk_0026.json,POST /v1/generation/data/dpp-bulk,2026-05-31 21:45:36.184123+00:00,1624872,KAVAKLI RES,104320,2026-05-31T03:00:00+03:00,03:00
40W000001624872F,KAVAKLI RES,unknown,2026-05-31 04:00:00+03:00,,0.6,chunk_0026.json,POST /v1/generation/data/dpp-bulk,2026-05-31 21:45:36.184123+00:00,1624872,KAVAKLI RES,104320,2026-05-31T04:00:00+03:00,04:00
40W000001624872F,KAVAKLI RES,unknown,2026-05-31 05:00:00+03:00,,0.35,chunk_0026.json,POST /v1/generation/data/dpp-bulk,2026-05-31 21:45:36.184123+00:00,1624872,KAVAKLI RES,104320,2026-05-31T05:00:00+03:00,05:00
40W000001624872F,KAVAKLI RES,unknown,2026-05-31 06:00:00+03:00,,0.0,chunk_0026.json,POST /v1/generation/data/dpp-bulk,2026-05-31 21:45:36.184123+00:00,1624872,KAVAKLI RES,104320,2026-05-31T06:00:00+03:00,06:00
40W000001624872F,KAVAKLI RES,unknown,2026-05-31 07:00:00+03:00,,0.0,chunk_0026.json,POST /v1/generation/data/dpp-bulk,2026-05-31 21:45:36.184123+00:00,1624872,KAVAKLI RES,104320,2026-05-31T07:00:00+03:00,07:00
40W000001624872F,KAVAKLI RES,unknown,2026-05-31 08:00:00+03:00,,0.0,chunk_0026.json,POST /v1/generation/data/dpp-bulk,2026-05-31 21:45:36.184123+00:00,1624872,KAVAKLI RES,104320,2026-05-31T08:00:00+03:00,08:00
40W000001624872F,KAVAKLI RES,unknown,2026-05-31 09:00:00+03:00,,0.0,chunk_0026.json,POST /v1/generation/data/dpp-bulk,2026-05-31 21:45:36.184123+00:00,1624872,KAVAKLI RES,104320,2026-05-31T09:00:00+03:00,09:00
40W000001624872F,KAVAKLI RES,unknown,2026-05-31 10:00:00+03:00,,0.0,chunk_0026.json,POST /v1/generation/data/dpp-bulk,2026-05-31 21:45:36.184123+00:00,1624872,KAVAKLI RES,104320,2026-05-31T10:00:00+03:00,10:00
40W000001624872F,KAVAKLI RES,unknown,2026-05-31 11:00:00+03:00,,0.0,chunk_0026.json,POST /v1/generation/data/dpp-bulk,2026-05-31 21:45:36.184123+00:00,1624872,KAVAKLI RES,104320,2026-05-31T11:00:00+03:00,11:00
40W000001624872F,KAVAKLI RES,unknown,2026-05-31 12:00:00+03:00,,0.0,chunk_0026.json,POST /v1/generation/data/dpp-bulk,2026-05-31 21:45:36.184123+00:00,1624872,KAVAKLI RES,104320,2026-05-31T12:00:00+03:00,12:00
40W000001624872F,KAVAKLI RES,unknown,2026-05-31 13:00:00+03:00,,0.0,chunk_0026.json,POST /v1/generation/data/dpp-bulk,2026-05-31 21:45:36.184123+00:00,1624872,KAVAKLI RES,104320,2026-05-31T13:00:00+03:00,13:00
40W000001624872F,KAVAKLI RES,unknown,2026-05-31 14:00:00+03:00,,0.0,chunk_0026.json,POST /v1/generation/data/dpp-bulk,2026-05-31 21:45:36.184123+00:00,1624872,KAVAKLI RES,104320,2026-05-31T14:00:00+03:00,14:00
40W000001624872F,KAVAKLI RES,unknown,2026-05-31 15:00:00+03:00,,0.0,chunk_0026.json,POST /v1/generation/data/dpp-bulk,2026-05-31 21:45:36.184123+00:00,1624872,KAVAKLI RES,104320,2026-05-31T15:00:00+03:00,15:00
40W000001624872F,KAVAKLI RES,unknown,2026-05-31 16:00:00+03:00,,0.0,chunk_0026.json,POST /v1/generation/data/dpp-bulk,2026-05-31 21:45:36.184123+00:00,1624872,KAVAKLI RES,104320,2026-05-31T16:00:00+03:00,16:00
40W000001624872F,KAVAKLI RES,unknown,2026-05-31 17:00:00+03:00,,0.0,chunk_0026.json,POST /v1/generation/data/dpp-bulk,2026-05-31 21:45:36.184123+00:00,1624872,KAVAKLI RES,104320,2026-05-31T17:00:00+03:00,17:00
40W000001624872F,KAVAKLI RES,unknown,2026-05-31 18:00:00+03:00,,6.8,chunk_0026.json,POST /v1/generation/data/dpp-bulk,2026-05-31 21:45:36.184123+00:00,1624872,KAVAKLI RES,104320,2026-05-31T18:00:00+03:00,18:00
40W000001624872F,KAVAKLI RES,unknown,2026-05-31 19:00:00+03:00,,8.3,chunk_0026.json,POST /v1/generation/data/dpp-bulk,2026-05-31 21:45:36.184123+00:00,1624872,KAVAKLI RES,104320,2026-05-31T19:00:00+03:00,19:00
40W000001624872F,KAVAKLI RES,unknown,2026-05-31 20:00:00+03:00,,8.0,chunk_0026.json,POST /v1/generation/data/dpp-bulk,2026-05-31 21:45:36.184123+00:00,1624872,KAVAKLI RES,104320,2026-05-31T20:00:00+03:00,20:00
40W000001624872F,KAVAKLI RES,unknown,2026-05-31 21:00:00+03:00,,5.8,chunk_0026.json,POST /v1/generation/data/dpp-bulk,2026-05-31 21:45:36.184123+00:00,1624872,KAVAKLI RES,104320,2026-05-31T21:00:00+03:00,21:00
40W000001624872F,KAVAKLI RES,unknown,2026-05-31 22:00:00+03:00,,3.6,chunk_0026.json,POST /v1/generation/data/dpp-bulk,2026-05-31 21:45:36.184123+00:00,1624872,KAVAKLI RES,104320,2026-05-31T22:00:00+03:00,22:00
40W000001624872F,KAVAKLI RES,unknown,2026-05-31 23:00:00+03:00,,1.57,chunk_0026.json,POST /v1/generation/data/dpp-bulk,2026-05-31 21:45:36.184123+00:00,1624872,KAVAKLI RES,104320,2026-05-31T23:00:00+03:00,23:00
40W000001808450J,KEREM JES,unknown,2026-05-31 00:00:00+03:00,,13.0,chunk_0026.json,POST /v1/generation/data/dpp-bulk,2026-05-31 21:45:36.184123+00:00,1808450,KEREM JES,105042,2026-05-31T00:00:00+03:00,00:00
40W000001808450J,KEREM JES,unknown,2026-05-31 01:00:00+03:00,,13.0,chunk_0026.json,POST /v1/generation/data/dpp-bulk,2026-05-31 21:45:36.184123+00:00,1808450,KEREM JES,105042,2026-05-31T01:00:00+03:00,01:00
40W000001808450J,KEREM JES,unknown,2026-05-31 02:00:00+03:00,,13.0,chunk_0026.json,POST /v1/generation/data/dpp-bulk,2026-05-31 21:45:36.184123+00:00,1808450,KEREM JES,105042,2026-05-31T02:00:00+03:00,02:00
40W000001808450J,KEREM JES,unknown,2026-05-31 03:00:00+03:00,,13.5,chunk_0026.json,POST /v1/generation/data/dpp-bulk,2026-05-31 21:45:36.184123+00:00,1808450,KEREM JES,105042,2026-05-31T03:00:00+03:00,03:00
40W000001808450J,KEREM JES,unknown,2026-05-31 04:00:00+03:00,,13.5,chunk_0026.json,POST /v1/generation/data/dpp-bulk,2026-05-31 21:45:36.184123+00:00,1808450,KEREM JES,105042,2026-05-31T04:00:00+03:00,04:00
40W000001808450J,KEREM JES,unknown,2026-05-31 05:00:00+03:00,,13.5,chunk_0026.json,POST /v1/generation/data/dpp-bulk,2026-05-31 21:45:36.184123+00:00,1808450,KEREM JES,105042,2026-05-31T05:00:00+03:00,05:00
40W000001808450J,KEREM JES,unknown,2026-05-31 06:00:00+03:00,,13.5,chunk_0026.json,POST /v1/generation/data/dpp-bulk,2026-05-31 21:45:36.184123+00:00,1808450,KEREM JES,105042,2026-05-31T06:00:00+03:00,06:00
40W000001808450J,KEREM JES,unknown,2026-05-31 07:00:00+03:00,,13.0,chunk_0026.json,POST /v1/generation/data/dpp-bulk,2026-05-31 21:45:36.184123+00:00,1808450,KEREM JES,105042,2026-05-31T07:00:00+03:00,07:00
40W000001808450J,KEREM JES,unknown,2026-05-31 08:00:00+03:00,,13.0,chunk_0026.json,POST /v1/generation/data/dpp-bulk,2026-05-31 21:45:36.184123+00:00,1808450,KEREM JES,105042,2026-05-31T08:00:00+03:00,08:00
40W000001808450J,KEREM JES,unknown,2026-05-31 09:00:00+03:00,,12.5,chunk_0026.json,POST /v1/generation/data/dpp-bulk,2026-05-31 21:45:36.184123+00:00,1808450,KEREM JES,105042,2026-05-31T09:00:00+03:00,09:00
40W000001808450J,KEREM JES,unknown,2026-05-31 10:00:00+03:00,,12.0,chunk_0026.json,POST /v1/generation/data/dpp-bulk,2026-05-31 21:45:36.184123+00:00,1808450,KEREM JES,105042,2026-05-31T10:00:00+03:00,10:00
40W000001808450J,KEREM JES,unknown,2026-05-31 11:00:00+03:00,,11.5,chunk_0026.json,POST /v1/generation/data/dpp-bulk,2026-05-31 21:45:36.184123+00:00,1808450,KEREM JES,105042,2026-05-31T11:00:00+03:00,11:00
40W000001808450J,KEREM JES,unknown,2026-05-31 12:00:00+03:00,,11.0,chunk_0026.json,POST /v1/generation/data/dpp-bulk,2026-05-31 21:45:36.184123+00:00,1808450,KEREM JES,105042,2026-05-31T12:00:00+03:00,12:00
40W000001808450J,KEREM JES,unknown,2026-05-31 13:00:00+03:00,,10.5,chunk_0026.json,POST /v1/generation/data/dpp-bulk,2026-05-31 21:45:36.184123+00:00,1808450,KEREM JES,105042,2026-05-31T13:00:00+03:00,13:00
40W000001808450J,KEREM JES,unknown,2026-05-31 14:00:00+03:00,,10.5,chunk_0026.json,POST /v1/generation/data/dpp-bulk,2026-05-31 21:45:36.184123+00:00,1808450,KEREM JES,105042,2026-05-31T14:00:00+03:00,14:00
40W000001808450J,KEREM JES,unknown,2026-05-31 15:00:00+03:00,,10.0,chunk_0026.json,POST /v1/generation/data/dpp-bulk,2026-05-31 21:45:36.184123+00:00,1808450,KEREM JES,105042,2026-05-31T15:00:00+03:00,15:00
40W000001808450J,KEREM JES,unknown,2026-05-31 16:00:00+03:00,,10.0,chunk_0026.json,POST /v1/generation/data/dpp-bulk,2026-05-31 21:45:36.184123+00:00,1808450,KEREM JES,105042,2026-05-31T16:00:00+03:00,16:00
40W000001808450J,KEREM JES,unknown,2026-05-31 17:00:00+03:00,,10.0,chunk_0026.json,POST /v1/generation/data/dpp-bulk,2026-05-31 21:45:36.184123+00:00,1808450,KEREM JES,105042,2026-05-31T17:00:00+03:00,17:00
40W000001808450J,KEREM JES,unknown,2026-05-31 18:00:00+03:00,,10.5,chunk_0026.json,POST /v1/generation/data/dpp-bulk,2026-05-31 21:45:36.184123+00:00,1808450,KEREM JES,105042,2026-05-31T18:00:00+03:00,18:00
40W000001808450J,KEREM JES,unknown,2026-05-31 19:00:00+03:00,,11.0,chunk_0026.json,POST /v1/generation/data/dpp-bulk,2026-05-31 21:45:36.184123+00:00,1808450,KEREM JES,105042,2026-05-31T19:00:00+03:00,19:00
40W000001808450J,KEREM JES,unknown,2026-05-31 20:00:00+03:00,,11.5,chunk_0026.json,POST /v1/generation/data/dpp-bulk,2026-05-31 21:45:36.184123+00:00,1808450,KEREM JES,105042,2026-05-31T20:00:00+03:00,20:00
40W000001808450J,KEREM JES,unknown,2026-05-31 21:00:00+03:00,,12.0,chunk_0026.json,POST /v1/generation/data/dpp-bulk,2026-05-31 21:45:36.184123+00:00,1808450,KEREM JES,105042,2026-05-31T21:00:00+03:00,21:00
40W000001808450J,KEREM JES,unknown,2026-05-31 22:00:00+03:00,,12.5,chunk_0026.json,POST /v1/generation/data/dpp-bulk,2026-05-31 21:45:36.184123+00:00,1808450,KEREM JES,105042,2026-05-31T22:00:00+03:00,22:00
40W000001808450J,KEREM JES,unknown,2026-05-31 23:00:00+03:00,,12.5,chunk_0026.json,POST /v1/generation/data/dpp-bulk,2026-05-31 21:45:36.184123+00:00,1808450,KEREM JES,105042,2026-05-31T23:00:00+03:00,23:00
