entsoe_code,plant_name,fuel_type,delivery_hour,publication_timestamp,kgup_mwh,source_file,source_api,forecast_timestamp,uevcb_id,uevcb_name,org_id,date_raw,time_raw
40W000000004093R,AKENERJİ AYYILDIZ RES,unknown,2026-05-31 00:00:00+03:00,,0.0,chunk_0009.json,POST /v1/generation/data/dpp-bulk,2026-05-31 21:45:13.822796+00:00,4093,AKENERJİ AYYILDIZ RES,166,2026-05-31T00:00:00+03:00,00:00
40W000000004093R,AKENERJİ AYYILDIZ RES,unknown,2026-05-31 01:00:00+03:00,,0.0,chunk_0009.json,POST /v1/generation/data/dpp-bulk,2026-05-31 21:45:13.822796+00:00,4093,AKENERJİ AYYILDIZ RES,166,2026-05-31T01:00:00+03:00,01:00
40W000000004093R,AKENERJİ AYYILDIZ RES,unknown,2026-05-31 02:00:00+03:00,,0.0,chunk_0009.json,POST /v1/generation/data/dpp-bulk,2026-05-31 21:45:13.822796+00:00,4093,AKENERJİ AYYILDIZ RES,166,2026-05-31T02:00:00+03:00,02:00
40W000000004093R,AKENERJİ AYYILDIZ RES,unknown,2026-05-31 03:00:00+03:00,,0.0,chunk_0009.json,POST /v1/generation/data/dpp-bulk,2026-05-31 21:45:13.822796+00:00,4093,AKENERJİ AYYILDIZ RES,166,2026-05-31T03:00:00+03:00,03:00
40W000000004093R,AKENERJİ AYYILDIZ RES,unknown,2026-05-31 04:00:00+03:00,,0.0,chunk_0009.json,POST /v1/generation/data/dpp-bulk,2026-05-31 21:45:13.822796+00:00,4093,AKENERJİ AYYILDIZ RES,166,2026-05-31T04:00:00+03:00,04:00
40W000000004093R,AKENERJİ AYYILDIZ RES,unknown,2026-05-31 05:00:00+03:00,,0.0,chunk_0009.json,POST /v1/generation/data/dpp-bulk,2026-05-31 21:45:13.822796+00:00,4093,AKENERJİ AYYILDIZ RES,166,2026-05-31T05:00:00+03:00,05:00
40W000000004093R,AKENERJİ AYYILDIZ RES,unknown,2026-05-31 06:00:00+03:00,,0.0,chunk_0009.json,POST /v1/generation/data/dpp-bulk,2026-05-31 21:45:13.822796+00:00,4093,AKENERJİ AYYILDIZ RES,166,2026-05-31T06:00:00+03:00,06:00
40W000000004093R,AKENERJİ AYYILDIZ RES,unknown,2026-05-31 07:00:00+03:00,,0.0,chunk_0009.json,POST /v1/generation/data/dpp-bulk,2026-05-31 21:45:13.822796+00:00,4093,AKENERJİ AYYILDIZ RES,166,2026-05-31T07:00:00+03:00,07:00
40W000000004093R,AKENERJİ AYYILDIZ RES,unknown,2026-05-31 08:00:00+03:00,,0.0,chunk_0009.json,POST /v1/generation/data/dpp-bulk,2026-05-31 21:45:13.822796+00:00,4093,AKENERJİ AYYILDIZ RES,166,2026-05-31T08:00:00+03:00,08:00
40W000000004093R,AKENERJİ AYYILDIZ RES,unknown,2026-05-31 09:00:00+03:00,,0.0,chunk_0009.json,POST /v1/generation/data/dpp-bulk,2026-05-31 21:45:13.822796+00:00,4093,AKENERJİ AYYILDIZ RES,166,2026-05-31T09:00:00+03:00,09:00
40W000000004093R,AKENERJİ AYYILDIZ RES,unknown,2026-05-31 10:00:00+03:00,,0.0,chunk_0009.json,POST /v1/generation/data/dpp-bulk,2026-05-31 21:45:13.822796+00:00,4093,AKENERJİ AYYILDIZ RES,166,2026-05-31T10:00:00+03:00,10:00
40W000000004093R,AKENERJİ AYYILDIZ RES,unknown,2026-05-31 11:00:00+03:00,,0.0,chunk_0009.json,POST /v1/generation/data/dpp-bulk,2026-05-31 21:45:13.822796+00:00,4093,AKENERJİ AYYILDIZ RES,166,2026-05-31T11:00:00+03:00,11:00
40W000000004093R,AKENERJİ AYYILDIZ RES,unknown,2026-05-31 12:00:00+03:00,,0.0,chunk_0009.json,POST /v1/generation/data/dpp-bulk,2026-05-31 21:45:13.822796+00:00,4093,AKENERJİ AYYILDIZ RES,166,2026-05-31T12:00:00+03:00,12:00
40W000000004093R,AKENERJİ AYYILDIZ RES,unknown,2026-05-31 13:00:00+03:00,,0.0,chunk_0009.json,POST /v1/generation/data/dpp-bulk,2026-05-31 21:45:13.822796+00:00,4093,AKENERJİ AYYILDIZ RES,166,2026-05-31T13:00:00+03:00,13:00
40W000000004093R,AKENERJİ AYYILDIZ RES,unknown,2026-05-31 14:00:00+03:00,,0.0,chunk_0009.json,POST /v1/generation/data/dpp-bulk,2026-05-31 21:45:13.822796+00:00,4093,AKENERJİ AYYILDIZ RES,166,2026-05-31T14:00:00+03:00,14:00
40W000000004093R,AKENERJİ AYYILDIZ RES,unknown,2026-05-31 15:00:00+03:00,,0.0,chunk_0009.json,POST /v1/generation/data/dpp-bulk,2026-05-31 21:45:13.822796+00:00,4093,AKENERJİ AYYILDIZ RES,166,2026-05-31T15:00:00+03:00,15:00
40W000000004093R,AKENERJİ AYYILDIZ RES,unknown,2026-05-31 16:00:00+03:00,,0.0,chunk_0009.json,POST /v1/generation/data/dpp-bulk,2026-05-31 21:45:13.822796+00:00,4093,AKENERJİ AYYILDIZ RES,166,2026-05-31T16:00:00+03:00,16:00
40W000000004093R,AKENERJİ AYYILDIZ RES,unknown,2026-05-31 17:00:00+03:00,,0.0,chunk_0009.json,POST /v1/generation/data/dpp-bulk,2026-05-31 21:45:13.822796+00:00,4093,AKENERJİ AYYILDIZ RES,166,2026-05-31T17:00:00+03:00,17:00
40W000000004093R,AKENERJİ AYYILDIZ RES,unknown,2026-05-31 18:00:00+03:00,,0.8,chunk_0009.json,POST /v1/generation/data/dpp-bulk,2026-05-31 21:45:13.822796+00:00,4093,AKENERJİ AYYILDIZ RES,166,2026-05-31T18:00:00+03:00,18:00
40W000000004093R,AKENERJİ AYYILDIZ RES,unknown,2026-05-31 19:00:00+03:00,,1.37,chunk_0009.json,POST /v1/generation/data/dpp-bulk,2026-05-31 21:45:13.822796+00:00,4093,AKENERJİ AYYILDIZ RES,166,2026-05-31T19:00:00+03:00,19:00
40W000000004093R,AKENERJİ AYYILDIZ RES,unknown,2026-05-31 20:00:00+03:00,,3.3,chunk_0009.json,POST /v1/generation/data/dpp-bulk,2026-05-31 21:45:13.822796+00:00,4093,AKENERJİ AYYILDIZ RES,166,2026-05-31T20:00:00+03:00,20:00
40W000000004093R,AKENERJİ AYYILDIZ RES,unknown,2026-05-31 21:00:00+03:00,,3.4,chunk_0009.json,POST /v1/generation/data/dpp-bulk,2026-05-31 21:45:13.822796+00:00,4093,AKENERJİ AYYILDIZ RES,166,2026-05-31T21:00:00+03:00,21:00
40W000000004093R,AKENERJİ AYYILDIZ RES,unknown,2026-05-31 22:00:00+03:00,,3.4,chunk_0009.json,POST /v1/generation/data/dpp-bulk,2026-05-31 21:45:13.822796+00:00,4093,AKENERJİ AYYILDIZ RES,166,2026-05-31T22:00:00+03:00,22:00
40W000000004093R,AKENERJİ AYYILDIZ RES,unknown,2026-05-31 23:00:00+03:00,,3.1,chunk_0009.json,POST /v1/generation/data/dpp-bulk,2026-05-31 21:45:13.822796+00:00,4093,AKENERJİ AYYILDIZ RES,166,2026-05-31T23:00:00+03:00,23:00
40W000000004089I,DARICA I HES,unknown,2026-05-31 00:00:00+03:00,,68.0,chunk_0009.json,POST /v1/generation/data/dpp-bulk,2026-05-31 21:45:13.822796+00:00,4089,DARICA I HES,294,2026-05-31T00:00:00+03:00,00:00
40W000000004089I,DARICA I HES,unknown,2026-05-31 01:00:00+03:00,,68.0,chunk_0009.json,POST /v1/generation/data/dpp-bulk,2026-05-31 21:45:13.822796+00:00,4089,DARICA I HES,294,2026-05-31T01:00:00+03:00,01:00
40W000000004089I,DARICA I HES,unknown,2026-05-31 02:00:00+03:00,,68.0,chunk_0009.json,POST /v1/generation/data/dpp-bulk,2026-05-31 21:45:13.822796+00:00,4089,DARICA I HES,294,2026-05-31T02:00:00+03:00,02:00
40W000000004089I,DARICA I HES,unknown,2026-05-31 03:00:00+03:00,,68.0,chunk_0009.json,POST /v1/generation/data/dpp-bulk,2026-05-31 21:45:13.822796+00:00,4089,DARICA I HES,294,2026-05-31T03:00:00+03:00,03:00
40W000000004089I,DARICA I HES,unknown,2026-05-31 04:00:00+03:00,,68.0,chunk_0009.json,POST /v1/generation/data/dpp-bulk,2026-05-31 21:45:13.822796+00:00,4089,DARICA I HES,294,2026-05-31T04:00:00+03:00,04:00
40W000000004089I,DARICA I HES,unknown,2026-05-31 05:00:00+03:00,,68.0,chunk_0009.json,POST /v1/generation/data/dpp-bulk,2026-05-31 21:45:13.822796+00:00,4089,DARICA I HES,294,2026-05-31T05:00:00+03:00,05:00
40W000000004089I,DARICA I HES,unknown,2026-05-31 06:00:00+03:00,,68.0,chunk_0009.json,POST /v1/generation/data/dpp-bulk,2026-05-31 21:45:13.822796+00:00,4089,DARICA I HES,294,2026-05-31T06:00:00+03:00,06:00
40W000000004089I,DARICA I HES,unknown,2026-05-31 07:00:00+03:00,,68.0,chunk_0009.json,POST /v1/generation/data/dpp-bulk,2026-05-31 21:45:13.822796+00:00,4089,DARICA I HES,294,2026-05-31T07:00:00+03:00,07:00
40W000000004089I,DARICA I HES,unknown,2026-05-31 08:00:00+03:00,,68.0,chunk_0009.json,POST /v1/generation/data/dpp-bulk,2026-05-31 21:45:13.822796+00:00,4089,DARICA I HES,294,2026-05-31T08:00:00+03:00,08:00
40W000000004089I,DARICA I HES,unknown,2026-05-31 09:00:00+03:00,,68.0,chunk_0009.json,POST /v1/generation/data/dpp-bulk,2026-05-31 21:45:13.822796+00:00,4089,DARICA I HES,294,2026-05-31T09:00:00+03:00,09:00
40W000000004089I,DARICA I HES,unknown,2026-05-31 10:00:00+03:00,,68.0,chunk_0009.json,POST /v1/generation/data/dpp-bulk,2026-05-31 21:45:13.822796+00:00,4089,DARICA I HES,294,2026-05-31T10:00:00+03:00,10:00
40W000000004089I,DARICA I HES,unknown,2026-05-31 11:00:00+03:00,,68.0,chunk_0009.json,POST /v1/generation/data/dpp-bulk,2026-05-31 21:45:13.822796+00:00,4089,DARICA I HES,294,2026-05-31T11:00:00+03:00,11:00
40W000000004089I,DARICA I HES,unknown,2026-05-31 12:00:00+03:00,,68.0,chunk_0009.json,POST /v1/generation/data/dpp-bulk,2026-05-31 21:45:13.822796+00:00,4089,DARICA I HES,294,2026-05-31T12:00:00+03:00,12:00
40W000000004089I,DARICA I HES,unknown,2026-05-31 13:00:00+03:00,,68.0,chunk_0009.json,POST /v1/generation/data/dpp-bulk,2026-05-31 21:45:13.822796+00:00,4089,DARICA I HES,294,2026-05-31T13:00:00+03:00,13:00
40W000000004089I,DARICA I HES,unknown,2026-05-31 14:00:00+03:00,,68.0,chunk_0009.json,POST /v1/generation/data/dpp-bulk,2026-05-31 21:45:13.822796+00:00,4089,DARICA I HES,294,2026-05-31T14:00:00+03:00,14:00
40W000000004089I,DARICA I HES,unknown,2026-05-31 15:00:00+03:00,,68.0,chunk_0009.json,POST /v1/generation/data/dpp-bulk,2026-05-31 21:45:13.822796+00:00,4089,DARICA I HES,294,2026-05-31T15:00:00+03:00,15:00
40W000000004089I,DARICA I HES,unknown,2026-05-31 16:00:00+03:00,,68.0,chunk_0009.json,POST /v1/generation/data/dpp-bulk,2026-05-31 21:45:13.822796+00:00,4089,DARICA I HES,294,2026-05-31T16:00:00+03:00,16:00
40W000000004089I,DARICA I HES,unknown,2026-05-31 17:00:00+03:00,,68.0,chunk_0009.json,POST /v1/generation/data/dpp-bulk,2026-05-31 21:45:13.822796+00:00,4089,DARICA I HES,294,2026-05-31T17:00:00+03:00,17:00
40W000000004089I,DARICA I HES,unknown,2026-05-31 18:00:00+03:00,,68.0,chunk_0009.json,POST /v1/generation/data/dpp-bulk,2026-05-31 21:45:13.822796+00:00,4089,DARICA I HES,294,2026-05-31T18:00:00+03:00,18:00
40W000000004089I,DARICA I HES,unknown,2026-05-31 19:00:00+03:00,,68.0,chunk_0009.json,POST /v1/generation/data/dpp-bulk,2026-05-31 21:45:13.822796+00:00,4089,DARICA I HES,294,2026-05-31T19:00:00+03:00,19:00
40W000000004089I,DARICA I HES,unknown,2026-05-31 20:00:00+03:00,,70.0,chunk_0009.json,POST /v1/generation/data/dpp-bulk,2026-05-31 21:45:13.822796+00:00,4089,DARICA I HES,294,2026-05-31T20:00:00+03:00,20:00
40W000000004089I,DARICA I HES,unknown,2026-05-31 21:00:00+03:00,,68.0,chunk_0009.json,POST /v1/generation/data/dpp-bulk,2026-05-31 21:45:13.822796+00:00,4089,DARICA I HES,294,2026-05-31T21:00:00+03:00,21:00
40W000000004089I,DARICA I HES,unknown,2026-05-31 22:00:00+03:00,,68.0,chunk_0009.json,POST /v1/generation/data/dpp-bulk,2026-05-31 21:45:13.822796+00:00,4089,DARICA I HES,294,2026-05-31T22:00:00+03:00,22:00
40W000000004089I,DARICA I HES,unknown,2026-05-31 23:00:00+03:00,,68.0,chunk_0009.json,POST /v1/generation/data/dpp-bulk,2026-05-31 21:45:13.822796+00:00,4089,DARICA I HES,294,2026-05-31T23:00:00+03:00,23:00
40W000000004136Z,İÇDAŞ BİGA TERMİK SANTRALİ_ 3,unknown,2026-05-31 00:00:00+03:00,,0.0,chunk_0009.json,POST /v1/generation/data/dpp-bulk,2026-05-31 21:45:13.822796+00:00,4136,İÇDAŞ BİGA TERMİK SANTRALİ_ 3,369,2026-05-31T00:00:00+03:00,00:00
40W000000004136Z,İÇDAŞ BİGA TERMİK SANTRALİ_ 3,unknown,2026-05-31 01:00:00+03:00,,0.0,chunk_0009.json,POST /v1/generation/data/dpp-bulk,2026-05-31 21:45:13.822796+00:00,4136,İÇDAŞ BİGA TERMİK SANTRALİ_ 3,369,2026-05-31T01:00:00+03:00,01:00
40W000000004136Z,İÇDAŞ BİGA TERMİK SANTRALİ_ 3,unknown,2026-05-31 02:00:00+03:00,,0.0,chunk_0009.json,POST /v1/generation/data/dpp-bulk,2026-05-31 21:45:13.822796+00:00,4136,İÇDAŞ BİGA TERMİK SANTRALİ_ 3,369,2026-05-31T02:00:00+03:00,02:00
40W000000004136Z,İÇDAŞ BİGA TERMİK SANTRALİ_ 3,unknown,2026-05-31 03:00:00+03:00,,0.0,chunk_0009.json,POST /v1/generation/data/dpp-bulk,2026-05-31 21:45:13.822796+00:00,4136,İÇDAŞ BİGA TERMİK SANTRALİ_ 3,369,2026-05-31T03:00:00+03:00,03:00
40W000000004136Z,İÇDAŞ BİGA TERMİK SANTRALİ_ 3,unknown,2026-05-31 04:00:00+03:00,,0.0,chunk_0009.json,POST /v1/generation/data/dpp-bulk,2026-05-31 21:45:13.822796+00:00,4136,İÇDAŞ BİGA TERMİK SANTRALİ_ 3,369,2026-05-31T04:00:00+03:00,04:00
40W000000004136Z,İÇDAŞ BİGA TERMİK SANTRALİ_ 3,unknown,2026-05-31 05:00:00+03:00,,0.0,chunk_0009.json,POST /v1/generation/data/dpp-bulk,2026-05-31 21:45:13.822796+00:00,4136,İÇDAŞ BİGA TERMİK SANTRALİ_ 3,369,2026-05-31T05:00:00+03:00,05:00
40W000000004136Z,İÇDAŞ BİGA TERMİK SANTRALİ_ 3,unknown,2026-05-31 06:00:00+03:00,,0.0,chunk_0009.json,POST /v1/generation/data/dpp-bulk,2026-05-31 21:45:13.822796+00:00,4136,İÇDAŞ BİGA TERMİK SANTRALİ_ 3,369,2026-05-31T06:00:00+03:00,06:00
40W000000004136Z,İÇDAŞ BİGA TERMİK SANTRALİ_ 3,unknown,2026-05-31 07:00:00+03:00,,0.0,chunk_0009.json,POST /v1/generation/data/dpp-bulk,2026-05-31 21:45:13.822796+00:00,4136,İÇDAŞ BİGA TERMİK SANTRALİ_ 3,369,2026-05-31T07:00:00+03:00,07:00
40W000000004136Z,İÇDAŞ BİGA TERMİK SANTRALİ_ 3,unknown,2026-05-31 08:00:00+03:00,,0.0,chunk_0009.json,POST /v1/generation/data/dpp-bulk,2026-05-31 21:45:13.822796+00:00,4136,İÇDAŞ BİGA TERMİK SANTRALİ_ 3,369,2026-05-31T08:00:00+03:00,08:00
40W000000004136Z,İÇDAŞ BİGA TERMİK SANTRALİ_ 3,unknown,2026-05-31 09:00:00+03:00,,0.0,chunk_0009.json,POST /v1/generation/data/dpp-bulk,2026-05-31 21:45:13.822796+00:00,4136,İÇDAŞ BİGA TERMİK SANTRALİ_ 3,369,2026-05-31T09:00:00+03:00,09:00
40W000000004136Z,İÇDAŞ BİGA TERMİK SANTRALİ_ 3,unknown,2026-05-31 10:00:00+03:00,,0.0,chunk_0009.json,POST /v1/generation/data/dpp-bulk,2026-05-31 21:45:13.822796+00:00,4136,İÇDAŞ BİGA TERMİK SANTRALİ_ 3,369,2026-05-31T10:00:00+03:00,10:00
40W000000004136Z,İÇDAŞ BİGA TERMİK SANTRALİ_ 3,unknown,2026-05-31 11:00:00+03:00,,0.0,chunk_0009.json,POST /v1/generation/data/dpp-bulk,2026-05-31 21:45:13.822796+00:00,4136,İÇDAŞ BİGA TERMİK SANTRALİ_ 3,369,2026-05-31T11:00:00+03:00,11:00
40W000000004136Z,İÇDAŞ BİGA TERMİK SANTRALİ_ 3,unknown,2026-05-31 12:00:00+03:00,,0.0,chunk_0009.json,POST /v1/generation/data/dpp-bulk,2026-05-31 21:45:13.822796+00:00,4136,İÇDAŞ BİGA TERMİK SANTRALİ_ 3,369,2026-05-31T12:00:00+03:00,12:00
40W000000004136Z,İÇDAŞ BİGA TERMİK SANTRALİ_ 3,unknown,2026-05-31 13:00:00+03:00,,0.0,chunk_0009.json,POST /v1/generation/data/dpp-bulk,2026-05-31 21:45:13.822796+00:00,4136,İÇDAŞ BİGA TERMİK SANTRALİ_ 3,369,2026-05-31T13:00:00+03:00,13:00
40W000000004136Z,İÇDAŞ BİGA TERMİK SANTRALİ_ 3,unknown,2026-05-31 14:00:00+03:00,,0.0,chunk_0009.json,POST /v1/generation/data/dpp-bulk,2026-05-31 21:45:13.822796+00:00,4136,İÇDAŞ BİGA TERMİK SANTRALİ_ 3,369,2026-05-31T14:00:00+03:00,14:00
40W000000004136Z,İÇDAŞ BİGA TERMİK SANTRALİ_ 3,unknown,2026-05-31 15:00:00+03:00,,0.0,chunk_0009.json,POST /v1/generation/data/dpp-bulk,2026-05-31 21:45:13.822796+00:00,4136,İÇDAŞ BİGA TERMİK SANTRALİ_ 3,369,2026-05-31T15:00:00+03:00,15:00
40W000000004136Z,İÇDAŞ BİGA TERMİK SANTRALİ_ 3,unknown,2026-05-31 16:00:00+03:00,,0.0,chunk_0009.json,POST /v1/generation/data/dpp-bulk,2026-05-31 21:45:13.822796+00:00,4136,İÇDAŞ BİGA TERMİK SANTRALİ_ 3,369,2026-05-31T16:00:00+03:00,16:00
40W000000004136Z,İÇDAŞ BİGA TERMİK SANTRALİ_ 3,unknown,2026-05-31 17:00:00+03:00,,0.0,chunk_0009.json,POST /v1/generation/data/dpp-bulk,2026-05-31 21:45:13.822796+00:00,4136,İÇDAŞ BİGA TERMİK SANTRALİ_ 3,369,2026-05-31T17:00:00+03:00,17:00
40W000000004136Z,İÇDAŞ BİGA TERMİK SANTRALİ_ 3,unknown,2026-05-31 18:00:00+03:00,,0.0,chunk_0009.json,POST /v1/generation/data/dpp-bulk,2026-05-31 21:45:13.822796+00:00,4136,İÇDAŞ BİGA TERMİK SANTRALİ_ 3,369,2026-05-31T18:00:00+03:00,18:00
40W000000004136Z,İÇDAŞ BİGA TERMİK SANTRALİ_ 3,unknown,2026-05-31 19:00:00+03:00,,0.0,chunk_0009.json,POST /v1/generation/data/dpp-bulk,2026-05-31 21:45:13.822796+00:00,4136,İÇDAŞ BİGA TERMİK SANTRALİ_ 3,369,2026-05-31T19:00:00+03:00,19:00
40W000000004136Z,İÇDAŞ BİGA TERMİK SANTRALİ_ 3,unknown,2026-05-31 20:00:00+03:00,,0.0,chunk_0009.json,POST /v1/generation/data/dpp-bulk,2026-05-31 21:45:13.822796+00:00,4136,İÇDAŞ BİGA TERMİK SANTRALİ_ 3,369,2026-05-31T20:00:00+03:00,20:00
40W000000004136Z,İÇDAŞ BİGA TERMİK SANTRALİ_ 3,unknown,2026-05-31 21:00:00+03:00,,0.0,chunk_0009.json,POST /v1/generation/data/dpp-bulk,2026-05-31 21:45:13.822796+00:00,4136,İÇDAŞ BİGA TERMİK SANTRALİ_ 3,369,2026-05-31T21:00:00+03:00,21:00
40W000000004136Z,İÇDAŞ BİGA TERMİK SANTRALİ_ 3,unknown,2026-05-31 22:00:00+03:00,,0.0,chunk_0009.json,POST /v1/generation/data/dpp-bulk,2026-05-31 21:45:13.822796+00:00,4136,İÇDAŞ BİGA TERMİK SANTRALİ_ 3,369,2026-05-31T22:00:00+03:00,22:00
40W000000004136Z,İÇDAŞ BİGA TERMİK SANTRALİ_ 3,unknown,2026-05-31 23:00:00+03:00,,0.0,chunk_0009.json,POST /v1/generation/data/dpp-bulk,2026-05-31 21:45:13.822796+00:00,4136,İÇDAŞ BİGA TERMİK SANTRALİ_ 3,369,2026-05-31T23:00:00+03:00,23:00
40W000000004541Q,ETİ SODA,unknown,2026-05-31 00:00:00+03:00,,0.0,chunk_0009.json,POST /v1/generation/data/dpp-bulk,2026-05-31 21:45:13.822796+00:00,4541,ETİ SODA,593,2026-05-31T00:00:00+03:00,00:00
40W000000004541Q,ETİ SODA,unknown,2026-05-31 01:00:00+03:00,,0.0,chunk_0009.json,POST /v1/generation/data/dpp-bulk,2026-05-31 21:45:13.822796+00:00,4541,ETİ SODA,593,2026-05-31T01:00:00+03:00,01:00
40W000000004541Q,ETİ SODA,unknown,2026-05-31 02:00:00+03:00,,0.0,chunk_0009.json,POST /v1/generation/data/dpp-bulk,2026-05-31 21:45:13.822796+00:00,4541,ETİ SODA,593,2026-05-31T02:00:00+03:00,02:00
40W000000004541Q,ETİ SODA,unknown,2026-05-31 03:00:00+03:00,,0.0,chunk_0009.json,POST /v1/generation/data/dpp-bulk,2026-05-31 21:45:13.822796+00:00,4541,ETİ SODA,593,2026-05-31T03:00:00+03:00,03:00
40W000000004541Q,ETİ SODA,unknown,2026-05-31 04:00:00+03:00,,0.0,chunk_0009.json,POST /v1/generation/data/dpp-bulk,2026-05-31 21:45:13.822796+00:00,4541,ETİ SODA,593,2026-05-31T04:00:00+03:00,04:00
40W000000004541Q,ETİ SODA,unknown,2026-05-31 05:00:00+03:00,,0.0,chunk_0009.json,POST /v1/generation/data/dpp-bulk,2026-05-31 21:45:13.822796+00:00,4541,ETİ SODA,593,2026-05-31T05:00:00+03:00,05:00
40W000000004541Q,ETİ SODA,unknown,2026-05-31 06:00:00+03:00,,0.0,chunk_0009.json,POST /v1/generation/data/dpp-bulk,2026-05-31 21:45:13.822796+00:00,4541,ETİ SODA,593,2026-05-31T06:00:00+03:00,06:00
40W000000004541Q,ETİ SODA,unknown,2026-05-31 07:00:00+03:00,,0.0,chunk_0009.json,POST /v1/generation/data/dpp-bulk,2026-05-31 21:45:13.822796+00:00,4541,ETİ SODA,593,2026-05-31T07:00:00+03:00,07:00
40W000000004541Q,ETİ SODA,unknown,2026-05-31 08:00:00+03:00,,0.0,chunk_0009.json,POST /v1/generation/data/dpp-bulk,2026-05-31 21:45:13.822796+00:00,4541,ETİ SODA,593,2026-05-31T08:00:00+03:00,08:00
40W000000004541Q,ETİ SODA,unknown,2026-05-31 09:00:00+03:00,,0.0,chunk_0009.json,POST /v1/generation/data/dpp-bulk,2026-05-31 21:45:13.822796+00:00,4541,ETİ SODA,593,2026-05-31T09:00:00+03:00,09:00
40W000000004541Q,ETİ SODA,unknown,2026-05-31 10:00:00+03:00,,0.0,chunk_0009.json,POST /v1/generation/data/dpp-bulk,2026-05-31 21:45:13.822796+00:00,4541,ETİ SODA,593,2026-05-31T10:00:00+03:00,10:00
40W000000004541Q,ETİ SODA,unknown,2026-05-31 11:00:00+03:00,,0.0,chunk_0009.json,POST /v1/generation/data/dpp-bulk,2026-05-31 21:45:13.822796+00:00,4541,ETİ SODA,593,2026-05-31T11:00:00+03:00,11:00
40W000000004541Q,ETİ SODA,unknown,2026-05-31 12:00:00+03:00,,0.0,chunk_0009.json,POST /v1/generation/data/dpp-bulk,2026-05-31 21:45:13.822796+00:00,4541,ETİ SODA,593,2026-05-31T12:00:00+03:00,12:00
40W000000004541Q,ETİ SODA,unknown,2026-05-31 13:00:00+03:00,,0.0,chunk_0009.json,POST /v1/generation/data/dpp-bulk,2026-05-31 21:45:13.822796+00:00,4541,ETİ SODA,593,2026-05-31T13:00:00+03:00,13:00
40W000000004541Q,ETİ SODA,unknown,2026-05-31 14:00:00+03:00,,0.0,chunk_0009.json,POST /v1/generation/data/dpp-bulk,2026-05-31 21:45:13.822796+00:00,4541,ETİ SODA,593,2026-05-31T14:00:00+03:00,14:00
40W000000004541Q,ETİ SODA,unknown,2026-05-31 15:00:00+03:00,,0.0,chunk_0009.json,POST /v1/generation/data/dpp-bulk,2026-05-31 21:45:13.822796+00:00,4541,ETİ SODA,593,2026-05-31T15:00:00+03:00,15:00
40W000000004541Q,ETİ SODA,unknown,2026-05-31 16:00:00+03:00,,0.0,chunk_0009.json,POST /v1/generation/data/dpp-bulk,2026-05-31 21:45:13.822796+00:00,4541,ETİ SODA,593,2026-05-31T16:00:00+03:00,16:00
40W000000004541Q,ETİ SODA,unknown,2026-05-31 17:00:00+03:00,,0.0,chunk_0009.json,POST /v1/generation/data/dpp-bulk,2026-05-31 21:45:13.822796+00:00,4541,ETİ SODA,593,2026-05-31T17:00:00+03:00,17:00
40W000000004541Q,ETİ SODA,unknown,2026-05-31 18:00:00+03:00,,0.0,chunk_0009.json,POST /v1/generation/data/dpp-bulk,2026-05-31 21:45:13.822796+00:00,4541,ETİ SODA,593,2026-05-31T18:00:00+03:00,18:00
40W000000004541Q,ETİ SODA,unknown,2026-05-31 19:00:00+03:00,,0.0,chunk_0009.json,POST /v1/generation/data/dpp-bulk,2026-05-31 21:45:13.822796+00:00,4541,ETİ SODA,593,2026-05-31T19:00:00+03:00,19:00
40W000000004541Q,ETİ SODA,unknown,2026-05-31 20:00:00+03:00,,0.0,chunk_0009.json,POST /v1/generation/data/dpp-bulk,2026-05-31 21:45:13.822796+00:00,4541,ETİ SODA,593,2026-05-31T20:00:00+03:00,20:00
40W000000004541Q,ETİ SODA,unknown,2026-05-31 21:00:00+03:00,,0.0,chunk_0009.json,POST /v1/generation/data/dpp-bulk,2026-05-31 21:45:13.822796+00:00,4541,ETİ SODA,593,2026-05-31T21:00:00+03:00,21:00
40W000000004541Q,ETİ SODA,unknown,2026-05-31 22:00:00+03:00,,0.0,chunk_0009.json,POST /v1/generation/data/dpp-bulk,2026-05-31 21:45:13.822796+00:00,4541,ETİ SODA,593,2026-05-31T22:00:00+03:00,22:00
40W000000004541Q,ETİ SODA,unknown,2026-05-31 23:00:00+03:00,,0.0,chunk_0009.json,POST /v1/generation/data/dpp-bulk,2026-05-31 21:45:13.822796+00:00,4541,ETİ SODA,593,2026-05-31T23:00:00+03:00,23:00
40W000000004092T,DENİZLİ ELEKTRİK ÜRETİM A.Ş.,unknown,2026-05-31 00:00:00+03:00,,0.0,chunk_0009.json,POST /v1/generation/data/dpp-bulk,2026-05-31 21:45:13.822796+00:00,4092,DENİZLİ ELEKTRİK ÜRETİM A.Ş.,674,2026-05-31T00:00:00+03:00,00:00
40W000000004092T,DENİZLİ ELEKTRİK ÜRETİM A.Ş.,unknown,2026-05-31 01:00:00+03:00,,0.0,chunk_0009.json,POST /v1/generation/data/dpp-bulk,2026-05-31 21:45:13.822796+00:00,4092,DENİZLİ ELEKTRİK ÜRETİM A.Ş.,674,2026-05-31T01:00:00+03:00,01:00
40W000000004092T,DENİZLİ ELEKTRİK ÜRETİM A.Ş.,unknown,2026-05-31 02:00:00+03:00,,0.0,chunk_0009.json,POST /v1/generation/data/dpp-bulk,2026-05-31 21:45:13.822796+00:00,4092,DENİZLİ ELEKTRİK ÜRETİM A.Ş.,674,2026-05-31T02:00:00+03:00,02:00
40W000000004092T,DENİZLİ ELEKTRİK ÜRETİM A.Ş.,unknown,2026-05-31 03:00:00+03:00,,0.0,chunk_0009.json,POST /v1/generation/data/dpp-bulk,2026-05-31 21:45:13.822796+00:00,4092,DENİZLİ ELEKTRİK ÜRETİM A.Ş.,674,2026-05-31T03:00:00+03:00,03:00
40W000000004092T,DENİZLİ ELEKTRİK ÜRETİM A.Ş.,unknown,2026-05-31 04:00:00+03:00,,0.0,chunk_0009.json,POST /v1/generation/data/dpp-bulk,2026-05-31 21:45:13.822796+00:00,4092,DENİZLİ ELEKTRİK ÜRETİM A.Ş.,674,2026-05-31T04:00:00+03:00,04:00
40W000000004092T,DENİZLİ ELEKTRİK ÜRETİM A.Ş.,unknown,2026-05-31 05:00:00+03:00,,0.0,chunk_0009.json,POST /v1/generation/data/dpp-bulk,2026-05-31 21:45:13.822796+00:00,4092,DENİZLİ ELEKTRİK ÜRETİM A.Ş.,674,2026-05-31T05:00:00+03:00,05:00
40W000000004092T,DENİZLİ ELEKTRİK ÜRETİM A.Ş.,unknown,2026-05-31 06:00:00+03:00,,0.0,chunk_0009.json,POST /v1/generation/data/dpp-bulk,2026-05-31 21:45:13.822796+00:00,4092,DENİZLİ ELEKTRİK ÜRETİM A.Ş.,674,2026-05-31T06:00:00+03:00,06:00
40W000000004092T,DENİZLİ ELEKTRİK ÜRETİM A.Ş.,unknown,2026-05-31 07:00:00+03:00,,0.0,chunk_0009.json,POST /v1/generation/data/dpp-bulk,2026-05-31 21:45:13.822796+00:00,4092,DENİZLİ ELEKTRİK ÜRETİM A.Ş.,674,2026-05-31T07:00:00+03:00,07:00
40W000000004092T,DENİZLİ ELEKTRİK ÜRETİM A.Ş.,unknown,2026-05-31 08:00:00+03:00,,0.0,chunk_0009.json,POST /v1/generation/data/dpp-bulk,2026-05-31 21:45:13.822796+00:00,4092,DENİZLİ ELEKTRİK ÜRETİM A.Ş.,674,2026-05-31T08:00:00+03:00,08:00
40W000000004092T,DENİZLİ ELEKTRİK ÜRETİM A.Ş.,unknown,2026-05-31 09:00:00+03:00,,0.0,chunk_0009.json,POST /v1/generation/data/dpp-bulk,2026-05-31 21:45:13.822796+00:00,4092,DENİZLİ ELEKTRİK ÜRETİM A.Ş.,674,2026-05-31T09:00:00+03:00,09:00
40W000000004092T,DENİZLİ ELEKTRİK ÜRETİM A.Ş.,unknown,2026-05-31 10:00:00+03:00,,0.0,chunk_0009.json,POST /v1/generation/data/dpp-bulk,2026-05-31 21:45:13.822796+00:00,4092,DENİZLİ ELEKTRİK ÜRETİM A.Ş.,674,2026-05-31T10:00:00+03:00,10:00
40W000000004092T,DENİZLİ ELEKTRİK ÜRETİM A.Ş.,unknown,2026-05-31 11:00:00+03:00,,0.0,chunk_0009.json,POST /v1/generation/data/dpp-bulk,2026-05-31 21:45:13.822796+00:00,4092,DENİZLİ ELEKTRİK ÜRETİM A.Ş.,674,2026-05-31T11:00:00+03:00,11:00
40W000000004092T,DENİZLİ ELEKTRİK ÜRETİM A.Ş.,unknown,2026-05-31 12:00:00+03:00,,0.0,chunk_0009.json,POST /v1/generation/data/dpp-bulk,2026-05-31 21:45:13.822796+00:00,4092,DENİZLİ ELEKTRİK ÜRETİM A.Ş.,674,2026-05-31T12:00:00+03:00,12:00
40W000000004092T,DENİZLİ ELEKTRİK ÜRETİM A.Ş.,unknown,2026-05-31 13:00:00+03:00,,0.0,chunk_0009.json,POST /v1/generation/data/dpp-bulk,2026-05-31 21:45:13.822796+00:00,4092,DENİZLİ ELEKTRİK ÜRETİM A.Ş.,674,2026-05-31T13:00:00+03:00,13:00
40W000000004092T,DENİZLİ ELEKTRİK ÜRETİM A.Ş.,unknown,2026-05-31 14:00:00+03:00,,0.0,chunk_0009.json,POST /v1/generation/data/dpp-bulk,2026-05-31 21:45:13.822796+00:00,4092,DENİZLİ ELEKTRİK ÜRETİM A.Ş.,674,2026-05-31T14:00:00+03:00,14:00
40W000000004092T,DENİZLİ ELEKTRİK ÜRETİM A.Ş.,unknown,2026-05-31 15:00:00+03:00,,0.0,chunk_0009.json,POST /v1/generation/data/dpp-bulk,2026-05-31 21:45:13.822796+00:00,4092,DENİZLİ ELEKTRİK ÜRETİM A.Ş.,674,2026-05-31T15:00:00+03:00,15:00
40W000000004092T,DENİZLİ ELEKTRİK ÜRETİM A.Ş.,unknown,2026-05-31 16:00:00+03:00,,0.0,chunk_0009.json,POST /v1/generation/data/dpp-bulk,2026-05-31 21:45:13.822796+00:00,4092,DENİZLİ ELEKTRİK ÜRETİM A.Ş.,674,2026-05-31T16:00:00+03:00,16:00
40W000000004092T,DENİZLİ ELEKTRİK ÜRETİM A.Ş.,unknown,2026-05-31 17:00:00+03:00,,0.0,chunk_0009.json,POST /v1/generation/data/dpp-bulk,2026-05-31 21:45:13.822796+00:00,4092,DENİZLİ ELEKTRİK ÜRETİM A.Ş.,674,2026-05-31T17:00:00+03:00,17:00
40W000000004092T,DENİZLİ ELEKTRİK ÜRETİM A.Ş.,unknown,2026-05-31 18:00:00+03:00,,0.0,chunk_0009.json,POST /v1/generation/data/dpp-bulk,2026-05-31 21:45:13.822796+00:00,4092,DENİZLİ ELEKTRİK ÜRETİM A.Ş.,674,2026-05-31T18:00:00+03:00,18:00
40W000000004092T,DENİZLİ ELEKTRİK ÜRETİM A.Ş.,unknown,2026-05-31 19:00:00+03:00,,0.0,chunk_0009.json,POST /v1/generation/data/dpp-bulk,2026-05-31 21:45:13.822796+00:00,4092,DENİZLİ ELEKTRİK ÜRETİM A.Ş.,674,2026-05-31T19:00:00+03:00,19:00
40W000000004092T,DENİZLİ ELEKTRİK ÜRETİM A.Ş.,unknown,2026-05-31 20:00:00+03:00,,0.0,chunk_0009.json,POST /v1/generation/data/dpp-bulk,2026-05-31 21:45:13.822796+00:00,4092,DENİZLİ ELEKTRİK ÜRETİM A.Ş.,674,2026-05-31T20:00:00+03:00,20:00
40W000000004092T,DENİZLİ ELEKTRİK ÜRETİM A.Ş.,unknown,2026-05-31 21:00:00+03:00,,0.0,chunk_0009.json,POST /v1/generation/data/dpp-bulk,2026-05-31 21:45:13.822796+00:00,4092,DENİZLİ ELEKTRİK ÜRETİM A.Ş.,674,2026-05-31T21:00:00+03:00,21:00
40W000000004092T,DENİZLİ ELEKTRİK ÜRETİM A.Ş.,unknown,2026-05-31 22:00:00+03:00,,0.0,chunk_0009.json,POST /v1/generation/data/dpp-bulk,2026-05-31 21:45:13.822796+00:00,4092,DENİZLİ ELEKTRİK ÜRETİM A.Ş.,674,2026-05-31T22:00:00+03:00,22:00
40W000000004092T,DENİZLİ ELEKTRİK ÜRETİM A.Ş.,unknown,2026-05-31 23:00:00+03:00,,0.0,chunk_0009.json,POST /v1/generation/data/dpp-bulk,2026-05-31 21:45:13.822796+00:00,4092,DENİZLİ ELEKTRİK ÜRETİM A.Ş.,674,2026-05-31T23:00:00+03:00,23:00
40W000000004094P,SOMA RES(SOMA ENR.),unknown,2026-05-31 00:00:00+03:00,,8.77,chunk_0009.json,POST /v1/generation/data/dpp-bulk,2026-05-31 21:45:13.822796+00:00,4094,SOMA RES(SOMA ENR.),675,2026-05-31T00:00:00+03:00,00:00
40W000000004094P,SOMA RES(SOMA ENR.),unknown,2026-05-31 01:00:00+03:00,,7.15,chunk_0009.json,POST /v1/generation/data/dpp-bulk,2026-05-31 21:45:13.822796+00:00,4094,SOMA RES(SOMA ENR.),675,2026-05-31T01:00:00+03:00,01:00
40W000000004094P,SOMA RES(SOMA ENR.),unknown,2026-05-31 02:00:00+03:00,,5.39,chunk_0009.json,POST /v1/generation/data/dpp-bulk,2026-05-31 21:45:13.822796+00:00,4094,SOMA RES(SOMA ENR.),675,2026-05-31T02:00:00+03:00,02:00
40W000000004094P,SOMA RES(SOMA ENR.),unknown,2026-05-31 03:00:00+03:00,,3.3,chunk_0009.json,POST /v1/generation/data/dpp-bulk,2026-05-31 21:45:13.822796+00:00,4094,SOMA RES(SOMA ENR.),675,2026-05-31T03:00:00+03:00,03:00
40W000000004094P,SOMA RES(SOMA ENR.),unknown,2026-05-31 04:00:00+03:00,,2.1,chunk_0009.json,POST /v1/generation/data/dpp-bulk,2026-05-31 21:45:13.822796+00:00,4094,SOMA RES(SOMA ENR.),675,2026-05-31T04:00:00+03:00,04:00
40W000000004094P,SOMA RES(SOMA ENR.),unknown,2026-05-31 05:00:00+03:00,,1.9,chunk_0009.json,POST /v1/generation/data/dpp-bulk,2026-05-31 21:45:13.822796+00:00,4094,SOMA RES(SOMA ENR.),675,2026-05-31T05:00:00+03:00,05:00
40W000000004094P,SOMA RES(SOMA ENR.),unknown,2026-05-31 06:00:00+03:00,,0.0,chunk_0009.json,POST /v1/generation/data/dpp-bulk,2026-05-31 21:45:13.822796+00:00,4094,SOMA RES(SOMA ENR.),675,2026-05-31T06:00:00+03:00,06:00
40W000000004094P,SOMA RES(SOMA ENR.),unknown,2026-05-31 07:00:00+03:00,,0.0,chunk_0009.json,POST /v1/generation/data/dpp-bulk,2026-05-31 21:45:13.822796+00:00,4094,SOMA RES(SOMA ENR.),675,2026-05-31T07:00:00+03:00,07:00
40W000000004094P,SOMA RES(SOMA ENR.),unknown,2026-05-31 08:00:00+03:00,,0.0,chunk_0009.json,POST /v1/generation/data/dpp-bulk,2026-05-31 21:45:13.822796+00:00,4094,SOMA RES(SOMA ENR.),675,2026-05-31T08:00:00+03:00,08:00
40W000000004094P,SOMA RES(SOMA ENR.),unknown,2026-05-31 09:00:00+03:00,,0.0,chunk_0009.json,POST /v1/generation/data/dpp-bulk,2026-05-31 21:45:13.822796+00:00,4094,SOMA RES(SOMA ENR.),675,2026-05-31T09:00:00+03:00,09:00
40W000000004094P,SOMA RES(SOMA ENR.),unknown,2026-05-31 10:00:00+03:00,,0.0,chunk_0009.json,POST /v1/generation/data/dpp-bulk,2026-05-31 21:45:13.822796+00:00,4094,SOMA RES(SOMA ENR.),675,2026-05-31T10:00:00+03:00,10:00
40W000000004094P,SOMA RES(SOMA ENR.),unknown,2026-05-31 11:00:00+03:00,,0.0,chunk_0009.json,POST /v1/generation/data/dpp-bulk,2026-05-31 21:45:13.822796+00:00,4094,SOMA RES(SOMA ENR.),675,2026-05-31T11:00:00+03:00,11:00
40W000000004094P,SOMA RES(SOMA ENR.),unknown,2026-05-31 12:00:00+03:00,,0.0,chunk_0009.json,POST /v1/generation/data/dpp-bulk,2026-05-31 21:45:13.822796+00:00,4094,SOMA RES(SOMA ENR.),675,2026-05-31T12:00:00+03:00,12:00
40W000000004094P,SOMA RES(SOMA ENR.),unknown,2026-05-31 13:00:00+03:00,,0.0,chunk_0009.json,POST /v1/generation/data/dpp-bulk,2026-05-31 21:45:13.822796+00:00,4094,SOMA RES(SOMA ENR.),675,2026-05-31T13:00:00+03:00,13:00
40W000000004094P,SOMA RES(SOMA ENR.),unknown,2026-05-31 14:00:00+03:00,,0.0,chunk_0009.json,POST /v1/generation/data/dpp-bulk,2026-05-31 21:45:13.822796+00:00,4094,SOMA RES(SOMA ENR.),675,2026-05-31T14:00:00+03:00,14:00
40W000000004094P,SOMA RES(SOMA ENR.),unknown,2026-05-31 15:00:00+03:00,,0.0,chunk_0009.json,POST /v1/generation/data/dpp-bulk,2026-05-31 21:45:13.822796+00:00,4094,SOMA RES(SOMA ENR.),675,2026-05-31T15:00:00+03:00,15:00
40W000000004094P,SOMA RES(SOMA ENR.),unknown,2026-05-31 16:00:00+03:00,,0.0,chunk_0009.json,POST /v1/generation/data/dpp-bulk,2026-05-31 21:45:13.822796+00:00,4094,SOMA RES(SOMA ENR.),675,2026-05-31T16:00:00+03:00,16:00
40W000000004094P,SOMA RES(SOMA ENR.),unknown,2026-05-31 17:00:00+03:00,,0.0,chunk_0009.json,POST /v1/generation/data/dpp-bulk,2026-05-31 21:45:13.822796+00:00,4094,SOMA RES(SOMA ENR.),675,2026-05-31T17:00:00+03:00,17:00
40W000000004094P,SOMA RES(SOMA ENR.),unknown,2026-05-31 18:00:00+03:00,,41.11,chunk_0009.json,POST /v1/generation/data/dpp-bulk,2026-05-31 21:45:13.822796+00:00,4094,SOMA RES(SOMA ENR.),675,2026-05-31T18:00:00+03:00,18:00
40W000000004094P,SOMA RES(SOMA ENR.),unknown,2026-05-31 19:00:00+03:00,,48.05,chunk_0009.json,POST /v1/generation/data/dpp-bulk,2026-05-31 21:45:13.822796+00:00,4094,SOMA RES(SOMA ENR.),675,2026-05-31T19:00:00+03:00,19:00
40W000000004094P,SOMA RES(SOMA ENR.),unknown,2026-05-31 20:00:00+03:00,,41.93,chunk_0009.json,POST /v1/generation/data/dpp-bulk,2026-05-31 21:45:13.822796+00:00,4094,SOMA RES(SOMA ENR.),675,2026-05-31T20:00:00+03:00,20:00
40W000000004094P,SOMA RES(SOMA ENR.),unknown,2026-05-31 21:00:00+03:00,,34.8,chunk_0009.json,POST /v1/generation/data/dpp-bulk,2026-05-31 21:45:13.822796+00:00,4094,SOMA RES(SOMA ENR.),675,2026-05-31T21:00:00+03:00,21:00
40W000000004094P,SOMA RES(SOMA ENR.),unknown,2026-05-31 22:00:00+03:00,,19.7,chunk_0009.json,POST /v1/generation/data/dpp-bulk,2026-05-31 21:45:13.822796+00:00,4094,SOMA RES(SOMA ENR.),675,2026-05-31T22:00:00+03:00,22:00
40W000000004094P,SOMA RES(SOMA ENR.),unknown,2026-05-31 23:00:00+03:00,,19.4,chunk_0009.json,POST /v1/generation/data/dpp-bulk,2026-05-31 21:45:13.822796+00:00,4094,SOMA RES(SOMA ENR.),675,2026-05-31T23:00:00+03:00,23:00
40W0000000048650,MERCEDES-BENZ TÜRK A.Ş.,unknown,2026-05-31 00:00:00+03:00,,0.0,chunk_0009.json,POST /v1/generation/data/dpp-bulk,2026-05-31 21:45:13.822796+00:00,4865,MERCEDES-BENZ TÜRK A.Ş.,683,2026-05-31T00:00:00+03:00,00:00
40W0000000048650,MERCEDES-BENZ TÜRK A.Ş.,unknown,2026-05-31 01:00:00+03:00,,0.0,chunk_0009.json,POST /v1/generation/data/dpp-bulk,2026-05-31 21:45:13.822796+00:00,4865,MERCEDES-BENZ TÜRK A.Ş.,683,2026-05-31T01:00:00+03:00,01:00
40W0000000048650,MERCEDES-BENZ TÜRK A.Ş.,unknown,2026-05-31 02:00:00+03:00,,0.0,chunk_0009.json,POST /v1/generation/data/dpp-bulk,2026-05-31 21:45:13.822796+00:00,4865,MERCEDES-BENZ TÜRK A.Ş.,683,2026-05-31T02:00:00+03:00,02:00
40W0000000048650,MERCEDES-BENZ TÜRK A.Ş.,unknown,2026-05-31 03:00:00+03:00,,0.0,chunk_0009.json,POST /v1/generation/data/dpp-bulk,2026-05-31 21:45:13.822796+00:00,4865,MERCEDES-BENZ TÜRK A.Ş.,683,2026-05-31T03:00:00+03:00,03:00
40W0000000048650,MERCEDES-BENZ TÜRK A.Ş.,unknown,2026-05-31 04:00:00+03:00,,0.0,chunk_0009.json,POST /v1/generation/data/dpp-bulk,2026-05-31 21:45:13.822796+00:00,4865,MERCEDES-BENZ TÜRK A.Ş.,683,2026-05-31T04:00:00+03:00,04:00
40W0000000048650,MERCEDES-BENZ TÜRK A.Ş.,unknown,2026-05-31 05:00:00+03:00,,0.0,chunk_0009.json,POST /v1/generation/data/dpp-bulk,2026-05-31 21:45:13.822796+00:00,4865,MERCEDES-BENZ TÜRK A.Ş.,683,2026-05-31T05:00:00+03:00,05:00
40W0000000048650,MERCEDES-BENZ TÜRK A.Ş.,unknown,2026-05-31 06:00:00+03:00,,0.0,chunk_0009.json,POST /v1/generation/data/dpp-bulk,2026-05-31 21:45:13.822796+00:00,4865,MERCEDES-BENZ TÜRK A.Ş.,683,2026-05-31T06:00:00+03:00,06:00
40W0000000048650,MERCEDES-BENZ TÜRK A.Ş.,unknown,2026-05-31 07:00:00+03:00,,0.0,chunk_0009.json,POST /v1/generation/data/dpp-bulk,2026-05-31 21:45:13.822796+00:00,4865,MERCEDES-BENZ TÜRK A.Ş.,683,2026-05-31T07:00:00+03:00,07:00
40W0000000048650,MERCEDES-BENZ TÜRK A.Ş.,unknown,2026-05-31 08:00:00+03:00,,0.0,chunk_0009.json,POST /v1/generation/data/dpp-bulk,2026-05-31 21:45:13.822796+00:00,4865,MERCEDES-BENZ TÜRK A.Ş.,683,2026-05-31T08:00:00+03:00,08:00
40W0000000048650,MERCEDES-BENZ TÜRK A.Ş.,unknown,2026-05-31 09:00:00+03:00,,0.0,chunk_0009.json,POST /v1/generation/data/dpp-bulk,2026-05-31 21:45:13.822796+00:00,4865,MERCEDES-BENZ TÜRK A.Ş.,683,2026-05-31T09:00:00+03:00,09:00
40W0000000048650,MERCEDES-BENZ TÜRK A.Ş.,unknown,2026-05-31 10:00:00+03:00,,0.0,chunk_0009.json,POST /v1/generation/data/dpp-bulk,2026-05-31 21:45:13.822796+00:00,4865,MERCEDES-BENZ TÜRK A.Ş.,683,2026-05-31T10:00:00+03:00,10:00
40W0000000048650,MERCEDES-BENZ TÜRK A.Ş.,unknown,2026-05-31 11:00:00+03:00,,0.0,chunk_0009.json,POST /v1/generation/data/dpp-bulk,2026-05-31 21:45:13.822796+00:00,4865,MERCEDES-BENZ TÜRK A.Ş.,683,2026-05-31T11:00:00+03:00,11:00
40W0000000048650,MERCEDES-BENZ TÜRK A.Ş.,unknown,2026-05-31 12:00:00+03:00,,0.0,chunk_0009.json,POST /v1/generation/data/dpp-bulk,2026-05-31 21:45:13.822796+00:00,4865,MERCEDES-BENZ TÜRK A.Ş.,683,2026-05-31T12:00:00+03:00,12:00
40W0000000048650,MERCEDES-BENZ TÜRK A.Ş.,unknown,2026-05-31 13:00:00+03:00,,0.0,chunk_0009.json,POST /v1/generation/data/dpp-bulk,2026-05-31 21:45:13.822796+00:00,4865,MERCEDES-BENZ TÜRK A.Ş.,683,2026-05-31T13:00:00+03:00,13:00
40W0000000048650,MERCEDES-BENZ TÜRK A.Ş.,unknown,2026-05-31 14:00:00+03:00,,0.0,chunk_0009.json,POST /v1/generation/data/dpp-bulk,2026-05-31 21:45:13.822796+00:00,4865,MERCEDES-BENZ TÜRK A.Ş.,683,2026-05-31T14:00:00+03:00,14:00
40W0000000048650,MERCEDES-BENZ TÜRK A.Ş.,unknown,2026-05-31 15:00:00+03:00,,0.0,chunk_0009.json,POST /v1/generation/data/dpp-bulk,2026-05-31 21:45:13.822796+00:00,4865,MERCEDES-BENZ TÜRK A.Ş.,683,2026-05-31T15:00:00+03:00,15:00
40W0000000048650,MERCEDES-BENZ TÜRK A.Ş.,unknown,2026-05-31 16:00:00+03:00,,0.0,chunk_0009.json,POST /v1/generation/data/dpp-bulk,2026-05-31 21:45:13.822796+00:00,4865,MERCEDES-BENZ TÜRK A.Ş.,683,2026-05-31T16:00:00+03:00,16:00
40W0000000048650,MERCEDES-BENZ TÜRK A.Ş.,unknown,2026-05-31 17:00:00+03:00,,0.0,chunk_0009.json,POST /v1/generation/data/dpp-bulk,2026-05-31 21:45:13.822796+00:00,4865,MERCEDES-BENZ TÜRK A.Ş.,683,2026-05-31T17:00:00+03:00,17:00
40W0000000048650,MERCEDES-BENZ TÜRK A.Ş.,unknown,2026-05-31 18:00:00+03:00,,0.0,chunk_0009.json,POST /v1/generation/data/dpp-bulk,2026-05-31 21:45:13.822796+00:00,4865,MERCEDES-BENZ TÜRK A.Ş.,683,2026-05-31T18:00:00+03:00,18:00
40W0000000048650,MERCEDES-BENZ TÜRK A.Ş.,unknown,2026-05-31 19:00:00+03:00,,0.0,chunk_0009.json,POST /v1/generation/data/dpp-bulk,2026-05-31 21:45:13.822796+00:00,4865,MERCEDES-BENZ TÜRK A.Ş.,683,2026-05-31T19:00:00+03:00,19:00
40W0000000048650,MERCEDES-BENZ TÜRK A.Ş.,unknown,2026-05-31 20:00:00+03:00,,0.0,chunk_0009.json,POST /v1/generation/data/dpp-bulk,2026-05-31 21:45:13.822796+00:00,4865,MERCEDES-BENZ TÜRK A.Ş.,683,2026-05-31T20:00:00+03:00,20:00
40W0000000048650,MERCEDES-BENZ TÜRK A.Ş.,unknown,2026-05-31 21:00:00+03:00,,0.0,chunk_0009.json,POST /v1/generation/data/dpp-bulk,2026-05-31 21:45:13.822796+00:00,4865,MERCEDES-BENZ TÜRK A.Ş.,683,2026-05-31T21:00:00+03:00,21:00
40W0000000048650,MERCEDES-BENZ TÜRK A.Ş.,unknown,2026-05-31 22:00:00+03:00,,0.0,chunk_0009.json,POST /v1/generation/data/dpp-bulk,2026-05-31 21:45:13.822796+00:00,4865,MERCEDES-BENZ TÜRK A.Ş.,683,2026-05-31T22:00:00+03:00,22:00
40W0000000048650,MERCEDES-BENZ TÜRK A.Ş.,unknown,2026-05-31 23:00:00+03:00,,0.0,chunk_0009.json,POST /v1/generation/data/dpp-bulk,2026-05-31 21:45:13.822796+00:00,4865,MERCEDES-BENZ TÜRK A.Ş.,683,2026-05-31T23:00:00+03:00,23:00
40W000000004461O,UZUNÇAYIR HES,unknown,2026-05-31 00:00:00+03:00,,0.0,chunk_0009.json,POST /v1/generation/data/dpp-bulk,2026-05-31 21:45:13.822796+00:00,4461,UZUNÇAYIR HES,684,2026-05-31T00:00:00+03:00,00:00
40W000000004461O,UZUNÇAYIR HES,unknown,2026-05-31 01:00:00+03:00,,0.0,chunk_0009.json,POST /v1/generation/data/dpp-bulk,2026-05-31 21:45:13.822796+00:00,4461,UZUNÇAYIR HES,684,2026-05-31T01:00:00+03:00,01:00
40W000000004461O,UZUNÇAYIR HES,unknown,2026-05-31 02:00:00+03:00,,0.0,chunk_0009.json,POST /v1/generation/data/dpp-bulk,2026-05-31 21:45:13.822796+00:00,4461,UZUNÇAYIR HES,684,2026-05-31T02:00:00+03:00,02:00
40W000000004461O,UZUNÇAYIR HES,unknown,2026-05-31 03:00:00+03:00,,0.0,chunk_0009.json,POST /v1/generation/data/dpp-bulk,2026-05-31 21:45:13.822796+00:00,4461,UZUNÇAYIR HES,684,2026-05-31T03:00:00+03:00,03:00
40W000000004461O,UZUNÇAYIR HES,unknown,2026-05-31 04:00:00+03:00,,0.0,chunk_0009.json,POST /v1/generation/data/dpp-bulk,2026-05-31 21:45:13.822796+00:00,4461,UZUNÇAYIR HES,684,2026-05-31T04:00:00+03:00,04:00
40W000000004461O,UZUNÇAYIR HES,unknown,2026-05-31 05:00:00+03:00,,0.0,chunk_0009.json,POST /v1/generation/data/dpp-bulk,2026-05-31 21:45:13.822796+00:00,4461,UZUNÇAYIR HES,684,2026-05-31T05:00:00+03:00,05:00
40W000000004461O,UZUNÇAYIR HES,unknown,2026-05-31 06:00:00+03:00,,0.0,chunk_0009.json,POST /v1/generation/data/dpp-bulk,2026-05-31 21:45:13.822796+00:00,4461,UZUNÇAYIR HES,684,2026-05-31T06:00:00+03:00,06:00
40W000000004461O,UZUNÇAYIR HES,unknown,2026-05-31 07:00:00+03:00,,0.0,chunk_0009.json,POST /v1/generation/data/dpp-bulk,2026-05-31 21:45:13.822796+00:00,4461,UZUNÇAYIR HES,684,2026-05-31T07:00:00+03:00,07:00
40W000000004461O,UZUNÇAYIR HES,unknown,2026-05-31 08:00:00+03:00,,0.0,chunk_0009.json,POST /v1/generation/data/dpp-bulk,2026-05-31 21:45:13.822796+00:00,4461,UZUNÇAYIR HES,684,2026-05-31T08:00:00+03:00,08:00
40W000000004461O,UZUNÇAYIR HES,unknown,2026-05-31 09:00:00+03:00,,0.0,chunk_0009.json,POST /v1/generation/data/dpp-bulk,2026-05-31 21:45:13.822796+00:00,4461,UZUNÇAYIR HES,684,2026-05-31T09:00:00+03:00,09:00
40W000000004461O,UZUNÇAYIR HES,unknown,2026-05-31 10:00:00+03:00,,0.0,chunk_0009.json,POST /v1/generation/data/dpp-bulk,2026-05-31 21:45:13.822796+00:00,4461,UZUNÇAYIR HES,684,2026-05-31T10:00:00+03:00,10:00
40W000000004461O,UZUNÇAYIR HES,unknown,2026-05-31 11:00:00+03:00,,0.0,chunk_0009.json,POST /v1/generation/data/dpp-bulk,2026-05-31 21:45:13.822796+00:00,4461,UZUNÇAYIR HES,684,2026-05-31T11:00:00+03:00,11:00
40W000000004461O,UZUNÇAYIR HES,unknown,2026-05-31 12:00:00+03:00,,0.0,chunk_0009.json,POST /v1/generation/data/dpp-bulk,2026-05-31 21:45:13.822796+00:00,4461,UZUNÇAYIR HES,684,2026-05-31T12:00:00+03:00,12:00
40W000000004461O,UZUNÇAYIR HES,unknown,2026-05-31 13:00:00+03:00,,0.0,chunk_0009.json,POST /v1/generation/data/dpp-bulk,2026-05-31 21:45:13.822796+00:00,4461,UZUNÇAYIR HES,684,2026-05-31T13:00:00+03:00,13:00
40W000000004461O,UZUNÇAYIR HES,unknown,2026-05-31 14:00:00+03:00,,0.0,chunk_0009.json,POST /v1/generation/data/dpp-bulk,2026-05-31 21:45:13.822796+00:00,4461,UZUNÇAYIR HES,684,2026-05-31T14:00:00+03:00,14:00
40W000000004461O,UZUNÇAYIR HES,unknown,2026-05-31 15:00:00+03:00,,0.0,chunk_0009.json,POST /v1/generation/data/dpp-bulk,2026-05-31 21:45:13.822796+00:00,4461,UZUNÇAYIR HES,684,2026-05-31T15:00:00+03:00,15:00
40W000000004461O,UZUNÇAYIR HES,unknown,2026-05-31 16:00:00+03:00,,0.0,chunk_0009.json,POST /v1/generation/data/dpp-bulk,2026-05-31 21:45:13.822796+00:00,4461,UZUNÇAYIR HES,684,2026-05-31T16:00:00+03:00,16:00
40W000000004461O,UZUNÇAYIR HES,unknown,2026-05-31 17:00:00+03:00,,0.0,chunk_0009.json,POST /v1/generation/data/dpp-bulk,2026-05-31 21:45:13.822796+00:00,4461,UZUNÇAYIR HES,684,2026-05-31T17:00:00+03:00,17:00
40W000000004461O,UZUNÇAYIR HES,unknown,2026-05-31 18:00:00+03:00,,60.0,chunk_0009.json,POST /v1/generation/data/dpp-bulk,2026-05-31 21:45:13.822796+00:00,4461,UZUNÇAYIR HES,684,2026-05-31T18:00:00+03:00,18:00
40W000000004461O,UZUNÇAYIR HES,unknown,2026-05-31 19:00:00+03:00,,60.0,chunk_0009.json,POST /v1/generation/data/dpp-bulk,2026-05-31 21:45:13.822796+00:00,4461,UZUNÇAYIR HES,684,2026-05-31T19:00:00+03:00,19:00
40W000000004461O,UZUNÇAYIR HES,unknown,2026-05-31 20:00:00+03:00,,60.0,chunk_0009.json,POST /v1/generation/data/dpp-bulk,2026-05-31 21:45:13.822796+00:00,4461,UZUNÇAYIR HES,684,2026-05-31T20:00:00+03:00,20:00
40W000000004461O,UZUNÇAYIR HES,unknown,2026-05-31 21:00:00+03:00,,60.0,chunk_0009.json,POST /v1/generation/data/dpp-bulk,2026-05-31 21:45:13.822796+00:00,4461,UZUNÇAYIR HES,684,2026-05-31T21:00:00+03:00,21:00
40W000000004461O,UZUNÇAYIR HES,unknown,2026-05-31 22:00:00+03:00,,60.0,chunk_0009.json,POST /v1/generation/data/dpp-bulk,2026-05-31 21:45:13.822796+00:00,4461,UZUNÇAYIR HES,684,2026-05-31T22:00:00+03:00,22:00
40W000000004461O,UZUNÇAYIR HES,unknown,2026-05-31 23:00:00+03:00,,60.0,chunk_0009.json,POST /v1/generation/data/dpp-bulk,2026-05-31 21:45:13.822796+00:00,4461,UZUNÇAYIR HES,684,2026-05-31T23:00:00+03:00,23:00
40W000010004421R,BELEN ELEKTRİK ÜRETİM A.Ş.,unknown,2026-05-31 00:00:00+03:00,,16.6,chunk_0009.json,POST /v1/generation/data/dpp-bulk,2026-05-31 21:45:13.822796+00:00,4421,BELEN ELEKTRİK ÜRETİM A.Ş.,997,2026-05-31T00:00:00+03:00,00:00
40W000010004421R,BELEN ELEKTRİK ÜRETİM A.Ş.,unknown,2026-05-31 01:00:00+03:00,,16.1,chunk_0009.json,POST /v1/generation/data/dpp-bulk,2026-05-31 21:45:13.822796+00:00,4421,BELEN ELEKTRİK ÜRETİM A.Ş.,997,2026-05-31T01:00:00+03:00,01:00
40W000010004421R,BELEN ELEKTRİK ÜRETİM A.Ş.,unknown,2026-05-31 02:00:00+03:00,,14.7,chunk_0009.json,POST /v1/generation/data/dpp-bulk,2026-05-31 21:45:13.822796+00:00,4421,BELEN ELEKTRİK ÜRETİM A.Ş.,997,2026-05-31T02:00:00+03:00,02:00
40W000010004421R,BELEN ELEKTRİK ÜRETİM A.Ş.,unknown,2026-05-31 03:00:00+03:00,,13.4,chunk_0009.json,POST /v1/generation/data/dpp-bulk,2026-05-31 21:45:13.822796+00:00,4421,BELEN ELEKTRİK ÜRETİM A.Ş.,997,2026-05-31T03:00:00+03:00,03:00
40W000010004421R,BELEN ELEKTRİK ÜRETİM A.Ş.,unknown,2026-05-31 04:00:00+03:00,,11.8,chunk_0009.json,POST /v1/generation/data/dpp-bulk,2026-05-31 21:45:13.822796+00:00,4421,BELEN ELEKTRİK ÜRETİM A.Ş.,997,2026-05-31T04:00:00+03:00,04:00
40W000010004421R,BELEN ELEKTRİK ÜRETİM A.Ş.,unknown,2026-05-31 05:00:00+03:00,,9.9,chunk_0009.json,POST /v1/generation/data/dpp-bulk,2026-05-31 21:45:13.822796+00:00,4421,BELEN ELEKTRİK ÜRETİM A.Ş.,997,2026-05-31T05:00:00+03:00,05:00
40W000010004421R,BELEN ELEKTRİK ÜRETİM A.Ş.,unknown,2026-05-31 06:00:00+03:00,,0.0,chunk_0009.json,POST /v1/generation/data/dpp-bulk,2026-05-31 21:45:13.822796+00:00,4421,BELEN ELEKTRİK ÜRETİM A.Ş.,997,2026-05-31T06:00:00+03:00,06:00
40W000010004421R,BELEN ELEKTRİK ÜRETİM A.Ş.,unknown,2026-05-31 07:00:00+03:00,,0.0,chunk_0009.json,POST /v1/generation/data/dpp-bulk,2026-05-31 21:45:13.822796+00:00,4421,BELEN ELEKTRİK ÜRETİM A.Ş.,997,2026-05-31T07:00:00+03:00,07:00
40W000010004421R,BELEN ELEKTRİK ÜRETİM A.Ş.,unknown,2026-05-31 08:00:00+03:00,,0.0,chunk_0009.json,POST /v1/generation/data/dpp-bulk,2026-05-31 21:45:13.822796+00:00,4421,BELEN ELEKTRİK ÜRETİM A.Ş.,997,2026-05-31T08:00:00+03:00,08:00
40W000010004421R,BELEN ELEKTRİK ÜRETİM A.Ş.,unknown,2026-05-31 09:00:00+03:00,,0.0,chunk_0009.json,POST /v1/generation/data/dpp-bulk,2026-05-31 21:45:13.822796+00:00,4421,BELEN ELEKTRİK ÜRETİM A.Ş.,997,2026-05-31T09:00:00+03:00,09:00
40W000010004421R,BELEN ELEKTRİK ÜRETİM A.Ş.,unknown,2026-05-31 10:00:00+03:00,,0.0,chunk_0009.json,POST /v1/generation/data/dpp-bulk,2026-05-31 21:45:13.822796+00:00,4421,BELEN ELEKTRİK ÜRETİM A.Ş.,997,2026-05-31T10:00:00+03:00,10:00
40W000010004421R,BELEN ELEKTRİK ÜRETİM A.Ş.,unknown,2026-05-31 11:00:00+03:00,,0.0,chunk_0009.json,POST /v1/generation/data/dpp-bulk,2026-05-31 21:45:13.822796+00:00,4421,BELEN ELEKTRİK ÜRETİM A.Ş.,997,2026-05-31T11:00:00+03:00,11:00
40W000010004421R,BELEN ELEKTRİK ÜRETİM A.Ş.,unknown,2026-05-31 12:00:00+03:00,,0.0,chunk_0009.json,POST /v1/generation/data/dpp-bulk,2026-05-31 21:45:13.822796+00:00,4421,BELEN ELEKTRİK ÜRETİM A.Ş.,997,2026-05-31T12:00:00+03:00,12:00
40W000010004421R,BELEN ELEKTRİK ÜRETİM A.Ş.,unknown,2026-05-31 13:00:00+03:00,,0.0,chunk_0009.json,POST /v1/generation/data/dpp-bulk,2026-05-31 21:45:13.822796+00:00,4421,BELEN ELEKTRİK ÜRETİM A.Ş.,997,2026-05-31T13:00:00+03:00,13:00
40W000010004421R,BELEN ELEKTRİK ÜRETİM A.Ş.,unknown,2026-05-31 14:00:00+03:00,,0.0,chunk_0009.json,POST /v1/generation/data/dpp-bulk,2026-05-31 21:45:13.822796+00:00,4421,BELEN ELEKTRİK ÜRETİM A.Ş.,997,2026-05-31T14:00:00+03:00,14:00
40W000010004421R,BELEN ELEKTRİK ÜRETİM A.Ş.,unknown,2026-05-31 15:00:00+03:00,,0.0,chunk_0009.json,POST /v1/generation/data/dpp-bulk,2026-05-31 21:45:13.822796+00:00,4421,BELEN ELEKTRİK ÜRETİM A.Ş.,997,2026-05-31T15:00:00+03:00,15:00
40W000010004421R,BELEN ELEKTRİK ÜRETİM A.Ş.,unknown,2026-05-31 16:00:00+03:00,,0.0,chunk_0009.json,POST /v1/generation/data/dpp-bulk,2026-05-31 21:45:13.822796+00:00,4421,BELEN ELEKTRİK ÜRETİM A.Ş.,997,2026-05-31T16:00:00+03:00,16:00
40W000010004421R,BELEN ELEKTRİK ÜRETİM A.Ş.,unknown,2026-05-31 17:00:00+03:00,,0.0,chunk_0009.json,POST /v1/generation/data/dpp-bulk,2026-05-31 21:45:13.822796+00:00,4421,BELEN ELEKTRİK ÜRETİM A.Ş.,997,2026-05-31T17:00:00+03:00,17:00
40W000010004421R,BELEN ELEKTRİK ÜRETİM A.Ş.,unknown,2026-05-31 18:00:00+03:00,,8.3,chunk_0009.json,POST /v1/generation/data/dpp-bulk,2026-05-31 21:45:13.822796+00:00,4421,BELEN ELEKTRİK ÜRETİM A.Ş.,997,2026-05-31T18:00:00+03:00,18:00
40W000010004421R,BELEN ELEKTRİK ÜRETİM A.Ş.,unknown,2026-05-31 19:00:00+03:00,,9.0,chunk_0009.json,POST /v1/generation/data/dpp-bulk,2026-05-31 21:45:13.822796+00:00,4421,BELEN ELEKTRİK ÜRETİM A.Ş.,997,2026-05-31T19:00:00+03:00,19:00
40W000010004421R,BELEN ELEKTRİK ÜRETİM A.Ş.,unknown,2026-05-31 20:00:00+03:00,,10.0,chunk_0009.json,POST /v1/generation/data/dpp-bulk,2026-05-31 21:45:13.822796+00:00,4421,BELEN ELEKTRİK ÜRETİM A.Ş.,997,2026-05-31T20:00:00+03:00,20:00
40W000010004421R,BELEN ELEKTRİK ÜRETİM A.Ş.,unknown,2026-05-31 21:00:00+03:00,,10.6,chunk_0009.json,POST /v1/generation/data/dpp-bulk,2026-05-31 21:45:13.822796+00:00,4421,BELEN ELEKTRİK ÜRETİM A.Ş.,997,2026-05-31T21:00:00+03:00,21:00
40W000010004421R,BELEN ELEKTRİK ÜRETİM A.Ş.,unknown,2026-05-31 22:00:00+03:00,,11.0,chunk_0009.json,POST /v1/generation/data/dpp-bulk,2026-05-31 21:45:13.822796+00:00,4421,BELEN ELEKTRİK ÜRETİM A.Ş.,997,2026-05-31T22:00:00+03:00,22:00
40W000010004421R,BELEN ELEKTRİK ÜRETİM A.Ş.,unknown,2026-05-31 23:00:00+03:00,,10.6,chunk_0009.json,POST /v1/generation/data/dpp-bulk,2026-05-31 21:45:13.822796+00:00,4421,BELEN ELEKTRİK ÜRETİM A.Ş.,997,2026-05-31T23:00:00+03:00,23:00
40W000000004091V,KABACA HES,unknown,2026-05-31 00:00:00+03:00,,7.5,chunk_0009.json,POST /v1/generation/data/dpp-bulk,2026-05-31 21:45:13.822796+00:00,4091,KABACA HES,1002,2026-05-31T00:00:00+03:00,00:00
40W000000004091V,KABACA HES,unknown,2026-05-31 01:00:00+03:00,,7.5,chunk_0009.json,POST /v1/generation/data/dpp-bulk,2026-05-31 21:45:13.822796+00:00,4091,KABACA HES,1002,2026-05-31T01:00:00+03:00,01:00
40W000000004091V,KABACA HES,unknown,2026-05-31 02:00:00+03:00,,7.5,chunk_0009.json,POST /v1/generation/data/dpp-bulk,2026-05-31 21:45:13.822796+00:00,4091,KABACA HES,1002,2026-05-31T02:00:00+03:00,02:00
40W000000004091V,KABACA HES,unknown,2026-05-31 03:00:00+03:00,,7.5,chunk_0009.json,POST /v1/generation/data/dpp-bulk,2026-05-31 21:45:13.822796+00:00,4091,KABACA HES,1002,2026-05-31T03:00:00+03:00,03:00
40W000000004091V,KABACA HES,unknown,2026-05-31 04:00:00+03:00,,7.5,chunk_0009.json,POST /v1/generation/data/dpp-bulk,2026-05-31 21:45:13.822796+00:00,4091,KABACA HES,1002,2026-05-31T04:00:00+03:00,04:00
40W000000004091V,KABACA HES,unknown,2026-05-31 05:00:00+03:00,,7.5,chunk_0009.json,POST /v1/generation/data/dpp-bulk,2026-05-31 21:45:13.822796+00:00,4091,KABACA HES,1002,2026-05-31T05:00:00+03:00,05:00
40W000000004091V,KABACA HES,unknown,2026-05-31 06:00:00+03:00,,7.5,chunk_0009.json,POST /v1/generation/data/dpp-bulk,2026-05-31 21:45:13.822796+00:00,4091,KABACA HES,1002,2026-05-31T06:00:00+03:00,06:00
40W000000004091V,KABACA HES,unknown,2026-05-31 07:00:00+03:00,,7.5,chunk_0009.json,POST /v1/generation/data/dpp-bulk,2026-05-31 21:45:13.822796+00:00,4091,KABACA HES,1002,2026-05-31T07:00:00+03:00,07:00
40W000000004091V,KABACA HES,unknown,2026-05-31 08:00:00+03:00,,7.5,chunk_0009.json,POST /v1/generation/data/dpp-bulk,2026-05-31 21:45:13.822796+00:00,4091,KABACA HES,1002,2026-05-31T08:00:00+03:00,08:00
40W000000004091V,KABACA HES,unknown,2026-05-31 09:00:00+03:00,,7.5,chunk_0009.json,POST /v1/generation/data/dpp-bulk,2026-05-31 21:45:13.822796+00:00,4091,KABACA HES,1002,2026-05-31T09:00:00+03:00,09:00
40W000000004091V,KABACA HES,unknown,2026-05-31 10:00:00+03:00,,7.5,chunk_0009.json,POST /v1/generation/data/dpp-bulk,2026-05-31 21:45:13.822796+00:00,4091,KABACA HES,1002,2026-05-31T10:00:00+03:00,10:00
40W000000004091V,KABACA HES,unknown,2026-05-31 11:00:00+03:00,,7.5,chunk_0009.json,POST /v1/generation/data/dpp-bulk,2026-05-31 21:45:13.822796+00:00,4091,KABACA HES,1002,2026-05-31T11:00:00+03:00,11:00
40W000000004091V,KABACA HES,unknown,2026-05-31 12:00:00+03:00,,7.5,chunk_0009.json,POST /v1/generation/data/dpp-bulk,2026-05-31 21:45:13.822796+00:00,4091,KABACA HES,1002,2026-05-31T12:00:00+03:00,12:00
40W000000004091V,KABACA HES,unknown,2026-05-31 13:00:00+03:00,,7.5,chunk_0009.json,POST /v1/generation/data/dpp-bulk,2026-05-31 21:45:13.822796+00:00,4091,KABACA HES,1002,2026-05-31T13:00:00+03:00,13:00
40W000000004091V,KABACA HES,unknown,2026-05-31 14:00:00+03:00,,7.5,chunk_0009.json,POST /v1/generation/data/dpp-bulk,2026-05-31 21:45:13.822796+00:00,4091,KABACA HES,1002,2026-05-31T14:00:00+03:00,14:00
40W000000004091V,KABACA HES,unknown,2026-05-31 15:00:00+03:00,,7.5,chunk_0009.json,POST /v1/generation/data/dpp-bulk,2026-05-31 21:45:13.822796+00:00,4091,KABACA HES,1002,2026-05-31T15:00:00+03:00,15:00
40W000000004091V,KABACA HES,unknown,2026-05-31 16:00:00+03:00,,7.5,chunk_0009.json,POST /v1/generation/data/dpp-bulk,2026-05-31 21:45:13.822796+00:00,4091,KABACA HES,1002,2026-05-31T16:00:00+03:00,16:00
40W000000004091V,KABACA HES,unknown,2026-05-31 17:00:00+03:00,,7.5,chunk_0009.json,POST /v1/generation/data/dpp-bulk,2026-05-31 21:45:13.822796+00:00,4091,KABACA HES,1002,2026-05-31T17:00:00+03:00,17:00
40W000000004091V,KABACA HES,unknown,2026-05-31 18:00:00+03:00,,7.5,chunk_0009.json,POST /v1/generation/data/dpp-bulk,2026-05-31 21:45:13.822796+00:00,4091,KABACA HES,1002,2026-05-31T18:00:00+03:00,18:00
40W000000004091V,KABACA HES,unknown,2026-05-31 19:00:00+03:00,,7.5,chunk_0009.json,POST /v1/generation/data/dpp-bulk,2026-05-31 21:45:13.822796+00:00,4091,KABACA HES,1002,2026-05-31T19:00:00+03:00,19:00
40W000000004091V,KABACA HES,unknown,2026-05-31 20:00:00+03:00,,7.5,chunk_0009.json,POST /v1/generation/data/dpp-bulk,2026-05-31 21:45:13.822796+00:00,4091,KABACA HES,1002,2026-05-31T20:00:00+03:00,20:00
40W000000004091V,KABACA HES,unknown,2026-05-31 21:00:00+03:00,,7.5,chunk_0009.json,POST /v1/generation/data/dpp-bulk,2026-05-31 21:45:13.822796+00:00,4091,KABACA HES,1002,2026-05-31T21:00:00+03:00,21:00
40W000000004091V,KABACA HES,unknown,2026-05-31 22:00:00+03:00,,7.5,chunk_0009.json,POST /v1/generation/data/dpp-bulk,2026-05-31 21:45:13.822796+00:00,4091,KABACA HES,1002,2026-05-31T22:00:00+03:00,22:00
40W000000004091V,KABACA HES,unknown,2026-05-31 23:00:00+03:00,,7.5,chunk_0009.json,POST /v1/generation/data/dpp-bulk,2026-05-31 21:45:13.822796+00:00,4091,KABACA HES,1002,2026-05-31T23:00:00+03:00,23:00
40W000000006365A,CEV GANTEP,unknown,2026-05-31 00:00:00+03:00,,0.0,chunk_0009.json,POST /v1/generation/data/dpp-bulk,2026-05-31 21:45:13.822796+00:00,6365,CEV GANTEP,1804,2026-05-31T00:00:00+03:00,00:00
40W000000006365A,CEV GANTEP,unknown,2026-05-31 01:00:00+03:00,,0.0,chunk_0009.json,POST /v1/generation/data/dpp-bulk,2026-05-31 21:45:13.822796+00:00,6365,CEV GANTEP,1804,2026-05-31T01:00:00+03:00,01:00
40W000000006365A,CEV GANTEP,unknown,2026-05-31 02:00:00+03:00,,0.0,chunk_0009.json,POST /v1/generation/data/dpp-bulk,2026-05-31 21:45:13.822796+00:00,6365,CEV GANTEP,1804,2026-05-31T02:00:00+03:00,02:00
40W000000006365A,CEV GANTEP,unknown,2026-05-31 03:00:00+03:00,,0.0,chunk_0009.json,POST /v1/generation/data/dpp-bulk,2026-05-31 21:45:13.822796+00:00,6365,CEV GANTEP,1804,2026-05-31T03:00:00+03:00,03:00
40W000000006365A,CEV GANTEP,unknown,2026-05-31 04:00:00+03:00,,0.0,chunk_0009.json,POST /v1/generation/data/dpp-bulk,2026-05-31 21:45:13.822796+00:00,6365,CEV GANTEP,1804,2026-05-31T04:00:00+03:00,04:00
40W000000006365A,CEV GANTEP,unknown,2026-05-31 05:00:00+03:00,,0.0,chunk_0009.json,POST /v1/generation/data/dpp-bulk,2026-05-31 21:45:13.822796+00:00,6365,CEV GANTEP,1804,2026-05-31T05:00:00+03:00,05:00
40W000000006365A,CEV GANTEP,unknown,2026-05-31 06:00:00+03:00,,0.0,chunk_0009.json,POST /v1/generation/data/dpp-bulk,2026-05-31 21:45:13.822796+00:00,6365,CEV GANTEP,1804,2026-05-31T06:00:00+03:00,06:00
40W000000006365A,CEV GANTEP,unknown,2026-05-31 07:00:00+03:00,,0.0,chunk_0009.json,POST /v1/generation/data/dpp-bulk,2026-05-31 21:45:13.822796+00:00,6365,CEV GANTEP,1804,2026-05-31T07:00:00+03:00,07:00
40W000000006365A,CEV GANTEP,unknown,2026-05-31 08:00:00+03:00,,0.0,chunk_0009.json,POST /v1/generation/data/dpp-bulk,2026-05-31 21:45:13.822796+00:00,6365,CEV GANTEP,1804,2026-05-31T08:00:00+03:00,08:00
40W000000006365A,CEV GANTEP,unknown,2026-05-31 09:00:00+03:00,,0.0,chunk_0009.json,POST /v1/generation/data/dpp-bulk,2026-05-31 21:45:13.822796+00:00,6365,CEV GANTEP,1804,2026-05-31T09:00:00+03:00,09:00
40W000000006365A,CEV GANTEP,unknown,2026-05-31 10:00:00+03:00,,0.0,chunk_0009.json,POST /v1/generation/data/dpp-bulk,2026-05-31 21:45:13.822796+00:00,6365,CEV GANTEP,1804,2026-05-31T10:00:00+03:00,10:00
40W000000006365A,CEV GANTEP,unknown,2026-05-31 11:00:00+03:00,,0.0,chunk_0009.json,POST /v1/generation/data/dpp-bulk,2026-05-31 21:45:13.822796+00:00,6365,CEV GANTEP,1804,2026-05-31T11:00:00+03:00,11:00
40W000000006365A,CEV GANTEP,unknown,2026-05-31 12:00:00+03:00,,0.0,chunk_0009.json,POST /v1/generation/data/dpp-bulk,2026-05-31 21:45:13.822796+00:00,6365,CEV GANTEP,1804,2026-05-31T12:00:00+03:00,12:00
40W000000006365A,CEV GANTEP,unknown,2026-05-31 13:00:00+03:00,,0.0,chunk_0009.json,POST /v1/generation/data/dpp-bulk,2026-05-31 21:45:13.822796+00:00,6365,CEV GANTEP,1804,2026-05-31T13:00:00+03:00,13:00
40W000000006365A,CEV GANTEP,unknown,2026-05-31 14:00:00+03:00,,0.0,chunk_0009.json,POST /v1/generation/data/dpp-bulk,2026-05-31 21:45:13.822796+00:00,6365,CEV GANTEP,1804,2026-05-31T14:00:00+03:00,14:00
40W000000006365A,CEV GANTEP,unknown,2026-05-31 15:00:00+03:00,,0.0,chunk_0009.json,POST /v1/generation/data/dpp-bulk,2026-05-31 21:45:13.822796+00:00,6365,CEV GANTEP,1804,2026-05-31T15:00:00+03:00,15:00
40W000000006365A,CEV GANTEP,unknown,2026-05-31 16:00:00+03:00,,0.0,chunk_0009.json,POST /v1/generation/data/dpp-bulk,2026-05-31 21:45:13.822796+00:00,6365,CEV GANTEP,1804,2026-05-31T16:00:00+03:00,16:00
40W000000006365A,CEV GANTEP,unknown,2026-05-31 17:00:00+03:00,,0.0,chunk_0009.json,POST /v1/generation/data/dpp-bulk,2026-05-31 21:45:13.822796+00:00,6365,CEV GANTEP,1804,2026-05-31T17:00:00+03:00,17:00
40W000000006365A,CEV GANTEP,unknown,2026-05-31 18:00:00+03:00,,0.0,chunk_0009.json,POST /v1/generation/data/dpp-bulk,2026-05-31 21:45:13.822796+00:00,6365,CEV GANTEP,1804,2026-05-31T18:00:00+03:00,18:00
40W000000006365A,CEV GANTEP,unknown,2026-05-31 19:00:00+03:00,,0.0,chunk_0009.json,POST /v1/generation/data/dpp-bulk,2026-05-31 21:45:13.822796+00:00,6365,CEV GANTEP,1804,2026-05-31T19:00:00+03:00,19:00
40W000000006365A,CEV GANTEP,unknown,2026-05-31 20:00:00+03:00,,0.0,chunk_0009.json,POST /v1/generation/data/dpp-bulk,2026-05-31 21:45:13.822796+00:00,6365,CEV GANTEP,1804,2026-05-31T20:00:00+03:00,20:00
40W000000006365A,CEV GANTEP,unknown,2026-05-31 21:00:00+03:00,,0.0,chunk_0009.json,POST /v1/generation/data/dpp-bulk,2026-05-31 21:45:13.822796+00:00,6365,CEV GANTEP,1804,2026-05-31T21:00:00+03:00,21:00
40W000000006365A,CEV GANTEP,unknown,2026-05-31 22:00:00+03:00,,0.0,chunk_0009.json,POST /v1/generation/data/dpp-bulk,2026-05-31 21:45:13.822796+00:00,6365,CEV GANTEP,1804,2026-05-31T22:00:00+03:00,22:00
40W000000006365A,CEV GANTEP,unknown,2026-05-31 23:00:00+03:00,,0.0,chunk_0009.json,POST /v1/generation/data/dpp-bulk,2026-05-31 21:45:13.822796+00:00,6365,CEV GANTEP,1804,2026-05-31T23:00:00+03:00,23:00
40W000000004521W,BANDIRMA RES(BANDIRMA ENR.),unknown,2026-05-31 00:00:00+03:00,,4.6,chunk_0009.json,POST /v1/generation/data/dpp-bulk,2026-05-31 21:45:13.822796+00:00,4521,BANDIRMA RES(BANDIRMA ENR.),20680,2026-05-31T00:00:00+03:00,00:00
40W000000004521W,BANDIRMA RES(BANDIRMA ENR.),unknown,2026-05-31 01:00:00+03:00,,3.3,chunk_0009.json,POST /v1/generation/data/dpp-bulk,2026-05-31 21:45:13.822796+00:00,4521,BANDIRMA RES(BANDIRMA ENR.),20680,2026-05-31T01:00:00+03:00,01:00
40W000000004521W,BANDIRMA RES(BANDIRMA ENR.),unknown,2026-05-31 02:00:00+03:00,,2.8,chunk_0009.json,POST /v1/generation/data/dpp-bulk,2026-05-31 21:45:13.822796+00:00,4521,BANDIRMA RES(BANDIRMA ENR.),20680,2026-05-31T02:00:00+03:00,02:00
40W000000004521W,BANDIRMA RES(BANDIRMA ENR.),unknown,2026-05-31 03:00:00+03:00,,3.5,chunk_0009.json,POST /v1/generation/data/dpp-bulk,2026-05-31 21:45:13.822796+00:00,4521,BANDIRMA RES(BANDIRMA ENR.),20680,2026-05-31T03:00:00+03:00,03:00
40W000000004521W,BANDIRMA RES(BANDIRMA ENR.),unknown,2026-05-31 04:00:00+03:00,,5.3,chunk_0009.json,POST /v1/generation/data/dpp-bulk,2026-05-31 21:45:13.822796+00:00,4521,BANDIRMA RES(BANDIRMA ENR.),20680,2026-05-31T04:00:00+03:00,04:00
40W000000004521W,BANDIRMA RES(BANDIRMA ENR.),unknown,2026-05-31 05:00:00+03:00,,7.3,chunk_0009.json,POST /v1/generation/data/dpp-bulk,2026-05-31 21:45:13.822796+00:00,4521,BANDIRMA RES(BANDIRMA ENR.),20680,2026-05-31T05:00:00+03:00,05:00
40W000000004521W,BANDIRMA RES(BANDIRMA ENR.),unknown,2026-05-31 06:00:00+03:00,,8.5,chunk_0009.json,POST /v1/generation/data/dpp-bulk,2026-05-31 21:45:13.822796+00:00,4521,BANDIRMA RES(BANDIRMA ENR.),20680,2026-05-31T06:00:00+03:00,06:00
40W000000004521W,BANDIRMA RES(BANDIRMA ENR.),unknown,2026-05-31 07:00:00+03:00,,9.4,chunk_0009.json,POST /v1/generation/data/dpp-bulk,2026-05-31 21:45:13.822796+00:00,4521,BANDIRMA RES(BANDIRMA ENR.),20680,2026-05-31T07:00:00+03:00,07:00
40W000000004521W,BANDIRMA RES(BANDIRMA ENR.),unknown,2026-05-31 08:00:00+03:00,,9.1,chunk_0009.json,POST /v1/generation/data/dpp-bulk,2026-05-31 21:45:13.822796+00:00,4521,BANDIRMA RES(BANDIRMA ENR.),20680,2026-05-31T08:00:00+03:00,08:00
40W000000004521W,BANDIRMA RES(BANDIRMA ENR.),unknown,2026-05-31 09:00:00+03:00,,7.1,chunk_0009.json,POST /v1/generation/data/dpp-bulk,2026-05-31 21:45:13.822796+00:00,4521,BANDIRMA RES(BANDIRMA ENR.),20680,2026-05-31T09:00:00+03:00,09:00
40W000000004521W,BANDIRMA RES(BANDIRMA ENR.),unknown,2026-05-31 10:00:00+03:00,,5.5,chunk_0009.json,POST /v1/generation/data/dpp-bulk,2026-05-31 21:45:13.822796+00:00,4521,BANDIRMA RES(BANDIRMA ENR.),20680,2026-05-31T10:00:00+03:00,10:00
40W000000004521W,BANDIRMA RES(BANDIRMA ENR.),unknown,2026-05-31 11:00:00+03:00,,4.3,chunk_0009.json,POST /v1/generation/data/dpp-bulk,2026-05-31 21:45:13.822796+00:00,4521,BANDIRMA RES(BANDIRMA ENR.),20680,2026-05-31T11:00:00+03:00,11:00
40W000000004521W,BANDIRMA RES(BANDIRMA ENR.),unknown,2026-05-31 12:00:00+03:00,,3.3,chunk_0009.json,POST /v1/generation/data/dpp-bulk,2026-05-31 21:45:13.822796+00:00,4521,BANDIRMA RES(BANDIRMA ENR.),20680,2026-05-31T12:00:00+03:00,12:00
40W000000004521W,BANDIRMA RES(BANDIRMA ENR.),unknown,2026-05-31 13:00:00+03:00,,2.4,chunk_0009.json,POST /v1/generation/data/dpp-bulk,2026-05-31 21:45:13.822796+00:00,4521,BANDIRMA RES(BANDIRMA ENR.),20680,2026-05-31T13:00:00+03:00,13:00
40W000000004521W,BANDIRMA RES(BANDIRMA ENR.),unknown,2026-05-31 14:00:00+03:00,,1.6,chunk_0009.json,POST /v1/generation/data/dpp-bulk,2026-05-31 21:45:13.822796+00:00,4521,BANDIRMA RES(BANDIRMA ENR.),20680,2026-05-31T14:00:00+03:00,14:00
40W000000004521W,BANDIRMA RES(BANDIRMA ENR.),unknown,2026-05-31 15:00:00+03:00,,1.4,chunk_0009.json,POST /v1/generation/data/dpp-bulk,2026-05-31 21:45:13.822796+00:00,4521,BANDIRMA RES(BANDIRMA ENR.),20680,2026-05-31T15:00:00+03:00,15:00
40W000000004521W,BANDIRMA RES(BANDIRMA ENR.),unknown,2026-05-31 16:00:00+03:00,,1.4,chunk_0009.json,POST /v1/generation/data/dpp-bulk,2026-05-31 21:45:13.822796+00:00,4521,BANDIRMA RES(BANDIRMA ENR.),20680,2026-05-31T16:00:00+03:00,16:00
40W000000004521W,BANDIRMA RES(BANDIRMA ENR.),unknown,2026-05-31 17:00:00+03:00,,1.4,chunk_0009.json,POST /v1/generation/data/dpp-bulk,2026-05-31 21:45:13.822796+00:00,4521,BANDIRMA RES(BANDIRMA ENR.),20680,2026-05-31T17:00:00+03:00,17:00
40W000000004521W,BANDIRMA RES(BANDIRMA ENR.),unknown,2026-05-31 18:00:00+03:00,,1.5,chunk_0009.json,POST /v1/generation/data/dpp-bulk,2026-05-31 21:45:13.822796+00:00,4521,BANDIRMA RES(BANDIRMA ENR.),20680,2026-05-31T18:00:00+03:00,18:00
40W000000004521W,BANDIRMA RES(BANDIRMA ENR.),unknown,2026-05-31 19:00:00+03:00,,2.3,chunk_0009.json,POST /v1/generation/data/dpp-bulk,2026-05-31 21:45:13.822796+00:00,4521,BANDIRMA RES(BANDIRMA ENR.),20680,2026-05-31T19:00:00+03:00,19:00
40W000000004521W,BANDIRMA RES(BANDIRMA ENR.),unknown,2026-05-31 20:00:00+03:00,,3.6,chunk_0009.json,POST /v1/generation/data/dpp-bulk,2026-05-31 21:45:13.822796+00:00,4521,BANDIRMA RES(BANDIRMA ENR.),20680,2026-05-31T20:00:00+03:00,20:00
40W000000004521W,BANDIRMA RES(BANDIRMA ENR.),unknown,2026-05-31 21:00:00+03:00,,4.7,chunk_0009.json,POST /v1/generation/data/dpp-bulk,2026-05-31 21:45:13.822796+00:00,4521,BANDIRMA RES(BANDIRMA ENR.),20680,2026-05-31T21:00:00+03:00,21:00
40W000000004521W,BANDIRMA RES(BANDIRMA ENR.),unknown,2026-05-31 22:00:00+03:00,,5.4,chunk_0009.json,POST /v1/generation/data/dpp-bulk,2026-05-31 21:45:13.822796+00:00,4521,BANDIRMA RES(BANDIRMA ENR.),20680,2026-05-31T22:00:00+03:00,22:00
40W000000004521W,BANDIRMA RES(BANDIRMA ENR.),unknown,2026-05-31 23:00:00+03:00,,5.6,chunk_0009.json,POST /v1/generation/data/dpp-bulk,2026-05-31 21:45:13.822796+00:00,4521,BANDIRMA RES(BANDIRMA ENR.),20680,2026-05-31T23:00:00+03:00,23:00
40W000000004885V,YEŞİL REGÜLATÖRÜ VE HES,unknown,2026-05-31 00:00:00+03:00,,0.0,chunk_0009.json,POST /v1/generation/data/dpp-bulk,2026-05-31 21:45:13.822796+00:00,4885,YEŞİL REGÜLATÖRÜ VE HES,101940,2026-05-31T00:00:00+03:00,00:00
40W000000004885V,YEŞİL REGÜLATÖRÜ VE HES,unknown,2026-05-31 01:00:00+03:00,,0.0,chunk_0009.json,POST /v1/generation/data/dpp-bulk,2026-05-31 21:45:13.822796+00:00,4885,YEŞİL REGÜLATÖRÜ VE HES,101940,2026-05-31T01:00:00+03:00,01:00
40W000000004885V,YEŞİL REGÜLATÖRÜ VE HES,unknown,2026-05-31 02:00:00+03:00,,0.0,chunk_0009.json,POST /v1/generation/data/dpp-bulk,2026-05-31 21:45:13.822796+00:00,4885,YEŞİL REGÜLATÖRÜ VE HES,101940,2026-05-31T02:00:00+03:00,02:00
40W000000004885V,YEŞİL REGÜLATÖRÜ VE HES,unknown,2026-05-31 03:00:00+03:00,,0.0,chunk_0009.json,POST /v1/generation/data/dpp-bulk,2026-05-31 21:45:13.822796+00:00,4885,YEŞİL REGÜLATÖRÜ VE HES,101940,2026-05-31T03:00:00+03:00,03:00
40W000000004885V,YEŞİL REGÜLATÖRÜ VE HES,unknown,2026-05-31 04:00:00+03:00,,0.0,chunk_0009.json,POST /v1/generation/data/dpp-bulk,2026-05-31 21:45:13.822796+00:00,4885,YEŞİL REGÜLATÖRÜ VE HES,101940,2026-05-31T04:00:00+03:00,04:00
40W000000004885V,YEŞİL REGÜLATÖRÜ VE HES,unknown,2026-05-31 05:00:00+03:00,,0.0,chunk_0009.json,POST /v1/generation/data/dpp-bulk,2026-05-31 21:45:13.822796+00:00,4885,YEŞİL REGÜLATÖRÜ VE HES,101940,2026-05-31T05:00:00+03:00,05:00
40W000000004885V,YEŞİL REGÜLATÖRÜ VE HES,unknown,2026-05-31 06:00:00+03:00,,0.0,chunk_0009.json,POST /v1/generation/data/dpp-bulk,2026-05-31 21:45:13.822796+00:00,4885,YEŞİL REGÜLATÖRÜ VE HES,101940,2026-05-31T06:00:00+03:00,06:00
40W000000004885V,YEŞİL REGÜLATÖRÜ VE HES,unknown,2026-05-31 07:00:00+03:00,,0.0,chunk_0009.json,POST /v1/generation/data/dpp-bulk,2026-05-31 21:45:13.822796+00:00,4885,YEŞİL REGÜLATÖRÜ VE HES,101940,2026-05-31T07:00:00+03:00,07:00
40W000000004885V,YEŞİL REGÜLATÖRÜ VE HES,unknown,2026-05-31 08:00:00+03:00,,0.0,chunk_0009.json,POST /v1/generation/data/dpp-bulk,2026-05-31 21:45:13.822796+00:00,4885,YEŞİL REGÜLATÖRÜ VE HES,101940,2026-05-31T08:00:00+03:00,08:00
40W000000004885V,YEŞİL REGÜLATÖRÜ VE HES,unknown,2026-05-31 09:00:00+03:00,,0.0,chunk_0009.json,POST /v1/generation/data/dpp-bulk,2026-05-31 21:45:13.822796+00:00,4885,YEŞİL REGÜLATÖRÜ VE HES,101940,2026-05-31T09:00:00+03:00,09:00
40W000000004885V,YEŞİL REGÜLATÖRÜ VE HES,unknown,2026-05-31 10:00:00+03:00,,0.0,chunk_0009.json,POST /v1/generation/data/dpp-bulk,2026-05-31 21:45:13.822796+00:00,4885,YEŞİL REGÜLATÖRÜ VE HES,101940,2026-05-31T10:00:00+03:00,10:00
40W000000004885V,YEŞİL REGÜLATÖRÜ VE HES,unknown,2026-05-31 11:00:00+03:00,,0.0,chunk_0009.json,POST /v1/generation/data/dpp-bulk,2026-05-31 21:45:13.822796+00:00,4885,YEŞİL REGÜLATÖRÜ VE HES,101940,2026-05-31T11:00:00+03:00,11:00
40W000000004885V,YEŞİL REGÜLATÖRÜ VE HES,unknown,2026-05-31 12:00:00+03:00,,0.0,chunk_0009.json,POST /v1/generation/data/dpp-bulk,2026-05-31 21:45:13.822796+00:00,4885,YEŞİL REGÜLATÖRÜ VE HES,101940,2026-05-31T12:00:00+03:00,12:00
40W000000004885V,YEŞİL REGÜLATÖRÜ VE HES,unknown,2026-05-31 13:00:00+03:00,,0.0,chunk_0009.json,POST /v1/generation/data/dpp-bulk,2026-05-31 21:45:13.822796+00:00,4885,YEŞİL REGÜLATÖRÜ VE HES,101940,2026-05-31T13:00:00+03:00,13:00
40W000000004885V,YEŞİL REGÜLATÖRÜ VE HES,unknown,2026-05-31 14:00:00+03:00,,0.0,chunk_0009.json,POST /v1/generation/data/dpp-bulk,2026-05-31 21:45:13.822796+00:00,4885,YEŞİL REGÜLATÖRÜ VE HES,101940,2026-05-31T14:00:00+03:00,14:00
40W000000004885V,YEŞİL REGÜLATÖRÜ VE HES,unknown,2026-05-31 15:00:00+03:00,,0.0,chunk_0009.json,POST /v1/generation/data/dpp-bulk,2026-05-31 21:45:13.822796+00:00,4885,YEŞİL REGÜLATÖRÜ VE HES,101940,2026-05-31T15:00:00+03:00,15:00
40W000000004885V,YEŞİL REGÜLATÖRÜ VE HES,unknown,2026-05-31 16:00:00+03:00,,0.0,chunk_0009.json,POST /v1/generation/data/dpp-bulk,2026-05-31 21:45:13.822796+00:00,4885,YEŞİL REGÜLATÖRÜ VE HES,101940,2026-05-31T16:00:00+03:00,16:00
40W000000004885V,YEŞİL REGÜLATÖRÜ VE HES,unknown,2026-05-31 17:00:00+03:00,,0.0,chunk_0009.json,POST /v1/generation/data/dpp-bulk,2026-05-31 21:45:13.822796+00:00,4885,YEŞİL REGÜLATÖRÜ VE HES,101940,2026-05-31T17:00:00+03:00,17:00
40W000000004885V,YEŞİL REGÜLATÖRÜ VE HES,unknown,2026-05-31 18:00:00+03:00,,0.0,chunk_0009.json,POST /v1/generation/data/dpp-bulk,2026-05-31 21:45:13.822796+00:00,4885,YEŞİL REGÜLATÖRÜ VE HES,101940,2026-05-31T18:00:00+03:00,18:00
40W000000004885V,YEŞİL REGÜLATÖRÜ VE HES,unknown,2026-05-31 19:00:00+03:00,,8.0,chunk_0009.json,POST /v1/generation/data/dpp-bulk,2026-05-31 21:45:13.822796+00:00,4885,YEŞİL REGÜLATÖRÜ VE HES,101940,2026-05-31T19:00:00+03:00,19:00
40W000000004885V,YEŞİL REGÜLATÖRÜ VE HES,unknown,2026-05-31 20:00:00+03:00,,10.0,chunk_0009.json,POST /v1/generation/data/dpp-bulk,2026-05-31 21:45:13.822796+00:00,4885,YEŞİL REGÜLATÖRÜ VE HES,101940,2026-05-31T20:00:00+03:00,20:00
40W000000004885V,YEŞİL REGÜLATÖRÜ VE HES,unknown,2026-05-31 21:00:00+03:00,,11.0,chunk_0009.json,POST /v1/generation/data/dpp-bulk,2026-05-31 21:45:13.822796+00:00,4885,YEŞİL REGÜLATÖRÜ VE HES,101940,2026-05-31T21:00:00+03:00,21:00
40W000000004885V,YEŞİL REGÜLATÖRÜ VE HES,unknown,2026-05-31 22:00:00+03:00,,10.0,chunk_0009.json,POST /v1/generation/data/dpp-bulk,2026-05-31 21:45:13.822796+00:00,4885,YEŞİL REGÜLATÖRÜ VE HES,101940,2026-05-31T22:00:00+03:00,22:00
40W000000004885V,YEŞİL REGÜLATÖRÜ VE HES,unknown,2026-05-31 23:00:00+03:00,,9.0,chunk_0009.json,POST /v1/generation/data/dpp-bulk,2026-05-31 21:45:13.822796+00:00,4885,YEŞİL REGÜLATÖRÜ VE HES,101940,2026-05-31T23:00:00+03:00,23:00
40W000000004090X,GÜNAYŞE REG. ve HES,unknown,2026-05-31 00:00:00+03:00,,9.8,chunk_0009.json,POST /v1/generation/data/dpp-bulk,2026-05-31 21:45:13.822796+00:00,4090,GÜNAYŞE REG. ve HES,103060,2026-05-31T00:00:00+03:00,00:00
40W000000004090X,GÜNAYŞE REG. ve HES,unknown,2026-05-31 01:00:00+03:00,,9.8,chunk_0009.json,POST /v1/generation/data/dpp-bulk,2026-05-31 21:45:13.822796+00:00,4090,GÜNAYŞE REG. ve HES,103060,2026-05-31T01:00:00+03:00,01:00
40W000000004090X,GÜNAYŞE REG. ve HES,unknown,2026-05-31 02:00:00+03:00,,9.8,chunk_0009.json,POST /v1/generation/data/dpp-bulk,2026-05-31 21:45:13.822796+00:00,4090,GÜNAYŞE REG. ve HES,103060,2026-05-31T02:00:00+03:00,02:00
40W000000004090X,GÜNAYŞE REG. ve HES,unknown,2026-05-31 03:00:00+03:00,,0.0,chunk_0009.json,POST /v1/generation/data/dpp-bulk,2026-05-31 21:45:13.822796+00:00,4090,GÜNAYŞE REG. ve HES,103060,2026-05-31T03:00:00+03:00,03:00
40W000000004090X,GÜNAYŞE REG. ve HES,unknown,2026-05-31 04:00:00+03:00,,0.0,chunk_0009.json,POST /v1/generation/data/dpp-bulk,2026-05-31 21:45:13.822796+00:00,4090,GÜNAYŞE REG. ve HES,103060,2026-05-31T04:00:00+03:00,04:00
40W000000004090X,GÜNAYŞE REG. ve HES,unknown,2026-05-31 05:00:00+03:00,,0.0,chunk_0009.json,POST /v1/generation/data/dpp-bulk,2026-05-31 21:45:13.822796+00:00,4090,GÜNAYŞE REG. ve HES,103060,2026-05-31T05:00:00+03:00,05:00
40W000000004090X,GÜNAYŞE REG. ve HES,unknown,2026-05-31 06:00:00+03:00,,0.0,chunk_0009.json,POST /v1/generation/data/dpp-bulk,2026-05-31 21:45:13.822796+00:00,4090,GÜNAYŞE REG. ve HES,103060,2026-05-31T06:00:00+03:00,06:00
40W000000004090X,GÜNAYŞE REG. ve HES,unknown,2026-05-31 07:00:00+03:00,,0.0,chunk_0009.json,POST /v1/generation/data/dpp-bulk,2026-05-31 21:45:13.822796+00:00,4090,GÜNAYŞE REG. ve HES,103060,2026-05-31T07:00:00+03:00,07:00
40W000000004090X,GÜNAYŞE REG. ve HES,unknown,2026-05-31 08:00:00+03:00,,0.0,chunk_0009.json,POST /v1/generation/data/dpp-bulk,2026-05-31 21:45:13.822796+00:00,4090,GÜNAYŞE REG. ve HES,103060,2026-05-31T08:00:00+03:00,08:00
40W000000004090X,GÜNAYŞE REG. ve HES,unknown,2026-05-31 09:00:00+03:00,,0.0,chunk_0009.json,POST /v1/generation/data/dpp-bulk,2026-05-31 21:45:13.822796+00:00,4090,GÜNAYŞE REG. ve HES,103060,2026-05-31T09:00:00+03:00,09:00
40W000000004090X,GÜNAYŞE REG. ve HES,unknown,2026-05-31 10:00:00+03:00,,0.0,chunk_0009.json,POST /v1/generation/data/dpp-bulk,2026-05-31 21:45:13.822796+00:00,4090,GÜNAYŞE REG. ve HES,103060,2026-05-31T10:00:00+03:00,10:00
40W000000004090X,GÜNAYŞE REG. ve HES,unknown,2026-05-31 11:00:00+03:00,,0.0,chunk_0009.json,POST /v1/generation/data/dpp-bulk,2026-05-31 21:45:13.822796+00:00,4090,GÜNAYŞE REG. ve HES,103060,2026-05-31T11:00:00+03:00,11:00
40W000000004090X,GÜNAYŞE REG. ve HES,unknown,2026-05-31 12:00:00+03:00,,0.0,chunk_0009.json,POST /v1/generation/data/dpp-bulk,2026-05-31 21:45:13.822796+00:00,4090,GÜNAYŞE REG. ve HES,103060,2026-05-31T12:00:00+03:00,12:00
40W000000004090X,GÜNAYŞE REG. ve HES,unknown,2026-05-31 13:00:00+03:00,,0.0,chunk_0009.json,POST /v1/generation/data/dpp-bulk,2026-05-31 21:45:13.822796+00:00,4090,GÜNAYŞE REG. ve HES,103060,2026-05-31T13:00:00+03:00,13:00
40W000000004090X,GÜNAYŞE REG. ve HES,unknown,2026-05-31 14:00:00+03:00,,0.0,chunk_0009.json,POST /v1/generation/data/dpp-bulk,2026-05-31 21:45:13.822796+00:00,4090,GÜNAYŞE REG. ve HES,103060,2026-05-31T14:00:00+03:00,14:00
40W000000004090X,GÜNAYŞE REG. ve HES,unknown,2026-05-31 15:00:00+03:00,,0.0,chunk_0009.json,POST /v1/generation/data/dpp-bulk,2026-05-31 21:45:13.822796+00:00,4090,GÜNAYŞE REG. ve HES,103060,2026-05-31T15:00:00+03:00,15:00
40W000000004090X,GÜNAYŞE REG. ve HES,unknown,2026-05-31 16:00:00+03:00,,0.0,chunk_0009.json,POST /v1/generation/data/dpp-bulk,2026-05-31 21:45:13.822796+00:00,4090,GÜNAYŞE REG. ve HES,103060,2026-05-31T16:00:00+03:00,16:00
40W000000004090X,GÜNAYŞE REG. ve HES,unknown,2026-05-31 17:00:00+03:00,,0.0,chunk_0009.json,POST /v1/generation/data/dpp-bulk,2026-05-31 21:45:13.822796+00:00,4090,GÜNAYŞE REG. ve HES,103060,2026-05-31T17:00:00+03:00,17:00
40W000000004090X,GÜNAYŞE REG. ve HES,unknown,2026-05-31 18:00:00+03:00,,0.0,chunk_0009.json,POST /v1/generation/data/dpp-bulk,2026-05-31 21:45:13.822796+00:00,4090,GÜNAYŞE REG. ve HES,103060,2026-05-31T18:00:00+03:00,18:00
40W000000004090X,GÜNAYŞE REG. ve HES,unknown,2026-05-31 19:00:00+03:00,,9.8,chunk_0009.json,POST /v1/generation/data/dpp-bulk,2026-05-31 21:45:13.822796+00:00,4090,GÜNAYŞE REG. ve HES,103060,2026-05-31T19:00:00+03:00,19:00
40W000000004090X,GÜNAYŞE REG. ve HES,unknown,2026-05-31 20:00:00+03:00,,9.8,chunk_0009.json,POST /v1/generation/data/dpp-bulk,2026-05-31 21:45:13.822796+00:00,4090,GÜNAYŞE REG. ve HES,103060,2026-05-31T20:00:00+03:00,20:00
40W000000004090X,GÜNAYŞE REG. ve HES,unknown,2026-05-31 21:00:00+03:00,,9.8,chunk_0009.json,POST /v1/generation/data/dpp-bulk,2026-05-31 21:45:13.822796+00:00,4090,GÜNAYŞE REG. ve HES,103060,2026-05-31T21:00:00+03:00,21:00
40W000000004090X,GÜNAYŞE REG. ve HES,unknown,2026-05-31 22:00:00+03:00,,9.8,chunk_0009.json,POST /v1/generation/data/dpp-bulk,2026-05-31 21:45:13.822796+00:00,4090,GÜNAYŞE REG. ve HES,103060,2026-05-31T22:00:00+03:00,22:00
40W000000004090X,GÜNAYŞE REG. ve HES,unknown,2026-05-31 23:00:00+03:00,,9.8,chunk_0009.json,POST /v1/generation/data/dpp-bulk,2026-05-31 21:45:13.822796+00:00,4090,GÜNAYŞE REG. ve HES,103060,2026-05-31T23:00:00+03:00,23:00
40W0000000047654,SARITEPE HİDROELEKTRİK SANTRALİ,unknown,2026-05-31 00:00:00+03:00,,0.0,chunk_0009.json,POST /v1/generation/data/dpp-bulk,2026-05-31 21:45:13.822796+00:00,4765,SARITEPE HİDROELEKTRİK SANTRALİ,103060,2026-05-31T00:00:00+03:00,00:00
40W0000000047654,SARITEPE HİDROELEKTRİK SANTRALİ,unknown,2026-05-31 01:00:00+03:00,,0.0,chunk_0009.json,POST /v1/generation/data/dpp-bulk,2026-05-31 21:45:13.822796+00:00,4765,SARITEPE HİDROELEKTRİK SANTRALİ,103060,2026-05-31T01:00:00+03:00,01:00
40W0000000047654,SARITEPE HİDROELEKTRİK SANTRALİ,unknown,2026-05-31 02:00:00+03:00,,0.0,chunk_0009.json,POST /v1/generation/data/dpp-bulk,2026-05-31 21:45:13.822796+00:00,4765,SARITEPE HİDROELEKTRİK SANTRALİ,103060,2026-05-31T02:00:00+03:00,02:00
40W0000000047654,SARITEPE HİDROELEKTRİK SANTRALİ,unknown,2026-05-31 03:00:00+03:00,,0.0,chunk_0009.json,POST /v1/generation/data/dpp-bulk,2026-05-31 21:45:13.822796+00:00,4765,SARITEPE HİDROELEKTRİK SANTRALİ,103060,2026-05-31T03:00:00+03:00,03:00
40W0000000047654,SARITEPE HİDROELEKTRİK SANTRALİ,unknown,2026-05-31 04:00:00+03:00,,0.0,chunk_0009.json,POST /v1/generation/data/dpp-bulk,2026-05-31 21:45:13.822796+00:00,4765,SARITEPE HİDROELEKTRİK SANTRALİ,103060,2026-05-31T04:00:00+03:00,04:00
40W0000000047654,SARITEPE HİDROELEKTRİK SANTRALİ,unknown,2026-05-31 05:00:00+03:00,,0.0,chunk_0009.json,POST /v1/generation/data/dpp-bulk,2026-05-31 21:45:13.822796+00:00,4765,SARITEPE HİDROELEKTRİK SANTRALİ,103060,2026-05-31T05:00:00+03:00,05:00
40W0000000047654,SARITEPE HİDROELEKTRİK SANTRALİ,unknown,2026-05-31 06:00:00+03:00,,0.0,chunk_0009.json,POST /v1/generation/data/dpp-bulk,2026-05-31 21:45:13.822796+00:00,4765,SARITEPE HİDROELEKTRİK SANTRALİ,103060,2026-05-31T06:00:00+03:00,06:00
40W0000000047654,SARITEPE HİDROELEKTRİK SANTRALİ,unknown,2026-05-31 07:00:00+03:00,,0.0,chunk_0009.json,POST /v1/generation/data/dpp-bulk,2026-05-31 21:45:13.822796+00:00,4765,SARITEPE HİDROELEKTRİK SANTRALİ,103060,2026-05-31T07:00:00+03:00,07:00
40W0000000047654,SARITEPE HİDROELEKTRİK SANTRALİ,unknown,2026-05-31 08:00:00+03:00,,0.0,chunk_0009.json,POST /v1/generation/data/dpp-bulk,2026-05-31 21:45:13.822796+00:00,4765,SARITEPE HİDROELEKTRİK SANTRALİ,103060,2026-05-31T08:00:00+03:00,08:00
40W0000000047654,SARITEPE HİDROELEKTRİK SANTRALİ,unknown,2026-05-31 09:00:00+03:00,,0.0,chunk_0009.json,POST /v1/generation/data/dpp-bulk,2026-05-31 21:45:13.822796+00:00,4765,SARITEPE HİDROELEKTRİK SANTRALİ,103060,2026-05-31T09:00:00+03:00,09:00
40W0000000047654,SARITEPE HİDROELEKTRİK SANTRALİ,unknown,2026-05-31 10:00:00+03:00,,0.0,chunk_0009.json,POST /v1/generation/data/dpp-bulk,2026-05-31 21:45:13.822796+00:00,4765,SARITEPE HİDROELEKTRİK SANTRALİ,103060,2026-05-31T10:00:00+03:00,10:00
40W0000000047654,SARITEPE HİDROELEKTRİK SANTRALİ,unknown,2026-05-31 11:00:00+03:00,,0.0,chunk_0009.json,POST /v1/generation/data/dpp-bulk,2026-05-31 21:45:13.822796+00:00,4765,SARITEPE HİDROELEKTRİK SANTRALİ,103060,2026-05-31T11:00:00+03:00,11:00
40W0000000047654,SARITEPE HİDROELEKTRİK SANTRALİ,unknown,2026-05-31 12:00:00+03:00,,0.0,chunk_0009.json,POST /v1/generation/data/dpp-bulk,2026-05-31 21:45:13.822796+00:00,4765,SARITEPE HİDROELEKTRİK SANTRALİ,103060,2026-05-31T12:00:00+03:00,12:00
40W0000000047654,SARITEPE HİDROELEKTRİK SANTRALİ,unknown,2026-05-31 13:00:00+03:00,,0.0,chunk_0009.json,POST /v1/generation/data/dpp-bulk,2026-05-31 21:45:13.822796+00:00,4765,SARITEPE HİDROELEKTRİK SANTRALİ,103060,2026-05-31T13:00:00+03:00,13:00
40W0000000047654,SARITEPE HİDROELEKTRİK SANTRALİ,unknown,2026-05-31 14:00:00+03:00,,0.0,chunk_0009.json,POST /v1/generation/data/dpp-bulk,2026-05-31 21:45:13.822796+00:00,4765,SARITEPE HİDROELEKTRİK SANTRALİ,103060,2026-05-31T14:00:00+03:00,14:00
40W0000000047654,SARITEPE HİDROELEKTRİK SANTRALİ,unknown,2026-05-31 15:00:00+03:00,,0.0,chunk_0009.json,POST /v1/generation/data/dpp-bulk,2026-05-31 21:45:13.822796+00:00,4765,SARITEPE HİDROELEKTRİK SANTRALİ,103060,2026-05-31T15:00:00+03:00,15:00
40W0000000047654,SARITEPE HİDROELEKTRİK SANTRALİ,unknown,2026-05-31 16:00:00+03:00,,0.0,chunk_0009.json,POST /v1/generation/data/dpp-bulk,2026-05-31 21:45:13.822796+00:00,4765,SARITEPE HİDROELEKTRİK SANTRALİ,103060,2026-05-31T16:00:00+03:00,16:00
40W0000000047654,SARITEPE HİDROELEKTRİK SANTRALİ,unknown,2026-05-31 17:00:00+03:00,,0.0,chunk_0009.json,POST /v1/generation/data/dpp-bulk,2026-05-31 21:45:13.822796+00:00,4765,SARITEPE HİDROELEKTRİK SANTRALİ,103060,2026-05-31T17:00:00+03:00,17:00
40W0000000047654,SARITEPE HİDROELEKTRİK SANTRALİ,unknown,2026-05-31 18:00:00+03:00,,0.0,chunk_0009.json,POST /v1/generation/data/dpp-bulk,2026-05-31 21:45:13.822796+00:00,4765,SARITEPE HİDROELEKTRİK SANTRALİ,103060,2026-05-31T18:00:00+03:00,18:00
40W0000000047654,SARITEPE HİDROELEKTRİK SANTRALİ,unknown,2026-05-31 19:00:00+03:00,,0.0,chunk_0009.json,POST /v1/generation/data/dpp-bulk,2026-05-31 21:45:13.822796+00:00,4765,SARITEPE HİDROELEKTRİK SANTRALİ,103060,2026-05-31T19:00:00+03:00,19:00
40W0000000047654,SARITEPE HİDROELEKTRİK SANTRALİ,unknown,2026-05-31 20:00:00+03:00,,0.0,chunk_0009.json,POST /v1/generation/data/dpp-bulk,2026-05-31 21:45:13.822796+00:00,4765,SARITEPE HİDROELEKTRİK SANTRALİ,103060,2026-05-31T20:00:00+03:00,20:00
40W0000000047654,SARITEPE HİDROELEKTRİK SANTRALİ,unknown,2026-05-31 21:00:00+03:00,,0.0,chunk_0009.json,POST /v1/generation/data/dpp-bulk,2026-05-31 21:45:13.822796+00:00,4765,SARITEPE HİDROELEKTRİK SANTRALİ,103060,2026-05-31T21:00:00+03:00,21:00
40W0000000047654,SARITEPE HİDROELEKTRİK SANTRALİ,unknown,2026-05-31 22:00:00+03:00,,0.0,chunk_0009.json,POST /v1/generation/data/dpp-bulk,2026-05-31 21:45:13.822796+00:00,4765,SARITEPE HİDROELEKTRİK SANTRALİ,103060,2026-05-31T22:00:00+03:00,22:00
40W0000000047654,SARITEPE HİDROELEKTRİK SANTRALİ,unknown,2026-05-31 23:00:00+03:00,,0.0,chunk_0009.json,POST /v1/generation/data/dpp-bulk,2026-05-31 21:45:13.822796+00:00,4765,SARITEPE HİDROELEKTRİK SANTRALİ,103060,2026-05-31T23:00:00+03:00,23:00
40W000000004825C,AK GIDA KOJENERASYON SANTRALİ,unknown,2026-05-31 00:00:00+03:00,,0.0,chunk_0009.json,POST /v1/generation/data/dpp-bulk,2026-05-31 21:45:13.822796+00:00,4825,AK GIDA KOJENERASYON SANTRALİ,103060,2026-05-31T00:00:00+03:00,00:00
40W000000004825C,AK GIDA KOJENERASYON SANTRALİ,unknown,2026-05-31 01:00:00+03:00,,0.0,chunk_0009.json,POST /v1/generation/data/dpp-bulk,2026-05-31 21:45:13.822796+00:00,4825,AK GIDA KOJENERASYON SANTRALİ,103060,2026-05-31T01:00:00+03:00,01:00
40W000000004825C,AK GIDA KOJENERASYON SANTRALİ,unknown,2026-05-31 02:00:00+03:00,,0.0,chunk_0009.json,POST /v1/generation/data/dpp-bulk,2026-05-31 21:45:13.822796+00:00,4825,AK GIDA KOJENERASYON SANTRALİ,103060,2026-05-31T02:00:00+03:00,02:00
40W000000004825C,AK GIDA KOJENERASYON SANTRALİ,unknown,2026-05-31 03:00:00+03:00,,0.0,chunk_0009.json,POST /v1/generation/data/dpp-bulk,2026-05-31 21:45:13.822796+00:00,4825,AK GIDA KOJENERASYON SANTRALİ,103060,2026-05-31T03:00:00+03:00,03:00
40W000000004825C,AK GIDA KOJENERASYON SANTRALİ,unknown,2026-05-31 04:00:00+03:00,,0.0,chunk_0009.json,POST /v1/generation/data/dpp-bulk,2026-05-31 21:45:13.822796+00:00,4825,AK GIDA KOJENERASYON SANTRALİ,103060,2026-05-31T04:00:00+03:00,04:00
40W000000004825C,AK GIDA KOJENERASYON SANTRALİ,unknown,2026-05-31 05:00:00+03:00,,0.0,chunk_0009.json,POST /v1/generation/data/dpp-bulk,2026-05-31 21:45:13.822796+00:00,4825,AK GIDA KOJENERASYON SANTRALİ,103060,2026-05-31T05:00:00+03:00,05:00
40W000000004825C,AK GIDA KOJENERASYON SANTRALİ,unknown,2026-05-31 06:00:00+03:00,,0.0,chunk_0009.json,POST /v1/generation/data/dpp-bulk,2026-05-31 21:45:13.822796+00:00,4825,AK GIDA KOJENERASYON SANTRALİ,103060,2026-05-31T06:00:00+03:00,06:00
40W000000004825C,AK GIDA KOJENERASYON SANTRALİ,unknown,2026-05-31 07:00:00+03:00,,0.0,chunk_0009.json,POST /v1/generation/data/dpp-bulk,2026-05-31 21:45:13.822796+00:00,4825,AK GIDA KOJENERASYON SANTRALİ,103060,2026-05-31T07:00:00+03:00,07:00
40W000000004825C,AK GIDA KOJENERASYON SANTRALİ,unknown,2026-05-31 08:00:00+03:00,,0.0,chunk_0009.json,POST /v1/generation/data/dpp-bulk,2026-05-31 21:45:13.822796+00:00,4825,AK GIDA KOJENERASYON SANTRALİ,103060,2026-05-31T08:00:00+03:00,08:00
40W000000004825C,AK GIDA KOJENERASYON SANTRALİ,unknown,2026-05-31 09:00:00+03:00,,0.0,chunk_0009.json,POST /v1/generation/data/dpp-bulk,2026-05-31 21:45:13.822796+00:00,4825,AK GIDA KOJENERASYON SANTRALİ,103060,2026-05-31T09:00:00+03:00,09:00
40W000000004825C,AK GIDA KOJENERASYON SANTRALİ,unknown,2026-05-31 10:00:00+03:00,,0.0,chunk_0009.json,POST /v1/generation/data/dpp-bulk,2026-05-31 21:45:13.822796+00:00,4825,AK GIDA KOJENERASYON SANTRALİ,103060,2026-05-31T10:00:00+03:00,10:00
40W000000004825C,AK GIDA KOJENERASYON SANTRALİ,unknown,2026-05-31 11:00:00+03:00,,0.0,chunk_0009.json,POST /v1/generation/data/dpp-bulk,2026-05-31 21:45:13.822796+00:00,4825,AK GIDA KOJENERASYON SANTRALİ,103060,2026-05-31T11:00:00+03:00,11:00
40W000000004825C,AK GIDA KOJENERASYON SANTRALİ,unknown,2026-05-31 12:00:00+03:00,,0.0,chunk_0009.json,POST /v1/generation/data/dpp-bulk,2026-05-31 21:45:13.822796+00:00,4825,AK GIDA KOJENERASYON SANTRALİ,103060,2026-05-31T12:00:00+03:00,12:00
40W000000004825C,AK GIDA KOJENERASYON SANTRALİ,unknown,2026-05-31 13:00:00+03:00,,0.0,chunk_0009.json,POST /v1/generation/data/dpp-bulk,2026-05-31 21:45:13.822796+00:00,4825,AK GIDA KOJENERASYON SANTRALİ,103060,2026-05-31T13:00:00+03:00,13:00
40W000000004825C,AK GIDA KOJENERASYON SANTRALİ,unknown,2026-05-31 14:00:00+03:00,,0.0,chunk_0009.json,POST /v1/generation/data/dpp-bulk,2026-05-31 21:45:13.822796+00:00,4825,AK GIDA KOJENERASYON SANTRALİ,103060,2026-05-31T14:00:00+03:00,14:00
40W000000004825C,AK GIDA KOJENERASYON SANTRALİ,unknown,2026-05-31 15:00:00+03:00,,0.0,chunk_0009.json,POST /v1/generation/data/dpp-bulk,2026-05-31 21:45:13.822796+00:00,4825,AK GIDA KOJENERASYON SANTRALİ,103060,2026-05-31T15:00:00+03:00,15:00
40W000000004825C,AK GIDA KOJENERASYON SANTRALİ,unknown,2026-05-31 16:00:00+03:00,,0.0,chunk_0009.json,POST /v1/generation/data/dpp-bulk,2026-05-31 21:45:13.822796+00:00,4825,AK GIDA KOJENERASYON SANTRALİ,103060,2026-05-31T16:00:00+03:00,16:00
40W000000004825C,AK GIDA KOJENERASYON SANTRALİ,unknown,2026-05-31 17:00:00+03:00,,0.0,chunk_0009.json,POST /v1/generation/data/dpp-bulk,2026-05-31 21:45:13.822796+00:00,4825,AK GIDA KOJENERASYON SANTRALİ,103060,2026-05-31T17:00:00+03:00,17:00
40W000000004825C,AK GIDA KOJENERASYON SANTRALİ,unknown,2026-05-31 18:00:00+03:00,,0.0,chunk_0009.json,POST /v1/generation/data/dpp-bulk,2026-05-31 21:45:13.822796+00:00,4825,AK GIDA KOJENERASYON SANTRALİ,103060,2026-05-31T18:00:00+03:00,18:00
40W000000004825C,AK GIDA KOJENERASYON SANTRALİ,unknown,2026-05-31 19:00:00+03:00,,0.0,chunk_0009.json,POST /v1/generation/data/dpp-bulk,2026-05-31 21:45:13.822796+00:00,4825,AK GIDA KOJENERASYON SANTRALİ,103060,2026-05-31T19:00:00+03:00,19:00
40W000000004825C,AK GIDA KOJENERASYON SANTRALİ,unknown,2026-05-31 20:00:00+03:00,,0.0,chunk_0009.json,POST /v1/generation/data/dpp-bulk,2026-05-31 21:45:13.822796+00:00,4825,AK GIDA KOJENERASYON SANTRALİ,103060,2026-05-31T20:00:00+03:00,20:00
40W000000004825C,AK GIDA KOJENERASYON SANTRALİ,unknown,2026-05-31 21:00:00+03:00,,0.0,chunk_0009.json,POST /v1/generation/data/dpp-bulk,2026-05-31 21:45:13.822796+00:00,4825,AK GIDA KOJENERASYON SANTRALİ,103060,2026-05-31T21:00:00+03:00,21:00
40W000000004825C,AK GIDA KOJENERASYON SANTRALİ,unknown,2026-05-31 22:00:00+03:00,,0.0,chunk_0009.json,POST /v1/generation/data/dpp-bulk,2026-05-31 21:45:13.822796+00:00,4825,AK GIDA KOJENERASYON SANTRALİ,103060,2026-05-31T22:00:00+03:00,22:00
40W000000004825C,AK GIDA KOJENERASYON SANTRALİ,unknown,2026-05-31 23:00:00+03:00,,0.0,chunk_0009.json,POST /v1/generation/data/dpp-bulk,2026-05-31 21:45:13.822796+00:00,4825,AK GIDA KOJENERASYON SANTRALİ,103060,2026-05-31T23:00:00+03:00,23:00
40W000000005245P,SÜMER HES,unknown,2026-05-31 00:00:00+03:00,,0.0,chunk_0009.json,POST /v1/generation/data/dpp-bulk,2026-05-31 21:45:13.822796+00:00,5245,SÜMER HES,103201,2026-05-31T00:00:00+03:00,00:00
40W000000005245P,SÜMER HES,unknown,2026-05-31 01:00:00+03:00,,0.0,chunk_0009.json,POST /v1/generation/data/dpp-bulk,2026-05-31 21:45:13.822796+00:00,5245,SÜMER HES,103201,2026-05-31T01:00:00+03:00,01:00
40W000000005245P,SÜMER HES,unknown,2026-05-31 02:00:00+03:00,,0.0,chunk_0009.json,POST /v1/generation/data/dpp-bulk,2026-05-31 21:45:13.822796+00:00,5245,SÜMER HES,103201,2026-05-31T02:00:00+03:00,02:00
40W000000005245P,SÜMER HES,unknown,2026-05-31 03:00:00+03:00,,1.4,chunk_0009.json,POST /v1/generation/data/dpp-bulk,2026-05-31 21:45:13.822796+00:00,5245,SÜMER HES,103201,2026-05-31T03:00:00+03:00,03:00
40W000000005245P,SÜMER HES,unknown,2026-05-31 04:00:00+03:00,,0.0,chunk_0009.json,POST /v1/generation/data/dpp-bulk,2026-05-31 21:45:13.822796+00:00,5245,SÜMER HES,103201,2026-05-31T04:00:00+03:00,04:00
40W000000005245P,SÜMER HES,unknown,2026-05-31 05:00:00+03:00,,0.0,chunk_0009.json,POST /v1/generation/data/dpp-bulk,2026-05-31 21:45:13.822796+00:00,5245,SÜMER HES,103201,2026-05-31T05:00:00+03:00,05:00
40W000000005245P,SÜMER HES,unknown,2026-05-31 06:00:00+03:00,,0.0,chunk_0009.json,POST /v1/generation/data/dpp-bulk,2026-05-31 21:45:13.822796+00:00,5245,SÜMER HES,103201,2026-05-31T06:00:00+03:00,06:00
40W000000005245P,SÜMER HES,unknown,2026-05-31 07:00:00+03:00,,0.0,chunk_0009.json,POST /v1/generation/data/dpp-bulk,2026-05-31 21:45:13.822796+00:00,5245,SÜMER HES,103201,2026-05-31T07:00:00+03:00,07:00
40W000000005245P,SÜMER HES,unknown,2026-05-31 08:00:00+03:00,,0.0,chunk_0009.json,POST /v1/generation/data/dpp-bulk,2026-05-31 21:45:13.822796+00:00,5245,SÜMER HES,103201,2026-05-31T08:00:00+03:00,08:00
40W000000005245P,SÜMER HES,unknown,2026-05-31 09:00:00+03:00,,0.0,chunk_0009.json,POST /v1/generation/data/dpp-bulk,2026-05-31 21:45:13.822796+00:00,5245,SÜMER HES,103201,2026-05-31T09:00:00+03:00,09:00
40W000000005245P,SÜMER HES,unknown,2026-05-31 10:00:00+03:00,,0.0,chunk_0009.json,POST /v1/generation/data/dpp-bulk,2026-05-31 21:45:13.822796+00:00,5245,SÜMER HES,103201,2026-05-31T10:00:00+03:00,10:00
40W000000005245P,SÜMER HES,unknown,2026-05-31 11:00:00+03:00,,0.0,chunk_0009.json,POST /v1/generation/data/dpp-bulk,2026-05-31 21:45:13.822796+00:00,5245,SÜMER HES,103201,2026-05-31T11:00:00+03:00,11:00
40W000000005245P,SÜMER HES,unknown,2026-05-31 12:00:00+03:00,,0.0,chunk_0009.json,POST /v1/generation/data/dpp-bulk,2026-05-31 21:45:13.822796+00:00,5245,SÜMER HES,103201,2026-05-31T12:00:00+03:00,12:00
40W000000005245P,SÜMER HES,unknown,2026-05-31 13:00:00+03:00,,0.0,chunk_0009.json,POST /v1/generation/data/dpp-bulk,2026-05-31 21:45:13.822796+00:00,5245,SÜMER HES,103201,2026-05-31T13:00:00+03:00,13:00
40W000000005245P,SÜMER HES,unknown,2026-05-31 14:00:00+03:00,,0.0,chunk_0009.json,POST /v1/generation/data/dpp-bulk,2026-05-31 21:45:13.822796+00:00,5245,SÜMER HES,103201,2026-05-31T14:00:00+03:00,14:00
40W000000005245P,SÜMER HES,unknown,2026-05-31 15:00:00+03:00,,0.0,chunk_0009.json,POST /v1/generation/data/dpp-bulk,2026-05-31 21:45:13.822796+00:00,5245,SÜMER HES,103201,2026-05-31T15:00:00+03:00,15:00
40W000000005245P,SÜMER HES,unknown,2026-05-31 16:00:00+03:00,,0.0,chunk_0009.json,POST /v1/generation/data/dpp-bulk,2026-05-31 21:45:13.822796+00:00,5245,SÜMER HES,103201,2026-05-31T16:00:00+03:00,16:00
40W000000005245P,SÜMER HES,unknown,2026-05-31 17:00:00+03:00,,0.0,chunk_0009.json,POST /v1/generation/data/dpp-bulk,2026-05-31 21:45:13.822796+00:00,5245,SÜMER HES,103201,2026-05-31T17:00:00+03:00,17:00
40W000000005245P,SÜMER HES,unknown,2026-05-31 18:00:00+03:00,,0.0,chunk_0009.json,POST /v1/generation/data/dpp-bulk,2026-05-31 21:45:13.822796+00:00,5245,SÜMER HES,103201,2026-05-31T18:00:00+03:00,18:00
40W000000005245P,SÜMER HES,unknown,2026-05-31 19:00:00+03:00,,0.0,chunk_0009.json,POST /v1/generation/data/dpp-bulk,2026-05-31 21:45:13.822796+00:00,5245,SÜMER HES,103201,2026-05-31T19:00:00+03:00,19:00
40W000000005245P,SÜMER HES,unknown,2026-05-31 20:00:00+03:00,,21.6,chunk_0009.json,POST /v1/generation/data/dpp-bulk,2026-05-31 21:45:13.822796+00:00,5245,SÜMER HES,103201,2026-05-31T20:00:00+03:00,20:00
40W000000005245P,SÜMER HES,unknown,2026-05-31 21:00:00+03:00,,21.6,chunk_0009.json,POST /v1/generation/data/dpp-bulk,2026-05-31 21:45:13.822796+00:00,5245,SÜMER HES,103201,2026-05-31T21:00:00+03:00,21:00
40W000000005245P,SÜMER HES,unknown,2026-05-31 22:00:00+03:00,,21.6,chunk_0009.json,POST /v1/generation/data/dpp-bulk,2026-05-31 21:45:13.822796+00:00,5245,SÜMER HES,103201,2026-05-31T22:00:00+03:00,22:00
40W000000005245P,SÜMER HES,unknown,2026-05-31 23:00:00+03:00,,21.6,chunk_0009.json,POST /v1/generation/data/dpp-bulk,2026-05-31 21:45:13.822796+00:00,5245,SÜMER HES,103201,2026-05-31T23:00:00+03:00,23:00
40W000000004130A,SARIKAYA RES(ALİZE),unknown,2026-05-31 00:00:00+03:00,,7.68,chunk_0009.json,POST /v1/generation/data/dpp-bulk,2026-05-31 21:45:13.822796+00:00,4130,SARIKAYA RES(ALİZE),103261,2026-05-31T00:00:00+03:00,00:00
40W000000004130A,SARIKAYA RES(ALİZE),unknown,2026-05-31 01:00:00+03:00,,5.54,chunk_0009.json,POST /v1/generation/data/dpp-bulk,2026-05-31 21:45:13.822796+00:00,4130,SARIKAYA RES(ALİZE),103261,2026-05-31T01:00:00+03:00,01:00
40W000000004130A,SARIKAYA RES(ALİZE),unknown,2026-05-31 02:00:00+03:00,,4.31,chunk_0009.json,POST /v1/generation/data/dpp-bulk,2026-05-31 21:45:13.822796+00:00,4130,SARIKAYA RES(ALİZE),103261,2026-05-31T02:00:00+03:00,02:00
40W000000004130A,SARIKAYA RES(ALİZE),unknown,2026-05-31 03:00:00+03:00,,4.05,chunk_0009.json,POST /v1/generation/data/dpp-bulk,2026-05-31 21:45:13.822796+00:00,4130,SARIKAYA RES(ALİZE),103261,2026-05-31T03:00:00+03:00,03:00
40W000000004130A,SARIKAYA RES(ALİZE),unknown,2026-05-31 04:00:00+03:00,,4.14,chunk_0009.json,POST /v1/generation/data/dpp-bulk,2026-05-31 21:45:13.822796+00:00,4130,SARIKAYA RES(ALİZE),103261,2026-05-31T04:00:00+03:00,04:00
40W000000004130A,SARIKAYA RES(ALİZE),unknown,2026-05-31 05:00:00+03:00,,2.0,chunk_0009.json,POST /v1/generation/data/dpp-bulk,2026-05-31 21:45:13.822796+00:00,4130,SARIKAYA RES(ALİZE),103261,2026-05-31T05:00:00+03:00,05:00
40W000000004130A,SARIKAYA RES(ALİZE),unknown,2026-05-31 06:00:00+03:00,,2.0,chunk_0009.json,POST /v1/generation/data/dpp-bulk,2026-05-31 21:45:13.822796+00:00,4130,SARIKAYA RES(ALİZE),103261,2026-05-31T06:00:00+03:00,06:00
40W000000004130A,SARIKAYA RES(ALİZE),unknown,2026-05-31 07:00:00+03:00,,2.0,chunk_0009.json,POST /v1/generation/data/dpp-bulk,2026-05-31 21:45:13.822796+00:00,4130,SARIKAYA RES(ALİZE),103261,2026-05-31T07:00:00+03:00,07:00
40W000000004130A,SARIKAYA RES(ALİZE),unknown,2026-05-31 08:00:00+03:00,,2.0,chunk_0009.json,POST /v1/generation/data/dpp-bulk,2026-05-31 21:45:13.822796+00:00,4130,SARIKAYA RES(ALİZE),103261,2026-05-31T08:00:00+03:00,08:00
40W000000004130A,SARIKAYA RES(ALİZE),unknown,2026-05-31 09:00:00+03:00,,2.0,chunk_0009.json,POST /v1/generation/data/dpp-bulk,2026-05-31 21:45:13.822796+00:00,4130,SARIKAYA RES(ALİZE),103261,2026-05-31T09:00:00+03:00,09:00
40W000000004130A,SARIKAYA RES(ALİZE),unknown,2026-05-31 10:00:00+03:00,,2.0,chunk_0009.json,POST /v1/generation/data/dpp-bulk,2026-05-31 21:45:13.822796+00:00,4130,SARIKAYA RES(ALİZE),103261,2026-05-31T10:00:00+03:00,10:00
40W000000004130A,SARIKAYA RES(ALİZE),unknown,2026-05-31 11:00:00+03:00,,2.0,chunk_0009.json,POST /v1/generation/data/dpp-bulk,2026-05-31 21:45:13.822796+00:00,4130,SARIKAYA RES(ALİZE),103261,2026-05-31T11:00:00+03:00,11:00
40W000000004130A,SARIKAYA RES(ALİZE),unknown,2026-05-31 12:00:00+03:00,,2.0,chunk_0009.json,POST /v1/generation/data/dpp-bulk,2026-05-31 21:45:13.822796+00:00,4130,SARIKAYA RES(ALİZE),103261,2026-05-31T12:00:00+03:00,12:00
40W000000004130A,SARIKAYA RES(ALİZE),unknown,2026-05-31 13:00:00+03:00,,2.0,chunk_0009.json,POST /v1/generation/data/dpp-bulk,2026-05-31 21:45:13.822796+00:00,4130,SARIKAYA RES(ALİZE),103261,2026-05-31T13:00:00+03:00,13:00
40W000000004130A,SARIKAYA RES(ALİZE),unknown,2026-05-31 14:00:00+03:00,,2.0,chunk_0009.json,POST /v1/generation/data/dpp-bulk,2026-05-31 21:45:13.822796+00:00,4130,SARIKAYA RES(ALİZE),103261,2026-05-31T14:00:00+03:00,14:00
40W000000004130A,SARIKAYA RES(ALİZE),unknown,2026-05-31 15:00:00+03:00,,2.0,chunk_0009.json,POST /v1/generation/data/dpp-bulk,2026-05-31 21:45:13.822796+00:00,4130,SARIKAYA RES(ALİZE),103261,2026-05-31T15:00:00+03:00,15:00
40W000000004130A,SARIKAYA RES(ALİZE),unknown,2026-05-31 16:00:00+03:00,,2.0,chunk_0009.json,POST /v1/generation/data/dpp-bulk,2026-05-31 21:45:13.822796+00:00,4130,SARIKAYA RES(ALİZE),103261,2026-05-31T16:00:00+03:00,16:00
40W000000004130A,SARIKAYA RES(ALİZE),unknown,2026-05-31 17:00:00+03:00,,2.0,chunk_0009.json,POST /v1/generation/data/dpp-bulk,2026-05-31 21:45:13.822796+00:00,4130,SARIKAYA RES(ALİZE),103261,2026-05-31T17:00:00+03:00,17:00
40W000000004130A,SARIKAYA RES(ALİZE),unknown,2026-05-31 18:00:00+03:00,,7.56,chunk_0009.json,POST /v1/generation/data/dpp-bulk,2026-05-31 21:45:13.822796+00:00,4130,SARIKAYA RES(ALİZE),103261,2026-05-31T18:00:00+03:00,18:00
40W000000004130A,SARIKAYA RES(ALİZE),unknown,2026-05-31 19:00:00+03:00,,10.56,chunk_0009.json,POST /v1/generation/data/dpp-bulk,2026-05-31 21:45:13.822796+00:00,4130,SARIKAYA RES(ALİZE),103261,2026-05-31T19:00:00+03:00,19:00
40W000000004130A,SARIKAYA RES(ALİZE),unknown,2026-05-31 20:00:00+03:00,,9.17,chunk_0009.json,POST /v1/generation/data/dpp-bulk,2026-05-31 21:45:13.822796+00:00,4130,SARIKAYA RES(ALİZE),103261,2026-05-31T20:00:00+03:00,20:00
40W000000004130A,SARIKAYA RES(ALİZE),unknown,2026-05-31 21:00:00+03:00,,7.14,chunk_0009.json,POST /v1/generation/data/dpp-bulk,2026-05-31 21:45:13.822796+00:00,4130,SARIKAYA RES(ALİZE),103261,2026-05-31T21:00:00+03:00,21:00
40W000000004130A,SARIKAYA RES(ALİZE),unknown,2026-05-31 22:00:00+03:00,,10.25,chunk_0009.json,POST /v1/generation/data/dpp-bulk,2026-05-31 21:45:13.822796+00:00,4130,SARIKAYA RES(ALİZE),103261,2026-05-31T22:00:00+03:00,22:00
40W000000004130A,SARIKAYA RES(ALİZE),unknown,2026-05-31 23:00:00+03:00,,10.68,chunk_0009.json,POST /v1/generation/data/dpp-bulk,2026-05-31 21:45:13.822796+00:00,4130,SARIKAYA RES(ALİZE),103261,2026-05-31T23:00:00+03:00,23:00
40W000000004805I,TUZLA JES,unknown,2026-05-31 00:00:00+03:00,,5.1,chunk_0009.json,POST /v1/generation/data/dpp-bulk,2026-05-31 21:45:13.822796+00:00,4805,TUZLA JES,103340,2026-05-31T00:00:00+03:00,00:00
40W000000004805I,TUZLA JES,unknown,2026-05-31 01:00:00+03:00,,5.2,chunk_0009.json,POST /v1/generation/data/dpp-bulk,2026-05-31 21:45:13.822796+00:00,4805,TUZLA JES,103340,2026-05-31T01:00:00+03:00,01:00
40W000000004805I,TUZLA JES,unknown,2026-05-31 02:00:00+03:00,,5.2,chunk_0009.json,POST /v1/generation/data/dpp-bulk,2026-05-31 21:45:13.822796+00:00,4805,TUZLA JES,103340,2026-05-31T02:00:00+03:00,02:00
40W000000004805I,TUZLA JES,unknown,2026-05-31 03:00:00+03:00,,5.2,chunk_0009.json,POST /v1/generation/data/dpp-bulk,2026-05-31 21:45:13.822796+00:00,4805,TUZLA JES,103340,2026-05-31T03:00:00+03:00,03:00
40W000000004805I,TUZLA JES,unknown,2026-05-31 04:00:00+03:00,,5.2,chunk_0009.json,POST /v1/generation/data/dpp-bulk,2026-05-31 21:45:13.822796+00:00,4805,TUZLA JES,103340,2026-05-31T04:00:00+03:00,04:00
40W000000004805I,TUZLA JES,unknown,2026-05-31 05:00:00+03:00,,5.2,chunk_0009.json,POST /v1/generation/data/dpp-bulk,2026-05-31 21:45:13.822796+00:00,4805,TUZLA JES,103340,2026-05-31T05:00:00+03:00,05:00
40W000000004805I,TUZLA JES,unknown,2026-05-31 06:00:00+03:00,,5.2,chunk_0009.json,POST /v1/generation/data/dpp-bulk,2026-05-31 21:45:13.822796+00:00,4805,TUZLA JES,103340,2026-05-31T06:00:00+03:00,06:00
40W000000004805I,TUZLA JES,unknown,2026-05-31 07:00:00+03:00,,5.1,chunk_0009.json,POST /v1/generation/data/dpp-bulk,2026-05-31 21:45:13.822796+00:00,4805,TUZLA JES,103340,2026-05-31T07:00:00+03:00,07:00
40W000000004805I,TUZLA JES,unknown,2026-05-31 08:00:00+03:00,,5.0,chunk_0009.json,POST /v1/generation/data/dpp-bulk,2026-05-31 21:45:13.822796+00:00,4805,TUZLA JES,103340,2026-05-31T08:00:00+03:00,08:00
40W000000004805I,TUZLA JES,unknown,2026-05-31 09:00:00+03:00,,4.9,chunk_0009.json,POST /v1/generation/data/dpp-bulk,2026-05-31 21:45:13.822796+00:00,4805,TUZLA JES,103340,2026-05-31T09:00:00+03:00,09:00
40W000000004805I,TUZLA JES,unknown,2026-05-31 10:00:00+03:00,,4.8,chunk_0009.json,POST /v1/generation/data/dpp-bulk,2026-05-31 21:45:13.822796+00:00,4805,TUZLA JES,103340,2026-05-31T10:00:00+03:00,10:00
40W000000004805I,TUZLA JES,unknown,2026-05-31 11:00:00+03:00,,4.7,chunk_0009.json,POST /v1/generation/data/dpp-bulk,2026-05-31 21:45:13.822796+00:00,4805,TUZLA JES,103340,2026-05-31T11:00:00+03:00,11:00
40W000000004805I,TUZLA JES,unknown,2026-05-31 12:00:00+03:00,,4.7,chunk_0009.json,POST /v1/generation/data/dpp-bulk,2026-05-31 21:45:13.822796+00:00,4805,TUZLA JES,103340,2026-05-31T12:00:00+03:00,12:00
40W000000004805I,TUZLA JES,unknown,2026-05-31 13:00:00+03:00,,4.6,chunk_0009.json,POST /v1/generation/data/dpp-bulk,2026-05-31 21:45:13.822796+00:00,4805,TUZLA JES,103340,2026-05-31T13:00:00+03:00,13:00
40W000000004805I,TUZLA JES,unknown,2026-05-31 14:00:00+03:00,,4.6,chunk_0009.json,POST /v1/generation/data/dpp-bulk,2026-05-31 21:45:13.822796+00:00,4805,TUZLA JES,103340,2026-05-31T14:00:00+03:00,14:00
40W000000004805I,TUZLA JES,unknown,2026-05-31 15:00:00+03:00,,4.6,chunk_0009.json,POST /v1/generation/data/dpp-bulk,2026-05-31 21:45:13.822796+00:00,4805,TUZLA JES,103340,2026-05-31T15:00:00+03:00,15:00
40W000000004805I,TUZLA JES,unknown,2026-05-31 16:00:00+03:00,,4.5,chunk_0009.json,POST /v1/generation/data/dpp-bulk,2026-05-31 21:45:13.822796+00:00,4805,TUZLA JES,103340,2026-05-31T16:00:00+03:00,16:00
40W000000004805I,TUZLA JES,unknown,2026-05-31 17:00:00+03:00,,4.5,chunk_0009.json,POST /v1/generation/data/dpp-bulk,2026-05-31 21:45:13.822796+00:00,4805,TUZLA JES,103340,2026-05-31T17:00:00+03:00,17:00
40W000000004805I,TUZLA JES,unknown,2026-05-31 18:00:00+03:00,,4.5,chunk_0009.json,POST /v1/generation/data/dpp-bulk,2026-05-31 21:45:13.822796+00:00,4805,TUZLA JES,103340,2026-05-31T18:00:00+03:00,18:00
40W000000004805I,TUZLA JES,unknown,2026-05-31 19:00:00+03:00,,4.6,chunk_0009.json,POST /v1/generation/data/dpp-bulk,2026-05-31 21:45:13.822796+00:00,4805,TUZLA JES,103340,2026-05-31T19:00:00+03:00,19:00
40W000000004805I,TUZLA JES,unknown,2026-05-31 20:00:00+03:00,,4.6,chunk_0009.json,POST /v1/generation/data/dpp-bulk,2026-05-31 21:45:13.822796+00:00,4805,TUZLA JES,103340,2026-05-31T20:00:00+03:00,20:00
40W000000004805I,TUZLA JES,unknown,2026-05-31 21:00:00+03:00,,4.7,chunk_0009.json,POST /v1/generation/data/dpp-bulk,2026-05-31 21:45:13.822796+00:00,4805,TUZLA JES,103340,2026-05-31T21:00:00+03:00,21:00
40W000000004805I,TUZLA JES,unknown,2026-05-31 22:00:00+03:00,,4.7,chunk_0009.json,POST /v1/generation/data/dpp-bulk,2026-05-31 21:45:13.822796+00:00,4805,TUZLA JES,103340,2026-05-31T22:00:00+03:00,22:00
40W000000004805I,TUZLA JES,unknown,2026-05-31 23:00:00+03:00,,4.8,chunk_0009.json,POST /v1/generation/data/dpp-bulk,2026-05-31 21:45:13.822796+00:00,4805,TUZLA JES,103340,2026-05-31T23:00:00+03:00,23:00
40W000000005545D,KULP-IV HES,unknown,2026-05-31 00:00:00+03:00,,12.29,chunk_0009.json,POST /v1/generation/data/dpp-bulk,2026-05-31 21:45:13.822796+00:00,5545,KULP-IV HES,103402,2026-05-31T00:00:00+03:00,00:00
40W000000005545D,KULP-IV HES,unknown,2026-05-31 01:00:00+03:00,,12.29,chunk_0009.json,POST /v1/generation/data/dpp-bulk,2026-05-31 21:45:13.822796+00:00,5545,KULP-IV HES,103402,2026-05-31T01:00:00+03:00,01:00
40W000000005545D,KULP-IV HES,unknown,2026-05-31 02:00:00+03:00,,12.29,chunk_0009.json,POST /v1/generation/data/dpp-bulk,2026-05-31 21:45:13.822796+00:00,5545,KULP-IV HES,103402,2026-05-31T02:00:00+03:00,02:00
40W000000005545D,KULP-IV HES,unknown,2026-05-31 03:00:00+03:00,,12.29,chunk_0009.json,POST /v1/generation/data/dpp-bulk,2026-05-31 21:45:13.822796+00:00,5545,KULP-IV HES,103402,2026-05-31T03:00:00+03:00,03:00
40W000000005545D,KULP-IV HES,unknown,2026-05-31 04:00:00+03:00,,12.29,chunk_0009.json,POST /v1/generation/data/dpp-bulk,2026-05-31 21:45:13.822796+00:00,5545,KULP-IV HES,103402,2026-05-31T04:00:00+03:00,04:00
40W000000005545D,KULP-IV HES,unknown,2026-05-31 05:00:00+03:00,,12.29,chunk_0009.json,POST /v1/generation/data/dpp-bulk,2026-05-31 21:45:13.822796+00:00,5545,KULP-IV HES,103402,2026-05-31T05:00:00+03:00,05:00
40W000000005545D,KULP-IV HES,unknown,2026-05-31 06:00:00+03:00,,0.0,chunk_0009.json,POST /v1/generation/data/dpp-bulk,2026-05-31 21:45:13.822796+00:00,5545,KULP-IV HES,103402,2026-05-31T06:00:00+03:00,06:00
40W000000005545D,KULP-IV HES,unknown,2026-05-31 07:00:00+03:00,,0.0,chunk_0009.json,POST /v1/generation/data/dpp-bulk,2026-05-31 21:45:13.822796+00:00,5545,KULP-IV HES,103402,2026-05-31T07:00:00+03:00,07:00
40W000000005545D,KULP-IV HES,unknown,2026-05-31 08:00:00+03:00,,0.0,chunk_0009.json,POST /v1/generation/data/dpp-bulk,2026-05-31 21:45:13.822796+00:00,5545,KULP-IV HES,103402,2026-05-31T08:00:00+03:00,08:00
40W000000005545D,KULP-IV HES,unknown,2026-05-31 09:00:00+03:00,,0.0,chunk_0009.json,POST /v1/generation/data/dpp-bulk,2026-05-31 21:45:13.822796+00:00,5545,KULP-IV HES,103402,2026-05-31T09:00:00+03:00,09:00
40W000000005545D,KULP-IV HES,unknown,2026-05-31 10:00:00+03:00,,0.0,chunk_0009.json,POST /v1/generation/data/dpp-bulk,2026-05-31 21:45:13.822796+00:00,5545,KULP-IV HES,103402,2026-05-31T10:00:00+03:00,10:00
40W000000005545D,KULP-IV HES,unknown,2026-05-31 11:00:00+03:00,,0.0,chunk_0009.json,POST /v1/generation/data/dpp-bulk,2026-05-31 21:45:13.822796+00:00,5545,KULP-IV HES,103402,2026-05-31T11:00:00+03:00,11:00
40W000000005545D,KULP-IV HES,unknown,2026-05-31 12:00:00+03:00,,0.0,chunk_0009.json,POST /v1/generation/data/dpp-bulk,2026-05-31 21:45:13.822796+00:00,5545,KULP-IV HES,103402,2026-05-31T12:00:00+03:00,12:00
40W000000005545D,KULP-IV HES,unknown,2026-05-31 13:00:00+03:00,,0.0,chunk_0009.json,POST /v1/generation/data/dpp-bulk,2026-05-31 21:45:13.822796+00:00,5545,KULP-IV HES,103402,2026-05-31T13:00:00+03:00,13:00
40W000000005545D,KULP-IV HES,unknown,2026-05-31 14:00:00+03:00,,0.0,chunk_0009.json,POST /v1/generation/data/dpp-bulk,2026-05-31 21:45:13.822796+00:00,5545,KULP-IV HES,103402,2026-05-31T14:00:00+03:00,14:00
40W000000005545D,KULP-IV HES,unknown,2026-05-31 15:00:00+03:00,,0.0,chunk_0009.json,POST /v1/generation/data/dpp-bulk,2026-05-31 21:45:13.822796+00:00,5545,KULP-IV HES,103402,2026-05-31T15:00:00+03:00,15:00
40W000000005545D,KULP-IV HES,unknown,2026-05-31 16:00:00+03:00,,0.0,chunk_0009.json,POST /v1/generation/data/dpp-bulk,2026-05-31 21:45:13.822796+00:00,5545,KULP-IV HES,103402,2026-05-31T16:00:00+03:00,16:00
40W000000005545D,KULP-IV HES,unknown,2026-05-31 17:00:00+03:00,,0.0,chunk_0009.json,POST /v1/generation/data/dpp-bulk,2026-05-31 21:45:13.822796+00:00,5545,KULP-IV HES,103402,2026-05-31T17:00:00+03:00,17:00
40W000000005545D,KULP-IV HES,unknown,2026-05-31 18:00:00+03:00,,12.29,chunk_0009.json,POST /v1/generation/data/dpp-bulk,2026-05-31 21:45:13.822796+00:00,5545,KULP-IV HES,103402,2026-05-31T18:00:00+03:00,18:00
40W000000005545D,KULP-IV HES,unknown,2026-05-31 19:00:00+03:00,,12.29,chunk_0009.json,POST /v1/generation/data/dpp-bulk,2026-05-31 21:45:13.822796+00:00,5545,KULP-IV HES,103402,2026-05-31T19:00:00+03:00,19:00
40W000000005545D,KULP-IV HES,unknown,2026-05-31 20:00:00+03:00,,12.29,chunk_0009.json,POST /v1/generation/data/dpp-bulk,2026-05-31 21:45:13.822796+00:00,5545,KULP-IV HES,103402,2026-05-31T20:00:00+03:00,20:00
40W000000005545D,KULP-IV HES,unknown,2026-05-31 21:00:00+03:00,,12.29,chunk_0009.json,POST /v1/generation/data/dpp-bulk,2026-05-31 21:45:13.822796+00:00,5545,KULP-IV HES,103402,2026-05-31T21:00:00+03:00,21:00
40W000000005545D,KULP-IV HES,unknown,2026-05-31 22:00:00+03:00,,12.29,chunk_0009.json,POST /v1/generation/data/dpp-bulk,2026-05-31 21:45:13.822796+00:00,5545,KULP-IV HES,103402,2026-05-31T22:00:00+03:00,22:00
40W000000005545D,KULP-IV HES,unknown,2026-05-31 23:00:00+03:00,,12.29,chunk_0009.json,POST /v1/generation/data/dpp-bulk,2026-05-31 21:45:13.822796+00:00,5545,KULP-IV HES,103402,2026-05-31T23:00:00+03:00,23:00
40W000000005347H,SELİMOĞLU REG. ve HES,unknown,2026-05-31 00:00:00+03:00,,0.0,chunk_0009.json,POST /v1/generation/data/dpp-bulk,2026-05-31 21:45:13.822796+00:00,5347,SELİMOĞLU REG. ve HES,103420,2026-05-31T00:00:00+03:00,00:00
40W000000005347H,SELİMOĞLU REG. ve HES,unknown,2026-05-31 01:00:00+03:00,,0.0,chunk_0009.json,POST /v1/generation/data/dpp-bulk,2026-05-31 21:45:13.822796+00:00,5347,SELİMOĞLU REG. ve HES,103420,2026-05-31T01:00:00+03:00,01:00
40W000000005347H,SELİMOĞLU REG. ve HES,unknown,2026-05-31 02:00:00+03:00,,0.0,chunk_0009.json,POST /v1/generation/data/dpp-bulk,2026-05-31 21:45:13.822796+00:00,5347,SELİMOĞLU REG. ve HES,103420,2026-05-31T02:00:00+03:00,02:00
40W000000005347H,SELİMOĞLU REG. ve HES,unknown,2026-05-31 03:00:00+03:00,,0.0,chunk_0009.json,POST /v1/generation/data/dpp-bulk,2026-05-31 21:45:13.822796+00:00,5347,SELİMOĞLU REG. ve HES,103420,2026-05-31T03:00:00+03:00,03:00
40W000000005347H,SELİMOĞLU REG. ve HES,unknown,2026-05-31 04:00:00+03:00,,0.0,chunk_0009.json,POST /v1/generation/data/dpp-bulk,2026-05-31 21:45:13.822796+00:00,5347,SELİMOĞLU REG. ve HES,103420,2026-05-31T04:00:00+03:00,04:00
40W000000005347H,SELİMOĞLU REG. ve HES,unknown,2026-05-31 05:00:00+03:00,,0.0,chunk_0009.json,POST /v1/generation/data/dpp-bulk,2026-05-31 21:45:13.822796+00:00,5347,SELİMOĞLU REG. ve HES,103420,2026-05-31T05:00:00+03:00,05:00
40W000000005347H,SELİMOĞLU REG. ve HES,unknown,2026-05-31 06:00:00+03:00,,0.0,chunk_0009.json,POST /v1/generation/data/dpp-bulk,2026-05-31 21:45:13.822796+00:00,5347,SELİMOĞLU REG. ve HES,103420,2026-05-31T06:00:00+03:00,06:00
40W000000005347H,SELİMOĞLU REG. ve HES,unknown,2026-05-31 07:00:00+03:00,,0.0,chunk_0009.json,POST /v1/generation/data/dpp-bulk,2026-05-31 21:45:13.822796+00:00,5347,SELİMOĞLU REG. ve HES,103420,2026-05-31T07:00:00+03:00,07:00
40W000000005347H,SELİMOĞLU REG. ve HES,unknown,2026-05-31 08:00:00+03:00,,0.0,chunk_0009.json,POST /v1/generation/data/dpp-bulk,2026-05-31 21:45:13.822796+00:00,5347,SELİMOĞLU REG. ve HES,103420,2026-05-31T08:00:00+03:00,08:00
40W000000005347H,SELİMOĞLU REG. ve HES,unknown,2026-05-31 09:00:00+03:00,,0.0,chunk_0009.json,POST /v1/generation/data/dpp-bulk,2026-05-31 21:45:13.822796+00:00,5347,SELİMOĞLU REG. ve HES,103420,2026-05-31T09:00:00+03:00,09:00
40W000000005347H,SELİMOĞLU REG. ve HES,unknown,2026-05-31 10:00:00+03:00,,0.0,chunk_0009.json,POST /v1/generation/data/dpp-bulk,2026-05-31 21:45:13.822796+00:00,5347,SELİMOĞLU REG. ve HES,103420,2026-05-31T10:00:00+03:00,10:00
40W000000005347H,SELİMOĞLU REG. ve HES,unknown,2026-05-31 11:00:00+03:00,,0.0,chunk_0009.json,POST /v1/generation/data/dpp-bulk,2026-05-31 21:45:13.822796+00:00,5347,SELİMOĞLU REG. ve HES,103420,2026-05-31T11:00:00+03:00,11:00
40W000000005347H,SELİMOĞLU REG. ve HES,unknown,2026-05-31 12:00:00+03:00,,0.0,chunk_0009.json,POST /v1/generation/data/dpp-bulk,2026-05-31 21:45:13.822796+00:00,5347,SELİMOĞLU REG. ve HES,103420,2026-05-31T12:00:00+03:00,12:00
40W000000005347H,SELİMOĞLU REG. ve HES,unknown,2026-05-31 13:00:00+03:00,,0.0,chunk_0009.json,POST /v1/generation/data/dpp-bulk,2026-05-31 21:45:13.822796+00:00,5347,SELİMOĞLU REG. ve HES,103420,2026-05-31T13:00:00+03:00,13:00
40W000000005347H,SELİMOĞLU REG. ve HES,unknown,2026-05-31 14:00:00+03:00,,0.0,chunk_0009.json,POST /v1/generation/data/dpp-bulk,2026-05-31 21:45:13.822796+00:00,5347,SELİMOĞLU REG. ve HES,103420,2026-05-31T14:00:00+03:00,14:00
40W000000005347H,SELİMOĞLU REG. ve HES,unknown,2026-05-31 15:00:00+03:00,,0.0,chunk_0009.json,POST /v1/generation/data/dpp-bulk,2026-05-31 21:45:13.822796+00:00,5347,SELİMOĞLU REG. ve HES,103420,2026-05-31T15:00:00+03:00,15:00
40W000000005347H,SELİMOĞLU REG. ve HES,unknown,2026-05-31 16:00:00+03:00,,0.0,chunk_0009.json,POST /v1/generation/data/dpp-bulk,2026-05-31 21:45:13.822796+00:00,5347,SELİMOĞLU REG. ve HES,103420,2026-05-31T16:00:00+03:00,16:00
40W000000005347H,SELİMOĞLU REG. ve HES,unknown,2026-05-31 17:00:00+03:00,,0.0,chunk_0009.json,POST /v1/generation/data/dpp-bulk,2026-05-31 21:45:13.822796+00:00,5347,SELİMOĞLU REG. ve HES,103420,2026-05-31T17:00:00+03:00,17:00
40W000000005347H,SELİMOĞLU REG. ve HES,unknown,2026-05-31 18:00:00+03:00,,0.0,chunk_0009.json,POST /v1/generation/data/dpp-bulk,2026-05-31 21:45:13.822796+00:00,5347,SELİMOĞLU REG. ve HES,103420,2026-05-31T18:00:00+03:00,18:00
40W000000005347H,SELİMOĞLU REG. ve HES,unknown,2026-05-31 19:00:00+03:00,,8.6,chunk_0009.json,POST /v1/generation/data/dpp-bulk,2026-05-31 21:45:13.822796+00:00,5347,SELİMOĞLU REG. ve HES,103420,2026-05-31T19:00:00+03:00,19:00
40W000000005347H,SELİMOĞLU REG. ve HES,unknown,2026-05-31 20:00:00+03:00,,8.6,chunk_0009.json,POST /v1/generation/data/dpp-bulk,2026-05-31 21:45:13.822796+00:00,5347,SELİMOĞLU REG. ve HES,103420,2026-05-31T20:00:00+03:00,20:00
40W000000005347H,SELİMOĞLU REG. ve HES,unknown,2026-05-31 21:00:00+03:00,,8.6,chunk_0009.json,POST /v1/generation/data/dpp-bulk,2026-05-31 21:45:13.822796+00:00,5347,SELİMOĞLU REG. ve HES,103420,2026-05-31T21:00:00+03:00,21:00
40W000000005347H,SELİMOĞLU REG. ve HES,unknown,2026-05-31 22:00:00+03:00,,8.6,chunk_0009.json,POST /v1/generation/data/dpp-bulk,2026-05-31 21:45:13.822796+00:00,5347,SELİMOĞLU REG. ve HES,103420,2026-05-31T22:00:00+03:00,22:00
40W000000005347H,SELİMOĞLU REG. ve HES,unknown,2026-05-31 23:00:00+03:00,,8.6,chunk_0009.json,POST /v1/generation/data/dpp-bulk,2026-05-31 21:45:13.822796+00:00,5347,SELİMOĞLU REG. ve HES,103420,2026-05-31T23:00:00+03:00,23:00
40W000000005405T,KORES KOCADAĞ RES,unknown,2026-05-31 00:00:00+03:00,,1.0,chunk_0009.json,POST /v1/generation/data/dpp-bulk,2026-05-31 21:45:13.822796+00:00,5405,KORES KOCADAĞ RES,103820,2026-05-31T00:00:00+03:00,00:00
40W000000005405T,KORES KOCADAĞ RES,unknown,2026-05-31 01:00:00+03:00,,0.76,chunk_0009.json,POST /v1/generation/data/dpp-bulk,2026-05-31 21:45:13.822796+00:00,5405,KORES KOCADAĞ RES,103820,2026-05-31T01:00:00+03:00,01:00
40W000000005405T,KORES KOCADAĞ RES,unknown,2026-05-31 02:00:00+03:00,,0.67,chunk_0009.json,POST /v1/generation/data/dpp-bulk,2026-05-31 21:45:13.822796+00:00,5405,KORES KOCADAĞ RES,103820,2026-05-31T02:00:00+03:00,02:00
40W000000005405T,KORES KOCADAĞ RES,unknown,2026-05-31 03:00:00+03:00,,0.7,chunk_0009.json,POST /v1/generation/data/dpp-bulk,2026-05-31 21:45:13.822796+00:00,5405,KORES KOCADAĞ RES,103820,2026-05-31T03:00:00+03:00,03:00
40W000000005405T,KORES KOCADAĞ RES,unknown,2026-05-31 04:00:00+03:00,,0.7,chunk_0009.json,POST /v1/generation/data/dpp-bulk,2026-05-31 21:45:13.822796+00:00,5405,KORES KOCADAĞ RES,103820,2026-05-31T04:00:00+03:00,04:00
40W000000005405T,KORES KOCADAĞ RES,unknown,2026-05-31 05:00:00+03:00,,0.64,chunk_0009.json,POST /v1/generation/data/dpp-bulk,2026-05-31 21:45:13.822796+00:00,5405,KORES KOCADAĞ RES,103820,2026-05-31T05:00:00+03:00,05:00
40W000000005405T,KORES KOCADAĞ RES,unknown,2026-05-31 06:00:00+03:00,,0.52,chunk_0009.json,POST /v1/generation/data/dpp-bulk,2026-05-31 21:45:13.822796+00:00,5405,KORES KOCADAĞ RES,103820,2026-05-31T06:00:00+03:00,06:00
40W000000005405T,KORES KOCADAĞ RES,unknown,2026-05-31 07:00:00+03:00,,0.0,chunk_0009.json,POST /v1/generation/data/dpp-bulk,2026-05-31 21:45:13.822796+00:00,5405,KORES KOCADAĞ RES,103820,2026-05-31T07:00:00+03:00,07:00
40W000000005405T,KORES KOCADAĞ RES,unknown,2026-05-31 08:00:00+03:00,,0.0,chunk_0009.json,POST /v1/generation/data/dpp-bulk,2026-05-31 21:45:13.822796+00:00,5405,KORES KOCADAĞ RES,103820,2026-05-31T08:00:00+03:00,08:00
40W000000005405T,KORES KOCADAĞ RES,unknown,2026-05-31 09:00:00+03:00,,0.0,chunk_0009.json,POST /v1/generation/data/dpp-bulk,2026-05-31 21:45:13.822796+00:00,5405,KORES KOCADAĞ RES,103820,2026-05-31T09:00:00+03:00,09:00
40W000000005405T,KORES KOCADAĞ RES,unknown,2026-05-31 10:00:00+03:00,,0.0,chunk_0009.json,POST /v1/generation/data/dpp-bulk,2026-05-31 21:45:13.822796+00:00,5405,KORES KOCADAĞ RES,103820,2026-05-31T10:00:00+03:00,10:00
40W000000005405T,KORES KOCADAĞ RES,unknown,2026-05-31 11:00:00+03:00,,0.0,chunk_0009.json,POST /v1/generation/data/dpp-bulk,2026-05-31 21:45:13.822796+00:00,5405,KORES KOCADAĞ RES,103820,2026-05-31T11:00:00+03:00,11:00
40W000000005405T,KORES KOCADAĞ RES,unknown,2026-05-31 12:00:00+03:00,,0.0,chunk_0009.json,POST /v1/generation/data/dpp-bulk,2026-05-31 21:45:13.822796+00:00,5405,KORES KOCADAĞ RES,103820,2026-05-31T12:00:00+03:00,12:00
40W000000005405T,KORES KOCADAĞ RES,unknown,2026-05-31 13:00:00+03:00,,0.0,chunk_0009.json,POST /v1/generation/data/dpp-bulk,2026-05-31 21:45:13.822796+00:00,5405,KORES KOCADAĞ RES,103820,2026-05-31T13:00:00+03:00,13:00
40W000000005405T,KORES KOCADAĞ RES,unknown,2026-05-31 14:00:00+03:00,,0.0,chunk_0009.json,POST /v1/generation/data/dpp-bulk,2026-05-31 21:45:13.822796+00:00,5405,KORES KOCADAĞ RES,103820,2026-05-31T14:00:00+03:00,14:00
40W000000005405T,KORES KOCADAĞ RES,unknown,2026-05-31 15:00:00+03:00,,0.0,chunk_0009.json,POST /v1/generation/data/dpp-bulk,2026-05-31 21:45:13.822796+00:00,5405,KORES KOCADAĞ RES,103820,2026-05-31T15:00:00+03:00,15:00
40W000000005405T,KORES KOCADAĞ RES,unknown,2026-05-31 16:00:00+03:00,,0.0,chunk_0009.json,POST /v1/generation/data/dpp-bulk,2026-05-31 21:45:13.822796+00:00,5405,KORES KOCADAĞ RES,103820,2026-05-31T16:00:00+03:00,16:00
40W000000005405T,KORES KOCADAĞ RES,unknown,2026-05-31 17:00:00+03:00,,1.39,chunk_0009.json,POST /v1/generation/data/dpp-bulk,2026-05-31 21:45:13.822796+00:00,5405,KORES KOCADAĞ RES,103820,2026-05-31T17:00:00+03:00,17:00
40W000000005405T,KORES KOCADAĞ RES,unknown,2026-05-31 18:00:00+03:00,,1.37,chunk_0009.json,POST /v1/generation/data/dpp-bulk,2026-05-31 21:45:13.822796+00:00,5405,KORES KOCADAĞ RES,103820,2026-05-31T18:00:00+03:00,18:00
40W000000005405T,KORES KOCADAĞ RES,unknown,2026-05-31 19:00:00+03:00,,0.98,chunk_0009.json,POST /v1/generation/data/dpp-bulk,2026-05-31 21:45:13.822796+00:00,5405,KORES KOCADAĞ RES,103820,2026-05-31T19:00:00+03:00,19:00
40W000000005405T,KORES KOCADAĞ RES,unknown,2026-05-31 20:00:00+03:00,,0.97,chunk_0009.json,POST /v1/generation/data/dpp-bulk,2026-05-31 21:45:13.822796+00:00,5405,KORES KOCADAĞ RES,103820,2026-05-31T20:00:00+03:00,20:00
40W000000005405T,KORES KOCADAĞ RES,unknown,2026-05-31 21:00:00+03:00,,0.76,chunk_0009.json,POST /v1/generation/data/dpp-bulk,2026-05-31 21:45:13.822796+00:00,5405,KORES KOCADAĞ RES,103820,2026-05-31T21:00:00+03:00,21:00
40W000000005405T,KORES KOCADAĞ RES,unknown,2026-05-31 22:00:00+03:00,,0.77,chunk_0009.json,POST /v1/generation/data/dpp-bulk,2026-05-31 21:45:13.822796+00:00,5405,KORES KOCADAĞ RES,103820,2026-05-31T22:00:00+03:00,22:00
40W000000005405T,KORES KOCADAĞ RES,unknown,2026-05-31 23:00:00+03:00,,0.43,chunk_0009.json,POST /v1/generation/data/dpp-bulk,2026-05-31 21:45:13.822796+00:00,5405,KORES KOCADAĞ RES,103820,2026-05-31T23:00:00+03:00,23:00
40W0000000062874,BANDIRMA III RES(BURSA TEMİZ ENR.),unknown,2026-05-31 00:00:00+03:00,,0.37,chunk_0009.json,POST /v1/generation/data/dpp-bulk,2026-05-31 21:45:13.822796+00:00,6287,BANDIRMA III RES(BURSA TEMİZ ENR.),103940,2026-05-31T00:00:00+03:00,00:00
40W0000000062874,BANDIRMA III RES(BURSA TEMİZ ENR.),unknown,2026-05-31 01:00:00+03:00,,0.16,chunk_0009.json,POST /v1/generation/data/dpp-bulk,2026-05-31 21:45:13.822796+00:00,6287,BANDIRMA III RES(BURSA TEMİZ ENR.),103940,2026-05-31T01:00:00+03:00,01:00
40W0000000062874,BANDIRMA III RES(BURSA TEMİZ ENR.),unknown,2026-05-31 02:00:00+03:00,,0.17,chunk_0009.json,POST /v1/generation/data/dpp-bulk,2026-05-31 21:45:13.822796+00:00,6287,BANDIRMA III RES(BURSA TEMİZ ENR.),103940,2026-05-31T02:00:00+03:00,02:00
40W0000000062874,BANDIRMA III RES(BURSA TEMİZ ENR.),unknown,2026-05-31 03:00:00+03:00,,0.19,chunk_0009.json,POST /v1/generation/data/dpp-bulk,2026-05-31 21:45:13.822796+00:00,6287,BANDIRMA III RES(BURSA TEMİZ ENR.),103940,2026-05-31T03:00:00+03:00,03:00
40W0000000062874,BANDIRMA III RES(BURSA TEMİZ ENR.),unknown,2026-05-31 04:00:00+03:00,,0.22,chunk_0009.json,POST /v1/generation/data/dpp-bulk,2026-05-31 21:45:13.822796+00:00,6287,BANDIRMA III RES(BURSA TEMİZ ENR.),103940,2026-05-31T04:00:00+03:00,04:00
40W0000000062874,BANDIRMA III RES(BURSA TEMİZ ENR.),unknown,2026-05-31 05:00:00+03:00,,0.37,chunk_0009.json,POST /v1/generation/data/dpp-bulk,2026-05-31 21:45:13.822796+00:00,6287,BANDIRMA III RES(BURSA TEMİZ ENR.),103940,2026-05-31T05:00:00+03:00,05:00
40W0000000062874,BANDIRMA III RES(BURSA TEMİZ ENR.),unknown,2026-05-31 06:00:00+03:00,,0.45,chunk_0009.json,POST /v1/generation/data/dpp-bulk,2026-05-31 21:45:13.822796+00:00,6287,BANDIRMA III RES(BURSA TEMİZ ENR.),103940,2026-05-31T06:00:00+03:00,06:00
40W0000000062874,BANDIRMA III RES(BURSA TEMİZ ENR.),unknown,2026-05-31 07:00:00+03:00,,0.51,chunk_0009.json,POST /v1/generation/data/dpp-bulk,2026-05-31 21:45:13.822796+00:00,6287,BANDIRMA III RES(BURSA TEMİZ ENR.),103940,2026-05-31T07:00:00+03:00,07:00
40W0000000062874,BANDIRMA III RES(BURSA TEMİZ ENR.),unknown,2026-05-31 08:00:00+03:00,,0.33,chunk_0009.json,POST /v1/generation/data/dpp-bulk,2026-05-31 21:45:13.822796+00:00,6287,BANDIRMA III RES(BURSA TEMİZ ENR.),103940,2026-05-31T08:00:00+03:00,08:00
40W0000000062874,BANDIRMA III RES(BURSA TEMİZ ENR.),unknown,2026-05-31 09:00:00+03:00,,0.24,chunk_0009.json,POST /v1/generation/data/dpp-bulk,2026-05-31 21:45:13.822796+00:00,6287,BANDIRMA III RES(BURSA TEMİZ ENR.),103940,2026-05-31T09:00:00+03:00,09:00
40W0000000062874,BANDIRMA III RES(BURSA TEMİZ ENR.),unknown,2026-05-31 10:00:00+03:00,,0.2,chunk_0009.json,POST /v1/generation/data/dpp-bulk,2026-05-31 21:45:13.822796+00:00,6287,BANDIRMA III RES(BURSA TEMİZ ENR.),103940,2026-05-31T10:00:00+03:00,10:00
40W0000000062874,BANDIRMA III RES(BURSA TEMİZ ENR.),unknown,2026-05-31 11:00:00+03:00,,0.17,chunk_0009.json,POST /v1/generation/data/dpp-bulk,2026-05-31 21:45:13.822796+00:00,6287,BANDIRMA III RES(BURSA TEMİZ ENR.),103940,2026-05-31T11:00:00+03:00,11:00
40W0000000062874,BANDIRMA III RES(BURSA TEMİZ ENR.),unknown,2026-05-31 12:00:00+03:00,,0.21,chunk_0009.json,POST /v1/generation/data/dpp-bulk,2026-05-31 21:45:13.822796+00:00,6287,BANDIRMA III RES(BURSA TEMİZ ENR.),103940,2026-05-31T12:00:00+03:00,12:00
40W0000000062874,BANDIRMA III RES(BURSA TEMİZ ENR.),unknown,2026-05-31 13:00:00+03:00,,0.32,chunk_0009.json,POST /v1/generation/data/dpp-bulk,2026-05-31 21:45:13.822796+00:00,6287,BANDIRMA III RES(BURSA TEMİZ ENR.),103940,2026-05-31T13:00:00+03:00,13:00
40W0000000062874,BANDIRMA III RES(BURSA TEMİZ ENR.),unknown,2026-05-31 14:00:00+03:00,,0.34,chunk_0009.json,POST /v1/generation/data/dpp-bulk,2026-05-31 21:45:13.822796+00:00,6287,BANDIRMA III RES(BURSA TEMİZ ENR.),103940,2026-05-31T14:00:00+03:00,14:00
40W0000000062874,BANDIRMA III RES(BURSA TEMİZ ENR.),unknown,2026-05-31 15:00:00+03:00,,0.83,chunk_0009.json,POST /v1/generation/data/dpp-bulk,2026-05-31 21:45:13.822796+00:00,6287,BANDIRMA III RES(BURSA TEMİZ ENR.),103940,2026-05-31T15:00:00+03:00,15:00
40W0000000062874,BANDIRMA III RES(BURSA TEMİZ ENR.),unknown,2026-05-31 16:00:00+03:00,,2.23,chunk_0009.json,POST /v1/generation/data/dpp-bulk,2026-05-31 21:45:13.822796+00:00,6287,BANDIRMA III RES(BURSA TEMİZ ENR.),103940,2026-05-31T16:00:00+03:00,16:00
40W0000000062874,BANDIRMA III RES(BURSA TEMİZ ENR.),unknown,2026-05-31 17:00:00+03:00,,2.88,chunk_0009.json,POST /v1/generation/data/dpp-bulk,2026-05-31 21:45:13.822796+00:00,6287,BANDIRMA III RES(BURSA TEMİZ ENR.),103940,2026-05-31T17:00:00+03:00,17:00
40W0000000062874,BANDIRMA III RES(BURSA TEMİZ ENR.),unknown,2026-05-31 18:00:00+03:00,,2.87,chunk_0009.json,POST /v1/generation/data/dpp-bulk,2026-05-31 21:45:13.822796+00:00,6287,BANDIRMA III RES(BURSA TEMİZ ENR.),103940,2026-05-31T18:00:00+03:00,18:00
40W0000000062874,BANDIRMA III RES(BURSA TEMİZ ENR.),unknown,2026-05-31 19:00:00+03:00,,7.71,chunk_0009.json,POST /v1/generation/data/dpp-bulk,2026-05-31 21:45:13.822796+00:00,6287,BANDIRMA III RES(BURSA TEMİZ ENR.),103940,2026-05-31T19:00:00+03:00,19:00
40W0000000062874,BANDIRMA III RES(BURSA TEMİZ ENR.),unknown,2026-05-31 20:00:00+03:00,,7.81,chunk_0009.json,POST /v1/generation/data/dpp-bulk,2026-05-31 21:45:13.822796+00:00,6287,BANDIRMA III RES(BURSA TEMİZ ENR.),103940,2026-05-31T20:00:00+03:00,20:00
40W0000000062874,BANDIRMA III RES(BURSA TEMİZ ENR.),unknown,2026-05-31 21:00:00+03:00,,8.13,chunk_0009.json,POST /v1/generation/data/dpp-bulk,2026-05-31 21:45:13.822796+00:00,6287,BANDIRMA III RES(BURSA TEMİZ ENR.),103940,2026-05-31T21:00:00+03:00,21:00
40W0000000062874,BANDIRMA III RES(BURSA TEMİZ ENR.),unknown,2026-05-31 22:00:00+03:00,,6.17,chunk_0009.json,POST /v1/generation/data/dpp-bulk,2026-05-31 21:45:13.822796+00:00,6287,BANDIRMA III RES(BURSA TEMİZ ENR.),103940,2026-05-31T22:00:00+03:00,22:00
40W0000000062874,BANDIRMA III RES(BURSA TEMİZ ENR.),unknown,2026-05-31 23:00:00+03:00,,0.93,chunk_0009.json,POST /v1/generation/data/dpp-bulk,2026-05-31 21:45:13.822796+00:00,6287,BANDIRMA III RES(BURSA TEMİZ ENR.),103940,2026-05-31T23:00:00+03:00,23:00
40W000000004181U,YALNIZCA HES,unknown,2026-05-31 00:00:00+03:00,,13.5,chunk_0009.json,POST /v1/generation/data/dpp-bulk,2026-05-31 21:45:13.822796+00:00,4181,YALNIZCA HES,104160,2026-05-31T00:00:00+03:00,00:00
40W000000004181U,YALNIZCA HES,unknown,2026-05-31 01:00:00+03:00,,13.5,chunk_0009.json,POST /v1/generation/data/dpp-bulk,2026-05-31 21:45:13.822796+00:00,4181,YALNIZCA HES,104160,2026-05-31T01:00:00+03:00,01:00
40W000000004181U,YALNIZCA HES,unknown,2026-05-31 02:00:00+03:00,,13.5,chunk_0009.json,POST /v1/generation/data/dpp-bulk,2026-05-31 21:45:13.822796+00:00,4181,YALNIZCA HES,104160,2026-05-31T02:00:00+03:00,02:00
40W000000004181U,YALNIZCA HES,unknown,2026-05-31 03:00:00+03:00,,14.0,chunk_0009.json,POST /v1/generation/data/dpp-bulk,2026-05-31 21:45:13.822796+00:00,4181,YALNIZCA HES,104160,2026-05-31T03:00:00+03:00,03:00
40W000000004181U,YALNIZCA HES,unknown,2026-05-31 04:00:00+03:00,,13.5,chunk_0009.json,POST /v1/generation/data/dpp-bulk,2026-05-31 21:45:13.822796+00:00,4181,YALNIZCA HES,104160,2026-05-31T04:00:00+03:00,04:00
40W000000004181U,YALNIZCA HES,unknown,2026-05-31 05:00:00+03:00,,13.5,chunk_0009.json,POST /v1/generation/data/dpp-bulk,2026-05-31 21:45:13.822796+00:00,4181,YALNIZCA HES,104160,2026-05-31T05:00:00+03:00,05:00
40W000000004181U,YALNIZCA HES,unknown,2026-05-31 06:00:00+03:00,,0.0,chunk_0009.json,POST /v1/generation/data/dpp-bulk,2026-05-31 21:45:13.822796+00:00,4181,YALNIZCA HES,104160,2026-05-31T06:00:00+03:00,06:00
40W000000004181U,YALNIZCA HES,unknown,2026-05-31 07:00:00+03:00,,0.0,chunk_0009.json,POST /v1/generation/data/dpp-bulk,2026-05-31 21:45:13.822796+00:00,4181,YALNIZCA HES,104160,2026-05-31T07:00:00+03:00,07:00
40W000000004181U,YALNIZCA HES,unknown,2026-05-31 08:00:00+03:00,,0.0,chunk_0009.json,POST /v1/generation/data/dpp-bulk,2026-05-31 21:45:13.822796+00:00,4181,YALNIZCA HES,104160,2026-05-31T08:00:00+03:00,08:00
40W000000004181U,YALNIZCA HES,unknown,2026-05-31 09:00:00+03:00,,0.0,chunk_0009.json,POST /v1/generation/data/dpp-bulk,2026-05-31 21:45:13.822796+00:00,4181,YALNIZCA HES,104160,2026-05-31T09:00:00+03:00,09:00
40W000000004181U,YALNIZCA HES,unknown,2026-05-31 10:00:00+03:00,,0.0,chunk_0009.json,POST /v1/generation/data/dpp-bulk,2026-05-31 21:45:13.822796+00:00,4181,YALNIZCA HES,104160,2026-05-31T10:00:00+03:00,10:00
40W000000004181U,YALNIZCA HES,unknown,2026-05-31 11:00:00+03:00,,0.0,chunk_0009.json,POST /v1/generation/data/dpp-bulk,2026-05-31 21:45:13.822796+00:00,4181,YALNIZCA HES,104160,2026-05-31T11:00:00+03:00,11:00
40W000000004181U,YALNIZCA HES,unknown,2026-05-31 12:00:00+03:00,,0.0,chunk_0009.json,POST /v1/generation/data/dpp-bulk,2026-05-31 21:45:13.822796+00:00,4181,YALNIZCA HES,104160,2026-05-31T12:00:00+03:00,12:00
40W000000004181U,YALNIZCA HES,unknown,2026-05-31 13:00:00+03:00,,0.0,chunk_0009.json,POST /v1/generation/data/dpp-bulk,2026-05-31 21:45:13.822796+00:00,4181,YALNIZCA HES,104160,2026-05-31T13:00:00+03:00,13:00
40W000000004181U,YALNIZCA HES,unknown,2026-05-31 14:00:00+03:00,,0.0,chunk_0009.json,POST /v1/generation/data/dpp-bulk,2026-05-31 21:45:13.822796+00:00,4181,YALNIZCA HES,104160,2026-05-31T14:00:00+03:00,14:00
40W000000004181U,YALNIZCA HES,unknown,2026-05-31 15:00:00+03:00,,0.0,chunk_0009.json,POST /v1/generation/data/dpp-bulk,2026-05-31 21:45:13.822796+00:00,4181,YALNIZCA HES,104160,2026-05-31T15:00:00+03:00,15:00
40W000000004181U,YALNIZCA HES,unknown,2026-05-31 16:00:00+03:00,,0.0,chunk_0009.json,POST /v1/generation/data/dpp-bulk,2026-05-31 21:45:13.822796+00:00,4181,YALNIZCA HES,104160,2026-05-31T16:00:00+03:00,16:00
40W000000004181U,YALNIZCA HES,unknown,2026-05-31 17:00:00+03:00,,0.0,chunk_0009.json,POST /v1/generation/data/dpp-bulk,2026-05-31 21:45:13.822796+00:00,4181,YALNIZCA HES,104160,2026-05-31T17:00:00+03:00,17:00
40W000000004181U,YALNIZCA HES,unknown,2026-05-31 18:00:00+03:00,,13.5,chunk_0009.json,POST /v1/generation/data/dpp-bulk,2026-05-31 21:45:13.822796+00:00,4181,YALNIZCA HES,104160,2026-05-31T18:00:00+03:00,18:00
40W000000004181U,YALNIZCA HES,unknown,2026-05-31 19:00:00+03:00,,13.5,chunk_0009.json,POST /v1/generation/data/dpp-bulk,2026-05-31 21:45:13.822796+00:00,4181,YALNIZCA HES,104160,2026-05-31T19:00:00+03:00,19:00
40W000000004181U,YALNIZCA HES,unknown,2026-05-31 20:00:00+03:00,,13.5,chunk_0009.json,POST /v1/generation/data/dpp-bulk,2026-05-31 21:45:13.822796+00:00,4181,YALNIZCA HES,104160,2026-05-31T20:00:00+03:00,20:00
40W000000004181U,YALNIZCA HES,unknown,2026-05-31 21:00:00+03:00,,13.5,chunk_0009.json,POST /v1/generation/data/dpp-bulk,2026-05-31 21:45:13.822796+00:00,4181,YALNIZCA HES,104160,2026-05-31T21:00:00+03:00,21:00
40W000000004181U,YALNIZCA HES,unknown,2026-05-31 22:00:00+03:00,,13.5,chunk_0009.json,POST /v1/generation/data/dpp-bulk,2026-05-31 21:45:13.822796+00:00,4181,YALNIZCA HES,104160,2026-05-31T22:00:00+03:00,22:00
40W000000004181U,YALNIZCA HES,unknown,2026-05-31 23:00:00+03:00,,13.5,chunk_0009.json,POST /v1/generation/data/dpp-bulk,2026-05-31 21:45:13.822796+00:00,4181,YALNIZCA HES,104160,2026-05-31T23:00:00+03:00,23:00
40W000000004138V,YAVUZ REG. VE HES(MASAT ENR.),unknown,2026-05-31 00:00:00+03:00,,0.0,chunk_0009.json,POST /v1/generation/data/dpp-bulk,2026-05-31 21:45:13.822796+00:00,4138,YAVUZ REG. VE HES(MASAT ENR.),104782,2026-05-31T00:00:00+03:00,00:00
40W000000004138V,YAVUZ REG. VE HES(MASAT ENR.),unknown,2026-05-31 01:00:00+03:00,,0.0,chunk_0009.json,POST /v1/generation/data/dpp-bulk,2026-05-31 21:45:13.822796+00:00,4138,YAVUZ REG. VE HES(MASAT ENR.),104782,2026-05-31T01:00:00+03:00,01:00
40W000000004138V,YAVUZ REG. VE HES(MASAT ENR.),unknown,2026-05-31 02:00:00+03:00,,0.0,chunk_0009.json,POST /v1/generation/data/dpp-bulk,2026-05-31 21:45:13.822796+00:00,4138,YAVUZ REG. VE HES(MASAT ENR.),104782,2026-05-31T02:00:00+03:00,02:00
40W000000004138V,YAVUZ REG. VE HES(MASAT ENR.),unknown,2026-05-31 03:00:00+03:00,,0.0,chunk_0009.json,POST /v1/generation/data/dpp-bulk,2026-05-31 21:45:13.822796+00:00,4138,YAVUZ REG. VE HES(MASAT ENR.),104782,2026-05-31T03:00:00+03:00,03:00
40W000000004138V,YAVUZ REG. VE HES(MASAT ENR.),unknown,2026-05-31 04:00:00+03:00,,0.0,chunk_0009.json,POST /v1/generation/data/dpp-bulk,2026-05-31 21:45:13.822796+00:00,4138,YAVUZ REG. VE HES(MASAT ENR.),104782,2026-05-31T04:00:00+03:00,04:00
40W000000004138V,YAVUZ REG. VE HES(MASAT ENR.),unknown,2026-05-31 05:00:00+03:00,,0.0,chunk_0009.json,POST /v1/generation/data/dpp-bulk,2026-05-31 21:45:13.822796+00:00,4138,YAVUZ REG. VE HES(MASAT ENR.),104782,2026-05-31T05:00:00+03:00,05:00
40W000000004138V,YAVUZ REG. VE HES(MASAT ENR.),unknown,2026-05-31 06:00:00+03:00,,0.0,chunk_0009.json,POST /v1/generation/data/dpp-bulk,2026-05-31 21:45:13.822796+00:00,4138,YAVUZ REG. VE HES(MASAT ENR.),104782,2026-05-31T06:00:00+03:00,06:00
40W000000004138V,YAVUZ REG. VE HES(MASAT ENR.),unknown,2026-05-31 07:00:00+03:00,,0.0,chunk_0009.json,POST /v1/generation/data/dpp-bulk,2026-05-31 21:45:13.822796+00:00,4138,YAVUZ REG. VE HES(MASAT ENR.),104782,2026-05-31T07:00:00+03:00,07:00
40W000000004138V,YAVUZ REG. VE HES(MASAT ENR.),unknown,2026-05-31 08:00:00+03:00,,0.0,chunk_0009.json,POST /v1/generation/data/dpp-bulk,2026-05-31 21:45:13.822796+00:00,4138,YAVUZ REG. VE HES(MASAT ENR.),104782,2026-05-31T08:00:00+03:00,08:00
40W000000004138V,YAVUZ REG. VE HES(MASAT ENR.),unknown,2026-05-31 09:00:00+03:00,,0.0,chunk_0009.json,POST /v1/generation/data/dpp-bulk,2026-05-31 21:45:13.822796+00:00,4138,YAVUZ REG. VE HES(MASAT ENR.),104782,2026-05-31T09:00:00+03:00,09:00
40W000000004138V,YAVUZ REG. VE HES(MASAT ENR.),unknown,2026-05-31 10:00:00+03:00,,0.0,chunk_0009.json,POST /v1/generation/data/dpp-bulk,2026-05-31 21:45:13.822796+00:00,4138,YAVUZ REG. VE HES(MASAT ENR.),104782,2026-05-31T10:00:00+03:00,10:00
40W000000004138V,YAVUZ REG. VE HES(MASAT ENR.),unknown,2026-05-31 11:00:00+03:00,,0.0,chunk_0009.json,POST /v1/generation/data/dpp-bulk,2026-05-31 21:45:13.822796+00:00,4138,YAVUZ REG. VE HES(MASAT ENR.),104782,2026-05-31T11:00:00+03:00,11:00
40W000000004138V,YAVUZ REG. VE HES(MASAT ENR.),unknown,2026-05-31 12:00:00+03:00,,0.0,chunk_0009.json,POST /v1/generation/data/dpp-bulk,2026-05-31 21:45:13.822796+00:00,4138,YAVUZ REG. VE HES(MASAT ENR.),104782,2026-05-31T12:00:00+03:00,12:00
40W000000004138V,YAVUZ REG. VE HES(MASAT ENR.),unknown,2026-05-31 13:00:00+03:00,,0.0,chunk_0009.json,POST /v1/generation/data/dpp-bulk,2026-05-31 21:45:13.822796+00:00,4138,YAVUZ REG. VE HES(MASAT ENR.),104782,2026-05-31T13:00:00+03:00,13:00
40W000000004138V,YAVUZ REG. VE HES(MASAT ENR.),unknown,2026-05-31 14:00:00+03:00,,0.0,chunk_0009.json,POST /v1/generation/data/dpp-bulk,2026-05-31 21:45:13.822796+00:00,4138,YAVUZ REG. VE HES(MASAT ENR.),104782,2026-05-31T14:00:00+03:00,14:00
40W000000004138V,YAVUZ REG. VE HES(MASAT ENR.),unknown,2026-05-31 15:00:00+03:00,,0.0,chunk_0009.json,POST /v1/generation/data/dpp-bulk,2026-05-31 21:45:13.822796+00:00,4138,YAVUZ REG. VE HES(MASAT ENR.),104782,2026-05-31T15:00:00+03:00,15:00
40W000000004138V,YAVUZ REG. VE HES(MASAT ENR.),unknown,2026-05-31 16:00:00+03:00,,0.0,chunk_0009.json,POST /v1/generation/data/dpp-bulk,2026-05-31 21:45:13.822796+00:00,4138,YAVUZ REG. VE HES(MASAT ENR.),104782,2026-05-31T16:00:00+03:00,16:00
40W000000004138V,YAVUZ REG. VE HES(MASAT ENR.),unknown,2026-05-31 17:00:00+03:00,,0.0,chunk_0009.json,POST /v1/generation/data/dpp-bulk,2026-05-31 21:45:13.822796+00:00,4138,YAVUZ REG. VE HES(MASAT ENR.),104782,2026-05-31T17:00:00+03:00,17:00
40W000000004138V,YAVUZ REG. VE HES(MASAT ENR.),unknown,2026-05-31 18:00:00+03:00,,0.0,chunk_0009.json,POST /v1/generation/data/dpp-bulk,2026-05-31 21:45:13.822796+00:00,4138,YAVUZ REG. VE HES(MASAT ENR.),104782,2026-05-31T18:00:00+03:00,18:00
40W000000004138V,YAVUZ REG. VE HES(MASAT ENR.),unknown,2026-05-31 19:00:00+03:00,,12.0,chunk_0009.json,POST /v1/generation/data/dpp-bulk,2026-05-31 21:45:13.822796+00:00,4138,YAVUZ REG. VE HES(MASAT ENR.),104782,2026-05-31T19:00:00+03:00,19:00
40W000000004138V,YAVUZ REG. VE HES(MASAT ENR.),unknown,2026-05-31 20:00:00+03:00,,12.0,chunk_0009.json,POST /v1/generation/data/dpp-bulk,2026-05-31 21:45:13.822796+00:00,4138,YAVUZ REG. VE HES(MASAT ENR.),104782,2026-05-31T20:00:00+03:00,20:00
40W000000004138V,YAVUZ REG. VE HES(MASAT ENR.),unknown,2026-05-31 21:00:00+03:00,,12.0,chunk_0009.json,POST /v1/generation/data/dpp-bulk,2026-05-31 21:45:13.822796+00:00,4138,YAVUZ REG. VE HES(MASAT ENR.),104782,2026-05-31T21:00:00+03:00,21:00
40W000000004138V,YAVUZ REG. VE HES(MASAT ENR.),unknown,2026-05-31 22:00:00+03:00,,12.0,chunk_0009.json,POST /v1/generation/data/dpp-bulk,2026-05-31 21:45:13.822796+00:00,4138,YAVUZ REG. VE HES(MASAT ENR.),104782,2026-05-31T22:00:00+03:00,22:00
40W000000004138V,YAVUZ REG. VE HES(MASAT ENR.),unknown,2026-05-31 23:00:00+03:00,,12.0,chunk_0009.json,POST /v1/generation/data/dpp-bulk,2026-05-31 21:45:13.822796+00:00,4138,YAVUZ REG. VE HES(MASAT ENR.),104782,2026-05-31T23:00:00+03:00,23:00
