entsoe_code,plant_name,fuel_type,delivery_hour,publication_timestamp,kgup_mwh,source_file,source_api,forecast_timestamp,uevcb_id,uevcb_name,org_id,date_raw,time_raw
40W000003200636Y,TUFANBEYLİ TES_TRB_GR2,unknown,2026-05-31 00:00:00+03:00,,102.0,chunk_0039.json,POST /v1/generation/data/dpp-bulk,2026-05-31 21:45:41.784047+00:00,3200636,TUFANBEYLİ TES_TRB_GR2,282,2026-05-31T00:00:00+03:00,00:00
40W000003200636Y,TUFANBEYLİ TES_TRB_GR2,unknown,2026-05-31 01:00:00+03:00,,102.0,chunk_0039.json,POST /v1/generation/data/dpp-bulk,2026-05-31 21:45:41.784047+00:00,3200636,TUFANBEYLİ TES_TRB_GR2,282,2026-05-31T01:00:00+03:00,01:00
40W000003200636Y,TUFANBEYLİ TES_TRB_GR2,unknown,2026-05-31 02:00:00+03:00,,102.0,chunk_0039.json,POST /v1/generation/data/dpp-bulk,2026-05-31 21:45:41.784047+00:00,3200636,TUFANBEYLİ TES_TRB_GR2,282,2026-05-31T02:00:00+03:00,02:00
40W000003200636Y,TUFANBEYLİ TES_TRB_GR2,unknown,2026-05-31 03:00:00+03:00,,102.0,chunk_0039.json,POST /v1/generation/data/dpp-bulk,2026-05-31 21:45:41.784047+00:00,3200636,TUFANBEYLİ TES_TRB_GR2,282,2026-05-31T03:00:00+03:00,03:00
40W000003200636Y,TUFANBEYLİ TES_TRB_GR2,unknown,2026-05-31 04:00:00+03:00,,102.0,chunk_0039.json,POST /v1/generation/data/dpp-bulk,2026-05-31 21:45:41.784047+00:00,3200636,TUFANBEYLİ TES_TRB_GR2,282,2026-05-31T04:00:00+03:00,04:00
40W000003200636Y,TUFANBEYLİ TES_TRB_GR2,unknown,2026-05-31 05:00:00+03:00,,102.0,chunk_0039.json,POST /v1/generation/data/dpp-bulk,2026-05-31 21:45:41.784047+00:00,3200636,TUFANBEYLİ TES_TRB_GR2,282,2026-05-31T05:00:00+03:00,05:00
40W000003200636Y,TUFANBEYLİ TES_TRB_GR2,unknown,2026-05-31 06:00:00+03:00,,102.0,chunk_0039.json,POST /v1/generation/data/dpp-bulk,2026-05-31 21:45:41.784047+00:00,3200636,TUFANBEYLİ TES_TRB_GR2,282,2026-05-31T06:00:00+03:00,06:00
40W000003200636Y,TUFANBEYLİ TES_TRB_GR2,unknown,2026-05-31 07:00:00+03:00,,102.0,chunk_0039.json,POST /v1/generation/data/dpp-bulk,2026-05-31 21:45:41.784047+00:00,3200636,TUFANBEYLİ TES_TRB_GR2,282,2026-05-31T07:00:00+03:00,07:00
40W000003200636Y,TUFANBEYLİ TES_TRB_GR2,unknown,2026-05-31 08:00:00+03:00,,102.0,chunk_0039.json,POST /v1/generation/data/dpp-bulk,2026-05-31 21:45:41.784047+00:00,3200636,TUFANBEYLİ TES_TRB_GR2,282,2026-05-31T08:00:00+03:00,08:00
40W000003200636Y,TUFANBEYLİ TES_TRB_GR2,unknown,2026-05-31 09:00:00+03:00,,102.0,chunk_0039.json,POST /v1/generation/data/dpp-bulk,2026-05-31 21:45:41.784047+00:00,3200636,TUFANBEYLİ TES_TRB_GR2,282,2026-05-31T09:00:00+03:00,09:00
40W000003200636Y,TUFANBEYLİ TES_TRB_GR2,unknown,2026-05-31 10:00:00+03:00,,102.0,chunk_0039.json,POST /v1/generation/data/dpp-bulk,2026-05-31 21:45:41.784047+00:00,3200636,TUFANBEYLİ TES_TRB_GR2,282,2026-05-31T10:00:00+03:00,10:00
40W000003200636Y,TUFANBEYLİ TES_TRB_GR2,unknown,2026-05-31 11:00:00+03:00,,102.0,chunk_0039.json,POST /v1/generation/data/dpp-bulk,2026-05-31 21:45:41.784047+00:00,3200636,TUFANBEYLİ TES_TRB_GR2,282,2026-05-31T11:00:00+03:00,11:00
40W000003200636Y,TUFANBEYLİ TES_TRB_GR2,unknown,2026-05-31 12:00:00+03:00,,102.0,chunk_0039.json,POST /v1/generation/data/dpp-bulk,2026-05-31 21:45:41.784047+00:00,3200636,TUFANBEYLİ TES_TRB_GR2,282,2026-05-31T12:00:00+03:00,12:00
40W000003200636Y,TUFANBEYLİ TES_TRB_GR2,unknown,2026-05-31 13:00:00+03:00,,102.0,chunk_0039.json,POST /v1/generation/data/dpp-bulk,2026-05-31 21:45:41.784047+00:00,3200636,TUFANBEYLİ TES_TRB_GR2,282,2026-05-31T13:00:00+03:00,13:00
40W000003200636Y,TUFANBEYLİ TES_TRB_GR2,unknown,2026-05-31 14:00:00+03:00,,102.0,chunk_0039.json,POST /v1/generation/data/dpp-bulk,2026-05-31 21:45:41.784047+00:00,3200636,TUFANBEYLİ TES_TRB_GR2,282,2026-05-31T14:00:00+03:00,14:00
40W000003200636Y,TUFANBEYLİ TES_TRB_GR2,unknown,2026-05-31 15:00:00+03:00,,102.0,chunk_0039.json,POST /v1/generation/data/dpp-bulk,2026-05-31 21:45:41.784047+00:00,3200636,TUFANBEYLİ TES_TRB_GR2,282,2026-05-31T15:00:00+03:00,15:00
40W000003200636Y,TUFANBEYLİ TES_TRB_GR2,unknown,2026-05-31 16:00:00+03:00,,102.0,chunk_0039.json,POST /v1/generation/data/dpp-bulk,2026-05-31 21:45:41.784047+00:00,3200636,TUFANBEYLİ TES_TRB_GR2,282,2026-05-31T16:00:00+03:00,16:00
40W000003200636Y,TUFANBEYLİ TES_TRB_GR2,unknown,2026-05-31 17:00:00+03:00,,102.0,chunk_0039.json,POST /v1/generation/data/dpp-bulk,2026-05-31 21:45:41.784047+00:00,3200636,TUFANBEYLİ TES_TRB_GR2,282,2026-05-31T17:00:00+03:00,17:00
40W000003200636Y,TUFANBEYLİ TES_TRB_GR2,unknown,2026-05-31 18:00:00+03:00,,102.0,chunk_0039.json,POST /v1/generation/data/dpp-bulk,2026-05-31 21:45:41.784047+00:00,3200636,TUFANBEYLİ TES_TRB_GR2,282,2026-05-31T18:00:00+03:00,18:00
40W000003200636Y,TUFANBEYLİ TES_TRB_GR2,unknown,2026-05-31 19:00:00+03:00,,119.0,chunk_0039.json,POST /v1/generation/data/dpp-bulk,2026-05-31 21:45:41.784047+00:00,3200636,TUFANBEYLİ TES_TRB_GR2,282,2026-05-31T19:00:00+03:00,19:00
40W000003200636Y,TUFANBEYLİ TES_TRB_GR2,unknown,2026-05-31 20:00:00+03:00,,119.0,chunk_0039.json,POST /v1/generation/data/dpp-bulk,2026-05-31 21:45:41.784047+00:00,3200636,TUFANBEYLİ TES_TRB_GR2,282,2026-05-31T20:00:00+03:00,20:00
40W000003200636Y,TUFANBEYLİ TES_TRB_GR2,unknown,2026-05-31 21:00:00+03:00,,119.0,chunk_0039.json,POST /v1/generation/data/dpp-bulk,2026-05-31 21:45:41.784047+00:00,3200636,TUFANBEYLİ TES_TRB_GR2,282,2026-05-31T21:00:00+03:00,21:00
40W000003200636Y,TUFANBEYLİ TES_TRB_GR2,unknown,2026-05-31 22:00:00+03:00,,119.0,chunk_0039.json,POST /v1/generation/data/dpp-bulk,2026-05-31 21:45:41.784047+00:00,3200636,TUFANBEYLİ TES_TRB_GR2,282,2026-05-31T22:00:00+03:00,22:00
40W000003200636Y,TUFANBEYLİ TES_TRB_GR2,unknown,2026-05-31 23:00:00+03:00,,119.0,chunk_0039.json,POST /v1/generation/data/dpp-bulk,2026-05-31 21:45:41.784047+00:00,3200636,TUFANBEYLİ TES_TRB_GR2,282,2026-05-31T23:00:00+03:00,23:00
40W000003200637W,TUFANBEYLİ TES_TRC_GR3,unknown,2026-05-31 00:00:00+03:00,,102.0,chunk_0039.json,POST /v1/generation/data/dpp-bulk,2026-05-31 21:45:41.784047+00:00,3200637,TUFANBEYLİ TES_TRC_GR3,282,2026-05-31T00:00:00+03:00,00:00
40W000003200637W,TUFANBEYLİ TES_TRC_GR3,unknown,2026-05-31 01:00:00+03:00,,102.0,chunk_0039.json,POST /v1/generation/data/dpp-bulk,2026-05-31 21:45:41.784047+00:00,3200637,TUFANBEYLİ TES_TRC_GR3,282,2026-05-31T01:00:00+03:00,01:00
40W000003200637W,TUFANBEYLİ TES_TRC_GR3,unknown,2026-05-31 02:00:00+03:00,,102.0,chunk_0039.json,POST /v1/generation/data/dpp-bulk,2026-05-31 21:45:41.784047+00:00,3200637,TUFANBEYLİ TES_TRC_GR3,282,2026-05-31T02:00:00+03:00,02:00
40W000003200637W,TUFANBEYLİ TES_TRC_GR3,unknown,2026-05-31 03:00:00+03:00,,102.0,chunk_0039.json,POST /v1/generation/data/dpp-bulk,2026-05-31 21:45:41.784047+00:00,3200637,TUFANBEYLİ TES_TRC_GR3,282,2026-05-31T03:00:00+03:00,03:00
40W000003200637W,TUFANBEYLİ TES_TRC_GR3,unknown,2026-05-31 04:00:00+03:00,,102.0,chunk_0039.json,POST /v1/generation/data/dpp-bulk,2026-05-31 21:45:41.784047+00:00,3200637,TUFANBEYLİ TES_TRC_GR3,282,2026-05-31T04:00:00+03:00,04:00
40W000003200637W,TUFANBEYLİ TES_TRC_GR3,unknown,2026-05-31 05:00:00+03:00,,102.0,chunk_0039.json,POST /v1/generation/data/dpp-bulk,2026-05-31 21:45:41.784047+00:00,3200637,TUFANBEYLİ TES_TRC_GR3,282,2026-05-31T05:00:00+03:00,05:00
40W000003200637W,TUFANBEYLİ TES_TRC_GR3,unknown,2026-05-31 06:00:00+03:00,,102.0,chunk_0039.json,POST /v1/generation/data/dpp-bulk,2026-05-31 21:45:41.784047+00:00,3200637,TUFANBEYLİ TES_TRC_GR3,282,2026-05-31T06:00:00+03:00,06:00
40W000003200637W,TUFANBEYLİ TES_TRC_GR3,unknown,2026-05-31 07:00:00+03:00,,102.0,chunk_0039.json,POST /v1/generation/data/dpp-bulk,2026-05-31 21:45:41.784047+00:00,3200637,TUFANBEYLİ TES_TRC_GR3,282,2026-05-31T07:00:00+03:00,07:00
40W000003200637W,TUFANBEYLİ TES_TRC_GR3,unknown,2026-05-31 08:00:00+03:00,,102.0,chunk_0039.json,POST /v1/generation/data/dpp-bulk,2026-05-31 21:45:41.784047+00:00,3200637,TUFANBEYLİ TES_TRC_GR3,282,2026-05-31T08:00:00+03:00,08:00
40W000003200637W,TUFANBEYLİ TES_TRC_GR3,unknown,2026-05-31 09:00:00+03:00,,102.0,chunk_0039.json,POST /v1/generation/data/dpp-bulk,2026-05-31 21:45:41.784047+00:00,3200637,TUFANBEYLİ TES_TRC_GR3,282,2026-05-31T09:00:00+03:00,09:00
40W000003200637W,TUFANBEYLİ TES_TRC_GR3,unknown,2026-05-31 10:00:00+03:00,,102.0,chunk_0039.json,POST /v1/generation/data/dpp-bulk,2026-05-31 21:45:41.784047+00:00,3200637,TUFANBEYLİ TES_TRC_GR3,282,2026-05-31T10:00:00+03:00,10:00
40W000003200637W,TUFANBEYLİ TES_TRC_GR3,unknown,2026-05-31 11:00:00+03:00,,102.0,chunk_0039.json,POST /v1/generation/data/dpp-bulk,2026-05-31 21:45:41.784047+00:00,3200637,TUFANBEYLİ TES_TRC_GR3,282,2026-05-31T11:00:00+03:00,11:00
40W000003200637W,TUFANBEYLİ TES_TRC_GR3,unknown,2026-05-31 12:00:00+03:00,,102.0,chunk_0039.json,POST /v1/generation/data/dpp-bulk,2026-05-31 21:45:41.784047+00:00,3200637,TUFANBEYLİ TES_TRC_GR3,282,2026-05-31T12:00:00+03:00,12:00
40W000003200637W,TUFANBEYLİ TES_TRC_GR3,unknown,2026-05-31 13:00:00+03:00,,102.0,chunk_0039.json,POST /v1/generation/data/dpp-bulk,2026-05-31 21:45:41.784047+00:00,3200637,TUFANBEYLİ TES_TRC_GR3,282,2026-05-31T13:00:00+03:00,13:00
40W000003200637W,TUFANBEYLİ TES_TRC_GR3,unknown,2026-05-31 14:00:00+03:00,,102.0,chunk_0039.json,POST /v1/generation/data/dpp-bulk,2026-05-31 21:45:41.784047+00:00,3200637,TUFANBEYLİ TES_TRC_GR3,282,2026-05-31T14:00:00+03:00,14:00
40W000003200637W,TUFANBEYLİ TES_TRC_GR3,unknown,2026-05-31 15:00:00+03:00,,102.0,chunk_0039.json,POST /v1/generation/data/dpp-bulk,2026-05-31 21:45:41.784047+00:00,3200637,TUFANBEYLİ TES_TRC_GR3,282,2026-05-31T15:00:00+03:00,15:00
40W000003200637W,TUFANBEYLİ TES_TRC_GR3,unknown,2026-05-31 16:00:00+03:00,,102.0,chunk_0039.json,POST /v1/generation/data/dpp-bulk,2026-05-31 21:45:41.784047+00:00,3200637,TUFANBEYLİ TES_TRC_GR3,282,2026-05-31T16:00:00+03:00,16:00
40W000003200637W,TUFANBEYLİ TES_TRC_GR3,unknown,2026-05-31 17:00:00+03:00,,102.0,chunk_0039.json,POST /v1/generation/data/dpp-bulk,2026-05-31 21:45:41.784047+00:00,3200637,TUFANBEYLİ TES_TRC_GR3,282,2026-05-31T17:00:00+03:00,17:00
40W000003200637W,TUFANBEYLİ TES_TRC_GR3,unknown,2026-05-31 18:00:00+03:00,,102.0,chunk_0039.json,POST /v1/generation/data/dpp-bulk,2026-05-31 21:45:41.784047+00:00,3200637,TUFANBEYLİ TES_TRC_GR3,282,2026-05-31T18:00:00+03:00,18:00
40W000003200637W,TUFANBEYLİ TES_TRC_GR3,unknown,2026-05-31 19:00:00+03:00,,119.0,chunk_0039.json,POST /v1/generation/data/dpp-bulk,2026-05-31 21:45:41.784047+00:00,3200637,TUFANBEYLİ TES_TRC_GR3,282,2026-05-31T19:00:00+03:00,19:00
40W000003200637W,TUFANBEYLİ TES_TRC_GR3,unknown,2026-05-31 20:00:00+03:00,,119.0,chunk_0039.json,POST /v1/generation/data/dpp-bulk,2026-05-31 21:45:41.784047+00:00,3200637,TUFANBEYLİ TES_TRC_GR3,282,2026-05-31T20:00:00+03:00,20:00
40W000003200637W,TUFANBEYLİ TES_TRC_GR3,unknown,2026-05-31 21:00:00+03:00,,119.0,chunk_0039.json,POST /v1/generation/data/dpp-bulk,2026-05-31 21:45:41.784047+00:00,3200637,TUFANBEYLİ TES_TRC_GR3,282,2026-05-31T21:00:00+03:00,21:00
40W000003200637W,TUFANBEYLİ TES_TRC_GR3,unknown,2026-05-31 22:00:00+03:00,,119.0,chunk_0039.json,POST /v1/generation/data/dpp-bulk,2026-05-31 21:45:41.784047+00:00,3200637,TUFANBEYLİ TES_TRC_GR3,282,2026-05-31T22:00:00+03:00,22:00
40W000003200637W,TUFANBEYLİ TES_TRC_GR3,unknown,2026-05-31 23:00:00+03:00,,119.0,chunk_0039.json,POST /v1/generation/data/dpp-bulk,2026-05-31 21:45:41.784047+00:00,3200637,TUFANBEYLİ TES_TRC_GR3,282,2026-05-31T23:00:00+03:00,23:00
40W000003200467V,KAYSERİ ŞEKER KOJENERASYON-BOĞAZLAYAN,unknown,2026-05-31 00:00:00+03:00,,0.0,chunk_0039.json,POST /v1/generation/data/dpp-bulk,2026-05-31 21:45:41.784047+00:00,3200467,KAYSERİ ŞEKER KOJENERASYON-BOĞAZLAYAN,2224,2026-05-31T00:00:00+03:00,00:00
40W000003200467V,KAYSERİ ŞEKER KOJENERASYON-BOĞAZLAYAN,unknown,2026-05-31 01:00:00+03:00,,0.0,chunk_0039.json,POST /v1/generation/data/dpp-bulk,2026-05-31 21:45:41.784047+00:00,3200467,KAYSERİ ŞEKER KOJENERASYON-BOĞAZLAYAN,2224,2026-05-31T01:00:00+03:00,01:00
40W000003200467V,KAYSERİ ŞEKER KOJENERASYON-BOĞAZLAYAN,unknown,2026-05-31 02:00:00+03:00,,0.0,chunk_0039.json,POST /v1/generation/data/dpp-bulk,2026-05-31 21:45:41.784047+00:00,3200467,KAYSERİ ŞEKER KOJENERASYON-BOĞAZLAYAN,2224,2026-05-31T02:00:00+03:00,02:00
40W000003200467V,KAYSERİ ŞEKER KOJENERASYON-BOĞAZLAYAN,unknown,2026-05-31 03:00:00+03:00,,0.0,chunk_0039.json,POST /v1/generation/data/dpp-bulk,2026-05-31 21:45:41.784047+00:00,3200467,KAYSERİ ŞEKER KOJENERASYON-BOĞAZLAYAN,2224,2026-05-31T03:00:00+03:00,03:00
40W000003200467V,KAYSERİ ŞEKER KOJENERASYON-BOĞAZLAYAN,unknown,2026-05-31 04:00:00+03:00,,0.0,chunk_0039.json,POST /v1/generation/data/dpp-bulk,2026-05-31 21:45:41.784047+00:00,3200467,KAYSERİ ŞEKER KOJENERASYON-BOĞAZLAYAN,2224,2026-05-31T04:00:00+03:00,04:00
40W000003200467V,KAYSERİ ŞEKER KOJENERASYON-BOĞAZLAYAN,unknown,2026-05-31 05:00:00+03:00,,0.0,chunk_0039.json,POST /v1/generation/data/dpp-bulk,2026-05-31 21:45:41.784047+00:00,3200467,KAYSERİ ŞEKER KOJENERASYON-BOĞAZLAYAN,2224,2026-05-31T05:00:00+03:00,05:00
40W000003200467V,KAYSERİ ŞEKER KOJENERASYON-BOĞAZLAYAN,unknown,2026-05-31 06:00:00+03:00,,0.0,chunk_0039.json,POST /v1/generation/data/dpp-bulk,2026-05-31 21:45:41.784047+00:00,3200467,KAYSERİ ŞEKER KOJENERASYON-BOĞAZLAYAN,2224,2026-05-31T06:00:00+03:00,06:00
40W000003200467V,KAYSERİ ŞEKER KOJENERASYON-BOĞAZLAYAN,unknown,2026-05-31 07:00:00+03:00,,0.0,chunk_0039.json,POST /v1/generation/data/dpp-bulk,2026-05-31 21:45:41.784047+00:00,3200467,KAYSERİ ŞEKER KOJENERASYON-BOĞAZLAYAN,2224,2026-05-31T07:00:00+03:00,07:00
40W000003200467V,KAYSERİ ŞEKER KOJENERASYON-BOĞAZLAYAN,unknown,2026-05-31 08:00:00+03:00,,0.0,chunk_0039.json,POST /v1/generation/data/dpp-bulk,2026-05-31 21:45:41.784047+00:00,3200467,KAYSERİ ŞEKER KOJENERASYON-BOĞAZLAYAN,2224,2026-05-31T08:00:00+03:00,08:00
40W000003200467V,KAYSERİ ŞEKER KOJENERASYON-BOĞAZLAYAN,unknown,2026-05-31 09:00:00+03:00,,0.0,chunk_0039.json,POST /v1/generation/data/dpp-bulk,2026-05-31 21:45:41.784047+00:00,3200467,KAYSERİ ŞEKER KOJENERASYON-BOĞAZLAYAN,2224,2026-05-31T09:00:00+03:00,09:00
40W000003200467V,KAYSERİ ŞEKER KOJENERASYON-BOĞAZLAYAN,unknown,2026-05-31 10:00:00+03:00,,0.0,chunk_0039.json,POST /v1/generation/data/dpp-bulk,2026-05-31 21:45:41.784047+00:00,3200467,KAYSERİ ŞEKER KOJENERASYON-BOĞAZLAYAN,2224,2026-05-31T10:00:00+03:00,10:00
40W000003200467V,KAYSERİ ŞEKER KOJENERASYON-BOĞAZLAYAN,unknown,2026-05-31 11:00:00+03:00,,0.0,chunk_0039.json,POST /v1/generation/data/dpp-bulk,2026-05-31 21:45:41.784047+00:00,3200467,KAYSERİ ŞEKER KOJENERASYON-BOĞAZLAYAN,2224,2026-05-31T11:00:00+03:00,11:00
40W000003200467V,KAYSERİ ŞEKER KOJENERASYON-BOĞAZLAYAN,unknown,2026-05-31 12:00:00+03:00,,0.0,chunk_0039.json,POST /v1/generation/data/dpp-bulk,2026-05-31 21:45:41.784047+00:00,3200467,KAYSERİ ŞEKER KOJENERASYON-BOĞAZLAYAN,2224,2026-05-31T12:00:00+03:00,12:00
40W000003200467V,KAYSERİ ŞEKER KOJENERASYON-BOĞAZLAYAN,unknown,2026-05-31 13:00:00+03:00,,0.0,chunk_0039.json,POST /v1/generation/data/dpp-bulk,2026-05-31 21:45:41.784047+00:00,3200467,KAYSERİ ŞEKER KOJENERASYON-BOĞAZLAYAN,2224,2026-05-31T13:00:00+03:00,13:00
40W000003200467V,KAYSERİ ŞEKER KOJENERASYON-BOĞAZLAYAN,unknown,2026-05-31 14:00:00+03:00,,0.0,chunk_0039.json,POST /v1/generation/data/dpp-bulk,2026-05-31 21:45:41.784047+00:00,3200467,KAYSERİ ŞEKER KOJENERASYON-BOĞAZLAYAN,2224,2026-05-31T14:00:00+03:00,14:00
40W000003200467V,KAYSERİ ŞEKER KOJENERASYON-BOĞAZLAYAN,unknown,2026-05-31 15:00:00+03:00,,0.0,chunk_0039.json,POST /v1/generation/data/dpp-bulk,2026-05-31 21:45:41.784047+00:00,3200467,KAYSERİ ŞEKER KOJENERASYON-BOĞAZLAYAN,2224,2026-05-31T15:00:00+03:00,15:00
40W000003200467V,KAYSERİ ŞEKER KOJENERASYON-BOĞAZLAYAN,unknown,2026-05-31 16:00:00+03:00,,0.0,chunk_0039.json,POST /v1/generation/data/dpp-bulk,2026-05-31 21:45:41.784047+00:00,3200467,KAYSERİ ŞEKER KOJENERASYON-BOĞAZLAYAN,2224,2026-05-31T16:00:00+03:00,16:00
40W000003200467V,KAYSERİ ŞEKER KOJENERASYON-BOĞAZLAYAN,unknown,2026-05-31 17:00:00+03:00,,0.0,chunk_0039.json,POST /v1/generation/data/dpp-bulk,2026-05-31 21:45:41.784047+00:00,3200467,KAYSERİ ŞEKER KOJENERASYON-BOĞAZLAYAN,2224,2026-05-31T17:00:00+03:00,17:00
40W000003200467V,KAYSERİ ŞEKER KOJENERASYON-BOĞAZLAYAN,unknown,2026-05-31 18:00:00+03:00,,0.0,chunk_0039.json,POST /v1/generation/data/dpp-bulk,2026-05-31 21:45:41.784047+00:00,3200467,KAYSERİ ŞEKER KOJENERASYON-BOĞAZLAYAN,2224,2026-05-31T18:00:00+03:00,18:00
40W000003200467V,KAYSERİ ŞEKER KOJENERASYON-BOĞAZLAYAN,unknown,2026-05-31 19:00:00+03:00,,0.0,chunk_0039.json,POST /v1/generation/data/dpp-bulk,2026-05-31 21:45:41.784047+00:00,3200467,KAYSERİ ŞEKER KOJENERASYON-BOĞAZLAYAN,2224,2026-05-31T19:00:00+03:00,19:00
40W000003200467V,KAYSERİ ŞEKER KOJENERASYON-BOĞAZLAYAN,unknown,2026-05-31 20:00:00+03:00,,0.0,chunk_0039.json,POST /v1/generation/data/dpp-bulk,2026-05-31 21:45:41.784047+00:00,3200467,KAYSERİ ŞEKER KOJENERASYON-BOĞAZLAYAN,2224,2026-05-31T20:00:00+03:00,20:00
40W000003200467V,KAYSERİ ŞEKER KOJENERASYON-BOĞAZLAYAN,unknown,2026-05-31 21:00:00+03:00,,0.0,chunk_0039.json,POST /v1/generation/data/dpp-bulk,2026-05-31 21:45:41.784047+00:00,3200467,KAYSERİ ŞEKER KOJENERASYON-BOĞAZLAYAN,2224,2026-05-31T21:00:00+03:00,21:00
40W000003200467V,KAYSERİ ŞEKER KOJENERASYON-BOĞAZLAYAN,unknown,2026-05-31 22:00:00+03:00,,0.0,chunk_0039.json,POST /v1/generation/data/dpp-bulk,2026-05-31 21:45:41.784047+00:00,3200467,KAYSERİ ŞEKER KOJENERASYON-BOĞAZLAYAN,2224,2026-05-31T22:00:00+03:00,22:00
40W000003200467V,KAYSERİ ŞEKER KOJENERASYON-BOĞAZLAYAN,unknown,2026-05-31 23:00:00+03:00,,0.0,chunk_0039.json,POST /v1/generation/data/dpp-bulk,2026-05-31 21:45:41.784047+00:00,3200467,KAYSERİ ŞEKER KOJENERASYON-BOĞAZLAYAN,2224,2026-05-31T23:00:00+03:00,23:00
40W000003200489L,KAYSERİ ŞEKER KOJENERASYON-KOCASİNAN,unknown,2026-05-31 00:00:00+03:00,,0.0,chunk_0039.json,POST /v1/generation/data/dpp-bulk,2026-05-31 21:45:41.784047+00:00,3200489,KAYSERİ ŞEKER KOJENERASYON-KOCASİNAN,2224,2026-05-31T00:00:00+03:00,00:00
40W000003200489L,KAYSERİ ŞEKER KOJENERASYON-KOCASİNAN,unknown,2026-05-31 01:00:00+03:00,,0.0,chunk_0039.json,POST /v1/generation/data/dpp-bulk,2026-05-31 21:45:41.784047+00:00,3200489,KAYSERİ ŞEKER KOJENERASYON-KOCASİNAN,2224,2026-05-31T01:00:00+03:00,01:00
40W000003200489L,KAYSERİ ŞEKER KOJENERASYON-KOCASİNAN,unknown,2026-05-31 02:00:00+03:00,,0.0,chunk_0039.json,POST /v1/generation/data/dpp-bulk,2026-05-31 21:45:41.784047+00:00,3200489,KAYSERİ ŞEKER KOJENERASYON-KOCASİNAN,2224,2026-05-31T02:00:00+03:00,02:00
40W000003200489L,KAYSERİ ŞEKER KOJENERASYON-KOCASİNAN,unknown,2026-05-31 03:00:00+03:00,,0.0,chunk_0039.json,POST /v1/generation/data/dpp-bulk,2026-05-31 21:45:41.784047+00:00,3200489,KAYSERİ ŞEKER KOJENERASYON-KOCASİNAN,2224,2026-05-31T03:00:00+03:00,03:00
40W000003200489L,KAYSERİ ŞEKER KOJENERASYON-KOCASİNAN,unknown,2026-05-31 04:00:00+03:00,,0.0,chunk_0039.json,POST /v1/generation/data/dpp-bulk,2026-05-31 21:45:41.784047+00:00,3200489,KAYSERİ ŞEKER KOJENERASYON-KOCASİNAN,2224,2026-05-31T04:00:00+03:00,04:00
40W000003200489L,KAYSERİ ŞEKER KOJENERASYON-KOCASİNAN,unknown,2026-05-31 05:00:00+03:00,,0.0,chunk_0039.json,POST /v1/generation/data/dpp-bulk,2026-05-31 21:45:41.784047+00:00,3200489,KAYSERİ ŞEKER KOJENERASYON-KOCASİNAN,2224,2026-05-31T05:00:00+03:00,05:00
40W000003200489L,KAYSERİ ŞEKER KOJENERASYON-KOCASİNAN,unknown,2026-05-31 06:00:00+03:00,,0.0,chunk_0039.json,POST /v1/generation/data/dpp-bulk,2026-05-31 21:45:41.784047+00:00,3200489,KAYSERİ ŞEKER KOJENERASYON-KOCASİNAN,2224,2026-05-31T06:00:00+03:00,06:00
40W000003200489L,KAYSERİ ŞEKER KOJENERASYON-KOCASİNAN,unknown,2026-05-31 07:00:00+03:00,,0.0,chunk_0039.json,POST /v1/generation/data/dpp-bulk,2026-05-31 21:45:41.784047+00:00,3200489,KAYSERİ ŞEKER KOJENERASYON-KOCASİNAN,2224,2026-05-31T07:00:00+03:00,07:00
40W000003200489L,KAYSERİ ŞEKER KOJENERASYON-KOCASİNAN,unknown,2026-05-31 08:00:00+03:00,,0.0,chunk_0039.json,POST /v1/generation/data/dpp-bulk,2026-05-31 21:45:41.784047+00:00,3200489,KAYSERİ ŞEKER KOJENERASYON-KOCASİNAN,2224,2026-05-31T08:00:00+03:00,08:00
40W000003200489L,KAYSERİ ŞEKER KOJENERASYON-KOCASİNAN,unknown,2026-05-31 09:00:00+03:00,,0.0,chunk_0039.json,POST /v1/generation/data/dpp-bulk,2026-05-31 21:45:41.784047+00:00,3200489,KAYSERİ ŞEKER KOJENERASYON-KOCASİNAN,2224,2026-05-31T09:00:00+03:00,09:00
40W000003200489L,KAYSERİ ŞEKER KOJENERASYON-KOCASİNAN,unknown,2026-05-31 10:00:00+03:00,,0.0,chunk_0039.json,POST /v1/generation/data/dpp-bulk,2026-05-31 21:45:41.784047+00:00,3200489,KAYSERİ ŞEKER KOJENERASYON-KOCASİNAN,2224,2026-05-31T10:00:00+03:00,10:00
40W000003200489L,KAYSERİ ŞEKER KOJENERASYON-KOCASİNAN,unknown,2026-05-31 11:00:00+03:00,,0.0,chunk_0039.json,POST /v1/generation/data/dpp-bulk,2026-05-31 21:45:41.784047+00:00,3200489,KAYSERİ ŞEKER KOJENERASYON-KOCASİNAN,2224,2026-05-31T11:00:00+03:00,11:00
40W000003200489L,KAYSERİ ŞEKER KOJENERASYON-KOCASİNAN,unknown,2026-05-31 12:00:00+03:00,,0.0,chunk_0039.json,POST /v1/generation/data/dpp-bulk,2026-05-31 21:45:41.784047+00:00,3200489,KAYSERİ ŞEKER KOJENERASYON-KOCASİNAN,2224,2026-05-31T12:00:00+03:00,12:00
40W000003200489L,KAYSERİ ŞEKER KOJENERASYON-KOCASİNAN,unknown,2026-05-31 13:00:00+03:00,,0.0,chunk_0039.json,POST /v1/generation/data/dpp-bulk,2026-05-31 21:45:41.784047+00:00,3200489,KAYSERİ ŞEKER KOJENERASYON-KOCASİNAN,2224,2026-05-31T13:00:00+03:00,13:00
40W000003200489L,KAYSERİ ŞEKER KOJENERASYON-KOCASİNAN,unknown,2026-05-31 14:00:00+03:00,,0.0,chunk_0039.json,POST /v1/generation/data/dpp-bulk,2026-05-31 21:45:41.784047+00:00,3200489,KAYSERİ ŞEKER KOJENERASYON-KOCASİNAN,2224,2026-05-31T14:00:00+03:00,14:00
40W000003200489L,KAYSERİ ŞEKER KOJENERASYON-KOCASİNAN,unknown,2026-05-31 15:00:00+03:00,,0.0,chunk_0039.json,POST /v1/generation/data/dpp-bulk,2026-05-31 21:45:41.784047+00:00,3200489,KAYSERİ ŞEKER KOJENERASYON-KOCASİNAN,2224,2026-05-31T15:00:00+03:00,15:00
40W000003200489L,KAYSERİ ŞEKER KOJENERASYON-KOCASİNAN,unknown,2026-05-31 16:00:00+03:00,,0.0,chunk_0039.json,POST /v1/generation/data/dpp-bulk,2026-05-31 21:45:41.784047+00:00,3200489,KAYSERİ ŞEKER KOJENERASYON-KOCASİNAN,2224,2026-05-31T16:00:00+03:00,16:00
40W000003200489L,KAYSERİ ŞEKER KOJENERASYON-KOCASİNAN,unknown,2026-05-31 17:00:00+03:00,,0.0,chunk_0039.json,POST /v1/generation/data/dpp-bulk,2026-05-31 21:45:41.784047+00:00,3200489,KAYSERİ ŞEKER KOJENERASYON-KOCASİNAN,2224,2026-05-31T17:00:00+03:00,17:00
40W000003200489L,KAYSERİ ŞEKER KOJENERASYON-KOCASİNAN,unknown,2026-05-31 18:00:00+03:00,,0.0,chunk_0039.json,POST /v1/generation/data/dpp-bulk,2026-05-31 21:45:41.784047+00:00,3200489,KAYSERİ ŞEKER KOJENERASYON-KOCASİNAN,2224,2026-05-31T18:00:00+03:00,18:00
40W000003200489L,KAYSERİ ŞEKER KOJENERASYON-KOCASİNAN,unknown,2026-05-31 19:00:00+03:00,,0.0,chunk_0039.json,POST /v1/generation/data/dpp-bulk,2026-05-31 21:45:41.784047+00:00,3200489,KAYSERİ ŞEKER KOJENERASYON-KOCASİNAN,2224,2026-05-31T19:00:00+03:00,19:00
40W000003200489L,KAYSERİ ŞEKER KOJENERASYON-KOCASİNAN,unknown,2026-05-31 20:00:00+03:00,,0.0,chunk_0039.json,POST /v1/generation/data/dpp-bulk,2026-05-31 21:45:41.784047+00:00,3200489,KAYSERİ ŞEKER KOJENERASYON-KOCASİNAN,2224,2026-05-31T20:00:00+03:00,20:00
40W000003200489L,KAYSERİ ŞEKER KOJENERASYON-KOCASİNAN,unknown,2026-05-31 21:00:00+03:00,,0.0,chunk_0039.json,POST /v1/generation/data/dpp-bulk,2026-05-31 21:45:41.784047+00:00,3200489,KAYSERİ ŞEKER KOJENERASYON-KOCASİNAN,2224,2026-05-31T21:00:00+03:00,21:00
40W000003200489L,KAYSERİ ŞEKER KOJENERASYON-KOCASİNAN,unknown,2026-05-31 22:00:00+03:00,,0.0,chunk_0039.json,POST /v1/generation/data/dpp-bulk,2026-05-31 21:45:41.784047+00:00,3200489,KAYSERİ ŞEKER KOJENERASYON-KOCASİNAN,2224,2026-05-31T22:00:00+03:00,22:00
40W000003200489L,KAYSERİ ŞEKER KOJENERASYON-KOCASİNAN,unknown,2026-05-31 23:00:00+03:00,,0.0,chunk_0039.json,POST /v1/generation/data/dpp-bulk,2026-05-31 21:45:41.784047+00:00,3200489,KAYSERİ ŞEKER KOJENERASYON-KOCASİNAN,2224,2026-05-31T23:00:00+03:00,23:00
40W000003200591U,GEBZE KOJENERASYON TESİSİ(MMK),unknown,2026-05-31 00:00:00+03:00,,0.0,chunk_0039.json,POST /v1/generation/data/dpp-bulk,2026-05-31 21:45:41.784047+00:00,3200591,GEBZE KOJENERASYON TESİSİ(MMK),10893,2026-05-31T00:00:00+03:00,00:00
40W000003200591U,GEBZE KOJENERASYON TESİSİ(MMK),unknown,2026-05-31 01:00:00+03:00,,0.0,chunk_0039.json,POST /v1/generation/data/dpp-bulk,2026-05-31 21:45:41.784047+00:00,3200591,GEBZE KOJENERASYON TESİSİ(MMK),10893,2026-05-31T01:00:00+03:00,01:00
40W000003200591U,GEBZE KOJENERASYON TESİSİ(MMK),unknown,2026-05-31 02:00:00+03:00,,0.0,chunk_0039.json,POST /v1/generation/data/dpp-bulk,2026-05-31 21:45:41.784047+00:00,3200591,GEBZE KOJENERASYON TESİSİ(MMK),10893,2026-05-31T02:00:00+03:00,02:00
40W000003200591U,GEBZE KOJENERASYON TESİSİ(MMK),unknown,2026-05-31 03:00:00+03:00,,0.0,chunk_0039.json,POST /v1/generation/data/dpp-bulk,2026-05-31 21:45:41.784047+00:00,3200591,GEBZE KOJENERASYON TESİSİ(MMK),10893,2026-05-31T03:00:00+03:00,03:00
40W000003200591U,GEBZE KOJENERASYON TESİSİ(MMK),unknown,2026-05-31 04:00:00+03:00,,0.0,chunk_0039.json,POST /v1/generation/data/dpp-bulk,2026-05-31 21:45:41.784047+00:00,3200591,GEBZE KOJENERASYON TESİSİ(MMK),10893,2026-05-31T04:00:00+03:00,04:00
40W000003200591U,GEBZE KOJENERASYON TESİSİ(MMK),unknown,2026-05-31 05:00:00+03:00,,0.0,chunk_0039.json,POST /v1/generation/data/dpp-bulk,2026-05-31 21:45:41.784047+00:00,3200591,GEBZE KOJENERASYON TESİSİ(MMK),10893,2026-05-31T05:00:00+03:00,05:00
40W000003200591U,GEBZE KOJENERASYON TESİSİ(MMK),unknown,2026-05-31 06:00:00+03:00,,0.0,chunk_0039.json,POST /v1/generation/data/dpp-bulk,2026-05-31 21:45:41.784047+00:00,3200591,GEBZE KOJENERASYON TESİSİ(MMK),10893,2026-05-31T06:00:00+03:00,06:00
40W000003200591U,GEBZE KOJENERASYON TESİSİ(MMK),unknown,2026-05-31 07:00:00+03:00,,0.0,chunk_0039.json,POST /v1/generation/data/dpp-bulk,2026-05-31 21:45:41.784047+00:00,3200591,GEBZE KOJENERASYON TESİSİ(MMK),10893,2026-05-31T07:00:00+03:00,07:00
40W000003200591U,GEBZE KOJENERASYON TESİSİ(MMK),unknown,2026-05-31 08:00:00+03:00,,0.0,chunk_0039.json,POST /v1/generation/data/dpp-bulk,2026-05-31 21:45:41.784047+00:00,3200591,GEBZE KOJENERASYON TESİSİ(MMK),10893,2026-05-31T08:00:00+03:00,08:00
40W000003200591U,GEBZE KOJENERASYON TESİSİ(MMK),unknown,2026-05-31 09:00:00+03:00,,0.0,chunk_0039.json,POST /v1/generation/data/dpp-bulk,2026-05-31 21:45:41.784047+00:00,3200591,GEBZE KOJENERASYON TESİSİ(MMK),10893,2026-05-31T09:00:00+03:00,09:00
40W000003200591U,GEBZE KOJENERASYON TESİSİ(MMK),unknown,2026-05-31 10:00:00+03:00,,0.0,chunk_0039.json,POST /v1/generation/data/dpp-bulk,2026-05-31 21:45:41.784047+00:00,3200591,GEBZE KOJENERASYON TESİSİ(MMK),10893,2026-05-31T10:00:00+03:00,10:00
40W000003200591U,GEBZE KOJENERASYON TESİSİ(MMK),unknown,2026-05-31 11:00:00+03:00,,0.0,chunk_0039.json,POST /v1/generation/data/dpp-bulk,2026-05-31 21:45:41.784047+00:00,3200591,GEBZE KOJENERASYON TESİSİ(MMK),10893,2026-05-31T11:00:00+03:00,11:00
40W000003200591U,GEBZE KOJENERASYON TESİSİ(MMK),unknown,2026-05-31 12:00:00+03:00,,0.0,chunk_0039.json,POST /v1/generation/data/dpp-bulk,2026-05-31 21:45:41.784047+00:00,3200591,GEBZE KOJENERASYON TESİSİ(MMK),10893,2026-05-31T12:00:00+03:00,12:00
40W000003200591U,GEBZE KOJENERASYON TESİSİ(MMK),unknown,2026-05-31 13:00:00+03:00,,0.0,chunk_0039.json,POST /v1/generation/data/dpp-bulk,2026-05-31 21:45:41.784047+00:00,3200591,GEBZE KOJENERASYON TESİSİ(MMK),10893,2026-05-31T13:00:00+03:00,13:00
40W000003200591U,GEBZE KOJENERASYON TESİSİ(MMK),unknown,2026-05-31 14:00:00+03:00,,0.0,chunk_0039.json,POST /v1/generation/data/dpp-bulk,2026-05-31 21:45:41.784047+00:00,3200591,GEBZE KOJENERASYON TESİSİ(MMK),10893,2026-05-31T14:00:00+03:00,14:00
40W000003200591U,GEBZE KOJENERASYON TESİSİ(MMK),unknown,2026-05-31 15:00:00+03:00,,0.0,chunk_0039.json,POST /v1/generation/data/dpp-bulk,2026-05-31 21:45:41.784047+00:00,3200591,GEBZE KOJENERASYON TESİSİ(MMK),10893,2026-05-31T15:00:00+03:00,15:00
40W000003200591U,GEBZE KOJENERASYON TESİSİ(MMK),unknown,2026-05-31 16:00:00+03:00,,0.0,chunk_0039.json,POST /v1/generation/data/dpp-bulk,2026-05-31 21:45:41.784047+00:00,3200591,GEBZE KOJENERASYON TESİSİ(MMK),10893,2026-05-31T16:00:00+03:00,16:00
40W000003200591U,GEBZE KOJENERASYON TESİSİ(MMK),unknown,2026-05-31 17:00:00+03:00,,0.0,chunk_0039.json,POST /v1/generation/data/dpp-bulk,2026-05-31 21:45:41.784047+00:00,3200591,GEBZE KOJENERASYON TESİSİ(MMK),10893,2026-05-31T17:00:00+03:00,17:00
40W000003200591U,GEBZE KOJENERASYON TESİSİ(MMK),unknown,2026-05-31 18:00:00+03:00,,0.0,chunk_0039.json,POST /v1/generation/data/dpp-bulk,2026-05-31 21:45:41.784047+00:00,3200591,GEBZE KOJENERASYON TESİSİ(MMK),10893,2026-05-31T18:00:00+03:00,18:00
40W000003200591U,GEBZE KOJENERASYON TESİSİ(MMK),unknown,2026-05-31 19:00:00+03:00,,0.0,chunk_0039.json,POST /v1/generation/data/dpp-bulk,2026-05-31 21:45:41.784047+00:00,3200591,GEBZE KOJENERASYON TESİSİ(MMK),10893,2026-05-31T19:00:00+03:00,19:00
40W000003200591U,GEBZE KOJENERASYON TESİSİ(MMK),unknown,2026-05-31 20:00:00+03:00,,0.0,chunk_0039.json,POST /v1/generation/data/dpp-bulk,2026-05-31 21:45:41.784047+00:00,3200591,GEBZE KOJENERASYON TESİSİ(MMK),10893,2026-05-31T20:00:00+03:00,20:00
40W000003200591U,GEBZE KOJENERASYON TESİSİ(MMK),unknown,2026-05-31 21:00:00+03:00,,0.0,chunk_0039.json,POST /v1/generation/data/dpp-bulk,2026-05-31 21:45:41.784047+00:00,3200591,GEBZE KOJENERASYON TESİSİ(MMK),10893,2026-05-31T21:00:00+03:00,21:00
40W000003200591U,GEBZE KOJENERASYON TESİSİ(MMK),unknown,2026-05-31 22:00:00+03:00,,0.0,chunk_0039.json,POST /v1/generation/data/dpp-bulk,2026-05-31 21:45:41.784047+00:00,3200591,GEBZE KOJENERASYON TESİSİ(MMK),10893,2026-05-31T22:00:00+03:00,22:00
40W000003200591U,GEBZE KOJENERASYON TESİSİ(MMK),unknown,2026-05-31 23:00:00+03:00,,0.0,chunk_0039.json,POST /v1/generation/data/dpp-bulk,2026-05-31 21:45:41.784047+00:00,3200591,GEBZE KOJENERASYON TESİSİ(MMK),10893,2026-05-31T23:00:00+03:00,23:00
40W000003200493U,TİRE BİYOGAZ ELEKTRİK SANTRALİ,unknown,2026-05-31 00:00:00+03:00,,0.0,chunk_0039.json,POST /v1/generation/data/dpp-bulk,2026-05-31 21:45:41.784047+00:00,3200493,TİRE BİYOGAZ ELEKTRİK SANTRALİ,11135,2026-05-31T00:00:00+03:00,00:00
40W000003200493U,TİRE BİYOGAZ ELEKTRİK SANTRALİ,unknown,2026-05-31 01:00:00+03:00,,0.0,chunk_0039.json,POST /v1/generation/data/dpp-bulk,2026-05-31 21:45:41.784047+00:00,3200493,TİRE BİYOGAZ ELEKTRİK SANTRALİ,11135,2026-05-31T01:00:00+03:00,01:00
40W000003200493U,TİRE BİYOGAZ ELEKTRİK SANTRALİ,unknown,2026-05-31 02:00:00+03:00,,0.0,chunk_0039.json,POST /v1/generation/data/dpp-bulk,2026-05-31 21:45:41.784047+00:00,3200493,TİRE BİYOGAZ ELEKTRİK SANTRALİ,11135,2026-05-31T02:00:00+03:00,02:00
40W000003200493U,TİRE BİYOGAZ ELEKTRİK SANTRALİ,unknown,2026-05-31 03:00:00+03:00,,0.0,chunk_0039.json,POST /v1/generation/data/dpp-bulk,2026-05-31 21:45:41.784047+00:00,3200493,TİRE BİYOGAZ ELEKTRİK SANTRALİ,11135,2026-05-31T03:00:00+03:00,03:00
40W000003200493U,TİRE BİYOGAZ ELEKTRİK SANTRALİ,unknown,2026-05-31 04:00:00+03:00,,0.0,chunk_0039.json,POST /v1/generation/data/dpp-bulk,2026-05-31 21:45:41.784047+00:00,3200493,TİRE BİYOGAZ ELEKTRİK SANTRALİ,11135,2026-05-31T04:00:00+03:00,04:00
40W000003200493U,TİRE BİYOGAZ ELEKTRİK SANTRALİ,unknown,2026-05-31 05:00:00+03:00,,0.0,chunk_0039.json,POST /v1/generation/data/dpp-bulk,2026-05-31 21:45:41.784047+00:00,3200493,TİRE BİYOGAZ ELEKTRİK SANTRALİ,11135,2026-05-31T05:00:00+03:00,05:00
40W000003200493U,TİRE BİYOGAZ ELEKTRİK SANTRALİ,unknown,2026-05-31 06:00:00+03:00,,0.0,chunk_0039.json,POST /v1/generation/data/dpp-bulk,2026-05-31 21:45:41.784047+00:00,3200493,TİRE BİYOGAZ ELEKTRİK SANTRALİ,11135,2026-05-31T06:00:00+03:00,06:00
40W000003200493U,TİRE BİYOGAZ ELEKTRİK SANTRALİ,unknown,2026-05-31 07:00:00+03:00,,0.0,chunk_0039.json,POST /v1/generation/data/dpp-bulk,2026-05-31 21:45:41.784047+00:00,3200493,TİRE BİYOGAZ ELEKTRİK SANTRALİ,11135,2026-05-31T07:00:00+03:00,07:00
40W000003200493U,TİRE BİYOGAZ ELEKTRİK SANTRALİ,unknown,2026-05-31 08:00:00+03:00,,0.0,chunk_0039.json,POST /v1/generation/data/dpp-bulk,2026-05-31 21:45:41.784047+00:00,3200493,TİRE BİYOGAZ ELEKTRİK SANTRALİ,11135,2026-05-31T08:00:00+03:00,08:00
40W000003200493U,TİRE BİYOGAZ ELEKTRİK SANTRALİ,unknown,2026-05-31 09:00:00+03:00,,0.0,chunk_0039.json,POST /v1/generation/data/dpp-bulk,2026-05-31 21:45:41.784047+00:00,3200493,TİRE BİYOGAZ ELEKTRİK SANTRALİ,11135,2026-05-31T09:00:00+03:00,09:00
40W000003200493U,TİRE BİYOGAZ ELEKTRİK SANTRALİ,unknown,2026-05-31 10:00:00+03:00,,0.0,chunk_0039.json,POST /v1/generation/data/dpp-bulk,2026-05-31 21:45:41.784047+00:00,3200493,TİRE BİYOGAZ ELEKTRİK SANTRALİ,11135,2026-05-31T10:00:00+03:00,10:00
40W000003200493U,TİRE BİYOGAZ ELEKTRİK SANTRALİ,unknown,2026-05-31 11:00:00+03:00,,0.0,chunk_0039.json,POST /v1/generation/data/dpp-bulk,2026-05-31 21:45:41.784047+00:00,3200493,TİRE BİYOGAZ ELEKTRİK SANTRALİ,11135,2026-05-31T11:00:00+03:00,11:00
40W000003200493U,TİRE BİYOGAZ ELEKTRİK SANTRALİ,unknown,2026-05-31 12:00:00+03:00,,0.0,chunk_0039.json,POST /v1/generation/data/dpp-bulk,2026-05-31 21:45:41.784047+00:00,3200493,TİRE BİYOGAZ ELEKTRİK SANTRALİ,11135,2026-05-31T12:00:00+03:00,12:00
40W000003200493U,TİRE BİYOGAZ ELEKTRİK SANTRALİ,unknown,2026-05-31 13:00:00+03:00,,0.0,chunk_0039.json,POST /v1/generation/data/dpp-bulk,2026-05-31 21:45:41.784047+00:00,3200493,TİRE BİYOGAZ ELEKTRİK SANTRALİ,11135,2026-05-31T13:00:00+03:00,13:00
40W000003200493U,TİRE BİYOGAZ ELEKTRİK SANTRALİ,unknown,2026-05-31 14:00:00+03:00,,0.0,chunk_0039.json,POST /v1/generation/data/dpp-bulk,2026-05-31 21:45:41.784047+00:00,3200493,TİRE BİYOGAZ ELEKTRİK SANTRALİ,11135,2026-05-31T14:00:00+03:00,14:00
40W000003200493U,TİRE BİYOGAZ ELEKTRİK SANTRALİ,unknown,2026-05-31 15:00:00+03:00,,0.0,chunk_0039.json,POST /v1/generation/data/dpp-bulk,2026-05-31 21:45:41.784047+00:00,3200493,TİRE BİYOGAZ ELEKTRİK SANTRALİ,11135,2026-05-31T15:00:00+03:00,15:00
40W000003200493U,TİRE BİYOGAZ ELEKTRİK SANTRALİ,unknown,2026-05-31 16:00:00+03:00,,0.0,chunk_0039.json,POST /v1/generation/data/dpp-bulk,2026-05-31 21:45:41.784047+00:00,3200493,TİRE BİYOGAZ ELEKTRİK SANTRALİ,11135,2026-05-31T16:00:00+03:00,16:00
40W000003200493U,TİRE BİYOGAZ ELEKTRİK SANTRALİ,unknown,2026-05-31 17:00:00+03:00,,0.0,chunk_0039.json,POST /v1/generation/data/dpp-bulk,2026-05-31 21:45:41.784047+00:00,3200493,TİRE BİYOGAZ ELEKTRİK SANTRALİ,11135,2026-05-31T17:00:00+03:00,17:00
40W000003200493U,TİRE BİYOGAZ ELEKTRİK SANTRALİ,unknown,2026-05-31 18:00:00+03:00,,0.0,chunk_0039.json,POST /v1/generation/data/dpp-bulk,2026-05-31 21:45:41.784047+00:00,3200493,TİRE BİYOGAZ ELEKTRİK SANTRALİ,11135,2026-05-31T18:00:00+03:00,18:00
40W000003200493U,TİRE BİYOGAZ ELEKTRİK SANTRALİ,unknown,2026-05-31 19:00:00+03:00,,0.0,chunk_0039.json,POST /v1/generation/data/dpp-bulk,2026-05-31 21:45:41.784047+00:00,3200493,TİRE BİYOGAZ ELEKTRİK SANTRALİ,11135,2026-05-31T19:00:00+03:00,19:00
40W000003200493U,TİRE BİYOGAZ ELEKTRİK SANTRALİ,unknown,2026-05-31 20:00:00+03:00,,0.0,chunk_0039.json,POST /v1/generation/data/dpp-bulk,2026-05-31 21:45:41.784047+00:00,3200493,TİRE BİYOGAZ ELEKTRİK SANTRALİ,11135,2026-05-31T20:00:00+03:00,20:00
40W000003200493U,TİRE BİYOGAZ ELEKTRİK SANTRALİ,unknown,2026-05-31 21:00:00+03:00,,0.0,chunk_0039.json,POST /v1/generation/data/dpp-bulk,2026-05-31 21:45:41.784047+00:00,3200493,TİRE BİYOGAZ ELEKTRİK SANTRALİ,11135,2026-05-31T21:00:00+03:00,21:00
40W000003200493U,TİRE BİYOGAZ ELEKTRİK SANTRALİ,unknown,2026-05-31 22:00:00+03:00,,0.0,chunk_0039.json,POST /v1/generation/data/dpp-bulk,2026-05-31 21:45:41.784047+00:00,3200493,TİRE BİYOGAZ ELEKTRİK SANTRALİ,11135,2026-05-31T22:00:00+03:00,22:00
40W000003200493U,TİRE BİYOGAZ ELEKTRİK SANTRALİ,unknown,2026-05-31 23:00:00+03:00,,0.0,chunk_0039.json,POST /v1/generation/data/dpp-bulk,2026-05-31 21:45:41.784047+00:00,3200493,TİRE BİYOGAZ ELEKTRİK SANTRALİ,11135,2026-05-31T23:00:00+03:00,23:00
40W0000032005531,VESMEC KIRK-KAB1 ÇÖP BİY. SANT.,unknown,2026-05-31 00:00:00+03:00,,1.0,chunk_0039.json,POST /v1/generation/data/dpp-bulk,2026-05-31 21:45:41.784047+00:00,3200553,VESMEC KIRK-KAB1 ÇÖP BİY. SANT.,11214,2026-05-31T00:00:00+03:00,00:00
40W0000032005531,VESMEC KIRK-KAB1 ÇÖP BİY. SANT.,unknown,2026-05-31 01:00:00+03:00,,1.0,chunk_0039.json,POST /v1/generation/data/dpp-bulk,2026-05-31 21:45:41.784047+00:00,3200553,VESMEC KIRK-KAB1 ÇÖP BİY. SANT.,11214,2026-05-31T01:00:00+03:00,01:00
40W0000032005531,VESMEC KIRK-KAB1 ÇÖP BİY. SANT.,unknown,2026-05-31 02:00:00+03:00,,1.0,chunk_0039.json,POST /v1/generation/data/dpp-bulk,2026-05-31 21:45:41.784047+00:00,3200553,VESMEC KIRK-KAB1 ÇÖP BİY. SANT.,11214,2026-05-31T02:00:00+03:00,02:00
40W0000032005531,VESMEC KIRK-KAB1 ÇÖP BİY. SANT.,unknown,2026-05-31 03:00:00+03:00,,1.0,chunk_0039.json,POST /v1/generation/data/dpp-bulk,2026-05-31 21:45:41.784047+00:00,3200553,VESMEC KIRK-KAB1 ÇÖP BİY. SANT.,11214,2026-05-31T03:00:00+03:00,03:00
40W0000032005531,VESMEC KIRK-KAB1 ÇÖP BİY. SANT.,unknown,2026-05-31 04:00:00+03:00,,1.0,chunk_0039.json,POST /v1/generation/data/dpp-bulk,2026-05-31 21:45:41.784047+00:00,3200553,VESMEC KIRK-KAB1 ÇÖP BİY. SANT.,11214,2026-05-31T04:00:00+03:00,04:00
40W0000032005531,VESMEC KIRK-KAB1 ÇÖP BİY. SANT.,unknown,2026-05-31 05:00:00+03:00,,1.0,chunk_0039.json,POST /v1/generation/data/dpp-bulk,2026-05-31 21:45:41.784047+00:00,3200553,VESMEC KIRK-KAB1 ÇÖP BİY. SANT.,11214,2026-05-31T05:00:00+03:00,05:00
40W0000032005531,VESMEC KIRK-KAB1 ÇÖP BİY. SANT.,unknown,2026-05-31 06:00:00+03:00,,1.0,chunk_0039.json,POST /v1/generation/data/dpp-bulk,2026-05-31 21:45:41.784047+00:00,3200553,VESMEC KIRK-KAB1 ÇÖP BİY. SANT.,11214,2026-05-31T06:00:00+03:00,06:00
40W0000032005531,VESMEC KIRK-KAB1 ÇÖP BİY. SANT.,unknown,2026-05-31 07:00:00+03:00,,1.0,chunk_0039.json,POST /v1/generation/data/dpp-bulk,2026-05-31 21:45:41.784047+00:00,3200553,VESMEC KIRK-KAB1 ÇÖP BİY. SANT.,11214,2026-05-31T07:00:00+03:00,07:00
40W0000032005531,VESMEC KIRK-KAB1 ÇÖP BİY. SANT.,unknown,2026-05-31 08:00:00+03:00,,1.0,chunk_0039.json,POST /v1/generation/data/dpp-bulk,2026-05-31 21:45:41.784047+00:00,3200553,VESMEC KIRK-KAB1 ÇÖP BİY. SANT.,11214,2026-05-31T08:00:00+03:00,08:00
40W0000032005531,VESMEC KIRK-KAB1 ÇÖP BİY. SANT.,unknown,2026-05-31 09:00:00+03:00,,1.0,chunk_0039.json,POST /v1/generation/data/dpp-bulk,2026-05-31 21:45:41.784047+00:00,3200553,VESMEC KIRK-KAB1 ÇÖP BİY. SANT.,11214,2026-05-31T09:00:00+03:00,09:00
40W0000032005531,VESMEC KIRK-KAB1 ÇÖP BİY. SANT.,unknown,2026-05-31 10:00:00+03:00,,1.0,chunk_0039.json,POST /v1/generation/data/dpp-bulk,2026-05-31 21:45:41.784047+00:00,3200553,VESMEC KIRK-KAB1 ÇÖP BİY. SANT.,11214,2026-05-31T10:00:00+03:00,10:00
40W0000032005531,VESMEC KIRK-KAB1 ÇÖP BİY. SANT.,unknown,2026-05-31 11:00:00+03:00,,1.0,chunk_0039.json,POST /v1/generation/data/dpp-bulk,2026-05-31 21:45:41.784047+00:00,3200553,VESMEC KIRK-KAB1 ÇÖP BİY. SANT.,11214,2026-05-31T11:00:00+03:00,11:00
40W0000032005531,VESMEC KIRK-KAB1 ÇÖP BİY. SANT.,unknown,2026-05-31 12:00:00+03:00,,1.0,chunk_0039.json,POST /v1/generation/data/dpp-bulk,2026-05-31 21:45:41.784047+00:00,3200553,VESMEC KIRK-KAB1 ÇÖP BİY. SANT.,11214,2026-05-31T12:00:00+03:00,12:00
40W0000032005531,VESMEC KIRK-KAB1 ÇÖP BİY. SANT.,unknown,2026-05-31 13:00:00+03:00,,1.0,chunk_0039.json,POST /v1/generation/data/dpp-bulk,2026-05-31 21:45:41.784047+00:00,3200553,VESMEC KIRK-KAB1 ÇÖP BİY. SANT.,11214,2026-05-31T13:00:00+03:00,13:00
40W0000032005531,VESMEC KIRK-KAB1 ÇÖP BİY. SANT.,unknown,2026-05-31 14:00:00+03:00,,1.0,chunk_0039.json,POST /v1/generation/data/dpp-bulk,2026-05-31 21:45:41.784047+00:00,3200553,VESMEC KIRK-KAB1 ÇÖP BİY. SANT.,11214,2026-05-31T14:00:00+03:00,14:00
40W0000032005531,VESMEC KIRK-KAB1 ÇÖP BİY. SANT.,unknown,2026-05-31 15:00:00+03:00,,1.0,chunk_0039.json,POST /v1/generation/data/dpp-bulk,2026-05-31 21:45:41.784047+00:00,3200553,VESMEC KIRK-KAB1 ÇÖP BİY. SANT.,11214,2026-05-31T15:00:00+03:00,15:00
40W0000032005531,VESMEC KIRK-KAB1 ÇÖP BİY. SANT.,unknown,2026-05-31 16:00:00+03:00,,1.0,chunk_0039.json,POST /v1/generation/data/dpp-bulk,2026-05-31 21:45:41.784047+00:00,3200553,VESMEC KIRK-KAB1 ÇÖP BİY. SANT.,11214,2026-05-31T16:00:00+03:00,16:00
40W0000032005531,VESMEC KIRK-KAB1 ÇÖP BİY. SANT.,unknown,2026-05-31 17:00:00+03:00,,1.0,chunk_0039.json,POST /v1/generation/data/dpp-bulk,2026-05-31 21:45:41.784047+00:00,3200553,VESMEC KIRK-KAB1 ÇÖP BİY. SANT.,11214,2026-05-31T17:00:00+03:00,17:00
40W0000032005531,VESMEC KIRK-KAB1 ÇÖP BİY. SANT.,unknown,2026-05-31 18:00:00+03:00,,1.0,chunk_0039.json,POST /v1/generation/data/dpp-bulk,2026-05-31 21:45:41.784047+00:00,3200553,VESMEC KIRK-KAB1 ÇÖP BİY. SANT.,11214,2026-05-31T18:00:00+03:00,18:00
40W0000032005531,VESMEC KIRK-KAB1 ÇÖP BİY. SANT.,unknown,2026-05-31 19:00:00+03:00,,1.0,chunk_0039.json,POST /v1/generation/data/dpp-bulk,2026-05-31 21:45:41.784047+00:00,3200553,VESMEC KIRK-KAB1 ÇÖP BİY. SANT.,11214,2026-05-31T19:00:00+03:00,19:00
40W0000032005531,VESMEC KIRK-KAB1 ÇÖP BİY. SANT.,unknown,2026-05-31 20:00:00+03:00,,1.0,chunk_0039.json,POST /v1/generation/data/dpp-bulk,2026-05-31 21:45:41.784047+00:00,3200553,VESMEC KIRK-KAB1 ÇÖP BİY. SANT.,11214,2026-05-31T20:00:00+03:00,20:00
40W0000032005531,VESMEC KIRK-KAB1 ÇÖP BİY. SANT.,unknown,2026-05-31 21:00:00+03:00,,1.0,chunk_0039.json,POST /v1/generation/data/dpp-bulk,2026-05-31 21:45:41.784047+00:00,3200553,VESMEC KIRK-KAB1 ÇÖP BİY. SANT.,11214,2026-05-31T21:00:00+03:00,21:00
40W0000032005531,VESMEC KIRK-KAB1 ÇÖP BİY. SANT.,unknown,2026-05-31 22:00:00+03:00,,1.0,chunk_0039.json,POST /v1/generation/data/dpp-bulk,2026-05-31 21:45:41.784047+00:00,3200553,VESMEC KIRK-KAB1 ÇÖP BİY. SANT.,11214,2026-05-31T22:00:00+03:00,22:00
40W0000032005531,VESMEC KIRK-KAB1 ÇÖP BİY. SANT.,unknown,2026-05-31 23:00:00+03:00,,1.0,chunk_0039.json,POST /v1/generation/data/dpp-bulk,2026-05-31 21:45:41.784047+00:00,3200553,VESMEC KIRK-KAB1 ÇÖP BİY. SANT.,11214,2026-05-31T23:00:00+03:00,23:00
40W000003200465Z,DELİCE-1 HES,unknown,2026-05-31 00:00:00+03:00,,6.2,chunk_0039.json,POST /v1/generation/data/dpp-bulk,2026-05-31 21:45:41.784047+00:00,3200465,DELİCE-1 HES,11233,2026-05-31T00:00:00+03:00,00:00
40W000003200465Z,DELİCE-1 HES,unknown,2026-05-31 01:00:00+03:00,,6.2,chunk_0039.json,POST /v1/generation/data/dpp-bulk,2026-05-31 21:45:41.784047+00:00,3200465,DELİCE-1 HES,11233,2026-05-31T01:00:00+03:00,01:00
40W000003200465Z,DELİCE-1 HES,unknown,2026-05-31 02:00:00+03:00,,6.2,chunk_0039.json,POST /v1/generation/data/dpp-bulk,2026-05-31 21:45:41.784047+00:00,3200465,DELİCE-1 HES,11233,2026-05-31T02:00:00+03:00,02:00
40W000003200465Z,DELİCE-1 HES,unknown,2026-05-31 03:00:00+03:00,,6.2,chunk_0039.json,POST /v1/generation/data/dpp-bulk,2026-05-31 21:45:41.784047+00:00,3200465,DELİCE-1 HES,11233,2026-05-31T03:00:00+03:00,03:00
40W000003200465Z,DELİCE-1 HES,unknown,2026-05-31 04:00:00+03:00,,6.2,chunk_0039.json,POST /v1/generation/data/dpp-bulk,2026-05-31 21:45:41.784047+00:00,3200465,DELİCE-1 HES,11233,2026-05-31T04:00:00+03:00,04:00
40W000003200465Z,DELİCE-1 HES,unknown,2026-05-31 05:00:00+03:00,,6.2,chunk_0039.json,POST /v1/generation/data/dpp-bulk,2026-05-31 21:45:41.784047+00:00,3200465,DELİCE-1 HES,11233,2026-05-31T05:00:00+03:00,05:00
40W000003200465Z,DELİCE-1 HES,unknown,2026-05-31 06:00:00+03:00,,6.2,chunk_0039.json,POST /v1/generation/data/dpp-bulk,2026-05-31 21:45:41.784047+00:00,3200465,DELİCE-1 HES,11233,2026-05-31T06:00:00+03:00,06:00
40W000003200465Z,DELİCE-1 HES,unknown,2026-05-31 07:00:00+03:00,,6.2,chunk_0039.json,POST /v1/generation/data/dpp-bulk,2026-05-31 21:45:41.784047+00:00,3200465,DELİCE-1 HES,11233,2026-05-31T07:00:00+03:00,07:00
40W000003200465Z,DELİCE-1 HES,unknown,2026-05-31 08:00:00+03:00,,6.2,chunk_0039.json,POST /v1/generation/data/dpp-bulk,2026-05-31 21:45:41.784047+00:00,3200465,DELİCE-1 HES,11233,2026-05-31T08:00:00+03:00,08:00
40W000003200465Z,DELİCE-1 HES,unknown,2026-05-31 09:00:00+03:00,,6.2,chunk_0039.json,POST /v1/generation/data/dpp-bulk,2026-05-31 21:45:41.784047+00:00,3200465,DELİCE-1 HES,11233,2026-05-31T09:00:00+03:00,09:00
40W000003200465Z,DELİCE-1 HES,unknown,2026-05-31 10:00:00+03:00,,6.2,chunk_0039.json,POST /v1/generation/data/dpp-bulk,2026-05-31 21:45:41.784047+00:00,3200465,DELİCE-1 HES,11233,2026-05-31T10:00:00+03:00,10:00
40W000003200465Z,DELİCE-1 HES,unknown,2026-05-31 11:00:00+03:00,,6.2,chunk_0039.json,POST /v1/generation/data/dpp-bulk,2026-05-31 21:45:41.784047+00:00,3200465,DELİCE-1 HES,11233,2026-05-31T11:00:00+03:00,11:00
40W000003200465Z,DELİCE-1 HES,unknown,2026-05-31 12:00:00+03:00,,6.2,chunk_0039.json,POST /v1/generation/data/dpp-bulk,2026-05-31 21:45:41.784047+00:00,3200465,DELİCE-1 HES,11233,2026-05-31T12:00:00+03:00,12:00
40W000003200465Z,DELİCE-1 HES,unknown,2026-05-31 13:00:00+03:00,,6.2,chunk_0039.json,POST /v1/generation/data/dpp-bulk,2026-05-31 21:45:41.784047+00:00,3200465,DELİCE-1 HES,11233,2026-05-31T13:00:00+03:00,13:00
40W000003200465Z,DELİCE-1 HES,unknown,2026-05-31 14:00:00+03:00,,6.2,chunk_0039.json,POST /v1/generation/data/dpp-bulk,2026-05-31 21:45:41.784047+00:00,3200465,DELİCE-1 HES,11233,2026-05-31T14:00:00+03:00,14:00
40W000003200465Z,DELİCE-1 HES,unknown,2026-05-31 15:00:00+03:00,,6.2,chunk_0039.json,POST /v1/generation/data/dpp-bulk,2026-05-31 21:45:41.784047+00:00,3200465,DELİCE-1 HES,11233,2026-05-31T15:00:00+03:00,15:00
40W000003200465Z,DELİCE-1 HES,unknown,2026-05-31 16:00:00+03:00,,6.2,chunk_0039.json,POST /v1/generation/data/dpp-bulk,2026-05-31 21:45:41.784047+00:00,3200465,DELİCE-1 HES,11233,2026-05-31T16:00:00+03:00,16:00
40W000003200465Z,DELİCE-1 HES,unknown,2026-05-31 17:00:00+03:00,,6.2,chunk_0039.json,POST /v1/generation/data/dpp-bulk,2026-05-31 21:45:41.784047+00:00,3200465,DELİCE-1 HES,11233,2026-05-31T17:00:00+03:00,17:00
40W000003200465Z,DELİCE-1 HES,unknown,2026-05-31 18:00:00+03:00,,6.2,chunk_0039.json,POST /v1/generation/data/dpp-bulk,2026-05-31 21:45:41.784047+00:00,3200465,DELİCE-1 HES,11233,2026-05-31T18:00:00+03:00,18:00
40W000003200465Z,DELİCE-1 HES,unknown,2026-05-31 19:00:00+03:00,,6.2,chunk_0039.json,POST /v1/generation/data/dpp-bulk,2026-05-31 21:45:41.784047+00:00,3200465,DELİCE-1 HES,11233,2026-05-31T19:00:00+03:00,19:00
40W000003200465Z,DELİCE-1 HES,unknown,2026-05-31 20:00:00+03:00,,6.2,chunk_0039.json,POST /v1/generation/data/dpp-bulk,2026-05-31 21:45:41.784047+00:00,3200465,DELİCE-1 HES,11233,2026-05-31T20:00:00+03:00,20:00
40W000003200465Z,DELİCE-1 HES,unknown,2026-05-31 21:00:00+03:00,,6.2,chunk_0039.json,POST /v1/generation/data/dpp-bulk,2026-05-31 21:45:41.784047+00:00,3200465,DELİCE-1 HES,11233,2026-05-31T21:00:00+03:00,21:00
40W000003200465Z,DELİCE-1 HES,unknown,2026-05-31 22:00:00+03:00,,6.2,chunk_0039.json,POST /v1/generation/data/dpp-bulk,2026-05-31 21:45:41.784047+00:00,3200465,DELİCE-1 HES,11233,2026-05-31T22:00:00+03:00,22:00
40W000003200465Z,DELİCE-1 HES,unknown,2026-05-31 23:00:00+03:00,,6.2,chunk_0039.json,POST /v1/generation/data/dpp-bulk,2026-05-31 21:45:41.784047+00:00,3200465,DELİCE-1 HES,11233,2026-05-31T23:00:00+03:00,23:00
40W000003200494S,MAVİBAYRAK-1BİYOKÜTLE ENERJİ SANTRALİ,unknown,2026-05-31 00:00:00+03:00,,10.5,chunk_0039.json,POST /v1/generation/data/dpp-bulk,2026-05-31 21:45:41.784047+00:00,3200494,MAVİBAYRAK-1BİYOKÜTLE ENERJİ SANTRALİ,11234,2026-05-31T00:00:00+03:00,00:00
40W000003200494S,MAVİBAYRAK-1BİYOKÜTLE ENERJİ SANTRALİ,unknown,2026-05-31 01:00:00+03:00,,10.5,chunk_0039.json,POST /v1/generation/data/dpp-bulk,2026-05-31 21:45:41.784047+00:00,3200494,MAVİBAYRAK-1BİYOKÜTLE ENERJİ SANTRALİ,11234,2026-05-31T01:00:00+03:00,01:00
40W000003200494S,MAVİBAYRAK-1BİYOKÜTLE ENERJİ SANTRALİ,unknown,2026-05-31 02:00:00+03:00,,10.5,chunk_0039.json,POST /v1/generation/data/dpp-bulk,2026-05-31 21:45:41.784047+00:00,3200494,MAVİBAYRAK-1BİYOKÜTLE ENERJİ SANTRALİ,11234,2026-05-31T02:00:00+03:00,02:00
40W000003200494S,MAVİBAYRAK-1BİYOKÜTLE ENERJİ SANTRALİ,unknown,2026-05-31 03:00:00+03:00,,10.5,chunk_0039.json,POST /v1/generation/data/dpp-bulk,2026-05-31 21:45:41.784047+00:00,3200494,MAVİBAYRAK-1BİYOKÜTLE ENERJİ SANTRALİ,11234,2026-05-31T03:00:00+03:00,03:00
40W000003200494S,MAVİBAYRAK-1BİYOKÜTLE ENERJİ SANTRALİ,unknown,2026-05-31 04:00:00+03:00,,10.5,chunk_0039.json,POST /v1/generation/data/dpp-bulk,2026-05-31 21:45:41.784047+00:00,3200494,MAVİBAYRAK-1BİYOKÜTLE ENERJİ SANTRALİ,11234,2026-05-31T04:00:00+03:00,04:00
40W000003200494S,MAVİBAYRAK-1BİYOKÜTLE ENERJİ SANTRALİ,unknown,2026-05-31 05:00:00+03:00,,10.5,chunk_0039.json,POST /v1/generation/data/dpp-bulk,2026-05-31 21:45:41.784047+00:00,3200494,MAVİBAYRAK-1BİYOKÜTLE ENERJİ SANTRALİ,11234,2026-05-31T05:00:00+03:00,05:00
40W000003200494S,MAVİBAYRAK-1BİYOKÜTLE ENERJİ SANTRALİ,unknown,2026-05-31 06:00:00+03:00,,10.5,chunk_0039.json,POST /v1/generation/data/dpp-bulk,2026-05-31 21:45:41.784047+00:00,3200494,MAVİBAYRAK-1BİYOKÜTLE ENERJİ SANTRALİ,11234,2026-05-31T06:00:00+03:00,06:00
40W000003200494S,MAVİBAYRAK-1BİYOKÜTLE ENERJİ SANTRALİ,unknown,2026-05-31 07:00:00+03:00,,10.5,chunk_0039.json,POST /v1/generation/data/dpp-bulk,2026-05-31 21:45:41.784047+00:00,3200494,MAVİBAYRAK-1BİYOKÜTLE ENERJİ SANTRALİ,11234,2026-05-31T07:00:00+03:00,07:00
40W000003200494S,MAVİBAYRAK-1BİYOKÜTLE ENERJİ SANTRALİ,unknown,2026-05-31 08:00:00+03:00,,10.5,chunk_0039.json,POST /v1/generation/data/dpp-bulk,2026-05-31 21:45:41.784047+00:00,3200494,MAVİBAYRAK-1BİYOKÜTLE ENERJİ SANTRALİ,11234,2026-05-31T08:00:00+03:00,08:00
40W000003200494S,MAVİBAYRAK-1BİYOKÜTLE ENERJİ SANTRALİ,unknown,2026-05-31 09:00:00+03:00,,11.2,chunk_0039.json,POST /v1/generation/data/dpp-bulk,2026-05-31 21:45:41.784047+00:00,3200494,MAVİBAYRAK-1BİYOKÜTLE ENERJİ SANTRALİ,11234,2026-05-31T09:00:00+03:00,09:00
40W000003200494S,MAVİBAYRAK-1BİYOKÜTLE ENERJİ SANTRALİ,unknown,2026-05-31 10:00:00+03:00,,11.2,chunk_0039.json,POST /v1/generation/data/dpp-bulk,2026-05-31 21:45:41.784047+00:00,3200494,MAVİBAYRAK-1BİYOKÜTLE ENERJİ SANTRALİ,11234,2026-05-31T10:00:00+03:00,10:00
40W000003200494S,MAVİBAYRAK-1BİYOKÜTLE ENERJİ SANTRALİ,unknown,2026-05-31 11:00:00+03:00,,11.2,chunk_0039.json,POST /v1/generation/data/dpp-bulk,2026-05-31 21:45:41.784047+00:00,3200494,MAVİBAYRAK-1BİYOKÜTLE ENERJİ SANTRALİ,11234,2026-05-31T11:00:00+03:00,11:00
40W000003200494S,MAVİBAYRAK-1BİYOKÜTLE ENERJİ SANTRALİ,unknown,2026-05-31 12:00:00+03:00,,11.2,chunk_0039.json,POST /v1/generation/data/dpp-bulk,2026-05-31 21:45:41.784047+00:00,3200494,MAVİBAYRAK-1BİYOKÜTLE ENERJİ SANTRALİ,11234,2026-05-31T12:00:00+03:00,12:00
40W000003200494S,MAVİBAYRAK-1BİYOKÜTLE ENERJİ SANTRALİ,unknown,2026-05-31 13:00:00+03:00,,11.2,chunk_0039.json,POST /v1/generation/data/dpp-bulk,2026-05-31 21:45:41.784047+00:00,3200494,MAVİBAYRAK-1BİYOKÜTLE ENERJİ SANTRALİ,11234,2026-05-31T13:00:00+03:00,13:00
40W000003200494S,MAVİBAYRAK-1BİYOKÜTLE ENERJİ SANTRALİ,unknown,2026-05-31 14:00:00+03:00,,11.2,chunk_0039.json,POST /v1/generation/data/dpp-bulk,2026-05-31 21:45:41.784047+00:00,3200494,MAVİBAYRAK-1BİYOKÜTLE ENERJİ SANTRALİ,11234,2026-05-31T14:00:00+03:00,14:00
40W000003200494S,MAVİBAYRAK-1BİYOKÜTLE ENERJİ SANTRALİ,unknown,2026-05-31 15:00:00+03:00,,11.2,chunk_0039.json,POST /v1/generation/data/dpp-bulk,2026-05-31 21:45:41.784047+00:00,3200494,MAVİBAYRAK-1BİYOKÜTLE ENERJİ SANTRALİ,11234,2026-05-31T15:00:00+03:00,15:00
40W000003200494S,MAVİBAYRAK-1BİYOKÜTLE ENERJİ SANTRALİ,unknown,2026-05-31 16:00:00+03:00,,11.2,chunk_0039.json,POST /v1/generation/data/dpp-bulk,2026-05-31 21:45:41.784047+00:00,3200494,MAVİBAYRAK-1BİYOKÜTLE ENERJİ SANTRALİ,11234,2026-05-31T16:00:00+03:00,16:00
40W000003200494S,MAVİBAYRAK-1BİYOKÜTLE ENERJİ SANTRALİ,unknown,2026-05-31 17:00:00+03:00,,11.2,chunk_0039.json,POST /v1/generation/data/dpp-bulk,2026-05-31 21:45:41.784047+00:00,3200494,MAVİBAYRAK-1BİYOKÜTLE ENERJİ SANTRALİ,11234,2026-05-31T17:00:00+03:00,17:00
40W000003200494S,MAVİBAYRAK-1BİYOKÜTLE ENERJİ SANTRALİ,unknown,2026-05-31 18:00:00+03:00,,10.5,chunk_0039.json,POST /v1/generation/data/dpp-bulk,2026-05-31 21:45:41.784047+00:00,3200494,MAVİBAYRAK-1BİYOKÜTLE ENERJİ SANTRALİ,11234,2026-05-31T18:00:00+03:00,18:00
40W000003200494S,MAVİBAYRAK-1BİYOKÜTLE ENERJİ SANTRALİ,unknown,2026-05-31 19:00:00+03:00,,10.5,chunk_0039.json,POST /v1/generation/data/dpp-bulk,2026-05-31 21:45:41.784047+00:00,3200494,MAVİBAYRAK-1BİYOKÜTLE ENERJİ SANTRALİ,11234,2026-05-31T19:00:00+03:00,19:00
40W000003200494S,MAVİBAYRAK-1BİYOKÜTLE ENERJİ SANTRALİ,unknown,2026-05-31 20:00:00+03:00,,10.5,chunk_0039.json,POST /v1/generation/data/dpp-bulk,2026-05-31 21:45:41.784047+00:00,3200494,MAVİBAYRAK-1BİYOKÜTLE ENERJİ SANTRALİ,11234,2026-05-31T20:00:00+03:00,20:00
40W000003200494S,MAVİBAYRAK-1BİYOKÜTLE ENERJİ SANTRALİ,unknown,2026-05-31 21:00:00+03:00,,10.5,chunk_0039.json,POST /v1/generation/data/dpp-bulk,2026-05-31 21:45:41.784047+00:00,3200494,MAVİBAYRAK-1BİYOKÜTLE ENERJİ SANTRALİ,11234,2026-05-31T21:00:00+03:00,21:00
40W000003200494S,MAVİBAYRAK-1BİYOKÜTLE ENERJİ SANTRALİ,unknown,2026-05-31 22:00:00+03:00,,10.5,chunk_0039.json,POST /v1/generation/data/dpp-bulk,2026-05-31 21:45:41.784047+00:00,3200494,MAVİBAYRAK-1BİYOKÜTLE ENERJİ SANTRALİ,11234,2026-05-31T22:00:00+03:00,22:00
40W000003200494S,MAVİBAYRAK-1BİYOKÜTLE ENERJİ SANTRALİ,unknown,2026-05-31 23:00:00+03:00,,10.5,chunk_0039.json,POST /v1/generation/data/dpp-bulk,2026-05-31 21:45:41.784047+00:00,3200494,MAVİBAYRAK-1BİYOKÜTLE ENERJİ SANTRALİ,11234,2026-05-31T23:00:00+03:00,23:00
40W000003200569N,DARICA II HES(ORYA ENR.),unknown,2026-05-31 00:00:00+03:00,,74.2,chunk_0039.json,POST /v1/generation/data/dpp-bulk,2026-05-31 21:45:41.784047+00:00,3200569,DARICA II HES(ORYA ENR.),11253,2026-05-31T00:00:00+03:00,00:00
40W000003200569N,DARICA II HES(ORYA ENR.),unknown,2026-05-31 01:00:00+03:00,,74.2,chunk_0039.json,POST /v1/generation/data/dpp-bulk,2026-05-31 21:45:41.784047+00:00,3200569,DARICA II HES(ORYA ENR.),11253,2026-05-31T01:00:00+03:00,01:00
40W000003200569N,DARICA II HES(ORYA ENR.),unknown,2026-05-31 02:00:00+03:00,,74.2,chunk_0039.json,POST /v1/generation/data/dpp-bulk,2026-05-31 21:45:41.784047+00:00,3200569,DARICA II HES(ORYA ENR.),11253,2026-05-31T02:00:00+03:00,02:00
40W000003200569N,DARICA II HES(ORYA ENR.),unknown,2026-05-31 03:00:00+03:00,,66.7,chunk_0039.json,POST /v1/generation/data/dpp-bulk,2026-05-31 21:45:41.784047+00:00,3200569,DARICA II HES(ORYA ENR.),11253,2026-05-31T03:00:00+03:00,03:00
40W000003200569N,DARICA II HES(ORYA ENR.),unknown,2026-05-31 04:00:00+03:00,,66.7,chunk_0039.json,POST /v1/generation/data/dpp-bulk,2026-05-31 21:45:41.784047+00:00,3200569,DARICA II HES(ORYA ENR.),11253,2026-05-31T04:00:00+03:00,04:00
40W000003200569N,DARICA II HES(ORYA ENR.),unknown,2026-05-31 05:00:00+03:00,,66.7,chunk_0039.json,POST /v1/generation/data/dpp-bulk,2026-05-31 21:45:41.784047+00:00,3200569,DARICA II HES(ORYA ENR.),11253,2026-05-31T05:00:00+03:00,05:00
40W000003200569N,DARICA II HES(ORYA ENR.),unknown,2026-05-31 06:00:00+03:00,,66.7,chunk_0039.json,POST /v1/generation/data/dpp-bulk,2026-05-31 21:45:41.784047+00:00,3200569,DARICA II HES(ORYA ENR.),11253,2026-05-31T06:00:00+03:00,06:00
40W000003200569N,DARICA II HES(ORYA ENR.),unknown,2026-05-31 07:00:00+03:00,,52.8,chunk_0039.json,POST /v1/generation/data/dpp-bulk,2026-05-31 21:45:41.784047+00:00,3200569,DARICA II HES(ORYA ENR.),11253,2026-05-31T07:00:00+03:00,07:00
40W000003200569N,DARICA II HES(ORYA ENR.),unknown,2026-05-31 08:00:00+03:00,,41.8,chunk_0039.json,POST /v1/generation/data/dpp-bulk,2026-05-31 21:45:41.784047+00:00,3200569,DARICA II HES(ORYA ENR.),11253,2026-05-31T08:00:00+03:00,08:00
40W000003200569N,DARICA II HES(ORYA ENR.),unknown,2026-05-31 09:00:00+03:00,,36.0,chunk_0039.json,POST /v1/generation/data/dpp-bulk,2026-05-31 21:45:41.784047+00:00,3200569,DARICA II HES(ORYA ENR.),11253,2026-05-31T09:00:00+03:00,09:00
40W000003200569N,DARICA II HES(ORYA ENR.),unknown,2026-05-31 10:00:00+03:00,,34.9,chunk_0039.json,POST /v1/generation/data/dpp-bulk,2026-05-31 21:45:41.784047+00:00,3200569,DARICA II HES(ORYA ENR.),11253,2026-05-31T10:00:00+03:00,10:00
40W000003200569N,DARICA II HES(ORYA ENR.),unknown,2026-05-31 11:00:00+03:00,,35.7,chunk_0039.json,POST /v1/generation/data/dpp-bulk,2026-05-31 21:45:41.784047+00:00,3200569,DARICA II HES(ORYA ENR.),11253,2026-05-31T11:00:00+03:00,11:00
40W000003200569N,DARICA II HES(ORYA ENR.),unknown,2026-05-31 12:00:00+03:00,,36.0,chunk_0039.json,POST /v1/generation/data/dpp-bulk,2026-05-31 21:45:41.784047+00:00,3200569,DARICA II HES(ORYA ENR.),11253,2026-05-31T12:00:00+03:00,12:00
40W000003200569N,DARICA II HES(ORYA ENR.),unknown,2026-05-31 13:00:00+03:00,,37.5,chunk_0039.json,POST /v1/generation/data/dpp-bulk,2026-05-31 21:45:41.784047+00:00,3200569,DARICA II HES(ORYA ENR.),11253,2026-05-31T13:00:00+03:00,13:00
40W000003200569N,DARICA II HES(ORYA ENR.),unknown,2026-05-31 14:00:00+03:00,,38.7,chunk_0039.json,POST /v1/generation/data/dpp-bulk,2026-05-31 21:45:41.784047+00:00,3200569,DARICA II HES(ORYA ENR.),11253,2026-05-31T14:00:00+03:00,14:00
40W000003200569N,DARICA II HES(ORYA ENR.),unknown,2026-05-31 15:00:00+03:00,,41.4,chunk_0039.json,POST /v1/generation/data/dpp-bulk,2026-05-31 21:45:41.784047+00:00,3200569,DARICA II HES(ORYA ENR.),11253,2026-05-31T15:00:00+03:00,15:00
40W000003200569N,DARICA II HES(ORYA ENR.),unknown,2026-05-31 16:00:00+03:00,,48.0,chunk_0039.json,POST /v1/generation/data/dpp-bulk,2026-05-31 21:45:41.784047+00:00,3200569,DARICA II HES(ORYA ENR.),11253,2026-05-31T16:00:00+03:00,16:00
40W000003200569N,DARICA II HES(ORYA ENR.),unknown,2026-05-31 17:00:00+03:00,,66.7,chunk_0039.json,POST /v1/generation/data/dpp-bulk,2026-05-31 21:45:41.784047+00:00,3200569,DARICA II HES(ORYA ENR.),11253,2026-05-31T17:00:00+03:00,17:00
40W000003200569N,DARICA II HES(ORYA ENR.),unknown,2026-05-31 18:00:00+03:00,,66.7,chunk_0039.json,POST /v1/generation/data/dpp-bulk,2026-05-31 21:45:41.784047+00:00,3200569,DARICA II HES(ORYA ENR.),11253,2026-05-31T18:00:00+03:00,18:00
40W000003200569N,DARICA II HES(ORYA ENR.),unknown,2026-05-31 19:00:00+03:00,,66.7,chunk_0039.json,POST /v1/generation/data/dpp-bulk,2026-05-31 21:45:41.784047+00:00,3200569,DARICA II HES(ORYA ENR.),11253,2026-05-31T19:00:00+03:00,19:00
40W000003200569N,DARICA II HES(ORYA ENR.),unknown,2026-05-31 20:00:00+03:00,,66.7,chunk_0039.json,POST /v1/generation/data/dpp-bulk,2026-05-31 21:45:41.784047+00:00,3200569,DARICA II HES(ORYA ENR.),11253,2026-05-31T20:00:00+03:00,20:00
40W000003200569N,DARICA II HES(ORYA ENR.),unknown,2026-05-31 21:00:00+03:00,,74.2,chunk_0039.json,POST /v1/generation/data/dpp-bulk,2026-05-31 21:45:41.784047+00:00,3200569,DARICA II HES(ORYA ENR.),11253,2026-05-31T21:00:00+03:00,21:00
40W000003200569N,DARICA II HES(ORYA ENR.),unknown,2026-05-31 22:00:00+03:00,,74.2,chunk_0039.json,POST /v1/generation/data/dpp-bulk,2026-05-31 21:45:41.784047+00:00,3200569,DARICA II HES(ORYA ENR.),11253,2026-05-31T22:00:00+03:00,22:00
40W000003200569N,DARICA II HES(ORYA ENR.),unknown,2026-05-31 23:00:00+03:00,,74.2,chunk_0039.json,POST /v1/generation/data/dpp-bulk,2026-05-31 21:45:41.784047+00:00,3200569,DARICA II HES(ORYA ENR.),11253,2026-05-31T23:00:00+03:00,23:00
40W0000032006333,YAPILCANLAR2 BES,unknown,2026-05-31 00:00:00+03:00,,0.0,chunk_0039.json,POST /v1/generation/data/dpp-bulk,2026-05-31 21:45:41.784047+00:00,3200633,YAPILCANLAR2 BES,11259,2026-05-31T00:00:00+03:00,00:00
40W0000032006333,YAPILCANLAR2 BES,unknown,2026-05-31 01:00:00+03:00,,0.0,chunk_0039.json,POST /v1/generation/data/dpp-bulk,2026-05-31 21:45:41.784047+00:00,3200633,YAPILCANLAR2 BES,11259,2026-05-31T01:00:00+03:00,01:00
40W0000032006333,YAPILCANLAR2 BES,unknown,2026-05-31 02:00:00+03:00,,0.0,chunk_0039.json,POST /v1/generation/data/dpp-bulk,2026-05-31 21:45:41.784047+00:00,3200633,YAPILCANLAR2 BES,11259,2026-05-31T02:00:00+03:00,02:00
40W0000032006333,YAPILCANLAR2 BES,unknown,2026-05-31 03:00:00+03:00,,0.0,chunk_0039.json,POST /v1/generation/data/dpp-bulk,2026-05-31 21:45:41.784047+00:00,3200633,YAPILCANLAR2 BES,11259,2026-05-31T03:00:00+03:00,03:00
40W0000032006333,YAPILCANLAR2 BES,unknown,2026-05-31 04:00:00+03:00,,0.0,chunk_0039.json,POST /v1/generation/data/dpp-bulk,2026-05-31 21:45:41.784047+00:00,3200633,YAPILCANLAR2 BES,11259,2026-05-31T04:00:00+03:00,04:00
40W0000032006333,YAPILCANLAR2 BES,unknown,2026-05-31 05:00:00+03:00,,0.0,chunk_0039.json,POST /v1/generation/data/dpp-bulk,2026-05-31 21:45:41.784047+00:00,3200633,YAPILCANLAR2 BES,11259,2026-05-31T05:00:00+03:00,05:00
40W0000032006333,YAPILCANLAR2 BES,unknown,2026-05-31 06:00:00+03:00,,0.0,chunk_0039.json,POST /v1/generation/data/dpp-bulk,2026-05-31 21:45:41.784047+00:00,3200633,YAPILCANLAR2 BES,11259,2026-05-31T06:00:00+03:00,06:00
40W0000032006333,YAPILCANLAR2 BES,unknown,2026-05-31 07:00:00+03:00,,0.0,chunk_0039.json,POST /v1/generation/data/dpp-bulk,2026-05-31 21:45:41.784047+00:00,3200633,YAPILCANLAR2 BES,11259,2026-05-31T07:00:00+03:00,07:00
40W0000032006333,YAPILCANLAR2 BES,unknown,2026-05-31 08:00:00+03:00,,0.0,chunk_0039.json,POST /v1/generation/data/dpp-bulk,2026-05-31 21:45:41.784047+00:00,3200633,YAPILCANLAR2 BES,11259,2026-05-31T08:00:00+03:00,08:00
40W0000032006333,YAPILCANLAR2 BES,unknown,2026-05-31 09:00:00+03:00,,0.0,chunk_0039.json,POST /v1/generation/data/dpp-bulk,2026-05-31 21:45:41.784047+00:00,3200633,YAPILCANLAR2 BES,11259,2026-05-31T09:00:00+03:00,09:00
40W0000032006333,YAPILCANLAR2 BES,unknown,2026-05-31 10:00:00+03:00,,0.0,chunk_0039.json,POST /v1/generation/data/dpp-bulk,2026-05-31 21:45:41.784047+00:00,3200633,YAPILCANLAR2 BES,11259,2026-05-31T10:00:00+03:00,10:00
40W0000032006333,YAPILCANLAR2 BES,unknown,2026-05-31 11:00:00+03:00,,0.0,chunk_0039.json,POST /v1/generation/data/dpp-bulk,2026-05-31 21:45:41.784047+00:00,3200633,YAPILCANLAR2 BES,11259,2026-05-31T11:00:00+03:00,11:00
40W0000032006333,YAPILCANLAR2 BES,unknown,2026-05-31 12:00:00+03:00,,0.0,chunk_0039.json,POST /v1/generation/data/dpp-bulk,2026-05-31 21:45:41.784047+00:00,3200633,YAPILCANLAR2 BES,11259,2026-05-31T12:00:00+03:00,12:00
40W0000032006333,YAPILCANLAR2 BES,unknown,2026-05-31 13:00:00+03:00,,0.0,chunk_0039.json,POST /v1/generation/data/dpp-bulk,2026-05-31 21:45:41.784047+00:00,3200633,YAPILCANLAR2 BES,11259,2026-05-31T13:00:00+03:00,13:00
40W0000032006333,YAPILCANLAR2 BES,unknown,2026-05-31 14:00:00+03:00,,0.0,chunk_0039.json,POST /v1/generation/data/dpp-bulk,2026-05-31 21:45:41.784047+00:00,3200633,YAPILCANLAR2 BES,11259,2026-05-31T14:00:00+03:00,14:00
40W0000032006333,YAPILCANLAR2 BES,unknown,2026-05-31 15:00:00+03:00,,0.0,chunk_0039.json,POST /v1/generation/data/dpp-bulk,2026-05-31 21:45:41.784047+00:00,3200633,YAPILCANLAR2 BES,11259,2026-05-31T15:00:00+03:00,15:00
40W0000032006333,YAPILCANLAR2 BES,unknown,2026-05-31 16:00:00+03:00,,0.0,chunk_0039.json,POST /v1/generation/data/dpp-bulk,2026-05-31 21:45:41.784047+00:00,3200633,YAPILCANLAR2 BES,11259,2026-05-31T16:00:00+03:00,16:00
40W0000032006333,YAPILCANLAR2 BES,unknown,2026-05-31 17:00:00+03:00,,0.0,chunk_0039.json,POST /v1/generation/data/dpp-bulk,2026-05-31 21:45:41.784047+00:00,3200633,YAPILCANLAR2 BES,11259,2026-05-31T17:00:00+03:00,17:00
40W0000032006333,YAPILCANLAR2 BES,unknown,2026-05-31 18:00:00+03:00,,0.0,chunk_0039.json,POST /v1/generation/data/dpp-bulk,2026-05-31 21:45:41.784047+00:00,3200633,YAPILCANLAR2 BES,11259,2026-05-31T18:00:00+03:00,18:00
40W0000032006333,YAPILCANLAR2 BES,unknown,2026-05-31 19:00:00+03:00,,0.0,chunk_0039.json,POST /v1/generation/data/dpp-bulk,2026-05-31 21:45:41.784047+00:00,3200633,YAPILCANLAR2 BES,11259,2026-05-31T19:00:00+03:00,19:00
40W0000032006333,YAPILCANLAR2 BES,unknown,2026-05-31 20:00:00+03:00,,0.0,chunk_0039.json,POST /v1/generation/data/dpp-bulk,2026-05-31 21:45:41.784047+00:00,3200633,YAPILCANLAR2 BES,11259,2026-05-31T20:00:00+03:00,20:00
40W0000032006333,YAPILCANLAR2 BES,unknown,2026-05-31 21:00:00+03:00,,0.0,chunk_0039.json,POST /v1/generation/data/dpp-bulk,2026-05-31 21:45:41.784047+00:00,3200633,YAPILCANLAR2 BES,11259,2026-05-31T21:00:00+03:00,21:00
40W0000032006333,YAPILCANLAR2 BES,unknown,2026-05-31 22:00:00+03:00,,0.0,chunk_0039.json,POST /v1/generation/data/dpp-bulk,2026-05-31 21:45:41.784047+00:00,3200633,YAPILCANLAR2 BES,11259,2026-05-31T22:00:00+03:00,22:00
40W0000032006333,YAPILCANLAR2 BES,unknown,2026-05-31 23:00:00+03:00,,0.0,chunk_0039.json,POST /v1/generation/data/dpp-bulk,2026-05-31 21:45:41.784047+00:00,3200633,YAPILCANLAR2 BES,11259,2026-05-31T23:00:00+03:00,23:00
40W000003200589H,ÇORUM MECİTÖZÜ BES,unknown,2026-05-31 00:00:00+03:00,,0.0,chunk_0039.json,POST /v1/generation/data/dpp-bulk,2026-05-31 21:45:41.784047+00:00,3200589,ÇORUM MECİTÖZÜ BES,11262,2026-05-31T00:00:00+03:00,00:00
40W000003200589H,ÇORUM MECİTÖZÜ BES,unknown,2026-05-31 01:00:00+03:00,,0.0,chunk_0039.json,POST /v1/generation/data/dpp-bulk,2026-05-31 21:45:41.784047+00:00,3200589,ÇORUM MECİTÖZÜ BES,11262,2026-05-31T01:00:00+03:00,01:00
40W000003200589H,ÇORUM MECİTÖZÜ BES,unknown,2026-05-31 02:00:00+03:00,,0.0,chunk_0039.json,POST /v1/generation/data/dpp-bulk,2026-05-31 21:45:41.784047+00:00,3200589,ÇORUM MECİTÖZÜ BES,11262,2026-05-31T02:00:00+03:00,02:00
40W000003200589H,ÇORUM MECİTÖZÜ BES,unknown,2026-05-31 03:00:00+03:00,,0.0,chunk_0039.json,POST /v1/generation/data/dpp-bulk,2026-05-31 21:45:41.784047+00:00,3200589,ÇORUM MECİTÖZÜ BES,11262,2026-05-31T03:00:00+03:00,03:00
40W000003200589H,ÇORUM MECİTÖZÜ BES,unknown,2026-05-31 04:00:00+03:00,,0.0,chunk_0039.json,POST /v1/generation/data/dpp-bulk,2026-05-31 21:45:41.784047+00:00,3200589,ÇORUM MECİTÖZÜ BES,11262,2026-05-31T04:00:00+03:00,04:00
40W000003200589H,ÇORUM MECİTÖZÜ BES,unknown,2026-05-31 05:00:00+03:00,,0.0,chunk_0039.json,POST /v1/generation/data/dpp-bulk,2026-05-31 21:45:41.784047+00:00,3200589,ÇORUM MECİTÖZÜ BES,11262,2026-05-31T05:00:00+03:00,05:00
40W000003200589H,ÇORUM MECİTÖZÜ BES,unknown,2026-05-31 06:00:00+03:00,,0.0,chunk_0039.json,POST /v1/generation/data/dpp-bulk,2026-05-31 21:45:41.784047+00:00,3200589,ÇORUM MECİTÖZÜ BES,11262,2026-05-31T06:00:00+03:00,06:00
40W000003200589H,ÇORUM MECİTÖZÜ BES,unknown,2026-05-31 07:00:00+03:00,,0.0,chunk_0039.json,POST /v1/generation/data/dpp-bulk,2026-05-31 21:45:41.784047+00:00,3200589,ÇORUM MECİTÖZÜ BES,11262,2026-05-31T07:00:00+03:00,07:00
40W000003200589H,ÇORUM MECİTÖZÜ BES,unknown,2026-05-31 08:00:00+03:00,,0.0,chunk_0039.json,POST /v1/generation/data/dpp-bulk,2026-05-31 21:45:41.784047+00:00,3200589,ÇORUM MECİTÖZÜ BES,11262,2026-05-31T08:00:00+03:00,08:00
40W000003200589H,ÇORUM MECİTÖZÜ BES,unknown,2026-05-31 09:00:00+03:00,,0.0,chunk_0039.json,POST /v1/generation/data/dpp-bulk,2026-05-31 21:45:41.784047+00:00,3200589,ÇORUM MECİTÖZÜ BES,11262,2026-05-31T09:00:00+03:00,09:00
40W000003200589H,ÇORUM MECİTÖZÜ BES,unknown,2026-05-31 10:00:00+03:00,,0.0,chunk_0039.json,POST /v1/generation/data/dpp-bulk,2026-05-31 21:45:41.784047+00:00,3200589,ÇORUM MECİTÖZÜ BES,11262,2026-05-31T10:00:00+03:00,10:00
40W000003200589H,ÇORUM MECİTÖZÜ BES,unknown,2026-05-31 11:00:00+03:00,,0.0,chunk_0039.json,POST /v1/generation/data/dpp-bulk,2026-05-31 21:45:41.784047+00:00,3200589,ÇORUM MECİTÖZÜ BES,11262,2026-05-31T11:00:00+03:00,11:00
40W000003200589H,ÇORUM MECİTÖZÜ BES,unknown,2026-05-31 12:00:00+03:00,,0.0,chunk_0039.json,POST /v1/generation/data/dpp-bulk,2026-05-31 21:45:41.784047+00:00,3200589,ÇORUM MECİTÖZÜ BES,11262,2026-05-31T12:00:00+03:00,12:00
40W000003200589H,ÇORUM MECİTÖZÜ BES,unknown,2026-05-31 13:00:00+03:00,,0.0,chunk_0039.json,POST /v1/generation/data/dpp-bulk,2026-05-31 21:45:41.784047+00:00,3200589,ÇORUM MECİTÖZÜ BES,11262,2026-05-31T13:00:00+03:00,13:00
40W000003200589H,ÇORUM MECİTÖZÜ BES,unknown,2026-05-31 14:00:00+03:00,,0.0,chunk_0039.json,POST /v1/generation/data/dpp-bulk,2026-05-31 21:45:41.784047+00:00,3200589,ÇORUM MECİTÖZÜ BES,11262,2026-05-31T14:00:00+03:00,14:00
40W000003200589H,ÇORUM MECİTÖZÜ BES,unknown,2026-05-31 15:00:00+03:00,,0.0,chunk_0039.json,POST /v1/generation/data/dpp-bulk,2026-05-31 21:45:41.784047+00:00,3200589,ÇORUM MECİTÖZÜ BES,11262,2026-05-31T15:00:00+03:00,15:00
40W000003200589H,ÇORUM MECİTÖZÜ BES,unknown,2026-05-31 16:00:00+03:00,,0.0,chunk_0039.json,POST /v1/generation/data/dpp-bulk,2026-05-31 21:45:41.784047+00:00,3200589,ÇORUM MECİTÖZÜ BES,11262,2026-05-31T16:00:00+03:00,16:00
40W000003200589H,ÇORUM MECİTÖZÜ BES,unknown,2026-05-31 17:00:00+03:00,,0.0,chunk_0039.json,POST /v1/generation/data/dpp-bulk,2026-05-31 21:45:41.784047+00:00,3200589,ÇORUM MECİTÖZÜ BES,11262,2026-05-31T17:00:00+03:00,17:00
40W000003200589H,ÇORUM MECİTÖZÜ BES,unknown,2026-05-31 18:00:00+03:00,,0.0,chunk_0039.json,POST /v1/generation/data/dpp-bulk,2026-05-31 21:45:41.784047+00:00,3200589,ÇORUM MECİTÖZÜ BES,11262,2026-05-31T18:00:00+03:00,18:00
40W000003200589H,ÇORUM MECİTÖZÜ BES,unknown,2026-05-31 19:00:00+03:00,,0.0,chunk_0039.json,POST /v1/generation/data/dpp-bulk,2026-05-31 21:45:41.784047+00:00,3200589,ÇORUM MECİTÖZÜ BES,11262,2026-05-31T19:00:00+03:00,19:00
40W000003200589H,ÇORUM MECİTÖZÜ BES,unknown,2026-05-31 20:00:00+03:00,,0.0,chunk_0039.json,POST /v1/generation/data/dpp-bulk,2026-05-31 21:45:41.784047+00:00,3200589,ÇORUM MECİTÖZÜ BES,11262,2026-05-31T20:00:00+03:00,20:00
40W000003200589H,ÇORUM MECİTÖZÜ BES,unknown,2026-05-31 21:00:00+03:00,,0.0,chunk_0039.json,POST /v1/generation/data/dpp-bulk,2026-05-31 21:45:41.784047+00:00,3200589,ÇORUM MECİTÖZÜ BES,11262,2026-05-31T21:00:00+03:00,21:00
40W000003200589H,ÇORUM MECİTÖZÜ BES,unknown,2026-05-31 22:00:00+03:00,,0.0,chunk_0039.json,POST /v1/generation/data/dpp-bulk,2026-05-31 21:45:41.784047+00:00,3200589,ÇORUM MECİTÖZÜ BES,11262,2026-05-31T22:00:00+03:00,22:00
40W000003200589H,ÇORUM MECİTÖZÜ BES,unknown,2026-05-31 23:00:00+03:00,,0.0,chunk_0039.json,POST /v1/generation/data/dpp-bulk,2026-05-31 21:45:41.784047+00:00,3200589,ÇORUM MECİTÖZÜ BES,11262,2026-05-31T23:00:00+03:00,23:00
40W100003200635N,CORNELİA DİAMOND HOTEL KOJEN,unknown,2026-05-31 00:00:00+03:00,,0.0,chunk_0039.json,POST /v1/generation/data/dpp-bulk,2026-05-31 21:45:41.784047+00:00,3200635,CORNELİA DİAMOND HOTEL KOJEN,11293,2026-05-31T00:00:00+03:00,00:00
40W100003200635N,CORNELİA DİAMOND HOTEL KOJEN,unknown,2026-05-31 01:00:00+03:00,,0.0,chunk_0039.json,POST /v1/generation/data/dpp-bulk,2026-05-31 21:45:41.784047+00:00,3200635,CORNELİA DİAMOND HOTEL KOJEN,11293,2026-05-31T01:00:00+03:00,01:00
40W100003200635N,CORNELİA DİAMOND HOTEL KOJEN,unknown,2026-05-31 02:00:00+03:00,,0.0,chunk_0039.json,POST /v1/generation/data/dpp-bulk,2026-05-31 21:45:41.784047+00:00,3200635,CORNELİA DİAMOND HOTEL KOJEN,11293,2026-05-31T02:00:00+03:00,02:00
40W100003200635N,CORNELİA DİAMOND HOTEL KOJEN,unknown,2026-05-31 03:00:00+03:00,,0.0,chunk_0039.json,POST /v1/generation/data/dpp-bulk,2026-05-31 21:45:41.784047+00:00,3200635,CORNELİA DİAMOND HOTEL KOJEN,11293,2026-05-31T03:00:00+03:00,03:00
40W100003200635N,CORNELİA DİAMOND HOTEL KOJEN,unknown,2026-05-31 04:00:00+03:00,,0.0,chunk_0039.json,POST /v1/generation/data/dpp-bulk,2026-05-31 21:45:41.784047+00:00,3200635,CORNELİA DİAMOND HOTEL KOJEN,11293,2026-05-31T04:00:00+03:00,04:00
40W100003200635N,CORNELİA DİAMOND HOTEL KOJEN,unknown,2026-05-31 05:00:00+03:00,,0.0,chunk_0039.json,POST /v1/generation/data/dpp-bulk,2026-05-31 21:45:41.784047+00:00,3200635,CORNELİA DİAMOND HOTEL KOJEN,11293,2026-05-31T05:00:00+03:00,05:00
40W100003200635N,CORNELİA DİAMOND HOTEL KOJEN,unknown,2026-05-31 06:00:00+03:00,,0.0,chunk_0039.json,POST /v1/generation/data/dpp-bulk,2026-05-31 21:45:41.784047+00:00,3200635,CORNELİA DİAMOND HOTEL KOJEN,11293,2026-05-31T06:00:00+03:00,06:00
40W100003200635N,CORNELİA DİAMOND HOTEL KOJEN,unknown,2026-05-31 07:00:00+03:00,,0.0,chunk_0039.json,POST /v1/generation/data/dpp-bulk,2026-05-31 21:45:41.784047+00:00,3200635,CORNELİA DİAMOND HOTEL KOJEN,11293,2026-05-31T07:00:00+03:00,07:00
40W100003200635N,CORNELİA DİAMOND HOTEL KOJEN,unknown,2026-05-31 08:00:00+03:00,,0.0,chunk_0039.json,POST /v1/generation/data/dpp-bulk,2026-05-31 21:45:41.784047+00:00,3200635,CORNELİA DİAMOND HOTEL KOJEN,11293,2026-05-31T08:00:00+03:00,08:00
40W100003200635N,CORNELİA DİAMOND HOTEL KOJEN,unknown,2026-05-31 09:00:00+03:00,,0.0,chunk_0039.json,POST /v1/generation/data/dpp-bulk,2026-05-31 21:45:41.784047+00:00,3200635,CORNELİA DİAMOND HOTEL KOJEN,11293,2026-05-31T09:00:00+03:00,09:00
40W100003200635N,CORNELİA DİAMOND HOTEL KOJEN,unknown,2026-05-31 10:00:00+03:00,,0.0,chunk_0039.json,POST /v1/generation/data/dpp-bulk,2026-05-31 21:45:41.784047+00:00,3200635,CORNELİA DİAMOND HOTEL KOJEN,11293,2026-05-31T10:00:00+03:00,10:00
40W100003200635N,CORNELİA DİAMOND HOTEL KOJEN,unknown,2026-05-31 11:00:00+03:00,,0.0,chunk_0039.json,POST /v1/generation/data/dpp-bulk,2026-05-31 21:45:41.784047+00:00,3200635,CORNELİA DİAMOND HOTEL KOJEN,11293,2026-05-31T11:00:00+03:00,11:00
40W100003200635N,CORNELİA DİAMOND HOTEL KOJEN,unknown,2026-05-31 12:00:00+03:00,,0.0,chunk_0039.json,POST /v1/generation/data/dpp-bulk,2026-05-31 21:45:41.784047+00:00,3200635,CORNELİA DİAMOND HOTEL KOJEN,11293,2026-05-31T12:00:00+03:00,12:00
40W100003200635N,CORNELİA DİAMOND HOTEL KOJEN,unknown,2026-05-31 13:00:00+03:00,,0.0,chunk_0039.json,POST /v1/generation/data/dpp-bulk,2026-05-31 21:45:41.784047+00:00,3200635,CORNELİA DİAMOND HOTEL KOJEN,11293,2026-05-31T13:00:00+03:00,13:00
40W100003200635N,CORNELİA DİAMOND HOTEL KOJEN,unknown,2026-05-31 14:00:00+03:00,,0.0,chunk_0039.json,POST /v1/generation/data/dpp-bulk,2026-05-31 21:45:41.784047+00:00,3200635,CORNELİA DİAMOND HOTEL KOJEN,11293,2026-05-31T14:00:00+03:00,14:00
40W100003200635N,CORNELİA DİAMOND HOTEL KOJEN,unknown,2026-05-31 15:00:00+03:00,,0.0,chunk_0039.json,POST /v1/generation/data/dpp-bulk,2026-05-31 21:45:41.784047+00:00,3200635,CORNELİA DİAMOND HOTEL KOJEN,11293,2026-05-31T15:00:00+03:00,15:00
40W100003200635N,CORNELİA DİAMOND HOTEL KOJEN,unknown,2026-05-31 16:00:00+03:00,,0.0,chunk_0039.json,POST /v1/generation/data/dpp-bulk,2026-05-31 21:45:41.784047+00:00,3200635,CORNELİA DİAMOND HOTEL KOJEN,11293,2026-05-31T16:00:00+03:00,16:00
40W100003200635N,CORNELİA DİAMOND HOTEL KOJEN,unknown,2026-05-31 17:00:00+03:00,,0.0,chunk_0039.json,POST /v1/generation/data/dpp-bulk,2026-05-31 21:45:41.784047+00:00,3200635,CORNELİA DİAMOND HOTEL KOJEN,11293,2026-05-31T17:00:00+03:00,17:00
40W100003200635N,CORNELİA DİAMOND HOTEL KOJEN,unknown,2026-05-31 18:00:00+03:00,,0.0,chunk_0039.json,POST /v1/generation/data/dpp-bulk,2026-05-31 21:45:41.784047+00:00,3200635,CORNELİA DİAMOND HOTEL KOJEN,11293,2026-05-31T18:00:00+03:00,18:00
40W100003200635N,CORNELİA DİAMOND HOTEL KOJEN,unknown,2026-05-31 19:00:00+03:00,,0.0,chunk_0039.json,POST /v1/generation/data/dpp-bulk,2026-05-31 21:45:41.784047+00:00,3200635,CORNELİA DİAMOND HOTEL KOJEN,11293,2026-05-31T19:00:00+03:00,19:00
40W100003200635N,CORNELİA DİAMOND HOTEL KOJEN,unknown,2026-05-31 20:00:00+03:00,,0.0,chunk_0039.json,POST /v1/generation/data/dpp-bulk,2026-05-31 21:45:41.784047+00:00,3200635,CORNELİA DİAMOND HOTEL KOJEN,11293,2026-05-31T20:00:00+03:00,20:00
40W100003200635N,CORNELİA DİAMOND HOTEL KOJEN,unknown,2026-05-31 21:00:00+03:00,,0.0,chunk_0039.json,POST /v1/generation/data/dpp-bulk,2026-05-31 21:45:41.784047+00:00,3200635,CORNELİA DİAMOND HOTEL KOJEN,11293,2026-05-31T21:00:00+03:00,21:00
40W100003200635N,CORNELİA DİAMOND HOTEL KOJEN,unknown,2026-05-31 22:00:00+03:00,,0.0,chunk_0039.json,POST /v1/generation/data/dpp-bulk,2026-05-31 21:45:41.784047+00:00,3200635,CORNELİA DİAMOND HOTEL KOJEN,11293,2026-05-31T22:00:00+03:00,22:00
40W100003200635N,CORNELİA DİAMOND HOTEL KOJEN,unknown,2026-05-31 23:00:00+03:00,,0.0,chunk_0039.json,POST /v1/generation/data/dpp-bulk,2026-05-31 21:45:41.784047+00:00,3200635,CORNELİA DİAMOND HOTEL KOJEN,11293,2026-05-31T23:00:00+03:00,23:00
40W0000032006325,ERA ERZİNCAN BİYOKÜTLE SANTRALİ,unknown,2026-05-31 00:00:00+03:00,,0.0,chunk_0039.json,POST /v1/generation/data/dpp-bulk,2026-05-31 21:45:41.784047+00:00,3200632,ERA ERZİNCAN BİYOKÜTLE SANTRALİ,11332,2026-05-31T00:00:00+03:00,00:00
40W0000032006325,ERA ERZİNCAN BİYOKÜTLE SANTRALİ,unknown,2026-05-31 01:00:00+03:00,,0.0,chunk_0039.json,POST /v1/generation/data/dpp-bulk,2026-05-31 21:45:41.784047+00:00,3200632,ERA ERZİNCAN BİYOKÜTLE SANTRALİ,11332,2026-05-31T01:00:00+03:00,01:00
40W0000032006325,ERA ERZİNCAN BİYOKÜTLE SANTRALİ,unknown,2026-05-31 02:00:00+03:00,,0.0,chunk_0039.json,POST /v1/generation/data/dpp-bulk,2026-05-31 21:45:41.784047+00:00,3200632,ERA ERZİNCAN BİYOKÜTLE SANTRALİ,11332,2026-05-31T02:00:00+03:00,02:00
40W0000032006325,ERA ERZİNCAN BİYOKÜTLE SANTRALİ,unknown,2026-05-31 03:00:00+03:00,,0.0,chunk_0039.json,POST /v1/generation/data/dpp-bulk,2026-05-31 21:45:41.784047+00:00,3200632,ERA ERZİNCAN BİYOKÜTLE SANTRALİ,11332,2026-05-31T03:00:00+03:00,03:00
40W0000032006325,ERA ERZİNCAN BİYOKÜTLE SANTRALİ,unknown,2026-05-31 04:00:00+03:00,,0.0,chunk_0039.json,POST /v1/generation/data/dpp-bulk,2026-05-31 21:45:41.784047+00:00,3200632,ERA ERZİNCAN BİYOKÜTLE SANTRALİ,11332,2026-05-31T04:00:00+03:00,04:00
40W0000032006325,ERA ERZİNCAN BİYOKÜTLE SANTRALİ,unknown,2026-05-31 05:00:00+03:00,,0.0,chunk_0039.json,POST /v1/generation/data/dpp-bulk,2026-05-31 21:45:41.784047+00:00,3200632,ERA ERZİNCAN BİYOKÜTLE SANTRALİ,11332,2026-05-31T05:00:00+03:00,05:00
40W0000032006325,ERA ERZİNCAN BİYOKÜTLE SANTRALİ,unknown,2026-05-31 06:00:00+03:00,,0.0,chunk_0039.json,POST /v1/generation/data/dpp-bulk,2026-05-31 21:45:41.784047+00:00,3200632,ERA ERZİNCAN BİYOKÜTLE SANTRALİ,11332,2026-05-31T06:00:00+03:00,06:00
40W0000032006325,ERA ERZİNCAN BİYOKÜTLE SANTRALİ,unknown,2026-05-31 07:00:00+03:00,,0.0,chunk_0039.json,POST /v1/generation/data/dpp-bulk,2026-05-31 21:45:41.784047+00:00,3200632,ERA ERZİNCAN BİYOKÜTLE SANTRALİ,11332,2026-05-31T07:00:00+03:00,07:00
40W0000032006325,ERA ERZİNCAN BİYOKÜTLE SANTRALİ,unknown,2026-05-31 08:00:00+03:00,,0.0,chunk_0039.json,POST /v1/generation/data/dpp-bulk,2026-05-31 21:45:41.784047+00:00,3200632,ERA ERZİNCAN BİYOKÜTLE SANTRALİ,11332,2026-05-31T08:00:00+03:00,08:00
40W0000032006325,ERA ERZİNCAN BİYOKÜTLE SANTRALİ,unknown,2026-05-31 09:00:00+03:00,,0.0,chunk_0039.json,POST /v1/generation/data/dpp-bulk,2026-05-31 21:45:41.784047+00:00,3200632,ERA ERZİNCAN BİYOKÜTLE SANTRALİ,11332,2026-05-31T09:00:00+03:00,09:00
40W0000032006325,ERA ERZİNCAN BİYOKÜTLE SANTRALİ,unknown,2026-05-31 10:00:00+03:00,,0.0,chunk_0039.json,POST /v1/generation/data/dpp-bulk,2026-05-31 21:45:41.784047+00:00,3200632,ERA ERZİNCAN BİYOKÜTLE SANTRALİ,11332,2026-05-31T10:00:00+03:00,10:00
40W0000032006325,ERA ERZİNCAN BİYOKÜTLE SANTRALİ,unknown,2026-05-31 11:00:00+03:00,,0.0,chunk_0039.json,POST /v1/generation/data/dpp-bulk,2026-05-31 21:45:41.784047+00:00,3200632,ERA ERZİNCAN BİYOKÜTLE SANTRALİ,11332,2026-05-31T11:00:00+03:00,11:00
40W0000032006325,ERA ERZİNCAN BİYOKÜTLE SANTRALİ,unknown,2026-05-31 12:00:00+03:00,,0.0,chunk_0039.json,POST /v1/generation/data/dpp-bulk,2026-05-31 21:45:41.784047+00:00,3200632,ERA ERZİNCAN BİYOKÜTLE SANTRALİ,11332,2026-05-31T12:00:00+03:00,12:00
40W0000032006325,ERA ERZİNCAN BİYOKÜTLE SANTRALİ,unknown,2026-05-31 13:00:00+03:00,,0.0,chunk_0039.json,POST /v1/generation/data/dpp-bulk,2026-05-31 21:45:41.784047+00:00,3200632,ERA ERZİNCAN BİYOKÜTLE SANTRALİ,11332,2026-05-31T13:00:00+03:00,13:00
40W0000032006325,ERA ERZİNCAN BİYOKÜTLE SANTRALİ,unknown,2026-05-31 14:00:00+03:00,,0.0,chunk_0039.json,POST /v1/generation/data/dpp-bulk,2026-05-31 21:45:41.784047+00:00,3200632,ERA ERZİNCAN BİYOKÜTLE SANTRALİ,11332,2026-05-31T14:00:00+03:00,14:00
40W0000032006325,ERA ERZİNCAN BİYOKÜTLE SANTRALİ,unknown,2026-05-31 15:00:00+03:00,,0.0,chunk_0039.json,POST /v1/generation/data/dpp-bulk,2026-05-31 21:45:41.784047+00:00,3200632,ERA ERZİNCAN BİYOKÜTLE SANTRALİ,11332,2026-05-31T15:00:00+03:00,15:00
40W0000032006325,ERA ERZİNCAN BİYOKÜTLE SANTRALİ,unknown,2026-05-31 16:00:00+03:00,,0.0,chunk_0039.json,POST /v1/generation/data/dpp-bulk,2026-05-31 21:45:41.784047+00:00,3200632,ERA ERZİNCAN BİYOKÜTLE SANTRALİ,11332,2026-05-31T16:00:00+03:00,16:00
40W0000032006325,ERA ERZİNCAN BİYOKÜTLE SANTRALİ,unknown,2026-05-31 17:00:00+03:00,,0.0,chunk_0039.json,POST /v1/generation/data/dpp-bulk,2026-05-31 21:45:41.784047+00:00,3200632,ERA ERZİNCAN BİYOKÜTLE SANTRALİ,11332,2026-05-31T17:00:00+03:00,17:00
40W0000032006325,ERA ERZİNCAN BİYOKÜTLE SANTRALİ,unknown,2026-05-31 18:00:00+03:00,,0.0,chunk_0039.json,POST /v1/generation/data/dpp-bulk,2026-05-31 21:45:41.784047+00:00,3200632,ERA ERZİNCAN BİYOKÜTLE SANTRALİ,11332,2026-05-31T18:00:00+03:00,18:00
40W0000032006325,ERA ERZİNCAN BİYOKÜTLE SANTRALİ,unknown,2026-05-31 19:00:00+03:00,,0.0,chunk_0039.json,POST /v1/generation/data/dpp-bulk,2026-05-31 21:45:41.784047+00:00,3200632,ERA ERZİNCAN BİYOKÜTLE SANTRALİ,11332,2026-05-31T19:00:00+03:00,19:00
40W0000032006325,ERA ERZİNCAN BİYOKÜTLE SANTRALİ,unknown,2026-05-31 20:00:00+03:00,,0.0,chunk_0039.json,POST /v1/generation/data/dpp-bulk,2026-05-31 21:45:41.784047+00:00,3200632,ERA ERZİNCAN BİYOKÜTLE SANTRALİ,11332,2026-05-31T20:00:00+03:00,20:00
40W0000032006325,ERA ERZİNCAN BİYOKÜTLE SANTRALİ,unknown,2026-05-31 21:00:00+03:00,,0.0,chunk_0039.json,POST /v1/generation/data/dpp-bulk,2026-05-31 21:45:41.784047+00:00,3200632,ERA ERZİNCAN BİYOKÜTLE SANTRALİ,11332,2026-05-31T21:00:00+03:00,21:00
40W0000032006325,ERA ERZİNCAN BİYOKÜTLE SANTRALİ,unknown,2026-05-31 22:00:00+03:00,,0.0,chunk_0039.json,POST /v1/generation/data/dpp-bulk,2026-05-31 21:45:41.784047+00:00,3200632,ERA ERZİNCAN BİYOKÜTLE SANTRALİ,11332,2026-05-31T22:00:00+03:00,22:00
40W0000032006325,ERA ERZİNCAN BİYOKÜTLE SANTRALİ,unknown,2026-05-31 23:00:00+03:00,,0.0,chunk_0039.json,POST /v1/generation/data/dpp-bulk,2026-05-31 21:45:41.784047+00:00,3200632,ERA ERZİNCAN BİYOKÜTLE SANTRALİ,11332,2026-05-31T23:00:00+03:00,23:00
40W0000032004616,HAMZABEYLİ RES,unknown,2026-05-31 00:00:00+03:00,,6.81,chunk_0039.json,POST /v1/generation/data/dpp-bulk,2026-05-31 21:45:41.784047+00:00,3200461,HAMZABEYLİ RES,103060,2026-05-31T00:00:00+03:00,00:00
40W0000032004616,HAMZABEYLİ RES,unknown,2026-05-31 01:00:00+03:00,,3.79,chunk_0039.json,POST /v1/generation/data/dpp-bulk,2026-05-31 21:45:41.784047+00:00,3200461,HAMZABEYLİ RES,103060,2026-05-31T01:00:00+03:00,01:00
40W0000032004616,HAMZABEYLİ RES,unknown,2026-05-31 02:00:00+03:00,,6.61,chunk_0039.json,POST /v1/generation/data/dpp-bulk,2026-05-31 21:45:41.784047+00:00,3200461,HAMZABEYLİ RES,103060,2026-05-31T02:00:00+03:00,02:00
40W0000032004616,HAMZABEYLİ RES,unknown,2026-05-31 03:00:00+03:00,,6.52,chunk_0039.json,POST /v1/generation/data/dpp-bulk,2026-05-31 21:45:41.784047+00:00,3200461,HAMZABEYLİ RES,103060,2026-05-31T03:00:00+03:00,03:00
40W0000032004616,HAMZABEYLİ RES,unknown,2026-05-31 04:00:00+03:00,,6.82,chunk_0039.json,POST /v1/generation/data/dpp-bulk,2026-05-31 21:45:41.784047+00:00,3200461,HAMZABEYLİ RES,103060,2026-05-31T04:00:00+03:00,04:00
40W0000032004616,HAMZABEYLİ RES,unknown,2026-05-31 05:00:00+03:00,,6.6,chunk_0039.json,POST /v1/generation/data/dpp-bulk,2026-05-31 21:45:41.784047+00:00,3200461,HAMZABEYLİ RES,103060,2026-05-31T05:00:00+03:00,05:00
40W0000032004616,HAMZABEYLİ RES,unknown,2026-05-31 06:00:00+03:00,,5.59,chunk_0039.json,POST /v1/generation/data/dpp-bulk,2026-05-31 21:45:41.784047+00:00,3200461,HAMZABEYLİ RES,103060,2026-05-31T06:00:00+03:00,06:00
40W0000032004616,HAMZABEYLİ RES,unknown,2026-05-31 07:00:00+03:00,,4.6,chunk_0039.json,POST /v1/generation/data/dpp-bulk,2026-05-31 21:45:41.784047+00:00,3200461,HAMZABEYLİ RES,103060,2026-05-31T07:00:00+03:00,07:00
40W0000032004616,HAMZABEYLİ RES,unknown,2026-05-31 08:00:00+03:00,,2.88,chunk_0039.json,POST /v1/generation/data/dpp-bulk,2026-05-31 21:45:41.784047+00:00,3200461,HAMZABEYLİ RES,103060,2026-05-31T08:00:00+03:00,08:00
40W0000032004616,HAMZABEYLİ RES,unknown,2026-05-31 09:00:00+03:00,,3.46,chunk_0039.json,POST /v1/generation/data/dpp-bulk,2026-05-31 21:45:41.784047+00:00,3200461,HAMZABEYLİ RES,103060,2026-05-31T09:00:00+03:00,09:00
40W0000032004616,HAMZABEYLİ RES,unknown,2026-05-31 10:00:00+03:00,,2.81,chunk_0039.json,POST /v1/generation/data/dpp-bulk,2026-05-31 21:45:41.784047+00:00,3200461,HAMZABEYLİ RES,103060,2026-05-31T10:00:00+03:00,10:00
40W0000032004616,HAMZABEYLİ RES,unknown,2026-05-31 11:00:00+03:00,,3.66,chunk_0039.json,POST /v1/generation/data/dpp-bulk,2026-05-31 21:45:41.784047+00:00,3200461,HAMZABEYLİ RES,103060,2026-05-31T11:00:00+03:00,11:00
40W0000032004616,HAMZABEYLİ RES,unknown,2026-05-31 12:00:00+03:00,,4.06,chunk_0039.json,POST /v1/generation/data/dpp-bulk,2026-05-31 21:45:41.784047+00:00,3200461,HAMZABEYLİ RES,103060,2026-05-31T12:00:00+03:00,12:00
40W0000032004616,HAMZABEYLİ RES,unknown,2026-05-31 13:00:00+03:00,,4.05,chunk_0039.json,POST /v1/generation/data/dpp-bulk,2026-05-31 21:45:41.784047+00:00,3200461,HAMZABEYLİ RES,103060,2026-05-31T13:00:00+03:00,13:00
40W0000032004616,HAMZABEYLİ RES,unknown,2026-05-31 14:00:00+03:00,,2.54,chunk_0039.json,POST /v1/generation/data/dpp-bulk,2026-05-31 21:45:41.784047+00:00,3200461,HAMZABEYLİ RES,103060,2026-05-31T14:00:00+03:00,14:00
40W0000032004616,HAMZABEYLİ RES,unknown,2026-05-31 15:00:00+03:00,,3.2,chunk_0039.json,POST /v1/generation/data/dpp-bulk,2026-05-31 21:45:41.784047+00:00,3200461,HAMZABEYLİ RES,103060,2026-05-31T15:00:00+03:00,15:00
40W0000032004616,HAMZABEYLİ RES,unknown,2026-05-31 16:00:00+03:00,,5.21,chunk_0039.json,POST /v1/generation/data/dpp-bulk,2026-05-31 21:45:41.784047+00:00,3200461,HAMZABEYLİ RES,103060,2026-05-31T16:00:00+03:00,16:00
40W0000032004616,HAMZABEYLİ RES,unknown,2026-05-31 17:00:00+03:00,,4.02,chunk_0039.json,POST /v1/generation/data/dpp-bulk,2026-05-31 21:45:41.784047+00:00,3200461,HAMZABEYLİ RES,103060,2026-05-31T17:00:00+03:00,17:00
40W0000032004616,HAMZABEYLİ RES,unknown,2026-05-31 18:00:00+03:00,,6.52,chunk_0039.json,POST /v1/generation/data/dpp-bulk,2026-05-31 21:45:41.784047+00:00,3200461,HAMZABEYLİ RES,103060,2026-05-31T18:00:00+03:00,18:00
40W0000032004616,HAMZABEYLİ RES,unknown,2026-05-31 19:00:00+03:00,,7.1,chunk_0039.json,POST /v1/generation/data/dpp-bulk,2026-05-31 21:45:41.784047+00:00,3200461,HAMZABEYLİ RES,103060,2026-05-31T19:00:00+03:00,19:00
40W0000032004616,HAMZABEYLİ RES,unknown,2026-05-31 20:00:00+03:00,,6.56,chunk_0039.json,POST /v1/generation/data/dpp-bulk,2026-05-31 21:45:41.784047+00:00,3200461,HAMZABEYLİ RES,103060,2026-05-31T20:00:00+03:00,20:00
40W0000032004616,HAMZABEYLİ RES,unknown,2026-05-31 21:00:00+03:00,,2.93,chunk_0039.json,POST /v1/generation/data/dpp-bulk,2026-05-31 21:45:41.784047+00:00,3200461,HAMZABEYLİ RES,103060,2026-05-31T21:00:00+03:00,21:00
40W0000032004616,HAMZABEYLİ RES,unknown,2026-05-31 22:00:00+03:00,,4.28,chunk_0039.json,POST /v1/generation/data/dpp-bulk,2026-05-31 21:45:41.784047+00:00,3200461,HAMZABEYLİ RES,103060,2026-05-31T22:00:00+03:00,22:00
40W0000032004616,HAMZABEYLİ RES,unknown,2026-05-31 23:00:00+03:00,,5.39,chunk_0039.json,POST /v1/generation/data/dpp-bulk,2026-05-31 21:45:41.784047+00:00,3200461,HAMZABEYLİ RES,103060,2026-05-31T23:00:00+03:00,23:00
40W000003200592S,ELMALI RES(ELMALI ENR.),unknown,2026-05-31 00:00:00+03:00,,0.13,chunk_0039.json,POST /v1/generation/data/dpp-bulk,2026-05-31 21:45:41.784047+00:00,3200592,ELMALI RES(ELMALI ENR.),103060,2026-05-31T00:00:00+03:00,00:00
40W000003200592S,ELMALI RES(ELMALI ENR.),unknown,2026-05-31 01:00:00+03:00,,0.13,chunk_0039.json,POST /v1/generation/data/dpp-bulk,2026-05-31 21:45:41.784047+00:00,3200592,ELMALI RES(ELMALI ENR.),103060,2026-05-31T01:00:00+03:00,01:00
40W000003200592S,ELMALI RES(ELMALI ENR.),unknown,2026-05-31 02:00:00+03:00,,0.24,chunk_0039.json,POST /v1/generation/data/dpp-bulk,2026-05-31 21:45:41.784047+00:00,3200592,ELMALI RES(ELMALI ENR.),103060,2026-05-31T02:00:00+03:00,02:00
40W000003200592S,ELMALI RES(ELMALI ENR.),unknown,2026-05-31 03:00:00+03:00,,1.42,chunk_0039.json,POST /v1/generation/data/dpp-bulk,2026-05-31 21:45:41.784047+00:00,3200592,ELMALI RES(ELMALI ENR.),103060,2026-05-31T03:00:00+03:00,03:00
40W000003200592S,ELMALI RES(ELMALI ENR.),unknown,2026-05-31 04:00:00+03:00,,2.13,chunk_0039.json,POST /v1/generation/data/dpp-bulk,2026-05-31 21:45:41.784047+00:00,3200592,ELMALI RES(ELMALI ENR.),103060,2026-05-31T04:00:00+03:00,04:00
40W000003200592S,ELMALI RES(ELMALI ENR.),unknown,2026-05-31 05:00:00+03:00,,2.4,chunk_0039.json,POST /v1/generation/data/dpp-bulk,2026-05-31 21:45:41.784047+00:00,3200592,ELMALI RES(ELMALI ENR.),103060,2026-05-31T05:00:00+03:00,05:00
40W000003200592S,ELMALI RES(ELMALI ENR.),unknown,2026-05-31 06:00:00+03:00,,2.14,chunk_0039.json,POST /v1/generation/data/dpp-bulk,2026-05-31 21:45:41.784047+00:00,3200592,ELMALI RES(ELMALI ENR.),103060,2026-05-31T06:00:00+03:00,06:00
40W000003200592S,ELMALI RES(ELMALI ENR.),unknown,2026-05-31 07:00:00+03:00,,2.01,chunk_0039.json,POST /v1/generation/data/dpp-bulk,2026-05-31 21:45:41.784047+00:00,3200592,ELMALI RES(ELMALI ENR.),103060,2026-05-31T07:00:00+03:00,07:00
40W000003200592S,ELMALI RES(ELMALI ENR.),unknown,2026-05-31 08:00:00+03:00,,1.14,chunk_0039.json,POST /v1/generation/data/dpp-bulk,2026-05-31 21:45:41.784047+00:00,3200592,ELMALI RES(ELMALI ENR.),103060,2026-05-31T08:00:00+03:00,08:00
40W000003200592S,ELMALI RES(ELMALI ENR.),unknown,2026-05-31 09:00:00+03:00,,0.94,chunk_0039.json,POST /v1/generation/data/dpp-bulk,2026-05-31 21:45:41.784047+00:00,3200592,ELMALI RES(ELMALI ENR.),103060,2026-05-31T09:00:00+03:00,09:00
40W000003200592S,ELMALI RES(ELMALI ENR.),unknown,2026-05-31 10:00:00+03:00,,0.24,chunk_0039.json,POST /v1/generation/data/dpp-bulk,2026-05-31 21:45:41.784047+00:00,3200592,ELMALI RES(ELMALI ENR.),103060,2026-05-31T10:00:00+03:00,10:00
40W000003200592S,ELMALI RES(ELMALI ENR.),unknown,2026-05-31 11:00:00+03:00,,0.2,chunk_0039.json,POST /v1/generation/data/dpp-bulk,2026-05-31 21:45:41.784047+00:00,3200592,ELMALI RES(ELMALI ENR.),103060,2026-05-31T11:00:00+03:00,11:00
40W000003200592S,ELMALI RES(ELMALI ENR.),unknown,2026-05-31 12:00:00+03:00,,0.14,chunk_0039.json,POST /v1/generation/data/dpp-bulk,2026-05-31 21:45:41.784047+00:00,3200592,ELMALI RES(ELMALI ENR.),103060,2026-05-31T12:00:00+03:00,12:00
40W000003200592S,ELMALI RES(ELMALI ENR.),unknown,2026-05-31 13:00:00+03:00,,0.14,chunk_0039.json,POST /v1/generation/data/dpp-bulk,2026-05-31 21:45:41.784047+00:00,3200592,ELMALI RES(ELMALI ENR.),103060,2026-05-31T13:00:00+03:00,13:00
40W000003200592S,ELMALI RES(ELMALI ENR.),unknown,2026-05-31 14:00:00+03:00,,0.17,chunk_0039.json,POST /v1/generation/data/dpp-bulk,2026-05-31 21:45:41.784047+00:00,3200592,ELMALI RES(ELMALI ENR.),103060,2026-05-31T14:00:00+03:00,14:00
40W000003200592S,ELMALI RES(ELMALI ENR.),unknown,2026-05-31 15:00:00+03:00,,0.15,chunk_0039.json,POST /v1/generation/data/dpp-bulk,2026-05-31 21:45:41.784047+00:00,3200592,ELMALI RES(ELMALI ENR.),103060,2026-05-31T15:00:00+03:00,15:00
40W000003200592S,ELMALI RES(ELMALI ENR.),unknown,2026-05-31 16:00:00+03:00,,0.19,chunk_0039.json,POST /v1/generation/data/dpp-bulk,2026-05-31 21:45:41.784047+00:00,3200592,ELMALI RES(ELMALI ENR.),103060,2026-05-31T16:00:00+03:00,16:00
40W000003200592S,ELMALI RES(ELMALI ENR.),unknown,2026-05-31 17:00:00+03:00,,0.16,chunk_0039.json,POST /v1/generation/data/dpp-bulk,2026-05-31 21:45:41.784047+00:00,3200592,ELMALI RES(ELMALI ENR.),103060,2026-05-31T17:00:00+03:00,17:00
40W000003200592S,ELMALI RES(ELMALI ENR.),unknown,2026-05-31 18:00:00+03:00,,0.2,chunk_0039.json,POST /v1/generation/data/dpp-bulk,2026-05-31 21:45:41.784047+00:00,3200592,ELMALI RES(ELMALI ENR.),103060,2026-05-31T18:00:00+03:00,18:00
40W000003200592S,ELMALI RES(ELMALI ENR.),unknown,2026-05-31 19:00:00+03:00,,0.16,chunk_0039.json,POST /v1/generation/data/dpp-bulk,2026-05-31 21:45:41.784047+00:00,3200592,ELMALI RES(ELMALI ENR.),103060,2026-05-31T19:00:00+03:00,19:00
40W000003200592S,ELMALI RES(ELMALI ENR.),unknown,2026-05-31 20:00:00+03:00,,0.15,chunk_0039.json,POST /v1/generation/data/dpp-bulk,2026-05-31 21:45:41.784047+00:00,3200592,ELMALI RES(ELMALI ENR.),103060,2026-05-31T20:00:00+03:00,20:00
40W000003200592S,ELMALI RES(ELMALI ENR.),unknown,2026-05-31 21:00:00+03:00,,0.22,chunk_0039.json,POST /v1/generation/data/dpp-bulk,2026-05-31 21:45:41.784047+00:00,3200592,ELMALI RES(ELMALI ENR.),103060,2026-05-31T21:00:00+03:00,21:00
40W000003200592S,ELMALI RES(ELMALI ENR.),unknown,2026-05-31 22:00:00+03:00,,0.37,chunk_0039.json,POST /v1/generation/data/dpp-bulk,2026-05-31 21:45:41.784047+00:00,3200592,ELMALI RES(ELMALI ENR.),103060,2026-05-31T22:00:00+03:00,22:00
40W000003200592S,ELMALI RES(ELMALI ENR.),unknown,2026-05-31 23:00:00+03:00,,0.27,chunk_0039.json,POST /v1/generation/data/dpp-bulk,2026-05-31 21:45:41.784047+00:00,3200592,ELMALI RES(ELMALI ENR.),103060,2026-05-31T23:00:00+03:00,23:00
40W000003200690S,ÇAYIRHAN KOJENERASYON TESİSİ,unknown,2026-05-31 00:00:00+03:00,,0.0,chunk_0039.json,POST /v1/generation/data/dpp-bulk,2026-05-31 21:45:41.784047+00:00,3200690,ÇAYIRHAN KOJENERASYON TESİSİ,103060,2026-05-31T00:00:00+03:00,00:00
40W000003200690S,ÇAYIRHAN KOJENERASYON TESİSİ,unknown,2026-05-31 01:00:00+03:00,,0.0,chunk_0039.json,POST /v1/generation/data/dpp-bulk,2026-05-31 21:45:41.784047+00:00,3200690,ÇAYIRHAN KOJENERASYON TESİSİ,103060,2026-05-31T01:00:00+03:00,01:00
40W000003200690S,ÇAYIRHAN KOJENERASYON TESİSİ,unknown,2026-05-31 02:00:00+03:00,,0.0,chunk_0039.json,POST /v1/generation/data/dpp-bulk,2026-05-31 21:45:41.784047+00:00,3200690,ÇAYIRHAN KOJENERASYON TESİSİ,103060,2026-05-31T02:00:00+03:00,02:00
40W000003200690S,ÇAYIRHAN KOJENERASYON TESİSİ,unknown,2026-05-31 03:00:00+03:00,,0.0,chunk_0039.json,POST /v1/generation/data/dpp-bulk,2026-05-31 21:45:41.784047+00:00,3200690,ÇAYIRHAN KOJENERASYON TESİSİ,103060,2026-05-31T03:00:00+03:00,03:00
40W000003200690S,ÇAYIRHAN KOJENERASYON TESİSİ,unknown,2026-05-31 04:00:00+03:00,,0.0,chunk_0039.json,POST /v1/generation/data/dpp-bulk,2026-05-31 21:45:41.784047+00:00,3200690,ÇAYIRHAN KOJENERASYON TESİSİ,103060,2026-05-31T04:00:00+03:00,04:00
40W000003200690S,ÇAYIRHAN KOJENERASYON TESİSİ,unknown,2026-05-31 05:00:00+03:00,,0.0,chunk_0039.json,POST /v1/generation/data/dpp-bulk,2026-05-31 21:45:41.784047+00:00,3200690,ÇAYIRHAN KOJENERASYON TESİSİ,103060,2026-05-31T05:00:00+03:00,05:00
40W000003200690S,ÇAYIRHAN KOJENERASYON TESİSİ,unknown,2026-05-31 06:00:00+03:00,,0.0,chunk_0039.json,POST /v1/generation/data/dpp-bulk,2026-05-31 21:45:41.784047+00:00,3200690,ÇAYIRHAN KOJENERASYON TESİSİ,103060,2026-05-31T06:00:00+03:00,06:00
40W000003200690S,ÇAYIRHAN KOJENERASYON TESİSİ,unknown,2026-05-31 07:00:00+03:00,,0.0,chunk_0039.json,POST /v1/generation/data/dpp-bulk,2026-05-31 21:45:41.784047+00:00,3200690,ÇAYIRHAN KOJENERASYON TESİSİ,103060,2026-05-31T07:00:00+03:00,07:00
40W000003200690S,ÇAYIRHAN KOJENERASYON TESİSİ,unknown,2026-05-31 08:00:00+03:00,,0.0,chunk_0039.json,POST /v1/generation/data/dpp-bulk,2026-05-31 21:45:41.784047+00:00,3200690,ÇAYIRHAN KOJENERASYON TESİSİ,103060,2026-05-31T08:00:00+03:00,08:00
40W000003200690S,ÇAYIRHAN KOJENERASYON TESİSİ,unknown,2026-05-31 09:00:00+03:00,,0.0,chunk_0039.json,POST /v1/generation/data/dpp-bulk,2026-05-31 21:45:41.784047+00:00,3200690,ÇAYIRHAN KOJENERASYON TESİSİ,103060,2026-05-31T09:00:00+03:00,09:00
40W000003200690S,ÇAYIRHAN KOJENERASYON TESİSİ,unknown,2026-05-31 10:00:00+03:00,,0.0,chunk_0039.json,POST /v1/generation/data/dpp-bulk,2026-05-31 21:45:41.784047+00:00,3200690,ÇAYIRHAN KOJENERASYON TESİSİ,103060,2026-05-31T10:00:00+03:00,10:00
40W000003200690S,ÇAYIRHAN KOJENERASYON TESİSİ,unknown,2026-05-31 11:00:00+03:00,,0.0,chunk_0039.json,POST /v1/generation/data/dpp-bulk,2026-05-31 21:45:41.784047+00:00,3200690,ÇAYIRHAN KOJENERASYON TESİSİ,103060,2026-05-31T11:00:00+03:00,11:00
40W000003200690S,ÇAYIRHAN KOJENERASYON TESİSİ,unknown,2026-05-31 12:00:00+03:00,,0.0,chunk_0039.json,POST /v1/generation/data/dpp-bulk,2026-05-31 21:45:41.784047+00:00,3200690,ÇAYIRHAN KOJENERASYON TESİSİ,103060,2026-05-31T12:00:00+03:00,12:00
40W000003200690S,ÇAYIRHAN KOJENERASYON TESİSİ,unknown,2026-05-31 13:00:00+03:00,,0.0,chunk_0039.json,POST /v1/generation/data/dpp-bulk,2026-05-31 21:45:41.784047+00:00,3200690,ÇAYIRHAN KOJENERASYON TESİSİ,103060,2026-05-31T13:00:00+03:00,13:00
40W000003200690S,ÇAYIRHAN KOJENERASYON TESİSİ,unknown,2026-05-31 14:00:00+03:00,,0.0,chunk_0039.json,POST /v1/generation/data/dpp-bulk,2026-05-31 21:45:41.784047+00:00,3200690,ÇAYIRHAN KOJENERASYON TESİSİ,103060,2026-05-31T14:00:00+03:00,14:00
40W000003200690S,ÇAYIRHAN KOJENERASYON TESİSİ,unknown,2026-05-31 15:00:00+03:00,,0.0,chunk_0039.json,POST /v1/generation/data/dpp-bulk,2026-05-31 21:45:41.784047+00:00,3200690,ÇAYIRHAN KOJENERASYON TESİSİ,103060,2026-05-31T15:00:00+03:00,15:00
40W000003200690S,ÇAYIRHAN KOJENERASYON TESİSİ,unknown,2026-05-31 16:00:00+03:00,,0.0,chunk_0039.json,POST /v1/generation/data/dpp-bulk,2026-05-31 21:45:41.784047+00:00,3200690,ÇAYIRHAN KOJENERASYON TESİSİ,103060,2026-05-31T16:00:00+03:00,16:00
40W000003200690S,ÇAYIRHAN KOJENERASYON TESİSİ,unknown,2026-05-31 17:00:00+03:00,,0.0,chunk_0039.json,POST /v1/generation/data/dpp-bulk,2026-05-31 21:45:41.784047+00:00,3200690,ÇAYIRHAN KOJENERASYON TESİSİ,103060,2026-05-31T17:00:00+03:00,17:00
40W000003200690S,ÇAYIRHAN KOJENERASYON TESİSİ,unknown,2026-05-31 18:00:00+03:00,,0.0,chunk_0039.json,POST /v1/generation/data/dpp-bulk,2026-05-31 21:45:41.784047+00:00,3200690,ÇAYIRHAN KOJENERASYON TESİSİ,103060,2026-05-31T18:00:00+03:00,18:00
40W000003200690S,ÇAYIRHAN KOJENERASYON TESİSİ,unknown,2026-05-31 19:00:00+03:00,,0.0,chunk_0039.json,POST /v1/generation/data/dpp-bulk,2026-05-31 21:45:41.784047+00:00,3200690,ÇAYIRHAN KOJENERASYON TESİSİ,103060,2026-05-31T19:00:00+03:00,19:00
40W000003200690S,ÇAYIRHAN KOJENERASYON TESİSİ,unknown,2026-05-31 20:00:00+03:00,,0.0,chunk_0039.json,POST /v1/generation/data/dpp-bulk,2026-05-31 21:45:41.784047+00:00,3200690,ÇAYIRHAN KOJENERASYON TESİSİ,103060,2026-05-31T20:00:00+03:00,20:00
40W000003200690S,ÇAYIRHAN KOJENERASYON TESİSİ,unknown,2026-05-31 21:00:00+03:00,,0.0,chunk_0039.json,POST /v1/generation/data/dpp-bulk,2026-05-31 21:45:41.784047+00:00,3200690,ÇAYIRHAN KOJENERASYON TESİSİ,103060,2026-05-31T21:00:00+03:00,21:00
40W000003200690S,ÇAYIRHAN KOJENERASYON TESİSİ,unknown,2026-05-31 22:00:00+03:00,,0.0,chunk_0039.json,POST /v1/generation/data/dpp-bulk,2026-05-31 21:45:41.784047+00:00,3200690,ÇAYIRHAN KOJENERASYON TESİSİ,103060,2026-05-31T22:00:00+03:00,22:00
40W000003200690S,ÇAYIRHAN KOJENERASYON TESİSİ,unknown,2026-05-31 23:00:00+03:00,,0.0,chunk_0039.json,POST /v1/generation/data/dpp-bulk,2026-05-31 21:45:41.784047+00:00,3200690,ÇAYIRHAN KOJENERASYON TESİSİ,103060,2026-05-31T23:00:00+03:00,23:00
40W000003200466X,SUSUZ REG.VE HES,unknown,2026-05-31 00:00:00+03:00,,7.0,chunk_0039.json,POST /v1/generation/data/dpp-bulk,2026-05-31 21:45:41.784047+00:00,3200466,SUSUZ REG.VE HES,103261,2026-05-31T00:00:00+03:00,00:00
40W000003200466X,SUSUZ REG.VE HES,unknown,2026-05-31 01:00:00+03:00,,7.0,chunk_0039.json,POST /v1/generation/data/dpp-bulk,2026-05-31 21:45:41.784047+00:00,3200466,SUSUZ REG.VE HES,103261,2026-05-31T01:00:00+03:00,01:00
40W000003200466X,SUSUZ REG.VE HES,unknown,2026-05-31 02:00:00+03:00,,7.0,chunk_0039.json,POST /v1/generation/data/dpp-bulk,2026-05-31 21:45:41.784047+00:00,3200466,SUSUZ REG.VE HES,103261,2026-05-31T02:00:00+03:00,02:00
40W000003200466X,SUSUZ REG.VE HES,unknown,2026-05-31 03:00:00+03:00,,7.0,chunk_0039.json,POST /v1/generation/data/dpp-bulk,2026-05-31 21:45:41.784047+00:00,3200466,SUSUZ REG.VE HES,103261,2026-05-31T03:00:00+03:00,03:00
40W000003200466X,SUSUZ REG.VE HES,unknown,2026-05-31 04:00:00+03:00,,7.0,chunk_0039.json,POST /v1/generation/data/dpp-bulk,2026-05-31 21:45:41.784047+00:00,3200466,SUSUZ REG.VE HES,103261,2026-05-31T04:00:00+03:00,04:00
40W000003200466X,SUSUZ REG.VE HES,unknown,2026-05-31 05:00:00+03:00,,7.0,chunk_0039.json,POST /v1/generation/data/dpp-bulk,2026-05-31 21:45:41.784047+00:00,3200466,SUSUZ REG.VE HES,103261,2026-05-31T05:00:00+03:00,05:00
40W000003200466X,SUSUZ REG.VE HES,unknown,2026-05-31 06:00:00+03:00,,7.0,chunk_0039.json,POST /v1/generation/data/dpp-bulk,2026-05-31 21:45:41.784047+00:00,3200466,SUSUZ REG.VE HES,103261,2026-05-31T06:00:00+03:00,06:00
40W000003200466X,SUSUZ REG.VE HES,unknown,2026-05-31 07:00:00+03:00,,7.0,chunk_0039.json,POST /v1/generation/data/dpp-bulk,2026-05-31 21:45:41.784047+00:00,3200466,SUSUZ REG.VE HES,103261,2026-05-31T07:00:00+03:00,07:00
40W000003200466X,SUSUZ REG.VE HES,unknown,2026-05-31 08:00:00+03:00,,6.5,chunk_0039.json,POST /v1/generation/data/dpp-bulk,2026-05-31 21:45:41.784047+00:00,3200466,SUSUZ REG.VE HES,103261,2026-05-31T08:00:00+03:00,08:00
40W000003200466X,SUSUZ REG.VE HES,unknown,2026-05-31 09:00:00+03:00,,6.0,chunk_0039.json,POST /v1/generation/data/dpp-bulk,2026-05-31 21:45:41.784047+00:00,3200466,SUSUZ REG.VE HES,103261,2026-05-31T09:00:00+03:00,09:00
40W000003200466X,SUSUZ REG.VE HES,unknown,2026-05-31 10:00:00+03:00,,7.0,chunk_0039.json,POST /v1/generation/data/dpp-bulk,2026-05-31 21:45:41.784047+00:00,3200466,SUSUZ REG.VE HES,103261,2026-05-31T10:00:00+03:00,10:00
40W000003200466X,SUSUZ REG.VE HES,unknown,2026-05-31 11:00:00+03:00,,7.0,chunk_0039.json,POST /v1/generation/data/dpp-bulk,2026-05-31 21:45:41.784047+00:00,3200466,SUSUZ REG.VE HES,103261,2026-05-31T11:00:00+03:00,11:00
40W000003200466X,SUSUZ REG.VE HES,unknown,2026-05-31 12:00:00+03:00,,7.0,chunk_0039.json,POST /v1/generation/data/dpp-bulk,2026-05-31 21:45:41.784047+00:00,3200466,SUSUZ REG.VE HES,103261,2026-05-31T12:00:00+03:00,12:00
40W000003200466X,SUSUZ REG.VE HES,unknown,2026-05-31 13:00:00+03:00,,6.0,chunk_0039.json,POST /v1/generation/data/dpp-bulk,2026-05-31 21:45:41.784047+00:00,3200466,SUSUZ REG.VE HES,103261,2026-05-31T13:00:00+03:00,13:00
40W000003200466X,SUSUZ REG.VE HES,unknown,2026-05-31 14:00:00+03:00,,7.0,chunk_0039.json,POST /v1/generation/data/dpp-bulk,2026-05-31 21:45:41.784047+00:00,3200466,SUSUZ REG.VE HES,103261,2026-05-31T14:00:00+03:00,14:00
40W000003200466X,SUSUZ REG.VE HES,unknown,2026-05-31 15:00:00+03:00,,7.0,chunk_0039.json,POST /v1/generation/data/dpp-bulk,2026-05-31 21:45:41.784047+00:00,3200466,SUSUZ REG.VE HES,103261,2026-05-31T15:00:00+03:00,15:00
40W000003200466X,SUSUZ REG.VE HES,unknown,2026-05-31 16:00:00+03:00,,7.0,chunk_0039.json,POST /v1/generation/data/dpp-bulk,2026-05-31 21:45:41.784047+00:00,3200466,SUSUZ REG.VE HES,103261,2026-05-31T16:00:00+03:00,16:00
40W000003200466X,SUSUZ REG.VE HES,unknown,2026-05-31 17:00:00+03:00,,6.0,chunk_0039.json,POST /v1/generation/data/dpp-bulk,2026-05-31 21:45:41.784047+00:00,3200466,SUSUZ REG.VE HES,103261,2026-05-31T17:00:00+03:00,17:00
40W000003200466X,SUSUZ REG.VE HES,unknown,2026-05-31 18:00:00+03:00,,6.0,chunk_0039.json,POST /v1/generation/data/dpp-bulk,2026-05-31 21:45:41.784047+00:00,3200466,SUSUZ REG.VE HES,103261,2026-05-31T18:00:00+03:00,18:00
40W000003200466X,SUSUZ REG.VE HES,unknown,2026-05-31 19:00:00+03:00,,7.0,chunk_0039.json,POST /v1/generation/data/dpp-bulk,2026-05-31 21:45:41.784047+00:00,3200466,SUSUZ REG.VE HES,103261,2026-05-31T19:00:00+03:00,19:00
40W000003200466X,SUSUZ REG.VE HES,unknown,2026-05-31 20:00:00+03:00,,7.0,chunk_0039.json,POST /v1/generation/data/dpp-bulk,2026-05-31 21:45:41.784047+00:00,3200466,SUSUZ REG.VE HES,103261,2026-05-31T20:00:00+03:00,20:00
40W000003200466X,SUSUZ REG.VE HES,unknown,2026-05-31 21:00:00+03:00,,7.0,chunk_0039.json,POST /v1/generation/data/dpp-bulk,2026-05-31 21:45:41.784047+00:00,3200466,SUSUZ REG.VE HES,103261,2026-05-31T21:00:00+03:00,21:00
40W000003200466X,SUSUZ REG.VE HES,unknown,2026-05-31 22:00:00+03:00,,7.0,chunk_0039.json,POST /v1/generation/data/dpp-bulk,2026-05-31 21:45:41.784047+00:00,3200466,SUSUZ REG.VE HES,103261,2026-05-31T22:00:00+03:00,22:00
40W000003200466X,SUSUZ REG.VE HES,unknown,2026-05-31 23:00:00+03:00,,7.0,chunk_0039.json,POST /v1/generation/data/dpp-bulk,2026-05-31 21:45:41.784047+00:00,3200466,SUSUZ REG.VE HES,103261,2026-05-31T23:00:00+03:00,23:00
40W000003200495Q,KALECİK HES(DAĞLAR ENR.),unknown,2026-05-31 00:00:00+03:00,,26.0,chunk_0039.json,POST /v1/generation/data/dpp-bulk,2026-05-31 21:45:41.784047+00:00,3200495,KALECİK HES(DAĞLAR ENR.),103402,2026-05-31T00:00:00+03:00,00:00
40W000003200495Q,KALECİK HES(DAĞLAR ENR.),unknown,2026-05-31 01:00:00+03:00,,26.0,chunk_0039.json,POST /v1/generation/data/dpp-bulk,2026-05-31 21:45:41.784047+00:00,3200495,KALECİK HES(DAĞLAR ENR.),103402,2026-05-31T01:00:00+03:00,01:00
40W000003200495Q,KALECİK HES(DAĞLAR ENR.),unknown,2026-05-31 02:00:00+03:00,,26.0,chunk_0039.json,POST /v1/generation/data/dpp-bulk,2026-05-31 21:45:41.784047+00:00,3200495,KALECİK HES(DAĞLAR ENR.),103402,2026-05-31T02:00:00+03:00,02:00
40W000003200495Q,KALECİK HES(DAĞLAR ENR.),unknown,2026-05-31 03:00:00+03:00,,26.0,chunk_0039.json,POST /v1/generation/data/dpp-bulk,2026-05-31 21:45:41.784047+00:00,3200495,KALECİK HES(DAĞLAR ENR.),103402,2026-05-31T03:00:00+03:00,03:00
40W000003200495Q,KALECİK HES(DAĞLAR ENR.),unknown,2026-05-31 04:00:00+03:00,,26.0,chunk_0039.json,POST /v1/generation/data/dpp-bulk,2026-05-31 21:45:41.784047+00:00,3200495,KALECİK HES(DAĞLAR ENR.),103402,2026-05-31T04:00:00+03:00,04:00
40W000003200495Q,KALECİK HES(DAĞLAR ENR.),unknown,2026-05-31 05:00:00+03:00,,26.0,chunk_0039.json,POST /v1/generation/data/dpp-bulk,2026-05-31 21:45:41.784047+00:00,3200495,KALECİK HES(DAĞLAR ENR.),103402,2026-05-31T05:00:00+03:00,05:00
40W000003200495Q,KALECİK HES(DAĞLAR ENR.),unknown,2026-05-31 06:00:00+03:00,,26.0,chunk_0039.json,POST /v1/generation/data/dpp-bulk,2026-05-31 21:45:41.784047+00:00,3200495,KALECİK HES(DAĞLAR ENR.),103402,2026-05-31T06:00:00+03:00,06:00
40W000003200495Q,KALECİK HES(DAĞLAR ENR.),unknown,2026-05-31 07:00:00+03:00,,26.0,chunk_0039.json,POST /v1/generation/data/dpp-bulk,2026-05-31 21:45:41.784047+00:00,3200495,KALECİK HES(DAĞLAR ENR.),103402,2026-05-31T07:00:00+03:00,07:00
40W000003200495Q,KALECİK HES(DAĞLAR ENR.),unknown,2026-05-31 08:00:00+03:00,,26.0,chunk_0039.json,POST /v1/generation/data/dpp-bulk,2026-05-31 21:45:41.784047+00:00,3200495,KALECİK HES(DAĞLAR ENR.),103402,2026-05-31T08:00:00+03:00,08:00
40W000003200495Q,KALECİK HES(DAĞLAR ENR.),unknown,2026-05-31 09:00:00+03:00,,26.0,chunk_0039.json,POST /v1/generation/data/dpp-bulk,2026-05-31 21:45:41.784047+00:00,3200495,KALECİK HES(DAĞLAR ENR.),103402,2026-05-31T09:00:00+03:00,09:00
40W000003200495Q,KALECİK HES(DAĞLAR ENR.),unknown,2026-05-31 10:00:00+03:00,,26.0,chunk_0039.json,POST /v1/generation/data/dpp-bulk,2026-05-31 21:45:41.784047+00:00,3200495,KALECİK HES(DAĞLAR ENR.),103402,2026-05-31T10:00:00+03:00,10:00
40W000003200495Q,KALECİK HES(DAĞLAR ENR.),unknown,2026-05-31 11:00:00+03:00,,26.0,chunk_0039.json,POST /v1/generation/data/dpp-bulk,2026-05-31 21:45:41.784047+00:00,3200495,KALECİK HES(DAĞLAR ENR.),103402,2026-05-31T11:00:00+03:00,11:00
40W000003200495Q,KALECİK HES(DAĞLAR ENR.),unknown,2026-05-31 12:00:00+03:00,,26.0,chunk_0039.json,POST /v1/generation/data/dpp-bulk,2026-05-31 21:45:41.784047+00:00,3200495,KALECİK HES(DAĞLAR ENR.),103402,2026-05-31T12:00:00+03:00,12:00
40W000003200495Q,KALECİK HES(DAĞLAR ENR.),unknown,2026-05-31 13:00:00+03:00,,26.0,chunk_0039.json,POST /v1/generation/data/dpp-bulk,2026-05-31 21:45:41.784047+00:00,3200495,KALECİK HES(DAĞLAR ENR.),103402,2026-05-31T13:00:00+03:00,13:00
40W000003200495Q,KALECİK HES(DAĞLAR ENR.),unknown,2026-05-31 14:00:00+03:00,,26.0,chunk_0039.json,POST /v1/generation/data/dpp-bulk,2026-05-31 21:45:41.784047+00:00,3200495,KALECİK HES(DAĞLAR ENR.),103402,2026-05-31T14:00:00+03:00,14:00
40W000003200495Q,KALECİK HES(DAĞLAR ENR.),unknown,2026-05-31 15:00:00+03:00,,26.0,chunk_0039.json,POST /v1/generation/data/dpp-bulk,2026-05-31 21:45:41.784047+00:00,3200495,KALECİK HES(DAĞLAR ENR.),103402,2026-05-31T15:00:00+03:00,15:00
40W000003200495Q,KALECİK HES(DAĞLAR ENR.),unknown,2026-05-31 16:00:00+03:00,,26.0,chunk_0039.json,POST /v1/generation/data/dpp-bulk,2026-05-31 21:45:41.784047+00:00,3200495,KALECİK HES(DAĞLAR ENR.),103402,2026-05-31T16:00:00+03:00,16:00
40W000003200495Q,KALECİK HES(DAĞLAR ENR.),unknown,2026-05-31 17:00:00+03:00,,26.0,chunk_0039.json,POST /v1/generation/data/dpp-bulk,2026-05-31 21:45:41.784047+00:00,3200495,KALECİK HES(DAĞLAR ENR.),103402,2026-05-31T17:00:00+03:00,17:00
40W000003200495Q,KALECİK HES(DAĞLAR ENR.),unknown,2026-05-31 18:00:00+03:00,,26.0,chunk_0039.json,POST /v1/generation/data/dpp-bulk,2026-05-31 21:45:41.784047+00:00,3200495,KALECİK HES(DAĞLAR ENR.),103402,2026-05-31T18:00:00+03:00,18:00
40W000003200495Q,KALECİK HES(DAĞLAR ENR.),unknown,2026-05-31 19:00:00+03:00,,26.0,chunk_0039.json,POST /v1/generation/data/dpp-bulk,2026-05-31 21:45:41.784047+00:00,3200495,KALECİK HES(DAĞLAR ENR.),103402,2026-05-31T19:00:00+03:00,19:00
40W000003200495Q,KALECİK HES(DAĞLAR ENR.),unknown,2026-05-31 20:00:00+03:00,,26.0,chunk_0039.json,POST /v1/generation/data/dpp-bulk,2026-05-31 21:45:41.784047+00:00,3200495,KALECİK HES(DAĞLAR ENR.),103402,2026-05-31T20:00:00+03:00,20:00
40W000003200495Q,KALECİK HES(DAĞLAR ENR.),unknown,2026-05-31 21:00:00+03:00,,26.0,chunk_0039.json,POST /v1/generation/data/dpp-bulk,2026-05-31 21:45:41.784047+00:00,3200495,KALECİK HES(DAĞLAR ENR.),103402,2026-05-31T21:00:00+03:00,21:00
40W000003200495Q,KALECİK HES(DAĞLAR ENR.),unknown,2026-05-31 22:00:00+03:00,,26.0,chunk_0039.json,POST /v1/generation/data/dpp-bulk,2026-05-31 21:45:41.784047+00:00,3200495,KALECİK HES(DAĞLAR ENR.),103402,2026-05-31T22:00:00+03:00,22:00
40W000003200495Q,KALECİK HES(DAĞLAR ENR.),unknown,2026-05-31 23:00:00+03:00,,26.0,chunk_0039.json,POST /v1/generation/data/dpp-bulk,2026-05-31 21:45:41.784047+00:00,3200495,KALECİK HES(DAĞLAR ENR.),103402,2026-05-31T23:00:00+03:00,23:00
40W000003200590W,GÖKDAĞ RES(İLETKEN ENR.),unknown,2026-05-31 00:00:00+03:00,,1.3,chunk_0039.json,POST /v1/generation/data/dpp-bulk,2026-05-31 21:45:41.784047+00:00,3200590,GÖKDAĞ RES(İLETKEN ENR.),103402,2026-05-31T00:00:00+03:00,00:00
40W000003200590W,GÖKDAĞ RES(İLETKEN ENR.),unknown,2026-05-31 01:00:00+03:00,,1.26,chunk_0039.json,POST /v1/generation/data/dpp-bulk,2026-05-31 21:45:41.784047+00:00,3200590,GÖKDAĞ RES(İLETKEN ENR.),103402,2026-05-31T01:00:00+03:00,01:00
40W000003200590W,GÖKDAĞ RES(İLETKEN ENR.),unknown,2026-05-31 02:00:00+03:00,,1.34,chunk_0039.json,POST /v1/generation/data/dpp-bulk,2026-05-31 21:45:41.784047+00:00,3200590,GÖKDAĞ RES(İLETKEN ENR.),103402,2026-05-31T02:00:00+03:00,02:00
40W000003200590W,GÖKDAĞ RES(İLETKEN ENR.),unknown,2026-05-31 03:00:00+03:00,,1.38,chunk_0039.json,POST /v1/generation/data/dpp-bulk,2026-05-31 21:45:41.784047+00:00,3200590,GÖKDAĞ RES(İLETKEN ENR.),103402,2026-05-31T03:00:00+03:00,03:00
40W000003200590W,GÖKDAĞ RES(İLETKEN ENR.),unknown,2026-05-31 04:00:00+03:00,,1.38,chunk_0039.json,POST /v1/generation/data/dpp-bulk,2026-05-31 21:45:41.784047+00:00,3200590,GÖKDAĞ RES(İLETKEN ENR.),103402,2026-05-31T04:00:00+03:00,04:00
40W000003200590W,GÖKDAĞ RES(İLETKEN ENR.),unknown,2026-05-31 05:00:00+03:00,,1.33,chunk_0039.json,POST /v1/generation/data/dpp-bulk,2026-05-31 21:45:41.784047+00:00,3200590,GÖKDAĞ RES(İLETKEN ENR.),103402,2026-05-31T05:00:00+03:00,05:00
40W000003200590W,GÖKDAĞ RES(İLETKEN ENR.),unknown,2026-05-31 06:00:00+03:00,,1.39,chunk_0039.json,POST /v1/generation/data/dpp-bulk,2026-05-31 21:45:41.784047+00:00,3200590,GÖKDAĞ RES(İLETKEN ENR.),103402,2026-05-31T06:00:00+03:00,06:00
40W000003200590W,GÖKDAĞ RES(İLETKEN ENR.),unknown,2026-05-31 07:00:00+03:00,,1.25,chunk_0039.json,POST /v1/generation/data/dpp-bulk,2026-05-31 21:45:41.784047+00:00,3200590,GÖKDAĞ RES(İLETKEN ENR.),103402,2026-05-31T07:00:00+03:00,07:00
40W000003200590W,GÖKDAĞ RES(İLETKEN ENR.),unknown,2026-05-31 08:00:00+03:00,,0.9,chunk_0039.json,POST /v1/generation/data/dpp-bulk,2026-05-31 21:45:41.784047+00:00,3200590,GÖKDAĞ RES(İLETKEN ENR.),103402,2026-05-31T08:00:00+03:00,08:00
40W000003200590W,GÖKDAĞ RES(İLETKEN ENR.),unknown,2026-05-31 09:00:00+03:00,,0.68,chunk_0039.json,POST /v1/generation/data/dpp-bulk,2026-05-31 21:45:41.784047+00:00,3200590,GÖKDAĞ RES(İLETKEN ENR.),103402,2026-05-31T09:00:00+03:00,09:00
40W000003200590W,GÖKDAĞ RES(İLETKEN ENR.),unknown,2026-05-31 10:00:00+03:00,,0.86,chunk_0039.json,POST /v1/generation/data/dpp-bulk,2026-05-31 21:45:41.784047+00:00,3200590,GÖKDAĞ RES(İLETKEN ENR.),103402,2026-05-31T10:00:00+03:00,10:00
40W000003200590W,GÖKDAĞ RES(İLETKEN ENR.),unknown,2026-05-31 11:00:00+03:00,,1.01,chunk_0039.json,POST /v1/generation/data/dpp-bulk,2026-05-31 21:45:41.784047+00:00,3200590,GÖKDAĞ RES(İLETKEN ENR.),103402,2026-05-31T11:00:00+03:00,11:00
40W000003200590W,GÖKDAĞ RES(İLETKEN ENR.),unknown,2026-05-31 12:00:00+03:00,,1.02,chunk_0039.json,POST /v1/generation/data/dpp-bulk,2026-05-31 21:45:41.784047+00:00,3200590,GÖKDAĞ RES(İLETKEN ENR.),103402,2026-05-31T12:00:00+03:00,12:00
40W000003200590W,GÖKDAĞ RES(İLETKEN ENR.),unknown,2026-05-31 13:00:00+03:00,,0.82,chunk_0039.json,POST /v1/generation/data/dpp-bulk,2026-05-31 21:45:41.784047+00:00,3200590,GÖKDAĞ RES(İLETKEN ENR.),103402,2026-05-31T13:00:00+03:00,13:00
40W000003200590W,GÖKDAĞ RES(İLETKEN ENR.),unknown,2026-05-31 14:00:00+03:00,,0.66,chunk_0039.json,POST /v1/generation/data/dpp-bulk,2026-05-31 21:45:41.784047+00:00,3200590,GÖKDAĞ RES(İLETKEN ENR.),103402,2026-05-31T14:00:00+03:00,14:00
40W000003200590W,GÖKDAĞ RES(İLETKEN ENR.),unknown,2026-05-31 15:00:00+03:00,,0.6,chunk_0039.json,POST /v1/generation/data/dpp-bulk,2026-05-31 21:45:41.784047+00:00,3200590,GÖKDAĞ RES(İLETKEN ENR.),103402,2026-05-31T15:00:00+03:00,15:00
40W000003200590W,GÖKDAĞ RES(İLETKEN ENR.),unknown,2026-05-31 16:00:00+03:00,,1.53,chunk_0039.json,POST /v1/generation/data/dpp-bulk,2026-05-31 21:45:41.784047+00:00,3200590,GÖKDAĞ RES(İLETKEN ENR.),103402,2026-05-31T16:00:00+03:00,16:00
40W000003200590W,GÖKDAĞ RES(İLETKEN ENR.),unknown,2026-05-31 17:00:00+03:00,,0.44,chunk_0039.json,POST /v1/generation/data/dpp-bulk,2026-05-31 21:45:41.784047+00:00,3200590,GÖKDAĞ RES(İLETKEN ENR.),103402,2026-05-31T17:00:00+03:00,17:00
40W000003200590W,GÖKDAĞ RES(İLETKEN ENR.),unknown,2026-05-31 18:00:00+03:00,,0.4,chunk_0039.json,POST /v1/generation/data/dpp-bulk,2026-05-31 21:45:41.784047+00:00,3200590,GÖKDAĞ RES(İLETKEN ENR.),103402,2026-05-31T18:00:00+03:00,18:00
40W000003200590W,GÖKDAĞ RES(İLETKEN ENR.),unknown,2026-05-31 19:00:00+03:00,,0.47,chunk_0039.json,POST /v1/generation/data/dpp-bulk,2026-05-31 21:45:41.784047+00:00,3200590,GÖKDAĞ RES(İLETKEN ENR.),103402,2026-05-31T19:00:00+03:00,19:00
40W000003200590W,GÖKDAĞ RES(İLETKEN ENR.),unknown,2026-05-31 20:00:00+03:00,,0.67,chunk_0039.json,POST /v1/generation/data/dpp-bulk,2026-05-31 21:45:41.784047+00:00,3200590,GÖKDAĞ RES(İLETKEN ENR.),103402,2026-05-31T20:00:00+03:00,20:00
40W000003200590W,GÖKDAĞ RES(İLETKEN ENR.),unknown,2026-05-31 21:00:00+03:00,,0.86,chunk_0039.json,POST /v1/generation/data/dpp-bulk,2026-05-31 21:45:41.784047+00:00,3200590,GÖKDAĞ RES(İLETKEN ENR.),103402,2026-05-31T21:00:00+03:00,21:00
40W000003200590W,GÖKDAĞ RES(İLETKEN ENR.),unknown,2026-05-31 22:00:00+03:00,,1.09,chunk_0039.json,POST /v1/generation/data/dpp-bulk,2026-05-31 21:45:41.784047+00:00,3200590,GÖKDAĞ RES(İLETKEN ENR.),103402,2026-05-31T22:00:00+03:00,22:00
40W000003200590W,GÖKDAĞ RES(İLETKEN ENR.),unknown,2026-05-31 23:00:00+03:00,,1.57,chunk_0039.json,POST /v1/generation/data/dpp-bulk,2026-05-31 21:45:41.784047+00:00,3200590,GÖKDAĞ RES(İLETKEN ENR.),103402,2026-05-31T23:00:00+03:00,23:00
40W000003200629V,TAV EGE ADNAN MENDERES HAV.(OU LİSANSI YOKTUR),unknown,2026-05-31 00:00:00+03:00,,0.0,chunk_0039.json,POST /v1/generation/data/dpp-bulk,2026-05-31 21:45:41.784047+00:00,3200629,TAV EGE ADNAN MENDERES HAV.(OU LİSANSI YOKTUR),103820,2026-05-31T00:00:00+03:00,00:00
40W000003200629V,TAV EGE ADNAN MENDERES HAV.(OU LİSANSI YOKTUR),unknown,2026-05-31 01:00:00+03:00,,0.0,chunk_0039.json,POST /v1/generation/data/dpp-bulk,2026-05-31 21:45:41.784047+00:00,3200629,TAV EGE ADNAN MENDERES HAV.(OU LİSANSI YOKTUR),103820,2026-05-31T01:00:00+03:00,01:00
40W000003200629V,TAV EGE ADNAN MENDERES HAV.(OU LİSANSI YOKTUR),unknown,2026-05-31 02:00:00+03:00,,0.0,chunk_0039.json,POST /v1/generation/data/dpp-bulk,2026-05-31 21:45:41.784047+00:00,3200629,TAV EGE ADNAN MENDERES HAV.(OU LİSANSI YOKTUR),103820,2026-05-31T02:00:00+03:00,02:00
40W000003200629V,TAV EGE ADNAN MENDERES HAV.(OU LİSANSI YOKTUR),unknown,2026-05-31 03:00:00+03:00,,0.0,chunk_0039.json,POST /v1/generation/data/dpp-bulk,2026-05-31 21:45:41.784047+00:00,3200629,TAV EGE ADNAN MENDERES HAV.(OU LİSANSI YOKTUR),103820,2026-05-31T03:00:00+03:00,03:00
40W000003200629V,TAV EGE ADNAN MENDERES HAV.(OU LİSANSI YOKTUR),unknown,2026-05-31 04:00:00+03:00,,0.0,chunk_0039.json,POST /v1/generation/data/dpp-bulk,2026-05-31 21:45:41.784047+00:00,3200629,TAV EGE ADNAN MENDERES HAV.(OU LİSANSI YOKTUR),103820,2026-05-31T04:00:00+03:00,04:00
40W000003200629V,TAV EGE ADNAN MENDERES HAV.(OU LİSANSI YOKTUR),unknown,2026-05-31 05:00:00+03:00,,0.0,chunk_0039.json,POST /v1/generation/data/dpp-bulk,2026-05-31 21:45:41.784047+00:00,3200629,TAV EGE ADNAN MENDERES HAV.(OU LİSANSI YOKTUR),103820,2026-05-31T05:00:00+03:00,05:00
40W000003200629V,TAV EGE ADNAN MENDERES HAV.(OU LİSANSI YOKTUR),unknown,2026-05-31 06:00:00+03:00,,0.0,chunk_0039.json,POST /v1/generation/data/dpp-bulk,2026-05-31 21:45:41.784047+00:00,3200629,TAV EGE ADNAN MENDERES HAV.(OU LİSANSI YOKTUR),103820,2026-05-31T06:00:00+03:00,06:00
40W000003200629V,TAV EGE ADNAN MENDERES HAV.(OU LİSANSI YOKTUR),unknown,2026-05-31 07:00:00+03:00,,0.0,chunk_0039.json,POST /v1/generation/data/dpp-bulk,2026-05-31 21:45:41.784047+00:00,3200629,TAV EGE ADNAN MENDERES HAV.(OU LİSANSI YOKTUR),103820,2026-05-31T07:00:00+03:00,07:00
40W000003200629V,TAV EGE ADNAN MENDERES HAV.(OU LİSANSI YOKTUR),unknown,2026-05-31 08:00:00+03:00,,0.0,chunk_0039.json,POST /v1/generation/data/dpp-bulk,2026-05-31 21:45:41.784047+00:00,3200629,TAV EGE ADNAN MENDERES HAV.(OU LİSANSI YOKTUR),103820,2026-05-31T08:00:00+03:00,08:00
40W000003200629V,TAV EGE ADNAN MENDERES HAV.(OU LİSANSI YOKTUR),unknown,2026-05-31 09:00:00+03:00,,0.0,chunk_0039.json,POST /v1/generation/data/dpp-bulk,2026-05-31 21:45:41.784047+00:00,3200629,TAV EGE ADNAN MENDERES HAV.(OU LİSANSI YOKTUR),103820,2026-05-31T09:00:00+03:00,09:00
40W000003200629V,TAV EGE ADNAN MENDERES HAV.(OU LİSANSI YOKTUR),unknown,2026-05-31 10:00:00+03:00,,0.0,chunk_0039.json,POST /v1/generation/data/dpp-bulk,2026-05-31 21:45:41.784047+00:00,3200629,TAV EGE ADNAN MENDERES HAV.(OU LİSANSI YOKTUR),103820,2026-05-31T10:00:00+03:00,10:00
40W000003200629V,TAV EGE ADNAN MENDERES HAV.(OU LİSANSI YOKTUR),unknown,2026-05-31 11:00:00+03:00,,0.0,chunk_0039.json,POST /v1/generation/data/dpp-bulk,2026-05-31 21:45:41.784047+00:00,3200629,TAV EGE ADNAN MENDERES HAV.(OU LİSANSI YOKTUR),103820,2026-05-31T11:00:00+03:00,11:00
40W000003200629V,TAV EGE ADNAN MENDERES HAV.(OU LİSANSI YOKTUR),unknown,2026-05-31 12:00:00+03:00,,0.0,chunk_0039.json,POST /v1/generation/data/dpp-bulk,2026-05-31 21:45:41.784047+00:00,3200629,TAV EGE ADNAN MENDERES HAV.(OU LİSANSI YOKTUR),103820,2026-05-31T12:00:00+03:00,12:00
40W000003200629V,TAV EGE ADNAN MENDERES HAV.(OU LİSANSI YOKTUR),unknown,2026-05-31 13:00:00+03:00,,0.0,chunk_0039.json,POST /v1/generation/data/dpp-bulk,2026-05-31 21:45:41.784047+00:00,3200629,TAV EGE ADNAN MENDERES HAV.(OU LİSANSI YOKTUR),103820,2026-05-31T13:00:00+03:00,13:00
40W000003200629V,TAV EGE ADNAN MENDERES HAV.(OU LİSANSI YOKTUR),unknown,2026-05-31 14:00:00+03:00,,0.0,chunk_0039.json,POST /v1/generation/data/dpp-bulk,2026-05-31 21:45:41.784047+00:00,3200629,TAV EGE ADNAN MENDERES HAV.(OU LİSANSI YOKTUR),103820,2026-05-31T14:00:00+03:00,14:00
40W000003200629V,TAV EGE ADNAN MENDERES HAV.(OU LİSANSI YOKTUR),unknown,2026-05-31 15:00:00+03:00,,0.0,chunk_0039.json,POST /v1/generation/data/dpp-bulk,2026-05-31 21:45:41.784047+00:00,3200629,TAV EGE ADNAN MENDERES HAV.(OU LİSANSI YOKTUR),103820,2026-05-31T15:00:00+03:00,15:00
40W000003200629V,TAV EGE ADNAN MENDERES HAV.(OU LİSANSI YOKTUR),unknown,2026-05-31 16:00:00+03:00,,0.0,chunk_0039.json,POST /v1/generation/data/dpp-bulk,2026-05-31 21:45:41.784047+00:00,3200629,TAV EGE ADNAN MENDERES HAV.(OU LİSANSI YOKTUR),103820,2026-05-31T16:00:00+03:00,16:00
40W000003200629V,TAV EGE ADNAN MENDERES HAV.(OU LİSANSI YOKTUR),unknown,2026-05-31 17:00:00+03:00,,0.0,chunk_0039.json,POST /v1/generation/data/dpp-bulk,2026-05-31 21:45:41.784047+00:00,3200629,TAV EGE ADNAN MENDERES HAV.(OU LİSANSI YOKTUR),103820,2026-05-31T17:00:00+03:00,17:00
40W000003200629V,TAV EGE ADNAN MENDERES HAV.(OU LİSANSI YOKTUR),unknown,2026-05-31 18:00:00+03:00,,0.0,chunk_0039.json,POST /v1/generation/data/dpp-bulk,2026-05-31 21:45:41.784047+00:00,3200629,TAV EGE ADNAN MENDERES HAV.(OU LİSANSI YOKTUR),103820,2026-05-31T18:00:00+03:00,18:00
40W000003200629V,TAV EGE ADNAN MENDERES HAV.(OU LİSANSI YOKTUR),unknown,2026-05-31 19:00:00+03:00,,0.0,chunk_0039.json,POST /v1/generation/data/dpp-bulk,2026-05-31 21:45:41.784047+00:00,3200629,TAV EGE ADNAN MENDERES HAV.(OU LİSANSI YOKTUR),103820,2026-05-31T19:00:00+03:00,19:00
40W000003200629V,TAV EGE ADNAN MENDERES HAV.(OU LİSANSI YOKTUR),unknown,2026-05-31 20:00:00+03:00,,0.0,chunk_0039.json,POST /v1/generation/data/dpp-bulk,2026-05-31 21:45:41.784047+00:00,3200629,TAV EGE ADNAN MENDERES HAV.(OU LİSANSI YOKTUR),103820,2026-05-31T20:00:00+03:00,20:00
40W000003200629V,TAV EGE ADNAN MENDERES HAV.(OU LİSANSI YOKTUR),unknown,2026-05-31 21:00:00+03:00,,0.0,chunk_0039.json,POST /v1/generation/data/dpp-bulk,2026-05-31 21:45:41.784047+00:00,3200629,TAV EGE ADNAN MENDERES HAV.(OU LİSANSI YOKTUR),103820,2026-05-31T21:00:00+03:00,21:00
40W000003200629V,TAV EGE ADNAN MENDERES HAV.(OU LİSANSI YOKTUR),unknown,2026-05-31 22:00:00+03:00,,0.0,chunk_0039.json,POST /v1/generation/data/dpp-bulk,2026-05-31 21:45:41.784047+00:00,3200629,TAV EGE ADNAN MENDERES HAV.(OU LİSANSI YOKTUR),103820,2026-05-31T22:00:00+03:00,22:00
40W000003200629V,TAV EGE ADNAN MENDERES HAV.(OU LİSANSI YOKTUR),unknown,2026-05-31 23:00:00+03:00,,0.0,chunk_0039.json,POST /v1/generation/data/dpp-bulk,2026-05-31 21:45:41.784047+00:00,3200629,TAV EGE ADNAN MENDERES HAV.(OU LİSANSI YOKTUR),103820,2026-05-31T23:00:00+03:00,23:00
40W0000032006317,TAV ESENBOĞA KOJENERASYON TESİSİ,unknown,2026-05-31 00:00:00+03:00,,0.0,chunk_0039.json,POST /v1/generation/data/dpp-bulk,2026-05-31 21:45:41.784047+00:00,3200631,TAV ESENBOĞA KOJENERASYON TESİSİ,103820,2026-05-31T00:00:00+03:00,00:00
40W0000032006317,TAV ESENBOĞA KOJENERASYON TESİSİ,unknown,2026-05-31 01:00:00+03:00,,0.0,chunk_0039.json,POST /v1/generation/data/dpp-bulk,2026-05-31 21:45:41.784047+00:00,3200631,TAV ESENBOĞA KOJENERASYON TESİSİ,103820,2026-05-31T01:00:00+03:00,01:00
40W0000032006317,TAV ESENBOĞA KOJENERASYON TESİSİ,unknown,2026-05-31 02:00:00+03:00,,0.0,chunk_0039.json,POST /v1/generation/data/dpp-bulk,2026-05-31 21:45:41.784047+00:00,3200631,TAV ESENBOĞA KOJENERASYON TESİSİ,103820,2026-05-31T02:00:00+03:00,02:00
40W0000032006317,TAV ESENBOĞA KOJENERASYON TESİSİ,unknown,2026-05-31 03:00:00+03:00,,0.0,chunk_0039.json,POST /v1/generation/data/dpp-bulk,2026-05-31 21:45:41.784047+00:00,3200631,TAV ESENBOĞA KOJENERASYON TESİSİ,103820,2026-05-31T03:00:00+03:00,03:00
40W0000032006317,TAV ESENBOĞA KOJENERASYON TESİSİ,unknown,2026-05-31 04:00:00+03:00,,0.0,chunk_0039.json,POST /v1/generation/data/dpp-bulk,2026-05-31 21:45:41.784047+00:00,3200631,TAV ESENBOĞA KOJENERASYON TESİSİ,103820,2026-05-31T04:00:00+03:00,04:00
40W0000032006317,TAV ESENBOĞA KOJENERASYON TESİSİ,unknown,2026-05-31 05:00:00+03:00,,0.0,chunk_0039.json,POST /v1/generation/data/dpp-bulk,2026-05-31 21:45:41.784047+00:00,3200631,TAV ESENBOĞA KOJENERASYON TESİSİ,103820,2026-05-31T05:00:00+03:00,05:00
40W0000032006317,TAV ESENBOĞA KOJENERASYON TESİSİ,unknown,2026-05-31 06:00:00+03:00,,0.0,chunk_0039.json,POST /v1/generation/data/dpp-bulk,2026-05-31 21:45:41.784047+00:00,3200631,TAV ESENBOĞA KOJENERASYON TESİSİ,103820,2026-05-31T06:00:00+03:00,06:00
40W0000032006317,TAV ESENBOĞA KOJENERASYON TESİSİ,unknown,2026-05-31 07:00:00+03:00,,0.0,chunk_0039.json,POST /v1/generation/data/dpp-bulk,2026-05-31 21:45:41.784047+00:00,3200631,TAV ESENBOĞA KOJENERASYON TESİSİ,103820,2026-05-31T07:00:00+03:00,07:00
40W0000032006317,TAV ESENBOĞA KOJENERASYON TESİSİ,unknown,2026-05-31 08:00:00+03:00,,0.0,chunk_0039.json,POST /v1/generation/data/dpp-bulk,2026-05-31 21:45:41.784047+00:00,3200631,TAV ESENBOĞA KOJENERASYON TESİSİ,103820,2026-05-31T08:00:00+03:00,08:00
40W0000032006317,TAV ESENBOĞA KOJENERASYON TESİSİ,unknown,2026-05-31 09:00:00+03:00,,0.0,chunk_0039.json,POST /v1/generation/data/dpp-bulk,2026-05-31 21:45:41.784047+00:00,3200631,TAV ESENBOĞA KOJENERASYON TESİSİ,103820,2026-05-31T09:00:00+03:00,09:00
40W0000032006317,TAV ESENBOĞA KOJENERASYON TESİSİ,unknown,2026-05-31 10:00:00+03:00,,0.0,chunk_0039.json,POST /v1/generation/data/dpp-bulk,2026-05-31 21:45:41.784047+00:00,3200631,TAV ESENBOĞA KOJENERASYON TESİSİ,103820,2026-05-31T10:00:00+03:00,10:00
40W0000032006317,TAV ESENBOĞA KOJENERASYON TESİSİ,unknown,2026-05-31 11:00:00+03:00,,0.0,chunk_0039.json,POST /v1/generation/data/dpp-bulk,2026-05-31 21:45:41.784047+00:00,3200631,TAV ESENBOĞA KOJENERASYON TESİSİ,103820,2026-05-31T11:00:00+03:00,11:00
40W0000032006317,TAV ESENBOĞA KOJENERASYON TESİSİ,unknown,2026-05-31 12:00:00+03:00,,0.0,chunk_0039.json,POST /v1/generation/data/dpp-bulk,2026-05-31 21:45:41.784047+00:00,3200631,TAV ESENBOĞA KOJENERASYON TESİSİ,103820,2026-05-31T12:00:00+03:00,12:00
40W0000032006317,TAV ESENBOĞA KOJENERASYON TESİSİ,unknown,2026-05-31 13:00:00+03:00,,0.0,chunk_0039.json,POST /v1/generation/data/dpp-bulk,2026-05-31 21:45:41.784047+00:00,3200631,TAV ESENBOĞA KOJENERASYON TESİSİ,103820,2026-05-31T13:00:00+03:00,13:00
40W0000032006317,TAV ESENBOĞA KOJENERASYON TESİSİ,unknown,2026-05-31 14:00:00+03:00,,0.0,chunk_0039.json,POST /v1/generation/data/dpp-bulk,2026-05-31 21:45:41.784047+00:00,3200631,TAV ESENBOĞA KOJENERASYON TESİSİ,103820,2026-05-31T14:00:00+03:00,14:00
40W0000032006317,TAV ESENBOĞA KOJENERASYON TESİSİ,unknown,2026-05-31 15:00:00+03:00,,0.0,chunk_0039.json,POST /v1/generation/data/dpp-bulk,2026-05-31 21:45:41.784047+00:00,3200631,TAV ESENBOĞA KOJENERASYON TESİSİ,103820,2026-05-31T15:00:00+03:00,15:00
40W0000032006317,TAV ESENBOĞA KOJENERASYON TESİSİ,unknown,2026-05-31 16:00:00+03:00,,0.0,chunk_0039.json,POST /v1/generation/data/dpp-bulk,2026-05-31 21:45:41.784047+00:00,3200631,TAV ESENBOĞA KOJENERASYON TESİSİ,103820,2026-05-31T16:00:00+03:00,16:00
40W0000032006317,TAV ESENBOĞA KOJENERASYON TESİSİ,unknown,2026-05-31 17:00:00+03:00,,0.0,chunk_0039.json,POST /v1/generation/data/dpp-bulk,2026-05-31 21:45:41.784047+00:00,3200631,TAV ESENBOĞA KOJENERASYON TESİSİ,103820,2026-05-31T17:00:00+03:00,17:00
40W0000032006317,TAV ESENBOĞA KOJENERASYON TESİSİ,unknown,2026-05-31 18:00:00+03:00,,0.0,chunk_0039.json,POST /v1/generation/data/dpp-bulk,2026-05-31 21:45:41.784047+00:00,3200631,TAV ESENBOĞA KOJENERASYON TESİSİ,103820,2026-05-31T18:00:00+03:00,18:00
40W0000032006317,TAV ESENBOĞA KOJENERASYON TESİSİ,unknown,2026-05-31 19:00:00+03:00,,0.0,chunk_0039.json,POST /v1/generation/data/dpp-bulk,2026-05-31 21:45:41.784047+00:00,3200631,TAV ESENBOĞA KOJENERASYON TESİSİ,103820,2026-05-31T19:00:00+03:00,19:00
40W0000032006317,TAV ESENBOĞA KOJENERASYON TESİSİ,unknown,2026-05-31 20:00:00+03:00,,0.0,chunk_0039.json,POST /v1/generation/data/dpp-bulk,2026-05-31 21:45:41.784047+00:00,3200631,TAV ESENBOĞA KOJENERASYON TESİSİ,103820,2026-05-31T20:00:00+03:00,20:00
40W0000032006317,TAV ESENBOĞA KOJENERASYON TESİSİ,unknown,2026-05-31 21:00:00+03:00,,0.0,chunk_0039.json,POST /v1/generation/data/dpp-bulk,2026-05-31 21:45:41.784047+00:00,3200631,TAV ESENBOĞA KOJENERASYON TESİSİ,103820,2026-05-31T21:00:00+03:00,21:00
40W0000032006317,TAV ESENBOĞA KOJENERASYON TESİSİ,unknown,2026-05-31 22:00:00+03:00,,0.0,chunk_0039.json,POST /v1/generation/data/dpp-bulk,2026-05-31 21:45:41.784047+00:00,3200631,TAV ESENBOĞA KOJENERASYON TESİSİ,103820,2026-05-31T22:00:00+03:00,22:00
40W0000032006317,TAV ESENBOĞA KOJENERASYON TESİSİ,unknown,2026-05-31 23:00:00+03:00,,0.0,chunk_0039.json,POST /v1/generation/data/dpp-bulk,2026-05-31 21:45:41.784047+00:00,3200631,TAV ESENBOĞA KOJENERASYON TESİSİ,103820,2026-05-31T23:00:00+03:00,23:00
40W0000032004640,DEMİRCİLİ RES,unknown,2026-05-31 00:00:00+03:00,,4.47,chunk_0039.json,POST /v1/generation/data/dpp-bulk,2026-05-31 21:45:41.784047+00:00,3200464,DEMİRCİLİ RES,103940,2026-05-31T00:00:00+03:00,00:00
40W0000032004640,DEMİRCİLİ RES,unknown,2026-05-31 01:00:00+03:00,,4.35,chunk_0039.json,POST /v1/generation/data/dpp-bulk,2026-05-31 21:45:41.784047+00:00,3200464,DEMİRCİLİ RES,103940,2026-05-31T01:00:00+03:00,01:00
40W0000032004640,DEMİRCİLİ RES,unknown,2026-05-31 02:00:00+03:00,,4.5,chunk_0039.json,POST /v1/generation/data/dpp-bulk,2026-05-31 21:45:41.784047+00:00,3200464,DEMİRCİLİ RES,103940,2026-05-31T02:00:00+03:00,02:00
40W0000032004640,DEMİRCİLİ RES,unknown,2026-05-31 03:00:00+03:00,,3.25,chunk_0039.json,POST /v1/generation/data/dpp-bulk,2026-05-31 21:45:41.784047+00:00,3200464,DEMİRCİLİ RES,103940,2026-05-31T03:00:00+03:00,03:00
40W0000032004640,DEMİRCİLİ RES,unknown,2026-05-31 04:00:00+03:00,,4.96,chunk_0039.json,POST /v1/generation/data/dpp-bulk,2026-05-31 21:45:41.784047+00:00,3200464,DEMİRCİLİ RES,103940,2026-05-31T04:00:00+03:00,04:00
40W0000032004640,DEMİRCİLİ RES,unknown,2026-05-31 05:00:00+03:00,,4.97,chunk_0039.json,POST /v1/generation/data/dpp-bulk,2026-05-31 21:45:41.784047+00:00,3200464,DEMİRCİLİ RES,103940,2026-05-31T05:00:00+03:00,05:00
40W0000032004640,DEMİRCİLİ RES,unknown,2026-05-31 06:00:00+03:00,,5.13,chunk_0039.json,POST /v1/generation/data/dpp-bulk,2026-05-31 21:45:41.784047+00:00,3200464,DEMİRCİLİ RES,103940,2026-05-31T06:00:00+03:00,06:00
40W0000032004640,DEMİRCİLİ RES,unknown,2026-05-31 07:00:00+03:00,,5.09,chunk_0039.json,POST /v1/generation/data/dpp-bulk,2026-05-31 21:45:41.784047+00:00,3200464,DEMİRCİLİ RES,103940,2026-05-31T07:00:00+03:00,07:00
40W0000032004640,DEMİRCİLİ RES,unknown,2026-05-31 08:00:00+03:00,,3.58,chunk_0039.json,POST /v1/generation/data/dpp-bulk,2026-05-31 21:45:41.784047+00:00,3200464,DEMİRCİLİ RES,103940,2026-05-31T08:00:00+03:00,08:00
40W0000032004640,DEMİRCİLİ RES,unknown,2026-05-31 09:00:00+03:00,,1.97,chunk_0039.json,POST /v1/generation/data/dpp-bulk,2026-05-31 21:45:41.784047+00:00,3200464,DEMİRCİLİ RES,103940,2026-05-31T09:00:00+03:00,09:00
40W0000032004640,DEMİRCİLİ RES,unknown,2026-05-31 10:00:00+03:00,,1.34,chunk_0039.json,POST /v1/generation/data/dpp-bulk,2026-05-31 21:45:41.784047+00:00,3200464,DEMİRCİLİ RES,103940,2026-05-31T10:00:00+03:00,10:00
40W0000032004640,DEMİRCİLİ RES,unknown,2026-05-31 11:00:00+03:00,,0.77,chunk_0039.json,POST /v1/generation/data/dpp-bulk,2026-05-31 21:45:41.784047+00:00,3200464,DEMİRCİLİ RES,103940,2026-05-31T11:00:00+03:00,11:00
40W0000032004640,DEMİRCİLİ RES,unknown,2026-05-31 12:00:00+03:00,,0.67,chunk_0039.json,POST /v1/generation/data/dpp-bulk,2026-05-31 21:45:41.784047+00:00,3200464,DEMİRCİLİ RES,103940,2026-05-31T12:00:00+03:00,12:00
40W0000032004640,DEMİRCİLİ RES,unknown,2026-05-31 13:00:00+03:00,,0.56,chunk_0039.json,POST /v1/generation/data/dpp-bulk,2026-05-31 21:45:41.784047+00:00,3200464,DEMİRCİLİ RES,103940,2026-05-31T13:00:00+03:00,13:00
40W0000032004640,DEMİRCİLİ RES,unknown,2026-05-31 14:00:00+03:00,,0.61,chunk_0039.json,POST /v1/generation/data/dpp-bulk,2026-05-31 21:45:41.784047+00:00,3200464,DEMİRCİLİ RES,103940,2026-05-31T14:00:00+03:00,14:00
40W0000032004640,DEMİRCİLİ RES,unknown,2026-05-31 15:00:00+03:00,,0.7,chunk_0039.json,POST /v1/generation/data/dpp-bulk,2026-05-31 21:45:41.784047+00:00,3200464,DEMİRCİLİ RES,103940,2026-05-31T15:00:00+03:00,15:00
40W0000032004640,DEMİRCİLİ RES,unknown,2026-05-31 16:00:00+03:00,,0.83,chunk_0039.json,POST /v1/generation/data/dpp-bulk,2026-05-31 21:45:41.784047+00:00,3200464,DEMİRCİLİ RES,103940,2026-05-31T16:00:00+03:00,16:00
40W0000032004640,DEMİRCİLİ RES,unknown,2026-05-31 17:00:00+03:00,,0.78,chunk_0039.json,POST /v1/generation/data/dpp-bulk,2026-05-31 21:45:41.784047+00:00,3200464,DEMİRCİLİ RES,103940,2026-05-31T17:00:00+03:00,17:00
40W0000032004640,DEMİRCİLİ RES,unknown,2026-05-31 18:00:00+03:00,,0.37,chunk_0039.json,POST /v1/generation/data/dpp-bulk,2026-05-31 21:45:41.784047+00:00,3200464,DEMİRCİLİ RES,103940,2026-05-31T18:00:00+03:00,18:00
40W0000032004640,DEMİRCİLİ RES,unknown,2026-05-31 19:00:00+03:00,,0.18,chunk_0039.json,POST /v1/generation/data/dpp-bulk,2026-05-31 21:45:41.784047+00:00,3200464,DEMİRCİLİ RES,103940,2026-05-31T19:00:00+03:00,19:00
40W0000032004640,DEMİRCİLİ RES,unknown,2026-05-31 20:00:00+03:00,,0.09,chunk_0039.json,POST /v1/generation/data/dpp-bulk,2026-05-31 21:45:41.784047+00:00,3200464,DEMİRCİLİ RES,103940,2026-05-31T20:00:00+03:00,20:00
40W0000032004640,DEMİRCİLİ RES,unknown,2026-05-31 21:00:00+03:00,,0.08,chunk_0039.json,POST /v1/generation/data/dpp-bulk,2026-05-31 21:45:41.784047+00:00,3200464,DEMİRCİLİ RES,103940,2026-05-31T21:00:00+03:00,21:00
40W0000032004640,DEMİRCİLİ RES,unknown,2026-05-31 22:00:00+03:00,,0.11,chunk_0039.json,POST /v1/generation/data/dpp-bulk,2026-05-31 21:45:41.784047+00:00,3200464,DEMİRCİLİ RES,103940,2026-05-31T22:00:00+03:00,22:00
40W0000032004640,DEMİRCİLİ RES,unknown,2026-05-31 23:00:00+03:00,,0.18,chunk_0039.json,POST /v1/generation/data/dpp-bulk,2026-05-31 21:45:41.784047+00:00,3200464,DEMİRCİLİ RES,103940,2026-05-31T23:00:00+03:00,23:00
40W000003200691Q,ZİYARET HES,unknown,2026-05-31 00:00:00+03:00,,3.0,chunk_0039.json,POST /v1/generation/data/dpp-bulk,2026-05-31 21:45:41.784047+00:00,3200691,ZİYARET HES,104523,2026-05-31T00:00:00+03:00,00:00
40W000003200691Q,ZİYARET HES,unknown,2026-05-31 01:00:00+03:00,,3.0,chunk_0039.json,POST /v1/generation/data/dpp-bulk,2026-05-31 21:45:41.784047+00:00,3200691,ZİYARET HES,104523,2026-05-31T01:00:00+03:00,01:00
40W000003200691Q,ZİYARET HES,unknown,2026-05-31 02:00:00+03:00,,3.0,chunk_0039.json,POST /v1/generation/data/dpp-bulk,2026-05-31 21:45:41.784047+00:00,3200691,ZİYARET HES,104523,2026-05-31T02:00:00+03:00,02:00
40W000003200691Q,ZİYARET HES,unknown,2026-05-31 03:00:00+03:00,,3.0,chunk_0039.json,POST /v1/generation/data/dpp-bulk,2026-05-31 21:45:41.784047+00:00,3200691,ZİYARET HES,104523,2026-05-31T03:00:00+03:00,03:00
40W000003200691Q,ZİYARET HES,unknown,2026-05-31 04:00:00+03:00,,3.0,chunk_0039.json,POST /v1/generation/data/dpp-bulk,2026-05-31 21:45:41.784047+00:00,3200691,ZİYARET HES,104523,2026-05-31T04:00:00+03:00,04:00
40W000003200691Q,ZİYARET HES,unknown,2026-05-31 05:00:00+03:00,,3.0,chunk_0039.json,POST /v1/generation/data/dpp-bulk,2026-05-31 21:45:41.784047+00:00,3200691,ZİYARET HES,104523,2026-05-31T05:00:00+03:00,05:00
40W000003200691Q,ZİYARET HES,unknown,2026-05-31 06:00:00+03:00,,3.0,chunk_0039.json,POST /v1/generation/data/dpp-bulk,2026-05-31 21:45:41.784047+00:00,3200691,ZİYARET HES,104523,2026-05-31T06:00:00+03:00,06:00
40W000003200691Q,ZİYARET HES,unknown,2026-05-31 07:00:00+03:00,,3.0,chunk_0039.json,POST /v1/generation/data/dpp-bulk,2026-05-31 21:45:41.784047+00:00,3200691,ZİYARET HES,104523,2026-05-31T07:00:00+03:00,07:00
40W000003200691Q,ZİYARET HES,unknown,2026-05-31 08:00:00+03:00,,3.0,chunk_0039.json,POST /v1/generation/data/dpp-bulk,2026-05-31 21:45:41.784047+00:00,3200691,ZİYARET HES,104523,2026-05-31T08:00:00+03:00,08:00
40W000003200691Q,ZİYARET HES,unknown,2026-05-31 09:00:00+03:00,,3.0,chunk_0039.json,POST /v1/generation/data/dpp-bulk,2026-05-31 21:45:41.784047+00:00,3200691,ZİYARET HES,104523,2026-05-31T09:00:00+03:00,09:00
40W000003200691Q,ZİYARET HES,unknown,2026-05-31 10:00:00+03:00,,3.0,chunk_0039.json,POST /v1/generation/data/dpp-bulk,2026-05-31 21:45:41.784047+00:00,3200691,ZİYARET HES,104523,2026-05-31T10:00:00+03:00,10:00
40W000003200691Q,ZİYARET HES,unknown,2026-05-31 11:00:00+03:00,,3.0,chunk_0039.json,POST /v1/generation/data/dpp-bulk,2026-05-31 21:45:41.784047+00:00,3200691,ZİYARET HES,104523,2026-05-31T11:00:00+03:00,11:00
40W000003200691Q,ZİYARET HES,unknown,2026-05-31 12:00:00+03:00,,3.0,chunk_0039.json,POST /v1/generation/data/dpp-bulk,2026-05-31 21:45:41.784047+00:00,3200691,ZİYARET HES,104523,2026-05-31T12:00:00+03:00,12:00
40W000003200691Q,ZİYARET HES,unknown,2026-05-31 13:00:00+03:00,,3.0,chunk_0039.json,POST /v1/generation/data/dpp-bulk,2026-05-31 21:45:41.784047+00:00,3200691,ZİYARET HES,104523,2026-05-31T13:00:00+03:00,13:00
40W000003200691Q,ZİYARET HES,unknown,2026-05-31 14:00:00+03:00,,3.0,chunk_0039.json,POST /v1/generation/data/dpp-bulk,2026-05-31 21:45:41.784047+00:00,3200691,ZİYARET HES,104523,2026-05-31T14:00:00+03:00,14:00
40W000003200691Q,ZİYARET HES,unknown,2026-05-31 15:00:00+03:00,,3.0,chunk_0039.json,POST /v1/generation/data/dpp-bulk,2026-05-31 21:45:41.784047+00:00,3200691,ZİYARET HES,104523,2026-05-31T15:00:00+03:00,15:00
40W000003200691Q,ZİYARET HES,unknown,2026-05-31 16:00:00+03:00,,3.0,chunk_0039.json,POST /v1/generation/data/dpp-bulk,2026-05-31 21:45:41.784047+00:00,3200691,ZİYARET HES,104523,2026-05-31T16:00:00+03:00,16:00
40W000003200691Q,ZİYARET HES,unknown,2026-05-31 17:00:00+03:00,,3.0,chunk_0039.json,POST /v1/generation/data/dpp-bulk,2026-05-31 21:45:41.784047+00:00,3200691,ZİYARET HES,104523,2026-05-31T17:00:00+03:00,17:00
40W000003200691Q,ZİYARET HES,unknown,2026-05-31 18:00:00+03:00,,3.0,chunk_0039.json,POST /v1/generation/data/dpp-bulk,2026-05-31 21:45:41.784047+00:00,3200691,ZİYARET HES,104523,2026-05-31T18:00:00+03:00,18:00
40W000003200691Q,ZİYARET HES,unknown,2026-05-31 19:00:00+03:00,,3.0,chunk_0039.json,POST /v1/generation/data/dpp-bulk,2026-05-31 21:45:41.784047+00:00,3200691,ZİYARET HES,104523,2026-05-31T19:00:00+03:00,19:00
40W000003200691Q,ZİYARET HES,unknown,2026-05-31 20:00:00+03:00,,3.0,chunk_0039.json,POST /v1/generation/data/dpp-bulk,2026-05-31 21:45:41.784047+00:00,3200691,ZİYARET HES,104523,2026-05-31T20:00:00+03:00,20:00
40W000003200691Q,ZİYARET HES,unknown,2026-05-31 21:00:00+03:00,,3.0,chunk_0039.json,POST /v1/generation/data/dpp-bulk,2026-05-31 21:45:41.784047+00:00,3200691,ZİYARET HES,104523,2026-05-31T21:00:00+03:00,21:00
40W000003200691Q,ZİYARET HES,unknown,2026-05-31 22:00:00+03:00,,3.0,chunk_0039.json,POST /v1/generation/data/dpp-bulk,2026-05-31 21:45:41.784047+00:00,3200691,ZİYARET HES,104523,2026-05-31T22:00:00+03:00,22:00
40W000003200691Q,ZİYARET HES,unknown,2026-05-31 23:00:00+03:00,,3.0,chunk_0039.json,POST /v1/generation/data/dpp-bulk,2026-05-31 21:45:41.784047+00:00,3200691,ZİYARET HES,104523,2026-05-31T23:00:00+03:00,23:00
