entsoe_code,plant_name,fuel_type,delivery_hour,publication_timestamp,kgup_mwh,source_file,source_api,forecast_timestamp,uevcb_id,uevcb_name,org_id,date_raw,time_raw
40W000000112505R,İZAYDAŞ BİYOGAZ ENR. ÜRT. TES. BİY. PROJESİ,unknown,2026-05-31 00:00:00+03:00,,0.0,chunk_0018.json,POST /v1/generation/data/dpp-bulk,2026-05-31 21:45:17.665981+00:00,112505,İZAYDAŞ BİYOGAZ ENR. ÜRT. TES. BİY. PROJESİ,105,2026-05-31T00:00:00+03:00,00:00
40W000000112505R,İZAYDAŞ BİYOGAZ ENR. ÜRT. TES. BİY. PROJESİ,unknown,2026-05-31 01:00:00+03:00,,0.0,chunk_0018.json,POST /v1/generation/data/dpp-bulk,2026-05-31 21:45:17.665981+00:00,112505,İZAYDAŞ BİYOGAZ ENR. ÜRT. TES. BİY. PROJESİ,105,2026-05-31T01:00:00+03:00,01:00
40W000000112505R,İZAYDAŞ BİYOGAZ ENR. ÜRT. TES. BİY. PROJESİ,unknown,2026-05-31 02:00:00+03:00,,0.0,chunk_0018.json,POST /v1/generation/data/dpp-bulk,2026-05-31 21:45:17.665981+00:00,112505,İZAYDAŞ BİYOGAZ ENR. ÜRT. TES. BİY. PROJESİ,105,2026-05-31T02:00:00+03:00,02:00
40W000000112505R,İZAYDAŞ BİYOGAZ ENR. ÜRT. TES. BİY. PROJESİ,unknown,2026-05-31 03:00:00+03:00,,0.0,chunk_0018.json,POST /v1/generation/data/dpp-bulk,2026-05-31 21:45:17.665981+00:00,112505,İZAYDAŞ BİYOGAZ ENR. ÜRT. TES. BİY. PROJESİ,105,2026-05-31T03:00:00+03:00,03:00
40W000000112505R,İZAYDAŞ BİYOGAZ ENR. ÜRT. TES. BİY. PROJESİ,unknown,2026-05-31 04:00:00+03:00,,0.0,chunk_0018.json,POST /v1/generation/data/dpp-bulk,2026-05-31 21:45:17.665981+00:00,112505,İZAYDAŞ BİYOGAZ ENR. ÜRT. TES. BİY. PROJESİ,105,2026-05-31T04:00:00+03:00,04:00
40W000000112505R,İZAYDAŞ BİYOGAZ ENR. ÜRT. TES. BİY. PROJESİ,unknown,2026-05-31 05:00:00+03:00,,0.0,chunk_0018.json,POST /v1/generation/data/dpp-bulk,2026-05-31 21:45:17.665981+00:00,112505,İZAYDAŞ BİYOGAZ ENR. ÜRT. TES. BİY. PROJESİ,105,2026-05-31T05:00:00+03:00,05:00
40W000000112505R,İZAYDAŞ BİYOGAZ ENR. ÜRT. TES. BİY. PROJESİ,unknown,2026-05-31 06:00:00+03:00,,0.0,chunk_0018.json,POST /v1/generation/data/dpp-bulk,2026-05-31 21:45:17.665981+00:00,112505,İZAYDAŞ BİYOGAZ ENR. ÜRT. TES. BİY. PROJESİ,105,2026-05-31T06:00:00+03:00,06:00
40W000000112505R,İZAYDAŞ BİYOGAZ ENR. ÜRT. TES. BİY. PROJESİ,unknown,2026-05-31 07:00:00+03:00,,0.0,chunk_0018.json,POST /v1/generation/data/dpp-bulk,2026-05-31 21:45:17.665981+00:00,112505,İZAYDAŞ BİYOGAZ ENR. ÜRT. TES. BİY. PROJESİ,105,2026-05-31T07:00:00+03:00,07:00
40W000000112505R,İZAYDAŞ BİYOGAZ ENR. ÜRT. TES. BİY. PROJESİ,unknown,2026-05-31 08:00:00+03:00,,0.0,chunk_0018.json,POST /v1/generation/data/dpp-bulk,2026-05-31 21:45:17.665981+00:00,112505,İZAYDAŞ BİYOGAZ ENR. ÜRT. TES. BİY. PROJESİ,105,2026-05-31T08:00:00+03:00,08:00
40W000000112505R,İZAYDAŞ BİYOGAZ ENR. ÜRT. TES. BİY. PROJESİ,unknown,2026-05-31 09:00:00+03:00,,0.0,chunk_0018.json,POST /v1/generation/data/dpp-bulk,2026-05-31 21:45:17.665981+00:00,112505,İZAYDAŞ BİYOGAZ ENR. ÜRT. TES. BİY. PROJESİ,105,2026-05-31T09:00:00+03:00,09:00
40W000000112505R,İZAYDAŞ BİYOGAZ ENR. ÜRT. TES. BİY. PROJESİ,unknown,2026-05-31 10:00:00+03:00,,0.0,chunk_0018.json,POST /v1/generation/data/dpp-bulk,2026-05-31 21:45:17.665981+00:00,112505,İZAYDAŞ BİYOGAZ ENR. ÜRT. TES. BİY. PROJESİ,105,2026-05-31T10:00:00+03:00,10:00
40W000000112505R,İZAYDAŞ BİYOGAZ ENR. ÜRT. TES. BİY. PROJESİ,unknown,2026-05-31 11:00:00+03:00,,0.0,chunk_0018.json,POST /v1/generation/data/dpp-bulk,2026-05-31 21:45:17.665981+00:00,112505,İZAYDAŞ BİYOGAZ ENR. ÜRT. TES. BİY. PROJESİ,105,2026-05-31T11:00:00+03:00,11:00
40W000000112505R,İZAYDAŞ BİYOGAZ ENR. ÜRT. TES. BİY. PROJESİ,unknown,2026-05-31 12:00:00+03:00,,0.0,chunk_0018.json,POST /v1/generation/data/dpp-bulk,2026-05-31 21:45:17.665981+00:00,112505,İZAYDAŞ BİYOGAZ ENR. ÜRT. TES. BİY. PROJESİ,105,2026-05-31T12:00:00+03:00,12:00
40W000000112505R,İZAYDAŞ BİYOGAZ ENR. ÜRT. TES. BİY. PROJESİ,unknown,2026-05-31 13:00:00+03:00,,0.0,chunk_0018.json,POST /v1/generation/data/dpp-bulk,2026-05-31 21:45:17.665981+00:00,112505,İZAYDAŞ BİYOGAZ ENR. ÜRT. TES. BİY. PROJESİ,105,2026-05-31T13:00:00+03:00,13:00
40W000000112505R,İZAYDAŞ BİYOGAZ ENR. ÜRT. TES. BİY. PROJESİ,unknown,2026-05-31 14:00:00+03:00,,0.0,chunk_0018.json,POST /v1/generation/data/dpp-bulk,2026-05-31 21:45:17.665981+00:00,112505,İZAYDAŞ BİYOGAZ ENR. ÜRT. TES. BİY. PROJESİ,105,2026-05-31T14:00:00+03:00,14:00
40W000000112505R,İZAYDAŞ BİYOGAZ ENR. ÜRT. TES. BİY. PROJESİ,unknown,2026-05-31 15:00:00+03:00,,0.0,chunk_0018.json,POST /v1/generation/data/dpp-bulk,2026-05-31 21:45:17.665981+00:00,112505,İZAYDAŞ BİYOGAZ ENR. ÜRT. TES. BİY. PROJESİ,105,2026-05-31T15:00:00+03:00,15:00
40W000000112505R,İZAYDAŞ BİYOGAZ ENR. ÜRT. TES. BİY. PROJESİ,unknown,2026-05-31 16:00:00+03:00,,0.0,chunk_0018.json,POST /v1/generation/data/dpp-bulk,2026-05-31 21:45:17.665981+00:00,112505,İZAYDAŞ BİYOGAZ ENR. ÜRT. TES. BİY. PROJESİ,105,2026-05-31T16:00:00+03:00,16:00
40W000000112505R,İZAYDAŞ BİYOGAZ ENR. ÜRT. TES. BİY. PROJESİ,unknown,2026-05-31 17:00:00+03:00,,0.0,chunk_0018.json,POST /v1/generation/data/dpp-bulk,2026-05-31 21:45:17.665981+00:00,112505,İZAYDAŞ BİYOGAZ ENR. ÜRT. TES. BİY. PROJESİ,105,2026-05-31T17:00:00+03:00,17:00
40W000000112505R,İZAYDAŞ BİYOGAZ ENR. ÜRT. TES. BİY. PROJESİ,unknown,2026-05-31 18:00:00+03:00,,0.0,chunk_0018.json,POST /v1/generation/data/dpp-bulk,2026-05-31 21:45:17.665981+00:00,112505,İZAYDAŞ BİYOGAZ ENR. ÜRT. TES. BİY. PROJESİ,105,2026-05-31T18:00:00+03:00,18:00
40W000000112505R,İZAYDAŞ BİYOGAZ ENR. ÜRT. TES. BİY. PROJESİ,unknown,2026-05-31 19:00:00+03:00,,0.0,chunk_0018.json,POST /v1/generation/data/dpp-bulk,2026-05-31 21:45:17.665981+00:00,112505,İZAYDAŞ BİYOGAZ ENR. ÜRT. TES. BİY. PROJESİ,105,2026-05-31T19:00:00+03:00,19:00
40W000000112505R,İZAYDAŞ BİYOGAZ ENR. ÜRT. TES. BİY. PROJESİ,unknown,2026-05-31 20:00:00+03:00,,0.0,chunk_0018.json,POST /v1/generation/data/dpp-bulk,2026-05-31 21:45:17.665981+00:00,112505,İZAYDAŞ BİYOGAZ ENR. ÜRT. TES. BİY. PROJESİ,105,2026-05-31T20:00:00+03:00,20:00
40W000000112505R,İZAYDAŞ BİYOGAZ ENR. ÜRT. TES. BİY. PROJESİ,unknown,2026-05-31 21:00:00+03:00,,0.0,chunk_0018.json,POST /v1/generation/data/dpp-bulk,2026-05-31 21:45:17.665981+00:00,112505,İZAYDAŞ BİYOGAZ ENR. ÜRT. TES. BİY. PROJESİ,105,2026-05-31T21:00:00+03:00,21:00
40W000000112505R,İZAYDAŞ BİYOGAZ ENR. ÜRT. TES. BİY. PROJESİ,unknown,2026-05-31 22:00:00+03:00,,0.0,chunk_0018.json,POST /v1/generation/data/dpp-bulk,2026-05-31 21:45:17.665981+00:00,112505,İZAYDAŞ BİYOGAZ ENR. ÜRT. TES. BİY. PROJESİ,105,2026-05-31T22:00:00+03:00,22:00
40W000000112505R,İZAYDAŞ BİYOGAZ ENR. ÜRT. TES. BİY. PROJESİ,unknown,2026-05-31 23:00:00+03:00,,0.0,chunk_0018.json,POST /v1/generation/data/dpp-bulk,2026-05-31 21:45:17.665981+00:00,112505,İZAYDAŞ BİYOGAZ ENR. ÜRT. TES. BİY. PROJESİ,105,2026-05-31T23:00:00+03:00,23:00
40W000000106711A,ALPASLAN 1 HES,unknown,2026-05-31 00:00:00+03:00,,159.0,chunk_0018.json,POST /v1/generation/data/dpp-bulk,2026-05-31 21:45:17.665981+00:00,106711,ALPASLAN 1 HES,195,2026-05-31T00:00:00+03:00,00:00
40W000000106711A,ALPASLAN 1 HES,unknown,2026-05-31 01:00:00+03:00,,159.0,chunk_0018.json,POST /v1/generation/data/dpp-bulk,2026-05-31 21:45:17.665981+00:00,106711,ALPASLAN 1 HES,195,2026-05-31T01:00:00+03:00,01:00
40W000000106711A,ALPASLAN 1 HES,unknown,2026-05-31 02:00:00+03:00,,159.0,chunk_0018.json,POST /v1/generation/data/dpp-bulk,2026-05-31 21:45:17.665981+00:00,106711,ALPASLAN 1 HES,195,2026-05-31T02:00:00+03:00,02:00
40W000000106711A,ALPASLAN 1 HES,unknown,2026-05-31 03:00:00+03:00,,159.0,chunk_0018.json,POST /v1/generation/data/dpp-bulk,2026-05-31 21:45:17.665981+00:00,106711,ALPASLAN 1 HES,195,2026-05-31T03:00:00+03:00,03:00
40W000000106711A,ALPASLAN 1 HES,unknown,2026-05-31 04:00:00+03:00,,159.0,chunk_0018.json,POST /v1/generation/data/dpp-bulk,2026-05-31 21:45:17.665981+00:00,106711,ALPASLAN 1 HES,195,2026-05-31T04:00:00+03:00,04:00
40W000000106711A,ALPASLAN 1 HES,unknown,2026-05-31 05:00:00+03:00,,159.0,chunk_0018.json,POST /v1/generation/data/dpp-bulk,2026-05-31 21:45:17.665981+00:00,106711,ALPASLAN 1 HES,195,2026-05-31T05:00:00+03:00,05:00
40W000000106711A,ALPASLAN 1 HES,unknown,2026-05-31 06:00:00+03:00,,159.0,chunk_0018.json,POST /v1/generation/data/dpp-bulk,2026-05-31 21:45:17.665981+00:00,106711,ALPASLAN 1 HES,195,2026-05-31T06:00:00+03:00,06:00
40W000000106711A,ALPASLAN 1 HES,unknown,2026-05-31 07:00:00+03:00,,159.0,chunk_0018.json,POST /v1/generation/data/dpp-bulk,2026-05-31 21:45:17.665981+00:00,106711,ALPASLAN 1 HES,195,2026-05-31T07:00:00+03:00,07:00
40W000000106711A,ALPASLAN 1 HES,unknown,2026-05-31 08:00:00+03:00,,159.0,chunk_0018.json,POST /v1/generation/data/dpp-bulk,2026-05-31 21:45:17.665981+00:00,106711,ALPASLAN 1 HES,195,2026-05-31T08:00:00+03:00,08:00
40W000000106711A,ALPASLAN 1 HES,unknown,2026-05-31 09:00:00+03:00,,159.0,chunk_0018.json,POST /v1/generation/data/dpp-bulk,2026-05-31 21:45:17.665981+00:00,106711,ALPASLAN 1 HES,195,2026-05-31T09:00:00+03:00,09:00
40W000000106711A,ALPASLAN 1 HES,unknown,2026-05-31 10:00:00+03:00,,159.0,chunk_0018.json,POST /v1/generation/data/dpp-bulk,2026-05-31 21:45:17.665981+00:00,106711,ALPASLAN 1 HES,195,2026-05-31T10:00:00+03:00,10:00
40W000000106711A,ALPASLAN 1 HES,unknown,2026-05-31 11:00:00+03:00,,159.0,chunk_0018.json,POST /v1/generation/data/dpp-bulk,2026-05-31 21:45:17.665981+00:00,106711,ALPASLAN 1 HES,195,2026-05-31T11:00:00+03:00,11:00
40W000000106711A,ALPASLAN 1 HES,unknown,2026-05-31 12:00:00+03:00,,159.0,chunk_0018.json,POST /v1/generation/data/dpp-bulk,2026-05-31 21:45:17.665981+00:00,106711,ALPASLAN 1 HES,195,2026-05-31T12:00:00+03:00,12:00
40W000000106711A,ALPASLAN 1 HES,unknown,2026-05-31 13:00:00+03:00,,159.0,chunk_0018.json,POST /v1/generation/data/dpp-bulk,2026-05-31 21:45:17.665981+00:00,106711,ALPASLAN 1 HES,195,2026-05-31T13:00:00+03:00,13:00
40W000000106711A,ALPASLAN 1 HES,unknown,2026-05-31 14:00:00+03:00,,159.0,chunk_0018.json,POST /v1/generation/data/dpp-bulk,2026-05-31 21:45:17.665981+00:00,106711,ALPASLAN 1 HES,195,2026-05-31T14:00:00+03:00,14:00
40W000000106711A,ALPASLAN 1 HES,unknown,2026-05-31 15:00:00+03:00,,159.0,chunk_0018.json,POST /v1/generation/data/dpp-bulk,2026-05-31 21:45:17.665981+00:00,106711,ALPASLAN 1 HES,195,2026-05-31T15:00:00+03:00,15:00
40W000000106711A,ALPASLAN 1 HES,unknown,2026-05-31 16:00:00+03:00,,159.0,chunk_0018.json,POST /v1/generation/data/dpp-bulk,2026-05-31 21:45:17.665981+00:00,106711,ALPASLAN 1 HES,195,2026-05-31T16:00:00+03:00,16:00
40W000000106711A,ALPASLAN 1 HES,unknown,2026-05-31 17:00:00+03:00,,159.0,chunk_0018.json,POST /v1/generation/data/dpp-bulk,2026-05-31 21:45:17.665981+00:00,106711,ALPASLAN 1 HES,195,2026-05-31T17:00:00+03:00,17:00
40W000000106711A,ALPASLAN 1 HES,unknown,2026-05-31 18:00:00+03:00,,159.0,chunk_0018.json,POST /v1/generation/data/dpp-bulk,2026-05-31 21:45:17.665981+00:00,106711,ALPASLAN 1 HES,195,2026-05-31T18:00:00+03:00,18:00
40W000000106711A,ALPASLAN 1 HES,unknown,2026-05-31 19:00:00+03:00,,159.0,chunk_0018.json,POST /v1/generation/data/dpp-bulk,2026-05-31 21:45:17.665981+00:00,106711,ALPASLAN 1 HES,195,2026-05-31T19:00:00+03:00,19:00
40W000000106711A,ALPASLAN 1 HES,unknown,2026-05-31 20:00:00+03:00,,159.0,chunk_0018.json,POST /v1/generation/data/dpp-bulk,2026-05-31 21:45:17.665981+00:00,106711,ALPASLAN 1 HES,195,2026-05-31T20:00:00+03:00,20:00
40W000000106711A,ALPASLAN 1 HES,unknown,2026-05-31 21:00:00+03:00,,159.0,chunk_0018.json,POST /v1/generation/data/dpp-bulk,2026-05-31 21:45:17.665981+00:00,106711,ALPASLAN 1 HES,195,2026-05-31T21:00:00+03:00,21:00
40W000000106711A,ALPASLAN 1 HES,unknown,2026-05-31 22:00:00+03:00,,159.0,chunk_0018.json,POST /v1/generation/data/dpp-bulk,2026-05-31 21:45:17.665981+00:00,106711,ALPASLAN 1 HES,195,2026-05-31T22:00:00+03:00,22:00
40W000000106711A,ALPASLAN 1 HES,unknown,2026-05-31 23:00:00+03:00,,159.0,chunk_0018.json,POST /v1/generation/data/dpp-bulk,2026-05-31 21:45:17.665981+00:00,106711,ALPASLAN 1 HES,195,2026-05-31T23:00:00+03:00,23:00
40W000000111619H,ERMENEK HES1,unknown,2026-05-31 00:00:00+03:00,,290.0,chunk_0018.json,POST /v1/generation/data/dpp-bulk,2026-05-31 21:45:17.665981+00:00,111619,ERMENEK HES1,195,2026-05-31T00:00:00+03:00,00:00
40W000000111619H,ERMENEK HES1,unknown,2026-05-31 01:00:00+03:00,,290.0,chunk_0018.json,POST /v1/generation/data/dpp-bulk,2026-05-31 21:45:17.665981+00:00,111619,ERMENEK HES1,195,2026-05-31T01:00:00+03:00,01:00
40W000000111619H,ERMENEK HES1,unknown,2026-05-31 02:00:00+03:00,,0.0,chunk_0018.json,POST /v1/generation/data/dpp-bulk,2026-05-31 21:45:17.665981+00:00,111619,ERMENEK HES1,195,2026-05-31T02:00:00+03:00,02:00
40W000000111619H,ERMENEK HES1,unknown,2026-05-31 03:00:00+03:00,,0.0,chunk_0018.json,POST /v1/generation/data/dpp-bulk,2026-05-31 21:45:17.665981+00:00,111619,ERMENEK HES1,195,2026-05-31T03:00:00+03:00,03:00
40W000000111619H,ERMENEK HES1,unknown,2026-05-31 04:00:00+03:00,,0.0,chunk_0018.json,POST /v1/generation/data/dpp-bulk,2026-05-31 21:45:17.665981+00:00,111619,ERMENEK HES1,195,2026-05-31T04:00:00+03:00,04:00
40W000000111619H,ERMENEK HES1,unknown,2026-05-31 05:00:00+03:00,,0.0,chunk_0018.json,POST /v1/generation/data/dpp-bulk,2026-05-31 21:45:17.665981+00:00,111619,ERMENEK HES1,195,2026-05-31T05:00:00+03:00,05:00
40W000000111619H,ERMENEK HES1,unknown,2026-05-31 06:00:00+03:00,,0.0,chunk_0018.json,POST /v1/generation/data/dpp-bulk,2026-05-31 21:45:17.665981+00:00,111619,ERMENEK HES1,195,2026-05-31T06:00:00+03:00,06:00
40W000000111619H,ERMENEK HES1,unknown,2026-05-31 07:00:00+03:00,,0.0,chunk_0018.json,POST /v1/generation/data/dpp-bulk,2026-05-31 21:45:17.665981+00:00,111619,ERMENEK HES1,195,2026-05-31T07:00:00+03:00,07:00
40W000000111619H,ERMENEK HES1,unknown,2026-05-31 08:00:00+03:00,,145.0,chunk_0018.json,POST /v1/generation/data/dpp-bulk,2026-05-31 21:45:17.665981+00:00,111619,ERMENEK HES1,195,2026-05-31T08:00:00+03:00,08:00
40W000000111619H,ERMENEK HES1,unknown,2026-05-31 09:00:00+03:00,,290.0,chunk_0018.json,POST /v1/generation/data/dpp-bulk,2026-05-31 21:45:17.665981+00:00,111619,ERMENEK HES1,195,2026-05-31T09:00:00+03:00,09:00
40W000000111619H,ERMENEK HES1,unknown,2026-05-31 10:00:00+03:00,,290.0,chunk_0018.json,POST /v1/generation/data/dpp-bulk,2026-05-31 21:45:17.665981+00:00,111619,ERMENEK HES1,195,2026-05-31T10:00:00+03:00,10:00
40W000000111619H,ERMENEK HES1,unknown,2026-05-31 11:00:00+03:00,,290.0,chunk_0018.json,POST /v1/generation/data/dpp-bulk,2026-05-31 21:45:17.665981+00:00,111619,ERMENEK HES1,195,2026-05-31T11:00:00+03:00,11:00
40W000000111619H,ERMENEK HES1,unknown,2026-05-31 12:00:00+03:00,,290.0,chunk_0018.json,POST /v1/generation/data/dpp-bulk,2026-05-31 21:45:17.665981+00:00,111619,ERMENEK HES1,195,2026-05-31T12:00:00+03:00,12:00
40W000000111619H,ERMENEK HES1,unknown,2026-05-31 13:00:00+03:00,,290.0,chunk_0018.json,POST /v1/generation/data/dpp-bulk,2026-05-31 21:45:17.665981+00:00,111619,ERMENEK HES1,195,2026-05-31T13:00:00+03:00,13:00
40W000000111619H,ERMENEK HES1,unknown,2026-05-31 14:00:00+03:00,,290.0,chunk_0018.json,POST /v1/generation/data/dpp-bulk,2026-05-31 21:45:17.665981+00:00,111619,ERMENEK HES1,195,2026-05-31T14:00:00+03:00,14:00
40W000000111619H,ERMENEK HES1,unknown,2026-05-31 15:00:00+03:00,,290.0,chunk_0018.json,POST /v1/generation/data/dpp-bulk,2026-05-31 21:45:17.665981+00:00,111619,ERMENEK HES1,195,2026-05-31T15:00:00+03:00,15:00
40W000000111619H,ERMENEK HES1,unknown,2026-05-31 16:00:00+03:00,,290.0,chunk_0018.json,POST /v1/generation/data/dpp-bulk,2026-05-31 21:45:17.665981+00:00,111619,ERMENEK HES1,195,2026-05-31T16:00:00+03:00,16:00
40W000000111619H,ERMENEK HES1,unknown,2026-05-31 17:00:00+03:00,,290.0,chunk_0018.json,POST /v1/generation/data/dpp-bulk,2026-05-31 21:45:17.665981+00:00,111619,ERMENEK HES1,195,2026-05-31T17:00:00+03:00,17:00
40W000000111619H,ERMENEK HES1,unknown,2026-05-31 18:00:00+03:00,,290.0,chunk_0018.json,POST /v1/generation/data/dpp-bulk,2026-05-31 21:45:17.665981+00:00,111619,ERMENEK HES1,195,2026-05-31T18:00:00+03:00,18:00
40W000000111619H,ERMENEK HES1,unknown,2026-05-31 19:00:00+03:00,,290.0,chunk_0018.json,POST /v1/generation/data/dpp-bulk,2026-05-31 21:45:17.665981+00:00,111619,ERMENEK HES1,195,2026-05-31T19:00:00+03:00,19:00
40W000000111619H,ERMENEK HES1,unknown,2026-05-31 20:00:00+03:00,,290.0,chunk_0018.json,POST /v1/generation/data/dpp-bulk,2026-05-31 21:45:17.665981+00:00,111619,ERMENEK HES1,195,2026-05-31T20:00:00+03:00,20:00
40W000000111619H,ERMENEK HES1,unknown,2026-05-31 21:00:00+03:00,,290.0,chunk_0018.json,POST /v1/generation/data/dpp-bulk,2026-05-31 21:45:17.665981+00:00,111619,ERMENEK HES1,195,2026-05-31T21:00:00+03:00,21:00
40W000000111619H,ERMENEK HES1,unknown,2026-05-31 22:00:00+03:00,,290.0,chunk_0018.json,POST /v1/generation/data/dpp-bulk,2026-05-31 21:45:17.665981+00:00,111619,ERMENEK HES1,195,2026-05-31T22:00:00+03:00,22:00
40W000000111619H,ERMENEK HES1,unknown,2026-05-31 23:00:00+03:00,,290.0,chunk_0018.json,POST /v1/generation/data/dpp-bulk,2026-05-31 21:45:17.665981+00:00,111619,ERMENEK HES1,195,2026-05-31T23:00:00+03:00,23:00
40W000000107162C,BALIKESİR RES,unknown,2026-05-31 00:00:00+03:00,,2.5,chunk_0018.json,POST /v1/generation/data/dpp-bulk,2026-05-31 21:45:17.665981+00:00,107162,BALIKESİR RES,282,2026-05-31T00:00:00+03:00,00:00
40W000000107162C,BALIKESİR RES,unknown,2026-05-31 01:00:00+03:00,,1.9,chunk_0018.json,POST /v1/generation/data/dpp-bulk,2026-05-31 21:45:17.665981+00:00,107162,BALIKESİR RES,282,2026-05-31T01:00:00+03:00,01:00
40W000000107162C,BALIKESİR RES,unknown,2026-05-31 02:00:00+03:00,,1.6,chunk_0018.json,POST /v1/generation/data/dpp-bulk,2026-05-31 21:45:17.665981+00:00,107162,BALIKESİR RES,282,2026-05-31T02:00:00+03:00,02:00
40W000000107162C,BALIKESİR RES,unknown,2026-05-31 03:00:00+03:00,,1.5,chunk_0018.json,POST /v1/generation/data/dpp-bulk,2026-05-31 21:45:17.665981+00:00,107162,BALIKESİR RES,282,2026-05-31T03:00:00+03:00,03:00
40W000000107162C,BALIKESİR RES,unknown,2026-05-31 04:00:00+03:00,,2.1,chunk_0018.json,POST /v1/generation/data/dpp-bulk,2026-05-31 21:45:17.665981+00:00,107162,BALIKESİR RES,282,2026-05-31T04:00:00+03:00,04:00
40W000000107162C,BALIKESİR RES,unknown,2026-05-31 05:00:00+03:00,,3.6,chunk_0018.json,POST /v1/generation/data/dpp-bulk,2026-05-31 21:45:17.665981+00:00,107162,BALIKESİR RES,282,2026-05-31T05:00:00+03:00,05:00
40W000000107162C,BALIKESİR RES,unknown,2026-05-31 06:00:00+03:00,,0.0,chunk_0018.json,POST /v1/generation/data/dpp-bulk,2026-05-31 21:45:17.665981+00:00,107162,BALIKESİR RES,282,2026-05-31T06:00:00+03:00,06:00
40W000000107162C,BALIKESİR RES,unknown,2026-05-31 07:00:00+03:00,,0.0,chunk_0018.json,POST /v1/generation/data/dpp-bulk,2026-05-31 21:45:17.665981+00:00,107162,BALIKESİR RES,282,2026-05-31T07:00:00+03:00,07:00
40W000000107162C,BALIKESİR RES,unknown,2026-05-31 08:00:00+03:00,,0.0,chunk_0018.json,POST /v1/generation/data/dpp-bulk,2026-05-31 21:45:17.665981+00:00,107162,BALIKESİR RES,282,2026-05-31T08:00:00+03:00,08:00
40W000000107162C,BALIKESİR RES,unknown,2026-05-31 09:00:00+03:00,,0.0,chunk_0018.json,POST /v1/generation/data/dpp-bulk,2026-05-31 21:45:17.665981+00:00,107162,BALIKESİR RES,282,2026-05-31T09:00:00+03:00,09:00
40W000000107162C,BALIKESİR RES,unknown,2026-05-31 10:00:00+03:00,,0.0,chunk_0018.json,POST /v1/generation/data/dpp-bulk,2026-05-31 21:45:17.665981+00:00,107162,BALIKESİR RES,282,2026-05-31T10:00:00+03:00,10:00
40W000000107162C,BALIKESİR RES,unknown,2026-05-31 11:00:00+03:00,,0.0,chunk_0018.json,POST /v1/generation/data/dpp-bulk,2026-05-31 21:45:17.665981+00:00,107162,BALIKESİR RES,282,2026-05-31T11:00:00+03:00,11:00
40W000000107162C,BALIKESİR RES,unknown,2026-05-31 12:00:00+03:00,,0.0,chunk_0018.json,POST /v1/generation/data/dpp-bulk,2026-05-31 21:45:17.665981+00:00,107162,BALIKESİR RES,282,2026-05-31T12:00:00+03:00,12:00
40W000000107162C,BALIKESİR RES,unknown,2026-05-31 13:00:00+03:00,,0.0,chunk_0018.json,POST /v1/generation/data/dpp-bulk,2026-05-31 21:45:17.665981+00:00,107162,BALIKESİR RES,282,2026-05-31T13:00:00+03:00,13:00
40W000000107162C,BALIKESİR RES,unknown,2026-05-31 14:00:00+03:00,,0.0,chunk_0018.json,POST /v1/generation/data/dpp-bulk,2026-05-31 21:45:17.665981+00:00,107162,BALIKESİR RES,282,2026-05-31T14:00:00+03:00,14:00
40W000000107162C,BALIKESİR RES,unknown,2026-05-31 15:00:00+03:00,,0.0,chunk_0018.json,POST /v1/generation/data/dpp-bulk,2026-05-31 21:45:17.665981+00:00,107162,BALIKESİR RES,282,2026-05-31T15:00:00+03:00,15:00
40W000000107162C,BALIKESİR RES,unknown,2026-05-31 16:00:00+03:00,,0.0,chunk_0018.json,POST /v1/generation/data/dpp-bulk,2026-05-31 21:45:17.665981+00:00,107162,BALIKESİR RES,282,2026-05-31T16:00:00+03:00,16:00
40W000000107162C,BALIKESİR RES,unknown,2026-05-31 17:00:00+03:00,,0.0,chunk_0018.json,POST /v1/generation/data/dpp-bulk,2026-05-31 21:45:17.665981+00:00,107162,BALIKESİR RES,282,2026-05-31T17:00:00+03:00,17:00
40W000000107162C,BALIKESİR RES,unknown,2026-05-31 18:00:00+03:00,,5.0,chunk_0018.json,POST /v1/generation/data/dpp-bulk,2026-05-31 21:45:17.665981+00:00,107162,BALIKESİR RES,282,2026-05-31T18:00:00+03:00,18:00
40W000000107162C,BALIKESİR RES,unknown,2026-05-31 19:00:00+03:00,,11.7,chunk_0018.json,POST /v1/generation/data/dpp-bulk,2026-05-31 21:45:17.665981+00:00,107162,BALIKESİR RES,282,2026-05-31T19:00:00+03:00,19:00
40W000000107162C,BALIKESİR RES,unknown,2026-05-31 20:00:00+03:00,,10.4,chunk_0018.json,POST /v1/generation/data/dpp-bulk,2026-05-31 21:45:17.665981+00:00,107162,BALIKESİR RES,282,2026-05-31T20:00:00+03:00,20:00
40W000000107162C,BALIKESİR RES,unknown,2026-05-31 21:00:00+03:00,,6.5,chunk_0018.json,POST /v1/generation/data/dpp-bulk,2026-05-31 21:45:17.665981+00:00,107162,BALIKESİR RES,282,2026-05-31T21:00:00+03:00,21:00
40W000000107162C,BALIKESİR RES,unknown,2026-05-31 22:00:00+03:00,,4.0,chunk_0018.json,POST /v1/generation/data/dpp-bulk,2026-05-31 21:45:17.665981+00:00,107162,BALIKESİR RES,282,2026-05-31T22:00:00+03:00,22:00
40W000000107162C,BALIKESİR RES,unknown,2026-05-31 23:00:00+03:00,,2.8,chunk_0018.json,POST /v1/generation/data/dpp-bulk,2026-05-31 21:45:17.665981+00:00,107162,BALIKESİR RES,282,2026-05-31T23:00:00+03:00,23:00
40W000000111617L,BOYABAT BARAJI VE HES,unknown,2026-05-31 00:00:00+03:00,,0.0,chunk_0018.json,POST /v1/generation/data/dpp-bulk,2026-05-31 21:45:17.665981+00:00,111617,BOYABAT BARAJI VE HES,294,2026-05-31T00:00:00+03:00,00:00
40W000000111617L,BOYABAT BARAJI VE HES,unknown,2026-05-31 01:00:00+03:00,,0.0,chunk_0018.json,POST /v1/generation/data/dpp-bulk,2026-05-31 21:45:17.665981+00:00,111617,BOYABAT BARAJI VE HES,294,2026-05-31T01:00:00+03:00,01:00
40W000000111617L,BOYABAT BARAJI VE HES,unknown,2026-05-31 02:00:00+03:00,,0.0,chunk_0018.json,POST /v1/generation/data/dpp-bulk,2026-05-31 21:45:17.665981+00:00,111617,BOYABAT BARAJI VE HES,294,2026-05-31T02:00:00+03:00,02:00
40W000000111617L,BOYABAT BARAJI VE HES,unknown,2026-05-31 03:00:00+03:00,,0.0,chunk_0018.json,POST /v1/generation/data/dpp-bulk,2026-05-31 21:45:17.665981+00:00,111617,BOYABAT BARAJI VE HES,294,2026-05-31T03:00:00+03:00,03:00
40W000000111617L,BOYABAT BARAJI VE HES,unknown,2026-05-31 04:00:00+03:00,,0.0,chunk_0018.json,POST /v1/generation/data/dpp-bulk,2026-05-31 21:45:17.665981+00:00,111617,BOYABAT BARAJI VE HES,294,2026-05-31T04:00:00+03:00,04:00
40W000000111617L,BOYABAT BARAJI VE HES,unknown,2026-05-31 05:00:00+03:00,,0.0,chunk_0018.json,POST /v1/generation/data/dpp-bulk,2026-05-31 21:45:17.665981+00:00,111617,BOYABAT BARAJI VE HES,294,2026-05-31T05:00:00+03:00,05:00
40W000000111617L,BOYABAT BARAJI VE HES,unknown,2026-05-31 06:00:00+03:00,,0.0,chunk_0018.json,POST /v1/generation/data/dpp-bulk,2026-05-31 21:45:17.665981+00:00,111617,BOYABAT BARAJI VE HES,294,2026-05-31T06:00:00+03:00,06:00
40W000000111617L,BOYABAT BARAJI VE HES,unknown,2026-05-31 07:00:00+03:00,,0.0,chunk_0018.json,POST /v1/generation/data/dpp-bulk,2026-05-31 21:45:17.665981+00:00,111617,BOYABAT BARAJI VE HES,294,2026-05-31T07:00:00+03:00,07:00
40W000000111617L,BOYABAT BARAJI VE HES,unknown,2026-05-31 08:00:00+03:00,,0.0,chunk_0018.json,POST /v1/generation/data/dpp-bulk,2026-05-31 21:45:17.665981+00:00,111617,BOYABAT BARAJI VE HES,294,2026-05-31T08:00:00+03:00,08:00
40W000000111617L,BOYABAT BARAJI VE HES,unknown,2026-05-31 09:00:00+03:00,,0.0,chunk_0018.json,POST /v1/generation/data/dpp-bulk,2026-05-31 21:45:17.665981+00:00,111617,BOYABAT BARAJI VE HES,294,2026-05-31T09:00:00+03:00,09:00
40W000000111617L,BOYABAT BARAJI VE HES,unknown,2026-05-31 10:00:00+03:00,,0.0,chunk_0018.json,POST /v1/generation/data/dpp-bulk,2026-05-31 21:45:17.665981+00:00,111617,BOYABAT BARAJI VE HES,294,2026-05-31T10:00:00+03:00,10:00
40W000000111617L,BOYABAT BARAJI VE HES,unknown,2026-05-31 11:00:00+03:00,,0.0,chunk_0018.json,POST /v1/generation/data/dpp-bulk,2026-05-31 21:45:17.665981+00:00,111617,BOYABAT BARAJI VE HES,294,2026-05-31T11:00:00+03:00,11:00
40W000000111617L,BOYABAT BARAJI VE HES,unknown,2026-05-31 12:00:00+03:00,,0.0,chunk_0018.json,POST /v1/generation/data/dpp-bulk,2026-05-31 21:45:17.665981+00:00,111617,BOYABAT BARAJI VE HES,294,2026-05-31T12:00:00+03:00,12:00
40W000000111617L,BOYABAT BARAJI VE HES,unknown,2026-05-31 13:00:00+03:00,,0.0,chunk_0018.json,POST /v1/generation/data/dpp-bulk,2026-05-31 21:45:17.665981+00:00,111617,BOYABAT BARAJI VE HES,294,2026-05-31T13:00:00+03:00,13:00
40W000000111617L,BOYABAT BARAJI VE HES,unknown,2026-05-31 14:00:00+03:00,,0.0,chunk_0018.json,POST /v1/generation/data/dpp-bulk,2026-05-31 21:45:17.665981+00:00,111617,BOYABAT BARAJI VE HES,294,2026-05-31T14:00:00+03:00,14:00
40W000000111617L,BOYABAT BARAJI VE HES,unknown,2026-05-31 15:00:00+03:00,,0.0,chunk_0018.json,POST /v1/generation/data/dpp-bulk,2026-05-31 21:45:17.665981+00:00,111617,BOYABAT BARAJI VE HES,294,2026-05-31T15:00:00+03:00,15:00
40W000000111617L,BOYABAT BARAJI VE HES,unknown,2026-05-31 16:00:00+03:00,,0.0,chunk_0018.json,POST /v1/generation/data/dpp-bulk,2026-05-31 21:45:17.665981+00:00,111617,BOYABAT BARAJI VE HES,294,2026-05-31T16:00:00+03:00,16:00
40W000000111617L,BOYABAT BARAJI VE HES,unknown,2026-05-31 17:00:00+03:00,,0.0,chunk_0018.json,POST /v1/generation/data/dpp-bulk,2026-05-31 21:45:17.665981+00:00,111617,BOYABAT BARAJI VE HES,294,2026-05-31T17:00:00+03:00,17:00
40W000000111617L,BOYABAT BARAJI VE HES,unknown,2026-05-31 18:00:00+03:00,,0.0,chunk_0018.json,POST /v1/generation/data/dpp-bulk,2026-05-31 21:45:17.665981+00:00,111617,BOYABAT BARAJI VE HES,294,2026-05-31T18:00:00+03:00,18:00
40W000000111617L,BOYABAT BARAJI VE HES,unknown,2026-05-31 19:00:00+03:00,,105.0,chunk_0018.json,POST /v1/generation/data/dpp-bulk,2026-05-31 21:45:17.665981+00:00,111617,BOYABAT BARAJI VE HES,294,2026-05-31T19:00:00+03:00,19:00
40W000000111617L,BOYABAT BARAJI VE HES,unknown,2026-05-31 20:00:00+03:00,,210.0,chunk_0018.json,POST /v1/generation/data/dpp-bulk,2026-05-31 21:45:17.665981+00:00,111617,BOYABAT BARAJI VE HES,294,2026-05-31T20:00:00+03:00,20:00
40W000000111617L,BOYABAT BARAJI VE HES,unknown,2026-05-31 21:00:00+03:00,,0.0,chunk_0018.json,POST /v1/generation/data/dpp-bulk,2026-05-31 21:45:17.665981+00:00,111617,BOYABAT BARAJI VE HES,294,2026-05-31T21:00:00+03:00,21:00
40W000000111617L,BOYABAT BARAJI VE HES,unknown,2026-05-31 22:00:00+03:00,,0.0,chunk_0018.json,POST /v1/generation/data/dpp-bulk,2026-05-31 21:45:17.665981+00:00,111617,BOYABAT BARAJI VE HES,294,2026-05-31T22:00:00+03:00,22:00
40W000000111617L,BOYABAT BARAJI VE HES,unknown,2026-05-31 23:00:00+03:00,,0.0,chunk_0018.json,POST /v1/generation/data/dpp-bulk,2026-05-31 21:45:17.665981+00:00,111617,BOYABAT BARAJI VE HES,294,2026-05-31T23:00:00+03:00,23:00
40W000000111611X,YILDIRIM HES,unknown,2026-05-31 00:00:00+03:00,,10.0,chunk_0018.json,POST /v1/generation/data/dpp-bulk,2026-05-31 21:45:17.665981+00:00,111611,YILDIRIM HES,638,2026-05-31T00:00:00+03:00,00:00
40W000000111611X,YILDIRIM HES,unknown,2026-05-31 01:00:00+03:00,,10.0,chunk_0018.json,POST /v1/generation/data/dpp-bulk,2026-05-31 21:45:17.665981+00:00,111611,YILDIRIM HES,638,2026-05-31T01:00:00+03:00,01:00
40W000000111611X,YILDIRIM HES,unknown,2026-05-31 02:00:00+03:00,,10.0,chunk_0018.json,POST /v1/generation/data/dpp-bulk,2026-05-31 21:45:17.665981+00:00,111611,YILDIRIM HES,638,2026-05-31T02:00:00+03:00,02:00
40W000000111611X,YILDIRIM HES,unknown,2026-05-31 03:00:00+03:00,,10.0,chunk_0018.json,POST /v1/generation/data/dpp-bulk,2026-05-31 21:45:17.665981+00:00,111611,YILDIRIM HES,638,2026-05-31T03:00:00+03:00,03:00
40W000000111611X,YILDIRIM HES,unknown,2026-05-31 04:00:00+03:00,,10.0,chunk_0018.json,POST /v1/generation/data/dpp-bulk,2026-05-31 21:45:17.665981+00:00,111611,YILDIRIM HES,638,2026-05-31T04:00:00+03:00,04:00
40W000000111611X,YILDIRIM HES,unknown,2026-05-31 05:00:00+03:00,,10.0,chunk_0018.json,POST /v1/generation/data/dpp-bulk,2026-05-31 21:45:17.665981+00:00,111611,YILDIRIM HES,638,2026-05-31T05:00:00+03:00,05:00
40W000000111611X,YILDIRIM HES,unknown,2026-05-31 06:00:00+03:00,,0.0,chunk_0018.json,POST /v1/generation/data/dpp-bulk,2026-05-31 21:45:17.665981+00:00,111611,YILDIRIM HES,638,2026-05-31T06:00:00+03:00,06:00
40W000000111611X,YILDIRIM HES,unknown,2026-05-31 07:00:00+03:00,,0.0,chunk_0018.json,POST /v1/generation/data/dpp-bulk,2026-05-31 21:45:17.665981+00:00,111611,YILDIRIM HES,638,2026-05-31T07:00:00+03:00,07:00
40W000000111611X,YILDIRIM HES,unknown,2026-05-31 08:00:00+03:00,,0.0,chunk_0018.json,POST /v1/generation/data/dpp-bulk,2026-05-31 21:45:17.665981+00:00,111611,YILDIRIM HES,638,2026-05-31T08:00:00+03:00,08:00
40W000000111611X,YILDIRIM HES,unknown,2026-05-31 09:00:00+03:00,,0.0,chunk_0018.json,POST /v1/generation/data/dpp-bulk,2026-05-31 21:45:17.665981+00:00,111611,YILDIRIM HES,638,2026-05-31T09:00:00+03:00,09:00
40W000000111611X,YILDIRIM HES,unknown,2026-05-31 10:00:00+03:00,,0.0,chunk_0018.json,POST /v1/generation/data/dpp-bulk,2026-05-31 21:45:17.665981+00:00,111611,YILDIRIM HES,638,2026-05-31T10:00:00+03:00,10:00
40W000000111611X,YILDIRIM HES,unknown,2026-05-31 11:00:00+03:00,,0.0,chunk_0018.json,POST /v1/generation/data/dpp-bulk,2026-05-31 21:45:17.665981+00:00,111611,YILDIRIM HES,638,2026-05-31T11:00:00+03:00,11:00
40W000000111611X,YILDIRIM HES,unknown,2026-05-31 12:00:00+03:00,,0.0,chunk_0018.json,POST /v1/generation/data/dpp-bulk,2026-05-31 21:45:17.665981+00:00,111611,YILDIRIM HES,638,2026-05-31T12:00:00+03:00,12:00
40W000000111611X,YILDIRIM HES,unknown,2026-05-31 13:00:00+03:00,,0.0,chunk_0018.json,POST /v1/generation/data/dpp-bulk,2026-05-31 21:45:17.665981+00:00,111611,YILDIRIM HES,638,2026-05-31T13:00:00+03:00,13:00
40W000000111611X,YILDIRIM HES,unknown,2026-05-31 14:00:00+03:00,,0.0,chunk_0018.json,POST /v1/generation/data/dpp-bulk,2026-05-31 21:45:17.665981+00:00,111611,YILDIRIM HES,638,2026-05-31T14:00:00+03:00,14:00
40W000000111611X,YILDIRIM HES,unknown,2026-05-31 15:00:00+03:00,,0.0,chunk_0018.json,POST /v1/generation/data/dpp-bulk,2026-05-31 21:45:17.665981+00:00,111611,YILDIRIM HES,638,2026-05-31T15:00:00+03:00,15:00
40W000000111611X,YILDIRIM HES,unknown,2026-05-31 16:00:00+03:00,,0.0,chunk_0018.json,POST /v1/generation/data/dpp-bulk,2026-05-31 21:45:17.665981+00:00,111611,YILDIRIM HES,638,2026-05-31T16:00:00+03:00,16:00
40W000000111611X,YILDIRIM HES,unknown,2026-05-31 17:00:00+03:00,,0.0,chunk_0018.json,POST /v1/generation/data/dpp-bulk,2026-05-31 21:45:17.665981+00:00,111611,YILDIRIM HES,638,2026-05-31T17:00:00+03:00,17:00
40W000000111611X,YILDIRIM HES,unknown,2026-05-31 18:00:00+03:00,,10.0,chunk_0018.json,POST /v1/generation/data/dpp-bulk,2026-05-31 21:45:17.665981+00:00,111611,YILDIRIM HES,638,2026-05-31T18:00:00+03:00,18:00
40W000000111611X,YILDIRIM HES,unknown,2026-05-31 19:00:00+03:00,,10.0,chunk_0018.json,POST /v1/generation/data/dpp-bulk,2026-05-31 21:45:17.665981+00:00,111611,YILDIRIM HES,638,2026-05-31T19:00:00+03:00,19:00
40W000000111611X,YILDIRIM HES,unknown,2026-05-31 20:00:00+03:00,,10.0,chunk_0018.json,POST /v1/generation/data/dpp-bulk,2026-05-31 21:45:17.665981+00:00,111611,YILDIRIM HES,638,2026-05-31T20:00:00+03:00,20:00
40W000000111611X,YILDIRIM HES,unknown,2026-05-31 21:00:00+03:00,,10.0,chunk_0018.json,POST /v1/generation/data/dpp-bulk,2026-05-31 21:45:17.665981+00:00,111611,YILDIRIM HES,638,2026-05-31T21:00:00+03:00,21:00
40W000000111611X,YILDIRIM HES,unknown,2026-05-31 22:00:00+03:00,,10.0,chunk_0018.json,POST /v1/generation/data/dpp-bulk,2026-05-31 21:45:17.665981+00:00,111611,YILDIRIM HES,638,2026-05-31T22:00:00+03:00,22:00
40W000000111611X,YILDIRIM HES,unknown,2026-05-31 23:00:00+03:00,,10.0,chunk_0018.json,POST /v1/generation/data/dpp-bulk,2026-05-31 21:45:17.665981+00:00,111611,YILDIRIM HES,638,2026-05-31T23:00:00+03:00,23:00
40W0000001116765,ÇAĞLAYAN HES ENERJİ ÜRETİM A.Ş.,unknown,2026-05-31 00:00:00+03:00,,0.0,chunk_0018.json,POST /v1/generation/data/dpp-bulk,2026-05-31 21:45:17.665981+00:00,111676,ÇAĞLAYAN HES ENERJİ ÜRETİM A.Ş.,5571,2026-05-31T00:00:00+03:00,00:00
40W0000001116765,ÇAĞLAYAN HES ENERJİ ÜRETİM A.Ş.,unknown,2026-05-31 01:00:00+03:00,,0.0,chunk_0018.json,POST /v1/generation/data/dpp-bulk,2026-05-31 21:45:17.665981+00:00,111676,ÇAĞLAYAN HES ENERJİ ÜRETİM A.Ş.,5571,2026-05-31T01:00:00+03:00,01:00
40W0000001116765,ÇAĞLAYAN HES ENERJİ ÜRETİM A.Ş.,unknown,2026-05-31 02:00:00+03:00,,0.0,chunk_0018.json,POST /v1/generation/data/dpp-bulk,2026-05-31 21:45:17.665981+00:00,111676,ÇAĞLAYAN HES ENERJİ ÜRETİM A.Ş.,5571,2026-05-31T02:00:00+03:00,02:00
40W0000001116765,ÇAĞLAYAN HES ENERJİ ÜRETİM A.Ş.,unknown,2026-05-31 03:00:00+03:00,,0.0,chunk_0018.json,POST /v1/generation/data/dpp-bulk,2026-05-31 21:45:17.665981+00:00,111676,ÇAĞLAYAN HES ENERJİ ÜRETİM A.Ş.,5571,2026-05-31T03:00:00+03:00,03:00
40W0000001116765,ÇAĞLAYAN HES ENERJİ ÜRETİM A.Ş.,unknown,2026-05-31 04:00:00+03:00,,0.0,chunk_0018.json,POST /v1/generation/data/dpp-bulk,2026-05-31 21:45:17.665981+00:00,111676,ÇAĞLAYAN HES ENERJİ ÜRETİM A.Ş.,5571,2026-05-31T04:00:00+03:00,04:00
40W0000001116765,ÇAĞLAYAN HES ENERJİ ÜRETİM A.Ş.,unknown,2026-05-31 05:00:00+03:00,,0.0,chunk_0018.json,POST /v1/generation/data/dpp-bulk,2026-05-31 21:45:17.665981+00:00,111676,ÇAĞLAYAN HES ENERJİ ÜRETİM A.Ş.,5571,2026-05-31T05:00:00+03:00,05:00
40W0000001116765,ÇAĞLAYAN HES ENERJİ ÜRETİM A.Ş.,unknown,2026-05-31 06:00:00+03:00,,0.0,chunk_0018.json,POST /v1/generation/data/dpp-bulk,2026-05-31 21:45:17.665981+00:00,111676,ÇAĞLAYAN HES ENERJİ ÜRETİM A.Ş.,5571,2026-05-31T06:00:00+03:00,06:00
40W0000001116765,ÇAĞLAYAN HES ENERJİ ÜRETİM A.Ş.,unknown,2026-05-31 07:00:00+03:00,,0.0,chunk_0018.json,POST /v1/generation/data/dpp-bulk,2026-05-31 21:45:17.665981+00:00,111676,ÇAĞLAYAN HES ENERJİ ÜRETİM A.Ş.,5571,2026-05-31T07:00:00+03:00,07:00
40W0000001116765,ÇAĞLAYAN HES ENERJİ ÜRETİM A.Ş.,unknown,2026-05-31 08:00:00+03:00,,0.0,chunk_0018.json,POST /v1/generation/data/dpp-bulk,2026-05-31 21:45:17.665981+00:00,111676,ÇAĞLAYAN HES ENERJİ ÜRETİM A.Ş.,5571,2026-05-31T08:00:00+03:00,08:00
40W0000001116765,ÇAĞLAYAN HES ENERJİ ÜRETİM A.Ş.,unknown,2026-05-31 09:00:00+03:00,,0.0,chunk_0018.json,POST /v1/generation/data/dpp-bulk,2026-05-31 21:45:17.665981+00:00,111676,ÇAĞLAYAN HES ENERJİ ÜRETİM A.Ş.,5571,2026-05-31T09:00:00+03:00,09:00
40W0000001116765,ÇAĞLAYAN HES ENERJİ ÜRETİM A.Ş.,unknown,2026-05-31 10:00:00+03:00,,0.0,chunk_0018.json,POST /v1/generation/data/dpp-bulk,2026-05-31 21:45:17.665981+00:00,111676,ÇAĞLAYAN HES ENERJİ ÜRETİM A.Ş.,5571,2026-05-31T10:00:00+03:00,10:00
40W0000001116765,ÇAĞLAYAN HES ENERJİ ÜRETİM A.Ş.,unknown,2026-05-31 11:00:00+03:00,,0.0,chunk_0018.json,POST /v1/generation/data/dpp-bulk,2026-05-31 21:45:17.665981+00:00,111676,ÇAĞLAYAN HES ENERJİ ÜRETİM A.Ş.,5571,2026-05-31T11:00:00+03:00,11:00
40W0000001116765,ÇAĞLAYAN HES ENERJİ ÜRETİM A.Ş.,unknown,2026-05-31 12:00:00+03:00,,0.0,chunk_0018.json,POST /v1/generation/data/dpp-bulk,2026-05-31 21:45:17.665981+00:00,111676,ÇAĞLAYAN HES ENERJİ ÜRETİM A.Ş.,5571,2026-05-31T12:00:00+03:00,12:00
40W0000001116765,ÇAĞLAYAN HES ENERJİ ÜRETİM A.Ş.,unknown,2026-05-31 13:00:00+03:00,,0.0,chunk_0018.json,POST /v1/generation/data/dpp-bulk,2026-05-31 21:45:17.665981+00:00,111676,ÇAĞLAYAN HES ENERJİ ÜRETİM A.Ş.,5571,2026-05-31T13:00:00+03:00,13:00
40W0000001116765,ÇAĞLAYAN HES ENERJİ ÜRETİM A.Ş.,unknown,2026-05-31 14:00:00+03:00,,0.0,chunk_0018.json,POST /v1/generation/data/dpp-bulk,2026-05-31 21:45:17.665981+00:00,111676,ÇAĞLAYAN HES ENERJİ ÜRETİM A.Ş.,5571,2026-05-31T14:00:00+03:00,14:00
40W0000001116765,ÇAĞLAYAN HES ENERJİ ÜRETİM A.Ş.,unknown,2026-05-31 15:00:00+03:00,,0.0,chunk_0018.json,POST /v1/generation/data/dpp-bulk,2026-05-31 21:45:17.665981+00:00,111676,ÇAĞLAYAN HES ENERJİ ÜRETİM A.Ş.,5571,2026-05-31T15:00:00+03:00,15:00
40W0000001116765,ÇAĞLAYAN HES ENERJİ ÜRETİM A.Ş.,unknown,2026-05-31 16:00:00+03:00,,0.0,chunk_0018.json,POST /v1/generation/data/dpp-bulk,2026-05-31 21:45:17.665981+00:00,111676,ÇAĞLAYAN HES ENERJİ ÜRETİM A.Ş.,5571,2026-05-31T16:00:00+03:00,16:00
40W0000001116765,ÇAĞLAYAN HES ENERJİ ÜRETİM A.Ş.,unknown,2026-05-31 17:00:00+03:00,,0.0,chunk_0018.json,POST /v1/generation/data/dpp-bulk,2026-05-31 21:45:17.665981+00:00,111676,ÇAĞLAYAN HES ENERJİ ÜRETİM A.Ş.,5571,2026-05-31T17:00:00+03:00,17:00
40W0000001116765,ÇAĞLAYAN HES ENERJİ ÜRETİM A.Ş.,unknown,2026-05-31 18:00:00+03:00,,0.0,chunk_0018.json,POST /v1/generation/data/dpp-bulk,2026-05-31 21:45:17.665981+00:00,111676,ÇAĞLAYAN HES ENERJİ ÜRETİM A.Ş.,5571,2026-05-31T18:00:00+03:00,18:00
40W0000001116765,ÇAĞLAYAN HES ENERJİ ÜRETİM A.Ş.,unknown,2026-05-31 19:00:00+03:00,,0.0,chunk_0018.json,POST /v1/generation/data/dpp-bulk,2026-05-31 21:45:17.665981+00:00,111676,ÇAĞLAYAN HES ENERJİ ÜRETİM A.Ş.,5571,2026-05-31T19:00:00+03:00,19:00
40W0000001116765,ÇAĞLAYAN HES ENERJİ ÜRETİM A.Ş.,unknown,2026-05-31 20:00:00+03:00,,0.0,chunk_0018.json,POST /v1/generation/data/dpp-bulk,2026-05-31 21:45:17.665981+00:00,111676,ÇAĞLAYAN HES ENERJİ ÜRETİM A.Ş.,5571,2026-05-31T20:00:00+03:00,20:00
40W0000001116765,ÇAĞLAYAN HES ENERJİ ÜRETİM A.Ş.,unknown,2026-05-31 21:00:00+03:00,,0.0,chunk_0018.json,POST /v1/generation/data/dpp-bulk,2026-05-31 21:45:17.665981+00:00,111676,ÇAĞLAYAN HES ENERJİ ÜRETİM A.Ş.,5571,2026-05-31T21:00:00+03:00,21:00
40W0000001116765,ÇAĞLAYAN HES ENERJİ ÜRETİM A.Ş.,unknown,2026-05-31 22:00:00+03:00,,0.0,chunk_0018.json,POST /v1/generation/data/dpp-bulk,2026-05-31 21:45:17.665981+00:00,111676,ÇAĞLAYAN HES ENERJİ ÜRETİM A.Ş.,5571,2026-05-31T22:00:00+03:00,22:00
40W0000001116765,ÇAĞLAYAN HES ENERJİ ÜRETİM A.Ş.,unknown,2026-05-31 23:00:00+03:00,,0.0,chunk_0018.json,POST /v1/generation/data/dpp-bulk,2026-05-31 21:45:17.665981+00:00,111676,ÇAĞLAYAN HES ENERJİ ÜRETİM A.Ş.,5571,2026-05-31T23:00:00+03:00,23:00
40W000000106748O,CAN I HES,unknown,2026-05-31 00:00:00+03:00,,1.4,chunk_0018.json,POST /v1/generation/data/dpp-bulk,2026-05-31 21:45:17.665981+00:00,106748,CAN I HES,5576,2026-05-31T00:00:00+03:00,00:00
40W000000106748O,CAN I HES,unknown,2026-05-31 01:00:00+03:00,,1.4,chunk_0018.json,POST /v1/generation/data/dpp-bulk,2026-05-31 21:45:17.665981+00:00,106748,CAN I HES,5576,2026-05-31T01:00:00+03:00,01:00
40W000000106748O,CAN I HES,unknown,2026-05-31 02:00:00+03:00,,1.4,chunk_0018.json,POST /v1/generation/data/dpp-bulk,2026-05-31 21:45:17.665981+00:00,106748,CAN I HES,5576,2026-05-31T02:00:00+03:00,02:00
40W000000106748O,CAN I HES,unknown,2026-05-31 03:00:00+03:00,,0.75,chunk_0018.json,POST /v1/generation/data/dpp-bulk,2026-05-31 21:45:17.665981+00:00,106748,CAN I HES,5576,2026-05-31T03:00:00+03:00,03:00
40W000000106748O,CAN I HES,unknown,2026-05-31 04:00:00+03:00,,0.0,chunk_0018.json,POST /v1/generation/data/dpp-bulk,2026-05-31 21:45:17.665981+00:00,106748,CAN I HES,5576,2026-05-31T04:00:00+03:00,04:00
40W000000106748O,CAN I HES,unknown,2026-05-31 05:00:00+03:00,,0.0,chunk_0018.json,POST /v1/generation/data/dpp-bulk,2026-05-31 21:45:17.665981+00:00,106748,CAN I HES,5576,2026-05-31T05:00:00+03:00,05:00
40W000000106748O,CAN I HES,unknown,2026-05-31 06:00:00+03:00,,0.0,chunk_0018.json,POST /v1/generation/data/dpp-bulk,2026-05-31 21:45:17.665981+00:00,106748,CAN I HES,5576,2026-05-31T06:00:00+03:00,06:00
40W000000106748O,CAN I HES,unknown,2026-05-31 07:00:00+03:00,,0.0,chunk_0018.json,POST /v1/generation/data/dpp-bulk,2026-05-31 21:45:17.665981+00:00,106748,CAN I HES,5576,2026-05-31T07:00:00+03:00,07:00
40W000000106748O,CAN I HES,unknown,2026-05-31 08:00:00+03:00,,0.0,chunk_0018.json,POST /v1/generation/data/dpp-bulk,2026-05-31 21:45:17.665981+00:00,106748,CAN I HES,5576,2026-05-31T08:00:00+03:00,08:00
40W000000106748O,CAN I HES,unknown,2026-05-31 09:00:00+03:00,,0.0,chunk_0018.json,POST /v1/generation/data/dpp-bulk,2026-05-31 21:45:17.665981+00:00,106748,CAN I HES,5576,2026-05-31T09:00:00+03:00,09:00
40W000000106748O,CAN I HES,unknown,2026-05-31 10:00:00+03:00,,0.0,chunk_0018.json,POST /v1/generation/data/dpp-bulk,2026-05-31 21:45:17.665981+00:00,106748,CAN I HES,5576,2026-05-31T10:00:00+03:00,10:00
40W000000106748O,CAN I HES,unknown,2026-05-31 11:00:00+03:00,,0.0,chunk_0018.json,POST /v1/generation/data/dpp-bulk,2026-05-31 21:45:17.665981+00:00,106748,CAN I HES,5576,2026-05-31T11:00:00+03:00,11:00
40W000000106748O,CAN I HES,unknown,2026-05-31 12:00:00+03:00,,0.0,chunk_0018.json,POST /v1/generation/data/dpp-bulk,2026-05-31 21:45:17.665981+00:00,106748,CAN I HES,5576,2026-05-31T12:00:00+03:00,12:00
40W000000106748O,CAN I HES,unknown,2026-05-31 13:00:00+03:00,,0.0,chunk_0018.json,POST /v1/generation/data/dpp-bulk,2026-05-31 21:45:17.665981+00:00,106748,CAN I HES,5576,2026-05-31T13:00:00+03:00,13:00
40W000000106748O,CAN I HES,unknown,2026-05-31 14:00:00+03:00,,0.0,chunk_0018.json,POST /v1/generation/data/dpp-bulk,2026-05-31 21:45:17.665981+00:00,106748,CAN I HES,5576,2026-05-31T14:00:00+03:00,14:00
40W000000106748O,CAN I HES,unknown,2026-05-31 15:00:00+03:00,,0.0,chunk_0018.json,POST /v1/generation/data/dpp-bulk,2026-05-31 21:45:17.665981+00:00,106748,CAN I HES,5576,2026-05-31T15:00:00+03:00,15:00
40W000000106748O,CAN I HES,unknown,2026-05-31 16:00:00+03:00,,0.0,chunk_0018.json,POST /v1/generation/data/dpp-bulk,2026-05-31 21:45:17.665981+00:00,106748,CAN I HES,5576,2026-05-31T16:00:00+03:00,16:00
40W000000106748O,CAN I HES,unknown,2026-05-31 17:00:00+03:00,,0.0,chunk_0018.json,POST /v1/generation/data/dpp-bulk,2026-05-31 21:45:17.665981+00:00,106748,CAN I HES,5576,2026-05-31T17:00:00+03:00,17:00
40W000000106748O,CAN I HES,unknown,2026-05-31 18:00:00+03:00,,0.0,chunk_0018.json,POST /v1/generation/data/dpp-bulk,2026-05-31 21:45:17.665981+00:00,106748,CAN I HES,5576,2026-05-31T18:00:00+03:00,18:00
40W000000106748O,CAN I HES,unknown,2026-05-31 19:00:00+03:00,,0.9,chunk_0018.json,POST /v1/generation/data/dpp-bulk,2026-05-31 21:45:17.665981+00:00,106748,CAN I HES,5576,2026-05-31T19:00:00+03:00,19:00
40W000000106748O,CAN I HES,unknown,2026-05-31 20:00:00+03:00,,1.4,chunk_0018.json,POST /v1/generation/data/dpp-bulk,2026-05-31 21:45:17.665981+00:00,106748,CAN I HES,5576,2026-05-31T20:00:00+03:00,20:00
40W000000106748O,CAN I HES,unknown,2026-05-31 21:00:00+03:00,,1.4,chunk_0018.json,POST /v1/generation/data/dpp-bulk,2026-05-31 21:45:17.665981+00:00,106748,CAN I HES,5576,2026-05-31T21:00:00+03:00,21:00
40W000000106748O,CAN I HES,unknown,2026-05-31 22:00:00+03:00,,1.4,chunk_0018.json,POST /v1/generation/data/dpp-bulk,2026-05-31 21:45:17.665981+00:00,106748,CAN I HES,5576,2026-05-31T22:00:00+03:00,22:00
40W000000106748O,CAN I HES,unknown,2026-05-31 23:00:00+03:00,,1.4,chunk_0018.json,POST /v1/generation/data/dpp-bulk,2026-05-31 21:45:17.665981+00:00,106748,CAN I HES,5576,2026-05-31T23:00:00+03:00,23:00
40W000000113720I,BEKTEMUR HES,unknown,2026-05-31 00:00:00+03:00,,0.0,chunk_0018.json,POST /v1/generation/data/dpp-bulk,2026-05-31 21:45:17.665981+00:00,113720,BEKTEMUR HES,5635,2026-05-31T00:00:00+03:00,00:00
40W000000113720I,BEKTEMUR HES,unknown,2026-05-31 01:00:00+03:00,,0.0,chunk_0018.json,POST /v1/generation/data/dpp-bulk,2026-05-31 21:45:17.665981+00:00,113720,BEKTEMUR HES,5635,2026-05-31T01:00:00+03:00,01:00
40W000000113720I,BEKTEMUR HES,unknown,2026-05-31 02:00:00+03:00,,0.0,chunk_0018.json,POST /v1/generation/data/dpp-bulk,2026-05-31 21:45:17.665981+00:00,113720,BEKTEMUR HES,5635,2026-05-31T02:00:00+03:00,02:00
40W000000113720I,BEKTEMUR HES,unknown,2026-05-31 03:00:00+03:00,,0.0,chunk_0018.json,POST /v1/generation/data/dpp-bulk,2026-05-31 21:45:17.665981+00:00,113720,BEKTEMUR HES,5635,2026-05-31T03:00:00+03:00,03:00
40W000000113720I,BEKTEMUR HES,unknown,2026-05-31 04:00:00+03:00,,0.0,chunk_0018.json,POST /v1/generation/data/dpp-bulk,2026-05-31 21:45:17.665981+00:00,113720,BEKTEMUR HES,5635,2026-05-31T04:00:00+03:00,04:00
40W000000113720I,BEKTEMUR HES,unknown,2026-05-31 05:00:00+03:00,,0.0,chunk_0018.json,POST /v1/generation/data/dpp-bulk,2026-05-31 21:45:17.665981+00:00,113720,BEKTEMUR HES,5635,2026-05-31T05:00:00+03:00,05:00
40W000000113720I,BEKTEMUR HES,unknown,2026-05-31 06:00:00+03:00,,0.0,chunk_0018.json,POST /v1/generation/data/dpp-bulk,2026-05-31 21:45:17.665981+00:00,113720,BEKTEMUR HES,5635,2026-05-31T06:00:00+03:00,06:00
40W000000113720I,BEKTEMUR HES,unknown,2026-05-31 07:00:00+03:00,,0.0,chunk_0018.json,POST /v1/generation/data/dpp-bulk,2026-05-31 21:45:17.665981+00:00,113720,BEKTEMUR HES,5635,2026-05-31T07:00:00+03:00,07:00
40W000000113720I,BEKTEMUR HES,unknown,2026-05-31 08:00:00+03:00,,0.0,chunk_0018.json,POST /v1/generation/data/dpp-bulk,2026-05-31 21:45:17.665981+00:00,113720,BEKTEMUR HES,5635,2026-05-31T08:00:00+03:00,08:00
40W000000113720I,BEKTEMUR HES,unknown,2026-05-31 09:00:00+03:00,,0.0,chunk_0018.json,POST /v1/generation/data/dpp-bulk,2026-05-31 21:45:17.665981+00:00,113720,BEKTEMUR HES,5635,2026-05-31T09:00:00+03:00,09:00
40W000000113720I,BEKTEMUR HES,unknown,2026-05-31 10:00:00+03:00,,0.0,chunk_0018.json,POST /v1/generation/data/dpp-bulk,2026-05-31 21:45:17.665981+00:00,113720,BEKTEMUR HES,5635,2026-05-31T10:00:00+03:00,10:00
40W000000113720I,BEKTEMUR HES,unknown,2026-05-31 11:00:00+03:00,,0.0,chunk_0018.json,POST /v1/generation/data/dpp-bulk,2026-05-31 21:45:17.665981+00:00,113720,BEKTEMUR HES,5635,2026-05-31T11:00:00+03:00,11:00
40W000000113720I,BEKTEMUR HES,unknown,2026-05-31 12:00:00+03:00,,0.0,chunk_0018.json,POST /v1/generation/data/dpp-bulk,2026-05-31 21:45:17.665981+00:00,113720,BEKTEMUR HES,5635,2026-05-31T12:00:00+03:00,12:00
40W000000113720I,BEKTEMUR HES,unknown,2026-05-31 13:00:00+03:00,,0.0,chunk_0018.json,POST /v1/generation/data/dpp-bulk,2026-05-31 21:45:17.665981+00:00,113720,BEKTEMUR HES,5635,2026-05-31T13:00:00+03:00,13:00
40W000000113720I,BEKTEMUR HES,unknown,2026-05-31 14:00:00+03:00,,0.0,chunk_0018.json,POST /v1/generation/data/dpp-bulk,2026-05-31 21:45:17.665981+00:00,113720,BEKTEMUR HES,5635,2026-05-31T14:00:00+03:00,14:00
40W000000113720I,BEKTEMUR HES,unknown,2026-05-31 15:00:00+03:00,,0.0,chunk_0018.json,POST /v1/generation/data/dpp-bulk,2026-05-31 21:45:17.665981+00:00,113720,BEKTEMUR HES,5635,2026-05-31T15:00:00+03:00,15:00
40W000000113720I,BEKTEMUR HES,unknown,2026-05-31 16:00:00+03:00,,0.0,chunk_0018.json,POST /v1/generation/data/dpp-bulk,2026-05-31 21:45:17.665981+00:00,113720,BEKTEMUR HES,5635,2026-05-31T16:00:00+03:00,16:00
40W000000113720I,BEKTEMUR HES,unknown,2026-05-31 17:00:00+03:00,,0.0,chunk_0018.json,POST /v1/generation/data/dpp-bulk,2026-05-31 21:45:17.665981+00:00,113720,BEKTEMUR HES,5635,2026-05-31T17:00:00+03:00,17:00
40W000000113720I,BEKTEMUR HES,unknown,2026-05-31 18:00:00+03:00,,1.8,chunk_0018.json,POST /v1/generation/data/dpp-bulk,2026-05-31 21:45:17.665981+00:00,113720,BEKTEMUR HES,5635,2026-05-31T18:00:00+03:00,18:00
40W000000113720I,BEKTEMUR HES,unknown,2026-05-31 19:00:00+03:00,,1.8,chunk_0018.json,POST /v1/generation/data/dpp-bulk,2026-05-31 21:45:17.665981+00:00,113720,BEKTEMUR HES,5635,2026-05-31T19:00:00+03:00,19:00
40W000000113720I,BEKTEMUR HES,unknown,2026-05-31 20:00:00+03:00,,1.8,chunk_0018.json,POST /v1/generation/data/dpp-bulk,2026-05-31 21:45:17.665981+00:00,113720,BEKTEMUR HES,5635,2026-05-31T20:00:00+03:00,20:00
40W000000113720I,BEKTEMUR HES,unknown,2026-05-31 21:00:00+03:00,,1.8,chunk_0018.json,POST /v1/generation/data/dpp-bulk,2026-05-31 21:45:17.665981+00:00,113720,BEKTEMUR HES,5635,2026-05-31T21:00:00+03:00,21:00
40W000000113720I,BEKTEMUR HES,unknown,2026-05-31 22:00:00+03:00,,1.8,chunk_0018.json,POST /v1/generation/data/dpp-bulk,2026-05-31 21:45:17.665981+00:00,113720,BEKTEMUR HES,5635,2026-05-31T22:00:00+03:00,22:00
40W000000113720I,BEKTEMUR HES,unknown,2026-05-31 23:00:00+03:00,,1.8,chunk_0018.json,POST /v1/generation/data/dpp-bulk,2026-05-31 21:45:17.665981+00:00,113720,BEKTEMUR HES,5635,2026-05-31T23:00:00+03:00,23:00
40W000000111670H,GÜDÜL HES,unknown,2026-05-31 00:00:00+03:00,,0.0,chunk_0018.json,POST /v1/generation/data/dpp-bulk,2026-05-31 21:45:17.665981+00:00,111670,GÜDÜL HES,5656,2026-05-31T00:00:00+03:00,00:00
40W000000111670H,GÜDÜL HES,unknown,2026-05-31 01:00:00+03:00,,0.0,chunk_0018.json,POST /v1/generation/data/dpp-bulk,2026-05-31 21:45:17.665981+00:00,111670,GÜDÜL HES,5656,2026-05-31T01:00:00+03:00,01:00
40W000000111670H,GÜDÜL HES,unknown,2026-05-31 02:00:00+03:00,,0.0,chunk_0018.json,POST /v1/generation/data/dpp-bulk,2026-05-31 21:45:17.665981+00:00,111670,GÜDÜL HES,5656,2026-05-31T02:00:00+03:00,02:00
40W000000111670H,GÜDÜL HES,unknown,2026-05-31 03:00:00+03:00,,0.0,chunk_0018.json,POST /v1/generation/data/dpp-bulk,2026-05-31 21:45:17.665981+00:00,111670,GÜDÜL HES,5656,2026-05-31T03:00:00+03:00,03:00
40W000000111670H,GÜDÜL HES,unknown,2026-05-31 04:00:00+03:00,,0.0,chunk_0018.json,POST /v1/generation/data/dpp-bulk,2026-05-31 21:45:17.665981+00:00,111670,GÜDÜL HES,5656,2026-05-31T04:00:00+03:00,04:00
40W000000111670H,GÜDÜL HES,unknown,2026-05-31 05:00:00+03:00,,0.0,chunk_0018.json,POST /v1/generation/data/dpp-bulk,2026-05-31 21:45:17.665981+00:00,111670,GÜDÜL HES,5656,2026-05-31T05:00:00+03:00,05:00
40W000000111670H,GÜDÜL HES,unknown,2026-05-31 06:00:00+03:00,,0.0,chunk_0018.json,POST /v1/generation/data/dpp-bulk,2026-05-31 21:45:17.665981+00:00,111670,GÜDÜL HES,5656,2026-05-31T06:00:00+03:00,06:00
40W000000111670H,GÜDÜL HES,unknown,2026-05-31 07:00:00+03:00,,0.0,chunk_0018.json,POST /v1/generation/data/dpp-bulk,2026-05-31 21:45:17.665981+00:00,111670,GÜDÜL HES,5656,2026-05-31T07:00:00+03:00,07:00
40W000000111670H,GÜDÜL HES,unknown,2026-05-31 08:00:00+03:00,,0.0,chunk_0018.json,POST /v1/generation/data/dpp-bulk,2026-05-31 21:45:17.665981+00:00,111670,GÜDÜL HES,5656,2026-05-31T08:00:00+03:00,08:00
40W000000111670H,GÜDÜL HES,unknown,2026-05-31 09:00:00+03:00,,0.0,chunk_0018.json,POST /v1/generation/data/dpp-bulk,2026-05-31 21:45:17.665981+00:00,111670,GÜDÜL HES,5656,2026-05-31T09:00:00+03:00,09:00
40W000000111670H,GÜDÜL HES,unknown,2026-05-31 10:00:00+03:00,,0.0,chunk_0018.json,POST /v1/generation/data/dpp-bulk,2026-05-31 21:45:17.665981+00:00,111670,GÜDÜL HES,5656,2026-05-31T10:00:00+03:00,10:00
40W000000111670H,GÜDÜL HES,unknown,2026-05-31 11:00:00+03:00,,0.0,chunk_0018.json,POST /v1/generation/data/dpp-bulk,2026-05-31 21:45:17.665981+00:00,111670,GÜDÜL HES,5656,2026-05-31T11:00:00+03:00,11:00
40W000000111670H,GÜDÜL HES,unknown,2026-05-31 12:00:00+03:00,,0.0,chunk_0018.json,POST /v1/generation/data/dpp-bulk,2026-05-31 21:45:17.665981+00:00,111670,GÜDÜL HES,5656,2026-05-31T12:00:00+03:00,12:00
40W000000111670H,GÜDÜL HES,unknown,2026-05-31 13:00:00+03:00,,0.0,chunk_0018.json,POST /v1/generation/data/dpp-bulk,2026-05-31 21:45:17.665981+00:00,111670,GÜDÜL HES,5656,2026-05-31T13:00:00+03:00,13:00
40W000000111670H,GÜDÜL HES,unknown,2026-05-31 14:00:00+03:00,,0.0,chunk_0018.json,POST /v1/generation/data/dpp-bulk,2026-05-31 21:45:17.665981+00:00,111670,GÜDÜL HES,5656,2026-05-31T14:00:00+03:00,14:00
40W000000111670H,GÜDÜL HES,unknown,2026-05-31 15:00:00+03:00,,0.0,chunk_0018.json,POST /v1/generation/data/dpp-bulk,2026-05-31 21:45:17.665981+00:00,111670,GÜDÜL HES,5656,2026-05-31T15:00:00+03:00,15:00
40W000000111670H,GÜDÜL HES,unknown,2026-05-31 16:00:00+03:00,,0.0,chunk_0018.json,POST /v1/generation/data/dpp-bulk,2026-05-31 21:45:17.665981+00:00,111670,GÜDÜL HES,5656,2026-05-31T16:00:00+03:00,16:00
40W000000111670H,GÜDÜL HES,unknown,2026-05-31 17:00:00+03:00,,0.0,chunk_0018.json,POST /v1/generation/data/dpp-bulk,2026-05-31 21:45:17.665981+00:00,111670,GÜDÜL HES,5656,2026-05-31T17:00:00+03:00,17:00
40W000000111670H,GÜDÜL HES,unknown,2026-05-31 18:00:00+03:00,,0.0,chunk_0018.json,POST /v1/generation/data/dpp-bulk,2026-05-31 21:45:17.665981+00:00,111670,GÜDÜL HES,5656,2026-05-31T18:00:00+03:00,18:00
40W000000111670H,GÜDÜL HES,unknown,2026-05-31 19:00:00+03:00,,5.5,chunk_0018.json,POST /v1/generation/data/dpp-bulk,2026-05-31 21:45:17.665981+00:00,111670,GÜDÜL HES,5656,2026-05-31T19:00:00+03:00,19:00
40W000000111670H,GÜDÜL HES,unknown,2026-05-31 20:00:00+03:00,,5.5,chunk_0018.json,POST /v1/generation/data/dpp-bulk,2026-05-31 21:45:17.665981+00:00,111670,GÜDÜL HES,5656,2026-05-31T20:00:00+03:00,20:00
40W000000111670H,GÜDÜL HES,unknown,2026-05-31 21:00:00+03:00,,5.5,chunk_0018.json,POST /v1/generation/data/dpp-bulk,2026-05-31 21:45:17.665981+00:00,111670,GÜDÜL HES,5656,2026-05-31T21:00:00+03:00,21:00
40W000000111670H,GÜDÜL HES,unknown,2026-05-31 22:00:00+03:00,,5.5,chunk_0018.json,POST /v1/generation/data/dpp-bulk,2026-05-31 21:45:17.665981+00:00,111670,GÜDÜL HES,5656,2026-05-31T22:00:00+03:00,22:00
40W000000111670H,GÜDÜL HES,unknown,2026-05-31 23:00:00+03:00,,5.5,chunk_0018.json,POST /v1/generation/data/dpp-bulk,2026-05-31 21:45:17.665981+00:00,111670,GÜDÜL HES,5656,2026-05-31T23:00:00+03:00,23:00
40W000000112164R,BAĞIŞTAŞ II HES,unknown,2026-05-31 00:00:00+03:00,,31.0,chunk_0018.json,POST /v1/generation/data/dpp-bulk,2026-05-31 21:45:17.665981+00:00,112164,BAĞIŞTAŞ II HES,5657,2026-05-31T00:00:00+03:00,00:00
40W000000112164R,BAĞIŞTAŞ II HES,unknown,2026-05-31 01:00:00+03:00,,30.0,chunk_0018.json,POST /v1/generation/data/dpp-bulk,2026-05-31 21:45:17.665981+00:00,112164,BAĞIŞTAŞ II HES,5657,2026-05-31T01:00:00+03:00,01:00
40W000000112164R,BAĞIŞTAŞ II HES,unknown,2026-05-31 02:00:00+03:00,,29.0,chunk_0018.json,POST /v1/generation/data/dpp-bulk,2026-05-31 21:45:17.665981+00:00,112164,BAĞIŞTAŞ II HES,5657,2026-05-31T02:00:00+03:00,02:00
40W000000112164R,BAĞIŞTAŞ II HES,unknown,2026-05-31 03:00:00+03:00,,16.0,chunk_0018.json,POST /v1/generation/data/dpp-bulk,2026-05-31 21:45:17.665981+00:00,112164,BAĞIŞTAŞ II HES,5657,2026-05-31T03:00:00+03:00,03:00
40W000000112164R,BAĞIŞTAŞ II HES,unknown,2026-05-31 04:00:00+03:00,,16.0,chunk_0018.json,POST /v1/generation/data/dpp-bulk,2026-05-31 21:45:17.665981+00:00,112164,BAĞIŞTAŞ II HES,5657,2026-05-31T04:00:00+03:00,04:00
40W000000112164R,BAĞIŞTAŞ II HES,unknown,2026-05-31 05:00:00+03:00,,16.0,chunk_0018.json,POST /v1/generation/data/dpp-bulk,2026-05-31 21:45:17.665981+00:00,112164,BAĞIŞTAŞ II HES,5657,2026-05-31T05:00:00+03:00,05:00
40W000000112164R,BAĞIŞTAŞ II HES,unknown,2026-05-31 06:00:00+03:00,,0.0,chunk_0018.json,POST /v1/generation/data/dpp-bulk,2026-05-31 21:45:17.665981+00:00,112164,BAĞIŞTAŞ II HES,5657,2026-05-31T06:00:00+03:00,06:00
40W000000112164R,BAĞIŞTAŞ II HES,unknown,2026-05-31 07:00:00+03:00,,0.0,chunk_0018.json,POST /v1/generation/data/dpp-bulk,2026-05-31 21:45:17.665981+00:00,112164,BAĞIŞTAŞ II HES,5657,2026-05-31T07:00:00+03:00,07:00
40W000000112164R,BAĞIŞTAŞ II HES,unknown,2026-05-31 08:00:00+03:00,,0.0,chunk_0018.json,POST /v1/generation/data/dpp-bulk,2026-05-31 21:45:17.665981+00:00,112164,BAĞIŞTAŞ II HES,5657,2026-05-31T08:00:00+03:00,08:00
40W000000112164R,BAĞIŞTAŞ II HES,unknown,2026-05-31 09:00:00+03:00,,0.0,chunk_0018.json,POST /v1/generation/data/dpp-bulk,2026-05-31 21:45:17.665981+00:00,112164,BAĞIŞTAŞ II HES,5657,2026-05-31T09:00:00+03:00,09:00
40W000000112164R,BAĞIŞTAŞ II HES,unknown,2026-05-31 10:00:00+03:00,,0.0,chunk_0018.json,POST /v1/generation/data/dpp-bulk,2026-05-31 21:45:17.665981+00:00,112164,BAĞIŞTAŞ II HES,5657,2026-05-31T10:00:00+03:00,10:00
40W000000112164R,BAĞIŞTAŞ II HES,unknown,2026-05-31 11:00:00+03:00,,0.0,chunk_0018.json,POST /v1/generation/data/dpp-bulk,2026-05-31 21:45:17.665981+00:00,112164,BAĞIŞTAŞ II HES,5657,2026-05-31T11:00:00+03:00,11:00
40W000000112164R,BAĞIŞTAŞ II HES,unknown,2026-05-31 12:00:00+03:00,,0.0,chunk_0018.json,POST /v1/generation/data/dpp-bulk,2026-05-31 21:45:17.665981+00:00,112164,BAĞIŞTAŞ II HES,5657,2026-05-31T12:00:00+03:00,12:00
40W000000112164R,BAĞIŞTAŞ II HES,unknown,2026-05-31 13:00:00+03:00,,0.0,chunk_0018.json,POST /v1/generation/data/dpp-bulk,2026-05-31 21:45:17.665981+00:00,112164,BAĞIŞTAŞ II HES,5657,2026-05-31T13:00:00+03:00,13:00
40W000000112164R,BAĞIŞTAŞ II HES,unknown,2026-05-31 14:00:00+03:00,,0.0,chunk_0018.json,POST /v1/generation/data/dpp-bulk,2026-05-31 21:45:17.665981+00:00,112164,BAĞIŞTAŞ II HES,5657,2026-05-31T14:00:00+03:00,14:00
40W000000112164R,BAĞIŞTAŞ II HES,unknown,2026-05-31 15:00:00+03:00,,0.0,chunk_0018.json,POST /v1/generation/data/dpp-bulk,2026-05-31 21:45:17.665981+00:00,112164,BAĞIŞTAŞ II HES,5657,2026-05-31T15:00:00+03:00,15:00
40W000000112164R,BAĞIŞTAŞ II HES,unknown,2026-05-31 16:00:00+03:00,,0.0,chunk_0018.json,POST /v1/generation/data/dpp-bulk,2026-05-31 21:45:17.665981+00:00,112164,BAĞIŞTAŞ II HES,5657,2026-05-31T16:00:00+03:00,16:00
40W000000112164R,BAĞIŞTAŞ II HES,unknown,2026-05-31 17:00:00+03:00,,0.0,chunk_0018.json,POST /v1/generation/data/dpp-bulk,2026-05-31 21:45:17.665981+00:00,112164,BAĞIŞTAŞ II HES,5657,2026-05-31T17:00:00+03:00,17:00
40W000000112164R,BAĞIŞTAŞ II HES,unknown,2026-05-31 18:00:00+03:00,,16.0,chunk_0018.json,POST /v1/generation/data/dpp-bulk,2026-05-31 21:45:17.665981+00:00,112164,BAĞIŞTAŞ II HES,5657,2026-05-31T18:00:00+03:00,18:00
40W000000112164R,BAĞIŞTAŞ II HES,unknown,2026-05-31 19:00:00+03:00,,48.0,chunk_0018.json,POST /v1/generation/data/dpp-bulk,2026-05-31 21:45:17.665981+00:00,112164,BAĞIŞTAŞ II HES,5657,2026-05-31T19:00:00+03:00,19:00
40W000000112164R,BAĞIŞTAŞ II HES,unknown,2026-05-31 20:00:00+03:00,,48.0,chunk_0018.json,POST /v1/generation/data/dpp-bulk,2026-05-31 21:45:17.665981+00:00,112164,BAĞIŞTAŞ II HES,5657,2026-05-31T20:00:00+03:00,20:00
40W000000112164R,BAĞIŞTAŞ II HES,unknown,2026-05-31 21:00:00+03:00,,48.0,chunk_0018.json,POST /v1/generation/data/dpp-bulk,2026-05-31 21:45:17.665981+00:00,112164,BAĞIŞTAŞ II HES,5657,2026-05-31T21:00:00+03:00,21:00
40W000000112164R,BAĞIŞTAŞ II HES,unknown,2026-05-31 22:00:00+03:00,,48.0,chunk_0018.json,POST /v1/generation/data/dpp-bulk,2026-05-31 21:45:17.665981+00:00,112164,BAĞIŞTAŞ II HES,5657,2026-05-31T22:00:00+03:00,22:00
40W000000112164R,BAĞIŞTAŞ II HES,unknown,2026-05-31 23:00:00+03:00,,48.0,chunk_0018.json,POST /v1/generation/data/dpp-bulk,2026-05-31 21:45:17.665981+00:00,112164,BAĞIŞTAŞ II HES,5657,2026-05-31T23:00:00+03:00,23:00
40W000000112160Z,AMASYA KOJENERASYON SANTRALI,unknown,2026-05-31 00:00:00+03:00,,0.0,chunk_0018.json,POST /v1/generation/data/dpp-bulk,2026-05-31 21:45:17.665981+00:00,112160,AMASYA KOJENERASYON SANTRALI,5659,2026-05-31T00:00:00+03:00,00:00
40W000000112160Z,AMASYA KOJENERASYON SANTRALI,unknown,2026-05-31 01:00:00+03:00,,0.0,chunk_0018.json,POST /v1/generation/data/dpp-bulk,2026-05-31 21:45:17.665981+00:00,112160,AMASYA KOJENERASYON SANTRALI,5659,2026-05-31T01:00:00+03:00,01:00
40W000000112160Z,AMASYA KOJENERASYON SANTRALI,unknown,2026-05-31 02:00:00+03:00,,0.0,chunk_0018.json,POST /v1/generation/data/dpp-bulk,2026-05-31 21:45:17.665981+00:00,112160,AMASYA KOJENERASYON SANTRALI,5659,2026-05-31T02:00:00+03:00,02:00
40W000000112160Z,AMASYA KOJENERASYON SANTRALI,unknown,2026-05-31 03:00:00+03:00,,0.0,chunk_0018.json,POST /v1/generation/data/dpp-bulk,2026-05-31 21:45:17.665981+00:00,112160,AMASYA KOJENERASYON SANTRALI,5659,2026-05-31T03:00:00+03:00,03:00
40W000000112160Z,AMASYA KOJENERASYON SANTRALI,unknown,2026-05-31 04:00:00+03:00,,0.0,chunk_0018.json,POST /v1/generation/data/dpp-bulk,2026-05-31 21:45:17.665981+00:00,112160,AMASYA KOJENERASYON SANTRALI,5659,2026-05-31T04:00:00+03:00,04:00
40W000000112160Z,AMASYA KOJENERASYON SANTRALI,unknown,2026-05-31 05:00:00+03:00,,0.0,chunk_0018.json,POST /v1/generation/data/dpp-bulk,2026-05-31 21:45:17.665981+00:00,112160,AMASYA KOJENERASYON SANTRALI,5659,2026-05-31T05:00:00+03:00,05:00
40W000000112160Z,AMASYA KOJENERASYON SANTRALI,unknown,2026-05-31 06:00:00+03:00,,0.0,chunk_0018.json,POST /v1/generation/data/dpp-bulk,2026-05-31 21:45:17.665981+00:00,112160,AMASYA KOJENERASYON SANTRALI,5659,2026-05-31T06:00:00+03:00,06:00
40W000000112160Z,AMASYA KOJENERASYON SANTRALI,unknown,2026-05-31 07:00:00+03:00,,0.0,chunk_0018.json,POST /v1/generation/data/dpp-bulk,2026-05-31 21:45:17.665981+00:00,112160,AMASYA KOJENERASYON SANTRALI,5659,2026-05-31T07:00:00+03:00,07:00
40W000000112160Z,AMASYA KOJENERASYON SANTRALI,unknown,2026-05-31 08:00:00+03:00,,0.0,chunk_0018.json,POST /v1/generation/data/dpp-bulk,2026-05-31 21:45:17.665981+00:00,112160,AMASYA KOJENERASYON SANTRALI,5659,2026-05-31T08:00:00+03:00,08:00
40W000000112160Z,AMASYA KOJENERASYON SANTRALI,unknown,2026-05-31 09:00:00+03:00,,0.0,chunk_0018.json,POST /v1/generation/data/dpp-bulk,2026-05-31 21:45:17.665981+00:00,112160,AMASYA KOJENERASYON SANTRALI,5659,2026-05-31T09:00:00+03:00,09:00
40W000000112160Z,AMASYA KOJENERASYON SANTRALI,unknown,2026-05-31 10:00:00+03:00,,0.0,chunk_0018.json,POST /v1/generation/data/dpp-bulk,2026-05-31 21:45:17.665981+00:00,112160,AMASYA KOJENERASYON SANTRALI,5659,2026-05-31T10:00:00+03:00,10:00
40W000000112160Z,AMASYA KOJENERASYON SANTRALI,unknown,2026-05-31 11:00:00+03:00,,0.0,chunk_0018.json,POST /v1/generation/data/dpp-bulk,2026-05-31 21:45:17.665981+00:00,112160,AMASYA KOJENERASYON SANTRALI,5659,2026-05-31T11:00:00+03:00,11:00
40W000000112160Z,AMASYA KOJENERASYON SANTRALI,unknown,2026-05-31 12:00:00+03:00,,0.0,chunk_0018.json,POST /v1/generation/data/dpp-bulk,2026-05-31 21:45:17.665981+00:00,112160,AMASYA KOJENERASYON SANTRALI,5659,2026-05-31T12:00:00+03:00,12:00
40W000000112160Z,AMASYA KOJENERASYON SANTRALI,unknown,2026-05-31 13:00:00+03:00,,0.0,chunk_0018.json,POST /v1/generation/data/dpp-bulk,2026-05-31 21:45:17.665981+00:00,112160,AMASYA KOJENERASYON SANTRALI,5659,2026-05-31T13:00:00+03:00,13:00
40W000000112160Z,AMASYA KOJENERASYON SANTRALI,unknown,2026-05-31 14:00:00+03:00,,0.0,chunk_0018.json,POST /v1/generation/data/dpp-bulk,2026-05-31 21:45:17.665981+00:00,112160,AMASYA KOJENERASYON SANTRALI,5659,2026-05-31T14:00:00+03:00,14:00
40W000000112160Z,AMASYA KOJENERASYON SANTRALI,unknown,2026-05-31 15:00:00+03:00,,0.0,chunk_0018.json,POST /v1/generation/data/dpp-bulk,2026-05-31 21:45:17.665981+00:00,112160,AMASYA KOJENERASYON SANTRALI,5659,2026-05-31T15:00:00+03:00,15:00
40W000000112160Z,AMASYA KOJENERASYON SANTRALI,unknown,2026-05-31 16:00:00+03:00,,0.0,chunk_0018.json,POST /v1/generation/data/dpp-bulk,2026-05-31 21:45:17.665981+00:00,112160,AMASYA KOJENERASYON SANTRALI,5659,2026-05-31T16:00:00+03:00,16:00
40W000000112160Z,AMASYA KOJENERASYON SANTRALI,unknown,2026-05-31 17:00:00+03:00,,0.0,chunk_0018.json,POST /v1/generation/data/dpp-bulk,2026-05-31 21:45:17.665981+00:00,112160,AMASYA KOJENERASYON SANTRALI,5659,2026-05-31T17:00:00+03:00,17:00
40W000000112160Z,AMASYA KOJENERASYON SANTRALI,unknown,2026-05-31 18:00:00+03:00,,0.0,chunk_0018.json,POST /v1/generation/data/dpp-bulk,2026-05-31 21:45:17.665981+00:00,112160,AMASYA KOJENERASYON SANTRALI,5659,2026-05-31T18:00:00+03:00,18:00
40W000000112160Z,AMASYA KOJENERASYON SANTRALI,unknown,2026-05-31 19:00:00+03:00,,0.0,chunk_0018.json,POST /v1/generation/data/dpp-bulk,2026-05-31 21:45:17.665981+00:00,112160,AMASYA KOJENERASYON SANTRALI,5659,2026-05-31T19:00:00+03:00,19:00
40W000000112160Z,AMASYA KOJENERASYON SANTRALI,unknown,2026-05-31 20:00:00+03:00,,0.0,chunk_0018.json,POST /v1/generation/data/dpp-bulk,2026-05-31 21:45:17.665981+00:00,112160,AMASYA KOJENERASYON SANTRALI,5659,2026-05-31T20:00:00+03:00,20:00
40W000000112160Z,AMASYA KOJENERASYON SANTRALI,unknown,2026-05-31 21:00:00+03:00,,0.0,chunk_0018.json,POST /v1/generation/data/dpp-bulk,2026-05-31 21:45:17.665981+00:00,112160,AMASYA KOJENERASYON SANTRALI,5659,2026-05-31T21:00:00+03:00,21:00
40W000000112160Z,AMASYA KOJENERASYON SANTRALI,unknown,2026-05-31 22:00:00+03:00,,0.0,chunk_0018.json,POST /v1/generation/data/dpp-bulk,2026-05-31 21:45:17.665981+00:00,112160,AMASYA KOJENERASYON SANTRALI,5659,2026-05-31T22:00:00+03:00,22:00
40W000000112160Z,AMASYA KOJENERASYON SANTRALI,unknown,2026-05-31 23:00:00+03:00,,0.0,chunk_0018.json,POST /v1/generation/data/dpp-bulk,2026-05-31 21:45:17.665981+00:00,112160,AMASYA KOJENERASYON SANTRALI,5659,2026-05-31T23:00:00+03:00,23:00
40W000000112866W,ŞİFRİN REG. ve HES,unknown,2026-05-31 00:00:00+03:00,,0.0,chunk_0018.json,POST /v1/generation/data/dpp-bulk,2026-05-31 21:45:17.665981+00:00,112866,ŞİFRİN REG. ve HES,5731,2026-05-31T00:00:00+03:00,00:00
40W000000112866W,ŞİFRİN REG. ve HES,unknown,2026-05-31 01:00:00+03:00,,0.0,chunk_0018.json,POST /v1/generation/data/dpp-bulk,2026-05-31 21:45:17.665981+00:00,112866,ŞİFRİN REG. ve HES,5731,2026-05-31T01:00:00+03:00,01:00
40W000000112866W,ŞİFRİN REG. ve HES,unknown,2026-05-31 02:00:00+03:00,,0.0,chunk_0018.json,POST /v1/generation/data/dpp-bulk,2026-05-31 21:45:17.665981+00:00,112866,ŞİFRİN REG. ve HES,5731,2026-05-31T02:00:00+03:00,02:00
40W000000112866W,ŞİFRİN REG. ve HES,unknown,2026-05-31 03:00:00+03:00,,0.0,chunk_0018.json,POST /v1/generation/data/dpp-bulk,2026-05-31 21:45:17.665981+00:00,112866,ŞİFRİN REG. ve HES,5731,2026-05-31T03:00:00+03:00,03:00
40W000000112866W,ŞİFRİN REG. ve HES,unknown,2026-05-31 04:00:00+03:00,,0.0,chunk_0018.json,POST /v1/generation/data/dpp-bulk,2026-05-31 21:45:17.665981+00:00,112866,ŞİFRİN REG. ve HES,5731,2026-05-31T04:00:00+03:00,04:00
40W000000112866W,ŞİFRİN REG. ve HES,unknown,2026-05-31 05:00:00+03:00,,0.0,chunk_0018.json,POST /v1/generation/data/dpp-bulk,2026-05-31 21:45:17.665981+00:00,112866,ŞİFRİN REG. ve HES,5731,2026-05-31T05:00:00+03:00,05:00
40W000000112866W,ŞİFRİN REG. ve HES,unknown,2026-05-31 06:00:00+03:00,,0.0,chunk_0018.json,POST /v1/generation/data/dpp-bulk,2026-05-31 21:45:17.665981+00:00,112866,ŞİFRİN REG. ve HES,5731,2026-05-31T06:00:00+03:00,06:00
40W000000112866W,ŞİFRİN REG. ve HES,unknown,2026-05-31 07:00:00+03:00,,0.0,chunk_0018.json,POST /v1/generation/data/dpp-bulk,2026-05-31 21:45:17.665981+00:00,112866,ŞİFRİN REG. ve HES,5731,2026-05-31T07:00:00+03:00,07:00
40W000000112866W,ŞİFRİN REG. ve HES,unknown,2026-05-31 08:00:00+03:00,,0.0,chunk_0018.json,POST /v1/generation/data/dpp-bulk,2026-05-31 21:45:17.665981+00:00,112866,ŞİFRİN REG. ve HES,5731,2026-05-31T08:00:00+03:00,08:00
40W000000112866W,ŞİFRİN REG. ve HES,unknown,2026-05-31 09:00:00+03:00,,0.0,chunk_0018.json,POST /v1/generation/data/dpp-bulk,2026-05-31 21:45:17.665981+00:00,112866,ŞİFRİN REG. ve HES,5731,2026-05-31T09:00:00+03:00,09:00
40W000000112866W,ŞİFRİN REG. ve HES,unknown,2026-05-31 10:00:00+03:00,,0.0,chunk_0018.json,POST /v1/generation/data/dpp-bulk,2026-05-31 21:45:17.665981+00:00,112866,ŞİFRİN REG. ve HES,5731,2026-05-31T10:00:00+03:00,10:00
40W000000112866W,ŞİFRİN REG. ve HES,unknown,2026-05-31 11:00:00+03:00,,0.0,chunk_0018.json,POST /v1/generation/data/dpp-bulk,2026-05-31 21:45:17.665981+00:00,112866,ŞİFRİN REG. ve HES,5731,2026-05-31T11:00:00+03:00,11:00
40W000000112866W,ŞİFRİN REG. ve HES,unknown,2026-05-31 12:00:00+03:00,,0.0,chunk_0018.json,POST /v1/generation/data/dpp-bulk,2026-05-31 21:45:17.665981+00:00,112866,ŞİFRİN REG. ve HES,5731,2026-05-31T12:00:00+03:00,12:00
40W000000112866W,ŞİFRİN REG. ve HES,unknown,2026-05-31 13:00:00+03:00,,0.0,chunk_0018.json,POST /v1/generation/data/dpp-bulk,2026-05-31 21:45:17.665981+00:00,112866,ŞİFRİN REG. ve HES,5731,2026-05-31T13:00:00+03:00,13:00
40W000000112866W,ŞİFRİN REG. ve HES,unknown,2026-05-31 14:00:00+03:00,,0.0,chunk_0018.json,POST /v1/generation/data/dpp-bulk,2026-05-31 21:45:17.665981+00:00,112866,ŞİFRİN REG. ve HES,5731,2026-05-31T14:00:00+03:00,14:00
40W000000112866W,ŞİFRİN REG. ve HES,unknown,2026-05-31 15:00:00+03:00,,0.0,chunk_0018.json,POST /v1/generation/data/dpp-bulk,2026-05-31 21:45:17.665981+00:00,112866,ŞİFRİN REG. ve HES,5731,2026-05-31T15:00:00+03:00,15:00
40W000000112866W,ŞİFRİN REG. ve HES,unknown,2026-05-31 16:00:00+03:00,,0.0,chunk_0018.json,POST /v1/generation/data/dpp-bulk,2026-05-31 21:45:17.665981+00:00,112866,ŞİFRİN REG. ve HES,5731,2026-05-31T16:00:00+03:00,16:00
40W000000112866W,ŞİFRİN REG. ve HES,unknown,2026-05-31 17:00:00+03:00,,0.0,chunk_0018.json,POST /v1/generation/data/dpp-bulk,2026-05-31 21:45:17.665981+00:00,112866,ŞİFRİN REG. ve HES,5731,2026-05-31T17:00:00+03:00,17:00
40W000000112866W,ŞİFRİN REG. ve HES,unknown,2026-05-31 18:00:00+03:00,,0.0,chunk_0018.json,POST /v1/generation/data/dpp-bulk,2026-05-31 21:45:17.665981+00:00,112866,ŞİFRİN REG. ve HES,5731,2026-05-31T18:00:00+03:00,18:00
40W000000112866W,ŞİFRİN REG. ve HES,unknown,2026-05-31 19:00:00+03:00,,0.0,chunk_0018.json,POST /v1/generation/data/dpp-bulk,2026-05-31 21:45:17.665981+00:00,112866,ŞİFRİN REG. ve HES,5731,2026-05-31T19:00:00+03:00,19:00
40W000000112866W,ŞİFRİN REG. ve HES,unknown,2026-05-31 20:00:00+03:00,,0.0,chunk_0018.json,POST /v1/generation/data/dpp-bulk,2026-05-31 21:45:17.665981+00:00,112866,ŞİFRİN REG. ve HES,5731,2026-05-31T20:00:00+03:00,20:00
40W000000112866W,ŞİFRİN REG. ve HES,unknown,2026-05-31 21:00:00+03:00,,0.0,chunk_0018.json,POST /v1/generation/data/dpp-bulk,2026-05-31 21:45:17.665981+00:00,112866,ŞİFRİN REG. ve HES,5731,2026-05-31T21:00:00+03:00,21:00
40W000000112866W,ŞİFRİN REG. ve HES,unknown,2026-05-31 22:00:00+03:00,,0.0,chunk_0018.json,POST /v1/generation/data/dpp-bulk,2026-05-31 21:45:17.665981+00:00,112866,ŞİFRİN REG. ve HES,5731,2026-05-31T22:00:00+03:00,22:00
40W000000112866W,ŞİFRİN REG. ve HES,unknown,2026-05-31 23:00:00+03:00,,0.0,chunk_0018.json,POST /v1/generation/data/dpp-bulk,2026-05-31 21:45:17.665981+00:00,112866,ŞİFRİN REG. ve HES,5731,2026-05-31T23:00:00+03:00,23:00
40W000000113132Z,DARAN HES,unknown,2026-05-31 00:00:00+03:00,,0.0,chunk_0018.json,POST /v1/generation/data/dpp-bulk,2026-05-31 21:45:17.665981+00:00,113132,DARAN HES,5751,2026-05-31T00:00:00+03:00,00:00
40W000000113132Z,DARAN HES,unknown,2026-05-31 01:00:00+03:00,,0.0,chunk_0018.json,POST /v1/generation/data/dpp-bulk,2026-05-31 21:45:17.665981+00:00,113132,DARAN HES,5751,2026-05-31T01:00:00+03:00,01:00
40W000000113132Z,DARAN HES,unknown,2026-05-31 02:00:00+03:00,,0.0,chunk_0018.json,POST /v1/generation/data/dpp-bulk,2026-05-31 21:45:17.665981+00:00,113132,DARAN HES,5751,2026-05-31T02:00:00+03:00,02:00
40W000000113132Z,DARAN HES,unknown,2026-05-31 03:00:00+03:00,,0.0,chunk_0018.json,POST /v1/generation/data/dpp-bulk,2026-05-31 21:45:17.665981+00:00,113132,DARAN HES,5751,2026-05-31T03:00:00+03:00,03:00
40W000000113132Z,DARAN HES,unknown,2026-05-31 04:00:00+03:00,,0.0,chunk_0018.json,POST /v1/generation/data/dpp-bulk,2026-05-31 21:45:17.665981+00:00,113132,DARAN HES,5751,2026-05-31T04:00:00+03:00,04:00
40W000000113132Z,DARAN HES,unknown,2026-05-31 05:00:00+03:00,,0.0,chunk_0018.json,POST /v1/generation/data/dpp-bulk,2026-05-31 21:45:17.665981+00:00,113132,DARAN HES,5751,2026-05-31T05:00:00+03:00,05:00
40W000000113132Z,DARAN HES,unknown,2026-05-31 06:00:00+03:00,,0.0,chunk_0018.json,POST /v1/generation/data/dpp-bulk,2026-05-31 21:45:17.665981+00:00,113132,DARAN HES,5751,2026-05-31T06:00:00+03:00,06:00
40W000000113132Z,DARAN HES,unknown,2026-05-31 07:00:00+03:00,,0.0,chunk_0018.json,POST /v1/generation/data/dpp-bulk,2026-05-31 21:45:17.665981+00:00,113132,DARAN HES,5751,2026-05-31T07:00:00+03:00,07:00
40W000000113132Z,DARAN HES,unknown,2026-05-31 08:00:00+03:00,,0.0,chunk_0018.json,POST /v1/generation/data/dpp-bulk,2026-05-31 21:45:17.665981+00:00,113132,DARAN HES,5751,2026-05-31T08:00:00+03:00,08:00
40W000000113132Z,DARAN HES,unknown,2026-05-31 09:00:00+03:00,,0.0,chunk_0018.json,POST /v1/generation/data/dpp-bulk,2026-05-31 21:45:17.665981+00:00,113132,DARAN HES,5751,2026-05-31T09:00:00+03:00,09:00
40W000000113132Z,DARAN HES,unknown,2026-05-31 10:00:00+03:00,,0.0,chunk_0018.json,POST /v1/generation/data/dpp-bulk,2026-05-31 21:45:17.665981+00:00,113132,DARAN HES,5751,2026-05-31T10:00:00+03:00,10:00
40W000000113132Z,DARAN HES,unknown,2026-05-31 11:00:00+03:00,,0.0,chunk_0018.json,POST /v1/generation/data/dpp-bulk,2026-05-31 21:45:17.665981+00:00,113132,DARAN HES,5751,2026-05-31T11:00:00+03:00,11:00
40W000000113132Z,DARAN HES,unknown,2026-05-31 12:00:00+03:00,,0.0,chunk_0018.json,POST /v1/generation/data/dpp-bulk,2026-05-31 21:45:17.665981+00:00,113132,DARAN HES,5751,2026-05-31T12:00:00+03:00,12:00
40W000000113132Z,DARAN HES,unknown,2026-05-31 13:00:00+03:00,,0.0,chunk_0018.json,POST /v1/generation/data/dpp-bulk,2026-05-31 21:45:17.665981+00:00,113132,DARAN HES,5751,2026-05-31T13:00:00+03:00,13:00
40W000000113132Z,DARAN HES,unknown,2026-05-31 14:00:00+03:00,,0.0,chunk_0018.json,POST /v1/generation/data/dpp-bulk,2026-05-31 21:45:17.665981+00:00,113132,DARAN HES,5751,2026-05-31T14:00:00+03:00,14:00
40W000000113132Z,DARAN HES,unknown,2026-05-31 15:00:00+03:00,,0.0,chunk_0018.json,POST /v1/generation/data/dpp-bulk,2026-05-31 21:45:17.665981+00:00,113132,DARAN HES,5751,2026-05-31T15:00:00+03:00,15:00
40W000000113132Z,DARAN HES,unknown,2026-05-31 16:00:00+03:00,,0.0,chunk_0018.json,POST /v1/generation/data/dpp-bulk,2026-05-31 21:45:17.665981+00:00,113132,DARAN HES,5751,2026-05-31T16:00:00+03:00,16:00
40W000000113132Z,DARAN HES,unknown,2026-05-31 17:00:00+03:00,,0.0,chunk_0018.json,POST /v1/generation/data/dpp-bulk,2026-05-31 21:45:17.665981+00:00,113132,DARAN HES,5751,2026-05-31T17:00:00+03:00,17:00
40W000000113132Z,DARAN HES,unknown,2026-05-31 18:00:00+03:00,,0.0,chunk_0018.json,POST /v1/generation/data/dpp-bulk,2026-05-31 21:45:17.665981+00:00,113132,DARAN HES,5751,2026-05-31T18:00:00+03:00,18:00
40W000000113132Z,DARAN HES,unknown,2026-05-31 19:00:00+03:00,,32.0,chunk_0018.json,POST /v1/generation/data/dpp-bulk,2026-05-31 21:45:17.665981+00:00,113132,DARAN HES,5751,2026-05-31T19:00:00+03:00,19:00
40W000000113132Z,DARAN HES,unknown,2026-05-31 20:00:00+03:00,,60.0,chunk_0018.json,POST /v1/generation/data/dpp-bulk,2026-05-31 21:45:17.665981+00:00,113132,DARAN HES,5751,2026-05-31T20:00:00+03:00,20:00
40W000000113132Z,DARAN HES,unknown,2026-05-31 21:00:00+03:00,,32.0,chunk_0018.json,POST /v1/generation/data/dpp-bulk,2026-05-31 21:45:17.665981+00:00,113132,DARAN HES,5751,2026-05-31T21:00:00+03:00,21:00
40W000000113132Z,DARAN HES,unknown,2026-05-31 22:00:00+03:00,,60.0,chunk_0018.json,POST /v1/generation/data/dpp-bulk,2026-05-31 21:45:17.665981+00:00,113132,DARAN HES,5751,2026-05-31T22:00:00+03:00,22:00
40W000000113132Z,DARAN HES,unknown,2026-05-31 23:00:00+03:00,,35.0,chunk_0018.json,POST /v1/generation/data/dpp-bulk,2026-05-31 21:45:17.665981+00:00,113132,DARAN HES,5751,2026-05-31T23:00:00+03:00,23:00
40W000000111646E,DUMLU REG. ve HES,unknown,2026-05-31 00:00:00+03:00,,0.0,chunk_0018.json,POST /v1/generation/data/dpp-bulk,2026-05-31 21:45:17.665981+00:00,111646,DUMLU REG. ve HES,6440,2026-05-31T00:00:00+03:00,00:00
40W000000111646E,DUMLU REG. ve HES,unknown,2026-05-31 01:00:00+03:00,,0.0,chunk_0018.json,POST /v1/generation/data/dpp-bulk,2026-05-31 21:45:17.665981+00:00,111646,DUMLU REG. ve HES,6440,2026-05-31T01:00:00+03:00,01:00
40W000000111646E,DUMLU REG. ve HES,unknown,2026-05-31 02:00:00+03:00,,0.0,chunk_0018.json,POST /v1/generation/data/dpp-bulk,2026-05-31 21:45:17.665981+00:00,111646,DUMLU REG. ve HES,6440,2026-05-31T02:00:00+03:00,02:00
40W000000111646E,DUMLU REG. ve HES,unknown,2026-05-31 03:00:00+03:00,,0.0,chunk_0018.json,POST /v1/generation/data/dpp-bulk,2026-05-31 21:45:17.665981+00:00,111646,DUMLU REG. ve HES,6440,2026-05-31T03:00:00+03:00,03:00
40W000000111646E,DUMLU REG. ve HES,unknown,2026-05-31 04:00:00+03:00,,0.0,chunk_0018.json,POST /v1/generation/data/dpp-bulk,2026-05-31 21:45:17.665981+00:00,111646,DUMLU REG. ve HES,6440,2026-05-31T04:00:00+03:00,04:00
40W000000111646E,DUMLU REG. ve HES,unknown,2026-05-31 05:00:00+03:00,,0.0,chunk_0018.json,POST /v1/generation/data/dpp-bulk,2026-05-31 21:45:17.665981+00:00,111646,DUMLU REG. ve HES,6440,2026-05-31T05:00:00+03:00,05:00
40W000000111646E,DUMLU REG. ve HES,unknown,2026-05-31 06:00:00+03:00,,0.0,chunk_0018.json,POST /v1/generation/data/dpp-bulk,2026-05-31 21:45:17.665981+00:00,111646,DUMLU REG. ve HES,6440,2026-05-31T06:00:00+03:00,06:00
40W000000111646E,DUMLU REG. ve HES,unknown,2026-05-31 07:00:00+03:00,,0.0,chunk_0018.json,POST /v1/generation/data/dpp-bulk,2026-05-31 21:45:17.665981+00:00,111646,DUMLU REG. ve HES,6440,2026-05-31T07:00:00+03:00,07:00
40W000000111646E,DUMLU REG. ve HES,unknown,2026-05-31 08:00:00+03:00,,0.0,chunk_0018.json,POST /v1/generation/data/dpp-bulk,2026-05-31 21:45:17.665981+00:00,111646,DUMLU REG. ve HES,6440,2026-05-31T08:00:00+03:00,08:00
40W000000111646E,DUMLU REG. ve HES,unknown,2026-05-31 09:00:00+03:00,,0.0,chunk_0018.json,POST /v1/generation/data/dpp-bulk,2026-05-31 21:45:17.665981+00:00,111646,DUMLU REG. ve HES,6440,2026-05-31T09:00:00+03:00,09:00
40W000000111646E,DUMLU REG. ve HES,unknown,2026-05-31 10:00:00+03:00,,0.0,chunk_0018.json,POST /v1/generation/data/dpp-bulk,2026-05-31 21:45:17.665981+00:00,111646,DUMLU REG. ve HES,6440,2026-05-31T10:00:00+03:00,10:00
40W000000111646E,DUMLU REG. ve HES,unknown,2026-05-31 11:00:00+03:00,,0.0,chunk_0018.json,POST /v1/generation/data/dpp-bulk,2026-05-31 21:45:17.665981+00:00,111646,DUMLU REG. ve HES,6440,2026-05-31T11:00:00+03:00,11:00
40W000000111646E,DUMLU REG. ve HES,unknown,2026-05-31 12:00:00+03:00,,0.0,chunk_0018.json,POST /v1/generation/data/dpp-bulk,2026-05-31 21:45:17.665981+00:00,111646,DUMLU REG. ve HES,6440,2026-05-31T12:00:00+03:00,12:00
40W000000111646E,DUMLU REG. ve HES,unknown,2026-05-31 13:00:00+03:00,,0.0,chunk_0018.json,POST /v1/generation/data/dpp-bulk,2026-05-31 21:45:17.665981+00:00,111646,DUMLU REG. ve HES,6440,2026-05-31T13:00:00+03:00,13:00
40W000000111646E,DUMLU REG. ve HES,unknown,2026-05-31 14:00:00+03:00,,0.0,chunk_0018.json,POST /v1/generation/data/dpp-bulk,2026-05-31 21:45:17.665981+00:00,111646,DUMLU REG. ve HES,6440,2026-05-31T14:00:00+03:00,14:00
40W000000111646E,DUMLU REG. ve HES,unknown,2026-05-31 15:00:00+03:00,,0.0,chunk_0018.json,POST /v1/generation/data/dpp-bulk,2026-05-31 21:45:17.665981+00:00,111646,DUMLU REG. ve HES,6440,2026-05-31T15:00:00+03:00,15:00
40W000000111646E,DUMLU REG. ve HES,unknown,2026-05-31 16:00:00+03:00,,0.0,chunk_0018.json,POST /v1/generation/data/dpp-bulk,2026-05-31 21:45:17.665981+00:00,111646,DUMLU REG. ve HES,6440,2026-05-31T16:00:00+03:00,16:00
40W000000111646E,DUMLU REG. ve HES,unknown,2026-05-31 17:00:00+03:00,,0.0,chunk_0018.json,POST /v1/generation/data/dpp-bulk,2026-05-31 21:45:17.665981+00:00,111646,DUMLU REG. ve HES,6440,2026-05-31T17:00:00+03:00,17:00
40W000000111646E,DUMLU REG. ve HES,unknown,2026-05-31 18:00:00+03:00,,0.0,chunk_0018.json,POST /v1/generation/data/dpp-bulk,2026-05-31 21:45:17.665981+00:00,111646,DUMLU REG. ve HES,6440,2026-05-31T18:00:00+03:00,18:00
40W000000111646E,DUMLU REG. ve HES,unknown,2026-05-31 19:00:00+03:00,,0.0,chunk_0018.json,POST /v1/generation/data/dpp-bulk,2026-05-31 21:45:17.665981+00:00,111646,DUMLU REG. ve HES,6440,2026-05-31T19:00:00+03:00,19:00
40W000000111646E,DUMLU REG. ve HES,unknown,2026-05-31 20:00:00+03:00,,0.0,chunk_0018.json,POST /v1/generation/data/dpp-bulk,2026-05-31 21:45:17.665981+00:00,111646,DUMLU REG. ve HES,6440,2026-05-31T20:00:00+03:00,20:00
40W000000111646E,DUMLU REG. ve HES,unknown,2026-05-31 21:00:00+03:00,,0.0,chunk_0018.json,POST /v1/generation/data/dpp-bulk,2026-05-31 21:45:17.665981+00:00,111646,DUMLU REG. ve HES,6440,2026-05-31T21:00:00+03:00,21:00
40W000000111646E,DUMLU REG. ve HES,unknown,2026-05-31 22:00:00+03:00,,0.0,chunk_0018.json,POST /v1/generation/data/dpp-bulk,2026-05-31 21:45:17.665981+00:00,111646,DUMLU REG. ve HES,6440,2026-05-31T22:00:00+03:00,22:00
40W000000111646E,DUMLU REG. ve HES,unknown,2026-05-31 23:00:00+03:00,,0.0,chunk_0018.json,POST /v1/generation/data/dpp-bulk,2026-05-31 21:45:17.665981+00:00,111646,DUMLU REG. ve HES,6440,2026-05-31T23:00:00+03:00,23:00
40W000000112263P,GÜNEŞLİ II HES(BAĞPINAR ELK.),unknown,2026-05-31 00:00:00+03:00,,11.5,chunk_0018.json,POST /v1/generation/data/dpp-bulk,2026-05-31 21:45:17.665981+00:00,112263,GÜNEŞLİ II HES(BAĞPINAR ELK.),103060,2026-05-31T00:00:00+03:00,00:00
40W000000112263P,GÜNEŞLİ II HES(BAĞPINAR ELK.),unknown,2026-05-31 01:00:00+03:00,,11.5,chunk_0018.json,POST /v1/generation/data/dpp-bulk,2026-05-31 21:45:17.665981+00:00,112263,GÜNEŞLİ II HES(BAĞPINAR ELK.),103060,2026-05-31T01:00:00+03:00,01:00
40W000000112263P,GÜNEŞLİ II HES(BAĞPINAR ELK.),unknown,2026-05-31 02:00:00+03:00,,11.5,chunk_0018.json,POST /v1/generation/data/dpp-bulk,2026-05-31 21:45:17.665981+00:00,112263,GÜNEŞLİ II HES(BAĞPINAR ELK.),103060,2026-05-31T02:00:00+03:00,02:00
40W000000112263P,GÜNEŞLİ II HES(BAĞPINAR ELK.),unknown,2026-05-31 03:00:00+03:00,,11.5,chunk_0018.json,POST /v1/generation/data/dpp-bulk,2026-05-31 21:45:17.665981+00:00,112263,GÜNEŞLİ II HES(BAĞPINAR ELK.),103060,2026-05-31T03:00:00+03:00,03:00
40W000000112263P,GÜNEŞLİ II HES(BAĞPINAR ELK.),unknown,2026-05-31 04:00:00+03:00,,11.5,chunk_0018.json,POST /v1/generation/data/dpp-bulk,2026-05-31 21:45:17.665981+00:00,112263,GÜNEŞLİ II HES(BAĞPINAR ELK.),103060,2026-05-31T04:00:00+03:00,04:00
40W000000112263P,GÜNEŞLİ II HES(BAĞPINAR ELK.),unknown,2026-05-31 05:00:00+03:00,,0.0,chunk_0018.json,POST /v1/generation/data/dpp-bulk,2026-05-31 21:45:17.665981+00:00,112263,GÜNEŞLİ II HES(BAĞPINAR ELK.),103060,2026-05-31T05:00:00+03:00,05:00
40W000000112263P,GÜNEŞLİ II HES(BAĞPINAR ELK.),unknown,2026-05-31 06:00:00+03:00,,0.0,chunk_0018.json,POST /v1/generation/data/dpp-bulk,2026-05-31 21:45:17.665981+00:00,112263,GÜNEŞLİ II HES(BAĞPINAR ELK.),103060,2026-05-31T06:00:00+03:00,06:00
40W000000112263P,GÜNEŞLİ II HES(BAĞPINAR ELK.),unknown,2026-05-31 07:00:00+03:00,,0.0,chunk_0018.json,POST /v1/generation/data/dpp-bulk,2026-05-31 21:45:17.665981+00:00,112263,GÜNEŞLİ II HES(BAĞPINAR ELK.),103060,2026-05-31T07:00:00+03:00,07:00
40W000000112263P,GÜNEŞLİ II HES(BAĞPINAR ELK.),unknown,2026-05-31 08:00:00+03:00,,0.0,chunk_0018.json,POST /v1/generation/data/dpp-bulk,2026-05-31 21:45:17.665981+00:00,112263,GÜNEŞLİ II HES(BAĞPINAR ELK.),103060,2026-05-31T08:00:00+03:00,08:00
40W000000112263P,GÜNEŞLİ II HES(BAĞPINAR ELK.),unknown,2026-05-31 09:00:00+03:00,,0.0,chunk_0018.json,POST /v1/generation/data/dpp-bulk,2026-05-31 21:45:17.665981+00:00,112263,GÜNEŞLİ II HES(BAĞPINAR ELK.),103060,2026-05-31T09:00:00+03:00,09:00
40W000000112263P,GÜNEŞLİ II HES(BAĞPINAR ELK.),unknown,2026-05-31 10:00:00+03:00,,0.0,chunk_0018.json,POST /v1/generation/data/dpp-bulk,2026-05-31 21:45:17.665981+00:00,112263,GÜNEŞLİ II HES(BAĞPINAR ELK.),103060,2026-05-31T10:00:00+03:00,10:00
40W000000112263P,GÜNEŞLİ II HES(BAĞPINAR ELK.),unknown,2026-05-31 11:00:00+03:00,,0.0,chunk_0018.json,POST /v1/generation/data/dpp-bulk,2026-05-31 21:45:17.665981+00:00,112263,GÜNEŞLİ II HES(BAĞPINAR ELK.),103060,2026-05-31T11:00:00+03:00,11:00
40W000000112263P,GÜNEŞLİ II HES(BAĞPINAR ELK.),unknown,2026-05-31 12:00:00+03:00,,0.0,chunk_0018.json,POST /v1/generation/data/dpp-bulk,2026-05-31 21:45:17.665981+00:00,112263,GÜNEŞLİ II HES(BAĞPINAR ELK.),103060,2026-05-31T12:00:00+03:00,12:00
40W000000112263P,GÜNEŞLİ II HES(BAĞPINAR ELK.),unknown,2026-05-31 13:00:00+03:00,,0.0,chunk_0018.json,POST /v1/generation/data/dpp-bulk,2026-05-31 21:45:17.665981+00:00,112263,GÜNEŞLİ II HES(BAĞPINAR ELK.),103060,2026-05-31T13:00:00+03:00,13:00
40W000000112263P,GÜNEŞLİ II HES(BAĞPINAR ELK.),unknown,2026-05-31 14:00:00+03:00,,0.0,chunk_0018.json,POST /v1/generation/data/dpp-bulk,2026-05-31 21:45:17.665981+00:00,112263,GÜNEŞLİ II HES(BAĞPINAR ELK.),103060,2026-05-31T14:00:00+03:00,14:00
40W000000112263P,GÜNEŞLİ II HES(BAĞPINAR ELK.),unknown,2026-05-31 15:00:00+03:00,,0.0,chunk_0018.json,POST /v1/generation/data/dpp-bulk,2026-05-31 21:45:17.665981+00:00,112263,GÜNEŞLİ II HES(BAĞPINAR ELK.),103060,2026-05-31T15:00:00+03:00,15:00
40W000000112263P,GÜNEŞLİ II HES(BAĞPINAR ELK.),unknown,2026-05-31 16:00:00+03:00,,0.0,chunk_0018.json,POST /v1/generation/data/dpp-bulk,2026-05-31 21:45:17.665981+00:00,112263,GÜNEŞLİ II HES(BAĞPINAR ELK.),103060,2026-05-31T16:00:00+03:00,16:00
40W000000112263P,GÜNEŞLİ II HES(BAĞPINAR ELK.),unknown,2026-05-31 17:00:00+03:00,,0.0,chunk_0018.json,POST /v1/generation/data/dpp-bulk,2026-05-31 21:45:17.665981+00:00,112263,GÜNEŞLİ II HES(BAĞPINAR ELK.),103060,2026-05-31T17:00:00+03:00,17:00
40W000000112263P,GÜNEŞLİ II HES(BAĞPINAR ELK.),unknown,2026-05-31 18:00:00+03:00,,3.0,chunk_0018.json,POST /v1/generation/data/dpp-bulk,2026-05-31 21:45:17.665981+00:00,112263,GÜNEŞLİ II HES(BAĞPINAR ELK.),103060,2026-05-31T18:00:00+03:00,18:00
40W000000112263P,GÜNEŞLİ II HES(BAĞPINAR ELK.),unknown,2026-05-31 19:00:00+03:00,,11.5,chunk_0018.json,POST /v1/generation/data/dpp-bulk,2026-05-31 21:45:17.665981+00:00,112263,GÜNEŞLİ II HES(BAĞPINAR ELK.),103060,2026-05-31T19:00:00+03:00,19:00
40W000000112263P,GÜNEŞLİ II HES(BAĞPINAR ELK.),unknown,2026-05-31 20:00:00+03:00,,11.5,chunk_0018.json,POST /v1/generation/data/dpp-bulk,2026-05-31 21:45:17.665981+00:00,112263,GÜNEŞLİ II HES(BAĞPINAR ELK.),103060,2026-05-31T20:00:00+03:00,20:00
40W000000112263P,GÜNEŞLİ II HES(BAĞPINAR ELK.),unknown,2026-05-31 21:00:00+03:00,,11.5,chunk_0018.json,POST /v1/generation/data/dpp-bulk,2026-05-31 21:45:17.665981+00:00,112263,GÜNEŞLİ II HES(BAĞPINAR ELK.),103060,2026-05-31T21:00:00+03:00,21:00
40W000000112263P,GÜNEŞLİ II HES(BAĞPINAR ELK.),unknown,2026-05-31 22:00:00+03:00,,11.5,chunk_0018.json,POST /v1/generation/data/dpp-bulk,2026-05-31 21:45:17.665981+00:00,112263,GÜNEŞLİ II HES(BAĞPINAR ELK.),103060,2026-05-31T22:00:00+03:00,22:00
40W000000112263P,GÜNEŞLİ II HES(BAĞPINAR ELK.),unknown,2026-05-31 23:00:00+03:00,,11.5,chunk_0018.json,POST /v1/generation/data/dpp-bulk,2026-05-31 21:45:17.665981+00:00,112263,GÜNEŞLİ II HES(BAĞPINAR ELK.),103060,2026-05-31T23:00:00+03:00,23:00
40W000000106710C,TELEME HES,unknown,2026-05-31 00:00:00+03:00,,1.5,chunk_0018.json,POST /v1/generation/data/dpp-bulk,2026-05-31 21:45:17.665981+00:00,106710,TELEME HES,103420,2026-05-31T00:00:00+03:00,00:00
40W000000106710C,TELEME HES,unknown,2026-05-31 01:00:00+03:00,,1.5,chunk_0018.json,POST /v1/generation/data/dpp-bulk,2026-05-31 21:45:17.665981+00:00,106710,TELEME HES,103420,2026-05-31T01:00:00+03:00,01:00
40W000000106710C,TELEME HES,unknown,2026-05-31 02:00:00+03:00,,1.5,chunk_0018.json,POST /v1/generation/data/dpp-bulk,2026-05-31 21:45:17.665981+00:00,106710,TELEME HES,103420,2026-05-31T02:00:00+03:00,02:00
40W000000106710C,TELEME HES,unknown,2026-05-31 03:00:00+03:00,,0.0,chunk_0018.json,POST /v1/generation/data/dpp-bulk,2026-05-31 21:45:17.665981+00:00,106710,TELEME HES,103420,2026-05-31T03:00:00+03:00,03:00
40W000000106710C,TELEME HES,unknown,2026-05-31 04:00:00+03:00,,0.0,chunk_0018.json,POST /v1/generation/data/dpp-bulk,2026-05-31 21:45:17.665981+00:00,106710,TELEME HES,103420,2026-05-31T04:00:00+03:00,04:00
40W000000106710C,TELEME HES,unknown,2026-05-31 05:00:00+03:00,,0.0,chunk_0018.json,POST /v1/generation/data/dpp-bulk,2026-05-31 21:45:17.665981+00:00,106710,TELEME HES,103420,2026-05-31T05:00:00+03:00,05:00
40W000000106710C,TELEME HES,unknown,2026-05-31 06:00:00+03:00,,0.0,chunk_0018.json,POST /v1/generation/data/dpp-bulk,2026-05-31 21:45:17.665981+00:00,106710,TELEME HES,103420,2026-05-31T06:00:00+03:00,06:00
40W000000106710C,TELEME HES,unknown,2026-05-31 07:00:00+03:00,,0.0,chunk_0018.json,POST /v1/generation/data/dpp-bulk,2026-05-31 21:45:17.665981+00:00,106710,TELEME HES,103420,2026-05-31T07:00:00+03:00,07:00
40W000000106710C,TELEME HES,unknown,2026-05-31 08:00:00+03:00,,0.0,chunk_0018.json,POST /v1/generation/data/dpp-bulk,2026-05-31 21:45:17.665981+00:00,106710,TELEME HES,103420,2026-05-31T08:00:00+03:00,08:00
40W000000106710C,TELEME HES,unknown,2026-05-31 09:00:00+03:00,,0.0,chunk_0018.json,POST /v1/generation/data/dpp-bulk,2026-05-31 21:45:17.665981+00:00,106710,TELEME HES,103420,2026-05-31T09:00:00+03:00,09:00
40W000000106710C,TELEME HES,unknown,2026-05-31 10:00:00+03:00,,0.0,chunk_0018.json,POST /v1/generation/data/dpp-bulk,2026-05-31 21:45:17.665981+00:00,106710,TELEME HES,103420,2026-05-31T10:00:00+03:00,10:00
40W000000106710C,TELEME HES,unknown,2026-05-31 11:00:00+03:00,,0.0,chunk_0018.json,POST /v1/generation/data/dpp-bulk,2026-05-31 21:45:17.665981+00:00,106710,TELEME HES,103420,2026-05-31T11:00:00+03:00,11:00
40W000000106710C,TELEME HES,unknown,2026-05-31 12:00:00+03:00,,0.0,chunk_0018.json,POST /v1/generation/data/dpp-bulk,2026-05-31 21:45:17.665981+00:00,106710,TELEME HES,103420,2026-05-31T12:00:00+03:00,12:00
40W000000106710C,TELEME HES,unknown,2026-05-31 13:00:00+03:00,,0.0,chunk_0018.json,POST /v1/generation/data/dpp-bulk,2026-05-31 21:45:17.665981+00:00,106710,TELEME HES,103420,2026-05-31T13:00:00+03:00,13:00
40W000000106710C,TELEME HES,unknown,2026-05-31 14:00:00+03:00,,0.0,chunk_0018.json,POST /v1/generation/data/dpp-bulk,2026-05-31 21:45:17.665981+00:00,106710,TELEME HES,103420,2026-05-31T14:00:00+03:00,14:00
40W000000106710C,TELEME HES,unknown,2026-05-31 15:00:00+03:00,,0.0,chunk_0018.json,POST /v1/generation/data/dpp-bulk,2026-05-31 21:45:17.665981+00:00,106710,TELEME HES,103420,2026-05-31T15:00:00+03:00,15:00
40W000000106710C,TELEME HES,unknown,2026-05-31 16:00:00+03:00,,0.0,chunk_0018.json,POST /v1/generation/data/dpp-bulk,2026-05-31 21:45:17.665981+00:00,106710,TELEME HES,103420,2026-05-31T16:00:00+03:00,16:00
40W000000106710C,TELEME HES,unknown,2026-05-31 17:00:00+03:00,,0.0,chunk_0018.json,POST /v1/generation/data/dpp-bulk,2026-05-31 21:45:17.665981+00:00,106710,TELEME HES,103420,2026-05-31T17:00:00+03:00,17:00
40W000000106710C,TELEME HES,unknown,2026-05-31 18:00:00+03:00,,0.0,chunk_0018.json,POST /v1/generation/data/dpp-bulk,2026-05-31 21:45:17.665981+00:00,106710,TELEME HES,103420,2026-05-31T18:00:00+03:00,18:00
40W000000106710C,TELEME HES,unknown,2026-05-31 19:00:00+03:00,,1.5,chunk_0018.json,POST /v1/generation/data/dpp-bulk,2026-05-31 21:45:17.665981+00:00,106710,TELEME HES,103420,2026-05-31T19:00:00+03:00,19:00
40W000000106710C,TELEME HES,unknown,2026-05-31 20:00:00+03:00,,1.5,chunk_0018.json,POST /v1/generation/data/dpp-bulk,2026-05-31 21:45:17.665981+00:00,106710,TELEME HES,103420,2026-05-31T20:00:00+03:00,20:00
40W000000106710C,TELEME HES,unknown,2026-05-31 21:00:00+03:00,,1.5,chunk_0018.json,POST /v1/generation/data/dpp-bulk,2026-05-31 21:45:17.665981+00:00,106710,TELEME HES,103420,2026-05-31T21:00:00+03:00,21:00
40W000000106710C,TELEME HES,unknown,2026-05-31 22:00:00+03:00,,1.5,chunk_0018.json,POST /v1/generation/data/dpp-bulk,2026-05-31 21:45:17.665981+00:00,106710,TELEME HES,103420,2026-05-31T22:00:00+03:00,22:00
40W000000106710C,TELEME HES,unknown,2026-05-31 23:00:00+03:00,,1.5,chunk_0018.json,POST /v1/generation/data/dpp-bulk,2026-05-31 21:45:17.665981+00:00,106710,TELEME HES,103420,2026-05-31T23:00:00+03:00,23:00
40W000000112264N,ESENDURAK HES,unknown,2026-05-31 00:00:00+03:00,,9.3,chunk_0018.json,POST /v1/generation/data/dpp-bulk,2026-05-31 21:45:17.665981+00:00,112264,ESENDURAK HES,103420,2026-05-31T00:00:00+03:00,00:00
40W000000112264N,ESENDURAK HES,unknown,2026-05-31 01:00:00+03:00,,9.3,chunk_0018.json,POST /v1/generation/data/dpp-bulk,2026-05-31 21:45:17.665981+00:00,112264,ESENDURAK HES,103420,2026-05-31T01:00:00+03:00,01:00
40W000000112264N,ESENDURAK HES,unknown,2026-05-31 02:00:00+03:00,,9.3,chunk_0018.json,POST /v1/generation/data/dpp-bulk,2026-05-31 21:45:17.665981+00:00,112264,ESENDURAK HES,103420,2026-05-31T02:00:00+03:00,02:00
40W000000112264N,ESENDURAK HES,unknown,2026-05-31 03:00:00+03:00,,0.0,chunk_0018.json,POST /v1/generation/data/dpp-bulk,2026-05-31 21:45:17.665981+00:00,112264,ESENDURAK HES,103420,2026-05-31T03:00:00+03:00,03:00
40W000000112264N,ESENDURAK HES,unknown,2026-05-31 04:00:00+03:00,,0.0,chunk_0018.json,POST /v1/generation/data/dpp-bulk,2026-05-31 21:45:17.665981+00:00,112264,ESENDURAK HES,103420,2026-05-31T04:00:00+03:00,04:00
40W000000112264N,ESENDURAK HES,unknown,2026-05-31 05:00:00+03:00,,0.0,chunk_0018.json,POST /v1/generation/data/dpp-bulk,2026-05-31 21:45:17.665981+00:00,112264,ESENDURAK HES,103420,2026-05-31T05:00:00+03:00,05:00
40W000000112264N,ESENDURAK HES,unknown,2026-05-31 06:00:00+03:00,,0.0,chunk_0018.json,POST /v1/generation/data/dpp-bulk,2026-05-31 21:45:17.665981+00:00,112264,ESENDURAK HES,103420,2026-05-31T06:00:00+03:00,06:00
40W000000112264N,ESENDURAK HES,unknown,2026-05-31 07:00:00+03:00,,0.0,chunk_0018.json,POST /v1/generation/data/dpp-bulk,2026-05-31 21:45:17.665981+00:00,112264,ESENDURAK HES,103420,2026-05-31T07:00:00+03:00,07:00
40W000000112264N,ESENDURAK HES,unknown,2026-05-31 08:00:00+03:00,,0.0,chunk_0018.json,POST /v1/generation/data/dpp-bulk,2026-05-31 21:45:17.665981+00:00,112264,ESENDURAK HES,103420,2026-05-31T08:00:00+03:00,08:00
40W000000112264N,ESENDURAK HES,unknown,2026-05-31 09:00:00+03:00,,0.0,chunk_0018.json,POST /v1/generation/data/dpp-bulk,2026-05-31 21:45:17.665981+00:00,112264,ESENDURAK HES,103420,2026-05-31T09:00:00+03:00,09:00
40W000000112264N,ESENDURAK HES,unknown,2026-05-31 10:00:00+03:00,,0.0,chunk_0018.json,POST /v1/generation/data/dpp-bulk,2026-05-31 21:45:17.665981+00:00,112264,ESENDURAK HES,103420,2026-05-31T10:00:00+03:00,10:00
40W000000112264N,ESENDURAK HES,unknown,2026-05-31 11:00:00+03:00,,0.0,chunk_0018.json,POST /v1/generation/data/dpp-bulk,2026-05-31 21:45:17.665981+00:00,112264,ESENDURAK HES,103420,2026-05-31T11:00:00+03:00,11:00
40W000000112264N,ESENDURAK HES,unknown,2026-05-31 12:00:00+03:00,,0.0,chunk_0018.json,POST /v1/generation/data/dpp-bulk,2026-05-31 21:45:17.665981+00:00,112264,ESENDURAK HES,103420,2026-05-31T12:00:00+03:00,12:00
40W000000112264N,ESENDURAK HES,unknown,2026-05-31 13:00:00+03:00,,0.0,chunk_0018.json,POST /v1/generation/data/dpp-bulk,2026-05-31 21:45:17.665981+00:00,112264,ESENDURAK HES,103420,2026-05-31T13:00:00+03:00,13:00
40W000000112264N,ESENDURAK HES,unknown,2026-05-31 14:00:00+03:00,,0.0,chunk_0018.json,POST /v1/generation/data/dpp-bulk,2026-05-31 21:45:17.665981+00:00,112264,ESENDURAK HES,103420,2026-05-31T14:00:00+03:00,14:00
40W000000112264N,ESENDURAK HES,unknown,2026-05-31 15:00:00+03:00,,0.0,chunk_0018.json,POST /v1/generation/data/dpp-bulk,2026-05-31 21:45:17.665981+00:00,112264,ESENDURAK HES,103420,2026-05-31T15:00:00+03:00,15:00
40W000000112264N,ESENDURAK HES,unknown,2026-05-31 16:00:00+03:00,,0.0,chunk_0018.json,POST /v1/generation/data/dpp-bulk,2026-05-31 21:45:17.665981+00:00,112264,ESENDURAK HES,103420,2026-05-31T16:00:00+03:00,16:00
40W000000112264N,ESENDURAK HES,unknown,2026-05-31 17:00:00+03:00,,0.0,chunk_0018.json,POST /v1/generation/data/dpp-bulk,2026-05-31 21:45:17.665981+00:00,112264,ESENDURAK HES,103420,2026-05-31T17:00:00+03:00,17:00
40W000000112264N,ESENDURAK HES,unknown,2026-05-31 18:00:00+03:00,,0.0,chunk_0018.json,POST /v1/generation/data/dpp-bulk,2026-05-31 21:45:17.665981+00:00,112264,ESENDURAK HES,103420,2026-05-31T18:00:00+03:00,18:00
40W000000112264N,ESENDURAK HES,unknown,2026-05-31 19:00:00+03:00,,9.3,chunk_0018.json,POST /v1/generation/data/dpp-bulk,2026-05-31 21:45:17.665981+00:00,112264,ESENDURAK HES,103420,2026-05-31T19:00:00+03:00,19:00
40W000000112264N,ESENDURAK HES,unknown,2026-05-31 20:00:00+03:00,,9.3,chunk_0018.json,POST /v1/generation/data/dpp-bulk,2026-05-31 21:45:17.665981+00:00,112264,ESENDURAK HES,103420,2026-05-31T20:00:00+03:00,20:00
40W000000112264N,ESENDURAK HES,unknown,2026-05-31 21:00:00+03:00,,9.3,chunk_0018.json,POST /v1/generation/data/dpp-bulk,2026-05-31 21:45:17.665981+00:00,112264,ESENDURAK HES,103420,2026-05-31T21:00:00+03:00,21:00
40W000000112264N,ESENDURAK HES,unknown,2026-05-31 22:00:00+03:00,,9.3,chunk_0018.json,POST /v1/generation/data/dpp-bulk,2026-05-31 21:45:17.665981+00:00,112264,ESENDURAK HES,103420,2026-05-31T22:00:00+03:00,22:00
40W000000112264N,ESENDURAK HES,unknown,2026-05-31 23:00:00+03:00,,9.3,chunk_0018.json,POST /v1/generation/data/dpp-bulk,2026-05-31 21:45:17.665981+00:00,112264,ESENDURAK HES,103420,2026-05-31T23:00:00+03:00,23:00
40W000000107660X,MURAT HES,unknown,2026-05-31 00:00:00+03:00,,17.08,chunk_0018.json,POST /v1/generation/data/dpp-bulk,2026-05-31 21:45:17.665981+00:00,107660,MURAT HES,103600,2026-05-31T00:00:00+03:00,00:00
40W000000107660X,MURAT HES,unknown,2026-05-31 01:00:00+03:00,,18.79,chunk_0018.json,POST /v1/generation/data/dpp-bulk,2026-05-31 21:45:17.665981+00:00,107660,MURAT HES,103600,2026-05-31T01:00:00+03:00,01:00
40W000000107660X,MURAT HES,unknown,2026-05-31 02:00:00+03:00,,14.91,chunk_0018.json,POST /v1/generation/data/dpp-bulk,2026-05-31 21:45:17.665981+00:00,107660,MURAT HES,103600,2026-05-31T02:00:00+03:00,02:00
40W000000107660X,MURAT HES,unknown,2026-05-31 03:00:00+03:00,,18.63,chunk_0018.json,POST /v1/generation/data/dpp-bulk,2026-05-31 21:45:17.665981+00:00,107660,MURAT HES,103600,2026-05-31T03:00:00+03:00,03:00
40W000000107660X,MURAT HES,unknown,2026-05-31 04:00:00+03:00,,3.8,chunk_0018.json,POST /v1/generation/data/dpp-bulk,2026-05-31 21:45:17.665981+00:00,107660,MURAT HES,103600,2026-05-31T04:00:00+03:00,04:00
40W000000107660X,MURAT HES,unknown,2026-05-31 05:00:00+03:00,,0.0,chunk_0018.json,POST /v1/generation/data/dpp-bulk,2026-05-31 21:45:17.665981+00:00,107660,MURAT HES,103600,2026-05-31T05:00:00+03:00,05:00
40W000000107660X,MURAT HES,unknown,2026-05-31 06:00:00+03:00,,0.0,chunk_0018.json,POST /v1/generation/data/dpp-bulk,2026-05-31 21:45:17.665981+00:00,107660,MURAT HES,103600,2026-05-31T06:00:00+03:00,06:00
40W000000107660X,MURAT HES,unknown,2026-05-31 07:00:00+03:00,,0.0,chunk_0018.json,POST /v1/generation/data/dpp-bulk,2026-05-31 21:45:17.665981+00:00,107660,MURAT HES,103600,2026-05-31T07:00:00+03:00,07:00
40W000000107660X,MURAT HES,unknown,2026-05-31 08:00:00+03:00,,0.0,chunk_0018.json,POST /v1/generation/data/dpp-bulk,2026-05-31 21:45:17.665981+00:00,107660,MURAT HES,103600,2026-05-31T08:00:00+03:00,08:00
40W000000107660X,MURAT HES,unknown,2026-05-31 09:00:00+03:00,,0.0,chunk_0018.json,POST /v1/generation/data/dpp-bulk,2026-05-31 21:45:17.665981+00:00,107660,MURAT HES,103600,2026-05-31T09:00:00+03:00,09:00
40W000000107660X,MURAT HES,unknown,2026-05-31 10:00:00+03:00,,0.0,chunk_0018.json,POST /v1/generation/data/dpp-bulk,2026-05-31 21:45:17.665981+00:00,107660,MURAT HES,103600,2026-05-31T10:00:00+03:00,10:00
40W000000107660X,MURAT HES,unknown,2026-05-31 11:00:00+03:00,,0.0,chunk_0018.json,POST /v1/generation/data/dpp-bulk,2026-05-31 21:45:17.665981+00:00,107660,MURAT HES,103600,2026-05-31T11:00:00+03:00,11:00
40W000000107660X,MURAT HES,unknown,2026-05-31 12:00:00+03:00,,0.0,chunk_0018.json,POST /v1/generation/data/dpp-bulk,2026-05-31 21:45:17.665981+00:00,107660,MURAT HES,103600,2026-05-31T12:00:00+03:00,12:00
40W000000107660X,MURAT HES,unknown,2026-05-31 13:00:00+03:00,,0.0,chunk_0018.json,POST /v1/generation/data/dpp-bulk,2026-05-31 21:45:17.665981+00:00,107660,MURAT HES,103600,2026-05-31T13:00:00+03:00,13:00
40W000000107660X,MURAT HES,unknown,2026-05-31 14:00:00+03:00,,0.0,chunk_0018.json,POST /v1/generation/data/dpp-bulk,2026-05-31 21:45:17.665981+00:00,107660,MURAT HES,103600,2026-05-31T14:00:00+03:00,14:00
40W000000107660X,MURAT HES,unknown,2026-05-31 15:00:00+03:00,,0.0,chunk_0018.json,POST /v1/generation/data/dpp-bulk,2026-05-31 21:45:17.665981+00:00,107660,MURAT HES,103600,2026-05-31T15:00:00+03:00,15:00
40W000000107660X,MURAT HES,unknown,2026-05-31 16:00:00+03:00,,0.0,chunk_0018.json,POST /v1/generation/data/dpp-bulk,2026-05-31 21:45:17.665981+00:00,107660,MURAT HES,103600,2026-05-31T16:00:00+03:00,16:00
40W000000107660X,MURAT HES,unknown,2026-05-31 17:00:00+03:00,,0.0,chunk_0018.json,POST /v1/generation/data/dpp-bulk,2026-05-31 21:45:17.665981+00:00,107660,MURAT HES,103600,2026-05-31T17:00:00+03:00,17:00
40W000000107660X,MURAT HES,unknown,2026-05-31 18:00:00+03:00,,6.54,chunk_0018.json,POST /v1/generation/data/dpp-bulk,2026-05-31 21:45:17.665981+00:00,107660,MURAT HES,103600,2026-05-31T18:00:00+03:00,18:00
40W000000107660X,MURAT HES,unknown,2026-05-31 19:00:00+03:00,,19.53,chunk_0018.json,POST /v1/generation/data/dpp-bulk,2026-05-31 21:45:17.665981+00:00,107660,MURAT HES,103600,2026-05-31T19:00:00+03:00,19:00
40W000000107660X,MURAT HES,unknown,2026-05-31 20:00:00+03:00,,3.3,chunk_0018.json,POST /v1/generation/data/dpp-bulk,2026-05-31 21:45:17.665981+00:00,107660,MURAT HES,103600,2026-05-31T20:00:00+03:00,20:00
40W000000107660X,MURAT HES,unknown,2026-05-31 21:00:00+03:00,,0.0,chunk_0018.json,POST /v1/generation/data/dpp-bulk,2026-05-31 21:45:17.665981+00:00,107660,MURAT HES,103600,2026-05-31T21:00:00+03:00,21:00
40W000000107660X,MURAT HES,unknown,2026-05-31 22:00:00+03:00,,0.0,chunk_0018.json,POST /v1/generation/data/dpp-bulk,2026-05-31 21:45:17.665981+00:00,107660,MURAT HES,103600,2026-05-31T22:00:00+03:00,22:00
40W000000107660X,MURAT HES,unknown,2026-05-31 23:00:00+03:00,,0.0,chunk_0018.json,POST /v1/generation/data/dpp-bulk,2026-05-31 21:45:17.665981+00:00,107660,MURAT HES,103600,2026-05-31T23:00:00+03:00,23:00
40W000000111604U,ÇARŞAMBA HES,unknown,2026-05-31 00:00:00+03:00,,7.0,chunk_0018.json,POST /v1/generation/data/dpp-bulk,2026-05-31 21:45:17.665981+00:00,111604,ÇARŞAMBA HES,103600,2026-05-31T00:00:00+03:00,00:00
40W000000111604U,ÇARŞAMBA HES,unknown,2026-05-31 01:00:00+03:00,,7.0,chunk_0018.json,POST /v1/generation/data/dpp-bulk,2026-05-31 21:45:17.665981+00:00,111604,ÇARŞAMBA HES,103600,2026-05-31T01:00:00+03:00,01:00
40W000000111604U,ÇARŞAMBA HES,unknown,2026-05-31 02:00:00+03:00,,7.0,chunk_0018.json,POST /v1/generation/data/dpp-bulk,2026-05-31 21:45:17.665981+00:00,111604,ÇARŞAMBA HES,103600,2026-05-31T02:00:00+03:00,02:00
40W000000111604U,ÇARŞAMBA HES,unknown,2026-05-31 03:00:00+03:00,,7.0,chunk_0018.json,POST /v1/generation/data/dpp-bulk,2026-05-31 21:45:17.665981+00:00,111604,ÇARŞAMBA HES,103600,2026-05-31T03:00:00+03:00,03:00
40W000000111604U,ÇARŞAMBA HES,unknown,2026-05-31 04:00:00+03:00,,7.0,chunk_0018.json,POST /v1/generation/data/dpp-bulk,2026-05-31 21:45:17.665981+00:00,111604,ÇARŞAMBA HES,103600,2026-05-31T04:00:00+03:00,04:00
40W000000111604U,ÇARŞAMBA HES,unknown,2026-05-31 05:00:00+03:00,,7.0,chunk_0018.json,POST /v1/generation/data/dpp-bulk,2026-05-31 21:45:17.665981+00:00,111604,ÇARŞAMBA HES,103600,2026-05-31T05:00:00+03:00,05:00
40W000000111604U,ÇARŞAMBA HES,unknown,2026-05-31 06:00:00+03:00,,7.0,chunk_0018.json,POST /v1/generation/data/dpp-bulk,2026-05-31 21:45:17.665981+00:00,111604,ÇARŞAMBA HES,103600,2026-05-31T06:00:00+03:00,06:00
40W000000111604U,ÇARŞAMBA HES,unknown,2026-05-31 07:00:00+03:00,,7.0,chunk_0018.json,POST /v1/generation/data/dpp-bulk,2026-05-31 21:45:17.665981+00:00,111604,ÇARŞAMBA HES,103600,2026-05-31T07:00:00+03:00,07:00
40W000000111604U,ÇARŞAMBA HES,unknown,2026-05-31 08:00:00+03:00,,7.0,chunk_0018.json,POST /v1/generation/data/dpp-bulk,2026-05-31 21:45:17.665981+00:00,111604,ÇARŞAMBA HES,103600,2026-05-31T08:00:00+03:00,08:00
40W000000111604U,ÇARŞAMBA HES,unknown,2026-05-31 09:00:00+03:00,,7.0,chunk_0018.json,POST /v1/generation/data/dpp-bulk,2026-05-31 21:45:17.665981+00:00,111604,ÇARŞAMBA HES,103600,2026-05-31T09:00:00+03:00,09:00
40W000000111604U,ÇARŞAMBA HES,unknown,2026-05-31 10:00:00+03:00,,7.0,chunk_0018.json,POST /v1/generation/data/dpp-bulk,2026-05-31 21:45:17.665981+00:00,111604,ÇARŞAMBA HES,103600,2026-05-31T10:00:00+03:00,10:00
40W000000111604U,ÇARŞAMBA HES,unknown,2026-05-31 11:00:00+03:00,,6.43,chunk_0018.json,POST /v1/generation/data/dpp-bulk,2026-05-31 21:45:17.665981+00:00,111604,ÇARŞAMBA HES,103600,2026-05-31T11:00:00+03:00,11:00
40W000000111604U,ÇARŞAMBA HES,unknown,2026-05-31 12:00:00+03:00,,6.13,chunk_0018.json,POST /v1/generation/data/dpp-bulk,2026-05-31 21:45:17.665981+00:00,111604,ÇARŞAMBA HES,103600,2026-05-31T12:00:00+03:00,12:00
40W000000111604U,ÇARŞAMBA HES,unknown,2026-05-31 13:00:00+03:00,,5.0,chunk_0018.json,POST /v1/generation/data/dpp-bulk,2026-05-31 21:45:17.665981+00:00,111604,ÇARŞAMBA HES,103600,2026-05-31T13:00:00+03:00,13:00
40W000000111604U,ÇARŞAMBA HES,unknown,2026-05-31 14:00:00+03:00,,6.0,chunk_0018.json,POST /v1/generation/data/dpp-bulk,2026-05-31 21:45:17.665981+00:00,111604,ÇARŞAMBA HES,103600,2026-05-31T14:00:00+03:00,14:00
40W000000111604U,ÇARŞAMBA HES,unknown,2026-05-31 15:00:00+03:00,,6.0,chunk_0018.json,POST /v1/generation/data/dpp-bulk,2026-05-31 21:45:17.665981+00:00,111604,ÇARŞAMBA HES,103600,2026-05-31T15:00:00+03:00,15:00
40W000000111604U,ÇARŞAMBA HES,unknown,2026-05-31 16:00:00+03:00,,6.0,chunk_0018.json,POST /v1/generation/data/dpp-bulk,2026-05-31 21:45:17.665981+00:00,111604,ÇARŞAMBA HES,103600,2026-05-31T16:00:00+03:00,16:00
40W000000111604U,ÇARŞAMBA HES,unknown,2026-05-31 17:00:00+03:00,,6.34,chunk_0018.json,POST /v1/generation/data/dpp-bulk,2026-05-31 21:45:17.665981+00:00,111604,ÇARŞAMBA HES,103600,2026-05-31T17:00:00+03:00,17:00
40W000000111604U,ÇARŞAMBA HES,unknown,2026-05-31 18:00:00+03:00,,7.0,chunk_0018.json,POST /v1/generation/data/dpp-bulk,2026-05-31 21:45:17.665981+00:00,111604,ÇARŞAMBA HES,103600,2026-05-31T18:00:00+03:00,18:00
40W000000111604U,ÇARŞAMBA HES,unknown,2026-05-31 19:00:00+03:00,,7.0,chunk_0018.json,POST /v1/generation/data/dpp-bulk,2026-05-31 21:45:17.665981+00:00,111604,ÇARŞAMBA HES,103600,2026-05-31T19:00:00+03:00,19:00
40W000000111604U,ÇARŞAMBA HES,unknown,2026-05-31 20:00:00+03:00,,7.0,chunk_0018.json,POST /v1/generation/data/dpp-bulk,2026-05-31 21:45:17.665981+00:00,111604,ÇARŞAMBA HES,103600,2026-05-31T20:00:00+03:00,20:00
40W000000111604U,ÇARŞAMBA HES,unknown,2026-05-31 21:00:00+03:00,,6.43,chunk_0018.json,POST /v1/generation/data/dpp-bulk,2026-05-31 21:45:17.665981+00:00,111604,ÇARŞAMBA HES,103600,2026-05-31T21:00:00+03:00,21:00
40W000000111604U,ÇARŞAMBA HES,unknown,2026-05-31 22:00:00+03:00,,7.0,chunk_0018.json,POST /v1/generation/data/dpp-bulk,2026-05-31 21:45:17.665981+00:00,111604,ÇARŞAMBA HES,103600,2026-05-31T22:00:00+03:00,22:00
40W000000111604U,ÇARŞAMBA HES,unknown,2026-05-31 23:00:00+03:00,,7.0,chunk_0018.json,POST /v1/generation/data/dpp-bulk,2026-05-31 21:45:17.665981+00:00,111604,ÇARŞAMBA HES,103600,2026-05-31T23:00:00+03:00,23:00
40W0000001139137,YAGMUR REG. ve HES,unknown,2026-05-31 00:00:00+03:00,,8.8,chunk_0018.json,POST /v1/generation/data/dpp-bulk,2026-05-31 21:45:17.665981+00:00,113913,YAGMUR REG. ve HES,104060,2026-05-31T00:00:00+03:00,00:00
40W0000001139137,YAGMUR REG. ve HES,unknown,2026-05-31 01:00:00+03:00,,0.0,chunk_0018.json,POST /v1/generation/data/dpp-bulk,2026-05-31 21:45:17.665981+00:00,113913,YAGMUR REG. ve HES,104060,2026-05-31T01:00:00+03:00,01:00
40W0000001139137,YAGMUR REG. ve HES,unknown,2026-05-31 02:00:00+03:00,,0.0,chunk_0018.json,POST /v1/generation/data/dpp-bulk,2026-05-31 21:45:17.665981+00:00,113913,YAGMUR REG. ve HES,104060,2026-05-31T02:00:00+03:00,02:00
40W0000001139137,YAGMUR REG. ve HES,unknown,2026-05-31 03:00:00+03:00,,0.0,chunk_0018.json,POST /v1/generation/data/dpp-bulk,2026-05-31 21:45:17.665981+00:00,113913,YAGMUR REG. ve HES,104060,2026-05-31T03:00:00+03:00,03:00
40W0000001139137,YAGMUR REG. ve HES,unknown,2026-05-31 04:00:00+03:00,,0.0,chunk_0018.json,POST /v1/generation/data/dpp-bulk,2026-05-31 21:45:17.665981+00:00,113913,YAGMUR REG. ve HES,104060,2026-05-31T04:00:00+03:00,04:00
40W0000001139137,YAGMUR REG. ve HES,unknown,2026-05-31 05:00:00+03:00,,0.0,chunk_0018.json,POST /v1/generation/data/dpp-bulk,2026-05-31 21:45:17.665981+00:00,113913,YAGMUR REG. ve HES,104060,2026-05-31T05:00:00+03:00,05:00
40W0000001139137,YAGMUR REG. ve HES,unknown,2026-05-31 06:00:00+03:00,,0.0,chunk_0018.json,POST /v1/generation/data/dpp-bulk,2026-05-31 21:45:17.665981+00:00,113913,YAGMUR REG. ve HES,104060,2026-05-31T06:00:00+03:00,06:00
40W0000001139137,YAGMUR REG. ve HES,unknown,2026-05-31 07:00:00+03:00,,0.0,chunk_0018.json,POST /v1/generation/data/dpp-bulk,2026-05-31 21:45:17.665981+00:00,113913,YAGMUR REG. ve HES,104060,2026-05-31T07:00:00+03:00,07:00
40W0000001139137,YAGMUR REG. ve HES,unknown,2026-05-31 08:00:00+03:00,,0.0,chunk_0018.json,POST /v1/generation/data/dpp-bulk,2026-05-31 21:45:17.665981+00:00,113913,YAGMUR REG. ve HES,104060,2026-05-31T08:00:00+03:00,08:00
40W0000001139137,YAGMUR REG. ve HES,unknown,2026-05-31 09:00:00+03:00,,0.0,chunk_0018.json,POST /v1/generation/data/dpp-bulk,2026-05-31 21:45:17.665981+00:00,113913,YAGMUR REG. ve HES,104060,2026-05-31T09:00:00+03:00,09:00
40W0000001139137,YAGMUR REG. ve HES,unknown,2026-05-31 10:00:00+03:00,,0.0,chunk_0018.json,POST /v1/generation/data/dpp-bulk,2026-05-31 21:45:17.665981+00:00,113913,YAGMUR REG. ve HES,104060,2026-05-31T10:00:00+03:00,10:00
40W0000001139137,YAGMUR REG. ve HES,unknown,2026-05-31 11:00:00+03:00,,0.0,chunk_0018.json,POST /v1/generation/data/dpp-bulk,2026-05-31 21:45:17.665981+00:00,113913,YAGMUR REG. ve HES,104060,2026-05-31T11:00:00+03:00,11:00
40W0000001139137,YAGMUR REG. ve HES,unknown,2026-05-31 12:00:00+03:00,,0.0,chunk_0018.json,POST /v1/generation/data/dpp-bulk,2026-05-31 21:45:17.665981+00:00,113913,YAGMUR REG. ve HES,104060,2026-05-31T12:00:00+03:00,12:00
40W0000001139137,YAGMUR REG. ve HES,unknown,2026-05-31 13:00:00+03:00,,0.0,chunk_0018.json,POST /v1/generation/data/dpp-bulk,2026-05-31 21:45:17.665981+00:00,113913,YAGMUR REG. ve HES,104060,2026-05-31T13:00:00+03:00,13:00
40W0000001139137,YAGMUR REG. ve HES,unknown,2026-05-31 14:00:00+03:00,,0.0,chunk_0018.json,POST /v1/generation/data/dpp-bulk,2026-05-31 21:45:17.665981+00:00,113913,YAGMUR REG. ve HES,104060,2026-05-31T14:00:00+03:00,14:00
40W0000001139137,YAGMUR REG. ve HES,unknown,2026-05-31 15:00:00+03:00,,0.0,chunk_0018.json,POST /v1/generation/data/dpp-bulk,2026-05-31 21:45:17.665981+00:00,113913,YAGMUR REG. ve HES,104060,2026-05-31T15:00:00+03:00,15:00
40W0000001139137,YAGMUR REG. ve HES,unknown,2026-05-31 16:00:00+03:00,,0.0,chunk_0018.json,POST /v1/generation/data/dpp-bulk,2026-05-31 21:45:17.665981+00:00,113913,YAGMUR REG. ve HES,104060,2026-05-31T16:00:00+03:00,16:00
40W0000001139137,YAGMUR REG. ve HES,unknown,2026-05-31 17:00:00+03:00,,0.0,chunk_0018.json,POST /v1/generation/data/dpp-bulk,2026-05-31 21:45:17.665981+00:00,113913,YAGMUR REG. ve HES,104060,2026-05-31T17:00:00+03:00,17:00
40W0000001139137,YAGMUR REG. ve HES,unknown,2026-05-31 18:00:00+03:00,,0.0,chunk_0018.json,POST /v1/generation/data/dpp-bulk,2026-05-31 21:45:17.665981+00:00,113913,YAGMUR REG. ve HES,104060,2026-05-31T18:00:00+03:00,18:00
40W0000001139137,YAGMUR REG. ve HES,unknown,2026-05-31 19:00:00+03:00,,8.8,chunk_0018.json,POST /v1/generation/data/dpp-bulk,2026-05-31 21:45:17.665981+00:00,113913,YAGMUR REG. ve HES,104060,2026-05-31T19:00:00+03:00,19:00
40W0000001139137,YAGMUR REG. ve HES,unknown,2026-05-31 20:00:00+03:00,,8.8,chunk_0018.json,POST /v1/generation/data/dpp-bulk,2026-05-31 21:45:17.665981+00:00,113913,YAGMUR REG. ve HES,104060,2026-05-31T20:00:00+03:00,20:00
40W0000001139137,YAGMUR REG. ve HES,unknown,2026-05-31 21:00:00+03:00,,8.8,chunk_0018.json,POST /v1/generation/data/dpp-bulk,2026-05-31 21:45:17.665981+00:00,113913,YAGMUR REG. ve HES,104060,2026-05-31T21:00:00+03:00,21:00
40W0000001139137,YAGMUR REG. ve HES,unknown,2026-05-31 22:00:00+03:00,,8.8,chunk_0018.json,POST /v1/generation/data/dpp-bulk,2026-05-31 21:45:17.665981+00:00,113913,YAGMUR REG. ve HES,104060,2026-05-31T22:00:00+03:00,22:00
40W0000001139137,YAGMUR REG. ve HES,unknown,2026-05-31 23:00:00+03:00,,8.8,chunk_0018.json,POST /v1/generation/data/dpp-bulk,2026-05-31 21:45:17.665981+00:00,113913,YAGMUR REG. ve HES,104060,2026-05-31T23:00:00+03:00,23:00
40W000000112265L,FINDIK REG. ve HES,unknown,2026-05-31 00:00:00+03:00,,19.7,chunk_0018.json,POST /v1/generation/data/dpp-bulk,2026-05-31 21:45:17.665981+00:00,112265,FINDIK REG. ve HES,104280,2026-05-31T00:00:00+03:00,00:00
40W000000112265L,FINDIK REG. ve HES,unknown,2026-05-31 01:00:00+03:00,,19.7,chunk_0018.json,POST /v1/generation/data/dpp-bulk,2026-05-31 21:45:17.665981+00:00,112265,FINDIK REG. ve HES,104280,2026-05-31T01:00:00+03:00,01:00
40W000000112265L,FINDIK REG. ve HES,unknown,2026-05-31 02:00:00+03:00,,19.7,chunk_0018.json,POST /v1/generation/data/dpp-bulk,2026-05-31 21:45:17.665981+00:00,112265,FINDIK REG. ve HES,104280,2026-05-31T02:00:00+03:00,02:00
40W000000112265L,FINDIK REG. ve HES,unknown,2026-05-31 03:00:00+03:00,,19.7,chunk_0018.json,POST /v1/generation/data/dpp-bulk,2026-05-31 21:45:17.665981+00:00,112265,FINDIK REG. ve HES,104280,2026-05-31T03:00:00+03:00,03:00
40W000000112265L,FINDIK REG. ve HES,unknown,2026-05-31 04:00:00+03:00,,19.7,chunk_0018.json,POST /v1/generation/data/dpp-bulk,2026-05-31 21:45:17.665981+00:00,112265,FINDIK REG. ve HES,104280,2026-05-31T04:00:00+03:00,04:00
40W000000112265L,FINDIK REG. ve HES,unknown,2026-05-31 05:00:00+03:00,,19.7,chunk_0018.json,POST /v1/generation/data/dpp-bulk,2026-05-31 21:45:17.665981+00:00,112265,FINDIK REG. ve HES,104280,2026-05-31T05:00:00+03:00,05:00
40W000000112265L,FINDIK REG. ve HES,unknown,2026-05-31 06:00:00+03:00,,0.0,chunk_0018.json,POST /v1/generation/data/dpp-bulk,2026-05-31 21:45:17.665981+00:00,112265,FINDIK REG. ve HES,104280,2026-05-31T06:00:00+03:00,06:00
40W000000112265L,FINDIK REG. ve HES,unknown,2026-05-31 07:00:00+03:00,,0.0,chunk_0018.json,POST /v1/generation/data/dpp-bulk,2026-05-31 21:45:17.665981+00:00,112265,FINDIK REG. ve HES,104280,2026-05-31T07:00:00+03:00,07:00
40W000000112265L,FINDIK REG. ve HES,unknown,2026-05-31 08:00:00+03:00,,0.0,chunk_0018.json,POST /v1/generation/data/dpp-bulk,2026-05-31 21:45:17.665981+00:00,112265,FINDIK REG. ve HES,104280,2026-05-31T08:00:00+03:00,08:00
40W000000112265L,FINDIK REG. ve HES,unknown,2026-05-31 09:00:00+03:00,,0.0,chunk_0018.json,POST /v1/generation/data/dpp-bulk,2026-05-31 21:45:17.665981+00:00,112265,FINDIK REG. ve HES,104280,2026-05-31T09:00:00+03:00,09:00
40W000000112265L,FINDIK REG. ve HES,unknown,2026-05-31 10:00:00+03:00,,0.0,chunk_0018.json,POST /v1/generation/data/dpp-bulk,2026-05-31 21:45:17.665981+00:00,112265,FINDIK REG. ve HES,104280,2026-05-31T10:00:00+03:00,10:00
40W000000112265L,FINDIK REG. ve HES,unknown,2026-05-31 11:00:00+03:00,,0.0,chunk_0018.json,POST /v1/generation/data/dpp-bulk,2026-05-31 21:45:17.665981+00:00,112265,FINDIK REG. ve HES,104280,2026-05-31T11:00:00+03:00,11:00
40W000000112265L,FINDIK REG. ve HES,unknown,2026-05-31 12:00:00+03:00,,0.0,chunk_0018.json,POST /v1/generation/data/dpp-bulk,2026-05-31 21:45:17.665981+00:00,112265,FINDIK REG. ve HES,104280,2026-05-31T12:00:00+03:00,12:00
40W000000112265L,FINDIK REG. ve HES,unknown,2026-05-31 13:00:00+03:00,,0.0,chunk_0018.json,POST /v1/generation/data/dpp-bulk,2026-05-31 21:45:17.665981+00:00,112265,FINDIK REG. ve HES,104280,2026-05-31T13:00:00+03:00,13:00
40W000000112265L,FINDIK REG. ve HES,unknown,2026-05-31 14:00:00+03:00,,0.0,chunk_0018.json,POST /v1/generation/data/dpp-bulk,2026-05-31 21:45:17.665981+00:00,112265,FINDIK REG. ve HES,104280,2026-05-31T14:00:00+03:00,14:00
40W000000112265L,FINDIK REG. ve HES,unknown,2026-05-31 15:00:00+03:00,,0.0,chunk_0018.json,POST /v1/generation/data/dpp-bulk,2026-05-31 21:45:17.665981+00:00,112265,FINDIK REG. ve HES,104280,2026-05-31T15:00:00+03:00,15:00
40W000000112265L,FINDIK REG. ve HES,unknown,2026-05-31 16:00:00+03:00,,0.0,chunk_0018.json,POST /v1/generation/data/dpp-bulk,2026-05-31 21:45:17.665981+00:00,112265,FINDIK REG. ve HES,104280,2026-05-31T16:00:00+03:00,16:00
40W000000112265L,FINDIK REG. ve HES,unknown,2026-05-31 17:00:00+03:00,,0.0,chunk_0018.json,POST /v1/generation/data/dpp-bulk,2026-05-31 21:45:17.665981+00:00,112265,FINDIK REG. ve HES,104280,2026-05-31T17:00:00+03:00,17:00
40W000000112265L,FINDIK REG. ve HES,unknown,2026-05-31 18:00:00+03:00,,19.7,chunk_0018.json,POST /v1/generation/data/dpp-bulk,2026-05-31 21:45:17.665981+00:00,112265,FINDIK REG. ve HES,104280,2026-05-31T18:00:00+03:00,18:00
40W000000112265L,FINDIK REG. ve HES,unknown,2026-05-31 19:00:00+03:00,,19.7,chunk_0018.json,POST /v1/generation/data/dpp-bulk,2026-05-31 21:45:17.665981+00:00,112265,FINDIK REG. ve HES,104280,2026-05-31T19:00:00+03:00,19:00
40W000000112265L,FINDIK REG. ve HES,unknown,2026-05-31 20:00:00+03:00,,19.7,chunk_0018.json,POST /v1/generation/data/dpp-bulk,2026-05-31 21:45:17.665981+00:00,112265,FINDIK REG. ve HES,104280,2026-05-31T20:00:00+03:00,20:00
40W000000112265L,FINDIK REG. ve HES,unknown,2026-05-31 21:00:00+03:00,,19.7,chunk_0018.json,POST /v1/generation/data/dpp-bulk,2026-05-31 21:45:17.665981+00:00,112265,FINDIK REG. ve HES,104280,2026-05-31T21:00:00+03:00,21:00
40W000000112265L,FINDIK REG. ve HES,unknown,2026-05-31 22:00:00+03:00,,19.7,chunk_0018.json,POST /v1/generation/data/dpp-bulk,2026-05-31 21:45:17.665981+00:00,112265,FINDIK REG. ve HES,104280,2026-05-31T22:00:00+03:00,22:00
40W000000112265L,FINDIK REG. ve HES,unknown,2026-05-31 23:00:00+03:00,,19.7,chunk_0018.json,POST /v1/generation/data/dpp-bulk,2026-05-31 21:45:17.665981+00:00,112265,FINDIK REG. ve HES,104280,2026-05-31T23:00:00+03:00,23:00
40W000000113085I,GARZAN HES,unknown,2026-05-31 00:00:00+03:00,,52.0,chunk_0018.json,POST /v1/generation/data/dpp-bulk,2026-05-31 21:45:17.665981+00:00,113085,GARZAN HES,104643,2026-05-31T00:00:00+03:00,00:00
40W000000113085I,GARZAN HES,unknown,2026-05-31 01:00:00+03:00,,52.0,chunk_0018.json,POST /v1/generation/data/dpp-bulk,2026-05-31 21:45:17.665981+00:00,113085,GARZAN HES,104643,2026-05-31T01:00:00+03:00,01:00
40W000000113085I,GARZAN HES,unknown,2026-05-31 02:00:00+03:00,,52.0,chunk_0018.json,POST /v1/generation/data/dpp-bulk,2026-05-31 21:45:17.665981+00:00,113085,GARZAN HES,104643,2026-05-31T02:00:00+03:00,02:00
40W000000113085I,GARZAN HES,unknown,2026-05-31 03:00:00+03:00,,52.0,chunk_0018.json,POST /v1/generation/data/dpp-bulk,2026-05-31 21:45:17.665981+00:00,113085,GARZAN HES,104643,2026-05-31T03:00:00+03:00,03:00
40W000000113085I,GARZAN HES,unknown,2026-05-31 04:00:00+03:00,,52.0,chunk_0018.json,POST /v1/generation/data/dpp-bulk,2026-05-31 21:45:17.665981+00:00,113085,GARZAN HES,104643,2026-05-31T04:00:00+03:00,04:00
40W000000113085I,GARZAN HES,unknown,2026-05-31 05:00:00+03:00,,52.0,chunk_0018.json,POST /v1/generation/data/dpp-bulk,2026-05-31 21:45:17.665981+00:00,113085,GARZAN HES,104643,2026-05-31T05:00:00+03:00,05:00
40W000000113085I,GARZAN HES,unknown,2026-05-31 06:00:00+03:00,,0.0,chunk_0018.json,POST /v1/generation/data/dpp-bulk,2026-05-31 21:45:17.665981+00:00,113085,GARZAN HES,104643,2026-05-31T06:00:00+03:00,06:00
40W000000113085I,GARZAN HES,unknown,2026-05-31 07:00:00+03:00,,0.0,chunk_0018.json,POST /v1/generation/data/dpp-bulk,2026-05-31 21:45:17.665981+00:00,113085,GARZAN HES,104643,2026-05-31T07:00:00+03:00,07:00
40W000000113085I,GARZAN HES,unknown,2026-05-31 08:00:00+03:00,,0.0,chunk_0018.json,POST /v1/generation/data/dpp-bulk,2026-05-31 21:45:17.665981+00:00,113085,GARZAN HES,104643,2026-05-31T08:00:00+03:00,08:00
40W000000113085I,GARZAN HES,unknown,2026-05-31 09:00:00+03:00,,0.0,chunk_0018.json,POST /v1/generation/data/dpp-bulk,2026-05-31 21:45:17.665981+00:00,113085,GARZAN HES,104643,2026-05-31T09:00:00+03:00,09:00
40W000000113085I,GARZAN HES,unknown,2026-05-31 10:00:00+03:00,,0.0,chunk_0018.json,POST /v1/generation/data/dpp-bulk,2026-05-31 21:45:17.665981+00:00,113085,GARZAN HES,104643,2026-05-31T10:00:00+03:00,10:00
40W000000113085I,GARZAN HES,unknown,2026-05-31 11:00:00+03:00,,0.0,chunk_0018.json,POST /v1/generation/data/dpp-bulk,2026-05-31 21:45:17.665981+00:00,113085,GARZAN HES,104643,2026-05-31T11:00:00+03:00,11:00
40W000000113085I,GARZAN HES,unknown,2026-05-31 12:00:00+03:00,,0.0,chunk_0018.json,POST /v1/generation/data/dpp-bulk,2026-05-31 21:45:17.665981+00:00,113085,GARZAN HES,104643,2026-05-31T12:00:00+03:00,12:00
40W000000113085I,GARZAN HES,unknown,2026-05-31 13:00:00+03:00,,0.0,chunk_0018.json,POST /v1/generation/data/dpp-bulk,2026-05-31 21:45:17.665981+00:00,113085,GARZAN HES,104643,2026-05-31T13:00:00+03:00,13:00
40W000000113085I,GARZAN HES,unknown,2026-05-31 14:00:00+03:00,,0.0,chunk_0018.json,POST /v1/generation/data/dpp-bulk,2026-05-31 21:45:17.665981+00:00,113085,GARZAN HES,104643,2026-05-31T14:00:00+03:00,14:00
40W000000113085I,GARZAN HES,unknown,2026-05-31 15:00:00+03:00,,0.0,chunk_0018.json,POST /v1/generation/data/dpp-bulk,2026-05-31 21:45:17.665981+00:00,113085,GARZAN HES,104643,2026-05-31T15:00:00+03:00,15:00
40W000000113085I,GARZAN HES,unknown,2026-05-31 16:00:00+03:00,,0.0,chunk_0018.json,POST /v1/generation/data/dpp-bulk,2026-05-31 21:45:17.665981+00:00,113085,GARZAN HES,104643,2026-05-31T16:00:00+03:00,16:00
40W000000113085I,GARZAN HES,unknown,2026-05-31 17:00:00+03:00,,0.0,chunk_0018.json,POST /v1/generation/data/dpp-bulk,2026-05-31 21:45:17.665981+00:00,113085,GARZAN HES,104643,2026-05-31T17:00:00+03:00,17:00
40W000000113085I,GARZAN HES,unknown,2026-05-31 18:00:00+03:00,,52.0,chunk_0018.json,POST /v1/generation/data/dpp-bulk,2026-05-31 21:45:17.665981+00:00,113085,GARZAN HES,104643,2026-05-31T18:00:00+03:00,18:00
40W000000113085I,GARZAN HES,unknown,2026-05-31 19:00:00+03:00,,52.0,chunk_0018.json,POST /v1/generation/data/dpp-bulk,2026-05-31 21:45:17.665981+00:00,113085,GARZAN HES,104643,2026-05-31T19:00:00+03:00,19:00
40W000000113085I,GARZAN HES,unknown,2026-05-31 20:00:00+03:00,,52.0,chunk_0018.json,POST /v1/generation/data/dpp-bulk,2026-05-31 21:45:17.665981+00:00,113085,GARZAN HES,104643,2026-05-31T20:00:00+03:00,20:00
40W000000113085I,GARZAN HES,unknown,2026-05-31 21:00:00+03:00,,52.0,chunk_0018.json,POST /v1/generation/data/dpp-bulk,2026-05-31 21:45:17.665981+00:00,113085,GARZAN HES,104643,2026-05-31T21:00:00+03:00,21:00
40W000000113085I,GARZAN HES,unknown,2026-05-31 22:00:00+03:00,,52.0,chunk_0018.json,POST /v1/generation/data/dpp-bulk,2026-05-31 21:45:17.665981+00:00,113085,GARZAN HES,104643,2026-05-31T22:00:00+03:00,22:00
40W000000113085I,GARZAN HES,unknown,2026-05-31 23:00:00+03:00,,52.0,chunk_0018.json,POST /v1/generation/data/dpp-bulk,2026-05-31 21:45:17.665981+00:00,113085,GARZAN HES,104643,2026-05-31T23:00:00+03:00,23:00
40W000000111193P,TELLİ I-II REGÜLATÖRÜ VE HES,unknown,2026-05-31 00:00:00+03:00,,8.5,chunk_0018.json,POST /v1/generation/data/dpp-bulk,2026-05-31 21:45:17.665981+00:00,111193,TELLİ I-II REGÜLATÖRÜ VE HES,104663,2026-05-31T00:00:00+03:00,00:00
40W000000111193P,TELLİ I-II REGÜLATÖRÜ VE HES,unknown,2026-05-31 01:00:00+03:00,,8.5,chunk_0018.json,POST /v1/generation/data/dpp-bulk,2026-05-31 21:45:17.665981+00:00,111193,TELLİ I-II REGÜLATÖRÜ VE HES,104663,2026-05-31T01:00:00+03:00,01:00
40W000000111193P,TELLİ I-II REGÜLATÖRÜ VE HES,unknown,2026-05-31 02:00:00+03:00,,8.5,chunk_0018.json,POST /v1/generation/data/dpp-bulk,2026-05-31 21:45:17.665981+00:00,111193,TELLİ I-II REGÜLATÖRÜ VE HES,104663,2026-05-31T02:00:00+03:00,02:00
40W000000111193P,TELLİ I-II REGÜLATÖRÜ VE HES,unknown,2026-05-31 03:00:00+03:00,,8.5,chunk_0018.json,POST /v1/generation/data/dpp-bulk,2026-05-31 21:45:17.665981+00:00,111193,TELLİ I-II REGÜLATÖRÜ VE HES,104663,2026-05-31T03:00:00+03:00,03:00
40W000000111193P,TELLİ I-II REGÜLATÖRÜ VE HES,unknown,2026-05-31 04:00:00+03:00,,8.5,chunk_0018.json,POST /v1/generation/data/dpp-bulk,2026-05-31 21:45:17.665981+00:00,111193,TELLİ I-II REGÜLATÖRÜ VE HES,104663,2026-05-31T04:00:00+03:00,04:00
40W000000111193P,TELLİ I-II REGÜLATÖRÜ VE HES,unknown,2026-05-31 05:00:00+03:00,,0.0,chunk_0018.json,POST /v1/generation/data/dpp-bulk,2026-05-31 21:45:17.665981+00:00,111193,TELLİ I-II REGÜLATÖRÜ VE HES,104663,2026-05-31T05:00:00+03:00,05:00
40W000000111193P,TELLİ I-II REGÜLATÖRÜ VE HES,unknown,2026-05-31 06:00:00+03:00,,0.0,chunk_0018.json,POST /v1/generation/data/dpp-bulk,2026-05-31 21:45:17.665981+00:00,111193,TELLİ I-II REGÜLATÖRÜ VE HES,104663,2026-05-31T06:00:00+03:00,06:00
40W000000111193P,TELLİ I-II REGÜLATÖRÜ VE HES,unknown,2026-05-31 07:00:00+03:00,,0.0,chunk_0018.json,POST /v1/generation/data/dpp-bulk,2026-05-31 21:45:17.665981+00:00,111193,TELLİ I-II REGÜLATÖRÜ VE HES,104663,2026-05-31T07:00:00+03:00,07:00
40W000000111193P,TELLİ I-II REGÜLATÖRÜ VE HES,unknown,2026-05-31 08:00:00+03:00,,0.0,chunk_0018.json,POST /v1/generation/data/dpp-bulk,2026-05-31 21:45:17.665981+00:00,111193,TELLİ I-II REGÜLATÖRÜ VE HES,104663,2026-05-31T08:00:00+03:00,08:00
40W000000111193P,TELLİ I-II REGÜLATÖRÜ VE HES,unknown,2026-05-31 09:00:00+03:00,,0.0,chunk_0018.json,POST /v1/generation/data/dpp-bulk,2026-05-31 21:45:17.665981+00:00,111193,TELLİ I-II REGÜLATÖRÜ VE HES,104663,2026-05-31T09:00:00+03:00,09:00
40W000000111193P,TELLİ I-II REGÜLATÖRÜ VE HES,unknown,2026-05-31 10:00:00+03:00,,0.0,chunk_0018.json,POST /v1/generation/data/dpp-bulk,2026-05-31 21:45:17.665981+00:00,111193,TELLİ I-II REGÜLATÖRÜ VE HES,104663,2026-05-31T10:00:00+03:00,10:00
40W000000111193P,TELLİ I-II REGÜLATÖRÜ VE HES,unknown,2026-05-31 11:00:00+03:00,,0.0,chunk_0018.json,POST /v1/generation/data/dpp-bulk,2026-05-31 21:45:17.665981+00:00,111193,TELLİ I-II REGÜLATÖRÜ VE HES,104663,2026-05-31T11:00:00+03:00,11:00
40W000000111193P,TELLİ I-II REGÜLATÖRÜ VE HES,unknown,2026-05-31 12:00:00+03:00,,0.0,chunk_0018.json,POST /v1/generation/data/dpp-bulk,2026-05-31 21:45:17.665981+00:00,111193,TELLİ I-II REGÜLATÖRÜ VE HES,104663,2026-05-31T12:00:00+03:00,12:00
40W000000111193P,TELLİ I-II REGÜLATÖRÜ VE HES,unknown,2026-05-31 13:00:00+03:00,,0.0,chunk_0018.json,POST /v1/generation/data/dpp-bulk,2026-05-31 21:45:17.665981+00:00,111193,TELLİ I-II REGÜLATÖRÜ VE HES,104663,2026-05-31T13:00:00+03:00,13:00
40W000000111193P,TELLİ I-II REGÜLATÖRÜ VE HES,unknown,2026-05-31 14:00:00+03:00,,0.0,chunk_0018.json,POST /v1/generation/data/dpp-bulk,2026-05-31 21:45:17.665981+00:00,111193,TELLİ I-II REGÜLATÖRÜ VE HES,104663,2026-05-31T14:00:00+03:00,14:00
40W000000111193P,TELLİ I-II REGÜLATÖRÜ VE HES,unknown,2026-05-31 15:00:00+03:00,,0.0,chunk_0018.json,POST /v1/generation/data/dpp-bulk,2026-05-31 21:45:17.665981+00:00,111193,TELLİ I-II REGÜLATÖRÜ VE HES,104663,2026-05-31T15:00:00+03:00,15:00
40W000000111193P,TELLİ I-II REGÜLATÖRÜ VE HES,unknown,2026-05-31 16:00:00+03:00,,0.0,chunk_0018.json,POST /v1/generation/data/dpp-bulk,2026-05-31 21:45:17.665981+00:00,111193,TELLİ I-II REGÜLATÖRÜ VE HES,104663,2026-05-31T16:00:00+03:00,16:00
40W000000111193P,TELLİ I-II REGÜLATÖRÜ VE HES,unknown,2026-05-31 17:00:00+03:00,,0.0,chunk_0018.json,POST /v1/generation/data/dpp-bulk,2026-05-31 21:45:17.665981+00:00,111193,TELLİ I-II REGÜLATÖRÜ VE HES,104663,2026-05-31T17:00:00+03:00,17:00
40W000000111193P,TELLİ I-II REGÜLATÖRÜ VE HES,unknown,2026-05-31 18:00:00+03:00,,0.0,chunk_0018.json,POST /v1/generation/data/dpp-bulk,2026-05-31 21:45:17.665981+00:00,111193,TELLİ I-II REGÜLATÖRÜ VE HES,104663,2026-05-31T18:00:00+03:00,18:00
40W000000111193P,TELLİ I-II REGÜLATÖRÜ VE HES,unknown,2026-05-31 19:00:00+03:00,,8.5,chunk_0018.json,POST /v1/generation/data/dpp-bulk,2026-05-31 21:45:17.665981+00:00,111193,TELLİ I-II REGÜLATÖRÜ VE HES,104663,2026-05-31T19:00:00+03:00,19:00
40W000000111193P,TELLİ I-II REGÜLATÖRÜ VE HES,unknown,2026-05-31 20:00:00+03:00,,8.5,chunk_0018.json,POST /v1/generation/data/dpp-bulk,2026-05-31 21:45:17.665981+00:00,111193,TELLİ I-II REGÜLATÖRÜ VE HES,104663,2026-05-31T20:00:00+03:00,20:00
40W000000111193P,TELLİ I-II REGÜLATÖRÜ VE HES,unknown,2026-05-31 21:00:00+03:00,,7.5,chunk_0018.json,POST /v1/generation/data/dpp-bulk,2026-05-31 21:45:17.665981+00:00,111193,TELLİ I-II REGÜLATÖRÜ VE HES,104663,2026-05-31T21:00:00+03:00,21:00
40W000000111193P,TELLİ I-II REGÜLATÖRÜ VE HES,unknown,2026-05-31 22:00:00+03:00,,7.5,chunk_0018.json,POST /v1/generation/data/dpp-bulk,2026-05-31 21:45:17.665981+00:00,111193,TELLİ I-II REGÜLATÖRÜ VE HES,104663,2026-05-31T22:00:00+03:00,22:00
40W000000111193P,TELLİ I-II REGÜLATÖRÜ VE HES,unknown,2026-05-31 23:00:00+03:00,,7.5,chunk_0018.json,POST /v1/generation/data/dpp-bulk,2026-05-31 21:45:17.665981+00:00,111193,TELLİ I-II REGÜLATÖRÜ VE HES,104663,2026-05-31T23:00:00+03:00,23:00
40W000000112262R,DENİZ JES,unknown,2026-05-31 00:00:00+03:00,,13.5,chunk_0018.json,POST /v1/generation/data/dpp-bulk,2026-05-31 21:45:17.665981+00:00,112262,DENİZ JES,105042,2026-05-31T00:00:00+03:00,00:00
40W000000112262R,DENİZ JES,unknown,2026-05-31 01:00:00+03:00,,13.5,chunk_0018.json,POST /v1/generation/data/dpp-bulk,2026-05-31 21:45:17.665981+00:00,112262,DENİZ JES,105042,2026-05-31T01:00:00+03:00,01:00
40W000000112262R,DENİZ JES,unknown,2026-05-31 02:00:00+03:00,,13.5,chunk_0018.json,POST /v1/generation/data/dpp-bulk,2026-05-31 21:45:17.665981+00:00,112262,DENİZ JES,105042,2026-05-31T02:00:00+03:00,02:00
40W000000112262R,DENİZ JES,unknown,2026-05-31 03:00:00+03:00,,13.5,chunk_0018.json,POST /v1/generation/data/dpp-bulk,2026-05-31 21:45:17.665981+00:00,112262,DENİZ JES,105042,2026-05-31T03:00:00+03:00,03:00
40W000000112262R,DENİZ JES,unknown,2026-05-31 04:00:00+03:00,,13.5,chunk_0018.json,POST /v1/generation/data/dpp-bulk,2026-05-31 21:45:17.665981+00:00,112262,DENİZ JES,105042,2026-05-31T04:00:00+03:00,04:00
40W000000112262R,DENİZ JES,unknown,2026-05-31 05:00:00+03:00,,13.5,chunk_0018.json,POST /v1/generation/data/dpp-bulk,2026-05-31 21:45:17.665981+00:00,112262,DENİZ JES,105042,2026-05-31T05:00:00+03:00,05:00
40W000000112262R,DENİZ JES,unknown,2026-05-31 06:00:00+03:00,,13.5,chunk_0018.json,POST /v1/generation/data/dpp-bulk,2026-05-31 21:45:17.665981+00:00,112262,DENİZ JES,105042,2026-05-31T06:00:00+03:00,06:00
40W000000112262R,DENİZ JES,unknown,2026-05-31 07:00:00+03:00,,13.5,chunk_0018.json,POST /v1/generation/data/dpp-bulk,2026-05-31 21:45:17.665981+00:00,112262,DENİZ JES,105042,2026-05-31T07:00:00+03:00,07:00
40W000000112262R,DENİZ JES,unknown,2026-05-31 08:00:00+03:00,,13.5,chunk_0018.json,POST /v1/generation/data/dpp-bulk,2026-05-31 21:45:17.665981+00:00,112262,DENİZ JES,105042,2026-05-31T08:00:00+03:00,08:00
40W000000112262R,DENİZ JES,unknown,2026-05-31 09:00:00+03:00,,13.0,chunk_0018.json,POST /v1/generation/data/dpp-bulk,2026-05-31 21:45:17.665981+00:00,112262,DENİZ JES,105042,2026-05-31T09:00:00+03:00,09:00
40W000000112262R,DENİZ JES,unknown,2026-05-31 10:00:00+03:00,,12.5,chunk_0018.json,POST /v1/generation/data/dpp-bulk,2026-05-31 21:45:17.665981+00:00,112262,DENİZ JES,105042,2026-05-31T10:00:00+03:00,10:00
40W000000112262R,DENİZ JES,unknown,2026-05-31 11:00:00+03:00,,12.0,chunk_0018.json,POST /v1/generation/data/dpp-bulk,2026-05-31 21:45:17.665981+00:00,112262,DENİZ JES,105042,2026-05-31T11:00:00+03:00,11:00
40W000000112262R,DENİZ JES,unknown,2026-05-31 12:00:00+03:00,,11.5,chunk_0018.json,POST /v1/generation/data/dpp-bulk,2026-05-31 21:45:17.665981+00:00,112262,DENİZ JES,105042,2026-05-31T12:00:00+03:00,12:00
40W000000112262R,DENİZ JES,unknown,2026-05-31 13:00:00+03:00,,11.0,chunk_0018.json,POST /v1/generation/data/dpp-bulk,2026-05-31 21:45:17.665981+00:00,112262,DENİZ JES,105042,2026-05-31T13:00:00+03:00,13:00
40W000000112262R,DENİZ JES,unknown,2026-05-31 14:00:00+03:00,,11.0,chunk_0018.json,POST /v1/generation/data/dpp-bulk,2026-05-31 21:45:17.665981+00:00,112262,DENİZ JES,105042,2026-05-31T14:00:00+03:00,14:00
40W000000112262R,DENİZ JES,unknown,2026-05-31 15:00:00+03:00,,11.0,chunk_0018.json,POST /v1/generation/data/dpp-bulk,2026-05-31 21:45:17.665981+00:00,112262,DENİZ JES,105042,2026-05-31T15:00:00+03:00,15:00
40W000000112262R,DENİZ JES,unknown,2026-05-31 16:00:00+03:00,,11.0,chunk_0018.json,POST /v1/generation/data/dpp-bulk,2026-05-31 21:45:17.665981+00:00,112262,DENİZ JES,105042,2026-05-31T16:00:00+03:00,16:00
40W000000112262R,DENİZ JES,unknown,2026-05-31 17:00:00+03:00,,11.0,chunk_0018.json,POST /v1/generation/data/dpp-bulk,2026-05-31 21:45:17.665981+00:00,112262,DENİZ JES,105042,2026-05-31T17:00:00+03:00,17:00
40W000000112262R,DENİZ JES,unknown,2026-05-31 18:00:00+03:00,,11.0,chunk_0018.json,POST /v1/generation/data/dpp-bulk,2026-05-31 21:45:17.665981+00:00,112262,DENİZ JES,105042,2026-05-31T18:00:00+03:00,18:00
40W000000112262R,DENİZ JES,unknown,2026-05-31 19:00:00+03:00,,11.5,chunk_0018.json,POST /v1/generation/data/dpp-bulk,2026-05-31 21:45:17.665981+00:00,112262,DENİZ JES,105042,2026-05-31T19:00:00+03:00,19:00
40W000000112262R,DENİZ JES,unknown,2026-05-31 20:00:00+03:00,,12.0,chunk_0018.json,POST /v1/generation/data/dpp-bulk,2026-05-31 21:45:17.665981+00:00,112262,DENİZ JES,105042,2026-05-31T20:00:00+03:00,20:00
40W000000112262R,DENİZ JES,unknown,2026-05-31 21:00:00+03:00,,12.5,chunk_0018.json,POST /v1/generation/data/dpp-bulk,2026-05-31 21:45:17.665981+00:00,112262,DENİZ JES,105042,2026-05-31T21:00:00+03:00,21:00
40W000000112262R,DENİZ JES,unknown,2026-05-31 22:00:00+03:00,,13.0,chunk_0018.json,POST /v1/generation/data/dpp-bulk,2026-05-31 21:45:17.665981+00:00,112262,DENİZ JES,105042,2026-05-31T22:00:00+03:00,22:00
40W000000112262R,DENİZ JES,unknown,2026-05-31 23:00:00+03:00,,13.0,chunk_0018.json,POST /v1/generation/data/dpp-bulk,2026-05-31 21:45:17.665981+00:00,112262,DENİZ JES,105042,2026-05-31T23:00:00+03:00,23:00
