entsoe_code,plant_name,fuel_type,delivery_hour,publication_timestamp,kgup_mwh,source_file,source_api,forecast_timestamp,uevcb_id,uevcb_name,org_id,date_raw,time_raw
40W0000032140161,AREL ENERJİ ÇORUM BİYOKÜTLE TESİSİ,unknown,2026-05-31 00:00:00+03:00,,0.83,chunk_0057.json,POST /v1/generation/data/dpp-bulk,2026-05-31 21:45:49.525836+00:00,3214016,AREL ENERJİ ÇORUM BİYOKÜTLE TESİSİ,5470,2026-05-31T00:00:00+03:00,00:00
40W0000032140161,AREL ENERJİ ÇORUM BİYOKÜTLE TESİSİ,unknown,2026-05-31 01:00:00+03:00,,0.85,chunk_0057.json,POST /v1/generation/data/dpp-bulk,2026-05-31 21:45:49.525836+00:00,3214016,AREL ENERJİ ÇORUM BİYOKÜTLE TESİSİ,5470,2026-05-31T01:00:00+03:00,01:00
40W0000032140161,AREL ENERJİ ÇORUM BİYOKÜTLE TESİSİ,unknown,2026-05-31 02:00:00+03:00,,0.85,chunk_0057.json,POST /v1/generation/data/dpp-bulk,2026-05-31 21:45:49.525836+00:00,3214016,AREL ENERJİ ÇORUM BİYOKÜTLE TESİSİ,5470,2026-05-31T02:00:00+03:00,02:00
40W0000032140161,AREL ENERJİ ÇORUM BİYOKÜTLE TESİSİ,unknown,2026-05-31 03:00:00+03:00,,0.85,chunk_0057.json,POST /v1/generation/data/dpp-bulk,2026-05-31 21:45:49.525836+00:00,3214016,AREL ENERJİ ÇORUM BİYOKÜTLE TESİSİ,5470,2026-05-31T03:00:00+03:00,03:00
40W0000032140161,AREL ENERJİ ÇORUM BİYOKÜTLE TESİSİ,unknown,2026-05-31 04:00:00+03:00,,0.85,chunk_0057.json,POST /v1/generation/data/dpp-bulk,2026-05-31 21:45:49.525836+00:00,3214016,AREL ENERJİ ÇORUM BİYOKÜTLE TESİSİ,5470,2026-05-31T04:00:00+03:00,04:00
40W0000032140161,AREL ENERJİ ÇORUM BİYOKÜTLE TESİSİ,unknown,2026-05-31 05:00:00+03:00,,0.85,chunk_0057.json,POST /v1/generation/data/dpp-bulk,2026-05-31 21:45:49.525836+00:00,3214016,AREL ENERJİ ÇORUM BİYOKÜTLE TESİSİ,5470,2026-05-31T05:00:00+03:00,05:00
40W0000032140161,AREL ENERJİ ÇORUM BİYOKÜTLE TESİSİ,unknown,2026-05-31 06:00:00+03:00,,0.85,chunk_0057.json,POST /v1/generation/data/dpp-bulk,2026-05-31 21:45:49.525836+00:00,3214016,AREL ENERJİ ÇORUM BİYOKÜTLE TESİSİ,5470,2026-05-31T06:00:00+03:00,06:00
40W0000032140161,AREL ENERJİ ÇORUM BİYOKÜTLE TESİSİ,unknown,2026-05-31 07:00:00+03:00,,0.85,chunk_0057.json,POST /v1/generation/data/dpp-bulk,2026-05-31 21:45:49.525836+00:00,3214016,AREL ENERJİ ÇORUM BİYOKÜTLE TESİSİ,5470,2026-05-31T07:00:00+03:00,07:00
40W0000032140161,AREL ENERJİ ÇORUM BİYOKÜTLE TESİSİ,unknown,2026-05-31 08:00:00+03:00,,0.85,chunk_0057.json,POST /v1/generation/data/dpp-bulk,2026-05-31 21:45:49.525836+00:00,3214016,AREL ENERJİ ÇORUM BİYOKÜTLE TESİSİ,5470,2026-05-31T08:00:00+03:00,08:00
40W0000032140161,AREL ENERJİ ÇORUM BİYOKÜTLE TESİSİ,unknown,2026-05-31 09:00:00+03:00,,1.8,chunk_0057.json,POST /v1/generation/data/dpp-bulk,2026-05-31 21:45:49.525836+00:00,3214016,AREL ENERJİ ÇORUM BİYOKÜTLE TESİSİ,5470,2026-05-31T09:00:00+03:00,09:00
40W0000032140161,AREL ENERJİ ÇORUM BİYOKÜTLE TESİSİ,unknown,2026-05-31 10:00:00+03:00,,1.8,chunk_0057.json,POST /v1/generation/data/dpp-bulk,2026-05-31 21:45:49.525836+00:00,3214016,AREL ENERJİ ÇORUM BİYOKÜTLE TESİSİ,5470,2026-05-31T10:00:00+03:00,10:00
40W0000032140161,AREL ENERJİ ÇORUM BİYOKÜTLE TESİSİ,unknown,2026-05-31 11:00:00+03:00,,1.8,chunk_0057.json,POST /v1/generation/data/dpp-bulk,2026-05-31 21:45:49.525836+00:00,3214016,AREL ENERJİ ÇORUM BİYOKÜTLE TESİSİ,5470,2026-05-31T11:00:00+03:00,11:00
40W0000032140161,AREL ENERJİ ÇORUM BİYOKÜTLE TESİSİ,unknown,2026-05-31 12:00:00+03:00,,1.8,chunk_0057.json,POST /v1/generation/data/dpp-bulk,2026-05-31 21:45:49.525836+00:00,3214016,AREL ENERJİ ÇORUM BİYOKÜTLE TESİSİ,5470,2026-05-31T12:00:00+03:00,12:00
40W0000032140161,AREL ENERJİ ÇORUM BİYOKÜTLE TESİSİ,unknown,2026-05-31 13:00:00+03:00,,1.8,chunk_0057.json,POST /v1/generation/data/dpp-bulk,2026-05-31 21:45:49.525836+00:00,3214016,AREL ENERJİ ÇORUM BİYOKÜTLE TESİSİ,5470,2026-05-31T13:00:00+03:00,13:00
40W0000032140161,AREL ENERJİ ÇORUM BİYOKÜTLE TESİSİ,unknown,2026-05-31 14:00:00+03:00,,1.8,chunk_0057.json,POST /v1/generation/data/dpp-bulk,2026-05-31 21:45:49.525836+00:00,3214016,AREL ENERJİ ÇORUM BİYOKÜTLE TESİSİ,5470,2026-05-31T14:00:00+03:00,14:00
40W0000032140161,AREL ENERJİ ÇORUM BİYOKÜTLE TESİSİ,unknown,2026-05-31 15:00:00+03:00,,1.8,chunk_0057.json,POST /v1/generation/data/dpp-bulk,2026-05-31 21:45:49.525836+00:00,3214016,AREL ENERJİ ÇORUM BİYOKÜTLE TESİSİ,5470,2026-05-31T15:00:00+03:00,15:00
40W0000032140161,AREL ENERJİ ÇORUM BİYOKÜTLE TESİSİ,unknown,2026-05-31 16:00:00+03:00,,0.85,chunk_0057.json,POST /v1/generation/data/dpp-bulk,2026-05-31 21:45:49.525836+00:00,3214016,AREL ENERJİ ÇORUM BİYOKÜTLE TESİSİ,5470,2026-05-31T16:00:00+03:00,16:00
40W0000032140161,AREL ENERJİ ÇORUM BİYOKÜTLE TESİSİ,unknown,2026-05-31 17:00:00+03:00,,0.85,chunk_0057.json,POST /v1/generation/data/dpp-bulk,2026-05-31 21:45:49.525836+00:00,3214016,AREL ENERJİ ÇORUM BİYOKÜTLE TESİSİ,5470,2026-05-31T17:00:00+03:00,17:00
40W0000032140161,AREL ENERJİ ÇORUM BİYOKÜTLE TESİSİ,unknown,2026-05-31 18:00:00+03:00,,0.85,chunk_0057.json,POST /v1/generation/data/dpp-bulk,2026-05-31 21:45:49.525836+00:00,3214016,AREL ENERJİ ÇORUM BİYOKÜTLE TESİSİ,5470,2026-05-31T18:00:00+03:00,18:00
40W0000032140161,AREL ENERJİ ÇORUM BİYOKÜTLE TESİSİ,unknown,2026-05-31 19:00:00+03:00,,0.85,chunk_0057.json,POST /v1/generation/data/dpp-bulk,2026-05-31 21:45:49.525836+00:00,3214016,AREL ENERJİ ÇORUM BİYOKÜTLE TESİSİ,5470,2026-05-31T19:00:00+03:00,19:00
40W0000032140161,AREL ENERJİ ÇORUM BİYOKÜTLE TESİSİ,unknown,2026-05-31 20:00:00+03:00,,0.85,chunk_0057.json,POST /v1/generation/data/dpp-bulk,2026-05-31 21:45:49.525836+00:00,3214016,AREL ENERJİ ÇORUM BİYOKÜTLE TESİSİ,5470,2026-05-31T20:00:00+03:00,20:00
40W0000032140161,AREL ENERJİ ÇORUM BİYOKÜTLE TESİSİ,unknown,2026-05-31 21:00:00+03:00,,0.85,chunk_0057.json,POST /v1/generation/data/dpp-bulk,2026-05-31 21:45:49.525836+00:00,3214016,AREL ENERJİ ÇORUM BİYOKÜTLE TESİSİ,5470,2026-05-31T21:00:00+03:00,21:00
40W0000032140161,AREL ENERJİ ÇORUM BİYOKÜTLE TESİSİ,unknown,2026-05-31 22:00:00+03:00,,0.85,chunk_0057.json,POST /v1/generation/data/dpp-bulk,2026-05-31 21:45:49.525836+00:00,3214016,AREL ENERJİ ÇORUM BİYOKÜTLE TESİSİ,5470,2026-05-31T22:00:00+03:00,22:00
40W0000032140161,AREL ENERJİ ÇORUM BİYOKÜTLE TESİSİ,unknown,2026-05-31 23:00:00+03:00,,0.85,chunk_0057.json,POST /v1/generation/data/dpp-bulk,2026-05-31 21:45:49.525836+00:00,3214016,AREL ENERJİ ÇORUM BİYOKÜTLE TESİSİ,5470,2026-05-31T23:00:00+03:00,23:00
40W000003213848Z,SAMSUN-ÇARŞAMBA BES,unknown,2026-05-31 00:00:00+03:00,,0.0,chunk_0057.json,POST /v1/generation/data/dpp-bulk,2026-05-31 21:45:49.525836+00:00,3213848,SAMSUN-ÇARŞAMBA BES,11262,2026-05-31T00:00:00+03:00,00:00
40W000003213848Z,SAMSUN-ÇARŞAMBA BES,unknown,2026-05-31 01:00:00+03:00,,0.0,chunk_0057.json,POST /v1/generation/data/dpp-bulk,2026-05-31 21:45:49.525836+00:00,3213848,SAMSUN-ÇARŞAMBA BES,11262,2026-05-31T01:00:00+03:00,01:00
40W000003213848Z,SAMSUN-ÇARŞAMBA BES,unknown,2026-05-31 02:00:00+03:00,,0.0,chunk_0057.json,POST /v1/generation/data/dpp-bulk,2026-05-31 21:45:49.525836+00:00,3213848,SAMSUN-ÇARŞAMBA BES,11262,2026-05-31T02:00:00+03:00,02:00
40W000003213848Z,SAMSUN-ÇARŞAMBA BES,unknown,2026-05-31 03:00:00+03:00,,0.0,chunk_0057.json,POST /v1/generation/data/dpp-bulk,2026-05-31 21:45:49.525836+00:00,3213848,SAMSUN-ÇARŞAMBA BES,11262,2026-05-31T03:00:00+03:00,03:00
40W000003213848Z,SAMSUN-ÇARŞAMBA BES,unknown,2026-05-31 04:00:00+03:00,,0.0,chunk_0057.json,POST /v1/generation/data/dpp-bulk,2026-05-31 21:45:49.525836+00:00,3213848,SAMSUN-ÇARŞAMBA BES,11262,2026-05-31T04:00:00+03:00,04:00
40W000003213848Z,SAMSUN-ÇARŞAMBA BES,unknown,2026-05-31 05:00:00+03:00,,0.0,chunk_0057.json,POST /v1/generation/data/dpp-bulk,2026-05-31 21:45:49.525836+00:00,3213848,SAMSUN-ÇARŞAMBA BES,11262,2026-05-31T05:00:00+03:00,05:00
40W000003213848Z,SAMSUN-ÇARŞAMBA BES,unknown,2026-05-31 06:00:00+03:00,,0.0,chunk_0057.json,POST /v1/generation/data/dpp-bulk,2026-05-31 21:45:49.525836+00:00,3213848,SAMSUN-ÇARŞAMBA BES,11262,2026-05-31T06:00:00+03:00,06:00
40W000003213848Z,SAMSUN-ÇARŞAMBA BES,unknown,2026-05-31 07:00:00+03:00,,0.0,chunk_0057.json,POST /v1/generation/data/dpp-bulk,2026-05-31 21:45:49.525836+00:00,3213848,SAMSUN-ÇARŞAMBA BES,11262,2026-05-31T07:00:00+03:00,07:00
40W000003213848Z,SAMSUN-ÇARŞAMBA BES,unknown,2026-05-31 08:00:00+03:00,,0.0,chunk_0057.json,POST /v1/generation/data/dpp-bulk,2026-05-31 21:45:49.525836+00:00,3213848,SAMSUN-ÇARŞAMBA BES,11262,2026-05-31T08:00:00+03:00,08:00
40W000003213848Z,SAMSUN-ÇARŞAMBA BES,unknown,2026-05-31 09:00:00+03:00,,0.0,chunk_0057.json,POST /v1/generation/data/dpp-bulk,2026-05-31 21:45:49.525836+00:00,3213848,SAMSUN-ÇARŞAMBA BES,11262,2026-05-31T09:00:00+03:00,09:00
40W000003213848Z,SAMSUN-ÇARŞAMBA BES,unknown,2026-05-31 10:00:00+03:00,,0.0,chunk_0057.json,POST /v1/generation/data/dpp-bulk,2026-05-31 21:45:49.525836+00:00,3213848,SAMSUN-ÇARŞAMBA BES,11262,2026-05-31T10:00:00+03:00,10:00
40W000003213848Z,SAMSUN-ÇARŞAMBA BES,unknown,2026-05-31 11:00:00+03:00,,0.0,chunk_0057.json,POST /v1/generation/data/dpp-bulk,2026-05-31 21:45:49.525836+00:00,3213848,SAMSUN-ÇARŞAMBA BES,11262,2026-05-31T11:00:00+03:00,11:00
40W000003213848Z,SAMSUN-ÇARŞAMBA BES,unknown,2026-05-31 12:00:00+03:00,,0.0,chunk_0057.json,POST /v1/generation/data/dpp-bulk,2026-05-31 21:45:49.525836+00:00,3213848,SAMSUN-ÇARŞAMBA BES,11262,2026-05-31T12:00:00+03:00,12:00
40W000003213848Z,SAMSUN-ÇARŞAMBA BES,unknown,2026-05-31 13:00:00+03:00,,0.0,chunk_0057.json,POST /v1/generation/data/dpp-bulk,2026-05-31 21:45:49.525836+00:00,3213848,SAMSUN-ÇARŞAMBA BES,11262,2026-05-31T13:00:00+03:00,13:00
40W000003213848Z,SAMSUN-ÇARŞAMBA BES,unknown,2026-05-31 14:00:00+03:00,,0.0,chunk_0057.json,POST /v1/generation/data/dpp-bulk,2026-05-31 21:45:49.525836+00:00,3213848,SAMSUN-ÇARŞAMBA BES,11262,2026-05-31T14:00:00+03:00,14:00
40W000003213848Z,SAMSUN-ÇARŞAMBA BES,unknown,2026-05-31 15:00:00+03:00,,0.0,chunk_0057.json,POST /v1/generation/data/dpp-bulk,2026-05-31 21:45:49.525836+00:00,3213848,SAMSUN-ÇARŞAMBA BES,11262,2026-05-31T15:00:00+03:00,15:00
40W000003213848Z,SAMSUN-ÇARŞAMBA BES,unknown,2026-05-31 16:00:00+03:00,,0.0,chunk_0057.json,POST /v1/generation/data/dpp-bulk,2026-05-31 21:45:49.525836+00:00,3213848,SAMSUN-ÇARŞAMBA BES,11262,2026-05-31T16:00:00+03:00,16:00
40W000003213848Z,SAMSUN-ÇARŞAMBA BES,unknown,2026-05-31 17:00:00+03:00,,0.0,chunk_0057.json,POST /v1/generation/data/dpp-bulk,2026-05-31 21:45:49.525836+00:00,3213848,SAMSUN-ÇARŞAMBA BES,11262,2026-05-31T17:00:00+03:00,17:00
40W000003213848Z,SAMSUN-ÇARŞAMBA BES,unknown,2026-05-31 18:00:00+03:00,,0.0,chunk_0057.json,POST /v1/generation/data/dpp-bulk,2026-05-31 21:45:49.525836+00:00,3213848,SAMSUN-ÇARŞAMBA BES,11262,2026-05-31T18:00:00+03:00,18:00
40W000003213848Z,SAMSUN-ÇARŞAMBA BES,unknown,2026-05-31 19:00:00+03:00,,0.0,chunk_0057.json,POST /v1/generation/data/dpp-bulk,2026-05-31 21:45:49.525836+00:00,3213848,SAMSUN-ÇARŞAMBA BES,11262,2026-05-31T19:00:00+03:00,19:00
40W000003213848Z,SAMSUN-ÇARŞAMBA BES,unknown,2026-05-31 20:00:00+03:00,,0.0,chunk_0057.json,POST /v1/generation/data/dpp-bulk,2026-05-31 21:45:49.525836+00:00,3213848,SAMSUN-ÇARŞAMBA BES,11262,2026-05-31T20:00:00+03:00,20:00
40W000003213848Z,SAMSUN-ÇARŞAMBA BES,unknown,2026-05-31 21:00:00+03:00,,0.0,chunk_0057.json,POST /v1/generation/data/dpp-bulk,2026-05-31 21:45:49.525836+00:00,3213848,SAMSUN-ÇARŞAMBA BES,11262,2026-05-31T21:00:00+03:00,21:00
40W000003213848Z,SAMSUN-ÇARŞAMBA BES,unknown,2026-05-31 22:00:00+03:00,,0.0,chunk_0057.json,POST /v1/generation/data/dpp-bulk,2026-05-31 21:45:49.525836+00:00,3213848,SAMSUN-ÇARŞAMBA BES,11262,2026-05-31T22:00:00+03:00,22:00
40W000003213848Z,SAMSUN-ÇARŞAMBA BES,unknown,2026-05-31 23:00:00+03:00,,0.0,chunk_0057.json,POST /v1/generation/data/dpp-bulk,2026-05-31 21:45:49.525836+00:00,3213848,SAMSUN-ÇARŞAMBA BES,11262,2026-05-31T23:00:00+03:00,23:00
40W0000032138462,ÇANKIRI BİYOKÜTLE ENERJİ SANTRALİ,unknown,2026-05-31 00:00:00+03:00,,0.0,chunk_0057.json,POST /v1/generation/data/dpp-bulk,2026-05-31 21:45:49.525836+00:00,3213846,ÇANKIRI BİYOKÜTLE ENERJİ SANTRALİ,15145,2026-05-31T00:00:00+03:00,00:00
40W0000032138462,ÇANKIRI BİYOKÜTLE ENERJİ SANTRALİ,unknown,2026-05-31 01:00:00+03:00,,0.0,chunk_0057.json,POST /v1/generation/data/dpp-bulk,2026-05-31 21:45:49.525836+00:00,3213846,ÇANKIRI BİYOKÜTLE ENERJİ SANTRALİ,15145,2026-05-31T01:00:00+03:00,01:00
40W0000032138462,ÇANKIRI BİYOKÜTLE ENERJİ SANTRALİ,unknown,2026-05-31 02:00:00+03:00,,0.0,chunk_0057.json,POST /v1/generation/data/dpp-bulk,2026-05-31 21:45:49.525836+00:00,3213846,ÇANKIRI BİYOKÜTLE ENERJİ SANTRALİ,15145,2026-05-31T02:00:00+03:00,02:00
40W0000032138462,ÇANKIRI BİYOKÜTLE ENERJİ SANTRALİ,unknown,2026-05-31 03:00:00+03:00,,0.0,chunk_0057.json,POST /v1/generation/data/dpp-bulk,2026-05-31 21:45:49.525836+00:00,3213846,ÇANKIRI BİYOKÜTLE ENERJİ SANTRALİ,15145,2026-05-31T03:00:00+03:00,03:00
40W0000032138462,ÇANKIRI BİYOKÜTLE ENERJİ SANTRALİ,unknown,2026-05-31 04:00:00+03:00,,0.0,chunk_0057.json,POST /v1/generation/data/dpp-bulk,2026-05-31 21:45:49.525836+00:00,3213846,ÇANKIRI BİYOKÜTLE ENERJİ SANTRALİ,15145,2026-05-31T04:00:00+03:00,04:00
40W0000032138462,ÇANKIRI BİYOKÜTLE ENERJİ SANTRALİ,unknown,2026-05-31 05:00:00+03:00,,0.0,chunk_0057.json,POST /v1/generation/data/dpp-bulk,2026-05-31 21:45:49.525836+00:00,3213846,ÇANKIRI BİYOKÜTLE ENERJİ SANTRALİ,15145,2026-05-31T05:00:00+03:00,05:00
40W0000032138462,ÇANKIRI BİYOKÜTLE ENERJİ SANTRALİ,unknown,2026-05-31 06:00:00+03:00,,0.0,chunk_0057.json,POST /v1/generation/data/dpp-bulk,2026-05-31 21:45:49.525836+00:00,3213846,ÇANKIRI BİYOKÜTLE ENERJİ SANTRALİ,15145,2026-05-31T06:00:00+03:00,06:00
40W0000032138462,ÇANKIRI BİYOKÜTLE ENERJİ SANTRALİ,unknown,2026-05-31 07:00:00+03:00,,0.0,chunk_0057.json,POST /v1/generation/data/dpp-bulk,2026-05-31 21:45:49.525836+00:00,3213846,ÇANKIRI BİYOKÜTLE ENERJİ SANTRALİ,15145,2026-05-31T07:00:00+03:00,07:00
40W0000032138462,ÇANKIRI BİYOKÜTLE ENERJİ SANTRALİ,unknown,2026-05-31 08:00:00+03:00,,0.0,chunk_0057.json,POST /v1/generation/data/dpp-bulk,2026-05-31 21:45:49.525836+00:00,3213846,ÇANKIRI BİYOKÜTLE ENERJİ SANTRALİ,15145,2026-05-31T08:00:00+03:00,08:00
40W0000032138462,ÇANKIRI BİYOKÜTLE ENERJİ SANTRALİ,unknown,2026-05-31 09:00:00+03:00,,0.0,chunk_0057.json,POST /v1/generation/data/dpp-bulk,2026-05-31 21:45:49.525836+00:00,3213846,ÇANKIRI BİYOKÜTLE ENERJİ SANTRALİ,15145,2026-05-31T09:00:00+03:00,09:00
40W0000032138462,ÇANKIRI BİYOKÜTLE ENERJİ SANTRALİ,unknown,2026-05-31 10:00:00+03:00,,0.0,chunk_0057.json,POST /v1/generation/data/dpp-bulk,2026-05-31 21:45:49.525836+00:00,3213846,ÇANKIRI BİYOKÜTLE ENERJİ SANTRALİ,15145,2026-05-31T10:00:00+03:00,10:00
40W0000032138462,ÇANKIRI BİYOKÜTLE ENERJİ SANTRALİ,unknown,2026-05-31 11:00:00+03:00,,0.0,chunk_0057.json,POST /v1/generation/data/dpp-bulk,2026-05-31 21:45:49.525836+00:00,3213846,ÇANKIRI BİYOKÜTLE ENERJİ SANTRALİ,15145,2026-05-31T11:00:00+03:00,11:00
40W0000032138462,ÇANKIRI BİYOKÜTLE ENERJİ SANTRALİ,unknown,2026-05-31 12:00:00+03:00,,0.0,chunk_0057.json,POST /v1/generation/data/dpp-bulk,2026-05-31 21:45:49.525836+00:00,3213846,ÇANKIRI BİYOKÜTLE ENERJİ SANTRALİ,15145,2026-05-31T12:00:00+03:00,12:00
40W0000032138462,ÇANKIRI BİYOKÜTLE ENERJİ SANTRALİ,unknown,2026-05-31 13:00:00+03:00,,0.0,chunk_0057.json,POST /v1/generation/data/dpp-bulk,2026-05-31 21:45:49.525836+00:00,3213846,ÇANKIRI BİYOKÜTLE ENERJİ SANTRALİ,15145,2026-05-31T13:00:00+03:00,13:00
40W0000032138462,ÇANKIRI BİYOKÜTLE ENERJİ SANTRALİ,unknown,2026-05-31 14:00:00+03:00,,0.0,chunk_0057.json,POST /v1/generation/data/dpp-bulk,2026-05-31 21:45:49.525836+00:00,3213846,ÇANKIRI BİYOKÜTLE ENERJİ SANTRALİ,15145,2026-05-31T14:00:00+03:00,14:00
40W0000032138462,ÇANKIRI BİYOKÜTLE ENERJİ SANTRALİ,unknown,2026-05-31 15:00:00+03:00,,0.0,chunk_0057.json,POST /v1/generation/data/dpp-bulk,2026-05-31 21:45:49.525836+00:00,3213846,ÇANKIRI BİYOKÜTLE ENERJİ SANTRALİ,15145,2026-05-31T15:00:00+03:00,15:00
40W0000032138462,ÇANKIRI BİYOKÜTLE ENERJİ SANTRALİ,unknown,2026-05-31 16:00:00+03:00,,0.0,chunk_0057.json,POST /v1/generation/data/dpp-bulk,2026-05-31 21:45:49.525836+00:00,3213846,ÇANKIRI BİYOKÜTLE ENERJİ SANTRALİ,15145,2026-05-31T16:00:00+03:00,16:00
40W0000032138462,ÇANKIRI BİYOKÜTLE ENERJİ SANTRALİ,unknown,2026-05-31 17:00:00+03:00,,0.0,chunk_0057.json,POST /v1/generation/data/dpp-bulk,2026-05-31 21:45:49.525836+00:00,3213846,ÇANKIRI BİYOKÜTLE ENERJİ SANTRALİ,15145,2026-05-31T17:00:00+03:00,17:00
40W0000032138462,ÇANKIRI BİYOKÜTLE ENERJİ SANTRALİ,unknown,2026-05-31 18:00:00+03:00,,0.0,chunk_0057.json,POST /v1/generation/data/dpp-bulk,2026-05-31 21:45:49.525836+00:00,3213846,ÇANKIRI BİYOKÜTLE ENERJİ SANTRALİ,15145,2026-05-31T18:00:00+03:00,18:00
40W0000032138462,ÇANKIRI BİYOKÜTLE ENERJİ SANTRALİ,unknown,2026-05-31 19:00:00+03:00,,0.0,chunk_0057.json,POST /v1/generation/data/dpp-bulk,2026-05-31 21:45:49.525836+00:00,3213846,ÇANKIRI BİYOKÜTLE ENERJİ SANTRALİ,15145,2026-05-31T19:00:00+03:00,19:00
40W0000032138462,ÇANKIRI BİYOKÜTLE ENERJİ SANTRALİ,unknown,2026-05-31 20:00:00+03:00,,0.0,chunk_0057.json,POST /v1/generation/data/dpp-bulk,2026-05-31 21:45:49.525836+00:00,3213846,ÇANKIRI BİYOKÜTLE ENERJİ SANTRALİ,15145,2026-05-31T20:00:00+03:00,20:00
40W0000032138462,ÇANKIRI BİYOKÜTLE ENERJİ SANTRALİ,unknown,2026-05-31 21:00:00+03:00,,0.0,chunk_0057.json,POST /v1/generation/data/dpp-bulk,2026-05-31 21:45:49.525836+00:00,3213846,ÇANKIRI BİYOKÜTLE ENERJİ SANTRALİ,15145,2026-05-31T21:00:00+03:00,21:00
40W0000032138462,ÇANKIRI BİYOKÜTLE ENERJİ SANTRALİ,unknown,2026-05-31 22:00:00+03:00,,0.0,chunk_0057.json,POST /v1/generation/data/dpp-bulk,2026-05-31 21:45:49.525836+00:00,3213846,ÇANKIRI BİYOKÜTLE ENERJİ SANTRALİ,15145,2026-05-31T22:00:00+03:00,22:00
40W0000032138462,ÇANKIRI BİYOKÜTLE ENERJİ SANTRALİ,unknown,2026-05-31 23:00:00+03:00,,0.0,chunk_0057.json,POST /v1/generation/data/dpp-bulk,2026-05-31 21:45:49.525836+00:00,3213846,ÇANKIRI BİYOKÜTLE ENERJİ SANTRALİ,15145,2026-05-31T23:00:00+03:00,23:00
40W0000032138454,SİNOP BES,unknown,2026-05-31 00:00:00+03:00,,0.0,chunk_0057.json,POST /v1/generation/data/dpp-bulk,2026-05-31 21:45:49.525836+00:00,3213845,SİNOP BES,15179,2026-05-31T00:00:00+03:00,00:00
40W0000032138454,SİNOP BES,unknown,2026-05-31 01:00:00+03:00,,0.0,chunk_0057.json,POST /v1/generation/data/dpp-bulk,2026-05-31 21:45:49.525836+00:00,3213845,SİNOP BES,15179,2026-05-31T01:00:00+03:00,01:00
40W0000032138454,SİNOP BES,unknown,2026-05-31 02:00:00+03:00,,0.0,chunk_0057.json,POST /v1/generation/data/dpp-bulk,2026-05-31 21:45:49.525836+00:00,3213845,SİNOP BES,15179,2026-05-31T02:00:00+03:00,02:00
40W0000032138454,SİNOP BES,unknown,2026-05-31 03:00:00+03:00,,0.0,chunk_0057.json,POST /v1/generation/data/dpp-bulk,2026-05-31 21:45:49.525836+00:00,3213845,SİNOP BES,15179,2026-05-31T03:00:00+03:00,03:00
40W0000032138454,SİNOP BES,unknown,2026-05-31 04:00:00+03:00,,0.0,chunk_0057.json,POST /v1/generation/data/dpp-bulk,2026-05-31 21:45:49.525836+00:00,3213845,SİNOP BES,15179,2026-05-31T04:00:00+03:00,04:00
40W0000032138454,SİNOP BES,unknown,2026-05-31 05:00:00+03:00,,0.0,chunk_0057.json,POST /v1/generation/data/dpp-bulk,2026-05-31 21:45:49.525836+00:00,3213845,SİNOP BES,15179,2026-05-31T05:00:00+03:00,05:00
40W0000032138454,SİNOP BES,unknown,2026-05-31 06:00:00+03:00,,0.0,chunk_0057.json,POST /v1/generation/data/dpp-bulk,2026-05-31 21:45:49.525836+00:00,3213845,SİNOP BES,15179,2026-05-31T06:00:00+03:00,06:00
40W0000032138454,SİNOP BES,unknown,2026-05-31 07:00:00+03:00,,0.0,chunk_0057.json,POST /v1/generation/data/dpp-bulk,2026-05-31 21:45:49.525836+00:00,3213845,SİNOP BES,15179,2026-05-31T07:00:00+03:00,07:00
40W0000032138454,SİNOP BES,unknown,2026-05-31 08:00:00+03:00,,0.0,chunk_0057.json,POST /v1/generation/data/dpp-bulk,2026-05-31 21:45:49.525836+00:00,3213845,SİNOP BES,15179,2026-05-31T08:00:00+03:00,08:00
40W0000032138454,SİNOP BES,unknown,2026-05-31 09:00:00+03:00,,0.0,chunk_0057.json,POST /v1/generation/data/dpp-bulk,2026-05-31 21:45:49.525836+00:00,3213845,SİNOP BES,15179,2026-05-31T09:00:00+03:00,09:00
40W0000032138454,SİNOP BES,unknown,2026-05-31 10:00:00+03:00,,0.0,chunk_0057.json,POST /v1/generation/data/dpp-bulk,2026-05-31 21:45:49.525836+00:00,3213845,SİNOP BES,15179,2026-05-31T10:00:00+03:00,10:00
40W0000032138454,SİNOP BES,unknown,2026-05-31 11:00:00+03:00,,0.0,chunk_0057.json,POST /v1/generation/data/dpp-bulk,2026-05-31 21:45:49.525836+00:00,3213845,SİNOP BES,15179,2026-05-31T11:00:00+03:00,11:00
40W0000032138454,SİNOP BES,unknown,2026-05-31 12:00:00+03:00,,0.0,chunk_0057.json,POST /v1/generation/data/dpp-bulk,2026-05-31 21:45:49.525836+00:00,3213845,SİNOP BES,15179,2026-05-31T12:00:00+03:00,12:00
40W0000032138454,SİNOP BES,unknown,2026-05-31 13:00:00+03:00,,0.0,chunk_0057.json,POST /v1/generation/data/dpp-bulk,2026-05-31 21:45:49.525836+00:00,3213845,SİNOP BES,15179,2026-05-31T13:00:00+03:00,13:00
40W0000032138454,SİNOP BES,unknown,2026-05-31 14:00:00+03:00,,0.0,chunk_0057.json,POST /v1/generation/data/dpp-bulk,2026-05-31 21:45:49.525836+00:00,3213845,SİNOP BES,15179,2026-05-31T14:00:00+03:00,14:00
40W0000032138454,SİNOP BES,unknown,2026-05-31 15:00:00+03:00,,0.0,chunk_0057.json,POST /v1/generation/data/dpp-bulk,2026-05-31 21:45:49.525836+00:00,3213845,SİNOP BES,15179,2026-05-31T15:00:00+03:00,15:00
40W0000032138454,SİNOP BES,unknown,2026-05-31 16:00:00+03:00,,0.0,chunk_0057.json,POST /v1/generation/data/dpp-bulk,2026-05-31 21:45:49.525836+00:00,3213845,SİNOP BES,15179,2026-05-31T16:00:00+03:00,16:00
40W0000032138454,SİNOP BES,unknown,2026-05-31 17:00:00+03:00,,0.0,chunk_0057.json,POST /v1/generation/data/dpp-bulk,2026-05-31 21:45:49.525836+00:00,3213845,SİNOP BES,15179,2026-05-31T17:00:00+03:00,17:00
40W0000032138454,SİNOP BES,unknown,2026-05-31 18:00:00+03:00,,0.0,chunk_0057.json,POST /v1/generation/data/dpp-bulk,2026-05-31 21:45:49.525836+00:00,3213845,SİNOP BES,15179,2026-05-31T18:00:00+03:00,18:00
40W0000032138454,SİNOP BES,unknown,2026-05-31 19:00:00+03:00,,0.0,chunk_0057.json,POST /v1/generation/data/dpp-bulk,2026-05-31 21:45:49.525836+00:00,3213845,SİNOP BES,15179,2026-05-31T19:00:00+03:00,19:00
40W0000032138454,SİNOP BES,unknown,2026-05-31 20:00:00+03:00,,0.0,chunk_0057.json,POST /v1/generation/data/dpp-bulk,2026-05-31 21:45:49.525836+00:00,3213845,SİNOP BES,15179,2026-05-31T20:00:00+03:00,20:00
40W0000032138454,SİNOP BES,unknown,2026-05-31 21:00:00+03:00,,0.0,chunk_0057.json,POST /v1/generation/data/dpp-bulk,2026-05-31 21:45:49.525836+00:00,3213845,SİNOP BES,15179,2026-05-31T21:00:00+03:00,21:00
40W0000032138454,SİNOP BES,unknown,2026-05-31 22:00:00+03:00,,0.0,chunk_0057.json,POST /v1/generation/data/dpp-bulk,2026-05-31 21:45:49.525836+00:00,3213845,SİNOP BES,15179,2026-05-31T22:00:00+03:00,22:00
40W0000032138454,SİNOP BES,unknown,2026-05-31 23:00:00+03:00,,0.0,chunk_0057.json,POST /v1/generation/data/dpp-bulk,2026-05-31 21:45:49.525836+00:00,3213845,SİNOP BES,15179,2026-05-31T23:00:00+03:00,23:00
40W0000032139701,OMP ENERJİ YÜREĞİR BES,unknown,2026-05-31 00:00:00+03:00,,9.0,chunk_0057.json,POST /v1/generation/data/dpp-bulk,2026-05-31 21:45:49.525836+00:00,3213970,OMP ENERJİ YÜREĞİR BES,15320,2026-05-31T00:00:00+03:00,00:00
40W0000032139701,OMP ENERJİ YÜREĞİR BES,unknown,2026-05-31 01:00:00+03:00,,9.0,chunk_0057.json,POST /v1/generation/data/dpp-bulk,2026-05-31 21:45:49.525836+00:00,3213970,OMP ENERJİ YÜREĞİR BES,15320,2026-05-31T01:00:00+03:00,01:00
40W0000032139701,OMP ENERJİ YÜREĞİR BES,unknown,2026-05-31 02:00:00+03:00,,9.0,chunk_0057.json,POST /v1/generation/data/dpp-bulk,2026-05-31 21:45:49.525836+00:00,3213970,OMP ENERJİ YÜREĞİR BES,15320,2026-05-31T02:00:00+03:00,02:00
40W0000032139701,OMP ENERJİ YÜREĞİR BES,unknown,2026-05-31 03:00:00+03:00,,9.0,chunk_0057.json,POST /v1/generation/data/dpp-bulk,2026-05-31 21:45:49.525836+00:00,3213970,OMP ENERJİ YÜREĞİR BES,15320,2026-05-31T03:00:00+03:00,03:00
40W0000032139701,OMP ENERJİ YÜREĞİR BES,unknown,2026-05-31 04:00:00+03:00,,9.0,chunk_0057.json,POST /v1/generation/data/dpp-bulk,2026-05-31 21:45:49.525836+00:00,3213970,OMP ENERJİ YÜREĞİR BES,15320,2026-05-31T04:00:00+03:00,04:00
40W0000032139701,OMP ENERJİ YÜREĞİR BES,unknown,2026-05-31 05:00:00+03:00,,9.0,chunk_0057.json,POST /v1/generation/data/dpp-bulk,2026-05-31 21:45:49.525836+00:00,3213970,OMP ENERJİ YÜREĞİR BES,15320,2026-05-31T05:00:00+03:00,05:00
40W0000032139701,OMP ENERJİ YÜREĞİR BES,unknown,2026-05-31 06:00:00+03:00,,9.0,chunk_0057.json,POST /v1/generation/data/dpp-bulk,2026-05-31 21:45:49.525836+00:00,3213970,OMP ENERJİ YÜREĞİR BES,15320,2026-05-31T06:00:00+03:00,06:00
40W0000032139701,OMP ENERJİ YÜREĞİR BES,unknown,2026-05-31 07:00:00+03:00,,9.0,chunk_0057.json,POST /v1/generation/data/dpp-bulk,2026-05-31 21:45:49.525836+00:00,3213970,OMP ENERJİ YÜREĞİR BES,15320,2026-05-31T07:00:00+03:00,07:00
40W0000032139701,OMP ENERJİ YÜREĞİR BES,unknown,2026-05-31 08:00:00+03:00,,9.0,chunk_0057.json,POST /v1/generation/data/dpp-bulk,2026-05-31 21:45:49.525836+00:00,3213970,OMP ENERJİ YÜREĞİR BES,15320,2026-05-31T08:00:00+03:00,08:00
40W0000032139701,OMP ENERJİ YÜREĞİR BES,unknown,2026-05-31 09:00:00+03:00,,9.0,chunk_0057.json,POST /v1/generation/data/dpp-bulk,2026-05-31 21:45:49.525836+00:00,3213970,OMP ENERJİ YÜREĞİR BES,15320,2026-05-31T09:00:00+03:00,09:00
40W0000032139701,OMP ENERJİ YÜREĞİR BES,unknown,2026-05-31 10:00:00+03:00,,9.0,chunk_0057.json,POST /v1/generation/data/dpp-bulk,2026-05-31 21:45:49.525836+00:00,3213970,OMP ENERJİ YÜREĞİR BES,15320,2026-05-31T10:00:00+03:00,10:00
40W0000032139701,OMP ENERJİ YÜREĞİR BES,unknown,2026-05-31 11:00:00+03:00,,9.0,chunk_0057.json,POST /v1/generation/data/dpp-bulk,2026-05-31 21:45:49.525836+00:00,3213970,OMP ENERJİ YÜREĞİR BES,15320,2026-05-31T11:00:00+03:00,11:00
40W0000032139701,OMP ENERJİ YÜREĞİR BES,unknown,2026-05-31 12:00:00+03:00,,9.0,chunk_0057.json,POST /v1/generation/data/dpp-bulk,2026-05-31 21:45:49.525836+00:00,3213970,OMP ENERJİ YÜREĞİR BES,15320,2026-05-31T12:00:00+03:00,12:00
40W0000032139701,OMP ENERJİ YÜREĞİR BES,unknown,2026-05-31 13:00:00+03:00,,9.0,chunk_0057.json,POST /v1/generation/data/dpp-bulk,2026-05-31 21:45:49.525836+00:00,3213970,OMP ENERJİ YÜREĞİR BES,15320,2026-05-31T13:00:00+03:00,13:00
40W0000032139701,OMP ENERJİ YÜREĞİR BES,unknown,2026-05-31 14:00:00+03:00,,9.0,chunk_0057.json,POST /v1/generation/data/dpp-bulk,2026-05-31 21:45:49.525836+00:00,3213970,OMP ENERJİ YÜREĞİR BES,15320,2026-05-31T14:00:00+03:00,14:00
40W0000032139701,OMP ENERJİ YÜREĞİR BES,unknown,2026-05-31 15:00:00+03:00,,9.0,chunk_0057.json,POST /v1/generation/data/dpp-bulk,2026-05-31 21:45:49.525836+00:00,3213970,OMP ENERJİ YÜREĞİR BES,15320,2026-05-31T15:00:00+03:00,15:00
40W0000032139701,OMP ENERJİ YÜREĞİR BES,unknown,2026-05-31 16:00:00+03:00,,9.0,chunk_0057.json,POST /v1/generation/data/dpp-bulk,2026-05-31 21:45:49.525836+00:00,3213970,OMP ENERJİ YÜREĞİR BES,15320,2026-05-31T16:00:00+03:00,16:00
40W0000032139701,OMP ENERJİ YÜREĞİR BES,unknown,2026-05-31 17:00:00+03:00,,9.0,chunk_0057.json,POST /v1/generation/data/dpp-bulk,2026-05-31 21:45:49.525836+00:00,3213970,OMP ENERJİ YÜREĞİR BES,15320,2026-05-31T17:00:00+03:00,17:00
40W0000032139701,OMP ENERJİ YÜREĞİR BES,unknown,2026-05-31 18:00:00+03:00,,9.0,chunk_0057.json,POST /v1/generation/data/dpp-bulk,2026-05-31 21:45:49.525836+00:00,3213970,OMP ENERJİ YÜREĞİR BES,15320,2026-05-31T18:00:00+03:00,18:00
40W0000032139701,OMP ENERJİ YÜREĞİR BES,unknown,2026-05-31 19:00:00+03:00,,9.0,chunk_0057.json,POST /v1/generation/data/dpp-bulk,2026-05-31 21:45:49.525836+00:00,3213970,OMP ENERJİ YÜREĞİR BES,15320,2026-05-31T19:00:00+03:00,19:00
40W0000032139701,OMP ENERJİ YÜREĞİR BES,unknown,2026-05-31 20:00:00+03:00,,9.0,chunk_0057.json,POST /v1/generation/data/dpp-bulk,2026-05-31 21:45:49.525836+00:00,3213970,OMP ENERJİ YÜREĞİR BES,15320,2026-05-31T20:00:00+03:00,20:00
40W0000032139701,OMP ENERJİ YÜREĞİR BES,unknown,2026-05-31 21:00:00+03:00,,9.0,chunk_0057.json,POST /v1/generation/data/dpp-bulk,2026-05-31 21:45:49.525836+00:00,3213970,OMP ENERJİ YÜREĞİR BES,15320,2026-05-31T21:00:00+03:00,21:00
40W0000032139701,OMP ENERJİ YÜREĞİR BES,unknown,2026-05-31 22:00:00+03:00,,9.0,chunk_0057.json,POST /v1/generation/data/dpp-bulk,2026-05-31 21:45:49.525836+00:00,3213970,OMP ENERJİ YÜREĞİR BES,15320,2026-05-31T22:00:00+03:00,22:00
40W0000032139701,OMP ENERJİ YÜREĞİR BES,unknown,2026-05-31 23:00:00+03:00,,9.0,chunk_0057.json,POST /v1/generation/data/dpp-bulk,2026-05-31 21:45:49.525836+00:00,3213970,OMP ENERJİ YÜREĞİR BES,15320,2026-05-31T23:00:00+03:00,23:00
40W000003213850B,NİZİP BİYOGAZ ELEKTRİK,unknown,2026-05-31 00:00:00+03:00,,1.3,chunk_0057.json,POST /v1/generation/data/dpp-bulk,2026-05-31 21:45:49.525836+00:00,3213850,NİZİP BİYOGAZ ELEKTRİK,15439,2026-05-31T00:00:00+03:00,00:00
40W000003213850B,NİZİP BİYOGAZ ELEKTRİK,unknown,2026-05-31 01:00:00+03:00,,1.3,chunk_0057.json,POST /v1/generation/data/dpp-bulk,2026-05-31 21:45:49.525836+00:00,3213850,NİZİP BİYOGAZ ELEKTRİK,15439,2026-05-31T01:00:00+03:00,01:00
40W000003213850B,NİZİP BİYOGAZ ELEKTRİK,unknown,2026-05-31 02:00:00+03:00,,1.3,chunk_0057.json,POST /v1/generation/data/dpp-bulk,2026-05-31 21:45:49.525836+00:00,3213850,NİZİP BİYOGAZ ELEKTRİK,15439,2026-05-31T02:00:00+03:00,02:00
40W000003213850B,NİZİP BİYOGAZ ELEKTRİK,unknown,2026-05-31 03:00:00+03:00,,1.3,chunk_0057.json,POST /v1/generation/data/dpp-bulk,2026-05-31 21:45:49.525836+00:00,3213850,NİZİP BİYOGAZ ELEKTRİK,15439,2026-05-31T03:00:00+03:00,03:00
40W000003213850B,NİZİP BİYOGAZ ELEKTRİK,unknown,2026-05-31 04:00:00+03:00,,1.3,chunk_0057.json,POST /v1/generation/data/dpp-bulk,2026-05-31 21:45:49.525836+00:00,3213850,NİZİP BİYOGAZ ELEKTRİK,15439,2026-05-31T04:00:00+03:00,04:00
40W000003213850B,NİZİP BİYOGAZ ELEKTRİK,unknown,2026-05-31 05:00:00+03:00,,1.3,chunk_0057.json,POST /v1/generation/data/dpp-bulk,2026-05-31 21:45:49.525836+00:00,3213850,NİZİP BİYOGAZ ELEKTRİK,15439,2026-05-31T05:00:00+03:00,05:00
40W000003213850B,NİZİP BİYOGAZ ELEKTRİK,unknown,2026-05-31 06:00:00+03:00,,1.3,chunk_0057.json,POST /v1/generation/data/dpp-bulk,2026-05-31 21:45:49.525836+00:00,3213850,NİZİP BİYOGAZ ELEKTRİK,15439,2026-05-31T06:00:00+03:00,06:00
40W000003213850B,NİZİP BİYOGAZ ELEKTRİK,unknown,2026-05-31 07:00:00+03:00,,1.3,chunk_0057.json,POST /v1/generation/data/dpp-bulk,2026-05-31 21:45:49.525836+00:00,3213850,NİZİP BİYOGAZ ELEKTRİK,15439,2026-05-31T07:00:00+03:00,07:00
40W000003213850B,NİZİP BİYOGAZ ELEKTRİK,unknown,2026-05-31 08:00:00+03:00,,1.3,chunk_0057.json,POST /v1/generation/data/dpp-bulk,2026-05-31 21:45:49.525836+00:00,3213850,NİZİP BİYOGAZ ELEKTRİK,15439,2026-05-31T08:00:00+03:00,08:00
40W000003213850B,NİZİP BİYOGAZ ELEKTRİK,unknown,2026-05-31 09:00:00+03:00,,1.3,chunk_0057.json,POST /v1/generation/data/dpp-bulk,2026-05-31 21:45:49.525836+00:00,3213850,NİZİP BİYOGAZ ELEKTRİK,15439,2026-05-31T09:00:00+03:00,09:00
40W000003213850B,NİZİP BİYOGAZ ELEKTRİK,unknown,2026-05-31 10:00:00+03:00,,1.3,chunk_0057.json,POST /v1/generation/data/dpp-bulk,2026-05-31 21:45:49.525836+00:00,3213850,NİZİP BİYOGAZ ELEKTRİK,15439,2026-05-31T10:00:00+03:00,10:00
40W000003213850B,NİZİP BİYOGAZ ELEKTRİK,unknown,2026-05-31 11:00:00+03:00,,1.3,chunk_0057.json,POST /v1/generation/data/dpp-bulk,2026-05-31 21:45:49.525836+00:00,3213850,NİZİP BİYOGAZ ELEKTRİK,15439,2026-05-31T11:00:00+03:00,11:00
40W000003213850B,NİZİP BİYOGAZ ELEKTRİK,unknown,2026-05-31 12:00:00+03:00,,1.3,chunk_0057.json,POST /v1/generation/data/dpp-bulk,2026-05-31 21:45:49.525836+00:00,3213850,NİZİP BİYOGAZ ELEKTRİK,15439,2026-05-31T12:00:00+03:00,12:00
40W000003213850B,NİZİP BİYOGAZ ELEKTRİK,unknown,2026-05-31 13:00:00+03:00,,1.0,chunk_0057.json,POST /v1/generation/data/dpp-bulk,2026-05-31 21:45:49.525836+00:00,3213850,NİZİP BİYOGAZ ELEKTRİK,15439,2026-05-31T13:00:00+03:00,13:00
40W000003213850B,NİZİP BİYOGAZ ELEKTRİK,unknown,2026-05-31 14:00:00+03:00,,1.0,chunk_0057.json,POST /v1/generation/data/dpp-bulk,2026-05-31 21:45:49.525836+00:00,3213850,NİZİP BİYOGAZ ELEKTRİK,15439,2026-05-31T14:00:00+03:00,14:00
40W000003213850B,NİZİP BİYOGAZ ELEKTRİK,unknown,2026-05-31 15:00:00+03:00,,1.0,chunk_0057.json,POST /v1/generation/data/dpp-bulk,2026-05-31 21:45:49.525836+00:00,3213850,NİZİP BİYOGAZ ELEKTRİK,15439,2026-05-31T15:00:00+03:00,15:00
40W000003213850B,NİZİP BİYOGAZ ELEKTRİK,unknown,2026-05-31 16:00:00+03:00,,1.0,chunk_0057.json,POST /v1/generation/data/dpp-bulk,2026-05-31 21:45:49.525836+00:00,3213850,NİZİP BİYOGAZ ELEKTRİK,15439,2026-05-31T16:00:00+03:00,16:00
40W000003213850B,NİZİP BİYOGAZ ELEKTRİK,unknown,2026-05-31 17:00:00+03:00,,1.3,chunk_0057.json,POST /v1/generation/data/dpp-bulk,2026-05-31 21:45:49.525836+00:00,3213850,NİZİP BİYOGAZ ELEKTRİK,15439,2026-05-31T17:00:00+03:00,17:00
40W000003213850B,NİZİP BİYOGAZ ELEKTRİK,unknown,2026-05-31 18:00:00+03:00,,1.0,chunk_0057.json,POST /v1/generation/data/dpp-bulk,2026-05-31 21:45:49.525836+00:00,3213850,NİZİP BİYOGAZ ELEKTRİK,15439,2026-05-31T18:00:00+03:00,18:00
40W000003213850B,NİZİP BİYOGAZ ELEKTRİK,unknown,2026-05-31 19:00:00+03:00,,1.0,chunk_0057.json,POST /v1/generation/data/dpp-bulk,2026-05-31 21:45:49.525836+00:00,3213850,NİZİP BİYOGAZ ELEKTRİK,15439,2026-05-31T19:00:00+03:00,19:00
40W000003213850B,NİZİP BİYOGAZ ELEKTRİK,unknown,2026-05-31 20:00:00+03:00,,1.0,chunk_0057.json,POST /v1/generation/data/dpp-bulk,2026-05-31 21:45:49.525836+00:00,3213850,NİZİP BİYOGAZ ELEKTRİK,15439,2026-05-31T20:00:00+03:00,20:00
40W000003213850B,NİZİP BİYOGAZ ELEKTRİK,unknown,2026-05-31 21:00:00+03:00,,1.0,chunk_0057.json,POST /v1/generation/data/dpp-bulk,2026-05-31 21:45:49.525836+00:00,3213850,NİZİP BİYOGAZ ELEKTRİK,15439,2026-05-31T21:00:00+03:00,21:00
40W000003213850B,NİZİP BİYOGAZ ELEKTRİK,unknown,2026-05-31 22:00:00+03:00,,1.0,chunk_0057.json,POST /v1/generation/data/dpp-bulk,2026-05-31 21:45:49.525836+00:00,3213850,NİZİP BİYOGAZ ELEKTRİK,15439,2026-05-31T22:00:00+03:00,22:00
40W000003213850B,NİZİP BİYOGAZ ELEKTRİK,unknown,2026-05-31 23:00:00+03:00,,1.0,chunk_0057.json,POST /v1/generation/data/dpp-bulk,2026-05-31 21:45:49.525836+00:00,3213850,NİZİP BİYOGAZ ELEKTRİK,15439,2026-05-31T23:00:00+03:00,23:00
40W0000032138519,KARAKURT BARAJI ve HES(BİLSEV),unknown,2026-05-31 00:00:00+03:00,,96.0,chunk_0057.json,POST /v1/generation/data/dpp-bulk,2026-05-31 21:45:49.525836+00:00,3213851,KARAKURT BARAJI ve HES(BİLSEV),15500,2026-05-31T00:00:00+03:00,00:00
40W0000032138519,KARAKURT BARAJI ve HES(BİLSEV),unknown,2026-05-31 01:00:00+03:00,,96.0,chunk_0057.json,POST /v1/generation/data/dpp-bulk,2026-05-31 21:45:49.525836+00:00,3213851,KARAKURT BARAJI ve HES(BİLSEV),15500,2026-05-31T01:00:00+03:00,01:00
40W0000032138519,KARAKURT BARAJI ve HES(BİLSEV),unknown,2026-05-31 02:00:00+03:00,,96.0,chunk_0057.json,POST /v1/generation/data/dpp-bulk,2026-05-31 21:45:49.525836+00:00,3213851,KARAKURT BARAJI ve HES(BİLSEV),15500,2026-05-31T02:00:00+03:00,02:00
40W0000032138519,KARAKURT BARAJI ve HES(BİLSEV),unknown,2026-05-31 03:00:00+03:00,,96.0,chunk_0057.json,POST /v1/generation/data/dpp-bulk,2026-05-31 21:45:49.525836+00:00,3213851,KARAKURT BARAJI ve HES(BİLSEV),15500,2026-05-31T03:00:00+03:00,03:00
40W0000032138519,KARAKURT BARAJI ve HES(BİLSEV),unknown,2026-05-31 04:00:00+03:00,,96.0,chunk_0057.json,POST /v1/generation/data/dpp-bulk,2026-05-31 21:45:49.525836+00:00,3213851,KARAKURT BARAJI ve HES(BİLSEV),15500,2026-05-31T04:00:00+03:00,04:00
40W0000032138519,KARAKURT BARAJI ve HES(BİLSEV),unknown,2026-05-31 05:00:00+03:00,,96.0,chunk_0057.json,POST /v1/generation/data/dpp-bulk,2026-05-31 21:45:49.525836+00:00,3213851,KARAKURT BARAJI ve HES(BİLSEV),15500,2026-05-31T05:00:00+03:00,05:00
40W0000032138519,KARAKURT BARAJI ve HES(BİLSEV),unknown,2026-05-31 06:00:00+03:00,,96.0,chunk_0057.json,POST /v1/generation/data/dpp-bulk,2026-05-31 21:45:49.525836+00:00,3213851,KARAKURT BARAJI ve HES(BİLSEV),15500,2026-05-31T06:00:00+03:00,06:00
40W0000032138519,KARAKURT BARAJI ve HES(BİLSEV),unknown,2026-05-31 07:00:00+03:00,,55.5,chunk_0057.json,POST /v1/generation/data/dpp-bulk,2026-05-31 21:45:49.525836+00:00,3213851,KARAKURT BARAJI ve HES(BİLSEV),15500,2026-05-31T07:00:00+03:00,07:00
40W0000032138519,KARAKURT BARAJI ve HES(BİLSEV),unknown,2026-05-31 08:00:00+03:00,,43.9,chunk_0057.json,POST /v1/generation/data/dpp-bulk,2026-05-31 21:45:49.525836+00:00,3213851,KARAKURT BARAJI ve HES(BİLSEV),15500,2026-05-31T08:00:00+03:00,08:00
40W0000032138519,KARAKURT BARAJI ve HES(BİLSEV),unknown,2026-05-31 09:00:00+03:00,,37.8,chunk_0057.json,POST /v1/generation/data/dpp-bulk,2026-05-31 21:45:49.525836+00:00,3213851,KARAKURT BARAJI ve HES(BİLSEV),15500,2026-05-31T09:00:00+03:00,09:00
40W0000032138519,KARAKURT BARAJI ve HES(BİLSEV),unknown,2026-05-31 10:00:00+03:00,,36.6,chunk_0057.json,POST /v1/generation/data/dpp-bulk,2026-05-31 21:45:49.525836+00:00,3213851,KARAKURT BARAJI ve HES(BİLSEV),15500,2026-05-31T10:00:00+03:00,10:00
40W0000032138519,KARAKURT BARAJI ve HES(BİLSEV),unknown,2026-05-31 11:00:00+03:00,,37.5,chunk_0057.json,POST /v1/generation/data/dpp-bulk,2026-05-31 21:45:49.525836+00:00,3213851,KARAKURT BARAJI ve HES(BİLSEV),15500,2026-05-31T11:00:00+03:00,11:00
40W0000032138519,KARAKURT BARAJI ve HES(BİLSEV),unknown,2026-05-31 12:00:00+03:00,,37.8,chunk_0057.json,POST /v1/generation/data/dpp-bulk,2026-05-31 21:45:49.525836+00:00,3213851,KARAKURT BARAJI ve HES(BİLSEV),15500,2026-05-31T12:00:00+03:00,12:00
40W0000032138519,KARAKURT BARAJI ve HES(BİLSEV),unknown,2026-05-31 13:00:00+03:00,,39.3,chunk_0057.json,POST /v1/generation/data/dpp-bulk,2026-05-31 21:45:49.525836+00:00,3213851,KARAKURT BARAJI ve HES(BİLSEV),15500,2026-05-31T13:00:00+03:00,13:00
40W0000032138519,KARAKURT BARAJI ve HES(BİLSEV),unknown,2026-05-31 14:00:00+03:00,,40.6,chunk_0057.json,POST /v1/generation/data/dpp-bulk,2026-05-31 21:45:49.525836+00:00,3213851,KARAKURT BARAJI ve HES(BİLSEV),15500,2026-05-31T14:00:00+03:00,14:00
40W0000032138519,KARAKURT BARAJI ve HES(BİLSEV),unknown,2026-05-31 15:00:00+03:00,,43.4,chunk_0057.json,POST /v1/generation/data/dpp-bulk,2026-05-31 21:45:49.525836+00:00,3213851,KARAKURT BARAJI ve HES(BİLSEV),15500,2026-05-31T15:00:00+03:00,15:00
40W0000032138519,KARAKURT BARAJI ve HES(BİLSEV),unknown,2026-05-31 16:00:00+03:00,,50.4,chunk_0057.json,POST /v1/generation/data/dpp-bulk,2026-05-31 21:45:49.525836+00:00,3213851,KARAKURT BARAJI ve HES(BİLSEV),15500,2026-05-31T16:00:00+03:00,16:00
40W0000032138519,KARAKURT BARAJI ve HES(BİLSEV),unknown,2026-05-31 17:00:00+03:00,,70.0,chunk_0057.json,POST /v1/generation/data/dpp-bulk,2026-05-31 21:45:49.525836+00:00,3213851,KARAKURT BARAJI ve HES(BİLSEV),15500,2026-05-31T17:00:00+03:00,17:00
40W0000032138519,KARAKURT BARAJI ve HES(BİLSEV),unknown,2026-05-31 18:00:00+03:00,,96.0,chunk_0057.json,POST /v1/generation/data/dpp-bulk,2026-05-31 21:45:49.525836+00:00,3213851,KARAKURT BARAJI ve HES(BİLSEV),15500,2026-05-31T18:00:00+03:00,18:00
40W0000032138519,KARAKURT BARAJI ve HES(BİLSEV),unknown,2026-05-31 19:00:00+03:00,,96.0,chunk_0057.json,POST /v1/generation/data/dpp-bulk,2026-05-31 21:45:49.525836+00:00,3213851,KARAKURT BARAJI ve HES(BİLSEV),15500,2026-05-31T19:00:00+03:00,19:00
40W0000032138519,KARAKURT BARAJI ve HES(BİLSEV),unknown,2026-05-31 20:00:00+03:00,,96.0,chunk_0057.json,POST /v1/generation/data/dpp-bulk,2026-05-31 21:45:49.525836+00:00,3213851,KARAKURT BARAJI ve HES(BİLSEV),15500,2026-05-31T20:00:00+03:00,20:00
40W0000032138519,KARAKURT BARAJI ve HES(BİLSEV),unknown,2026-05-31 21:00:00+03:00,,96.0,chunk_0057.json,POST /v1/generation/data/dpp-bulk,2026-05-31 21:45:49.525836+00:00,3213851,KARAKURT BARAJI ve HES(BİLSEV),15500,2026-05-31T21:00:00+03:00,21:00
40W0000032138519,KARAKURT BARAJI ve HES(BİLSEV),unknown,2026-05-31 22:00:00+03:00,,96.0,chunk_0057.json,POST /v1/generation/data/dpp-bulk,2026-05-31 21:45:49.525836+00:00,3213851,KARAKURT BARAJI ve HES(BİLSEV),15500,2026-05-31T22:00:00+03:00,22:00
40W0000032138519,KARAKURT BARAJI ve HES(BİLSEV),unknown,2026-05-31 23:00:00+03:00,,96.0,chunk_0057.json,POST /v1/generation/data/dpp-bulk,2026-05-31 21:45:49.525836+00:00,3213851,KARAKURT BARAJI ve HES(BİLSEV),15500,2026-05-31T23:00:00+03:00,23:00
40W000003214071U,MANİSA BİYOKÜTLE TESİSİ,unknown,2026-05-31 00:00:00+03:00,,14.5,chunk_0057.json,POST /v1/generation/data/dpp-bulk,2026-05-31 21:45:49.525836+00:00,3214071,MANİSA BİYOKÜTLE TESİSİ,15520,2026-05-31T00:00:00+03:00,00:00
40W000003214071U,MANİSA BİYOKÜTLE TESİSİ,unknown,2026-05-31 01:00:00+03:00,,14.5,chunk_0057.json,POST /v1/generation/data/dpp-bulk,2026-05-31 21:45:49.525836+00:00,3214071,MANİSA BİYOKÜTLE TESİSİ,15520,2026-05-31T01:00:00+03:00,01:00
40W000003214071U,MANİSA BİYOKÜTLE TESİSİ,unknown,2026-05-31 02:00:00+03:00,,14.5,chunk_0057.json,POST /v1/generation/data/dpp-bulk,2026-05-31 21:45:49.525836+00:00,3214071,MANİSA BİYOKÜTLE TESİSİ,15520,2026-05-31T02:00:00+03:00,02:00
40W000003214071U,MANİSA BİYOKÜTLE TESİSİ,unknown,2026-05-31 03:00:00+03:00,,14.5,chunk_0057.json,POST /v1/generation/data/dpp-bulk,2026-05-31 21:45:49.525836+00:00,3214071,MANİSA BİYOKÜTLE TESİSİ,15520,2026-05-31T03:00:00+03:00,03:00
40W000003214071U,MANİSA BİYOKÜTLE TESİSİ,unknown,2026-05-31 04:00:00+03:00,,14.5,chunk_0057.json,POST /v1/generation/data/dpp-bulk,2026-05-31 21:45:49.525836+00:00,3214071,MANİSA BİYOKÜTLE TESİSİ,15520,2026-05-31T04:00:00+03:00,04:00
40W000003214071U,MANİSA BİYOKÜTLE TESİSİ,unknown,2026-05-31 05:00:00+03:00,,14.5,chunk_0057.json,POST /v1/generation/data/dpp-bulk,2026-05-31 21:45:49.525836+00:00,3214071,MANİSA BİYOKÜTLE TESİSİ,15520,2026-05-31T05:00:00+03:00,05:00
40W000003214071U,MANİSA BİYOKÜTLE TESİSİ,unknown,2026-05-31 06:00:00+03:00,,14.5,chunk_0057.json,POST /v1/generation/data/dpp-bulk,2026-05-31 21:45:49.525836+00:00,3214071,MANİSA BİYOKÜTLE TESİSİ,15520,2026-05-31T06:00:00+03:00,06:00
40W000003214071U,MANİSA BİYOKÜTLE TESİSİ,unknown,2026-05-31 07:00:00+03:00,,14.5,chunk_0057.json,POST /v1/generation/data/dpp-bulk,2026-05-31 21:45:49.525836+00:00,3214071,MANİSA BİYOKÜTLE TESİSİ,15520,2026-05-31T07:00:00+03:00,07:00
40W000003214071U,MANİSA BİYOKÜTLE TESİSİ,unknown,2026-05-31 08:00:00+03:00,,14.5,chunk_0057.json,POST /v1/generation/data/dpp-bulk,2026-05-31 21:45:49.525836+00:00,3214071,MANİSA BİYOKÜTLE TESİSİ,15520,2026-05-31T08:00:00+03:00,08:00
40W000003214071U,MANİSA BİYOKÜTLE TESİSİ,unknown,2026-05-31 09:00:00+03:00,,14.5,chunk_0057.json,POST /v1/generation/data/dpp-bulk,2026-05-31 21:45:49.525836+00:00,3214071,MANİSA BİYOKÜTLE TESİSİ,15520,2026-05-31T09:00:00+03:00,09:00
40W000003214071U,MANİSA BİYOKÜTLE TESİSİ,unknown,2026-05-31 10:00:00+03:00,,14.5,chunk_0057.json,POST /v1/generation/data/dpp-bulk,2026-05-31 21:45:49.525836+00:00,3214071,MANİSA BİYOKÜTLE TESİSİ,15520,2026-05-31T10:00:00+03:00,10:00
40W000003214071U,MANİSA BİYOKÜTLE TESİSİ,unknown,2026-05-31 11:00:00+03:00,,14.5,chunk_0057.json,POST /v1/generation/data/dpp-bulk,2026-05-31 21:45:49.525836+00:00,3214071,MANİSA BİYOKÜTLE TESİSİ,15520,2026-05-31T11:00:00+03:00,11:00
40W000003214071U,MANİSA BİYOKÜTLE TESİSİ,unknown,2026-05-31 12:00:00+03:00,,14.5,chunk_0057.json,POST /v1/generation/data/dpp-bulk,2026-05-31 21:45:49.525836+00:00,3214071,MANİSA BİYOKÜTLE TESİSİ,15520,2026-05-31T12:00:00+03:00,12:00
40W000003214071U,MANİSA BİYOKÜTLE TESİSİ,unknown,2026-05-31 13:00:00+03:00,,14.5,chunk_0057.json,POST /v1/generation/data/dpp-bulk,2026-05-31 21:45:49.525836+00:00,3214071,MANİSA BİYOKÜTLE TESİSİ,15520,2026-05-31T13:00:00+03:00,13:00
40W000003214071U,MANİSA BİYOKÜTLE TESİSİ,unknown,2026-05-31 14:00:00+03:00,,14.5,chunk_0057.json,POST /v1/generation/data/dpp-bulk,2026-05-31 21:45:49.525836+00:00,3214071,MANİSA BİYOKÜTLE TESİSİ,15520,2026-05-31T14:00:00+03:00,14:00
40W000003214071U,MANİSA BİYOKÜTLE TESİSİ,unknown,2026-05-31 15:00:00+03:00,,14.5,chunk_0057.json,POST /v1/generation/data/dpp-bulk,2026-05-31 21:45:49.525836+00:00,3214071,MANİSA BİYOKÜTLE TESİSİ,15520,2026-05-31T15:00:00+03:00,15:00
40W000003214071U,MANİSA BİYOKÜTLE TESİSİ,unknown,2026-05-31 16:00:00+03:00,,14.5,chunk_0057.json,POST /v1/generation/data/dpp-bulk,2026-05-31 21:45:49.525836+00:00,3214071,MANİSA BİYOKÜTLE TESİSİ,15520,2026-05-31T16:00:00+03:00,16:00
40W000003214071U,MANİSA BİYOKÜTLE TESİSİ,unknown,2026-05-31 17:00:00+03:00,,14.5,chunk_0057.json,POST /v1/generation/data/dpp-bulk,2026-05-31 21:45:49.525836+00:00,3214071,MANİSA BİYOKÜTLE TESİSİ,15520,2026-05-31T17:00:00+03:00,17:00
40W000003214071U,MANİSA BİYOKÜTLE TESİSİ,unknown,2026-05-31 18:00:00+03:00,,14.5,chunk_0057.json,POST /v1/generation/data/dpp-bulk,2026-05-31 21:45:49.525836+00:00,3214071,MANİSA BİYOKÜTLE TESİSİ,15520,2026-05-31T18:00:00+03:00,18:00
40W000003214071U,MANİSA BİYOKÜTLE TESİSİ,unknown,2026-05-31 19:00:00+03:00,,14.5,chunk_0057.json,POST /v1/generation/data/dpp-bulk,2026-05-31 21:45:49.525836+00:00,3214071,MANİSA BİYOKÜTLE TESİSİ,15520,2026-05-31T19:00:00+03:00,19:00
40W000003214071U,MANİSA BİYOKÜTLE TESİSİ,unknown,2026-05-31 20:00:00+03:00,,14.5,chunk_0057.json,POST /v1/generation/data/dpp-bulk,2026-05-31 21:45:49.525836+00:00,3214071,MANİSA BİYOKÜTLE TESİSİ,15520,2026-05-31T20:00:00+03:00,20:00
40W000003214071U,MANİSA BİYOKÜTLE TESİSİ,unknown,2026-05-31 21:00:00+03:00,,14.5,chunk_0057.json,POST /v1/generation/data/dpp-bulk,2026-05-31 21:45:49.525836+00:00,3214071,MANİSA BİYOKÜTLE TESİSİ,15520,2026-05-31T21:00:00+03:00,21:00
40W000003214071U,MANİSA BİYOKÜTLE TESİSİ,unknown,2026-05-31 22:00:00+03:00,,14.5,chunk_0057.json,POST /v1/generation/data/dpp-bulk,2026-05-31 21:45:49.525836+00:00,3214071,MANİSA BİYOKÜTLE TESİSİ,15520,2026-05-31T22:00:00+03:00,22:00
40W000003214071U,MANİSA BİYOKÜTLE TESİSİ,unknown,2026-05-31 23:00:00+03:00,,14.5,chunk_0057.json,POST /v1/generation/data/dpp-bulk,2026-05-31 21:45:49.525836+00:00,3214071,MANİSA BİYOKÜTLE TESİSİ,15520,2026-05-31T23:00:00+03:00,23:00
40W000003213991U,MARDİN BİOGAZ TESİSİ,unknown,2026-05-31 00:00:00+03:00,,2.0,chunk_0057.json,POST /v1/generation/data/dpp-bulk,2026-05-31 21:45:49.525836+00:00,3213991,MARDİN BİOGAZ TESİSİ,15521,2026-05-31T00:00:00+03:00,00:00
40W000003213991U,MARDİN BİOGAZ TESİSİ,unknown,2026-05-31 01:00:00+03:00,,2.0,chunk_0057.json,POST /v1/generation/data/dpp-bulk,2026-05-31 21:45:49.525836+00:00,3213991,MARDİN BİOGAZ TESİSİ,15521,2026-05-31T01:00:00+03:00,01:00
40W000003213991U,MARDİN BİOGAZ TESİSİ,unknown,2026-05-31 02:00:00+03:00,,2.0,chunk_0057.json,POST /v1/generation/data/dpp-bulk,2026-05-31 21:45:49.525836+00:00,3213991,MARDİN BİOGAZ TESİSİ,15521,2026-05-31T02:00:00+03:00,02:00
40W000003213991U,MARDİN BİOGAZ TESİSİ,unknown,2026-05-31 03:00:00+03:00,,2.0,chunk_0057.json,POST /v1/generation/data/dpp-bulk,2026-05-31 21:45:49.525836+00:00,3213991,MARDİN BİOGAZ TESİSİ,15521,2026-05-31T03:00:00+03:00,03:00
40W000003213991U,MARDİN BİOGAZ TESİSİ,unknown,2026-05-31 04:00:00+03:00,,2.0,chunk_0057.json,POST /v1/generation/data/dpp-bulk,2026-05-31 21:45:49.525836+00:00,3213991,MARDİN BİOGAZ TESİSİ,15521,2026-05-31T04:00:00+03:00,04:00
40W000003213991U,MARDİN BİOGAZ TESİSİ,unknown,2026-05-31 05:00:00+03:00,,2.0,chunk_0057.json,POST /v1/generation/data/dpp-bulk,2026-05-31 21:45:49.525836+00:00,3213991,MARDİN BİOGAZ TESİSİ,15521,2026-05-31T05:00:00+03:00,05:00
40W000003213991U,MARDİN BİOGAZ TESİSİ,unknown,2026-05-31 06:00:00+03:00,,2.0,chunk_0057.json,POST /v1/generation/data/dpp-bulk,2026-05-31 21:45:49.525836+00:00,3213991,MARDİN BİOGAZ TESİSİ,15521,2026-05-31T06:00:00+03:00,06:00
40W000003213991U,MARDİN BİOGAZ TESİSİ,unknown,2026-05-31 07:00:00+03:00,,2.0,chunk_0057.json,POST /v1/generation/data/dpp-bulk,2026-05-31 21:45:49.525836+00:00,3213991,MARDİN BİOGAZ TESİSİ,15521,2026-05-31T07:00:00+03:00,07:00
40W000003213991U,MARDİN BİOGAZ TESİSİ,unknown,2026-05-31 08:00:00+03:00,,2.0,chunk_0057.json,POST /v1/generation/data/dpp-bulk,2026-05-31 21:45:49.525836+00:00,3213991,MARDİN BİOGAZ TESİSİ,15521,2026-05-31T08:00:00+03:00,08:00
40W000003213991U,MARDİN BİOGAZ TESİSİ,unknown,2026-05-31 09:00:00+03:00,,2.0,chunk_0057.json,POST /v1/generation/data/dpp-bulk,2026-05-31 21:45:49.525836+00:00,3213991,MARDİN BİOGAZ TESİSİ,15521,2026-05-31T09:00:00+03:00,09:00
40W000003213991U,MARDİN BİOGAZ TESİSİ,unknown,2026-05-31 10:00:00+03:00,,2.0,chunk_0057.json,POST /v1/generation/data/dpp-bulk,2026-05-31 21:45:49.525836+00:00,3213991,MARDİN BİOGAZ TESİSİ,15521,2026-05-31T10:00:00+03:00,10:00
40W000003213991U,MARDİN BİOGAZ TESİSİ,unknown,2026-05-31 11:00:00+03:00,,2.0,chunk_0057.json,POST /v1/generation/data/dpp-bulk,2026-05-31 21:45:49.525836+00:00,3213991,MARDİN BİOGAZ TESİSİ,15521,2026-05-31T11:00:00+03:00,11:00
40W000003213991U,MARDİN BİOGAZ TESİSİ,unknown,2026-05-31 12:00:00+03:00,,2.0,chunk_0057.json,POST /v1/generation/data/dpp-bulk,2026-05-31 21:45:49.525836+00:00,3213991,MARDİN BİOGAZ TESİSİ,15521,2026-05-31T12:00:00+03:00,12:00
40W000003213991U,MARDİN BİOGAZ TESİSİ,unknown,2026-05-31 13:00:00+03:00,,2.0,chunk_0057.json,POST /v1/generation/data/dpp-bulk,2026-05-31 21:45:49.525836+00:00,3213991,MARDİN BİOGAZ TESİSİ,15521,2026-05-31T13:00:00+03:00,13:00
40W000003213991U,MARDİN BİOGAZ TESİSİ,unknown,2026-05-31 14:00:00+03:00,,2.0,chunk_0057.json,POST /v1/generation/data/dpp-bulk,2026-05-31 21:45:49.525836+00:00,3213991,MARDİN BİOGAZ TESİSİ,15521,2026-05-31T14:00:00+03:00,14:00
40W000003213991U,MARDİN BİOGAZ TESİSİ,unknown,2026-05-31 15:00:00+03:00,,2.0,chunk_0057.json,POST /v1/generation/data/dpp-bulk,2026-05-31 21:45:49.525836+00:00,3213991,MARDİN BİOGAZ TESİSİ,15521,2026-05-31T15:00:00+03:00,15:00
40W000003213991U,MARDİN BİOGAZ TESİSİ,unknown,2026-05-31 16:00:00+03:00,,2.0,chunk_0057.json,POST /v1/generation/data/dpp-bulk,2026-05-31 21:45:49.525836+00:00,3213991,MARDİN BİOGAZ TESİSİ,15521,2026-05-31T16:00:00+03:00,16:00
40W000003213991U,MARDİN BİOGAZ TESİSİ,unknown,2026-05-31 17:00:00+03:00,,2.0,chunk_0057.json,POST /v1/generation/data/dpp-bulk,2026-05-31 21:45:49.525836+00:00,3213991,MARDİN BİOGAZ TESİSİ,15521,2026-05-31T17:00:00+03:00,17:00
40W000003213991U,MARDİN BİOGAZ TESİSİ,unknown,2026-05-31 18:00:00+03:00,,2.0,chunk_0057.json,POST /v1/generation/data/dpp-bulk,2026-05-31 21:45:49.525836+00:00,3213991,MARDİN BİOGAZ TESİSİ,15521,2026-05-31T18:00:00+03:00,18:00
40W000003213991U,MARDİN BİOGAZ TESİSİ,unknown,2026-05-31 19:00:00+03:00,,2.0,chunk_0057.json,POST /v1/generation/data/dpp-bulk,2026-05-31 21:45:49.525836+00:00,3213991,MARDİN BİOGAZ TESİSİ,15521,2026-05-31T19:00:00+03:00,19:00
40W000003213991U,MARDİN BİOGAZ TESİSİ,unknown,2026-05-31 20:00:00+03:00,,2.0,chunk_0057.json,POST /v1/generation/data/dpp-bulk,2026-05-31 21:45:49.525836+00:00,3213991,MARDİN BİOGAZ TESİSİ,15521,2026-05-31T20:00:00+03:00,20:00
40W000003213991U,MARDİN BİOGAZ TESİSİ,unknown,2026-05-31 21:00:00+03:00,,2.0,chunk_0057.json,POST /v1/generation/data/dpp-bulk,2026-05-31 21:45:49.525836+00:00,3213991,MARDİN BİOGAZ TESİSİ,15521,2026-05-31T21:00:00+03:00,21:00
40W000003213991U,MARDİN BİOGAZ TESİSİ,unknown,2026-05-31 22:00:00+03:00,,2.0,chunk_0057.json,POST /v1/generation/data/dpp-bulk,2026-05-31 21:45:49.525836+00:00,3213991,MARDİN BİOGAZ TESİSİ,15521,2026-05-31T22:00:00+03:00,22:00
40W000003213991U,MARDİN BİOGAZ TESİSİ,unknown,2026-05-31 23:00:00+03:00,,2.0,chunk_0057.json,POST /v1/generation/data/dpp-bulk,2026-05-31 21:45:49.525836+00:00,3213991,MARDİN BİOGAZ TESİSİ,15521,2026-05-31T23:00:00+03:00,23:00
40W000003214070W,ATIK ÇEVRE KEŞAN BİYOKÜTLE TESİSİ,unknown,2026-05-31 00:00:00+03:00,,0.0,chunk_0057.json,POST /v1/generation/data/dpp-bulk,2026-05-31 21:45:49.525836+00:00,3214070,ATIK ÇEVRE KEŞAN BİYOKÜTLE TESİSİ,15639,2026-05-31T00:00:00+03:00,00:00
40W000003214070W,ATIK ÇEVRE KEŞAN BİYOKÜTLE TESİSİ,unknown,2026-05-31 01:00:00+03:00,,0.0,chunk_0057.json,POST /v1/generation/data/dpp-bulk,2026-05-31 21:45:49.525836+00:00,3214070,ATIK ÇEVRE KEŞAN BİYOKÜTLE TESİSİ,15639,2026-05-31T01:00:00+03:00,01:00
40W000003214070W,ATIK ÇEVRE KEŞAN BİYOKÜTLE TESİSİ,unknown,2026-05-31 02:00:00+03:00,,0.0,chunk_0057.json,POST /v1/generation/data/dpp-bulk,2026-05-31 21:45:49.525836+00:00,3214070,ATIK ÇEVRE KEŞAN BİYOKÜTLE TESİSİ,15639,2026-05-31T02:00:00+03:00,02:00
40W000003214070W,ATIK ÇEVRE KEŞAN BİYOKÜTLE TESİSİ,unknown,2026-05-31 03:00:00+03:00,,0.0,chunk_0057.json,POST /v1/generation/data/dpp-bulk,2026-05-31 21:45:49.525836+00:00,3214070,ATIK ÇEVRE KEŞAN BİYOKÜTLE TESİSİ,15639,2026-05-31T03:00:00+03:00,03:00
40W000003214070W,ATIK ÇEVRE KEŞAN BİYOKÜTLE TESİSİ,unknown,2026-05-31 04:00:00+03:00,,0.0,chunk_0057.json,POST /v1/generation/data/dpp-bulk,2026-05-31 21:45:49.525836+00:00,3214070,ATIK ÇEVRE KEŞAN BİYOKÜTLE TESİSİ,15639,2026-05-31T04:00:00+03:00,04:00
40W000003214070W,ATIK ÇEVRE KEŞAN BİYOKÜTLE TESİSİ,unknown,2026-05-31 05:00:00+03:00,,0.0,chunk_0057.json,POST /v1/generation/data/dpp-bulk,2026-05-31 21:45:49.525836+00:00,3214070,ATIK ÇEVRE KEŞAN BİYOKÜTLE TESİSİ,15639,2026-05-31T05:00:00+03:00,05:00
40W000003214070W,ATIK ÇEVRE KEŞAN BİYOKÜTLE TESİSİ,unknown,2026-05-31 06:00:00+03:00,,0.0,chunk_0057.json,POST /v1/generation/data/dpp-bulk,2026-05-31 21:45:49.525836+00:00,3214070,ATIK ÇEVRE KEŞAN BİYOKÜTLE TESİSİ,15639,2026-05-31T06:00:00+03:00,06:00
40W000003214070W,ATIK ÇEVRE KEŞAN BİYOKÜTLE TESİSİ,unknown,2026-05-31 07:00:00+03:00,,0.0,chunk_0057.json,POST /v1/generation/data/dpp-bulk,2026-05-31 21:45:49.525836+00:00,3214070,ATIK ÇEVRE KEŞAN BİYOKÜTLE TESİSİ,15639,2026-05-31T07:00:00+03:00,07:00
40W000003214070W,ATIK ÇEVRE KEŞAN BİYOKÜTLE TESİSİ,unknown,2026-05-31 08:00:00+03:00,,0.3,chunk_0057.json,POST /v1/generation/data/dpp-bulk,2026-05-31 21:45:49.525836+00:00,3214070,ATIK ÇEVRE KEŞAN BİYOKÜTLE TESİSİ,15639,2026-05-31T08:00:00+03:00,08:00
40W000003214070W,ATIK ÇEVRE KEŞAN BİYOKÜTLE TESİSİ,unknown,2026-05-31 09:00:00+03:00,,0.9,chunk_0057.json,POST /v1/generation/data/dpp-bulk,2026-05-31 21:45:49.525836+00:00,3214070,ATIK ÇEVRE KEŞAN BİYOKÜTLE TESİSİ,15639,2026-05-31T09:00:00+03:00,09:00
40W000003214070W,ATIK ÇEVRE KEŞAN BİYOKÜTLE TESİSİ,unknown,2026-05-31 10:00:00+03:00,,0.9,chunk_0057.json,POST /v1/generation/data/dpp-bulk,2026-05-31 21:45:49.525836+00:00,3214070,ATIK ÇEVRE KEŞAN BİYOKÜTLE TESİSİ,15639,2026-05-31T10:00:00+03:00,10:00
40W000003214070W,ATIK ÇEVRE KEŞAN BİYOKÜTLE TESİSİ,unknown,2026-05-31 11:00:00+03:00,,0.9,chunk_0057.json,POST /v1/generation/data/dpp-bulk,2026-05-31 21:45:49.525836+00:00,3214070,ATIK ÇEVRE KEŞAN BİYOKÜTLE TESİSİ,15639,2026-05-31T11:00:00+03:00,11:00
40W000003214070W,ATIK ÇEVRE KEŞAN BİYOKÜTLE TESİSİ,unknown,2026-05-31 12:00:00+03:00,,0.9,chunk_0057.json,POST /v1/generation/data/dpp-bulk,2026-05-31 21:45:49.525836+00:00,3214070,ATIK ÇEVRE KEŞAN BİYOKÜTLE TESİSİ,15639,2026-05-31T12:00:00+03:00,12:00
40W000003214070W,ATIK ÇEVRE KEŞAN BİYOKÜTLE TESİSİ,unknown,2026-05-31 13:00:00+03:00,,0.9,chunk_0057.json,POST /v1/generation/data/dpp-bulk,2026-05-31 21:45:49.525836+00:00,3214070,ATIK ÇEVRE KEŞAN BİYOKÜTLE TESİSİ,15639,2026-05-31T13:00:00+03:00,13:00
40W000003214070W,ATIK ÇEVRE KEŞAN BİYOKÜTLE TESİSİ,unknown,2026-05-31 14:00:00+03:00,,0.9,chunk_0057.json,POST /v1/generation/data/dpp-bulk,2026-05-31 21:45:49.525836+00:00,3214070,ATIK ÇEVRE KEŞAN BİYOKÜTLE TESİSİ,15639,2026-05-31T14:00:00+03:00,14:00
40W000003214070W,ATIK ÇEVRE KEŞAN BİYOKÜTLE TESİSİ,unknown,2026-05-31 15:00:00+03:00,,0.9,chunk_0057.json,POST /v1/generation/data/dpp-bulk,2026-05-31 21:45:49.525836+00:00,3214070,ATIK ÇEVRE KEŞAN BİYOKÜTLE TESİSİ,15639,2026-05-31T15:00:00+03:00,15:00
40W000003214070W,ATIK ÇEVRE KEŞAN BİYOKÜTLE TESİSİ,unknown,2026-05-31 16:00:00+03:00,,0.9,chunk_0057.json,POST /v1/generation/data/dpp-bulk,2026-05-31 21:45:49.525836+00:00,3214070,ATIK ÇEVRE KEŞAN BİYOKÜTLE TESİSİ,15639,2026-05-31T16:00:00+03:00,16:00
40W000003214070W,ATIK ÇEVRE KEŞAN BİYOKÜTLE TESİSİ,unknown,2026-05-31 17:00:00+03:00,,0.9,chunk_0057.json,POST /v1/generation/data/dpp-bulk,2026-05-31 21:45:49.525836+00:00,3214070,ATIK ÇEVRE KEŞAN BİYOKÜTLE TESİSİ,15639,2026-05-31T17:00:00+03:00,17:00
40W000003214070W,ATIK ÇEVRE KEŞAN BİYOKÜTLE TESİSİ,unknown,2026-05-31 18:00:00+03:00,,0.9,chunk_0057.json,POST /v1/generation/data/dpp-bulk,2026-05-31 21:45:49.525836+00:00,3214070,ATIK ÇEVRE KEŞAN BİYOKÜTLE TESİSİ,15639,2026-05-31T18:00:00+03:00,18:00
40W000003214070W,ATIK ÇEVRE KEŞAN BİYOKÜTLE TESİSİ,unknown,2026-05-31 19:00:00+03:00,,0.9,chunk_0057.json,POST /v1/generation/data/dpp-bulk,2026-05-31 21:45:49.525836+00:00,3214070,ATIK ÇEVRE KEŞAN BİYOKÜTLE TESİSİ,15639,2026-05-31T19:00:00+03:00,19:00
40W000003214070W,ATIK ÇEVRE KEŞAN BİYOKÜTLE TESİSİ,unknown,2026-05-31 20:00:00+03:00,,0.2,chunk_0057.json,POST /v1/generation/data/dpp-bulk,2026-05-31 21:45:49.525836+00:00,3214070,ATIK ÇEVRE KEŞAN BİYOKÜTLE TESİSİ,15639,2026-05-31T20:00:00+03:00,20:00
40W000003214070W,ATIK ÇEVRE KEŞAN BİYOKÜTLE TESİSİ,unknown,2026-05-31 21:00:00+03:00,,0.0,chunk_0057.json,POST /v1/generation/data/dpp-bulk,2026-05-31 21:45:49.525836+00:00,3214070,ATIK ÇEVRE KEŞAN BİYOKÜTLE TESİSİ,15639,2026-05-31T21:00:00+03:00,21:00
40W000003214070W,ATIK ÇEVRE KEŞAN BİYOKÜTLE TESİSİ,unknown,2026-05-31 22:00:00+03:00,,0.0,chunk_0057.json,POST /v1/generation/data/dpp-bulk,2026-05-31 21:45:49.525836+00:00,3214070,ATIK ÇEVRE KEŞAN BİYOKÜTLE TESİSİ,15639,2026-05-31T22:00:00+03:00,22:00
40W000003214070W,ATIK ÇEVRE KEŞAN BİYOKÜTLE TESİSİ,unknown,2026-05-31 23:00:00+03:00,,0.0,chunk_0057.json,POST /v1/generation/data/dpp-bulk,2026-05-31 21:45:49.525836+00:00,3214070,ATIK ÇEVRE KEŞAN BİYOKÜTLE TESİSİ,15639,2026-05-31T23:00:00+03:00,23:00
40W000003213849X,BERGAMA ÇÖP GAZ ELEKTRİK ÜRETİM TESİSİ.,unknown,2026-05-31 00:00:00+03:00,,6.5,chunk_0057.json,POST /v1/generation/data/dpp-bulk,2026-05-31 21:45:49.525836+00:00,3213849,BERGAMA ÇÖP GAZ ELEKTRİK ÜRETİM TESİSİ.,103201,2026-05-31T00:00:00+03:00,00:00
40W000003213849X,BERGAMA ÇÖP GAZ ELEKTRİK ÜRETİM TESİSİ.,unknown,2026-05-31 01:00:00+03:00,,6.5,chunk_0057.json,POST /v1/generation/data/dpp-bulk,2026-05-31 21:45:49.525836+00:00,3213849,BERGAMA ÇÖP GAZ ELEKTRİK ÜRETİM TESİSİ.,103201,2026-05-31T01:00:00+03:00,01:00
40W000003213849X,BERGAMA ÇÖP GAZ ELEKTRİK ÜRETİM TESİSİ.,unknown,2026-05-31 02:00:00+03:00,,6.5,chunk_0057.json,POST /v1/generation/data/dpp-bulk,2026-05-31 21:45:49.525836+00:00,3213849,BERGAMA ÇÖP GAZ ELEKTRİK ÜRETİM TESİSİ.,103201,2026-05-31T02:00:00+03:00,02:00
40W000003213849X,BERGAMA ÇÖP GAZ ELEKTRİK ÜRETİM TESİSİ.,unknown,2026-05-31 03:00:00+03:00,,6.5,chunk_0057.json,POST /v1/generation/data/dpp-bulk,2026-05-31 21:45:49.525836+00:00,3213849,BERGAMA ÇÖP GAZ ELEKTRİK ÜRETİM TESİSİ.,103201,2026-05-31T03:00:00+03:00,03:00
40W000003213849X,BERGAMA ÇÖP GAZ ELEKTRİK ÜRETİM TESİSİ.,unknown,2026-05-31 04:00:00+03:00,,6.5,chunk_0057.json,POST /v1/generation/data/dpp-bulk,2026-05-31 21:45:49.525836+00:00,3213849,BERGAMA ÇÖP GAZ ELEKTRİK ÜRETİM TESİSİ.,103201,2026-05-31T04:00:00+03:00,04:00
40W000003213849X,BERGAMA ÇÖP GAZ ELEKTRİK ÜRETİM TESİSİ.,unknown,2026-05-31 05:00:00+03:00,,6.5,chunk_0057.json,POST /v1/generation/data/dpp-bulk,2026-05-31 21:45:49.525836+00:00,3213849,BERGAMA ÇÖP GAZ ELEKTRİK ÜRETİM TESİSİ.,103201,2026-05-31T05:00:00+03:00,05:00
40W000003213849X,BERGAMA ÇÖP GAZ ELEKTRİK ÜRETİM TESİSİ.,unknown,2026-05-31 06:00:00+03:00,,6.5,chunk_0057.json,POST /v1/generation/data/dpp-bulk,2026-05-31 21:45:49.525836+00:00,3213849,BERGAMA ÇÖP GAZ ELEKTRİK ÜRETİM TESİSİ.,103201,2026-05-31T06:00:00+03:00,06:00
40W000003213849X,BERGAMA ÇÖP GAZ ELEKTRİK ÜRETİM TESİSİ.,unknown,2026-05-31 07:00:00+03:00,,6.5,chunk_0057.json,POST /v1/generation/data/dpp-bulk,2026-05-31 21:45:49.525836+00:00,3213849,BERGAMA ÇÖP GAZ ELEKTRİK ÜRETİM TESİSİ.,103201,2026-05-31T07:00:00+03:00,07:00
40W000003213849X,BERGAMA ÇÖP GAZ ELEKTRİK ÜRETİM TESİSİ.,unknown,2026-05-31 08:00:00+03:00,,6.5,chunk_0057.json,POST /v1/generation/data/dpp-bulk,2026-05-31 21:45:49.525836+00:00,3213849,BERGAMA ÇÖP GAZ ELEKTRİK ÜRETİM TESİSİ.,103201,2026-05-31T08:00:00+03:00,08:00
40W000003213849X,BERGAMA ÇÖP GAZ ELEKTRİK ÜRETİM TESİSİ.,unknown,2026-05-31 09:00:00+03:00,,6.5,chunk_0057.json,POST /v1/generation/data/dpp-bulk,2026-05-31 21:45:49.525836+00:00,3213849,BERGAMA ÇÖP GAZ ELEKTRİK ÜRETİM TESİSİ.,103201,2026-05-31T09:00:00+03:00,09:00
40W000003213849X,BERGAMA ÇÖP GAZ ELEKTRİK ÜRETİM TESİSİ.,unknown,2026-05-31 10:00:00+03:00,,6.5,chunk_0057.json,POST /v1/generation/data/dpp-bulk,2026-05-31 21:45:49.525836+00:00,3213849,BERGAMA ÇÖP GAZ ELEKTRİK ÜRETİM TESİSİ.,103201,2026-05-31T10:00:00+03:00,10:00
40W000003213849X,BERGAMA ÇÖP GAZ ELEKTRİK ÜRETİM TESİSİ.,unknown,2026-05-31 11:00:00+03:00,,6.5,chunk_0057.json,POST /v1/generation/data/dpp-bulk,2026-05-31 21:45:49.525836+00:00,3213849,BERGAMA ÇÖP GAZ ELEKTRİK ÜRETİM TESİSİ.,103201,2026-05-31T11:00:00+03:00,11:00
40W000003213849X,BERGAMA ÇÖP GAZ ELEKTRİK ÜRETİM TESİSİ.,unknown,2026-05-31 12:00:00+03:00,,6.5,chunk_0057.json,POST /v1/generation/data/dpp-bulk,2026-05-31 21:45:49.525836+00:00,3213849,BERGAMA ÇÖP GAZ ELEKTRİK ÜRETİM TESİSİ.,103201,2026-05-31T12:00:00+03:00,12:00
40W000003213849X,BERGAMA ÇÖP GAZ ELEKTRİK ÜRETİM TESİSİ.,unknown,2026-05-31 13:00:00+03:00,,6.5,chunk_0057.json,POST /v1/generation/data/dpp-bulk,2026-05-31 21:45:49.525836+00:00,3213849,BERGAMA ÇÖP GAZ ELEKTRİK ÜRETİM TESİSİ.,103201,2026-05-31T13:00:00+03:00,13:00
40W000003213849X,BERGAMA ÇÖP GAZ ELEKTRİK ÜRETİM TESİSİ.,unknown,2026-05-31 14:00:00+03:00,,6.5,chunk_0057.json,POST /v1/generation/data/dpp-bulk,2026-05-31 21:45:49.525836+00:00,3213849,BERGAMA ÇÖP GAZ ELEKTRİK ÜRETİM TESİSİ.,103201,2026-05-31T14:00:00+03:00,14:00
40W000003213849X,BERGAMA ÇÖP GAZ ELEKTRİK ÜRETİM TESİSİ.,unknown,2026-05-31 15:00:00+03:00,,6.5,chunk_0057.json,POST /v1/generation/data/dpp-bulk,2026-05-31 21:45:49.525836+00:00,3213849,BERGAMA ÇÖP GAZ ELEKTRİK ÜRETİM TESİSİ.,103201,2026-05-31T15:00:00+03:00,15:00
40W000003213849X,BERGAMA ÇÖP GAZ ELEKTRİK ÜRETİM TESİSİ.,unknown,2026-05-31 16:00:00+03:00,,6.5,chunk_0057.json,POST /v1/generation/data/dpp-bulk,2026-05-31 21:45:49.525836+00:00,3213849,BERGAMA ÇÖP GAZ ELEKTRİK ÜRETİM TESİSİ.,103201,2026-05-31T16:00:00+03:00,16:00
40W000003213849X,BERGAMA ÇÖP GAZ ELEKTRİK ÜRETİM TESİSİ.,unknown,2026-05-31 17:00:00+03:00,,6.5,chunk_0057.json,POST /v1/generation/data/dpp-bulk,2026-05-31 21:45:49.525836+00:00,3213849,BERGAMA ÇÖP GAZ ELEKTRİK ÜRETİM TESİSİ.,103201,2026-05-31T17:00:00+03:00,17:00
40W000003213849X,BERGAMA ÇÖP GAZ ELEKTRİK ÜRETİM TESİSİ.,unknown,2026-05-31 18:00:00+03:00,,6.5,chunk_0057.json,POST /v1/generation/data/dpp-bulk,2026-05-31 21:45:49.525836+00:00,3213849,BERGAMA ÇÖP GAZ ELEKTRİK ÜRETİM TESİSİ.,103201,2026-05-31T18:00:00+03:00,18:00
40W000003213849X,BERGAMA ÇÖP GAZ ELEKTRİK ÜRETİM TESİSİ.,unknown,2026-05-31 19:00:00+03:00,,6.5,chunk_0057.json,POST /v1/generation/data/dpp-bulk,2026-05-31 21:45:49.525836+00:00,3213849,BERGAMA ÇÖP GAZ ELEKTRİK ÜRETİM TESİSİ.,103201,2026-05-31T19:00:00+03:00,19:00
40W000003213849X,BERGAMA ÇÖP GAZ ELEKTRİK ÜRETİM TESİSİ.,unknown,2026-05-31 20:00:00+03:00,,6.5,chunk_0057.json,POST /v1/generation/data/dpp-bulk,2026-05-31 21:45:49.525836+00:00,3213849,BERGAMA ÇÖP GAZ ELEKTRİK ÜRETİM TESİSİ.,103201,2026-05-31T20:00:00+03:00,20:00
40W000003213849X,BERGAMA ÇÖP GAZ ELEKTRİK ÜRETİM TESİSİ.,unknown,2026-05-31 21:00:00+03:00,,6.5,chunk_0057.json,POST /v1/generation/data/dpp-bulk,2026-05-31 21:45:49.525836+00:00,3213849,BERGAMA ÇÖP GAZ ELEKTRİK ÜRETİM TESİSİ.,103201,2026-05-31T21:00:00+03:00,21:00
40W000003213849X,BERGAMA ÇÖP GAZ ELEKTRİK ÜRETİM TESİSİ.,unknown,2026-05-31 22:00:00+03:00,,6.5,chunk_0057.json,POST /v1/generation/data/dpp-bulk,2026-05-31 21:45:49.525836+00:00,3213849,BERGAMA ÇÖP GAZ ELEKTRİK ÜRETİM TESİSİ.,103201,2026-05-31T22:00:00+03:00,22:00
40W000003213849X,BERGAMA ÇÖP GAZ ELEKTRİK ÜRETİM TESİSİ.,unknown,2026-05-31 23:00:00+03:00,,6.5,chunk_0057.json,POST /v1/generation/data/dpp-bulk,2026-05-31 21:45:49.525836+00:00,3213849,BERGAMA ÇÖP GAZ ELEKTRİK ÜRETİM TESİSİ.,103201,2026-05-31T23:00:00+03:00,23:00
40W000003213910J,KÜPTEPE RES,unknown,2026-05-31 00:00:00+03:00,,4.88,chunk_0057.json,POST /v1/generation/data/dpp-bulk,2026-05-31 21:45:49.525836+00:00,3213910,KÜPTEPE RES,103261,2026-05-31T00:00:00+03:00,00:00
40W000003213910J,KÜPTEPE RES,unknown,2026-05-31 01:00:00+03:00,,4.38,chunk_0057.json,POST /v1/generation/data/dpp-bulk,2026-05-31 21:45:49.525836+00:00,3213910,KÜPTEPE RES,103261,2026-05-31T01:00:00+03:00,01:00
40W000003213910J,KÜPTEPE RES,unknown,2026-05-31 02:00:00+03:00,,3.66,chunk_0057.json,POST /v1/generation/data/dpp-bulk,2026-05-31 21:45:49.525836+00:00,3213910,KÜPTEPE RES,103261,2026-05-31T02:00:00+03:00,02:00
40W000003213910J,KÜPTEPE RES,unknown,2026-05-31 03:00:00+03:00,,3.33,chunk_0057.json,POST /v1/generation/data/dpp-bulk,2026-05-31 21:45:49.525836+00:00,3213910,KÜPTEPE RES,103261,2026-05-31T03:00:00+03:00,03:00
40W000003213910J,KÜPTEPE RES,unknown,2026-05-31 04:00:00+03:00,,3.43,chunk_0057.json,POST /v1/generation/data/dpp-bulk,2026-05-31 21:45:49.525836+00:00,3213910,KÜPTEPE RES,103261,2026-05-31T04:00:00+03:00,04:00
40W000003213910J,KÜPTEPE RES,unknown,2026-05-31 05:00:00+03:00,,3.81,chunk_0057.json,POST /v1/generation/data/dpp-bulk,2026-05-31 21:45:49.525836+00:00,3213910,KÜPTEPE RES,103261,2026-05-31T05:00:00+03:00,05:00
40W000003213910J,KÜPTEPE RES,unknown,2026-05-31 06:00:00+03:00,,4.2,chunk_0057.json,POST /v1/generation/data/dpp-bulk,2026-05-31 21:45:49.525836+00:00,3213910,KÜPTEPE RES,103261,2026-05-31T06:00:00+03:00,06:00
40W000003213910J,KÜPTEPE RES,unknown,2026-05-31 07:00:00+03:00,,4.41,chunk_0057.json,POST /v1/generation/data/dpp-bulk,2026-05-31 21:45:49.525836+00:00,3213910,KÜPTEPE RES,103261,2026-05-31T07:00:00+03:00,07:00
40W000003213910J,KÜPTEPE RES,unknown,2026-05-31 08:00:00+03:00,,4.46,chunk_0057.json,POST /v1/generation/data/dpp-bulk,2026-05-31 21:45:49.525836+00:00,3213910,KÜPTEPE RES,103261,2026-05-31T08:00:00+03:00,08:00
40W000003213910J,KÜPTEPE RES,unknown,2026-05-31 09:00:00+03:00,,4.63,chunk_0057.json,POST /v1/generation/data/dpp-bulk,2026-05-31 21:45:49.525836+00:00,3213910,KÜPTEPE RES,103261,2026-05-31T09:00:00+03:00,09:00
40W000003213910J,KÜPTEPE RES,unknown,2026-05-31 10:00:00+03:00,,5.54,chunk_0057.json,POST /v1/generation/data/dpp-bulk,2026-05-31 21:45:49.525836+00:00,3213910,KÜPTEPE RES,103261,2026-05-31T10:00:00+03:00,10:00
40W000003213910J,KÜPTEPE RES,unknown,2026-05-31 11:00:00+03:00,,5.52,chunk_0057.json,POST /v1/generation/data/dpp-bulk,2026-05-31 21:45:49.525836+00:00,3213910,KÜPTEPE RES,103261,2026-05-31T11:00:00+03:00,11:00
40W000003213910J,KÜPTEPE RES,unknown,2026-05-31 12:00:00+03:00,,4.88,chunk_0057.json,POST /v1/generation/data/dpp-bulk,2026-05-31 21:45:49.525836+00:00,3213910,KÜPTEPE RES,103261,2026-05-31T12:00:00+03:00,12:00
40W000003213910J,KÜPTEPE RES,unknown,2026-05-31 13:00:00+03:00,,6.16,chunk_0057.json,POST /v1/generation/data/dpp-bulk,2026-05-31 21:45:49.525836+00:00,3213910,KÜPTEPE RES,103261,2026-05-31T13:00:00+03:00,13:00
40W000003213910J,KÜPTEPE RES,unknown,2026-05-31 14:00:00+03:00,,4.51,chunk_0057.json,POST /v1/generation/data/dpp-bulk,2026-05-31 21:45:49.525836+00:00,3213910,KÜPTEPE RES,103261,2026-05-31T14:00:00+03:00,14:00
40W000003213910J,KÜPTEPE RES,unknown,2026-05-31 15:00:00+03:00,,2.79,chunk_0057.json,POST /v1/generation/data/dpp-bulk,2026-05-31 21:45:49.525836+00:00,3213910,KÜPTEPE RES,103261,2026-05-31T15:00:00+03:00,15:00
40W000003213910J,KÜPTEPE RES,unknown,2026-05-31 16:00:00+03:00,,1.48,chunk_0057.json,POST /v1/generation/data/dpp-bulk,2026-05-31 21:45:49.525836+00:00,3213910,KÜPTEPE RES,103261,2026-05-31T16:00:00+03:00,16:00
40W000003213910J,KÜPTEPE RES,unknown,2026-05-31 17:00:00+03:00,,5.57,chunk_0057.json,POST /v1/generation/data/dpp-bulk,2026-05-31 21:45:49.525836+00:00,3213910,KÜPTEPE RES,103261,2026-05-31T17:00:00+03:00,17:00
40W000003213910J,KÜPTEPE RES,unknown,2026-05-31 18:00:00+03:00,,3.52,chunk_0057.json,POST /v1/generation/data/dpp-bulk,2026-05-31 21:45:49.525836+00:00,3213910,KÜPTEPE RES,103261,2026-05-31T18:00:00+03:00,18:00
40W000003213910J,KÜPTEPE RES,unknown,2026-05-31 19:00:00+03:00,,3.72,chunk_0057.json,POST /v1/generation/data/dpp-bulk,2026-05-31 21:45:49.525836+00:00,3213910,KÜPTEPE RES,103261,2026-05-31T19:00:00+03:00,19:00
40W000003213910J,KÜPTEPE RES,unknown,2026-05-31 20:00:00+03:00,,2.77,chunk_0057.json,POST /v1/generation/data/dpp-bulk,2026-05-31 21:45:49.525836+00:00,3213910,KÜPTEPE RES,103261,2026-05-31T20:00:00+03:00,20:00
40W000003213910J,KÜPTEPE RES,unknown,2026-05-31 21:00:00+03:00,,7.56,chunk_0057.json,POST /v1/generation/data/dpp-bulk,2026-05-31 21:45:49.525836+00:00,3213910,KÜPTEPE RES,103261,2026-05-31T21:00:00+03:00,21:00
40W000003213910J,KÜPTEPE RES,unknown,2026-05-31 22:00:00+03:00,,2.87,chunk_0057.json,POST /v1/generation/data/dpp-bulk,2026-05-31 21:45:49.525836+00:00,3213910,KÜPTEPE RES,103261,2026-05-31T22:00:00+03:00,22:00
40W000003213910J,KÜPTEPE RES,unknown,2026-05-31 23:00:00+03:00,,3.95,chunk_0057.json,POST /v1/generation/data/dpp-bulk,2026-05-31 21:45:49.525836+00:00,3213910,KÜPTEPE RES,103261,2026-05-31T23:00:00+03:00,23:00
40W000003213930D,ANDOZ RES,unknown,2026-05-31 00:00:00+03:00,,19.37,chunk_0057.json,POST /v1/generation/data/dpp-bulk,2026-05-31 21:45:49.525836+00:00,3213930,ANDOZ RES,103261,2026-05-31T00:00:00+03:00,00:00
40W000003213930D,ANDOZ RES,unknown,2026-05-31 01:00:00+03:00,,21.2,chunk_0057.json,POST /v1/generation/data/dpp-bulk,2026-05-31 21:45:49.525836+00:00,3213930,ANDOZ RES,103261,2026-05-31T01:00:00+03:00,01:00
40W000003213930D,ANDOZ RES,unknown,2026-05-31 02:00:00+03:00,,22.15,chunk_0057.json,POST /v1/generation/data/dpp-bulk,2026-05-31 21:45:49.525836+00:00,3213930,ANDOZ RES,103261,2026-05-31T02:00:00+03:00,02:00
40W000003213930D,ANDOZ RES,unknown,2026-05-31 03:00:00+03:00,,22.8,chunk_0057.json,POST /v1/generation/data/dpp-bulk,2026-05-31 21:45:49.525836+00:00,3213930,ANDOZ RES,103261,2026-05-31T03:00:00+03:00,03:00
40W000003213930D,ANDOZ RES,unknown,2026-05-31 04:00:00+03:00,,23.24,chunk_0057.json,POST /v1/generation/data/dpp-bulk,2026-05-31 21:45:49.525836+00:00,3213930,ANDOZ RES,103261,2026-05-31T04:00:00+03:00,04:00
40W000003213930D,ANDOZ RES,unknown,2026-05-31 05:00:00+03:00,,21.9,chunk_0057.json,POST /v1/generation/data/dpp-bulk,2026-05-31 21:45:49.525836+00:00,3213930,ANDOZ RES,103261,2026-05-31T05:00:00+03:00,05:00
40W000003213930D,ANDOZ RES,unknown,2026-05-31 06:00:00+03:00,,19.47,chunk_0057.json,POST /v1/generation/data/dpp-bulk,2026-05-31 21:45:49.525836+00:00,3213930,ANDOZ RES,103261,2026-05-31T06:00:00+03:00,06:00
40W000003213930D,ANDOZ RES,unknown,2026-05-31 07:00:00+03:00,,15.27,chunk_0057.json,POST /v1/generation/data/dpp-bulk,2026-05-31 21:45:49.525836+00:00,3213930,ANDOZ RES,103261,2026-05-31T07:00:00+03:00,07:00
40W000003213930D,ANDOZ RES,unknown,2026-05-31 08:00:00+03:00,,7.53,chunk_0057.json,POST /v1/generation/data/dpp-bulk,2026-05-31 21:45:49.525836+00:00,3213930,ANDOZ RES,103261,2026-05-31T08:00:00+03:00,08:00
40W000003213930D,ANDOZ RES,unknown,2026-05-31 09:00:00+03:00,,1.43,chunk_0057.json,POST /v1/generation/data/dpp-bulk,2026-05-31 21:45:49.525836+00:00,3213930,ANDOZ RES,103261,2026-05-31T09:00:00+03:00,09:00
40W000003213930D,ANDOZ RES,unknown,2026-05-31 10:00:00+03:00,,2.93,chunk_0057.json,POST /v1/generation/data/dpp-bulk,2026-05-31 21:45:49.525836+00:00,3213930,ANDOZ RES,103261,2026-05-31T10:00:00+03:00,10:00
40W000003213930D,ANDOZ RES,unknown,2026-05-31 11:00:00+03:00,,1.85,chunk_0057.json,POST /v1/generation/data/dpp-bulk,2026-05-31 21:45:49.525836+00:00,3213930,ANDOZ RES,103261,2026-05-31T11:00:00+03:00,11:00
40W000003213930D,ANDOZ RES,unknown,2026-05-31 12:00:00+03:00,,0.94,chunk_0057.json,POST /v1/generation/data/dpp-bulk,2026-05-31 21:45:49.525836+00:00,3213930,ANDOZ RES,103261,2026-05-31T12:00:00+03:00,12:00
40W000003213930D,ANDOZ RES,unknown,2026-05-31 13:00:00+03:00,,0.84,chunk_0057.json,POST /v1/generation/data/dpp-bulk,2026-05-31 21:45:49.525836+00:00,3213930,ANDOZ RES,103261,2026-05-31T13:00:00+03:00,13:00
40W000003213930D,ANDOZ RES,unknown,2026-05-31 14:00:00+03:00,,1.02,chunk_0057.json,POST /v1/generation/data/dpp-bulk,2026-05-31 21:45:49.525836+00:00,3213930,ANDOZ RES,103261,2026-05-31T14:00:00+03:00,14:00
40W000003213930D,ANDOZ RES,unknown,2026-05-31 15:00:00+03:00,,1.31,chunk_0057.json,POST /v1/generation/data/dpp-bulk,2026-05-31 21:45:49.525836+00:00,3213930,ANDOZ RES,103261,2026-05-31T15:00:00+03:00,15:00
40W000003213930D,ANDOZ RES,unknown,2026-05-31 16:00:00+03:00,,1.27,chunk_0057.json,POST /v1/generation/data/dpp-bulk,2026-05-31 21:45:49.525836+00:00,3213930,ANDOZ RES,103261,2026-05-31T16:00:00+03:00,16:00
40W000003213930D,ANDOZ RES,unknown,2026-05-31 17:00:00+03:00,,1.27,chunk_0057.json,POST /v1/generation/data/dpp-bulk,2026-05-31 21:45:49.525836+00:00,3213930,ANDOZ RES,103261,2026-05-31T17:00:00+03:00,17:00
40W000003213930D,ANDOZ RES,unknown,2026-05-31 18:00:00+03:00,,1.05,chunk_0057.json,POST /v1/generation/data/dpp-bulk,2026-05-31 21:45:49.525836+00:00,3213930,ANDOZ RES,103261,2026-05-31T18:00:00+03:00,18:00
40W000003213930D,ANDOZ RES,unknown,2026-05-31 19:00:00+03:00,,0.81,chunk_0057.json,POST /v1/generation/data/dpp-bulk,2026-05-31 21:45:49.525836+00:00,3213930,ANDOZ RES,103261,2026-05-31T19:00:00+03:00,19:00
40W000003213930D,ANDOZ RES,unknown,2026-05-31 20:00:00+03:00,,0.56,chunk_0057.json,POST /v1/generation/data/dpp-bulk,2026-05-31 21:45:49.525836+00:00,3213930,ANDOZ RES,103261,2026-05-31T20:00:00+03:00,20:00
40W000003213930D,ANDOZ RES,unknown,2026-05-31 21:00:00+03:00,,0.3,chunk_0057.json,POST /v1/generation/data/dpp-bulk,2026-05-31 21:45:49.525836+00:00,3213930,ANDOZ RES,103261,2026-05-31T21:00:00+03:00,21:00
40W000003213930D,ANDOZ RES,unknown,2026-05-31 22:00:00+03:00,,0.7,chunk_0057.json,POST /v1/generation/data/dpp-bulk,2026-05-31 21:45:49.525836+00:00,3213930,ANDOZ RES,103261,2026-05-31T22:00:00+03:00,22:00
40W000003213930D,ANDOZ RES,unknown,2026-05-31 23:00:00+03:00,,1.0,chunk_0057.json,POST /v1/generation/data/dpp-bulk,2026-05-31 21:45:49.525836+00:00,3213930,ANDOZ RES,103261,2026-05-31T23:00:00+03:00,23:00
40W0000032140137,ÖMERLİ RES(BETİM),unknown,2026-05-31 00:00:00+03:00,,12.0,chunk_0057.json,POST /v1/generation/data/dpp-bulk,2026-05-31 21:45:49.525836+00:00,3214013,ÖMERLİ RES(BETİM),103261,2026-05-31T00:00:00+03:00,00:00
40W0000032140137,ÖMERLİ RES(BETİM),unknown,2026-05-31 01:00:00+03:00,,9.66,chunk_0057.json,POST /v1/generation/data/dpp-bulk,2026-05-31 21:45:49.525836+00:00,3214013,ÖMERLİ RES(BETİM),103261,2026-05-31T01:00:00+03:00,01:00
40W0000032140137,ÖMERLİ RES(BETİM),unknown,2026-05-31 02:00:00+03:00,,6.26,chunk_0057.json,POST /v1/generation/data/dpp-bulk,2026-05-31 21:45:49.525836+00:00,3214013,ÖMERLİ RES(BETİM),103261,2026-05-31T02:00:00+03:00,02:00
40W0000032140137,ÖMERLİ RES(BETİM),unknown,2026-05-31 03:00:00+03:00,,0.96,chunk_0057.json,POST /v1/generation/data/dpp-bulk,2026-05-31 21:45:49.525836+00:00,3214013,ÖMERLİ RES(BETİM),103261,2026-05-31T03:00:00+03:00,03:00
40W0000032140137,ÖMERLİ RES(BETİM),unknown,2026-05-31 04:00:00+03:00,,4.94,chunk_0057.json,POST /v1/generation/data/dpp-bulk,2026-05-31 21:45:49.525836+00:00,3214013,ÖMERLİ RES(BETİM),103261,2026-05-31T04:00:00+03:00,04:00
40W0000032140137,ÖMERLİ RES(BETİM),unknown,2026-05-31 05:00:00+03:00,,5.4,chunk_0057.json,POST /v1/generation/data/dpp-bulk,2026-05-31 21:45:49.525836+00:00,3214013,ÖMERLİ RES(BETİM),103261,2026-05-31T05:00:00+03:00,05:00
40W0000032140137,ÖMERLİ RES(BETİM),unknown,2026-05-31 06:00:00+03:00,,5.94,chunk_0057.json,POST /v1/generation/data/dpp-bulk,2026-05-31 21:45:49.525836+00:00,3214013,ÖMERLİ RES(BETİM),103261,2026-05-31T06:00:00+03:00,06:00
40W0000032140137,ÖMERLİ RES(BETİM),unknown,2026-05-31 07:00:00+03:00,,6.25,chunk_0057.json,POST /v1/generation/data/dpp-bulk,2026-05-31 21:45:49.525836+00:00,3214013,ÖMERLİ RES(BETİM),103261,2026-05-31T07:00:00+03:00,07:00
40W0000032140137,ÖMERLİ RES(BETİM),unknown,2026-05-31 08:00:00+03:00,,6.51,chunk_0057.json,POST /v1/generation/data/dpp-bulk,2026-05-31 21:45:49.525836+00:00,3214013,ÖMERLİ RES(BETİM),103261,2026-05-31T08:00:00+03:00,08:00
40W0000032140137,ÖMERLİ RES(BETİM),unknown,2026-05-31 09:00:00+03:00,,7.34,chunk_0057.json,POST /v1/generation/data/dpp-bulk,2026-05-31 21:45:49.525836+00:00,3214013,ÖMERLİ RES(BETİM),103261,2026-05-31T09:00:00+03:00,09:00
40W0000032140137,ÖMERLİ RES(BETİM),unknown,2026-05-31 10:00:00+03:00,,6.4,chunk_0057.json,POST /v1/generation/data/dpp-bulk,2026-05-31 21:45:49.525836+00:00,3214013,ÖMERLİ RES(BETİM),103261,2026-05-31T10:00:00+03:00,10:00
40W0000032140137,ÖMERLİ RES(BETİM),unknown,2026-05-31 11:00:00+03:00,,9.91,chunk_0057.json,POST /v1/generation/data/dpp-bulk,2026-05-31 21:45:49.525836+00:00,3214013,ÖMERLİ RES(BETİM),103261,2026-05-31T11:00:00+03:00,11:00
40W0000032140137,ÖMERLİ RES(BETİM),unknown,2026-05-31 12:00:00+03:00,,13.56,chunk_0057.json,POST /v1/generation/data/dpp-bulk,2026-05-31 21:45:49.525836+00:00,3214013,ÖMERLİ RES(BETİM),103261,2026-05-31T12:00:00+03:00,12:00
40W0000032140137,ÖMERLİ RES(BETİM),unknown,2026-05-31 13:00:00+03:00,,16.65,chunk_0057.json,POST /v1/generation/data/dpp-bulk,2026-05-31 21:45:49.525836+00:00,3214013,ÖMERLİ RES(BETİM),103261,2026-05-31T13:00:00+03:00,13:00
40W0000032140137,ÖMERLİ RES(BETİM),unknown,2026-05-31 14:00:00+03:00,,12.92,chunk_0057.json,POST /v1/generation/data/dpp-bulk,2026-05-31 21:45:49.525836+00:00,3214013,ÖMERLİ RES(BETİM),103261,2026-05-31T14:00:00+03:00,14:00
40W0000032140137,ÖMERLİ RES(BETİM),unknown,2026-05-31 15:00:00+03:00,,12.36,chunk_0057.json,POST /v1/generation/data/dpp-bulk,2026-05-31 21:45:49.525836+00:00,3214013,ÖMERLİ RES(BETİM),103261,2026-05-31T15:00:00+03:00,15:00
40W0000032140137,ÖMERLİ RES(BETİM),unknown,2026-05-31 16:00:00+03:00,,8.76,chunk_0057.json,POST /v1/generation/data/dpp-bulk,2026-05-31 21:45:49.525836+00:00,3214013,ÖMERLİ RES(BETİM),103261,2026-05-31T16:00:00+03:00,16:00
40W0000032140137,ÖMERLİ RES(BETİM),unknown,2026-05-31 17:00:00+03:00,,8.45,chunk_0057.json,POST /v1/generation/data/dpp-bulk,2026-05-31 21:45:49.525836+00:00,3214013,ÖMERLİ RES(BETİM),103261,2026-05-31T17:00:00+03:00,17:00
40W0000032140137,ÖMERLİ RES(BETİM),unknown,2026-05-31 18:00:00+03:00,,7.69,chunk_0057.json,POST /v1/generation/data/dpp-bulk,2026-05-31 21:45:49.525836+00:00,3214013,ÖMERLİ RES(BETİM),103261,2026-05-31T18:00:00+03:00,18:00
40W0000032140137,ÖMERLİ RES(BETİM),unknown,2026-05-31 19:00:00+03:00,,11.62,chunk_0057.json,POST /v1/generation/data/dpp-bulk,2026-05-31 21:45:49.525836+00:00,3214013,ÖMERLİ RES(BETİM),103261,2026-05-31T19:00:00+03:00,19:00
40W0000032140137,ÖMERLİ RES(BETİM),unknown,2026-05-31 20:00:00+03:00,,8.61,chunk_0057.json,POST /v1/generation/data/dpp-bulk,2026-05-31 21:45:49.525836+00:00,3214013,ÖMERLİ RES(BETİM),103261,2026-05-31T20:00:00+03:00,20:00
40W0000032140137,ÖMERLİ RES(BETİM),unknown,2026-05-31 21:00:00+03:00,,12.21,chunk_0057.json,POST /v1/generation/data/dpp-bulk,2026-05-31 21:45:49.525836+00:00,3214013,ÖMERLİ RES(BETİM),103261,2026-05-31T21:00:00+03:00,21:00
40W0000032140137,ÖMERLİ RES(BETİM),unknown,2026-05-31 22:00:00+03:00,,6.48,chunk_0057.json,POST /v1/generation/data/dpp-bulk,2026-05-31 21:45:49.525836+00:00,3214013,ÖMERLİ RES(BETİM),103261,2026-05-31T22:00:00+03:00,22:00
40W0000032140137,ÖMERLİ RES(BETİM),unknown,2026-05-31 23:00:00+03:00,,8.91,chunk_0057.json,POST /v1/generation/data/dpp-bulk,2026-05-31 21:45:49.525836+00:00,3214013,ÖMERLİ RES(BETİM),103261,2026-05-31T23:00:00+03:00,23:00
40W0000032139515,KOVANLIK REG. ve HES,unknown,2026-05-31 00:00:00+03:00,,56.5,chunk_0057.json,POST /v1/generation/data/dpp-bulk,2026-05-31 21:45:49.525836+00:00,3213951,KOVANLIK REG. ve HES,103340,2026-05-31T00:00:00+03:00,00:00
40W0000032139515,KOVANLIK REG. ve HES,unknown,2026-05-31 01:00:00+03:00,,56.5,chunk_0057.json,POST /v1/generation/data/dpp-bulk,2026-05-31 21:45:49.525836+00:00,3213951,KOVANLIK REG. ve HES,103340,2026-05-31T01:00:00+03:00,01:00
40W0000032139515,KOVANLIK REG. ve HES,unknown,2026-05-31 02:00:00+03:00,,56.5,chunk_0057.json,POST /v1/generation/data/dpp-bulk,2026-05-31 21:45:49.525836+00:00,3213951,KOVANLIK REG. ve HES,103340,2026-05-31T02:00:00+03:00,02:00
40W0000032139515,KOVANLIK REG. ve HES,unknown,2026-05-31 03:00:00+03:00,,56.5,chunk_0057.json,POST /v1/generation/data/dpp-bulk,2026-05-31 21:45:49.525836+00:00,3213951,KOVANLIK REG. ve HES,103340,2026-05-31T03:00:00+03:00,03:00
40W0000032139515,KOVANLIK REG. ve HES,unknown,2026-05-31 04:00:00+03:00,,56.5,chunk_0057.json,POST /v1/generation/data/dpp-bulk,2026-05-31 21:45:49.525836+00:00,3213951,KOVANLIK REG. ve HES,103340,2026-05-31T04:00:00+03:00,04:00
40W0000032139515,KOVANLIK REG. ve HES,unknown,2026-05-31 05:00:00+03:00,,56.5,chunk_0057.json,POST /v1/generation/data/dpp-bulk,2026-05-31 21:45:49.525836+00:00,3213951,KOVANLIK REG. ve HES,103340,2026-05-31T05:00:00+03:00,05:00
40W0000032139515,KOVANLIK REG. ve HES,unknown,2026-05-31 06:00:00+03:00,,56.5,chunk_0057.json,POST /v1/generation/data/dpp-bulk,2026-05-31 21:45:49.525836+00:00,3213951,KOVANLIK REG. ve HES,103340,2026-05-31T06:00:00+03:00,06:00
40W0000032139515,KOVANLIK REG. ve HES,unknown,2026-05-31 07:00:00+03:00,,56.5,chunk_0057.json,POST /v1/generation/data/dpp-bulk,2026-05-31 21:45:49.525836+00:00,3213951,KOVANLIK REG. ve HES,103340,2026-05-31T07:00:00+03:00,07:00
40W0000032139515,KOVANLIK REG. ve HES,unknown,2026-05-31 08:00:00+03:00,,56.5,chunk_0057.json,POST /v1/generation/data/dpp-bulk,2026-05-31 21:45:49.525836+00:00,3213951,KOVANLIK REG. ve HES,103340,2026-05-31T08:00:00+03:00,08:00
40W0000032139515,KOVANLIK REG. ve HES,unknown,2026-05-31 09:00:00+03:00,,56.5,chunk_0057.json,POST /v1/generation/data/dpp-bulk,2026-05-31 21:45:49.525836+00:00,3213951,KOVANLIK REG. ve HES,103340,2026-05-31T09:00:00+03:00,09:00
40W0000032139515,KOVANLIK REG. ve HES,unknown,2026-05-31 10:00:00+03:00,,56.5,chunk_0057.json,POST /v1/generation/data/dpp-bulk,2026-05-31 21:45:49.525836+00:00,3213951,KOVANLIK REG. ve HES,103340,2026-05-31T10:00:00+03:00,10:00
40W0000032139515,KOVANLIK REG. ve HES,unknown,2026-05-31 11:00:00+03:00,,56.5,chunk_0057.json,POST /v1/generation/data/dpp-bulk,2026-05-31 21:45:49.525836+00:00,3213951,KOVANLIK REG. ve HES,103340,2026-05-31T11:00:00+03:00,11:00
40W0000032139515,KOVANLIK REG. ve HES,unknown,2026-05-31 12:00:00+03:00,,56.5,chunk_0057.json,POST /v1/generation/data/dpp-bulk,2026-05-31 21:45:49.525836+00:00,3213951,KOVANLIK REG. ve HES,103340,2026-05-31T12:00:00+03:00,12:00
40W0000032139515,KOVANLIK REG. ve HES,unknown,2026-05-31 13:00:00+03:00,,56.5,chunk_0057.json,POST /v1/generation/data/dpp-bulk,2026-05-31 21:45:49.525836+00:00,3213951,KOVANLIK REG. ve HES,103340,2026-05-31T13:00:00+03:00,13:00
40W0000032139515,KOVANLIK REG. ve HES,unknown,2026-05-31 14:00:00+03:00,,56.5,chunk_0057.json,POST /v1/generation/data/dpp-bulk,2026-05-31 21:45:49.525836+00:00,3213951,KOVANLIK REG. ve HES,103340,2026-05-31T14:00:00+03:00,14:00
40W0000032139515,KOVANLIK REG. ve HES,unknown,2026-05-31 15:00:00+03:00,,56.5,chunk_0057.json,POST /v1/generation/data/dpp-bulk,2026-05-31 21:45:49.525836+00:00,3213951,KOVANLIK REG. ve HES,103340,2026-05-31T15:00:00+03:00,15:00
40W0000032139515,KOVANLIK REG. ve HES,unknown,2026-05-31 16:00:00+03:00,,56.5,chunk_0057.json,POST /v1/generation/data/dpp-bulk,2026-05-31 21:45:49.525836+00:00,3213951,KOVANLIK REG. ve HES,103340,2026-05-31T16:00:00+03:00,16:00
40W0000032139515,KOVANLIK REG. ve HES,unknown,2026-05-31 17:00:00+03:00,,56.5,chunk_0057.json,POST /v1/generation/data/dpp-bulk,2026-05-31 21:45:49.525836+00:00,3213951,KOVANLIK REG. ve HES,103340,2026-05-31T17:00:00+03:00,17:00
40W0000032139515,KOVANLIK REG. ve HES,unknown,2026-05-31 18:00:00+03:00,,56.5,chunk_0057.json,POST /v1/generation/data/dpp-bulk,2026-05-31 21:45:49.525836+00:00,3213951,KOVANLIK REG. ve HES,103340,2026-05-31T18:00:00+03:00,18:00
40W0000032139515,KOVANLIK REG. ve HES,unknown,2026-05-31 19:00:00+03:00,,56.5,chunk_0057.json,POST /v1/generation/data/dpp-bulk,2026-05-31 21:45:49.525836+00:00,3213951,KOVANLIK REG. ve HES,103340,2026-05-31T19:00:00+03:00,19:00
40W0000032139515,KOVANLIK REG. ve HES,unknown,2026-05-31 20:00:00+03:00,,56.5,chunk_0057.json,POST /v1/generation/data/dpp-bulk,2026-05-31 21:45:49.525836+00:00,3213951,KOVANLIK REG. ve HES,103340,2026-05-31T20:00:00+03:00,20:00
40W0000032139515,KOVANLIK REG. ve HES,unknown,2026-05-31 21:00:00+03:00,,56.5,chunk_0057.json,POST /v1/generation/data/dpp-bulk,2026-05-31 21:45:49.525836+00:00,3213951,KOVANLIK REG. ve HES,103340,2026-05-31T21:00:00+03:00,21:00
40W0000032139515,KOVANLIK REG. ve HES,unknown,2026-05-31 22:00:00+03:00,,56.5,chunk_0057.json,POST /v1/generation/data/dpp-bulk,2026-05-31 21:45:49.525836+00:00,3213951,KOVANLIK REG. ve HES,103340,2026-05-31T22:00:00+03:00,22:00
40W0000032139515,KOVANLIK REG. ve HES,unknown,2026-05-31 23:00:00+03:00,,56.5,chunk_0057.json,POST /v1/generation/data/dpp-bulk,2026-05-31 21:45:49.525836+00:00,3213951,KOVANLIK REG. ve HES,103340,2026-05-31T23:00:00+03:00,23:00
40W0000032140129,ARIKÇAYIRI YENİLEBİLİR ENERJİ ÜRETİM TESİSİ,unknown,2026-05-31 00:00:00+03:00,,28.5,chunk_0057.json,POST /v1/generation/data/dpp-bulk,2026-05-31 21:45:49.525836+00:00,3214012,ARIKÇAYIRI YENİLEBİLİR ENERJİ ÜRETİM TESİSİ,103420,2026-05-31T00:00:00+03:00,00:00
40W0000032140129,ARIKÇAYIRI YENİLEBİLİR ENERJİ ÜRETİM TESİSİ,unknown,2026-05-31 01:00:00+03:00,,28.5,chunk_0057.json,POST /v1/generation/data/dpp-bulk,2026-05-31 21:45:49.525836+00:00,3214012,ARIKÇAYIRI YENİLEBİLİR ENERJİ ÜRETİM TESİSİ,103420,2026-05-31T01:00:00+03:00,01:00
40W0000032140129,ARIKÇAYIRI YENİLEBİLİR ENERJİ ÜRETİM TESİSİ,unknown,2026-05-31 02:00:00+03:00,,28.5,chunk_0057.json,POST /v1/generation/data/dpp-bulk,2026-05-31 21:45:49.525836+00:00,3214012,ARIKÇAYIRI YENİLEBİLİR ENERJİ ÜRETİM TESİSİ,103420,2026-05-31T02:00:00+03:00,02:00
40W0000032140129,ARIKÇAYIRI YENİLEBİLİR ENERJİ ÜRETİM TESİSİ,unknown,2026-05-31 03:00:00+03:00,,28.5,chunk_0057.json,POST /v1/generation/data/dpp-bulk,2026-05-31 21:45:49.525836+00:00,3214012,ARIKÇAYIRI YENİLEBİLİR ENERJİ ÜRETİM TESİSİ,103420,2026-05-31T03:00:00+03:00,03:00
40W0000032140129,ARIKÇAYIRI YENİLEBİLİR ENERJİ ÜRETİM TESİSİ,unknown,2026-05-31 04:00:00+03:00,,28.5,chunk_0057.json,POST /v1/generation/data/dpp-bulk,2026-05-31 21:45:49.525836+00:00,3214012,ARIKÇAYIRI YENİLEBİLİR ENERJİ ÜRETİM TESİSİ,103420,2026-05-31T04:00:00+03:00,04:00
40W0000032140129,ARIKÇAYIRI YENİLEBİLİR ENERJİ ÜRETİM TESİSİ,unknown,2026-05-31 05:00:00+03:00,,28.5,chunk_0057.json,POST /v1/generation/data/dpp-bulk,2026-05-31 21:45:49.525836+00:00,3214012,ARIKÇAYIRI YENİLEBİLİR ENERJİ ÜRETİM TESİSİ,103420,2026-05-31T05:00:00+03:00,05:00
40W0000032140129,ARIKÇAYIRI YENİLEBİLİR ENERJİ ÜRETİM TESİSİ,unknown,2026-05-31 06:00:00+03:00,,28.5,chunk_0057.json,POST /v1/generation/data/dpp-bulk,2026-05-31 21:45:49.525836+00:00,3214012,ARIKÇAYIRI YENİLEBİLİR ENERJİ ÜRETİM TESİSİ,103420,2026-05-31T06:00:00+03:00,06:00
40W0000032140129,ARIKÇAYIRI YENİLEBİLİR ENERJİ ÜRETİM TESİSİ,unknown,2026-05-31 07:00:00+03:00,,28.5,chunk_0057.json,POST /v1/generation/data/dpp-bulk,2026-05-31 21:45:49.525836+00:00,3214012,ARIKÇAYIRI YENİLEBİLİR ENERJİ ÜRETİM TESİSİ,103420,2026-05-31T07:00:00+03:00,07:00
40W0000032140129,ARIKÇAYIRI YENİLEBİLİR ENERJİ ÜRETİM TESİSİ,unknown,2026-05-31 08:00:00+03:00,,28.5,chunk_0057.json,POST /v1/generation/data/dpp-bulk,2026-05-31 21:45:49.525836+00:00,3214012,ARIKÇAYIRI YENİLEBİLİR ENERJİ ÜRETİM TESİSİ,103420,2026-05-31T08:00:00+03:00,08:00
40W0000032140129,ARIKÇAYIRI YENİLEBİLİR ENERJİ ÜRETİM TESİSİ,unknown,2026-05-31 09:00:00+03:00,,28.5,chunk_0057.json,POST /v1/generation/data/dpp-bulk,2026-05-31 21:45:49.525836+00:00,3214012,ARIKÇAYIRI YENİLEBİLİR ENERJİ ÜRETİM TESİSİ,103420,2026-05-31T09:00:00+03:00,09:00
40W0000032140129,ARIKÇAYIRI YENİLEBİLİR ENERJİ ÜRETİM TESİSİ,unknown,2026-05-31 10:00:00+03:00,,28.5,chunk_0057.json,POST /v1/generation/data/dpp-bulk,2026-05-31 21:45:49.525836+00:00,3214012,ARIKÇAYIRI YENİLEBİLİR ENERJİ ÜRETİM TESİSİ,103420,2026-05-31T10:00:00+03:00,10:00
40W0000032140129,ARIKÇAYIRI YENİLEBİLİR ENERJİ ÜRETİM TESİSİ,unknown,2026-05-31 11:00:00+03:00,,28.5,chunk_0057.json,POST /v1/generation/data/dpp-bulk,2026-05-31 21:45:49.525836+00:00,3214012,ARIKÇAYIRI YENİLEBİLİR ENERJİ ÜRETİM TESİSİ,103420,2026-05-31T11:00:00+03:00,11:00
40W0000032140129,ARIKÇAYIRI YENİLEBİLİR ENERJİ ÜRETİM TESİSİ,unknown,2026-05-31 12:00:00+03:00,,28.5,chunk_0057.json,POST /v1/generation/data/dpp-bulk,2026-05-31 21:45:49.525836+00:00,3214012,ARIKÇAYIRI YENİLEBİLİR ENERJİ ÜRETİM TESİSİ,103420,2026-05-31T12:00:00+03:00,12:00
40W0000032140129,ARIKÇAYIRI YENİLEBİLİR ENERJİ ÜRETİM TESİSİ,unknown,2026-05-31 13:00:00+03:00,,28.5,chunk_0057.json,POST /v1/generation/data/dpp-bulk,2026-05-31 21:45:49.525836+00:00,3214012,ARIKÇAYIRI YENİLEBİLİR ENERJİ ÜRETİM TESİSİ,103420,2026-05-31T13:00:00+03:00,13:00
40W0000032140129,ARIKÇAYIRI YENİLEBİLİR ENERJİ ÜRETİM TESİSİ,unknown,2026-05-31 14:00:00+03:00,,28.5,chunk_0057.json,POST /v1/generation/data/dpp-bulk,2026-05-31 21:45:49.525836+00:00,3214012,ARIKÇAYIRI YENİLEBİLİR ENERJİ ÜRETİM TESİSİ,103420,2026-05-31T14:00:00+03:00,14:00
40W0000032140129,ARIKÇAYIRI YENİLEBİLİR ENERJİ ÜRETİM TESİSİ,unknown,2026-05-31 15:00:00+03:00,,28.5,chunk_0057.json,POST /v1/generation/data/dpp-bulk,2026-05-31 21:45:49.525836+00:00,3214012,ARIKÇAYIRI YENİLEBİLİR ENERJİ ÜRETİM TESİSİ,103420,2026-05-31T15:00:00+03:00,15:00
40W0000032140129,ARIKÇAYIRI YENİLEBİLİR ENERJİ ÜRETİM TESİSİ,unknown,2026-05-31 16:00:00+03:00,,28.5,chunk_0057.json,POST /v1/generation/data/dpp-bulk,2026-05-31 21:45:49.525836+00:00,3214012,ARIKÇAYIRI YENİLEBİLİR ENERJİ ÜRETİM TESİSİ,103420,2026-05-31T16:00:00+03:00,16:00
40W0000032140129,ARIKÇAYIRI YENİLEBİLİR ENERJİ ÜRETİM TESİSİ,unknown,2026-05-31 17:00:00+03:00,,28.5,chunk_0057.json,POST /v1/generation/data/dpp-bulk,2026-05-31 21:45:49.525836+00:00,3214012,ARIKÇAYIRI YENİLEBİLİR ENERJİ ÜRETİM TESİSİ,103420,2026-05-31T17:00:00+03:00,17:00
40W0000032140129,ARIKÇAYIRI YENİLEBİLİR ENERJİ ÜRETİM TESİSİ,unknown,2026-05-31 18:00:00+03:00,,28.5,chunk_0057.json,POST /v1/generation/data/dpp-bulk,2026-05-31 21:45:49.525836+00:00,3214012,ARIKÇAYIRI YENİLEBİLİR ENERJİ ÜRETİM TESİSİ,103420,2026-05-31T18:00:00+03:00,18:00
40W0000032140129,ARIKÇAYIRI YENİLEBİLİR ENERJİ ÜRETİM TESİSİ,unknown,2026-05-31 19:00:00+03:00,,28.5,chunk_0057.json,POST /v1/generation/data/dpp-bulk,2026-05-31 21:45:49.525836+00:00,3214012,ARIKÇAYIRI YENİLEBİLİR ENERJİ ÜRETİM TESİSİ,103420,2026-05-31T19:00:00+03:00,19:00
40W0000032140129,ARIKÇAYIRI YENİLEBİLİR ENERJİ ÜRETİM TESİSİ,unknown,2026-05-31 20:00:00+03:00,,28.5,chunk_0057.json,POST /v1/generation/data/dpp-bulk,2026-05-31 21:45:49.525836+00:00,3214012,ARIKÇAYIRI YENİLEBİLİR ENERJİ ÜRETİM TESİSİ,103420,2026-05-31T20:00:00+03:00,20:00
40W0000032140129,ARIKÇAYIRI YENİLEBİLİR ENERJİ ÜRETİM TESİSİ,unknown,2026-05-31 21:00:00+03:00,,28.5,chunk_0057.json,POST /v1/generation/data/dpp-bulk,2026-05-31 21:45:49.525836+00:00,3214012,ARIKÇAYIRI YENİLEBİLİR ENERJİ ÜRETİM TESİSİ,103420,2026-05-31T21:00:00+03:00,21:00
40W0000032140129,ARIKÇAYIRI YENİLEBİLİR ENERJİ ÜRETİM TESİSİ,unknown,2026-05-31 22:00:00+03:00,,28.5,chunk_0057.json,POST /v1/generation/data/dpp-bulk,2026-05-31 21:45:49.525836+00:00,3214012,ARIKÇAYIRI YENİLEBİLİR ENERJİ ÜRETİM TESİSİ,103420,2026-05-31T22:00:00+03:00,22:00
40W0000032140129,ARIKÇAYIRI YENİLEBİLİR ENERJİ ÜRETİM TESİSİ,unknown,2026-05-31 23:00:00+03:00,,28.5,chunk_0057.json,POST /v1/generation/data/dpp-bulk,2026-05-31 21:45:49.525836+00:00,3214012,ARIKÇAYIRI YENİLEBİLİR ENERJİ ÜRETİM TESİSİ,103420,2026-05-31T23:00:00+03:00,23:00
40W0000032138470,YENİHAYAT HES,unknown,2026-05-31 00:00:00+03:00,,12.0,chunk_0057.json,POST /v1/generation/data/dpp-bulk,2026-05-31 21:45:49.525836+00:00,3213847,YENİHAYAT HES,103600,2026-05-31T00:00:00+03:00,00:00
40W0000032138470,YENİHAYAT HES,unknown,2026-05-31 01:00:00+03:00,,12.0,chunk_0057.json,POST /v1/generation/data/dpp-bulk,2026-05-31 21:45:49.525836+00:00,3213847,YENİHAYAT HES,103600,2026-05-31T01:00:00+03:00,01:00
40W0000032138470,YENİHAYAT HES,unknown,2026-05-31 02:00:00+03:00,,12.0,chunk_0057.json,POST /v1/generation/data/dpp-bulk,2026-05-31 21:45:49.525836+00:00,3213847,YENİHAYAT HES,103600,2026-05-31T02:00:00+03:00,02:00
40W0000032138470,YENİHAYAT HES,unknown,2026-05-31 03:00:00+03:00,,12.0,chunk_0057.json,POST /v1/generation/data/dpp-bulk,2026-05-31 21:45:49.525836+00:00,3213847,YENİHAYAT HES,103600,2026-05-31T03:00:00+03:00,03:00
40W0000032138470,YENİHAYAT HES,unknown,2026-05-31 04:00:00+03:00,,12.0,chunk_0057.json,POST /v1/generation/data/dpp-bulk,2026-05-31 21:45:49.525836+00:00,3213847,YENİHAYAT HES,103600,2026-05-31T04:00:00+03:00,04:00
40W0000032138470,YENİHAYAT HES,unknown,2026-05-31 05:00:00+03:00,,12.0,chunk_0057.json,POST /v1/generation/data/dpp-bulk,2026-05-31 21:45:49.525836+00:00,3213847,YENİHAYAT HES,103600,2026-05-31T05:00:00+03:00,05:00
40W0000032138470,YENİHAYAT HES,unknown,2026-05-31 06:00:00+03:00,,12.0,chunk_0057.json,POST /v1/generation/data/dpp-bulk,2026-05-31 21:45:49.525836+00:00,3213847,YENİHAYAT HES,103600,2026-05-31T06:00:00+03:00,06:00
40W0000032138470,YENİHAYAT HES,unknown,2026-05-31 07:00:00+03:00,,12.0,chunk_0057.json,POST /v1/generation/data/dpp-bulk,2026-05-31 21:45:49.525836+00:00,3213847,YENİHAYAT HES,103600,2026-05-31T07:00:00+03:00,07:00
40W0000032138470,YENİHAYAT HES,unknown,2026-05-31 08:00:00+03:00,,12.0,chunk_0057.json,POST /v1/generation/data/dpp-bulk,2026-05-31 21:45:49.525836+00:00,3213847,YENİHAYAT HES,103600,2026-05-31T08:00:00+03:00,08:00
40W0000032138470,YENİHAYAT HES,unknown,2026-05-31 09:00:00+03:00,,12.0,chunk_0057.json,POST /v1/generation/data/dpp-bulk,2026-05-31 21:45:49.525836+00:00,3213847,YENİHAYAT HES,103600,2026-05-31T09:00:00+03:00,09:00
40W0000032138470,YENİHAYAT HES,unknown,2026-05-31 10:00:00+03:00,,12.0,chunk_0057.json,POST /v1/generation/data/dpp-bulk,2026-05-31 21:45:49.525836+00:00,3213847,YENİHAYAT HES,103600,2026-05-31T10:00:00+03:00,10:00
40W0000032138470,YENİHAYAT HES,unknown,2026-05-31 11:00:00+03:00,,12.0,chunk_0057.json,POST /v1/generation/data/dpp-bulk,2026-05-31 21:45:49.525836+00:00,3213847,YENİHAYAT HES,103600,2026-05-31T11:00:00+03:00,11:00
40W0000032138470,YENİHAYAT HES,unknown,2026-05-31 12:00:00+03:00,,12.0,chunk_0057.json,POST /v1/generation/data/dpp-bulk,2026-05-31 21:45:49.525836+00:00,3213847,YENİHAYAT HES,103600,2026-05-31T12:00:00+03:00,12:00
40W0000032138470,YENİHAYAT HES,unknown,2026-05-31 13:00:00+03:00,,12.0,chunk_0057.json,POST /v1/generation/data/dpp-bulk,2026-05-31 21:45:49.525836+00:00,3213847,YENİHAYAT HES,103600,2026-05-31T13:00:00+03:00,13:00
40W0000032138470,YENİHAYAT HES,unknown,2026-05-31 14:00:00+03:00,,12.0,chunk_0057.json,POST /v1/generation/data/dpp-bulk,2026-05-31 21:45:49.525836+00:00,3213847,YENİHAYAT HES,103600,2026-05-31T14:00:00+03:00,14:00
40W0000032138470,YENİHAYAT HES,unknown,2026-05-31 15:00:00+03:00,,12.0,chunk_0057.json,POST /v1/generation/data/dpp-bulk,2026-05-31 21:45:49.525836+00:00,3213847,YENİHAYAT HES,103600,2026-05-31T15:00:00+03:00,15:00
40W0000032138470,YENİHAYAT HES,unknown,2026-05-31 16:00:00+03:00,,12.0,chunk_0057.json,POST /v1/generation/data/dpp-bulk,2026-05-31 21:45:49.525836+00:00,3213847,YENİHAYAT HES,103600,2026-05-31T16:00:00+03:00,16:00
40W0000032138470,YENİHAYAT HES,unknown,2026-05-31 17:00:00+03:00,,12.0,chunk_0057.json,POST /v1/generation/data/dpp-bulk,2026-05-31 21:45:49.525836+00:00,3213847,YENİHAYAT HES,103600,2026-05-31T17:00:00+03:00,17:00
40W0000032138470,YENİHAYAT HES,unknown,2026-05-31 18:00:00+03:00,,12.0,chunk_0057.json,POST /v1/generation/data/dpp-bulk,2026-05-31 21:45:49.525836+00:00,3213847,YENİHAYAT HES,103600,2026-05-31T18:00:00+03:00,18:00
40W0000032138470,YENİHAYAT HES,unknown,2026-05-31 19:00:00+03:00,,12.0,chunk_0057.json,POST /v1/generation/data/dpp-bulk,2026-05-31 21:45:49.525836+00:00,3213847,YENİHAYAT HES,103600,2026-05-31T19:00:00+03:00,19:00
40W0000032138470,YENİHAYAT HES,unknown,2026-05-31 20:00:00+03:00,,12.0,chunk_0057.json,POST /v1/generation/data/dpp-bulk,2026-05-31 21:45:49.525836+00:00,3213847,YENİHAYAT HES,103600,2026-05-31T20:00:00+03:00,20:00
40W0000032138470,YENİHAYAT HES,unknown,2026-05-31 21:00:00+03:00,,12.0,chunk_0057.json,POST /v1/generation/data/dpp-bulk,2026-05-31 21:45:49.525836+00:00,3213847,YENİHAYAT HES,103600,2026-05-31T21:00:00+03:00,21:00
40W0000032138470,YENİHAYAT HES,unknown,2026-05-31 22:00:00+03:00,,12.0,chunk_0057.json,POST /v1/generation/data/dpp-bulk,2026-05-31 21:45:49.525836+00:00,3213847,YENİHAYAT HES,103600,2026-05-31T22:00:00+03:00,22:00
40W0000032138470,YENİHAYAT HES,unknown,2026-05-31 23:00:00+03:00,,12.0,chunk_0057.json,POST /v1/generation/data/dpp-bulk,2026-05-31 21:45:49.525836+00:00,3213847,YENİHAYAT HES,103600,2026-05-31T23:00:00+03:00,23:00
40W000003213891Y,PANAB TEKİRDAĞ ELEKTRİK ÜRETİM SANTRALİ,unknown,2026-05-31 00:00:00+03:00,,3.3,chunk_0057.json,POST /v1/generation/data/dpp-bulk,2026-05-31 21:45:49.525836+00:00,3213891,PANAB TEKİRDAĞ ELEKTRİK ÜRETİM SANTRALİ,103600,2026-05-31T00:00:00+03:00,00:00
40W000003213891Y,PANAB TEKİRDAĞ ELEKTRİK ÜRETİM SANTRALİ,unknown,2026-05-31 01:00:00+03:00,,3.3,chunk_0057.json,POST /v1/generation/data/dpp-bulk,2026-05-31 21:45:49.525836+00:00,3213891,PANAB TEKİRDAĞ ELEKTRİK ÜRETİM SANTRALİ,103600,2026-05-31T01:00:00+03:00,01:00
40W000003213891Y,PANAB TEKİRDAĞ ELEKTRİK ÜRETİM SANTRALİ,unknown,2026-05-31 02:00:00+03:00,,3.3,chunk_0057.json,POST /v1/generation/data/dpp-bulk,2026-05-31 21:45:49.525836+00:00,3213891,PANAB TEKİRDAĞ ELEKTRİK ÜRETİM SANTRALİ,103600,2026-05-31T02:00:00+03:00,02:00
40W000003213891Y,PANAB TEKİRDAĞ ELEKTRİK ÜRETİM SANTRALİ,unknown,2026-05-31 03:00:00+03:00,,3.3,chunk_0057.json,POST /v1/generation/data/dpp-bulk,2026-05-31 21:45:49.525836+00:00,3213891,PANAB TEKİRDAĞ ELEKTRİK ÜRETİM SANTRALİ,103600,2026-05-31T03:00:00+03:00,03:00
40W000003213891Y,PANAB TEKİRDAĞ ELEKTRİK ÜRETİM SANTRALİ,unknown,2026-05-31 04:00:00+03:00,,3.3,chunk_0057.json,POST /v1/generation/data/dpp-bulk,2026-05-31 21:45:49.525836+00:00,3213891,PANAB TEKİRDAĞ ELEKTRİK ÜRETİM SANTRALİ,103600,2026-05-31T04:00:00+03:00,04:00
40W000003213891Y,PANAB TEKİRDAĞ ELEKTRİK ÜRETİM SANTRALİ,unknown,2026-05-31 05:00:00+03:00,,3.3,chunk_0057.json,POST /v1/generation/data/dpp-bulk,2026-05-31 21:45:49.525836+00:00,3213891,PANAB TEKİRDAĞ ELEKTRİK ÜRETİM SANTRALİ,103600,2026-05-31T05:00:00+03:00,05:00
40W000003213891Y,PANAB TEKİRDAĞ ELEKTRİK ÜRETİM SANTRALİ,unknown,2026-05-31 06:00:00+03:00,,3.3,chunk_0057.json,POST /v1/generation/data/dpp-bulk,2026-05-31 21:45:49.525836+00:00,3213891,PANAB TEKİRDAĞ ELEKTRİK ÜRETİM SANTRALİ,103600,2026-05-31T06:00:00+03:00,06:00
40W000003213891Y,PANAB TEKİRDAĞ ELEKTRİK ÜRETİM SANTRALİ,unknown,2026-05-31 07:00:00+03:00,,3.3,chunk_0057.json,POST /v1/generation/data/dpp-bulk,2026-05-31 21:45:49.525836+00:00,3213891,PANAB TEKİRDAĞ ELEKTRİK ÜRETİM SANTRALİ,103600,2026-05-31T07:00:00+03:00,07:00
40W000003213891Y,PANAB TEKİRDAĞ ELEKTRİK ÜRETİM SANTRALİ,unknown,2026-05-31 08:00:00+03:00,,3.3,chunk_0057.json,POST /v1/generation/data/dpp-bulk,2026-05-31 21:45:49.525836+00:00,3213891,PANAB TEKİRDAĞ ELEKTRİK ÜRETİM SANTRALİ,103600,2026-05-31T08:00:00+03:00,08:00
40W000003213891Y,PANAB TEKİRDAĞ ELEKTRİK ÜRETİM SANTRALİ,unknown,2026-05-31 09:00:00+03:00,,3.3,chunk_0057.json,POST /v1/generation/data/dpp-bulk,2026-05-31 21:45:49.525836+00:00,3213891,PANAB TEKİRDAĞ ELEKTRİK ÜRETİM SANTRALİ,103600,2026-05-31T09:00:00+03:00,09:00
40W000003213891Y,PANAB TEKİRDAĞ ELEKTRİK ÜRETİM SANTRALİ,unknown,2026-05-31 10:00:00+03:00,,3.3,chunk_0057.json,POST /v1/generation/data/dpp-bulk,2026-05-31 21:45:49.525836+00:00,3213891,PANAB TEKİRDAĞ ELEKTRİK ÜRETİM SANTRALİ,103600,2026-05-31T10:00:00+03:00,10:00
40W000003213891Y,PANAB TEKİRDAĞ ELEKTRİK ÜRETİM SANTRALİ,unknown,2026-05-31 11:00:00+03:00,,3.3,chunk_0057.json,POST /v1/generation/data/dpp-bulk,2026-05-31 21:45:49.525836+00:00,3213891,PANAB TEKİRDAĞ ELEKTRİK ÜRETİM SANTRALİ,103600,2026-05-31T11:00:00+03:00,11:00
40W000003213891Y,PANAB TEKİRDAĞ ELEKTRİK ÜRETİM SANTRALİ,unknown,2026-05-31 12:00:00+03:00,,3.3,chunk_0057.json,POST /v1/generation/data/dpp-bulk,2026-05-31 21:45:49.525836+00:00,3213891,PANAB TEKİRDAĞ ELEKTRİK ÜRETİM SANTRALİ,103600,2026-05-31T12:00:00+03:00,12:00
40W000003213891Y,PANAB TEKİRDAĞ ELEKTRİK ÜRETİM SANTRALİ,unknown,2026-05-31 13:00:00+03:00,,3.3,chunk_0057.json,POST /v1/generation/data/dpp-bulk,2026-05-31 21:45:49.525836+00:00,3213891,PANAB TEKİRDAĞ ELEKTRİK ÜRETİM SANTRALİ,103600,2026-05-31T13:00:00+03:00,13:00
40W000003213891Y,PANAB TEKİRDAĞ ELEKTRİK ÜRETİM SANTRALİ,unknown,2026-05-31 14:00:00+03:00,,3.3,chunk_0057.json,POST /v1/generation/data/dpp-bulk,2026-05-31 21:45:49.525836+00:00,3213891,PANAB TEKİRDAĞ ELEKTRİK ÜRETİM SANTRALİ,103600,2026-05-31T14:00:00+03:00,14:00
40W000003213891Y,PANAB TEKİRDAĞ ELEKTRİK ÜRETİM SANTRALİ,unknown,2026-05-31 15:00:00+03:00,,3.3,chunk_0057.json,POST /v1/generation/data/dpp-bulk,2026-05-31 21:45:49.525836+00:00,3213891,PANAB TEKİRDAĞ ELEKTRİK ÜRETİM SANTRALİ,103600,2026-05-31T15:00:00+03:00,15:00
40W000003213891Y,PANAB TEKİRDAĞ ELEKTRİK ÜRETİM SANTRALİ,unknown,2026-05-31 16:00:00+03:00,,3.3,chunk_0057.json,POST /v1/generation/data/dpp-bulk,2026-05-31 21:45:49.525836+00:00,3213891,PANAB TEKİRDAĞ ELEKTRİK ÜRETİM SANTRALİ,103600,2026-05-31T16:00:00+03:00,16:00
40W000003213891Y,PANAB TEKİRDAĞ ELEKTRİK ÜRETİM SANTRALİ,unknown,2026-05-31 17:00:00+03:00,,3.3,chunk_0057.json,POST /v1/generation/data/dpp-bulk,2026-05-31 21:45:49.525836+00:00,3213891,PANAB TEKİRDAĞ ELEKTRİK ÜRETİM SANTRALİ,103600,2026-05-31T17:00:00+03:00,17:00
40W000003213891Y,PANAB TEKİRDAĞ ELEKTRİK ÜRETİM SANTRALİ,unknown,2026-05-31 18:00:00+03:00,,3.3,chunk_0057.json,POST /v1/generation/data/dpp-bulk,2026-05-31 21:45:49.525836+00:00,3213891,PANAB TEKİRDAĞ ELEKTRİK ÜRETİM SANTRALİ,103600,2026-05-31T18:00:00+03:00,18:00
40W000003213891Y,PANAB TEKİRDAĞ ELEKTRİK ÜRETİM SANTRALİ,unknown,2026-05-31 19:00:00+03:00,,3.3,chunk_0057.json,POST /v1/generation/data/dpp-bulk,2026-05-31 21:45:49.525836+00:00,3213891,PANAB TEKİRDAĞ ELEKTRİK ÜRETİM SANTRALİ,103600,2026-05-31T19:00:00+03:00,19:00
40W000003213891Y,PANAB TEKİRDAĞ ELEKTRİK ÜRETİM SANTRALİ,unknown,2026-05-31 20:00:00+03:00,,3.3,chunk_0057.json,POST /v1/generation/data/dpp-bulk,2026-05-31 21:45:49.525836+00:00,3213891,PANAB TEKİRDAĞ ELEKTRİK ÜRETİM SANTRALİ,103600,2026-05-31T20:00:00+03:00,20:00
40W000003213891Y,PANAB TEKİRDAĞ ELEKTRİK ÜRETİM SANTRALİ,unknown,2026-05-31 21:00:00+03:00,,3.3,chunk_0057.json,POST /v1/generation/data/dpp-bulk,2026-05-31 21:45:49.525836+00:00,3213891,PANAB TEKİRDAĞ ELEKTRİK ÜRETİM SANTRALİ,103600,2026-05-31T21:00:00+03:00,21:00
40W000003213891Y,PANAB TEKİRDAĞ ELEKTRİK ÜRETİM SANTRALİ,unknown,2026-05-31 22:00:00+03:00,,3.3,chunk_0057.json,POST /v1/generation/data/dpp-bulk,2026-05-31 21:45:49.525836+00:00,3213891,PANAB TEKİRDAĞ ELEKTRİK ÜRETİM SANTRALİ,103600,2026-05-31T22:00:00+03:00,22:00
40W000003213891Y,PANAB TEKİRDAĞ ELEKTRİK ÜRETİM SANTRALİ,unknown,2026-05-31 23:00:00+03:00,,3.3,chunk_0057.json,POST /v1/generation/data/dpp-bulk,2026-05-31 21:45:49.525836+00:00,3213891,PANAB TEKİRDAĞ ELEKTRİK ÜRETİM SANTRALİ,103600,2026-05-31T23:00:00+03:00,23:00
40W000003213990W,TAŞPINAR RES(GALATA WİND),unknown,2026-05-31 00:00:00+03:00,,1.44,chunk_0057.json,POST /v1/generation/data/dpp-bulk,2026-05-31 21:45:49.525836+00:00,3213990,TAŞPINAR RES(GALATA WİND),103600,2026-05-31T00:00:00+03:00,00:00
40W000003213990W,TAŞPINAR RES(GALATA WİND),unknown,2026-05-31 01:00:00+03:00,,0.82,chunk_0057.json,POST /v1/generation/data/dpp-bulk,2026-05-31 21:45:49.525836+00:00,3213990,TAŞPINAR RES(GALATA WİND),103600,2026-05-31T01:00:00+03:00,01:00
40W000003213990W,TAŞPINAR RES(GALATA WİND),unknown,2026-05-31 02:00:00+03:00,,1.11,chunk_0057.json,POST /v1/generation/data/dpp-bulk,2026-05-31 21:45:49.525836+00:00,3213990,TAŞPINAR RES(GALATA WİND),103600,2026-05-31T02:00:00+03:00,02:00
40W000003213990W,TAŞPINAR RES(GALATA WİND),unknown,2026-05-31 03:00:00+03:00,,3.28,chunk_0057.json,POST /v1/generation/data/dpp-bulk,2026-05-31 21:45:49.525836+00:00,3213990,TAŞPINAR RES(GALATA WİND),103600,2026-05-31T03:00:00+03:00,03:00
40W000003213990W,TAŞPINAR RES(GALATA WİND),unknown,2026-05-31 04:00:00+03:00,,10.97,chunk_0057.json,POST /v1/generation/data/dpp-bulk,2026-05-31 21:45:49.525836+00:00,3213990,TAŞPINAR RES(GALATA WİND),103600,2026-05-31T04:00:00+03:00,04:00
40W000003213990W,TAŞPINAR RES(GALATA WİND),unknown,2026-05-31 05:00:00+03:00,,17.55,chunk_0057.json,POST /v1/generation/data/dpp-bulk,2026-05-31 21:45:49.525836+00:00,3213990,TAŞPINAR RES(GALATA WİND),103600,2026-05-31T05:00:00+03:00,05:00
40W000003213990W,TAŞPINAR RES(GALATA WİND),unknown,2026-05-31 06:00:00+03:00,,27.46,chunk_0057.json,POST /v1/generation/data/dpp-bulk,2026-05-31 21:45:49.525836+00:00,3213990,TAŞPINAR RES(GALATA WİND),103600,2026-05-31T06:00:00+03:00,06:00
40W000003213990W,TAŞPINAR RES(GALATA WİND),unknown,2026-05-31 07:00:00+03:00,,39.22,chunk_0057.json,POST /v1/generation/data/dpp-bulk,2026-05-31 21:45:49.525836+00:00,3213990,TAŞPINAR RES(GALATA WİND),103600,2026-05-31T07:00:00+03:00,07:00
40W000003213990W,TAŞPINAR RES(GALATA WİND),unknown,2026-05-31 08:00:00+03:00,,48.14,chunk_0057.json,POST /v1/generation/data/dpp-bulk,2026-05-31 21:45:49.525836+00:00,3213990,TAŞPINAR RES(GALATA WİND),103600,2026-05-31T08:00:00+03:00,08:00
40W000003213990W,TAŞPINAR RES(GALATA WİND),unknown,2026-05-31 09:00:00+03:00,,40.51,chunk_0057.json,POST /v1/generation/data/dpp-bulk,2026-05-31 21:45:49.525836+00:00,3213990,TAŞPINAR RES(GALATA WİND),103600,2026-05-31T09:00:00+03:00,09:00
40W000003213990W,TAŞPINAR RES(GALATA WİND),unknown,2026-05-31 10:00:00+03:00,,31.81,chunk_0057.json,POST /v1/generation/data/dpp-bulk,2026-05-31 21:45:49.525836+00:00,3213990,TAŞPINAR RES(GALATA WİND),103600,2026-05-31T10:00:00+03:00,10:00
40W000003213990W,TAŞPINAR RES(GALATA WİND),unknown,2026-05-31 11:00:00+03:00,,27.1,chunk_0057.json,POST /v1/generation/data/dpp-bulk,2026-05-31 21:45:49.525836+00:00,3213990,TAŞPINAR RES(GALATA WİND),103600,2026-05-31T11:00:00+03:00,11:00
40W000003213990W,TAŞPINAR RES(GALATA WİND),unknown,2026-05-31 12:00:00+03:00,,27.7,chunk_0057.json,POST /v1/generation/data/dpp-bulk,2026-05-31 21:45:49.525836+00:00,3213990,TAŞPINAR RES(GALATA WİND),103600,2026-05-31T12:00:00+03:00,12:00
40W000003213990W,TAŞPINAR RES(GALATA WİND),unknown,2026-05-31 13:00:00+03:00,,28.41,chunk_0057.json,POST /v1/generation/data/dpp-bulk,2026-05-31 21:45:49.525836+00:00,3213990,TAŞPINAR RES(GALATA WİND),103600,2026-05-31T13:00:00+03:00,13:00
40W000003213990W,TAŞPINAR RES(GALATA WİND),unknown,2026-05-31 14:00:00+03:00,,27.69,chunk_0057.json,POST /v1/generation/data/dpp-bulk,2026-05-31 21:45:49.525836+00:00,3213990,TAŞPINAR RES(GALATA WİND),103600,2026-05-31T14:00:00+03:00,14:00
40W000003213990W,TAŞPINAR RES(GALATA WİND),unknown,2026-05-31 15:00:00+03:00,,24.62,chunk_0057.json,POST /v1/generation/data/dpp-bulk,2026-05-31 21:45:49.525836+00:00,3213990,TAŞPINAR RES(GALATA WİND),103600,2026-05-31T15:00:00+03:00,15:00
40W000003213990W,TAŞPINAR RES(GALATA WİND),unknown,2026-05-31 16:00:00+03:00,,18.48,chunk_0057.json,POST /v1/generation/data/dpp-bulk,2026-05-31 21:45:49.525836+00:00,3213990,TAŞPINAR RES(GALATA WİND),103600,2026-05-31T16:00:00+03:00,16:00
40W000003213990W,TAŞPINAR RES(GALATA WİND),unknown,2026-05-31 17:00:00+03:00,,10.83,chunk_0057.json,POST /v1/generation/data/dpp-bulk,2026-05-31 21:45:49.525836+00:00,3213990,TAŞPINAR RES(GALATA WİND),103600,2026-05-31T17:00:00+03:00,17:00
40W000003213990W,TAŞPINAR RES(GALATA WİND),unknown,2026-05-31 18:00:00+03:00,,5.44,chunk_0057.json,POST /v1/generation/data/dpp-bulk,2026-05-31 21:45:49.525836+00:00,3213990,TAŞPINAR RES(GALATA WİND),103600,2026-05-31T18:00:00+03:00,18:00
40W000003213990W,TAŞPINAR RES(GALATA WİND),unknown,2026-05-31 19:00:00+03:00,,2.51,chunk_0057.json,POST /v1/generation/data/dpp-bulk,2026-05-31 21:45:49.525836+00:00,3213990,TAŞPINAR RES(GALATA WİND),103600,2026-05-31T19:00:00+03:00,19:00
40W000003213990W,TAŞPINAR RES(GALATA WİND),unknown,2026-05-31 20:00:00+03:00,,2.7,chunk_0057.json,POST /v1/generation/data/dpp-bulk,2026-05-31 21:45:49.525836+00:00,3213990,TAŞPINAR RES(GALATA WİND),103600,2026-05-31T20:00:00+03:00,20:00
40W000003213990W,TAŞPINAR RES(GALATA WİND),unknown,2026-05-31 21:00:00+03:00,,1.34,chunk_0057.json,POST /v1/generation/data/dpp-bulk,2026-05-31 21:45:49.525836+00:00,3213990,TAŞPINAR RES(GALATA WİND),103600,2026-05-31T21:00:00+03:00,21:00
40W000003213990W,TAŞPINAR RES(GALATA WİND),unknown,2026-05-31 22:00:00+03:00,,0.69,chunk_0057.json,POST /v1/generation/data/dpp-bulk,2026-05-31 21:45:49.525836+00:00,3213990,TAŞPINAR RES(GALATA WİND),103600,2026-05-31T22:00:00+03:00,22:00
40W000003213990W,TAŞPINAR RES(GALATA WİND),unknown,2026-05-31 23:00:00+03:00,,0.76,chunk_0057.json,POST /v1/generation/data/dpp-bulk,2026-05-31 21:45:49.525836+00:00,3213990,TAŞPINAR RES(GALATA WİND),103600,2026-05-31T23:00:00+03:00,23:00
40W0000032140145,DUMANOĞLU BES,unknown,2026-05-31 00:00:00+03:00,,1.1,chunk_0057.json,POST /v1/generation/data/dpp-bulk,2026-05-31 21:45:49.525836+00:00,3214014,DUMANOĞLU BES,103600,2026-05-31T00:00:00+03:00,00:00
40W0000032140145,DUMANOĞLU BES,unknown,2026-05-31 01:00:00+03:00,,1.1,chunk_0057.json,POST /v1/generation/data/dpp-bulk,2026-05-31 21:45:49.525836+00:00,3214014,DUMANOĞLU BES,103600,2026-05-31T01:00:00+03:00,01:00
40W0000032140145,DUMANOĞLU BES,unknown,2026-05-31 02:00:00+03:00,,1.1,chunk_0057.json,POST /v1/generation/data/dpp-bulk,2026-05-31 21:45:49.525836+00:00,3214014,DUMANOĞLU BES,103600,2026-05-31T02:00:00+03:00,02:00
40W0000032140145,DUMANOĞLU BES,unknown,2026-05-31 03:00:00+03:00,,1.1,chunk_0057.json,POST /v1/generation/data/dpp-bulk,2026-05-31 21:45:49.525836+00:00,3214014,DUMANOĞLU BES,103600,2026-05-31T03:00:00+03:00,03:00
40W0000032140145,DUMANOĞLU BES,unknown,2026-05-31 04:00:00+03:00,,1.1,chunk_0057.json,POST /v1/generation/data/dpp-bulk,2026-05-31 21:45:49.525836+00:00,3214014,DUMANOĞLU BES,103600,2026-05-31T04:00:00+03:00,04:00
40W0000032140145,DUMANOĞLU BES,unknown,2026-05-31 05:00:00+03:00,,1.1,chunk_0057.json,POST /v1/generation/data/dpp-bulk,2026-05-31 21:45:49.525836+00:00,3214014,DUMANOĞLU BES,103600,2026-05-31T05:00:00+03:00,05:00
40W0000032140145,DUMANOĞLU BES,unknown,2026-05-31 06:00:00+03:00,,1.1,chunk_0057.json,POST /v1/generation/data/dpp-bulk,2026-05-31 21:45:49.525836+00:00,3214014,DUMANOĞLU BES,103600,2026-05-31T06:00:00+03:00,06:00
40W0000032140145,DUMANOĞLU BES,unknown,2026-05-31 07:00:00+03:00,,1.0,chunk_0057.json,POST /v1/generation/data/dpp-bulk,2026-05-31 21:45:49.525836+00:00,3214014,DUMANOĞLU BES,103600,2026-05-31T07:00:00+03:00,07:00
40W0000032140145,DUMANOĞLU BES,unknown,2026-05-31 08:00:00+03:00,,1.0,chunk_0057.json,POST /v1/generation/data/dpp-bulk,2026-05-31 21:45:49.525836+00:00,3214014,DUMANOĞLU BES,103600,2026-05-31T08:00:00+03:00,08:00
40W0000032140145,DUMANOĞLU BES,unknown,2026-05-31 09:00:00+03:00,,1.2,chunk_0057.json,POST /v1/generation/data/dpp-bulk,2026-05-31 21:45:49.525836+00:00,3214014,DUMANOĞLU BES,103600,2026-05-31T09:00:00+03:00,09:00
40W0000032140145,DUMANOĞLU BES,unknown,2026-05-31 10:00:00+03:00,,1.2,chunk_0057.json,POST /v1/generation/data/dpp-bulk,2026-05-31 21:45:49.525836+00:00,3214014,DUMANOĞLU BES,103600,2026-05-31T10:00:00+03:00,10:00
40W0000032140145,DUMANOĞLU BES,unknown,2026-05-31 11:00:00+03:00,,1.2,chunk_0057.json,POST /v1/generation/data/dpp-bulk,2026-05-31 21:45:49.525836+00:00,3214014,DUMANOĞLU BES,103600,2026-05-31T11:00:00+03:00,11:00
40W0000032140145,DUMANOĞLU BES,unknown,2026-05-31 12:00:00+03:00,,1.2,chunk_0057.json,POST /v1/generation/data/dpp-bulk,2026-05-31 21:45:49.525836+00:00,3214014,DUMANOĞLU BES,103600,2026-05-31T12:00:00+03:00,12:00
40W0000032140145,DUMANOĞLU BES,unknown,2026-05-31 13:00:00+03:00,,1.2,chunk_0057.json,POST /v1/generation/data/dpp-bulk,2026-05-31 21:45:49.525836+00:00,3214014,DUMANOĞLU BES,103600,2026-05-31T13:00:00+03:00,13:00
40W0000032140145,DUMANOĞLU BES,unknown,2026-05-31 14:00:00+03:00,,1.2,chunk_0057.json,POST /v1/generation/data/dpp-bulk,2026-05-31 21:45:49.525836+00:00,3214014,DUMANOĞLU BES,103600,2026-05-31T14:00:00+03:00,14:00
40W0000032140145,DUMANOĞLU BES,unknown,2026-05-31 15:00:00+03:00,,1.2,chunk_0057.json,POST /v1/generation/data/dpp-bulk,2026-05-31 21:45:49.525836+00:00,3214014,DUMANOĞLU BES,103600,2026-05-31T15:00:00+03:00,15:00
40W0000032140145,DUMANOĞLU BES,unknown,2026-05-31 16:00:00+03:00,,1.2,chunk_0057.json,POST /v1/generation/data/dpp-bulk,2026-05-31 21:45:49.525836+00:00,3214014,DUMANOĞLU BES,103600,2026-05-31T16:00:00+03:00,16:00
40W0000032140145,DUMANOĞLU BES,unknown,2026-05-31 17:00:00+03:00,,1.2,chunk_0057.json,POST /v1/generation/data/dpp-bulk,2026-05-31 21:45:49.525836+00:00,3214014,DUMANOĞLU BES,103600,2026-05-31T17:00:00+03:00,17:00
40W0000032140145,DUMANOĞLU BES,unknown,2026-05-31 18:00:00+03:00,,1.1,chunk_0057.json,POST /v1/generation/data/dpp-bulk,2026-05-31 21:45:49.525836+00:00,3214014,DUMANOĞLU BES,103600,2026-05-31T18:00:00+03:00,18:00
40W0000032140145,DUMANOĞLU BES,unknown,2026-05-31 19:00:00+03:00,,1.1,chunk_0057.json,POST /v1/generation/data/dpp-bulk,2026-05-31 21:45:49.525836+00:00,3214014,DUMANOĞLU BES,103600,2026-05-31T19:00:00+03:00,19:00
40W0000032140145,DUMANOĞLU BES,unknown,2026-05-31 20:00:00+03:00,,1.1,chunk_0057.json,POST /v1/generation/data/dpp-bulk,2026-05-31 21:45:49.525836+00:00,3214014,DUMANOĞLU BES,103600,2026-05-31T20:00:00+03:00,20:00
40W0000032140145,DUMANOĞLU BES,unknown,2026-05-31 21:00:00+03:00,,1.1,chunk_0057.json,POST /v1/generation/data/dpp-bulk,2026-05-31 21:45:49.525836+00:00,3214014,DUMANOĞLU BES,103600,2026-05-31T21:00:00+03:00,21:00
40W0000032140145,DUMANOĞLU BES,unknown,2026-05-31 22:00:00+03:00,,1.1,chunk_0057.json,POST /v1/generation/data/dpp-bulk,2026-05-31 21:45:49.525836+00:00,3214014,DUMANOĞLU BES,103600,2026-05-31T22:00:00+03:00,22:00
40W0000032140145,DUMANOĞLU BES,unknown,2026-05-31 23:00:00+03:00,,1.1,chunk_0057.json,POST /v1/generation/data/dpp-bulk,2026-05-31 21:45:49.525836+00:00,3214014,DUMANOĞLU BES,103600,2026-05-31T23:00:00+03:00,23:00
40W000003214011B,YENİKÖY RES(AYES),unknown,2026-05-31 00:00:00+03:00,,0.04,chunk_0057.json,POST /v1/generation/data/dpp-bulk,2026-05-31 21:45:49.525836+00:00,3214011,YENİKÖY RES(AYES),103820,2026-05-31T00:00:00+03:00,00:00
40W000003214011B,YENİKÖY RES(AYES),unknown,2026-05-31 01:00:00+03:00,,0.02,chunk_0057.json,POST /v1/generation/data/dpp-bulk,2026-05-31 21:45:49.525836+00:00,3214011,YENİKÖY RES(AYES),103820,2026-05-31T01:00:00+03:00,01:00
40W000003214011B,YENİKÖY RES(AYES),unknown,2026-05-31 02:00:00+03:00,,0.02,chunk_0057.json,POST /v1/generation/data/dpp-bulk,2026-05-31 21:45:49.525836+00:00,3214011,YENİKÖY RES(AYES),103820,2026-05-31T02:00:00+03:00,02:00
40W000003214011B,YENİKÖY RES(AYES),unknown,2026-05-31 03:00:00+03:00,,0.03,chunk_0057.json,POST /v1/generation/data/dpp-bulk,2026-05-31 21:45:49.525836+00:00,3214011,YENİKÖY RES(AYES),103820,2026-05-31T03:00:00+03:00,03:00
40W000003214011B,YENİKÖY RES(AYES),unknown,2026-05-31 04:00:00+03:00,,0.04,chunk_0057.json,POST /v1/generation/data/dpp-bulk,2026-05-31 21:45:49.525836+00:00,3214011,YENİKÖY RES(AYES),103820,2026-05-31T04:00:00+03:00,04:00
40W000003214011B,YENİKÖY RES(AYES),unknown,2026-05-31 05:00:00+03:00,,0.05,chunk_0057.json,POST /v1/generation/data/dpp-bulk,2026-05-31 21:45:49.525836+00:00,3214011,YENİKÖY RES(AYES),103820,2026-05-31T05:00:00+03:00,05:00
40W000003214011B,YENİKÖY RES(AYES),unknown,2026-05-31 06:00:00+03:00,,0.06,chunk_0057.json,POST /v1/generation/data/dpp-bulk,2026-05-31 21:45:49.525836+00:00,3214011,YENİKÖY RES(AYES),103820,2026-05-31T06:00:00+03:00,06:00
40W000003214011B,YENİKÖY RES(AYES),unknown,2026-05-31 07:00:00+03:00,,0.07,chunk_0057.json,POST /v1/generation/data/dpp-bulk,2026-05-31 21:45:49.525836+00:00,3214011,YENİKÖY RES(AYES),103820,2026-05-31T07:00:00+03:00,07:00
40W000003214011B,YENİKÖY RES(AYES),unknown,2026-05-31 08:00:00+03:00,,0.05,chunk_0057.json,POST /v1/generation/data/dpp-bulk,2026-05-31 21:45:49.525836+00:00,3214011,YENİKÖY RES(AYES),103820,2026-05-31T08:00:00+03:00,08:00
40W000003214011B,YENİKÖY RES(AYES),unknown,2026-05-31 09:00:00+03:00,,0.03,chunk_0057.json,POST /v1/generation/data/dpp-bulk,2026-05-31 21:45:49.525836+00:00,3214011,YENİKÖY RES(AYES),103820,2026-05-31T09:00:00+03:00,09:00
40W000003214011B,YENİKÖY RES(AYES),unknown,2026-05-31 10:00:00+03:00,,0.03,chunk_0057.json,POST /v1/generation/data/dpp-bulk,2026-05-31 21:45:49.525836+00:00,3214011,YENİKÖY RES(AYES),103820,2026-05-31T10:00:00+03:00,10:00
40W000003214011B,YENİKÖY RES(AYES),unknown,2026-05-31 11:00:00+03:00,,0.04,chunk_0057.json,POST /v1/generation/data/dpp-bulk,2026-05-31 21:45:49.525836+00:00,3214011,YENİKÖY RES(AYES),103820,2026-05-31T11:00:00+03:00,11:00
40W000003214011B,YENİKÖY RES(AYES),unknown,2026-05-31 12:00:00+03:00,,0.09,chunk_0057.json,POST /v1/generation/data/dpp-bulk,2026-05-31 21:45:49.525836+00:00,3214011,YENİKÖY RES(AYES),103820,2026-05-31T12:00:00+03:00,12:00
40W000003214011B,YENİKÖY RES(AYES),unknown,2026-05-31 13:00:00+03:00,,0.15,chunk_0057.json,POST /v1/generation/data/dpp-bulk,2026-05-31 21:45:49.525836+00:00,3214011,YENİKÖY RES(AYES),103820,2026-05-31T13:00:00+03:00,13:00
40W000003214011B,YENİKÖY RES(AYES),unknown,2026-05-31 14:00:00+03:00,,0.2,chunk_0057.json,POST /v1/generation/data/dpp-bulk,2026-05-31 21:45:49.525836+00:00,3214011,YENİKÖY RES(AYES),103820,2026-05-31T14:00:00+03:00,14:00
40W000003214011B,YENİKÖY RES(AYES),unknown,2026-05-31 15:00:00+03:00,,0.25,chunk_0057.json,POST /v1/generation/data/dpp-bulk,2026-05-31 21:45:49.525836+00:00,3214011,YENİKÖY RES(AYES),103820,2026-05-31T15:00:00+03:00,15:00
40W000003214011B,YENİKÖY RES(AYES),unknown,2026-05-31 16:00:00+03:00,,0.28,chunk_0057.json,POST /v1/generation/data/dpp-bulk,2026-05-31 21:45:49.525836+00:00,3214011,YENİKÖY RES(AYES),103820,2026-05-31T16:00:00+03:00,16:00
40W000003214011B,YENİKÖY RES(AYES),unknown,2026-05-31 17:00:00+03:00,,0.27,chunk_0057.json,POST /v1/generation/data/dpp-bulk,2026-05-31 21:45:49.525836+00:00,3214011,YENİKÖY RES(AYES),103820,2026-05-31T17:00:00+03:00,17:00
40W000003214011B,YENİKÖY RES(AYES),unknown,2026-05-31 18:00:00+03:00,,0.49,chunk_0057.json,POST /v1/generation/data/dpp-bulk,2026-05-31 21:45:49.525836+00:00,3214011,YENİKÖY RES(AYES),103820,2026-05-31T18:00:00+03:00,18:00
40W000003214011B,YENİKÖY RES(AYES),unknown,2026-05-31 19:00:00+03:00,,0.16,chunk_0057.json,POST /v1/generation/data/dpp-bulk,2026-05-31 21:45:49.525836+00:00,3214011,YENİKÖY RES(AYES),103820,2026-05-31T19:00:00+03:00,19:00
40W000003214011B,YENİKÖY RES(AYES),unknown,2026-05-31 20:00:00+03:00,,0.32,chunk_0057.json,POST /v1/generation/data/dpp-bulk,2026-05-31 21:45:49.525836+00:00,3214011,YENİKÖY RES(AYES),103820,2026-05-31T20:00:00+03:00,20:00
40W000003214011B,YENİKÖY RES(AYES),unknown,2026-05-31 21:00:00+03:00,,0.16,chunk_0057.json,POST /v1/generation/data/dpp-bulk,2026-05-31 21:45:49.525836+00:00,3214011,YENİKÖY RES(AYES),103820,2026-05-31T21:00:00+03:00,21:00
40W000003214011B,YENİKÖY RES(AYES),unknown,2026-05-31 22:00:00+03:00,,0.17,chunk_0057.json,POST /v1/generation/data/dpp-bulk,2026-05-31 21:45:49.525836+00:00,3214011,YENİKÖY RES(AYES),103820,2026-05-31T22:00:00+03:00,22:00
40W000003214011B,YENİKÖY RES(AYES),unknown,2026-05-31 23:00:00+03:00,,0.19,chunk_0057.json,POST /v1/generation/data/dpp-bulk,2026-05-31 21:45:49.525836+00:00,3214011,YENİKÖY RES(AYES),103820,2026-05-31T23:00:00+03:00,23:00
40W0000032139507,ALİCİK I-II HES,unknown,2026-05-31 00:00:00+03:00,,5.0,chunk_0057.json,POST /v1/generation/data/dpp-bulk,2026-05-31 21:45:49.525836+00:00,3213950,ALİCİK I-II HES,104381,2026-05-31T00:00:00+03:00,00:00
40W0000032139507,ALİCİK I-II HES,unknown,2026-05-31 01:00:00+03:00,,5.0,chunk_0057.json,POST /v1/generation/data/dpp-bulk,2026-05-31 21:45:49.525836+00:00,3213950,ALİCİK I-II HES,104381,2026-05-31T01:00:00+03:00,01:00
40W0000032139507,ALİCİK I-II HES,unknown,2026-05-31 02:00:00+03:00,,5.0,chunk_0057.json,POST /v1/generation/data/dpp-bulk,2026-05-31 21:45:49.525836+00:00,3213950,ALİCİK I-II HES,104381,2026-05-31T02:00:00+03:00,02:00
40W0000032139507,ALİCİK I-II HES,unknown,2026-05-31 03:00:00+03:00,,5.0,chunk_0057.json,POST /v1/generation/data/dpp-bulk,2026-05-31 21:45:49.525836+00:00,3213950,ALİCİK I-II HES,104381,2026-05-31T03:00:00+03:00,03:00
40W0000032139507,ALİCİK I-II HES,unknown,2026-05-31 04:00:00+03:00,,5.0,chunk_0057.json,POST /v1/generation/data/dpp-bulk,2026-05-31 21:45:49.525836+00:00,3213950,ALİCİK I-II HES,104381,2026-05-31T04:00:00+03:00,04:00
40W0000032139507,ALİCİK I-II HES,unknown,2026-05-31 05:00:00+03:00,,5.0,chunk_0057.json,POST /v1/generation/data/dpp-bulk,2026-05-31 21:45:49.525836+00:00,3213950,ALİCİK I-II HES,104381,2026-05-31T05:00:00+03:00,05:00
40W0000032139507,ALİCİK I-II HES,unknown,2026-05-31 06:00:00+03:00,,5.0,chunk_0057.json,POST /v1/generation/data/dpp-bulk,2026-05-31 21:45:49.525836+00:00,3213950,ALİCİK I-II HES,104381,2026-05-31T06:00:00+03:00,06:00
40W0000032139507,ALİCİK I-II HES,unknown,2026-05-31 07:00:00+03:00,,5.0,chunk_0057.json,POST /v1/generation/data/dpp-bulk,2026-05-31 21:45:49.525836+00:00,3213950,ALİCİK I-II HES,104381,2026-05-31T07:00:00+03:00,07:00
40W0000032139507,ALİCİK I-II HES,unknown,2026-05-31 08:00:00+03:00,,5.0,chunk_0057.json,POST /v1/generation/data/dpp-bulk,2026-05-31 21:45:49.525836+00:00,3213950,ALİCİK I-II HES,104381,2026-05-31T08:00:00+03:00,08:00
40W0000032139507,ALİCİK I-II HES,unknown,2026-05-31 09:00:00+03:00,,5.0,chunk_0057.json,POST /v1/generation/data/dpp-bulk,2026-05-31 21:45:49.525836+00:00,3213950,ALİCİK I-II HES,104381,2026-05-31T09:00:00+03:00,09:00
40W0000032139507,ALİCİK I-II HES,unknown,2026-05-31 10:00:00+03:00,,5.0,chunk_0057.json,POST /v1/generation/data/dpp-bulk,2026-05-31 21:45:49.525836+00:00,3213950,ALİCİK I-II HES,104381,2026-05-31T10:00:00+03:00,10:00
40W0000032139507,ALİCİK I-II HES,unknown,2026-05-31 11:00:00+03:00,,5.0,chunk_0057.json,POST /v1/generation/data/dpp-bulk,2026-05-31 21:45:49.525836+00:00,3213950,ALİCİK I-II HES,104381,2026-05-31T11:00:00+03:00,11:00
40W0000032139507,ALİCİK I-II HES,unknown,2026-05-31 12:00:00+03:00,,5.0,chunk_0057.json,POST /v1/generation/data/dpp-bulk,2026-05-31 21:45:49.525836+00:00,3213950,ALİCİK I-II HES,104381,2026-05-31T12:00:00+03:00,12:00
40W0000032139507,ALİCİK I-II HES,unknown,2026-05-31 13:00:00+03:00,,5.0,chunk_0057.json,POST /v1/generation/data/dpp-bulk,2026-05-31 21:45:49.525836+00:00,3213950,ALİCİK I-II HES,104381,2026-05-31T13:00:00+03:00,13:00
40W0000032139507,ALİCİK I-II HES,unknown,2026-05-31 14:00:00+03:00,,5.0,chunk_0057.json,POST /v1/generation/data/dpp-bulk,2026-05-31 21:45:49.525836+00:00,3213950,ALİCİK I-II HES,104381,2026-05-31T14:00:00+03:00,14:00
40W0000032139507,ALİCİK I-II HES,unknown,2026-05-31 15:00:00+03:00,,5.0,chunk_0057.json,POST /v1/generation/data/dpp-bulk,2026-05-31 21:45:49.525836+00:00,3213950,ALİCİK I-II HES,104381,2026-05-31T15:00:00+03:00,15:00
40W0000032139507,ALİCİK I-II HES,unknown,2026-05-31 16:00:00+03:00,,5.0,chunk_0057.json,POST /v1/generation/data/dpp-bulk,2026-05-31 21:45:49.525836+00:00,3213950,ALİCİK I-II HES,104381,2026-05-31T16:00:00+03:00,16:00
40W0000032139507,ALİCİK I-II HES,unknown,2026-05-31 17:00:00+03:00,,5.0,chunk_0057.json,POST /v1/generation/data/dpp-bulk,2026-05-31 21:45:49.525836+00:00,3213950,ALİCİK I-II HES,104381,2026-05-31T17:00:00+03:00,17:00
40W0000032139507,ALİCİK I-II HES,unknown,2026-05-31 18:00:00+03:00,,5.0,chunk_0057.json,POST /v1/generation/data/dpp-bulk,2026-05-31 21:45:49.525836+00:00,3213950,ALİCİK I-II HES,104381,2026-05-31T18:00:00+03:00,18:00
40W0000032139507,ALİCİK I-II HES,unknown,2026-05-31 19:00:00+03:00,,5.0,chunk_0057.json,POST /v1/generation/data/dpp-bulk,2026-05-31 21:45:49.525836+00:00,3213950,ALİCİK I-II HES,104381,2026-05-31T19:00:00+03:00,19:00
40W0000032139507,ALİCİK I-II HES,unknown,2026-05-31 20:00:00+03:00,,5.0,chunk_0057.json,POST /v1/generation/data/dpp-bulk,2026-05-31 21:45:49.525836+00:00,3213950,ALİCİK I-II HES,104381,2026-05-31T20:00:00+03:00,20:00
40W0000032139507,ALİCİK I-II HES,unknown,2026-05-31 21:00:00+03:00,,5.0,chunk_0057.json,POST /v1/generation/data/dpp-bulk,2026-05-31 21:45:49.525836+00:00,3213950,ALİCİK I-II HES,104381,2026-05-31T21:00:00+03:00,21:00
40W0000032139507,ALİCİK I-II HES,unknown,2026-05-31 22:00:00+03:00,,5.0,chunk_0057.json,POST /v1/generation/data/dpp-bulk,2026-05-31 21:45:49.525836+00:00,3213950,ALİCİK I-II HES,104381,2026-05-31T22:00:00+03:00,22:00
40W0000032139507,ALİCİK I-II HES,unknown,2026-05-31 23:00:00+03:00,,5.0,chunk_0057.json,POST /v1/generation/data/dpp-bulk,2026-05-31 21:45:49.525836+00:00,3213950,ALİCİK I-II HES,104381,2026-05-31T23:00:00+03:00,23:00
40W100003214017N,AFYON BİOGAZ ELEKTRİK ÜRETİM TESİSİ,unknown,2026-05-31 00:00:00+03:00,,1.6,chunk_0057.json,POST /v1/generation/data/dpp-bulk,2026-05-31 21:45:49.525836+00:00,3214017,AFYON BİOGAZ ELEKTRİK ÜRETİM TESİSİ,104523,2026-05-31T00:00:00+03:00,00:00
40W100003214017N,AFYON BİOGAZ ELEKTRİK ÜRETİM TESİSİ,unknown,2026-05-31 01:00:00+03:00,,1.6,chunk_0057.json,POST /v1/generation/data/dpp-bulk,2026-05-31 21:45:49.525836+00:00,3214017,AFYON BİOGAZ ELEKTRİK ÜRETİM TESİSİ,104523,2026-05-31T01:00:00+03:00,01:00
40W100003214017N,AFYON BİOGAZ ELEKTRİK ÜRETİM TESİSİ,unknown,2026-05-31 02:00:00+03:00,,1.6,chunk_0057.json,POST /v1/generation/data/dpp-bulk,2026-05-31 21:45:49.525836+00:00,3214017,AFYON BİOGAZ ELEKTRİK ÜRETİM TESİSİ,104523,2026-05-31T02:00:00+03:00,02:00
40W100003214017N,AFYON BİOGAZ ELEKTRİK ÜRETİM TESİSİ,unknown,2026-05-31 03:00:00+03:00,,1.6,chunk_0057.json,POST /v1/generation/data/dpp-bulk,2026-05-31 21:45:49.525836+00:00,3214017,AFYON BİOGAZ ELEKTRİK ÜRETİM TESİSİ,104523,2026-05-31T03:00:00+03:00,03:00
40W100003214017N,AFYON BİOGAZ ELEKTRİK ÜRETİM TESİSİ,unknown,2026-05-31 04:00:00+03:00,,1.6,chunk_0057.json,POST /v1/generation/data/dpp-bulk,2026-05-31 21:45:49.525836+00:00,3214017,AFYON BİOGAZ ELEKTRİK ÜRETİM TESİSİ,104523,2026-05-31T04:00:00+03:00,04:00
40W100003214017N,AFYON BİOGAZ ELEKTRİK ÜRETİM TESİSİ,unknown,2026-05-31 05:00:00+03:00,,1.6,chunk_0057.json,POST /v1/generation/data/dpp-bulk,2026-05-31 21:45:49.525836+00:00,3214017,AFYON BİOGAZ ELEKTRİK ÜRETİM TESİSİ,104523,2026-05-31T05:00:00+03:00,05:00
40W100003214017N,AFYON BİOGAZ ELEKTRİK ÜRETİM TESİSİ,unknown,2026-05-31 06:00:00+03:00,,1.6,chunk_0057.json,POST /v1/generation/data/dpp-bulk,2026-05-31 21:45:49.525836+00:00,3214017,AFYON BİOGAZ ELEKTRİK ÜRETİM TESİSİ,104523,2026-05-31T06:00:00+03:00,06:00
40W100003214017N,AFYON BİOGAZ ELEKTRİK ÜRETİM TESİSİ,unknown,2026-05-31 07:00:00+03:00,,1.6,chunk_0057.json,POST /v1/generation/data/dpp-bulk,2026-05-31 21:45:49.525836+00:00,3214017,AFYON BİOGAZ ELEKTRİK ÜRETİM TESİSİ,104523,2026-05-31T07:00:00+03:00,07:00
40W100003214017N,AFYON BİOGAZ ELEKTRİK ÜRETİM TESİSİ,unknown,2026-05-31 08:00:00+03:00,,1.6,chunk_0057.json,POST /v1/generation/data/dpp-bulk,2026-05-31 21:45:49.525836+00:00,3214017,AFYON BİOGAZ ELEKTRİK ÜRETİM TESİSİ,104523,2026-05-31T08:00:00+03:00,08:00
40W100003214017N,AFYON BİOGAZ ELEKTRİK ÜRETİM TESİSİ,unknown,2026-05-31 09:00:00+03:00,,1.6,chunk_0057.json,POST /v1/generation/data/dpp-bulk,2026-05-31 21:45:49.525836+00:00,3214017,AFYON BİOGAZ ELEKTRİK ÜRETİM TESİSİ,104523,2026-05-31T09:00:00+03:00,09:00
40W100003214017N,AFYON BİOGAZ ELEKTRİK ÜRETİM TESİSİ,unknown,2026-05-31 10:00:00+03:00,,1.6,chunk_0057.json,POST /v1/generation/data/dpp-bulk,2026-05-31 21:45:49.525836+00:00,3214017,AFYON BİOGAZ ELEKTRİK ÜRETİM TESİSİ,104523,2026-05-31T10:00:00+03:00,10:00
40W100003214017N,AFYON BİOGAZ ELEKTRİK ÜRETİM TESİSİ,unknown,2026-05-31 11:00:00+03:00,,1.6,chunk_0057.json,POST /v1/generation/data/dpp-bulk,2026-05-31 21:45:49.525836+00:00,3214017,AFYON BİOGAZ ELEKTRİK ÜRETİM TESİSİ,104523,2026-05-31T11:00:00+03:00,11:00
40W100003214017N,AFYON BİOGAZ ELEKTRİK ÜRETİM TESİSİ,unknown,2026-05-31 12:00:00+03:00,,1.6,chunk_0057.json,POST /v1/generation/data/dpp-bulk,2026-05-31 21:45:49.525836+00:00,3214017,AFYON BİOGAZ ELEKTRİK ÜRETİM TESİSİ,104523,2026-05-31T12:00:00+03:00,12:00
40W100003214017N,AFYON BİOGAZ ELEKTRİK ÜRETİM TESİSİ,unknown,2026-05-31 13:00:00+03:00,,1.6,chunk_0057.json,POST /v1/generation/data/dpp-bulk,2026-05-31 21:45:49.525836+00:00,3214017,AFYON BİOGAZ ELEKTRİK ÜRETİM TESİSİ,104523,2026-05-31T13:00:00+03:00,13:00
40W100003214017N,AFYON BİOGAZ ELEKTRİK ÜRETİM TESİSİ,unknown,2026-05-31 14:00:00+03:00,,1.6,chunk_0057.json,POST /v1/generation/data/dpp-bulk,2026-05-31 21:45:49.525836+00:00,3214017,AFYON BİOGAZ ELEKTRİK ÜRETİM TESİSİ,104523,2026-05-31T14:00:00+03:00,14:00
40W100003214017N,AFYON BİOGAZ ELEKTRİK ÜRETİM TESİSİ,unknown,2026-05-31 15:00:00+03:00,,1.6,chunk_0057.json,POST /v1/generation/data/dpp-bulk,2026-05-31 21:45:49.525836+00:00,3214017,AFYON BİOGAZ ELEKTRİK ÜRETİM TESİSİ,104523,2026-05-31T15:00:00+03:00,15:00
40W100003214017N,AFYON BİOGAZ ELEKTRİK ÜRETİM TESİSİ,unknown,2026-05-31 16:00:00+03:00,,1.6,chunk_0057.json,POST /v1/generation/data/dpp-bulk,2026-05-31 21:45:49.525836+00:00,3214017,AFYON BİOGAZ ELEKTRİK ÜRETİM TESİSİ,104523,2026-05-31T16:00:00+03:00,16:00
40W100003214017N,AFYON BİOGAZ ELEKTRİK ÜRETİM TESİSİ,unknown,2026-05-31 17:00:00+03:00,,1.6,chunk_0057.json,POST /v1/generation/data/dpp-bulk,2026-05-31 21:45:49.525836+00:00,3214017,AFYON BİOGAZ ELEKTRİK ÜRETİM TESİSİ,104523,2026-05-31T17:00:00+03:00,17:00
40W100003214017N,AFYON BİOGAZ ELEKTRİK ÜRETİM TESİSİ,unknown,2026-05-31 18:00:00+03:00,,1.6,chunk_0057.json,POST /v1/generation/data/dpp-bulk,2026-05-31 21:45:49.525836+00:00,3214017,AFYON BİOGAZ ELEKTRİK ÜRETİM TESİSİ,104523,2026-05-31T18:00:00+03:00,18:00
40W100003214017N,AFYON BİOGAZ ELEKTRİK ÜRETİM TESİSİ,unknown,2026-05-31 19:00:00+03:00,,1.6,chunk_0057.json,POST /v1/generation/data/dpp-bulk,2026-05-31 21:45:49.525836+00:00,3214017,AFYON BİOGAZ ELEKTRİK ÜRETİM TESİSİ,104523,2026-05-31T19:00:00+03:00,19:00
40W100003214017N,AFYON BİOGAZ ELEKTRİK ÜRETİM TESİSİ,unknown,2026-05-31 20:00:00+03:00,,1.6,chunk_0057.json,POST /v1/generation/data/dpp-bulk,2026-05-31 21:45:49.525836+00:00,3214017,AFYON BİOGAZ ELEKTRİK ÜRETİM TESİSİ,104523,2026-05-31T20:00:00+03:00,20:00
40W100003214017N,AFYON BİOGAZ ELEKTRİK ÜRETİM TESİSİ,unknown,2026-05-31 21:00:00+03:00,,1.6,chunk_0057.json,POST /v1/generation/data/dpp-bulk,2026-05-31 21:45:49.525836+00:00,3214017,AFYON BİOGAZ ELEKTRİK ÜRETİM TESİSİ,104523,2026-05-31T21:00:00+03:00,21:00
40W100003214017N,AFYON BİOGAZ ELEKTRİK ÜRETİM TESİSİ,unknown,2026-05-31 22:00:00+03:00,,1.6,chunk_0057.json,POST /v1/generation/data/dpp-bulk,2026-05-31 21:45:49.525836+00:00,3214017,AFYON BİOGAZ ELEKTRİK ÜRETİM TESİSİ,104523,2026-05-31T22:00:00+03:00,22:00
40W100003214017N,AFYON BİOGAZ ELEKTRİK ÜRETİM TESİSİ,unknown,2026-05-31 23:00:00+03:00,,1.6,chunk_0057.json,POST /v1/generation/data/dpp-bulk,2026-05-31 21:45:49.525836+00:00,3214017,AFYON BİOGAZ ELEKTRİK ÜRETİM TESİSİ,104523,2026-05-31T23:00:00+03:00,23:00
40W0000032139337,ÖZBEK RES,unknown,2026-05-31 00:00:00+03:00,,13.67,chunk_0057.json,POST /v1/generation/data/dpp-bulk,2026-05-31 21:45:49.525836+00:00,3213933,ÖZBEK RES,104722,2026-05-31T00:00:00+03:00,00:00
40W0000032139337,ÖZBEK RES,unknown,2026-05-31 01:00:00+03:00,,13.64,chunk_0057.json,POST /v1/generation/data/dpp-bulk,2026-05-31 21:45:49.525836+00:00,3213933,ÖZBEK RES,104722,2026-05-31T01:00:00+03:00,01:00
40W0000032139337,ÖZBEK RES,unknown,2026-05-31 02:00:00+03:00,,12.39,chunk_0057.json,POST /v1/generation/data/dpp-bulk,2026-05-31 21:45:49.525836+00:00,3213933,ÖZBEK RES,104722,2026-05-31T02:00:00+03:00,02:00
40W0000032139337,ÖZBEK RES,unknown,2026-05-31 03:00:00+03:00,,11.26,chunk_0057.json,POST /v1/generation/data/dpp-bulk,2026-05-31 21:45:49.525836+00:00,3213933,ÖZBEK RES,104722,2026-05-31T03:00:00+03:00,03:00
40W0000032139337,ÖZBEK RES,unknown,2026-05-31 04:00:00+03:00,,9.13,chunk_0057.json,POST /v1/generation/data/dpp-bulk,2026-05-31 21:45:49.525836+00:00,3213933,ÖZBEK RES,104722,2026-05-31T04:00:00+03:00,04:00
40W0000032139337,ÖZBEK RES,unknown,2026-05-31 05:00:00+03:00,,7.22,chunk_0057.json,POST /v1/generation/data/dpp-bulk,2026-05-31 21:45:49.525836+00:00,3213933,ÖZBEK RES,104722,2026-05-31T05:00:00+03:00,05:00
40W0000032139337,ÖZBEK RES,unknown,2026-05-31 06:00:00+03:00,,5.32,chunk_0057.json,POST /v1/generation/data/dpp-bulk,2026-05-31 21:45:49.525836+00:00,3213933,ÖZBEK RES,104722,2026-05-31T06:00:00+03:00,06:00
40W0000032139337,ÖZBEK RES,unknown,2026-05-31 07:00:00+03:00,,3.78,chunk_0057.json,POST /v1/generation/data/dpp-bulk,2026-05-31 21:45:49.525836+00:00,3213933,ÖZBEK RES,104722,2026-05-31T07:00:00+03:00,07:00
40W0000032139337,ÖZBEK RES,unknown,2026-05-31 08:00:00+03:00,,2.45,chunk_0057.json,POST /v1/generation/data/dpp-bulk,2026-05-31 21:45:49.525836+00:00,3213933,ÖZBEK RES,104722,2026-05-31T08:00:00+03:00,08:00
40W0000032139337,ÖZBEK RES,unknown,2026-05-31 09:00:00+03:00,,1.43,chunk_0057.json,POST /v1/generation/data/dpp-bulk,2026-05-31 21:45:49.525836+00:00,3213933,ÖZBEK RES,104722,2026-05-31T09:00:00+03:00,09:00
40W0000032139337,ÖZBEK RES,unknown,2026-05-31 10:00:00+03:00,,0.92,chunk_0057.json,POST /v1/generation/data/dpp-bulk,2026-05-31 21:45:49.525836+00:00,3213933,ÖZBEK RES,104722,2026-05-31T10:00:00+03:00,10:00
40W0000032139337,ÖZBEK RES,unknown,2026-05-31 11:00:00+03:00,,0.99,chunk_0057.json,POST /v1/generation/data/dpp-bulk,2026-05-31 21:45:49.525836+00:00,3213933,ÖZBEK RES,104722,2026-05-31T11:00:00+03:00,11:00
40W0000032139337,ÖZBEK RES,unknown,2026-05-31 12:00:00+03:00,,1.16,chunk_0057.json,POST /v1/generation/data/dpp-bulk,2026-05-31 21:45:49.525836+00:00,3213933,ÖZBEK RES,104722,2026-05-31T12:00:00+03:00,12:00
40W0000032139337,ÖZBEK RES,unknown,2026-05-31 13:00:00+03:00,,1.58,chunk_0057.json,POST /v1/generation/data/dpp-bulk,2026-05-31 21:45:49.525836+00:00,3213933,ÖZBEK RES,104722,2026-05-31T13:00:00+03:00,13:00
40W0000032139337,ÖZBEK RES,unknown,2026-05-31 14:00:00+03:00,,2.46,chunk_0057.json,POST /v1/generation/data/dpp-bulk,2026-05-31 21:45:49.525836+00:00,3213933,ÖZBEK RES,104722,2026-05-31T14:00:00+03:00,14:00
40W0000032139337,ÖZBEK RES,unknown,2026-05-31 15:00:00+03:00,,3.44,chunk_0057.json,POST /v1/generation/data/dpp-bulk,2026-05-31 21:45:49.525836+00:00,3213933,ÖZBEK RES,104722,2026-05-31T15:00:00+03:00,15:00
40W0000032139337,ÖZBEK RES,unknown,2026-05-31 16:00:00+03:00,,4.13,chunk_0057.json,POST /v1/generation/data/dpp-bulk,2026-05-31 21:45:49.525836+00:00,3213933,ÖZBEK RES,104722,2026-05-31T16:00:00+03:00,16:00
40W0000032139337,ÖZBEK RES,unknown,2026-05-31 17:00:00+03:00,,4.49,chunk_0057.json,POST /v1/generation/data/dpp-bulk,2026-05-31 21:45:49.525836+00:00,3213933,ÖZBEK RES,104722,2026-05-31T17:00:00+03:00,17:00
40W0000032139337,ÖZBEK RES,unknown,2026-05-31 18:00:00+03:00,,4.86,chunk_0057.json,POST /v1/generation/data/dpp-bulk,2026-05-31 21:45:49.525836+00:00,3213933,ÖZBEK RES,104722,2026-05-31T18:00:00+03:00,18:00
40W0000032139337,ÖZBEK RES,unknown,2026-05-31 19:00:00+03:00,,5.71,chunk_0057.json,POST /v1/generation/data/dpp-bulk,2026-05-31 21:45:49.525836+00:00,3213933,ÖZBEK RES,104722,2026-05-31T19:00:00+03:00,19:00
40W0000032139337,ÖZBEK RES,unknown,2026-05-31 20:00:00+03:00,,6.64,chunk_0057.json,POST /v1/generation/data/dpp-bulk,2026-05-31 21:45:49.525836+00:00,3213933,ÖZBEK RES,104722,2026-05-31T20:00:00+03:00,20:00
40W0000032139337,ÖZBEK RES,unknown,2026-05-31 21:00:00+03:00,,6.84,chunk_0057.json,POST /v1/generation/data/dpp-bulk,2026-05-31 21:45:49.525836+00:00,3213933,ÖZBEK RES,104722,2026-05-31T21:00:00+03:00,21:00
40W0000032139337,ÖZBEK RES,unknown,2026-05-31 22:00:00+03:00,,6.29,chunk_0057.json,POST /v1/generation/data/dpp-bulk,2026-05-31 21:45:49.525836+00:00,3213933,ÖZBEK RES,104722,2026-05-31T22:00:00+03:00,22:00
40W0000032139337,ÖZBEK RES,unknown,2026-05-31 23:00:00+03:00,,5.54,chunk_0057.json,POST /v1/generation/data/dpp-bulk,2026-05-31 21:45:49.525836+00:00,3213933,ÖZBEK RES,104722,2026-05-31T23:00:00+03:00,23:00
40W100003213890N,NEZİHE BEREN JES,unknown,2026-05-31 00:00:00+03:00,,10.5,chunk_0057.json,POST /v1/generation/data/dpp-bulk,2026-05-31 21:45:49.525836+00:00,3213890,NEZİHE BEREN JES,105042,2026-05-31T00:00:00+03:00,00:00
40W100003213890N,NEZİHE BEREN JES,unknown,2026-05-31 01:00:00+03:00,,10.5,chunk_0057.json,POST /v1/generation/data/dpp-bulk,2026-05-31 21:45:49.525836+00:00,3213890,NEZİHE BEREN JES,105042,2026-05-31T01:00:00+03:00,01:00
40W100003213890N,NEZİHE BEREN JES,unknown,2026-05-31 02:00:00+03:00,,10.5,chunk_0057.json,POST /v1/generation/data/dpp-bulk,2026-05-31 21:45:49.525836+00:00,3213890,NEZİHE BEREN JES,105042,2026-05-31T02:00:00+03:00,02:00
40W100003213890N,NEZİHE BEREN JES,unknown,2026-05-31 03:00:00+03:00,,10.5,chunk_0057.json,POST /v1/generation/data/dpp-bulk,2026-05-31 21:45:49.525836+00:00,3213890,NEZİHE BEREN JES,105042,2026-05-31T03:00:00+03:00,03:00
40W100003213890N,NEZİHE BEREN JES,unknown,2026-05-31 04:00:00+03:00,,10.5,chunk_0057.json,POST /v1/generation/data/dpp-bulk,2026-05-31 21:45:49.525836+00:00,3213890,NEZİHE BEREN JES,105042,2026-05-31T04:00:00+03:00,04:00
40W100003213890N,NEZİHE BEREN JES,unknown,2026-05-31 05:00:00+03:00,,10.5,chunk_0057.json,POST /v1/generation/data/dpp-bulk,2026-05-31 21:45:49.525836+00:00,3213890,NEZİHE BEREN JES,105042,2026-05-31T05:00:00+03:00,05:00
40W100003213890N,NEZİHE BEREN JES,unknown,2026-05-31 06:00:00+03:00,,10.5,chunk_0057.json,POST /v1/generation/data/dpp-bulk,2026-05-31 21:45:49.525836+00:00,3213890,NEZİHE BEREN JES,105042,2026-05-31T06:00:00+03:00,06:00
40W100003213890N,NEZİHE BEREN JES,unknown,2026-05-31 07:00:00+03:00,,10.5,chunk_0057.json,POST /v1/generation/data/dpp-bulk,2026-05-31 21:45:49.525836+00:00,3213890,NEZİHE BEREN JES,105042,2026-05-31T07:00:00+03:00,07:00
40W100003213890N,NEZİHE BEREN JES,unknown,2026-05-31 08:00:00+03:00,,10.0,chunk_0057.json,POST /v1/generation/data/dpp-bulk,2026-05-31 21:45:49.525836+00:00,3213890,NEZİHE BEREN JES,105042,2026-05-31T08:00:00+03:00,08:00
40W100003213890N,NEZİHE BEREN JES,unknown,2026-05-31 09:00:00+03:00,,10.0,chunk_0057.json,POST /v1/generation/data/dpp-bulk,2026-05-31 21:45:49.525836+00:00,3213890,NEZİHE BEREN JES,105042,2026-05-31T09:00:00+03:00,09:00
40W100003213890N,NEZİHE BEREN JES,unknown,2026-05-31 10:00:00+03:00,,9.5,chunk_0057.json,POST /v1/generation/data/dpp-bulk,2026-05-31 21:45:49.525836+00:00,3213890,NEZİHE BEREN JES,105042,2026-05-31T10:00:00+03:00,10:00
40W100003213890N,NEZİHE BEREN JES,unknown,2026-05-31 11:00:00+03:00,,9.0,chunk_0057.json,POST /v1/generation/data/dpp-bulk,2026-05-31 21:45:49.525836+00:00,3213890,NEZİHE BEREN JES,105042,2026-05-31T11:00:00+03:00,11:00
40W100003213890N,NEZİHE BEREN JES,unknown,2026-05-31 12:00:00+03:00,,8.5,chunk_0057.json,POST /v1/generation/data/dpp-bulk,2026-05-31 21:45:49.525836+00:00,3213890,NEZİHE BEREN JES,105042,2026-05-31T12:00:00+03:00,12:00
40W100003213890N,NEZİHE BEREN JES,unknown,2026-05-31 13:00:00+03:00,,8.0,chunk_0057.json,POST /v1/generation/data/dpp-bulk,2026-05-31 21:45:49.525836+00:00,3213890,NEZİHE BEREN JES,105042,2026-05-31T13:00:00+03:00,13:00
40W100003213890N,NEZİHE BEREN JES,unknown,2026-05-31 14:00:00+03:00,,8.0,chunk_0057.json,POST /v1/generation/data/dpp-bulk,2026-05-31 21:45:49.525836+00:00,3213890,NEZİHE BEREN JES,105042,2026-05-31T14:00:00+03:00,14:00
40W100003213890N,NEZİHE BEREN JES,unknown,2026-05-31 15:00:00+03:00,,8.0,chunk_0057.json,POST /v1/generation/data/dpp-bulk,2026-05-31 21:45:49.525836+00:00,3213890,NEZİHE BEREN JES,105042,2026-05-31T15:00:00+03:00,15:00
40W100003213890N,NEZİHE BEREN JES,unknown,2026-05-31 16:00:00+03:00,,8.0,chunk_0057.json,POST /v1/generation/data/dpp-bulk,2026-05-31 21:45:49.525836+00:00,3213890,NEZİHE BEREN JES,105042,2026-05-31T16:00:00+03:00,16:00
40W100003213890N,NEZİHE BEREN JES,unknown,2026-05-31 17:00:00+03:00,,8.0,chunk_0057.json,POST /v1/generation/data/dpp-bulk,2026-05-31 21:45:49.525836+00:00,3213890,NEZİHE BEREN JES,105042,2026-05-31T17:00:00+03:00,17:00
40W100003213890N,NEZİHE BEREN JES,unknown,2026-05-31 18:00:00+03:00,,8.0,chunk_0057.json,POST /v1/generation/data/dpp-bulk,2026-05-31 21:45:49.525836+00:00,3213890,NEZİHE BEREN JES,105042,2026-05-31T18:00:00+03:00,18:00
40W100003213890N,NEZİHE BEREN JES,unknown,2026-05-31 19:00:00+03:00,,8.5,chunk_0057.json,POST /v1/generation/data/dpp-bulk,2026-05-31 21:45:49.525836+00:00,3213890,NEZİHE BEREN JES,105042,2026-05-31T19:00:00+03:00,19:00
40W100003213890N,NEZİHE BEREN JES,unknown,2026-05-31 20:00:00+03:00,,9.0,chunk_0057.json,POST /v1/generation/data/dpp-bulk,2026-05-31 21:45:49.525836+00:00,3213890,NEZİHE BEREN JES,105042,2026-05-31T20:00:00+03:00,20:00
40W100003213890N,NEZİHE BEREN JES,unknown,2026-05-31 21:00:00+03:00,,9.0,chunk_0057.json,POST /v1/generation/data/dpp-bulk,2026-05-31 21:45:49.525836+00:00,3213890,NEZİHE BEREN JES,105042,2026-05-31T21:00:00+03:00,21:00
40W100003213890N,NEZİHE BEREN JES,unknown,2026-05-31 22:00:00+03:00,,9.5,chunk_0057.json,POST /v1/generation/data/dpp-bulk,2026-05-31 21:45:49.525836+00:00,3213890,NEZİHE BEREN JES,105042,2026-05-31T22:00:00+03:00,22:00
40W100003213890N,NEZİHE BEREN JES,unknown,2026-05-31 23:00:00+03:00,,9.5,chunk_0057.json,POST /v1/generation/data/dpp-bulk,2026-05-31 21:45:49.525836+00:00,3213890,NEZİHE BEREN JES,105042,2026-05-31T23:00:00+03:00,23:00
