entsoe_code,plant_name,fuel_type,delivery_hour,publication_timestamp,kgup_mwh,source_file,source_api,forecast_timestamp,uevcb_id,uevcb_name,org_id,date_raw,time_raw
40W0000000002576,BEREKET I-II HES,unknown,2026-05-31 00:00:00+03:00,,0.9,chunk_0000.json,POST /v1/generation/data/dpp-bulk,2026-05-31 21:45:09.896267+00:00,257,BEREKET I-II HES,108,2026-05-31T00:00:00+03:00,00:00
40W0000000002576,BEREKET I-II HES,unknown,2026-05-31 01:00:00+03:00,,0.0,chunk_0000.json,POST /v1/generation/data/dpp-bulk,2026-05-31 21:45:09.896267+00:00,257,BEREKET I-II HES,108,2026-05-31T01:00:00+03:00,01:00
40W0000000002576,BEREKET I-II HES,unknown,2026-05-31 02:00:00+03:00,,0.0,chunk_0000.json,POST /v1/generation/data/dpp-bulk,2026-05-31 21:45:09.896267+00:00,257,BEREKET I-II HES,108,2026-05-31T02:00:00+03:00,02:00
40W0000000002576,BEREKET I-II HES,unknown,2026-05-31 03:00:00+03:00,,0.0,chunk_0000.json,POST /v1/generation/data/dpp-bulk,2026-05-31 21:45:09.896267+00:00,257,BEREKET I-II HES,108,2026-05-31T03:00:00+03:00,03:00
40W0000000002576,BEREKET I-II HES,unknown,2026-05-31 04:00:00+03:00,,0.0,chunk_0000.json,POST /v1/generation/data/dpp-bulk,2026-05-31 21:45:09.896267+00:00,257,BEREKET I-II HES,108,2026-05-31T04:00:00+03:00,04:00
40W0000000002576,BEREKET I-II HES,unknown,2026-05-31 05:00:00+03:00,,0.0,chunk_0000.json,POST /v1/generation/data/dpp-bulk,2026-05-31 21:45:09.896267+00:00,257,BEREKET I-II HES,108,2026-05-31T05:00:00+03:00,05:00
40W0000000002576,BEREKET I-II HES,unknown,2026-05-31 06:00:00+03:00,,0.0,chunk_0000.json,POST /v1/generation/data/dpp-bulk,2026-05-31 21:45:09.896267+00:00,257,BEREKET I-II HES,108,2026-05-31T06:00:00+03:00,06:00
40W0000000002576,BEREKET I-II HES,unknown,2026-05-31 07:00:00+03:00,,0.0,chunk_0000.json,POST /v1/generation/data/dpp-bulk,2026-05-31 21:45:09.896267+00:00,257,BEREKET I-II HES,108,2026-05-31T07:00:00+03:00,07:00
40W0000000002576,BEREKET I-II HES,unknown,2026-05-31 08:00:00+03:00,,0.0,chunk_0000.json,POST /v1/generation/data/dpp-bulk,2026-05-31 21:45:09.896267+00:00,257,BEREKET I-II HES,108,2026-05-31T08:00:00+03:00,08:00
40W0000000002576,BEREKET I-II HES,unknown,2026-05-31 09:00:00+03:00,,0.0,chunk_0000.json,POST /v1/generation/data/dpp-bulk,2026-05-31 21:45:09.896267+00:00,257,BEREKET I-II HES,108,2026-05-31T09:00:00+03:00,09:00
40W0000000002576,BEREKET I-II HES,unknown,2026-05-31 10:00:00+03:00,,0.0,chunk_0000.json,POST /v1/generation/data/dpp-bulk,2026-05-31 21:45:09.896267+00:00,257,BEREKET I-II HES,108,2026-05-31T10:00:00+03:00,10:00
40W0000000002576,BEREKET I-II HES,unknown,2026-05-31 11:00:00+03:00,,0.0,chunk_0000.json,POST /v1/generation/data/dpp-bulk,2026-05-31 21:45:09.896267+00:00,257,BEREKET I-II HES,108,2026-05-31T11:00:00+03:00,11:00
40W0000000002576,BEREKET I-II HES,unknown,2026-05-31 12:00:00+03:00,,0.0,chunk_0000.json,POST /v1/generation/data/dpp-bulk,2026-05-31 21:45:09.896267+00:00,257,BEREKET I-II HES,108,2026-05-31T12:00:00+03:00,12:00
40W0000000002576,BEREKET I-II HES,unknown,2026-05-31 13:00:00+03:00,,0.0,chunk_0000.json,POST /v1/generation/data/dpp-bulk,2026-05-31 21:45:09.896267+00:00,257,BEREKET I-II HES,108,2026-05-31T13:00:00+03:00,13:00
40W0000000002576,BEREKET I-II HES,unknown,2026-05-31 14:00:00+03:00,,0.0,chunk_0000.json,POST /v1/generation/data/dpp-bulk,2026-05-31 21:45:09.896267+00:00,257,BEREKET I-II HES,108,2026-05-31T14:00:00+03:00,14:00
40W0000000002576,BEREKET I-II HES,unknown,2026-05-31 15:00:00+03:00,,0.0,chunk_0000.json,POST /v1/generation/data/dpp-bulk,2026-05-31 21:45:09.896267+00:00,257,BEREKET I-II HES,108,2026-05-31T15:00:00+03:00,15:00
40W0000000002576,BEREKET I-II HES,unknown,2026-05-31 16:00:00+03:00,,0.0,chunk_0000.json,POST /v1/generation/data/dpp-bulk,2026-05-31 21:45:09.896267+00:00,257,BEREKET I-II HES,108,2026-05-31T16:00:00+03:00,16:00
40W0000000002576,BEREKET I-II HES,unknown,2026-05-31 17:00:00+03:00,,0.0,chunk_0000.json,POST /v1/generation/data/dpp-bulk,2026-05-31 21:45:09.896267+00:00,257,BEREKET I-II HES,108,2026-05-31T17:00:00+03:00,17:00
40W0000000002576,BEREKET I-II HES,unknown,2026-05-31 18:00:00+03:00,,0.0,chunk_0000.json,POST /v1/generation/data/dpp-bulk,2026-05-31 21:45:09.896267+00:00,257,BEREKET I-II HES,108,2026-05-31T18:00:00+03:00,18:00
40W0000000002576,BEREKET I-II HES,unknown,2026-05-31 19:00:00+03:00,,0.9,chunk_0000.json,POST /v1/generation/data/dpp-bulk,2026-05-31 21:45:09.896267+00:00,257,BEREKET I-II HES,108,2026-05-31T19:00:00+03:00,19:00
40W0000000002576,BEREKET I-II HES,unknown,2026-05-31 20:00:00+03:00,,0.9,chunk_0000.json,POST /v1/generation/data/dpp-bulk,2026-05-31 21:45:09.896267+00:00,257,BEREKET I-II HES,108,2026-05-31T20:00:00+03:00,20:00
40W0000000002576,BEREKET I-II HES,unknown,2026-05-31 21:00:00+03:00,,0.9,chunk_0000.json,POST /v1/generation/data/dpp-bulk,2026-05-31 21:45:09.896267+00:00,257,BEREKET I-II HES,108,2026-05-31T21:00:00+03:00,21:00
40W0000000002576,BEREKET I-II HES,unknown,2026-05-31 22:00:00+03:00,,0.9,chunk_0000.json,POST /v1/generation/data/dpp-bulk,2026-05-31 21:45:09.896267+00:00,257,BEREKET I-II HES,108,2026-05-31T22:00:00+03:00,22:00
40W0000000002576,BEREKET I-II HES,unknown,2026-05-31 23:00:00+03:00,,0.9,chunk_0000.json,POST /v1/generation/data/dpp-bulk,2026-05-31 21:45:09.896267+00:00,257,BEREKET I-II HES,108,2026-05-31T23:00:00+03:00,23:00
40W0000000002584,DALAMAN 1-2-3-4-5 HES,unknown,2026-05-31 00:00:00+03:00,,22.8,chunk_0000.json,POST /v1/generation/data/dpp-bulk,2026-05-31 21:45:09.896267+00:00,258,DALAMAN 1-2-3-4-5 HES,108,2026-05-31T00:00:00+03:00,00:00
40W0000000002584,DALAMAN 1-2-3-4-5 HES,unknown,2026-05-31 01:00:00+03:00,,10.4,chunk_0000.json,POST /v1/generation/data/dpp-bulk,2026-05-31 21:45:09.896267+00:00,258,DALAMAN 1-2-3-4-5 HES,108,2026-05-31T01:00:00+03:00,01:00
40W0000000002584,DALAMAN 1-2-3-4-5 HES,unknown,2026-05-31 02:00:00+03:00,,10.35,chunk_0000.json,POST /v1/generation/data/dpp-bulk,2026-05-31 21:45:09.896267+00:00,258,DALAMAN 1-2-3-4-5 HES,108,2026-05-31T02:00:00+03:00,02:00
40W0000000002584,DALAMAN 1-2-3-4-5 HES,unknown,2026-05-31 03:00:00+03:00,,9.9,chunk_0000.json,POST /v1/generation/data/dpp-bulk,2026-05-31 21:45:09.896267+00:00,258,DALAMAN 1-2-3-4-5 HES,108,2026-05-31T03:00:00+03:00,03:00
40W0000000002584,DALAMAN 1-2-3-4-5 HES,unknown,2026-05-31 04:00:00+03:00,,16.05,chunk_0000.json,POST /v1/generation/data/dpp-bulk,2026-05-31 21:45:09.896267+00:00,258,DALAMAN 1-2-3-4-5 HES,108,2026-05-31T04:00:00+03:00,04:00
40W0000000002584,DALAMAN 1-2-3-4-5 HES,unknown,2026-05-31 05:00:00+03:00,,16.9,chunk_0000.json,POST /v1/generation/data/dpp-bulk,2026-05-31 21:45:09.896267+00:00,258,DALAMAN 1-2-3-4-5 HES,108,2026-05-31T05:00:00+03:00,05:00
40W0000000002584,DALAMAN 1-2-3-4-5 HES,unknown,2026-05-31 06:00:00+03:00,,9.9,chunk_0000.json,POST /v1/generation/data/dpp-bulk,2026-05-31 21:45:09.896267+00:00,258,DALAMAN 1-2-3-4-5 HES,108,2026-05-31T06:00:00+03:00,06:00
40W0000000002584,DALAMAN 1-2-3-4-5 HES,unknown,2026-05-31 07:00:00+03:00,,12.65,chunk_0000.json,POST /v1/generation/data/dpp-bulk,2026-05-31 21:45:09.896267+00:00,258,DALAMAN 1-2-3-4-5 HES,108,2026-05-31T07:00:00+03:00,07:00
40W0000000002584,DALAMAN 1-2-3-4-5 HES,unknown,2026-05-31 08:00:00+03:00,,6.3,chunk_0000.json,POST /v1/generation/data/dpp-bulk,2026-05-31 21:45:09.896267+00:00,258,DALAMAN 1-2-3-4-5 HES,108,2026-05-31T08:00:00+03:00,08:00
40W0000000002584,DALAMAN 1-2-3-4-5 HES,unknown,2026-05-31 09:00:00+03:00,,9.9,chunk_0000.json,POST /v1/generation/data/dpp-bulk,2026-05-31 21:45:09.896267+00:00,258,DALAMAN 1-2-3-4-5 HES,108,2026-05-31T09:00:00+03:00,09:00
40W0000000002584,DALAMAN 1-2-3-4-5 HES,unknown,2026-05-31 10:00:00+03:00,,16.05,chunk_0000.json,POST /v1/generation/data/dpp-bulk,2026-05-31 21:45:09.896267+00:00,258,DALAMAN 1-2-3-4-5 HES,108,2026-05-31T10:00:00+03:00,10:00
40W0000000002584,DALAMAN 1-2-3-4-5 HES,unknown,2026-05-31 11:00:00+03:00,,16.9,chunk_0000.json,POST /v1/generation/data/dpp-bulk,2026-05-31 21:45:09.896267+00:00,258,DALAMAN 1-2-3-4-5 HES,108,2026-05-31T11:00:00+03:00,11:00
40W0000000002584,DALAMAN 1-2-3-4-5 HES,unknown,2026-05-31 12:00:00+03:00,,9.9,chunk_0000.json,POST /v1/generation/data/dpp-bulk,2026-05-31 21:45:09.896267+00:00,258,DALAMAN 1-2-3-4-5 HES,108,2026-05-31T12:00:00+03:00,12:00
40W0000000002584,DALAMAN 1-2-3-4-5 HES,unknown,2026-05-31 13:00:00+03:00,,16.05,chunk_0000.json,POST /v1/generation/data/dpp-bulk,2026-05-31 21:45:09.896267+00:00,258,DALAMAN 1-2-3-4-5 HES,108,2026-05-31T13:00:00+03:00,13:00
40W0000000002584,DALAMAN 1-2-3-4-5 HES,unknown,2026-05-31 14:00:00+03:00,,16.9,chunk_0000.json,POST /v1/generation/data/dpp-bulk,2026-05-31 21:45:09.896267+00:00,258,DALAMAN 1-2-3-4-5 HES,108,2026-05-31T14:00:00+03:00,14:00
40W0000000002584,DALAMAN 1-2-3-4-5 HES,unknown,2026-05-31 15:00:00+03:00,,9.9,chunk_0000.json,POST /v1/generation/data/dpp-bulk,2026-05-31 21:45:09.896267+00:00,258,DALAMAN 1-2-3-4-5 HES,108,2026-05-31T15:00:00+03:00,15:00
40W0000000002584,DALAMAN 1-2-3-4-5 HES,unknown,2026-05-31 16:00:00+03:00,,16.05,chunk_0000.json,POST /v1/generation/data/dpp-bulk,2026-05-31 21:45:09.896267+00:00,258,DALAMAN 1-2-3-4-5 HES,108,2026-05-31T16:00:00+03:00,16:00
40W0000000002584,DALAMAN 1-2-3-4-5 HES,unknown,2026-05-31 17:00:00+03:00,,11.3,chunk_0000.json,POST /v1/generation/data/dpp-bulk,2026-05-31 21:45:09.896267+00:00,258,DALAMAN 1-2-3-4-5 HES,108,2026-05-31T17:00:00+03:00,17:00
40W0000000002584,DALAMAN 1-2-3-4-5 HES,unknown,2026-05-31 18:00:00+03:00,,9.9,chunk_0000.json,POST /v1/generation/data/dpp-bulk,2026-05-31 21:45:09.896267+00:00,258,DALAMAN 1-2-3-4-5 HES,108,2026-05-31T18:00:00+03:00,18:00
40W0000000002584,DALAMAN 1-2-3-4-5 HES,unknown,2026-05-31 19:00:00+03:00,,16.05,chunk_0000.json,POST /v1/generation/data/dpp-bulk,2026-05-31 21:45:09.896267+00:00,258,DALAMAN 1-2-3-4-5 HES,108,2026-05-31T19:00:00+03:00,19:00
40W0000000002584,DALAMAN 1-2-3-4-5 HES,unknown,2026-05-31 20:00:00+03:00,,16.9,chunk_0000.json,POST /v1/generation/data/dpp-bulk,2026-05-31 21:45:09.896267+00:00,258,DALAMAN 1-2-3-4-5 HES,108,2026-05-31T20:00:00+03:00,20:00
40W0000000002584,DALAMAN 1-2-3-4-5 HES,unknown,2026-05-31 21:00:00+03:00,,9.9,chunk_0000.json,POST /v1/generation/data/dpp-bulk,2026-05-31 21:45:09.896267+00:00,258,DALAMAN 1-2-3-4-5 HES,108,2026-05-31T21:00:00+03:00,21:00
40W0000000002584,DALAMAN 1-2-3-4-5 HES,unknown,2026-05-31 22:00:00+03:00,,16.05,chunk_0000.json,POST /v1/generation/data/dpp-bulk,2026-05-31 21:45:09.896267+00:00,258,DALAMAN 1-2-3-4-5 HES,108,2026-05-31T22:00:00+03:00,22:00
40W0000000002584,DALAMAN 1-2-3-4-5 HES,unknown,2026-05-31 23:00:00+03:00,,16.9,chunk_0000.json,POST /v1/generation/data/dpp-bulk,2026-05-31 21:45:09.896267+00:00,258,DALAMAN 1-2-3-4-5 HES,108,2026-05-31T23:00:00+03:00,23:00
40W0000000002592,FESLEK HES,unknown,2026-05-31 00:00:00+03:00,,0.0,chunk_0000.json,POST /v1/generation/data/dpp-bulk,2026-05-31 21:45:09.896267+00:00,259,FESLEK HES,108,2026-05-31T00:00:00+03:00,00:00
40W0000000002592,FESLEK HES,unknown,2026-05-31 01:00:00+03:00,,0.0,chunk_0000.json,POST /v1/generation/data/dpp-bulk,2026-05-31 21:45:09.896267+00:00,259,FESLEK HES,108,2026-05-31T01:00:00+03:00,01:00
40W0000000002592,FESLEK HES,unknown,2026-05-31 02:00:00+03:00,,0.0,chunk_0000.json,POST /v1/generation/data/dpp-bulk,2026-05-31 21:45:09.896267+00:00,259,FESLEK HES,108,2026-05-31T02:00:00+03:00,02:00
40W0000000002592,FESLEK HES,unknown,2026-05-31 03:00:00+03:00,,0.0,chunk_0000.json,POST /v1/generation/data/dpp-bulk,2026-05-31 21:45:09.896267+00:00,259,FESLEK HES,108,2026-05-31T03:00:00+03:00,03:00
40W0000000002592,FESLEK HES,unknown,2026-05-31 04:00:00+03:00,,0.0,chunk_0000.json,POST /v1/generation/data/dpp-bulk,2026-05-31 21:45:09.896267+00:00,259,FESLEK HES,108,2026-05-31T04:00:00+03:00,04:00
40W0000000002592,FESLEK HES,unknown,2026-05-31 05:00:00+03:00,,0.0,chunk_0000.json,POST /v1/generation/data/dpp-bulk,2026-05-31 21:45:09.896267+00:00,259,FESLEK HES,108,2026-05-31T05:00:00+03:00,05:00
40W0000000002592,FESLEK HES,unknown,2026-05-31 06:00:00+03:00,,0.0,chunk_0000.json,POST /v1/generation/data/dpp-bulk,2026-05-31 21:45:09.896267+00:00,259,FESLEK HES,108,2026-05-31T06:00:00+03:00,06:00
40W0000000002592,FESLEK HES,unknown,2026-05-31 07:00:00+03:00,,0.0,chunk_0000.json,POST /v1/generation/data/dpp-bulk,2026-05-31 21:45:09.896267+00:00,259,FESLEK HES,108,2026-05-31T07:00:00+03:00,07:00
40W0000000002592,FESLEK HES,unknown,2026-05-31 08:00:00+03:00,,0.0,chunk_0000.json,POST /v1/generation/data/dpp-bulk,2026-05-31 21:45:09.896267+00:00,259,FESLEK HES,108,2026-05-31T08:00:00+03:00,08:00
40W0000000002592,FESLEK HES,unknown,2026-05-31 09:00:00+03:00,,0.0,chunk_0000.json,POST /v1/generation/data/dpp-bulk,2026-05-31 21:45:09.896267+00:00,259,FESLEK HES,108,2026-05-31T09:00:00+03:00,09:00
40W0000000002592,FESLEK HES,unknown,2026-05-31 10:00:00+03:00,,0.0,chunk_0000.json,POST /v1/generation/data/dpp-bulk,2026-05-31 21:45:09.896267+00:00,259,FESLEK HES,108,2026-05-31T10:00:00+03:00,10:00
40W0000000002592,FESLEK HES,unknown,2026-05-31 11:00:00+03:00,,0.0,chunk_0000.json,POST /v1/generation/data/dpp-bulk,2026-05-31 21:45:09.896267+00:00,259,FESLEK HES,108,2026-05-31T11:00:00+03:00,11:00
40W0000000002592,FESLEK HES,unknown,2026-05-31 12:00:00+03:00,,0.0,chunk_0000.json,POST /v1/generation/data/dpp-bulk,2026-05-31 21:45:09.896267+00:00,259,FESLEK HES,108,2026-05-31T12:00:00+03:00,12:00
40W0000000002592,FESLEK HES,unknown,2026-05-31 13:00:00+03:00,,0.0,chunk_0000.json,POST /v1/generation/data/dpp-bulk,2026-05-31 21:45:09.896267+00:00,259,FESLEK HES,108,2026-05-31T13:00:00+03:00,13:00
40W0000000002592,FESLEK HES,unknown,2026-05-31 14:00:00+03:00,,0.0,chunk_0000.json,POST /v1/generation/data/dpp-bulk,2026-05-31 21:45:09.896267+00:00,259,FESLEK HES,108,2026-05-31T14:00:00+03:00,14:00
40W0000000002592,FESLEK HES,unknown,2026-05-31 15:00:00+03:00,,0.0,chunk_0000.json,POST /v1/generation/data/dpp-bulk,2026-05-31 21:45:09.896267+00:00,259,FESLEK HES,108,2026-05-31T15:00:00+03:00,15:00
40W0000000002592,FESLEK HES,unknown,2026-05-31 16:00:00+03:00,,0.0,chunk_0000.json,POST /v1/generation/data/dpp-bulk,2026-05-31 21:45:09.896267+00:00,259,FESLEK HES,108,2026-05-31T16:00:00+03:00,16:00
40W0000000002592,FESLEK HES,unknown,2026-05-31 17:00:00+03:00,,0.0,chunk_0000.json,POST /v1/generation/data/dpp-bulk,2026-05-31 21:45:09.896267+00:00,259,FESLEK HES,108,2026-05-31T17:00:00+03:00,17:00
40W0000000002592,FESLEK HES,unknown,2026-05-31 18:00:00+03:00,,0.0,chunk_0000.json,POST /v1/generation/data/dpp-bulk,2026-05-31 21:45:09.896267+00:00,259,FESLEK HES,108,2026-05-31T18:00:00+03:00,18:00
40W0000000002592,FESLEK HES,unknown,2026-05-31 19:00:00+03:00,,0.0,chunk_0000.json,POST /v1/generation/data/dpp-bulk,2026-05-31 21:45:09.896267+00:00,259,FESLEK HES,108,2026-05-31T19:00:00+03:00,19:00
40W0000000002592,FESLEK HES,unknown,2026-05-31 20:00:00+03:00,,0.0,chunk_0000.json,POST /v1/generation/data/dpp-bulk,2026-05-31 21:45:09.896267+00:00,259,FESLEK HES,108,2026-05-31T20:00:00+03:00,20:00
40W0000000002592,FESLEK HES,unknown,2026-05-31 21:00:00+03:00,,0.0,chunk_0000.json,POST /v1/generation/data/dpp-bulk,2026-05-31 21:45:09.896267+00:00,259,FESLEK HES,108,2026-05-31T21:00:00+03:00,21:00
40W0000000002592,FESLEK HES,unknown,2026-05-31 22:00:00+03:00,,0.0,chunk_0000.json,POST /v1/generation/data/dpp-bulk,2026-05-31 21:45:09.896267+00:00,259,FESLEK HES,108,2026-05-31T22:00:00+03:00,22:00
40W0000000002592,FESLEK HES,unknown,2026-05-31 23:00:00+03:00,,0.0,chunk_0000.json,POST /v1/generation/data/dpp-bulk,2026-05-31 21:45:09.896267+00:00,259,FESLEK HES,108,2026-05-31T23:00:00+03:00,23:00
40W0000000004560,STANDARD PROFİL OTOMOTİV SAN VE TİC AŞ,unknown,2026-05-31 00:00:00+03:00,,0.0,chunk_0000.json,POST /v1/generation/data/dpp-bulk,2026-05-31 21:45:09.896267+00:00,456,STANDARD PROFİL OTOMOTİV SAN VE TİC AŞ,139,2026-05-31T00:00:00+03:00,00:00
40W0000000004560,STANDARD PROFİL OTOMOTİV SAN VE TİC AŞ,unknown,2026-05-31 01:00:00+03:00,,0.0,chunk_0000.json,POST /v1/generation/data/dpp-bulk,2026-05-31 21:45:09.896267+00:00,456,STANDARD PROFİL OTOMOTİV SAN VE TİC AŞ,139,2026-05-31T01:00:00+03:00,01:00
40W0000000004560,STANDARD PROFİL OTOMOTİV SAN VE TİC AŞ,unknown,2026-05-31 02:00:00+03:00,,0.0,chunk_0000.json,POST /v1/generation/data/dpp-bulk,2026-05-31 21:45:09.896267+00:00,456,STANDARD PROFİL OTOMOTİV SAN VE TİC AŞ,139,2026-05-31T02:00:00+03:00,02:00
40W0000000004560,STANDARD PROFİL OTOMOTİV SAN VE TİC AŞ,unknown,2026-05-31 03:00:00+03:00,,0.0,chunk_0000.json,POST /v1/generation/data/dpp-bulk,2026-05-31 21:45:09.896267+00:00,456,STANDARD PROFİL OTOMOTİV SAN VE TİC AŞ,139,2026-05-31T03:00:00+03:00,03:00
40W0000000004560,STANDARD PROFİL OTOMOTİV SAN VE TİC AŞ,unknown,2026-05-31 04:00:00+03:00,,0.0,chunk_0000.json,POST /v1/generation/data/dpp-bulk,2026-05-31 21:45:09.896267+00:00,456,STANDARD PROFİL OTOMOTİV SAN VE TİC AŞ,139,2026-05-31T04:00:00+03:00,04:00
40W0000000004560,STANDARD PROFİL OTOMOTİV SAN VE TİC AŞ,unknown,2026-05-31 05:00:00+03:00,,0.0,chunk_0000.json,POST /v1/generation/data/dpp-bulk,2026-05-31 21:45:09.896267+00:00,456,STANDARD PROFİL OTOMOTİV SAN VE TİC AŞ,139,2026-05-31T05:00:00+03:00,05:00
40W0000000004560,STANDARD PROFİL OTOMOTİV SAN VE TİC AŞ,unknown,2026-05-31 06:00:00+03:00,,0.0,chunk_0000.json,POST /v1/generation/data/dpp-bulk,2026-05-31 21:45:09.896267+00:00,456,STANDARD PROFİL OTOMOTİV SAN VE TİC AŞ,139,2026-05-31T06:00:00+03:00,06:00
40W0000000004560,STANDARD PROFİL OTOMOTİV SAN VE TİC AŞ,unknown,2026-05-31 07:00:00+03:00,,0.0,chunk_0000.json,POST /v1/generation/data/dpp-bulk,2026-05-31 21:45:09.896267+00:00,456,STANDARD PROFİL OTOMOTİV SAN VE TİC AŞ,139,2026-05-31T07:00:00+03:00,07:00
40W0000000004560,STANDARD PROFİL OTOMOTİV SAN VE TİC AŞ,unknown,2026-05-31 08:00:00+03:00,,0.0,chunk_0000.json,POST /v1/generation/data/dpp-bulk,2026-05-31 21:45:09.896267+00:00,456,STANDARD PROFİL OTOMOTİV SAN VE TİC AŞ,139,2026-05-31T08:00:00+03:00,08:00
40W0000000004560,STANDARD PROFİL OTOMOTİV SAN VE TİC AŞ,unknown,2026-05-31 09:00:00+03:00,,0.0,chunk_0000.json,POST /v1/generation/data/dpp-bulk,2026-05-31 21:45:09.896267+00:00,456,STANDARD PROFİL OTOMOTİV SAN VE TİC AŞ,139,2026-05-31T09:00:00+03:00,09:00
40W0000000004560,STANDARD PROFİL OTOMOTİV SAN VE TİC AŞ,unknown,2026-05-31 10:00:00+03:00,,0.0,chunk_0000.json,POST /v1/generation/data/dpp-bulk,2026-05-31 21:45:09.896267+00:00,456,STANDARD PROFİL OTOMOTİV SAN VE TİC AŞ,139,2026-05-31T10:00:00+03:00,10:00
40W0000000004560,STANDARD PROFİL OTOMOTİV SAN VE TİC AŞ,unknown,2026-05-31 11:00:00+03:00,,0.0,chunk_0000.json,POST /v1/generation/data/dpp-bulk,2026-05-31 21:45:09.896267+00:00,456,STANDARD PROFİL OTOMOTİV SAN VE TİC AŞ,139,2026-05-31T11:00:00+03:00,11:00
40W0000000004560,STANDARD PROFİL OTOMOTİV SAN VE TİC AŞ,unknown,2026-05-31 12:00:00+03:00,,0.0,chunk_0000.json,POST /v1/generation/data/dpp-bulk,2026-05-31 21:45:09.896267+00:00,456,STANDARD PROFİL OTOMOTİV SAN VE TİC AŞ,139,2026-05-31T12:00:00+03:00,12:00
40W0000000004560,STANDARD PROFİL OTOMOTİV SAN VE TİC AŞ,unknown,2026-05-31 13:00:00+03:00,,0.0,chunk_0000.json,POST /v1/generation/data/dpp-bulk,2026-05-31 21:45:09.896267+00:00,456,STANDARD PROFİL OTOMOTİV SAN VE TİC AŞ,139,2026-05-31T13:00:00+03:00,13:00
40W0000000004560,STANDARD PROFİL OTOMOTİV SAN VE TİC AŞ,unknown,2026-05-31 14:00:00+03:00,,0.0,chunk_0000.json,POST /v1/generation/data/dpp-bulk,2026-05-31 21:45:09.896267+00:00,456,STANDARD PROFİL OTOMOTİV SAN VE TİC AŞ,139,2026-05-31T14:00:00+03:00,14:00
40W0000000004560,STANDARD PROFİL OTOMOTİV SAN VE TİC AŞ,unknown,2026-05-31 15:00:00+03:00,,0.0,chunk_0000.json,POST /v1/generation/data/dpp-bulk,2026-05-31 21:45:09.896267+00:00,456,STANDARD PROFİL OTOMOTİV SAN VE TİC AŞ,139,2026-05-31T15:00:00+03:00,15:00
40W0000000004560,STANDARD PROFİL OTOMOTİV SAN VE TİC AŞ,unknown,2026-05-31 16:00:00+03:00,,0.0,chunk_0000.json,POST /v1/generation/data/dpp-bulk,2026-05-31 21:45:09.896267+00:00,456,STANDARD PROFİL OTOMOTİV SAN VE TİC AŞ,139,2026-05-31T16:00:00+03:00,16:00
40W0000000004560,STANDARD PROFİL OTOMOTİV SAN VE TİC AŞ,unknown,2026-05-31 17:00:00+03:00,,0.0,chunk_0000.json,POST /v1/generation/data/dpp-bulk,2026-05-31 21:45:09.896267+00:00,456,STANDARD PROFİL OTOMOTİV SAN VE TİC AŞ,139,2026-05-31T17:00:00+03:00,17:00
40W0000000004560,STANDARD PROFİL OTOMOTİV SAN VE TİC AŞ,unknown,2026-05-31 18:00:00+03:00,,0.0,chunk_0000.json,POST /v1/generation/data/dpp-bulk,2026-05-31 21:45:09.896267+00:00,456,STANDARD PROFİL OTOMOTİV SAN VE TİC AŞ,139,2026-05-31T18:00:00+03:00,18:00
40W0000000004560,STANDARD PROFİL OTOMOTİV SAN VE TİC AŞ,unknown,2026-05-31 19:00:00+03:00,,0.0,chunk_0000.json,POST /v1/generation/data/dpp-bulk,2026-05-31 21:45:09.896267+00:00,456,STANDARD PROFİL OTOMOTİV SAN VE TİC AŞ,139,2026-05-31T19:00:00+03:00,19:00
40W0000000004560,STANDARD PROFİL OTOMOTİV SAN VE TİC AŞ,unknown,2026-05-31 20:00:00+03:00,,0.0,chunk_0000.json,POST /v1/generation/data/dpp-bulk,2026-05-31 21:45:09.896267+00:00,456,STANDARD PROFİL OTOMOTİV SAN VE TİC AŞ,139,2026-05-31T20:00:00+03:00,20:00
40W0000000004560,STANDARD PROFİL OTOMOTİV SAN VE TİC AŞ,unknown,2026-05-31 21:00:00+03:00,,0.0,chunk_0000.json,POST /v1/generation/data/dpp-bulk,2026-05-31 21:45:09.896267+00:00,456,STANDARD PROFİL OTOMOTİV SAN VE TİC AŞ,139,2026-05-31T21:00:00+03:00,21:00
40W0000000004560,STANDARD PROFİL OTOMOTİV SAN VE TİC AŞ,unknown,2026-05-31 22:00:00+03:00,,0.0,chunk_0000.json,POST /v1/generation/data/dpp-bulk,2026-05-31 21:45:09.896267+00:00,456,STANDARD PROFİL OTOMOTİV SAN VE TİC AŞ,139,2026-05-31T22:00:00+03:00,22:00
40W0000000004560,STANDARD PROFİL OTOMOTİV SAN VE TİC AŞ,unknown,2026-05-31 23:00:00+03:00,,0.0,chunk_0000.json,POST /v1/generation/data/dpp-bulk,2026-05-31 21:45:09.896267+00:00,456,STANDARD PROFİL OTOMOTİV SAN VE TİC AŞ,139,2026-05-31T23:00:00+03:00,23:00
40W000000000260H,KARDEMİR KOJENERASYON SANTRALİ,unknown,2026-05-31 00:00:00+03:00,,0.0,chunk_0000.json,POST /v1/generation/data/dpp-bulk,2026-05-31 21:45:09.896267+00:00,260,KARDEMİR KOJENERASYON SANTRALİ,153,2026-05-31T00:00:00+03:00,00:00
40W000000000260H,KARDEMİR KOJENERASYON SANTRALİ,unknown,2026-05-31 01:00:00+03:00,,0.0,chunk_0000.json,POST /v1/generation/data/dpp-bulk,2026-05-31 21:45:09.896267+00:00,260,KARDEMİR KOJENERASYON SANTRALİ,153,2026-05-31T01:00:00+03:00,01:00
40W000000000260H,KARDEMİR KOJENERASYON SANTRALİ,unknown,2026-05-31 02:00:00+03:00,,0.0,chunk_0000.json,POST /v1/generation/data/dpp-bulk,2026-05-31 21:45:09.896267+00:00,260,KARDEMİR KOJENERASYON SANTRALİ,153,2026-05-31T02:00:00+03:00,02:00
40W000000000260H,KARDEMİR KOJENERASYON SANTRALİ,unknown,2026-05-31 03:00:00+03:00,,0.0,chunk_0000.json,POST /v1/generation/data/dpp-bulk,2026-05-31 21:45:09.896267+00:00,260,KARDEMİR KOJENERASYON SANTRALİ,153,2026-05-31T03:00:00+03:00,03:00
40W000000000260H,KARDEMİR KOJENERASYON SANTRALİ,unknown,2026-05-31 04:00:00+03:00,,0.0,chunk_0000.json,POST /v1/generation/data/dpp-bulk,2026-05-31 21:45:09.896267+00:00,260,KARDEMİR KOJENERASYON SANTRALİ,153,2026-05-31T04:00:00+03:00,04:00
40W000000000260H,KARDEMİR KOJENERASYON SANTRALİ,unknown,2026-05-31 05:00:00+03:00,,0.0,chunk_0000.json,POST /v1/generation/data/dpp-bulk,2026-05-31 21:45:09.896267+00:00,260,KARDEMİR KOJENERASYON SANTRALİ,153,2026-05-31T05:00:00+03:00,05:00
40W000000000260H,KARDEMİR KOJENERASYON SANTRALİ,unknown,2026-05-31 06:00:00+03:00,,0.0,chunk_0000.json,POST /v1/generation/data/dpp-bulk,2026-05-31 21:45:09.896267+00:00,260,KARDEMİR KOJENERASYON SANTRALİ,153,2026-05-31T06:00:00+03:00,06:00
40W000000000260H,KARDEMİR KOJENERASYON SANTRALİ,unknown,2026-05-31 07:00:00+03:00,,0.0,chunk_0000.json,POST /v1/generation/data/dpp-bulk,2026-05-31 21:45:09.896267+00:00,260,KARDEMİR KOJENERASYON SANTRALİ,153,2026-05-31T07:00:00+03:00,07:00
40W000000000260H,KARDEMİR KOJENERASYON SANTRALİ,unknown,2026-05-31 08:00:00+03:00,,0.0,chunk_0000.json,POST /v1/generation/data/dpp-bulk,2026-05-31 21:45:09.896267+00:00,260,KARDEMİR KOJENERASYON SANTRALİ,153,2026-05-31T08:00:00+03:00,08:00
40W000000000260H,KARDEMİR KOJENERASYON SANTRALİ,unknown,2026-05-31 09:00:00+03:00,,0.0,chunk_0000.json,POST /v1/generation/data/dpp-bulk,2026-05-31 21:45:09.896267+00:00,260,KARDEMİR KOJENERASYON SANTRALİ,153,2026-05-31T09:00:00+03:00,09:00
40W000000000260H,KARDEMİR KOJENERASYON SANTRALİ,unknown,2026-05-31 10:00:00+03:00,,0.0,chunk_0000.json,POST /v1/generation/data/dpp-bulk,2026-05-31 21:45:09.896267+00:00,260,KARDEMİR KOJENERASYON SANTRALİ,153,2026-05-31T10:00:00+03:00,10:00
40W000000000260H,KARDEMİR KOJENERASYON SANTRALİ,unknown,2026-05-31 11:00:00+03:00,,0.0,chunk_0000.json,POST /v1/generation/data/dpp-bulk,2026-05-31 21:45:09.896267+00:00,260,KARDEMİR KOJENERASYON SANTRALİ,153,2026-05-31T11:00:00+03:00,11:00
40W000000000260H,KARDEMİR KOJENERASYON SANTRALİ,unknown,2026-05-31 12:00:00+03:00,,0.0,chunk_0000.json,POST /v1/generation/data/dpp-bulk,2026-05-31 21:45:09.896267+00:00,260,KARDEMİR KOJENERASYON SANTRALİ,153,2026-05-31T12:00:00+03:00,12:00
40W000000000260H,KARDEMİR KOJENERASYON SANTRALİ,unknown,2026-05-31 13:00:00+03:00,,0.0,chunk_0000.json,POST /v1/generation/data/dpp-bulk,2026-05-31 21:45:09.896267+00:00,260,KARDEMİR KOJENERASYON SANTRALİ,153,2026-05-31T13:00:00+03:00,13:00
40W000000000260H,KARDEMİR KOJENERASYON SANTRALİ,unknown,2026-05-31 14:00:00+03:00,,0.0,chunk_0000.json,POST /v1/generation/data/dpp-bulk,2026-05-31 21:45:09.896267+00:00,260,KARDEMİR KOJENERASYON SANTRALİ,153,2026-05-31T14:00:00+03:00,14:00
40W000000000260H,KARDEMİR KOJENERASYON SANTRALİ,unknown,2026-05-31 15:00:00+03:00,,0.0,chunk_0000.json,POST /v1/generation/data/dpp-bulk,2026-05-31 21:45:09.896267+00:00,260,KARDEMİR KOJENERASYON SANTRALİ,153,2026-05-31T15:00:00+03:00,15:00
40W000000000260H,KARDEMİR KOJENERASYON SANTRALİ,unknown,2026-05-31 16:00:00+03:00,,0.0,chunk_0000.json,POST /v1/generation/data/dpp-bulk,2026-05-31 21:45:09.896267+00:00,260,KARDEMİR KOJENERASYON SANTRALİ,153,2026-05-31T16:00:00+03:00,16:00
40W000000000260H,KARDEMİR KOJENERASYON SANTRALİ,unknown,2026-05-31 17:00:00+03:00,,0.0,chunk_0000.json,POST /v1/generation/data/dpp-bulk,2026-05-31 21:45:09.896267+00:00,260,KARDEMİR KOJENERASYON SANTRALİ,153,2026-05-31T17:00:00+03:00,17:00
40W000000000260H,KARDEMİR KOJENERASYON SANTRALİ,unknown,2026-05-31 18:00:00+03:00,,0.0,chunk_0000.json,POST /v1/generation/data/dpp-bulk,2026-05-31 21:45:09.896267+00:00,260,KARDEMİR KOJENERASYON SANTRALİ,153,2026-05-31T18:00:00+03:00,18:00
40W000000000260H,KARDEMİR KOJENERASYON SANTRALİ,unknown,2026-05-31 19:00:00+03:00,,0.0,chunk_0000.json,POST /v1/generation/data/dpp-bulk,2026-05-31 21:45:09.896267+00:00,260,KARDEMİR KOJENERASYON SANTRALİ,153,2026-05-31T19:00:00+03:00,19:00
40W000000000260H,KARDEMİR KOJENERASYON SANTRALİ,unknown,2026-05-31 20:00:00+03:00,,0.0,chunk_0000.json,POST /v1/generation/data/dpp-bulk,2026-05-31 21:45:09.896267+00:00,260,KARDEMİR KOJENERASYON SANTRALİ,153,2026-05-31T20:00:00+03:00,20:00
40W000000000260H,KARDEMİR KOJENERASYON SANTRALİ,unknown,2026-05-31 21:00:00+03:00,,0.0,chunk_0000.json,POST /v1/generation/data/dpp-bulk,2026-05-31 21:45:09.896267+00:00,260,KARDEMİR KOJENERASYON SANTRALİ,153,2026-05-31T21:00:00+03:00,21:00
40W000000000260H,KARDEMİR KOJENERASYON SANTRALİ,unknown,2026-05-31 22:00:00+03:00,,0.0,chunk_0000.json,POST /v1/generation/data/dpp-bulk,2026-05-31 21:45:09.896267+00:00,260,KARDEMİR KOJENERASYON SANTRALİ,153,2026-05-31T22:00:00+03:00,22:00
40W000000000260H,KARDEMİR KOJENERASYON SANTRALİ,unknown,2026-05-31 23:00:00+03:00,,0.0,chunk_0000.json,POST /v1/generation/data/dpp-bulk,2026-05-31 21:45:09.896267+00:00,260,KARDEMİR KOJENERASYON SANTRALİ,153,2026-05-31T23:00:00+03:00,23:00
40W000000000582W,İSKUR TEKSTİL TİCARET VE SANAYİ A.Ş (SÜLEYMANLI HES),unknown,2026-05-31 00:00:00+03:00,,4.5,chunk_0000.json,POST /v1/generation/data/dpp-bulk,2026-05-31 21:45:09.896267+00:00,582,İSKUR TEKSTİL TİCARET VE SANAYİ A.Ş (SÜLEYMANLI HES),160,2026-05-31T00:00:00+03:00,00:00
40W000000000582W,İSKUR TEKSTİL TİCARET VE SANAYİ A.Ş (SÜLEYMANLI HES),unknown,2026-05-31 01:00:00+03:00,,4.5,chunk_0000.json,POST /v1/generation/data/dpp-bulk,2026-05-31 21:45:09.896267+00:00,582,İSKUR TEKSTİL TİCARET VE SANAYİ A.Ş (SÜLEYMANLI HES),160,2026-05-31T01:00:00+03:00,01:00
40W000000000582W,İSKUR TEKSTİL TİCARET VE SANAYİ A.Ş (SÜLEYMANLI HES),unknown,2026-05-31 02:00:00+03:00,,4.5,chunk_0000.json,POST /v1/generation/data/dpp-bulk,2026-05-31 21:45:09.896267+00:00,582,İSKUR TEKSTİL TİCARET VE SANAYİ A.Ş (SÜLEYMANLI HES),160,2026-05-31T02:00:00+03:00,02:00
40W000000000582W,İSKUR TEKSTİL TİCARET VE SANAYİ A.Ş (SÜLEYMANLI HES),unknown,2026-05-31 03:00:00+03:00,,4.5,chunk_0000.json,POST /v1/generation/data/dpp-bulk,2026-05-31 21:45:09.896267+00:00,582,İSKUR TEKSTİL TİCARET VE SANAYİ A.Ş (SÜLEYMANLI HES),160,2026-05-31T03:00:00+03:00,03:00
40W000000000582W,İSKUR TEKSTİL TİCARET VE SANAYİ A.Ş (SÜLEYMANLI HES),unknown,2026-05-31 04:00:00+03:00,,4.5,chunk_0000.json,POST /v1/generation/data/dpp-bulk,2026-05-31 21:45:09.896267+00:00,582,İSKUR TEKSTİL TİCARET VE SANAYİ A.Ş (SÜLEYMANLI HES),160,2026-05-31T04:00:00+03:00,04:00
40W000000000582W,İSKUR TEKSTİL TİCARET VE SANAYİ A.Ş (SÜLEYMANLI HES),unknown,2026-05-31 05:00:00+03:00,,4.5,chunk_0000.json,POST /v1/generation/data/dpp-bulk,2026-05-31 21:45:09.896267+00:00,582,İSKUR TEKSTİL TİCARET VE SANAYİ A.Ş (SÜLEYMANLI HES),160,2026-05-31T05:00:00+03:00,05:00
40W000000000582W,İSKUR TEKSTİL TİCARET VE SANAYİ A.Ş (SÜLEYMANLI HES),unknown,2026-05-31 06:00:00+03:00,,4.5,chunk_0000.json,POST /v1/generation/data/dpp-bulk,2026-05-31 21:45:09.896267+00:00,582,İSKUR TEKSTİL TİCARET VE SANAYİ A.Ş (SÜLEYMANLI HES),160,2026-05-31T06:00:00+03:00,06:00
40W000000000582W,İSKUR TEKSTİL TİCARET VE SANAYİ A.Ş (SÜLEYMANLI HES),unknown,2026-05-31 07:00:00+03:00,,4.5,chunk_0000.json,POST /v1/generation/data/dpp-bulk,2026-05-31 21:45:09.896267+00:00,582,İSKUR TEKSTİL TİCARET VE SANAYİ A.Ş (SÜLEYMANLI HES),160,2026-05-31T07:00:00+03:00,07:00
40W000000000582W,İSKUR TEKSTİL TİCARET VE SANAYİ A.Ş (SÜLEYMANLI HES),unknown,2026-05-31 08:00:00+03:00,,4.5,chunk_0000.json,POST /v1/generation/data/dpp-bulk,2026-05-31 21:45:09.896267+00:00,582,İSKUR TEKSTİL TİCARET VE SANAYİ A.Ş (SÜLEYMANLI HES),160,2026-05-31T08:00:00+03:00,08:00
40W000000000582W,İSKUR TEKSTİL TİCARET VE SANAYİ A.Ş (SÜLEYMANLI HES),unknown,2026-05-31 09:00:00+03:00,,4.5,chunk_0000.json,POST /v1/generation/data/dpp-bulk,2026-05-31 21:45:09.896267+00:00,582,İSKUR TEKSTİL TİCARET VE SANAYİ A.Ş (SÜLEYMANLI HES),160,2026-05-31T09:00:00+03:00,09:00
40W000000000582W,İSKUR TEKSTİL TİCARET VE SANAYİ A.Ş (SÜLEYMANLI HES),unknown,2026-05-31 10:00:00+03:00,,4.5,chunk_0000.json,POST /v1/generation/data/dpp-bulk,2026-05-31 21:45:09.896267+00:00,582,İSKUR TEKSTİL TİCARET VE SANAYİ A.Ş (SÜLEYMANLI HES),160,2026-05-31T10:00:00+03:00,10:00
40W000000000582W,İSKUR TEKSTİL TİCARET VE SANAYİ A.Ş (SÜLEYMANLI HES),unknown,2026-05-31 11:00:00+03:00,,4.5,chunk_0000.json,POST /v1/generation/data/dpp-bulk,2026-05-31 21:45:09.896267+00:00,582,İSKUR TEKSTİL TİCARET VE SANAYİ A.Ş (SÜLEYMANLI HES),160,2026-05-31T11:00:00+03:00,11:00
40W000000000582W,İSKUR TEKSTİL TİCARET VE SANAYİ A.Ş (SÜLEYMANLI HES),unknown,2026-05-31 12:00:00+03:00,,4.5,chunk_0000.json,POST /v1/generation/data/dpp-bulk,2026-05-31 21:45:09.896267+00:00,582,İSKUR TEKSTİL TİCARET VE SANAYİ A.Ş (SÜLEYMANLI HES),160,2026-05-31T12:00:00+03:00,12:00
40W000000000582W,İSKUR TEKSTİL TİCARET VE SANAYİ A.Ş (SÜLEYMANLI HES),unknown,2026-05-31 13:00:00+03:00,,4.5,chunk_0000.json,POST /v1/generation/data/dpp-bulk,2026-05-31 21:45:09.896267+00:00,582,İSKUR TEKSTİL TİCARET VE SANAYİ A.Ş (SÜLEYMANLI HES),160,2026-05-31T13:00:00+03:00,13:00
40W000000000582W,İSKUR TEKSTİL TİCARET VE SANAYİ A.Ş (SÜLEYMANLI HES),unknown,2026-05-31 14:00:00+03:00,,4.5,chunk_0000.json,POST /v1/generation/data/dpp-bulk,2026-05-31 21:45:09.896267+00:00,582,İSKUR TEKSTİL TİCARET VE SANAYİ A.Ş (SÜLEYMANLI HES),160,2026-05-31T14:00:00+03:00,14:00
40W000000000582W,İSKUR TEKSTİL TİCARET VE SANAYİ A.Ş (SÜLEYMANLI HES),unknown,2026-05-31 15:00:00+03:00,,4.5,chunk_0000.json,POST /v1/generation/data/dpp-bulk,2026-05-31 21:45:09.896267+00:00,582,İSKUR TEKSTİL TİCARET VE SANAYİ A.Ş (SÜLEYMANLI HES),160,2026-05-31T15:00:00+03:00,15:00
40W000000000582W,İSKUR TEKSTİL TİCARET VE SANAYİ A.Ş (SÜLEYMANLI HES),unknown,2026-05-31 16:00:00+03:00,,4.5,chunk_0000.json,POST /v1/generation/data/dpp-bulk,2026-05-31 21:45:09.896267+00:00,582,İSKUR TEKSTİL TİCARET VE SANAYİ A.Ş (SÜLEYMANLI HES),160,2026-05-31T16:00:00+03:00,16:00
40W000000000582W,İSKUR TEKSTİL TİCARET VE SANAYİ A.Ş (SÜLEYMANLI HES),unknown,2026-05-31 17:00:00+03:00,,4.5,chunk_0000.json,POST /v1/generation/data/dpp-bulk,2026-05-31 21:45:09.896267+00:00,582,İSKUR TEKSTİL TİCARET VE SANAYİ A.Ş (SÜLEYMANLI HES),160,2026-05-31T17:00:00+03:00,17:00
40W000000000582W,İSKUR TEKSTİL TİCARET VE SANAYİ A.Ş (SÜLEYMANLI HES),unknown,2026-05-31 18:00:00+03:00,,4.5,chunk_0000.json,POST /v1/generation/data/dpp-bulk,2026-05-31 21:45:09.896267+00:00,582,İSKUR TEKSTİL TİCARET VE SANAYİ A.Ş (SÜLEYMANLI HES),160,2026-05-31T18:00:00+03:00,18:00
40W000000000582W,İSKUR TEKSTİL TİCARET VE SANAYİ A.Ş (SÜLEYMANLI HES),unknown,2026-05-31 19:00:00+03:00,,4.5,chunk_0000.json,POST /v1/generation/data/dpp-bulk,2026-05-31 21:45:09.896267+00:00,582,İSKUR TEKSTİL TİCARET VE SANAYİ A.Ş (SÜLEYMANLI HES),160,2026-05-31T19:00:00+03:00,19:00
40W000000000582W,İSKUR TEKSTİL TİCARET VE SANAYİ A.Ş (SÜLEYMANLI HES),unknown,2026-05-31 20:00:00+03:00,,4.5,chunk_0000.json,POST /v1/generation/data/dpp-bulk,2026-05-31 21:45:09.896267+00:00,582,İSKUR TEKSTİL TİCARET VE SANAYİ A.Ş (SÜLEYMANLI HES),160,2026-05-31T20:00:00+03:00,20:00
40W000000000582W,İSKUR TEKSTİL TİCARET VE SANAYİ A.Ş (SÜLEYMANLI HES),unknown,2026-05-31 21:00:00+03:00,,4.5,chunk_0000.json,POST /v1/generation/data/dpp-bulk,2026-05-31 21:45:09.896267+00:00,582,İSKUR TEKSTİL TİCARET VE SANAYİ A.Ş (SÜLEYMANLI HES),160,2026-05-31T21:00:00+03:00,21:00
40W000000000582W,İSKUR TEKSTİL TİCARET VE SANAYİ A.Ş (SÜLEYMANLI HES),unknown,2026-05-31 22:00:00+03:00,,4.5,chunk_0000.json,POST /v1/generation/data/dpp-bulk,2026-05-31 21:45:09.896267+00:00,582,İSKUR TEKSTİL TİCARET VE SANAYİ A.Ş (SÜLEYMANLI HES),160,2026-05-31T22:00:00+03:00,22:00
40W000000000582W,İSKUR TEKSTİL TİCARET VE SANAYİ A.Ş (SÜLEYMANLI HES),unknown,2026-05-31 23:00:00+03:00,,4.5,chunk_0000.json,POST /v1/generation/data/dpp-bulk,2026-05-31 21:45:09.896267+00:00,582,İSKUR TEKSTİL TİCARET VE SANAYİ A.Ş (SÜLEYMANLI HES),160,2026-05-31T23:00:00+03:00,23:00
40W000000000576R,EREĞLİ DEMİR ÇELİK TERMİK SANTRALİ,unknown,2026-05-31 00:00:00+03:00,,0.0,chunk_0000.json,POST /v1/generation/data/dpp-bulk,2026-05-31 21:45:09.896267+00:00,576,EREĞLİ DEMİR ÇELİK TERMİK SANTRALİ,165,2026-05-31T00:00:00+03:00,00:00
40W000000000576R,EREĞLİ DEMİR ÇELİK TERMİK SANTRALİ,unknown,2026-05-31 01:00:00+03:00,,0.0,chunk_0000.json,POST /v1/generation/data/dpp-bulk,2026-05-31 21:45:09.896267+00:00,576,EREĞLİ DEMİR ÇELİK TERMİK SANTRALİ,165,2026-05-31T01:00:00+03:00,01:00
40W000000000576R,EREĞLİ DEMİR ÇELİK TERMİK SANTRALİ,unknown,2026-05-31 02:00:00+03:00,,0.0,chunk_0000.json,POST /v1/generation/data/dpp-bulk,2026-05-31 21:45:09.896267+00:00,576,EREĞLİ DEMİR ÇELİK TERMİK SANTRALİ,165,2026-05-31T02:00:00+03:00,02:00
40W000000000576R,EREĞLİ DEMİR ÇELİK TERMİK SANTRALİ,unknown,2026-05-31 03:00:00+03:00,,0.0,chunk_0000.json,POST /v1/generation/data/dpp-bulk,2026-05-31 21:45:09.896267+00:00,576,EREĞLİ DEMİR ÇELİK TERMİK SANTRALİ,165,2026-05-31T03:00:00+03:00,03:00
40W000000000576R,EREĞLİ DEMİR ÇELİK TERMİK SANTRALİ,unknown,2026-05-31 04:00:00+03:00,,0.0,chunk_0000.json,POST /v1/generation/data/dpp-bulk,2026-05-31 21:45:09.896267+00:00,576,EREĞLİ DEMİR ÇELİK TERMİK SANTRALİ,165,2026-05-31T04:00:00+03:00,04:00
40W000000000576R,EREĞLİ DEMİR ÇELİK TERMİK SANTRALİ,unknown,2026-05-31 05:00:00+03:00,,0.0,chunk_0000.json,POST /v1/generation/data/dpp-bulk,2026-05-31 21:45:09.896267+00:00,576,EREĞLİ DEMİR ÇELİK TERMİK SANTRALİ,165,2026-05-31T05:00:00+03:00,05:00
40W000000000576R,EREĞLİ DEMİR ÇELİK TERMİK SANTRALİ,unknown,2026-05-31 06:00:00+03:00,,0.0,chunk_0000.json,POST /v1/generation/data/dpp-bulk,2026-05-31 21:45:09.896267+00:00,576,EREĞLİ DEMİR ÇELİK TERMİK SANTRALİ,165,2026-05-31T06:00:00+03:00,06:00
40W000000000576R,EREĞLİ DEMİR ÇELİK TERMİK SANTRALİ,unknown,2026-05-31 07:00:00+03:00,,0.0,chunk_0000.json,POST /v1/generation/data/dpp-bulk,2026-05-31 21:45:09.896267+00:00,576,EREĞLİ DEMİR ÇELİK TERMİK SANTRALİ,165,2026-05-31T07:00:00+03:00,07:00
40W000000000576R,EREĞLİ DEMİR ÇELİK TERMİK SANTRALİ,unknown,2026-05-31 08:00:00+03:00,,0.0,chunk_0000.json,POST /v1/generation/data/dpp-bulk,2026-05-31 21:45:09.896267+00:00,576,EREĞLİ DEMİR ÇELİK TERMİK SANTRALİ,165,2026-05-31T08:00:00+03:00,08:00
40W000000000576R,EREĞLİ DEMİR ÇELİK TERMİK SANTRALİ,unknown,2026-05-31 09:00:00+03:00,,0.0,chunk_0000.json,POST /v1/generation/data/dpp-bulk,2026-05-31 21:45:09.896267+00:00,576,EREĞLİ DEMİR ÇELİK TERMİK SANTRALİ,165,2026-05-31T09:00:00+03:00,09:00
40W000000000576R,EREĞLİ DEMİR ÇELİK TERMİK SANTRALİ,unknown,2026-05-31 10:00:00+03:00,,0.0,chunk_0000.json,POST /v1/generation/data/dpp-bulk,2026-05-31 21:45:09.896267+00:00,576,EREĞLİ DEMİR ÇELİK TERMİK SANTRALİ,165,2026-05-31T10:00:00+03:00,10:00
40W000000000576R,EREĞLİ DEMİR ÇELİK TERMİK SANTRALİ,unknown,2026-05-31 11:00:00+03:00,,0.0,chunk_0000.json,POST /v1/generation/data/dpp-bulk,2026-05-31 21:45:09.896267+00:00,576,EREĞLİ DEMİR ÇELİK TERMİK SANTRALİ,165,2026-05-31T11:00:00+03:00,11:00
40W000000000576R,EREĞLİ DEMİR ÇELİK TERMİK SANTRALİ,unknown,2026-05-31 12:00:00+03:00,,0.0,chunk_0000.json,POST /v1/generation/data/dpp-bulk,2026-05-31 21:45:09.896267+00:00,576,EREĞLİ DEMİR ÇELİK TERMİK SANTRALİ,165,2026-05-31T12:00:00+03:00,12:00
40W000000000576R,EREĞLİ DEMİR ÇELİK TERMİK SANTRALİ,unknown,2026-05-31 13:00:00+03:00,,0.0,chunk_0000.json,POST /v1/generation/data/dpp-bulk,2026-05-31 21:45:09.896267+00:00,576,EREĞLİ DEMİR ÇELİK TERMİK SANTRALİ,165,2026-05-31T13:00:00+03:00,13:00
40W000000000576R,EREĞLİ DEMİR ÇELİK TERMİK SANTRALİ,unknown,2026-05-31 14:00:00+03:00,,0.0,chunk_0000.json,POST /v1/generation/data/dpp-bulk,2026-05-31 21:45:09.896267+00:00,576,EREĞLİ DEMİR ÇELİK TERMİK SANTRALİ,165,2026-05-31T14:00:00+03:00,14:00
40W000000000576R,EREĞLİ DEMİR ÇELİK TERMİK SANTRALİ,unknown,2026-05-31 15:00:00+03:00,,0.0,chunk_0000.json,POST /v1/generation/data/dpp-bulk,2026-05-31 21:45:09.896267+00:00,576,EREĞLİ DEMİR ÇELİK TERMİK SANTRALİ,165,2026-05-31T15:00:00+03:00,15:00
40W000000000576R,EREĞLİ DEMİR ÇELİK TERMİK SANTRALİ,unknown,2026-05-31 16:00:00+03:00,,0.0,chunk_0000.json,POST /v1/generation/data/dpp-bulk,2026-05-31 21:45:09.896267+00:00,576,EREĞLİ DEMİR ÇELİK TERMİK SANTRALİ,165,2026-05-31T16:00:00+03:00,16:00
40W000000000576R,EREĞLİ DEMİR ÇELİK TERMİK SANTRALİ,unknown,2026-05-31 17:00:00+03:00,,0.0,chunk_0000.json,POST /v1/generation/data/dpp-bulk,2026-05-31 21:45:09.896267+00:00,576,EREĞLİ DEMİR ÇELİK TERMİK SANTRALİ,165,2026-05-31T17:00:00+03:00,17:00
40W000000000576R,EREĞLİ DEMİR ÇELİK TERMİK SANTRALİ,unknown,2026-05-31 18:00:00+03:00,,0.0,chunk_0000.json,POST /v1/generation/data/dpp-bulk,2026-05-31 21:45:09.896267+00:00,576,EREĞLİ DEMİR ÇELİK TERMİK SANTRALİ,165,2026-05-31T18:00:00+03:00,18:00
40W000000000576R,EREĞLİ DEMİR ÇELİK TERMİK SANTRALİ,unknown,2026-05-31 19:00:00+03:00,,0.0,chunk_0000.json,POST /v1/generation/data/dpp-bulk,2026-05-31 21:45:09.896267+00:00,576,EREĞLİ DEMİR ÇELİK TERMİK SANTRALİ,165,2026-05-31T19:00:00+03:00,19:00
40W000000000576R,EREĞLİ DEMİR ÇELİK TERMİK SANTRALİ,unknown,2026-05-31 20:00:00+03:00,,0.0,chunk_0000.json,POST /v1/generation/data/dpp-bulk,2026-05-31 21:45:09.896267+00:00,576,EREĞLİ DEMİR ÇELİK TERMİK SANTRALİ,165,2026-05-31T20:00:00+03:00,20:00
40W000000000576R,EREĞLİ DEMİR ÇELİK TERMİK SANTRALİ,unknown,2026-05-31 21:00:00+03:00,,0.0,chunk_0000.json,POST /v1/generation/data/dpp-bulk,2026-05-31 21:45:09.896267+00:00,576,EREĞLİ DEMİR ÇELİK TERMİK SANTRALİ,165,2026-05-31T21:00:00+03:00,21:00
40W000000000576R,EREĞLİ DEMİR ÇELİK TERMİK SANTRALİ,unknown,2026-05-31 22:00:00+03:00,,0.0,chunk_0000.json,POST /v1/generation/data/dpp-bulk,2026-05-31 21:45:09.896267+00:00,576,EREĞLİ DEMİR ÇELİK TERMİK SANTRALİ,165,2026-05-31T22:00:00+03:00,22:00
40W000000000576R,EREĞLİ DEMİR ÇELİK TERMİK SANTRALİ,unknown,2026-05-31 23:00:00+03:00,,0.0,chunk_0000.json,POST /v1/generation/data/dpp-bulk,2026-05-31 21:45:09.896267+00:00,576,EREĞLİ DEMİR ÇELİK TERMİK SANTRALİ,165,2026-05-31T23:00:00+03:00,23:00
40W000000000602F,Kaleseramik Kojenerasyon Tesisleri,unknown,2026-05-31 00:00:00+03:00,,0.0,chunk_0000.json,POST /v1/generation/data/dpp-bulk,2026-05-31 21:45:09.896267+00:00,602,Kaleseramik Kojenerasyon Tesisleri,169,2026-05-31T00:00:00+03:00,00:00
40W000000000602F,Kaleseramik Kojenerasyon Tesisleri,unknown,2026-05-31 01:00:00+03:00,,0.0,chunk_0000.json,POST /v1/generation/data/dpp-bulk,2026-05-31 21:45:09.896267+00:00,602,Kaleseramik Kojenerasyon Tesisleri,169,2026-05-31T01:00:00+03:00,01:00
40W000000000602F,Kaleseramik Kojenerasyon Tesisleri,unknown,2026-05-31 02:00:00+03:00,,0.0,chunk_0000.json,POST /v1/generation/data/dpp-bulk,2026-05-31 21:45:09.896267+00:00,602,Kaleseramik Kojenerasyon Tesisleri,169,2026-05-31T02:00:00+03:00,02:00
40W000000000602F,Kaleseramik Kojenerasyon Tesisleri,unknown,2026-05-31 03:00:00+03:00,,0.0,chunk_0000.json,POST /v1/generation/data/dpp-bulk,2026-05-31 21:45:09.896267+00:00,602,Kaleseramik Kojenerasyon Tesisleri,169,2026-05-31T03:00:00+03:00,03:00
40W000000000602F,Kaleseramik Kojenerasyon Tesisleri,unknown,2026-05-31 04:00:00+03:00,,0.0,chunk_0000.json,POST /v1/generation/data/dpp-bulk,2026-05-31 21:45:09.896267+00:00,602,Kaleseramik Kojenerasyon Tesisleri,169,2026-05-31T04:00:00+03:00,04:00
40W000000000602F,Kaleseramik Kojenerasyon Tesisleri,unknown,2026-05-31 05:00:00+03:00,,0.0,chunk_0000.json,POST /v1/generation/data/dpp-bulk,2026-05-31 21:45:09.896267+00:00,602,Kaleseramik Kojenerasyon Tesisleri,169,2026-05-31T05:00:00+03:00,05:00
40W000000000602F,Kaleseramik Kojenerasyon Tesisleri,unknown,2026-05-31 06:00:00+03:00,,0.0,chunk_0000.json,POST /v1/generation/data/dpp-bulk,2026-05-31 21:45:09.896267+00:00,602,Kaleseramik Kojenerasyon Tesisleri,169,2026-05-31T06:00:00+03:00,06:00
40W000000000602F,Kaleseramik Kojenerasyon Tesisleri,unknown,2026-05-31 07:00:00+03:00,,0.0,chunk_0000.json,POST /v1/generation/data/dpp-bulk,2026-05-31 21:45:09.896267+00:00,602,Kaleseramik Kojenerasyon Tesisleri,169,2026-05-31T07:00:00+03:00,07:00
40W000000000602F,Kaleseramik Kojenerasyon Tesisleri,unknown,2026-05-31 08:00:00+03:00,,0.0,chunk_0000.json,POST /v1/generation/data/dpp-bulk,2026-05-31 21:45:09.896267+00:00,602,Kaleseramik Kojenerasyon Tesisleri,169,2026-05-31T08:00:00+03:00,08:00
40W000000000602F,Kaleseramik Kojenerasyon Tesisleri,unknown,2026-05-31 09:00:00+03:00,,0.0,chunk_0000.json,POST /v1/generation/data/dpp-bulk,2026-05-31 21:45:09.896267+00:00,602,Kaleseramik Kojenerasyon Tesisleri,169,2026-05-31T09:00:00+03:00,09:00
40W000000000602F,Kaleseramik Kojenerasyon Tesisleri,unknown,2026-05-31 10:00:00+03:00,,0.0,chunk_0000.json,POST /v1/generation/data/dpp-bulk,2026-05-31 21:45:09.896267+00:00,602,Kaleseramik Kojenerasyon Tesisleri,169,2026-05-31T10:00:00+03:00,10:00
40W000000000602F,Kaleseramik Kojenerasyon Tesisleri,unknown,2026-05-31 11:00:00+03:00,,0.0,chunk_0000.json,POST /v1/generation/data/dpp-bulk,2026-05-31 21:45:09.896267+00:00,602,Kaleseramik Kojenerasyon Tesisleri,169,2026-05-31T11:00:00+03:00,11:00
40W000000000602F,Kaleseramik Kojenerasyon Tesisleri,unknown,2026-05-31 12:00:00+03:00,,0.0,chunk_0000.json,POST /v1/generation/data/dpp-bulk,2026-05-31 21:45:09.896267+00:00,602,Kaleseramik Kojenerasyon Tesisleri,169,2026-05-31T12:00:00+03:00,12:00
40W000000000602F,Kaleseramik Kojenerasyon Tesisleri,unknown,2026-05-31 13:00:00+03:00,,0.0,chunk_0000.json,POST /v1/generation/data/dpp-bulk,2026-05-31 21:45:09.896267+00:00,602,Kaleseramik Kojenerasyon Tesisleri,169,2026-05-31T13:00:00+03:00,13:00
40W000000000602F,Kaleseramik Kojenerasyon Tesisleri,unknown,2026-05-31 14:00:00+03:00,,0.0,chunk_0000.json,POST /v1/generation/data/dpp-bulk,2026-05-31 21:45:09.896267+00:00,602,Kaleseramik Kojenerasyon Tesisleri,169,2026-05-31T14:00:00+03:00,14:00
40W000000000602F,Kaleseramik Kojenerasyon Tesisleri,unknown,2026-05-31 15:00:00+03:00,,0.0,chunk_0000.json,POST /v1/generation/data/dpp-bulk,2026-05-31 21:45:09.896267+00:00,602,Kaleseramik Kojenerasyon Tesisleri,169,2026-05-31T15:00:00+03:00,15:00
40W000000000602F,Kaleseramik Kojenerasyon Tesisleri,unknown,2026-05-31 16:00:00+03:00,,0.0,chunk_0000.json,POST /v1/generation/data/dpp-bulk,2026-05-31 21:45:09.896267+00:00,602,Kaleseramik Kojenerasyon Tesisleri,169,2026-05-31T16:00:00+03:00,16:00
40W000000000602F,Kaleseramik Kojenerasyon Tesisleri,unknown,2026-05-31 17:00:00+03:00,,0.0,chunk_0000.json,POST /v1/generation/data/dpp-bulk,2026-05-31 21:45:09.896267+00:00,602,Kaleseramik Kojenerasyon Tesisleri,169,2026-05-31T17:00:00+03:00,17:00
40W000000000602F,Kaleseramik Kojenerasyon Tesisleri,unknown,2026-05-31 18:00:00+03:00,,0.0,chunk_0000.json,POST /v1/generation/data/dpp-bulk,2026-05-31 21:45:09.896267+00:00,602,Kaleseramik Kojenerasyon Tesisleri,169,2026-05-31T18:00:00+03:00,18:00
40W000000000602F,Kaleseramik Kojenerasyon Tesisleri,unknown,2026-05-31 19:00:00+03:00,,0.0,chunk_0000.json,POST /v1/generation/data/dpp-bulk,2026-05-31 21:45:09.896267+00:00,602,Kaleseramik Kojenerasyon Tesisleri,169,2026-05-31T19:00:00+03:00,19:00
40W000000000602F,Kaleseramik Kojenerasyon Tesisleri,unknown,2026-05-31 20:00:00+03:00,,0.0,chunk_0000.json,POST /v1/generation/data/dpp-bulk,2026-05-31 21:45:09.896267+00:00,602,Kaleseramik Kojenerasyon Tesisleri,169,2026-05-31T20:00:00+03:00,20:00
40W000000000602F,Kaleseramik Kojenerasyon Tesisleri,unknown,2026-05-31 21:00:00+03:00,,0.0,chunk_0000.json,POST /v1/generation/data/dpp-bulk,2026-05-31 21:45:09.896267+00:00,602,Kaleseramik Kojenerasyon Tesisleri,169,2026-05-31T21:00:00+03:00,21:00
40W000000000602F,Kaleseramik Kojenerasyon Tesisleri,unknown,2026-05-31 22:00:00+03:00,,0.0,chunk_0000.json,POST /v1/generation/data/dpp-bulk,2026-05-31 21:45:09.896267+00:00,602,Kaleseramik Kojenerasyon Tesisleri,169,2026-05-31T22:00:00+03:00,22:00
40W000000000602F,Kaleseramik Kojenerasyon Tesisleri,unknown,2026-05-31 23:00:00+03:00,,0.0,chunk_0000.json,POST /v1/generation/data/dpp-bulk,2026-05-31 21:45:09.896267+00:00,602,Kaleseramik Kojenerasyon Tesisleri,169,2026-05-31T23:00:00+03:00,23:00
40W000000000591V,PETKİM PETROKMYA HOLDİNG A.Ş.,unknown,2026-05-31 00:00:00+03:00,,3.0,chunk_0000.json,POST /v1/generation/data/dpp-bulk,2026-05-31 21:45:09.896267+00:00,591,PETKİM PETROKMYA HOLDİNG A.Ş.,173,2026-05-31T00:00:00+03:00,00:00
40W000000000591V,PETKİM PETROKMYA HOLDİNG A.Ş.,unknown,2026-05-31 01:00:00+03:00,,3.0,chunk_0000.json,POST /v1/generation/data/dpp-bulk,2026-05-31 21:45:09.896267+00:00,591,PETKİM PETROKMYA HOLDİNG A.Ş.,173,2026-05-31T01:00:00+03:00,01:00
40W000000000591V,PETKİM PETROKMYA HOLDİNG A.Ş.,unknown,2026-05-31 02:00:00+03:00,,3.0,chunk_0000.json,POST /v1/generation/data/dpp-bulk,2026-05-31 21:45:09.896267+00:00,591,PETKİM PETROKMYA HOLDİNG A.Ş.,173,2026-05-31T02:00:00+03:00,02:00
40W000000000591V,PETKİM PETROKMYA HOLDİNG A.Ş.,unknown,2026-05-31 03:00:00+03:00,,3.0,chunk_0000.json,POST /v1/generation/data/dpp-bulk,2026-05-31 21:45:09.896267+00:00,591,PETKİM PETROKMYA HOLDİNG A.Ş.,173,2026-05-31T03:00:00+03:00,03:00
40W000000000591V,PETKİM PETROKMYA HOLDİNG A.Ş.,unknown,2026-05-31 04:00:00+03:00,,3.0,chunk_0000.json,POST /v1/generation/data/dpp-bulk,2026-05-31 21:45:09.896267+00:00,591,PETKİM PETROKMYA HOLDİNG A.Ş.,173,2026-05-31T04:00:00+03:00,04:00
40W000000000591V,PETKİM PETROKMYA HOLDİNG A.Ş.,unknown,2026-05-31 05:00:00+03:00,,3.0,chunk_0000.json,POST /v1/generation/data/dpp-bulk,2026-05-31 21:45:09.896267+00:00,591,PETKİM PETROKMYA HOLDİNG A.Ş.,173,2026-05-31T05:00:00+03:00,05:00
40W000000000591V,PETKİM PETROKMYA HOLDİNG A.Ş.,unknown,2026-05-31 06:00:00+03:00,,3.0,chunk_0000.json,POST /v1/generation/data/dpp-bulk,2026-05-31 21:45:09.896267+00:00,591,PETKİM PETROKMYA HOLDİNG A.Ş.,173,2026-05-31T06:00:00+03:00,06:00
40W000000000591V,PETKİM PETROKMYA HOLDİNG A.Ş.,unknown,2026-05-31 07:00:00+03:00,,3.0,chunk_0000.json,POST /v1/generation/data/dpp-bulk,2026-05-31 21:45:09.896267+00:00,591,PETKİM PETROKMYA HOLDİNG A.Ş.,173,2026-05-31T07:00:00+03:00,07:00
40W000000000591V,PETKİM PETROKMYA HOLDİNG A.Ş.,unknown,2026-05-31 08:00:00+03:00,,3.0,chunk_0000.json,POST /v1/generation/data/dpp-bulk,2026-05-31 21:45:09.896267+00:00,591,PETKİM PETROKMYA HOLDİNG A.Ş.,173,2026-05-31T08:00:00+03:00,08:00
40W000000000591V,PETKİM PETROKMYA HOLDİNG A.Ş.,unknown,2026-05-31 09:00:00+03:00,,0.0,chunk_0000.json,POST /v1/generation/data/dpp-bulk,2026-05-31 21:45:09.896267+00:00,591,PETKİM PETROKMYA HOLDİNG A.Ş.,173,2026-05-31T09:00:00+03:00,09:00
40W000000000591V,PETKİM PETROKMYA HOLDİNG A.Ş.,unknown,2026-05-31 10:00:00+03:00,,0.0,chunk_0000.json,POST /v1/generation/data/dpp-bulk,2026-05-31 21:45:09.896267+00:00,591,PETKİM PETROKMYA HOLDİNG A.Ş.,173,2026-05-31T10:00:00+03:00,10:00
40W000000000591V,PETKİM PETROKMYA HOLDİNG A.Ş.,unknown,2026-05-31 11:00:00+03:00,,0.0,chunk_0000.json,POST /v1/generation/data/dpp-bulk,2026-05-31 21:45:09.896267+00:00,591,PETKİM PETROKMYA HOLDİNG A.Ş.,173,2026-05-31T11:00:00+03:00,11:00
40W000000000591V,PETKİM PETROKMYA HOLDİNG A.Ş.,unknown,2026-05-31 12:00:00+03:00,,0.0,chunk_0000.json,POST /v1/generation/data/dpp-bulk,2026-05-31 21:45:09.896267+00:00,591,PETKİM PETROKMYA HOLDİNG A.Ş.,173,2026-05-31T12:00:00+03:00,12:00
40W000000000591V,PETKİM PETROKMYA HOLDİNG A.Ş.,unknown,2026-05-31 13:00:00+03:00,,0.0,chunk_0000.json,POST /v1/generation/data/dpp-bulk,2026-05-31 21:45:09.896267+00:00,591,PETKİM PETROKMYA HOLDİNG A.Ş.,173,2026-05-31T13:00:00+03:00,13:00
40W000000000591V,PETKİM PETROKMYA HOLDİNG A.Ş.,unknown,2026-05-31 14:00:00+03:00,,0.0,chunk_0000.json,POST /v1/generation/data/dpp-bulk,2026-05-31 21:45:09.896267+00:00,591,PETKİM PETROKMYA HOLDİNG A.Ş.,173,2026-05-31T14:00:00+03:00,14:00
40W000000000591V,PETKİM PETROKMYA HOLDİNG A.Ş.,unknown,2026-05-31 15:00:00+03:00,,0.0,chunk_0000.json,POST /v1/generation/data/dpp-bulk,2026-05-31 21:45:09.896267+00:00,591,PETKİM PETROKMYA HOLDİNG A.Ş.,173,2026-05-31T15:00:00+03:00,15:00
40W000000000591V,PETKİM PETROKMYA HOLDİNG A.Ş.,unknown,2026-05-31 16:00:00+03:00,,0.0,chunk_0000.json,POST /v1/generation/data/dpp-bulk,2026-05-31 21:45:09.896267+00:00,591,PETKİM PETROKMYA HOLDİNG A.Ş.,173,2026-05-31T16:00:00+03:00,16:00
40W000000000591V,PETKİM PETROKMYA HOLDİNG A.Ş.,unknown,2026-05-31 17:00:00+03:00,,0.0,chunk_0000.json,POST /v1/generation/data/dpp-bulk,2026-05-31 21:45:09.896267+00:00,591,PETKİM PETROKMYA HOLDİNG A.Ş.,173,2026-05-31T17:00:00+03:00,17:00
40W000000000591V,PETKİM PETROKMYA HOLDİNG A.Ş.,unknown,2026-05-31 18:00:00+03:00,,0.0,chunk_0000.json,POST /v1/generation/data/dpp-bulk,2026-05-31 21:45:09.896267+00:00,591,PETKİM PETROKMYA HOLDİNG A.Ş.,173,2026-05-31T18:00:00+03:00,18:00
40W000000000591V,PETKİM PETROKMYA HOLDİNG A.Ş.,unknown,2026-05-31 19:00:00+03:00,,0.0,chunk_0000.json,POST /v1/generation/data/dpp-bulk,2026-05-31 21:45:09.896267+00:00,591,PETKİM PETROKMYA HOLDİNG A.Ş.,173,2026-05-31T19:00:00+03:00,19:00
40W000000000591V,PETKİM PETROKMYA HOLDİNG A.Ş.,unknown,2026-05-31 20:00:00+03:00,,0.0,chunk_0000.json,POST /v1/generation/data/dpp-bulk,2026-05-31 21:45:09.896267+00:00,591,PETKİM PETROKMYA HOLDİNG A.Ş.,173,2026-05-31T20:00:00+03:00,20:00
40W000000000591V,PETKİM PETROKMYA HOLDİNG A.Ş.,unknown,2026-05-31 21:00:00+03:00,,0.0,chunk_0000.json,POST /v1/generation/data/dpp-bulk,2026-05-31 21:45:09.896267+00:00,591,PETKİM PETROKMYA HOLDİNG A.Ş.,173,2026-05-31T21:00:00+03:00,21:00
40W000000000591V,PETKİM PETROKMYA HOLDİNG A.Ş.,unknown,2026-05-31 22:00:00+03:00,,0.0,chunk_0000.json,POST /v1/generation/data/dpp-bulk,2026-05-31 21:45:09.896267+00:00,591,PETKİM PETROKMYA HOLDİNG A.Ş.,173,2026-05-31T22:00:00+03:00,22:00
40W000000000591V,PETKİM PETROKMYA HOLDİNG A.Ş.,unknown,2026-05-31 23:00:00+03:00,,0.0,chunk_0000.json,POST /v1/generation/data/dpp-bulk,2026-05-31 21:45:09.896267+00:00,591,PETKİM PETROKMYA HOLDİNG A.Ş.,173,2026-05-31T23:00:00+03:00,23:00
40W000000000604B,İSKENDERUN DEMİR VE ÇELİK TERMİK KUVVET SANTRALİ,unknown,2026-05-31 00:00:00+03:00,,0.0,chunk_0000.json,POST /v1/generation/data/dpp-bulk,2026-05-31 21:45:09.896267+00:00,604,İSKENDERUN DEMİR VE ÇELİK TERMİK KUVVET SANTRALİ,179,2026-05-31T00:00:00+03:00,00:00
40W000000000604B,İSKENDERUN DEMİR VE ÇELİK TERMİK KUVVET SANTRALİ,unknown,2026-05-31 01:00:00+03:00,,0.0,chunk_0000.json,POST /v1/generation/data/dpp-bulk,2026-05-31 21:45:09.896267+00:00,604,İSKENDERUN DEMİR VE ÇELİK TERMİK KUVVET SANTRALİ,179,2026-05-31T01:00:00+03:00,01:00
40W000000000604B,İSKENDERUN DEMİR VE ÇELİK TERMİK KUVVET SANTRALİ,unknown,2026-05-31 02:00:00+03:00,,0.0,chunk_0000.json,POST /v1/generation/data/dpp-bulk,2026-05-31 21:45:09.896267+00:00,604,İSKENDERUN DEMİR VE ÇELİK TERMİK KUVVET SANTRALİ,179,2026-05-31T02:00:00+03:00,02:00
40W000000000604B,İSKENDERUN DEMİR VE ÇELİK TERMİK KUVVET SANTRALİ,unknown,2026-05-31 03:00:00+03:00,,0.0,chunk_0000.json,POST /v1/generation/data/dpp-bulk,2026-05-31 21:45:09.896267+00:00,604,İSKENDERUN DEMİR VE ÇELİK TERMİK KUVVET SANTRALİ,179,2026-05-31T03:00:00+03:00,03:00
40W000000000604B,İSKENDERUN DEMİR VE ÇELİK TERMİK KUVVET SANTRALİ,unknown,2026-05-31 04:00:00+03:00,,0.0,chunk_0000.json,POST /v1/generation/data/dpp-bulk,2026-05-31 21:45:09.896267+00:00,604,İSKENDERUN DEMİR VE ÇELİK TERMİK KUVVET SANTRALİ,179,2026-05-31T04:00:00+03:00,04:00
40W000000000604B,İSKENDERUN DEMİR VE ÇELİK TERMİK KUVVET SANTRALİ,unknown,2026-05-31 05:00:00+03:00,,0.0,chunk_0000.json,POST /v1/generation/data/dpp-bulk,2026-05-31 21:45:09.896267+00:00,604,İSKENDERUN DEMİR VE ÇELİK TERMİK KUVVET SANTRALİ,179,2026-05-31T05:00:00+03:00,05:00
40W000000000604B,İSKENDERUN DEMİR VE ÇELİK TERMİK KUVVET SANTRALİ,unknown,2026-05-31 06:00:00+03:00,,0.0,chunk_0000.json,POST /v1/generation/data/dpp-bulk,2026-05-31 21:45:09.896267+00:00,604,İSKENDERUN DEMİR VE ÇELİK TERMİK KUVVET SANTRALİ,179,2026-05-31T06:00:00+03:00,06:00
40W000000000604B,İSKENDERUN DEMİR VE ÇELİK TERMİK KUVVET SANTRALİ,unknown,2026-05-31 07:00:00+03:00,,0.0,chunk_0000.json,POST /v1/generation/data/dpp-bulk,2026-05-31 21:45:09.896267+00:00,604,İSKENDERUN DEMİR VE ÇELİK TERMİK KUVVET SANTRALİ,179,2026-05-31T07:00:00+03:00,07:00
40W000000000604B,İSKENDERUN DEMİR VE ÇELİK TERMİK KUVVET SANTRALİ,unknown,2026-05-31 08:00:00+03:00,,0.0,chunk_0000.json,POST /v1/generation/data/dpp-bulk,2026-05-31 21:45:09.896267+00:00,604,İSKENDERUN DEMİR VE ÇELİK TERMİK KUVVET SANTRALİ,179,2026-05-31T08:00:00+03:00,08:00
40W000000000604B,İSKENDERUN DEMİR VE ÇELİK TERMİK KUVVET SANTRALİ,unknown,2026-05-31 09:00:00+03:00,,0.0,chunk_0000.json,POST /v1/generation/data/dpp-bulk,2026-05-31 21:45:09.896267+00:00,604,İSKENDERUN DEMİR VE ÇELİK TERMİK KUVVET SANTRALİ,179,2026-05-31T09:00:00+03:00,09:00
40W000000000604B,İSKENDERUN DEMİR VE ÇELİK TERMİK KUVVET SANTRALİ,unknown,2026-05-31 10:00:00+03:00,,0.0,chunk_0000.json,POST /v1/generation/data/dpp-bulk,2026-05-31 21:45:09.896267+00:00,604,İSKENDERUN DEMİR VE ÇELİK TERMİK KUVVET SANTRALİ,179,2026-05-31T10:00:00+03:00,10:00
40W000000000604B,İSKENDERUN DEMİR VE ÇELİK TERMİK KUVVET SANTRALİ,unknown,2026-05-31 11:00:00+03:00,,0.0,chunk_0000.json,POST /v1/generation/data/dpp-bulk,2026-05-31 21:45:09.896267+00:00,604,İSKENDERUN DEMİR VE ÇELİK TERMİK KUVVET SANTRALİ,179,2026-05-31T11:00:00+03:00,11:00
40W000000000604B,İSKENDERUN DEMİR VE ÇELİK TERMİK KUVVET SANTRALİ,unknown,2026-05-31 12:00:00+03:00,,0.0,chunk_0000.json,POST /v1/generation/data/dpp-bulk,2026-05-31 21:45:09.896267+00:00,604,İSKENDERUN DEMİR VE ÇELİK TERMİK KUVVET SANTRALİ,179,2026-05-31T12:00:00+03:00,12:00
40W000000000604B,İSKENDERUN DEMİR VE ÇELİK TERMİK KUVVET SANTRALİ,unknown,2026-05-31 13:00:00+03:00,,0.0,chunk_0000.json,POST /v1/generation/data/dpp-bulk,2026-05-31 21:45:09.896267+00:00,604,İSKENDERUN DEMİR VE ÇELİK TERMİK KUVVET SANTRALİ,179,2026-05-31T13:00:00+03:00,13:00
40W000000000604B,İSKENDERUN DEMİR VE ÇELİK TERMİK KUVVET SANTRALİ,unknown,2026-05-31 14:00:00+03:00,,0.0,chunk_0000.json,POST /v1/generation/data/dpp-bulk,2026-05-31 21:45:09.896267+00:00,604,İSKENDERUN DEMİR VE ÇELİK TERMİK KUVVET SANTRALİ,179,2026-05-31T14:00:00+03:00,14:00
40W000000000604B,İSKENDERUN DEMİR VE ÇELİK TERMİK KUVVET SANTRALİ,unknown,2026-05-31 15:00:00+03:00,,0.0,chunk_0000.json,POST /v1/generation/data/dpp-bulk,2026-05-31 21:45:09.896267+00:00,604,İSKENDERUN DEMİR VE ÇELİK TERMİK KUVVET SANTRALİ,179,2026-05-31T15:00:00+03:00,15:00
40W000000000604B,İSKENDERUN DEMİR VE ÇELİK TERMİK KUVVET SANTRALİ,unknown,2026-05-31 16:00:00+03:00,,0.0,chunk_0000.json,POST /v1/generation/data/dpp-bulk,2026-05-31 21:45:09.896267+00:00,604,İSKENDERUN DEMİR VE ÇELİK TERMİK KUVVET SANTRALİ,179,2026-05-31T16:00:00+03:00,16:00
40W000000000604B,İSKENDERUN DEMİR VE ÇELİK TERMİK KUVVET SANTRALİ,unknown,2026-05-31 17:00:00+03:00,,0.0,chunk_0000.json,POST /v1/generation/data/dpp-bulk,2026-05-31 21:45:09.896267+00:00,604,İSKENDERUN DEMİR VE ÇELİK TERMİK KUVVET SANTRALİ,179,2026-05-31T17:00:00+03:00,17:00
40W000000000604B,İSKENDERUN DEMİR VE ÇELİK TERMİK KUVVET SANTRALİ,unknown,2026-05-31 18:00:00+03:00,,0.0,chunk_0000.json,POST /v1/generation/data/dpp-bulk,2026-05-31 21:45:09.896267+00:00,604,İSKENDERUN DEMİR VE ÇELİK TERMİK KUVVET SANTRALİ,179,2026-05-31T18:00:00+03:00,18:00
40W000000000604B,İSKENDERUN DEMİR VE ÇELİK TERMİK KUVVET SANTRALİ,unknown,2026-05-31 19:00:00+03:00,,0.0,chunk_0000.json,POST /v1/generation/data/dpp-bulk,2026-05-31 21:45:09.896267+00:00,604,İSKENDERUN DEMİR VE ÇELİK TERMİK KUVVET SANTRALİ,179,2026-05-31T19:00:00+03:00,19:00
40W000000000604B,İSKENDERUN DEMİR VE ÇELİK TERMİK KUVVET SANTRALİ,unknown,2026-05-31 20:00:00+03:00,,0.0,chunk_0000.json,POST /v1/generation/data/dpp-bulk,2026-05-31 21:45:09.896267+00:00,604,İSKENDERUN DEMİR VE ÇELİK TERMİK KUVVET SANTRALİ,179,2026-05-31T20:00:00+03:00,20:00
40W000000000604B,İSKENDERUN DEMİR VE ÇELİK TERMİK KUVVET SANTRALİ,unknown,2026-05-31 21:00:00+03:00,,0.0,chunk_0000.json,POST /v1/generation/data/dpp-bulk,2026-05-31 21:45:09.896267+00:00,604,İSKENDERUN DEMİR VE ÇELİK TERMİK KUVVET SANTRALİ,179,2026-05-31T21:00:00+03:00,21:00
40W000000000604B,İSKENDERUN DEMİR VE ÇELİK TERMİK KUVVET SANTRALİ,unknown,2026-05-31 22:00:00+03:00,,0.0,chunk_0000.json,POST /v1/generation/data/dpp-bulk,2026-05-31 21:45:09.896267+00:00,604,İSKENDERUN DEMİR VE ÇELİK TERMİK KUVVET SANTRALİ,179,2026-05-31T22:00:00+03:00,22:00
40W000000000604B,İSKENDERUN DEMİR VE ÇELİK TERMİK KUVVET SANTRALİ,unknown,2026-05-31 23:00:00+03:00,,0.0,chunk_0000.json,POST /v1/generation/data/dpp-bulk,2026-05-31 21:45:09.896267+00:00,604,İSKENDERUN DEMİR VE ÇELİK TERMİK KUVVET SANTRALİ,179,2026-05-31T23:00:00+03:00,23:00
40W0000000006148,MOPAK KAĞIT-KARTON SAN. VE TİC. A.Ş   KEMALPAŞA,unknown,2026-05-31 00:00:00+03:00,,0.0,chunk_0000.json,POST /v1/generation/data/dpp-bulk,2026-05-31 21:45:09.896267+00:00,614,MOPAK KAĞIT-KARTON SAN. VE TİC. A.Ş   KEMALPAŞA,184,2026-05-31T00:00:00+03:00,00:00
40W0000000006148,MOPAK KAĞIT-KARTON SAN. VE TİC. A.Ş   KEMALPAŞA,unknown,2026-05-31 01:00:00+03:00,,0.0,chunk_0000.json,POST /v1/generation/data/dpp-bulk,2026-05-31 21:45:09.896267+00:00,614,MOPAK KAĞIT-KARTON SAN. VE TİC. A.Ş   KEMALPAŞA,184,2026-05-31T01:00:00+03:00,01:00
40W0000000006148,MOPAK KAĞIT-KARTON SAN. VE TİC. A.Ş   KEMALPAŞA,unknown,2026-05-31 02:00:00+03:00,,0.0,chunk_0000.json,POST /v1/generation/data/dpp-bulk,2026-05-31 21:45:09.896267+00:00,614,MOPAK KAĞIT-KARTON SAN. VE TİC. A.Ş   KEMALPAŞA,184,2026-05-31T02:00:00+03:00,02:00
40W0000000006148,MOPAK KAĞIT-KARTON SAN. VE TİC. A.Ş   KEMALPAŞA,unknown,2026-05-31 03:00:00+03:00,,0.0,chunk_0000.json,POST /v1/generation/data/dpp-bulk,2026-05-31 21:45:09.896267+00:00,614,MOPAK KAĞIT-KARTON SAN. VE TİC. A.Ş   KEMALPAŞA,184,2026-05-31T03:00:00+03:00,03:00
40W0000000006148,MOPAK KAĞIT-KARTON SAN. VE TİC. A.Ş   KEMALPAŞA,unknown,2026-05-31 04:00:00+03:00,,0.0,chunk_0000.json,POST /v1/generation/data/dpp-bulk,2026-05-31 21:45:09.896267+00:00,614,MOPAK KAĞIT-KARTON SAN. VE TİC. A.Ş   KEMALPAŞA,184,2026-05-31T04:00:00+03:00,04:00
40W0000000006148,MOPAK KAĞIT-KARTON SAN. VE TİC. A.Ş   KEMALPAŞA,unknown,2026-05-31 05:00:00+03:00,,0.0,chunk_0000.json,POST /v1/generation/data/dpp-bulk,2026-05-31 21:45:09.896267+00:00,614,MOPAK KAĞIT-KARTON SAN. VE TİC. A.Ş   KEMALPAŞA,184,2026-05-31T05:00:00+03:00,05:00
40W0000000006148,MOPAK KAĞIT-KARTON SAN. VE TİC. A.Ş   KEMALPAŞA,unknown,2026-05-31 06:00:00+03:00,,0.0,chunk_0000.json,POST /v1/generation/data/dpp-bulk,2026-05-31 21:45:09.896267+00:00,614,MOPAK KAĞIT-KARTON SAN. VE TİC. A.Ş   KEMALPAŞA,184,2026-05-31T06:00:00+03:00,06:00
40W0000000006148,MOPAK KAĞIT-KARTON SAN. VE TİC. A.Ş   KEMALPAŞA,unknown,2026-05-31 07:00:00+03:00,,0.0,chunk_0000.json,POST /v1/generation/data/dpp-bulk,2026-05-31 21:45:09.896267+00:00,614,MOPAK KAĞIT-KARTON SAN. VE TİC. A.Ş   KEMALPAŞA,184,2026-05-31T07:00:00+03:00,07:00
40W0000000006148,MOPAK KAĞIT-KARTON SAN. VE TİC. A.Ş   KEMALPAŞA,unknown,2026-05-31 08:00:00+03:00,,0.0,chunk_0000.json,POST /v1/generation/data/dpp-bulk,2026-05-31 21:45:09.896267+00:00,614,MOPAK KAĞIT-KARTON SAN. VE TİC. A.Ş   KEMALPAŞA,184,2026-05-31T08:00:00+03:00,08:00
40W0000000006148,MOPAK KAĞIT-KARTON SAN. VE TİC. A.Ş   KEMALPAŞA,unknown,2026-05-31 09:00:00+03:00,,0.0,chunk_0000.json,POST /v1/generation/data/dpp-bulk,2026-05-31 21:45:09.896267+00:00,614,MOPAK KAĞIT-KARTON SAN. VE TİC. A.Ş   KEMALPAŞA,184,2026-05-31T09:00:00+03:00,09:00
40W0000000006148,MOPAK KAĞIT-KARTON SAN. VE TİC. A.Ş   KEMALPAŞA,unknown,2026-05-31 10:00:00+03:00,,0.0,chunk_0000.json,POST /v1/generation/data/dpp-bulk,2026-05-31 21:45:09.896267+00:00,614,MOPAK KAĞIT-KARTON SAN. VE TİC. A.Ş   KEMALPAŞA,184,2026-05-31T10:00:00+03:00,10:00
40W0000000006148,MOPAK KAĞIT-KARTON SAN. VE TİC. A.Ş   KEMALPAŞA,unknown,2026-05-31 11:00:00+03:00,,0.0,chunk_0000.json,POST /v1/generation/data/dpp-bulk,2026-05-31 21:45:09.896267+00:00,614,MOPAK KAĞIT-KARTON SAN. VE TİC. A.Ş   KEMALPAŞA,184,2026-05-31T11:00:00+03:00,11:00
40W0000000006148,MOPAK KAĞIT-KARTON SAN. VE TİC. A.Ş   KEMALPAŞA,unknown,2026-05-31 12:00:00+03:00,,0.0,chunk_0000.json,POST /v1/generation/data/dpp-bulk,2026-05-31 21:45:09.896267+00:00,614,MOPAK KAĞIT-KARTON SAN. VE TİC. A.Ş   KEMALPAŞA,184,2026-05-31T12:00:00+03:00,12:00
40W0000000006148,MOPAK KAĞIT-KARTON SAN. VE TİC. A.Ş   KEMALPAŞA,unknown,2026-05-31 13:00:00+03:00,,0.0,chunk_0000.json,POST /v1/generation/data/dpp-bulk,2026-05-31 21:45:09.896267+00:00,614,MOPAK KAĞIT-KARTON SAN. VE TİC. A.Ş   KEMALPAŞA,184,2026-05-31T13:00:00+03:00,13:00
40W0000000006148,MOPAK KAĞIT-KARTON SAN. VE TİC. A.Ş   KEMALPAŞA,unknown,2026-05-31 14:00:00+03:00,,0.0,chunk_0000.json,POST /v1/generation/data/dpp-bulk,2026-05-31 21:45:09.896267+00:00,614,MOPAK KAĞIT-KARTON SAN. VE TİC. A.Ş   KEMALPAŞA,184,2026-05-31T14:00:00+03:00,14:00
40W0000000006148,MOPAK KAĞIT-KARTON SAN. VE TİC. A.Ş   KEMALPAŞA,unknown,2026-05-31 15:00:00+03:00,,0.0,chunk_0000.json,POST /v1/generation/data/dpp-bulk,2026-05-31 21:45:09.896267+00:00,614,MOPAK KAĞIT-KARTON SAN. VE TİC. A.Ş   KEMALPAŞA,184,2026-05-31T15:00:00+03:00,15:00
40W0000000006148,MOPAK KAĞIT-KARTON SAN. VE TİC. A.Ş   KEMALPAŞA,unknown,2026-05-31 16:00:00+03:00,,0.0,chunk_0000.json,POST /v1/generation/data/dpp-bulk,2026-05-31 21:45:09.896267+00:00,614,MOPAK KAĞIT-KARTON SAN. VE TİC. A.Ş   KEMALPAŞA,184,2026-05-31T16:00:00+03:00,16:00
40W0000000006148,MOPAK KAĞIT-KARTON SAN. VE TİC. A.Ş   KEMALPAŞA,unknown,2026-05-31 17:00:00+03:00,,0.0,chunk_0000.json,POST /v1/generation/data/dpp-bulk,2026-05-31 21:45:09.896267+00:00,614,MOPAK KAĞIT-KARTON SAN. VE TİC. A.Ş   KEMALPAŞA,184,2026-05-31T17:00:00+03:00,17:00
40W0000000006148,MOPAK KAĞIT-KARTON SAN. VE TİC. A.Ş   KEMALPAŞA,unknown,2026-05-31 18:00:00+03:00,,0.0,chunk_0000.json,POST /v1/generation/data/dpp-bulk,2026-05-31 21:45:09.896267+00:00,614,MOPAK KAĞIT-KARTON SAN. VE TİC. A.Ş   KEMALPAŞA,184,2026-05-31T18:00:00+03:00,18:00
40W0000000006148,MOPAK KAĞIT-KARTON SAN. VE TİC. A.Ş   KEMALPAŞA,unknown,2026-05-31 19:00:00+03:00,,0.0,chunk_0000.json,POST /v1/generation/data/dpp-bulk,2026-05-31 21:45:09.896267+00:00,614,MOPAK KAĞIT-KARTON SAN. VE TİC. A.Ş   KEMALPAŞA,184,2026-05-31T19:00:00+03:00,19:00
40W0000000006148,MOPAK KAĞIT-KARTON SAN. VE TİC. A.Ş   KEMALPAŞA,unknown,2026-05-31 20:00:00+03:00,,0.0,chunk_0000.json,POST /v1/generation/data/dpp-bulk,2026-05-31 21:45:09.896267+00:00,614,MOPAK KAĞIT-KARTON SAN. VE TİC. A.Ş   KEMALPAŞA,184,2026-05-31T20:00:00+03:00,20:00
40W0000000006148,MOPAK KAĞIT-KARTON SAN. VE TİC. A.Ş   KEMALPAŞA,unknown,2026-05-31 21:00:00+03:00,,0.0,chunk_0000.json,POST /v1/generation/data/dpp-bulk,2026-05-31 21:45:09.896267+00:00,614,MOPAK KAĞIT-KARTON SAN. VE TİC. A.Ş   KEMALPAŞA,184,2026-05-31T21:00:00+03:00,21:00
40W0000000006148,MOPAK KAĞIT-KARTON SAN. VE TİC. A.Ş   KEMALPAŞA,unknown,2026-05-31 22:00:00+03:00,,0.0,chunk_0000.json,POST /v1/generation/data/dpp-bulk,2026-05-31 21:45:09.896267+00:00,614,MOPAK KAĞIT-KARTON SAN. VE TİC. A.Ş   KEMALPAŞA,184,2026-05-31T22:00:00+03:00,22:00
40W0000000006148,MOPAK KAĞIT-KARTON SAN. VE TİC. A.Ş   KEMALPAŞA,unknown,2026-05-31 23:00:00+03:00,,0.0,chunk_0000.json,POST /v1/generation/data/dpp-bulk,2026-05-31 21:45:09.896267+00:00,614,MOPAK KAĞIT-KARTON SAN. VE TİC. A.Ş   KEMALPAŞA,184,2026-05-31T23:00:00+03:00,23:00
40W0000000007330,ATATÜRK HES DB,unknown,2026-05-31 00:00:00+03:00,,1500.0,chunk_0000.json,POST /v1/generation/data/dpp-bulk,2026-05-31 21:45:09.896267+00:00,733,ATATÜRK HES DB,195,2026-05-31T00:00:00+03:00,00:00
40W0000000007330,ATATÜRK HES DB,unknown,2026-05-31 01:00:00+03:00,,1500.0,chunk_0000.json,POST /v1/generation/data/dpp-bulk,2026-05-31 21:45:09.896267+00:00,733,ATATÜRK HES DB,195,2026-05-31T01:00:00+03:00,01:00
40W0000000007330,ATATÜRK HES DB,unknown,2026-05-31 02:00:00+03:00,,1500.0,chunk_0000.json,POST /v1/generation/data/dpp-bulk,2026-05-31 21:45:09.896267+00:00,733,ATATÜRK HES DB,195,2026-05-31T02:00:00+03:00,02:00
40W0000000007330,ATATÜRK HES DB,unknown,2026-05-31 03:00:00+03:00,,1500.0,chunk_0000.json,POST /v1/generation/data/dpp-bulk,2026-05-31 21:45:09.896267+00:00,733,ATATÜRK HES DB,195,2026-05-31T03:00:00+03:00,03:00
40W0000000007330,ATATÜRK HES DB,unknown,2026-05-31 04:00:00+03:00,,1500.0,chunk_0000.json,POST /v1/generation/data/dpp-bulk,2026-05-31 21:45:09.896267+00:00,733,ATATÜRK HES DB,195,2026-05-31T04:00:00+03:00,04:00
40W0000000007330,ATATÜRK HES DB,unknown,2026-05-31 05:00:00+03:00,,1500.0,chunk_0000.json,POST /v1/generation/data/dpp-bulk,2026-05-31 21:45:09.896267+00:00,733,ATATÜRK HES DB,195,2026-05-31T05:00:00+03:00,05:00
40W0000000007330,ATATÜRK HES DB,unknown,2026-05-31 06:00:00+03:00,,1500.0,chunk_0000.json,POST /v1/generation/data/dpp-bulk,2026-05-31 21:45:09.896267+00:00,733,ATATÜRK HES DB,195,2026-05-31T06:00:00+03:00,06:00
40W0000000007330,ATATÜRK HES DB,unknown,2026-05-31 07:00:00+03:00,,1500.0,chunk_0000.json,POST /v1/generation/data/dpp-bulk,2026-05-31 21:45:09.896267+00:00,733,ATATÜRK HES DB,195,2026-05-31T07:00:00+03:00,07:00
40W0000000007330,ATATÜRK HES DB,unknown,2026-05-31 08:00:00+03:00,,1500.0,chunk_0000.json,POST /v1/generation/data/dpp-bulk,2026-05-31 21:45:09.896267+00:00,733,ATATÜRK HES DB,195,2026-05-31T08:00:00+03:00,08:00
40W0000000007330,ATATÜRK HES DB,unknown,2026-05-31 09:00:00+03:00,,1500.0,chunk_0000.json,POST /v1/generation/data/dpp-bulk,2026-05-31 21:45:09.896267+00:00,733,ATATÜRK HES DB,195,2026-05-31T09:00:00+03:00,09:00
40W0000000007330,ATATÜRK HES DB,unknown,2026-05-31 10:00:00+03:00,,1500.0,chunk_0000.json,POST /v1/generation/data/dpp-bulk,2026-05-31 21:45:09.896267+00:00,733,ATATÜRK HES DB,195,2026-05-31T10:00:00+03:00,10:00
40W0000000007330,ATATÜRK HES DB,unknown,2026-05-31 11:00:00+03:00,,1500.0,chunk_0000.json,POST /v1/generation/data/dpp-bulk,2026-05-31 21:45:09.896267+00:00,733,ATATÜRK HES DB,195,2026-05-31T11:00:00+03:00,11:00
40W0000000007330,ATATÜRK HES DB,unknown,2026-05-31 12:00:00+03:00,,1500.0,chunk_0000.json,POST /v1/generation/data/dpp-bulk,2026-05-31 21:45:09.896267+00:00,733,ATATÜRK HES DB,195,2026-05-31T12:00:00+03:00,12:00
40W0000000007330,ATATÜRK HES DB,unknown,2026-05-31 13:00:00+03:00,,1500.0,chunk_0000.json,POST /v1/generation/data/dpp-bulk,2026-05-31 21:45:09.896267+00:00,733,ATATÜRK HES DB,195,2026-05-31T13:00:00+03:00,13:00
40W0000000007330,ATATÜRK HES DB,unknown,2026-05-31 14:00:00+03:00,,1500.0,chunk_0000.json,POST /v1/generation/data/dpp-bulk,2026-05-31 21:45:09.896267+00:00,733,ATATÜRK HES DB,195,2026-05-31T14:00:00+03:00,14:00
40W0000000007330,ATATÜRK HES DB,unknown,2026-05-31 15:00:00+03:00,,1500.0,chunk_0000.json,POST /v1/generation/data/dpp-bulk,2026-05-31 21:45:09.896267+00:00,733,ATATÜRK HES DB,195,2026-05-31T15:00:00+03:00,15:00
40W0000000007330,ATATÜRK HES DB,unknown,2026-05-31 16:00:00+03:00,,1500.0,chunk_0000.json,POST /v1/generation/data/dpp-bulk,2026-05-31 21:45:09.896267+00:00,733,ATATÜRK HES DB,195,2026-05-31T16:00:00+03:00,16:00
40W0000000007330,ATATÜRK HES DB,unknown,2026-05-31 17:00:00+03:00,,1500.0,chunk_0000.json,POST /v1/generation/data/dpp-bulk,2026-05-31 21:45:09.896267+00:00,733,ATATÜRK HES DB,195,2026-05-31T17:00:00+03:00,17:00
40W0000000007330,ATATÜRK HES DB,unknown,2026-05-31 18:00:00+03:00,,1500.0,chunk_0000.json,POST /v1/generation/data/dpp-bulk,2026-05-31 21:45:09.896267+00:00,733,ATATÜRK HES DB,195,2026-05-31T18:00:00+03:00,18:00
40W0000000007330,ATATÜRK HES DB,unknown,2026-05-31 19:00:00+03:00,,1500.0,chunk_0000.json,POST /v1/generation/data/dpp-bulk,2026-05-31 21:45:09.896267+00:00,733,ATATÜRK HES DB,195,2026-05-31T19:00:00+03:00,19:00
40W0000000007330,ATATÜRK HES DB,unknown,2026-05-31 20:00:00+03:00,,1500.0,chunk_0000.json,POST /v1/generation/data/dpp-bulk,2026-05-31 21:45:09.896267+00:00,733,ATATÜRK HES DB,195,2026-05-31T20:00:00+03:00,20:00
40W0000000007330,ATATÜRK HES DB,unknown,2026-05-31 21:00:00+03:00,,1500.0,chunk_0000.json,POST /v1/generation/data/dpp-bulk,2026-05-31 21:45:09.896267+00:00,733,ATATÜRK HES DB,195,2026-05-31T21:00:00+03:00,21:00
40W0000000007330,ATATÜRK HES DB,unknown,2026-05-31 22:00:00+03:00,,1500.0,chunk_0000.json,POST /v1/generation/data/dpp-bulk,2026-05-31 21:45:09.896267+00:00,733,ATATÜRK HES DB,195,2026-05-31T22:00:00+03:00,22:00
40W0000000007330,ATATÜRK HES DB,unknown,2026-05-31 23:00:00+03:00,,1500.0,chunk_0000.json,POST /v1/generation/data/dpp-bulk,2026-05-31 21:45:09.896267+00:00,733,ATATÜRK HES DB,195,2026-05-31T23:00:00+03:00,23:00
40W000000000736V,KARAKAYAHES1-6,unknown,2026-05-31 00:00:00+03:00,,1180.0,chunk_0000.json,POST /v1/generation/data/dpp-bulk,2026-05-31 21:45:09.896267+00:00,736,KARAKAYAHES1-6,195,2026-05-31T00:00:00+03:00,00:00
40W000000000736V,KARAKAYAHES1-6,unknown,2026-05-31 01:00:00+03:00,,1180.0,chunk_0000.json,POST /v1/generation/data/dpp-bulk,2026-05-31 21:45:09.896267+00:00,736,KARAKAYAHES1-6,195,2026-05-31T01:00:00+03:00,01:00
40W000000000736V,KARAKAYAHES1-6,unknown,2026-05-31 02:00:00+03:00,,1180.0,chunk_0000.json,POST /v1/generation/data/dpp-bulk,2026-05-31 21:45:09.896267+00:00,736,KARAKAYAHES1-6,195,2026-05-31T02:00:00+03:00,02:00
40W000000000736V,KARAKAYAHES1-6,unknown,2026-05-31 03:00:00+03:00,,1180.0,chunk_0000.json,POST /v1/generation/data/dpp-bulk,2026-05-31 21:45:09.896267+00:00,736,KARAKAYAHES1-6,195,2026-05-31T03:00:00+03:00,03:00
40W000000000736V,KARAKAYAHES1-6,unknown,2026-05-31 04:00:00+03:00,,1180.0,chunk_0000.json,POST /v1/generation/data/dpp-bulk,2026-05-31 21:45:09.896267+00:00,736,KARAKAYAHES1-6,195,2026-05-31T04:00:00+03:00,04:00
40W000000000736V,KARAKAYAHES1-6,unknown,2026-05-31 05:00:00+03:00,,0.0,chunk_0000.json,POST /v1/generation/data/dpp-bulk,2026-05-31 21:45:09.896267+00:00,736,KARAKAYAHES1-6,195,2026-05-31T05:00:00+03:00,05:00
40W000000000736V,KARAKAYAHES1-6,unknown,2026-05-31 06:00:00+03:00,,0.0,chunk_0000.json,POST /v1/generation/data/dpp-bulk,2026-05-31 21:45:09.896267+00:00,736,KARAKAYAHES1-6,195,2026-05-31T06:00:00+03:00,06:00
40W000000000736V,KARAKAYAHES1-6,unknown,2026-05-31 07:00:00+03:00,,0.0,chunk_0000.json,POST /v1/generation/data/dpp-bulk,2026-05-31 21:45:09.896267+00:00,736,KARAKAYAHES1-6,195,2026-05-31T07:00:00+03:00,07:00
40W000000000736V,KARAKAYAHES1-6,unknown,2026-05-31 08:00:00+03:00,,0.0,chunk_0000.json,POST /v1/generation/data/dpp-bulk,2026-05-31 21:45:09.896267+00:00,736,KARAKAYAHES1-6,195,2026-05-31T08:00:00+03:00,08:00
40W000000000736V,KARAKAYAHES1-6,unknown,2026-05-31 09:00:00+03:00,,0.0,chunk_0000.json,POST /v1/generation/data/dpp-bulk,2026-05-31 21:45:09.896267+00:00,736,KARAKAYAHES1-6,195,2026-05-31T09:00:00+03:00,09:00
40W000000000736V,KARAKAYAHES1-6,unknown,2026-05-31 10:00:00+03:00,,1180.0,chunk_0000.json,POST /v1/generation/data/dpp-bulk,2026-05-31 21:45:09.896267+00:00,736,KARAKAYAHES1-6,195,2026-05-31T10:00:00+03:00,10:00
40W000000000736V,KARAKAYAHES1-6,unknown,2026-05-31 11:00:00+03:00,,1180.0,chunk_0000.json,POST /v1/generation/data/dpp-bulk,2026-05-31 21:45:09.896267+00:00,736,KARAKAYAHES1-6,195,2026-05-31T11:00:00+03:00,11:00
40W000000000736V,KARAKAYAHES1-6,unknown,2026-05-31 12:00:00+03:00,,1180.0,chunk_0000.json,POST /v1/generation/data/dpp-bulk,2026-05-31 21:45:09.896267+00:00,736,KARAKAYAHES1-6,195,2026-05-31T12:00:00+03:00,12:00
40W000000000736V,KARAKAYAHES1-6,unknown,2026-05-31 13:00:00+03:00,,1180.0,chunk_0000.json,POST /v1/generation/data/dpp-bulk,2026-05-31 21:45:09.896267+00:00,736,KARAKAYAHES1-6,195,2026-05-31T13:00:00+03:00,13:00
40W000000000736V,KARAKAYAHES1-6,unknown,2026-05-31 14:00:00+03:00,,1180.0,chunk_0000.json,POST /v1/generation/data/dpp-bulk,2026-05-31 21:45:09.896267+00:00,736,KARAKAYAHES1-6,195,2026-05-31T14:00:00+03:00,14:00
40W000000000736V,KARAKAYAHES1-6,unknown,2026-05-31 15:00:00+03:00,,1180.0,chunk_0000.json,POST /v1/generation/data/dpp-bulk,2026-05-31 21:45:09.896267+00:00,736,KARAKAYAHES1-6,195,2026-05-31T15:00:00+03:00,15:00
40W000000000736V,KARAKAYAHES1-6,unknown,2026-05-31 16:00:00+03:00,,1180.0,chunk_0000.json,POST /v1/generation/data/dpp-bulk,2026-05-31 21:45:09.896267+00:00,736,KARAKAYAHES1-6,195,2026-05-31T16:00:00+03:00,16:00
40W000000000736V,KARAKAYAHES1-6,unknown,2026-05-31 17:00:00+03:00,,1180.0,chunk_0000.json,POST /v1/generation/data/dpp-bulk,2026-05-31 21:45:09.896267+00:00,736,KARAKAYAHES1-6,195,2026-05-31T17:00:00+03:00,17:00
40W000000000736V,KARAKAYAHES1-6,unknown,2026-05-31 18:00:00+03:00,,1180.0,chunk_0000.json,POST /v1/generation/data/dpp-bulk,2026-05-31 21:45:09.896267+00:00,736,KARAKAYAHES1-6,195,2026-05-31T18:00:00+03:00,18:00
40W000000000736V,KARAKAYAHES1-6,unknown,2026-05-31 19:00:00+03:00,,1180.0,chunk_0000.json,POST /v1/generation/data/dpp-bulk,2026-05-31 21:45:09.896267+00:00,736,KARAKAYAHES1-6,195,2026-05-31T19:00:00+03:00,19:00
40W000000000736V,KARAKAYAHES1-6,unknown,2026-05-31 20:00:00+03:00,,1180.0,chunk_0000.json,POST /v1/generation/data/dpp-bulk,2026-05-31 21:45:09.896267+00:00,736,KARAKAYAHES1-6,195,2026-05-31T20:00:00+03:00,20:00
40W000000000736V,KARAKAYAHES1-6,unknown,2026-05-31 21:00:00+03:00,,1180.0,chunk_0000.json,POST /v1/generation/data/dpp-bulk,2026-05-31 21:45:09.896267+00:00,736,KARAKAYAHES1-6,195,2026-05-31T21:00:00+03:00,21:00
40W000000000736V,KARAKAYAHES1-6,unknown,2026-05-31 22:00:00+03:00,,1180.0,chunk_0000.json,POST /v1/generation/data/dpp-bulk,2026-05-31 21:45:09.896267+00:00,736,KARAKAYAHES1-6,195,2026-05-31T22:00:00+03:00,22:00
40W000000000736V,KARAKAYAHES1-6,unknown,2026-05-31 23:00:00+03:00,,1180.0,chunk_0000.json,POST /v1/generation/data/dpp-bulk,2026-05-31 21:45:09.896267+00:00,736,KARAKAYAHES1-6,195,2026-05-31T23:00:00+03:00,23:00
40W000000000744W,KEBAN HES 1-8,unknown,2026-05-31 00:00:00+03:00,,1250.5,chunk_0000.json,POST /v1/generation/data/dpp-bulk,2026-05-31 21:45:09.896267+00:00,744,KEBAN HES 1-8,195,2026-05-31T00:00:00+03:00,00:00
40W000000000744W,KEBAN HES 1-8,unknown,2026-05-31 01:00:00+03:00,,1250.5,chunk_0000.json,POST /v1/generation/data/dpp-bulk,2026-05-31 21:45:09.896267+00:00,744,KEBAN HES 1-8,195,2026-05-31T01:00:00+03:00,01:00
40W000000000744W,KEBAN HES 1-8,unknown,2026-05-31 02:00:00+03:00,,1250.5,chunk_0000.json,POST /v1/generation/data/dpp-bulk,2026-05-31 21:45:09.896267+00:00,744,KEBAN HES 1-8,195,2026-05-31T02:00:00+03:00,02:00
40W000000000744W,KEBAN HES 1-8,unknown,2026-05-31 03:00:00+03:00,,1250.5,chunk_0000.json,POST /v1/generation/data/dpp-bulk,2026-05-31 21:45:09.896267+00:00,744,KEBAN HES 1-8,195,2026-05-31T03:00:00+03:00,03:00
40W000000000744W,KEBAN HES 1-8,unknown,2026-05-31 04:00:00+03:00,,1250.5,chunk_0000.json,POST /v1/generation/data/dpp-bulk,2026-05-31 21:45:09.896267+00:00,744,KEBAN HES 1-8,195,2026-05-31T04:00:00+03:00,04:00
40W000000000744W,KEBAN HES 1-8,unknown,2026-05-31 05:00:00+03:00,,1250.5,chunk_0000.json,POST /v1/generation/data/dpp-bulk,2026-05-31 21:45:09.896267+00:00,744,KEBAN HES 1-8,195,2026-05-31T05:00:00+03:00,05:00
40W000000000744W,KEBAN HES 1-8,unknown,2026-05-31 06:00:00+03:00,,1250.5,chunk_0000.json,POST /v1/generation/data/dpp-bulk,2026-05-31 21:45:09.896267+00:00,744,KEBAN HES 1-8,195,2026-05-31T06:00:00+03:00,06:00
40W000000000744W,KEBAN HES 1-8,unknown,2026-05-31 07:00:00+03:00,,1250.5,chunk_0000.json,POST /v1/generation/data/dpp-bulk,2026-05-31 21:45:09.896267+00:00,744,KEBAN HES 1-8,195,2026-05-31T07:00:00+03:00,07:00
40W000000000744W,KEBAN HES 1-8,unknown,2026-05-31 08:00:00+03:00,,1250.5,chunk_0000.json,POST /v1/generation/data/dpp-bulk,2026-05-31 21:45:09.896267+00:00,744,KEBAN HES 1-8,195,2026-05-31T08:00:00+03:00,08:00
40W000000000744W,KEBAN HES 1-8,unknown,2026-05-31 09:00:00+03:00,,1250.5,chunk_0000.json,POST /v1/generation/data/dpp-bulk,2026-05-31 21:45:09.896267+00:00,744,KEBAN HES 1-8,195,2026-05-31T09:00:00+03:00,09:00
40W000000000744W,KEBAN HES 1-8,unknown,2026-05-31 10:00:00+03:00,,1250.5,chunk_0000.json,POST /v1/generation/data/dpp-bulk,2026-05-31 21:45:09.896267+00:00,744,KEBAN HES 1-8,195,2026-05-31T10:00:00+03:00,10:00
40W000000000744W,KEBAN HES 1-8,unknown,2026-05-31 11:00:00+03:00,,1250.5,chunk_0000.json,POST /v1/generation/data/dpp-bulk,2026-05-31 21:45:09.896267+00:00,744,KEBAN HES 1-8,195,2026-05-31T11:00:00+03:00,11:00
40W000000000744W,KEBAN HES 1-8,unknown,2026-05-31 12:00:00+03:00,,1250.5,chunk_0000.json,POST /v1/generation/data/dpp-bulk,2026-05-31 21:45:09.896267+00:00,744,KEBAN HES 1-8,195,2026-05-31T12:00:00+03:00,12:00
40W000000000744W,KEBAN HES 1-8,unknown,2026-05-31 13:00:00+03:00,,1250.5,chunk_0000.json,POST /v1/generation/data/dpp-bulk,2026-05-31 21:45:09.896267+00:00,744,KEBAN HES 1-8,195,2026-05-31T13:00:00+03:00,13:00
40W000000000744W,KEBAN HES 1-8,unknown,2026-05-31 14:00:00+03:00,,1250.5,chunk_0000.json,POST /v1/generation/data/dpp-bulk,2026-05-31 21:45:09.896267+00:00,744,KEBAN HES 1-8,195,2026-05-31T14:00:00+03:00,14:00
40W000000000744W,KEBAN HES 1-8,unknown,2026-05-31 15:00:00+03:00,,1250.5,chunk_0000.json,POST /v1/generation/data/dpp-bulk,2026-05-31 21:45:09.896267+00:00,744,KEBAN HES 1-8,195,2026-05-31T15:00:00+03:00,15:00
40W000000000744W,KEBAN HES 1-8,unknown,2026-05-31 16:00:00+03:00,,1250.5,chunk_0000.json,POST /v1/generation/data/dpp-bulk,2026-05-31 21:45:09.896267+00:00,744,KEBAN HES 1-8,195,2026-05-31T16:00:00+03:00,16:00
40W000000000744W,KEBAN HES 1-8,unknown,2026-05-31 17:00:00+03:00,,1250.5,chunk_0000.json,POST /v1/generation/data/dpp-bulk,2026-05-31 21:45:09.896267+00:00,744,KEBAN HES 1-8,195,2026-05-31T17:00:00+03:00,17:00
40W000000000744W,KEBAN HES 1-8,unknown,2026-05-31 18:00:00+03:00,,1250.5,chunk_0000.json,POST /v1/generation/data/dpp-bulk,2026-05-31 21:45:09.896267+00:00,744,KEBAN HES 1-8,195,2026-05-31T18:00:00+03:00,18:00
40W000000000744W,KEBAN HES 1-8,unknown,2026-05-31 19:00:00+03:00,,1250.5,chunk_0000.json,POST /v1/generation/data/dpp-bulk,2026-05-31 21:45:09.896267+00:00,744,KEBAN HES 1-8,195,2026-05-31T19:00:00+03:00,19:00
40W000000000744W,KEBAN HES 1-8,unknown,2026-05-31 20:00:00+03:00,,1250.5,chunk_0000.json,POST /v1/generation/data/dpp-bulk,2026-05-31 21:45:09.896267+00:00,744,KEBAN HES 1-8,195,2026-05-31T20:00:00+03:00,20:00
40W000000000744W,KEBAN HES 1-8,unknown,2026-05-31 21:00:00+03:00,,1250.5,chunk_0000.json,POST /v1/generation/data/dpp-bulk,2026-05-31 21:45:09.896267+00:00,744,KEBAN HES 1-8,195,2026-05-31T21:00:00+03:00,21:00
40W000000000744W,KEBAN HES 1-8,unknown,2026-05-31 22:00:00+03:00,,1250.5,chunk_0000.json,POST /v1/generation/data/dpp-bulk,2026-05-31 21:45:09.896267+00:00,744,KEBAN HES 1-8,195,2026-05-31T22:00:00+03:00,22:00
40W000000000744W,KEBAN HES 1-8,unknown,2026-05-31 23:00:00+03:00,,1250.5,chunk_0000.json,POST /v1/generation/data/dpp-bulk,2026-05-31 21:45:09.896267+00:00,744,KEBAN HES 1-8,195,2026-05-31T23:00:00+03:00,23:00
40W000000000767K,DİCLE HES DB,unknown,2026-05-31 00:00:00+03:00,,54.0,chunk_0000.json,POST /v1/generation/data/dpp-bulk,2026-05-31 21:45:09.896267+00:00,767,DİCLE HES DB,195,2026-05-31T00:00:00+03:00,00:00
40W000000000767K,DİCLE HES DB,unknown,2026-05-31 01:00:00+03:00,,0.0,chunk_0000.json,POST /v1/generation/data/dpp-bulk,2026-05-31 21:45:09.896267+00:00,767,DİCLE HES DB,195,2026-05-31T01:00:00+03:00,01:00
40W000000000767K,DİCLE HES DB,unknown,2026-05-31 02:00:00+03:00,,0.0,chunk_0000.json,POST /v1/generation/data/dpp-bulk,2026-05-31 21:45:09.896267+00:00,767,DİCLE HES DB,195,2026-05-31T02:00:00+03:00,02:00
40W000000000767K,DİCLE HES DB,unknown,2026-05-31 03:00:00+03:00,,0.0,chunk_0000.json,POST /v1/generation/data/dpp-bulk,2026-05-31 21:45:09.896267+00:00,767,DİCLE HES DB,195,2026-05-31T03:00:00+03:00,03:00
40W000000000767K,DİCLE HES DB,unknown,2026-05-31 04:00:00+03:00,,0.0,chunk_0000.json,POST /v1/generation/data/dpp-bulk,2026-05-31 21:45:09.896267+00:00,767,DİCLE HES DB,195,2026-05-31T04:00:00+03:00,04:00
40W000000000767K,DİCLE HES DB,unknown,2026-05-31 05:00:00+03:00,,0.0,chunk_0000.json,POST /v1/generation/data/dpp-bulk,2026-05-31 21:45:09.896267+00:00,767,DİCLE HES DB,195,2026-05-31T05:00:00+03:00,05:00
40W000000000767K,DİCLE HES DB,unknown,2026-05-31 06:00:00+03:00,,0.0,chunk_0000.json,POST /v1/generation/data/dpp-bulk,2026-05-31 21:45:09.896267+00:00,767,DİCLE HES DB,195,2026-05-31T06:00:00+03:00,06:00
40W000000000767K,DİCLE HES DB,unknown,2026-05-31 07:00:00+03:00,,0.0,chunk_0000.json,POST /v1/generation/data/dpp-bulk,2026-05-31 21:45:09.896267+00:00,767,DİCLE HES DB,195,2026-05-31T07:00:00+03:00,07:00
40W000000000767K,DİCLE HES DB,unknown,2026-05-31 08:00:00+03:00,,0.0,chunk_0000.json,POST /v1/generation/data/dpp-bulk,2026-05-31 21:45:09.896267+00:00,767,DİCLE HES DB,195,2026-05-31T08:00:00+03:00,08:00
40W000000000767K,DİCLE HES DB,unknown,2026-05-31 09:00:00+03:00,,0.0,chunk_0000.json,POST /v1/generation/data/dpp-bulk,2026-05-31 21:45:09.896267+00:00,767,DİCLE HES DB,195,2026-05-31T09:00:00+03:00,09:00
40W000000000767K,DİCLE HES DB,unknown,2026-05-31 10:00:00+03:00,,0.0,chunk_0000.json,POST /v1/generation/data/dpp-bulk,2026-05-31 21:45:09.896267+00:00,767,DİCLE HES DB,195,2026-05-31T10:00:00+03:00,10:00
40W000000000767K,DİCLE HES DB,unknown,2026-05-31 11:00:00+03:00,,0.0,chunk_0000.json,POST /v1/generation/data/dpp-bulk,2026-05-31 21:45:09.896267+00:00,767,DİCLE HES DB,195,2026-05-31T11:00:00+03:00,11:00
40W000000000767K,DİCLE HES DB,unknown,2026-05-31 12:00:00+03:00,,0.0,chunk_0000.json,POST /v1/generation/data/dpp-bulk,2026-05-31 21:45:09.896267+00:00,767,DİCLE HES DB,195,2026-05-31T12:00:00+03:00,12:00
40W000000000767K,DİCLE HES DB,unknown,2026-05-31 13:00:00+03:00,,0.0,chunk_0000.json,POST /v1/generation/data/dpp-bulk,2026-05-31 21:45:09.896267+00:00,767,DİCLE HES DB,195,2026-05-31T13:00:00+03:00,13:00
40W000000000767K,DİCLE HES DB,unknown,2026-05-31 14:00:00+03:00,,0.0,chunk_0000.json,POST /v1/generation/data/dpp-bulk,2026-05-31 21:45:09.896267+00:00,767,DİCLE HES DB,195,2026-05-31T14:00:00+03:00,14:00
40W000000000767K,DİCLE HES DB,unknown,2026-05-31 15:00:00+03:00,,0.0,chunk_0000.json,POST /v1/generation/data/dpp-bulk,2026-05-31 21:45:09.896267+00:00,767,DİCLE HES DB,195,2026-05-31T15:00:00+03:00,15:00
40W000000000767K,DİCLE HES DB,unknown,2026-05-31 16:00:00+03:00,,54.0,chunk_0000.json,POST /v1/generation/data/dpp-bulk,2026-05-31 21:45:09.896267+00:00,767,DİCLE HES DB,195,2026-05-31T16:00:00+03:00,16:00
40W000000000767K,DİCLE HES DB,unknown,2026-05-31 17:00:00+03:00,,54.0,chunk_0000.json,POST /v1/generation/data/dpp-bulk,2026-05-31 21:45:09.896267+00:00,767,DİCLE HES DB,195,2026-05-31T17:00:00+03:00,17:00
40W000000000767K,DİCLE HES DB,unknown,2026-05-31 18:00:00+03:00,,108.0,chunk_0000.json,POST /v1/generation/data/dpp-bulk,2026-05-31 21:45:09.896267+00:00,767,DİCLE HES DB,195,2026-05-31T18:00:00+03:00,18:00
40W000000000767K,DİCLE HES DB,unknown,2026-05-31 19:00:00+03:00,,108.0,chunk_0000.json,POST /v1/generation/data/dpp-bulk,2026-05-31 21:45:09.896267+00:00,767,DİCLE HES DB,195,2026-05-31T19:00:00+03:00,19:00
40W000000000767K,DİCLE HES DB,unknown,2026-05-31 20:00:00+03:00,,108.0,chunk_0000.json,POST /v1/generation/data/dpp-bulk,2026-05-31 21:45:09.896267+00:00,767,DİCLE HES DB,195,2026-05-31T20:00:00+03:00,20:00
40W000000000767K,DİCLE HES DB,unknown,2026-05-31 21:00:00+03:00,,108.0,chunk_0000.json,POST /v1/generation/data/dpp-bulk,2026-05-31 21:45:09.896267+00:00,767,DİCLE HES DB,195,2026-05-31T21:00:00+03:00,21:00
40W000000000767K,DİCLE HES DB,unknown,2026-05-31 22:00:00+03:00,,108.0,chunk_0000.json,POST /v1/generation/data/dpp-bulk,2026-05-31 21:45:09.896267+00:00,767,DİCLE HES DB,195,2026-05-31T22:00:00+03:00,22:00
40W000000000767K,DİCLE HES DB,unknown,2026-05-31 23:00:00+03:00,,108.0,chunk_0000.json,POST /v1/generation/data/dpp-bulk,2026-05-31 21:45:09.896267+00:00,767,DİCLE HES DB,195,2026-05-31T23:00:00+03:00,23:00
40W000000000771T,BATMAN HES DB,unknown,2026-05-31 00:00:00+03:00,,128.0,chunk_0000.json,POST /v1/generation/data/dpp-bulk,2026-05-31 21:45:09.896267+00:00,771,BATMAN HES DB,195,2026-05-31T00:00:00+03:00,00:00
40W000000000771T,BATMAN HES DB,unknown,2026-05-31 01:00:00+03:00,,128.0,chunk_0000.json,POST /v1/generation/data/dpp-bulk,2026-05-31 21:45:09.896267+00:00,771,BATMAN HES DB,195,2026-05-31T01:00:00+03:00,01:00
40W000000000771T,BATMAN HES DB,unknown,2026-05-31 02:00:00+03:00,,0.0,chunk_0000.json,POST /v1/generation/data/dpp-bulk,2026-05-31 21:45:09.896267+00:00,771,BATMAN HES DB,195,2026-05-31T02:00:00+03:00,02:00
40W000000000771T,BATMAN HES DB,unknown,2026-05-31 03:00:00+03:00,,0.0,chunk_0000.json,POST /v1/generation/data/dpp-bulk,2026-05-31 21:45:09.896267+00:00,771,BATMAN HES DB,195,2026-05-31T03:00:00+03:00,03:00
40W000000000771T,BATMAN HES DB,unknown,2026-05-31 04:00:00+03:00,,0.0,chunk_0000.json,POST /v1/generation/data/dpp-bulk,2026-05-31 21:45:09.896267+00:00,771,BATMAN HES DB,195,2026-05-31T04:00:00+03:00,04:00
40W000000000771T,BATMAN HES DB,unknown,2026-05-31 05:00:00+03:00,,0.0,chunk_0000.json,POST /v1/generation/data/dpp-bulk,2026-05-31 21:45:09.896267+00:00,771,BATMAN HES DB,195,2026-05-31T05:00:00+03:00,05:00
40W000000000771T,BATMAN HES DB,unknown,2026-05-31 06:00:00+03:00,,0.0,chunk_0000.json,POST /v1/generation/data/dpp-bulk,2026-05-31 21:45:09.896267+00:00,771,BATMAN HES DB,195,2026-05-31T06:00:00+03:00,06:00
40W000000000771T,BATMAN HES DB,unknown,2026-05-31 07:00:00+03:00,,0.0,chunk_0000.json,POST /v1/generation/data/dpp-bulk,2026-05-31 21:45:09.896267+00:00,771,BATMAN HES DB,195,2026-05-31T07:00:00+03:00,07:00
40W000000000771T,BATMAN HES DB,unknown,2026-05-31 08:00:00+03:00,,64.0,chunk_0000.json,POST /v1/generation/data/dpp-bulk,2026-05-31 21:45:09.896267+00:00,771,BATMAN HES DB,195,2026-05-31T08:00:00+03:00,08:00
40W000000000771T,BATMAN HES DB,unknown,2026-05-31 09:00:00+03:00,,128.0,chunk_0000.json,POST /v1/generation/data/dpp-bulk,2026-05-31 21:45:09.896267+00:00,771,BATMAN HES DB,195,2026-05-31T09:00:00+03:00,09:00
40W000000000771T,BATMAN HES DB,unknown,2026-05-31 10:00:00+03:00,,128.0,chunk_0000.json,POST /v1/generation/data/dpp-bulk,2026-05-31 21:45:09.896267+00:00,771,BATMAN HES DB,195,2026-05-31T10:00:00+03:00,10:00
40W000000000771T,BATMAN HES DB,unknown,2026-05-31 11:00:00+03:00,,128.0,chunk_0000.json,POST /v1/generation/data/dpp-bulk,2026-05-31 21:45:09.896267+00:00,771,BATMAN HES DB,195,2026-05-31T11:00:00+03:00,11:00
40W000000000771T,BATMAN HES DB,unknown,2026-05-31 12:00:00+03:00,,128.0,chunk_0000.json,POST /v1/generation/data/dpp-bulk,2026-05-31 21:45:09.896267+00:00,771,BATMAN HES DB,195,2026-05-31T12:00:00+03:00,12:00
40W000000000771T,BATMAN HES DB,unknown,2026-05-31 13:00:00+03:00,,128.0,chunk_0000.json,POST /v1/generation/data/dpp-bulk,2026-05-31 21:45:09.896267+00:00,771,BATMAN HES DB,195,2026-05-31T13:00:00+03:00,13:00
40W000000000771T,BATMAN HES DB,unknown,2026-05-31 14:00:00+03:00,,128.0,chunk_0000.json,POST /v1/generation/data/dpp-bulk,2026-05-31 21:45:09.896267+00:00,771,BATMAN HES DB,195,2026-05-31T14:00:00+03:00,14:00
40W000000000771T,BATMAN HES DB,unknown,2026-05-31 15:00:00+03:00,,128.0,chunk_0000.json,POST /v1/generation/data/dpp-bulk,2026-05-31 21:45:09.896267+00:00,771,BATMAN HES DB,195,2026-05-31T15:00:00+03:00,15:00
40W000000000771T,BATMAN HES DB,unknown,2026-05-31 16:00:00+03:00,,128.0,chunk_0000.json,POST /v1/generation/data/dpp-bulk,2026-05-31 21:45:09.896267+00:00,771,BATMAN HES DB,195,2026-05-31T16:00:00+03:00,16:00
40W000000000771T,BATMAN HES DB,unknown,2026-05-31 17:00:00+03:00,,128.0,chunk_0000.json,POST /v1/generation/data/dpp-bulk,2026-05-31 21:45:09.896267+00:00,771,BATMAN HES DB,195,2026-05-31T17:00:00+03:00,17:00
40W000000000771T,BATMAN HES DB,unknown,2026-05-31 18:00:00+03:00,,128.0,chunk_0000.json,POST /v1/generation/data/dpp-bulk,2026-05-31 21:45:09.896267+00:00,771,BATMAN HES DB,195,2026-05-31T18:00:00+03:00,18:00
40W000000000771T,BATMAN HES DB,unknown,2026-05-31 19:00:00+03:00,,128.0,chunk_0000.json,POST /v1/generation/data/dpp-bulk,2026-05-31 21:45:09.896267+00:00,771,BATMAN HES DB,195,2026-05-31T19:00:00+03:00,19:00
40W000000000771T,BATMAN HES DB,unknown,2026-05-31 20:00:00+03:00,,128.0,chunk_0000.json,POST /v1/generation/data/dpp-bulk,2026-05-31 21:45:09.896267+00:00,771,BATMAN HES DB,195,2026-05-31T20:00:00+03:00,20:00
40W000000000771T,BATMAN HES DB,unknown,2026-05-31 21:00:00+03:00,,128.0,chunk_0000.json,POST /v1/generation/data/dpp-bulk,2026-05-31 21:45:09.896267+00:00,771,BATMAN HES DB,195,2026-05-31T21:00:00+03:00,21:00
40W000000000771T,BATMAN HES DB,unknown,2026-05-31 22:00:00+03:00,,128.0,chunk_0000.json,POST /v1/generation/data/dpp-bulk,2026-05-31 21:45:09.896267+00:00,771,BATMAN HES DB,195,2026-05-31T22:00:00+03:00,22:00
40W000000000771T,BATMAN HES DB,unknown,2026-05-31 23:00:00+03:00,,128.0,chunk_0000.json,POST /v1/generation/data/dpp-bulk,2026-05-31 21:45:09.896267+00:00,771,BATMAN HES DB,195,2026-05-31T23:00:00+03:00,23:00
40W000000000777H,BERKE HES DB,unknown,2026-05-31 00:00:00+03:00,,495.0,chunk_0000.json,POST /v1/generation/data/dpp-bulk,2026-05-31 21:45:09.896267+00:00,777,BERKE HES DB,195,2026-05-31T00:00:00+03:00,00:00
40W000000000777H,BERKE HES DB,unknown,2026-05-31 01:00:00+03:00,,330.0,chunk_0000.json,POST /v1/generation/data/dpp-bulk,2026-05-31 21:45:09.896267+00:00,777,BERKE HES DB,195,2026-05-31T01:00:00+03:00,01:00
40W000000000777H,BERKE HES DB,unknown,2026-05-31 02:00:00+03:00,,165.0,chunk_0000.json,POST /v1/generation/data/dpp-bulk,2026-05-31 21:45:09.896267+00:00,777,BERKE HES DB,195,2026-05-31T02:00:00+03:00,02:00
40W000000000777H,BERKE HES DB,unknown,2026-05-31 03:00:00+03:00,,165.0,chunk_0000.json,POST /v1/generation/data/dpp-bulk,2026-05-31 21:45:09.896267+00:00,777,BERKE HES DB,195,2026-05-31T03:00:00+03:00,03:00
40W000000000777H,BERKE HES DB,unknown,2026-05-31 04:00:00+03:00,,165.0,chunk_0000.json,POST /v1/generation/data/dpp-bulk,2026-05-31 21:45:09.896267+00:00,777,BERKE HES DB,195,2026-05-31T04:00:00+03:00,04:00
40W000000000777H,BERKE HES DB,unknown,2026-05-31 05:00:00+03:00,,165.0,chunk_0000.json,POST /v1/generation/data/dpp-bulk,2026-05-31 21:45:09.896267+00:00,777,BERKE HES DB,195,2026-05-31T05:00:00+03:00,05:00
40W000000000777H,BERKE HES DB,unknown,2026-05-31 06:00:00+03:00,,165.0,chunk_0000.json,POST /v1/generation/data/dpp-bulk,2026-05-31 21:45:09.896267+00:00,777,BERKE HES DB,195,2026-05-31T06:00:00+03:00,06:00
40W000000000777H,BERKE HES DB,unknown,2026-05-31 07:00:00+03:00,,165.0,chunk_0000.json,POST /v1/generation/data/dpp-bulk,2026-05-31 21:45:09.896267+00:00,777,BERKE HES DB,195,2026-05-31T07:00:00+03:00,07:00
40W000000000777H,BERKE HES DB,unknown,2026-05-31 08:00:00+03:00,,0.0,chunk_0000.json,POST /v1/generation/data/dpp-bulk,2026-05-31 21:45:09.896267+00:00,777,BERKE HES DB,195,2026-05-31T08:00:00+03:00,08:00
40W000000000777H,BERKE HES DB,unknown,2026-05-31 09:00:00+03:00,,0.0,chunk_0000.json,POST /v1/generation/data/dpp-bulk,2026-05-31 21:45:09.896267+00:00,777,BERKE HES DB,195,2026-05-31T09:00:00+03:00,09:00
40W000000000777H,BERKE HES DB,unknown,2026-05-31 10:00:00+03:00,,495.0,chunk_0000.json,POST /v1/generation/data/dpp-bulk,2026-05-31 21:45:09.896267+00:00,777,BERKE HES DB,195,2026-05-31T10:00:00+03:00,10:00
40W000000000777H,BERKE HES DB,unknown,2026-05-31 11:00:00+03:00,,495.0,chunk_0000.json,POST /v1/generation/data/dpp-bulk,2026-05-31 21:45:09.896267+00:00,777,BERKE HES DB,195,2026-05-31T11:00:00+03:00,11:00
40W000000000777H,BERKE HES DB,unknown,2026-05-31 12:00:00+03:00,,495.0,chunk_0000.json,POST /v1/generation/data/dpp-bulk,2026-05-31 21:45:09.896267+00:00,777,BERKE HES DB,195,2026-05-31T12:00:00+03:00,12:00
40W000000000777H,BERKE HES DB,unknown,2026-05-31 13:00:00+03:00,,495.0,chunk_0000.json,POST /v1/generation/data/dpp-bulk,2026-05-31 21:45:09.896267+00:00,777,BERKE HES DB,195,2026-05-31T13:00:00+03:00,13:00
40W000000000777H,BERKE HES DB,unknown,2026-05-31 14:00:00+03:00,,495.0,chunk_0000.json,POST /v1/generation/data/dpp-bulk,2026-05-31 21:45:09.896267+00:00,777,BERKE HES DB,195,2026-05-31T14:00:00+03:00,14:00
40W000000000777H,BERKE HES DB,unknown,2026-05-31 15:00:00+03:00,,495.0,chunk_0000.json,POST /v1/generation/data/dpp-bulk,2026-05-31 21:45:09.896267+00:00,777,BERKE HES DB,195,2026-05-31T15:00:00+03:00,15:00
40W000000000777H,BERKE HES DB,unknown,2026-05-31 16:00:00+03:00,,495.0,chunk_0000.json,POST /v1/generation/data/dpp-bulk,2026-05-31 21:45:09.896267+00:00,777,BERKE HES DB,195,2026-05-31T16:00:00+03:00,16:00
40W000000000777H,BERKE HES DB,unknown,2026-05-31 17:00:00+03:00,,495.0,chunk_0000.json,POST /v1/generation/data/dpp-bulk,2026-05-31 21:45:09.896267+00:00,777,BERKE HES DB,195,2026-05-31T17:00:00+03:00,17:00
40W000000000777H,BERKE HES DB,unknown,2026-05-31 18:00:00+03:00,,495.0,chunk_0000.json,POST /v1/generation/data/dpp-bulk,2026-05-31 21:45:09.896267+00:00,777,BERKE HES DB,195,2026-05-31T18:00:00+03:00,18:00
40W000000000777H,BERKE HES DB,unknown,2026-05-31 19:00:00+03:00,,495.0,chunk_0000.json,POST /v1/generation/data/dpp-bulk,2026-05-31 21:45:09.896267+00:00,777,BERKE HES DB,195,2026-05-31T19:00:00+03:00,19:00
40W000000000777H,BERKE HES DB,unknown,2026-05-31 20:00:00+03:00,,495.0,chunk_0000.json,POST /v1/generation/data/dpp-bulk,2026-05-31 21:45:09.896267+00:00,777,BERKE HES DB,195,2026-05-31T20:00:00+03:00,20:00
40W000000000777H,BERKE HES DB,unknown,2026-05-31 21:00:00+03:00,,495.0,chunk_0000.json,POST /v1/generation/data/dpp-bulk,2026-05-31 21:45:09.896267+00:00,777,BERKE HES DB,195,2026-05-31T21:00:00+03:00,21:00
40W000000000777H,BERKE HES DB,unknown,2026-05-31 22:00:00+03:00,,495.0,chunk_0000.json,POST /v1/generation/data/dpp-bulk,2026-05-31 21:45:09.896267+00:00,777,BERKE HES DB,195,2026-05-31T22:00:00+03:00,22:00
40W000000000777H,BERKE HES DB,unknown,2026-05-31 23:00:00+03:00,,495.0,chunk_0000.json,POST /v1/generation/data/dpp-bulk,2026-05-31 21:45:09.896267+00:00,777,BERKE HES DB,195,2026-05-31T23:00:00+03:00,23:00
40W000000000785I,SIR HES DB,unknown,2026-05-31 00:00:00+03:00,,264.0,chunk_0000.json,POST /v1/generation/data/dpp-bulk,2026-05-31 21:45:09.896267+00:00,785,SIR HES DB,195,2026-05-31T00:00:00+03:00,00:00
40W000000000785I,SIR HES DB,unknown,2026-05-31 01:00:00+03:00,,88.0,chunk_0000.json,POST /v1/generation/data/dpp-bulk,2026-05-31 21:45:09.896267+00:00,785,SIR HES DB,195,2026-05-31T01:00:00+03:00,01:00
40W000000000785I,SIR HES DB,unknown,2026-05-31 02:00:00+03:00,,88.0,chunk_0000.json,POST /v1/generation/data/dpp-bulk,2026-05-31 21:45:09.896267+00:00,785,SIR HES DB,195,2026-05-31T02:00:00+03:00,02:00
40W000000000785I,SIR HES DB,unknown,2026-05-31 03:00:00+03:00,,88.0,chunk_0000.json,POST /v1/generation/data/dpp-bulk,2026-05-31 21:45:09.896267+00:00,785,SIR HES DB,195,2026-05-31T03:00:00+03:00,03:00
40W000000000785I,SIR HES DB,unknown,2026-05-31 04:00:00+03:00,,88.0,chunk_0000.json,POST /v1/generation/data/dpp-bulk,2026-05-31 21:45:09.896267+00:00,785,SIR HES DB,195,2026-05-31T04:00:00+03:00,04:00
40W000000000785I,SIR HES DB,unknown,2026-05-31 05:00:00+03:00,,88.0,chunk_0000.json,POST /v1/generation/data/dpp-bulk,2026-05-31 21:45:09.896267+00:00,785,SIR HES DB,195,2026-05-31T05:00:00+03:00,05:00
40W000000000785I,SIR HES DB,unknown,2026-05-31 06:00:00+03:00,,88.0,chunk_0000.json,POST /v1/generation/data/dpp-bulk,2026-05-31 21:45:09.896267+00:00,785,SIR HES DB,195,2026-05-31T06:00:00+03:00,06:00
40W000000000785I,SIR HES DB,unknown,2026-05-31 07:00:00+03:00,,88.0,chunk_0000.json,POST /v1/generation/data/dpp-bulk,2026-05-31 21:45:09.896267+00:00,785,SIR HES DB,195,2026-05-31T07:00:00+03:00,07:00
40W000000000785I,SIR HES DB,unknown,2026-05-31 08:00:00+03:00,,0.0,chunk_0000.json,POST /v1/generation/data/dpp-bulk,2026-05-31 21:45:09.896267+00:00,785,SIR HES DB,195,2026-05-31T08:00:00+03:00,08:00
40W000000000785I,SIR HES DB,unknown,2026-05-31 09:00:00+03:00,,0.0,chunk_0000.json,POST /v1/generation/data/dpp-bulk,2026-05-31 21:45:09.896267+00:00,785,SIR HES DB,195,2026-05-31T09:00:00+03:00,09:00
40W000000000785I,SIR HES DB,unknown,2026-05-31 10:00:00+03:00,,88.0,chunk_0000.json,POST /v1/generation/data/dpp-bulk,2026-05-31 21:45:09.896267+00:00,785,SIR HES DB,195,2026-05-31T10:00:00+03:00,10:00
40W000000000785I,SIR HES DB,unknown,2026-05-31 11:00:00+03:00,,264.0,chunk_0000.json,POST /v1/generation/data/dpp-bulk,2026-05-31 21:45:09.896267+00:00,785,SIR HES DB,195,2026-05-31T11:00:00+03:00,11:00
40W000000000785I,SIR HES DB,unknown,2026-05-31 12:00:00+03:00,,264.0,chunk_0000.json,POST /v1/generation/data/dpp-bulk,2026-05-31 21:45:09.896267+00:00,785,SIR HES DB,195,2026-05-31T12:00:00+03:00,12:00
40W000000000785I,SIR HES DB,unknown,2026-05-31 13:00:00+03:00,,264.0,chunk_0000.json,POST /v1/generation/data/dpp-bulk,2026-05-31 21:45:09.896267+00:00,785,SIR HES DB,195,2026-05-31T13:00:00+03:00,13:00
40W000000000785I,SIR HES DB,unknown,2026-05-31 14:00:00+03:00,,264.0,chunk_0000.json,POST /v1/generation/data/dpp-bulk,2026-05-31 21:45:09.896267+00:00,785,SIR HES DB,195,2026-05-31T14:00:00+03:00,14:00
40W000000000785I,SIR HES DB,unknown,2026-05-31 15:00:00+03:00,,264.0,chunk_0000.json,POST /v1/generation/data/dpp-bulk,2026-05-31 21:45:09.896267+00:00,785,SIR HES DB,195,2026-05-31T15:00:00+03:00,15:00
40W000000000785I,SIR HES DB,unknown,2026-05-31 16:00:00+03:00,,264.0,chunk_0000.json,POST /v1/generation/data/dpp-bulk,2026-05-31 21:45:09.896267+00:00,785,SIR HES DB,195,2026-05-31T16:00:00+03:00,16:00
40W000000000785I,SIR HES DB,unknown,2026-05-31 17:00:00+03:00,,264.0,chunk_0000.json,POST /v1/generation/data/dpp-bulk,2026-05-31 21:45:09.896267+00:00,785,SIR HES DB,195,2026-05-31T17:00:00+03:00,17:00
40W000000000785I,SIR HES DB,unknown,2026-05-31 18:00:00+03:00,,264.0,chunk_0000.json,POST /v1/generation/data/dpp-bulk,2026-05-31 21:45:09.896267+00:00,785,SIR HES DB,195,2026-05-31T18:00:00+03:00,18:00
40W000000000785I,SIR HES DB,unknown,2026-05-31 19:00:00+03:00,,264.0,chunk_0000.json,POST /v1/generation/data/dpp-bulk,2026-05-31 21:45:09.896267+00:00,785,SIR HES DB,195,2026-05-31T19:00:00+03:00,19:00
40W000000000785I,SIR HES DB,unknown,2026-05-31 20:00:00+03:00,,264.0,chunk_0000.json,POST /v1/generation/data/dpp-bulk,2026-05-31 21:45:09.896267+00:00,785,SIR HES DB,195,2026-05-31T20:00:00+03:00,20:00
40W000000000785I,SIR HES DB,unknown,2026-05-31 21:00:00+03:00,,264.0,chunk_0000.json,POST /v1/generation/data/dpp-bulk,2026-05-31 21:45:09.896267+00:00,785,SIR HES DB,195,2026-05-31T21:00:00+03:00,21:00
40W000000000785I,SIR HES DB,unknown,2026-05-31 22:00:00+03:00,,264.0,chunk_0000.json,POST /v1/generation/data/dpp-bulk,2026-05-31 21:45:09.896267+00:00,785,SIR HES DB,195,2026-05-31T22:00:00+03:00,22:00
40W000000000785I,SIR HES DB,unknown,2026-05-31 23:00:00+03:00,,264.0,chunk_0000.json,POST /v1/generation/data/dpp-bulk,2026-05-31 21:45:09.896267+00:00,785,SIR HES DB,195,2026-05-31T23:00:00+03:00,23:00
40W000000000797B,ÖZLÜCE HES DB,unknown,2026-05-31 00:00:00+03:00,,162.0,chunk_0000.json,POST /v1/generation/data/dpp-bulk,2026-05-31 21:45:09.896267+00:00,797,ÖZLÜCE HES DB,195,2026-05-31T00:00:00+03:00,00:00
40W000000000797B,ÖZLÜCE HES DB,unknown,2026-05-31 01:00:00+03:00,,162.0,chunk_0000.json,POST /v1/generation/data/dpp-bulk,2026-05-31 21:45:09.896267+00:00,797,ÖZLÜCE HES DB,195,2026-05-31T01:00:00+03:00,01:00
40W000000000797B,ÖZLÜCE HES DB,unknown,2026-05-31 02:00:00+03:00,,162.0,chunk_0000.json,POST /v1/generation/data/dpp-bulk,2026-05-31 21:45:09.896267+00:00,797,ÖZLÜCE HES DB,195,2026-05-31T02:00:00+03:00,02:00
40W000000000797B,ÖZLÜCE HES DB,unknown,2026-05-31 03:00:00+03:00,,162.0,chunk_0000.json,POST /v1/generation/data/dpp-bulk,2026-05-31 21:45:09.896267+00:00,797,ÖZLÜCE HES DB,195,2026-05-31T03:00:00+03:00,03:00
40W000000000797B,ÖZLÜCE HES DB,unknown,2026-05-31 04:00:00+03:00,,162.0,chunk_0000.json,POST /v1/generation/data/dpp-bulk,2026-05-31 21:45:09.896267+00:00,797,ÖZLÜCE HES DB,195,2026-05-31T04:00:00+03:00,04:00
40W000000000797B,ÖZLÜCE HES DB,unknown,2026-05-31 05:00:00+03:00,,162.0,chunk_0000.json,POST /v1/generation/data/dpp-bulk,2026-05-31 21:45:09.896267+00:00,797,ÖZLÜCE HES DB,195,2026-05-31T05:00:00+03:00,05:00
40W000000000797B,ÖZLÜCE HES DB,unknown,2026-05-31 06:00:00+03:00,,162.0,chunk_0000.json,POST /v1/generation/data/dpp-bulk,2026-05-31 21:45:09.896267+00:00,797,ÖZLÜCE HES DB,195,2026-05-31T06:00:00+03:00,06:00
40W000000000797B,ÖZLÜCE HES DB,unknown,2026-05-31 07:00:00+03:00,,162.0,chunk_0000.json,POST /v1/generation/data/dpp-bulk,2026-05-31 21:45:09.896267+00:00,797,ÖZLÜCE HES DB,195,2026-05-31T07:00:00+03:00,07:00
40W000000000797B,ÖZLÜCE HES DB,unknown,2026-05-31 08:00:00+03:00,,162.0,chunk_0000.json,POST /v1/generation/data/dpp-bulk,2026-05-31 21:45:09.896267+00:00,797,ÖZLÜCE HES DB,195,2026-05-31T08:00:00+03:00,08:00
40W000000000797B,ÖZLÜCE HES DB,unknown,2026-05-31 09:00:00+03:00,,162.0,chunk_0000.json,POST /v1/generation/data/dpp-bulk,2026-05-31 21:45:09.896267+00:00,797,ÖZLÜCE HES DB,195,2026-05-31T09:00:00+03:00,09:00
40W000000000797B,ÖZLÜCE HES DB,unknown,2026-05-31 10:00:00+03:00,,162.0,chunk_0000.json,POST /v1/generation/data/dpp-bulk,2026-05-31 21:45:09.896267+00:00,797,ÖZLÜCE HES DB,195,2026-05-31T10:00:00+03:00,10:00
40W000000000797B,ÖZLÜCE HES DB,unknown,2026-05-31 11:00:00+03:00,,162.0,chunk_0000.json,POST /v1/generation/data/dpp-bulk,2026-05-31 21:45:09.896267+00:00,797,ÖZLÜCE HES DB,195,2026-05-31T11:00:00+03:00,11:00
40W000000000797B,ÖZLÜCE HES DB,unknown,2026-05-31 12:00:00+03:00,,162.0,chunk_0000.json,POST /v1/generation/data/dpp-bulk,2026-05-31 21:45:09.896267+00:00,797,ÖZLÜCE HES DB,195,2026-05-31T12:00:00+03:00,12:00
40W000000000797B,ÖZLÜCE HES DB,unknown,2026-05-31 13:00:00+03:00,,162.0,chunk_0000.json,POST /v1/generation/data/dpp-bulk,2026-05-31 21:45:09.896267+00:00,797,ÖZLÜCE HES DB,195,2026-05-31T13:00:00+03:00,13:00
40W000000000797B,ÖZLÜCE HES DB,unknown,2026-05-31 14:00:00+03:00,,162.0,chunk_0000.json,POST /v1/generation/data/dpp-bulk,2026-05-31 21:45:09.896267+00:00,797,ÖZLÜCE HES DB,195,2026-05-31T14:00:00+03:00,14:00
40W000000000797B,ÖZLÜCE HES DB,unknown,2026-05-31 15:00:00+03:00,,162.0,chunk_0000.json,POST /v1/generation/data/dpp-bulk,2026-05-31 21:45:09.896267+00:00,797,ÖZLÜCE HES DB,195,2026-05-31T15:00:00+03:00,15:00
40W000000000797B,ÖZLÜCE HES DB,unknown,2026-05-31 16:00:00+03:00,,162.0,chunk_0000.json,POST /v1/generation/data/dpp-bulk,2026-05-31 21:45:09.896267+00:00,797,ÖZLÜCE HES DB,195,2026-05-31T16:00:00+03:00,16:00
40W000000000797B,ÖZLÜCE HES DB,unknown,2026-05-31 17:00:00+03:00,,162.0,chunk_0000.json,POST /v1/generation/data/dpp-bulk,2026-05-31 21:45:09.896267+00:00,797,ÖZLÜCE HES DB,195,2026-05-31T17:00:00+03:00,17:00
40W000000000797B,ÖZLÜCE HES DB,unknown,2026-05-31 18:00:00+03:00,,162.0,chunk_0000.json,POST /v1/generation/data/dpp-bulk,2026-05-31 21:45:09.896267+00:00,797,ÖZLÜCE HES DB,195,2026-05-31T18:00:00+03:00,18:00
40W000000000797B,ÖZLÜCE HES DB,unknown,2026-05-31 19:00:00+03:00,,162.0,chunk_0000.json,POST /v1/generation/data/dpp-bulk,2026-05-31 21:45:09.896267+00:00,797,ÖZLÜCE HES DB,195,2026-05-31T19:00:00+03:00,19:00
40W000000000797B,ÖZLÜCE HES DB,unknown,2026-05-31 20:00:00+03:00,,162.0,chunk_0000.json,POST /v1/generation/data/dpp-bulk,2026-05-31 21:45:09.896267+00:00,797,ÖZLÜCE HES DB,195,2026-05-31T20:00:00+03:00,20:00
40W000000000797B,ÖZLÜCE HES DB,unknown,2026-05-31 21:00:00+03:00,,162.0,chunk_0000.json,POST /v1/generation/data/dpp-bulk,2026-05-31 21:45:09.896267+00:00,797,ÖZLÜCE HES DB,195,2026-05-31T21:00:00+03:00,21:00
40W000000000797B,ÖZLÜCE HES DB,unknown,2026-05-31 22:00:00+03:00,,162.0,chunk_0000.json,POST /v1/generation/data/dpp-bulk,2026-05-31 21:45:09.896267+00:00,797,ÖZLÜCE HES DB,195,2026-05-31T22:00:00+03:00,22:00
40W000000000797B,ÖZLÜCE HES DB,unknown,2026-05-31 23:00:00+03:00,,162.0,chunk_0000.json,POST /v1/generation/data/dpp-bulk,2026-05-31 21:45:09.896267+00:00,797,ÖZLÜCE HES DB,195,2026-05-31T23:00:00+03:00,23:00
40W0000000008019,ALTINKAYA 1-4,unknown,2026-05-31 00:00:00+03:00,,0.0,chunk_0000.json,POST /v1/generation/data/dpp-bulk,2026-05-31 21:45:09.896267+00:00,801,ALTINKAYA 1-4,195,2026-05-31T00:00:00+03:00,00:00
40W0000000008019,ALTINKAYA 1-4,unknown,2026-05-31 01:00:00+03:00,,0.0,chunk_0000.json,POST /v1/generation/data/dpp-bulk,2026-05-31 21:45:09.896267+00:00,801,ALTINKAYA 1-4,195,2026-05-31T01:00:00+03:00,01:00
40W0000000008019,ALTINKAYA 1-4,unknown,2026-05-31 02:00:00+03:00,,0.0,chunk_0000.json,POST /v1/generation/data/dpp-bulk,2026-05-31 21:45:09.896267+00:00,801,ALTINKAYA 1-4,195,2026-05-31T02:00:00+03:00,02:00
40W0000000008019,ALTINKAYA 1-4,unknown,2026-05-31 03:00:00+03:00,,0.0,chunk_0000.json,POST /v1/generation/data/dpp-bulk,2026-05-31 21:45:09.896267+00:00,801,ALTINKAYA 1-4,195,2026-05-31T03:00:00+03:00,03:00
40W0000000008019,ALTINKAYA 1-4,unknown,2026-05-31 04:00:00+03:00,,0.0,chunk_0000.json,POST /v1/generation/data/dpp-bulk,2026-05-31 21:45:09.896267+00:00,801,ALTINKAYA 1-4,195,2026-05-31T04:00:00+03:00,04:00
40W0000000008019,ALTINKAYA 1-4,unknown,2026-05-31 05:00:00+03:00,,0.0,chunk_0000.json,POST /v1/generation/data/dpp-bulk,2026-05-31 21:45:09.896267+00:00,801,ALTINKAYA 1-4,195,2026-05-31T05:00:00+03:00,05:00
40W0000000008019,ALTINKAYA 1-4,unknown,2026-05-31 06:00:00+03:00,,0.0,chunk_0000.json,POST /v1/generation/data/dpp-bulk,2026-05-31 21:45:09.896267+00:00,801,ALTINKAYA 1-4,195,2026-05-31T06:00:00+03:00,06:00
40W0000000008019,ALTINKAYA 1-4,unknown,2026-05-31 07:00:00+03:00,,0.0,chunk_0000.json,POST /v1/generation/data/dpp-bulk,2026-05-31 21:45:09.896267+00:00,801,ALTINKAYA 1-4,195,2026-05-31T07:00:00+03:00,07:00
40W0000000008019,ALTINKAYA 1-4,unknown,2026-05-31 08:00:00+03:00,,0.0,chunk_0000.json,POST /v1/generation/data/dpp-bulk,2026-05-31 21:45:09.896267+00:00,801,ALTINKAYA 1-4,195,2026-05-31T08:00:00+03:00,08:00
40W0000000008019,ALTINKAYA 1-4,unknown,2026-05-31 09:00:00+03:00,,0.0,chunk_0000.json,POST /v1/generation/data/dpp-bulk,2026-05-31 21:45:09.896267+00:00,801,ALTINKAYA 1-4,195,2026-05-31T09:00:00+03:00,09:00
40W0000000008019,ALTINKAYA 1-4,unknown,2026-05-31 10:00:00+03:00,,0.0,chunk_0000.json,POST /v1/generation/data/dpp-bulk,2026-05-31 21:45:09.896267+00:00,801,ALTINKAYA 1-4,195,2026-05-31T10:00:00+03:00,10:00
40W0000000008019,ALTINKAYA 1-4,unknown,2026-05-31 11:00:00+03:00,,0.0,chunk_0000.json,POST /v1/generation/data/dpp-bulk,2026-05-31 21:45:09.896267+00:00,801,ALTINKAYA 1-4,195,2026-05-31T11:00:00+03:00,11:00
40W0000000008019,ALTINKAYA 1-4,unknown,2026-05-31 12:00:00+03:00,,0.0,chunk_0000.json,POST /v1/generation/data/dpp-bulk,2026-05-31 21:45:09.896267+00:00,801,ALTINKAYA 1-4,195,2026-05-31T12:00:00+03:00,12:00
40W0000000008019,ALTINKAYA 1-4,unknown,2026-05-31 13:00:00+03:00,,0.0,chunk_0000.json,POST /v1/generation/data/dpp-bulk,2026-05-31 21:45:09.896267+00:00,801,ALTINKAYA 1-4,195,2026-05-31T13:00:00+03:00,13:00
40W0000000008019,ALTINKAYA 1-4,unknown,2026-05-31 14:00:00+03:00,,0.0,chunk_0000.json,POST /v1/generation/data/dpp-bulk,2026-05-31 21:45:09.896267+00:00,801,ALTINKAYA 1-4,195,2026-05-31T14:00:00+03:00,14:00
40W0000000008019,ALTINKAYA 1-4,unknown,2026-05-31 15:00:00+03:00,,0.0,chunk_0000.json,POST /v1/generation/data/dpp-bulk,2026-05-31 21:45:09.896267+00:00,801,ALTINKAYA 1-4,195,2026-05-31T15:00:00+03:00,15:00
40W0000000008019,ALTINKAYA 1-4,unknown,2026-05-31 16:00:00+03:00,,0.0,chunk_0000.json,POST /v1/generation/data/dpp-bulk,2026-05-31 21:45:09.896267+00:00,801,ALTINKAYA 1-4,195,2026-05-31T16:00:00+03:00,16:00
40W0000000008019,ALTINKAYA 1-4,unknown,2026-05-31 17:00:00+03:00,,155.0,chunk_0000.json,POST /v1/generation/data/dpp-bulk,2026-05-31 21:45:09.896267+00:00,801,ALTINKAYA 1-4,195,2026-05-31T17:00:00+03:00,17:00
40W0000000008019,ALTINKAYA 1-4,unknown,2026-05-31 18:00:00+03:00,,155.0,chunk_0000.json,POST /v1/generation/data/dpp-bulk,2026-05-31 21:45:09.896267+00:00,801,ALTINKAYA 1-4,195,2026-05-31T18:00:00+03:00,18:00
40W0000000008019,ALTINKAYA 1-4,unknown,2026-05-31 19:00:00+03:00,,310.0,chunk_0000.json,POST /v1/generation/data/dpp-bulk,2026-05-31 21:45:09.896267+00:00,801,ALTINKAYA 1-4,195,2026-05-31T19:00:00+03:00,19:00
40W0000000008019,ALTINKAYA 1-4,unknown,2026-05-31 20:00:00+03:00,,310.0,chunk_0000.json,POST /v1/generation/data/dpp-bulk,2026-05-31 21:45:09.896267+00:00,801,ALTINKAYA 1-4,195,2026-05-31T20:00:00+03:00,20:00
40W0000000008019,ALTINKAYA 1-4,unknown,2026-05-31 21:00:00+03:00,,310.0,chunk_0000.json,POST /v1/generation/data/dpp-bulk,2026-05-31 21:45:09.896267+00:00,801,ALTINKAYA 1-4,195,2026-05-31T21:00:00+03:00,21:00
40W0000000008019,ALTINKAYA 1-4,unknown,2026-05-31 22:00:00+03:00,,155.0,chunk_0000.json,POST /v1/generation/data/dpp-bulk,2026-05-31 21:45:09.896267+00:00,801,ALTINKAYA 1-4,195,2026-05-31T22:00:00+03:00,22:00
40W0000000008019,ALTINKAYA 1-4,unknown,2026-05-31 23:00:00+03:00,,155.0,chunk_0000.json,POST /v1/generation/data/dpp-bulk,2026-05-31 21:45:09.896267+00:00,801,ALTINKAYA 1-4,195,2026-05-31T23:00:00+03:00,23:00
40W000000000807Y,H.UĞURLU 1-4,unknown,2026-05-31 00:00:00+03:00,,495.0,chunk_0000.json,POST /v1/generation/data/dpp-bulk,2026-05-31 21:45:09.896267+00:00,807,H.UĞURLU 1-4,195,2026-05-31T00:00:00+03:00,00:00
40W000000000807Y,H.UĞURLU 1-4,unknown,2026-05-31 01:00:00+03:00,,495.0,chunk_0000.json,POST /v1/generation/data/dpp-bulk,2026-05-31 21:45:09.896267+00:00,807,H.UĞURLU 1-4,195,2026-05-31T01:00:00+03:00,01:00
40W000000000807Y,H.UĞURLU 1-4,unknown,2026-05-31 02:00:00+03:00,,495.0,chunk_0000.json,POST /v1/generation/data/dpp-bulk,2026-05-31 21:45:09.896267+00:00,807,H.UĞURLU 1-4,195,2026-05-31T02:00:00+03:00,02:00
40W000000000807Y,H.UĞURLU 1-4,unknown,2026-05-31 03:00:00+03:00,,495.0,chunk_0000.json,POST /v1/generation/data/dpp-bulk,2026-05-31 21:45:09.896267+00:00,807,H.UĞURLU 1-4,195,2026-05-31T03:00:00+03:00,03:00
40W000000000807Y,H.UĞURLU 1-4,unknown,2026-05-31 04:00:00+03:00,,495.0,chunk_0000.json,POST /v1/generation/data/dpp-bulk,2026-05-31 21:45:09.896267+00:00,807,H.UĞURLU 1-4,195,2026-05-31T04:00:00+03:00,04:00
40W000000000807Y,H.UĞURLU 1-4,unknown,2026-05-31 05:00:00+03:00,,495.0,chunk_0000.json,POST /v1/generation/data/dpp-bulk,2026-05-31 21:45:09.896267+00:00,807,H.UĞURLU 1-4,195,2026-05-31T05:00:00+03:00,05:00
40W000000000807Y,H.UĞURLU 1-4,unknown,2026-05-31 06:00:00+03:00,,495.0,chunk_0000.json,POST /v1/generation/data/dpp-bulk,2026-05-31 21:45:09.896267+00:00,807,H.UĞURLU 1-4,195,2026-05-31T06:00:00+03:00,06:00
40W000000000807Y,H.UĞURLU 1-4,unknown,2026-05-31 07:00:00+03:00,,495.0,chunk_0000.json,POST /v1/generation/data/dpp-bulk,2026-05-31 21:45:09.896267+00:00,807,H.UĞURLU 1-4,195,2026-05-31T07:00:00+03:00,07:00
40W000000000807Y,H.UĞURLU 1-4,unknown,2026-05-31 08:00:00+03:00,,495.0,chunk_0000.json,POST /v1/generation/data/dpp-bulk,2026-05-31 21:45:09.896267+00:00,807,H.UĞURLU 1-4,195,2026-05-31T08:00:00+03:00,08:00
40W000000000807Y,H.UĞURLU 1-4,unknown,2026-05-31 09:00:00+03:00,,495.0,chunk_0000.json,POST /v1/generation/data/dpp-bulk,2026-05-31 21:45:09.896267+00:00,807,H.UĞURLU 1-4,195,2026-05-31T09:00:00+03:00,09:00
40W000000000807Y,H.UĞURLU 1-4,unknown,2026-05-31 10:00:00+03:00,,495.0,chunk_0000.json,POST /v1/generation/data/dpp-bulk,2026-05-31 21:45:09.896267+00:00,807,H.UĞURLU 1-4,195,2026-05-31T10:00:00+03:00,10:00
40W000000000807Y,H.UĞURLU 1-4,unknown,2026-05-31 11:00:00+03:00,,495.0,chunk_0000.json,POST /v1/generation/data/dpp-bulk,2026-05-31 21:45:09.896267+00:00,807,H.UĞURLU 1-4,195,2026-05-31T11:00:00+03:00,11:00
40W000000000807Y,H.UĞURLU 1-4,unknown,2026-05-31 12:00:00+03:00,,495.0,chunk_0000.json,POST /v1/generation/data/dpp-bulk,2026-05-31 21:45:09.896267+00:00,807,H.UĞURLU 1-4,195,2026-05-31T12:00:00+03:00,12:00
40W000000000807Y,H.UĞURLU 1-4,unknown,2026-05-31 13:00:00+03:00,,495.0,chunk_0000.json,POST /v1/generation/data/dpp-bulk,2026-05-31 21:45:09.896267+00:00,807,H.UĞURLU 1-4,195,2026-05-31T13:00:00+03:00,13:00
40W000000000807Y,H.UĞURLU 1-4,unknown,2026-05-31 14:00:00+03:00,,495.0,chunk_0000.json,POST /v1/generation/data/dpp-bulk,2026-05-31 21:45:09.896267+00:00,807,H.UĞURLU 1-4,195,2026-05-31T14:00:00+03:00,14:00
40W000000000807Y,H.UĞURLU 1-4,unknown,2026-05-31 15:00:00+03:00,,495.0,chunk_0000.json,POST /v1/generation/data/dpp-bulk,2026-05-31 21:45:09.896267+00:00,807,H.UĞURLU 1-4,195,2026-05-31T15:00:00+03:00,15:00
40W000000000807Y,H.UĞURLU 1-4,unknown,2026-05-31 16:00:00+03:00,,495.0,chunk_0000.json,POST /v1/generation/data/dpp-bulk,2026-05-31 21:45:09.896267+00:00,807,H.UĞURLU 1-4,195,2026-05-31T16:00:00+03:00,16:00
40W000000000807Y,H.UĞURLU 1-4,unknown,2026-05-31 17:00:00+03:00,,495.0,chunk_0000.json,POST /v1/generation/data/dpp-bulk,2026-05-31 21:45:09.896267+00:00,807,H.UĞURLU 1-4,195,2026-05-31T17:00:00+03:00,17:00
40W000000000807Y,H.UĞURLU 1-4,unknown,2026-05-31 18:00:00+03:00,,495.0,chunk_0000.json,POST /v1/generation/data/dpp-bulk,2026-05-31 21:45:09.896267+00:00,807,H.UĞURLU 1-4,195,2026-05-31T18:00:00+03:00,18:00
40W000000000807Y,H.UĞURLU 1-4,unknown,2026-05-31 19:00:00+03:00,,495.0,chunk_0000.json,POST /v1/generation/data/dpp-bulk,2026-05-31 21:45:09.896267+00:00,807,H.UĞURLU 1-4,195,2026-05-31T19:00:00+03:00,19:00
40W000000000807Y,H.UĞURLU 1-4,unknown,2026-05-31 20:00:00+03:00,,495.0,chunk_0000.json,POST /v1/generation/data/dpp-bulk,2026-05-31 21:45:09.896267+00:00,807,H.UĞURLU 1-4,195,2026-05-31T20:00:00+03:00,20:00
40W000000000807Y,H.UĞURLU 1-4,unknown,2026-05-31 21:00:00+03:00,,495.0,chunk_0000.json,POST /v1/generation/data/dpp-bulk,2026-05-31 21:45:09.896267+00:00,807,H.UĞURLU 1-4,195,2026-05-31T21:00:00+03:00,21:00
40W000000000807Y,H.UĞURLU 1-4,unknown,2026-05-31 22:00:00+03:00,,495.0,chunk_0000.json,POST /v1/generation/data/dpp-bulk,2026-05-31 21:45:09.896267+00:00,807,H.UĞURLU 1-4,195,2026-05-31T22:00:00+03:00,22:00
40W000000000807Y,H.UĞURLU 1-4,unknown,2026-05-31 23:00:00+03:00,,495.0,chunk_0000.json,POST /v1/generation/data/dpp-bulk,2026-05-31 21:45:09.896267+00:00,807,H.UĞURLU 1-4,195,2026-05-31T23:00:00+03:00,23:00
40W000000000102Z,PAMUK HES Elektrik Üretim A.Ş.,unknown,2026-05-31 00:00:00+03:00,,19.2,chunk_0000.json,POST /v1/generation/data/dpp-bulk,2026-05-31 21:45:09.896267+00:00,102,PAMUK HES Elektrik Üretim A.Ş.,103060,2026-05-31T00:00:00+03:00,00:00
40W000000000102Z,PAMUK HES Elektrik Üretim A.Ş.,unknown,2026-05-31 01:00:00+03:00,,19.2,chunk_0000.json,POST /v1/generation/data/dpp-bulk,2026-05-31 21:45:09.896267+00:00,102,PAMUK HES Elektrik Üretim A.Ş.,103060,2026-05-31T01:00:00+03:00,01:00
40W000000000102Z,PAMUK HES Elektrik Üretim A.Ş.,unknown,2026-05-31 02:00:00+03:00,,19.2,chunk_0000.json,POST /v1/generation/data/dpp-bulk,2026-05-31 21:45:09.896267+00:00,102,PAMUK HES Elektrik Üretim A.Ş.,103060,2026-05-31T02:00:00+03:00,02:00
40W000000000102Z,PAMUK HES Elektrik Üretim A.Ş.,unknown,2026-05-31 03:00:00+03:00,,19.11,chunk_0000.json,POST /v1/generation/data/dpp-bulk,2026-05-31 21:45:09.896267+00:00,102,PAMUK HES Elektrik Üretim A.Ş.,103060,2026-05-31T03:00:00+03:00,03:00
40W000000000102Z,PAMUK HES Elektrik Üretim A.Ş.,unknown,2026-05-31 04:00:00+03:00,,16.14,chunk_0000.json,POST /v1/generation/data/dpp-bulk,2026-05-31 21:45:09.896267+00:00,102,PAMUK HES Elektrik Üretim A.Ş.,103060,2026-05-31T04:00:00+03:00,04:00
40W000000000102Z,PAMUK HES Elektrik Üretim A.Ş.,unknown,2026-05-31 05:00:00+03:00,,5.32,chunk_0000.json,POST /v1/generation/data/dpp-bulk,2026-05-31 21:45:09.896267+00:00,102,PAMUK HES Elektrik Üretim A.Ş.,103060,2026-05-31T05:00:00+03:00,05:00
40W000000000102Z,PAMUK HES Elektrik Üretim A.Ş.,unknown,2026-05-31 06:00:00+03:00,,0.0,chunk_0000.json,POST /v1/generation/data/dpp-bulk,2026-05-31 21:45:09.896267+00:00,102,PAMUK HES Elektrik Üretim A.Ş.,103060,2026-05-31T06:00:00+03:00,06:00
40W000000000102Z,PAMUK HES Elektrik Üretim A.Ş.,unknown,2026-05-31 07:00:00+03:00,,0.0,chunk_0000.json,POST /v1/generation/data/dpp-bulk,2026-05-31 21:45:09.896267+00:00,102,PAMUK HES Elektrik Üretim A.Ş.,103060,2026-05-31T07:00:00+03:00,07:00
40W000000000102Z,PAMUK HES Elektrik Üretim A.Ş.,unknown,2026-05-31 08:00:00+03:00,,0.0,chunk_0000.json,POST /v1/generation/data/dpp-bulk,2026-05-31 21:45:09.896267+00:00,102,PAMUK HES Elektrik Üretim A.Ş.,103060,2026-05-31T08:00:00+03:00,08:00
40W000000000102Z,PAMUK HES Elektrik Üretim A.Ş.,unknown,2026-05-31 09:00:00+03:00,,0.0,chunk_0000.json,POST /v1/generation/data/dpp-bulk,2026-05-31 21:45:09.896267+00:00,102,PAMUK HES Elektrik Üretim A.Ş.,103060,2026-05-31T09:00:00+03:00,09:00
40W000000000102Z,PAMUK HES Elektrik Üretim A.Ş.,unknown,2026-05-31 10:00:00+03:00,,0.0,chunk_0000.json,POST /v1/generation/data/dpp-bulk,2026-05-31 21:45:09.896267+00:00,102,PAMUK HES Elektrik Üretim A.Ş.,103060,2026-05-31T10:00:00+03:00,10:00
40W000000000102Z,PAMUK HES Elektrik Üretim A.Ş.,unknown,2026-05-31 11:00:00+03:00,,0.0,chunk_0000.json,POST /v1/generation/data/dpp-bulk,2026-05-31 21:45:09.896267+00:00,102,PAMUK HES Elektrik Üretim A.Ş.,103060,2026-05-31T11:00:00+03:00,11:00
40W000000000102Z,PAMUK HES Elektrik Üretim A.Ş.,unknown,2026-05-31 12:00:00+03:00,,0.0,chunk_0000.json,POST /v1/generation/data/dpp-bulk,2026-05-31 21:45:09.896267+00:00,102,PAMUK HES Elektrik Üretim A.Ş.,103060,2026-05-31T12:00:00+03:00,12:00
40W000000000102Z,PAMUK HES Elektrik Üretim A.Ş.,unknown,2026-05-31 13:00:00+03:00,,0.0,chunk_0000.json,POST /v1/generation/data/dpp-bulk,2026-05-31 21:45:09.896267+00:00,102,PAMUK HES Elektrik Üretim A.Ş.,103060,2026-05-31T13:00:00+03:00,13:00
40W000000000102Z,PAMUK HES Elektrik Üretim A.Ş.,unknown,2026-05-31 14:00:00+03:00,,0.0,chunk_0000.json,POST /v1/generation/data/dpp-bulk,2026-05-31 21:45:09.896267+00:00,102,PAMUK HES Elektrik Üretim A.Ş.,103060,2026-05-31T14:00:00+03:00,14:00
40W000000000102Z,PAMUK HES Elektrik Üretim A.Ş.,unknown,2026-05-31 15:00:00+03:00,,0.0,chunk_0000.json,POST /v1/generation/data/dpp-bulk,2026-05-31 21:45:09.896267+00:00,102,PAMUK HES Elektrik Üretim A.Ş.,103060,2026-05-31T15:00:00+03:00,15:00
40W000000000102Z,PAMUK HES Elektrik Üretim A.Ş.,unknown,2026-05-31 16:00:00+03:00,,0.0,chunk_0000.json,POST /v1/generation/data/dpp-bulk,2026-05-31 21:45:09.896267+00:00,102,PAMUK HES Elektrik Üretim A.Ş.,103060,2026-05-31T16:00:00+03:00,16:00
40W000000000102Z,PAMUK HES Elektrik Üretim A.Ş.,unknown,2026-05-31 17:00:00+03:00,,0.0,chunk_0000.json,POST /v1/generation/data/dpp-bulk,2026-05-31 21:45:09.896267+00:00,102,PAMUK HES Elektrik Üretim A.Ş.,103060,2026-05-31T17:00:00+03:00,17:00
40W000000000102Z,PAMUK HES Elektrik Üretim A.Ş.,unknown,2026-05-31 18:00:00+03:00,,1.85,chunk_0000.json,POST /v1/generation/data/dpp-bulk,2026-05-31 21:45:09.896267+00:00,102,PAMUK HES Elektrik Üretim A.Ş.,103060,2026-05-31T18:00:00+03:00,18:00
40W000000000102Z,PAMUK HES Elektrik Üretim A.Ş.,unknown,2026-05-31 19:00:00+03:00,,19.2,chunk_0000.json,POST /v1/generation/data/dpp-bulk,2026-05-31 21:45:09.896267+00:00,102,PAMUK HES Elektrik Üretim A.Ş.,103060,2026-05-31T19:00:00+03:00,19:00
40W000000000102Z,PAMUK HES Elektrik Üretim A.Ş.,unknown,2026-05-31 20:00:00+03:00,,19.2,chunk_0000.json,POST /v1/generation/data/dpp-bulk,2026-05-31 21:45:09.896267+00:00,102,PAMUK HES Elektrik Üretim A.Ş.,103060,2026-05-31T20:00:00+03:00,20:00
40W000000000102Z,PAMUK HES Elektrik Üretim A.Ş.,unknown,2026-05-31 21:00:00+03:00,,19.2,chunk_0000.json,POST /v1/generation/data/dpp-bulk,2026-05-31 21:45:09.896267+00:00,102,PAMUK HES Elektrik Üretim A.Ş.,103060,2026-05-31T21:00:00+03:00,21:00
40W000000000102Z,PAMUK HES Elektrik Üretim A.Ş.,unknown,2026-05-31 22:00:00+03:00,,19.2,chunk_0000.json,POST /v1/generation/data/dpp-bulk,2026-05-31 21:45:09.896267+00:00,102,PAMUK HES Elektrik Üretim A.Ş.,103060,2026-05-31T22:00:00+03:00,22:00
40W000000000102Z,PAMUK HES Elektrik Üretim A.Ş.,unknown,2026-05-31 23:00:00+03:00,,19.2,chunk_0000.json,POST /v1/generation/data/dpp-bulk,2026-05-31 21:45:09.896267+00:00,102,PAMUK HES Elektrik Üretim A.Ş.,103060,2026-05-31T23:00:00+03:00,23:00
40W100000000188N,Termal Seramik Sanayi ve Ticaret A.Ş.,unknown,2026-05-31 00:00:00+03:00,,0.0,chunk_0000.json,POST /v1/generation/data/dpp-bulk,2026-05-31 21:45:09.896267+00:00,188,Termal Seramik Sanayi ve Ticaret A.Ş.,103060,2026-05-31T00:00:00+03:00,00:00
40W100000000188N,Termal Seramik Sanayi ve Ticaret A.Ş.,unknown,2026-05-31 01:00:00+03:00,,0.0,chunk_0000.json,POST /v1/generation/data/dpp-bulk,2026-05-31 21:45:09.896267+00:00,188,Termal Seramik Sanayi ve Ticaret A.Ş.,103060,2026-05-31T01:00:00+03:00,01:00
40W100000000188N,Termal Seramik Sanayi ve Ticaret A.Ş.,unknown,2026-05-31 02:00:00+03:00,,0.0,chunk_0000.json,POST /v1/generation/data/dpp-bulk,2026-05-31 21:45:09.896267+00:00,188,Termal Seramik Sanayi ve Ticaret A.Ş.,103060,2026-05-31T02:00:00+03:00,02:00
40W100000000188N,Termal Seramik Sanayi ve Ticaret A.Ş.,unknown,2026-05-31 03:00:00+03:00,,0.0,chunk_0000.json,POST /v1/generation/data/dpp-bulk,2026-05-31 21:45:09.896267+00:00,188,Termal Seramik Sanayi ve Ticaret A.Ş.,103060,2026-05-31T03:00:00+03:00,03:00
40W100000000188N,Termal Seramik Sanayi ve Ticaret A.Ş.,unknown,2026-05-31 04:00:00+03:00,,0.0,chunk_0000.json,POST /v1/generation/data/dpp-bulk,2026-05-31 21:45:09.896267+00:00,188,Termal Seramik Sanayi ve Ticaret A.Ş.,103060,2026-05-31T04:00:00+03:00,04:00
40W100000000188N,Termal Seramik Sanayi ve Ticaret A.Ş.,unknown,2026-05-31 05:00:00+03:00,,0.0,chunk_0000.json,POST /v1/generation/data/dpp-bulk,2026-05-31 21:45:09.896267+00:00,188,Termal Seramik Sanayi ve Ticaret A.Ş.,103060,2026-05-31T05:00:00+03:00,05:00
40W100000000188N,Termal Seramik Sanayi ve Ticaret A.Ş.,unknown,2026-05-31 06:00:00+03:00,,0.0,chunk_0000.json,POST /v1/generation/data/dpp-bulk,2026-05-31 21:45:09.896267+00:00,188,Termal Seramik Sanayi ve Ticaret A.Ş.,103060,2026-05-31T06:00:00+03:00,06:00
40W100000000188N,Termal Seramik Sanayi ve Ticaret A.Ş.,unknown,2026-05-31 07:00:00+03:00,,0.0,chunk_0000.json,POST /v1/generation/data/dpp-bulk,2026-05-31 21:45:09.896267+00:00,188,Termal Seramik Sanayi ve Ticaret A.Ş.,103060,2026-05-31T07:00:00+03:00,07:00
40W100000000188N,Termal Seramik Sanayi ve Ticaret A.Ş.,unknown,2026-05-31 08:00:00+03:00,,0.0,chunk_0000.json,POST /v1/generation/data/dpp-bulk,2026-05-31 21:45:09.896267+00:00,188,Termal Seramik Sanayi ve Ticaret A.Ş.,103060,2026-05-31T08:00:00+03:00,08:00
40W100000000188N,Termal Seramik Sanayi ve Ticaret A.Ş.,unknown,2026-05-31 09:00:00+03:00,,0.0,chunk_0000.json,POST /v1/generation/data/dpp-bulk,2026-05-31 21:45:09.896267+00:00,188,Termal Seramik Sanayi ve Ticaret A.Ş.,103060,2026-05-31T09:00:00+03:00,09:00
40W100000000188N,Termal Seramik Sanayi ve Ticaret A.Ş.,unknown,2026-05-31 10:00:00+03:00,,0.0,chunk_0000.json,POST /v1/generation/data/dpp-bulk,2026-05-31 21:45:09.896267+00:00,188,Termal Seramik Sanayi ve Ticaret A.Ş.,103060,2026-05-31T10:00:00+03:00,10:00
40W100000000188N,Termal Seramik Sanayi ve Ticaret A.Ş.,unknown,2026-05-31 11:00:00+03:00,,0.0,chunk_0000.json,POST /v1/generation/data/dpp-bulk,2026-05-31 21:45:09.896267+00:00,188,Termal Seramik Sanayi ve Ticaret A.Ş.,103060,2026-05-31T11:00:00+03:00,11:00
40W100000000188N,Termal Seramik Sanayi ve Ticaret A.Ş.,unknown,2026-05-31 12:00:00+03:00,,0.0,chunk_0000.json,POST /v1/generation/data/dpp-bulk,2026-05-31 21:45:09.896267+00:00,188,Termal Seramik Sanayi ve Ticaret A.Ş.,103060,2026-05-31T12:00:00+03:00,12:00
40W100000000188N,Termal Seramik Sanayi ve Ticaret A.Ş.,unknown,2026-05-31 13:00:00+03:00,,0.0,chunk_0000.json,POST /v1/generation/data/dpp-bulk,2026-05-31 21:45:09.896267+00:00,188,Termal Seramik Sanayi ve Ticaret A.Ş.,103060,2026-05-31T13:00:00+03:00,13:00
40W100000000188N,Termal Seramik Sanayi ve Ticaret A.Ş.,unknown,2026-05-31 14:00:00+03:00,,0.0,chunk_0000.json,POST /v1/generation/data/dpp-bulk,2026-05-31 21:45:09.896267+00:00,188,Termal Seramik Sanayi ve Ticaret A.Ş.,103060,2026-05-31T14:00:00+03:00,14:00
40W100000000188N,Termal Seramik Sanayi ve Ticaret A.Ş.,unknown,2026-05-31 15:00:00+03:00,,0.0,chunk_0000.json,POST /v1/generation/data/dpp-bulk,2026-05-31 21:45:09.896267+00:00,188,Termal Seramik Sanayi ve Ticaret A.Ş.,103060,2026-05-31T15:00:00+03:00,15:00
40W100000000188N,Termal Seramik Sanayi ve Ticaret A.Ş.,unknown,2026-05-31 16:00:00+03:00,,0.0,chunk_0000.json,POST /v1/generation/data/dpp-bulk,2026-05-31 21:45:09.896267+00:00,188,Termal Seramik Sanayi ve Ticaret A.Ş.,103060,2026-05-31T16:00:00+03:00,16:00
40W100000000188N,Termal Seramik Sanayi ve Ticaret A.Ş.,unknown,2026-05-31 17:00:00+03:00,,0.0,chunk_0000.json,POST /v1/generation/data/dpp-bulk,2026-05-31 21:45:09.896267+00:00,188,Termal Seramik Sanayi ve Ticaret A.Ş.,103060,2026-05-31T17:00:00+03:00,17:00
40W100000000188N,Termal Seramik Sanayi ve Ticaret A.Ş.,unknown,2026-05-31 18:00:00+03:00,,0.0,chunk_0000.json,POST /v1/generation/data/dpp-bulk,2026-05-31 21:45:09.896267+00:00,188,Termal Seramik Sanayi ve Ticaret A.Ş.,103060,2026-05-31T18:00:00+03:00,18:00
40W100000000188N,Termal Seramik Sanayi ve Ticaret A.Ş.,unknown,2026-05-31 19:00:00+03:00,,0.0,chunk_0000.json,POST /v1/generation/data/dpp-bulk,2026-05-31 21:45:09.896267+00:00,188,Termal Seramik Sanayi ve Ticaret A.Ş.,103060,2026-05-31T19:00:00+03:00,19:00
40W100000000188N,Termal Seramik Sanayi ve Ticaret A.Ş.,unknown,2026-05-31 20:00:00+03:00,,0.0,chunk_0000.json,POST /v1/generation/data/dpp-bulk,2026-05-31 21:45:09.896267+00:00,188,Termal Seramik Sanayi ve Ticaret A.Ş.,103060,2026-05-31T20:00:00+03:00,20:00
40W100000000188N,Termal Seramik Sanayi ve Ticaret A.Ş.,unknown,2026-05-31 21:00:00+03:00,,0.0,chunk_0000.json,POST /v1/generation/data/dpp-bulk,2026-05-31 21:45:09.896267+00:00,188,Termal Seramik Sanayi ve Ticaret A.Ş.,103060,2026-05-31T21:00:00+03:00,21:00
40W100000000188N,Termal Seramik Sanayi ve Ticaret A.Ş.,unknown,2026-05-31 22:00:00+03:00,,0.0,chunk_0000.json,POST /v1/generation/data/dpp-bulk,2026-05-31 21:45:09.896267+00:00,188,Termal Seramik Sanayi ve Ticaret A.Ş.,103060,2026-05-31T22:00:00+03:00,22:00
40W100000000188N,Termal Seramik Sanayi ve Ticaret A.Ş.,unknown,2026-05-31 23:00:00+03:00,,0.0,chunk_0000.json,POST /v1/generation/data/dpp-bulk,2026-05-31 21:45:09.896267+00:00,188,Termal Seramik Sanayi ve Ticaret A.Ş.,103060,2026-05-31T23:00:00+03:00,23:00
40W0000000002681,Birkapılı HES,unknown,2026-05-31 00:00:00+03:00,,8.0,chunk_0000.json,POST /v1/generation/data/dpp-bulk,2026-05-31 21:45:09.896267+00:00,268,Birkapılı HES,103600,2026-05-31T00:00:00+03:00,00:00
40W0000000002681,Birkapılı HES,unknown,2026-05-31 01:00:00+03:00,,8.1,chunk_0000.json,POST /v1/generation/data/dpp-bulk,2026-05-31 21:45:09.896267+00:00,268,Birkapılı HES,103600,2026-05-31T01:00:00+03:00,01:00
40W0000000002681,Birkapılı HES,unknown,2026-05-31 02:00:00+03:00,,8.3,chunk_0000.json,POST /v1/generation/data/dpp-bulk,2026-05-31 21:45:09.896267+00:00,268,Birkapılı HES,103600,2026-05-31T02:00:00+03:00,02:00
40W0000000002681,Birkapılı HES,unknown,2026-05-31 03:00:00+03:00,,8.7,chunk_0000.json,POST /v1/generation/data/dpp-bulk,2026-05-31 21:45:09.896267+00:00,268,Birkapılı HES,103600,2026-05-31T03:00:00+03:00,03:00
40W0000000002681,Birkapılı HES,unknown,2026-05-31 04:00:00+03:00,,9.1,chunk_0000.json,POST /v1/generation/data/dpp-bulk,2026-05-31 21:45:09.896267+00:00,268,Birkapılı HES,103600,2026-05-31T04:00:00+03:00,04:00
40W0000000002681,Birkapılı HES,unknown,2026-05-31 05:00:00+03:00,,9.5,chunk_0000.json,POST /v1/generation/data/dpp-bulk,2026-05-31 21:45:09.896267+00:00,268,Birkapılı HES,103600,2026-05-31T05:00:00+03:00,05:00
40W0000000002681,Birkapılı HES,unknown,2026-05-31 06:00:00+03:00,,0.0,chunk_0000.json,POST /v1/generation/data/dpp-bulk,2026-05-31 21:45:09.896267+00:00,268,Birkapılı HES,103600,2026-05-31T06:00:00+03:00,06:00
40W0000000002681,Birkapılı HES,unknown,2026-05-31 07:00:00+03:00,,0.0,chunk_0000.json,POST /v1/generation/data/dpp-bulk,2026-05-31 21:45:09.896267+00:00,268,Birkapılı HES,103600,2026-05-31T07:00:00+03:00,07:00
40W0000000002681,Birkapılı HES,unknown,2026-05-31 08:00:00+03:00,,0.0,chunk_0000.json,POST /v1/generation/data/dpp-bulk,2026-05-31 21:45:09.896267+00:00,268,Birkapılı HES,103600,2026-05-31T08:00:00+03:00,08:00
40W0000000002681,Birkapılı HES,unknown,2026-05-31 09:00:00+03:00,,0.0,chunk_0000.json,POST /v1/generation/data/dpp-bulk,2026-05-31 21:45:09.896267+00:00,268,Birkapılı HES,103600,2026-05-31T09:00:00+03:00,09:00
40W0000000002681,Birkapılı HES,unknown,2026-05-31 10:00:00+03:00,,0.0,chunk_0000.json,POST /v1/generation/data/dpp-bulk,2026-05-31 21:45:09.896267+00:00,268,Birkapılı HES,103600,2026-05-31T10:00:00+03:00,10:00
40W0000000002681,Birkapılı HES,unknown,2026-05-31 11:00:00+03:00,,0.0,chunk_0000.json,POST /v1/generation/data/dpp-bulk,2026-05-31 21:45:09.896267+00:00,268,Birkapılı HES,103600,2026-05-31T11:00:00+03:00,11:00
40W0000000002681,Birkapılı HES,unknown,2026-05-31 12:00:00+03:00,,0.0,chunk_0000.json,POST /v1/generation/data/dpp-bulk,2026-05-31 21:45:09.896267+00:00,268,Birkapılı HES,103600,2026-05-31T12:00:00+03:00,12:00
40W0000000002681,Birkapılı HES,unknown,2026-05-31 13:00:00+03:00,,0.0,chunk_0000.json,POST /v1/generation/data/dpp-bulk,2026-05-31 21:45:09.896267+00:00,268,Birkapılı HES,103600,2026-05-31T13:00:00+03:00,13:00
40W0000000002681,Birkapılı HES,unknown,2026-05-31 14:00:00+03:00,,0.0,chunk_0000.json,POST /v1/generation/data/dpp-bulk,2026-05-31 21:45:09.896267+00:00,268,Birkapılı HES,103600,2026-05-31T14:00:00+03:00,14:00
40W0000000002681,Birkapılı HES,unknown,2026-05-31 15:00:00+03:00,,0.0,chunk_0000.json,POST /v1/generation/data/dpp-bulk,2026-05-31 21:45:09.896267+00:00,268,Birkapılı HES,103600,2026-05-31T15:00:00+03:00,15:00
40W0000000002681,Birkapılı HES,unknown,2026-05-31 16:00:00+03:00,,0.0,chunk_0000.json,POST /v1/generation/data/dpp-bulk,2026-05-31 21:45:09.896267+00:00,268,Birkapılı HES,103600,2026-05-31T16:00:00+03:00,16:00
40W0000000002681,Birkapılı HES,unknown,2026-05-31 17:00:00+03:00,,0.0,chunk_0000.json,POST /v1/generation/data/dpp-bulk,2026-05-31 21:45:09.896267+00:00,268,Birkapılı HES,103600,2026-05-31T17:00:00+03:00,17:00
40W0000000002681,Birkapılı HES,unknown,2026-05-31 18:00:00+03:00,,9.44,chunk_0000.json,POST /v1/generation/data/dpp-bulk,2026-05-31 21:45:09.896267+00:00,268,Birkapılı HES,103600,2026-05-31T18:00:00+03:00,18:00
40W0000000002681,Birkapılı HES,unknown,2026-05-31 19:00:00+03:00,,10.58,chunk_0000.json,POST /v1/generation/data/dpp-bulk,2026-05-31 21:45:09.896267+00:00,268,Birkapılı HES,103600,2026-05-31T19:00:00+03:00,19:00
40W0000000002681,Birkapılı HES,unknown,2026-05-31 20:00:00+03:00,,9.85,chunk_0000.json,POST /v1/generation/data/dpp-bulk,2026-05-31 21:45:09.896267+00:00,268,Birkapılı HES,103600,2026-05-31T20:00:00+03:00,20:00
40W0000000002681,Birkapılı HES,unknown,2026-05-31 21:00:00+03:00,,8.1,chunk_0000.json,POST /v1/generation/data/dpp-bulk,2026-05-31 21:45:09.896267+00:00,268,Birkapılı HES,103600,2026-05-31T21:00:00+03:00,21:00
40W0000000002681,Birkapılı HES,unknown,2026-05-31 22:00:00+03:00,,8.0,chunk_0000.json,POST /v1/generation/data/dpp-bulk,2026-05-31 21:45:09.896267+00:00,268,Birkapılı HES,103600,2026-05-31T22:00:00+03:00,22:00
40W0000000002681,Birkapılı HES,unknown,2026-05-31 23:00:00+03:00,,8.0,chunk_0000.json,POST /v1/generation/data/dpp-bulk,2026-05-31 21:45:09.896267+00:00,268,Birkapılı HES,103600,2026-05-31T23:00:00+03:00,23:00
40W0000000007306,AKSA SANTRALİ,unknown,2026-05-31 00:00:00+03:00,,23.16,chunk_0000.json,POST /v1/generation/data/dpp-bulk,2026-05-31 21:45:09.896267+00:00,730,AKSA SANTRALİ,104360,2026-05-31T00:00:00+03:00,00:00
40W0000000007306,AKSA SANTRALİ,unknown,2026-05-31 01:00:00+03:00,,23.11,chunk_0000.json,POST /v1/generation/data/dpp-bulk,2026-05-31 21:45:09.896267+00:00,730,AKSA SANTRALİ,104360,2026-05-31T01:00:00+03:00,01:00
40W0000000007306,AKSA SANTRALİ,unknown,2026-05-31 02:00:00+03:00,,23.1,chunk_0000.json,POST /v1/generation/data/dpp-bulk,2026-05-31 21:45:09.896267+00:00,730,AKSA SANTRALİ,104360,2026-05-31T02:00:00+03:00,02:00
40W0000000007306,AKSA SANTRALİ,unknown,2026-05-31 03:00:00+03:00,,23.12,chunk_0000.json,POST /v1/generation/data/dpp-bulk,2026-05-31 21:45:09.896267+00:00,730,AKSA SANTRALİ,104360,2026-05-31T03:00:00+03:00,03:00
40W0000000007306,AKSA SANTRALİ,unknown,2026-05-31 04:00:00+03:00,,23.13,chunk_0000.json,POST /v1/generation/data/dpp-bulk,2026-05-31 21:45:09.896267+00:00,730,AKSA SANTRALİ,104360,2026-05-31T04:00:00+03:00,04:00
40W0000000007306,AKSA SANTRALİ,unknown,2026-05-31 05:00:00+03:00,,23.15,chunk_0000.json,POST /v1/generation/data/dpp-bulk,2026-05-31 21:45:09.896267+00:00,730,AKSA SANTRALİ,104360,2026-05-31T05:00:00+03:00,05:00
40W0000000007306,AKSA SANTRALİ,unknown,2026-05-31 06:00:00+03:00,,23.12,chunk_0000.json,POST /v1/generation/data/dpp-bulk,2026-05-31 21:45:09.896267+00:00,730,AKSA SANTRALİ,104360,2026-05-31T06:00:00+03:00,06:00
40W0000000007306,AKSA SANTRALİ,unknown,2026-05-31 07:00:00+03:00,,23.17,chunk_0000.json,POST /v1/generation/data/dpp-bulk,2026-05-31 21:45:09.896267+00:00,730,AKSA SANTRALİ,104360,2026-05-31T07:00:00+03:00,07:00
40W0000000007306,AKSA SANTRALİ,unknown,2026-05-31 08:00:00+03:00,,23.18,chunk_0000.json,POST /v1/generation/data/dpp-bulk,2026-05-31 21:45:09.896267+00:00,730,AKSA SANTRALİ,104360,2026-05-31T08:00:00+03:00,08:00
40W0000000007306,AKSA SANTRALİ,unknown,2026-05-31 09:00:00+03:00,,23.15,chunk_0000.json,POST /v1/generation/data/dpp-bulk,2026-05-31 21:45:09.896267+00:00,730,AKSA SANTRALİ,104360,2026-05-31T09:00:00+03:00,09:00
40W0000000007306,AKSA SANTRALİ,unknown,2026-05-31 10:00:00+03:00,,23.16,chunk_0000.json,POST /v1/generation/data/dpp-bulk,2026-05-31 21:45:09.896267+00:00,730,AKSA SANTRALİ,104360,2026-05-31T10:00:00+03:00,10:00
40W0000000007306,AKSA SANTRALİ,unknown,2026-05-31 11:00:00+03:00,,23.18,chunk_0000.json,POST /v1/generation/data/dpp-bulk,2026-05-31 21:45:09.896267+00:00,730,AKSA SANTRALİ,104360,2026-05-31T11:00:00+03:00,11:00
40W0000000007306,AKSA SANTRALİ,unknown,2026-05-31 12:00:00+03:00,,23.17,chunk_0000.json,POST /v1/generation/data/dpp-bulk,2026-05-31 21:45:09.896267+00:00,730,AKSA SANTRALİ,104360,2026-05-31T12:00:00+03:00,12:00
40W0000000007306,AKSA SANTRALİ,unknown,2026-05-31 13:00:00+03:00,,23.17,chunk_0000.json,POST /v1/generation/data/dpp-bulk,2026-05-31 21:45:09.896267+00:00,730,AKSA SANTRALİ,104360,2026-05-31T13:00:00+03:00,13:00
40W0000000007306,AKSA SANTRALİ,unknown,2026-05-31 14:00:00+03:00,,23.13,chunk_0000.json,POST /v1/generation/data/dpp-bulk,2026-05-31 21:45:09.896267+00:00,730,AKSA SANTRALİ,104360,2026-05-31T14:00:00+03:00,14:00
40W0000000007306,AKSA SANTRALİ,unknown,2026-05-31 15:00:00+03:00,,23.13,chunk_0000.json,POST /v1/generation/data/dpp-bulk,2026-05-31 21:45:09.896267+00:00,730,AKSA SANTRALİ,104360,2026-05-31T15:00:00+03:00,15:00
40W0000000007306,AKSA SANTRALİ,unknown,2026-05-31 16:00:00+03:00,,23.16,chunk_0000.json,POST /v1/generation/data/dpp-bulk,2026-05-31 21:45:09.896267+00:00,730,AKSA SANTRALİ,104360,2026-05-31T16:00:00+03:00,16:00
40W0000000007306,AKSA SANTRALİ,unknown,2026-05-31 17:00:00+03:00,,23.13,chunk_0000.json,POST /v1/generation/data/dpp-bulk,2026-05-31 21:45:09.896267+00:00,730,AKSA SANTRALİ,104360,2026-05-31T17:00:00+03:00,17:00
40W0000000007306,AKSA SANTRALİ,unknown,2026-05-31 18:00:00+03:00,,45.9,chunk_0000.json,POST /v1/generation/data/dpp-bulk,2026-05-31 21:45:09.896267+00:00,730,AKSA SANTRALİ,104360,2026-05-31T18:00:00+03:00,18:00
40W0000000007306,AKSA SANTRALİ,unknown,2026-05-31 19:00:00+03:00,,45.89,chunk_0000.json,POST /v1/generation/data/dpp-bulk,2026-05-31 21:45:09.896267+00:00,730,AKSA SANTRALİ,104360,2026-05-31T19:00:00+03:00,19:00
40W0000000007306,AKSA SANTRALİ,unknown,2026-05-31 20:00:00+03:00,,45.88,chunk_0000.json,POST /v1/generation/data/dpp-bulk,2026-05-31 21:45:09.896267+00:00,730,AKSA SANTRALİ,104360,2026-05-31T20:00:00+03:00,20:00
40W0000000007306,AKSA SANTRALİ,unknown,2026-05-31 21:00:00+03:00,,45.89,chunk_0000.json,POST /v1/generation/data/dpp-bulk,2026-05-31 21:45:09.896267+00:00,730,AKSA SANTRALİ,104360,2026-05-31T21:00:00+03:00,21:00
40W0000000007306,AKSA SANTRALİ,unknown,2026-05-31 22:00:00+03:00,,45.87,chunk_0000.json,POST /v1/generation/data/dpp-bulk,2026-05-31 21:45:09.896267+00:00,730,AKSA SANTRALİ,104360,2026-05-31T22:00:00+03:00,22:00
40W0000000007306,AKSA SANTRALİ,unknown,2026-05-31 23:00:00+03:00,,45.9,chunk_0000.json,POST /v1/generation/data/dpp-bulk,2026-05-31 21:45:09.896267+00:00,730,AKSA SANTRALİ,104360,2026-05-31T23:00:00+03:00,23:00
