entsoe_code,plant_name,fuel_type,delivery_hour,publication_timestamp,kgup_mwh,source_file,source_api,forecast_timestamp,uevcb_id,uevcb_name,org_id,date_raw,time_raw
40X000000000282U,ENERJİSA ENERJİ ÜRETİM A.Ş.,unknown,2026-05-31 00:00:00+03:00,,3.0,chunk_0077.json,POST /v1/generation/data/dpp-bulk,2026-05-31 21:42:44.578970+00:00,5004001,HARMANCIK RES,282,2026-05-31T00:00:00+03:00,00:00
40X000000000282U,ENERJİSA ENERJİ ÜRETİM A.Ş.,unknown,2026-05-31 01:00:00+03:00,,4.6,chunk_0077.json,POST /v1/generation/data/dpp-bulk,2026-05-31 21:42:44.578970+00:00,5004001,HARMANCIK RES,282,2026-05-31T01:00:00+03:00,01:00
40X000000000282U,ENERJİSA ENERJİ ÜRETİM A.Ş.,unknown,2026-05-31 02:00:00+03:00,,4.2,chunk_0077.json,POST /v1/generation/data/dpp-bulk,2026-05-31 21:42:44.578970+00:00,5004001,HARMANCIK RES,282,2026-05-31T02:00:00+03:00,02:00
40X000000000282U,ENERJİSA ENERJİ ÜRETİM A.Ş.,unknown,2026-05-31 03:00:00+03:00,,4.4,chunk_0077.json,POST /v1/generation/data/dpp-bulk,2026-05-31 21:42:44.578970+00:00,5004001,HARMANCIK RES,282,2026-05-31T03:00:00+03:00,03:00
40X000000000282U,ENERJİSA ENERJİ ÜRETİM A.Ş.,unknown,2026-05-31 04:00:00+03:00,,5.0,chunk_0077.json,POST /v1/generation/data/dpp-bulk,2026-05-31 21:42:44.578970+00:00,5004001,HARMANCIK RES,282,2026-05-31T04:00:00+03:00,04:00
40X000000000282U,ENERJİSA ENERJİ ÜRETİM A.Ş.,unknown,2026-05-31 05:00:00+03:00,,6.1,chunk_0077.json,POST /v1/generation/data/dpp-bulk,2026-05-31 21:42:44.578970+00:00,5004001,HARMANCIK RES,282,2026-05-31T05:00:00+03:00,05:00
40X000000000282U,ENERJİSA ENERJİ ÜRETİM A.Ş.,unknown,2026-05-31 06:00:00+03:00,,7.1,chunk_0077.json,POST /v1/generation/data/dpp-bulk,2026-05-31 21:42:44.578970+00:00,5004001,HARMANCIK RES,282,2026-05-31T06:00:00+03:00,06:00
40X000000000282U,ENERJİSA ENERJİ ÜRETİM A.Ş.,unknown,2026-05-31 07:00:00+03:00,,2.0,chunk_0077.json,POST /v1/generation/data/dpp-bulk,2026-05-31 21:42:44.578970+00:00,5004001,HARMANCIK RES,282,2026-05-31T07:00:00+03:00,07:00
40X000000000282U,ENERJİSA ENERJİ ÜRETİM A.Ş.,unknown,2026-05-31 08:00:00+03:00,,0.1,chunk_0077.json,POST /v1/generation/data/dpp-bulk,2026-05-31 21:42:44.578970+00:00,5004001,HARMANCIK RES,282,2026-05-31T08:00:00+03:00,08:00
40X000000000282U,ENERJİSA ENERJİ ÜRETİM A.Ş.,unknown,2026-05-31 09:00:00+03:00,,0.1,chunk_0077.json,POST /v1/generation/data/dpp-bulk,2026-05-31 21:42:44.578970+00:00,5004001,HARMANCIK RES,282,2026-05-31T09:00:00+03:00,09:00
40X000000000282U,ENERJİSA ENERJİ ÜRETİM A.Ş.,unknown,2026-05-31 10:00:00+03:00,,0.1,chunk_0077.json,POST /v1/generation/data/dpp-bulk,2026-05-31 21:42:44.578970+00:00,5004001,HARMANCIK RES,282,2026-05-31T10:00:00+03:00,10:00
40X000000000282U,ENERJİSA ENERJİ ÜRETİM A.Ş.,unknown,2026-05-31 11:00:00+03:00,,3.0,chunk_0077.json,POST /v1/generation/data/dpp-bulk,2026-05-31 21:42:44.578970+00:00,5004001,HARMANCIK RES,282,2026-05-31T11:00:00+03:00,11:00
40X000000000282U,ENERJİSA ENERJİ ÜRETİM A.Ş.,unknown,2026-05-31 12:00:00+03:00,,5.0,chunk_0077.json,POST /v1/generation/data/dpp-bulk,2026-05-31 21:42:44.578970+00:00,5004001,HARMANCIK RES,282,2026-05-31T12:00:00+03:00,12:00
40X000000000282U,ENERJİSA ENERJİ ÜRETİM A.Ş.,unknown,2026-05-31 13:00:00+03:00,,5.0,chunk_0077.json,POST /v1/generation/data/dpp-bulk,2026-05-31 21:42:44.578970+00:00,5004001,HARMANCIK RES,282,2026-05-31T13:00:00+03:00,13:00
40X000000000282U,ENERJİSA ENERJİ ÜRETİM A.Ş.,unknown,2026-05-31 14:00:00+03:00,,8.0,chunk_0077.json,POST /v1/generation/data/dpp-bulk,2026-05-31 21:42:44.578970+00:00,5004001,HARMANCIK RES,282,2026-05-31T14:00:00+03:00,14:00
40X000000000282U,ENERJİSA ENERJİ ÜRETİM A.Ş.,unknown,2026-05-31 15:00:00+03:00,,13.0,chunk_0077.json,POST /v1/generation/data/dpp-bulk,2026-05-31 21:42:44.578970+00:00,5004001,HARMANCIK RES,282,2026-05-31T15:00:00+03:00,15:00
40X000000000282U,ENERJİSA ENERJİ ÜRETİM A.Ş.,unknown,2026-05-31 16:00:00+03:00,,17.5,chunk_0077.json,POST /v1/generation/data/dpp-bulk,2026-05-31 21:42:44.578970+00:00,5004001,HARMANCIK RES,282,2026-05-31T16:00:00+03:00,16:00
40X000000000282U,ENERJİSA ENERJİ ÜRETİM A.Ş.,unknown,2026-05-31 17:00:00+03:00,,16.0,chunk_0077.json,POST /v1/generation/data/dpp-bulk,2026-05-31 21:42:44.578970+00:00,5004001,HARMANCIK RES,282,2026-05-31T17:00:00+03:00,17:00
40X000000000282U,ENERJİSA ENERJİ ÜRETİM A.Ş.,unknown,2026-05-31 18:00:00+03:00,,13.0,chunk_0077.json,POST /v1/generation/data/dpp-bulk,2026-05-31 21:42:44.578970+00:00,5004001,HARMANCIK RES,282,2026-05-31T18:00:00+03:00,18:00
40X000000000282U,ENERJİSA ENERJİ ÜRETİM A.Ş.,unknown,2026-05-31 19:00:00+03:00,,10.6,chunk_0077.json,POST /v1/generation/data/dpp-bulk,2026-05-31 21:42:44.578970+00:00,5004001,HARMANCIK RES,282,2026-05-31T19:00:00+03:00,19:00
40X000000000282U,ENERJİSA ENERJİ ÜRETİM A.Ş.,unknown,2026-05-31 20:00:00+03:00,,11.0,chunk_0077.json,POST /v1/generation/data/dpp-bulk,2026-05-31 21:42:44.578970+00:00,5004001,HARMANCIK RES,282,2026-05-31T20:00:00+03:00,20:00
40X000000000282U,ENERJİSA ENERJİ ÜRETİM A.Ş.,unknown,2026-05-31 21:00:00+03:00,,13.0,chunk_0077.json,POST /v1/generation/data/dpp-bulk,2026-05-31 21:42:44.578970+00:00,5004001,HARMANCIK RES,282,2026-05-31T21:00:00+03:00,21:00
40X000000000282U,ENERJİSA ENERJİ ÜRETİM A.Ş.,unknown,2026-05-31 22:00:00+03:00,,14.3,chunk_0077.json,POST /v1/generation/data/dpp-bulk,2026-05-31 21:42:44.578970+00:00,5004001,HARMANCIK RES,282,2026-05-31T22:00:00+03:00,22:00
40X000000000282U,ENERJİSA ENERJİ ÜRETİM A.Ş.,unknown,2026-05-31 23:00:00+03:00,,1.0,chunk_0077.json,POST /v1/generation/data/dpp-bulk,2026-05-31 21:42:44.578970+00:00,5004001,HARMANCIK RES,282,2026-05-31T23:00:00+03:00,23:00
40X000000004711D,EKSİM ENERJİ A.Ş.,unknown,2026-05-31 00:00:00+03:00,,0.0,chunk_0077.json,POST /v1/generation/data/dpp-bulk,2026-05-31 21:42:44.578970+00:00,5005101,G4-VİRANŞEHİR-2 GES,4711,2026-05-31T00:00:00+03:00,00:00
40X000000004711D,EKSİM ENERJİ A.Ş.,unknown,2026-05-31 01:00:00+03:00,,0.0,chunk_0077.json,POST /v1/generation/data/dpp-bulk,2026-05-31 21:42:44.578970+00:00,5005101,G4-VİRANŞEHİR-2 GES,4711,2026-05-31T01:00:00+03:00,01:00
40X000000004711D,EKSİM ENERJİ A.Ş.,unknown,2026-05-31 02:00:00+03:00,,0.0,chunk_0077.json,POST /v1/generation/data/dpp-bulk,2026-05-31 21:42:44.578970+00:00,5005101,G4-VİRANŞEHİR-2 GES,4711,2026-05-31T02:00:00+03:00,02:00
40X000000004711D,EKSİM ENERJİ A.Ş.,unknown,2026-05-31 03:00:00+03:00,,0.0,chunk_0077.json,POST /v1/generation/data/dpp-bulk,2026-05-31 21:42:44.578970+00:00,5005101,G4-VİRANŞEHİR-2 GES,4711,2026-05-31T03:00:00+03:00,03:00
40X000000004711D,EKSİM ENERJİ A.Ş.,unknown,2026-05-31 04:00:00+03:00,,0.0,chunk_0077.json,POST /v1/generation/data/dpp-bulk,2026-05-31 21:42:44.578970+00:00,5005101,G4-VİRANŞEHİR-2 GES,4711,2026-05-31T04:00:00+03:00,04:00
40X000000004711D,EKSİM ENERJİ A.Ş.,unknown,2026-05-31 05:00:00+03:00,,2.32,chunk_0077.json,POST /v1/generation/data/dpp-bulk,2026-05-31 21:42:44.578970+00:00,5005101,G4-VİRANŞEHİR-2 GES,4711,2026-05-31T05:00:00+03:00,05:00
40X000000004711D,EKSİM ENERJİ A.Ş.,unknown,2026-05-31 06:00:00+03:00,,0.0,chunk_0077.json,POST /v1/generation/data/dpp-bulk,2026-05-31 21:42:44.578970+00:00,5005101,G4-VİRANŞEHİR-2 GES,4711,2026-05-31T06:00:00+03:00,06:00
40X000000004711D,EKSİM ENERJİ A.Ş.,unknown,2026-05-31 07:00:00+03:00,,0.0,chunk_0077.json,POST /v1/generation/data/dpp-bulk,2026-05-31 21:42:44.578970+00:00,5005101,G4-VİRANŞEHİR-2 GES,4711,2026-05-31T07:00:00+03:00,07:00
40X000000004711D,EKSİM ENERJİ A.Ş.,unknown,2026-05-31 08:00:00+03:00,,0.0,chunk_0077.json,POST /v1/generation/data/dpp-bulk,2026-05-31 21:42:44.578970+00:00,5005101,G4-VİRANŞEHİR-2 GES,4711,2026-05-31T08:00:00+03:00,08:00
40X000000004711D,EKSİM ENERJİ A.Ş.,unknown,2026-05-31 09:00:00+03:00,,0.0,chunk_0077.json,POST /v1/generation/data/dpp-bulk,2026-05-31 21:42:44.578970+00:00,5005101,G4-VİRANŞEHİR-2 GES,4711,2026-05-31T09:00:00+03:00,09:00
40X000000004711D,EKSİM ENERJİ A.Ş.,unknown,2026-05-31 10:00:00+03:00,,0.0,chunk_0077.json,POST /v1/generation/data/dpp-bulk,2026-05-31 21:42:44.578970+00:00,5005101,G4-VİRANŞEHİR-2 GES,4711,2026-05-31T10:00:00+03:00,10:00
40X000000004711D,EKSİM ENERJİ A.Ş.,unknown,2026-05-31 11:00:00+03:00,,0.0,chunk_0077.json,POST /v1/generation/data/dpp-bulk,2026-05-31 21:42:44.578970+00:00,5005101,G4-VİRANŞEHİR-2 GES,4711,2026-05-31T11:00:00+03:00,11:00
40X000000004711D,EKSİM ENERJİ A.Ş.,unknown,2026-05-31 12:00:00+03:00,,0.0,chunk_0077.json,POST /v1/generation/data/dpp-bulk,2026-05-31 21:42:44.578970+00:00,5005101,G4-VİRANŞEHİR-2 GES,4711,2026-05-31T12:00:00+03:00,12:00
40X000000004711D,EKSİM ENERJİ A.Ş.,unknown,2026-05-31 13:00:00+03:00,,0.0,chunk_0077.json,POST /v1/generation/data/dpp-bulk,2026-05-31 21:42:44.578970+00:00,5005101,G4-VİRANŞEHİR-2 GES,4711,2026-05-31T13:00:00+03:00,13:00
40X000000004711D,EKSİM ENERJİ A.Ş.,unknown,2026-05-31 14:00:00+03:00,,0.0,chunk_0077.json,POST /v1/generation/data/dpp-bulk,2026-05-31 21:42:44.578970+00:00,5005101,G4-VİRANŞEHİR-2 GES,4711,2026-05-31T14:00:00+03:00,14:00
40X000000004711D,EKSİM ENERJİ A.Ş.,unknown,2026-05-31 15:00:00+03:00,,0.0,chunk_0077.json,POST /v1/generation/data/dpp-bulk,2026-05-31 21:42:44.578970+00:00,5005101,G4-VİRANŞEHİR-2 GES,4711,2026-05-31T15:00:00+03:00,15:00
40X000000004711D,EKSİM ENERJİ A.Ş.,unknown,2026-05-31 16:00:00+03:00,,0.0,chunk_0077.json,POST /v1/generation/data/dpp-bulk,2026-05-31 21:42:44.578970+00:00,5005101,G4-VİRANŞEHİR-2 GES,4711,2026-05-31T16:00:00+03:00,16:00
40X000000004711D,EKSİM ENERJİ A.Ş.,unknown,2026-05-31 17:00:00+03:00,,0.0,chunk_0077.json,POST /v1/generation/data/dpp-bulk,2026-05-31 21:42:44.578970+00:00,5005101,G4-VİRANŞEHİR-2 GES,4711,2026-05-31T17:00:00+03:00,17:00
40X000000004711D,EKSİM ENERJİ A.Ş.,unknown,2026-05-31 18:00:00+03:00,,7.77,chunk_0077.json,POST /v1/generation/data/dpp-bulk,2026-05-31 21:42:44.578970+00:00,5005101,G4-VİRANŞEHİR-2 GES,4711,2026-05-31T18:00:00+03:00,18:00
40X000000004711D,EKSİM ENERJİ A.Ş.,unknown,2026-05-31 19:00:00+03:00,,0.0,chunk_0077.json,POST /v1/generation/data/dpp-bulk,2026-05-31 21:42:44.578970+00:00,5005101,G4-VİRANŞEHİR-2 GES,4711,2026-05-31T19:00:00+03:00,19:00
40X000000004711D,EKSİM ENERJİ A.Ş.,unknown,2026-05-31 20:00:00+03:00,,0.0,chunk_0077.json,POST /v1/generation/data/dpp-bulk,2026-05-31 21:42:44.578970+00:00,5005101,G4-VİRANŞEHİR-2 GES,4711,2026-05-31T20:00:00+03:00,20:00
40X000000004711D,EKSİM ENERJİ A.Ş.,unknown,2026-05-31 21:00:00+03:00,,0.0,chunk_0077.json,POST /v1/generation/data/dpp-bulk,2026-05-31 21:42:44.578970+00:00,5005101,G4-VİRANŞEHİR-2 GES,4711,2026-05-31T21:00:00+03:00,21:00
40X000000004711D,EKSİM ENERJİ A.Ş.,unknown,2026-05-31 22:00:00+03:00,,0.0,chunk_0077.json,POST /v1/generation/data/dpp-bulk,2026-05-31 21:42:44.578970+00:00,5005101,G4-VİRANŞEHİR-2 GES,4711,2026-05-31T22:00:00+03:00,22:00
40X000000004711D,EKSİM ENERJİ A.Ş.,unknown,2026-05-31 23:00:00+03:00,,0.0,chunk_0077.json,POST /v1/generation/data/dpp-bulk,2026-05-31 21:42:44.578970+00:00,5005101,G4-VİRANŞEHİR-2 GES,4711,2026-05-31T23:00:00+03:00,23:00
40X000000004711D,EKSİM ENERJİ A.Ş.,unknown,2026-05-31 00:00:00+03:00,,0.0,chunk_0077.json,POST /v1/generation/data/dpp-bulk,2026-05-31 21:42:44.578970+00:00,5005141,G4-VİRANŞEHİR-6 GES,4711,2026-05-31T00:00:00+03:00,00:00
40X000000004711D,EKSİM ENERJİ A.Ş.,unknown,2026-05-31 01:00:00+03:00,,0.0,chunk_0077.json,POST /v1/generation/data/dpp-bulk,2026-05-31 21:42:44.578970+00:00,5005141,G4-VİRANŞEHİR-6 GES,4711,2026-05-31T01:00:00+03:00,01:00
40X000000004711D,EKSİM ENERJİ A.Ş.,unknown,2026-05-31 02:00:00+03:00,,0.0,chunk_0077.json,POST /v1/generation/data/dpp-bulk,2026-05-31 21:42:44.578970+00:00,5005141,G4-VİRANŞEHİR-6 GES,4711,2026-05-31T02:00:00+03:00,02:00
40X000000004711D,EKSİM ENERJİ A.Ş.,unknown,2026-05-31 03:00:00+03:00,,0.0,chunk_0077.json,POST /v1/generation/data/dpp-bulk,2026-05-31 21:42:44.578970+00:00,5005141,G4-VİRANŞEHİR-6 GES,4711,2026-05-31T03:00:00+03:00,03:00
40X000000004711D,EKSİM ENERJİ A.Ş.,unknown,2026-05-31 04:00:00+03:00,,0.0,chunk_0077.json,POST /v1/generation/data/dpp-bulk,2026-05-31 21:42:44.578970+00:00,5005141,G4-VİRANŞEHİR-6 GES,4711,2026-05-31T04:00:00+03:00,04:00
40X000000004711D,EKSİM ENERJİ A.Ş.,unknown,2026-05-31 05:00:00+03:00,,2.65,chunk_0077.json,POST /v1/generation/data/dpp-bulk,2026-05-31 21:42:44.578970+00:00,5005141,G4-VİRANŞEHİR-6 GES,4711,2026-05-31T05:00:00+03:00,05:00
40X000000004711D,EKSİM ENERJİ A.Ş.,unknown,2026-05-31 06:00:00+03:00,,0.0,chunk_0077.json,POST /v1/generation/data/dpp-bulk,2026-05-31 21:42:44.578970+00:00,5005141,G4-VİRANŞEHİR-6 GES,4711,2026-05-31T06:00:00+03:00,06:00
40X000000004711D,EKSİM ENERJİ A.Ş.,unknown,2026-05-31 07:00:00+03:00,,0.0,chunk_0077.json,POST /v1/generation/data/dpp-bulk,2026-05-31 21:42:44.578970+00:00,5005141,G4-VİRANŞEHİR-6 GES,4711,2026-05-31T07:00:00+03:00,07:00
40X000000004711D,EKSİM ENERJİ A.Ş.,unknown,2026-05-31 08:00:00+03:00,,0.0,chunk_0077.json,POST /v1/generation/data/dpp-bulk,2026-05-31 21:42:44.578970+00:00,5005141,G4-VİRANŞEHİR-6 GES,4711,2026-05-31T08:00:00+03:00,08:00
40X000000004711D,EKSİM ENERJİ A.Ş.,unknown,2026-05-31 09:00:00+03:00,,0.0,chunk_0077.json,POST /v1/generation/data/dpp-bulk,2026-05-31 21:42:44.578970+00:00,5005141,G4-VİRANŞEHİR-6 GES,4711,2026-05-31T09:00:00+03:00,09:00
40X000000004711D,EKSİM ENERJİ A.Ş.,unknown,2026-05-31 10:00:00+03:00,,0.0,chunk_0077.json,POST /v1/generation/data/dpp-bulk,2026-05-31 21:42:44.578970+00:00,5005141,G4-VİRANŞEHİR-6 GES,4711,2026-05-31T10:00:00+03:00,10:00
40X000000004711D,EKSİM ENERJİ A.Ş.,unknown,2026-05-31 11:00:00+03:00,,0.0,chunk_0077.json,POST /v1/generation/data/dpp-bulk,2026-05-31 21:42:44.578970+00:00,5005141,G4-VİRANŞEHİR-6 GES,4711,2026-05-31T11:00:00+03:00,11:00
40X000000004711D,EKSİM ENERJİ A.Ş.,unknown,2026-05-31 12:00:00+03:00,,0.0,chunk_0077.json,POST /v1/generation/data/dpp-bulk,2026-05-31 21:42:44.578970+00:00,5005141,G4-VİRANŞEHİR-6 GES,4711,2026-05-31T12:00:00+03:00,12:00
40X000000004711D,EKSİM ENERJİ A.Ş.,unknown,2026-05-31 13:00:00+03:00,,0.0,chunk_0077.json,POST /v1/generation/data/dpp-bulk,2026-05-31 21:42:44.578970+00:00,5005141,G4-VİRANŞEHİR-6 GES,4711,2026-05-31T13:00:00+03:00,13:00
40X000000004711D,EKSİM ENERJİ A.Ş.,unknown,2026-05-31 14:00:00+03:00,,0.0,chunk_0077.json,POST /v1/generation/data/dpp-bulk,2026-05-31 21:42:44.578970+00:00,5005141,G4-VİRANŞEHİR-6 GES,4711,2026-05-31T14:00:00+03:00,14:00
40X000000004711D,EKSİM ENERJİ A.Ş.,unknown,2026-05-31 15:00:00+03:00,,0.0,chunk_0077.json,POST /v1/generation/data/dpp-bulk,2026-05-31 21:42:44.578970+00:00,5005141,G4-VİRANŞEHİR-6 GES,4711,2026-05-31T15:00:00+03:00,15:00
40X000000004711D,EKSİM ENERJİ A.Ş.,unknown,2026-05-31 16:00:00+03:00,,0.0,chunk_0077.json,POST /v1/generation/data/dpp-bulk,2026-05-31 21:42:44.578970+00:00,5005141,G4-VİRANŞEHİR-6 GES,4711,2026-05-31T16:00:00+03:00,16:00
40X000000004711D,EKSİM ENERJİ A.Ş.,unknown,2026-05-31 17:00:00+03:00,,0.0,chunk_0077.json,POST /v1/generation/data/dpp-bulk,2026-05-31 21:42:44.578970+00:00,5005141,G4-VİRANŞEHİR-6 GES,4711,2026-05-31T17:00:00+03:00,17:00
40X000000004711D,EKSİM ENERJİ A.Ş.,unknown,2026-05-31 18:00:00+03:00,,8.14,chunk_0077.json,POST /v1/generation/data/dpp-bulk,2026-05-31 21:42:44.578970+00:00,5005141,G4-VİRANŞEHİR-6 GES,4711,2026-05-31T18:00:00+03:00,18:00
40X000000004711D,EKSİM ENERJİ A.Ş.,unknown,2026-05-31 19:00:00+03:00,,0.0,chunk_0077.json,POST /v1/generation/data/dpp-bulk,2026-05-31 21:42:44.578970+00:00,5005141,G4-VİRANŞEHİR-6 GES,4711,2026-05-31T19:00:00+03:00,19:00
40X000000004711D,EKSİM ENERJİ A.Ş.,unknown,2026-05-31 20:00:00+03:00,,0.0,chunk_0077.json,POST /v1/generation/data/dpp-bulk,2026-05-31 21:42:44.578970+00:00,5005141,G4-VİRANŞEHİR-6 GES,4711,2026-05-31T20:00:00+03:00,20:00
40X000000004711D,EKSİM ENERJİ A.Ş.,unknown,2026-05-31 21:00:00+03:00,,0.0,chunk_0077.json,POST /v1/generation/data/dpp-bulk,2026-05-31 21:42:44.578970+00:00,5005141,G4-VİRANŞEHİR-6 GES,4711,2026-05-31T21:00:00+03:00,21:00
40X000000004711D,EKSİM ENERJİ A.Ş.,unknown,2026-05-31 22:00:00+03:00,,0.0,chunk_0077.json,POST /v1/generation/data/dpp-bulk,2026-05-31 21:42:44.578970+00:00,5005141,G4-VİRANŞEHİR-6 GES,4711,2026-05-31T22:00:00+03:00,22:00
40X000000004711D,EKSİM ENERJİ A.Ş.,unknown,2026-05-31 23:00:00+03:00,,0.0,chunk_0077.json,POST /v1/generation/data/dpp-bulk,2026-05-31 21:42:44.578970+00:00,5005141,G4-VİRANŞEHİR-6 GES,4711,2026-05-31T23:00:00+03:00,23:00
40X000000004711D,EKSİM ENERJİ A.Ş.,unknown,2026-05-31 00:00:00+03:00,,0.0,chunk_0077.json,POST /v1/generation/data/dpp-bulk,2026-05-31 21:42:44.578970+00:00,5005142,G4-VİRANŞEHİR-10 GES,4711,2026-05-31T00:00:00+03:00,00:00
40X000000004711D,EKSİM ENERJİ A.Ş.,unknown,2026-05-31 01:00:00+03:00,,0.0,chunk_0077.json,POST /v1/generation/data/dpp-bulk,2026-05-31 21:42:44.578970+00:00,5005142,G4-VİRANŞEHİR-10 GES,4711,2026-05-31T01:00:00+03:00,01:00
40X000000004711D,EKSİM ENERJİ A.Ş.,unknown,2026-05-31 02:00:00+03:00,,0.0,chunk_0077.json,POST /v1/generation/data/dpp-bulk,2026-05-31 21:42:44.578970+00:00,5005142,G4-VİRANŞEHİR-10 GES,4711,2026-05-31T02:00:00+03:00,02:00
40X000000004711D,EKSİM ENERJİ A.Ş.,unknown,2026-05-31 03:00:00+03:00,,0.0,chunk_0077.json,POST /v1/generation/data/dpp-bulk,2026-05-31 21:42:44.578970+00:00,5005142,G4-VİRANŞEHİR-10 GES,4711,2026-05-31T03:00:00+03:00,03:00
40X000000004711D,EKSİM ENERJİ A.Ş.,unknown,2026-05-31 04:00:00+03:00,,0.0,chunk_0077.json,POST /v1/generation/data/dpp-bulk,2026-05-31 21:42:44.578970+00:00,5005142,G4-VİRANŞEHİR-10 GES,4711,2026-05-31T04:00:00+03:00,04:00
40X000000004711D,EKSİM ENERJİ A.Ş.,unknown,2026-05-31 05:00:00+03:00,,2.2,chunk_0077.json,POST /v1/generation/data/dpp-bulk,2026-05-31 21:42:44.578970+00:00,5005142,G4-VİRANŞEHİR-10 GES,4711,2026-05-31T05:00:00+03:00,05:00
40X000000004711D,EKSİM ENERJİ A.Ş.,unknown,2026-05-31 06:00:00+03:00,,0.0,chunk_0077.json,POST /v1/generation/data/dpp-bulk,2026-05-31 21:42:44.578970+00:00,5005142,G4-VİRANŞEHİR-10 GES,4711,2026-05-31T06:00:00+03:00,06:00
40X000000004711D,EKSİM ENERJİ A.Ş.,unknown,2026-05-31 07:00:00+03:00,,0.0,chunk_0077.json,POST /v1/generation/data/dpp-bulk,2026-05-31 21:42:44.578970+00:00,5005142,G4-VİRANŞEHİR-10 GES,4711,2026-05-31T07:00:00+03:00,07:00
40X000000004711D,EKSİM ENERJİ A.Ş.,unknown,2026-05-31 08:00:00+03:00,,0.0,chunk_0077.json,POST /v1/generation/data/dpp-bulk,2026-05-31 21:42:44.578970+00:00,5005142,G4-VİRANŞEHİR-10 GES,4711,2026-05-31T08:00:00+03:00,08:00
40X000000004711D,EKSİM ENERJİ A.Ş.,unknown,2026-05-31 09:00:00+03:00,,0.0,chunk_0077.json,POST /v1/generation/data/dpp-bulk,2026-05-31 21:42:44.578970+00:00,5005142,G4-VİRANŞEHİR-10 GES,4711,2026-05-31T09:00:00+03:00,09:00
40X000000004711D,EKSİM ENERJİ A.Ş.,unknown,2026-05-31 10:00:00+03:00,,0.0,chunk_0077.json,POST /v1/generation/data/dpp-bulk,2026-05-31 21:42:44.578970+00:00,5005142,G4-VİRANŞEHİR-10 GES,4711,2026-05-31T10:00:00+03:00,10:00
40X000000004711D,EKSİM ENERJİ A.Ş.,unknown,2026-05-31 11:00:00+03:00,,0.0,chunk_0077.json,POST /v1/generation/data/dpp-bulk,2026-05-31 21:42:44.578970+00:00,5005142,G4-VİRANŞEHİR-10 GES,4711,2026-05-31T11:00:00+03:00,11:00
40X000000004711D,EKSİM ENERJİ A.Ş.,unknown,2026-05-31 12:00:00+03:00,,0.0,chunk_0077.json,POST /v1/generation/data/dpp-bulk,2026-05-31 21:42:44.578970+00:00,5005142,G4-VİRANŞEHİR-10 GES,4711,2026-05-31T12:00:00+03:00,12:00
40X000000004711D,EKSİM ENERJİ A.Ş.,unknown,2026-05-31 13:00:00+03:00,,0.0,chunk_0077.json,POST /v1/generation/data/dpp-bulk,2026-05-31 21:42:44.578970+00:00,5005142,G4-VİRANŞEHİR-10 GES,4711,2026-05-31T13:00:00+03:00,13:00
40X000000004711D,EKSİM ENERJİ A.Ş.,unknown,2026-05-31 14:00:00+03:00,,0.0,chunk_0077.json,POST /v1/generation/data/dpp-bulk,2026-05-31 21:42:44.578970+00:00,5005142,G4-VİRANŞEHİR-10 GES,4711,2026-05-31T14:00:00+03:00,14:00
40X000000004711D,EKSİM ENERJİ A.Ş.,unknown,2026-05-31 15:00:00+03:00,,0.0,chunk_0077.json,POST /v1/generation/data/dpp-bulk,2026-05-31 21:42:44.578970+00:00,5005142,G4-VİRANŞEHİR-10 GES,4711,2026-05-31T15:00:00+03:00,15:00
40X000000004711D,EKSİM ENERJİ A.Ş.,unknown,2026-05-31 16:00:00+03:00,,0.0,chunk_0077.json,POST /v1/generation/data/dpp-bulk,2026-05-31 21:42:44.578970+00:00,5005142,G4-VİRANŞEHİR-10 GES,4711,2026-05-31T16:00:00+03:00,16:00
40X000000004711D,EKSİM ENERJİ A.Ş.,unknown,2026-05-31 17:00:00+03:00,,0.0,chunk_0077.json,POST /v1/generation/data/dpp-bulk,2026-05-31 21:42:44.578970+00:00,5005142,G4-VİRANŞEHİR-10 GES,4711,2026-05-31T17:00:00+03:00,17:00
40X000000004711D,EKSİM ENERJİ A.Ş.,unknown,2026-05-31 18:00:00+03:00,,7.71,chunk_0077.json,POST /v1/generation/data/dpp-bulk,2026-05-31 21:42:44.578970+00:00,5005142,G4-VİRANŞEHİR-10 GES,4711,2026-05-31T18:00:00+03:00,18:00
40X000000004711D,EKSİM ENERJİ A.Ş.,unknown,2026-05-31 19:00:00+03:00,,0.0,chunk_0077.json,POST /v1/generation/data/dpp-bulk,2026-05-31 21:42:44.578970+00:00,5005142,G4-VİRANŞEHİR-10 GES,4711,2026-05-31T19:00:00+03:00,19:00
40X000000004711D,EKSİM ENERJİ A.Ş.,unknown,2026-05-31 20:00:00+03:00,,0.0,chunk_0077.json,POST /v1/generation/data/dpp-bulk,2026-05-31 21:42:44.578970+00:00,5005142,G4-VİRANŞEHİR-10 GES,4711,2026-05-31T20:00:00+03:00,20:00
40X000000004711D,EKSİM ENERJİ A.Ş.,unknown,2026-05-31 21:00:00+03:00,,0.0,chunk_0077.json,POST /v1/generation/data/dpp-bulk,2026-05-31 21:42:44.578970+00:00,5005142,G4-VİRANŞEHİR-10 GES,4711,2026-05-31T21:00:00+03:00,21:00
40X000000004711D,EKSİM ENERJİ A.Ş.,unknown,2026-05-31 22:00:00+03:00,,0.0,chunk_0077.json,POST /v1/generation/data/dpp-bulk,2026-05-31 21:42:44.578970+00:00,5005142,G4-VİRANŞEHİR-10 GES,4711,2026-05-31T22:00:00+03:00,22:00
40X000000004711D,EKSİM ENERJİ A.Ş.,unknown,2026-05-31 23:00:00+03:00,,0.0,chunk_0077.json,POST /v1/generation/data/dpp-bulk,2026-05-31 21:42:44.578970+00:00,5005142,G4-VİRANŞEHİR-10 GES,4711,2026-05-31T23:00:00+03:00,23:00
40X0000000109428,K3 ARAS ELEKTRIK PERAKENDE SATIŞ A.Ş.,unknown,2026-05-31 00:00:00+03:00,,0.0,chunk_0077.json,POST /v1/generation/data/dpp-bulk,2026-05-31 21:42:44.578970+00:00,5004221,TİCARETHANE-ALÇAK GERİLİM-10Y - SAATLİK-TEK TERİMLİ-5.1.C,10942,2026-05-31T00:00:00+03:00,00:00
40X0000000109428,K3 ARAS ELEKTRIK PERAKENDE SATIŞ A.Ş.,unknown,2026-05-31 01:00:00+03:00,,0.0,chunk_0077.json,POST /v1/generation/data/dpp-bulk,2026-05-31 21:42:44.578970+00:00,5004221,TİCARETHANE-ALÇAK GERİLİM-10Y - SAATLİK-TEK TERİMLİ-5.1.C,10942,2026-05-31T01:00:00+03:00,01:00
40X0000000109428,K3 ARAS ELEKTRIK PERAKENDE SATIŞ A.Ş.,unknown,2026-05-31 02:00:00+03:00,,0.0,chunk_0077.json,POST /v1/generation/data/dpp-bulk,2026-05-31 21:42:44.578970+00:00,5004221,TİCARETHANE-ALÇAK GERİLİM-10Y - SAATLİK-TEK TERİMLİ-5.1.C,10942,2026-05-31T02:00:00+03:00,02:00
40X0000000109428,K3 ARAS ELEKTRIK PERAKENDE SATIŞ A.Ş.,unknown,2026-05-31 03:00:00+03:00,,0.0,chunk_0077.json,POST /v1/generation/data/dpp-bulk,2026-05-31 21:42:44.578970+00:00,5004221,TİCARETHANE-ALÇAK GERİLİM-10Y - SAATLİK-TEK TERİMLİ-5.1.C,10942,2026-05-31T03:00:00+03:00,03:00
40X0000000109428,K3 ARAS ELEKTRIK PERAKENDE SATIŞ A.Ş.,unknown,2026-05-31 04:00:00+03:00,,0.0,chunk_0077.json,POST /v1/generation/data/dpp-bulk,2026-05-31 21:42:44.578970+00:00,5004221,TİCARETHANE-ALÇAK GERİLİM-10Y - SAATLİK-TEK TERİMLİ-5.1.C,10942,2026-05-31T04:00:00+03:00,04:00
40X0000000109428,K3 ARAS ELEKTRIK PERAKENDE SATIŞ A.Ş.,unknown,2026-05-31 05:00:00+03:00,,0.0,chunk_0077.json,POST /v1/generation/data/dpp-bulk,2026-05-31 21:42:44.578970+00:00,5004221,TİCARETHANE-ALÇAK GERİLİM-10Y - SAATLİK-TEK TERİMLİ-5.1.C,10942,2026-05-31T05:00:00+03:00,05:00
40X0000000109428,K3 ARAS ELEKTRIK PERAKENDE SATIŞ A.Ş.,unknown,2026-05-31 06:00:00+03:00,,0.0,chunk_0077.json,POST /v1/generation/data/dpp-bulk,2026-05-31 21:42:44.578970+00:00,5004221,TİCARETHANE-ALÇAK GERİLİM-10Y - SAATLİK-TEK TERİMLİ-5.1.C,10942,2026-05-31T06:00:00+03:00,06:00
40X0000000109428,K3 ARAS ELEKTRIK PERAKENDE SATIŞ A.Ş.,unknown,2026-05-31 07:00:00+03:00,,0.0,chunk_0077.json,POST /v1/generation/data/dpp-bulk,2026-05-31 21:42:44.578970+00:00,5004221,TİCARETHANE-ALÇAK GERİLİM-10Y - SAATLİK-TEK TERİMLİ-5.1.C,10942,2026-05-31T07:00:00+03:00,07:00
40X0000000109428,K3 ARAS ELEKTRIK PERAKENDE SATIŞ A.Ş.,unknown,2026-05-31 08:00:00+03:00,,0.01,chunk_0077.json,POST /v1/generation/data/dpp-bulk,2026-05-31 21:42:44.578970+00:00,5004221,TİCARETHANE-ALÇAK GERİLİM-10Y - SAATLİK-TEK TERİMLİ-5.1.C,10942,2026-05-31T08:00:00+03:00,08:00
40X0000000109428,K3 ARAS ELEKTRIK PERAKENDE SATIŞ A.Ş.,unknown,2026-05-31 09:00:00+03:00,,0.01,chunk_0077.json,POST /v1/generation/data/dpp-bulk,2026-05-31 21:42:44.578970+00:00,5004221,TİCARETHANE-ALÇAK GERİLİM-10Y - SAATLİK-TEK TERİMLİ-5.1.C,10942,2026-05-31T09:00:00+03:00,09:00
40X0000000109428,K3 ARAS ELEKTRIK PERAKENDE SATIŞ A.Ş.,unknown,2026-05-31 10:00:00+03:00,,0.01,chunk_0077.json,POST /v1/generation/data/dpp-bulk,2026-05-31 21:42:44.578970+00:00,5004221,TİCARETHANE-ALÇAK GERİLİM-10Y - SAATLİK-TEK TERİMLİ-5.1.C,10942,2026-05-31T10:00:00+03:00,10:00
40X0000000109428,K3 ARAS ELEKTRIK PERAKENDE SATIŞ A.Ş.,unknown,2026-05-31 11:00:00+03:00,,0.01,chunk_0077.json,POST /v1/generation/data/dpp-bulk,2026-05-31 21:42:44.578970+00:00,5004221,TİCARETHANE-ALÇAK GERİLİM-10Y - SAATLİK-TEK TERİMLİ-5.1.C,10942,2026-05-31T11:00:00+03:00,11:00
40X0000000109428,K3 ARAS ELEKTRIK PERAKENDE SATIŞ A.Ş.,unknown,2026-05-31 12:00:00+03:00,,0.01,chunk_0077.json,POST /v1/generation/data/dpp-bulk,2026-05-31 21:42:44.578970+00:00,5004221,TİCARETHANE-ALÇAK GERİLİM-10Y - SAATLİK-TEK TERİMLİ-5.1.C,10942,2026-05-31T12:00:00+03:00,12:00
40X0000000109428,K3 ARAS ELEKTRIK PERAKENDE SATIŞ A.Ş.,unknown,2026-05-31 13:00:00+03:00,,0.01,chunk_0077.json,POST /v1/generation/data/dpp-bulk,2026-05-31 21:42:44.578970+00:00,5004221,TİCARETHANE-ALÇAK GERİLİM-10Y - SAATLİK-TEK TERİMLİ-5.1.C,10942,2026-05-31T13:00:00+03:00,13:00
40X0000000109428,K3 ARAS ELEKTRIK PERAKENDE SATIŞ A.Ş.,unknown,2026-05-31 14:00:00+03:00,,0.01,chunk_0077.json,POST /v1/generation/data/dpp-bulk,2026-05-31 21:42:44.578970+00:00,5004221,TİCARETHANE-ALÇAK GERİLİM-10Y - SAATLİK-TEK TERİMLİ-5.1.C,10942,2026-05-31T14:00:00+03:00,14:00
40X0000000109428,K3 ARAS ELEKTRIK PERAKENDE SATIŞ A.Ş.,unknown,2026-05-31 15:00:00+03:00,,0.01,chunk_0077.json,POST /v1/generation/data/dpp-bulk,2026-05-31 21:42:44.578970+00:00,5004221,TİCARETHANE-ALÇAK GERİLİM-10Y - SAATLİK-TEK TERİMLİ-5.1.C,10942,2026-05-31T15:00:00+03:00,15:00
40X0000000109428,K3 ARAS ELEKTRIK PERAKENDE SATIŞ A.Ş.,unknown,2026-05-31 16:00:00+03:00,,0.0,chunk_0077.json,POST /v1/generation/data/dpp-bulk,2026-05-31 21:42:44.578970+00:00,5004221,TİCARETHANE-ALÇAK GERİLİM-10Y - SAATLİK-TEK TERİMLİ-5.1.C,10942,2026-05-31T16:00:00+03:00,16:00
40X0000000109428,K3 ARAS ELEKTRIK PERAKENDE SATIŞ A.Ş.,unknown,2026-05-31 17:00:00+03:00,,0.0,chunk_0077.json,POST /v1/generation/data/dpp-bulk,2026-05-31 21:42:44.578970+00:00,5004221,TİCARETHANE-ALÇAK GERİLİM-10Y - SAATLİK-TEK TERİMLİ-5.1.C,10942,2026-05-31T17:00:00+03:00,17:00
40X0000000109428,K3 ARAS ELEKTRIK PERAKENDE SATIŞ A.Ş.,unknown,2026-05-31 18:00:00+03:00,,0.0,chunk_0077.json,POST /v1/generation/data/dpp-bulk,2026-05-31 21:42:44.578970+00:00,5004221,TİCARETHANE-ALÇAK GERİLİM-10Y - SAATLİK-TEK TERİMLİ-5.1.C,10942,2026-05-31T18:00:00+03:00,18:00
40X0000000109428,K3 ARAS ELEKTRIK PERAKENDE SATIŞ A.Ş.,unknown,2026-05-31 19:00:00+03:00,,0.0,chunk_0077.json,POST /v1/generation/data/dpp-bulk,2026-05-31 21:42:44.578970+00:00,5004221,TİCARETHANE-ALÇAK GERİLİM-10Y - SAATLİK-TEK TERİMLİ-5.1.C,10942,2026-05-31T19:00:00+03:00,19:00
40X0000000109428,K3 ARAS ELEKTRIK PERAKENDE SATIŞ A.Ş.,unknown,2026-05-31 20:00:00+03:00,,0.0,chunk_0077.json,POST /v1/generation/data/dpp-bulk,2026-05-31 21:42:44.578970+00:00,5004221,TİCARETHANE-ALÇAK GERİLİM-10Y - SAATLİK-TEK TERİMLİ-5.1.C,10942,2026-05-31T20:00:00+03:00,20:00
40X0000000109428,K3 ARAS ELEKTRIK PERAKENDE SATIŞ A.Ş.,unknown,2026-05-31 21:00:00+03:00,,0.0,chunk_0077.json,POST /v1/generation/data/dpp-bulk,2026-05-31 21:42:44.578970+00:00,5004221,TİCARETHANE-ALÇAK GERİLİM-10Y - SAATLİK-TEK TERİMLİ-5.1.C,10942,2026-05-31T21:00:00+03:00,21:00
40X0000000109428,K3 ARAS ELEKTRIK PERAKENDE SATIŞ A.Ş.,unknown,2026-05-31 22:00:00+03:00,,0.0,chunk_0077.json,POST /v1/generation/data/dpp-bulk,2026-05-31 21:42:44.578970+00:00,5004221,TİCARETHANE-ALÇAK GERİLİM-10Y - SAATLİK-TEK TERİMLİ-5.1.C,10942,2026-05-31T22:00:00+03:00,22:00
40X0000000109428,K3 ARAS ELEKTRIK PERAKENDE SATIŞ A.Ş.,unknown,2026-05-31 23:00:00+03:00,,0.0,chunk_0077.json,POST /v1/generation/data/dpp-bulk,2026-05-31 21:42:44.578970+00:00,5004221,TİCARETHANE-ALÇAK GERİLİM-10Y - SAATLİK-TEK TERİMLİ-5.1.C,10942,2026-05-31T23:00:00+03:00,23:00
40X0000000109444,K3 ENERJİSA BAŞKENT ELEKTRİK PERAKENDE SATIŞ ANONİM ŞİRKETİ,unknown,2026-05-31 00:00:00+03:00,,0.0,chunk_0077.json,POST /v1/generation/data/dpp-bulk,2026-05-31 21:42:44.578970+00:00,5004141,TICARETHANE - ALÇAK GERILIM - 10Y - SAATLIK - TEK TERIMLI - 5.1.C,10944,2026-05-31T00:00:00+03:00,00:00
40X0000000109444,K3 ENERJİSA BAŞKENT ELEKTRİK PERAKENDE SATIŞ ANONİM ŞİRKETİ,unknown,2026-05-31 01:00:00+03:00,,0.0,chunk_0077.json,POST /v1/generation/data/dpp-bulk,2026-05-31 21:42:44.578970+00:00,5004141,TICARETHANE - ALÇAK GERILIM - 10Y - SAATLIK - TEK TERIMLI - 5.1.C,10944,2026-05-31T01:00:00+03:00,01:00
40X0000000109444,K3 ENERJİSA BAŞKENT ELEKTRİK PERAKENDE SATIŞ ANONİM ŞİRKETİ,unknown,2026-05-31 02:00:00+03:00,,0.0,chunk_0077.json,POST /v1/generation/data/dpp-bulk,2026-05-31 21:42:44.578970+00:00,5004141,TICARETHANE - ALÇAK GERILIM - 10Y - SAATLIK - TEK TERIMLI - 5.1.C,10944,2026-05-31T02:00:00+03:00,02:00
40X0000000109444,K3 ENERJİSA BAŞKENT ELEKTRİK PERAKENDE SATIŞ ANONİM ŞİRKETİ,unknown,2026-05-31 03:00:00+03:00,,0.0,chunk_0077.json,POST /v1/generation/data/dpp-bulk,2026-05-31 21:42:44.578970+00:00,5004141,TICARETHANE - ALÇAK GERILIM - 10Y - SAATLIK - TEK TERIMLI - 5.1.C,10944,2026-05-31T03:00:00+03:00,03:00
40X0000000109444,K3 ENERJİSA BAŞKENT ELEKTRİK PERAKENDE SATIŞ ANONİM ŞİRKETİ,unknown,2026-05-31 04:00:00+03:00,,0.0,chunk_0077.json,POST /v1/generation/data/dpp-bulk,2026-05-31 21:42:44.578970+00:00,5004141,TICARETHANE - ALÇAK GERILIM - 10Y - SAATLIK - TEK TERIMLI - 5.1.C,10944,2026-05-31T04:00:00+03:00,04:00
40X0000000109444,K3 ENERJİSA BAŞKENT ELEKTRİK PERAKENDE SATIŞ ANONİM ŞİRKETİ,unknown,2026-05-31 05:00:00+03:00,,0.07,chunk_0077.json,POST /v1/generation/data/dpp-bulk,2026-05-31 21:42:44.578970+00:00,5004141,TICARETHANE - ALÇAK GERILIM - 10Y - SAATLIK - TEK TERIMLI - 5.1.C,10944,2026-05-31T05:00:00+03:00,05:00
40X0000000109444,K3 ENERJİSA BAŞKENT ELEKTRİK PERAKENDE SATIŞ ANONİM ŞİRKETİ,unknown,2026-05-31 06:00:00+03:00,,0.53,chunk_0077.json,POST /v1/generation/data/dpp-bulk,2026-05-31 21:42:44.578970+00:00,5004141,TICARETHANE - ALÇAK GERILIM - 10Y - SAATLIK - TEK TERIMLI - 5.1.C,10944,2026-05-31T06:00:00+03:00,06:00
40X0000000109444,K3 ENERJİSA BAŞKENT ELEKTRİK PERAKENDE SATIŞ ANONİM ŞİRKETİ,unknown,2026-05-31 07:00:00+03:00,,1.58,chunk_0077.json,POST /v1/generation/data/dpp-bulk,2026-05-31 21:42:44.578970+00:00,5004141,TICARETHANE - ALÇAK GERILIM - 10Y - SAATLIK - TEK TERIMLI - 5.1.C,10944,2026-05-31T07:00:00+03:00,07:00
40X0000000109444,K3 ENERJİSA BAŞKENT ELEKTRİK PERAKENDE SATIŞ ANONİM ŞİRKETİ,unknown,2026-05-31 08:00:00+03:00,,2.91,chunk_0077.json,POST /v1/generation/data/dpp-bulk,2026-05-31 21:42:44.578970+00:00,5004141,TICARETHANE - ALÇAK GERILIM - 10Y - SAATLIK - TEK TERIMLI - 5.1.C,10944,2026-05-31T08:00:00+03:00,08:00
40X0000000109444,K3 ENERJİSA BAŞKENT ELEKTRİK PERAKENDE SATIŞ ANONİM ŞİRKETİ,unknown,2026-05-31 09:00:00+03:00,,4.01,chunk_0077.json,POST /v1/generation/data/dpp-bulk,2026-05-31 21:42:44.578970+00:00,5004141,TICARETHANE - ALÇAK GERILIM - 10Y - SAATLIK - TEK TERIMLI - 5.1.C,10944,2026-05-31T09:00:00+03:00,09:00
40X0000000109444,K3 ENERJİSA BAŞKENT ELEKTRİK PERAKENDE SATIŞ ANONİM ŞİRKETİ,unknown,2026-05-31 10:00:00+03:00,,4.64,chunk_0077.json,POST /v1/generation/data/dpp-bulk,2026-05-31 21:42:44.578970+00:00,5004141,TICARETHANE - ALÇAK GERILIM - 10Y - SAATLIK - TEK TERIMLI - 5.1.C,10944,2026-05-31T10:00:00+03:00,10:00
40X0000000109444,K3 ENERJİSA BAŞKENT ELEKTRİK PERAKENDE SATIŞ ANONİM ŞİRKETİ,unknown,2026-05-31 11:00:00+03:00,,4.91,chunk_0077.json,POST /v1/generation/data/dpp-bulk,2026-05-31 21:42:44.578970+00:00,5004141,TICARETHANE - ALÇAK GERILIM - 10Y - SAATLIK - TEK TERIMLI - 5.1.C,10944,2026-05-31T11:00:00+03:00,11:00
40X0000000109444,K3 ENERJİSA BAŞKENT ELEKTRİK PERAKENDE SATIŞ ANONİM ŞİRKETİ,unknown,2026-05-31 12:00:00+03:00,,4.91,chunk_0077.json,POST /v1/generation/data/dpp-bulk,2026-05-31 21:42:44.578970+00:00,5004141,TICARETHANE - ALÇAK GERILIM - 10Y - SAATLIK - TEK TERIMLI - 5.1.C,10944,2026-05-31T12:00:00+03:00,12:00
40X0000000109444,K3 ENERJİSA BAŞKENT ELEKTRİK PERAKENDE SATIŞ ANONİM ŞİRKETİ,unknown,2026-05-31 13:00:00+03:00,,4.61,chunk_0077.json,POST /v1/generation/data/dpp-bulk,2026-05-31 21:42:44.578970+00:00,5004141,TICARETHANE - ALÇAK GERILIM - 10Y - SAATLIK - TEK TERIMLI - 5.1.C,10944,2026-05-31T13:00:00+03:00,13:00
40X0000000109444,K3 ENERJİSA BAŞKENT ELEKTRİK PERAKENDE SATIŞ ANONİM ŞİRKETİ,unknown,2026-05-31 14:00:00+03:00,,4.07,chunk_0077.json,POST /v1/generation/data/dpp-bulk,2026-05-31 21:42:44.578970+00:00,5004141,TICARETHANE - ALÇAK GERILIM - 10Y - SAATLIK - TEK TERIMLI - 5.1.C,10944,2026-05-31T14:00:00+03:00,14:00
40X0000000109444,K3 ENERJİSA BAŞKENT ELEKTRİK PERAKENDE SATIŞ ANONİM ŞİRKETİ,unknown,2026-05-31 15:00:00+03:00,,3.37,chunk_0077.json,POST /v1/generation/data/dpp-bulk,2026-05-31 21:42:44.578970+00:00,5004141,TICARETHANE - ALÇAK GERILIM - 10Y - SAATLIK - TEK TERIMLI - 5.1.C,10944,2026-05-31T15:00:00+03:00,15:00
40X0000000109444,K3 ENERJİSA BAŞKENT ELEKTRİK PERAKENDE SATIŞ ANONİM ŞİRKETİ,unknown,2026-05-31 16:00:00+03:00,,2.58,chunk_0077.json,POST /v1/generation/data/dpp-bulk,2026-05-31 21:42:44.578970+00:00,5004141,TICARETHANE - ALÇAK GERILIM - 10Y - SAATLIK - TEK TERIMLI - 5.1.C,10944,2026-05-31T16:00:00+03:00,16:00
40X0000000109444,K3 ENERJİSA BAŞKENT ELEKTRİK PERAKENDE SATIŞ ANONİM ŞİRKETİ,unknown,2026-05-31 17:00:00+03:00,,1.68,chunk_0077.json,POST /v1/generation/data/dpp-bulk,2026-05-31 21:42:44.578970+00:00,5004141,TICARETHANE - ALÇAK GERILIM - 10Y - SAATLIK - TEK TERIMLI - 5.1.C,10944,2026-05-31T17:00:00+03:00,17:00
40X0000000109444,K3 ENERJİSA BAŞKENT ELEKTRİK PERAKENDE SATIŞ ANONİM ŞİRKETİ,unknown,2026-05-31 18:00:00+03:00,,0.77,chunk_0077.json,POST /v1/generation/data/dpp-bulk,2026-05-31 21:42:44.578970+00:00,5004141,TICARETHANE - ALÇAK GERILIM - 10Y - SAATLIK - TEK TERIMLI - 5.1.C,10944,2026-05-31T18:00:00+03:00,18:00
40X0000000109444,K3 ENERJİSA BAŞKENT ELEKTRİK PERAKENDE SATIŞ ANONİM ŞİRKETİ,unknown,2026-05-31 19:00:00+03:00,,0.16,chunk_0077.json,POST /v1/generation/data/dpp-bulk,2026-05-31 21:42:44.578970+00:00,5004141,TICARETHANE - ALÇAK GERILIM - 10Y - SAATLIK - TEK TERIMLI - 5.1.C,10944,2026-05-31T19:00:00+03:00,19:00
40X0000000109444,K3 ENERJİSA BAŞKENT ELEKTRİK PERAKENDE SATIŞ ANONİM ŞİRKETİ,unknown,2026-05-31 20:00:00+03:00,,0.0,chunk_0077.json,POST /v1/generation/data/dpp-bulk,2026-05-31 21:42:44.578970+00:00,5004141,TICARETHANE - ALÇAK GERILIM - 10Y - SAATLIK - TEK TERIMLI - 5.1.C,10944,2026-05-31T20:00:00+03:00,20:00
40X0000000109444,K3 ENERJİSA BAŞKENT ELEKTRİK PERAKENDE SATIŞ ANONİM ŞİRKETİ,unknown,2026-05-31 21:00:00+03:00,,0.0,chunk_0077.json,POST /v1/generation/data/dpp-bulk,2026-05-31 21:42:44.578970+00:00,5004141,TICARETHANE - ALÇAK GERILIM - 10Y - SAATLIK - TEK TERIMLI - 5.1.C,10944,2026-05-31T21:00:00+03:00,21:00
40X0000000109444,K3 ENERJİSA BAŞKENT ELEKTRİK PERAKENDE SATIŞ ANONİM ŞİRKETİ,unknown,2026-05-31 22:00:00+03:00,,0.0,chunk_0077.json,POST /v1/generation/data/dpp-bulk,2026-05-31 21:42:44.578970+00:00,5004141,TICARETHANE - ALÇAK GERILIM - 10Y - SAATLIK - TEK TERIMLI - 5.1.C,10944,2026-05-31T22:00:00+03:00,22:00
40X0000000109444,K3 ENERJİSA BAŞKENT ELEKTRİK PERAKENDE SATIŞ ANONİM ŞİRKETİ,unknown,2026-05-31 23:00:00+03:00,,0.0,chunk_0077.json,POST /v1/generation/data/dpp-bulk,2026-05-31 21:42:44.578970+00:00,5004141,TICARETHANE - ALÇAK GERILIM - 10Y - SAATLIK - TEK TERIMLI - 5.1.C,10944,2026-05-31T23:00:00+03:00,23:00
40X0000000109533,K3 ULUDAĞ PERAKENDE ELEKTRİK SATIŞ A.Ş.,unknown,2026-05-31 00:00:00+03:00,,0.0,chunk_0077.json,POST /v1/generation/data/dpp-bulk,2026-05-31 21:42:44.578970+00:00,5004402,BALIKESİR KOJEN._LUY_GES_BALOSB_5.1.H_ÖDEMESİZ,10953,2026-05-31T00:00:00+03:00,00:00
40X0000000109533,K3 ULUDAĞ PERAKENDE ELEKTRİK SATIŞ A.Ş.,unknown,2026-05-31 01:00:00+03:00,,0.0,chunk_0077.json,POST /v1/generation/data/dpp-bulk,2026-05-31 21:42:44.578970+00:00,5004402,BALIKESİR KOJEN._LUY_GES_BALOSB_5.1.H_ÖDEMESİZ,10953,2026-05-31T01:00:00+03:00,01:00
40X0000000109533,K3 ULUDAĞ PERAKENDE ELEKTRİK SATIŞ A.Ş.,unknown,2026-05-31 02:00:00+03:00,,0.0,chunk_0077.json,POST /v1/generation/data/dpp-bulk,2026-05-31 21:42:44.578970+00:00,5004402,BALIKESİR KOJEN._LUY_GES_BALOSB_5.1.H_ÖDEMESİZ,10953,2026-05-31T02:00:00+03:00,02:00
40X0000000109533,K3 ULUDAĞ PERAKENDE ELEKTRİK SATIŞ A.Ş.,unknown,2026-05-31 03:00:00+03:00,,0.0,chunk_0077.json,POST /v1/generation/data/dpp-bulk,2026-05-31 21:42:44.578970+00:00,5004402,BALIKESİR KOJEN._LUY_GES_BALOSB_5.1.H_ÖDEMESİZ,10953,2026-05-31T03:00:00+03:00,03:00
40X0000000109533,K3 ULUDAĞ PERAKENDE ELEKTRİK SATIŞ A.Ş.,unknown,2026-05-31 04:00:00+03:00,,0.0,chunk_0077.json,POST /v1/generation/data/dpp-bulk,2026-05-31 21:42:44.578970+00:00,5004402,BALIKESİR KOJEN._LUY_GES_BALOSB_5.1.H_ÖDEMESİZ,10953,2026-05-31T04:00:00+03:00,04:00
40X0000000109533,K3 ULUDAĞ PERAKENDE ELEKTRİK SATIŞ A.Ş.,unknown,2026-05-31 05:00:00+03:00,,0.0,chunk_0077.json,POST /v1/generation/data/dpp-bulk,2026-05-31 21:42:44.578970+00:00,5004402,BALIKESİR KOJEN._LUY_GES_BALOSB_5.1.H_ÖDEMESİZ,10953,2026-05-31T05:00:00+03:00,05:00
40X0000000109533,K3 ULUDAĞ PERAKENDE ELEKTRİK SATIŞ A.Ş.,unknown,2026-05-31 06:00:00+03:00,,0.5,chunk_0077.json,POST /v1/generation/data/dpp-bulk,2026-05-31 21:42:44.578970+00:00,5004402,BALIKESİR KOJEN._LUY_GES_BALOSB_5.1.H_ÖDEMESİZ,10953,2026-05-31T06:00:00+03:00,06:00
40X0000000109533,K3 ULUDAĞ PERAKENDE ELEKTRİK SATIŞ A.Ş.,unknown,2026-05-31 07:00:00+03:00,,2.3,chunk_0077.json,POST /v1/generation/data/dpp-bulk,2026-05-31 21:42:44.578970+00:00,5004402,BALIKESİR KOJEN._LUY_GES_BALOSB_5.1.H_ÖDEMESİZ,10953,2026-05-31T07:00:00+03:00,07:00
40X0000000109533,K3 ULUDAĞ PERAKENDE ELEKTRİK SATIŞ A.Ş.,unknown,2026-05-31 08:00:00+03:00,,5.0,chunk_0077.json,POST /v1/generation/data/dpp-bulk,2026-05-31 21:42:44.578970+00:00,5004402,BALIKESİR KOJEN._LUY_GES_BALOSB_5.1.H_ÖDEMESİZ,10953,2026-05-31T08:00:00+03:00,08:00
40X0000000109533,K3 ULUDAĞ PERAKENDE ELEKTRİK SATIŞ A.Ş.,unknown,2026-05-31 09:00:00+03:00,,7.5,chunk_0077.json,POST /v1/generation/data/dpp-bulk,2026-05-31 21:42:44.578970+00:00,5004402,BALIKESİR KOJEN._LUY_GES_BALOSB_5.1.H_ÖDEMESİZ,10953,2026-05-31T09:00:00+03:00,09:00
40X0000000109533,K3 ULUDAĞ PERAKENDE ELEKTRİK SATIŞ A.Ş.,unknown,2026-05-31 10:00:00+03:00,,9.4,chunk_0077.json,POST /v1/generation/data/dpp-bulk,2026-05-31 21:42:44.578970+00:00,5004402,BALIKESİR KOJEN._LUY_GES_BALOSB_5.1.H_ÖDEMESİZ,10953,2026-05-31T10:00:00+03:00,10:00
40X0000000109533,K3 ULUDAĞ PERAKENDE ELEKTRİK SATIŞ A.Ş.,unknown,2026-05-31 11:00:00+03:00,,10.4,chunk_0077.json,POST /v1/generation/data/dpp-bulk,2026-05-31 21:42:44.578970+00:00,5004402,BALIKESİR KOJEN._LUY_GES_BALOSB_5.1.H_ÖDEMESİZ,10953,2026-05-31T11:00:00+03:00,11:00
40X0000000109533,K3 ULUDAĞ PERAKENDE ELEKTRİK SATIŞ A.Ş.,unknown,2026-05-31 12:00:00+03:00,,10.8,chunk_0077.json,POST /v1/generation/data/dpp-bulk,2026-05-31 21:42:44.578970+00:00,5004402,BALIKESİR KOJEN._LUY_GES_BALOSB_5.1.H_ÖDEMESİZ,10953,2026-05-31T12:00:00+03:00,12:00
40X0000000109533,K3 ULUDAĞ PERAKENDE ELEKTRİK SATIŞ A.Ş.,unknown,2026-05-31 13:00:00+03:00,,10.4,chunk_0077.json,POST /v1/generation/data/dpp-bulk,2026-05-31 21:42:44.578970+00:00,5004402,BALIKESİR KOJEN._LUY_GES_BALOSB_5.1.H_ÖDEMESİZ,10953,2026-05-31T13:00:00+03:00,13:00
40X0000000109533,K3 ULUDAĞ PERAKENDE ELEKTRİK SATIŞ A.Ş.,unknown,2026-05-31 14:00:00+03:00,,10.0,chunk_0077.json,POST /v1/generation/data/dpp-bulk,2026-05-31 21:42:44.578970+00:00,5004402,BALIKESİR KOJEN._LUY_GES_BALOSB_5.1.H_ÖDEMESİZ,10953,2026-05-31T14:00:00+03:00,14:00
40X0000000109533,K3 ULUDAĞ PERAKENDE ELEKTRİK SATIŞ A.Ş.,unknown,2026-05-31 15:00:00+03:00,,8.8,chunk_0077.json,POST /v1/generation/data/dpp-bulk,2026-05-31 21:42:44.578970+00:00,5004402,BALIKESİR KOJEN._LUY_GES_BALOSB_5.1.H_ÖDEMESİZ,10953,2026-05-31T15:00:00+03:00,15:00
40X0000000109533,K3 ULUDAĞ PERAKENDE ELEKTRİK SATIŞ A.Ş.,unknown,2026-05-31 16:00:00+03:00,,7.1,chunk_0077.json,POST /v1/generation/data/dpp-bulk,2026-05-31 21:42:44.578970+00:00,5004402,BALIKESİR KOJEN._LUY_GES_BALOSB_5.1.H_ÖDEMESİZ,10953,2026-05-31T16:00:00+03:00,16:00
40X0000000109533,K3 ULUDAĞ PERAKENDE ELEKTRİK SATIŞ A.Ş.,unknown,2026-05-31 17:00:00+03:00,,4.7,chunk_0077.json,POST /v1/generation/data/dpp-bulk,2026-05-31 21:42:44.578970+00:00,5004402,BALIKESİR KOJEN._LUY_GES_BALOSB_5.1.H_ÖDEMESİZ,10953,2026-05-31T17:00:00+03:00,17:00
40X0000000109533,K3 ULUDAĞ PERAKENDE ELEKTRİK SATIŞ A.Ş.,unknown,2026-05-31 18:00:00+03:00,,2.3,chunk_0077.json,POST /v1/generation/data/dpp-bulk,2026-05-31 21:42:44.578970+00:00,5004402,BALIKESİR KOJEN._LUY_GES_BALOSB_5.1.H_ÖDEMESİZ,10953,2026-05-31T18:00:00+03:00,18:00
40X0000000109533,K3 ULUDAĞ PERAKENDE ELEKTRİK SATIŞ A.Ş.,unknown,2026-05-31 19:00:00+03:00,,0.8,chunk_0077.json,POST /v1/generation/data/dpp-bulk,2026-05-31 21:42:44.578970+00:00,5004402,BALIKESİR KOJEN._LUY_GES_BALOSB_5.1.H_ÖDEMESİZ,10953,2026-05-31T19:00:00+03:00,19:00
40X0000000109533,K3 ULUDAĞ PERAKENDE ELEKTRİK SATIŞ A.Ş.,unknown,2026-05-31 20:00:00+03:00,,0.0,chunk_0077.json,POST /v1/generation/data/dpp-bulk,2026-05-31 21:42:44.578970+00:00,5004402,BALIKESİR KOJEN._LUY_GES_BALOSB_5.1.H_ÖDEMESİZ,10953,2026-05-31T20:00:00+03:00,20:00
40X0000000109533,K3 ULUDAĞ PERAKENDE ELEKTRİK SATIŞ A.Ş.,unknown,2026-05-31 21:00:00+03:00,,0.0,chunk_0077.json,POST /v1/generation/data/dpp-bulk,2026-05-31 21:42:44.578970+00:00,5004402,BALIKESİR KOJEN._LUY_GES_BALOSB_5.1.H_ÖDEMESİZ,10953,2026-05-31T21:00:00+03:00,21:00
40X0000000109533,K3 ULUDAĞ PERAKENDE ELEKTRİK SATIŞ A.Ş.,unknown,2026-05-31 22:00:00+03:00,,0.0,chunk_0077.json,POST /v1/generation/data/dpp-bulk,2026-05-31 21:42:44.578970+00:00,5004402,BALIKESİR KOJEN._LUY_GES_BALOSB_5.1.H_ÖDEMESİZ,10953,2026-05-31T22:00:00+03:00,22:00
40X0000000109533,K3 ULUDAĞ PERAKENDE ELEKTRİK SATIŞ A.Ş.,unknown,2026-05-31 23:00:00+03:00,,0.0,chunk_0077.json,POST /v1/generation/data/dpp-bulk,2026-05-31 21:42:44.578970+00:00,5004402,BALIKESİR KOJEN._LUY_GES_BALOSB_5.1.H_ÖDEMESİZ,10953,2026-05-31T23:00:00+03:00,23:00
40X000000010957W,K3 CK AKDENİZ ELEKTRİK PERAKENDE SATIŞ A.Ş.,unknown,2026-05-31 00:00:00+03:00,,0.0,chunk_0077.json,POST /v1/generation/data/dpp-bulk,2026-05-31 21:42:44.578970+00:00,5004282,FİNE OTEL GES TM_TRA(ST)_LUY_GES_İLETİM_5.1.H,10957,2026-05-31T00:00:00+03:00,00:00
40X000000010957W,K3 CK AKDENİZ ELEKTRİK PERAKENDE SATIŞ A.Ş.,unknown,2026-05-31 01:00:00+03:00,,0.0,chunk_0077.json,POST /v1/generation/data/dpp-bulk,2026-05-31 21:42:44.578970+00:00,5004282,FİNE OTEL GES TM_TRA(ST)_LUY_GES_İLETİM_5.1.H,10957,2026-05-31T01:00:00+03:00,01:00
40X000000010957W,K3 CK AKDENİZ ELEKTRİK PERAKENDE SATIŞ A.Ş.,unknown,2026-05-31 02:00:00+03:00,,0.0,chunk_0077.json,POST /v1/generation/data/dpp-bulk,2026-05-31 21:42:44.578970+00:00,5004282,FİNE OTEL GES TM_TRA(ST)_LUY_GES_İLETİM_5.1.H,10957,2026-05-31T02:00:00+03:00,02:00
40X000000010957W,K3 CK AKDENİZ ELEKTRİK PERAKENDE SATIŞ A.Ş.,unknown,2026-05-31 03:00:00+03:00,,0.0,chunk_0077.json,POST /v1/generation/data/dpp-bulk,2026-05-31 21:42:44.578970+00:00,5004282,FİNE OTEL GES TM_TRA(ST)_LUY_GES_İLETİM_5.1.H,10957,2026-05-31T03:00:00+03:00,03:00
40X000000010957W,K3 CK AKDENİZ ELEKTRİK PERAKENDE SATIŞ A.Ş.,unknown,2026-05-31 04:00:00+03:00,,0.0,chunk_0077.json,POST /v1/generation/data/dpp-bulk,2026-05-31 21:42:44.578970+00:00,5004282,FİNE OTEL GES TM_TRA(ST)_LUY_GES_İLETİM_5.1.H,10957,2026-05-31T04:00:00+03:00,04:00
40X000000010957W,K3 CK AKDENİZ ELEKTRİK PERAKENDE SATIŞ A.Ş.,unknown,2026-05-31 05:00:00+03:00,,0.0,chunk_0077.json,POST /v1/generation/data/dpp-bulk,2026-05-31 21:42:44.578970+00:00,5004282,FİNE OTEL GES TM_TRA(ST)_LUY_GES_İLETİM_5.1.H,10957,2026-05-31T05:00:00+03:00,05:00
40X000000010957W,K3 CK AKDENİZ ELEKTRİK PERAKENDE SATIŞ A.Ş.,unknown,2026-05-31 06:00:00+03:00,,3.0,chunk_0077.json,POST /v1/generation/data/dpp-bulk,2026-05-31 21:42:44.578970+00:00,5004282,FİNE OTEL GES TM_TRA(ST)_LUY_GES_İLETİM_5.1.H,10957,2026-05-31T06:00:00+03:00,06:00
40X000000010957W,K3 CK AKDENİZ ELEKTRİK PERAKENDE SATIŞ A.Ş.,unknown,2026-05-31 07:00:00+03:00,,0.0,chunk_0077.json,POST /v1/generation/data/dpp-bulk,2026-05-31 21:42:44.578970+00:00,5004282,FİNE OTEL GES TM_TRA(ST)_LUY_GES_İLETİM_5.1.H,10957,2026-05-31T07:00:00+03:00,07:00
40X000000010957W,K3 CK AKDENİZ ELEKTRİK PERAKENDE SATIŞ A.Ş.,unknown,2026-05-31 08:00:00+03:00,,0.0,chunk_0077.json,POST /v1/generation/data/dpp-bulk,2026-05-31 21:42:44.578970+00:00,5004282,FİNE OTEL GES TM_TRA(ST)_LUY_GES_İLETİM_5.1.H,10957,2026-05-31T08:00:00+03:00,08:00
40X000000010957W,K3 CK AKDENİZ ELEKTRİK PERAKENDE SATIŞ A.Ş.,unknown,2026-05-31 09:00:00+03:00,,0.0,chunk_0077.json,POST /v1/generation/data/dpp-bulk,2026-05-31 21:42:44.578970+00:00,5004282,FİNE OTEL GES TM_TRA(ST)_LUY_GES_İLETİM_5.1.H,10957,2026-05-31T09:00:00+03:00,09:00
40X000000010957W,K3 CK AKDENİZ ELEKTRİK PERAKENDE SATIŞ A.Ş.,unknown,2026-05-31 10:00:00+03:00,,0.0,chunk_0077.json,POST /v1/generation/data/dpp-bulk,2026-05-31 21:42:44.578970+00:00,5004282,FİNE OTEL GES TM_TRA(ST)_LUY_GES_İLETİM_5.1.H,10957,2026-05-31T10:00:00+03:00,10:00
40X000000010957W,K3 CK AKDENİZ ELEKTRİK PERAKENDE SATIŞ A.Ş.,unknown,2026-05-31 11:00:00+03:00,,0.0,chunk_0077.json,POST /v1/generation/data/dpp-bulk,2026-05-31 21:42:44.578970+00:00,5004282,FİNE OTEL GES TM_TRA(ST)_LUY_GES_İLETİM_5.1.H,10957,2026-05-31T11:00:00+03:00,11:00
40X000000010957W,K3 CK AKDENİZ ELEKTRİK PERAKENDE SATIŞ A.Ş.,unknown,2026-05-31 12:00:00+03:00,,0.0,chunk_0077.json,POST /v1/generation/data/dpp-bulk,2026-05-31 21:42:44.578970+00:00,5004282,FİNE OTEL GES TM_TRA(ST)_LUY_GES_İLETİM_5.1.H,10957,2026-05-31T12:00:00+03:00,12:00
40X000000010957W,K3 CK AKDENİZ ELEKTRİK PERAKENDE SATIŞ A.Ş.,unknown,2026-05-31 13:00:00+03:00,,0.0,chunk_0077.json,POST /v1/generation/data/dpp-bulk,2026-05-31 21:42:44.578970+00:00,5004282,FİNE OTEL GES TM_TRA(ST)_LUY_GES_İLETİM_5.1.H,10957,2026-05-31T13:00:00+03:00,13:00
40X000000010957W,K3 CK AKDENİZ ELEKTRİK PERAKENDE SATIŞ A.Ş.,unknown,2026-05-31 14:00:00+03:00,,0.0,chunk_0077.json,POST /v1/generation/data/dpp-bulk,2026-05-31 21:42:44.578970+00:00,5004282,FİNE OTEL GES TM_TRA(ST)_LUY_GES_İLETİM_5.1.H,10957,2026-05-31T14:00:00+03:00,14:00
40X000000010957W,K3 CK AKDENİZ ELEKTRİK PERAKENDE SATIŞ A.Ş.,unknown,2026-05-31 15:00:00+03:00,,0.0,chunk_0077.json,POST /v1/generation/data/dpp-bulk,2026-05-31 21:42:44.578970+00:00,5004282,FİNE OTEL GES TM_TRA(ST)_LUY_GES_İLETİM_5.1.H,10957,2026-05-31T15:00:00+03:00,15:00
40X000000010957W,K3 CK AKDENİZ ELEKTRİK PERAKENDE SATIŞ A.Ş.,unknown,2026-05-31 16:00:00+03:00,,0.0,chunk_0077.json,POST /v1/generation/data/dpp-bulk,2026-05-31 21:42:44.578970+00:00,5004282,FİNE OTEL GES TM_TRA(ST)_LUY_GES_İLETİM_5.1.H,10957,2026-05-31T16:00:00+03:00,16:00
40X000000010957W,K3 CK AKDENİZ ELEKTRİK PERAKENDE SATIŞ A.Ş.,unknown,2026-05-31 17:00:00+03:00,,22.0,chunk_0077.json,POST /v1/generation/data/dpp-bulk,2026-05-31 21:42:44.578970+00:00,5004282,FİNE OTEL GES TM_TRA(ST)_LUY_GES_İLETİM_5.1.H,10957,2026-05-31T17:00:00+03:00,17:00
40X000000010957W,K3 CK AKDENİZ ELEKTRİK PERAKENDE SATIŞ A.Ş.,unknown,2026-05-31 18:00:00+03:00,,9.0,chunk_0077.json,POST /v1/generation/data/dpp-bulk,2026-05-31 21:42:44.578970+00:00,5004282,FİNE OTEL GES TM_TRA(ST)_LUY_GES_İLETİM_5.1.H,10957,2026-05-31T18:00:00+03:00,18:00
40X000000010957W,K3 CK AKDENİZ ELEKTRİK PERAKENDE SATIŞ A.Ş.,unknown,2026-05-31 19:00:00+03:00,,2.0,chunk_0077.json,POST /v1/generation/data/dpp-bulk,2026-05-31 21:42:44.578970+00:00,5004282,FİNE OTEL GES TM_TRA(ST)_LUY_GES_İLETİM_5.1.H,10957,2026-05-31T19:00:00+03:00,19:00
40X000000010957W,K3 CK AKDENİZ ELEKTRİK PERAKENDE SATIŞ A.Ş.,unknown,2026-05-31 20:00:00+03:00,,2.0,chunk_0077.json,POST /v1/generation/data/dpp-bulk,2026-05-31 21:42:44.578970+00:00,5004282,FİNE OTEL GES TM_TRA(ST)_LUY_GES_İLETİM_5.1.H,10957,2026-05-31T20:00:00+03:00,20:00
40X000000010957W,K3 CK AKDENİZ ELEKTRİK PERAKENDE SATIŞ A.Ş.,unknown,2026-05-31 21:00:00+03:00,,0.0,chunk_0077.json,POST /v1/generation/data/dpp-bulk,2026-05-31 21:42:44.578970+00:00,5004282,FİNE OTEL GES TM_TRA(ST)_LUY_GES_İLETİM_5.1.H,10957,2026-05-31T21:00:00+03:00,21:00
40X000000010957W,K3 CK AKDENİZ ELEKTRİK PERAKENDE SATIŞ A.Ş.,unknown,2026-05-31 22:00:00+03:00,,0.0,chunk_0077.json,POST /v1/generation/data/dpp-bulk,2026-05-31 21:42:44.578970+00:00,5004282,FİNE OTEL GES TM_TRA(ST)_LUY_GES_İLETİM_5.1.H,10957,2026-05-31T22:00:00+03:00,22:00
40X000000010957W,K3 CK AKDENİZ ELEKTRİK PERAKENDE SATIŞ A.Ş.,unknown,2026-05-31 23:00:00+03:00,,0.0,chunk_0077.json,POST /v1/generation/data/dpp-bulk,2026-05-31 21:42:44.578970+00:00,5004282,FİNE OTEL GES TM_TRA(ST)_LUY_GES_İLETİM_5.1.H,10957,2026-05-31T23:00:00+03:00,23:00
40X000000010958U,K3 DİCLE ELEKTRİK PERAKENDE SATIŞ A.Ş.,unknown,2026-05-31 00:00:00+03:00,,0.0,chunk_0077.json,POST /v1/generation/data/dpp-bulk,2026-05-31 21:42:44.578970+00:00,5004441,ETİ BAKIR 2 GES TM_TRA(ST)_LUY_GES_İLETİM_5.1.H,10958,2026-05-31T00:00:00+03:00,00:00
40X000000010958U,K3 DİCLE ELEKTRİK PERAKENDE SATIŞ A.Ş.,unknown,2026-05-31 01:00:00+03:00,,0.0,chunk_0077.json,POST /v1/generation/data/dpp-bulk,2026-05-31 21:42:44.578970+00:00,5004441,ETİ BAKIR 2 GES TM_TRA(ST)_LUY_GES_İLETİM_5.1.H,10958,2026-05-31T01:00:00+03:00,01:00
40X000000010958U,K3 DİCLE ELEKTRİK PERAKENDE SATIŞ A.Ş.,unknown,2026-05-31 02:00:00+03:00,,0.0,chunk_0077.json,POST /v1/generation/data/dpp-bulk,2026-05-31 21:42:44.578970+00:00,5004441,ETİ BAKIR 2 GES TM_TRA(ST)_LUY_GES_İLETİM_5.1.H,10958,2026-05-31T02:00:00+03:00,02:00
40X000000010958U,K3 DİCLE ELEKTRİK PERAKENDE SATIŞ A.Ş.,unknown,2026-05-31 03:00:00+03:00,,0.0,chunk_0077.json,POST /v1/generation/data/dpp-bulk,2026-05-31 21:42:44.578970+00:00,5004441,ETİ BAKIR 2 GES TM_TRA(ST)_LUY_GES_İLETİM_5.1.H,10958,2026-05-31T03:00:00+03:00,03:00
40X000000010958U,K3 DİCLE ELEKTRİK PERAKENDE SATIŞ A.Ş.,unknown,2026-05-31 04:00:00+03:00,,0.0,chunk_0077.json,POST /v1/generation/data/dpp-bulk,2026-05-31 21:42:44.578970+00:00,5004441,ETİ BAKIR 2 GES TM_TRA(ST)_LUY_GES_İLETİM_5.1.H,10958,2026-05-31T04:00:00+03:00,04:00
40X000000010958U,K3 DİCLE ELEKTRİK PERAKENDE SATIŞ A.Ş.,unknown,2026-05-31 05:00:00+03:00,,2.0,chunk_0077.json,POST /v1/generation/data/dpp-bulk,2026-05-31 21:42:44.578970+00:00,5004441,ETİ BAKIR 2 GES TM_TRA(ST)_LUY_GES_İLETİM_5.1.H,10958,2026-05-31T05:00:00+03:00,05:00
40X000000010958U,K3 DİCLE ELEKTRİK PERAKENDE SATIŞ A.Ş.,unknown,2026-05-31 06:00:00+03:00,,6.0,chunk_0077.json,POST /v1/generation/data/dpp-bulk,2026-05-31 21:42:44.578970+00:00,5004441,ETİ BAKIR 2 GES TM_TRA(ST)_LUY_GES_İLETİM_5.1.H,10958,2026-05-31T06:00:00+03:00,06:00
40X000000010958U,K3 DİCLE ELEKTRİK PERAKENDE SATIŞ A.Ş.,unknown,2026-05-31 07:00:00+03:00,,14.0,chunk_0077.json,POST /v1/generation/data/dpp-bulk,2026-05-31 21:42:44.578970+00:00,5004441,ETİ BAKIR 2 GES TM_TRA(ST)_LUY_GES_İLETİM_5.1.H,10958,2026-05-31T07:00:00+03:00,07:00
40X000000010958U,K3 DİCLE ELEKTRİK PERAKENDE SATIŞ A.Ş.,unknown,2026-05-31 08:00:00+03:00,,25.0,chunk_0077.json,POST /v1/generation/data/dpp-bulk,2026-05-31 21:42:44.578970+00:00,5004441,ETİ BAKIR 2 GES TM_TRA(ST)_LUY_GES_İLETİM_5.1.H,10958,2026-05-31T08:00:00+03:00,08:00
40X000000010958U,K3 DİCLE ELEKTRİK PERAKENDE SATIŞ A.Ş.,unknown,2026-05-31 09:00:00+03:00,,33.0,chunk_0077.json,POST /v1/generation/data/dpp-bulk,2026-05-31 21:42:44.578970+00:00,5004441,ETİ BAKIR 2 GES TM_TRA(ST)_LUY_GES_İLETİM_5.1.H,10958,2026-05-31T09:00:00+03:00,09:00
40X000000010958U,K3 DİCLE ELEKTRİK PERAKENDE SATIŞ A.Ş.,unknown,2026-05-31 10:00:00+03:00,,36.0,chunk_0077.json,POST /v1/generation/data/dpp-bulk,2026-05-31 21:42:44.578970+00:00,5004441,ETİ BAKIR 2 GES TM_TRA(ST)_LUY_GES_İLETİM_5.1.H,10958,2026-05-31T10:00:00+03:00,10:00
40X000000010958U,K3 DİCLE ELEKTRİK PERAKENDE SATIŞ A.Ş.,unknown,2026-05-31 11:00:00+03:00,,40.0,chunk_0077.json,POST /v1/generation/data/dpp-bulk,2026-05-31 21:42:44.578970+00:00,5004441,ETİ BAKIR 2 GES TM_TRA(ST)_LUY_GES_İLETİM_5.1.H,10958,2026-05-31T11:00:00+03:00,11:00
40X000000010958U,K3 DİCLE ELEKTRİK PERAKENDE SATIŞ A.Ş.,unknown,2026-05-31 12:00:00+03:00,,33.0,chunk_0077.json,POST /v1/generation/data/dpp-bulk,2026-05-31 21:42:44.578970+00:00,5004441,ETİ BAKIR 2 GES TM_TRA(ST)_LUY_GES_İLETİM_5.1.H,10958,2026-05-31T12:00:00+03:00,12:00
40X000000010958U,K3 DİCLE ELEKTRİK PERAKENDE SATIŞ A.Ş.,unknown,2026-05-31 13:00:00+03:00,,27.0,chunk_0077.json,POST /v1/generation/data/dpp-bulk,2026-05-31 21:42:44.578970+00:00,5004441,ETİ BAKIR 2 GES TM_TRA(ST)_LUY_GES_İLETİM_5.1.H,10958,2026-05-31T13:00:00+03:00,13:00
40X000000010958U,K3 DİCLE ELEKTRİK PERAKENDE SATIŞ A.Ş.,unknown,2026-05-31 14:00:00+03:00,,24.0,chunk_0077.json,POST /v1/generation/data/dpp-bulk,2026-05-31 21:42:44.578970+00:00,5004441,ETİ BAKIR 2 GES TM_TRA(ST)_LUY_GES_İLETİM_5.1.H,10958,2026-05-31T14:00:00+03:00,14:00
40X000000010958U,K3 DİCLE ELEKTRİK PERAKENDE SATIŞ A.Ş.,unknown,2026-05-31 15:00:00+03:00,,20.0,chunk_0077.json,POST /v1/generation/data/dpp-bulk,2026-05-31 21:42:44.578970+00:00,5004441,ETİ BAKIR 2 GES TM_TRA(ST)_LUY_GES_İLETİM_5.1.H,10958,2026-05-31T15:00:00+03:00,15:00
40X000000010958U,K3 DİCLE ELEKTRİK PERAKENDE SATIŞ A.Ş.,unknown,2026-05-31 16:00:00+03:00,,14.0,chunk_0077.json,POST /v1/generation/data/dpp-bulk,2026-05-31 21:42:44.578970+00:00,5004441,ETİ BAKIR 2 GES TM_TRA(ST)_LUY_GES_İLETİM_5.1.H,10958,2026-05-31T16:00:00+03:00,16:00
40X000000010958U,K3 DİCLE ELEKTRİK PERAKENDE SATIŞ A.Ş.,unknown,2026-05-31 17:00:00+03:00,,7.0,chunk_0077.json,POST /v1/generation/data/dpp-bulk,2026-05-31 21:42:44.578970+00:00,5004441,ETİ BAKIR 2 GES TM_TRA(ST)_LUY_GES_İLETİM_5.1.H,10958,2026-05-31T17:00:00+03:00,17:00
40X000000010958U,K3 DİCLE ELEKTRİK PERAKENDE SATIŞ A.Ş.,unknown,2026-05-31 18:00:00+03:00,,2.0,chunk_0077.json,POST /v1/generation/data/dpp-bulk,2026-05-31 21:42:44.578970+00:00,5004441,ETİ BAKIR 2 GES TM_TRA(ST)_LUY_GES_İLETİM_5.1.H,10958,2026-05-31T18:00:00+03:00,18:00
40X000000010958U,K3 DİCLE ELEKTRİK PERAKENDE SATIŞ A.Ş.,unknown,2026-05-31 19:00:00+03:00,,0.0,chunk_0077.json,POST /v1/generation/data/dpp-bulk,2026-05-31 21:42:44.578970+00:00,5004441,ETİ BAKIR 2 GES TM_TRA(ST)_LUY_GES_İLETİM_5.1.H,10958,2026-05-31T19:00:00+03:00,19:00
40X000000010958U,K3 DİCLE ELEKTRİK PERAKENDE SATIŞ A.Ş.,unknown,2026-05-31 20:00:00+03:00,,0.0,chunk_0077.json,POST /v1/generation/data/dpp-bulk,2026-05-31 21:42:44.578970+00:00,5004441,ETİ BAKIR 2 GES TM_TRA(ST)_LUY_GES_İLETİM_5.1.H,10958,2026-05-31T20:00:00+03:00,20:00
40X000000010958U,K3 DİCLE ELEKTRİK PERAKENDE SATIŞ A.Ş.,unknown,2026-05-31 21:00:00+03:00,,0.0,chunk_0077.json,POST /v1/generation/data/dpp-bulk,2026-05-31 21:42:44.578970+00:00,5004441,ETİ BAKIR 2 GES TM_TRA(ST)_LUY_GES_İLETİM_5.1.H,10958,2026-05-31T21:00:00+03:00,21:00
40X000000010958U,K3 DİCLE ELEKTRİK PERAKENDE SATIŞ A.Ş.,unknown,2026-05-31 22:00:00+03:00,,0.0,chunk_0077.json,POST /v1/generation/data/dpp-bulk,2026-05-31 21:42:44.578970+00:00,5004441,ETİ BAKIR 2 GES TM_TRA(ST)_LUY_GES_İLETİM_5.1.H,10958,2026-05-31T22:00:00+03:00,22:00
40X000000010958U,K3 DİCLE ELEKTRİK PERAKENDE SATIŞ A.Ş.,unknown,2026-05-31 23:00:00+03:00,,0.0,chunk_0077.json,POST /v1/generation/data/dpp-bulk,2026-05-31 21:42:44.578970+00:00,5004441,ETİ BAKIR 2 GES TM_TRA(ST)_LUY_GES_İLETİM_5.1.H,10958,2026-05-31T23:00:00+03:00,23:00
40X0000000211008,KALYON YEKA GES 3 VE 4 GÜNEŞ ENERJİSİ YATIRIMLARI A.Ş.,unknown,2026-05-31 00:00:00+03:00,,0.0,chunk_0077.json,POST /v1/generation/data/dpp-bulk,2026-05-31 21:42:44.578970+00:00,5005004,G4-VİRANŞEHİR-7 GES,21100,2026-05-31T00:00:00+03:00,00:00
40X0000000211008,KALYON YEKA GES 3 VE 4 GÜNEŞ ENERJİSİ YATIRIMLARI A.Ş.,unknown,2026-05-31 01:00:00+03:00,,0.0,chunk_0077.json,POST /v1/generation/data/dpp-bulk,2026-05-31 21:42:44.578970+00:00,5005004,G4-VİRANŞEHİR-7 GES,21100,2026-05-31T01:00:00+03:00,01:00
40X0000000211008,KALYON YEKA GES 3 VE 4 GÜNEŞ ENERJİSİ YATIRIMLARI A.Ş.,unknown,2026-05-31 02:00:00+03:00,,0.0,chunk_0077.json,POST /v1/generation/data/dpp-bulk,2026-05-31 21:42:44.578970+00:00,5005004,G4-VİRANŞEHİR-7 GES,21100,2026-05-31T02:00:00+03:00,02:00
40X0000000211008,KALYON YEKA GES 3 VE 4 GÜNEŞ ENERJİSİ YATIRIMLARI A.Ş.,unknown,2026-05-31 03:00:00+03:00,,0.0,chunk_0077.json,POST /v1/generation/data/dpp-bulk,2026-05-31 21:42:44.578970+00:00,5005004,G4-VİRANŞEHİR-7 GES,21100,2026-05-31T03:00:00+03:00,03:00
40X0000000211008,KALYON YEKA GES 3 VE 4 GÜNEŞ ENERJİSİ YATIRIMLARI A.Ş.,unknown,2026-05-31 04:00:00+03:00,,0.0,chunk_0077.json,POST /v1/generation/data/dpp-bulk,2026-05-31 21:42:44.578970+00:00,5005004,G4-VİRANŞEHİR-7 GES,21100,2026-05-31T04:00:00+03:00,04:00
40X0000000211008,KALYON YEKA GES 3 VE 4 GÜNEŞ ENERJİSİ YATIRIMLARI A.Ş.,unknown,2026-05-31 05:00:00+03:00,,2.8,chunk_0077.json,POST /v1/generation/data/dpp-bulk,2026-05-31 21:42:44.578970+00:00,5005004,G4-VİRANŞEHİR-7 GES,21100,2026-05-31T05:00:00+03:00,05:00
40X0000000211008,KALYON YEKA GES 3 VE 4 GÜNEŞ ENERJİSİ YATIRIMLARI A.Ş.,unknown,2026-05-31 06:00:00+03:00,,0.0,chunk_0077.json,POST /v1/generation/data/dpp-bulk,2026-05-31 21:42:44.578970+00:00,5005004,G4-VİRANŞEHİR-7 GES,21100,2026-05-31T06:00:00+03:00,06:00
40X0000000211008,KALYON YEKA GES 3 VE 4 GÜNEŞ ENERJİSİ YATIRIMLARI A.Ş.,unknown,2026-05-31 07:00:00+03:00,,0.0,chunk_0077.json,POST /v1/generation/data/dpp-bulk,2026-05-31 21:42:44.578970+00:00,5005004,G4-VİRANŞEHİR-7 GES,21100,2026-05-31T07:00:00+03:00,07:00
40X0000000211008,KALYON YEKA GES 3 VE 4 GÜNEŞ ENERJİSİ YATIRIMLARI A.Ş.,unknown,2026-05-31 08:00:00+03:00,,0.0,chunk_0077.json,POST /v1/generation/data/dpp-bulk,2026-05-31 21:42:44.578970+00:00,5005004,G4-VİRANŞEHİR-7 GES,21100,2026-05-31T08:00:00+03:00,08:00
40X0000000211008,KALYON YEKA GES 3 VE 4 GÜNEŞ ENERJİSİ YATIRIMLARI A.Ş.,unknown,2026-05-31 09:00:00+03:00,,0.0,chunk_0077.json,POST /v1/generation/data/dpp-bulk,2026-05-31 21:42:44.578970+00:00,5005004,G4-VİRANŞEHİR-7 GES,21100,2026-05-31T09:00:00+03:00,09:00
40X0000000211008,KALYON YEKA GES 3 VE 4 GÜNEŞ ENERJİSİ YATIRIMLARI A.Ş.,unknown,2026-05-31 10:00:00+03:00,,0.0,chunk_0077.json,POST /v1/generation/data/dpp-bulk,2026-05-31 21:42:44.578970+00:00,5005004,G4-VİRANŞEHİR-7 GES,21100,2026-05-31T10:00:00+03:00,10:00
40X0000000211008,KALYON YEKA GES 3 VE 4 GÜNEŞ ENERJİSİ YATIRIMLARI A.Ş.,unknown,2026-05-31 11:00:00+03:00,,0.0,chunk_0077.json,POST /v1/generation/data/dpp-bulk,2026-05-31 21:42:44.578970+00:00,5005004,G4-VİRANŞEHİR-7 GES,21100,2026-05-31T11:00:00+03:00,11:00
40X0000000211008,KALYON YEKA GES 3 VE 4 GÜNEŞ ENERJİSİ YATIRIMLARI A.Ş.,unknown,2026-05-31 12:00:00+03:00,,0.0,chunk_0077.json,POST /v1/generation/data/dpp-bulk,2026-05-31 21:42:44.578970+00:00,5005004,G4-VİRANŞEHİR-7 GES,21100,2026-05-31T12:00:00+03:00,12:00
40X0000000211008,KALYON YEKA GES 3 VE 4 GÜNEŞ ENERJİSİ YATIRIMLARI A.Ş.,unknown,2026-05-31 13:00:00+03:00,,0.0,chunk_0077.json,POST /v1/generation/data/dpp-bulk,2026-05-31 21:42:44.578970+00:00,5005004,G4-VİRANŞEHİR-7 GES,21100,2026-05-31T13:00:00+03:00,13:00
40X0000000211008,KALYON YEKA GES 3 VE 4 GÜNEŞ ENERJİSİ YATIRIMLARI A.Ş.,unknown,2026-05-31 14:00:00+03:00,,0.0,chunk_0077.json,POST /v1/generation/data/dpp-bulk,2026-05-31 21:42:44.578970+00:00,5005004,G4-VİRANŞEHİR-7 GES,21100,2026-05-31T14:00:00+03:00,14:00
40X0000000211008,KALYON YEKA GES 3 VE 4 GÜNEŞ ENERJİSİ YATIRIMLARI A.Ş.,unknown,2026-05-31 15:00:00+03:00,,0.0,chunk_0077.json,POST /v1/generation/data/dpp-bulk,2026-05-31 21:42:44.578970+00:00,5005004,G4-VİRANŞEHİR-7 GES,21100,2026-05-31T15:00:00+03:00,15:00
40X0000000211008,KALYON YEKA GES 3 VE 4 GÜNEŞ ENERJİSİ YATIRIMLARI A.Ş.,unknown,2026-05-31 16:00:00+03:00,,0.0,chunk_0077.json,POST /v1/generation/data/dpp-bulk,2026-05-31 21:42:44.578970+00:00,5005004,G4-VİRANŞEHİR-7 GES,21100,2026-05-31T16:00:00+03:00,16:00
40X0000000211008,KALYON YEKA GES 3 VE 4 GÜNEŞ ENERJİSİ YATIRIMLARI A.Ş.,unknown,2026-05-31 17:00:00+03:00,,0.0,chunk_0077.json,POST /v1/generation/data/dpp-bulk,2026-05-31 21:42:44.578970+00:00,5005004,G4-VİRANŞEHİR-7 GES,21100,2026-05-31T17:00:00+03:00,17:00
40X0000000211008,KALYON YEKA GES 3 VE 4 GÜNEŞ ENERJİSİ YATIRIMLARI A.Ş.,unknown,2026-05-31 18:00:00+03:00,,12.9,chunk_0077.json,POST /v1/generation/data/dpp-bulk,2026-05-31 21:42:44.578970+00:00,5005004,G4-VİRANŞEHİR-7 GES,21100,2026-05-31T18:00:00+03:00,18:00
40X0000000211008,KALYON YEKA GES 3 VE 4 GÜNEŞ ENERJİSİ YATIRIMLARI A.Ş.,unknown,2026-05-31 19:00:00+03:00,,0.5,chunk_0077.json,POST /v1/generation/data/dpp-bulk,2026-05-31 21:42:44.578970+00:00,5005004,G4-VİRANŞEHİR-7 GES,21100,2026-05-31T19:00:00+03:00,19:00
40X0000000211008,KALYON YEKA GES 3 VE 4 GÜNEŞ ENERJİSİ YATIRIMLARI A.Ş.,unknown,2026-05-31 20:00:00+03:00,,0.0,chunk_0077.json,POST /v1/generation/data/dpp-bulk,2026-05-31 21:42:44.578970+00:00,5005004,G4-VİRANŞEHİR-7 GES,21100,2026-05-31T20:00:00+03:00,20:00
40X0000000211008,KALYON YEKA GES 3 VE 4 GÜNEŞ ENERJİSİ YATIRIMLARI A.Ş.,unknown,2026-05-31 21:00:00+03:00,,0.0,chunk_0077.json,POST /v1/generation/data/dpp-bulk,2026-05-31 21:42:44.578970+00:00,5005004,G4-VİRANŞEHİR-7 GES,21100,2026-05-31T21:00:00+03:00,21:00
40X0000000211008,KALYON YEKA GES 3 VE 4 GÜNEŞ ENERJİSİ YATIRIMLARI A.Ş.,unknown,2026-05-31 22:00:00+03:00,,0.0,chunk_0077.json,POST /v1/generation/data/dpp-bulk,2026-05-31 21:42:44.578970+00:00,5005004,G4-VİRANŞEHİR-7 GES,21100,2026-05-31T22:00:00+03:00,22:00
40X0000000211008,KALYON YEKA GES 3 VE 4 GÜNEŞ ENERJİSİ YATIRIMLARI A.Ş.,unknown,2026-05-31 23:00:00+03:00,,0.0,chunk_0077.json,POST /v1/generation/data/dpp-bulk,2026-05-31 21:42:44.578970+00:00,5005004,G4-VİRANŞEHİR-7 GES,21100,2026-05-31T23:00:00+03:00,23:00
40X0000000211008,KALYON YEKA GES 3 VE 4 GÜNEŞ ENERJİSİ YATIRIMLARI A.Ş.,unknown,2026-05-31 00:00:00+03:00,,0.0,chunk_0077.json,POST /v1/generation/data/dpp-bulk,2026-05-31 21:42:44.578970+00:00,5005041,G4-VİRANŞEHİR-5 GES,21100,2026-05-31T00:00:00+03:00,00:00
40X0000000211008,KALYON YEKA GES 3 VE 4 GÜNEŞ ENERJİSİ YATIRIMLARI A.Ş.,unknown,2026-05-31 01:00:00+03:00,,0.0,chunk_0077.json,POST /v1/generation/data/dpp-bulk,2026-05-31 21:42:44.578970+00:00,5005041,G4-VİRANŞEHİR-5 GES,21100,2026-05-31T01:00:00+03:00,01:00
40X0000000211008,KALYON YEKA GES 3 VE 4 GÜNEŞ ENERJİSİ YATIRIMLARI A.Ş.,unknown,2026-05-31 02:00:00+03:00,,0.0,chunk_0077.json,POST /v1/generation/data/dpp-bulk,2026-05-31 21:42:44.578970+00:00,5005041,G4-VİRANŞEHİR-5 GES,21100,2026-05-31T02:00:00+03:00,02:00
40X0000000211008,KALYON YEKA GES 3 VE 4 GÜNEŞ ENERJİSİ YATIRIMLARI A.Ş.,unknown,2026-05-31 03:00:00+03:00,,0.0,chunk_0077.json,POST /v1/generation/data/dpp-bulk,2026-05-31 21:42:44.578970+00:00,5005041,G4-VİRANŞEHİR-5 GES,21100,2026-05-31T03:00:00+03:00,03:00
40X0000000211008,KALYON YEKA GES 3 VE 4 GÜNEŞ ENERJİSİ YATIRIMLARI A.Ş.,unknown,2026-05-31 04:00:00+03:00,,0.0,chunk_0077.json,POST /v1/generation/data/dpp-bulk,2026-05-31 21:42:44.578970+00:00,5005041,G4-VİRANŞEHİR-5 GES,21100,2026-05-31T04:00:00+03:00,04:00
40X0000000211008,KALYON YEKA GES 3 VE 4 GÜNEŞ ENERJİSİ YATIRIMLARI A.Ş.,unknown,2026-05-31 05:00:00+03:00,,2.8,chunk_0077.json,POST /v1/generation/data/dpp-bulk,2026-05-31 21:42:44.578970+00:00,5005041,G4-VİRANŞEHİR-5 GES,21100,2026-05-31T05:00:00+03:00,05:00
40X0000000211008,KALYON YEKA GES 3 VE 4 GÜNEŞ ENERJİSİ YATIRIMLARI A.Ş.,unknown,2026-05-31 06:00:00+03:00,,0.0,chunk_0077.json,POST /v1/generation/data/dpp-bulk,2026-05-31 21:42:44.578970+00:00,5005041,G4-VİRANŞEHİR-5 GES,21100,2026-05-31T06:00:00+03:00,06:00
40X0000000211008,KALYON YEKA GES 3 VE 4 GÜNEŞ ENERJİSİ YATIRIMLARI A.Ş.,unknown,2026-05-31 07:00:00+03:00,,0.0,chunk_0077.json,POST /v1/generation/data/dpp-bulk,2026-05-31 21:42:44.578970+00:00,5005041,G4-VİRANŞEHİR-5 GES,21100,2026-05-31T07:00:00+03:00,07:00
40X0000000211008,KALYON YEKA GES 3 VE 4 GÜNEŞ ENERJİSİ YATIRIMLARI A.Ş.,unknown,2026-05-31 08:00:00+03:00,,0.0,chunk_0077.json,POST /v1/generation/data/dpp-bulk,2026-05-31 21:42:44.578970+00:00,5005041,G4-VİRANŞEHİR-5 GES,21100,2026-05-31T08:00:00+03:00,08:00
40X0000000211008,KALYON YEKA GES 3 VE 4 GÜNEŞ ENERJİSİ YATIRIMLARI A.Ş.,unknown,2026-05-31 09:00:00+03:00,,0.0,chunk_0077.json,POST /v1/generation/data/dpp-bulk,2026-05-31 21:42:44.578970+00:00,5005041,G4-VİRANŞEHİR-5 GES,21100,2026-05-31T09:00:00+03:00,09:00
40X0000000211008,KALYON YEKA GES 3 VE 4 GÜNEŞ ENERJİSİ YATIRIMLARI A.Ş.,unknown,2026-05-31 10:00:00+03:00,,0.0,chunk_0077.json,POST /v1/generation/data/dpp-bulk,2026-05-31 21:42:44.578970+00:00,5005041,G4-VİRANŞEHİR-5 GES,21100,2026-05-31T10:00:00+03:00,10:00
40X0000000211008,KALYON YEKA GES 3 VE 4 GÜNEŞ ENERJİSİ YATIRIMLARI A.Ş.,unknown,2026-05-31 11:00:00+03:00,,0.0,chunk_0077.json,POST /v1/generation/data/dpp-bulk,2026-05-31 21:42:44.578970+00:00,5005041,G4-VİRANŞEHİR-5 GES,21100,2026-05-31T11:00:00+03:00,11:00
40X0000000211008,KALYON YEKA GES 3 VE 4 GÜNEŞ ENERJİSİ YATIRIMLARI A.Ş.,unknown,2026-05-31 12:00:00+03:00,,0.0,chunk_0077.json,POST /v1/generation/data/dpp-bulk,2026-05-31 21:42:44.578970+00:00,5005041,G4-VİRANŞEHİR-5 GES,21100,2026-05-31T12:00:00+03:00,12:00
40X0000000211008,KALYON YEKA GES 3 VE 4 GÜNEŞ ENERJİSİ YATIRIMLARI A.Ş.,unknown,2026-05-31 13:00:00+03:00,,0.0,chunk_0077.json,POST /v1/generation/data/dpp-bulk,2026-05-31 21:42:44.578970+00:00,5005041,G4-VİRANŞEHİR-5 GES,21100,2026-05-31T13:00:00+03:00,13:00
40X0000000211008,KALYON YEKA GES 3 VE 4 GÜNEŞ ENERJİSİ YATIRIMLARI A.Ş.,unknown,2026-05-31 14:00:00+03:00,,0.0,chunk_0077.json,POST /v1/generation/data/dpp-bulk,2026-05-31 21:42:44.578970+00:00,5005041,G4-VİRANŞEHİR-5 GES,21100,2026-05-31T14:00:00+03:00,14:00
40X0000000211008,KALYON YEKA GES 3 VE 4 GÜNEŞ ENERJİSİ YATIRIMLARI A.Ş.,unknown,2026-05-31 15:00:00+03:00,,0.0,chunk_0077.json,POST /v1/generation/data/dpp-bulk,2026-05-31 21:42:44.578970+00:00,5005041,G4-VİRANŞEHİR-5 GES,21100,2026-05-31T15:00:00+03:00,15:00
40X0000000211008,KALYON YEKA GES 3 VE 4 GÜNEŞ ENERJİSİ YATIRIMLARI A.Ş.,unknown,2026-05-31 16:00:00+03:00,,0.0,chunk_0077.json,POST /v1/generation/data/dpp-bulk,2026-05-31 21:42:44.578970+00:00,5005041,G4-VİRANŞEHİR-5 GES,21100,2026-05-31T16:00:00+03:00,16:00
40X0000000211008,KALYON YEKA GES 3 VE 4 GÜNEŞ ENERJİSİ YATIRIMLARI A.Ş.,unknown,2026-05-31 17:00:00+03:00,,0.0,chunk_0077.json,POST /v1/generation/data/dpp-bulk,2026-05-31 21:42:44.578970+00:00,5005041,G4-VİRANŞEHİR-5 GES,21100,2026-05-31T17:00:00+03:00,17:00
40X0000000211008,KALYON YEKA GES 3 VE 4 GÜNEŞ ENERJİSİ YATIRIMLARI A.Ş.,unknown,2026-05-31 18:00:00+03:00,,13.0,chunk_0077.json,POST /v1/generation/data/dpp-bulk,2026-05-31 21:42:44.578970+00:00,5005041,G4-VİRANŞEHİR-5 GES,21100,2026-05-31T18:00:00+03:00,18:00
40X0000000211008,KALYON YEKA GES 3 VE 4 GÜNEŞ ENERJİSİ YATIRIMLARI A.Ş.,unknown,2026-05-31 19:00:00+03:00,,0.5,chunk_0077.json,POST /v1/generation/data/dpp-bulk,2026-05-31 21:42:44.578970+00:00,5005041,G4-VİRANŞEHİR-5 GES,21100,2026-05-31T19:00:00+03:00,19:00
40X0000000211008,KALYON YEKA GES 3 VE 4 GÜNEŞ ENERJİSİ YATIRIMLARI A.Ş.,unknown,2026-05-31 20:00:00+03:00,,0.0,chunk_0077.json,POST /v1/generation/data/dpp-bulk,2026-05-31 21:42:44.578970+00:00,5005041,G4-VİRANŞEHİR-5 GES,21100,2026-05-31T20:00:00+03:00,20:00
40X0000000211008,KALYON YEKA GES 3 VE 4 GÜNEŞ ENERJİSİ YATIRIMLARI A.Ş.,unknown,2026-05-31 21:00:00+03:00,,0.0,chunk_0077.json,POST /v1/generation/data/dpp-bulk,2026-05-31 21:42:44.578970+00:00,5005041,G4-VİRANŞEHİR-5 GES,21100,2026-05-31T21:00:00+03:00,21:00
40X0000000211008,KALYON YEKA GES 3 VE 4 GÜNEŞ ENERJİSİ YATIRIMLARI A.Ş.,unknown,2026-05-31 22:00:00+03:00,,0.0,chunk_0077.json,POST /v1/generation/data/dpp-bulk,2026-05-31 21:42:44.578970+00:00,5005041,G4-VİRANŞEHİR-5 GES,21100,2026-05-31T22:00:00+03:00,22:00
40X0000000211008,KALYON YEKA GES 3 VE 4 GÜNEŞ ENERJİSİ YATIRIMLARI A.Ş.,unknown,2026-05-31 23:00:00+03:00,,0.0,chunk_0077.json,POST /v1/generation/data/dpp-bulk,2026-05-31 21:42:44.578970+00:00,5005041,G4-VİRANŞEHİR-5 GES,21100,2026-05-31T23:00:00+03:00,23:00
40X0000000211008,KALYON YEKA GES 3 VE 4 GÜNEŞ ENERJİSİ YATIRIMLARI A.Ş.,unknown,2026-05-31 00:00:00+03:00,,0.0,chunk_0077.json,POST /v1/generation/data/dpp-bulk,2026-05-31 21:42:44.578970+00:00,5005043,G4-VİRANŞEHİR-8 GES,21100,2026-05-31T00:00:00+03:00,00:00
40X0000000211008,KALYON YEKA GES 3 VE 4 GÜNEŞ ENERJİSİ YATIRIMLARI A.Ş.,unknown,2026-05-31 01:00:00+03:00,,0.0,chunk_0077.json,POST /v1/generation/data/dpp-bulk,2026-05-31 21:42:44.578970+00:00,5005043,G4-VİRANŞEHİR-8 GES,21100,2026-05-31T01:00:00+03:00,01:00
40X0000000211008,KALYON YEKA GES 3 VE 4 GÜNEŞ ENERJİSİ YATIRIMLARI A.Ş.,unknown,2026-05-31 02:00:00+03:00,,0.0,chunk_0077.json,POST /v1/generation/data/dpp-bulk,2026-05-31 21:42:44.578970+00:00,5005043,G4-VİRANŞEHİR-8 GES,21100,2026-05-31T02:00:00+03:00,02:00
40X0000000211008,KALYON YEKA GES 3 VE 4 GÜNEŞ ENERJİSİ YATIRIMLARI A.Ş.,unknown,2026-05-31 03:00:00+03:00,,0.0,chunk_0077.json,POST /v1/generation/data/dpp-bulk,2026-05-31 21:42:44.578970+00:00,5005043,G4-VİRANŞEHİR-8 GES,21100,2026-05-31T03:00:00+03:00,03:00
40X0000000211008,KALYON YEKA GES 3 VE 4 GÜNEŞ ENERJİSİ YATIRIMLARI A.Ş.,unknown,2026-05-31 04:00:00+03:00,,0.0,chunk_0077.json,POST /v1/generation/data/dpp-bulk,2026-05-31 21:42:44.578970+00:00,5005043,G4-VİRANŞEHİR-8 GES,21100,2026-05-31T04:00:00+03:00,04:00
40X0000000211008,KALYON YEKA GES 3 VE 4 GÜNEŞ ENERJİSİ YATIRIMLARI A.Ş.,unknown,2026-05-31 05:00:00+03:00,,2.8,chunk_0077.json,POST /v1/generation/data/dpp-bulk,2026-05-31 21:42:44.578970+00:00,5005043,G4-VİRANŞEHİR-8 GES,21100,2026-05-31T05:00:00+03:00,05:00
40X0000000211008,KALYON YEKA GES 3 VE 4 GÜNEŞ ENERJİSİ YATIRIMLARI A.Ş.,unknown,2026-05-31 06:00:00+03:00,,0.0,chunk_0077.json,POST /v1/generation/data/dpp-bulk,2026-05-31 21:42:44.578970+00:00,5005043,G4-VİRANŞEHİR-8 GES,21100,2026-05-31T06:00:00+03:00,06:00
40X0000000211008,KALYON YEKA GES 3 VE 4 GÜNEŞ ENERJİSİ YATIRIMLARI A.Ş.,unknown,2026-05-31 07:00:00+03:00,,0.0,chunk_0077.json,POST /v1/generation/data/dpp-bulk,2026-05-31 21:42:44.578970+00:00,5005043,G4-VİRANŞEHİR-8 GES,21100,2026-05-31T07:00:00+03:00,07:00
40X0000000211008,KALYON YEKA GES 3 VE 4 GÜNEŞ ENERJİSİ YATIRIMLARI A.Ş.,unknown,2026-05-31 08:00:00+03:00,,0.0,chunk_0077.json,POST /v1/generation/data/dpp-bulk,2026-05-31 21:42:44.578970+00:00,5005043,G4-VİRANŞEHİR-8 GES,21100,2026-05-31T08:00:00+03:00,08:00
40X0000000211008,KALYON YEKA GES 3 VE 4 GÜNEŞ ENERJİSİ YATIRIMLARI A.Ş.,unknown,2026-05-31 09:00:00+03:00,,0.0,chunk_0077.json,POST /v1/generation/data/dpp-bulk,2026-05-31 21:42:44.578970+00:00,5005043,G4-VİRANŞEHİR-8 GES,21100,2026-05-31T09:00:00+03:00,09:00
40X0000000211008,KALYON YEKA GES 3 VE 4 GÜNEŞ ENERJİSİ YATIRIMLARI A.Ş.,unknown,2026-05-31 10:00:00+03:00,,0.0,chunk_0077.json,POST /v1/generation/data/dpp-bulk,2026-05-31 21:42:44.578970+00:00,5005043,G4-VİRANŞEHİR-8 GES,21100,2026-05-31T10:00:00+03:00,10:00
40X0000000211008,KALYON YEKA GES 3 VE 4 GÜNEŞ ENERJİSİ YATIRIMLARI A.Ş.,unknown,2026-05-31 11:00:00+03:00,,0.0,chunk_0077.json,POST /v1/generation/data/dpp-bulk,2026-05-31 21:42:44.578970+00:00,5005043,G4-VİRANŞEHİR-8 GES,21100,2026-05-31T11:00:00+03:00,11:00
40X0000000211008,KALYON YEKA GES 3 VE 4 GÜNEŞ ENERJİSİ YATIRIMLARI A.Ş.,unknown,2026-05-31 12:00:00+03:00,,0.0,chunk_0077.json,POST /v1/generation/data/dpp-bulk,2026-05-31 21:42:44.578970+00:00,5005043,G4-VİRANŞEHİR-8 GES,21100,2026-05-31T12:00:00+03:00,12:00
40X0000000211008,KALYON YEKA GES 3 VE 4 GÜNEŞ ENERJİSİ YATIRIMLARI A.Ş.,unknown,2026-05-31 13:00:00+03:00,,0.0,chunk_0077.json,POST /v1/generation/data/dpp-bulk,2026-05-31 21:42:44.578970+00:00,5005043,G4-VİRANŞEHİR-8 GES,21100,2026-05-31T13:00:00+03:00,13:00
40X0000000211008,KALYON YEKA GES 3 VE 4 GÜNEŞ ENERJİSİ YATIRIMLARI A.Ş.,unknown,2026-05-31 14:00:00+03:00,,0.0,chunk_0077.json,POST /v1/generation/data/dpp-bulk,2026-05-31 21:42:44.578970+00:00,5005043,G4-VİRANŞEHİR-8 GES,21100,2026-05-31T14:00:00+03:00,14:00
40X0000000211008,KALYON YEKA GES 3 VE 4 GÜNEŞ ENERJİSİ YATIRIMLARI A.Ş.,unknown,2026-05-31 15:00:00+03:00,,0.0,chunk_0077.json,POST /v1/generation/data/dpp-bulk,2026-05-31 21:42:44.578970+00:00,5005043,G4-VİRANŞEHİR-8 GES,21100,2026-05-31T15:00:00+03:00,15:00
40X0000000211008,KALYON YEKA GES 3 VE 4 GÜNEŞ ENERJİSİ YATIRIMLARI A.Ş.,unknown,2026-05-31 16:00:00+03:00,,0.0,chunk_0077.json,POST /v1/generation/data/dpp-bulk,2026-05-31 21:42:44.578970+00:00,5005043,G4-VİRANŞEHİR-8 GES,21100,2026-05-31T16:00:00+03:00,16:00
40X0000000211008,KALYON YEKA GES 3 VE 4 GÜNEŞ ENERJİSİ YATIRIMLARI A.Ş.,unknown,2026-05-31 17:00:00+03:00,,0.0,chunk_0077.json,POST /v1/generation/data/dpp-bulk,2026-05-31 21:42:44.578970+00:00,5005043,G4-VİRANŞEHİR-8 GES,21100,2026-05-31T17:00:00+03:00,17:00
40X0000000211008,KALYON YEKA GES 3 VE 4 GÜNEŞ ENERJİSİ YATIRIMLARI A.Ş.,unknown,2026-05-31 18:00:00+03:00,,12.9,chunk_0077.json,POST /v1/generation/data/dpp-bulk,2026-05-31 21:42:44.578970+00:00,5005043,G4-VİRANŞEHİR-8 GES,21100,2026-05-31T18:00:00+03:00,18:00
40X0000000211008,KALYON YEKA GES 3 VE 4 GÜNEŞ ENERJİSİ YATIRIMLARI A.Ş.,unknown,2026-05-31 19:00:00+03:00,,0.5,chunk_0077.json,POST /v1/generation/data/dpp-bulk,2026-05-31 21:42:44.578970+00:00,5005043,G4-VİRANŞEHİR-8 GES,21100,2026-05-31T19:00:00+03:00,19:00
40X0000000211008,KALYON YEKA GES 3 VE 4 GÜNEŞ ENERJİSİ YATIRIMLARI A.Ş.,unknown,2026-05-31 20:00:00+03:00,,0.0,chunk_0077.json,POST /v1/generation/data/dpp-bulk,2026-05-31 21:42:44.578970+00:00,5005043,G4-VİRANŞEHİR-8 GES,21100,2026-05-31T20:00:00+03:00,20:00
40X0000000211008,KALYON YEKA GES 3 VE 4 GÜNEŞ ENERJİSİ YATIRIMLARI A.Ş.,unknown,2026-05-31 21:00:00+03:00,,0.0,chunk_0077.json,POST /v1/generation/data/dpp-bulk,2026-05-31 21:42:44.578970+00:00,5005043,G4-VİRANŞEHİR-8 GES,21100,2026-05-31T21:00:00+03:00,21:00
40X0000000211008,KALYON YEKA GES 3 VE 4 GÜNEŞ ENERJİSİ YATIRIMLARI A.Ş.,unknown,2026-05-31 22:00:00+03:00,,0.0,chunk_0077.json,POST /v1/generation/data/dpp-bulk,2026-05-31 21:42:44.578970+00:00,5005043,G4-VİRANŞEHİR-8 GES,21100,2026-05-31T22:00:00+03:00,22:00
40X0000000211008,KALYON YEKA GES 3 VE 4 GÜNEŞ ENERJİSİ YATIRIMLARI A.Ş.,unknown,2026-05-31 23:00:00+03:00,,0.0,chunk_0077.json,POST /v1/generation/data/dpp-bulk,2026-05-31 21:42:44.578970+00:00,5005043,G4-VİRANŞEHİR-8 GES,21100,2026-05-31T23:00:00+03:00,23:00
40X0000001022004,KALYON YEKA RES 3 RÜZGAR ENERJİSİ YATIRIMLARI A.Ş.,unknown,2026-05-31 00:00:00+03:00,,18.5,chunk_0077.json,POST /v1/generation/data/dpp-bulk,2026-05-31 21:42:44.578970+00:00,5003862,R3-ANKARA-2-1 RES,102200,2026-05-31T00:00:00+03:00,00:00
40X0000001022004,KALYON YEKA RES 3 RÜZGAR ENERJİSİ YATIRIMLARI A.Ş.,unknown,2026-05-31 01:00:00+03:00,,18.5,chunk_0077.json,POST /v1/generation/data/dpp-bulk,2026-05-31 21:42:44.578970+00:00,5003862,R3-ANKARA-2-1 RES,102200,2026-05-31T01:00:00+03:00,01:00
40X0000001022004,KALYON YEKA RES 3 RÜZGAR ENERJİSİ YATIRIMLARI A.Ş.,unknown,2026-05-31 02:00:00+03:00,,15.8,chunk_0077.json,POST /v1/generation/data/dpp-bulk,2026-05-31 21:42:44.578970+00:00,5003862,R3-ANKARA-2-1 RES,102200,2026-05-31T02:00:00+03:00,02:00
40X0000001022004,KALYON YEKA RES 3 RÜZGAR ENERJİSİ YATIRIMLARI A.Ş.,unknown,2026-05-31 03:00:00+03:00,,12.1,chunk_0077.json,POST /v1/generation/data/dpp-bulk,2026-05-31 21:42:44.578970+00:00,5003862,R3-ANKARA-2-1 RES,102200,2026-05-31T03:00:00+03:00,03:00
40X0000001022004,KALYON YEKA RES 3 RÜZGAR ENERJİSİ YATIRIMLARI A.Ş.,unknown,2026-05-31 04:00:00+03:00,,9.6,chunk_0077.json,POST /v1/generation/data/dpp-bulk,2026-05-31 21:42:44.578970+00:00,5003862,R3-ANKARA-2-1 RES,102200,2026-05-31T04:00:00+03:00,04:00
40X0000001022004,KALYON YEKA RES 3 RÜZGAR ENERJİSİ YATIRIMLARI A.Ş.,unknown,2026-05-31 05:00:00+03:00,,7.3,chunk_0077.json,POST /v1/generation/data/dpp-bulk,2026-05-31 21:42:44.578970+00:00,5003862,R3-ANKARA-2-1 RES,102200,2026-05-31T05:00:00+03:00,05:00
40X0000001022004,KALYON YEKA RES 3 RÜZGAR ENERJİSİ YATIRIMLARI A.Ş.,unknown,2026-05-31 06:00:00+03:00,,0.0,chunk_0077.json,POST /v1/generation/data/dpp-bulk,2026-05-31 21:42:44.578970+00:00,5003862,R3-ANKARA-2-1 RES,102200,2026-05-31T06:00:00+03:00,06:00
40X0000001022004,KALYON YEKA RES 3 RÜZGAR ENERJİSİ YATIRIMLARI A.Ş.,unknown,2026-05-31 07:00:00+03:00,,0.0,chunk_0077.json,POST /v1/generation/data/dpp-bulk,2026-05-31 21:42:44.578970+00:00,5003862,R3-ANKARA-2-1 RES,102200,2026-05-31T07:00:00+03:00,07:00
40X0000001022004,KALYON YEKA RES 3 RÜZGAR ENERJİSİ YATIRIMLARI A.Ş.,unknown,2026-05-31 08:00:00+03:00,,0.0,chunk_0077.json,POST /v1/generation/data/dpp-bulk,2026-05-31 21:42:44.578970+00:00,5003862,R3-ANKARA-2-1 RES,102200,2026-05-31T08:00:00+03:00,08:00
40X0000001022004,KALYON YEKA RES 3 RÜZGAR ENERJİSİ YATIRIMLARI A.Ş.,unknown,2026-05-31 09:00:00+03:00,,0.0,chunk_0077.json,POST /v1/generation/data/dpp-bulk,2026-05-31 21:42:44.578970+00:00,5003862,R3-ANKARA-2-1 RES,102200,2026-05-31T09:00:00+03:00,09:00
40X0000001022004,KALYON YEKA RES 3 RÜZGAR ENERJİSİ YATIRIMLARI A.Ş.,unknown,2026-05-31 10:00:00+03:00,,0.0,chunk_0077.json,POST /v1/generation/data/dpp-bulk,2026-05-31 21:42:44.578970+00:00,5003862,R3-ANKARA-2-1 RES,102200,2026-05-31T10:00:00+03:00,10:00
40X0000001022004,KALYON YEKA RES 3 RÜZGAR ENERJİSİ YATIRIMLARI A.Ş.,unknown,2026-05-31 11:00:00+03:00,,0.0,chunk_0077.json,POST /v1/generation/data/dpp-bulk,2026-05-31 21:42:44.578970+00:00,5003862,R3-ANKARA-2-1 RES,102200,2026-05-31T11:00:00+03:00,11:00
40X0000001022004,KALYON YEKA RES 3 RÜZGAR ENERJİSİ YATIRIMLARI A.Ş.,unknown,2026-05-31 12:00:00+03:00,,0.0,chunk_0077.json,POST /v1/generation/data/dpp-bulk,2026-05-31 21:42:44.578970+00:00,5003862,R3-ANKARA-2-1 RES,102200,2026-05-31T12:00:00+03:00,12:00
40X0000001022004,KALYON YEKA RES 3 RÜZGAR ENERJİSİ YATIRIMLARI A.Ş.,unknown,2026-05-31 13:00:00+03:00,,0.0,chunk_0077.json,POST /v1/generation/data/dpp-bulk,2026-05-31 21:42:44.578970+00:00,5003862,R3-ANKARA-2-1 RES,102200,2026-05-31T13:00:00+03:00,13:00
40X0000001022004,KALYON YEKA RES 3 RÜZGAR ENERJİSİ YATIRIMLARI A.Ş.,unknown,2026-05-31 14:00:00+03:00,,0.0,chunk_0077.json,POST /v1/generation/data/dpp-bulk,2026-05-31 21:42:44.578970+00:00,5003862,R3-ANKARA-2-1 RES,102200,2026-05-31T14:00:00+03:00,14:00
40X0000001022004,KALYON YEKA RES 3 RÜZGAR ENERJİSİ YATIRIMLARI A.Ş.,unknown,2026-05-31 15:00:00+03:00,,0.0,chunk_0077.json,POST /v1/generation/data/dpp-bulk,2026-05-31 21:42:44.578970+00:00,5003862,R3-ANKARA-2-1 RES,102200,2026-05-31T15:00:00+03:00,15:00
40X0000001022004,KALYON YEKA RES 3 RÜZGAR ENERJİSİ YATIRIMLARI A.Ş.,unknown,2026-05-31 16:00:00+03:00,,0.0,chunk_0077.json,POST /v1/generation/data/dpp-bulk,2026-05-31 21:42:44.578970+00:00,5003862,R3-ANKARA-2-1 RES,102200,2026-05-31T16:00:00+03:00,16:00
40X0000001022004,KALYON YEKA RES 3 RÜZGAR ENERJİSİ YATIRIMLARI A.Ş.,unknown,2026-05-31 17:00:00+03:00,,0.0,chunk_0077.json,POST /v1/generation/data/dpp-bulk,2026-05-31 21:42:44.578970+00:00,5003862,R3-ANKARA-2-1 RES,102200,2026-05-31T17:00:00+03:00,17:00
40X0000001022004,KALYON YEKA RES 3 RÜZGAR ENERJİSİ YATIRIMLARI A.Ş.,unknown,2026-05-31 18:00:00+03:00,,5.0,chunk_0077.json,POST /v1/generation/data/dpp-bulk,2026-05-31 21:42:44.578970+00:00,5003862,R3-ANKARA-2-1 RES,102200,2026-05-31T18:00:00+03:00,18:00
40X0000001022004,KALYON YEKA RES 3 RÜZGAR ENERJİSİ YATIRIMLARI A.Ş.,unknown,2026-05-31 19:00:00+03:00,,4.0,chunk_0077.json,POST /v1/generation/data/dpp-bulk,2026-05-31 21:42:44.578970+00:00,5003862,R3-ANKARA-2-1 RES,102200,2026-05-31T19:00:00+03:00,19:00
40X0000001022004,KALYON YEKA RES 3 RÜZGAR ENERJİSİ YATIRIMLARI A.Ş.,unknown,2026-05-31 20:00:00+03:00,,3.5,chunk_0077.json,POST /v1/generation/data/dpp-bulk,2026-05-31 21:42:44.578970+00:00,5003862,R3-ANKARA-2-1 RES,102200,2026-05-31T20:00:00+03:00,20:00
40X0000001022004,KALYON YEKA RES 3 RÜZGAR ENERJİSİ YATIRIMLARI A.Ş.,unknown,2026-05-31 21:00:00+03:00,,4.0,chunk_0077.json,POST /v1/generation/data/dpp-bulk,2026-05-31 21:42:44.578970+00:00,5003862,R3-ANKARA-2-1 RES,102200,2026-05-31T21:00:00+03:00,21:00
40X0000001022004,KALYON YEKA RES 3 RÜZGAR ENERJİSİ YATIRIMLARI A.Ş.,unknown,2026-05-31 22:00:00+03:00,,4.4,chunk_0077.json,POST /v1/generation/data/dpp-bulk,2026-05-31 21:42:44.578970+00:00,5003862,R3-ANKARA-2-1 RES,102200,2026-05-31T22:00:00+03:00,22:00
40X0000001022004,KALYON YEKA RES 3 RÜZGAR ENERJİSİ YATIRIMLARI A.Ş.,unknown,2026-05-31 23:00:00+03:00,,4.6,chunk_0077.json,POST /v1/generation/data/dpp-bulk,2026-05-31 21:42:44.578970+00:00,5003862,R3-ANKARA-2-1 RES,102200,2026-05-31T23:00:00+03:00,23:00
40X0000001022004,KALYON YEKA RES 3 RÜZGAR ENERJİSİ YATIRIMLARI A.Ş.,unknown,2026-05-31 00:00:00+03:00,,19.1,chunk_0077.json,POST /v1/generation/data/dpp-bulk,2026-05-31 21:42:44.578970+00:00,5004042,R3-BİLECİK-6 RES,102200,2026-05-31T00:00:00+03:00,00:00
40X0000001022004,KALYON YEKA RES 3 RÜZGAR ENERJİSİ YATIRIMLARI A.Ş.,unknown,2026-05-31 01:00:00+03:00,,13.9,chunk_0077.json,POST /v1/generation/data/dpp-bulk,2026-05-31 21:42:44.578970+00:00,5004042,R3-BİLECİK-6 RES,102200,2026-05-31T01:00:00+03:00,01:00
40X0000001022004,KALYON YEKA RES 3 RÜZGAR ENERJİSİ YATIRIMLARI A.Ş.,unknown,2026-05-31 02:00:00+03:00,,11.8,chunk_0077.json,POST /v1/generation/data/dpp-bulk,2026-05-31 21:42:44.578970+00:00,5004042,R3-BİLECİK-6 RES,102200,2026-05-31T02:00:00+03:00,02:00
40X0000001022004,KALYON YEKA RES 3 RÜZGAR ENERJİSİ YATIRIMLARI A.Ş.,unknown,2026-05-31 03:00:00+03:00,,10.4,chunk_0077.json,POST /v1/generation/data/dpp-bulk,2026-05-31 21:42:44.578970+00:00,5004042,R3-BİLECİK-6 RES,102200,2026-05-31T03:00:00+03:00,03:00
40X0000001022004,KALYON YEKA RES 3 RÜZGAR ENERJİSİ YATIRIMLARI A.Ş.,unknown,2026-05-31 04:00:00+03:00,,5.1,chunk_0077.json,POST /v1/generation/data/dpp-bulk,2026-05-31 21:42:44.578970+00:00,5004042,R3-BİLECİK-6 RES,102200,2026-05-31T04:00:00+03:00,04:00
40X0000001022004,KALYON YEKA RES 3 RÜZGAR ENERJİSİ YATIRIMLARI A.Ş.,unknown,2026-05-31 05:00:00+03:00,,5.0,chunk_0077.json,POST /v1/generation/data/dpp-bulk,2026-05-31 21:42:44.578970+00:00,5004042,R3-BİLECİK-6 RES,102200,2026-05-31T05:00:00+03:00,05:00
40X0000001022004,KALYON YEKA RES 3 RÜZGAR ENERJİSİ YATIRIMLARI A.Ş.,unknown,2026-05-31 06:00:00+03:00,,0.0,chunk_0077.json,POST /v1/generation/data/dpp-bulk,2026-05-31 21:42:44.578970+00:00,5004042,R3-BİLECİK-6 RES,102200,2026-05-31T06:00:00+03:00,06:00
40X0000001022004,KALYON YEKA RES 3 RÜZGAR ENERJİSİ YATIRIMLARI A.Ş.,unknown,2026-05-31 07:00:00+03:00,,0.0,chunk_0077.json,POST /v1/generation/data/dpp-bulk,2026-05-31 21:42:44.578970+00:00,5004042,R3-BİLECİK-6 RES,102200,2026-05-31T07:00:00+03:00,07:00
40X0000001022004,KALYON YEKA RES 3 RÜZGAR ENERJİSİ YATIRIMLARI A.Ş.,unknown,2026-05-31 08:00:00+03:00,,0.0,chunk_0077.json,POST /v1/generation/data/dpp-bulk,2026-05-31 21:42:44.578970+00:00,5004042,R3-BİLECİK-6 RES,102200,2026-05-31T08:00:00+03:00,08:00
40X0000001022004,KALYON YEKA RES 3 RÜZGAR ENERJİSİ YATIRIMLARI A.Ş.,unknown,2026-05-31 09:00:00+03:00,,0.0,chunk_0077.json,POST /v1/generation/data/dpp-bulk,2026-05-31 21:42:44.578970+00:00,5004042,R3-BİLECİK-6 RES,102200,2026-05-31T09:00:00+03:00,09:00
40X0000001022004,KALYON YEKA RES 3 RÜZGAR ENERJİSİ YATIRIMLARI A.Ş.,unknown,2026-05-31 10:00:00+03:00,,0.0,chunk_0077.json,POST /v1/generation/data/dpp-bulk,2026-05-31 21:42:44.578970+00:00,5004042,R3-BİLECİK-6 RES,102200,2026-05-31T10:00:00+03:00,10:00
40X0000001022004,KALYON YEKA RES 3 RÜZGAR ENERJİSİ YATIRIMLARI A.Ş.,unknown,2026-05-31 11:00:00+03:00,,0.0,chunk_0077.json,POST /v1/generation/data/dpp-bulk,2026-05-31 21:42:44.578970+00:00,5004042,R3-BİLECİK-6 RES,102200,2026-05-31T11:00:00+03:00,11:00
40X0000001022004,KALYON YEKA RES 3 RÜZGAR ENERJİSİ YATIRIMLARI A.Ş.,unknown,2026-05-31 12:00:00+03:00,,0.0,chunk_0077.json,POST /v1/generation/data/dpp-bulk,2026-05-31 21:42:44.578970+00:00,5004042,R3-BİLECİK-6 RES,102200,2026-05-31T12:00:00+03:00,12:00
40X0000001022004,KALYON YEKA RES 3 RÜZGAR ENERJİSİ YATIRIMLARI A.Ş.,unknown,2026-05-31 13:00:00+03:00,,0.0,chunk_0077.json,POST /v1/generation/data/dpp-bulk,2026-05-31 21:42:44.578970+00:00,5004042,R3-BİLECİK-6 RES,102200,2026-05-31T13:00:00+03:00,13:00
40X0000001022004,KALYON YEKA RES 3 RÜZGAR ENERJİSİ YATIRIMLARI A.Ş.,unknown,2026-05-31 14:00:00+03:00,,0.0,chunk_0077.json,POST /v1/generation/data/dpp-bulk,2026-05-31 21:42:44.578970+00:00,5004042,R3-BİLECİK-6 RES,102200,2026-05-31T14:00:00+03:00,14:00
40X0000001022004,KALYON YEKA RES 3 RÜZGAR ENERJİSİ YATIRIMLARI A.Ş.,unknown,2026-05-31 15:00:00+03:00,,0.0,chunk_0077.json,POST /v1/generation/data/dpp-bulk,2026-05-31 21:42:44.578970+00:00,5004042,R3-BİLECİK-6 RES,102200,2026-05-31T15:00:00+03:00,15:00
40X0000001022004,KALYON YEKA RES 3 RÜZGAR ENERJİSİ YATIRIMLARI A.Ş.,unknown,2026-05-31 16:00:00+03:00,,0.0,chunk_0077.json,POST /v1/generation/data/dpp-bulk,2026-05-31 21:42:44.578970+00:00,5004042,R3-BİLECİK-6 RES,102200,2026-05-31T16:00:00+03:00,16:00
40X0000001022004,KALYON YEKA RES 3 RÜZGAR ENERJİSİ YATIRIMLARI A.Ş.,unknown,2026-05-31 17:00:00+03:00,,0.0,chunk_0077.json,POST /v1/generation/data/dpp-bulk,2026-05-31 21:42:44.578970+00:00,5004042,R3-BİLECİK-6 RES,102200,2026-05-31T17:00:00+03:00,17:00
40X0000001022004,KALYON YEKA RES 3 RÜZGAR ENERJİSİ YATIRIMLARI A.Ş.,unknown,2026-05-31 18:00:00+03:00,,11.6,chunk_0077.json,POST /v1/generation/data/dpp-bulk,2026-05-31 21:42:44.578970+00:00,5004042,R3-BİLECİK-6 RES,102200,2026-05-31T18:00:00+03:00,18:00
40X0000001022004,KALYON YEKA RES 3 RÜZGAR ENERJİSİ YATIRIMLARI A.Ş.,unknown,2026-05-31 19:00:00+03:00,,16.7,chunk_0077.json,POST /v1/generation/data/dpp-bulk,2026-05-31 21:42:44.578970+00:00,5004042,R3-BİLECİK-6 RES,102200,2026-05-31T19:00:00+03:00,19:00
40X0000001022004,KALYON YEKA RES 3 RÜZGAR ENERJİSİ YATIRIMLARI A.Ş.,unknown,2026-05-31 20:00:00+03:00,,17.0,chunk_0077.json,POST /v1/generation/data/dpp-bulk,2026-05-31 21:42:44.578970+00:00,5004042,R3-BİLECİK-6 RES,102200,2026-05-31T20:00:00+03:00,20:00
40X0000001022004,KALYON YEKA RES 3 RÜZGAR ENERJİSİ YATIRIMLARI A.Ş.,unknown,2026-05-31 21:00:00+03:00,,8.9,chunk_0077.json,POST /v1/generation/data/dpp-bulk,2026-05-31 21:42:44.578970+00:00,5004042,R3-BİLECİK-6 RES,102200,2026-05-31T21:00:00+03:00,21:00
40X0000001022004,KALYON YEKA RES 3 RÜZGAR ENERJİSİ YATIRIMLARI A.Ş.,unknown,2026-05-31 22:00:00+03:00,,5.4,chunk_0077.json,POST /v1/generation/data/dpp-bulk,2026-05-31 21:42:44.578970+00:00,5004042,R3-BİLECİK-6 RES,102200,2026-05-31T22:00:00+03:00,22:00
40X0000001022004,KALYON YEKA RES 3 RÜZGAR ENERJİSİ YATIRIMLARI A.Ş.,unknown,2026-05-31 23:00:00+03:00,,3.0,chunk_0077.json,POST /v1/generation/data/dpp-bulk,2026-05-31 21:42:44.578970+00:00,5004042,R3-BİLECİK-6 RES,102200,2026-05-31T23:00:00+03:00,23:00
40X000000102340P,HEZ ENERJİ İNŞAAT SAN. VE TİC. A.Ş.,unknown,2026-05-31 00:00:00+03:00,,13.0,chunk_0077.json,POST /v1/generation/data/dpp-bulk,2026-05-31 21:42:44.578970+00:00,5003843,HEZ MORALI JES 1,102340,2026-05-31T00:00:00+03:00,00:00
40X000000102340P,HEZ ENERJİ İNŞAAT SAN. VE TİC. A.Ş.,unknown,2026-05-31 01:00:00+03:00,,13.5,chunk_0077.json,POST /v1/generation/data/dpp-bulk,2026-05-31 21:42:44.578970+00:00,5003843,HEZ MORALI JES 1,102340,2026-05-31T01:00:00+03:00,01:00
40X000000102340P,HEZ ENERJİ İNŞAAT SAN. VE TİC. A.Ş.,unknown,2026-05-31 02:00:00+03:00,,13.5,chunk_0077.json,POST /v1/generation/data/dpp-bulk,2026-05-31 21:42:44.578970+00:00,5003843,HEZ MORALI JES 1,102340,2026-05-31T02:00:00+03:00,02:00
40X000000102340P,HEZ ENERJİ İNŞAAT SAN. VE TİC. A.Ş.,unknown,2026-05-31 03:00:00+03:00,,14.0,chunk_0077.json,POST /v1/generation/data/dpp-bulk,2026-05-31 21:42:44.578970+00:00,5003843,HEZ MORALI JES 1,102340,2026-05-31T03:00:00+03:00,03:00
40X000000102340P,HEZ ENERJİ İNŞAAT SAN. VE TİC. A.Ş.,unknown,2026-05-31 04:00:00+03:00,,14.0,chunk_0077.json,POST /v1/generation/data/dpp-bulk,2026-05-31 21:42:44.578970+00:00,5003843,HEZ MORALI JES 1,102340,2026-05-31T04:00:00+03:00,04:00
40X000000102340P,HEZ ENERJİ İNŞAAT SAN. VE TİC. A.Ş.,unknown,2026-05-31 05:00:00+03:00,,14.0,chunk_0077.json,POST /v1/generation/data/dpp-bulk,2026-05-31 21:42:44.578970+00:00,5003843,HEZ MORALI JES 1,102340,2026-05-31T05:00:00+03:00,05:00
40X000000102340P,HEZ ENERJİ İNŞAAT SAN. VE TİC. A.Ş.,unknown,2026-05-31 06:00:00+03:00,,14.5,chunk_0077.json,POST /v1/generation/data/dpp-bulk,2026-05-31 21:42:44.578970+00:00,5003843,HEZ MORALI JES 1,102340,2026-05-31T06:00:00+03:00,06:00
40X000000102340P,HEZ ENERJİ İNŞAAT SAN. VE TİC. A.Ş.,unknown,2026-05-31 07:00:00+03:00,,14.0,chunk_0077.json,POST /v1/generation/data/dpp-bulk,2026-05-31 21:42:44.578970+00:00,5003843,HEZ MORALI JES 1,102340,2026-05-31T07:00:00+03:00,07:00
40X000000102340P,HEZ ENERJİ İNŞAAT SAN. VE TİC. A.Ş.,unknown,2026-05-31 08:00:00+03:00,,13.0,chunk_0077.json,POST /v1/generation/data/dpp-bulk,2026-05-31 21:42:44.578970+00:00,5003843,HEZ MORALI JES 1,102340,2026-05-31T08:00:00+03:00,08:00
40X000000102340P,HEZ ENERJİ İNŞAAT SAN. VE TİC. A.Ş.,unknown,2026-05-31 09:00:00+03:00,,12.5,chunk_0077.json,POST /v1/generation/data/dpp-bulk,2026-05-31 21:42:44.578970+00:00,5003843,HEZ MORALI JES 1,102340,2026-05-31T09:00:00+03:00,09:00
40X000000102340P,HEZ ENERJİ İNŞAAT SAN. VE TİC. A.Ş.,unknown,2026-05-31 10:00:00+03:00,,11.5,chunk_0077.json,POST /v1/generation/data/dpp-bulk,2026-05-31 21:42:44.578970+00:00,5003843,HEZ MORALI JES 1,102340,2026-05-31T10:00:00+03:00,10:00
40X000000102340P,HEZ ENERJİ İNŞAAT SAN. VE TİC. A.Ş.,unknown,2026-05-31 11:00:00+03:00,,11.0,chunk_0077.json,POST /v1/generation/data/dpp-bulk,2026-05-31 21:42:44.578970+00:00,5003843,HEZ MORALI JES 1,102340,2026-05-31T11:00:00+03:00,11:00
40X000000102340P,HEZ ENERJİ İNŞAAT SAN. VE TİC. A.Ş.,unknown,2026-05-31 12:00:00+03:00,,10.5,chunk_0077.json,POST /v1/generation/data/dpp-bulk,2026-05-31 21:42:44.578970+00:00,5003843,HEZ MORALI JES 1,102340,2026-05-31T12:00:00+03:00,12:00
40X000000102340P,HEZ ENERJİ İNŞAAT SAN. VE TİC. A.Ş.,unknown,2026-05-31 13:00:00+03:00,,8.8,chunk_0077.json,POST /v1/generation/data/dpp-bulk,2026-05-31 21:42:44.578970+00:00,5003843,HEZ MORALI JES 1,102340,2026-05-31T13:00:00+03:00,13:00
40X000000102340P,HEZ ENERJİ İNŞAAT SAN. VE TİC. A.Ş.,unknown,2026-05-31 14:00:00+03:00,,10.0,chunk_0077.json,POST /v1/generation/data/dpp-bulk,2026-05-31 21:42:44.578970+00:00,5003843,HEZ MORALI JES 1,102340,2026-05-31T14:00:00+03:00,14:00
40X000000102340P,HEZ ENERJİ İNŞAAT SAN. VE TİC. A.Ş.,unknown,2026-05-31 15:00:00+03:00,,9.5,chunk_0077.json,POST /v1/generation/data/dpp-bulk,2026-05-31 21:42:44.578970+00:00,5003843,HEZ MORALI JES 1,102340,2026-05-31T15:00:00+03:00,15:00
40X000000102340P,HEZ ENERJİ İNŞAAT SAN. VE TİC. A.Ş.,unknown,2026-05-31 16:00:00+03:00,,9.5,chunk_0077.json,POST /v1/generation/data/dpp-bulk,2026-05-31 21:42:44.578970+00:00,5003843,HEZ MORALI JES 1,102340,2026-05-31T16:00:00+03:00,16:00
40X000000102340P,HEZ ENERJİ İNŞAAT SAN. VE TİC. A.Ş.,unknown,2026-05-31 17:00:00+03:00,,10.0,chunk_0077.json,POST /v1/generation/data/dpp-bulk,2026-05-31 21:42:44.578970+00:00,5003843,HEZ MORALI JES 1,102340,2026-05-31T17:00:00+03:00,17:00
40X000000102340P,HEZ ENERJİ İNŞAAT SAN. VE TİC. A.Ş.,unknown,2026-05-31 18:00:00+03:00,,10.5,chunk_0077.json,POST /v1/generation/data/dpp-bulk,2026-05-31 21:42:44.578970+00:00,5003843,HEZ MORALI JES 1,102340,2026-05-31T18:00:00+03:00,18:00
40X000000102340P,HEZ ENERJİ İNŞAAT SAN. VE TİC. A.Ş.,unknown,2026-05-31 19:00:00+03:00,,10.5,chunk_0077.json,POST /v1/generation/data/dpp-bulk,2026-05-31 21:42:44.578970+00:00,5003843,HEZ MORALI JES 1,102340,2026-05-31T19:00:00+03:00,19:00
40X000000102340P,HEZ ENERJİ İNŞAAT SAN. VE TİC. A.Ş.,unknown,2026-05-31 20:00:00+03:00,,11.5,chunk_0077.json,POST /v1/generation/data/dpp-bulk,2026-05-31 21:42:44.578970+00:00,5003843,HEZ MORALI JES 1,102340,2026-05-31T20:00:00+03:00,20:00
40X000000102340P,HEZ ENERJİ İNŞAAT SAN. VE TİC. A.Ş.,unknown,2026-05-31 21:00:00+03:00,,12.0,chunk_0077.json,POST /v1/generation/data/dpp-bulk,2026-05-31 21:42:44.578970+00:00,5003843,HEZ MORALI JES 1,102340,2026-05-31T21:00:00+03:00,21:00
40X000000102340P,HEZ ENERJİ İNŞAAT SAN. VE TİC. A.Ş.,unknown,2026-05-31 22:00:00+03:00,,12.5,chunk_0077.json,POST /v1/generation/data/dpp-bulk,2026-05-31 21:42:44.578970+00:00,5003843,HEZ MORALI JES 1,102340,2026-05-31T22:00:00+03:00,22:00
40X000000102340P,HEZ ENERJİ İNŞAAT SAN. VE TİC. A.Ş.,unknown,2026-05-31 23:00:00+03:00,,13.0,chunk_0077.json,POST /v1/generation/data/dpp-bulk,2026-05-31 21:42:44.578970+00:00,5003843,HEZ MORALI JES 1,102340,2026-05-31T23:00:00+03:00,23:00
40X000000103201Y,ERKİM ELEKTRİK ENERJİSİ TİC. A.Ş. (TOPLAYICI),unknown,2026-05-31 00:00:00+03:00,,0.0,chunk_0077.json,POST /v1/generation/data/dpp-bulk,2026-05-31 21:42:44.578970+00:00,5004964,G4-VİRANŞEHİR-9 GES,103201,2026-05-31T00:00:00+03:00,00:00
40X000000103201Y,ERKİM ELEKTRİK ENERJİSİ TİC. A.Ş. (TOPLAYICI),unknown,2026-05-31 01:00:00+03:00,,0.0,chunk_0077.json,POST /v1/generation/data/dpp-bulk,2026-05-31 21:42:44.578970+00:00,5004964,G4-VİRANŞEHİR-9 GES,103201,2026-05-31T01:00:00+03:00,01:00
40X000000103201Y,ERKİM ELEKTRİK ENERJİSİ TİC. A.Ş. (TOPLAYICI),unknown,2026-05-31 02:00:00+03:00,,0.0,chunk_0077.json,POST /v1/generation/data/dpp-bulk,2026-05-31 21:42:44.578970+00:00,5004964,G4-VİRANŞEHİR-9 GES,103201,2026-05-31T02:00:00+03:00,02:00
40X000000103201Y,ERKİM ELEKTRİK ENERJİSİ TİC. A.Ş. (TOPLAYICI),unknown,2026-05-31 03:00:00+03:00,,0.0,chunk_0077.json,POST /v1/generation/data/dpp-bulk,2026-05-31 21:42:44.578970+00:00,5004964,G4-VİRANŞEHİR-9 GES,103201,2026-05-31T03:00:00+03:00,03:00
40X000000103201Y,ERKİM ELEKTRİK ENERJİSİ TİC. A.Ş. (TOPLAYICI),unknown,2026-05-31 04:00:00+03:00,,0.03,chunk_0077.json,POST /v1/generation/data/dpp-bulk,2026-05-31 21:42:44.578970+00:00,5004964,G4-VİRANŞEHİR-9 GES,103201,2026-05-31T04:00:00+03:00,04:00
40X000000103201Y,ERKİM ELEKTRİK ENERJİSİ TİC. A.Ş. (TOPLAYICI),unknown,2026-05-31 05:00:00+03:00,,2.94,chunk_0077.json,POST /v1/generation/data/dpp-bulk,2026-05-31 21:42:44.578970+00:00,5004964,G4-VİRANŞEHİR-9 GES,103201,2026-05-31T05:00:00+03:00,05:00
40X000000103201Y,ERKİM ELEKTRİK ENERJİSİ TİC. A.Ş. (TOPLAYICI),unknown,2026-05-31 06:00:00+03:00,,0.0,chunk_0077.json,POST /v1/generation/data/dpp-bulk,2026-05-31 21:42:44.578970+00:00,5004964,G4-VİRANŞEHİR-9 GES,103201,2026-05-31T06:00:00+03:00,06:00
40X000000103201Y,ERKİM ELEKTRİK ENERJİSİ TİC. A.Ş. (TOPLAYICI),unknown,2026-05-31 07:00:00+03:00,,0.0,chunk_0077.json,POST /v1/generation/data/dpp-bulk,2026-05-31 21:42:44.578970+00:00,5004964,G4-VİRANŞEHİR-9 GES,103201,2026-05-31T07:00:00+03:00,07:00
40X000000103201Y,ERKİM ELEKTRİK ENERJİSİ TİC. A.Ş. (TOPLAYICI),unknown,2026-05-31 08:00:00+03:00,,0.0,chunk_0077.json,POST /v1/generation/data/dpp-bulk,2026-05-31 21:42:44.578970+00:00,5004964,G4-VİRANŞEHİR-9 GES,103201,2026-05-31T08:00:00+03:00,08:00
40X000000103201Y,ERKİM ELEKTRİK ENERJİSİ TİC. A.Ş. (TOPLAYICI),unknown,2026-05-31 09:00:00+03:00,,0.0,chunk_0077.json,POST /v1/generation/data/dpp-bulk,2026-05-31 21:42:44.578970+00:00,5004964,G4-VİRANŞEHİR-9 GES,103201,2026-05-31T09:00:00+03:00,09:00
40X000000103201Y,ERKİM ELEKTRİK ENERJİSİ TİC. A.Ş. (TOPLAYICI),unknown,2026-05-31 10:00:00+03:00,,0.0,chunk_0077.json,POST /v1/generation/data/dpp-bulk,2026-05-31 21:42:44.578970+00:00,5004964,G4-VİRANŞEHİR-9 GES,103201,2026-05-31T10:00:00+03:00,10:00
40X000000103201Y,ERKİM ELEKTRİK ENERJİSİ TİC. A.Ş. (TOPLAYICI),unknown,2026-05-31 11:00:00+03:00,,0.0,chunk_0077.json,POST /v1/generation/data/dpp-bulk,2026-05-31 21:42:44.578970+00:00,5004964,G4-VİRANŞEHİR-9 GES,103201,2026-05-31T11:00:00+03:00,11:00
40X000000103201Y,ERKİM ELEKTRİK ENERJİSİ TİC. A.Ş. (TOPLAYICI),unknown,2026-05-31 12:00:00+03:00,,0.0,chunk_0077.json,POST /v1/generation/data/dpp-bulk,2026-05-31 21:42:44.578970+00:00,5004964,G4-VİRANŞEHİR-9 GES,103201,2026-05-31T12:00:00+03:00,12:00
40X000000103201Y,ERKİM ELEKTRİK ENERJİSİ TİC. A.Ş. (TOPLAYICI),unknown,2026-05-31 13:00:00+03:00,,0.0,chunk_0077.json,POST /v1/generation/data/dpp-bulk,2026-05-31 21:42:44.578970+00:00,5004964,G4-VİRANŞEHİR-9 GES,103201,2026-05-31T13:00:00+03:00,13:00
40X000000103201Y,ERKİM ELEKTRİK ENERJİSİ TİC. A.Ş. (TOPLAYICI),unknown,2026-05-31 14:00:00+03:00,,0.0,chunk_0077.json,POST /v1/generation/data/dpp-bulk,2026-05-31 21:42:44.578970+00:00,5004964,G4-VİRANŞEHİR-9 GES,103201,2026-05-31T14:00:00+03:00,14:00
40X000000103201Y,ERKİM ELEKTRİK ENERJİSİ TİC. A.Ş. (TOPLAYICI),unknown,2026-05-31 15:00:00+03:00,,0.0,chunk_0077.json,POST /v1/generation/data/dpp-bulk,2026-05-31 21:42:44.578970+00:00,5004964,G4-VİRANŞEHİR-9 GES,103201,2026-05-31T15:00:00+03:00,15:00
40X000000103201Y,ERKİM ELEKTRİK ENERJİSİ TİC. A.Ş. (TOPLAYICI),unknown,2026-05-31 16:00:00+03:00,,0.0,chunk_0077.json,POST /v1/generation/data/dpp-bulk,2026-05-31 21:42:44.578970+00:00,5004964,G4-VİRANŞEHİR-9 GES,103201,2026-05-31T16:00:00+03:00,16:00
40X000000103201Y,ERKİM ELEKTRİK ENERJİSİ TİC. A.Ş. (TOPLAYICI),unknown,2026-05-31 17:00:00+03:00,,0.0,chunk_0077.json,POST /v1/generation/data/dpp-bulk,2026-05-31 21:42:44.578970+00:00,5004964,G4-VİRANŞEHİR-9 GES,103201,2026-05-31T17:00:00+03:00,17:00
40X000000103201Y,ERKİM ELEKTRİK ENERJİSİ TİC. A.Ş. (TOPLAYICI),unknown,2026-05-31 18:00:00+03:00,,10.45,chunk_0077.json,POST /v1/generation/data/dpp-bulk,2026-05-31 21:42:44.578970+00:00,5004964,G4-VİRANŞEHİR-9 GES,103201,2026-05-31T18:00:00+03:00,18:00
40X000000103201Y,ERKİM ELEKTRİK ENERJİSİ TİC. A.Ş. (TOPLAYICI),unknown,2026-05-31 19:00:00+03:00,,0.0,chunk_0077.json,POST /v1/generation/data/dpp-bulk,2026-05-31 21:42:44.578970+00:00,5004964,G4-VİRANŞEHİR-9 GES,103201,2026-05-31T19:00:00+03:00,19:00
40X000000103201Y,ERKİM ELEKTRİK ENERJİSİ TİC. A.Ş. (TOPLAYICI),unknown,2026-05-31 20:00:00+03:00,,0.0,chunk_0077.json,POST /v1/generation/data/dpp-bulk,2026-05-31 21:42:44.578970+00:00,5004964,G4-VİRANŞEHİR-9 GES,103201,2026-05-31T20:00:00+03:00,20:00
40X000000103201Y,ERKİM ELEKTRİK ENERJİSİ TİC. A.Ş. (TOPLAYICI),unknown,2026-05-31 21:00:00+03:00,,0.0,chunk_0077.json,POST /v1/generation/data/dpp-bulk,2026-05-31 21:42:44.578970+00:00,5004964,G4-VİRANŞEHİR-9 GES,103201,2026-05-31T21:00:00+03:00,21:00
40X000000103201Y,ERKİM ELEKTRİK ENERJİSİ TİC. A.Ş. (TOPLAYICI),unknown,2026-05-31 22:00:00+03:00,,0.0,chunk_0077.json,POST /v1/generation/data/dpp-bulk,2026-05-31 21:42:44.578970+00:00,5004964,G4-VİRANŞEHİR-9 GES,103201,2026-05-31T22:00:00+03:00,22:00
40X000000103201Y,ERKİM ELEKTRİK ENERJİSİ TİC. A.Ş. (TOPLAYICI),unknown,2026-05-31 23:00:00+03:00,,0.0,chunk_0077.json,POST /v1/generation/data/dpp-bulk,2026-05-31 21:42:44.578970+00:00,5004964,G4-VİRANŞEHİR-9 GES,103201,2026-05-31T23:00:00+03:00,23:00
40X000000103201Y,ERKİM ELEKTRİK ENERJİSİ TİC. A.Ş. (TOPLAYICI),unknown,2026-05-31 00:00:00+03:00,,0.0,chunk_0077.json,POST /v1/generation/data/dpp-bulk,2026-05-31 21:42:44.578970+00:00,5004982,G4-VİRANŞEHİR-4 GES,103201,2026-05-31T00:00:00+03:00,00:00
40X000000103201Y,ERKİM ELEKTRİK ENERJİSİ TİC. A.Ş. (TOPLAYICI),unknown,2026-05-31 01:00:00+03:00,,0.0,chunk_0077.json,POST /v1/generation/data/dpp-bulk,2026-05-31 21:42:44.578970+00:00,5004982,G4-VİRANŞEHİR-4 GES,103201,2026-05-31T01:00:00+03:00,01:00
40X000000103201Y,ERKİM ELEKTRİK ENERJİSİ TİC. A.Ş. (TOPLAYICI),unknown,2026-05-31 02:00:00+03:00,,0.0,chunk_0077.json,POST /v1/generation/data/dpp-bulk,2026-05-31 21:42:44.578970+00:00,5004982,G4-VİRANŞEHİR-4 GES,103201,2026-05-31T02:00:00+03:00,02:00
40X000000103201Y,ERKİM ELEKTRİK ENERJİSİ TİC. A.Ş. (TOPLAYICI),unknown,2026-05-31 03:00:00+03:00,,0.0,chunk_0077.json,POST /v1/generation/data/dpp-bulk,2026-05-31 21:42:44.578970+00:00,5004982,G4-VİRANŞEHİR-4 GES,103201,2026-05-31T03:00:00+03:00,03:00
40X000000103201Y,ERKİM ELEKTRİK ENERJİSİ TİC. A.Ş. (TOPLAYICI),unknown,2026-05-31 04:00:00+03:00,,0.02,chunk_0077.json,POST /v1/generation/data/dpp-bulk,2026-05-31 21:42:44.578970+00:00,5004982,G4-VİRANŞEHİR-4 GES,103201,2026-05-31T04:00:00+03:00,04:00
40X000000103201Y,ERKİM ELEKTRİK ENERJİSİ TİC. A.Ş. (TOPLAYICI),unknown,2026-05-31 05:00:00+03:00,,2.95,chunk_0077.json,POST /v1/generation/data/dpp-bulk,2026-05-31 21:42:44.578970+00:00,5004982,G4-VİRANŞEHİR-4 GES,103201,2026-05-31T05:00:00+03:00,05:00
40X000000103201Y,ERKİM ELEKTRİK ENERJİSİ TİC. A.Ş. (TOPLAYICI),unknown,2026-05-31 06:00:00+03:00,,0.0,chunk_0077.json,POST /v1/generation/data/dpp-bulk,2026-05-31 21:42:44.578970+00:00,5004982,G4-VİRANŞEHİR-4 GES,103201,2026-05-31T06:00:00+03:00,06:00
40X000000103201Y,ERKİM ELEKTRİK ENERJİSİ TİC. A.Ş. (TOPLAYICI),unknown,2026-05-31 07:00:00+03:00,,0.0,chunk_0077.json,POST /v1/generation/data/dpp-bulk,2026-05-31 21:42:44.578970+00:00,5004982,G4-VİRANŞEHİR-4 GES,103201,2026-05-31T07:00:00+03:00,07:00
40X000000103201Y,ERKİM ELEKTRİK ENERJİSİ TİC. A.Ş. (TOPLAYICI),unknown,2026-05-31 08:00:00+03:00,,0.0,chunk_0077.json,POST /v1/generation/data/dpp-bulk,2026-05-31 21:42:44.578970+00:00,5004982,G4-VİRANŞEHİR-4 GES,103201,2026-05-31T08:00:00+03:00,08:00
40X000000103201Y,ERKİM ELEKTRİK ENERJİSİ TİC. A.Ş. (TOPLAYICI),unknown,2026-05-31 09:00:00+03:00,,0.0,chunk_0077.json,POST /v1/generation/data/dpp-bulk,2026-05-31 21:42:44.578970+00:00,5004982,G4-VİRANŞEHİR-4 GES,103201,2026-05-31T09:00:00+03:00,09:00
40X000000103201Y,ERKİM ELEKTRİK ENERJİSİ TİC. A.Ş. (TOPLAYICI),unknown,2026-05-31 10:00:00+03:00,,0.0,chunk_0077.json,POST /v1/generation/data/dpp-bulk,2026-05-31 21:42:44.578970+00:00,5004982,G4-VİRANŞEHİR-4 GES,103201,2026-05-31T10:00:00+03:00,10:00
40X000000103201Y,ERKİM ELEKTRİK ENERJİSİ TİC. A.Ş. (TOPLAYICI),unknown,2026-05-31 11:00:00+03:00,,0.0,chunk_0077.json,POST /v1/generation/data/dpp-bulk,2026-05-31 21:42:44.578970+00:00,5004982,G4-VİRANŞEHİR-4 GES,103201,2026-05-31T11:00:00+03:00,11:00
40X000000103201Y,ERKİM ELEKTRİK ENERJİSİ TİC. A.Ş. (TOPLAYICI),unknown,2026-05-31 12:00:00+03:00,,0.0,chunk_0077.json,POST /v1/generation/data/dpp-bulk,2026-05-31 21:42:44.578970+00:00,5004982,G4-VİRANŞEHİR-4 GES,103201,2026-05-31T12:00:00+03:00,12:00
40X000000103201Y,ERKİM ELEKTRİK ENERJİSİ TİC. A.Ş. (TOPLAYICI),unknown,2026-05-31 13:00:00+03:00,,0.0,chunk_0077.json,POST /v1/generation/data/dpp-bulk,2026-05-31 21:42:44.578970+00:00,5004982,G4-VİRANŞEHİR-4 GES,103201,2026-05-31T13:00:00+03:00,13:00
40X000000103201Y,ERKİM ELEKTRİK ENERJİSİ TİC. A.Ş. (TOPLAYICI),unknown,2026-05-31 14:00:00+03:00,,0.0,chunk_0077.json,POST /v1/generation/data/dpp-bulk,2026-05-31 21:42:44.578970+00:00,5004982,G4-VİRANŞEHİR-4 GES,103201,2026-05-31T14:00:00+03:00,14:00
40X000000103201Y,ERKİM ELEKTRİK ENERJİSİ TİC. A.Ş. (TOPLAYICI),unknown,2026-05-31 15:00:00+03:00,,0.0,chunk_0077.json,POST /v1/generation/data/dpp-bulk,2026-05-31 21:42:44.578970+00:00,5004982,G4-VİRANŞEHİR-4 GES,103201,2026-05-31T15:00:00+03:00,15:00
40X000000103201Y,ERKİM ELEKTRİK ENERJİSİ TİC. A.Ş. (TOPLAYICI),unknown,2026-05-31 16:00:00+03:00,,0.0,chunk_0077.json,POST /v1/generation/data/dpp-bulk,2026-05-31 21:42:44.578970+00:00,5004982,G4-VİRANŞEHİR-4 GES,103201,2026-05-31T16:00:00+03:00,16:00
40X000000103201Y,ERKİM ELEKTRİK ENERJİSİ TİC. A.Ş. (TOPLAYICI),unknown,2026-05-31 17:00:00+03:00,,0.0,chunk_0077.json,POST /v1/generation/data/dpp-bulk,2026-05-31 21:42:44.578970+00:00,5004982,G4-VİRANŞEHİR-4 GES,103201,2026-05-31T17:00:00+03:00,17:00
40X000000103201Y,ERKİM ELEKTRİK ENERJİSİ TİC. A.Ş. (TOPLAYICI),unknown,2026-05-31 18:00:00+03:00,,9.84,chunk_0077.json,POST /v1/generation/data/dpp-bulk,2026-05-31 21:42:44.578970+00:00,5004982,G4-VİRANŞEHİR-4 GES,103201,2026-05-31T18:00:00+03:00,18:00
40X000000103201Y,ERKİM ELEKTRİK ENERJİSİ TİC. A.Ş. (TOPLAYICI),unknown,2026-05-31 19:00:00+03:00,,0.0,chunk_0077.json,POST /v1/generation/data/dpp-bulk,2026-05-31 21:42:44.578970+00:00,5004982,G4-VİRANŞEHİR-4 GES,103201,2026-05-31T19:00:00+03:00,19:00
40X000000103201Y,ERKİM ELEKTRİK ENERJİSİ TİC. A.Ş. (TOPLAYICI),unknown,2026-05-31 20:00:00+03:00,,0.0,chunk_0077.json,POST /v1/generation/data/dpp-bulk,2026-05-31 21:42:44.578970+00:00,5004982,G4-VİRANŞEHİR-4 GES,103201,2026-05-31T20:00:00+03:00,20:00
40X000000103201Y,ERKİM ELEKTRİK ENERJİSİ TİC. A.Ş. (TOPLAYICI),unknown,2026-05-31 21:00:00+03:00,,0.0,chunk_0077.json,POST /v1/generation/data/dpp-bulk,2026-05-31 21:42:44.578970+00:00,5004982,G4-VİRANŞEHİR-4 GES,103201,2026-05-31T21:00:00+03:00,21:00
40X000000103201Y,ERKİM ELEKTRİK ENERJİSİ TİC. A.Ş. (TOPLAYICI),unknown,2026-05-31 22:00:00+03:00,,0.0,chunk_0077.json,POST /v1/generation/data/dpp-bulk,2026-05-31 21:42:44.578970+00:00,5004982,G4-VİRANŞEHİR-4 GES,103201,2026-05-31T22:00:00+03:00,22:00
40X000000103201Y,ERKİM ELEKTRİK ENERJİSİ TİC. A.Ş. (TOPLAYICI),unknown,2026-05-31 23:00:00+03:00,,0.0,chunk_0077.json,POST /v1/generation/data/dpp-bulk,2026-05-31 21:42:44.578970+00:00,5004982,G4-VİRANŞEHİR-4 GES,103201,2026-05-31T23:00:00+03:00,23:00
40X000000103420M,ENKO ENERJİ SAN. VE TİC. A.Ş. (TOPLAYICI),unknown,2026-05-31 00:00:00+03:00,,0.0,chunk_0077.json,POST /v1/generation/data/dpp-bulk,2026-05-31 21:42:44.578970+00:00,5004021,ŞULE RES,103420,2026-05-31T00:00:00+03:00,00:00
40X000000103420M,ENKO ENERJİ SAN. VE TİC. A.Ş. (TOPLAYICI),unknown,2026-05-31 01:00:00+03:00,,0.0,chunk_0077.json,POST /v1/generation/data/dpp-bulk,2026-05-31 21:42:44.578970+00:00,5004021,ŞULE RES,103420,2026-05-31T01:00:00+03:00,01:00
40X000000103420M,ENKO ENERJİ SAN. VE TİC. A.Ş. (TOPLAYICI),unknown,2026-05-31 02:00:00+03:00,,0.0,chunk_0077.json,POST /v1/generation/data/dpp-bulk,2026-05-31 21:42:44.578970+00:00,5004021,ŞULE RES,103420,2026-05-31T02:00:00+03:00,02:00
40X000000103420M,ENKO ENERJİ SAN. VE TİC. A.Ş. (TOPLAYICI),unknown,2026-05-31 03:00:00+03:00,,0.0,chunk_0077.json,POST /v1/generation/data/dpp-bulk,2026-05-31 21:42:44.578970+00:00,5004021,ŞULE RES,103420,2026-05-31T03:00:00+03:00,03:00
40X000000103420M,ENKO ENERJİ SAN. VE TİC. A.Ş. (TOPLAYICI),unknown,2026-05-31 04:00:00+03:00,,0.0,chunk_0077.json,POST /v1/generation/data/dpp-bulk,2026-05-31 21:42:44.578970+00:00,5004021,ŞULE RES,103420,2026-05-31T04:00:00+03:00,04:00
40X000000103420M,ENKO ENERJİ SAN. VE TİC. A.Ş. (TOPLAYICI),unknown,2026-05-31 05:00:00+03:00,,0.0,chunk_0077.json,POST /v1/generation/data/dpp-bulk,2026-05-31 21:42:44.578970+00:00,5004021,ŞULE RES,103420,2026-05-31T05:00:00+03:00,05:00
40X000000103420M,ENKO ENERJİ SAN. VE TİC. A.Ş. (TOPLAYICI),unknown,2026-05-31 06:00:00+03:00,,0.0,chunk_0077.json,POST /v1/generation/data/dpp-bulk,2026-05-31 21:42:44.578970+00:00,5004021,ŞULE RES,103420,2026-05-31T06:00:00+03:00,06:00
40X000000103420M,ENKO ENERJİ SAN. VE TİC. A.Ş. (TOPLAYICI),unknown,2026-05-31 07:00:00+03:00,,0.0,chunk_0077.json,POST /v1/generation/data/dpp-bulk,2026-05-31 21:42:44.578970+00:00,5004021,ŞULE RES,103420,2026-05-31T07:00:00+03:00,07:00
40X000000103420M,ENKO ENERJİ SAN. VE TİC. A.Ş. (TOPLAYICI),unknown,2026-05-31 08:00:00+03:00,,0.0,chunk_0077.json,POST /v1/generation/data/dpp-bulk,2026-05-31 21:42:44.578970+00:00,5004021,ŞULE RES,103420,2026-05-31T08:00:00+03:00,08:00
40X000000103420M,ENKO ENERJİ SAN. VE TİC. A.Ş. (TOPLAYICI),unknown,2026-05-31 09:00:00+03:00,,0.0,chunk_0077.json,POST /v1/generation/data/dpp-bulk,2026-05-31 21:42:44.578970+00:00,5004021,ŞULE RES,103420,2026-05-31T09:00:00+03:00,09:00
40X000000103420M,ENKO ENERJİ SAN. VE TİC. A.Ş. (TOPLAYICI),unknown,2026-05-31 10:00:00+03:00,,0.0,chunk_0077.json,POST /v1/generation/data/dpp-bulk,2026-05-31 21:42:44.578970+00:00,5004021,ŞULE RES,103420,2026-05-31T10:00:00+03:00,10:00
40X000000103420M,ENKO ENERJİ SAN. VE TİC. A.Ş. (TOPLAYICI),unknown,2026-05-31 11:00:00+03:00,,0.0,chunk_0077.json,POST /v1/generation/data/dpp-bulk,2026-05-31 21:42:44.578970+00:00,5004021,ŞULE RES,103420,2026-05-31T11:00:00+03:00,11:00
40X000000103420M,ENKO ENERJİ SAN. VE TİC. A.Ş. (TOPLAYICI),unknown,2026-05-31 12:00:00+03:00,,0.0,chunk_0077.json,POST /v1/generation/data/dpp-bulk,2026-05-31 21:42:44.578970+00:00,5004021,ŞULE RES,103420,2026-05-31T12:00:00+03:00,12:00
40X000000103420M,ENKO ENERJİ SAN. VE TİC. A.Ş. (TOPLAYICI),unknown,2026-05-31 13:00:00+03:00,,0.0,chunk_0077.json,POST /v1/generation/data/dpp-bulk,2026-05-31 21:42:44.578970+00:00,5004021,ŞULE RES,103420,2026-05-31T13:00:00+03:00,13:00
40X000000103420M,ENKO ENERJİ SAN. VE TİC. A.Ş. (TOPLAYICI),unknown,2026-05-31 14:00:00+03:00,,0.0,chunk_0077.json,POST /v1/generation/data/dpp-bulk,2026-05-31 21:42:44.578970+00:00,5004021,ŞULE RES,103420,2026-05-31T14:00:00+03:00,14:00
40X000000103420M,ENKO ENERJİ SAN. VE TİC. A.Ş. (TOPLAYICI),unknown,2026-05-31 15:00:00+03:00,,0.0,chunk_0077.json,POST /v1/generation/data/dpp-bulk,2026-05-31 21:42:44.578970+00:00,5004021,ŞULE RES,103420,2026-05-31T15:00:00+03:00,15:00
40X000000103420M,ENKO ENERJİ SAN. VE TİC. A.Ş. (TOPLAYICI),unknown,2026-05-31 16:00:00+03:00,,0.0,chunk_0077.json,POST /v1/generation/data/dpp-bulk,2026-05-31 21:42:44.578970+00:00,5004021,ŞULE RES,103420,2026-05-31T16:00:00+03:00,16:00
40X000000103420M,ENKO ENERJİ SAN. VE TİC. A.Ş. (TOPLAYICI),unknown,2026-05-31 17:00:00+03:00,,0.0,chunk_0077.json,POST /v1/generation/data/dpp-bulk,2026-05-31 21:42:44.578970+00:00,5004021,ŞULE RES,103420,2026-05-31T17:00:00+03:00,17:00
40X000000103420M,ENKO ENERJİ SAN. VE TİC. A.Ş. (TOPLAYICI),unknown,2026-05-31 18:00:00+03:00,,0.0,chunk_0077.json,POST /v1/generation/data/dpp-bulk,2026-05-31 21:42:44.578970+00:00,5004021,ŞULE RES,103420,2026-05-31T18:00:00+03:00,18:00
40X000000103420M,ENKO ENERJİ SAN. VE TİC. A.Ş. (TOPLAYICI),unknown,2026-05-31 19:00:00+03:00,,13.7,chunk_0077.json,POST /v1/generation/data/dpp-bulk,2026-05-31 21:42:44.578970+00:00,5004021,ŞULE RES,103420,2026-05-31T19:00:00+03:00,19:00
40X000000103420M,ENKO ENERJİ SAN. VE TİC. A.Ş. (TOPLAYICI),unknown,2026-05-31 20:00:00+03:00,,13.3,chunk_0077.json,POST /v1/generation/data/dpp-bulk,2026-05-31 21:42:44.578970+00:00,5004021,ŞULE RES,103420,2026-05-31T20:00:00+03:00,20:00
40X000000103420M,ENKO ENERJİ SAN. VE TİC. A.Ş. (TOPLAYICI),unknown,2026-05-31 21:00:00+03:00,,11.8,chunk_0077.json,POST /v1/generation/data/dpp-bulk,2026-05-31 21:42:44.578970+00:00,5004021,ŞULE RES,103420,2026-05-31T21:00:00+03:00,21:00
40X000000103420M,ENKO ENERJİ SAN. VE TİC. A.Ş. (TOPLAYICI),unknown,2026-05-31 22:00:00+03:00,,13.1,chunk_0077.json,POST /v1/generation/data/dpp-bulk,2026-05-31 21:42:44.578970+00:00,5004021,ŞULE RES,103420,2026-05-31T22:00:00+03:00,22:00
40X000000103420M,ENKO ENERJİ SAN. VE TİC. A.Ş. (TOPLAYICI),unknown,2026-05-31 23:00:00+03:00,,11.7,chunk_0077.json,POST /v1/generation/data/dpp-bulk,2026-05-31 21:42:44.578970+00:00,5004021,ŞULE RES,103420,2026-05-31T23:00:00+03:00,23:00
40X000000103420M,ENKO ENERJİ SAN. VE TİC. A.Ş. (TOPLAYICI),unknown,2026-05-31 00:00:00+03:00,,0.0,chunk_0077.json,POST /v1/generation/data/dpp-bulk,2026-05-31 21:42:44.578970+00:00,5004062,G4-VİRANŞEHİR-3 GES,103420,2026-05-31T00:00:00+03:00,00:00
40X000000103420M,ENKO ENERJİ SAN. VE TİC. A.Ş. (TOPLAYICI),unknown,2026-05-31 01:00:00+03:00,,0.0,chunk_0077.json,POST /v1/generation/data/dpp-bulk,2026-05-31 21:42:44.578970+00:00,5004062,G4-VİRANŞEHİR-3 GES,103420,2026-05-31T01:00:00+03:00,01:00
40X000000103420M,ENKO ENERJİ SAN. VE TİC. A.Ş. (TOPLAYICI),unknown,2026-05-31 02:00:00+03:00,,0.0,chunk_0077.json,POST /v1/generation/data/dpp-bulk,2026-05-31 21:42:44.578970+00:00,5004062,G4-VİRANŞEHİR-3 GES,103420,2026-05-31T02:00:00+03:00,02:00
40X000000103420M,ENKO ENERJİ SAN. VE TİC. A.Ş. (TOPLAYICI),unknown,2026-05-31 03:00:00+03:00,,0.0,chunk_0077.json,POST /v1/generation/data/dpp-bulk,2026-05-31 21:42:44.578970+00:00,5004062,G4-VİRANŞEHİR-3 GES,103420,2026-05-31T03:00:00+03:00,03:00
40X000000103420M,ENKO ENERJİ SAN. VE TİC. A.Ş. (TOPLAYICI),unknown,2026-05-31 04:00:00+03:00,,0.0,chunk_0077.json,POST /v1/generation/data/dpp-bulk,2026-05-31 21:42:44.578970+00:00,5004062,G4-VİRANŞEHİR-3 GES,103420,2026-05-31T04:00:00+03:00,04:00
40X000000103420M,ENKO ENERJİ SAN. VE TİC. A.Ş. (TOPLAYICI),unknown,2026-05-31 05:00:00+03:00,,2.9,chunk_0077.json,POST /v1/generation/data/dpp-bulk,2026-05-31 21:42:44.578970+00:00,5004062,G4-VİRANŞEHİR-3 GES,103420,2026-05-31T05:00:00+03:00,05:00
40X000000103420M,ENKO ENERJİ SAN. VE TİC. A.Ş. (TOPLAYICI),unknown,2026-05-31 06:00:00+03:00,,0.0,chunk_0077.json,POST /v1/generation/data/dpp-bulk,2026-05-31 21:42:44.578970+00:00,5004062,G4-VİRANŞEHİR-3 GES,103420,2026-05-31T06:00:00+03:00,06:00
40X000000103420M,ENKO ENERJİ SAN. VE TİC. A.Ş. (TOPLAYICI),unknown,2026-05-31 07:00:00+03:00,,0.0,chunk_0077.json,POST /v1/generation/data/dpp-bulk,2026-05-31 21:42:44.578970+00:00,5004062,G4-VİRANŞEHİR-3 GES,103420,2026-05-31T07:00:00+03:00,07:00
40X000000103420M,ENKO ENERJİ SAN. VE TİC. A.Ş. (TOPLAYICI),unknown,2026-05-31 08:00:00+03:00,,0.0,chunk_0077.json,POST /v1/generation/data/dpp-bulk,2026-05-31 21:42:44.578970+00:00,5004062,G4-VİRANŞEHİR-3 GES,103420,2026-05-31T08:00:00+03:00,08:00
40X000000103420M,ENKO ENERJİ SAN. VE TİC. A.Ş. (TOPLAYICI),unknown,2026-05-31 09:00:00+03:00,,0.0,chunk_0077.json,POST /v1/generation/data/dpp-bulk,2026-05-31 21:42:44.578970+00:00,5004062,G4-VİRANŞEHİR-3 GES,103420,2026-05-31T09:00:00+03:00,09:00
40X000000103420M,ENKO ENERJİ SAN. VE TİC. A.Ş. (TOPLAYICI),unknown,2026-05-31 10:00:00+03:00,,0.0,chunk_0077.json,POST /v1/generation/data/dpp-bulk,2026-05-31 21:42:44.578970+00:00,5004062,G4-VİRANŞEHİR-3 GES,103420,2026-05-31T10:00:00+03:00,10:00
40X000000103420M,ENKO ENERJİ SAN. VE TİC. A.Ş. (TOPLAYICI),unknown,2026-05-31 11:00:00+03:00,,0.0,chunk_0077.json,POST /v1/generation/data/dpp-bulk,2026-05-31 21:42:44.578970+00:00,5004062,G4-VİRANŞEHİR-3 GES,103420,2026-05-31T11:00:00+03:00,11:00
40X000000103420M,ENKO ENERJİ SAN. VE TİC. A.Ş. (TOPLAYICI),unknown,2026-05-31 12:00:00+03:00,,0.0,chunk_0077.json,POST /v1/generation/data/dpp-bulk,2026-05-31 21:42:44.578970+00:00,5004062,G4-VİRANŞEHİR-3 GES,103420,2026-05-31T12:00:00+03:00,12:00
40X000000103420M,ENKO ENERJİ SAN. VE TİC. A.Ş. (TOPLAYICI),unknown,2026-05-31 13:00:00+03:00,,0.0,chunk_0077.json,POST /v1/generation/data/dpp-bulk,2026-05-31 21:42:44.578970+00:00,5004062,G4-VİRANŞEHİR-3 GES,103420,2026-05-31T13:00:00+03:00,13:00
40X000000103420M,ENKO ENERJİ SAN. VE TİC. A.Ş. (TOPLAYICI),unknown,2026-05-31 14:00:00+03:00,,0.0,chunk_0077.json,POST /v1/generation/data/dpp-bulk,2026-05-31 21:42:44.578970+00:00,5004062,G4-VİRANŞEHİR-3 GES,103420,2026-05-31T14:00:00+03:00,14:00
40X000000103420M,ENKO ENERJİ SAN. VE TİC. A.Ş. (TOPLAYICI),unknown,2026-05-31 15:00:00+03:00,,0.0,chunk_0077.json,POST /v1/generation/data/dpp-bulk,2026-05-31 21:42:44.578970+00:00,5004062,G4-VİRANŞEHİR-3 GES,103420,2026-05-31T15:00:00+03:00,15:00
40X000000103420M,ENKO ENERJİ SAN. VE TİC. A.Ş. (TOPLAYICI),unknown,2026-05-31 16:00:00+03:00,,0.0,chunk_0077.json,POST /v1/generation/data/dpp-bulk,2026-05-31 21:42:44.578970+00:00,5004062,G4-VİRANŞEHİR-3 GES,103420,2026-05-31T16:00:00+03:00,16:00
40X000000103420M,ENKO ENERJİ SAN. VE TİC. A.Ş. (TOPLAYICI),unknown,2026-05-31 17:00:00+03:00,,0.0,chunk_0077.json,POST /v1/generation/data/dpp-bulk,2026-05-31 21:42:44.578970+00:00,5004062,G4-VİRANŞEHİR-3 GES,103420,2026-05-31T17:00:00+03:00,17:00
40X000000103420M,ENKO ENERJİ SAN. VE TİC. A.Ş. (TOPLAYICI),unknown,2026-05-31 18:00:00+03:00,,9.7,chunk_0077.json,POST /v1/generation/data/dpp-bulk,2026-05-31 21:42:44.578970+00:00,5004062,G4-VİRANŞEHİR-3 GES,103420,2026-05-31T18:00:00+03:00,18:00
40X000000103420M,ENKO ENERJİ SAN. VE TİC. A.Ş. (TOPLAYICI),unknown,2026-05-31 19:00:00+03:00,,0.0,chunk_0077.json,POST /v1/generation/data/dpp-bulk,2026-05-31 21:42:44.578970+00:00,5004062,G4-VİRANŞEHİR-3 GES,103420,2026-05-31T19:00:00+03:00,19:00
40X000000103420M,ENKO ENERJİ SAN. VE TİC. A.Ş. (TOPLAYICI),unknown,2026-05-31 20:00:00+03:00,,0.0,chunk_0077.json,POST /v1/generation/data/dpp-bulk,2026-05-31 21:42:44.578970+00:00,5004062,G4-VİRANŞEHİR-3 GES,103420,2026-05-31T20:00:00+03:00,20:00
40X000000103420M,ENKO ENERJİ SAN. VE TİC. A.Ş. (TOPLAYICI),unknown,2026-05-31 21:00:00+03:00,,0.0,chunk_0077.json,POST /v1/generation/data/dpp-bulk,2026-05-31 21:42:44.578970+00:00,5004062,G4-VİRANŞEHİR-3 GES,103420,2026-05-31T21:00:00+03:00,21:00
40X000000103420M,ENKO ENERJİ SAN. VE TİC. A.Ş. (TOPLAYICI),unknown,2026-05-31 22:00:00+03:00,,0.0,chunk_0077.json,POST /v1/generation/data/dpp-bulk,2026-05-31 21:42:44.578970+00:00,5004062,G4-VİRANŞEHİR-3 GES,103420,2026-05-31T22:00:00+03:00,22:00
40X000000103420M,ENKO ENERJİ SAN. VE TİC. A.Ş. (TOPLAYICI),unknown,2026-05-31 23:00:00+03:00,,0.0,chunk_0077.json,POST /v1/generation/data/dpp-bulk,2026-05-31 21:42:44.578970+00:00,5004062,G4-VİRANŞEHİR-3 GES,103420,2026-05-31T23:00:00+03:00,23:00
40X000000103420M,ENKO ENERJİ SAN. VE TİC. A.Ş. (TOPLAYICI),unknown,2026-05-31 00:00:00+03:00,,0.0,chunk_0077.json,POST /v1/generation/data/dpp-bulk,2026-05-31 21:42:44.578970+00:00,5004341,MENEKŞE RES,103420,2026-05-31T00:00:00+03:00,00:00
40X000000103420M,ENKO ENERJİ SAN. VE TİC. A.Ş. (TOPLAYICI),unknown,2026-05-31 01:00:00+03:00,,0.0,chunk_0077.json,POST /v1/generation/data/dpp-bulk,2026-05-31 21:42:44.578970+00:00,5004341,MENEKŞE RES,103420,2026-05-31T01:00:00+03:00,01:00
40X000000103420M,ENKO ENERJİ SAN. VE TİC. A.Ş. (TOPLAYICI),unknown,2026-05-31 02:00:00+03:00,,0.0,chunk_0077.json,POST /v1/generation/data/dpp-bulk,2026-05-31 21:42:44.578970+00:00,5004341,MENEKŞE RES,103420,2026-05-31T02:00:00+03:00,02:00
40X000000103420M,ENKO ENERJİ SAN. VE TİC. A.Ş. (TOPLAYICI),unknown,2026-05-31 03:00:00+03:00,,0.0,chunk_0077.json,POST /v1/generation/data/dpp-bulk,2026-05-31 21:42:44.578970+00:00,5004341,MENEKŞE RES,103420,2026-05-31T03:00:00+03:00,03:00
40X000000103420M,ENKO ENERJİ SAN. VE TİC. A.Ş. (TOPLAYICI),unknown,2026-05-31 04:00:00+03:00,,0.0,chunk_0077.json,POST /v1/generation/data/dpp-bulk,2026-05-31 21:42:44.578970+00:00,5004341,MENEKŞE RES,103420,2026-05-31T04:00:00+03:00,04:00
40X000000103420M,ENKO ENERJİ SAN. VE TİC. A.Ş. (TOPLAYICI),unknown,2026-05-31 05:00:00+03:00,,0.0,chunk_0077.json,POST /v1/generation/data/dpp-bulk,2026-05-31 21:42:44.578970+00:00,5004341,MENEKŞE RES,103420,2026-05-31T05:00:00+03:00,05:00
40X000000103420M,ENKO ENERJİ SAN. VE TİC. A.Ş. (TOPLAYICI),unknown,2026-05-31 06:00:00+03:00,,0.0,chunk_0077.json,POST /v1/generation/data/dpp-bulk,2026-05-31 21:42:44.578970+00:00,5004341,MENEKŞE RES,103420,2026-05-31T06:00:00+03:00,06:00
40X000000103420M,ENKO ENERJİ SAN. VE TİC. A.Ş. (TOPLAYICI),unknown,2026-05-31 07:00:00+03:00,,0.0,chunk_0077.json,POST /v1/generation/data/dpp-bulk,2026-05-31 21:42:44.578970+00:00,5004341,MENEKŞE RES,103420,2026-05-31T07:00:00+03:00,07:00
40X000000103420M,ENKO ENERJİ SAN. VE TİC. A.Ş. (TOPLAYICI),unknown,2026-05-31 08:00:00+03:00,,0.0,chunk_0077.json,POST /v1/generation/data/dpp-bulk,2026-05-31 21:42:44.578970+00:00,5004341,MENEKŞE RES,103420,2026-05-31T08:00:00+03:00,08:00
40X000000103420M,ENKO ENERJİ SAN. VE TİC. A.Ş. (TOPLAYICI),unknown,2026-05-31 09:00:00+03:00,,0.0,chunk_0077.json,POST /v1/generation/data/dpp-bulk,2026-05-31 21:42:44.578970+00:00,5004341,MENEKŞE RES,103420,2026-05-31T09:00:00+03:00,09:00
40X000000103420M,ENKO ENERJİ SAN. VE TİC. A.Ş. (TOPLAYICI),unknown,2026-05-31 10:00:00+03:00,,0.0,chunk_0077.json,POST /v1/generation/data/dpp-bulk,2026-05-31 21:42:44.578970+00:00,5004341,MENEKŞE RES,103420,2026-05-31T10:00:00+03:00,10:00
40X000000103420M,ENKO ENERJİ SAN. VE TİC. A.Ş. (TOPLAYICI),unknown,2026-05-31 11:00:00+03:00,,0.0,chunk_0077.json,POST /v1/generation/data/dpp-bulk,2026-05-31 21:42:44.578970+00:00,5004341,MENEKŞE RES,103420,2026-05-31T11:00:00+03:00,11:00
40X000000103420M,ENKO ENERJİ SAN. VE TİC. A.Ş. (TOPLAYICI),unknown,2026-05-31 12:00:00+03:00,,0.0,chunk_0077.json,POST /v1/generation/data/dpp-bulk,2026-05-31 21:42:44.578970+00:00,5004341,MENEKŞE RES,103420,2026-05-31T12:00:00+03:00,12:00
40X000000103420M,ENKO ENERJİ SAN. VE TİC. A.Ş. (TOPLAYICI),unknown,2026-05-31 13:00:00+03:00,,0.0,chunk_0077.json,POST /v1/generation/data/dpp-bulk,2026-05-31 21:42:44.578970+00:00,5004341,MENEKŞE RES,103420,2026-05-31T13:00:00+03:00,13:00
40X000000103420M,ENKO ENERJİ SAN. VE TİC. A.Ş. (TOPLAYICI),unknown,2026-05-31 14:00:00+03:00,,0.0,chunk_0077.json,POST /v1/generation/data/dpp-bulk,2026-05-31 21:42:44.578970+00:00,5004341,MENEKŞE RES,103420,2026-05-31T14:00:00+03:00,14:00
40X000000103420M,ENKO ENERJİ SAN. VE TİC. A.Ş. (TOPLAYICI),unknown,2026-05-31 15:00:00+03:00,,0.0,chunk_0077.json,POST /v1/generation/data/dpp-bulk,2026-05-31 21:42:44.578970+00:00,5004341,MENEKŞE RES,103420,2026-05-31T15:00:00+03:00,15:00
40X000000103420M,ENKO ENERJİ SAN. VE TİC. A.Ş. (TOPLAYICI),unknown,2026-05-31 16:00:00+03:00,,0.0,chunk_0077.json,POST /v1/generation/data/dpp-bulk,2026-05-31 21:42:44.578970+00:00,5004341,MENEKŞE RES,103420,2026-05-31T16:00:00+03:00,16:00
40X000000103420M,ENKO ENERJİ SAN. VE TİC. A.Ş. (TOPLAYICI),unknown,2026-05-31 17:00:00+03:00,,0.0,chunk_0077.json,POST /v1/generation/data/dpp-bulk,2026-05-31 21:42:44.578970+00:00,5004341,MENEKŞE RES,103420,2026-05-31T17:00:00+03:00,17:00
40X000000103420M,ENKO ENERJİ SAN. VE TİC. A.Ş. (TOPLAYICI),unknown,2026-05-31 18:00:00+03:00,,0.0,chunk_0077.json,POST /v1/generation/data/dpp-bulk,2026-05-31 21:42:44.578970+00:00,5004341,MENEKŞE RES,103420,2026-05-31T18:00:00+03:00,18:00
40X000000103420M,ENKO ENERJİ SAN. VE TİC. A.Ş. (TOPLAYICI),unknown,2026-05-31 19:00:00+03:00,,3.3,chunk_0077.json,POST /v1/generation/data/dpp-bulk,2026-05-31 21:42:44.578970+00:00,5004341,MENEKŞE RES,103420,2026-05-31T19:00:00+03:00,19:00
40X000000103420M,ENKO ENERJİ SAN. VE TİC. A.Ş. (TOPLAYICI),unknown,2026-05-31 20:00:00+03:00,,3.8,chunk_0077.json,POST /v1/generation/data/dpp-bulk,2026-05-31 21:42:44.578970+00:00,5004341,MENEKŞE RES,103420,2026-05-31T20:00:00+03:00,20:00
40X000000103420M,ENKO ENERJİ SAN. VE TİC. A.Ş. (TOPLAYICI),unknown,2026-05-31 21:00:00+03:00,,4.0,chunk_0077.json,POST /v1/generation/data/dpp-bulk,2026-05-31 21:42:44.578970+00:00,5004341,MENEKŞE RES,103420,2026-05-31T21:00:00+03:00,21:00
40X000000103420M,ENKO ENERJİ SAN. VE TİC. A.Ş. (TOPLAYICI),unknown,2026-05-31 22:00:00+03:00,,4.3,chunk_0077.json,POST /v1/generation/data/dpp-bulk,2026-05-31 21:42:44.578970+00:00,5004341,MENEKŞE RES,103420,2026-05-31T22:00:00+03:00,22:00
40X000000103420M,ENKO ENERJİ SAN. VE TİC. A.Ş. (TOPLAYICI),unknown,2026-05-31 23:00:00+03:00,,5.2,chunk_0077.json,POST /v1/generation/data/dpp-bulk,2026-05-31 21:42:44.578970+00:00,5004341,MENEKŞE RES,103420,2026-05-31T23:00:00+03:00,23:00
40X000000103600K,INAVITAS TOPLAYICILIK VE ENERJİ TİC. A.Ş. (TOPLAYICI),unknown,2026-05-31 00:00:00+03:00,,0.0,chunk_0077.json,POST /v1/generation/data/dpp-bulk,2026-05-31 21:42:44.578970+00:00,5004063,G4-VİRANŞEHİR-1,103600,2026-05-31T00:00:00+03:00,00:00
40X000000103600K,INAVITAS TOPLAYICILIK VE ENERJİ TİC. A.Ş. (TOPLAYICI),unknown,2026-05-31 01:00:00+03:00,,0.0,chunk_0077.json,POST /v1/generation/data/dpp-bulk,2026-05-31 21:42:44.578970+00:00,5004063,G4-VİRANŞEHİR-1,103600,2026-05-31T01:00:00+03:00,01:00
40X000000103600K,INAVITAS TOPLAYICILIK VE ENERJİ TİC. A.Ş. (TOPLAYICI),unknown,2026-05-31 02:00:00+03:00,,0.0,chunk_0077.json,POST /v1/generation/data/dpp-bulk,2026-05-31 21:42:44.578970+00:00,5004063,G4-VİRANŞEHİR-1,103600,2026-05-31T02:00:00+03:00,02:00
40X000000103600K,INAVITAS TOPLAYICILIK VE ENERJİ TİC. A.Ş. (TOPLAYICI),unknown,2026-05-31 03:00:00+03:00,,0.0,chunk_0077.json,POST /v1/generation/data/dpp-bulk,2026-05-31 21:42:44.578970+00:00,5004063,G4-VİRANŞEHİR-1,103600,2026-05-31T03:00:00+03:00,03:00
40X000000103600K,INAVITAS TOPLAYICILIK VE ENERJİ TİC. A.Ş. (TOPLAYICI),unknown,2026-05-31 04:00:00+03:00,,0.0,chunk_0077.json,POST /v1/generation/data/dpp-bulk,2026-05-31 21:42:44.578970+00:00,5004063,G4-VİRANŞEHİR-1,103600,2026-05-31T04:00:00+03:00,04:00
40X000000103600K,INAVITAS TOPLAYICILIK VE ENERJİ TİC. A.Ş. (TOPLAYICI),unknown,2026-05-31 05:00:00+03:00,,2.85,chunk_0077.json,POST /v1/generation/data/dpp-bulk,2026-05-31 21:42:44.578970+00:00,5004063,G4-VİRANŞEHİR-1,103600,2026-05-31T05:00:00+03:00,05:00
40X000000103600K,INAVITAS TOPLAYICILIK VE ENERJİ TİC. A.Ş. (TOPLAYICI),unknown,2026-05-31 06:00:00+03:00,,25.53,chunk_0077.json,POST /v1/generation/data/dpp-bulk,2026-05-31 21:42:44.578970+00:00,5004063,G4-VİRANŞEHİR-1,103600,2026-05-31T06:00:00+03:00,06:00
40X000000103600K,INAVITAS TOPLAYICILIK VE ENERJİ TİC. A.Ş. (TOPLAYICI),unknown,2026-05-31 07:00:00+03:00,,13.83,chunk_0077.json,POST /v1/generation/data/dpp-bulk,2026-05-31 21:42:44.578970+00:00,5004063,G4-VİRANŞEHİR-1,103600,2026-05-31T07:00:00+03:00,07:00
40X000000103600K,INAVITAS TOPLAYICILIK VE ENERJİ TİC. A.Ş. (TOPLAYICI),unknown,2026-05-31 08:00:00+03:00,,0.83,chunk_0077.json,POST /v1/generation/data/dpp-bulk,2026-05-31 21:42:44.578970+00:00,5004063,G4-VİRANŞEHİR-1,103600,2026-05-31T08:00:00+03:00,08:00
40X000000103600K,INAVITAS TOPLAYICILIK VE ENERJİ TİC. A.Ş. (TOPLAYICI),unknown,2026-05-31 09:00:00+03:00,,43.81,chunk_0077.json,POST /v1/generation/data/dpp-bulk,2026-05-31 21:42:44.578970+00:00,5004063,G4-VİRANŞEHİR-1,103600,2026-05-31T09:00:00+03:00,09:00
40X000000103600K,INAVITAS TOPLAYICILIK VE ENERJİ TİC. A.Ş. (TOPLAYICI),unknown,2026-05-31 10:00:00+03:00,,8.23,chunk_0077.json,POST /v1/generation/data/dpp-bulk,2026-05-31 21:42:44.578970+00:00,5004063,G4-VİRANŞEHİR-1,103600,2026-05-31T10:00:00+03:00,10:00
40X000000103600K,INAVITAS TOPLAYICILIK VE ENERJİ TİC. A.Ş. (TOPLAYICI),unknown,2026-05-31 11:00:00+03:00,,6.08,chunk_0077.json,POST /v1/generation/data/dpp-bulk,2026-05-31 21:42:44.578970+00:00,5004063,G4-VİRANŞEHİR-1,103600,2026-05-31T11:00:00+03:00,11:00
40X000000103600K,INAVITAS TOPLAYICILIK VE ENERJİ TİC. A.Ş. (TOPLAYICI),unknown,2026-05-31 12:00:00+03:00,,2.47,chunk_0077.json,POST /v1/generation/data/dpp-bulk,2026-05-31 21:42:44.578970+00:00,5004063,G4-VİRANŞEHİR-1,103600,2026-05-31T12:00:00+03:00,12:00
40X000000103600K,INAVITAS TOPLAYICILIK VE ENERJİ TİC. A.Ş. (TOPLAYICI),unknown,2026-05-31 13:00:00+03:00,,0.83,chunk_0077.json,POST /v1/generation/data/dpp-bulk,2026-05-31 21:42:44.578970+00:00,5004063,G4-VİRANŞEHİR-1,103600,2026-05-31T13:00:00+03:00,13:00
40X000000103600K,INAVITAS TOPLAYICILIK VE ENERJİ TİC. A.Ş. (TOPLAYICI),unknown,2026-05-31 14:00:00+03:00,,0.83,chunk_0077.json,POST /v1/generation/data/dpp-bulk,2026-05-31 21:42:44.578970+00:00,5004063,G4-VİRANŞEHİR-1,103600,2026-05-31T14:00:00+03:00,14:00
40X000000103600K,INAVITAS TOPLAYICILIK VE ENERJİ TİC. A.Ş. (TOPLAYICI),unknown,2026-05-31 15:00:00+03:00,,0.81,chunk_0077.json,POST /v1/generation/data/dpp-bulk,2026-05-31 21:42:44.578970+00:00,5004063,G4-VİRANŞEHİR-1,103600,2026-05-31T15:00:00+03:00,15:00
40X000000103600K,INAVITAS TOPLAYICILIK VE ENERJİ TİC. A.Ş. (TOPLAYICI),unknown,2026-05-31 16:00:00+03:00,,0.79,chunk_0077.json,POST /v1/generation/data/dpp-bulk,2026-05-31 21:42:44.578970+00:00,5004063,G4-VİRANŞEHİR-1,103600,2026-05-31T16:00:00+03:00,16:00
40X000000103600K,INAVITAS TOPLAYICILIK VE ENERJİ TİC. A.Ş. (TOPLAYICI),unknown,2026-05-31 17:00:00+03:00,,32.06,chunk_0077.json,POST /v1/generation/data/dpp-bulk,2026-05-31 21:42:44.578970+00:00,5004063,G4-VİRANŞEHİR-1,103600,2026-05-31T17:00:00+03:00,17:00
40X000000103600K,INAVITAS TOPLAYICILIK VE ENERJİ TİC. A.Ş. (TOPLAYICI),unknown,2026-05-31 18:00:00+03:00,,8.62,chunk_0077.json,POST /v1/generation/data/dpp-bulk,2026-05-31 21:42:44.578970+00:00,5004063,G4-VİRANŞEHİR-1,103600,2026-05-31T18:00:00+03:00,18:00
40X000000103600K,INAVITAS TOPLAYICILIK VE ENERJİ TİC. A.Ş. (TOPLAYICI),unknown,2026-05-31 19:00:00+03:00,,0.0,chunk_0077.json,POST /v1/generation/data/dpp-bulk,2026-05-31 21:42:44.578970+00:00,5004063,G4-VİRANŞEHİR-1,103600,2026-05-31T19:00:00+03:00,19:00
40X000000103600K,INAVITAS TOPLAYICILIK VE ENERJİ TİC. A.Ş. (TOPLAYICI),unknown,2026-05-31 20:00:00+03:00,,0.0,chunk_0077.json,POST /v1/generation/data/dpp-bulk,2026-05-31 21:42:44.578970+00:00,5004063,G4-VİRANŞEHİR-1,103600,2026-05-31T20:00:00+03:00,20:00
40X000000103600K,INAVITAS TOPLAYICILIK VE ENERJİ TİC. A.Ş. (TOPLAYICI),unknown,2026-05-31 21:00:00+03:00,,0.0,chunk_0077.json,POST /v1/generation/data/dpp-bulk,2026-05-31 21:42:44.578970+00:00,5004063,G4-VİRANŞEHİR-1,103600,2026-05-31T21:00:00+03:00,21:00
40X000000103600K,INAVITAS TOPLAYICILIK VE ENERJİ TİC. A.Ş. (TOPLAYICI),unknown,2026-05-31 22:00:00+03:00,,0.0,chunk_0077.json,POST /v1/generation/data/dpp-bulk,2026-05-31 21:42:44.578970+00:00,5004063,G4-VİRANŞEHİR-1,103600,2026-05-31T22:00:00+03:00,22:00
40X000000103600K,INAVITAS TOPLAYICILIK VE ENERJİ TİC. A.Ş. (TOPLAYICI),unknown,2026-05-31 23:00:00+03:00,,0.0,chunk_0077.json,POST /v1/generation/data/dpp-bulk,2026-05-31 21:42:44.578970+00:00,5004063,G4-VİRANŞEHİR-1,103600,2026-05-31T23:00:00+03:00,23:00
40X000000104160H,RÖNESANS REFLEX ENERJİ ÇÖZÜMLERİ SAN. VE TİC. A.Ş. (TOPLAYICI),unknown,2026-05-31 00:00:00+03:00,,7.0,chunk_0077.json,POST /v1/generation/data/dpp-bulk,2026-05-31 21:42:44.578970+00:00,5004121,R3-SİVAS-1-2 RES,104160,2026-05-31T00:00:00+03:00,00:00
40X000000104160H,RÖNESANS REFLEX ENERJİ ÇÖZÜMLERİ SAN. VE TİC. A.Ş. (TOPLAYICI),unknown,2026-05-31 01:00:00+03:00,,25.1,chunk_0077.json,POST /v1/generation/data/dpp-bulk,2026-05-31 21:42:44.578970+00:00,5004121,R3-SİVAS-1-2 RES,104160,2026-05-31T01:00:00+03:00,01:00
40X000000104160H,RÖNESANS REFLEX ENERJİ ÇÖZÜMLERİ SAN. VE TİC. A.Ş. (TOPLAYICI),unknown,2026-05-31 02:00:00+03:00,,28.1,chunk_0077.json,POST /v1/generation/data/dpp-bulk,2026-05-31 21:42:44.578970+00:00,5004121,R3-SİVAS-1-2 RES,104160,2026-05-31T02:00:00+03:00,02:00
40X000000104160H,RÖNESANS REFLEX ENERJİ ÇÖZÜMLERİ SAN. VE TİC. A.Ş. (TOPLAYICI),unknown,2026-05-31 03:00:00+03:00,,30.5,chunk_0077.json,POST /v1/generation/data/dpp-bulk,2026-05-31 21:42:44.578970+00:00,5004121,R3-SİVAS-1-2 RES,104160,2026-05-31T03:00:00+03:00,03:00
40X000000104160H,RÖNESANS REFLEX ENERJİ ÇÖZÜMLERİ SAN. VE TİC. A.Ş. (TOPLAYICI),unknown,2026-05-31 04:00:00+03:00,,31.1,chunk_0077.json,POST /v1/generation/data/dpp-bulk,2026-05-31 21:42:44.578970+00:00,5004121,R3-SİVAS-1-2 RES,104160,2026-05-31T04:00:00+03:00,04:00
40X000000104160H,RÖNESANS REFLEX ENERJİ ÇÖZÜMLERİ SAN. VE TİC. A.Ş. (TOPLAYICI),unknown,2026-05-31 05:00:00+03:00,,30.9,chunk_0077.json,POST /v1/generation/data/dpp-bulk,2026-05-31 21:42:44.578970+00:00,5004121,R3-SİVAS-1-2 RES,104160,2026-05-31T05:00:00+03:00,05:00
40X000000104160H,RÖNESANS REFLEX ENERJİ ÇÖZÜMLERİ SAN. VE TİC. A.Ş. (TOPLAYICI),unknown,2026-05-31 06:00:00+03:00,,0.0,chunk_0077.json,POST /v1/generation/data/dpp-bulk,2026-05-31 21:42:44.578970+00:00,5004121,R3-SİVAS-1-2 RES,104160,2026-05-31T06:00:00+03:00,06:00
40X000000104160H,RÖNESANS REFLEX ENERJİ ÇÖZÜMLERİ SAN. VE TİC. A.Ş. (TOPLAYICI),unknown,2026-05-31 07:00:00+03:00,,0.0,chunk_0077.json,POST /v1/generation/data/dpp-bulk,2026-05-31 21:42:44.578970+00:00,5004121,R3-SİVAS-1-2 RES,104160,2026-05-31T07:00:00+03:00,07:00
40X000000104160H,RÖNESANS REFLEX ENERJİ ÇÖZÜMLERİ SAN. VE TİC. A.Ş. (TOPLAYICI),unknown,2026-05-31 08:00:00+03:00,,0.0,chunk_0077.json,POST /v1/generation/data/dpp-bulk,2026-05-31 21:42:44.578970+00:00,5004121,R3-SİVAS-1-2 RES,104160,2026-05-31T08:00:00+03:00,08:00
40X000000104160H,RÖNESANS REFLEX ENERJİ ÇÖZÜMLERİ SAN. VE TİC. A.Ş. (TOPLAYICI),unknown,2026-05-31 09:00:00+03:00,,0.0,chunk_0077.json,POST /v1/generation/data/dpp-bulk,2026-05-31 21:42:44.578970+00:00,5004121,R3-SİVAS-1-2 RES,104160,2026-05-31T09:00:00+03:00,09:00
40X000000104160H,RÖNESANS REFLEX ENERJİ ÇÖZÜMLERİ SAN. VE TİC. A.Ş. (TOPLAYICI),unknown,2026-05-31 10:00:00+03:00,,0.0,chunk_0077.json,POST /v1/generation/data/dpp-bulk,2026-05-31 21:42:44.578970+00:00,5004121,R3-SİVAS-1-2 RES,104160,2026-05-31T10:00:00+03:00,10:00
40X000000104160H,RÖNESANS REFLEX ENERJİ ÇÖZÜMLERİ SAN. VE TİC. A.Ş. (TOPLAYICI),unknown,2026-05-31 11:00:00+03:00,,0.0,chunk_0077.json,POST /v1/generation/data/dpp-bulk,2026-05-31 21:42:44.578970+00:00,5004121,R3-SİVAS-1-2 RES,104160,2026-05-31T11:00:00+03:00,11:00
40X000000104160H,RÖNESANS REFLEX ENERJİ ÇÖZÜMLERİ SAN. VE TİC. A.Ş. (TOPLAYICI),unknown,2026-05-31 12:00:00+03:00,,0.0,chunk_0077.json,POST /v1/generation/data/dpp-bulk,2026-05-31 21:42:44.578970+00:00,5004121,R3-SİVAS-1-2 RES,104160,2026-05-31T12:00:00+03:00,12:00
40X000000104160H,RÖNESANS REFLEX ENERJİ ÇÖZÜMLERİ SAN. VE TİC. A.Ş. (TOPLAYICI),unknown,2026-05-31 13:00:00+03:00,,0.0,chunk_0077.json,POST /v1/generation/data/dpp-bulk,2026-05-31 21:42:44.578970+00:00,5004121,R3-SİVAS-1-2 RES,104160,2026-05-31T13:00:00+03:00,13:00
40X000000104160H,RÖNESANS REFLEX ENERJİ ÇÖZÜMLERİ SAN. VE TİC. A.Ş. (TOPLAYICI),unknown,2026-05-31 14:00:00+03:00,,0.0,chunk_0077.json,POST /v1/generation/data/dpp-bulk,2026-05-31 21:42:44.578970+00:00,5004121,R3-SİVAS-1-2 RES,104160,2026-05-31T14:00:00+03:00,14:00
40X000000104160H,RÖNESANS REFLEX ENERJİ ÇÖZÜMLERİ SAN. VE TİC. A.Ş. (TOPLAYICI),unknown,2026-05-31 15:00:00+03:00,,0.0,chunk_0077.json,POST /v1/generation/data/dpp-bulk,2026-05-31 21:42:44.578970+00:00,5004121,R3-SİVAS-1-2 RES,104160,2026-05-31T15:00:00+03:00,15:00
40X000000104160H,RÖNESANS REFLEX ENERJİ ÇÖZÜMLERİ SAN. VE TİC. A.Ş. (TOPLAYICI),unknown,2026-05-31 16:00:00+03:00,,0.0,chunk_0077.json,POST /v1/generation/data/dpp-bulk,2026-05-31 21:42:44.578970+00:00,5004121,R3-SİVAS-1-2 RES,104160,2026-05-31T16:00:00+03:00,16:00
40X000000104160H,RÖNESANS REFLEX ENERJİ ÇÖZÜMLERİ SAN. VE TİC. A.Ş. (TOPLAYICI),unknown,2026-05-31 17:00:00+03:00,,5.0,chunk_0077.json,POST /v1/generation/data/dpp-bulk,2026-05-31 21:42:44.578970+00:00,5004121,R3-SİVAS-1-2 RES,104160,2026-05-31T17:00:00+03:00,17:00
40X000000104160H,RÖNESANS REFLEX ENERJİ ÇÖZÜMLERİ SAN. VE TİC. A.Ş. (TOPLAYICI),unknown,2026-05-31 18:00:00+03:00,,4.7,chunk_0077.json,POST /v1/generation/data/dpp-bulk,2026-05-31 21:42:44.578970+00:00,5004121,R3-SİVAS-1-2 RES,104160,2026-05-31T18:00:00+03:00,18:00
40X000000104160H,RÖNESANS REFLEX ENERJİ ÇÖZÜMLERİ SAN. VE TİC. A.Ş. (TOPLAYICI),unknown,2026-05-31 19:00:00+03:00,,3.4,chunk_0077.json,POST /v1/generation/data/dpp-bulk,2026-05-31 21:42:44.578970+00:00,5004121,R3-SİVAS-1-2 RES,104160,2026-05-31T19:00:00+03:00,19:00
40X000000104160H,RÖNESANS REFLEX ENERJİ ÇÖZÜMLERİ SAN. VE TİC. A.Ş. (TOPLAYICI),unknown,2026-05-31 20:00:00+03:00,,2.7,chunk_0077.json,POST /v1/generation/data/dpp-bulk,2026-05-31 21:42:44.578970+00:00,5004121,R3-SİVAS-1-2 RES,104160,2026-05-31T20:00:00+03:00,20:00
40X000000104160H,RÖNESANS REFLEX ENERJİ ÇÖZÜMLERİ SAN. VE TİC. A.Ş. (TOPLAYICI),unknown,2026-05-31 21:00:00+03:00,,1.9,chunk_0077.json,POST /v1/generation/data/dpp-bulk,2026-05-31 21:42:44.578970+00:00,5004121,R3-SİVAS-1-2 RES,104160,2026-05-31T21:00:00+03:00,21:00
40X000000104160H,RÖNESANS REFLEX ENERJİ ÇÖZÜMLERİ SAN. VE TİC. A.Ş. (TOPLAYICI),unknown,2026-05-31 22:00:00+03:00,,1.8,chunk_0077.json,POST /v1/generation/data/dpp-bulk,2026-05-31 21:42:44.578970+00:00,5004121,R3-SİVAS-1-2 RES,104160,2026-05-31T22:00:00+03:00,22:00
40X000000104160H,RÖNESANS REFLEX ENERJİ ÇÖZÜMLERİ SAN. VE TİC. A.Ş. (TOPLAYICI),unknown,2026-05-31 23:00:00+03:00,,2.2,chunk_0077.json,POST /v1/generation/data/dpp-bulk,2026-05-31 21:42:44.578970+00:00,5004121,R3-SİVAS-1-2 RES,104160,2026-05-31T23:00:00+03:00,23:00
40X000000104320L,ENERJİSA DOĞAL GAZ TOPTAN SATIS A.Ş. (TOPLAYICI),unknown,2026-05-31 00:00:00+03:00,,19.0,chunk_0077.json,POST /v1/generation/data/dpp-bulk,2026-05-31 21:42:44.578970+00:00,5003821,ÖRENLİK RES,104320,2026-05-31T00:00:00+03:00,00:00
40X000000104320L,ENERJİSA DOĞAL GAZ TOPTAN SATIS A.Ş. (TOPLAYICI),unknown,2026-05-31 01:00:00+03:00,,17.5,chunk_0077.json,POST /v1/generation/data/dpp-bulk,2026-05-31 21:42:44.578970+00:00,5003821,ÖRENLİK RES,104320,2026-05-31T01:00:00+03:00,01:00
40X000000104320L,ENERJİSA DOĞAL GAZ TOPTAN SATIS A.Ş. (TOPLAYICI),unknown,2026-05-31 02:00:00+03:00,,16.1,chunk_0077.json,POST /v1/generation/data/dpp-bulk,2026-05-31 21:42:44.578970+00:00,5003821,ÖRENLİK RES,104320,2026-05-31T02:00:00+03:00,02:00
40X000000104320L,ENERJİSA DOĞAL GAZ TOPTAN SATIS A.Ş. (TOPLAYICI),unknown,2026-05-31 03:00:00+03:00,,14.7,chunk_0077.json,POST /v1/generation/data/dpp-bulk,2026-05-31 21:42:44.578970+00:00,5003821,ÖRENLİK RES,104320,2026-05-31T03:00:00+03:00,03:00
40X000000104320L,ENERJİSA DOĞAL GAZ TOPTAN SATIS A.Ş. (TOPLAYICI),unknown,2026-05-31 04:00:00+03:00,,13.3,chunk_0077.json,POST /v1/generation/data/dpp-bulk,2026-05-31 21:42:44.578970+00:00,5003821,ÖRENLİK RES,104320,2026-05-31T04:00:00+03:00,04:00
40X000000104320L,ENERJİSA DOĞAL GAZ TOPTAN SATIS A.Ş. (TOPLAYICI),unknown,2026-05-31 05:00:00+03:00,,8.43,chunk_0077.json,POST /v1/generation/data/dpp-bulk,2026-05-31 21:42:44.578970+00:00,5003821,ÖRENLİK RES,104320,2026-05-31T05:00:00+03:00,05:00
40X000000104320L,ENERJİSA DOĞAL GAZ TOPTAN SATIS A.Ş. (TOPLAYICI),unknown,2026-05-31 06:00:00+03:00,,6.7,chunk_0077.json,POST /v1/generation/data/dpp-bulk,2026-05-31 21:42:44.578970+00:00,5003821,ÖRENLİK RES,104320,2026-05-31T06:00:00+03:00,06:00
40X000000104320L,ENERJİSA DOĞAL GAZ TOPTAN SATIS A.Ş. (TOPLAYICI),unknown,2026-05-31 07:00:00+03:00,,12.6,chunk_0077.json,POST /v1/generation/data/dpp-bulk,2026-05-31 21:42:44.578970+00:00,5003821,ÖRENLİK RES,104320,2026-05-31T07:00:00+03:00,07:00
40X000000104320L,ENERJİSA DOĞAL GAZ TOPTAN SATIS A.Ş. (TOPLAYICI),unknown,2026-05-31 08:00:00+03:00,,13.9,chunk_0077.json,POST /v1/generation/data/dpp-bulk,2026-05-31 21:42:44.578970+00:00,5003821,ÖRENLİK RES,104320,2026-05-31T08:00:00+03:00,08:00
40X000000104320L,ENERJİSA DOĞAL GAZ TOPTAN SATIS A.Ş. (TOPLAYICI),unknown,2026-05-31 09:00:00+03:00,,16.6,chunk_0077.json,POST /v1/generation/data/dpp-bulk,2026-05-31 21:42:44.578970+00:00,5003821,ÖRENLİK RES,104320,2026-05-31T09:00:00+03:00,09:00
40X000000104320L,ENERJİSA DOĞAL GAZ TOPTAN SATIS A.Ş. (TOPLAYICI),unknown,2026-05-31 10:00:00+03:00,,19.2,chunk_0077.json,POST /v1/generation/data/dpp-bulk,2026-05-31 21:42:44.578970+00:00,5003821,ÖRENLİK RES,104320,2026-05-31T10:00:00+03:00,10:00
40X000000104320L,ENERJİSA DOĞAL GAZ TOPTAN SATIS A.Ş. (TOPLAYICI),unknown,2026-05-31 11:00:00+03:00,,19.8,chunk_0077.json,POST /v1/generation/data/dpp-bulk,2026-05-31 21:42:44.578970+00:00,5003821,ÖRENLİK RES,104320,2026-05-31T11:00:00+03:00,11:00
40X000000104320L,ENERJİSA DOĞAL GAZ TOPTAN SATIS A.Ş. (TOPLAYICI),unknown,2026-05-31 12:00:00+03:00,,19.3,chunk_0077.json,POST /v1/generation/data/dpp-bulk,2026-05-31 21:42:44.578970+00:00,5003821,ÖRENLİK RES,104320,2026-05-31T12:00:00+03:00,12:00
40X000000104320L,ENERJİSA DOĞAL GAZ TOPTAN SATIS A.Ş. (TOPLAYICI),unknown,2026-05-31 13:00:00+03:00,,18.6,chunk_0077.json,POST /v1/generation/data/dpp-bulk,2026-05-31 21:42:44.578970+00:00,5003821,ÖRENLİK RES,104320,2026-05-31T13:00:00+03:00,13:00
40X000000104320L,ENERJİSA DOĞAL GAZ TOPTAN SATIS A.Ş. (TOPLAYICI),unknown,2026-05-31 14:00:00+03:00,,17.6,chunk_0077.json,POST /v1/generation/data/dpp-bulk,2026-05-31 21:42:44.578970+00:00,5003821,ÖRENLİK RES,104320,2026-05-31T14:00:00+03:00,14:00
40X000000104320L,ENERJİSA DOĞAL GAZ TOPTAN SATIS A.Ş. (TOPLAYICI),unknown,2026-05-31 15:00:00+03:00,,15.9,chunk_0077.json,POST /v1/generation/data/dpp-bulk,2026-05-31 21:42:44.578970+00:00,5003821,ÖRENLİK RES,104320,2026-05-31T15:00:00+03:00,15:00
40X000000104320L,ENERJİSA DOĞAL GAZ TOPTAN SATIS A.Ş. (TOPLAYICI),unknown,2026-05-31 16:00:00+03:00,,7.09,chunk_0077.json,POST /v1/generation/data/dpp-bulk,2026-05-31 21:42:44.578970+00:00,5003821,ÖRENLİK RES,104320,2026-05-31T16:00:00+03:00,16:00
40X000000104320L,ENERJİSA DOĞAL GAZ TOPTAN SATIS A.Ş. (TOPLAYICI),unknown,2026-05-31 17:00:00+03:00,,6.87,chunk_0077.json,POST /v1/generation/data/dpp-bulk,2026-05-31 21:42:44.578970+00:00,5003821,ÖRENLİK RES,104320,2026-05-31T17:00:00+03:00,17:00
40X000000104320L,ENERJİSA DOĞAL GAZ TOPTAN SATIS A.Ş. (TOPLAYICI),unknown,2026-05-31 18:00:00+03:00,,5.74,chunk_0077.json,POST /v1/generation/data/dpp-bulk,2026-05-31 21:42:44.578970+00:00,5003821,ÖRENLİK RES,104320,2026-05-31T18:00:00+03:00,18:00
40X000000104320L,ENERJİSA DOĞAL GAZ TOPTAN SATIS A.Ş. (TOPLAYICI),unknown,2026-05-31 19:00:00+03:00,,6.0,chunk_0077.json,POST /v1/generation/data/dpp-bulk,2026-05-31 21:42:44.578970+00:00,5003821,ÖRENLİK RES,104320,2026-05-31T19:00:00+03:00,19:00
40X000000104320L,ENERJİSA DOĞAL GAZ TOPTAN SATIS A.Ş. (TOPLAYICI),unknown,2026-05-31 20:00:00+03:00,,5.0,chunk_0077.json,POST /v1/generation/data/dpp-bulk,2026-05-31 21:42:44.578970+00:00,5003821,ÖRENLİK RES,104320,2026-05-31T20:00:00+03:00,20:00
40X000000104320L,ENERJİSA DOĞAL GAZ TOPTAN SATIS A.Ş. (TOPLAYICI),unknown,2026-05-31 21:00:00+03:00,,5.0,chunk_0077.json,POST /v1/generation/data/dpp-bulk,2026-05-31 21:42:44.578970+00:00,5003821,ÖRENLİK RES,104320,2026-05-31T21:00:00+03:00,21:00
40X000000104320L,ENERJİSA DOĞAL GAZ TOPTAN SATIS A.Ş. (TOPLAYICI),unknown,2026-05-31 22:00:00+03:00,,5.3,chunk_0077.json,POST /v1/generation/data/dpp-bulk,2026-05-31 21:42:44.578970+00:00,5003821,ÖRENLİK RES,104320,2026-05-31T22:00:00+03:00,22:00
40X000000104320L,ENERJİSA DOĞAL GAZ TOPTAN SATIS A.Ş. (TOPLAYICI),unknown,2026-05-31 23:00:00+03:00,,4.4,chunk_0077.json,POST /v1/generation/data/dpp-bulk,2026-05-31 21:42:44.578970+00:00,5003821,ÖRENLİK RES,104320,2026-05-31T23:00:00+03:00,23:00
40X0000001045237,PERFECT TOPLAYICILIK ENERJİ A.Ş. (TOPLAYICI),unknown,2026-05-31 00:00:00+03:00,,3.2,chunk_0077.json,POST /v1/generation/data/dpp-bulk,2026-05-31 21:42:44.578970+00:00,5003923,OME T-O1,104523,2026-05-31T00:00:00+03:00,00:00
40X0000001045237,PERFECT TOPLAYICILIK ENERJİ A.Ş. (TOPLAYICI),unknown,2026-05-31 01:00:00+03:00,,3.3,chunk_0077.json,POST /v1/generation/data/dpp-bulk,2026-05-31 21:42:44.578970+00:00,5003923,OME T-O1,104523,2026-05-31T01:00:00+03:00,01:00
40X0000001045237,PERFECT TOPLAYICILIK ENERJİ A.Ş. (TOPLAYICI),unknown,2026-05-31 02:00:00+03:00,,3.4,chunk_0077.json,POST /v1/generation/data/dpp-bulk,2026-05-31 21:42:44.578970+00:00,5003923,OME T-O1,104523,2026-05-31T02:00:00+03:00,02:00
40X0000001045237,PERFECT TOPLAYICILIK ENERJİ A.Ş. (TOPLAYICI),unknown,2026-05-31 03:00:00+03:00,,3.5,chunk_0077.json,POST /v1/generation/data/dpp-bulk,2026-05-31 21:42:44.578970+00:00,5003923,OME T-O1,104523,2026-05-31T03:00:00+03:00,03:00
40X0000001045237,PERFECT TOPLAYICILIK ENERJİ A.Ş. (TOPLAYICI),unknown,2026-05-31 04:00:00+03:00,,3.6,chunk_0077.json,POST /v1/generation/data/dpp-bulk,2026-05-31 21:42:44.578970+00:00,5003923,OME T-O1,104523,2026-05-31T04:00:00+03:00,04:00
40X0000001045237,PERFECT TOPLAYICILIK ENERJİ A.Ş. (TOPLAYICI),unknown,2026-05-31 05:00:00+03:00,,3.6,chunk_0077.json,POST /v1/generation/data/dpp-bulk,2026-05-31 21:42:44.578970+00:00,5003923,OME T-O1,104523,2026-05-31T05:00:00+03:00,05:00
40X0000001045237,PERFECT TOPLAYICILIK ENERJİ A.Ş. (TOPLAYICI),unknown,2026-05-31 06:00:00+03:00,,3.7,chunk_0077.json,POST /v1/generation/data/dpp-bulk,2026-05-31 21:42:44.578970+00:00,5003923,OME T-O1,104523,2026-05-31T06:00:00+03:00,06:00
40X0000001045237,PERFECT TOPLAYICILIK ENERJİ A.Ş. (TOPLAYICI),unknown,2026-05-31 07:00:00+03:00,,3.5,chunk_0077.json,POST /v1/generation/data/dpp-bulk,2026-05-31 21:42:44.578970+00:00,5003923,OME T-O1,104523,2026-05-31T07:00:00+03:00,07:00
40X0000001045237,PERFECT TOPLAYICILIK ENERJİ A.Ş. (TOPLAYICI),unknown,2026-05-31 08:00:00+03:00,,3.2,chunk_0077.json,POST /v1/generation/data/dpp-bulk,2026-05-31 21:42:44.578970+00:00,5003923,OME T-O1,104523,2026-05-31T08:00:00+03:00,08:00
40X0000001045237,PERFECT TOPLAYICILIK ENERJİ A.Ş. (TOPLAYICI),unknown,2026-05-31 09:00:00+03:00,,3.1,chunk_0077.json,POST /v1/generation/data/dpp-bulk,2026-05-31 21:42:44.578970+00:00,5003923,OME T-O1,104523,2026-05-31T09:00:00+03:00,09:00
40X0000001045237,PERFECT TOPLAYICILIK ENERJİ A.Ş. (TOPLAYICI),unknown,2026-05-31 10:00:00+03:00,,3.0,chunk_0077.json,POST /v1/generation/data/dpp-bulk,2026-05-31 21:42:44.578970+00:00,5003923,OME T-O1,104523,2026-05-31T10:00:00+03:00,10:00
40X0000001045237,PERFECT TOPLAYICILIK ENERJİ A.Ş. (TOPLAYICI),unknown,2026-05-31 11:00:00+03:00,,2.9,chunk_0077.json,POST /v1/generation/data/dpp-bulk,2026-05-31 21:42:44.578970+00:00,5003923,OME T-O1,104523,2026-05-31T11:00:00+03:00,11:00
40X0000001045237,PERFECT TOPLAYICILIK ENERJİ A.Ş. (TOPLAYICI),unknown,2026-05-31 12:00:00+03:00,,2.8,chunk_0077.json,POST /v1/generation/data/dpp-bulk,2026-05-31 21:42:44.578970+00:00,5003923,OME T-O1,104523,2026-05-31T12:00:00+03:00,12:00
40X0000001045237,PERFECT TOPLAYICILIK ENERJİ A.Ş. (TOPLAYICI),unknown,2026-05-31 13:00:00+03:00,,2.7,chunk_0077.json,POST /v1/generation/data/dpp-bulk,2026-05-31 21:42:44.578970+00:00,5003923,OME T-O1,104523,2026-05-31T13:00:00+03:00,13:00
40X0000001045237,PERFECT TOPLAYICILIK ENERJİ A.Ş. (TOPLAYICI),unknown,2026-05-31 14:00:00+03:00,,2.5,chunk_0077.json,POST /v1/generation/data/dpp-bulk,2026-05-31 21:42:44.578970+00:00,5003923,OME T-O1,104523,2026-05-31T14:00:00+03:00,14:00
40X0000001045237,PERFECT TOPLAYICILIK ENERJİ A.Ş. (TOPLAYICI),unknown,2026-05-31 15:00:00+03:00,,2.4,chunk_0077.json,POST /v1/generation/data/dpp-bulk,2026-05-31 21:42:44.578970+00:00,5003923,OME T-O1,104523,2026-05-31T15:00:00+03:00,15:00
40X0000001045237,PERFECT TOPLAYICILIK ENERJİ A.Ş. (TOPLAYICI),unknown,2026-05-31 16:00:00+03:00,,2.4,chunk_0077.json,POST /v1/generation/data/dpp-bulk,2026-05-31 21:42:44.578970+00:00,5003923,OME T-O1,104523,2026-05-31T16:00:00+03:00,16:00
40X0000001045237,PERFECT TOPLAYICILIK ENERJİ A.Ş. (TOPLAYICI),unknown,2026-05-31 17:00:00+03:00,,2.5,chunk_0077.json,POST /v1/generation/data/dpp-bulk,2026-05-31 21:42:44.578970+00:00,5003923,OME T-O1,104523,2026-05-31T17:00:00+03:00,17:00
40X0000001045237,PERFECT TOPLAYICILIK ENERJİ A.Ş. (TOPLAYICI),unknown,2026-05-31 18:00:00+03:00,,2.6,chunk_0077.json,POST /v1/generation/data/dpp-bulk,2026-05-31 21:42:44.578970+00:00,5003923,OME T-O1,104523,2026-05-31T18:00:00+03:00,18:00
40X0000001045237,PERFECT TOPLAYICILIK ENERJİ A.Ş. (TOPLAYICI),unknown,2026-05-31 19:00:00+03:00,,2.7,chunk_0077.json,POST /v1/generation/data/dpp-bulk,2026-05-31 21:42:44.578970+00:00,5003923,OME T-O1,104523,2026-05-31T19:00:00+03:00,19:00
40X0000001045237,PERFECT TOPLAYICILIK ENERJİ A.Ş. (TOPLAYICI),unknown,2026-05-31 20:00:00+03:00,,2.8,chunk_0077.json,POST /v1/generation/data/dpp-bulk,2026-05-31 21:42:44.578970+00:00,5003923,OME T-O1,104523,2026-05-31T20:00:00+03:00,20:00
40X0000001045237,PERFECT TOPLAYICILIK ENERJİ A.Ş. (TOPLAYICI),unknown,2026-05-31 21:00:00+03:00,,2.9,chunk_0077.json,POST /v1/generation/data/dpp-bulk,2026-05-31 21:42:44.578970+00:00,5003923,OME T-O1,104523,2026-05-31T21:00:00+03:00,21:00
40X0000001045237,PERFECT TOPLAYICILIK ENERJİ A.Ş. (TOPLAYICI),unknown,2026-05-31 22:00:00+03:00,,3.0,chunk_0077.json,POST /v1/generation/data/dpp-bulk,2026-05-31 21:42:44.578970+00:00,5003923,OME T-O1,104523,2026-05-31T22:00:00+03:00,22:00
40X0000001045237,PERFECT TOPLAYICILIK ENERJİ A.Ş. (TOPLAYICI),unknown,2026-05-31 23:00:00+03:00,,3.1,chunk_0077.json,POST /v1/generation/data/dpp-bulk,2026-05-31 21:42:44.578970+00:00,5003923,OME T-O1,104523,2026-05-31T23:00:00+03:00,23:00
40X000000104663S,MET TURKEY ENERJİ TİC. A.Ş. (TOPLAYICI),unknown,2026-05-31 00:00:00+03:00,,0.0,chunk_0077.json,POST /v1/generation/data/dpp-bulk,2026-05-31 21:42:44.578970+00:00,5003961,BEYYURDU RES,104663,2026-05-31T00:00:00+03:00,00:00
40X000000104663S,MET TURKEY ENERJİ TİC. A.Ş. (TOPLAYICI),unknown,2026-05-31 01:00:00+03:00,,0.0,chunk_0077.json,POST /v1/generation/data/dpp-bulk,2026-05-31 21:42:44.578970+00:00,5003961,BEYYURDU RES,104663,2026-05-31T01:00:00+03:00,01:00
40X000000104663S,MET TURKEY ENERJİ TİC. A.Ş. (TOPLAYICI),unknown,2026-05-31 02:00:00+03:00,,0.0,chunk_0077.json,POST /v1/generation/data/dpp-bulk,2026-05-31 21:42:44.578970+00:00,5003961,BEYYURDU RES,104663,2026-05-31T02:00:00+03:00,02:00
40X000000104663S,MET TURKEY ENERJİ TİC. A.Ş. (TOPLAYICI),unknown,2026-05-31 03:00:00+03:00,,0.0,chunk_0077.json,POST /v1/generation/data/dpp-bulk,2026-05-31 21:42:44.578970+00:00,5003961,BEYYURDU RES,104663,2026-05-31T03:00:00+03:00,03:00
40X000000104663S,MET TURKEY ENERJİ TİC. A.Ş. (TOPLAYICI),unknown,2026-05-31 04:00:00+03:00,,0.0,chunk_0077.json,POST /v1/generation/data/dpp-bulk,2026-05-31 21:42:44.578970+00:00,5003961,BEYYURDU RES,104663,2026-05-31T04:00:00+03:00,04:00
40X000000104663S,MET TURKEY ENERJİ TİC. A.Ş. (TOPLAYICI),unknown,2026-05-31 05:00:00+03:00,,0.0,chunk_0077.json,POST /v1/generation/data/dpp-bulk,2026-05-31 21:42:44.578970+00:00,5003961,BEYYURDU RES,104663,2026-05-31T05:00:00+03:00,05:00
40X000000104663S,MET TURKEY ENERJİ TİC. A.Ş. (TOPLAYICI),unknown,2026-05-31 06:00:00+03:00,,0.0,chunk_0077.json,POST /v1/generation/data/dpp-bulk,2026-05-31 21:42:44.578970+00:00,5003961,BEYYURDU RES,104663,2026-05-31T06:00:00+03:00,06:00
40X000000104663S,MET TURKEY ENERJİ TİC. A.Ş. (TOPLAYICI),unknown,2026-05-31 07:00:00+03:00,,0.0,chunk_0077.json,POST /v1/generation/data/dpp-bulk,2026-05-31 21:42:44.578970+00:00,5003961,BEYYURDU RES,104663,2026-05-31T07:00:00+03:00,07:00
40X000000104663S,MET TURKEY ENERJİ TİC. A.Ş. (TOPLAYICI),unknown,2026-05-31 08:00:00+03:00,,0.0,chunk_0077.json,POST /v1/generation/data/dpp-bulk,2026-05-31 21:42:44.578970+00:00,5003961,BEYYURDU RES,104663,2026-05-31T08:00:00+03:00,08:00
40X000000104663S,MET TURKEY ENERJİ TİC. A.Ş. (TOPLAYICI),unknown,2026-05-31 09:00:00+03:00,,0.0,chunk_0077.json,POST /v1/generation/data/dpp-bulk,2026-05-31 21:42:44.578970+00:00,5003961,BEYYURDU RES,104663,2026-05-31T09:00:00+03:00,09:00
40X000000104663S,MET TURKEY ENERJİ TİC. A.Ş. (TOPLAYICI),unknown,2026-05-31 10:00:00+03:00,,0.0,chunk_0077.json,POST /v1/generation/data/dpp-bulk,2026-05-31 21:42:44.578970+00:00,5003961,BEYYURDU RES,104663,2026-05-31T10:00:00+03:00,10:00
40X000000104663S,MET TURKEY ENERJİ TİC. A.Ş. (TOPLAYICI),unknown,2026-05-31 11:00:00+03:00,,0.0,chunk_0077.json,POST /v1/generation/data/dpp-bulk,2026-05-31 21:42:44.578970+00:00,5003961,BEYYURDU RES,104663,2026-05-31T11:00:00+03:00,11:00
40X000000104663S,MET TURKEY ENERJİ TİC. A.Ş. (TOPLAYICI),unknown,2026-05-31 12:00:00+03:00,,0.0,chunk_0077.json,POST /v1/generation/data/dpp-bulk,2026-05-31 21:42:44.578970+00:00,5003961,BEYYURDU RES,104663,2026-05-31T12:00:00+03:00,12:00
40X000000104663S,MET TURKEY ENERJİ TİC. A.Ş. (TOPLAYICI),unknown,2026-05-31 13:00:00+03:00,,0.0,chunk_0077.json,POST /v1/generation/data/dpp-bulk,2026-05-31 21:42:44.578970+00:00,5003961,BEYYURDU RES,104663,2026-05-31T13:00:00+03:00,13:00
40X000000104663S,MET TURKEY ENERJİ TİC. A.Ş. (TOPLAYICI),unknown,2026-05-31 14:00:00+03:00,,0.0,chunk_0077.json,POST /v1/generation/data/dpp-bulk,2026-05-31 21:42:44.578970+00:00,5003961,BEYYURDU RES,104663,2026-05-31T14:00:00+03:00,14:00
40X000000104663S,MET TURKEY ENERJİ TİC. A.Ş. (TOPLAYICI),unknown,2026-05-31 15:00:00+03:00,,0.0,chunk_0077.json,POST /v1/generation/data/dpp-bulk,2026-05-31 21:42:44.578970+00:00,5003961,BEYYURDU RES,104663,2026-05-31T15:00:00+03:00,15:00
40X000000104663S,MET TURKEY ENERJİ TİC. A.Ş. (TOPLAYICI),unknown,2026-05-31 16:00:00+03:00,,0.0,chunk_0077.json,POST /v1/generation/data/dpp-bulk,2026-05-31 21:42:44.578970+00:00,5003961,BEYYURDU RES,104663,2026-05-31T16:00:00+03:00,16:00
40X000000104663S,MET TURKEY ENERJİ TİC. A.Ş. (TOPLAYICI),unknown,2026-05-31 17:00:00+03:00,,0.0,chunk_0077.json,POST /v1/generation/data/dpp-bulk,2026-05-31 21:42:44.578970+00:00,5003961,BEYYURDU RES,104663,2026-05-31T17:00:00+03:00,17:00
40X000000104663S,MET TURKEY ENERJİ TİC. A.Ş. (TOPLAYICI),unknown,2026-05-31 18:00:00+03:00,,0.0,chunk_0077.json,POST /v1/generation/data/dpp-bulk,2026-05-31 21:42:44.578970+00:00,5003961,BEYYURDU RES,104663,2026-05-31T18:00:00+03:00,18:00
40X000000104663S,MET TURKEY ENERJİ TİC. A.Ş. (TOPLAYICI),unknown,2026-05-31 19:00:00+03:00,,5.59,chunk_0077.json,POST /v1/generation/data/dpp-bulk,2026-05-31 21:42:44.578970+00:00,5003961,BEYYURDU RES,104663,2026-05-31T19:00:00+03:00,19:00
40X000000104663S,MET TURKEY ENERJİ TİC. A.Ş. (TOPLAYICI),unknown,2026-05-31 20:00:00+03:00,,5.19,chunk_0077.json,POST /v1/generation/data/dpp-bulk,2026-05-31 21:42:44.578970+00:00,5003961,BEYYURDU RES,104663,2026-05-31T20:00:00+03:00,20:00
40X000000104663S,MET TURKEY ENERJİ TİC. A.Ş. (TOPLAYICI),unknown,2026-05-31 21:00:00+03:00,,4.69,chunk_0077.json,POST /v1/generation/data/dpp-bulk,2026-05-31 21:42:44.578970+00:00,5003961,BEYYURDU RES,104663,2026-05-31T21:00:00+03:00,21:00
40X000000104663S,MET TURKEY ENERJİ TİC. A.Ş. (TOPLAYICI),unknown,2026-05-31 22:00:00+03:00,,4.86,chunk_0077.json,POST /v1/generation/data/dpp-bulk,2026-05-31 21:42:44.578970+00:00,5003961,BEYYURDU RES,104663,2026-05-31T22:00:00+03:00,22:00
40X000000104663S,MET TURKEY ENERJİ TİC. A.Ş. (TOPLAYICI),unknown,2026-05-31 23:00:00+03:00,,5.49,chunk_0077.json,POST /v1/generation/data/dpp-bulk,2026-05-31 21:42:44.578970+00:00,5003961,BEYYURDU RES,104663,2026-05-31T23:00:00+03:00,23:00
