entsoe_code,plant_name,fuel_type,delivery_hour,publication_timestamp,kgup_mwh,source_file,source_api,forecast_timestamp,uevcb_id,uevcb_name,org_id,date_raw,time_raw
40W0000000186123,DAMLAPINAR HES,unknown,2026-05-31 00:00:00+03:00,,11.6,chunk_0011.json,POST /v1/generation/data/dpp-bulk,2026-05-31 21:45:14.681365+00:00,18612,DAMLAPINAR HES,147,2026-05-31T00:00:00+03:00,00:00
40W0000000186123,DAMLAPINAR HES,unknown,2026-05-31 01:00:00+03:00,,11.6,chunk_0011.json,POST /v1/generation/data/dpp-bulk,2026-05-31 21:45:14.681365+00:00,18612,DAMLAPINAR HES,147,2026-05-31T01:00:00+03:00,01:00
40W0000000186123,DAMLAPINAR HES,unknown,2026-05-31 02:00:00+03:00,,11.6,chunk_0011.json,POST /v1/generation/data/dpp-bulk,2026-05-31 21:45:14.681365+00:00,18612,DAMLAPINAR HES,147,2026-05-31T02:00:00+03:00,02:00
40W0000000186123,DAMLAPINAR HES,unknown,2026-05-31 03:00:00+03:00,,11.6,chunk_0011.json,POST /v1/generation/data/dpp-bulk,2026-05-31 21:45:14.681365+00:00,18612,DAMLAPINAR HES,147,2026-05-31T03:00:00+03:00,03:00
40W0000000186123,DAMLAPINAR HES,unknown,2026-05-31 04:00:00+03:00,,9.6,chunk_0011.json,POST /v1/generation/data/dpp-bulk,2026-05-31 21:45:14.681365+00:00,18612,DAMLAPINAR HES,147,2026-05-31T04:00:00+03:00,04:00
40W0000000186123,DAMLAPINAR HES,unknown,2026-05-31 05:00:00+03:00,,0.0,chunk_0011.json,POST /v1/generation/data/dpp-bulk,2026-05-31 21:45:14.681365+00:00,18612,DAMLAPINAR HES,147,2026-05-31T05:00:00+03:00,05:00
40W0000000186123,DAMLAPINAR HES,unknown,2026-05-31 06:00:00+03:00,,0.0,chunk_0011.json,POST /v1/generation/data/dpp-bulk,2026-05-31 21:45:14.681365+00:00,18612,DAMLAPINAR HES,147,2026-05-31T06:00:00+03:00,06:00
40W0000000186123,DAMLAPINAR HES,unknown,2026-05-31 07:00:00+03:00,,0.0,chunk_0011.json,POST /v1/generation/data/dpp-bulk,2026-05-31 21:45:14.681365+00:00,18612,DAMLAPINAR HES,147,2026-05-31T07:00:00+03:00,07:00
40W0000000186123,DAMLAPINAR HES,unknown,2026-05-31 08:00:00+03:00,,0.0,chunk_0011.json,POST /v1/generation/data/dpp-bulk,2026-05-31 21:45:14.681365+00:00,18612,DAMLAPINAR HES,147,2026-05-31T08:00:00+03:00,08:00
40W0000000186123,DAMLAPINAR HES,unknown,2026-05-31 09:00:00+03:00,,0.0,chunk_0011.json,POST /v1/generation/data/dpp-bulk,2026-05-31 21:45:14.681365+00:00,18612,DAMLAPINAR HES,147,2026-05-31T09:00:00+03:00,09:00
40W0000000186123,DAMLAPINAR HES,unknown,2026-05-31 10:00:00+03:00,,0.0,chunk_0011.json,POST /v1/generation/data/dpp-bulk,2026-05-31 21:45:14.681365+00:00,18612,DAMLAPINAR HES,147,2026-05-31T10:00:00+03:00,10:00
40W0000000186123,DAMLAPINAR HES,unknown,2026-05-31 11:00:00+03:00,,0.0,chunk_0011.json,POST /v1/generation/data/dpp-bulk,2026-05-31 21:45:14.681365+00:00,18612,DAMLAPINAR HES,147,2026-05-31T11:00:00+03:00,11:00
40W0000000186123,DAMLAPINAR HES,unknown,2026-05-31 12:00:00+03:00,,0.0,chunk_0011.json,POST /v1/generation/data/dpp-bulk,2026-05-31 21:45:14.681365+00:00,18612,DAMLAPINAR HES,147,2026-05-31T12:00:00+03:00,12:00
40W0000000186123,DAMLAPINAR HES,unknown,2026-05-31 13:00:00+03:00,,0.0,chunk_0011.json,POST /v1/generation/data/dpp-bulk,2026-05-31 21:45:14.681365+00:00,18612,DAMLAPINAR HES,147,2026-05-31T13:00:00+03:00,13:00
40W0000000186123,DAMLAPINAR HES,unknown,2026-05-31 14:00:00+03:00,,0.0,chunk_0011.json,POST /v1/generation/data/dpp-bulk,2026-05-31 21:45:14.681365+00:00,18612,DAMLAPINAR HES,147,2026-05-31T14:00:00+03:00,14:00
40W0000000186123,DAMLAPINAR HES,unknown,2026-05-31 15:00:00+03:00,,0.0,chunk_0011.json,POST /v1/generation/data/dpp-bulk,2026-05-31 21:45:14.681365+00:00,18612,DAMLAPINAR HES,147,2026-05-31T15:00:00+03:00,15:00
40W0000000186123,DAMLAPINAR HES,unknown,2026-05-31 16:00:00+03:00,,0.0,chunk_0011.json,POST /v1/generation/data/dpp-bulk,2026-05-31 21:45:14.681365+00:00,18612,DAMLAPINAR HES,147,2026-05-31T16:00:00+03:00,16:00
40W0000000186123,DAMLAPINAR HES,unknown,2026-05-31 17:00:00+03:00,,0.0,chunk_0011.json,POST /v1/generation/data/dpp-bulk,2026-05-31 21:45:14.681365+00:00,18612,DAMLAPINAR HES,147,2026-05-31T17:00:00+03:00,17:00
40W0000000186123,DAMLAPINAR HES,unknown,2026-05-31 18:00:00+03:00,,9.6,chunk_0011.json,POST /v1/generation/data/dpp-bulk,2026-05-31 21:45:14.681365+00:00,18612,DAMLAPINAR HES,147,2026-05-31T18:00:00+03:00,18:00
40W0000000186123,DAMLAPINAR HES,unknown,2026-05-31 19:00:00+03:00,,11.6,chunk_0011.json,POST /v1/generation/data/dpp-bulk,2026-05-31 21:45:14.681365+00:00,18612,DAMLAPINAR HES,147,2026-05-31T19:00:00+03:00,19:00
40W0000000186123,DAMLAPINAR HES,unknown,2026-05-31 20:00:00+03:00,,11.6,chunk_0011.json,POST /v1/generation/data/dpp-bulk,2026-05-31 21:45:14.681365+00:00,18612,DAMLAPINAR HES,147,2026-05-31T20:00:00+03:00,20:00
40W0000000186123,DAMLAPINAR HES,unknown,2026-05-31 21:00:00+03:00,,11.6,chunk_0011.json,POST /v1/generation/data/dpp-bulk,2026-05-31 21:45:14.681365+00:00,18612,DAMLAPINAR HES,147,2026-05-31T21:00:00+03:00,21:00
40W0000000186123,DAMLAPINAR HES,unknown,2026-05-31 22:00:00+03:00,,11.6,chunk_0011.json,POST /v1/generation/data/dpp-bulk,2026-05-31 21:45:14.681365+00:00,18612,DAMLAPINAR HES,147,2026-05-31T22:00:00+03:00,22:00
40W0000000186123,DAMLAPINAR HES,unknown,2026-05-31 23:00:00+03:00,,11.6,chunk_0011.json,POST /v1/generation/data/dpp-bulk,2026-05-31 21:45:14.681365+00:00,18612,DAMLAPINAR HES,147,2026-05-31T23:00:00+03:00,23:00
40W0000000243925,KEPEZKAYA HES,unknown,2026-05-31 00:00:00+03:00,,14.0,chunk_0011.json,POST /v1/generation/data/dpp-bulk,2026-05-31 21:45:14.681365+00:00,24392,KEPEZKAYA HES,147,2026-05-31T00:00:00+03:00,00:00
40W0000000243925,KEPEZKAYA HES,unknown,2026-05-31 01:00:00+03:00,,14.0,chunk_0011.json,POST /v1/generation/data/dpp-bulk,2026-05-31 21:45:14.681365+00:00,24392,KEPEZKAYA HES,147,2026-05-31T01:00:00+03:00,01:00
40W0000000243925,KEPEZKAYA HES,unknown,2026-05-31 02:00:00+03:00,,14.0,chunk_0011.json,POST /v1/generation/data/dpp-bulk,2026-05-31 21:45:14.681365+00:00,24392,KEPEZKAYA HES,147,2026-05-31T02:00:00+03:00,02:00
40W0000000243925,KEPEZKAYA HES,unknown,2026-05-31 03:00:00+03:00,,14.0,chunk_0011.json,POST /v1/generation/data/dpp-bulk,2026-05-31 21:45:14.681365+00:00,24392,KEPEZKAYA HES,147,2026-05-31T03:00:00+03:00,03:00
40W0000000243925,KEPEZKAYA HES,unknown,2026-05-31 04:00:00+03:00,,14.0,chunk_0011.json,POST /v1/generation/data/dpp-bulk,2026-05-31 21:45:14.681365+00:00,24392,KEPEZKAYA HES,147,2026-05-31T04:00:00+03:00,04:00
40W0000000243925,KEPEZKAYA HES,unknown,2026-05-31 05:00:00+03:00,,14.0,chunk_0011.json,POST /v1/generation/data/dpp-bulk,2026-05-31 21:45:14.681365+00:00,24392,KEPEZKAYA HES,147,2026-05-31T05:00:00+03:00,05:00
40W0000000243925,KEPEZKAYA HES,unknown,2026-05-31 06:00:00+03:00,,0.0,chunk_0011.json,POST /v1/generation/data/dpp-bulk,2026-05-31 21:45:14.681365+00:00,24392,KEPEZKAYA HES,147,2026-05-31T06:00:00+03:00,06:00
40W0000000243925,KEPEZKAYA HES,unknown,2026-05-31 07:00:00+03:00,,0.0,chunk_0011.json,POST /v1/generation/data/dpp-bulk,2026-05-31 21:45:14.681365+00:00,24392,KEPEZKAYA HES,147,2026-05-31T07:00:00+03:00,07:00
40W0000000243925,KEPEZKAYA HES,unknown,2026-05-31 08:00:00+03:00,,0.0,chunk_0011.json,POST /v1/generation/data/dpp-bulk,2026-05-31 21:45:14.681365+00:00,24392,KEPEZKAYA HES,147,2026-05-31T08:00:00+03:00,08:00
40W0000000243925,KEPEZKAYA HES,unknown,2026-05-31 09:00:00+03:00,,0.0,chunk_0011.json,POST /v1/generation/data/dpp-bulk,2026-05-31 21:45:14.681365+00:00,24392,KEPEZKAYA HES,147,2026-05-31T09:00:00+03:00,09:00
40W0000000243925,KEPEZKAYA HES,unknown,2026-05-31 10:00:00+03:00,,0.0,chunk_0011.json,POST /v1/generation/data/dpp-bulk,2026-05-31 21:45:14.681365+00:00,24392,KEPEZKAYA HES,147,2026-05-31T10:00:00+03:00,10:00
40W0000000243925,KEPEZKAYA HES,unknown,2026-05-31 11:00:00+03:00,,0.0,chunk_0011.json,POST /v1/generation/data/dpp-bulk,2026-05-31 21:45:14.681365+00:00,24392,KEPEZKAYA HES,147,2026-05-31T11:00:00+03:00,11:00
40W0000000243925,KEPEZKAYA HES,unknown,2026-05-31 12:00:00+03:00,,0.0,chunk_0011.json,POST /v1/generation/data/dpp-bulk,2026-05-31 21:45:14.681365+00:00,24392,KEPEZKAYA HES,147,2026-05-31T12:00:00+03:00,12:00
40W0000000243925,KEPEZKAYA HES,unknown,2026-05-31 13:00:00+03:00,,0.0,chunk_0011.json,POST /v1/generation/data/dpp-bulk,2026-05-31 21:45:14.681365+00:00,24392,KEPEZKAYA HES,147,2026-05-31T13:00:00+03:00,13:00
40W0000000243925,KEPEZKAYA HES,unknown,2026-05-31 14:00:00+03:00,,0.0,chunk_0011.json,POST /v1/generation/data/dpp-bulk,2026-05-31 21:45:14.681365+00:00,24392,KEPEZKAYA HES,147,2026-05-31T14:00:00+03:00,14:00
40W0000000243925,KEPEZKAYA HES,unknown,2026-05-31 15:00:00+03:00,,0.0,chunk_0011.json,POST /v1/generation/data/dpp-bulk,2026-05-31 21:45:14.681365+00:00,24392,KEPEZKAYA HES,147,2026-05-31T15:00:00+03:00,15:00
40W0000000243925,KEPEZKAYA HES,unknown,2026-05-31 16:00:00+03:00,,0.0,chunk_0011.json,POST /v1/generation/data/dpp-bulk,2026-05-31 21:45:14.681365+00:00,24392,KEPEZKAYA HES,147,2026-05-31T16:00:00+03:00,16:00
40W0000000243925,KEPEZKAYA HES,unknown,2026-05-31 17:00:00+03:00,,0.0,chunk_0011.json,POST /v1/generation/data/dpp-bulk,2026-05-31 21:45:14.681365+00:00,24392,KEPEZKAYA HES,147,2026-05-31T17:00:00+03:00,17:00
40W0000000243925,KEPEZKAYA HES,unknown,2026-05-31 18:00:00+03:00,,0.0,chunk_0011.json,POST /v1/generation/data/dpp-bulk,2026-05-31 21:45:14.681365+00:00,24392,KEPEZKAYA HES,147,2026-05-31T18:00:00+03:00,18:00
40W0000000243925,KEPEZKAYA HES,unknown,2026-05-31 19:00:00+03:00,,24.0,chunk_0011.json,POST /v1/generation/data/dpp-bulk,2026-05-31 21:45:14.681365+00:00,24392,KEPEZKAYA HES,147,2026-05-31T19:00:00+03:00,19:00
40W0000000243925,KEPEZKAYA HES,unknown,2026-05-31 20:00:00+03:00,,24.0,chunk_0011.json,POST /v1/generation/data/dpp-bulk,2026-05-31 21:45:14.681365+00:00,24392,KEPEZKAYA HES,147,2026-05-31T20:00:00+03:00,20:00
40W0000000243925,KEPEZKAYA HES,unknown,2026-05-31 21:00:00+03:00,,24.0,chunk_0011.json,POST /v1/generation/data/dpp-bulk,2026-05-31 21:45:14.681365+00:00,24392,KEPEZKAYA HES,147,2026-05-31T21:00:00+03:00,21:00
40W0000000243925,KEPEZKAYA HES,unknown,2026-05-31 22:00:00+03:00,,14.0,chunk_0011.json,POST /v1/generation/data/dpp-bulk,2026-05-31 21:45:14.681365+00:00,24392,KEPEZKAYA HES,147,2026-05-31T22:00:00+03:00,22:00
40W0000000243925,KEPEZKAYA HES,unknown,2026-05-31 23:00:00+03:00,,14.0,chunk_0011.json,POST /v1/generation/data/dpp-bulk,2026-05-31 21:45:14.681365+00:00,24392,KEPEZKAYA HES,147,2026-05-31T23:00:00+03:00,23:00
40W000000020289I,BULAM HES,unknown,2026-05-31 00:00:00+03:00,,0.0,chunk_0011.json,POST /v1/generation/data/dpp-bulk,2026-05-31 21:45:14.681365+00:00,20289,BULAM HES,166,2026-05-31T00:00:00+03:00,00:00
40W000000020289I,BULAM HES,unknown,2026-05-31 01:00:00+03:00,,0.0,chunk_0011.json,POST /v1/generation/data/dpp-bulk,2026-05-31 21:45:14.681365+00:00,20289,BULAM HES,166,2026-05-31T01:00:00+03:00,01:00
40W000000020289I,BULAM HES,unknown,2026-05-31 02:00:00+03:00,,0.0,chunk_0011.json,POST /v1/generation/data/dpp-bulk,2026-05-31 21:45:14.681365+00:00,20289,BULAM HES,166,2026-05-31T02:00:00+03:00,02:00
40W000000020289I,BULAM HES,unknown,2026-05-31 03:00:00+03:00,,0.0,chunk_0011.json,POST /v1/generation/data/dpp-bulk,2026-05-31 21:45:14.681365+00:00,20289,BULAM HES,166,2026-05-31T03:00:00+03:00,03:00
40W000000020289I,BULAM HES,unknown,2026-05-31 04:00:00+03:00,,0.0,chunk_0011.json,POST /v1/generation/data/dpp-bulk,2026-05-31 21:45:14.681365+00:00,20289,BULAM HES,166,2026-05-31T04:00:00+03:00,04:00
40W000000020289I,BULAM HES,unknown,2026-05-31 05:00:00+03:00,,0.0,chunk_0011.json,POST /v1/generation/data/dpp-bulk,2026-05-31 21:45:14.681365+00:00,20289,BULAM HES,166,2026-05-31T05:00:00+03:00,05:00
40W000000020289I,BULAM HES,unknown,2026-05-31 06:00:00+03:00,,0.0,chunk_0011.json,POST /v1/generation/data/dpp-bulk,2026-05-31 21:45:14.681365+00:00,20289,BULAM HES,166,2026-05-31T06:00:00+03:00,06:00
40W000000020289I,BULAM HES,unknown,2026-05-31 07:00:00+03:00,,0.0,chunk_0011.json,POST /v1/generation/data/dpp-bulk,2026-05-31 21:45:14.681365+00:00,20289,BULAM HES,166,2026-05-31T07:00:00+03:00,07:00
40W000000020289I,BULAM HES,unknown,2026-05-31 08:00:00+03:00,,0.0,chunk_0011.json,POST /v1/generation/data/dpp-bulk,2026-05-31 21:45:14.681365+00:00,20289,BULAM HES,166,2026-05-31T08:00:00+03:00,08:00
40W000000020289I,BULAM HES,unknown,2026-05-31 09:00:00+03:00,,0.0,chunk_0011.json,POST /v1/generation/data/dpp-bulk,2026-05-31 21:45:14.681365+00:00,20289,BULAM HES,166,2026-05-31T09:00:00+03:00,09:00
40W000000020289I,BULAM HES,unknown,2026-05-31 10:00:00+03:00,,0.0,chunk_0011.json,POST /v1/generation/data/dpp-bulk,2026-05-31 21:45:14.681365+00:00,20289,BULAM HES,166,2026-05-31T10:00:00+03:00,10:00
40W000000020289I,BULAM HES,unknown,2026-05-31 11:00:00+03:00,,0.0,chunk_0011.json,POST /v1/generation/data/dpp-bulk,2026-05-31 21:45:14.681365+00:00,20289,BULAM HES,166,2026-05-31T11:00:00+03:00,11:00
40W000000020289I,BULAM HES,unknown,2026-05-31 12:00:00+03:00,,0.0,chunk_0011.json,POST /v1/generation/data/dpp-bulk,2026-05-31 21:45:14.681365+00:00,20289,BULAM HES,166,2026-05-31T12:00:00+03:00,12:00
40W000000020289I,BULAM HES,unknown,2026-05-31 13:00:00+03:00,,0.0,chunk_0011.json,POST /v1/generation/data/dpp-bulk,2026-05-31 21:45:14.681365+00:00,20289,BULAM HES,166,2026-05-31T13:00:00+03:00,13:00
40W000000020289I,BULAM HES,unknown,2026-05-31 14:00:00+03:00,,0.0,chunk_0011.json,POST /v1/generation/data/dpp-bulk,2026-05-31 21:45:14.681365+00:00,20289,BULAM HES,166,2026-05-31T14:00:00+03:00,14:00
40W000000020289I,BULAM HES,unknown,2026-05-31 15:00:00+03:00,,0.0,chunk_0011.json,POST /v1/generation/data/dpp-bulk,2026-05-31 21:45:14.681365+00:00,20289,BULAM HES,166,2026-05-31T15:00:00+03:00,15:00
40W000000020289I,BULAM HES,unknown,2026-05-31 16:00:00+03:00,,0.0,chunk_0011.json,POST /v1/generation/data/dpp-bulk,2026-05-31 21:45:14.681365+00:00,20289,BULAM HES,166,2026-05-31T16:00:00+03:00,16:00
40W000000020289I,BULAM HES,unknown,2026-05-31 17:00:00+03:00,,0.0,chunk_0011.json,POST /v1/generation/data/dpp-bulk,2026-05-31 21:45:14.681365+00:00,20289,BULAM HES,166,2026-05-31T17:00:00+03:00,17:00
40W000000020289I,BULAM HES,unknown,2026-05-31 18:00:00+03:00,,5.4,chunk_0011.json,POST /v1/generation/data/dpp-bulk,2026-05-31 21:45:14.681365+00:00,20289,BULAM HES,166,2026-05-31T18:00:00+03:00,18:00
40W000000020289I,BULAM HES,unknown,2026-05-31 19:00:00+03:00,,5.4,chunk_0011.json,POST /v1/generation/data/dpp-bulk,2026-05-31 21:45:14.681365+00:00,20289,BULAM HES,166,2026-05-31T19:00:00+03:00,19:00
40W000000020289I,BULAM HES,unknown,2026-05-31 20:00:00+03:00,,5.4,chunk_0011.json,POST /v1/generation/data/dpp-bulk,2026-05-31 21:45:14.681365+00:00,20289,BULAM HES,166,2026-05-31T20:00:00+03:00,20:00
40W000000020289I,BULAM HES,unknown,2026-05-31 21:00:00+03:00,,5.4,chunk_0011.json,POST /v1/generation/data/dpp-bulk,2026-05-31 21:45:14.681365+00:00,20289,BULAM HES,166,2026-05-31T21:00:00+03:00,21:00
40W000000020289I,BULAM HES,unknown,2026-05-31 22:00:00+03:00,,5.4,chunk_0011.json,POST /v1/generation/data/dpp-bulk,2026-05-31 21:45:14.681365+00:00,20289,BULAM HES,166,2026-05-31T22:00:00+03:00,22:00
40W000000020289I,BULAM HES,unknown,2026-05-31 23:00:00+03:00,,5.4,chunk_0011.json,POST /v1/generation/data/dpp-bulk,2026-05-31 21:45:14.681365+00:00,20289,BULAM HES,166,2026-05-31T23:00:00+03:00,23:00
40W000000025584S,AKENERJİ ULUABAT HES,unknown,2026-05-31 00:00:00+03:00,,74.0,chunk_0011.json,POST /v1/generation/data/dpp-bulk,2026-05-31 21:45:14.681365+00:00,25584,AKENERJİ ULUABAT HES,166,2026-05-31T00:00:00+03:00,00:00
40W000000025584S,AKENERJİ ULUABAT HES,unknown,2026-05-31 01:00:00+03:00,,74.0,chunk_0011.json,POST /v1/generation/data/dpp-bulk,2026-05-31 21:45:14.681365+00:00,25584,AKENERJİ ULUABAT HES,166,2026-05-31T01:00:00+03:00,01:00
40W000000025584S,AKENERJİ ULUABAT HES,unknown,2026-05-31 02:00:00+03:00,,74.0,chunk_0011.json,POST /v1/generation/data/dpp-bulk,2026-05-31 21:45:14.681365+00:00,25584,AKENERJİ ULUABAT HES,166,2026-05-31T02:00:00+03:00,02:00
40W000000025584S,AKENERJİ ULUABAT HES,unknown,2026-05-31 03:00:00+03:00,,74.0,chunk_0011.json,POST /v1/generation/data/dpp-bulk,2026-05-31 21:45:14.681365+00:00,25584,AKENERJİ ULUABAT HES,166,2026-05-31T03:00:00+03:00,03:00
40W000000025584S,AKENERJİ ULUABAT HES,unknown,2026-05-31 04:00:00+03:00,,74.0,chunk_0011.json,POST /v1/generation/data/dpp-bulk,2026-05-31 21:45:14.681365+00:00,25584,AKENERJİ ULUABAT HES,166,2026-05-31T04:00:00+03:00,04:00
40W000000025584S,AKENERJİ ULUABAT HES,unknown,2026-05-31 05:00:00+03:00,,74.0,chunk_0011.json,POST /v1/generation/data/dpp-bulk,2026-05-31 21:45:14.681365+00:00,25584,AKENERJİ ULUABAT HES,166,2026-05-31T05:00:00+03:00,05:00
40W000000025584S,AKENERJİ ULUABAT HES,unknown,2026-05-31 06:00:00+03:00,,74.0,chunk_0011.json,POST /v1/generation/data/dpp-bulk,2026-05-31 21:45:14.681365+00:00,25584,AKENERJİ ULUABAT HES,166,2026-05-31T06:00:00+03:00,06:00
40W000000025584S,AKENERJİ ULUABAT HES,unknown,2026-05-31 07:00:00+03:00,,74.0,chunk_0011.json,POST /v1/generation/data/dpp-bulk,2026-05-31 21:45:14.681365+00:00,25584,AKENERJİ ULUABAT HES,166,2026-05-31T07:00:00+03:00,07:00
40W000000025584S,AKENERJİ ULUABAT HES,unknown,2026-05-31 08:00:00+03:00,,74.0,chunk_0011.json,POST /v1/generation/data/dpp-bulk,2026-05-31 21:45:14.681365+00:00,25584,AKENERJİ ULUABAT HES,166,2026-05-31T08:00:00+03:00,08:00
40W000000025584S,AKENERJİ ULUABAT HES,unknown,2026-05-31 09:00:00+03:00,,74.0,chunk_0011.json,POST /v1/generation/data/dpp-bulk,2026-05-31 21:45:14.681365+00:00,25584,AKENERJİ ULUABAT HES,166,2026-05-31T09:00:00+03:00,09:00
40W000000025584S,AKENERJİ ULUABAT HES,unknown,2026-05-31 10:00:00+03:00,,74.0,chunk_0011.json,POST /v1/generation/data/dpp-bulk,2026-05-31 21:45:14.681365+00:00,25584,AKENERJİ ULUABAT HES,166,2026-05-31T10:00:00+03:00,10:00
40W000000025584S,AKENERJİ ULUABAT HES,unknown,2026-05-31 11:00:00+03:00,,74.0,chunk_0011.json,POST /v1/generation/data/dpp-bulk,2026-05-31 21:45:14.681365+00:00,25584,AKENERJİ ULUABAT HES,166,2026-05-31T11:00:00+03:00,11:00
40W000000025584S,AKENERJİ ULUABAT HES,unknown,2026-05-31 12:00:00+03:00,,74.0,chunk_0011.json,POST /v1/generation/data/dpp-bulk,2026-05-31 21:45:14.681365+00:00,25584,AKENERJİ ULUABAT HES,166,2026-05-31T12:00:00+03:00,12:00
40W000000025584S,AKENERJİ ULUABAT HES,unknown,2026-05-31 13:00:00+03:00,,74.0,chunk_0011.json,POST /v1/generation/data/dpp-bulk,2026-05-31 21:45:14.681365+00:00,25584,AKENERJİ ULUABAT HES,166,2026-05-31T13:00:00+03:00,13:00
40W000000025584S,AKENERJİ ULUABAT HES,unknown,2026-05-31 14:00:00+03:00,,74.0,chunk_0011.json,POST /v1/generation/data/dpp-bulk,2026-05-31 21:45:14.681365+00:00,25584,AKENERJİ ULUABAT HES,166,2026-05-31T14:00:00+03:00,14:00
40W000000025584S,AKENERJİ ULUABAT HES,unknown,2026-05-31 15:00:00+03:00,,74.0,chunk_0011.json,POST /v1/generation/data/dpp-bulk,2026-05-31 21:45:14.681365+00:00,25584,AKENERJİ ULUABAT HES,166,2026-05-31T15:00:00+03:00,15:00
40W000000025584S,AKENERJİ ULUABAT HES,unknown,2026-05-31 16:00:00+03:00,,74.0,chunk_0011.json,POST /v1/generation/data/dpp-bulk,2026-05-31 21:45:14.681365+00:00,25584,AKENERJİ ULUABAT HES,166,2026-05-31T16:00:00+03:00,16:00
40W000000025584S,AKENERJİ ULUABAT HES,unknown,2026-05-31 17:00:00+03:00,,74.0,chunk_0011.json,POST /v1/generation/data/dpp-bulk,2026-05-31 21:45:14.681365+00:00,25584,AKENERJİ ULUABAT HES,166,2026-05-31T17:00:00+03:00,17:00
40W000000025584S,AKENERJİ ULUABAT HES,unknown,2026-05-31 18:00:00+03:00,,74.0,chunk_0011.json,POST /v1/generation/data/dpp-bulk,2026-05-31 21:45:14.681365+00:00,25584,AKENERJİ ULUABAT HES,166,2026-05-31T18:00:00+03:00,18:00
40W000000025584S,AKENERJİ ULUABAT HES,unknown,2026-05-31 19:00:00+03:00,,74.0,chunk_0011.json,POST /v1/generation/data/dpp-bulk,2026-05-31 21:45:14.681365+00:00,25584,AKENERJİ ULUABAT HES,166,2026-05-31T19:00:00+03:00,19:00
40W000000025584S,AKENERJİ ULUABAT HES,unknown,2026-05-31 20:00:00+03:00,,74.0,chunk_0011.json,POST /v1/generation/data/dpp-bulk,2026-05-31 21:45:14.681365+00:00,25584,AKENERJİ ULUABAT HES,166,2026-05-31T20:00:00+03:00,20:00
40W000000025584S,AKENERJİ ULUABAT HES,unknown,2026-05-31 21:00:00+03:00,,74.0,chunk_0011.json,POST /v1/generation/data/dpp-bulk,2026-05-31 21:45:14.681365+00:00,25584,AKENERJİ ULUABAT HES,166,2026-05-31T21:00:00+03:00,21:00
40W000000025584S,AKENERJİ ULUABAT HES,unknown,2026-05-31 22:00:00+03:00,,74.0,chunk_0011.json,POST /v1/generation/data/dpp-bulk,2026-05-31 21:45:14.681365+00:00,25584,AKENERJİ ULUABAT HES,166,2026-05-31T22:00:00+03:00,22:00
40W000000025584S,AKENERJİ ULUABAT HES,unknown,2026-05-31 23:00:00+03:00,,74.0,chunk_0011.json,POST /v1/generation/data/dpp-bulk,2026-05-31 21:45:14.681365+00:00,25584,AKENERJİ ULUABAT HES,166,2026-05-31T23:00:00+03:00,23:00
40W0000000256423,BURÇ BENDİ ve HES,unknown,2026-05-31 00:00:00+03:00,,0.0,chunk_0011.json,POST /v1/generation/data/dpp-bulk,2026-05-31 21:45:14.681365+00:00,25642,BURÇ BENDİ ve HES,166,2026-05-31T00:00:00+03:00,00:00
40W0000000256423,BURÇ BENDİ ve HES,unknown,2026-05-31 01:00:00+03:00,,0.0,chunk_0011.json,POST /v1/generation/data/dpp-bulk,2026-05-31 21:45:14.681365+00:00,25642,BURÇ BENDİ ve HES,166,2026-05-31T01:00:00+03:00,01:00
40W0000000256423,BURÇ BENDİ ve HES,unknown,2026-05-31 02:00:00+03:00,,0.0,chunk_0011.json,POST /v1/generation/data/dpp-bulk,2026-05-31 21:45:14.681365+00:00,25642,BURÇ BENDİ ve HES,166,2026-05-31T02:00:00+03:00,02:00
40W0000000256423,BURÇ BENDİ ve HES,unknown,2026-05-31 03:00:00+03:00,,0.0,chunk_0011.json,POST /v1/generation/data/dpp-bulk,2026-05-31 21:45:14.681365+00:00,25642,BURÇ BENDİ ve HES,166,2026-05-31T03:00:00+03:00,03:00
40W0000000256423,BURÇ BENDİ ve HES,unknown,2026-05-31 04:00:00+03:00,,0.0,chunk_0011.json,POST /v1/generation/data/dpp-bulk,2026-05-31 21:45:14.681365+00:00,25642,BURÇ BENDİ ve HES,166,2026-05-31T04:00:00+03:00,04:00
40W0000000256423,BURÇ BENDİ ve HES,unknown,2026-05-31 05:00:00+03:00,,0.0,chunk_0011.json,POST /v1/generation/data/dpp-bulk,2026-05-31 21:45:14.681365+00:00,25642,BURÇ BENDİ ve HES,166,2026-05-31T05:00:00+03:00,05:00
40W0000000256423,BURÇ BENDİ ve HES,unknown,2026-05-31 06:00:00+03:00,,0.0,chunk_0011.json,POST /v1/generation/data/dpp-bulk,2026-05-31 21:45:14.681365+00:00,25642,BURÇ BENDİ ve HES,166,2026-05-31T06:00:00+03:00,06:00
40W0000000256423,BURÇ BENDİ ve HES,unknown,2026-05-31 07:00:00+03:00,,0.0,chunk_0011.json,POST /v1/generation/data/dpp-bulk,2026-05-31 21:45:14.681365+00:00,25642,BURÇ BENDİ ve HES,166,2026-05-31T07:00:00+03:00,07:00
40W0000000256423,BURÇ BENDİ ve HES,unknown,2026-05-31 08:00:00+03:00,,0.0,chunk_0011.json,POST /v1/generation/data/dpp-bulk,2026-05-31 21:45:14.681365+00:00,25642,BURÇ BENDİ ve HES,166,2026-05-31T08:00:00+03:00,08:00
40W0000000256423,BURÇ BENDİ ve HES,unknown,2026-05-31 09:00:00+03:00,,0.0,chunk_0011.json,POST /v1/generation/data/dpp-bulk,2026-05-31 21:45:14.681365+00:00,25642,BURÇ BENDİ ve HES,166,2026-05-31T09:00:00+03:00,09:00
40W0000000256423,BURÇ BENDİ ve HES,unknown,2026-05-31 10:00:00+03:00,,0.0,chunk_0011.json,POST /v1/generation/data/dpp-bulk,2026-05-31 21:45:14.681365+00:00,25642,BURÇ BENDİ ve HES,166,2026-05-31T10:00:00+03:00,10:00
40W0000000256423,BURÇ BENDİ ve HES,unknown,2026-05-31 11:00:00+03:00,,0.0,chunk_0011.json,POST /v1/generation/data/dpp-bulk,2026-05-31 21:45:14.681365+00:00,25642,BURÇ BENDİ ve HES,166,2026-05-31T11:00:00+03:00,11:00
40W0000000256423,BURÇ BENDİ ve HES,unknown,2026-05-31 12:00:00+03:00,,0.0,chunk_0011.json,POST /v1/generation/data/dpp-bulk,2026-05-31 21:45:14.681365+00:00,25642,BURÇ BENDİ ve HES,166,2026-05-31T12:00:00+03:00,12:00
40W0000000256423,BURÇ BENDİ ve HES,unknown,2026-05-31 13:00:00+03:00,,0.0,chunk_0011.json,POST /v1/generation/data/dpp-bulk,2026-05-31 21:45:14.681365+00:00,25642,BURÇ BENDİ ve HES,166,2026-05-31T13:00:00+03:00,13:00
40W0000000256423,BURÇ BENDİ ve HES,unknown,2026-05-31 14:00:00+03:00,,0.0,chunk_0011.json,POST /v1/generation/data/dpp-bulk,2026-05-31 21:45:14.681365+00:00,25642,BURÇ BENDİ ve HES,166,2026-05-31T14:00:00+03:00,14:00
40W0000000256423,BURÇ BENDİ ve HES,unknown,2026-05-31 15:00:00+03:00,,0.0,chunk_0011.json,POST /v1/generation/data/dpp-bulk,2026-05-31 21:45:14.681365+00:00,25642,BURÇ BENDİ ve HES,166,2026-05-31T15:00:00+03:00,15:00
40W0000000256423,BURÇ BENDİ ve HES,unknown,2026-05-31 16:00:00+03:00,,0.0,chunk_0011.json,POST /v1/generation/data/dpp-bulk,2026-05-31 21:45:14.681365+00:00,25642,BURÇ BENDİ ve HES,166,2026-05-31T16:00:00+03:00,16:00
40W0000000256423,BURÇ BENDİ ve HES,unknown,2026-05-31 17:00:00+03:00,,0.0,chunk_0011.json,POST /v1/generation/data/dpp-bulk,2026-05-31 21:45:14.681365+00:00,25642,BURÇ BENDİ ve HES,166,2026-05-31T17:00:00+03:00,17:00
40W0000000256423,BURÇ BENDİ ve HES,unknown,2026-05-31 18:00:00+03:00,,27.0,chunk_0011.json,POST /v1/generation/data/dpp-bulk,2026-05-31 21:45:14.681365+00:00,25642,BURÇ BENDİ ve HES,166,2026-05-31T18:00:00+03:00,18:00
40W0000000256423,BURÇ BENDİ ve HES,unknown,2026-05-31 19:00:00+03:00,,27.0,chunk_0011.json,POST /v1/generation/data/dpp-bulk,2026-05-31 21:45:14.681365+00:00,25642,BURÇ BENDİ ve HES,166,2026-05-31T19:00:00+03:00,19:00
40W0000000256423,BURÇ BENDİ ve HES,unknown,2026-05-31 20:00:00+03:00,,27.0,chunk_0011.json,POST /v1/generation/data/dpp-bulk,2026-05-31 21:45:14.681365+00:00,25642,BURÇ BENDİ ve HES,166,2026-05-31T20:00:00+03:00,20:00
40W0000000256423,BURÇ BENDİ ve HES,unknown,2026-05-31 21:00:00+03:00,,27.0,chunk_0011.json,POST /v1/generation/data/dpp-bulk,2026-05-31 21:45:14.681365+00:00,25642,BURÇ BENDİ ve HES,166,2026-05-31T21:00:00+03:00,21:00
40W0000000256423,BURÇ BENDİ ve HES,unknown,2026-05-31 22:00:00+03:00,,27.0,chunk_0011.json,POST /v1/generation/data/dpp-bulk,2026-05-31 21:45:14.681365+00:00,25642,BURÇ BENDİ ve HES,166,2026-05-31T22:00:00+03:00,22:00
40W0000000256423,BURÇ BENDİ ve HES,unknown,2026-05-31 23:00:00+03:00,,27.0,chunk_0011.json,POST /v1/generation/data/dpp-bulk,2026-05-31 21:45:14.681365+00:00,25642,BURÇ BENDİ ve HES,166,2026-05-31T23:00:00+03:00,23:00
40W000000022491D,ANDIRIN HES,unknown,2026-05-31 00:00:00+03:00,,40.0,chunk_0011.json,POST /v1/generation/data/dpp-bulk,2026-05-31 21:45:14.681365+00:00,22491,ANDIRIN HES,280,2026-05-31T00:00:00+03:00,00:00
40W000000022491D,ANDIRIN HES,unknown,2026-05-31 01:00:00+03:00,,40.0,chunk_0011.json,POST /v1/generation/data/dpp-bulk,2026-05-31 21:45:14.681365+00:00,22491,ANDIRIN HES,280,2026-05-31T01:00:00+03:00,01:00
40W000000022491D,ANDIRIN HES,unknown,2026-05-31 02:00:00+03:00,,40.0,chunk_0011.json,POST /v1/generation/data/dpp-bulk,2026-05-31 21:45:14.681365+00:00,22491,ANDIRIN HES,280,2026-05-31T02:00:00+03:00,02:00
40W000000022491D,ANDIRIN HES,unknown,2026-05-31 03:00:00+03:00,,40.0,chunk_0011.json,POST /v1/generation/data/dpp-bulk,2026-05-31 21:45:14.681365+00:00,22491,ANDIRIN HES,280,2026-05-31T03:00:00+03:00,03:00
40W000000022491D,ANDIRIN HES,unknown,2026-05-31 04:00:00+03:00,,40.0,chunk_0011.json,POST /v1/generation/data/dpp-bulk,2026-05-31 21:45:14.681365+00:00,22491,ANDIRIN HES,280,2026-05-31T04:00:00+03:00,04:00
40W000000022491D,ANDIRIN HES,unknown,2026-05-31 05:00:00+03:00,,40.0,chunk_0011.json,POST /v1/generation/data/dpp-bulk,2026-05-31 21:45:14.681365+00:00,22491,ANDIRIN HES,280,2026-05-31T05:00:00+03:00,05:00
40W000000022491D,ANDIRIN HES,unknown,2026-05-31 06:00:00+03:00,,0.0,chunk_0011.json,POST /v1/generation/data/dpp-bulk,2026-05-31 21:45:14.681365+00:00,22491,ANDIRIN HES,280,2026-05-31T06:00:00+03:00,06:00
40W000000022491D,ANDIRIN HES,unknown,2026-05-31 07:00:00+03:00,,0.0,chunk_0011.json,POST /v1/generation/data/dpp-bulk,2026-05-31 21:45:14.681365+00:00,22491,ANDIRIN HES,280,2026-05-31T07:00:00+03:00,07:00
40W000000022491D,ANDIRIN HES,unknown,2026-05-31 08:00:00+03:00,,0.0,chunk_0011.json,POST /v1/generation/data/dpp-bulk,2026-05-31 21:45:14.681365+00:00,22491,ANDIRIN HES,280,2026-05-31T08:00:00+03:00,08:00
40W000000022491D,ANDIRIN HES,unknown,2026-05-31 09:00:00+03:00,,0.0,chunk_0011.json,POST /v1/generation/data/dpp-bulk,2026-05-31 21:45:14.681365+00:00,22491,ANDIRIN HES,280,2026-05-31T09:00:00+03:00,09:00
40W000000022491D,ANDIRIN HES,unknown,2026-05-31 10:00:00+03:00,,0.0,chunk_0011.json,POST /v1/generation/data/dpp-bulk,2026-05-31 21:45:14.681365+00:00,22491,ANDIRIN HES,280,2026-05-31T10:00:00+03:00,10:00
40W000000022491D,ANDIRIN HES,unknown,2026-05-31 11:00:00+03:00,,0.0,chunk_0011.json,POST /v1/generation/data/dpp-bulk,2026-05-31 21:45:14.681365+00:00,22491,ANDIRIN HES,280,2026-05-31T11:00:00+03:00,11:00
40W000000022491D,ANDIRIN HES,unknown,2026-05-31 12:00:00+03:00,,0.0,chunk_0011.json,POST /v1/generation/data/dpp-bulk,2026-05-31 21:45:14.681365+00:00,22491,ANDIRIN HES,280,2026-05-31T12:00:00+03:00,12:00
40W000000022491D,ANDIRIN HES,unknown,2026-05-31 13:00:00+03:00,,0.0,chunk_0011.json,POST /v1/generation/data/dpp-bulk,2026-05-31 21:45:14.681365+00:00,22491,ANDIRIN HES,280,2026-05-31T13:00:00+03:00,13:00
40W000000022491D,ANDIRIN HES,unknown,2026-05-31 14:00:00+03:00,,0.0,chunk_0011.json,POST /v1/generation/data/dpp-bulk,2026-05-31 21:45:14.681365+00:00,22491,ANDIRIN HES,280,2026-05-31T14:00:00+03:00,14:00
40W000000022491D,ANDIRIN HES,unknown,2026-05-31 15:00:00+03:00,,0.0,chunk_0011.json,POST /v1/generation/data/dpp-bulk,2026-05-31 21:45:14.681365+00:00,22491,ANDIRIN HES,280,2026-05-31T15:00:00+03:00,15:00
40W000000022491D,ANDIRIN HES,unknown,2026-05-31 16:00:00+03:00,,0.0,chunk_0011.json,POST /v1/generation/data/dpp-bulk,2026-05-31 21:45:14.681365+00:00,22491,ANDIRIN HES,280,2026-05-31T16:00:00+03:00,16:00
40W000000022491D,ANDIRIN HES,unknown,2026-05-31 17:00:00+03:00,,0.0,chunk_0011.json,POST /v1/generation/data/dpp-bulk,2026-05-31 21:45:14.681365+00:00,22491,ANDIRIN HES,280,2026-05-31T17:00:00+03:00,17:00
40W000000022491D,ANDIRIN HES,unknown,2026-05-31 18:00:00+03:00,,40.0,chunk_0011.json,POST /v1/generation/data/dpp-bulk,2026-05-31 21:45:14.681365+00:00,22491,ANDIRIN HES,280,2026-05-31T18:00:00+03:00,18:00
40W000000022491D,ANDIRIN HES,unknown,2026-05-31 19:00:00+03:00,,40.0,chunk_0011.json,POST /v1/generation/data/dpp-bulk,2026-05-31 21:45:14.681365+00:00,22491,ANDIRIN HES,280,2026-05-31T19:00:00+03:00,19:00
40W000000022491D,ANDIRIN HES,unknown,2026-05-31 20:00:00+03:00,,40.0,chunk_0011.json,POST /v1/generation/data/dpp-bulk,2026-05-31 21:45:14.681365+00:00,22491,ANDIRIN HES,280,2026-05-31T20:00:00+03:00,20:00
40W000000022491D,ANDIRIN HES,unknown,2026-05-31 21:00:00+03:00,,40.0,chunk_0011.json,POST /v1/generation/data/dpp-bulk,2026-05-31 21:45:14.681365+00:00,22491,ANDIRIN HES,280,2026-05-31T21:00:00+03:00,21:00
40W000000022491D,ANDIRIN HES,unknown,2026-05-31 22:00:00+03:00,,40.0,chunk_0011.json,POST /v1/generation/data/dpp-bulk,2026-05-31 21:45:14.681365+00:00,22491,ANDIRIN HES,280,2026-05-31T22:00:00+03:00,22:00
40W000000022491D,ANDIRIN HES,unknown,2026-05-31 23:00:00+03:00,,40.0,chunk_0011.json,POST /v1/generation/data/dpp-bulk,2026-05-31 21:45:14.681365+00:00,22491,ANDIRIN HES,280,2026-05-31T23:00:00+03:00,23:00
40W000000024604G,ENERJİSA BANDIRMA SANTRALI,unknown,2026-05-31 00:00:00+03:00,,0.0,chunk_0011.json,POST /v1/generation/data/dpp-bulk,2026-05-31 21:45:14.681365+00:00,24604,ENERJİSA BANDIRMA SANTRALI,282,2026-05-31T00:00:00+03:00,00:00
40W000000024604G,ENERJİSA BANDIRMA SANTRALI,unknown,2026-05-31 01:00:00+03:00,,0.0,chunk_0011.json,POST /v1/generation/data/dpp-bulk,2026-05-31 21:45:14.681365+00:00,24604,ENERJİSA BANDIRMA SANTRALI,282,2026-05-31T01:00:00+03:00,01:00
40W000000024604G,ENERJİSA BANDIRMA SANTRALI,unknown,2026-05-31 02:00:00+03:00,,0.0,chunk_0011.json,POST /v1/generation/data/dpp-bulk,2026-05-31 21:45:14.681365+00:00,24604,ENERJİSA BANDIRMA SANTRALI,282,2026-05-31T02:00:00+03:00,02:00
40W000000024604G,ENERJİSA BANDIRMA SANTRALI,unknown,2026-05-31 03:00:00+03:00,,0.0,chunk_0011.json,POST /v1/generation/data/dpp-bulk,2026-05-31 21:45:14.681365+00:00,24604,ENERJİSA BANDIRMA SANTRALI,282,2026-05-31T03:00:00+03:00,03:00
40W000000024604G,ENERJİSA BANDIRMA SANTRALI,unknown,2026-05-31 04:00:00+03:00,,0.0,chunk_0011.json,POST /v1/generation/data/dpp-bulk,2026-05-31 21:45:14.681365+00:00,24604,ENERJİSA BANDIRMA SANTRALI,282,2026-05-31T04:00:00+03:00,04:00
40W000000024604G,ENERJİSA BANDIRMA SANTRALI,unknown,2026-05-31 05:00:00+03:00,,0.0,chunk_0011.json,POST /v1/generation/data/dpp-bulk,2026-05-31 21:45:14.681365+00:00,24604,ENERJİSA BANDIRMA SANTRALI,282,2026-05-31T05:00:00+03:00,05:00
40W000000024604G,ENERJİSA BANDIRMA SANTRALI,unknown,2026-05-31 06:00:00+03:00,,0.0,chunk_0011.json,POST /v1/generation/data/dpp-bulk,2026-05-31 21:45:14.681365+00:00,24604,ENERJİSA BANDIRMA SANTRALI,282,2026-05-31T06:00:00+03:00,06:00
40W000000024604G,ENERJİSA BANDIRMA SANTRALI,unknown,2026-05-31 07:00:00+03:00,,0.0,chunk_0011.json,POST /v1/generation/data/dpp-bulk,2026-05-31 21:45:14.681365+00:00,24604,ENERJİSA BANDIRMA SANTRALI,282,2026-05-31T07:00:00+03:00,07:00
40W000000024604G,ENERJİSA BANDIRMA SANTRALI,unknown,2026-05-31 08:00:00+03:00,,0.0,chunk_0011.json,POST /v1/generation/data/dpp-bulk,2026-05-31 21:45:14.681365+00:00,24604,ENERJİSA BANDIRMA SANTRALI,282,2026-05-31T08:00:00+03:00,08:00
40W000000024604G,ENERJİSA BANDIRMA SANTRALI,unknown,2026-05-31 09:00:00+03:00,,0.0,chunk_0011.json,POST /v1/generation/data/dpp-bulk,2026-05-31 21:45:14.681365+00:00,24604,ENERJİSA BANDIRMA SANTRALI,282,2026-05-31T09:00:00+03:00,09:00
40W000000024604G,ENERJİSA BANDIRMA SANTRALI,unknown,2026-05-31 10:00:00+03:00,,0.0,chunk_0011.json,POST /v1/generation/data/dpp-bulk,2026-05-31 21:45:14.681365+00:00,24604,ENERJİSA BANDIRMA SANTRALI,282,2026-05-31T10:00:00+03:00,10:00
40W000000024604G,ENERJİSA BANDIRMA SANTRALI,unknown,2026-05-31 11:00:00+03:00,,0.0,chunk_0011.json,POST /v1/generation/data/dpp-bulk,2026-05-31 21:45:14.681365+00:00,24604,ENERJİSA BANDIRMA SANTRALI,282,2026-05-31T11:00:00+03:00,11:00
40W000000024604G,ENERJİSA BANDIRMA SANTRALI,unknown,2026-05-31 12:00:00+03:00,,0.0,chunk_0011.json,POST /v1/generation/data/dpp-bulk,2026-05-31 21:45:14.681365+00:00,24604,ENERJİSA BANDIRMA SANTRALI,282,2026-05-31T12:00:00+03:00,12:00
40W000000024604G,ENERJİSA BANDIRMA SANTRALI,unknown,2026-05-31 13:00:00+03:00,,0.0,chunk_0011.json,POST /v1/generation/data/dpp-bulk,2026-05-31 21:45:14.681365+00:00,24604,ENERJİSA BANDIRMA SANTRALI,282,2026-05-31T13:00:00+03:00,13:00
40W000000024604G,ENERJİSA BANDIRMA SANTRALI,unknown,2026-05-31 14:00:00+03:00,,0.0,chunk_0011.json,POST /v1/generation/data/dpp-bulk,2026-05-31 21:45:14.681365+00:00,24604,ENERJİSA BANDIRMA SANTRALI,282,2026-05-31T14:00:00+03:00,14:00
40W000000024604G,ENERJİSA BANDIRMA SANTRALI,unknown,2026-05-31 15:00:00+03:00,,0.0,chunk_0011.json,POST /v1/generation/data/dpp-bulk,2026-05-31 21:45:14.681365+00:00,24604,ENERJİSA BANDIRMA SANTRALI,282,2026-05-31T15:00:00+03:00,15:00
40W000000024604G,ENERJİSA BANDIRMA SANTRALI,unknown,2026-05-31 16:00:00+03:00,,0.0,chunk_0011.json,POST /v1/generation/data/dpp-bulk,2026-05-31 21:45:14.681365+00:00,24604,ENERJİSA BANDIRMA SANTRALI,282,2026-05-31T16:00:00+03:00,16:00
40W000000024604G,ENERJİSA BANDIRMA SANTRALI,unknown,2026-05-31 17:00:00+03:00,,0.0,chunk_0011.json,POST /v1/generation/data/dpp-bulk,2026-05-31 21:45:14.681365+00:00,24604,ENERJİSA BANDIRMA SANTRALI,282,2026-05-31T17:00:00+03:00,17:00
40W000000024604G,ENERJİSA BANDIRMA SANTRALI,unknown,2026-05-31 18:00:00+03:00,,2.7,chunk_0011.json,POST /v1/generation/data/dpp-bulk,2026-05-31 21:45:14.681365+00:00,24604,ENERJİSA BANDIRMA SANTRALI,282,2026-05-31T18:00:00+03:00,18:00
40W000000024604G,ENERJİSA BANDIRMA SANTRALI,unknown,2026-05-31 19:00:00+03:00,,0.9,chunk_0011.json,POST /v1/generation/data/dpp-bulk,2026-05-31 21:45:14.681365+00:00,24604,ENERJİSA BANDIRMA SANTRALI,282,2026-05-31T19:00:00+03:00,19:00
40W000000024604G,ENERJİSA BANDIRMA SANTRALI,unknown,2026-05-31 20:00:00+03:00,,0.1,chunk_0011.json,POST /v1/generation/data/dpp-bulk,2026-05-31 21:45:14.681365+00:00,24604,ENERJİSA BANDIRMA SANTRALI,282,2026-05-31T20:00:00+03:00,20:00
40W000000024604G,ENERJİSA BANDIRMA SANTRALI,unknown,2026-05-31 21:00:00+03:00,,0.0,chunk_0011.json,POST /v1/generation/data/dpp-bulk,2026-05-31 21:45:14.681365+00:00,24604,ENERJİSA BANDIRMA SANTRALI,282,2026-05-31T21:00:00+03:00,21:00
40W000000024604G,ENERJİSA BANDIRMA SANTRALI,unknown,2026-05-31 22:00:00+03:00,,0.0,chunk_0011.json,POST /v1/generation/data/dpp-bulk,2026-05-31 21:45:14.681365+00:00,24604,ENERJİSA BANDIRMA SANTRALI,282,2026-05-31T22:00:00+03:00,22:00
40W000000024604G,ENERJİSA BANDIRMA SANTRALI,unknown,2026-05-31 23:00:00+03:00,,0.0,chunk_0011.json,POST /v1/generation/data/dpp-bulk,2026-05-31 21:45:14.681365+00:00,24604,ENERJİSA BANDIRMA SANTRALI,282,2026-05-31T23:00:00+03:00,23:00
40W000000024380C,KARŞIYAKA HES,unknown,2026-05-31 00:00:00+03:00,,0.2,chunk_0011.json,POST /v1/generation/data/dpp-bulk,2026-05-31 21:45:14.681365+00:00,24380,KARŞIYAKA HES,497,2026-05-31T00:00:00+03:00,00:00
40W000000024380C,KARŞIYAKA HES,unknown,2026-05-31 01:00:00+03:00,,0.2,chunk_0011.json,POST /v1/generation/data/dpp-bulk,2026-05-31 21:45:14.681365+00:00,24380,KARŞIYAKA HES,497,2026-05-31T01:00:00+03:00,01:00
40W000000024380C,KARŞIYAKA HES,unknown,2026-05-31 02:00:00+03:00,,0.2,chunk_0011.json,POST /v1/generation/data/dpp-bulk,2026-05-31 21:45:14.681365+00:00,24380,KARŞIYAKA HES,497,2026-05-31T02:00:00+03:00,02:00
40W000000024380C,KARŞIYAKA HES,unknown,2026-05-31 03:00:00+03:00,,0.2,chunk_0011.json,POST /v1/generation/data/dpp-bulk,2026-05-31 21:45:14.681365+00:00,24380,KARŞIYAKA HES,497,2026-05-31T03:00:00+03:00,03:00
40W000000024380C,KARŞIYAKA HES,unknown,2026-05-31 04:00:00+03:00,,0.2,chunk_0011.json,POST /v1/generation/data/dpp-bulk,2026-05-31 21:45:14.681365+00:00,24380,KARŞIYAKA HES,497,2026-05-31T04:00:00+03:00,04:00
40W000000024380C,KARŞIYAKA HES,unknown,2026-05-31 05:00:00+03:00,,0.2,chunk_0011.json,POST /v1/generation/data/dpp-bulk,2026-05-31 21:45:14.681365+00:00,24380,KARŞIYAKA HES,497,2026-05-31T05:00:00+03:00,05:00
40W000000024380C,KARŞIYAKA HES,unknown,2026-05-31 06:00:00+03:00,,0.2,chunk_0011.json,POST /v1/generation/data/dpp-bulk,2026-05-31 21:45:14.681365+00:00,24380,KARŞIYAKA HES,497,2026-05-31T06:00:00+03:00,06:00
40W000000024380C,KARŞIYAKA HES,unknown,2026-05-31 07:00:00+03:00,,0.2,chunk_0011.json,POST /v1/generation/data/dpp-bulk,2026-05-31 21:45:14.681365+00:00,24380,KARŞIYAKA HES,497,2026-05-31T07:00:00+03:00,07:00
40W000000024380C,KARŞIYAKA HES,unknown,2026-05-31 08:00:00+03:00,,0.2,chunk_0011.json,POST /v1/generation/data/dpp-bulk,2026-05-31 21:45:14.681365+00:00,24380,KARŞIYAKA HES,497,2026-05-31T08:00:00+03:00,08:00
40W000000024380C,KARŞIYAKA HES,unknown,2026-05-31 09:00:00+03:00,,0.0,chunk_0011.json,POST /v1/generation/data/dpp-bulk,2026-05-31 21:45:14.681365+00:00,24380,KARŞIYAKA HES,497,2026-05-31T09:00:00+03:00,09:00
40W000000024380C,KARŞIYAKA HES,unknown,2026-05-31 10:00:00+03:00,,0.0,chunk_0011.json,POST /v1/generation/data/dpp-bulk,2026-05-31 21:45:14.681365+00:00,24380,KARŞIYAKA HES,497,2026-05-31T10:00:00+03:00,10:00
40W000000024380C,KARŞIYAKA HES,unknown,2026-05-31 11:00:00+03:00,,0.0,chunk_0011.json,POST /v1/generation/data/dpp-bulk,2026-05-31 21:45:14.681365+00:00,24380,KARŞIYAKA HES,497,2026-05-31T11:00:00+03:00,11:00
40W000000024380C,KARŞIYAKA HES,unknown,2026-05-31 12:00:00+03:00,,0.0,chunk_0011.json,POST /v1/generation/data/dpp-bulk,2026-05-31 21:45:14.681365+00:00,24380,KARŞIYAKA HES,497,2026-05-31T12:00:00+03:00,12:00
40W000000024380C,KARŞIYAKA HES,unknown,2026-05-31 13:00:00+03:00,,0.0,chunk_0011.json,POST /v1/generation/data/dpp-bulk,2026-05-31 21:45:14.681365+00:00,24380,KARŞIYAKA HES,497,2026-05-31T13:00:00+03:00,13:00
40W000000024380C,KARŞIYAKA HES,unknown,2026-05-31 14:00:00+03:00,,0.0,chunk_0011.json,POST /v1/generation/data/dpp-bulk,2026-05-31 21:45:14.681365+00:00,24380,KARŞIYAKA HES,497,2026-05-31T14:00:00+03:00,14:00
40W000000024380C,KARŞIYAKA HES,unknown,2026-05-31 15:00:00+03:00,,0.0,chunk_0011.json,POST /v1/generation/data/dpp-bulk,2026-05-31 21:45:14.681365+00:00,24380,KARŞIYAKA HES,497,2026-05-31T15:00:00+03:00,15:00
40W000000024380C,KARŞIYAKA HES,unknown,2026-05-31 16:00:00+03:00,,0.0,chunk_0011.json,POST /v1/generation/data/dpp-bulk,2026-05-31 21:45:14.681365+00:00,24380,KARŞIYAKA HES,497,2026-05-31T16:00:00+03:00,16:00
40W000000024380C,KARŞIYAKA HES,unknown,2026-05-31 17:00:00+03:00,,0.0,chunk_0011.json,POST /v1/generation/data/dpp-bulk,2026-05-31 21:45:14.681365+00:00,24380,KARŞIYAKA HES,497,2026-05-31T17:00:00+03:00,17:00
40W000000024380C,KARŞIYAKA HES,unknown,2026-05-31 18:00:00+03:00,,0.0,chunk_0011.json,POST /v1/generation/data/dpp-bulk,2026-05-31 21:45:14.681365+00:00,24380,KARŞIYAKA HES,497,2026-05-31T18:00:00+03:00,18:00
40W000000024380C,KARŞIYAKA HES,unknown,2026-05-31 19:00:00+03:00,,0.0,chunk_0011.json,POST /v1/generation/data/dpp-bulk,2026-05-31 21:45:14.681365+00:00,24380,KARŞIYAKA HES,497,2026-05-31T19:00:00+03:00,19:00
40W000000024380C,KARŞIYAKA HES,unknown,2026-05-31 20:00:00+03:00,,0.0,chunk_0011.json,POST /v1/generation/data/dpp-bulk,2026-05-31 21:45:14.681365+00:00,24380,KARŞIYAKA HES,497,2026-05-31T20:00:00+03:00,20:00
40W000000024380C,KARŞIYAKA HES,unknown,2026-05-31 21:00:00+03:00,,0.0,chunk_0011.json,POST /v1/generation/data/dpp-bulk,2026-05-31 21:45:14.681365+00:00,24380,KARŞIYAKA HES,497,2026-05-31T21:00:00+03:00,21:00
40W000000024380C,KARŞIYAKA HES,unknown,2026-05-31 22:00:00+03:00,,0.1,chunk_0011.json,POST /v1/generation/data/dpp-bulk,2026-05-31 21:45:14.681365+00:00,24380,KARŞIYAKA HES,497,2026-05-31T22:00:00+03:00,22:00
40W000000024380C,KARŞIYAKA HES,unknown,2026-05-31 23:00:00+03:00,,0.1,chunk_0011.json,POST /v1/generation/data/dpp-bulk,2026-05-31 21:45:14.681365+00:00,24380,KARŞIYAKA HES,497,2026-05-31T23:00:00+03:00,23:00
40W000000018588B,ZETES 1,unknown,2026-05-31 00:00:00+03:00,,0.0,chunk_0011.json,POST /v1/generation/data/dpp-bulk,2026-05-31 21:45:14.681365+00:00,18588,ZETES 1,603,2026-05-31T00:00:00+03:00,00:00
40W000000018588B,ZETES 1,unknown,2026-05-31 01:00:00+03:00,,0.0,chunk_0011.json,POST /v1/generation/data/dpp-bulk,2026-05-31 21:45:14.681365+00:00,18588,ZETES 1,603,2026-05-31T01:00:00+03:00,01:00
40W000000018588B,ZETES 1,unknown,2026-05-31 02:00:00+03:00,,0.0,chunk_0011.json,POST /v1/generation/data/dpp-bulk,2026-05-31 21:45:14.681365+00:00,18588,ZETES 1,603,2026-05-31T02:00:00+03:00,02:00
40W000000018588B,ZETES 1,unknown,2026-05-31 03:00:00+03:00,,0.0,chunk_0011.json,POST /v1/generation/data/dpp-bulk,2026-05-31 21:45:14.681365+00:00,18588,ZETES 1,603,2026-05-31T03:00:00+03:00,03:00
40W000000018588B,ZETES 1,unknown,2026-05-31 04:00:00+03:00,,0.0,chunk_0011.json,POST /v1/generation/data/dpp-bulk,2026-05-31 21:45:14.681365+00:00,18588,ZETES 1,603,2026-05-31T04:00:00+03:00,04:00
40W000000018588B,ZETES 1,unknown,2026-05-31 05:00:00+03:00,,0.0,chunk_0011.json,POST /v1/generation/data/dpp-bulk,2026-05-31 21:45:14.681365+00:00,18588,ZETES 1,603,2026-05-31T05:00:00+03:00,05:00
40W000000018588B,ZETES 1,unknown,2026-05-31 06:00:00+03:00,,0.0,chunk_0011.json,POST /v1/generation/data/dpp-bulk,2026-05-31 21:45:14.681365+00:00,18588,ZETES 1,603,2026-05-31T06:00:00+03:00,06:00
40W000000018588B,ZETES 1,unknown,2026-05-31 07:00:00+03:00,,0.0,chunk_0011.json,POST /v1/generation/data/dpp-bulk,2026-05-31 21:45:14.681365+00:00,18588,ZETES 1,603,2026-05-31T07:00:00+03:00,07:00
40W000000018588B,ZETES 1,unknown,2026-05-31 08:00:00+03:00,,0.0,chunk_0011.json,POST /v1/generation/data/dpp-bulk,2026-05-31 21:45:14.681365+00:00,18588,ZETES 1,603,2026-05-31T08:00:00+03:00,08:00
40W000000018588B,ZETES 1,unknown,2026-05-31 09:00:00+03:00,,0.0,chunk_0011.json,POST /v1/generation/data/dpp-bulk,2026-05-31 21:45:14.681365+00:00,18588,ZETES 1,603,2026-05-31T09:00:00+03:00,09:00
40W000000018588B,ZETES 1,unknown,2026-05-31 10:00:00+03:00,,0.0,chunk_0011.json,POST /v1/generation/data/dpp-bulk,2026-05-31 21:45:14.681365+00:00,18588,ZETES 1,603,2026-05-31T10:00:00+03:00,10:00
40W000000018588B,ZETES 1,unknown,2026-05-31 11:00:00+03:00,,0.0,chunk_0011.json,POST /v1/generation/data/dpp-bulk,2026-05-31 21:45:14.681365+00:00,18588,ZETES 1,603,2026-05-31T11:00:00+03:00,11:00
40W000000018588B,ZETES 1,unknown,2026-05-31 12:00:00+03:00,,0.0,chunk_0011.json,POST /v1/generation/data/dpp-bulk,2026-05-31 21:45:14.681365+00:00,18588,ZETES 1,603,2026-05-31T12:00:00+03:00,12:00
40W000000018588B,ZETES 1,unknown,2026-05-31 13:00:00+03:00,,0.0,chunk_0011.json,POST /v1/generation/data/dpp-bulk,2026-05-31 21:45:14.681365+00:00,18588,ZETES 1,603,2026-05-31T13:00:00+03:00,13:00
40W000000018588B,ZETES 1,unknown,2026-05-31 14:00:00+03:00,,0.0,chunk_0011.json,POST /v1/generation/data/dpp-bulk,2026-05-31 21:45:14.681365+00:00,18588,ZETES 1,603,2026-05-31T14:00:00+03:00,14:00
40W000000018588B,ZETES 1,unknown,2026-05-31 15:00:00+03:00,,0.0,chunk_0011.json,POST /v1/generation/data/dpp-bulk,2026-05-31 21:45:14.681365+00:00,18588,ZETES 1,603,2026-05-31T15:00:00+03:00,15:00
40W000000018588B,ZETES 1,unknown,2026-05-31 16:00:00+03:00,,0.0,chunk_0011.json,POST /v1/generation/data/dpp-bulk,2026-05-31 21:45:14.681365+00:00,18588,ZETES 1,603,2026-05-31T16:00:00+03:00,16:00
40W000000018588B,ZETES 1,unknown,2026-05-31 17:00:00+03:00,,0.0,chunk_0011.json,POST /v1/generation/data/dpp-bulk,2026-05-31 21:45:14.681365+00:00,18588,ZETES 1,603,2026-05-31T17:00:00+03:00,17:00
40W000000018588B,ZETES 1,unknown,2026-05-31 18:00:00+03:00,,0.0,chunk_0011.json,POST /v1/generation/data/dpp-bulk,2026-05-31 21:45:14.681365+00:00,18588,ZETES 1,603,2026-05-31T18:00:00+03:00,18:00
40W000000018588B,ZETES 1,unknown,2026-05-31 19:00:00+03:00,,0.0,chunk_0011.json,POST /v1/generation/data/dpp-bulk,2026-05-31 21:45:14.681365+00:00,18588,ZETES 1,603,2026-05-31T19:00:00+03:00,19:00
40W000000018588B,ZETES 1,unknown,2026-05-31 20:00:00+03:00,,0.0,chunk_0011.json,POST /v1/generation/data/dpp-bulk,2026-05-31 21:45:14.681365+00:00,18588,ZETES 1,603,2026-05-31T20:00:00+03:00,20:00
40W000000018588B,ZETES 1,unknown,2026-05-31 21:00:00+03:00,,0.0,chunk_0011.json,POST /v1/generation/data/dpp-bulk,2026-05-31 21:45:14.681365+00:00,18588,ZETES 1,603,2026-05-31T21:00:00+03:00,21:00
40W000000018588B,ZETES 1,unknown,2026-05-31 22:00:00+03:00,,0.0,chunk_0011.json,POST /v1/generation/data/dpp-bulk,2026-05-31 21:45:14.681365+00:00,18588,ZETES 1,603,2026-05-31T22:00:00+03:00,22:00
40W000000018588B,ZETES 1,unknown,2026-05-31 23:00:00+03:00,,0.0,chunk_0011.json,POST /v1/generation/data/dpp-bulk,2026-05-31 21:45:14.681365+00:00,18588,ZETES 1,603,2026-05-31T23:00:00+03:00,23:00
40W000000025501L,ZETES 2-A,unknown,2026-05-31 00:00:00+03:00,,0.0,chunk_0011.json,POST /v1/generation/data/dpp-bulk,2026-05-31 21:45:14.681365+00:00,25501,ZETES 2-A,603,2026-05-31T00:00:00+03:00,00:00
40W000000025501L,ZETES 2-A,unknown,2026-05-31 01:00:00+03:00,,0.0,chunk_0011.json,POST /v1/generation/data/dpp-bulk,2026-05-31 21:45:14.681365+00:00,25501,ZETES 2-A,603,2026-05-31T01:00:00+03:00,01:00
40W000000025501L,ZETES 2-A,unknown,2026-05-31 02:00:00+03:00,,0.0,chunk_0011.json,POST /v1/generation/data/dpp-bulk,2026-05-31 21:45:14.681365+00:00,25501,ZETES 2-A,603,2026-05-31T02:00:00+03:00,02:00
40W000000025501L,ZETES 2-A,unknown,2026-05-31 03:00:00+03:00,,0.0,chunk_0011.json,POST /v1/generation/data/dpp-bulk,2026-05-31 21:45:14.681365+00:00,25501,ZETES 2-A,603,2026-05-31T03:00:00+03:00,03:00
40W000000025501L,ZETES 2-A,unknown,2026-05-31 04:00:00+03:00,,0.0,chunk_0011.json,POST /v1/generation/data/dpp-bulk,2026-05-31 21:45:14.681365+00:00,25501,ZETES 2-A,603,2026-05-31T04:00:00+03:00,04:00
40W000000025501L,ZETES 2-A,unknown,2026-05-31 05:00:00+03:00,,0.0,chunk_0011.json,POST /v1/generation/data/dpp-bulk,2026-05-31 21:45:14.681365+00:00,25501,ZETES 2-A,603,2026-05-31T05:00:00+03:00,05:00
40W000000025501L,ZETES 2-A,unknown,2026-05-31 06:00:00+03:00,,0.0,chunk_0011.json,POST /v1/generation/data/dpp-bulk,2026-05-31 21:45:14.681365+00:00,25501,ZETES 2-A,603,2026-05-31T06:00:00+03:00,06:00
40W000000025501L,ZETES 2-A,unknown,2026-05-31 07:00:00+03:00,,0.0,chunk_0011.json,POST /v1/generation/data/dpp-bulk,2026-05-31 21:45:14.681365+00:00,25501,ZETES 2-A,603,2026-05-31T07:00:00+03:00,07:00
40W000000025501L,ZETES 2-A,unknown,2026-05-31 08:00:00+03:00,,0.0,chunk_0011.json,POST /v1/generation/data/dpp-bulk,2026-05-31 21:45:14.681365+00:00,25501,ZETES 2-A,603,2026-05-31T08:00:00+03:00,08:00
40W000000025501L,ZETES 2-A,unknown,2026-05-31 09:00:00+03:00,,0.0,chunk_0011.json,POST /v1/generation/data/dpp-bulk,2026-05-31 21:45:14.681365+00:00,25501,ZETES 2-A,603,2026-05-31T09:00:00+03:00,09:00
40W000000025501L,ZETES 2-A,unknown,2026-05-31 10:00:00+03:00,,0.0,chunk_0011.json,POST /v1/generation/data/dpp-bulk,2026-05-31 21:45:14.681365+00:00,25501,ZETES 2-A,603,2026-05-31T10:00:00+03:00,10:00
40W000000025501L,ZETES 2-A,unknown,2026-05-31 11:00:00+03:00,,0.0,chunk_0011.json,POST /v1/generation/data/dpp-bulk,2026-05-31 21:45:14.681365+00:00,25501,ZETES 2-A,603,2026-05-31T11:00:00+03:00,11:00
40W000000025501L,ZETES 2-A,unknown,2026-05-31 12:00:00+03:00,,0.0,chunk_0011.json,POST /v1/generation/data/dpp-bulk,2026-05-31 21:45:14.681365+00:00,25501,ZETES 2-A,603,2026-05-31T12:00:00+03:00,12:00
40W000000025501L,ZETES 2-A,unknown,2026-05-31 13:00:00+03:00,,0.0,chunk_0011.json,POST /v1/generation/data/dpp-bulk,2026-05-31 21:45:14.681365+00:00,25501,ZETES 2-A,603,2026-05-31T13:00:00+03:00,13:00
40W000000025501L,ZETES 2-A,unknown,2026-05-31 14:00:00+03:00,,0.0,chunk_0011.json,POST /v1/generation/data/dpp-bulk,2026-05-31 21:45:14.681365+00:00,25501,ZETES 2-A,603,2026-05-31T14:00:00+03:00,14:00
40W000000025501L,ZETES 2-A,unknown,2026-05-31 15:00:00+03:00,,0.0,chunk_0011.json,POST /v1/generation/data/dpp-bulk,2026-05-31 21:45:14.681365+00:00,25501,ZETES 2-A,603,2026-05-31T15:00:00+03:00,15:00
40W000000025501L,ZETES 2-A,unknown,2026-05-31 16:00:00+03:00,,0.0,chunk_0011.json,POST /v1/generation/data/dpp-bulk,2026-05-31 21:45:14.681365+00:00,25501,ZETES 2-A,603,2026-05-31T16:00:00+03:00,16:00
40W000000025501L,ZETES 2-A,unknown,2026-05-31 17:00:00+03:00,,0.0,chunk_0011.json,POST /v1/generation/data/dpp-bulk,2026-05-31 21:45:14.681365+00:00,25501,ZETES 2-A,603,2026-05-31T17:00:00+03:00,17:00
40W000000025501L,ZETES 2-A,unknown,2026-05-31 18:00:00+03:00,,0.0,chunk_0011.json,POST /v1/generation/data/dpp-bulk,2026-05-31 21:45:14.681365+00:00,25501,ZETES 2-A,603,2026-05-31T18:00:00+03:00,18:00
40W000000025501L,ZETES 2-A,unknown,2026-05-31 19:00:00+03:00,,0.0,chunk_0011.json,POST /v1/generation/data/dpp-bulk,2026-05-31 21:45:14.681365+00:00,25501,ZETES 2-A,603,2026-05-31T19:00:00+03:00,19:00
40W000000025501L,ZETES 2-A,unknown,2026-05-31 20:00:00+03:00,,0.0,chunk_0011.json,POST /v1/generation/data/dpp-bulk,2026-05-31 21:45:14.681365+00:00,25501,ZETES 2-A,603,2026-05-31T20:00:00+03:00,20:00
40W000000025501L,ZETES 2-A,unknown,2026-05-31 21:00:00+03:00,,0.0,chunk_0011.json,POST /v1/generation/data/dpp-bulk,2026-05-31 21:45:14.681365+00:00,25501,ZETES 2-A,603,2026-05-31T21:00:00+03:00,21:00
40W000000025501L,ZETES 2-A,unknown,2026-05-31 22:00:00+03:00,,0.0,chunk_0011.json,POST /v1/generation/data/dpp-bulk,2026-05-31 21:45:14.681365+00:00,25501,ZETES 2-A,603,2026-05-31T22:00:00+03:00,22:00
40W000000025501L,ZETES 2-A,unknown,2026-05-31 23:00:00+03:00,,0.0,chunk_0011.json,POST /v1/generation/data/dpp-bulk,2026-05-31 21:45:14.681365+00:00,25501,ZETES 2-A,603,2026-05-31T23:00:00+03:00,23:00
40W000000024379Y,KESKİNOĞLU OTOPRODÜKTÖR TESİSİ,unknown,2026-05-31 00:00:00+03:00,,0.0,chunk_0011.json,POST /v1/generation/data/dpp-bulk,2026-05-31 21:45:14.681365+00:00,24379,KESKİNOĞLU OTOPRODÜKTÖR TESİSİ,2445,2026-05-31T00:00:00+03:00,00:00
40W000000024379Y,KESKİNOĞLU OTOPRODÜKTÖR TESİSİ,unknown,2026-05-31 01:00:00+03:00,,0.0,chunk_0011.json,POST /v1/generation/data/dpp-bulk,2026-05-31 21:45:14.681365+00:00,24379,KESKİNOĞLU OTOPRODÜKTÖR TESİSİ,2445,2026-05-31T01:00:00+03:00,01:00
40W000000024379Y,KESKİNOĞLU OTOPRODÜKTÖR TESİSİ,unknown,2026-05-31 02:00:00+03:00,,0.0,chunk_0011.json,POST /v1/generation/data/dpp-bulk,2026-05-31 21:45:14.681365+00:00,24379,KESKİNOĞLU OTOPRODÜKTÖR TESİSİ,2445,2026-05-31T02:00:00+03:00,02:00
40W000000024379Y,KESKİNOĞLU OTOPRODÜKTÖR TESİSİ,unknown,2026-05-31 03:00:00+03:00,,0.0,chunk_0011.json,POST /v1/generation/data/dpp-bulk,2026-05-31 21:45:14.681365+00:00,24379,KESKİNOĞLU OTOPRODÜKTÖR TESİSİ,2445,2026-05-31T03:00:00+03:00,03:00
40W000000024379Y,KESKİNOĞLU OTOPRODÜKTÖR TESİSİ,unknown,2026-05-31 04:00:00+03:00,,0.0,chunk_0011.json,POST /v1/generation/data/dpp-bulk,2026-05-31 21:45:14.681365+00:00,24379,KESKİNOĞLU OTOPRODÜKTÖR TESİSİ,2445,2026-05-31T04:00:00+03:00,04:00
40W000000024379Y,KESKİNOĞLU OTOPRODÜKTÖR TESİSİ,unknown,2026-05-31 05:00:00+03:00,,0.0,chunk_0011.json,POST /v1/generation/data/dpp-bulk,2026-05-31 21:45:14.681365+00:00,24379,KESKİNOĞLU OTOPRODÜKTÖR TESİSİ,2445,2026-05-31T05:00:00+03:00,05:00
40W000000024379Y,KESKİNOĞLU OTOPRODÜKTÖR TESİSİ,unknown,2026-05-31 06:00:00+03:00,,0.0,chunk_0011.json,POST /v1/generation/data/dpp-bulk,2026-05-31 21:45:14.681365+00:00,24379,KESKİNOĞLU OTOPRODÜKTÖR TESİSİ,2445,2026-05-31T06:00:00+03:00,06:00
40W000000024379Y,KESKİNOĞLU OTOPRODÜKTÖR TESİSİ,unknown,2026-05-31 07:00:00+03:00,,0.0,chunk_0011.json,POST /v1/generation/data/dpp-bulk,2026-05-31 21:45:14.681365+00:00,24379,KESKİNOĞLU OTOPRODÜKTÖR TESİSİ,2445,2026-05-31T07:00:00+03:00,07:00
40W000000024379Y,KESKİNOĞLU OTOPRODÜKTÖR TESİSİ,unknown,2026-05-31 08:00:00+03:00,,0.0,chunk_0011.json,POST /v1/generation/data/dpp-bulk,2026-05-31 21:45:14.681365+00:00,24379,KESKİNOĞLU OTOPRODÜKTÖR TESİSİ,2445,2026-05-31T08:00:00+03:00,08:00
40W000000024379Y,KESKİNOĞLU OTOPRODÜKTÖR TESİSİ,unknown,2026-05-31 09:00:00+03:00,,0.0,chunk_0011.json,POST /v1/generation/data/dpp-bulk,2026-05-31 21:45:14.681365+00:00,24379,KESKİNOĞLU OTOPRODÜKTÖR TESİSİ,2445,2026-05-31T09:00:00+03:00,09:00
40W000000024379Y,KESKİNOĞLU OTOPRODÜKTÖR TESİSİ,unknown,2026-05-31 10:00:00+03:00,,0.0,chunk_0011.json,POST /v1/generation/data/dpp-bulk,2026-05-31 21:45:14.681365+00:00,24379,KESKİNOĞLU OTOPRODÜKTÖR TESİSİ,2445,2026-05-31T10:00:00+03:00,10:00
40W000000024379Y,KESKİNOĞLU OTOPRODÜKTÖR TESİSİ,unknown,2026-05-31 11:00:00+03:00,,0.0,chunk_0011.json,POST /v1/generation/data/dpp-bulk,2026-05-31 21:45:14.681365+00:00,24379,KESKİNOĞLU OTOPRODÜKTÖR TESİSİ,2445,2026-05-31T11:00:00+03:00,11:00
40W000000024379Y,KESKİNOĞLU OTOPRODÜKTÖR TESİSİ,unknown,2026-05-31 12:00:00+03:00,,0.0,chunk_0011.json,POST /v1/generation/data/dpp-bulk,2026-05-31 21:45:14.681365+00:00,24379,KESKİNOĞLU OTOPRODÜKTÖR TESİSİ,2445,2026-05-31T12:00:00+03:00,12:00
40W000000024379Y,KESKİNOĞLU OTOPRODÜKTÖR TESİSİ,unknown,2026-05-31 13:00:00+03:00,,0.0,chunk_0011.json,POST /v1/generation/data/dpp-bulk,2026-05-31 21:45:14.681365+00:00,24379,KESKİNOĞLU OTOPRODÜKTÖR TESİSİ,2445,2026-05-31T13:00:00+03:00,13:00
40W000000024379Y,KESKİNOĞLU OTOPRODÜKTÖR TESİSİ,unknown,2026-05-31 14:00:00+03:00,,0.0,chunk_0011.json,POST /v1/generation/data/dpp-bulk,2026-05-31 21:45:14.681365+00:00,24379,KESKİNOĞLU OTOPRODÜKTÖR TESİSİ,2445,2026-05-31T14:00:00+03:00,14:00
40W000000024379Y,KESKİNOĞLU OTOPRODÜKTÖR TESİSİ,unknown,2026-05-31 15:00:00+03:00,,0.0,chunk_0011.json,POST /v1/generation/data/dpp-bulk,2026-05-31 21:45:14.681365+00:00,24379,KESKİNOĞLU OTOPRODÜKTÖR TESİSİ,2445,2026-05-31T15:00:00+03:00,15:00
40W000000024379Y,KESKİNOĞLU OTOPRODÜKTÖR TESİSİ,unknown,2026-05-31 16:00:00+03:00,,0.0,chunk_0011.json,POST /v1/generation/data/dpp-bulk,2026-05-31 21:45:14.681365+00:00,24379,KESKİNOĞLU OTOPRODÜKTÖR TESİSİ,2445,2026-05-31T16:00:00+03:00,16:00
40W000000024379Y,KESKİNOĞLU OTOPRODÜKTÖR TESİSİ,unknown,2026-05-31 17:00:00+03:00,,0.0,chunk_0011.json,POST /v1/generation/data/dpp-bulk,2026-05-31 21:45:14.681365+00:00,24379,KESKİNOĞLU OTOPRODÜKTÖR TESİSİ,2445,2026-05-31T17:00:00+03:00,17:00
40W000000024379Y,KESKİNOĞLU OTOPRODÜKTÖR TESİSİ,unknown,2026-05-31 18:00:00+03:00,,0.0,chunk_0011.json,POST /v1/generation/data/dpp-bulk,2026-05-31 21:45:14.681365+00:00,24379,KESKİNOĞLU OTOPRODÜKTÖR TESİSİ,2445,2026-05-31T18:00:00+03:00,18:00
40W000000024379Y,KESKİNOĞLU OTOPRODÜKTÖR TESİSİ,unknown,2026-05-31 19:00:00+03:00,,0.0,chunk_0011.json,POST /v1/generation/data/dpp-bulk,2026-05-31 21:45:14.681365+00:00,24379,KESKİNOĞLU OTOPRODÜKTÖR TESİSİ,2445,2026-05-31T19:00:00+03:00,19:00
40W000000024379Y,KESKİNOĞLU OTOPRODÜKTÖR TESİSİ,unknown,2026-05-31 20:00:00+03:00,,0.0,chunk_0011.json,POST /v1/generation/data/dpp-bulk,2026-05-31 21:45:14.681365+00:00,24379,KESKİNOĞLU OTOPRODÜKTÖR TESİSİ,2445,2026-05-31T20:00:00+03:00,20:00
40W000000024379Y,KESKİNOĞLU OTOPRODÜKTÖR TESİSİ,unknown,2026-05-31 21:00:00+03:00,,0.0,chunk_0011.json,POST /v1/generation/data/dpp-bulk,2026-05-31 21:45:14.681365+00:00,24379,KESKİNOĞLU OTOPRODÜKTÖR TESİSİ,2445,2026-05-31T21:00:00+03:00,21:00
40W000000024379Y,KESKİNOĞLU OTOPRODÜKTÖR TESİSİ,unknown,2026-05-31 22:00:00+03:00,,0.0,chunk_0011.json,POST /v1/generation/data/dpp-bulk,2026-05-31 21:45:14.681365+00:00,24379,KESKİNOĞLU OTOPRODÜKTÖR TESİSİ,2445,2026-05-31T22:00:00+03:00,22:00
40W000000024379Y,KESKİNOĞLU OTOPRODÜKTÖR TESİSİ,unknown,2026-05-31 23:00:00+03:00,,0.0,chunk_0011.json,POST /v1/generation/data/dpp-bulk,2026-05-31 21:45:14.681365+00:00,24379,KESKİNOĞLU OTOPRODÜKTÖR TESİSİ,2445,2026-05-31T23:00:00+03:00,23:00
40W0000000197684,DİNAR HES,unknown,2026-05-31 00:00:00+03:00,,3.4,chunk_0011.json,POST /v1/generation/data/dpp-bulk,2026-05-31 21:45:14.681365+00:00,19768,DİNAR HES,2665,2026-05-31T00:00:00+03:00,00:00
40W0000000197684,DİNAR HES,unknown,2026-05-31 01:00:00+03:00,,0.0,chunk_0011.json,POST /v1/generation/data/dpp-bulk,2026-05-31 21:45:14.681365+00:00,19768,DİNAR HES,2665,2026-05-31T01:00:00+03:00,01:00
40W0000000197684,DİNAR HES,unknown,2026-05-31 02:00:00+03:00,,0.0,chunk_0011.json,POST /v1/generation/data/dpp-bulk,2026-05-31 21:45:14.681365+00:00,19768,DİNAR HES,2665,2026-05-31T02:00:00+03:00,02:00
40W0000000197684,DİNAR HES,unknown,2026-05-31 03:00:00+03:00,,0.0,chunk_0011.json,POST /v1/generation/data/dpp-bulk,2026-05-31 21:45:14.681365+00:00,19768,DİNAR HES,2665,2026-05-31T03:00:00+03:00,03:00
40W0000000197684,DİNAR HES,unknown,2026-05-31 04:00:00+03:00,,0.0,chunk_0011.json,POST /v1/generation/data/dpp-bulk,2026-05-31 21:45:14.681365+00:00,19768,DİNAR HES,2665,2026-05-31T04:00:00+03:00,04:00
40W0000000197684,DİNAR HES,unknown,2026-05-31 05:00:00+03:00,,0.0,chunk_0011.json,POST /v1/generation/data/dpp-bulk,2026-05-31 21:45:14.681365+00:00,19768,DİNAR HES,2665,2026-05-31T05:00:00+03:00,05:00
40W0000000197684,DİNAR HES,unknown,2026-05-31 06:00:00+03:00,,0.0,chunk_0011.json,POST /v1/generation/data/dpp-bulk,2026-05-31 21:45:14.681365+00:00,19768,DİNAR HES,2665,2026-05-31T06:00:00+03:00,06:00
40W0000000197684,DİNAR HES,unknown,2026-05-31 07:00:00+03:00,,0.0,chunk_0011.json,POST /v1/generation/data/dpp-bulk,2026-05-31 21:45:14.681365+00:00,19768,DİNAR HES,2665,2026-05-31T07:00:00+03:00,07:00
40W0000000197684,DİNAR HES,unknown,2026-05-31 08:00:00+03:00,,0.0,chunk_0011.json,POST /v1/generation/data/dpp-bulk,2026-05-31 21:45:14.681365+00:00,19768,DİNAR HES,2665,2026-05-31T08:00:00+03:00,08:00
40W0000000197684,DİNAR HES,unknown,2026-05-31 09:00:00+03:00,,0.0,chunk_0011.json,POST /v1/generation/data/dpp-bulk,2026-05-31 21:45:14.681365+00:00,19768,DİNAR HES,2665,2026-05-31T09:00:00+03:00,09:00
40W0000000197684,DİNAR HES,unknown,2026-05-31 10:00:00+03:00,,0.0,chunk_0011.json,POST /v1/generation/data/dpp-bulk,2026-05-31 21:45:14.681365+00:00,19768,DİNAR HES,2665,2026-05-31T10:00:00+03:00,10:00
40W0000000197684,DİNAR HES,unknown,2026-05-31 11:00:00+03:00,,0.0,chunk_0011.json,POST /v1/generation/data/dpp-bulk,2026-05-31 21:45:14.681365+00:00,19768,DİNAR HES,2665,2026-05-31T11:00:00+03:00,11:00
40W0000000197684,DİNAR HES,unknown,2026-05-31 12:00:00+03:00,,0.0,chunk_0011.json,POST /v1/generation/data/dpp-bulk,2026-05-31 21:45:14.681365+00:00,19768,DİNAR HES,2665,2026-05-31T12:00:00+03:00,12:00
40W0000000197684,DİNAR HES,unknown,2026-05-31 13:00:00+03:00,,0.0,chunk_0011.json,POST /v1/generation/data/dpp-bulk,2026-05-31 21:45:14.681365+00:00,19768,DİNAR HES,2665,2026-05-31T13:00:00+03:00,13:00
40W0000000197684,DİNAR HES,unknown,2026-05-31 14:00:00+03:00,,0.0,chunk_0011.json,POST /v1/generation/data/dpp-bulk,2026-05-31 21:45:14.681365+00:00,19768,DİNAR HES,2665,2026-05-31T14:00:00+03:00,14:00
40W0000000197684,DİNAR HES,unknown,2026-05-31 15:00:00+03:00,,0.0,chunk_0011.json,POST /v1/generation/data/dpp-bulk,2026-05-31 21:45:14.681365+00:00,19768,DİNAR HES,2665,2026-05-31T15:00:00+03:00,15:00
40W0000000197684,DİNAR HES,unknown,2026-05-31 16:00:00+03:00,,0.0,chunk_0011.json,POST /v1/generation/data/dpp-bulk,2026-05-31 21:45:14.681365+00:00,19768,DİNAR HES,2665,2026-05-31T16:00:00+03:00,16:00
40W0000000197684,DİNAR HES,unknown,2026-05-31 17:00:00+03:00,,3.2,chunk_0011.json,POST /v1/generation/data/dpp-bulk,2026-05-31 21:45:14.681365+00:00,19768,DİNAR HES,2665,2026-05-31T17:00:00+03:00,17:00
40W0000000197684,DİNAR HES,unknown,2026-05-31 18:00:00+03:00,,3.2,chunk_0011.json,POST /v1/generation/data/dpp-bulk,2026-05-31 21:45:14.681365+00:00,19768,DİNAR HES,2665,2026-05-31T18:00:00+03:00,18:00
40W0000000197684,DİNAR HES,unknown,2026-05-31 19:00:00+03:00,,3.4,chunk_0011.json,POST /v1/generation/data/dpp-bulk,2026-05-31 21:45:14.681365+00:00,19768,DİNAR HES,2665,2026-05-31T19:00:00+03:00,19:00
40W0000000197684,DİNAR HES,unknown,2026-05-31 20:00:00+03:00,,3.2,chunk_0011.json,POST /v1/generation/data/dpp-bulk,2026-05-31 21:45:14.681365+00:00,19768,DİNAR HES,2665,2026-05-31T20:00:00+03:00,20:00
40W0000000197684,DİNAR HES,unknown,2026-05-31 21:00:00+03:00,,3.2,chunk_0011.json,POST /v1/generation/data/dpp-bulk,2026-05-31 21:45:14.681365+00:00,19768,DİNAR HES,2665,2026-05-31T21:00:00+03:00,21:00
40W0000000197684,DİNAR HES,unknown,2026-05-31 22:00:00+03:00,,3.2,chunk_0011.json,POST /v1/generation/data/dpp-bulk,2026-05-31 21:45:14.681365+00:00,19768,DİNAR HES,2665,2026-05-31T22:00:00+03:00,22:00
40W0000000197684,DİNAR HES,unknown,2026-05-31 23:00:00+03:00,,3.0,chunk_0011.json,POST /v1/generation/data/dpp-bulk,2026-05-31 21:45:14.681365+00:00,19768,DİNAR HES,2665,2026-05-31T23:00:00+03:00,23:00
40W000000026610B,EGEMEN HES -1,unknown,2026-05-31 00:00:00+03:00,,0.0,chunk_0011.json,POST /v1/generation/data/dpp-bulk,2026-05-31 21:45:14.681365+00:00,26610,EGEMEN HES -1,2785,2026-05-31T00:00:00+03:00,00:00
40W000000026610B,EGEMEN HES -1,unknown,2026-05-31 01:00:00+03:00,,0.0,chunk_0011.json,POST /v1/generation/data/dpp-bulk,2026-05-31 21:45:14.681365+00:00,26610,EGEMEN HES -1,2785,2026-05-31T01:00:00+03:00,01:00
40W000000026610B,EGEMEN HES -1,unknown,2026-05-31 02:00:00+03:00,,0.0,chunk_0011.json,POST /v1/generation/data/dpp-bulk,2026-05-31 21:45:14.681365+00:00,26610,EGEMEN HES -1,2785,2026-05-31T02:00:00+03:00,02:00
40W000000026610B,EGEMEN HES -1,unknown,2026-05-31 03:00:00+03:00,,0.0,chunk_0011.json,POST /v1/generation/data/dpp-bulk,2026-05-31 21:45:14.681365+00:00,26610,EGEMEN HES -1,2785,2026-05-31T03:00:00+03:00,03:00
40W000000026610B,EGEMEN HES -1,unknown,2026-05-31 04:00:00+03:00,,0.0,chunk_0011.json,POST /v1/generation/data/dpp-bulk,2026-05-31 21:45:14.681365+00:00,26610,EGEMEN HES -1,2785,2026-05-31T04:00:00+03:00,04:00
40W000000026610B,EGEMEN HES -1,unknown,2026-05-31 05:00:00+03:00,,0.0,chunk_0011.json,POST /v1/generation/data/dpp-bulk,2026-05-31 21:45:14.681365+00:00,26610,EGEMEN HES -1,2785,2026-05-31T05:00:00+03:00,05:00
40W000000026610B,EGEMEN HES -1,unknown,2026-05-31 06:00:00+03:00,,0.0,chunk_0011.json,POST /v1/generation/data/dpp-bulk,2026-05-31 21:45:14.681365+00:00,26610,EGEMEN HES -1,2785,2026-05-31T06:00:00+03:00,06:00
40W000000026610B,EGEMEN HES -1,unknown,2026-05-31 07:00:00+03:00,,0.0,chunk_0011.json,POST /v1/generation/data/dpp-bulk,2026-05-31 21:45:14.681365+00:00,26610,EGEMEN HES -1,2785,2026-05-31T07:00:00+03:00,07:00
40W000000026610B,EGEMEN HES -1,unknown,2026-05-31 08:00:00+03:00,,0.0,chunk_0011.json,POST /v1/generation/data/dpp-bulk,2026-05-31 21:45:14.681365+00:00,26610,EGEMEN HES -1,2785,2026-05-31T08:00:00+03:00,08:00
40W000000026610B,EGEMEN HES -1,unknown,2026-05-31 09:00:00+03:00,,0.0,chunk_0011.json,POST /v1/generation/data/dpp-bulk,2026-05-31 21:45:14.681365+00:00,26610,EGEMEN HES -1,2785,2026-05-31T09:00:00+03:00,09:00
40W000000026610B,EGEMEN HES -1,unknown,2026-05-31 10:00:00+03:00,,0.0,chunk_0011.json,POST /v1/generation/data/dpp-bulk,2026-05-31 21:45:14.681365+00:00,26610,EGEMEN HES -1,2785,2026-05-31T10:00:00+03:00,10:00
40W000000026610B,EGEMEN HES -1,unknown,2026-05-31 11:00:00+03:00,,0.0,chunk_0011.json,POST /v1/generation/data/dpp-bulk,2026-05-31 21:45:14.681365+00:00,26610,EGEMEN HES -1,2785,2026-05-31T11:00:00+03:00,11:00
40W000000026610B,EGEMEN HES -1,unknown,2026-05-31 12:00:00+03:00,,0.0,chunk_0011.json,POST /v1/generation/data/dpp-bulk,2026-05-31 21:45:14.681365+00:00,26610,EGEMEN HES -1,2785,2026-05-31T12:00:00+03:00,12:00
40W000000026610B,EGEMEN HES -1,unknown,2026-05-31 13:00:00+03:00,,0.0,chunk_0011.json,POST /v1/generation/data/dpp-bulk,2026-05-31 21:45:14.681365+00:00,26610,EGEMEN HES -1,2785,2026-05-31T13:00:00+03:00,13:00
40W000000026610B,EGEMEN HES -1,unknown,2026-05-31 14:00:00+03:00,,0.0,chunk_0011.json,POST /v1/generation/data/dpp-bulk,2026-05-31 21:45:14.681365+00:00,26610,EGEMEN HES -1,2785,2026-05-31T14:00:00+03:00,14:00
40W000000026610B,EGEMEN HES -1,unknown,2026-05-31 15:00:00+03:00,,0.0,chunk_0011.json,POST /v1/generation/data/dpp-bulk,2026-05-31 21:45:14.681365+00:00,26610,EGEMEN HES -1,2785,2026-05-31T15:00:00+03:00,15:00
40W000000026610B,EGEMEN HES -1,unknown,2026-05-31 16:00:00+03:00,,0.0,chunk_0011.json,POST /v1/generation/data/dpp-bulk,2026-05-31 21:45:14.681365+00:00,26610,EGEMEN HES -1,2785,2026-05-31T16:00:00+03:00,16:00
40W000000026610B,EGEMEN HES -1,unknown,2026-05-31 17:00:00+03:00,,0.0,chunk_0011.json,POST /v1/generation/data/dpp-bulk,2026-05-31 21:45:14.681365+00:00,26610,EGEMEN HES -1,2785,2026-05-31T17:00:00+03:00,17:00
40W000000026610B,EGEMEN HES -1,unknown,2026-05-31 18:00:00+03:00,,0.0,chunk_0011.json,POST /v1/generation/data/dpp-bulk,2026-05-31 21:45:14.681365+00:00,26610,EGEMEN HES -1,2785,2026-05-31T18:00:00+03:00,18:00
40W000000026610B,EGEMEN HES -1,unknown,2026-05-31 19:00:00+03:00,,15.0,chunk_0011.json,POST /v1/generation/data/dpp-bulk,2026-05-31 21:45:14.681365+00:00,26610,EGEMEN HES -1,2785,2026-05-31T19:00:00+03:00,19:00
40W000000026610B,EGEMEN HES -1,unknown,2026-05-31 20:00:00+03:00,,15.0,chunk_0011.json,POST /v1/generation/data/dpp-bulk,2026-05-31 21:45:14.681365+00:00,26610,EGEMEN HES -1,2785,2026-05-31T20:00:00+03:00,20:00
40W000000026610B,EGEMEN HES -1,unknown,2026-05-31 21:00:00+03:00,,15.0,chunk_0011.json,POST /v1/generation/data/dpp-bulk,2026-05-31 21:45:14.681365+00:00,26610,EGEMEN HES -1,2785,2026-05-31T21:00:00+03:00,21:00
40W000000026610B,EGEMEN HES -1,unknown,2026-05-31 22:00:00+03:00,,15.0,chunk_0011.json,POST /v1/generation/data/dpp-bulk,2026-05-31 21:45:14.681365+00:00,26610,EGEMEN HES -1,2785,2026-05-31T22:00:00+03:00,22:00
40W000000026610B,EGEMEN HES -1,unknown,2026-05-31 23:00:00+03:00,,15.0,chunk_0011.json,POST /v1/generation/data/dpp-bulk,2026-05-31 21:45:14.681365+00:00,26610,EGEMEN HES -1,2785,2026-05-31T23:00:00+03:00,23:00
40W0000000255419,KAHTA HES-1,unknown,2026-05-31 00:00:00+03:00,,0.0,chunk_0011.json,POST /v1/generation/data/dpp-bulk,2026-05-31 21:45:14.681365+00:00,25541,KAHTA HES-1,3165,2026-05-31T00:00:00+03:00,00:00
40W0000000255419,KAHTA HES-1,unknown,2026-05-31 01:00:00+03:00,,0.0,chunk_0011.json,POST /v1/generation/data/dpp-bulk,2026-05-31 21:45:14.681365+00:00,25541,KAHTA HES-1,3165,2026-05-31T01:00:00+03:00,01:00
40W0000000255419,KAHTA HES-1,unknown,2026-05-31 02:00:00+03:00,,0.0,chunk_0011.json,POST /v1/generation/data/dpp-bulk,2026-05-31 21:45:14.681365+00:00,25541,KAHTA HES-1,3165,2026-05-31T02:00:00+03:00,02:00
40W0000000255419,KAHTA HES-1,unknown,2026-05-31 03:00:00+03:00,,0.0,chunk_0011.json,POST /v1/generation/data/dpp-bulk,2026-05-31 21:45:14.681365+00:00,25541,KAHTA HES-1,3165,2026-05-31T03:00:00+03:00,03:00
40W0000000255419,KAHTA HES-1,unknown,2026-05-31 04:00:00+03:00,,0.0,chunk_0011.json,POST /v1/generation/data/dpp-bulk,2026-05-31 21:45:14.681365+00:00,25541,KAHTA HES-1,3165,2026-05-31T04:00:00+03:00,04:00
40W0000000255419,KAHTA HES-1,unknown,2026-05-31 05:00:00+03:00,,0.0,chunk_0011.json,POST /v1/generation/data/dpp-bulk,2026-05-31 21:45:14.681365+00:00,25541,KAHTA HES-1,3165,2026-05-31T05:00:00+03:00,05:00
40W0000000255419,KAHTA HES-1,unknown,2026-05-31 06:00:00+03:00,,0.0,chunk_0011.json,POST /v1/generation/data/dpp-bulk,2026-05-31 21:45:14.681365+00:00,25541,KAHTA HES-1,3165,2026-05-31T06:00:00+03:00,06:00
40W0000000255419,KAHTA HES-1,unknown,2026-05-31 07:00:00+03:00,,0.0,chunk_0011.json,POST /v1/generation/data/dpp-bulk,2026-05-31 21:45:14.681365+00:00,25541,KAHTA HES-1,3165,2026-05-31T07:00:00+03:00,07:00
40W0000000255419,KAHTA HES-1,unknown,2026-05-31 08:00:00+03:00,,0.0,chunk_0011.json,POST /v1/generation/data/dpp-bulk,2026-05-31 21:45:14.681365+00:00,25541,KAHTA HES-1,3165,2026-05-31T08:00:00+03:00,08:00
40W0000000255419,KAHTA HES-1,unknown,2026-05-31 09:00:00+03:00,,0.0,chunk_0011.json,POST /v1/generation/data/dpp-bulk,2026-05-31 21:45:14.681365+00:00,25541,KAHTA HES-1,3165,2026-05-31T09:00:00+03:00,09:00
40W0000000255419,KAHTA HES-1,unknown,2026-05-31 10:00:00+03:00,,0.0,chunk_0011.json,POST /v1/generation/data/dpp-bulk,2026-05-31 21:45:14.681365+00:00,25541,KAHTA HES-1,3165,2026-05-31T10:00:00+03:00,10:00
40W0000000255419,KAHTA HES-1,unknown,2026-05-31 11:00:00+03:00,,0.0,chunk_0011.json,POST /v1/generation/data/dpp-bulk,2026-05-31 21:45:14.681365+00:00,25541,KAHTA HES-1,3165,2026-05-31T11:00:00+03:00,11:00
40W0000000255419,KAHTA HES-1,unknown,2026-05-31 12:00:00+03:00,,0.0,chunk_0011.json,POST /v1/generation/data/dpp-bulk,2026-05-31 21:45:14.681365+00:00,25541,KAHTA HES-1,3165,2026-05-31T12:00:00+03:00,12:00
40W0000000255419,KAHTA HES-1,unknown,2026-05-31 13:00:00+03:00,,0.0,chunk_0011.json,POST /v1/generation/data/dpp-bulk,2026-05-31 21:45:14.681365+00:00,25541,KAHTA HES-1,3165,2026-05-31T13:00:00+03:00,13:00
40W0000000255419,KAHTA HES-1,unknown,2026-05-31 14:00:00+03:00,,0.0,chunk_0011.json,POST /v1/generation/data/dpp-bulk,2026-05-31 21:45:14.681365+00:00,25541,KAHTA HES-1,3165,2026-05-31T14:00:00+03:00,14:00
40W0000000255419,KAHTA HES-1,unknown,2026-05-31 15:00:00+03:00,,0.0,chunk_0011.json,POST /v1/generation/data/dpp-bulk,2026-05-31 21:45:14.681365+00:00,25541,KAHTA HES-1,3165,2026-05-31T15:00:00+03:00,15:00
40W0000000255419,KAHTA HES-1,unknown,2026-05-31 16:00:00+03:00,,0.0,chunk_0011.json,POST /v1/generation/data/dpp-bulk,2026-05-31 21:45:14.681365+00:00,25541,KAHTA HES-1,3165,2026-05-31T16:00:00+03:00,16:00
40W0000000255419,KAHTA HES-1,unknown,2026-05-31 17:00:00+03:00,,0.0,chunk_0011.json,POST /v1/generation/data/dpp-bulk,2026-05-31 21:45:14.681365+00:00,25541,KAHTA HES-1,3165,2026-05-31T17:00:00+03:00,17:00
40W0000000255419,KAHTA HES-1,unknown,2026-05-31 18:00:00+03:00,,0.0,chunk_0011.json,POST /v1/generation/data/dpp-bulk,2026-05-31 21:45:14.681365+00:00,25541,KAHTA HES-1,3165,2026-05-31T18:00:00+03:00,18:00
40W0000000255419,KAHTA HES-1,unknown,2026-05-31 19:00:00+03:00,,0.0,chunk_0011.json,POST /v1/generation/data/dpp-bulk,2026-05-31 21:45:14.681365+00:00,25541,KAHTA HES-1,3165,2026-05-31T19:00:00+03:00,19:00
40W0000000255419,KAHTA HES-1,unknown,2026-05-31 20:00:00+03:00,,0.0,chunk_0011.json,POST /v1/generation/data/dpp-bulk,2026-05-31 21:45:14.681365+00:00,25541,KAHTA HES-1,3165,2026-05-31T20:00:00+03:00,20:00
40W0000000255419,KAHTA HES-1,unknown,2026-05-31 21:00:00+03:00,,0.1,chunk_0011.json,POST /v1/generation/data/dpp-bulk,2026-05-31 21:45:14.681365+00:00,25541,KAHTA HES-1,3165,2026-05-31T21:00:00+03:00,21:00
40W0000000255419,KAHTA HES-1,unknown,2026-05-31 22:00:00+03:00,,0.0,chunk_0011.json,POST /v1/generation/data/dpp-bulk,2026-05-31 21:45:14.681365+00:00,25541,KAHTA HES-1,3165,2026-05-31T22:00:00+03:00,22:00
40W0000000255419,KAHTA HES-1,unknown,2026-05-31 23:00:00+03:00,,0.0,chunk_0011.json,POST /v1/generation/data/dpp-bulk,2026-05-31 21:45:14.681365+00:00,25541,KAHTA HES-1,3165,2026-05-31T23:00:00+03:00,23:00
40W000000024416H,KOZAN HES,unknown,2026-05-31 00:00:00+03:00,,0.0,chunk_0011.json,POST /v1/generation/data/dpp-bulk,2026-05-31 21:45:14.681365+00:00,24416,KOZAN HES,3405,2026-05-31T00:00:00+03:00,00:00
40W000000024416H,KOZAN HES,unknown,2026-05-31 01:00:00+03:00,,0.0,chunk_0011.json,POST /v1/generation/data/dpp-bulk,2026-05-31 21:45:14.681365+00:00,24416,KOZAN HES,3405,2026-05-31T01:00:00+03:00,01:00
40W000000024416H,KOZAN HES,unknown,2026-05-31 02:00:00+03:00,,0.0,chunk_0011.json,POST /v1/generation/data/dpp-bulk,2026-05-31 21:45:14.681365+00:00,24416,KOZAN HES,3405,2026-05-31T02:00:00+03:00,02:00
40W000000024416H,KOZAN HES,unknown,2026-05-31 03:00:00+03:00,,0.0,chunk_0011.json,POST /v1/generation/data/dpp-bulk,2026-05-31 21:45:14.681365+00:00,24416,KOZAN HES,3405,2026-05-31T03:00:00+03:00,03:00
40W000000024416H,KOZAN HES,unknown,2026-05-31 04:00:00+03:00,,0.0,chunk_0011.json,POST /v1/generation/data/dpp-bulk,2026-05-31 21:45:14.681365+00:00,24416,KOZAN HES,3405,2026-05-31T04:00:00+03:00,04:00
40W000000024416H,KOZAN HES,unknown,2026-05-31 05:00:00+03:00,,0.0,chunk_0011.json,POST /v1/generation/data/dpp-bulk,2026-05-31 21:45:14.681365+00:00,24416,KOZAN HES,3405,2026-05-31T05:00:00+03:00,05:00
40W000000024416H,KOZAN HES,unknown,2026-05-31 06:00:00+03:00,,0.0,chunk_0011.json,POST /v1/generation/data/dpp-bulk,2026-05-31 21:45:14.681365+00:00,24416,KOZAN HES,3405,2026-05-31T06:00:00+03:00,06:00
40W000000024416H,KOZAN HES,unknown,2026-05-31 07:00:00+03:00,,0.0,chunk_0011.json,POST /v1/generation/data/dpp-bulk,2026-05-31 21:45:14.681365+00:00,24416,KOZAN HES,3405,2026-05-31T07:00:00+03:00,07:00
40W000000024416H,KOZAN HES,unknown,2026-05-31 08:00:00+03:00,,0.0,chunk_0011.json,POST /v1/generation/data/dpp-bulk,2026-05-31 21:45:14.681365+00:00,24416,KOZAN HES,3405,2026-05-31T08:00:00+03:00,08:00
40W000000024416H,KOZAN HES,unknown,2026-05-31 09:00:00+03:00,,0.0,chunk_0011.json,POST /v1/generation/data/dpp-bulk,2026-05-31 21:45:14.681365+00:00,24416,KOZAN HES,3405,2026-05-31T09:00:00+03:00,09:00
40W000000024416H,KOZAN HES,unknown,2026-05-31 10:00:00+03:00,,0.0,chunk_0011.json,POST /v1/generation/data/dpp-bulk,2026-05-31 21:45:14.681365+00:00,24416,KOZAN HES,3405,2026-05-31T10:00:00+03:00,10:00
40W000000024416H,KOZAN HES,unknown,2026-05-31 11:00:00+03:00,,0.0,chunk_0011.json,POST /v1/generation/data/dpp-bulk,2026-05-31 21:45:14.681365+00:00,24416,KOZAN HES,3405,2026-05-31T11:00:00+03:00,11:00
40W000000024416H,KOZAN HES,unknown,2026-05-31 12:00:00+03:00,,0.0,chunk_0011.json,POST /v1/generation/data/dpp-bulk,2026-05-31 21:45:14.681365+00:00,24416,KOZAN HES,3405,2026-05-31T12:00:00+03:00,12:00
40W000000024416H,KOZAN HES,unknown,2026-05-31 13:00:00+03:00,,0.0,chunk_0011.json,POST /v1/generation/data/dpp-bulk,2026-05-31 21:45:14.681365+00:00,24416,KOZAN HES,3405,2026-05-31T13:00:00+03:00,13:00
40W000000024416H,KOZAN HES,unknown,2026-05-31 14:00:00+03:00,,0.0,chunk_0011.json,POST /v1/generation/data/dpp-bulk,2026-05-31 21:45:14.681365+00:00,24416,KOZAN HES,3405,2026-05-31T14:00:00+03:00,14:00
40W000000024416H,KOZAN HES,unknown,2026-05-31 15:00:00+03:00,,0.0,chunk_0011.json,POST /v1/generation/data/dpp-bulk,2026-05-31 21:45:14.681365+00:00,24416,KOZAN HES,3405,2026-05-31T15:00:00+03:00,15:00
40W000000024416H,KOZAN HES,unknown,2026-05-31 16:00:00+03:00,,0.0,chunk_0011.json,POST /v1/generation/data/dpp-bulk,2026-05-31 21:45:14.681365+00:00,24416,KOZAN HES,3405,2026-05-31T16:00:00+03:00,16:00
40W000000024416H,KOZAN HES,unknown,2026-05-31 17:00:00+03:00,,0.0,chunk_0011.json,POST /v1/generation/data/dpp-bulk,2026-05-31 21:45:14.681365+00:00,24416,KOZAN HES,3405,2026-05-31T17:00:00+03:00,17:00
40W000000024416H,KOZAN HES,unknown,2026-05-31 18:00:00+03:00,,0.0,chunk_0011.json,POST /v1/generation/data/dpp-bulk,2026-05-31 21:45:14.681365+00:00,24416,KOZAN HES,3405,2026-05-31T18:00:00+03:00,18:00
40W000000024416H,KOZAN HES,unknown,2026-05-31 19:00:00+03:00,,0.0,chunk_0011.json,POST /v1/generation/data/dpp-bulk,2026-05-31 21:45:14.681365+00:00,24416,KOZAN HES,3405,2026-05-31T19:00:00+03:00,19:00
40W000000024416H,KOZAN HES,unknown,2026-05-31 20:00:00+03:00,,0.0,chunk_0011.json,POST /v1/generation/data/dpp-bulk,2026-05-31 21:45:14.681365+00:00,24416,KOZAN HES,3405,2026-05-31T20:00:00+03:00,20:00
40W000000024416H,KOZAN HES,unknown,2026-05-31 21:00:00+03:00,,0.0,chunk_0011.json,POST /v1/generation/data/dpp-bulk,2026-05-31 21:45:14.681365+00:00,24416,KOZAN HES,3405,2026-05-31T21:00:00+03:00,21:00
40W000000024416H,KOZAN HES,unknown,2026-05-31 22:00:00+03:00,,0.0,chunk_0011.json,POST /v1/generation/data/dpp-bulk,2026-05-31 21:45:14.681365+00:00,24416,KOZAN HES,3405,2026-05-31T22:00:00+03:00,22:00
40W000000024416H,KOZAN HES,unknown,2026-05-31 23:00:00+03:00,,0.0,chunk_0011.json,POST /v1/generation/data/dpp-bulk,2026-05-31 21:45:14.681365+00:00,24416,KOZAN HES,3405,2026-05-31T23:00:00+03:00,23:00
40W000000024451F,NARİNKALE HES,unknown,2026-05-31 00:00:00+03:00,,25.0,chunk_0011.json,POST /v1/generation/data/dpp-bulk,2026-05-31 21:45:14.681365+00:00,24451,NARİNKALE HES,3406,2026-05-31T00:00:00+03:00,00:00
40W000000024451F,NARİNKALE HES,unknown,2026-05-31 01:00:00+03:00,,25.0,chunk_0011.json,POST /v1/generation/data/dpp-bulk,2026-05-31 21:45:14.681365+00:00,24451,NARİNKALE HES,3406,2026-05-31T01:00:00+03:00,01:00
40W000000024451F,NARİNKALE HES,unknown,2026-05-31 02:00:00+03:00,,25.0,chunk_0011.json,POST /v1/generation/data/dpp-bulk,2026-05-31 21:45:14.681365+00:00,24451,NARİNKALE HES,3406,2026-05-31T02:00:00+03:00,02:00
40W000000024451F,NARİNKALE HES,unknown,2026-05-31 03:00:00+03:00,,25.0,chunk_0011.json,POST /v1/generation/data/dpp-bulk,2026-05-31 21:45:14.681365+00:00,24451,NARİNKALE HES,3406,2026-05-31T03:00:00+03:00,03:00
40W000000024451F,NARİNKALE HES,unknown,2026-05-31 04:00:00+03:00,,25.0,chunk_0011.json,POST /v1/generation/data/dpp-bulk,2026-05-31 21:45:14.681365+00:00,24451,NARİNKALE HES,3406,2026-05-31T04:00:00+03:00,04:00
40W000000024451F,NARİNKALE HES,unknown,2026-05-31 05:00:00+03:00,,5.0,chunk_0011.json,POST /v1/generation/data/dpp-bulk,2026-05-31 21:45:14.681365+00:00,24451,NARİNKALE HES,3406,2026-05-31T05:00:00+03:00,05:00
40W000000024451F,NARİNKALE HES,unknown,2026-05-31 06:00:00+03:00,,5.0,chunk_0011.json,POST /v1/generation/data/dpp-bulk,2026-05-31 21:45:14.681365+00:00,24451,NARİNKALE HES,3406,2026-05-31T06:00:00+03:00,06:00
40W000000024451F,NARİNKALE HES,unknown,2026-05-31 07:00:00+03:00,,25.0,chunk_0011.json,POST /v1/generation/data/dpp-bulk,2026-05-31 21:45:14.681365+00:00,24451,NARİNKALE HES,3406,2026-05-31T07:00:00+03:00,07:00
40W000000024451F,NARİNKALE HES,unknown,2026-05-31 08:00:00+03:00,,25.0,chunk_0011.json,POST /v1/generation/data/dpp-bulk,2026-05-31 21:45:14.681365+00:00,24451,NARİNKALE HES,3406,2026-05-31T08:00:00+03:00,08:00
40W000000024451F,NARİNKALE HES,unknown,2026-05-31 09:00:00+03:00,,25.0,chunk_0011.json,POST /v1/generation/data/dpp-bulk,2026-05-31 21:45:14.681365+00:00,24451,NARİNKALE HES,3406,2026-05-31T09:00:00+03:00,09:00
40W000000024451F,NARİNKALE HES,unknown,2026-05-31 10:00:00+03:00,,25.0,chunk_0011.json,POST /v1/generation/data/dpp-bulk,2026-05-31 21:45:14.681365+00:00,24451,NARİNKALE HES,3406,2026-05-31T10:00:00+03:00,10:00
40W000000024451F,NARİNKALE HES,unknown,2026-05-31 11:00:00+03:00,,25.0,chunk_0011.json,POST /v1/generation/data/dpp-bulk,2026-05-31 21:45:14.681365+00:00,24451,NARİNKALE HES,3406,2026-05-31T11:00:00+03:00,11:00
40W000000024451F,NARİNKALE HES,unknown,2026-05-31 12:00:00+03:00,,25.0,chunk_0011.json,POST /v1/generation/data/dpp-bulk,2026-05-31 21:45:14.681365+00:00,24451,NARİNKALE HES,3406,2026-05-31T12:00:00+03:00,12:00
40W000000024451F,NARİNKALE HES,unknown,2026-05-31 13:00:00+03:00,,25.0,chunk_0011.json,POST /v1/generation/data/dpp-bulk,2026-05-31 21:45:14.681365+00:00,24451,NARİNKALE HES,3406,2026-05-31T13:00:00+03:00,13:00
40W000000024451F,NARİNKALE HES,unknown,2026-05-31 14:00:00+03:00,,25.0,chunk_0011.json,POST /v1/generation/data/dpp-bulk,2026-05-31 21:45:14.681365+00:00,24451,NARİNKALE HES,3406,2026-05-31T14:00:00+03:00,14:00
40W000000024451F,NARİNKALE HES,unknown,2026-05-31 15:00:00+03:00,,25.0,chunk_0011.json,POST /v1/generation/data/dpp-bulk,2026-05-31 21:45:14.681365+00:00,24451,NARİNKALE HES,3406,2026-05-31T15:00:00+03:00,15:00
40W000000024451F,NARİNKALE HES,unknown,2026-05-31 16:00:00+03:00,,25.0,chunk_0011.json,POST /v1/generation/data/dpp-bulk,2026-05-31 21:45:14.681365+00:00,24451,NARİNKALE HES,3406,2026-05-31T16:00:00+03:00,16:00
40W000000024451F,NARİNKALE HES,unknown,2026-05-31 17:00:00+03:00,,25.0,chunk_0011.json,POST /v1/generation/data/dpp-bulk,2026-05-31 21:45:14.681365+00:00,24451,NARİNKALE HES,3406,2026-05-31T17:00:00+03:00,17:00
40W000000024451F,NARİNKALE HES,unknown,2026-05-31 18:00:00+03:00,,25.0,chunk_0011.json,POST /v1/generation/data/dpp-bulk,2026-05-31 21:45:14.681365+00:00,24451,NARİNKALE HES,3406,2026-05-31T18:00:00+03:00,18:00
40W000000024451F,NARİNKALE HES,unknown,2026-05-31 19:00:00+03:00,,25.0,chunk_0011.json,POST /v1/generation/data/dpp-bulk,2026-05-31 21:45:14.681365+00:00,24451,NARİNKALE HES,3406,2026-05-31T19:00:00+03:00,19:00
40W000000024451F,NARİNKALE HES,unknown,2026-05-31 20:00:00+03:00,,25.0,chunk_0011.json,POST /v1/generation/data/dpp-bulk,2026-05-31 21:45:14.681365+00:00,24451,NARİNKALE HES,3406,2026-05-31T20:00:00+03:00,20:00
40W000000024451F,NARİNKALE HES,unknown,2026-05-31 21:00:00+03:00,,25.0,chunk_0011.json,POST /v1/generation/data/dpp-bulk,2026-05-31 21:45:14.681365+00:00,24451,NARİNKALE HES,3406,2026-05-31T21:00:00+03:00,21:00
40W000000024451F,NARİNKALE HES,unknown,2026-05-31 22:00:00+03:00,,25.0,chunk_0011.json,POST /v1/generation/data/dpp-bulk,2026-05-31 21:45:14.681365+00:00,24451,NARİNKALE HES,3406,2026-05-31T22:00:00+03:00,22:00
40W000000024451F,NARİNKALE HES,unknown,2026-05-31 23:00:00+03:00,,25.0,chunk_0011.json,POST /v1/generation/data/dpp-bulk,2026-05-31 21:45:14.681365+00:00,24451,NARİNKALE HES,3406,2026-05-31T23:00:00+03:00,23:00
40W000000025590X,Kurtoğlu Bakır ve Kurşun San.A.Ş.,unknown,2026-05-31 00:00:00+03:00,,0.0,chunk_0011.json,POST /v1/generation/data/dpp-bulk,2026-05-31 21:45:14.681365+00:00,25590,Kurtoğlu Bakır ve Kurşun San.A.Ş.,3465,2026-05-31T00:00:00+03:00,00:00
40W000000025590X,Kurtoğlu Bakır ve Kurşun San.A.Ş.,unknown,2026-05-31 01:00:00+03:00,,0.0,chunk_0011.json,POST /v1/generation/data/dpp-bulk,2026-05-31 21:45:14.681365+00:00,25590,Kurtoğlu Bakır ve Kurşun San.A.Ş.,3465,2026-05-31T01:00:00+03:00,01:00
40W000000025590X,Kurtoğlu Bakır ve Kurşun San.A.Ş.,unknown,2026-05-31 02:00:00+03:00,,0.0,chunk_0011.json,POST /v1/generation/data/dpp-bulk,2026-05-31 21:45:14.681365+00:00,25590,Kurtoğlu Bakır ve Kurşun San.A.Ş.,3465,2026-05-31T02:00:00+03:00,02:00
40W000000025590X,Kurtoğlu Bakır ve Kurşun San.A.Ş.,unknown,2026-05-31 03:00:00+03:00,,0.0,chunk_0011.json,POST /v1/generation/data/dpp-bulk,2026-05-31 21:45:14.681365+00:00,25590,Kurtoğlu Bakır ve Kurşun San.A.Ş.,3465,2026-05-31T03:00:00+03:00,03:00
40W000000025590X,Kurtoğlu Bakır ve Kurşun San.A.Ş.,unknown,2026-05-31 04:00:00+03:00,,0.0,chunk_0011.json,POST /v1/generation/data/dpp-bulk,2026-05-31 21:45:14.681365+00:00,25590,Kurtoğlu Bakır ve Kurşun San.A.Ş.,3465,2026-05-31T04:00:00+03:00,04:00
40W000000025590X,Kurtoğlu Bakır ve Kurşun San.A.Ş.,unknown,2026-05-31 05:00:00+03:00,,0.0,chunk_0011.json,POST /v1/generation/data/dpp-bulk,2026-05-31 21:45:14.681365+00:00,25590,Kurtoğlu Bakır ve Kurşun San.A.Ş.,3465,2026-05-31T05:00:00+03:00,05:00
40W000000025590X,Kurtoğlu Bakır ve Kurşun San.A.Ş.,unknown,2026-05-31 06:00:00+03:00,,0.0,chunk_0011.json,POST /v1/generation/data/dpp-bulk,2026-05-31 21:45:14.681365+00:00,25590,Kurtoğlu Bakır ve Kurşun San.A.Ş.,3465,2026-05-31T06:00:00+03:00,06:00
40W000000025590X,Kurtoğlu Bakır ve Kurşun San.A.Ş.,unknown,2026-05-31 07:00:00+03:00,,0.0,chunk_0011.json,POST /v1/generation/data/dpp-bulk,2026-05-31 21:45:14.681365+00:00,25590,Kurtoğlu Bakır ve Kurşun San.A.Ş.,3465,2026-05-31T07:00:00+03:00,07:00
40W000000025590X,Kurtoğlu Bakır ve Kurşun San.A.Ş.,unknown,2026-05-31 08:00:00+03:00,,0.0,chunk_0011.json,POST /v1/generation/data/dpp-bulk,2026-05-31 21:45:14.681365+00:00,25590,Kurtoğlu Bakır ve Kurşun San.A.Ş.,3465,2026-05-31T08:00:00+03:00,08:00
40W000000025590X,Kurtoğlu Bakır ve Kurşun San.A.Ş.,unknown,2026-05-31 09:00:00+03:00,,0.0,chunk_0011.json,POST /v1/generation/data/dpp-bulk,2026-05-31 21:45:14.681365+00:00,25590,Kurtoğlu Bakır ve Kurşun San.A.Ş.,3465,2026-05-31T09:00:00+03:00,09:00
40W000000025590X,Kurtoğlu Bakır ve Kurşun San.A.Ş.,unknown,2026-05-31 10:00:00+03:00,,0.0,chunk_0011.json,POST /v1/generation/data/dpp-bulk,2026-05-31 21:45:14.681365+00:00,25590,Kurtoğlu Bakır ve Kurşun San.A.Ş.,3465,2026-05-31T10:00:00+03:00,10:00
40W000000025590X,Kurtoğlu Bakır ve Kurşun San.A.Ş.,unknown,2026-05-31 11:00:00+03:00,,0.0,chunk_0011.json,POST /v1/generation/data/dpp-bulk,2026-05-31 21:45:14.681365+00:00,25590,Kurtoğlu Bakır ve Kurşun San.A.Ş.,3465,2026-05-31T11:00:00+03:00,11:00
40W000000025590X,Kurtoğlu Bakır ve Kurşun San.A.Ş.,unknown,2026-05-31 12:00:00+03:00,,0.0,chunk_0011.json,POST /v1/generation/data/dpp-bulk,2026-05-31 21:45:14.681365+00:00,25590,Kurtoğlu Bakır ve Kurşun San.A.Ş.,3465,2026-05-31T12:00:00+03:00,12:00
40W000000025590X,Kurtoğlu Bakır ve Kurşun San.A.Ş.,unknown,2026-05-31 13:00:00+03:00,,0.0,chunk_0011.json,POST /v1/generation/data/dpp-bulk,2026-05-31 21:45:14.681365+00:00,25590,Kurtoğlu Bakır ve Kurşun San.A.Ş.,3465,2026-05-31T13:00:00+03:00,13:00
40W000000025590X,Kurtoğlu Bakır ve Kurşun San.A.Ş.,unknown,2026-05-31 14:00:00+03:00,,0.0,chunk_0011.json,POST /v1/generation/data/dpp-bulk,2026-05-31 21:45:14.681365+00:00,25590,Kurtoğlu Bakır ve Kurşun San.A.Ş.,3465,2026-05-31T14:00:00+03:00,14:00
40W000000025590X,Kurtoğlu Bakır ve Kurşun San.A.Ş.,unknown,2026-05-31 15:00:00+03:00,,0.0,chunk_0011.json,POST /v1/generation/data/dpp-bulk,2026-05-31 21:45:14.681365+00:00,25590,Kurtoğlu Bakır ve Kurşun San.A.Ş.,3465,2026-05-31T15:00:00+03:00,15:00
40W000000025590X,Kurtoğlu Bakır ve Kurşun San.A.Ş.,unknown,2026-05-31 16:00:00+03:00,,0.0,chunk_0011.json,POST /v1/generation/data/dpp-bulk,2026-05-31 21:45:14.681365+00:00,25590,Kurtoğlu Bakır ve Kurşun San.A.Ş.,3465,2026-05-31T16:00:00+03:00,16:00
40W000000025590X,Kurtoğlu Bakır ve Kurşun San.A.Ş.,unknown,2026-05-31 17:00:00+03:00,,0.0,chunk_0011.json,POST /v1/generation/data/dpp-bulk,2026-05-31 21:45:14.681365+00:00,25590,Kurtoğlu Bakır ve Kurşun San.A.Ş.,3465,2026-05-31T17:00:00+03:00,17:00
40W000000025590X,Kurtoğlu Bakır ve Kurşun San.A.Ş.,unknown,2026-05-31 18:00:00+03:00,,0.0,chunk_0011.json,POST /v1/generation/data/dpp-bulk,2026-05-31 21:45:14.681365+00:00,25590,Kurtoğlu Bakır ve Kurşun San.A.Ş.,3465,2026-05-31T18:00:00+03:00,18:00
40W000000025590X,Kurtoğlu Bakır ve Kurşun San.A.Ş.,unknown,2026-05-31 19:00:00+03:00,,0.0,chunk_0011.json,POST /v1/generation/data/dpp-bulk,2026-05-31 21:45:14.681365+00:00,25590,Kurtoğlu Bakır ve Kurşun San.A.Ş.,3465,2026-05-31T19:00:00+03:00,19:00
40W000000025590X,Kurtoğlu Bakır ve Kurşun San.A.Ş.,unknown,2026-05-31 20:00:00+03:00,,0.0,chunk_0011.json,POST /v1/generation/data/dpp-bulk,2026-05-31 21:45:14.681365+00:00,25590,Kurtoğlu Bakır ve Kurşun San.A.Ş.,3465,2026-05-31T20:00:00+03:00,20:00
40W000000025590X,Kurtoğlu Bakır ve Kurşun San.A.Ş.,unknown,2026-05-31 21:00:00+03:00,,0.0,chunk_0011.json,POST /v1/generation/data/dpp-bulk,2026-05-31 21:45:14.681365+00:00,25590,Kurtoğlu Bakır ve Kurşun San.A.Ş.,3465,2026-05-31T21:00:00+03:00,21:00
40W000000025590X,Kurtoğlu Bakır ve Kurşun San.A.Ş.,unknown,2026-05-31 22:00:00+03:00,,0.0,chunk_0011.json,POST /v1/generation/data/dpp-bulk,2026-05-31 21:45:14.681365+00:00,25590,Kurtoğlu Bakır ve Kurşun San.A.Ş.,3465,2026-05-31T22:00:00+03:00,22:00
40W000000025590X,Kurtoğlu Bakır ve Kurşun San.A.Ş.,unknown,2026-05-31 23:00:00+03:00,,0.0,chunk_0011.json,POST /v1/generation/data/dpp-bulk,2026-05-31 21:45:14.681365+00:00,25590,Kurtoğlu Bakır ve Kurşun San.A.Ş.,3465,2026-05-31T23:00:00+03:00,23:00
40W000000025815Z,SABUNSUYU II HES,unknown,2026-05-31 00:00:00+03:00,,0.0,chunk_0011.json,POST /v1/generation/data/dpp-bulk,2026-05-31 21:45:14.681365+00:00,25815,SABUNSUYU II HES,3526,2026-05-31T00:00:00+03:00,00:00
40W000000025815Z,SABUNSUYU II HES,unknown,2026-05-31 01:00:00+03:00,,0.0,chunk_0011.json,POST /v1/generation/data/dpp-bulk,2026-05-31 21:45:14.681365+00:00,25815,SABUNSUYU II HES,3526,2026-05-31T01:00:00+03:00,01:00
40W000000025815Z,SABUNSUYU II HES,unknown,2026-05-31 02:00:00+03:00,,0.0,chunk_0011.json,POST /v1/generation/data/dpp-bulk,2026-05-31 21:45:14.681365+00:00,25815,SABUNSUYU II HES,3526,2026-05-31T02:00:00+03:00,02:00
40W000000025815Z,SABUNSUYU II HES,unknown,2026-05-31 03:00:00+03:00,,0.0,chunk_0011.json,POST /v1/generation/data/dpp-bulk,2026-05-31 21:45:14.681365+00:00,25815,SABUNSUYU II HES,3526,2026-05-31T03:00:00+03:00,03:00
40W000000025815Z,SABUNSUYU II HES,unknown,2026-05-31 04:00:00+03:00,,0.0,chunk_0011.json,POST /v1/generation/data/dpp-bulk,2026-05-31 21:45:14.681365+00:00,25815,SABUNSUYU II HES,3526,2026-05-31T04:00:00+03:00,04:00
40W000000025815Z,SABUNSUYU II HES,unknown,2026-05-31 05:00:00+03:00,,0.0,chunk_0011.json,POST /v1/generation/data/dpp-bulk,2026-05-31 21:45:14.681365+00:00,25815,SABUNSUYU II HES,3526,2026-05-31T05:00:00+03:00,05:00
40W000000025815Z,SABUNSUYU II HES,unknown,2026-05-31 06:00:00+03:00,,0.0,chunk_0011.json,POST /v1/generation/data/dpp-bulk,2026-05-31 21:45:14.681365+00:00,25815,SABUNSUYU II HES,3526,2026-05-31T06:00:00+03:00,06:00
40W000000025815Z,SABUNSUYU II HES,unknown,2026-05-31 07:00:00+03:00,,0.0,chunk_0011.json,POST /v1/generation/data/dpp-bulk,2026-05-31 21:45:14.681365+00:00,25815,SABUNSUYU II HES,3526,2026-05-31T07:00:00+03:00,07:00
40W000000025815Z,SABUNSUYU II HES,unknown,2026-05-31 08:00:00+03:00,,0.0,chunk_0011.json,POST /v1/generation/data/dpp-bulk,2026-05-31 21:45:14.681365+00:00,25815,SABUNSUYU II HES,3526,2026-05-31T08:00:00+03:00,08:00
40W000000025815Z,SABUNSUYU II HES,unknown,2026-05-31 09:00:00+03:00,,0.0,chunk_0011.json,POST /v1/generation/data/dpp-bulk,2026-05-31 21:45:14.681365+00:00,25815,SABUNSUYU II HES,3526,2026-05-31T09:00:00+03:00,09:00
40W000000025815Z,SABUNSUYU II HES,unknown,2026-05-31 10:00:00+03:00,,0.0,chunk_0011.json,POST /v1/generation/data/dpp-bulk,2026-05-31 21:45:14.681365+00:00,25815,SABUNSUYU II HES,3526,2026-05-31T10:00:00+03:00,10:00
40W000000025815Z,SABUNSUYU II HES,unknown,2026-05-31 11:00:00+03:00,,0.0,chunk_0011.json,POST /v1/generation/data/dpp-bulk,2026-05-31 21:45:14.681365+00:00,25815,SABUNSUYU II HES,3526,2026-05-31T11:00:00+03:00,11:00
40W000000025815Z,SABUNSUYU II HES,unknown,2026-05-31 12:00:00+03:00,,0.0,chunk_0011.json,POST /v1/generation/data/dpp-bulk,2026-05-31 21:45:14.681365+00:00,25815,SABUNSUYU II HES,3526,2026-05-31T12:00:00+03:00,12:00
40W000000025815Z,SABUNSUYU II HES,unknown,2026-05-31 13:00:00+03:00,,0.0,chunk_0011.json,POST /v1/generation/data/dpp-bulk,2026-05-31 21:45:14.681365+00:00,25815,SABUNSUYU II HES,3526,2026-05-31T13:00:00+03:00,13:00
40W000000025815Z,SABUNSUYU II HES,unknown,2026-05-31 14:00:00+03:00,,0.0,chunk_0011.json,POST /v1/generation/data/dpp-bulk,2026-05-31 21:45:14.681365+00:00,25815,SABUNSUYU II HES,3526,2026-05-31T14:00:00+03:00,14:00
40W000000025815Z,SABUNSUYU II HES,unknown,2026-05-31 15:00:00+03:00,,0.0,chunk_0011.json,POST /v1/generation/data/dpp-bulk,2026-05-31 21:45:14.681365+00:00,25815,SABUNSUYU II HES,3526,2026-05-31T15:00:00+03:00,15:00
40W000000025815Z,SABUNSUYU II HES,unknown,2026-05-31 16:00:00+03:00,,0.0,chunk_0011.json,POST /v1/generation/data/dpp-bulk,2026-05-31 21:45:14.681365+00:00,25815,SABUNSUYU II HES,3526,2026-05-31T16:00:00+03:00,16:00
40W000000025815Z,SABUNSUYU II HES,unknown,2026-05-31 17:00:00+03:00,,0.0,chunk_0011.json,POST /v1/generation/data/dpp-bulk,2026-05-31 21:45:14.681365+00:00,25815,SABUNSUYU II HES,3526,2026-05-31T17:00:00+03:00,17:00
40W000000025815Z,SABUNSUYU II HES,unknown,2026-05-31 18:00:00+03:00,,0.0,chunk_0011.json,POST /v1/generation/data/dpp-bulk,2026-05-31 21:45:14.681365+00:00,25815,SABUNSUYU II HES,3526,2026-05-31T18:00:00+03:00,18:00
40W000000025815Z,SABUNSUYU II HES,unknown,2026-05-31 19:00:00+03:00,,3.5,chunk_0011.json,POST /v1/generation/data/dpp-bulk,2026-05-31 21:45:14.681365+00:00,25815,SABUNSUYU II HES,3526,2026-05-31T19:00:00+03:00,19:00
40W000000025815Z,SABUNSUYU II HES,unknown,2026-05-31 20:00:00+03:00,,3.5,chunk_0011.json,POST /v1/generation/data/dpp-bulk,2026-05-31 21:45:14.681365+00:00,25815,SABUNSUYU II HES,3526,2026-05-31T20:00:00+03:00,20:00
40W000000025815Z,SABUNSUYU II HES,unknown,2026-05-31 21:00:00+03:00,,3.5,chunk_0011.json,POST /v1/generation/data/dpp-bulk,2026-05-31 21:45:14.681365+00:00,25815,SABUNSUYU II HES,3526,2026-05-31T21:00:00+03:00,21:00
40W000000025815Z,SABUNSUYU II HES,unknown,2026-05-31 22:00:00+03:00,,0.0,chunk_0011.json,POST /v1/generation/data/dpp-bulk,2026-05-31 21:45:14.681365+00:00,25815,SABUNSUYU II HES,3526,2026-05-31T22:00:00+03:00,22:00
40W000000025815Z,SABUNSUYU II HES,unknown,2026-05-31 23:00:00+03:00,,0.0,chunk_0011.json,POST /v1/generation/data/dpp-bulk,2026-05-31 21:45:14.681365+00:00,25815,SABUNSUYU II HES,3526,2026-05-31T23:00:00+03:00,23:00
40W000000026648N,YEDİGÖZE HES,unknown,2026-05-31 00:00:00+03:00,,135.0,chunk_0011.json,POST /v1/generation/data/dpp-bulk,2026-05-31 21:45:14.681365+00:00,26648,YEDİGÖZE HES,5650,2026-05-31T00:00:00+03:00,00:00
40W000000026648N,YEDİGÖZE HES,unknown,2026-05-31 01:00:00+03:00,,135.0,chunk_0011.json,POST /v1/generation/data/dpp-bulk,2026-05-31 21:45:14.681365+00:00,26648,YEDİGÖZE HES,5650,2026-05-31T01:00:00+03:00,01:00
40W000000026648N,YEDİGÖZE HES,unknown,2026-05-31 02:00:00+03:00,,135.0,chunk_0011.json,POST /v1/generation/data/dpp-bulk,2026-05-31 21:45:14.681365+00:00,26648,YEDİGÖZE HES,5650,2026-05-31T02:00:00+03:00,02:00
40W000000026648N,YEDİGÖZE HES,unknown,2026-05-31 03:00:00+03:00,,270.0,chunk_0011.json,POST /v1/generation/data/dpp-bulk,2026-05-31 21:45:14.681365+00:00,26648,YEDİGÖZE HES,5650,2026-05-31T03:00:00+03:00,03:00
40W000000026648N,YEDİGÖZE HES,unknown,2026-05-31 04:00:00+03:00,,270.0,chunk_0011.json,POST /v1/generation/data/dpp-bulk,2026-05-31 21:45:14.681365+00:00,26648,YEDİGÖZE HES,5650,2026-05-31T04:00:00+03:00,04:00
40W000000026648N,YEDİGÖZE HES,unknown,2026-05-31 05:00:00+03:00,,270.0,chunk_0011.json,POST /v1/generation/data/dpp-bulk,2026-05-31 21:45:14.681365+00:00,26648,YEDİGÖZE HES,5650,2026-05-31T05:00:00+03:00,05:00
40W000000026648N,YEDİGÖZE HES,unknown,2026-05-31 06:00:00+03:00,,270.0,chunk_0011.json,POST /v1/generation/data/dpp-bulk,2026-05-31 21:45:14.681365+00:00,26648,YEDİGÖZE HES,5650,2026-05-31T06:00:00+03:00,06:00
40W000000026648N,YEDİGÖZE HES,unknown,2026-05-31 07:00:00+03:00,,135.0,chunk_0011.json,POST /v1/generation/data/dpp-bulk,2026-05-31 21:45:14.681365+00:00,26648,YEDİGÖZE HES,5650,2026-05-31T07:00:00+03:00,07:00
40W000000026648N,YEDİGÖZE HES,unknown,2026-05-31 08:00:00+03:00,,135.0,chunk_0011.json,POST /v1/generation/data/dpp-bulk,2026-05-31 21:45:14.681365+00:00,26648,YEDİGÖZE HES,5650,2026-05-31T08:00:00+03:00,08:00
40W000000026648N,YEDİGÖZE HES,unknown,2026-05-31 09:00:00+03:00,,135.0,chunk_0011.json,POST /v1/generation/data/dpp-bulk,2026-05-31 21:45:14.681365+00:00,26648,YEDİGÖZE HES,5650,2026-05-31T09:00:00+03:00,09:00
40W000000026648N,YEDİGÖZE HES,unknown,2026-05-31 10:00:00+03:00,,135.0,chunk_0011.json,POST /v1/generation/data/dpp-bulk,2026-05-31 21:45:14.681365+00:00,26648,YEDİGÖZE HES,5650,2026-05-31T10:00:00+03:00,10:00
40W000000026648N,YEDİGÖZE HES,unknown,2026-05-31 11:00:00+03:00,,135.0,chunk_0011.json,POST /v1/generation/data/dpp-bulk,2026-05-31 21:45:14.681365+00:00,26648,YEDİGÖZE HES,5650,2026-05-31T11:00:00+03:00,11:00
40W000000026648N,YEDİGÖZE HES,unknown,2026-05-31 12:00:00+03:00,,135.0,chunk_0011.json,POST /v1/generation/data/dpp-bulk,2026-05-31 21:45:14.681365+00:00,26648,YEDİGÖZE HES,5650,2026-05-31T12:00:00+03:00,12:00
40W000000026648N,YEDİGÖZE HES,unknown,2026-05-31 13:00:00+03:00,,135.0,chunk_0011.json,POST /v1/generation/data/dpp-bulk,2026-05-31 21:45:14.681365+00:00,26648,YEDİGÖZE HES,5650,2026-05-31T13:00:00+03:00,13:00
40W000000026648N,YEDİGÖZE HES,unknown,2026-05-31 14:00:00+03:00,,135.0,chunk_0011.json,POST /v1/generation/data/dpp-bulk,2026-05-31 21:45:14.681365+00:00,26648,YEDİGÖZE HES,5650,2026-05-31T14:00:00+03:00,14:00
40W000000026648N,YEDİGÖZE HES,unknown,2026-05-31 15:00:00+03:00,,135.0,chunk_0011.json,POST /v1/generation/data/dpp-bulk,2026-05-31 21:45:14.681365+00:00,26648,YEDİGÖZE HES,5650,2026-05-31T15:00:00+03:00,15:00
40W000000026648N,YEDİGÖZE HES,unknown,2026-05-31 16:00:00+03:00,,135.0,chunk_0011.json,POST /v1/generation/data/dpp-bulk,2026-05-31 21:45:14.681365+00:00,26648,YEDİGÖZE HES,5650,2026-05-31T16:00:00+03:00,16:00
40W000000026648N,YEDİGÖZE HES,unknown,2026-05-31 17:00:00+03:00,,135.0,chunk_0011.json,POST /v1/generation/data/dpp-bulk,2026-05-31 21:45:14.681365+00:00,26648,YEDİGÖZE HES,5650,2026-05-31T17:00:00+03:00,17:00
40W000000026648N,YEDİGÖZE HES,unknown,2026-05-31 18:00:00+03:00,,135.0,chunk_0011.json,POST /v1/generation/data/dpp-bulk,2026-05-31 21:45:14.681365+00:00,26648,YEDİGÖZE HES,5650,2026-05-31T18:00:00+03:00,18:00
40W000000026648N,YEDİGÖZE HES,unknown,2026-05-31 19:00:00+03:00,,135.0,chunk_0011.json,POST /v1/generation/data/dpp-bulk,2026-05-31 21:45:14.681365+00:00,26648,YEDİGÖZE HES,5650,2026-05-31T19:00:00+03:00,19:00
40W000000026648N,YEDİGÖZE HES,unknown,2026-05-31 20:00:00+03:00,,135.0,chunk_0011.json,POST /v1/generation/data/dpp-bulk,2026-05-31 21:45:14.681365+00:00,26648,YEDİGÖZE HES,5650,2026-05-31T20:00:00+03:00,20:00
40W000000026648N,YEDİGÖZE HES,unknown,2026-05-31 21:00:00+03:00,,270.0,chunk_0011.json,POST /v1/generation/data/dpp-bulk,2026-05-31 21:45:14.681365+00:00,26648,YEDİGÖZE HES,5650,2026-05-31T21:00:00+03:00,21:00
40W000000026648N,YEDİGÖZE HES,unknown,2026-05-31 22:00:00+03:00,,270.0,chunk_0011.json,POST /v1/generation/data/dpp-bulk,2026-05-31 21:45:14.681365+00:00,26648,YEDİGÖZE HES,5650,2026-05-31T22:00:00+03:00,22:00
40W000000026648N,YEDİGÖZE HES,unknown,2026-05-31 23:00:00+03:00,,270.0,chunk_0011.json,POST /v1/generation/data/dpp-bulk,2026-05-31 21:45:14.681365+00:00,26648,YEDİGÖZE HES,5650,2026-05-31T23:00:00+03:00,23:00
40W0000000196882,RB KARESİ TEKSTİL,unknown,2026-05-31 00:00:00+03:00,,0.0,chunk_0011.json,POST /v1/generation/data/dpp-bulk,2026-05-31 21:45:14.681365+00:00,19688,RB KARESİ TEKSTİL,103060,2026-05-31T00:00:00+03:00,00:00
40W0000000196882,RB KARESİ TEKSTİL,unknown,2026-05-31 01:00:00+03:00,,0.0,chunk_0011.json,POST /v1/generation/data/dpp-bulk,2026-05-31 21:45:14.681365+00:00,19688,RB KARESİ TEKSTİL,103060,2026-05-31T01:00:00+03:00,01:00
40W0000000196882,RB KARESİ TEKSTİL,unknown,2026-05-31 02:00:00+03:00,,0.0,chunk_0011.json,POST /v1/generation/data/dpp-bulk,2026-05-31 21:45:14.681365+00:00,19688,RB KARESİ TEKSTİL,103060,2026-05-31T02:00:00+03:00,02:00
40W0000000196882,RB KARESİ TEKSTİL,unknown,2026-05-31 03:00:00+03:00,,0.0,chunk_0011.json,POST /v1/generation/data/dpp-bulk,2026-05-31 21:45:14.681365+00:00,19688,RB KARESİ TEKSTİL,103060,2026-05-31T03:00:00+03:00,03:00
40W0000000196882,RB KARESİ TEKSTİL,unknown,2026-05-31 04:00:00+03:00,,0.0,chunk_0011.json,POST /v1/generation/data/dpp-bulk,2026-05-31 21:45:14.681365+00:00,19688,RB KARESİ TEKSTİL,103060,2026-05-31T04:00:00+03:00,04:00
40W0000000196882,RB KARESİ TEKSTİL,unknown,2026-05-31 05:00:00+03:00,,0.0,chunk_0011.json,POST /v1/generation/data/dpp-bulk,2026-05-31 21:45:14.681365+00:00,19688,RB KARESİ TEKSTİL,103060,2026-05-31T05:00:00+03:00,05:00
40W0000000196882,RB KARESİ TEKSTİL,unknown,2026-05-31 06:00:00+03:00,,0.0,chunk_0011.json,POST /v1/generation/data/dpp-bulk,2026-05-31 21:45:14.681365+00:00,19688,RB KARESİ TEKSTİL,103060,2026-05-31T06:00:00+03:00,06:00
40W0000000196882,RB KARESİ TEKSTİL,unknown,2026-05-31 07:00:00+03:00,,0.0,chunk_0011.json,POST /v1/generation/data/dpp-bulk,2026-05-31 21:45:14.681365+00:00,19688,RB KARESİ TEKSTİL,103060,2026-05-31T07:00:00+03:00,07:00
40W0000000196882,RB KARESİ TEKSTİL,unknown,2026-05-31 08:00:00+03:00,,0.0,chunk_0011.json,POST /v1/generation/data/dpp-bulk,2026-05-31 21:45:14.681365+00:00,19688,RB KARESİ TEKSTİL,103060,2026-05-31T08:00:00+03:00,08:00
40W0000000196882,RB KARESİ TEKSTİL,unknown,2026-05-31 09:00:00+03:00,,0.0,chunk_0011.json,POST /v1/generation/data/dpp-bulk,2026-05-31 21:45:14.681365+00:00,19688,RB KARESİ TEKSTİL,103060,2026-05-31T09:00:00+03:00,09:00
40W0000000196882,RB KARESİ TEKSTİL,unknown,2026-05-31 10:00:00+03:00,,0.0,chunk_0011.json,POST /v1/generation/data/dpp-bulk,2026-05-31 21:45:14.681365+00:00,19688,RB KARESİ TEKSTİL,103060,2026-05-31T10:00:00+03:00,10:00
40W0000000196882,RB KARESİ TEKSTİL,unknown,2026-05-31 11:00:00+03:00,,0.0,chunk_0011.json,POST /v1/generation/data/dpp-bulk,2026-05-31 21:45:14.681365+00:00,19688,RB KARESİ TEKSTİL,103060,2026-05-31T11:00:00+03:00,11:00
40W0000000196882,RB KARESİ TEKSTİL,unknown,2026-05-31 12:00:00+03:00,,0.0,chunk_0011.json,POST /v1/generation/data/dpp-bulk,2026-05-31 21:45:14.681365+00:00,19688,RB KARESİ TEKSTİL,103060,2026-05-31T12:00:00+03:00,12:00
40W0000000196882,RB KARESİ TEKSTİL,unknown,2026-05-31 13:00:00+03:00,,0.0,chunk_0011.json,POST /v1/generation/data/dpp-bulk,2026-05-31 21:45:14.681365+00:00,19688,RB KARESİ TEKSTİL,103060,2026-05-31T13:00:00+03:00,13:00
40W0000000196882,RB KARESİ TEKSTİL,unknown,2026-05-31 14:00:00+03:00,,0.0,chunk_0011.json,POST /v1/generation/data/dpp-bulk,2026-05-31 21:45:14.681365+00:00,19688,RB KARESİ TEKSTİL,103060,2026-05-31T14:00:00+03:00,14:00
40W0000000196882,RB KARESİ TEKSTİL,unknown,2026-05-31 15:00:00+03:00,,0.0,chunk_0011.json,POST /v1/generation/data/dpp-bulk,2026-05-31 21:45:14.681365+00:00,19688,RB KARESİ TEKSTİL,103060,2026-05-31T15:00:00+03:00,15:00
40W0000000196882,RB KARESİ TEKSTİL,unknown,2026-05-31 16:00:00+03:00,,0.0,chunk_0011.json,POST /v1/generation/data/dpp-bulk,2026-05-31 21:45:14.681365+00:00,19688,RB KARESİ TEKSTİL,103060,2026-05-31T16:00:00+03:00,16:00
40W0000000196882,RB KARESİ TEKSTİL,unknown,2026-05-31 17:00:00+03:00,,0.0,chunk_0011.json,POST /v1/generation/data/dpp-bulk,2026-05-31 21:45:14.681365+00:00,19688,RB KARESİ TEKSTİL,103060,2026-05-31T17:00:00+03:00,17:00
40W0000000196882,RB KARESİ TEKSTİL,unknown,2026-05-31 18:00:00+03:00,,0.0,chunk_0011.json,POST /v1/generation/data/dpp-bulk,2026-05-31 21:45:14.681365+00:00,19688,RB KARESİ TEKSTİL,103060,2026-05-31T18:00:00+03:00,18:00
40W0000000196882,RB KARESİ TEKSTİL,unknown,2026-05-31 19:00:00+03:00,,0.0,chunk_0011.json,POST /v1/generation/data/dpp-bulk,2026-05-31 21:45:14.681365+00:00,19688,RB KARESİ TEKSTİL,103060,2026-05-31T19:00:00+03:00,19:00
40W0000000196882,RB KARESİ TEKSTİL,unknown,2026-05-31 20:00:00+03:00,,0.0,chunk_0011.json,POST /v1/generation/data/dpp-bulk,2026-05-31 21:45:14.681365+00:00,19688,RB KARESİ TEKSTİL,103060,2026-05-31T20:00:00+03:00,20:00
40W0000000196882,RB KARESİ TEKSTİL,unknown,2026-05-31 21:00:00+03:00,,0.0,chunk_0011.json,POST /v1/generation/data/dpp-bulk,2026-05-31 21:45:14.681365+00:00,19688,RB KARESİ TEKSTİL,103060,2026-05-31T21:00:00+03:00,21:00
40W0000000196882,RB KARESİ TEKSTİL,unknown,2026-05-31 22:00:00+03:00,,0.0,chunk_0011.json,POST /v1/generation/data/dpp-bulk,2026-05-31 21:45:14.681365+00:00,19688,RB KARESİ TEKSTİL,103060,2026-05-31T22:00:00+03:00,22:00
40W0000000196882,RB KARESİ TEKSTİL,unknown,2026-05-31 23:00:00+03:00,,0.0,chunk_0011.json,POST /v1/generation/data/dpp-bulk,2026-05-31 21:45:14.681365+00:00,19688,RB KARESİ TEKSTİL,103060,2026-05-31T23:00:00+03:00,23:00
40W000000018682J,KAYABÜKÜ HES,unknown,2026-05-31 00:00:00+03:00,,0.0,chunk_0011.json,POST /v1/generation/data/dpp-bulk,2026-05-31 21:45:14.681365+00:00,18682,KAYABÜKÜ HES,103201,2026-05-31T00:00:00+03:00,00:00
40W000000018682J,KAYABÜKÜ HES,unknown,2026-05-31 01:00:00+03:00,,0.0,chunk_0011.json,POST /v1/generation/data/dpp-bulk,2026-05-31 21:45:14.681365+00:00,18682,KAYABÜKÜ HES,103201,2026-05-31T01:00:00+03:00,01:00
40W000000018682J,KAYABÜKÜ HES,unknown,2026-05-31 02:00:00+03:00,,0.0,chunk_0011.json,POST /v1/generation/data/dpp-bulk,2026-05-31 21:45:14.681365+00:00,18682,KAYABÜKÜ HES,103201,2026-05-31T02:00:00+03:00,02:00
40W000000018682J,KAYABÜKÜ HES,unknown,2026-05-31 03:00:00+03:00,,0.0,chunk_0011.json,POST /v1/generation/data/dpp-bulk,2026-05-31 21:45:14.681365+00:00,18682,KAYABÜKÜ HES,103201,2026-05-31T03:00:00+03:00,03:00
40W000000018682J,KAYABÜKÜ HES,unknown,2026-05-31 04:00:00+03:00,,0.0,chunk_0011.json,POST /v1/generation/data/dpp-bulk,2026-05-31 21:45:14.681365+00:00,18682,KAYABÜKÜ HES,103201,2026-05-31T04:00:00+03:00,04:00
40W000000018682J,KAYABÜKÜ HES,unknown,2026-05-31 05:00:00+03:00,,0.0,chunk_0011.json,POST /v1/generation/data/dpp-bulk,2026-05-31 21:45:14.681365+00:00,18682,KAYABÜKÜ HES,103201,2026-05-31T05:00:00+03:00,05:00
40W000000018682J,KAYABÜKÜ HES,unknown,2026-05-31 06:00:00+03:00,,0.0,chunk_0011.json,POST /v1/generation/data/dpp-bulk,2026-05-31 21:45:14.681365+00:00,18682,KAYABÜKÜ HES,103201,2026-05-31T06:00:00+03:00,06:00
40W000000018682J,KAYABÜKÜ HES,unknown,2026-05-31 07:00:00+03:00,,0.0,chunk_0011.json,POST /v1/generation/data/dpp-bulk,2026-05-31 21:45:14.681365+00:00,18682,KAYABÜKÜ HES,103201,2026-05-31T07:00:00+03:00,07:00
40W000000018682J,KAYABÜKÜ HES,unknown,2026-05-31 08:00:00+03:00,,0.0,chunk_0011.json,POST /v1/generation/data/dpp-bulk,2026-05-31 21:45:14.681365+00:00,18682,KAYABÜKÜ HES,103201,2026-05-31T08:00:00+03:00,08:00
40W000000018682J,KAYABÜKÜ HES,unknown,2026-05-31 09:00:00+03:00,,0.0,chunk_0011.json,POST /v1/generation/data/dpp-bulk,2026-05-31 21:45:14.681365+00:00,18682,KAYABÜKÜ HES,103201,2026-05-31T09:00:00+03:00,09:00
40W000000018682J,KAYABÜKÜ HES,unknown,2026-05-31 10:00:00+03:00,,0.0,chunk_0011.json,POST /v1/generation/data/dpp-bulk,2026-05-31 21:45:14.681365+00:00,18682,KAYABÜKÜ HES,103201,2026-05-31T10:00:00+03:00,10:00
40W000000018682J,KAYABÜKÜ HES,unknown,2026-05-31 11:00:00+03:00,,0.0,chunk_0011.json,POST /v1/generation/data/dpp-bulk,2026-05-31 21:45:14.681365+00:00,18682,KAYABÜKÜ HES,103201,2026-05-31T11:00:00+03:00,11:00
40W000000018682J,KAYABÜKÜ HES,unknown,2026-05-31 12:00:00+03:00,,0.0,chunk_0011.json,POST /v1/generation/data/dpp-bulk,2026-05-31 21:45:14.681365+00:00,18682,KAYABÜKÜ HES,103201,2026-05-31T12:00:00+03:00,12:00
40W000000018682J,KAYABÜKÜ HES,unknown,2026-05-31 13:00:00+03:00,,0.0,chunk_0011.json,POST /v1/generation/data/dpp-bulk,2026-05-31 21:45:14.681365+00:00,18682,KAYABÜKÜ HES,103201,2026-05-31T13:00:00+03:00,13:00
40W000000018682J,KAYABÜKÜ HES,unknown,2026-05-31 14:00:00+03:00,,0.0,chunk_0011.json,POST /v1/generation/data/dpp-bulk,2026-05-31 21:45:14.681365+00:00,18682,KAYABÜKÜ HES,103201,2026-05-31T14:00:00+03:00,14:00
40W000000018682J,KAYABÜKÜ HES,unknown,2026-05-31 15:00:00+03:00,,0.0,chunk_0011.json,POST /v1/generation/data/dpp-bulk,2026-05-31 21:45:14.681365+00:00,18682,KAYABÜKÜ HES,103201,2026-05-31T15:00:00+03:00,15:00
40W000000018682J,KAYABÜKÜ HES,unknown,2026-05-31 16:00:00+03:00,,0.0,chunk_0011.json,POST /v1/generation/data/dpp-bulk,2026-05-31 21:45:14.681365+00:00,18682,KAYABÜKÜ HES,103201,2026-05-31T16:00:00+03:00,16:00
40W000000018682J,KAYABÜKÜ HES,unknown,2026-05-31 17:00:00+03:00,,0.0,chunk_0011.json,POST /v1/generation/data/dpp-bulk,2026-05-31 21:45:14.681365+00:00,18682,KAYABÜKÜ HES,103201,2026-05-31T17:00:00+03:00,17:00
40W000000018682J,KAYABÜKÜ HES,unknown,2026-05-31 18:00:00+03:00,,0.0,chunk_0011.json,POST /v1/generation/data/dpp-bulk,2026-05-31 21:45:14.681365+00:00,18682,KAYABÜKÜ HES,103201,2026-05-31T18:00:00+03:00,18:00
40W000000018682J,KAYABÜKÜ HES,unknown,2026-05-31 19:00:00+03:00,,9.0,chunk_0011.json,POST /v1/generation/data/dpp-bulk,2026-05-31 21:45:14.681365+00:00,18682,KAYABÜKÜ HES,103201,2026-05-31T19:00:00+03:00,19:00
40W000000018682J,KAYABÜKÜ HES,unknown,2026-05-31 20:00:00+03:00,,9.0,chunk_0011.json,POST /v1/generation/data/dpp-bulk,2026-05-31 21:45:14.681365+00:00,18682,KAYABÜKÜ HES,103201,2026-05-31T20:00:00+03:00,20:00
40W000000018682J,KAYABÜKÜ HES,unknown,2026-05-31 21:00:00+03:00,,9.0,chunk_0011.json,POST /v1/generation/data/dpp-bulk,2026-05-31 21:45:14.681365+00:00,18682,KAYABÜKÜ HES,103201,2026-05-31T21:00:00+03:00,21:00
40W000000018682J,KAYABÜKÜ HES,unknown,2026-05-31 22:00:00+03:00,,9.0,chunk_0011.json,POST /v1/generation/data/dpp-bulk,2026-05-31 21:45:14.681365+00:00,18682,KAYABÜKÜ HES,103201,2026-05-31T22:00:00+03:00,22:00
40W000000018682J,KAYABÜKÜ HES,unknown,2026-05-31 23:00:00+03:00,,9.0,chunk_0011.json,POST /v1/generation/data/dpp-bulk,2026-05-31 21:45:14.681365+00:00,18682,KAYABÜKÜ HES,103201,2026-05-31T23:00:00+03:00,23:00
40W000000024417F,ERENKÖY REG. ve HES,unknown,2026-05-31 00:00:00+03:00,,0.0,chunk_0011.json,POST /v1/generation/data/dpp-bulk,2026-05-31 21:45:14.681365+00:00,24417,ERENKÖY REG. ve HES,103201,2026-05-31T00:00:00+03:00,00:00
40W000000024417F,ERENKÖY REG. ve HES,unknown,2026-05-31 01:00:00+03:00,,0.0,chunk_0011.json,POST /v1/generation/data/dpp-bulk,2026-05-31 21:45:14.681365+00:00,24417,ERENKÖY REG. ve HES,103201,2026-05-31T01:00:00+03:00,01:00
40W000000024417F,ERENKÖY REG. ve HES,unknown,2026-05-31 02:00:00+03:00,,0.0,chunk_0011.json,POST /v1/generation/data/dpp-bulk,2026-05-31 21:45:14.681365+00:00,24417,ERENKÖY REG. ve HES,103201,2026-05-31T02:00:00+03:00,02:00
40W000000024417F,ERENKÖY REG. ve HES,unknown,2026-05-31 03:00:00+03:00,,0.0,chunk_0011.json,POST /v1/generation/data/dpp-bulk,2026-05-31 21:45:14.681365+00:00,24417,ERENKÖY REG. ve HES,103201,2026-05-31T03:00:00+03:00,03:00
40W000000024417F,ERENKÖY REG. ve HES,unknown,2026-05-31 04:00:00+03:00,,0.0,chunk_0011.json,POST /v1/generation/data/dpp-bulk,2026-05-31 21:45:14.681365+00:00,24417,ERENKÖY REG. ve HES,103201,2026-05-31T04:00:00+03:00,04:00
40W000000024417F,ERENKÖY REG. ve HES,unknown,2026-05-31 05:00:00+03:00,,0.0,chunk_0011.json,POST /v1/generation/data/dpp-bulk,2026-05-31 21:45:14.681365+00:00,24417,ERENKÖY REG. ve HES,103201,2026-05-31T05:00:00+03:00,05:00
40W000000024417F,ERENKÖY REG. ve HES,unknown,2026-05-31 06:00:00+03:00,,0.0,chunk_0011.json,POST /v1/generation/data/dpp-bulk,2026-05-31 21:45:14.681365+00:00,24417,ERENKÖY REG. ve HES,103201,2026-05-31T06:00:00+03:00,06:00
40W000000024417F,ERENKÖY REG. ve HES,unknown,2026-05-31 07:00:00+03:00,,0.0,chunk_0011.json,POST /v1/generation/data/dpp-bulk,2026-05-31 21:45:14.681365+00:00,24417,ERENKÖY REG. ve HES,103201,2026-05-31T07:00:00+03:00,07:00
40W000000024417F,ERENKÖY REG. ve HES,unknown,2026-05-31 08:00:00+03:00,,0.0,chunk_0011.json,POST /v1/generation/data/dpp-bulk,2026-05-31 21:45:14.681365+00:00,24417,ERENKÖY REG. ve HES,103201,2026-05-31T08:00:00+03:00,08:00
40W000000024417F,ERENKÖY REG. ve HES,unknown,2026-05-31 09:00:00+03:00,,0.0,chunk_0011.json,POST /v1/generation/data/dpp-bulk,2026-05-31 21:45:14.681365+00:00,24417,ERENKÖY REG. ve HES,103201,2026-05-31T09:00:00+03:00,09:00
40W000000024417F,ERENKÖY REG. ve HES,unknown,2026-05-31 10:00:00+03:00,,0.0,chunk_0011.json,POST /v1/generation/data/dpp-bulk,2026-05-31 21:45:14.681365+00:00,24417,ERENKÖY REG. ve HES,103201,2026-05-31T10:00:00+03:00,10:00
40W000000024417F,ERENKÖY REG. ve HES,unknown,2026-05-31 11:00:00+03:00,,0.0,chunk_0011.json,POST /v1/generation/data/dpp-bulk,2026-05-31 21:45:14.681365+00:00,24417,ERENKÖY REG. ve HES,103201,2026-05-31T11:00:00+03:00,11:00
40W000000024417F,ERENKÖY REG. ve HES,unknown,2026-05-31 12:00:00+03:00,,0.0,chunk_0011.json,POST /v1/generation/data/dpp-bulk,2026-05-31 21:45:14.681365+00:00,24417,ERENKÖY REG. ve HES,103201,2026-05-31T12:00:00+03:00,12:00
40W000000024417F,ERENKÖY REG. ve HES,unknown,2026-05-31 13:00:00+03:00,,0.0,chunk_0011.json,POST /v1/generation/data/dpp-bulk,2026-05-31 21:45:14.681365+00:00,24417,ERENKÖY REG. ve HES,103201,2026-05-31T13:00:00+03:00,13:00
40W000000024417F,ERENKÖY REG. ve HES,unknown,2026-05-31 14:00:00+03:00,,0.0,chunk_0011.json,POST /v1/generation/data/dpp-bulk,2026-05-31 21:45:14.681365+00:00,24417,ERENKÖY REG. ve HES,103201,2026-05-31T14:00:00+03:00,14:00
40W000000024417F,ERENKÖY REG. ve HES,unknown,2026-05-31 15:00:00+03:00,,0.0,chunk_0011.json,POST /v1/generation/data/dpp-bulk,2026-05-31 21:45:14.681365+00:00,24417,ERENKÖY REG. ve HES,103201,2026-05-31T15:00:00+03:00,15:00
40W000000024417F,ERENKÖY REG. ve HES,unknown,2026-05-31 16:00:00+03:00,,0.0,chunk_0011.json,POST /v1/generation/data/dpp-bulk,2026-05-31 21:45:14.681365+00:00,24417,ERENKÖY REG. ve HES,103201,2026-05-31T16:00:00+03:00,16:00
40W000000024417F,ERENKÖY REG. ve HES,unknown,2026-05-31 17:00:00+03:00,,0.0,chunk_0011.json,POST /v1/generation/data/dpp-bulk,2026-05-31 21:45:14.681365+00:00,24417,ERENKÖY REG. ve HES,103201,2026-05-31T17:00:00+03:00,17:00
40W000000024417F,ERENKÖY REG. ve HES,unknown,2026-05-31 18:00:00+03:00,,0.0,chunk_0011.json,POST /v1/generation/data/dpp-bulk,2026-05-31 21:45:14.681365+00:00,24417,ERENKÖY REG. ve HES,103201,2026-05-31T18:00:00+03:00,18:00
40W000000024417F,ERENKÖY REG. ve HES,unknown,2026-05-31 19:00:00+03:00,,0.0,chunk_0011.json,POST /v1/generation/data/dpp-bulk,2026-05-31 21:45:14.681365+00:00,24417,ERENKÖY REG. ve HES,103201,2026-05-31T19:00:00+03:00,19:00
40W000000024417F,ERENKÖY REG. ve HES,unknown,2026-05-31 20:00:00+03:00,,21.0,chunk_0011.json,POST /v1/generation/data/dpp-bulk,2026-05-31 21:45:14.681365+00:00,24417,ERENKÖY REG. ve HES,103201,2026-05-31T20:00:00+03:00,20:00
40W000000024417F,ERENKÖY REG. ve HES,unknown,2026-05-31 21:00:00+03:00,,21.0,chunk_0011.json,POST /v1/generation/data/dpp-bulk,2026-05-31 21:45:14.681365+00:00,24417,ERENKÖY REG. ve HES,103201,2026-05-31T21:00:00+03:00,21:00
40W000000024417F,ERENKÖY REG. ve HES,unknown,2026-05-31 22:00:00+03:00,,21.0,chunk_0011.json,POST /v1/generation/data/dpp-bulk,2026-05-31 21:45:14.681365+00:00,24417,ERENKÖY REG. ve HES,103201,2026-05-31T22:00:00+03:00,22:00
40W000000024417F,ERENKÖY REG. ve HES,unknown,2026-05-31 23:00:00+03:00,,21.0,chunk_0011.json,POST /v1/generation/data/dpp-bulk,2026-05-31 21:45:14.681365+00:00,24417,ERENKÖY REG. ve HES,103201,2026-05-31T23:00:00+03:00,23:00
40W0000000254803,KAHRAMAN REG VE HES,unknown,2026-05-31 00:00:00+03:00,,1.0,chunk_0011.json,POST /v1/generation/data/dpp-bulk,2026-05-31 21:45:14.681365+00:00,25480,KAHRAMAN REG VE HES,103201,2026-05-31T00:00:00+03:00,00:00
40W0000000254803,KAHRAMAN REG VE HES,unknown,2026-05-31 01:00:00+03:00,,1.0,chunk_0011.json,POST /v1/generation/data/dpp-bulk,2026-05-31 21:45:14.681365+00:00,25480,KAHRAMAN REG VE HES,103201,2026-05-31T01:00:00+03:00,01:00
40W0000000254803,KAHRAMAN REG VE HES,unknown,2026-05-31 02:00:00+03:00,,1.0,chunk_0011.json,POST /v1/generation/data/dpp-bulk,2026-05-31 21:45:14.681365+00:00,25480,KAHRAMAN REG VE HES,103201,2026-05-31T02:00:00+03:00,02:00
40W0000000254803,KAHRAMAN REG VE HES,unknown,2026-05-31 03:00:00+03:00,,1.0,chunk_0011.json,POST /v1/generation/data/dpp-bulk,2026-05-31 21:45:14.681365+00:00,25480,KAHRAMAN REG VE HES,103201,2026-05-31T03:00:00+03:00,03:00
40W0000000254803,KAHRAMAN REG VE HES,unknown,2026-05-31 04:00:00+03:00,,1.0,chunk_0011.json,POST /v1/generation/data/dpp-bulk,2026-05-31 21:45:14.681365+00:00,25480,KAHRAMAN REG VE HES,103201,2026-05-31T04:00:00+03:00,04:00
40W0000000254803,KAHRAMAN REG VE HES,unknown,2026-05-31 05:00:00+03:00,,1.0,chunk_0011.json,POST /v1/generation/data/dpp-bulk,2026-05-31 21:45:14.681365+00:00,25480,KAHRAMAN REG VE HES,103201,2026-05-31T05:00:00+03:00,05:00
40W0000000254803,KAHRAMAN REG VE HES,unknown,2026-05-31 06:00:00+03:00,,0.0,chunk_0011.json,POST /v1/generation/data/dpp-bulk,2026-05-31 21:45:14.681365+00:00,25480,KAHRAMAN REG VE HES,103201,2026-05-31T06:00:00+03:00,06:00
40W0000000254803,KAHRAMAN REG VE HES,unknown,2026-05-31 07:00:00+03:00,,0.9,chunk_0011.json,POST /v1/generation/data/dpp-bulk,2026-05-31 21:45:14.681365+00:00,25480,KAHRAMAN REG VE HES,103201,2026-05-31T07:00:00+03:00,07:00
40W0000000254803,KAHRAMAN REG VE HES,unknown,2026-05-31 08:00:00+03:00,,0.9,chunk_0011.json,POST /v1/generation/data/dpp-bulk,2026-05-31 21:45:14.681365+00:00,25480,KAHRAMAN REG VE HES,103201,2026-05-31T08:00:00+03:00,08:00
40W0000000254803,KAHRAMAN REG VE HES,unknown,2026-05-31 09:00:00+03:00,,0.9,chunk_0011.json,POST /v1/generation/data/dpp-bulk,2026-05-31 21:45:14.681365+00:00,25480,KAHRAMAN REG VE HES,103201,2026-05-31T09:00:00+03:00,09:00
40W0000000254803,KAHRAMAN REG VE HES,unknown,2026-05-31 10:00:00+03:00,,0.9,chunk_0011.json,POST /v1/generation/data/dpp-bulk,2026-05-31 21:45:14.681365+00:00,25480,KAHRAMAN REG VE HES,103201,2026-05-31T10:00:00+03:00,10:00
40W0000000254803,KAHRAMAN REG VE HES,unknown,2026-05-31 11:00:00+03:00,,0.9,chunk_0011.json,POST /v1/generation/data/dpp-bulk,2026-05-31 21:45:14.681365+00:00,25480,KAHRAMAN REG VE HES,103201,2026-05-31T11:00:00+03:00,11:00
40W0000000254803,KAHRAMAN REG VE HES,unknown,2026-05-31 12:00:00+03:00,,0.9,chunk_0011.json,POST /v1/generation/data/dpp-bulk,2026-05-31 21:45:14.681365+00:00,25480,KAHRAMAN REG VE HES,103201,2026-05-31T12:00:00+03:00,12:00
40W0000000254803,KAHRAMAN REG VE HES,unknown,2026-05-31 13:00:00+03:00,,0.8,chunk_0011.json,POST /v1/generation/data/dpp-bulk,2026-05-31 21:45:14.681365+00:00,25480,KAHRAMAN REG VE HES,103201,2026-05-31T13:00:00+03:00,13:00
40W0000000254803,KAHRAMAN REG VE HES,unknown,2026-05-31 14:00:00+03:00,,0.8,chunk_0011.json,POST /v1/generation/data/dpp-bulk,2026-05-31 21:45:14.681365+00:00,25480,KAHRAMAN REG VE HES,103201,2026-05-31T14:00:00+03:00,14:00
40W0000000254803,KAHRAMAN REG VE HES,unknown,2026-05-31 15:00:00+03:00,,0.8,chunk_0011.json,POST /v1/generation/data/dpp-bulk,2026-05-31 21:45:14.681365+00:00,25480,KAHRAMAN REG VE HES,103201,2026-05-31T15:00:00+03:00,15:00
40W0000000254803,KAHRAMAN REG VE HES,unknown,2026-05-31 16:00:00+03:00,,0.8,chunk_0011.json,POST /v1/generation/data/dpp-bulk,2026-05-31 21:45:14.681365+00:00,25480,KAHRAMAN REG VE HES,103201,2026-05-31T16:00:00+03:00,16:00
40W0000000254803,KAHRAMAN REG VE HES,unknown,2026-05-31 17:00:00+03:00,,0.8,chunk_0011.json,POST /v1/generation/data/dpp-bulk,2026-05-31 21:45:14.681365+00:00,25480,KAHRAMAN REG VE HES,103201,2026-05-31T17:00:00+03:00,17:00
40W0000000254803,KAHRAMAN REG VE HES,unknown,2026-05-31 18:00:00+03:00,,1.0,chunk_0011.json,POST /v1/generation/data/dpp-bulk,2026-05-31 21:45:14.681365+00:00,25480,KAHRAMAN REG VE HES,103201,2026-05-31T18:00:00+03:00,18:00
40W0000000254803,KAHRAMAN REG VE HES,unknown,2026-05-31 19:00:00+03:00,,0.7,chunk_0011.json,POST /v1/generation/data/dpp-bulk,2026-05-31 21:45:14.681365+00:00,25480,KAHRAMAN REG VE HES,103201,2026-05-31T19:00:00+03:00,19:00
40W0000000254803,KAHRAMAN REG VE HES,unknown,2026-05-31 20:00:00+03:00,,0.9,chunk_0011.json,POST /v1/generation/data/dpp-bulk,2026-05-31 21:45:14.681365+00:00,25480,KAHRAMAN REG VE HES,103201,2026-05-31T20:00:00+03:00,20:00
40W0000000254803,KAHRAMAN REG VE HES,unknown,2026-05-31 21:00:00+03:00,,0.9,chunk_0011.json,POST /v1/generation/data/dpp-bulk,2026-05-31 21:45:14.681365+00:00,25480,KAHRAMAN REG VE HES,103201,2026-05-31T21:00:00+03:00,21:00
40W0000000254803,KAHRAMAN REG VE HES,unknown,2026-05-31 22:00:00+03:00,,0.7,chunk_0011.json,POST /v1/generation/data/dpp-bulk,2026-05-31 21:45:14.681365+00:00,25480,KAHRAMAN REG VE HES,103201,2026-05-31T22:00:00+03:00,22:00
40W0000000254803,KAHRAMAN REG VE HES,unknown,2026-05-31 23:00:00+03:00,,0.7,chunk_0011.json,POST /v1/generation/data/dpp-bulk,2026-05-31 21:45:14.681365+00:00,25480,KAHRAMAN REG VE HES,103201,2026-05-31T23:00:00+03:00,23:00
40W000000018548N,GÖK HES,unknown,2026-05-31 00:00:00+03:00,,0.0,chunk_0011.json,POST /v1/generation/data/dpp-bulk,2026-05-31 21:45:14.681365+00:00,18548,GÖK HES,103261,2026-05-31T00:00:00+03:00,00:00
40W000000018548N,GÖK HES,unknown,2026-05-31 01:00:00+03:00,,0.0,chunk_0011.json,POST /v1/generation/data/dpp-bulk,2026-05-31 21:45:14.681365+00:00,18548,GÖK HES,103261,2026-05-31T01:00:00+03:00,01:00
40W000000018548N,GÖK HES,unknown,2026-05-31 02:00:00+03:00,,0.0,chunk_0011.json,POST /v1/generation/data/dpp-bulk,2026-05-31 21:45:14.681365+00:00,18548,GÖK HES,103261,2026-05-31T02:00:00+03:00,02:00
40W000000018548N,GÖK HES,unknown,2026-05-31 03:00:00+03:00,,0.0,chunk_0011.json,POST /v1/generation/data/dpp-bulk,2026-05-31 21:45:14.681365+00:00,18548,GÖK HES,103261,2026-05-31T03:00:00+03:00,03:00
40W000000018548N,GÖK HES,unknown,2026-05-31 04:00:00+03:00,,0.0,chunk_0011.json,POST /v1/generation/data/dpp-bulk,2026-05-31 21:45:14.681365+00:00,18548,GÖK HES,103261,2026-05-31T04:00:00+03:00,04:00
40W000000018548N,GÖK HES,unknown,2026-05-31 05:00:00+03:00,,0.0,chunk_0011.json,POST /v1/generation/data/dpp-bulk,2026-05-31 21:45:14.681365+00:00,18548,GÖK HES,103261,2026-05-31T05:00:00+03:00,05:00
40W000000018548N,GÖK HES,unknown,2026-05-31 06:00:00+03:00,,0.0,chunk_0011.json,POST /v1/generation/data/dpp-bulk,2026-05-31 21:45:14.681365+00:00,18548,GÖK HES,103261,2026-05-31T06:00:00+03:00,06:00
40W000000018548N,GÖK HES,unknown,2026-05-31 07:00:00+03:00,,0.0,chunk_0011.json,POST /v1/generation/data/dpp-bulk,2026-05-31 21:45:14.681365+00:00,18548,GÖK HES,103261,2026-05-31T07:00:00+03:00,07:00
40W000000018548N,GÖK HES,unknown,2026-05-31 08:00:00+03:00,,0.0,chunk_0011.json,POST /v1/generation/data/dpp-bulk,2026-05-31 21:45:14.681365+00:00,18548,GÖK HES,103261,2026-05-31T08:00:00+03:00,08:00
40W000000018548N,GÖK HES,unknown,2026-05-31 09:00:00+03:00,,0.0,chunk_0011.json,POST /v1/generation/data/dpp-bulk,2026-05-31 21:45:14.681365+00:00,18548,GÖK HES,103261,2026-05-31T09:00:00+03:00,09:00
40W000000018548N,GÖK HES,unknown,2026-05-31 10:00:00+03:00,,0.0,chunk_0011.json,POST /v1/generation/data/dpp-bulk,2026-05-31 21:45:14.681365+00:00,18548,GÖK HES,103261,2026-05-31T10:00:00+03:00,10:00
40W000000018548N,GÖK HES,unknown,2026-05-31 11:00:00+03:00,,0.0,chunk_0011.json,POST /v1/generation/data/dpp-bulk,2026-05-31 21:45:14.681365+00:00,18548,GÖK HES,103261,2026-05-31T11:00:00+03:00,11:00
40W000000018548N,GÖK HES,unknown,2026-05-31 12:00:00+03:00,,0.0,chunk_0011.json,POST /v1/generation/data/dpp-bulk,2026-05-31 21:45:14.681365+00:00,18548,GÖK HES,103261,2026-05-31T12:00:00+03:00,12:00
40W000000018548N,GÖK HES,unknown,2026-05-31 13:00:00+03:00,,0.0,chunk_0011.json,POST /v1/generation/data/dpp-bulk,2026-05-31 21:45:14.681365+00:00,18548,GÖK HES,103261,2026-05-31T13:00:00+03:00,13:00
40W000000018548N,GÖK HES,unknown,2026-05-31 14:00:00+03:00,,0.0,chunk_0011.json,POST /v1/generation/data/dpp-bulk,2026-05-31 21:45:14.681365+00:00,18548,GÖK HES,103261,2026-05-31T14:00:00+03:00,14:00
40W000000018548N,GÖK HES,unknown,2026-05-31 15:00:00+03:00,,0.0,chunk_0011.json,POST /v1/generation/data/dpp-bulk,2026-05-31 21:45:14.681365+00:00,18548,GÖK HES,103261,2026-05-31T15:00:00+03:00,15:00
40W000000018548N,GÖK HES,unknown,2026-05-31 16:00:00+03:00,,0.0,chunk_0011.json,POST /v1/generation/data/dpp-bulk,2026-05-31 21:45:14.681365+00:00,18548,GÖK HES,103261,2026-05-31T16:00:00+03:00,16:00
40W000000018548N,GÖK HES,unknown,2026-05-31 17:00:00+03:00,,0.0,chunk_0011.json,POST /v1/generation/data/dpp-bulk,2026-05-31 21:45:14.681365+00:00,18548,GÖK HES,103261,2026-05-31T17:00:00+03:00,17:00
40W000000018548N,GÖK HES,unknown,2026-05-31 18:00:00+03:00,,0.0,chunk_0011.json,POST /v1/generation/data/dpp-bulk,2026-05-31 21:45:14.681365+00:00,18548,GÖK HES,103261,2026-05-31T18:00:00+03:00,18:00
40W000000018548N,GÖK HES,unknown,2026-05-31 19:00:00+03:00,,10.3,chunk_0011.json,POST /v1/generation/data/dpp-bulk,2026-05-31 21:45:14.681365+00:00,18548,GÖK HES,103261,2026-05-31T19:00:00+03:00,19:00
40W000000018548N,GÖK HES,unknown,2026-05-31 20:00:00+03:00,,10.3,chunk_0011.json,POST /v1/generation/data/dpp-bulk,2026-05-31 21:45:14.681365+00:00,18548,GÖK HES,103261,2026-05-31T20:00:00+03:00,20:00
40W000000018548N,GÖK HES,unknown,2026-05-31 21:00:00+03:00,,10.3,chunk_0011.json,POST /v1/generation/data/dpp-bulk,2026-05-31 21:45:14.681365+00:00,18548,GÖK HES,103261,2026-05-31T21:00:00+03:00,21:00
40W000000018548N,GÖK HES,unknown,2026-05-31 22:00:00+03:00,,10.3,chunk_0011.json,POST /v1/generation/data/dpp-bulk,2026-05-31 21:45:14.681365+00:00,18548,GÖK HES,103261,2026-05-31T22:00:00+03:00,22:00
40W000000018548N,GÖK HES,unknown,2026-05-31 23:00:00+03:00,,10.3,chunk_0011.json,POST /v1/generation/data/dpp-bulk,2026-05-31 21:45:14.681365+00:00,18548,GÖK HES,103261,2026-05-31T23:00:00+03:00,23:00
40W0000000260870,KUYUCAK RES,unknown,2026-05-31 00:00:00+03:00,,1.16,chunk_0011.json,POST /v1/generation/data/dpp-bulk,2026-05-31 21:45:14.681365+00:00,26087,KUYUCAK RES,103261,2026-05-31T00:00:00+03:00,00:00
40W0000000260870,KUYUCAK RES,unknown,2026-05-31 01:00:00+03:00,,1.25,chunk_0011.json,POST /v1/generation/data/dpp-bulk,2026-05-31 21:45:14.681365+00:00,26087,KUYUCAK RES,103261,2026-05-31T01:00:00+03:00,01:00
40W0000000260870,KUYUCAK RES,unknown,2026-05-31 02:00:00+03:00,,1.32,chunk_0011.json,POST /v1/generation/data/dpp-bulk,2026-05-31 21:45:14.681365+00:00,26087,KUYUCAK RES,103261,2026-05-31T02:00:00+03:00,02:00
40W0000000260870,KUYUCAK RES,unknown,2026-05-31 03:00:00+03:00,,1.14,chunk_0011.json,POST /v1/generation/data/dpp-bulk,2026-05-31 21:45:14.681365+00:00,26087,KUYUCAK RES,103261,2026-05-31T03:00:00+03:00,03:00
40W0000000260870,KUYUCAK RES,unknown,2026-05-31 04:00:00+03:00,,0.91,chunk_0011.json,POST /v1/generation/data/dpp-bulk,2026-05-31 21:45:14.681365+00:00,26087,KUYUCAK RES,103261,2026-05-31T04:00:00+03:00,04:00
40W0000000260870,KUYUCAK RES,unknown,2026-05-31 05:00:00+03:00,,2.0,chunk_0011.json,POST /v1/generation/data/dpp-bulk,2026-05-31 21:45:14.681365+00:00,26087,KUYUCAK RES,103261,2026-05-31T05:00:00+03:00,05:00
40W0000000260870,KUYUCAK RES,unknown,2026-05-31 06:00:00+03:00,,2.0,chunk_0011.json,POST /v1/generation/data/dpp-bulk,2026-05-31 21:45:14.681365+00:00,26087,KUYUCAK RES,103261,2026-05-31T06:00:00+03:00,06:00
40W0000000260870,KUYUCAK RES,unknown,2026-05-31 07:00:00+03:00,,2.0,chunk_0011.json,POST /v1/generation/data/dpp-bulk,2026-05-31 21:45:14.681365+00:00,26087,KUYUCAK RES,103261,2026-05-31T07:00:00+03:00,07:00
40W0000000260870,KUYUCAK RES,unknown,2026-05-31 08:00:00+03:00,,2.0,chunk_0011.json,POST /v1/generation/data/dpp-bulk,2026-05-31 21:45:14.681365+00:00,26087,KUYUCAK RES,103261,2026-05-31T08:00:00+03:00,08:00
40W0000000260870,KUYUCAK RES,unknown,2026-05-31 09:00:00+03:00,,2.0,chunk_0011.json,POST /v1/generation/data/dpp-bulk,2026-05-31 21:45:14.681365+00:00,26087,KUYUCAK RES,103261,2026-05-31T09:00:00+03:00,09:00
40W0000000260870,KUYUCAK RES,unknown,2026-05-31 10:00:00+03:00,,2.0,chunk_0011.json,POST /v1/generation/data/dpp-bulk,2026-05-31 21:45:14.681365+00:00,26087,KUYUCAK RES,103261,2026-05-31T10:00:00+03:00,10:00
40W0000000260870,KUYUCAK RES,unknown,2026-05-31 11:00:00+03:00,,2.0,chunk_0011.json,POST /v1/generation/data/dpp-bulk,2026-05-31 21:45:14.681365+00:00,26087,KUYUCAK RES,103261,2026-05-31T11:00:00+03:00,11:00
40W0000000260870,KUYUCAK RES,unknown,2026-05-31 12:00:00+03:00,,2.0,chunk_0011.json,POST /v1/generation/data/dpp-bulk,2026-05-31 21:45:14.681365+00:00,26087,KUYUCAK RES,103261,2026-05-31T12:00:00+03:00,12:00
40W0000000260870,KUYUCAK RES,unknown,2026-05-31 13:00:00+03:00,,2.0,chunk_0011.json,POST /v1/generation/data/dpp-bulk,2026-05-31 21:45:14.681365+00:00,26087,KUYUCAK RES,103261,2026-05-31T13:00:00+03:00,13:00
40W0000000260870,KUYUCAK RES,unknown,2026-05-31 14:00:00+03:00,,2.0,chunk_0011.json,POST /v1/generation/data/dpp-bulk,2026-05-31 21:45:14.681365+00:00,26087,KUYUCAK RES,103261,2026-05-31T14:00:00+03:00,14:00
40W0000000260870,KUYUCAK RES,unknown,2026-05-31 15:00:00+03:00,,2.0,chunk_0011.json,POST /v1/generation/data/dpp-bulk,2026-05-31 21:45:14.681365+00:00,26087,KUYUCAK RES,103261,2026-05-31T15:00:00+03:00,15:00
40W0000000260870,KUYUCAK RES,unknown,2026-05-31 16:00:00+03:00,,2.0,chunk_0011.json,POST /v1/generation/data/dpp-bulk,2026-05-31 21:45:14.681365+00:00,26087,KUYUCAK RES,103261,2026-05-31T16:00:00+03:00,16:00
40W0000000260870,KUYUCAK RES,unknown,2026-05-31 17:00:00+03:00,,2.0,chunk_0011.json,POST /v1/generation/data/dpp-bulk,2026-05-31 21:45:14.681365+00:00,26087,KUYUCAK RES,103261,2026-05-31T17:00:00+03:00,17:00
40W0000000260870,KUYUCAK RES,unknown,2026-05-31 18:00:00+03:00,,5.46,chunk_0011.json,POST /v1/generation/data/dpp-bulk,2026-05-31 21:45:14.681365+00:00,26087,KUYUCAK RES,103261,2026-05-31T18:00:00+03:00,18:00
40W0000000260870,KUYUCAK RES,unknown,2026-05-31 19:00:00+03:00,,5.1,chunk_0011.json,POST /v1/generation/data/dpp-bulk,2026-05-31 21:45:14.681365+00:00,26087,KUYUCAK RES,103261,2026-05-31T19:00:00+03:00,19:00
40W0000000260870,KUYUCAK RES,unknown,2026-05-31 20:00:00+03:00,,4.16,chunk_0011.json,POST /v1/generation/data/dpp-bulk,2026-05-31 21:45:14.681365+00:00,26087,KUYUCAK RES,103261,2026-05-31T20:00:00+03:00,20:00
40W0000000260870,KUYUCAK RES,unknown,2026-05-31 21:00:00+03:00,,3.12,chunk_0011.json,POST /v1/generation/data/dpp-bulk,2026-05-31 21:45:14.681365+00:00,26087,KUYUCAK RES,103261,2026-05-31T21:00:00+03:00,21:00
40W0000000260870,KUYUCAK RES,unknown,2026-05-31 22:00:00+03:00,,2.88,chunk_0011.json,POST /v1/generation/data/dpp-bulk,2026-05-31 21:45:14.681365+00:00,26087,KUYUCAK RES,103261,2026-05-31T22:00:00+03:00,22:00
40W0000000260870,KUYUCAK RES,unknown,2026-05-31 23:00:00+03:00,,2.31,chunk_0011.json,POST /v1/generation/data/dpp-bulk,2026-05-31 21:45:14.681365+00:00,26087,KUYUCAK RES,103261,2026-05-31T23:00:00+03:00,23:00
