entsoe_code,plant_name,fuel_type,delivery_hour,publication_timestamp,kgup_mwh,source_file,source_api,forecast_timestamp,uevcb_id,uevcb_name,org_id,date_raw,time_raw
40X0000000109290,K3 SAKARYA ELEKTRIK PERAKENDE SATIS A.S.,unknown,2026-05-31 00:00:00+03:00,,0.1,chunk_0083.json,POST /v1/generation/data/dpp-bulk,2026-05-31 21:42:50.216869+00:00,5015040,LÜM_SAATLİK_SAKARYA_GÜNEŞ,10929,2026-05-31T00:00:00+03:00,00:00
40X0000000109290,K3 SAKARYA ELEKTRIK PERAKENDE SATIS A.S.,unknown,2026-05-31 01:00:00+03:00,,0.2,chunk_0083.json,POST /v1/generation/data/dpp-bulk,2026-05-31 21:42:50.216869+00:00,5015040,LÜM_SAATLİK_SAKARYA_GÜNEŞ,10929,2026-05-31T01:00:00+03:00,01:00
40X0000000109290,K3 SAKARYA ELEKTRIK PERAKENDE SATIS A.S.,unknown,2026-05-31 02:00:00+03:00,,0.2,chunk_0083.json,POST /v1/generation/data/dpp-bulk,2026-05-31 21:42:50.216869+00:00,5015040,LÜM_SAATLİK_SAKARYA_GÜNEŞ,10929,2026-05-31T02:00:00+03:00,02:00
40X0000000109290,K3 SAKARYA ELEKTRIK PERAKENDE SATIS A.S.,unknown,2026-05-31 03:00:00+03:00,,0.2,chunk_0083.json,POST /v1/generation/data/dpp-bulk,2026-05-31 21:42:50.216869+00:00,5015040,LÜM_SAATLİK_SAKARYA_GÜNEŞ,10929,2026-05-31T03:00:00+03:00,03:00
40X0000000109290,K3 SAKARYA ELEKTRIK PERAKENDE SATIS A.S.,unknown,2026-05-31 04:00:00+03:00,,0.3,chunk_0083.json,POST /v1/generation/data/dpp-bulk,2026-05-31 21:42:50.216869+00:00,5015040,LÜM_SAATLİK_SAKARYA_GÜNEŞ,10929,2026-05-31T04:00:00+03:00,04:00
40X0000000109290,K3 SAKARYA ELEKTRIK PERAKENDE SATIS A.S.,unknown,2026-05-31 05:00:00+03:00,,0.3,chunk_0083.json,POST /v1/generation/data/dpp-bulk,2026-05-31 21:42:50.216869+00:00,5015040,LÜM_SAATLİK_SAKARYA_GÜNEŞ,10929,2026-05-31T05:00:00+03:00,05:00
40X0000000109290,K3 SAKARYA ELEKTRIK PERAKENDE SATIS A.S.,unknown,2026-05-31 06:00:00+03:00,,14.1,chunk_0083.json,POST /v1/generation/data/dpp-bulk,2026-05-31 21:42:50.216869+00:00,5015040,LÜM_SAATLİK_SAKARYA_GÜNEŞ,10929,2026-05-31T06:00:00+03:00,06:00
40X0000000109290,K3 SAKARYA ELEKTRIK PERAKENDE SATIS A.S.,unknown,2026-05-31 07:00:00+03:00,,70.6,chunk_0083.json,POST /v1/generation/data/dpp-bulk,2026-05-31 21:42:50.216869+00:00,5015040,LÜM_SAATLİK_SAKARYA_GÜNEŞ,10929,2026-05-31T07:00:00+03:00,07:00
40X0000000109290,K3 SAKARYA ELEKTRIK PERAKENDE SATIS A.S.,unknown,2026-05-31 08:00:00+03:00,,139.0,chunk_0083.json,POST /v1/generation/data/dpp-bulk,2026-05-31 21:42:50.216869+00:00,5015040,LÜM_SAATLİK_SAKARYA_GÜNEŞ,10929,2026-05-31T08:00:00+03:00,08:00
40X0000000109290,K3 SAKARYA ELEKTRIK PERAKENDE SATIS A.S.,unknown,2026-05-31 09:00:00+03:00,,191.77,chunk_0083.json,POST /v1/generation/data/dpp-bulk,2026-05-31 21:42:50.216869+00:00,5015040,LÜM_SAATLİK_SAKARYA_GÜNEŞ,10929,2026-05-31T09:00:00+03:00,09:00
40X0000000109290,K3 SAKARYA ELEKTRIK PERAKENDE SATIS A.S.,unknown,2026-05-31 10:00:00+03:00,,238.77,chunk_0083.json,POST /v1/generation/data/dpp-bulk,2026-05-31 21:42:50.216869+00:00,5015040,LÜM_SAATLİK_SAKARYA_GÜNEŞ,10929,2026-05-31T10:00:00+03:00,10:00
40X0000000109290,K3 SAKARYA ELEKTRIK PERAKENDE SATIS A.S.,unknown,2026-05-31 11:00:00+03:00,,256.6,chunk_0083.json,POST /v1/generation/data/dpp-bulk,2026-05-31 21:42:50.216869+00:00,5015040,LÜM_SAATLİK_SAKARYA_GÜNEŞ,10929,2026-05-31T11:00:00+03:00,11:00
40X0000000109290,K3 SAKARYA ELEKTRIK PERAKENDE SATIS A.S.,unknown,2026-05-31 12:00:00+03:00,,258.8,chunk_0083.json,POST /v1/generation/data/dpp-bulk,2026-05-31 21:42:50.216869+00:00,5015040,LÜM_SAATLİK_SAKARYA_GÜNEŞ,10929,2026-05-31T12:00:00+03:00,12:00
40X0000000109290,K3 SAKARYA ELEKTRIK PERAKENDE SATIS A.S.,unknown,2026-05-31 13:00:00+03:00,,223.8,chunk_0083.json,POST /v1/generation/data/dpp-bulk,2026-05-31 21:42:50.216869+00:00,5015040,LÜM_SAATLİK_SAKARYA_GÜNEŞ,10929,2026-05-31T13:00:00+03:00,13:00
40X0000000109290,K3 SAKARYA ELEKTRIK PERAKENDE SATIS A.S.,unknown,2026-05-31 14:00:00+03:00,,195.7,chunk_0083.json,POST /v1/generation/data/dpp-bulk,2026-05-31 21:42:50.216869+00:00,5015040,LÜM_SAATLİK_SAKARYA_GÜNEŞ,10929,2026-05-31T14:00:00+03:00,14:00
40X0000000109290,K3 SAKARYA ELEKTRIK PERAKENDE SATIS A.S.,unknown,2026-05-31 15:00:00+03:00,,170.9,chunk_0083.json,POST /v1/generation/data/dpp-bulk,2026-05-31 21:42:50.216869+00:00,5015040,LÜM_SAATLİK_SAKARYA_GÜNEŞ,10929,2026-05-31T15:00:00+03:00,15:00
40X0000000109290,K3 SAKARYA ELEKTRIK PERAKENDE SATIS A.S.,unknown,2026-05-31 16:00:00+03:00,,150.6,chunk_0083.json,POST /v1/generation/data/dpp-bulk,2026-05-31 21:42:50.216869+00:00,5015040,LÜM_SAATLİK_SAKARYA_GÜNEŞ,10929,2026-05-31T16:00:00+03:00,16:00
40X0000000109290,K3 SAKARYA ELEKTRIK PERAKENDE SATIS A.S.,unknown,2026-05-31 17:00:00+03:00,,100.8,chunk_0083.json,POST /v1/generation/data/dpp-bulk,2026-05-31 21:42:50.216869+00:00,5015040,LÜM_SAATLİK_SAKARYA_GÜNEŞ,10929,2026-05-31T17:00:00+03:00,17:00
40X0000000109290,K3 SAKARYA ELEKTRIK PERAKENDE SATIS A.S.,unknown,2026-05-31 18:00:00+03:00,,47.3,chunk_0083.json,POST /v1/generation/data/dpp-bulk,2026-05-31 21:42:50.216869+00:00,5015040,LÜM_SAATLİK_SAKARYA_GÜNEŞ,10929,2026-05-31T18:00:00+03:00,18:00
40X0000000109290,K3 SAKARYA ELEKTRIK PERAKENDE SATIS A.S.,unknown,2026-05-31 19:00:00+03:00,,7.6,chunk_0083.json,POST /v1/generation/data/dpp-bulk,2026-05-31 21:42:50.216869+00:00,5015040,LÜM_SAATLİK_SAKARYA_GÜNEŞ,10929,2026-05-31T19:00:00+03:00,19:00
40X0000000109290,K3 SAKARYA ELEKTRIK PERAKENDE SATIS A.S.,unknown,2026-05-31 20:00:00+03:00,,0.0,chunk_0083.json,POST /v1/generation/data/dpp-bulk,2026-05-31 21:42:50.216869+00:00,5015040,LÜM_SAATLİK_SAKARYA_GÜNEŞ,10929,2026-05-31T20:00:00+03:00,20:00
40X0000000109290,K3 SAKARYA ELEKTRIK PERAKENDE SATIS A.S.,unknown,2026-05-31 21:00:00+03:00,,0.0,chunk_0083.json,POST /v1/generation/data/dpp-bulk,2026-05-31 21:42:50.216869+00:00,5015040,LÜM_SAATLİK_SAKARYA_GÜNEŞ,10929,2026-05-31T21:00:00+03:00,21:00
40X0000000109290,K3 SAKARYA ELEKTRIK PERAKENDE SATIS A.S.,unknown,2026-05-31 22:00:00+03:00,,0.0,chunk_0083.json,POST /v1/generation/data/dpp-bulk,2026-05-31 21:42:50.216869+00:00,5015040,LÜM_SAATLİK_SAKARYA_GÜNEŞ,10929,2026-05-31T22:00:00+03:00,22:00
40X0000000109290,K3 SAKARYA ELEKTRIK PERAKENDE SATIS A.S.,unknown,2026-05-31 23:00:00+03:00,,0.0,chunk_0083.json,POST /v1/generation/data/dpp-bulk,2026-05-31 21:42:50.216869+00:00,5015040,LÜM_SAATLİK_SAKARYA_GÜNEŞ,10929,2026-05-31T23:00:00+03:00,23:00
40X000000010930F,K3 OSMANGAZİ ELEKTRİK PERAKENDE SATIŞ A.Ş.,unknown,2026-05-31 00:00:00+03:00,,0.0,chunk_0083.json,POST /v1/generation/data/dpp-bulk,2026-05-31 21:42:50.216869+00:00,5015048,LÜM_SAATLİK_OSMANGAZİ_GÜNEŞ,10930,2026-05-31T00:00:00+03:00,00:00
40X000000010930F,K3 OSMANGAZİ ELEKTRİK PERAKENDE SATIŞ A.Ş.,unknown,2026-05-31 01:00:00+03:00,,0.0,chunk_0083.json,POST /v1/generation/data/dpp-bulk,2026-05-31 21:42:50.216869+00:00,5015048,LÜM_SAATLİK_OSMANGAZİ_GÜNEŞ,10930,2026-05-31T01:00:00+03:00,01:00
40X000000010930F,K3 OSMANGAZİ ELEKTRİK PERAKENDE SATIŞ A.Ş.,unknown,2026-05-31 02:00:00+03:00,,0.0,chunk_0083.json,POST /v1/generation/data/dpp-bulk,2026-05-31 21:42:50.216869+00:00,5015048,LÜM_SAATLİK_OSMANGAZİ_GÜNEŞ,10930,2026-05-31T02:00:00+03:00,02:00
40X000000010930F,K3 OSMANGAZİ ELEKTRİK PERAKENDE SATIŞ A.Ş.,unknown,2026-05-31 03:00:00+03:00,,0.0,chunk_0083.json,POST /v1/generation/data/dpp-bulk,2026-05-31 21:42:50.216869+00:00,5015048,LÜM_SAATLİK_OSMANGAZİ_GÜNEŞ,10930,2026-05-31T03:00:00+03:00,03:00
40X000000010930F,K3 OSMANGAZİ ELEKTRİK PERAKENDE SATIŞ A.Ş.,unknown,2026-05-31 04:00:00+03:00,,0.0,chunk_0083.json,POST /v1/generation/data/dpp-bulk,2026-05-31 21:42:50.216869+00:00,5015048,LÜM_SAATLİK_OSMANGAZİ_GÜNEŞ,10930,2026-05-31T04:00:00+03:00,04:00
40X000000010930F,K3 OSMANGAZİ ELEKTRİK PERAKENDE SATIŞ A.Ş.,unknown,2026-05-31 05:00:00+03:00,,1.81,chunk_0083.json,POST /v1/generation/data/dpp-bulk,2026-05-31 21:42:50.216869+00:00,5015048,LÜM_SAATLİK_OSMANGAZİ_GÜNEŞ,10930,2026-05-31T05:00:00+03:00,05:00
40X000000010930F,K3 OSMANGAZİ ELEKTRİK PERAKENDE SATIŞ A.Ş.,unknown,2026-05-31 06:00:00+03:00,,64.73,chunk_0083.json,POST /v1/generation/data/dpp-bulk,2026-05-31 21:42:50.216869+00:00,5015048,LÜM_SAATLİK_OSMANGAZİ_GÜNEŞ,10930,2026-05-31T06:00:00+03:00,06:00
40X000000010930F,K3 OSMANGAZİ ELEKTRİK PERAKENDE SATIŞ A.Ş.,unknown,2026-05-31 07:00:00+03:00,,226.24,chunk_0083.json,POST /v1/generation/data/dpp-bulk,2026-05-31 21:42:50.216869+00:00,5015048,LÜM_SAATLİK_OSMANGAZİ_GÜNEŞ,10930,2026-05-31T07:00:00+03:00,07:00
40X000000010930F,K3 OSMANGAZİ ELEKTRİK PERAKENDE SATIŞ A.Ş.,unknown,2026-05-31 08:00:00+03:00,,439.44,chunk_0083.json,POST /v1/generation/data/dpp-bulk,2026-05-31 21:42:50.216869+00:00,5015048,LÜM_SAATLİK_OSMANGAZİ_GÜNEŞ,10930,2026-05-31T08:00:00+03:00,08:00
40X000000010930F,K3 OSMANGAZİ ELEKTRİK PERAKENDE SATIŞ A.Ş.,unknown,2026-05-31 09:00:00+03:00,,633.85,chunk_0083.json,POST /v1/generation/data/dpp-bulk,2026-05-31 21:42:50.216869+00:00,5015048,LÜM_SAATLİK_OSMANGAZİ_GÜNEŞ,10930,2026-05-31T09:00:00+03:00,09:00
40X000000010930F,K3 OSMANGAZİ ELEKTRİK PERAKENDE SATIŞ A.Ş.,unknown,2026-05-31 10:00:00+03:00,,744.85,chunk_0083.json,POST /v1/generation/data/dpp-bulk,2026-05-31 21:42:50.216869+00:00,5015048,LÜM_SAATLİK_OSMANGAZİ_GÜNEŞ,10930,2026-05-31T10:00:00+03:00,10:00
40X000000010930F,K3 OSMANGAZİ ELEKTRİK PERAKENDE SATIŞ A.Ş.,unknown,2026-05-31 11:00:00+03:00,,783.03,chunk_0083.json,POST /v1/generation/data/dpp-bulk,2026-05-31 21:42:50.216869+00:00,5015048,LÜM_SAATLİK_OSMANGAZİ_GÜNEŞ,10930,2026-05-31T11:00:00+03:00,11:00
40X000000010930F,K3 OSMANGAZİ ELEKTRİK PERAKENDE SATIŞ A.Ş.,unknown,2026-05-31 12:00:00+03:00,,787.77,chunk_0083.json,POST /v1/generation/data/dpp-bulk,2026-05-31 21:42:50.216869+00:00,5015048,LÜM_SAATLİK_OSMANGAZİ_GÜNEŞ,10930,2026-05-31T12:00:00+03:00,12:00
40X000000010930F,K3 OSMANGAZİ ELEKTRİK PERAKENDE SATIŞ A.Ş.,unknown,2026-05-31 13:00:00+03:00,,770.0,chunk_0083.json,POST /v1/generation/data/dpp-bulk,2026-05-31 21:42:50.216869+00:00,5015048,LÜM_SAATLİK_OSMANGAZİ_GÜNEŞ,10930,2026-05-31T13:00:00+03:00,13:00
40X000000010930F,K3 OSMANGAZİ ELEKTRİK PERAKENDE SATIŞ A.Ş.,unknown,2026-05-31 14:00:00+03:00,,732.86,chunk_0083.json,POST /v1/generation/data/dpp-bulk,2026-05-31 21:42:50.216869+00:00,5015048,LÜM_SAATLİK_OSMANGAZİ_GÜNEŞ,10930,2026-05-31T14:00:00+03:00,14:00
40X000000010930F,K3 OSMANGAZİ ELEKTRİK PERAKENDE SATIŞ A.Ş.,unknown,2026-05-31 15:00:00+03:00,,662.88,chunk_0083.json,POST /v1/generation/data/dpp-bulk,2026-05-31 21:42:50.216869+00:00,5015048,LÜM_SAATLİK_OSMANGAZİ_GÜNEŞ,10930,2026-05-31T15:00:00+03:00,15:00
40X000000010930F,K3 OSMANGAZİ ELEKTRİK PERAKENDE SATIŞ A.Ş.,unknown,2026-05-31 16:00:00+03:00,,548.42,chunk_0083.json,POST /v1/generation/data/dpp-bulk,2026-05-31 21:42:50.216869+00:00,5015048,LÜM_SAATLİK_OSMANGAZİ_GÜNEŞ,10930,2026-05-31T16:00:00+03:00,16:00
40X000000010930F,K3 OSMANGAZİ ELEKTRİK PERAKENDE SATIŞ A.Ş.,unknown,2026-05-31 17:00:00+03:00,,376.81,chunk_0083.json,POST /v1/generation/data/dpp-bulk,2026-05-31 21:42:50.216869+00:00,5015048,LÜM_SAATLİK_OSMANGAZİ_GÜNEŞ,10930,2026-05-31T17:00:00+03:00,17:00
40X000000010930F,K3 OSMANGAZİ ELEKTRİK PERAKENDE SATIŞ A.Ş.,unknown,2026-05-31 18:00:00+03:00,,187.01,chunk_0083.json,POST /v1/generation/data/dpp-bulk,2026-05-31 21:42:50.216869+00:00,5015048,LÜM_SAATLİK_OSMANGAZİ_GÜNEŞ,10930,2026-05-31T18:00:00+03:00,18:00
40X000000010930F,K3 OSMANGAZİ ELEKTRİK PERAKENDE SATIŞ A.Ş.,unknown,2026-05-31 19:00:00+03:00,,45.66,chunk_0083.json,POST /v1/generation/data/dpp-bulk,2026-05-31 21:42:50.216869+00:00,5015048,LÜM_SAATLİK_OSMANGAZİ_GÜNEŞ,10930,2026-05-31T19:00:00+03:00,19:00
40X000000010930F,K3 OSMANGAZİ ELEKTRİK PERAKENDE SATIŞ A.Ş.,unknown,2026-05-31 20:00:00+03:00,,0.0,chunk_0083.json,POST /v1/generation/data/dpp-bulk,2026-05-31 21:42:50.216869+00:00,5015048,LÜM_SAATLİK_OSMANGAZİ_GÜNEŞ,10930,2026-05-31T20:00:00+03:00,20:00
40X000000010930F,K3 OSMANGAZİ ELEKTRİK PERAKENDE SATIŞ A.Ş.,unknown,2026-05-31 21:00:00+03:00,,0.0,chunk_0083.json,POST /v1/generation/data/dpp-bulk,2026-05-31 21:42:50.216869+00:00,5015048,LÜM_SAATLİK_OSMANGAZİ_GÜNEŞ,10930,2026-05-31T21:00:00+03:00,21:00
40X000000010930F,K3 OSMANGAZİ ELEKTRİK PERAKENDE SATIŞ A.Ş.,unknown,2026-05-31 22:00:00+03:00,,0.0,chunk_0083.json,POST /v1/generation/data/dpp-bulk,2026-05-31 21:42:50.216869+00:00,5015048,LÜM_SAATLİK_OSMANGAZİ_GÜNEŞ,10930,2026-05-31T22:00:00+03:00,22:00
40X000000010930F,K3 OSMANGAZİ ELEKTRİK PERAKENDE SATIŞ A.Ş.,unknown,2026-05-31 23:00:00+03:00,,0.0,chunk_0083.json,POST /v1/generation/data/dpp-bulk,2026-05-31 21:42:50.216869+00:00,5015048,LÜM_SAATLİK_OSMANGAZİ_GÜNEŞ,10930,2026-05-31T23:00:00+03:00,23:00
40X000000010931D,K3 KAYSERI ELEKTRIK PERAKENDE SATIŞ ANONIM ŞIRKETI,unknown,2026-05-31 00:00:00+03:00,,2.83,chunk_0083.json,POST /v1/generation/data/dpp-bulk,2026-05-31 21:42:50.216869+00:00,5015044,LÜM_SAATLİK_KAYSERİ VE CİVARI_GÜNEŞ,10931,2026-05-31T00:00:00+03:00,00:00
40X000000010931D,K3 KAYSERI ELEKTRIK PERAKENDE SATIŞ ANONIM ŞIRKETI,unknown,2026-05-31 01:00:00+03:00,,3.31,chunk_0083.json,POST /v1/generation/data/dpp-bulk,2026-05-31 21:42:50.216869+00:00,5015044,LÜM_SAATLİK_KAYSERİ VE CİVARI_GÜNEŞ,10931,2026-05-31T01:00:00+03:00,01:00
40X000000010931D,K3 KAYSERI ELEKTRIK PERAKENDE SATIŞ ANONIM ŞIRKETI,unknown,2026-05-31 02:00:00+03:00,,4.28,chunk_0083.json,POST /v1/generation/data/dpp-bulk,2026-05-31 21:42:50.216869+00:00,5015044,LÜM_SAATLİK_KAYSERİ VE CİVARI_GÜNEŞ,10931,2026-05-31T02:00:00+03:00,02:00
40X000000010931D,K3 KAYSERI ELEKTRIK PERAKENDE SATIŞ ANONIM ŞIRKETI,unknown,2026-05-31 03:00:00+03:00,,4.59,chunk_0083.json,POST /v1/generation/data/dpp-bulk,2026-05-31 21:42:50.216869+00:00,5015044,LÜM_SAATLİK_KAYSERİ VE CİVARI_GÜNEŞ,10931,2026-05-31T03:00:00+03:00,03:00
40X000000010931D,K3 KAYSERI ELEKTRIK PERAKENDE SATIŞ ANONIM ŞIRKETI,unknown,2026-05-31 04:00:00+03:00,,5.43,chunk_0083.json,POST /v1/generation/data/dpp-bulk,2026-05-31 21:42:50.216869+00:00,5015044,LÜM_SAATLİK_KAYSERİ VE CİVARI_GÜNEŞ,10931,2026-05-31T04:00:00+03:00,04:00
40X000000010931D,K3 KAYSERI ELEKTRIK PERAKENDE SATIŞ ANONIM ŞIRKETI,unknown,2026-05-31 05:00:00+03:00,,12.17,chunk_0083.json,POST /v1/generation/data/dpp-bulk,2026-05-31 21:42:50.216869+00:00,5015044,LÜM_SAATLİK_KAYSERİ VE CİVARI_GÜNEŞ,10931,2026-05-31T05:00:00+03:00,05:00
40X000000010931D,K3 KAYSERI ELEKTRIK PERAKENDE SATIŞ ANONIM ŞIRKETI,unknown,2026-05-31 06:00:00+03:00,,48.77,chunk_0083.json,POST /v1/generation/data/dpp-bulk,2026-05-31 21:42:50.216869+00:00,5015044,LÜM_SAATLİK_KAYSERİ VE CİVARI_GÜNEŞ,10931,2026-05-31T06:00:00+03:00,06:00
40X000000010931D,K3 KAYSERI ELEKTRIK PERAKENDE SATIŞ ANONIM ŞIRKETI,unknown,2026-05-31 07:00:00+03:00,,153.89,chunk_0083.json,POST /v1/generation/data/dpp-bulk,2026-05-31 21:42:50.216869+00:00,5015044,LÜM_SAATLİK_KAYSERİ VE CİVARI_GÜNEŞ,10931,2026-05-31T07:00:00+03:00,07:00
40X000000010931D,K3 KAYSERI ELEKTRIK PERAKENDE SATIŞ ANONIM ŞIRKETI,unknown,2026-05-31 08:00:00+03:00,,285.6,chunk_0083.json,POST /v1/generation/data/dpp-bulk,2026-05-31 21:42:50.216869+00:00,5015044,LÜM_SAATLİK_KAYSERİ VE CİVARI_GÜNEŞ,10931,2026-05-31T08:00:00+03:00,08:00
40X000000010931D,K3 KAYSERI ELEKTRIK PERAKENDE SATIŞ ANONIM ŞIRKETI,unknown,2026-05-31 09:00:00+03:00,,393.59,chunk_0083.json,POST /v1/generation/data/dpp-bulk,2026-05-31 21:42:50.216869+00:00,5015044,LÜM_SAATLİK_KAYSERİ VE CİVARI_GÜNEŞ,10931,2026-05-31T09:00:00+03:00,09:00
40X000000010931D,K3 KAYSERI ELEKTRIK PERAKENDE SATIŞ ANONIM ŞIRKETI,unknown,2026-05-31 10:00:00+03:00,,444.87,chunk_0083.json,POST /v1/generation/data/dpp-bulk,2026-05-31 21:42:50.216869+00:00,5015044,LÜM_SAATLİK_KAYSERİ VE CİVARI_GÜNEŞ,10931,2026-05-31T10:00:00+03:00,10:00
40X000000010931D,K3 KAYSERI ELEKTRIK PERAKENDE SATIŞ ANONIM ŞIRKETI,unknown,2026-05-31 11:00:00+03:00,,455.23,chunk_0083.json,POST /v1/generation/data/dpp-bulk,2026-05-31 21:42:50.216869+00:00,5015044,LÜM_SAATLİK_KAYSERİ VE CİVARI_GÜNEŞ,10931,2026-05-31T11:00:00+03:00,11:00
40X000000010931D,K3 KAYSERI ELEKTRIK PERAKENDE SATIŞ ANONIM ŞIRKETI,unknown,2026-05-31 12:00:00+03:00,,451.03,chunk_0083.json,POST /v1/generation/data/dpp-bulk,2026-05-31 21:42:50.216869+00:00,5015044,LÜM_SAATLİK_KAYSERİ VE CİVARI_GÜNEŞ,10931,2026-05-31T12:00:00+03:00,12:00
40X000000010931D,K3 KAYSERI ELEKTRIK PERAKENDE SATIŞ ANONIM ŞIRKETI,unknown,2026-05-31 13:00:00+03:00,,429.13,chunk_0083.json,POST /v1/generation/data/dpp-bulk,2026-05-31 21:42:50.216869+00:00,5015044,LÜM_SAATLİK_KAYSERİ VE CİVARI_GÜNEŞ,10931,2026-05-31T13:00:00+03:00,13:00
40X000000010931D,K3 KAYSERI ELEKTRIK PERAKENDE SATIŞ ANONIM ŞIRKETI,unknown,2026-05-31 14:00:00+03:00,,406.23,chunk_0083.json,POST /v1/generation/data/dpp-bulk,2026-05-31 21:42:50.216869+00:00,5015044,LÜM_SAATLİK_KAYSERİ VE CİVARI_GÜNEŞ,10931,2026-05-31T14:00:00+03:00,14:00
40X000000010931D,K3 KAYSERI ELEKTRIK PERAKENDE SATIŞ ANONIM ŞIRKETI,unknown,2026-05-31 15:00:00+03:00,,360.2,chunk_0083.json,POST /v1/generation/data/dpp-bulk,2026-05-31 21:42:50.216869+00:00,5015044,LÜM_SAATLİK_KAYSERİ VE CİVARI_GÜNEŞ,10931,2026-05-31T15:00:00+03:00,15:00
40X000000010931D,K3 KAYSERI ELEKTRIK PERAKENDE SATIŞ ANONIM ŞIRKETI,unknown,2026-05-31 16:00:00+03:00,,269.09,chunk_0083.json,POST /v1/generation/data/dpp-bulk,2026-05-31 21:42:50.216869+00:00,5015044,LÜM_SAATLİK_KAYSERİ VE CİVARI_GÜNEŞ,10931,2026-05-31T16:00:00+03:00,16:00
40X000000010931D,K3 KAYSERI ELEKTRIK PERAKENDE SATIŞ ANONIM ŞIRKETI,unknown,2026-05-31 17:00:00+03:00,,162.95,chunk_0083.json,POST /v1/generation/data/dpp-bulk,2026-05-31 21:42:50.216869+00:00,5015044,LÜM_SAATLİK_KAYSERİ VE CİVARI_GÜNEŞ,10931,2026-05-31T17:00:00+03:00,17:00
40X000000010931D,K3 KAYSERI ELEKTRIK PERAKENDE SATIŞ ANONIM ŞIRKETI,unknown,2026-05-31 18:00:00+03:00,,68.4,chunk_0083.json,POST /v1/generation/data/dpp-bulk,2026-05-31 21:42:50.216869+00:00,5015044,LÜM_SAATLİK_KAYSERİ VE CİVARI_GÜNEŞ,10931,2026-05-31T18:00:00+03:00,18:00
40X000000010931D,K3 KAYSERI ELEKTRIK PERAKENDE SATIŞ ANONIM ŞIRKETI,unknown,2026-05-31 19:00:00+03:00,,10.08,chunk_0083.json,POST /v1/generation/data/dpp-bulk,2026-05-31 21:42:50.216869+00:00,5015044,LÜM_SAATLİK_KAYSERİ VE CİVARI_GÜNEŞ,10931,2026-05-31T19:00:00+03:00,19:00
40X000000010931D,K3 KAYSERI ELEKTRIK PERAKENDE SATIŞ ANONIM ŞIRKETI,unknown,2026-05-31 20:00:00+03:00,,2.08,chunk_0083.json,POST /v1/generation/data/dpp-bulk,2026-05-31 21:42:50.216869+00:00,5015044,LÜM_SAATLİK_KAYSERİ VE CİVARI_GÜNEŞ,10931,2026-05-31T20:00:00+03:00,20:00
40X000000010931D,K3 KAYSERI ELEKTRIK PERAKENDE SATIŞ ANONIM ŞIRKETI,unknown,2026-05-31 21:00:00+03:00,,2.01,chunk_0083.json,POST /v1/generation/data/dpp-bulk,2026-05-31 21:42:50.216869+00:00,5015044,LÜM_SAATLİK_KAYSERİ VE CİVARI_GÜNEŞ,10931,2026-05-31T21:00:00+03:00,21:00
40X000000010931D,K3 KAYSERI ELEKTRIK PERAKENDE SATIŞ ANONIM ŞIRKETI,unknown,2026-05-31 22:00:00+03:00,,1.62,chunk_0083.json,POST /v1/generation/data/dpp-bulk,2026-05-31 21:42:50.216869+00:00,5015044,LÜM_SAATLİK_KAYSERİ VE CİVARI_GÜNEŞ,10931,2026-05-31T22:00:00+03:00,22:00
40X000000010931D,K3 KAYSERI ELEKTRIK PERAKENDE SATIŞ ANONIM ŞIRKETI,unknown,2026-05-31 23:00:00+03:00,,2.22,chunk_0083.json,POST /v1/generation/data/dpp-bulk,2026-05-31 21:42:50.216869+00:00,5015044,LÜM_SAATLİK_KAYSERİ VE CİVARI_GÜNEŞ,10931,2026-05-31T23:00:00+03:00,23:00
40X000000010932B,K3 AKSA ÇORUH ELEKTRİK PERAKENDE SATIŞ A.Ş.,unknown,2026-05-31 00:00:00+03:00,,3.24,chunk_0083.json,POST /v1/generation/data/dpp-bulk,2026-05-31 21:42:50.216869+00:00,5014987,LÜM_SAATLİK_ÇORUH_GÜNEŞ,10932,2026-05-31T00:00:00+03:00,00:00
40X000000010932B,K3 AKSA ÇORUH ELEKTRİK PERAKENDE SATIŞ A.Ş.,unknown,2026-05-31 01:00:00+03:00,,3.21,chunk_0083.json,POST /v1/generation/data/dpp-bulk,2026-05-31 21:42:50.216869+00:00,5014987,LÜM_SAATLİK_ÇORUH_GÜNEŞ,10932,2026-05-31T01:00:00+03:00,01:00
40X000000010932B,K3 AKSA ÇORUH ELEKTRİK PERAKENDE SATIŞ A.Ş.,unknown,2026-05-31 02:00:00+03:00,,3.21,chunk_0083.json,POST /v1/generation/data/dpp-bulk,2026-05-31 21:42:50.216869+00:00,5014987,LÜM_SAATLİK_ÇORUH_GÜNEŞ,10932,2026-05-31T02:00:00+03:00,02:00
40X000000010932B,K3 AKSA ÇORUH ELEKTRİK PERAKENDE SATIŞ A.Ş.,unknown,2026-05-31 03:00:00+03:00,,3.2,chunk_0083.json,POST /v1/generation/data/dpp-bulk,2026-05-31 21:42:50.216869+00:00,5014987,LÜM_SAATLİK_ÇORUH_GÜNEŞ,10932,2026-05-31T03:00:00+03:00,03:00
40X000000010932B,K3 AKSA ÇORUH ELEKTRİK PERAKENDE SATIŞ A.Ş.,unknown,2026-05-31 04:00:00+03:00,,3.19,chunk_0083.json,POST /v1/generation/data/dpp-bulk,2026-05-31 21:42:50.216869+00:00,5014987,LÜM_SAATLİK_ÇORUH_GÜNEŞ,10932,2026-05-31T04:00:00+03:00,04:00
40X000000010932B,K3 AKSA ÇORUH ELEKTRİK PERAKENDE SATIŞ A.Ş.,unknown,2026-05-31 05:00:00+03:00,,4.48,chunk_0083.json,POST /v1/generation/data/dpp-bulk,2026-05-31 21:42:50.216869+00:00,5014987,LÜM_SAATLİK_ÇORUH_GÜNEŞ,10932,2026-05-31T05:00:00+03:00,05:00
40X000000010932B,K3 AKSA ÇORUH ELEKTRİK PERAKENDE SATIŞ A.Ş.,unknown,2026-05-31 06:00:00+03:00,,12.8,chunk_0083.json,POST /v1/generation/data/dpp-bulk,2026-05-31 21:42:50.216869+00:00,5014987,LÜM_SAATLİK_ÇORUH_GÜNEŞ,10932,2026-05-31T06:00:00+03:00,06:00
40X000000010932B,K3 AKSA ÇORUH ELEKTRİK PERAKENDE SATIŞ A.Ş.,unknown,2026-05-31 07:00:00+03:00,,24.27,chunk_0083.json,POST /v1/generation/data/dpp-bulk,2026-05-31 21:42:50.216869+00:00,5014987,LÜM_SAATLİK_ÇORUH_GÜNEŞ,10932,2026-05-31T07:00:00+03:00,07:00
40X000000010932B,K3 AKSA ÇORUH ELEKTRİK PERAKENDE SATIŞ A.Ş.,unknown,2026-05-31 08:00:00+03:00,,41.77,chunk_0083.json,POST /v1/generation/data/dpp-bulk,2026-05-31 21:42:50.216869+00:00,5014987,LÜM_SAATLİK_ÇORUH_GÜNEŞ,10932,2026-05-31T08:00:00+03:00,08:00
40X000000010932B,K3 AKSA ÇORUH ELEKTRİK PERAKENDE SATIŞ A.Ş.,unknown,2026-05-31 09:00:00+03:00,,62.85,chunk_0083.json,POST /v1/generation/data/dpp-bulk,2026-05-31 21:42:50.216869+00:00,5014987,LÜM_SAATLİK_ÇORUH_GÜNEŞ,10932,2026-05-31T09:00:00+03:00,09:00
40X000000010932B,K3 AKSA ÇORUH ELEKTRİK PERAKENDE SATIŞ A.Ş.,unknown,2026-05-31 10:00:00+03:00,,70.09,chunk_0083.json,POST /v1/generation/data/dpp-bulk,2026-05-31 21:42:50.216869+00:00,5014987,LÜM_SAATLİK_ÇORUH_GÜNEŞ,10932,2026-05-31T10:00:00+03:00,10:00
40X000000010932B,K3 AKSA ÇORUH ELEKTRİK PERAKENDE SATIŞ A.Ş.,unknown,2026-05-31 11:00:00+03:00,,70.42,chunk_0083.json,POST /v1/generation/data/dpp-bulk,2026-05-31 21:42:50.216869+00:00,5014987,LÜM_SAATLİK_ÇORUH_GÜNEŞ,10932,2026-05-31T11:00:00+03:00,11:00
40X000000010932B,K3 AKSA ÇORUH ELEKTRİK PERAKENDE SATIŞ A.Ş.,unknown,2026-05-31 12:00:00+03:00,,66.15,chunk_0083.json,POST /v1/generation/data/dpp-bulk,2026-05-31 21:42:50.216869+00:00,5014987,LÜM_SAATLİK_ÇORUH_GÜNEŞ,10932,2026-05-31T12:00:00+03:00,12:00
40X000000010932B,K3 AKSA ÇORUH ELEKTRİK PERAKENDE SATIŞ A.Ş.,unknown,2026-05-31 13:00:00+03:00,,64.05,chunk_0083.json,POST /v1/generation/data/dpp-bulk,2026-05-31 21:42:50.216869+00:00,5014987,LÜM_SAATLİK_ÇORUH_GÜNEŞ,10932,2026-05-31T13:00:00+03:00,13:00
40X000000010932B,K3 AKSA ÇORUH ELEKTRİK PERAKENDE SATIŞ A.Ş.,unknown,2026-05-31 14:00:00+03:00,,67.19,chunk_0083.json,POST /v1/generation/data/dpp-bulk,2026-05-31 21:42:50.216869+00:00,5014987,LÜM_SAATLİK_ÇORUH_GÜNEŞ,10932,2026-05-31T14:00:00+03:00,14:00
40X000000010932B,K3 AKSA ÇORUH ELEKTRİK PERAKENDE SATIŞ A.Ş.,unknown,2026-05-31 15:00:00+03:00,,62.57,chunk_0083.json,POST /v1/generation/data/dpp-bulk,2026-05-31 21:42:50.216869+00:00,5014987,LÜM_SAATLİK_ÇORUH_GÜNEŞ,10932,2026-05-31T15:00:00+03:00,15:00
40X000000010932B,K3 AKSA ÇORUH ELEKTRİK PERAKENDE SATIŞ A.Ş.,unknown,2026-05-31 16:00:00+03:00,,45.79,chunk_0083.json,POST /v1/generation/data/dpp-bulk,2026-05-31 21:42:50.216869+00:00,5014987,LÜM_SAATLİK_ÇORUH_GÜNEŞ,10932,2026-05-31T16:00:00+03:00,16:00
40X000000010932B,K3 AKSA ÇORUH ELEKTRİK PERAKENDE SATIŞ A.Ş.,unknown,2026-05-31 17:00:00+03:00,,23.85,chunk_0083.json,POST /v1/generation/data/dpp-bulk,2026-05-31 21:42:50.216869+00:00,5014987,LÜM_SAATLİK_ÇORUH_GÜNEŞ,10932,2026-05-31T17:00:00+03:00,17:00
40X000000010932B,K3 AKSA ÇORUH ELEKTRİK PERAKENDE SATIŞ A.Ş.,unknown,2026-05-31 18:00:00+03:00,,9.13,chunk_0083.json,POST /v1/generation/data/dpp-bulk,2026-05-31 21:42:50.216869+00:00,5014987,LÜM_SAATLİK_ÇORUH_GÜNEŞ,10932,2026-05-31T18:00:00+03:00,18:00
40X000000010932B,K3 AKSA ÇORUH ELEKTRİK PERAKENDE SATIŞ A.Ş.,unknown,2026-05-31 19:00:00+03:00,,3.95,chunk_0083.json,POST /v1/generation/data/dpp-bulk,2026-05-31 21:42:50.216869+00:00,5014987,LÜM_SAATLİK_ÇORUH_GÜNEŞ,10932,2026-05-31T19:00:00+03:00,19:00
40X000000010932B,K3 AKSA ÇORUH ELEKTRİK PERAKENDE SATIŞ A.Ş.,unknown,2026-05-31 20:00:00+03:00,,3.25,chunk_0083.json,POST /v1/generation/data/dpp-bulk,2026-05-31 21:42:50.216869+00:00,5014987,LÜM_SAATLİK_ÇORUH_GÜNEŞ,10932,2026-05-31T20:00:00+03:00,20:00
40X000000010932B,K3 AKSA ÇORUH ELEKTRİK PERAKENDE SATIŞ A.Ş.,unknown,2026-05-31 21:00:00+03:00,,3.23,chunk_0083.json,POST /v1/generation/data/dpp-bulk,2026-05-31 21:42:50.216869+00:00,5014987,LÜM_SAATLİK_ÇORUH_GÜNEŞ,10932,2026-05-31T21:00:00+03:00,21:00
40X000000010932B,K3 AKSA ÇORUH ELEKTRİK PERAKENDE SATIŞ A.Ş.,unknown,2026-05-31 22:00:00+03:00,,3.24,chunk_0083.json,POST /v1/generation/data/dpp-bulk,2026-05-31 21:42:50.216869+00:00,5014987,LÜM_SAATLİK_ÇORUH_GÜNEŞ,10932,2026-05-31T22:00:00+03:00,22:00
40X000000010932B,K3 AKSA ÇORUH ELEKTRİK PERAKENDE SATIŞ A.Ş.,unknown,2026-05-31 23:00:00+03:00,,3.3,chunk_0083.json,POST /v1/generation/data/dpp-bulk,2026-05-31 21:42:50.216869+00:00,5014987,LÜM_SAATLİK_ÇORUH_GÜNEŞ,10932,2026-05-31T23:00:00+03:00,23:00
40X0000000109339,K3 AKSA FIRAT ELEKTRİK PERAKENDE SATIŞ ANONİM ŞİRKETİ,unknown,2026-05-31 00:00:00+03:00,,1.33,chunk_0083.json,POST /v1/generation/data/dpp-bulk,2026-05-31 21:42:50.216869+00:00,5015019,LÜM_SAATLİK_FIRAT_GÜNEŞ,10933,2026-05-31T00:00:00+03:00,00:00
40X0000000109339,K3 AKSA FIRAT ELEKTRİK PERAKENDE SATIŞ ANONİM ŞİRKETİ,unknown,2026-05-31 01:00:00+03:00,,1.35,chunk_0083.json,POST /v1/generation/data/dpp-bulk,2026-05-31 21:42:50.216869+00:00,5015019,LÜM_SAATLİK_FIRAT_GÜNEŞ,10933,2026-05-31T01:00:00+03:00,01:00
40X0000000109339,K3 AKSA FIRAT ELEKTRİK PERAKENDE SATIŞ ANONİM ŞİRKETİ,unknown,2026-05-31 02:00:00+03:00,,1.33,chunk_0083.json,POST /v1/generation/data/dpp-bulk,2026-05-31 21:42:50.216869+00:00,5015019,LÜM_SAATLİK_FIRAT_GÜNEŞ,10933,2026-05-31T02:00:00+03:00,02:00
40X0000000109339,K3 AKSA FIRAT ELEKTRİK PERAKENDE SATIŞ ANONİM ŞİRKETİ,unknown,2026-05-31 03:00:00+03:00,,1.52,chunk_0083.json,POST /v1/generation/data/dpp-bulk,2026-05-31 21:42:50.216869+00:00,5015019,LÜM_SAATLİK_FIRAT_GÜNEŞ,10933,2026-05-31T03:00:00+03:00,03:00
40X0000000109339,K3 AKSA FIRAT ELEKTRİK PERAKENDE SATIŞ ANONİM ŞİRKETİ,unknown,2026-05-31 04:00:00+03:00,,1.4,chunk_0083.json,POST /v1/generation/data/dpp-bulk,2026-05-31 21:42:50.216869+00:00,5015019,LÜM_SAATLİK_FIRAT_GÜNEŞ,10933,2026-05-31T04:00:00+03:00,04:00
40X0000000109339,K3 AKSA FIRAT ELEKTRİK PERAKENDE SATIŞ ANONİM ŞİRKETİ,unknown,2026-05-31 05:00:00+03:00,,9.54,chunk_0083.json,POST /v1/generation/data/dpp-bulk,2026-05-31 21:42:50.216869+00:00,5015019,LÜM_SAATLİK_FIRAT_GÜNEŞ,10933,2026-05-31T05:00:00+03:00,05:00
40X0000000109339,K3 AKSA FIRAT ELEKTRİK PERAKENDE SATIŞ ANONİM ŞİRKETİ,unknown,2026-05-31 06:00:00+03:00,,54.0,chunk_0083.json,POST /v1/generation/data/dpp-bulk,2026-05-31 21:42:50.216869+00:00,5015019,LÜM_SAATLİK_FIRAT_GÜNEŞ,10933,2026-05-31T06:00:00+03:00,06:00
40X0000000109339,K3 AKSA FIRAT ELEKTRİK PERAKENDE SATIŞ ANONİM ŞİRKETİ,unknown,2026-05-31 07:00:00+03:00,,149.66,chunk_0083.json,POST /v1/generation/data/dpp-bulk,2026-05-31 21:42:50.216869+00:00,5015019,LÜM_SAATLİK_FIRAT_GÜNEŞ,10933,2026-05-31T07:00:00+03:00,07:00
40X0000000109339,K3 AKSA FIRAT ELEKTRİK PERAKENDE SATIŞ ANONİM ŞİRKETİ,unknown,2026-05-31 08:00:00+03:00,,239.52,chunk_0083.json,POST /v1/generation/data/dpp-bulk,2026-05-31 21:42:50.216869+00:00,5015019,LÜM_SAATLİK_FIRAT_GÜNEŞ,10933,2026-05-31T08:00:00+03:00,08:00
40X0000000109339,K3 AKSA FIRAT ELEKTRİK PERAKENDE SATIŞ ANONİM ŞİRKETİ,unknown,2026-05-31 09:00:00+03:00,,313.73,chunk_0083.json,POST /v1/generation/data/dpp-bulk,2026-05-31 21:42:50.216869+00:00,5015019,LÜM_SAATLİK_FIRAT_GÜNEŞ,10933,2026-05-31T09:00:00+03:00,09:00
40X0000000109339,K3 AKSA FIRAT ELEKTRİK PERAKENDE SATIŞ ANONİM ŞİRKETİ,unknown,2026-05-31 10:00:00+03:00,,350.08,chunk_0083.json,POST /v1/generation/data/dpp-bulk,2026-05-31 21:42:50.216869+00:00,5015019,LÜM_SAATLİK_FIRAT_GÜNEŞ,10933,2026-05-31T10:00:00+03:00,10:00
40X0000000109339,K3 AKSA FIRAT ELEKTRİK PERAKENDE SATIŞ ANONİM ŞİRKETİ,unknown,2026-05-31 11:00:00+03:00,,349.85,chunk_0083.json,POST /v1/generation/data/dpp-bulk,2026-05-31 21:42:50.216869+00:00,5015019,LÜM_SAATLİK_FIRAT_GÜNEŞ,10933,2026-05-31T11:00:00+03:00,11:00
40X0000000109339,K3 AKSA FIRAT ELEKTRİK PERAKENDE SATIŞ ANONİM ŞİRKETİ,unknown,2026-05-31 12:00:00+03:00,,342.29,chunk_0083.json,POST /v1/generation/data/dpp-bulk,2026-05-31 21:42:50.216869+00:00,5015019,LÜM_SAATLİK_FIRAT_GÜNEŞ,10933,2026-05-31T12:00:00+03:00,12:00
40X0000000109339,K3 AKSA FIRAT ELEKTRİK PERAKENDE SATIŞ ANONİM ŞİRKETİ,unknown,2026-05-31 13:00:00+03:00,,329.09,chunk_0083.json,POST /v1/generation/data/dpp-bulk,2026-05-31 21:42:50.216869+00:00,5015019,LÜM_SAATLİK_FIRAT_GÜNEŞ,10933,2026-05-31T13:00:00+03:00,13:00
40X0000000109339,K3 AKSA FIRAT ELEKTRİK PERAKENDE SATIŞ ANONİM ŞİRKETİ,unknown,2026-05-31 14:00:00+03:00,,309.87,chunk_0083.json,POST /v1/generation/data/dpp-bulk,2026-05-31 21:42:50.216869+00:00,5015019,LÜM_SAATLİK_FIRAT_GÜNEŞ,10933,2026-05-31T14:00:00+03:00,14:00
40X0000000109339,K3 AKSA FIRAT ELEKTRİK PERAKENDE SATIŞ ANONİM ŞİRKETİ,unknown,2026-05-31 15:00:00+03:00,,262.13,chunk_0083.json,POST /v1/generation/data/dpp-bulk,2026-05-31 21:42:50.216869+00:00,5015019,LÜM_SAATLİK_FIRAT_GÜNEŞ,10933,2026-05-31T15:00:00+03:00,15:00
40X0000000109339,K3 AKSA FIRAT ELEKTRİK PERAKENDE SATIŞ ANONİM ŞİRKETİ,unknown,2026-05-31 16:00:00+03:00,,188.51,chunk_0083.json,POST /v1/generation/data/dpp-bulk,2026-05-31 21:42:50.216869+00:00,5015019,LÜM_SAATLİK_FIRAT_GÜNEŞ,10933,2026-05-31T16:00:00+03:00,16:00
40X0000000109339,K3 AKSA FIRAT ELEKTRİK PERAKENDE SATIŞ ANONİM ŞİRKETİ,unknown,2026-05-31 17:00:00+03:00,,103.61,chunk_0083.json,POST /v1/generation/data/dpp-bulk,2026-05-31 21:42:50.216869+00:00,5015019,LÜM_SAATLİK_FIRAT_GÜNEŞ,10933,2026-05-31T17:00:00+03:00,17:00
40X0000000109339,K3 AKSA FIRAT ELEKTRİK PERAKENDE SATIŞ ANONİM ŞİRKETİ,unknown,2026-05-31 18:00:00+03:00,,32.81,chunk_0083.json,POST /v1/generation/data/dpp-bulk,2026-05-31 21:42:50.216869+00:00,5015019,LÜM_SAATLİK_FIRAT_GÜNEŞ,10933,2026-05-31T18:00:00+03:00,18:00
40X0000000109339,K3 AKSA FIRAT ELEKTRİK PERAKENDE SATIŞ ANONİM ŞİRKETİ,unknown,2026-05-31 19:00:00+03:00,,4.23,chunk_0083.json,POST /v1/generation/data/dpp-bulk,2026-05-31 21:42:50.216869+00:00,5015019,LÜM_SAATLİK_FIRAT_GÜNEŞ,10933,2026-05-31T19:00:00+03:00,19:00
40X0000000109339,K3 AKSA FIRAT ELEKTRİK PERAKENDE SATIŞ ANONİM ŞİRKETİ,unknown,2026-05-31 20:00:00+03:00,,0.61,chunk_0083.json,POST /v1/generation/data/dpp-bulk,2026-05-31 21:42:50.216869+00:00,5015019,LÜM_SAATLİK_FIRAT_GÜNEŞ,10933,2026-05-31T20:00:00+03:00,20:00
40X0000000109339,K3 AKSA FIRAT ELEKTRİK PERAKENDE SATIŞ ANONİM ŞİRKETİ,unknown,2026-05-31 21:00:00+03:00,,1.31,chunk_0083.json,POST /v1/generation/data/dpp-bulk,2026-05-31 21:42:50.216869+00:00,5015019,LÜM_SAATLİK_FIRAT_GÜNEŞ,10933,2026-05-31T21:00:00+03:00,21:00
40X0000000109339,K3 AKSA FIRAT ELEKTRİK PERAKENDE SATIŞ ANONİM ŞİRKETİ,unknown,2026-05-31 22:00:00+03:00,,1.61,chunk_0083.json,POST /v1/generation/data/dpp-bulk,2026-05-31 21:42:50.216869+00:00,5015019,LÜM_SAATLİK_FIRAT_GÜNEŞ,10933,2026-05-31T22:00:00+03:00,22:00
40X0000000109339,K3 AKSA FIRAT ELEKTRİK PERAKENDE SATIŞ ANONİM ŞİRKETİ,unknown,2026-05-31 23:00:00+03:00,,1.79,chunk_0083.json,POST /v1/generation/data/dpp-bulk,2026-05-31 21:42:50.216869+00:00,5015019,LÜM_SAATLİK_FIRAT_GÜNEŞ,10933,2026-05-31T23:00:00+03:00,23:00
40X0000000109347,K3 AYDEM ELEKTRİK PERAKENDE SATIŞ ANONİM ŞİRKETİ,unknown,2026-05-31 00:00:00+03:00,,0.05,chunk_0083.json,POST /v1/generation/data/dpp-bulk,2026-05-31 21:42:50.216869+00:00,5015009,LÜM_SAATLİK_AYDEM_GÜNEŞ,10934,2026-05-31T00:00:00+03:00,00:00
40X0000000109347,K3 AYDEM ELEKTRİK PERAKENDE SATIŞ ANONİM ŞİRKETİ,unknown,2026-05-31 01:00:00+03:00,,0.05,chunk_0083.json,POST /v1/generation/data/dpp-bulk,2026-05-31 21:42:50.216869+00:00,5015009,LÜM_SAATLİK_AYDEM_GÜNEŞ,10934,2026-05-31T01:00:00+03:00,01:00
40X0000000109347,K3 AYDEM ELEKTRİK PERAKENDE SATIŞ ANONİM ŞİRKETİ,unknown,2026-05-31 02:00:00+03:00,,0.33,chunk_0083.json,POST /v1/generation/data/dpp-bulk,2026-05-31 21:42:50.216869+00:00,5015009,LÜM_SAATLİK_AYDEM_GÜNEŞ,10934,2026-05-31T02:00:00+03:00,02:00
40X0000000109347,K3 AYDEM ELEKTRİK PERAKENDE SATIŞ ANONİM ŞİRKETİ,unknown,2026-05-31 03:00:00+03:00,,2.12,chunk_0083.json,POST /v1/generation/data/dpp-bulk,2026-05-31 21:42:50.216869+00:00,5015009,LÜM_SAATLİK_AYDEM_GÜNEŞ,10934,2026-05-31T03:00:00+03:00,03:00
40X0000000109347,K3 AYDEM ELEKTRİK PERAKENDE SATIŞ ANONİM ŞİRKETİ,unknown,2026-05-31 04:00:00+03:00,,9.11,chunk_0083.json,POST /v1/generation/data/dpp-bulk,2026-05-31 21:42:50.216869+00:00,5015009,LÜM_SAATLİK_AYDEM_GÜNEŞ,10934,2026-05-31T04:00:00+03:00,04:00
40X0000000109347,K3 AYDEM ELEKTRİK PERAKENDE SATIŞ ANONİM ŞİRKETİ,unknown,2026-05-31 05:00:00+03:00,,23.7,chunk_0083.json,POST /v1/generation/data/dpp-bulk,2026-05-31 21:42:50.216869+00:00,5015009,LÜM_SAATLİK_AYDEM_GÜNEŞ,10934,2026-05-31T05:00:00+03:00,05:00
40X0000000109347,K3 AYDEM ELEKTRİK PERAKENDE SATIŞ ANONİM ŞİRKETİ,unknown,2026-05-31 06:00:00+03:00,,51.61,chunk_0083.json,POST /v1/generation/data/dpp-bulk,2026-05-31 21:42:50.216869+00:00,5015009,LÜM_SAATLİK_AYDEM_GÜNEŞ,10934,2026-05-31T06:00:00+03:00,06:00
40X0000000109347,K3 AYDEM ELEKTRİK PERAKENDE SATIŞ ANONİM ŞİRKETİ,unknown,2026-05-31 07:00:00+03:00,,131.04,chunk_0083.json,POST /v1/generation/data/dpp-bulk,2026-05-31 21:42:50.216869+00:00,5015009,LÜM_SAATLİK_AYDEM_GÜNEŞ,10934,2026-05-31T07:00:00+03:00,07:00
40X0000000109347,K3 AYDEM ELEKTRİK PERAKENDE SATIŞ ANONİM ŞİRKETİ,unknown,2026-05-31 08:00:00+03:00,,243.3,chunk_0083.json,POST /v1/generation/data/dpp-bulk,2026-05-31 21:42:50.216869+00:00,5015009,LÜM_SAATLİK_AYDEM_GÜNEŞ,10934,2026-05-31T08:00:00+03:00,08:00
40X0000000109347,K3 AYDEM ELEKTRİK PERAKENDE SATIŞ ANONİM ŞİRKETİ,unknown,2026-05-31 09:00:00+03:00,,334.94,chunk_0083.json,POST /v1/generation/data/dpp-bulk,2026-05-31 21:42:50.216869+00:00,5015009,LÜM_SAATLİK_AYDEM_GÜNEŞ,10934,2026-05-31T09:00:00+03:00,09:00
40X0000000109347,K3 AYDEM ELEKTRİK PERAKENDE SATIŞ ANONİM ŞİRKETİ,unknown,2026-05-31 10:00:00+03:00,,377.56,chunk_0083.json,POST /v1/generation/data/dpp-bulk,2026-05-31 21:42:50.216869+00:00,5015009,LÜM_SAATLİK_AYDEM_GÜNEŞ,10934,2026-05-31T10:00:00+03:00,10:00
40X0000000109347,K3 AYDEM ELEKTRİK PERAKENDE SATIŞ ANONİM ŞİRKETİ,unknown,2026-05-31 11:00:00+03:00,,401.55,chunk_0083.json,POST /v1/generation/data/dpp-bulk,2026-05-31 21:42:50.216869+00:00,5015009,LÜM_SAATLİK_AYDEM_GÜNEŞ,10934,2026-05-31T11:00:00+03:00,11:00
40X0000000109347,K3 AYDEM ELEKTRİK PERAKENDE SATIŞ ANONİM ŞİRKETİ,unknown,2026-05-31 12:00:00+03:00,,406.87,chunk_0083.json,POST /v1/generation/data/dpp-bulk,2026-05-31 21:42:50.216869+00:00,5015009,LÜM_SAATLİK_AYDEM_GÜNEŞ,10934,2026-05-31T12:00:00+03:00,12:00
40X0000000109347,K3 AYDEM ELEKTRİK PERAKENDE SATIŞ ANONİM ŞİRKETİ,unknown,2026-05-31 13:00:00+03:00,,395.98,chunk_0083.json,POST /v1/generation/data/dpp-bulk,2026-05-31 21:42:50.216869+00:00,5015009,LÜM_SAATLİK_AYDEM_GÜNEŞ,10934,2026-05-31T13:00:00+03:00,13:00
40X0000000109347,K3 AYDEM ELEKTRİK PERAKENDE SATIŞ ANONİM ŞİRKETİ,unknown,2026-05-31 14:00:00+03:00,,374.22,chunk_0083.json,POST /v1/generation/data/dpp-bulk,2026-05-31 21:42:50.216869+00:00,5015009,LÜM_SAATLİK_AYDEM_GÜNEŞ,10934,2026-05-31T14:00:00+03:00,14:00
40X0000000109347,K3 AYDEM ELEKTRİK PERAKENDE SATIŞ ANONİM ŞİRKETİ,unknown,2026-05-31 15:00:00+03:00,,314.79,chunk_0083.json,POST /v1/generation/data/dpp-bulk,2026-05-31 21:42:50.216869+00:00,5015009,LÜM_SAATLİK_AYDEM_GÜNEŞ,10934,2026-05-31T15:00:00+03:00,15:00
40X0000000109347,K3 AYDEM ELEKTRİK PERAKENDE SATIŞ ANONİM ŞİRKETİ,unknown,2026-05-31 16:00:00+03:00,,240.9,chunk_0083.json,POST /v1/generation/data/dpp-bulk,2026-05-31 21:42:50.216869+00:00,5015009,LÜM_SAATLİK_AYDEM_GÜNEŞ,10934,2026-05-31T16:00:00+03:00,16:00
40X0000000109347,K3 AYDEM ELEKTRİK PERAKENDE SATIŞ ANONİM ŞİRKETİ,unknown,2026-05-31 17:00:00+03:00,,148.56,chunk_0083.json,POST /v1/generation/data/dpp-bulk,2026-05-31 21:42:50.216869+00:00,5015009,LÜM_SAATLİK_AYDEM_GÜNEŞ,10934,2026-05-31T17:00:00+03:00,17:00
40X0000000109347,K3 AYDEM ELEKTRİK PERAKENDE SATIŞ ANONİM ŞİRKETİ,unknown,2026-05-31 18:00:00+03:00,,72.0,chunk_0083.json,POST /v1/generation/data/dpp-bulk,2026-05-31 21:42:50.216869+00:00,5015009,LÜM_SAATLİK_AYDEM_GÜNEŞ,10934,2026-05-31T18:00:00+03:00,18:00
40X0000000109347,K3 AYDEM ELEKTRİK PERAKENDE SATIŞ ANONİM ŞİRKETİ,unknown,2026-05-31 19:00:00+03:00,,20.82,chunk_0083.json,POST /v1/generation/data/dpp-bulk,2026-05-31 21:42:50.216869+00:00,5015009,LÜM_SAATLİK_AYDEM_GÜNEŞ,10934,2026-05-31T19:00:00+03:00,19:00
40X0000000109347,K3 AYDEM ELEKTRİK PERAKENDE SATIŞ ANONİM ŞİRKETİ,unknown,2026-05-31 20:00:00+03:00,,0.08,chunk_0083.json,POST /v1/generation/data/dpp-bulk,2026-05-31 21:42:50.216869+00:00,5015009,LÜM_SAATLİK_AYDEM_GÜNEŞ,10934,2026-05-31T20:00:00+03:00,20:00
40X0000000109347,K3 AYDEM ELEKTRİK PERAKENDE SATIŞ ANONİM ŞİRKETİ,unknown,2026-05-31 21:00:00+03:00,,0.06,chunk_0083.json,POST /v1/generation/data/dpp-bulk,2026-05-31 21:42:50.216869+00:00,5015009,LÜM_SAATLİK_AYDEM_GÜNEŞ,10934,2026-05-31T21:00:00+03:00,21:00
40X0000000109347,K3 AYDEM ELEKTRİK PERAKENDE SATIŞ ANONİM ŞİRKETİ,unknown,2026-05-31 22:00:00+03:00,,0.05,chunk_0083.json,POST /v1/generation/data/dpp-bulk,2026-05-31 21:42:50.216869+00:00,5015009,LÜM_SAATLİK_AYDEM_GÜNEŞ,10934,2026-05-31T22:00:00+03:00,22:00
40X0000000109347,K3 AYDEM ELEKTRİK PERAKENDE SATIŞ ANONİM ŞİRKETİ,unknown,2026-05-31 23:00:00+03:00,,0.05,chunk_0083.json,POST /v1/generation/data/dpp-bulk,2026-05-31 21:42:50.216869+00:00,5015009,LÜM_SAATLİK_AYDEM_GÜNEŞ,10934,2026-05-31T23:00:00+03:00,23:00
40X0000000109355,K3 GEDİZ ELEKTRİK PERAKENDE SATIŞ ANONİM ŞİRKETİ,unknown,2026-05-31 00:00:00+03:00,,0.0,chunk_0083.json,POST /v1/generation/data/dpp-bulk,2026-05-31 21:42:50.216869+00:00,5014960,LÜM_SAATLİK_GEDİZ_RÜZGAR,10935,2026-05-31T00:00:00+03:00,00:00
40X0000000109355,K3 GEDİZ ELEKTRİK PERAKENDE SATIŞ ANONİM ŞİRKETİ,unknown,2026-05-31 01:00:00+03:00,,0.0,chunk_0083.json,POST /v1/generation/data/dpp-bulk,2026-05-31 21:42:50.216869+00:00,5014960,LÜM_SAATLİK_GEDİZ_RÜZGAR,10935,2026-05-31T01:00:00+03:00,01:00
40X0000000109355,K3 GEDİZ ELEKTRİK PERAKENDE SATIŞ ANONİM ŞİRKETİ,unknown,2026-05-31 02:00:00+03:00,,0.0,chunk_0083.json,POST /v1/generation/data/dpp-bulk,2026-05-31 21:42:50.216869+00:00,5014960,LÜM_SAATLİK_GEDİZ_RÜZGAR,10935,2026-05-31T02:00:00+03:00,02:00
40X0000000109355,K3 GEDİZ ELEKTRİK PERAKENDE SATIŞ ANONİM ŞİRKETİ,unknown,2026-05-31 03:00:00+03:00,,0.0,chunk_0083.json,POST /v1/generation/data/dpp-bulk,2026-05-31 21:42:50.216869+00:00,5014960,LÜM_SAATLİK_GEDİZ_RÜZGAR,10935,2026-05-31T03:00:00+03:00,03:00
40X0000000109355,K3 GEDİZ ELEKTRİK PERAKENDE SATIŞ ANONİM ŞİRKETİ,unknown,2026-05-31 04:00:00+03:00,,0.0,chunk_0083.json,POST /v1/generation/data/dpp-bulk,2026-05-31 21:42:50.216869+00:00,5014960,LÜM_SAATLİK_GEDİZ_RÜZGAR,10935,2026-05-31T04:00:00+03:00,04:00
40X0000000109355,K3 GEDİZ ELEKTRİK PERAKENDE SATIŞ ANONİM ŞİRKETİ,unknown,2026-05-31 05:00:00+03:00,,0.0,chunk_0083.json,POST /v1/generation/data/dpp-bulk,2026-05-31 21:42:50.216869+00:00,5014960,LÜM_SAATLİK_GEDİZ_RÜZGAR,10935,2026-05-31T05:00:00+03:00,05:00
40X0000000109355,K3 GEDİZ ELEKTRİK PERAKENDE SATIŞ ANONİM ŞİRKETİ,unknown,2026-05-31 06:00:00+03:00,,0.0,chunk_0083.json,POST /v1/generation/data/dpp-bulk,2026-05-31 21:42:50.216869+00:00,5014960,LÜM_SAATLİK_GEDİZ_RÜZGAR,10935,2026-05-31T06:00:00+03:00,06:00
40X0000000109355,K3 GEDİZ ELEKTRİK PERAKENDE SATIŞ ANONİM ŞİRKETİ,unknown,2026-05-31 07:00:00+03:00,,0.0,chunk_0083.json,POST /v1/generation/data/dpp-bulk,2026-05-31 21:42:50.216869+00:00,5014960,LÜM_SAATLİK_GEDİZ_RÜZGAR,10935,2026-05-31T07:00:00+03:00,07:00
40X0000000109355,K3 GEDİZ ELEKTRİK PERAKENDE SATIŞ ANONİM ŞİRKETİ,unknown,2026-05-31 08:00:00+03:00,,0.0,chunk_0083.json,POST /v1/generation/data/dpp-bulk,2026-05-31 21:42:50.216869+00:00,5014960,LÜM_SAATLİK_GEDİZ_RÜZGAR,10935,2026-05-31T08:00:00+03:00,08:00
40X0000000109355,K3 GEDİZ ELEKTRİK PERAKENDE SATIŞ ANONİM ŞİRKETİ,unknown,2026-05-31 09:00:00+03:00,,0.0,chunk_0083.json,POST /v1/generation/data/dpp-bulk,2026-05-31 21:42:50.216869+00:00,5014960,LÜM_SAATLİK_GEDİZ_RÜZGAR,10935,2026-05-31T09:00:00+03:00,09:00
40X0000000109355,K3 GEDİZ ELEKTRİK PERAKENDE SATIŞ ANONİM ŞİRKETİ,unknown,2026-05-31 10:00:00+03:00,,0.0,chunk_0083.json,POST /v1/generation/data/dpp-bulk,2026-05-31 21:42:50.216869+00:00,5014960,LÜM_SAATLİK_GEDİZ_RÜZGAR,10935,2026-05-31T10:00:00+03:00,10:00
40X0000000109355,K3 GEDİZ ELEKTRİK PERAKENDE SATIŞ ANONİM ŞİRKETİ,unknown,2026-05-31 11:00:00+03:00,,0.0,chunk_0083.json,POST /v1/generation/data/dpp-bulk,2026-05-31 21:42:50.216869+00:00,5014960,LÜM_SAATLİK_GEDİZ_RÜZGAR,10935,2026-05-31T11:00:00+03:00,11:00
40X0000000109355,K3 GEDİZ ELEKTRİK PERAKENDE SATIŞ ANONİM ŞİRKETİ,unknown,2026-05-31 12:00:00+03:00,,0.0,chunk_0083.json,POST /v1/generation/data/dpp-bulk,2026-05-31 21:42:50.216869+00:00,5014960,LÜM_SAATLİK_GEDİZ_RÜZGAR,10935,2026-05-31T12:00:00+03:00,12:00
40X0000000109355,K3 GEDİZ ELEKTRİK PERAKENDE SATIŞ ANONİM ŞİRKETİ,unknown,2026-05-31 13:00:00+03:00,,0.0,chunk_0083.json,POST /v1/generation/data/dpp-bulk,2026-05-31 21:42:50.216869+00:00,5014960,LÜM_SAATLİK_GEDİZ_RÜZGAR,10935,2026-05-31T13:00:00+03:00,13:00
40X0000000109355,K3 GEDİZ ELEKTRİK PERAKENDE SATIŞ ANONİM ŞİRKETİ,unknown,2026-05-31 14:00:00+03:00,,0.0,chunk_0083.json,POST /v1/generation/data/dpp-bulk,2026-05-31 21:42:50.216869+00:00,5014960,LÜM_SAATLİK_GEDİZ_RÜZGAR,10935,2026-05-31T14:00:00+03:00,14:00
40X0000000109355,K3 GEDİZ ELEKTRİK PERAKENDE SATIŞ ANONİM ŞİRKETİ,unknown,2026-05-31 15:00:00+03:00,,0.0,chunk_0083.json,POST /v1/generation/data/dpp-bulk,2026-05-31 21:42:50.216869+00:00,5014960,LÜM_SAATLİK_GEDİZ_RÜZGAR,10935,2026-05-31T15:00:00+03:00,15:00
40X0000000109355,K3 GEDİZ ELEKTRİK PERAKENDE SATIŞ ANONİM ŞİRKETİ,unknown,2026-05-31 16:00:00+03:00,,0.0,chunk_0083.json,POST /v1/generation/data/dpp-bulk,2026-05-31 21:42:50.216869+00:00,5014960,LÜM_SAATLİK_GEDİZ_RÜZGAR,10935,2026-05-31T16:00:00+03:00,16:00
40X0000000109355,K3 GEDİZ ELEKTRİK PERAKENDE SATIŞ ANONİM ŞİRKETİ,unknown,2026-05-31 17:00:00+03:00,,0.0,chunk_0083.json,POST /v1/generation/data/dpp-bulk,2026-05-31 21:42:50.216869+00:00,5014960,LÜM_SAATLİK_GEDİZ_RÜZGAR,10935,2026-05-31T17:00:00+03:00,17:00
40X0000000109355,K3 GEDİZ ELEKTRİK PERAKENDE SATIŞ ANONİM ŞİRKETİ,unknown,2026-05-31 18:00:00+03:00,,0.0,chunk_0083.json,POST /v1/generation/data/dpp-bulk,2026-05-31 21:42:50.216869+00:00,5014960,LÜM_SAATLİK_GEDİZ_RÜZGAR,10935,2026-05-31T18:00:00+03:00,18:00
40X0000000109355,K3 GEDİZ ELEKTRİK PERAKENDE SATIŞ ANONİM ŞİRKETİ,unknown,2026-05-31 19:00:00+03:00,,0.0,chunk_0083.json,POST /v1/generation/data/dpp-bulk,2026-05-31 21:42:50.216869+00:00,5014960,LÜM_SAATLİK_GEDİZ_RÜZGAR,10935,2026-05-31T19:00:00+03:00,19:00
40X0000000109355,K3 GEDİZ ELEKTRİK PERAKENDE SATIŞ ANONİM ŞİRKETİ,unknown,2026-05-31 20:00:00+03:00,,0.0,chunk_0083.json,POST /v1/generation/data/dpp-bulk,2026-05-31 21:42:50.216869+00:00,5014960,LÜM_SAATLİK_GEDİZ_RÜZGAR,10935,2026-05-31T20:00:00+03:00,20:00
40X0000000109355,K3 GEDİZ ELEKTRİK PERAKENDE SATIŞ ANONİM ŞİRKETİ,unknown,2026-05-31 21:00:00+03:00,,0.0,chunk_0083.json,POST /v1/generation/data/dpp-bulk,2026-05-31 21:42:50.216869+00:00,5014960,LÜM_SAATLİK_GEDİZ_RÜZGAR,10935,2026-05-31T21:00:00+03:00,21:00
40X0000000109355,K3 GEDİZ ELEKTRİK PERAKENDE SATIŞ ANONİM ŞİRKETİ,unknown,2026-05-31 22:00:00+03:00,,0.0,chunk_0083.json,POST /v1/generation/data/dpp-bulk,2026-05-31 21:42:50.216869+00:00,5014960,LÜM_SAATLİK_GEDİZ_RÜZGAR,10935,2026-05-31T22:00:00+03:00,22:00
40X0000000109355,K3 GEDİZ ELEKTRİK PERAKENDE SATIŞ ANONİM ŞİRKETİ,unknown,2026-05-31 23:00:00+03:00,,0.0,chunk_0083.json,POST /v1/generation/data/dpp-bulk,2026-05-31 21:42:50.216869+00:00,5014960,LÜM_SAATLİK_GEDİZ_RÜZGAR,10935,2026-05-31T23:00:00+03:00,23:00
40X0000000109355,K3 GEDİZ ELEKTRİK PERAKENDE SATIŞ ANONİM ŞİRKETİ,unknown,2026-05-31 00:00:00+03:00,,1.4,chunk_0083.json,POST /v1/generation/data/dpp-bulk,2026-05-31 21:42:50.216869+00:00,5015038,LÜM_SAATLİK_GEDİZ_GÜNEŞ,10935,2026-05-31T00:00:00+03:00,00:00
40X0000000109355,K3 GEDİZ ELEKTRİK PERAKENDE SATIŞ ANONİM ŞİRKETİ,unknown,2026-05-31 01:00:00+03:00,,1.4,chunk_0083.json,POST /v1/generation/data/dpp-bulk,2026-05-31 21:42:50.216869+00:00,5015038,LÜM_SAATLİK_GEDİZ_GÜNEŞ,10935,2026-05-31T01:00:00+03:00,01:00
40X0000000109355,K3 GEDİZ ELEKTRİK PERAKENDE SATIŞ ANONİM ŞİRKETİ,unknown,2026-05-31 02:00:00+03:00,,1.4,chunk_0083.json,POST /v1/generation/data/dpp-bulk,2026-05-31 21:42:50.216869+00:00,5015038,LÜM_SAATLİK_GEDİZ_GÜNEŞ,10935,2026-05-31T02:00:00+03:00,02:00
40X0000000109355,K3 GEDİZ ELEKTRİK PERAKENDE SATIŞ ANONİM ŞİRKETİ,unknown,2026-05-31 03:00:00+03:00,,1.4,chunk_0083.json,POST /v1/generation/data/dpp-bulk,2026-05-31 21:42:50.216869+00:00,5015038,LÜM_SAATLİK_GEDİZ_GÜNEŞ,10935,2026-05-31T03:00:00+03:00,03:00
40X0000000109355,K3 GEDİZ ELEKTRİK PERAKENDE SATIŞ ANONİM ŞİRKETİ,unknown,2026-05-31 04:00:00+03:00,,1.4,chunk_0083.json,POST /v1/generation/data/dpp-bulk,2026-05-31 21:42:50.216869+00:00,5015038,LÜM_SAATLİK_GEDİZ_GÜNEŞ,10935,2026-05-31T04:00:00+03:00,04:00
40X0000000109355,K3 GEDİZ ELEKTRİK PERAKENDE SATIŞ ANONİM ŞİRKETİ,unknown,2026-05-31 05:00:00+03:00,,1.4,chunk_0083.json,POST /v1/generation/data/dpp-bulk,2026-05-31 21:42:50.216869+00:00,5015038,LÜM_SAATLİK_GEDİZ_GÜNEŞ,10935,2026-05-31T05:00:00+03:00,05:00
40X0000000109355,K3 GEDİZ ELEKTRİK PERAKENDE SATIŞ ANONİM ŞİRKETİ,unknown,2026-05-31 06:00:00+03:00,,63.13,chunk_0083.json,POST /v1/generation/data/dpp-bulk,2026-05-31 21:42:50.216869+00:00,5015038,LÜM_SAATLİK_GEDİZ_GÜNEŞ,10935,2026-05-31T06:00:00+03:00,06:00
40X0000000109355,K3 GEDİZ ELEKTRİK PERAKENDE SATIŞ ANONİM ŞİRKETİ,unknown,2026-05-31 07:00:00+03:00,,191.67,chunk_0083.json,POST /v1/generation/data/dpp-bulk,2026-05-31 21:42:50.216869+00:00,5015038,LÜM_SAATLİK_GEDİZ_GÜNEŞ,10935,2026-05-31T07:00:00+03:00,07:00
40X0000000109355,K3 GEDİZ ELEKTRİK PERAKENDE SATIŞ ANONİM ŞİRKETİ,unknown,2026-05-31 08:00:00+03:00,,417.89,chunk_0083.json,POST /v1/generation/data/dpp-bulk,2026-05-31 21:42:50.216869+00:00,5015038,LÜM_SAATLİK_GEDİZ_GÜNEŞ,10935,2026-05-31T08:00:00+03:00,08:00
40X0000000109355,K3 GEDİZ ELEKTRİK PERAKENDE SATIŞ ANONİM ŞİRKETİ,unknown,2026-05-31 09:00:00+03:00,,663.98,chunk_0083.json,POST /v1/generation/data/dpp-bulk,2026-05-31 21:42:50.216869+00:00,5015038,LÜM_SAATLİK_GEDİZ_GÜNEŞ,10935,2026-05-31T09:00:00+03:00,09:00
40X0000000109355,K3 GEDİZ ELEKTRİK PERAKENDE SATIŞ ANONİM ŞİRKETİ,unknown,2026-05-31 10:00:00+03:00,,846.88,chunk_0083.json,POST /v1/generation/data/dpp-bulk,2026-05-31 21:42:50.216869+00:00,5015038,LÜM_SAATLİK_GEDİZ_GÜNEŞ,10935,2026-05-31T10:00:00+03:00,10:00
40X0000000109355,K3 GEDİZ ELEKTRİK PERAKENDE SATIŞ ANONİM ŞİRKETİ,unknown,2026-05-31 11:00:00+03:00,,941.46,chunk_0083.json,POST /v1/generation/data/dpp-bulk,2026-05-31 21:42:50.216869+00:00,5015038,LÜM_SAATLİK_GEDİZ_GÜNEŞ,10935,2026-05-31T11:00:00+03:00,11:00
40X0000000109355,K3 GEDİZ ELEKTRİK PERAKENDE SATIŞ ANONİM ŞİRKETİ,unknown,2026-05-31 12:00:00+03:00,,983.19,chunk_0083.json,POST /v1/generation/data/dpp-bulk,2026-05-31 21:42:50.216869+00:00,5015038,LÜM_SAATLİK_GEDİZ_GÜNEŞ,10935,2026-05-31T12:00:00+03:00,12:00
40X0000000109355,K3 GEDİZ ELEKTRİK PERAKENDE SATIŞ ANONİM ŞİRKETİ,unknown,2026-05-31 13:00:00+03:00,,983.77,chunk_0083.json,POST /v1/generation/data/dpp-bulk,2026-05-31 21:42:50.216869+00:00,5015038,LÜM_SAATLİK_GEDİZ_GÜNEŞ,10935,2026-05-31T13:00:00+03:00,13:00
40X0000000109355,K3 GEDİZ ELEKTRİK PERAKENDE SATIŞ ANONİM ŞİRKETİ,unknown,2026-05-31 14:00:00+03:00,,942.99,chunk_0083.json,POST /v1/generation/data/dpp-bulk,2026-05-31 21:42:50.216869+00:00,5015038,LÜM_SAATLİK_GEDİZ_GÜNEŞ,10935,2026-05-31T14:00:00+03:00,14:00
40X0000000109355,K3 GEDİZ ELEKTRİK PERAKENDE SATIŞ ANONİM ŞİRKETİ,unknown,2026-05-31 15:00:00+03:00,,819.65,chunk_0083.json,POST /v1/generation/data/dpp-bulk,2026-05-31 21:42:50.216869+00:00,5015038,LÜM_SAATLİK_GEDİZ_GÜNEŞ,10935,2026-05-31T15:00:00+03:00,15:00
40X0000000109355,K3 GEDİZ ELEKTRİK PERAKENDE SATIŞ ANONİM ŞİRKETİ,unknown,2026-05-31 16:00:00+03:00,,664.7,chunk_0083.json,POST /v1/generation/data/dpp-bulk,2026-05-31 21:42:50.216869+00:00,5015038,LÜM_SAATLİK_GEDİZ_GÜNEŞ,10935,2026-05-31T16:00:00+03:00,16:00
40X0000000109355,K3 GEDİZ ELEKTRİK PERAKENDE SATIŞ ANONİM ŞİRKETİ,unknown,2026-05-31 17:00:00+03:00,,437.89,chunk_0083.json,POST /v1/generation/data/dpp-bulk,2026-05-31 21:42:50.216869+00:00,5015038,LÜM_SAATLİK_GEDİZ_GÜNEŞ,10935,2026-05-31T17:00:00+03:00,17:00
40X0000000109355,K3 GEDİZ ELEKTRİK PERAKENDE SATIŞ ANONİM ŞİRKETİ,unknown,2026-05-31 18:00:00+03:00,,212.41,chunk_0083.json,POST /v1/generation/data/dpp-bulk,2026-05-31 21:42:50.216869+00:00,5015038,LÜM_SAATLİK_GEDİZ_GÜNEŞ,10935,2026-05-31T18:00:00+03:00,18:00
40X0000000109355,K3 GEDİZ ELEKTRİK PERAKENDE SATIŞ ANONİM ŞİRKETİ,unknown,2026-05-31 19:00:00+03:00,,67.59,chunk_0083.json,POST /v1/generation/data/dpp-bulk,2026-05-31 21:42:50.216869+00:00,5015038,LÜM_SAATLİK_GEDİZ_GÜNEŞ,10935,2026-05-31T19:00:00+03:00,19:00
40X0000000109355,K3 GEDİZ ELEKTRİK PERAKENDE SATIŞ ANONİM ŞİRKETİ,unknown,2026-05-31 20:00:00+03:00,,1.4,chunk_0083.json,POST /v1/generation/data/dpp-bulk,2026-05-31 21:42:50.216869+00:00,5015038,LÜM_SAATLİK_GEDİZ_GÜNEŞ,10935,2026-05-31T20:00:00+03:00,20:00
40X0000000109355,K3 GEDİZ ELEKTRİK PERAKENDE SATIŞ ANONİM ŞİRKETİ,unknown,2026-05-31 21:00:00+03:00,,1.4,chunk_0083.json,POST /v1/generation/data/dpp-bulk,2026-05-31 21:42:50.216869+00:00,5015038,LÜM_SAATLİK_GEDİZ_GÜNEŞ,10935,2026-05-31T21:00:00+03:00,21:00
40X0000000109355,K3 GEDİZ ELEKTRİK PERAKENDE SATIŞ ANONİM ŞİRKETİ,unknown,2026-05-31 22:00:00+03:00,,1.4,chunk_0083.json,POST /v1/generation/data/dpp-bulk,2026-05-31 21:42:50.216869+00:00,5015038,LÜM_SAATLİK_GEDİZ_GÜNEŞ,10935,2026-05-31T22:00:00+03:00,22:00
40X0000000109355,K3 GEDİZ ELEKTRİK PERAKENDE SATIŞ ANONİM ŞİRKETİ,unknown,2026-05-31 23:00:00+03:00,,1.4,chunk_0083.json,POST /v1/generation/data/dpp-bulk,2026-05-31 21:42:50.216869+00:00,5015038,LÜM_SAATLİK_GEDİZ_GÜNEŞ,10935,2026-05-31T23:00:00+03:00,23:00
40X000000010939Y,K3 MERAM ELEKTRIK PERAKENDE SATIŞ A.Ş.,unknown,2026-05-31 00:00:00+03:00,,2.0,chunk_0083.json,POST /v1/generation/data/dpp-bulk,2026-05-31 21:42:50.216869+00:00,5014954,LÜM_SAATLİK_MERAM_GÜNEŞ,10939,2026-05-31T00:00:00+03:00,00:00
40X000000010939Y,K3 MERAM ELEKTRIK PERAKENDE SATIŞ A.Ş.,unknown,2026-05-31 01:00:00+03:00,,2.0,chunk_0083.json,POST /v1/generation/data/dpp-bulk,2026-05-31 21:42:50.216869+00:00,5014954,LÜM_SAATLİK_MERAM_GÜNEŞ,10939,2026-05-31T01:00:00+03:00,01:00
40X000000010939Y,K3 MERAM ELEKTRIK PERAKENDE SATIŞ A.Ş.,unknown,2026-05-31 02:00:00+03:00,,2.0,chunk_0083.json,POST /v1/generation/data/dpp-bulk,2026-05-31 21:42:50.216869+00:00,5014954,LÜM_SAATLİK_MERAM_GÜNEŞ,10939,2026-05-31T02:00:00+03:00,02:00
40X000000010939Y,K3 MERAM ELEKTRIK PERAKENDE SATIŞ A.Ş.,unknown,2026-05-31 03:00:00+03:00,,2.0,chunk_0083.json,POST /v1/generation/data/dpp-bulk,2026-05-31 21:42:50.216869+00:00,5014954,LÜM_SAATLİK_MERAM_GÜNEŞ,10939,2026-05-31T03:00:00+03:00,03:00
40X000000010939Y,K3 MERAM ELEKTRIK PERAKENDE SATIŞ A.Ş.,unknown,2026-05-31 04:00:00+03:00,,2.0,chunk_0083.json,POST /v1/generation/data/dpp-bulk,2026-05-31 21:42:50.216869+00:00,5014954,LÜM_SAATLİK_MERAM_GÜNEŞ,10939,2026-05-31T04:00:00+03:00,04:00
40X000000010939Y,K3 MERAM ELEKTRIK PERAKENDE SATIŞ A.Ş.,unknown,2026-05-31 05:00:00+03:00,,11.0,chunk_0083.json,POST /v1/generation/data/dpp-bulk,2026-05-31 21:42:50.216869+00:00,5014954,LÜM_SAATLİK_MERAM_GÜNEŞ,10939,2026-05-31T05:00:00+03:00,05:00
40X000000010939Y,K3 MERAM ELEKTRIK PERAKENDE SATIŞ A.Ş.,unknown,2026-05-31 06:00:00+03:00,,132.0,chunk_0083.json,POST /v1/generation/data/dpp-bulk,2026-05-31 21:42:50.216869+00:00,5014954,LÜM_SAATLİK_MERAM_GÜNEŞ,10939,2026-05-31T06:00:00+03:00,06:00
40X000000010939Y,K3 MERAM ELEKTRIK PERAKENDE SATIŞ A.Ş.,unknown,2026-05-31 07:00:00+03:00,,485.0,chunk_0083.json,POST /v1/generation/data/dpp-bulk,2026-05-31 21:42:50.216869+00:00,5014954,LÜM_SAATLİK_MERAM_GÜNEŞ,10939,2026-05-31T07:00:00+03:00,07:00
40X000000010939Y,K3 MERAM ELEKTRIK PERAKENDE SATIŞ A.Ş.,unknown,2026-05-31 08:00:00+03:00,,932.0,chunk_0083.json,POST /v1/generation/data/dpp-bulk,2026-05-31 21:42:50.216869+00:00,5014954,LÜM_SAATLİK_MERAM_GÜNEŞ,10939,2026-05-31T08:00:00+03:00,08:00
40X000000010939Y,K3 MERAM ELEKTRIK PERAKENDE SATIŞ A.Ş.,unknown,2026-05-31 09:00:00+03:00,,1308.0,chunk_0083.json,POST /v1/generation/data/dpp-bulk,2026-05-31 21:42:50.216869+00:00,5014954,LÜM_SAATLİK_MERAM_GÜNEŞ,10939,2026-05-31T09:00:00+03:00,09:00
40X000000010939Y,K3 MERAM ELEKTRIK PERAKENDE SATIŞ A.Ş.,unknown,2026-05-31 10:00:00+03:00,,1536.0,chunk_0083.json,POST /v1/generation/data/dpp-bulk,2026-05-31 21:42:50.216869+00:00,5014954,LÜM_SAATLİK_MERAM_GÜNEŞ,10939,2026-05-31T10:00:00+03:00,10:00
40X000000010939Y,K3 MERAM ELEKTRIK PERAKENDE SATIŞ A.Ş.,unknown,2026-05-31 11:00:00+03:00,,1613.0,chunk_0083.json,POST /v1/generation/data/dpp-bulk,2026-05-31 21:42:50.216869+00:00,5014954,LÜM_SAATLİK_MERAM_GÜNEŞ,10939,2026-05-31T11:00:00+03:00,11:00
40X000000010939Y,K3 MERAM ELEKTRIK PERAKENDE SATIŞ A.Ş.,unknown,2026-05-31 12:00:00+03:00,,1625.0,chunk_0083.json,POST /v1/generation/data/dpp-bulk,2026-05-31 21:42:50.216869+00:00,5014954,LÜM_SAATLİK_MERAM_GÜNEŞ,10939,2026-05-31T12:00:00+03:00,12:00
40X000000010939Y,K3 MERAM ELEKTRIK PERAKENDE SATIŞ A.Ş.,unknown,2026-05-31 13:00:00+03:00,,1540.0,chunk_0083.json,POST /v1/generation/data/dpp-bulk,2026-05-31 21:42:50.216869+00:00,5014954,LÜM_SAATLİK_MERAM_GÜNEŞ,10939,2026-05-31T13:00:00+03:00,13:00
40X000000010939Y,K3 MERAM ELEKTRIK PERAKENDE SATIŞ A.Ş.,unknown,2026-05-31 14:00:00+03:00,,1467.0,chunk_0083.json,POST /v1/generation/data/dpp-bulk,2026-05-31 21:42:50.216869+00:00,5014954,LÜM_SAATLİK_MERAM_GÜNEŞ,10939,2026-05-31T14:00:00+03:00,14:00
40X000000010939Y,K3 MERAM ELEKTRIK PERAKENDE SATIŞ A.Ş.,unknown,2026-05-31 15:00:00+03:00,,1256.0,chunk_0083.json,POST /v1/generation/data/dpp-bulk,2026-05-31 21:42:50.216869+00:00,5014954,LÜM_SAATLİK_MERAM_GÜNEŞ,10939,2026-05-31T15:00:00+03:00,15:00
40X000000010939Y,K3 MERAM ELEKTRIK PERAKENDE SATIŞ A.Ş.,unknown,2026-05-31 16:00:00+03:00,,943.0,chunk_0083.json,POST /v1/generation/data/dpp-bulk,2026-05-31 21:42:50.216869+00:00,5014954,LÜM_SAATLİK_MERAM_GÜNEŞ,10939,2026-05-31T16:00:00+03:00,16:00
40X000000010939Y,K3 MERAM ELEKTRIK PERAKENDE SATIŞ A.Ş.,unknown,2026-05-31 17:00:00+03:00,,572.0,chunk_0083.json,POST /v1/generation/data/dpp-bulk,2026-05-31 21:42:50.216869+00:00,5014954,LÜM_SAATLİK_MERAM_GÜNEŞ,10939,2026-05-31T17:00:00+03:00,17:00
40X000000010939Y,K3 MERAM ELEKTRIK PERAKENDE SATIŞ A.Ş.,unknown,2026-05-31 18:00:00+03:00,,207.0,chunk_0083.json,POST /v1/generation/data/dpp-bulk,2026-05-31 21:42:50.216869+00:00,5014954,LÜM_SAATLİK_MERAM_GÜNEŞ,10939,2026-05-31T18:00:00+03:00,18:00
40X000000010939Y,K3 MERAM ELEKTRIK PERAKENDE SATIŞ A.Ş.,unknown,2026-05-31 19:00:00+03:00,,25.0,chunk_0083.json,POST /v1/generation/data/dpp-bulk,2026-05-31 21:42:50.216869+00:00,5014954,LÜM_SAATLİK_MERAM_GÜNEŞ,10939,2026-05-31T19:00:00+03:00,19:00
40X000000010939Y,K3 MERAM ELEKTRIK PERAKENDE SATIŞ A.Ş.,unknown,2026-05-31 20:00:00+03:00,,0.0,chunk_0083.json,POST /v1/generation/data/dpp-bulk,2026-05-31 21:42:50.216869+00:00,5014954,LÜM_SAATLİK_MERAM_GÜNEŞ,10939,2026-05-31T20:00:00+03:00,20:00
40X000000010939Y,K3 MERAM ELEKTRIK PERAKENDE SATIŞ A.Ş.,unknown,2026-05-31 21:00:00+03:00,,0.0,chunk_0083.json,POST /v1/generation/data/dpp-bulk,2026-05-31 21:42:50.216869+00:00,5014954,LÜM_SAATLİK_MERAM_GÜNEŞ,10939,2026-05-31T21:00:00+03:00,21:00
40X000000010939Y,K3 MERAM ELEKTRIK PERAKENDE SATIŞ A.Ş.,unknown,2026-05-31 22:00:00+03:00,,0.0,chunk_0083.json,POST /v1/generation/data/dpp-bulk,2026-05-31 21:42:50.216869+00:00,5014954,LÜM_SAATLİK_MERAM_GÜNEŞ,10939,2026-05-31T22:00:00+03:00,22:00
40X000000010939Y,K3 MERAM ELEKTRIK PERAKENDE SATIŞ A.Ş.,unknown,2026-05-31 23:00:00+03:00,,0.0,chunk_0083.json,POST /v1/generation/data/dpp-bulk,2026-05-31 21:42:50.216869+00:00,5014954,LÜM_SAATLİK_MERAM_GÜNEŞ,10939,2026-05-31T23:00:00+03:00,23:00
40X000000010940C,K3 TÜRKERLER VANGÖLÜ ELEKTRİK PERAKENDE SATIŞ A.Ş.,unknown,2026-05-31 00:00:00+03:00,,0.0,chunk_0083.json,POST /v1/generation/data/dpp-bulk,2026-05-31 21:42:50.216869+00:00,5015055,LÜM_SAATLİK_VANGÖLÜ_GÜNEŞ,10940,2026-05-31T00:00:00+03:00,00:00
40X000000010940C,K3 TÜRKERLER VANGÖLÜ ELEKTRİK PERAKENDE SATIŞ A.Ş.,unknown,2026-05-31 01:00:00+03:00,,0.0,chunk_0083.json,POST /v1/generation/data/dpp-bulk,2026-05-31 21:42:50.216869+00:00,5015055,LÜM_SAATLİK_VANGÖLÜ_GÜNEŞ,10940,2026-05-31T01:00:00+03:00,01:00
40X000000010940C,K3 TÜRKERLER VANGÖLÜ ELEKTRİK PERAKENDE SATIŞ A.Ş.,unknown,2026-05-31 02:00:00+03:00,,0.0,chunk_0083.json,POST /v1/generation/data/dpp-bulk,2026-05-31 21:42:50.216869+00:00,5015055,LÜM_SAATLİK_VANGÖLÜ_GÜNEŞ,10940,2026-05-31T02:00:00+03:00,02:00
40X000000010940C,K3 TÜRKERLER VANGÖLÜ ELEKTRİK PERAKENDE SATIŞ A.Ş.,unknown,2026-05-31 03:00:00+03:00,,0.0,chunk_0083.json,POST /v1/generation/data/dpp-bulk,2026-05-31 21:42:50.216869+00:00,5015055,LÜM_SAATLİK_VANGÖLÜ_GÜNEŞ,10940,2026-05-31T03:00:00+03:00,03:00
40X000000010940C,K3 TÜRKERLER VANGÖLÜ ELEKTRİK PERAKENDE SATIŞ A.Ş.,unknown,2026-05-31 04:00:00+03:00,,0.0,chunk_0083.json,POST /v1/generation/data/dpp-bulk,2026-05-31 21:42:50.216869+00:00,5015055,LÜM_SAATLİK_VANGÖLÜ_GÜNEŞ,10940,2026-05-31T04:00:00+03:00,04:00
40X000000010940C,K3 TÜRKERLER VANGÖLÜ ELEKTRİK PERAKENDE SATIŞ A.Ş.,unknown,2026-05-31 05:00:00+03:00,,0.15,chunk_0083.json,POST /v1/generation/data/dpp-bulk,2026-05-31 21:42:50.216869+00:00,5015055,LÜM_SAATLİK_VANGÖLÜ_GÜNEŞ,10940,2026-05-31T05:00:00+03:00,05:00
40X000000010940C,K3 TÜRKERLER VANGÖLÜ ELEKTRİK PERAKENDE SATIŞ A.Ş.,unknown,2026-05-31 06:00:00+03:00,,1.11,chunk_0083.json,POST /v1/generation/data/dpp-bulk,2026-05-31 21:42:50.216869+00:00,5015055,LÜM_SAATLİK_VANGÖLÜ_GÜNEŞ,10940,2026-05-31T06:00:00+03:00,06:00
40X000000010940C,K3 TÜRKERLER VANGÖLÜ ELEKTRİK PERAKENDE SATIŞ A.Ş.,unknown,2026-05-31 07:00:00+03:00,,2.42,chunk_0083.json,POST /v1/generation/data/dpp-bulk,2026-05-31 21:42:50.216869+00:00,5015055,LÜM_SAATLİK_VANGÖLÜ_GÜNEŞ,10940,2026-05-31T07:00:00+03:00,07:00
40X000000010940C,K3 TÜRKERLER VANGÖLÜ ELEKTRİK PERAKENDE SATIŞ A.Ş.,unknown,2026-05-31 08:00:00+03:00,,3.4,chunk_0083.json,POST /v1/generation/data/dpp-bulk,2026-05-31 21:42:50.216869+00:00,5015055,LÜM_SAATLİK_VANGÖLÜ_GÜNEŞ,10940,2026-05-31T08:00:00+03:00,08:00
40X000000010940C,K3 TÜRKERLER VANGÖLÜ ELEKTRİK PERAKENDE SATIŞ A.Ş.,unknown,2026-05-31 09:00:00+03:00,,3.78,chunk_0083.json,POST /v1/generation/data/dpp-bulk,2026-05-31 21:42:50.216869+00:00,5015055,LÜM_SAATLİK_VANGÖLÜ_GÜNEŞ,10940,2026-05-31T09:00:00+03:00,09:00
40X000000010940C,K3 TÜRKERLER VANGÖLÜ ELEKTRİK PERAKENDE SATIŞ A.Ş.,unknown,2026-05-31 10:00:00+03:00,,4.0,chunk_0083.json,POST /v1/generation/data/dpp-bulk,2026-05-31 21:42:50.216869+00:00,5015055,LÜM_SAATLİK_VANGÖLÜ_GÜNEŞ,10940,2026-05-31T10:00:00+03:00,10:00
40X000000010940C,K3 TÜRKERLER VANGÖLÜ ELEKTRİK PERAKENDE SATIŞ A.Ş.,unknown,2026-05-31 11:00:00+03:00,,3.99,chunk_0083.json,POST /v1/generation/data/dpp-bulk,2026-05-31 21:42:50.216869+00:00,5015055,LÜM_SAATLİK_VANGÖLÜ_GÜNEŞ,10940,2026-05-31T11:00:00+03:00,11:00
40X000000010940C,K3 TÜRKERLER VANGÖLÜ ELEKTRİK PERAKENDE SATIŞ A.Ş.,unknown,2026-05-31 12:00:00+03:00,,4.17,chunk_0083.json,POST /v1/generation/data/dpp-bulk,2026-05-31 21:42:50.216869+00:00,5015055,LÜM_SAATLİK_VANGÖLÜ_GÜNEŞ,10940,2026-05-31T12:00:00+03:00,12:00
40X000000010940C,K3 TÜRKERLER VANGÖLÜ ELEKTRİK PERAKENDE SATIŞ A.Ş.,unknown,2026-05-31 13:00:00+03:00,,4.24,chunk_0083.json,POST /v1/generation/data/dpp-bulk,2026-05-31 21:42:50.216869+00:00,5015055,LÜM_SAATLİK_VANGÖLÜ_GÜNEŞ,10940,2026-05-31T13:00:00+03:00,13:00
40X000000010940C,K3 TÜRKERLER VANGÖLÜ ELEKTRİK PERAKENDE SATIŞ A.Ş.,unknown,2026-05-31 14:00:00+03:00,,4.0,chunk_0083.json,POST /v1/generation/data/dpp-bulk,2026-05-31 21:42:50.216869+00:00,5015055,LÜM_SAATLİK_VANGÖLÜ_GÜNEŞ,10940,2026-05-31T14:00:00+03:00,14:00
40X000000010940C,K3 TÜRKERLER VANGÖLÜ ELEKTRİK PERAKENDE SATIŞ A.Ş.,unknown,2026-05-31 15:00:00+03:00,,3.44,chunk_0083.json,POST /v1/generation/data/dpp-bulk,2026-05-31 21:42:50.216869+00:00,5015055,LÜM_SAATLİK_VANGÖLÜ_GÜNEŞ,10940,2026-05-31T15:00:00+03:00,15:00
40X000000010940C,K3 TÜRKERLER VANGÖLÜ ELEKTRİK PERAKENDE SATIŞ A.Ş.,unknown,2026-05-31 16:00:00+03:00,,2.46,chunk_0083.json,POST /v1/generation/data/dpp-bulk,2026-05-31 21:42:50.216869+00:00,5015055,LÜM_SAATLİK_VANGÖLÜ_GÜNEŞ,10940,2026-05-31T16:00:00+03:00,16:00
40X000000010940C,K3 TÜRKERLER VANGÖLÜ ELEKTRİK PERAKENDE SATIŞ A.Ş.,unknown,2026-05-31 17:00:00+03:00,,1.53,chunk_0083.json,POST /v1/generation/data/dpp-bulk,2026-05-31 21:42:50.216869+00:00,5015055,LÜM_SAATLİK_VANGÖLÜ_GÜNEŞ,10940,2026-05-31T17:00:00+03:00,17:00
40X000000010940C,K3 TÜRKERLER VANGÖLÜ ELEKTRİK PERAKENDE SATIŞ A.Ş.,unknown,2026-05-31 18:00:00+03:00,,0.93,chunk_0083.json,POST /v1/generation/data/dpp-bulk,2026-05-31 21:42:50.216869+00:00,5015055,LÜM_SAATLİK_VANGÖLÜ_GÜNEŞ,10940,2026-05-31T18:00:00+03:00,18:00
40X000000010940C,K3 TÜRKERLER VANGÖLÜ ELEKTRİK PERAKENDE SATIŞ A.Ş.,unknown,2026-05-31 19:00:00+03:00,,0.0,chunk_0083.json,POST /v1/generation/data/dpp-bulk,2026-05-31 21:42:50.216869+00:00,5015055,LÜM_SAATLİK_VANGÖLÜ_GÜNEŞ,10940,2026-05-31T19:00:00+03:00,19:00
40X000000010940C,K3 TÜRKERLER VANGÖLÜ ELEKTRİK PERAKENDE SATIŞ A.Ş.,unknown,2026-05-31 20:00:00+03:00,,0.0,chunk_0083.json,POST /v1/generation/data/dpp-bulk,2026-05-31 21:42:50.216869+00:00,5015055,LÜM_SAATLİK_VANGÖLÜ_GÜNEŞ,10940,2026-05-31T20:00:00+03:00,20:00
40X000000010940C,K3 TÜRKERLER VANGÖLÜ ELEKTRİK PERAKENDE SATIŞ A.Ş.,unknown,2026-05-31 21:00:00+03:00,,0.0,chunk_0083.json,POST /v1/generation/data/dpp-bulk,2026-05-31 21:42:50.216869+00:00,5015055,LÜM_SAATLİK_VANGÖLÜ_GÜNEŞ,10940,2026-05-31T21:00:00+03:00,21:00
40X000000010940C,K3 TÜRKERLER VANGÖLÜ ELEKTRİK PERAKENDE SATIŞ A.Ş.,unknown,2026-05-31 22:00:00+03:00,,0.0,chunk_0083.json,POST /v1/generation/data/dpp-bulk,2026-05-31 21:42:50.216869+00:00,5015055,LÜM_SAATLİK_VANGÖLÜ_GÜNEŞ,10940,2026-05-31T22:00:00+03:00,22:00
40X000000010940C,K3 TÜRKERLER VANGÖLÜ ELEKTRİK PERAKENDE SATIŞ A.Ş.,unknown,2026-05-31 23:00:00+03:00,,0.0,chunk_0083.json,POST /v1/generation/data/dpp-bulk,2026-05-31 21:42:50.216869+00:00,5015055,LÜM_SAATLİK_VANGÖLÜ_GÜNEŞ,10940,2026-05-31T23:00:00+03:00,23:00
40X0000000109428,K3 ARAS ELEKTRIK PERAKENDE SATIŞ A.Ş.,unknown,2026-05-31 00:00:00+03:00,,0.0,chunk_0083.json,POST /v1/generation/data/dpp-bulk,2026-05-31 21:42:50.216869+00:00,5015008,LÜM_SAATLİK_ARAS_GÜNEŞ,10942,2026-05-31T00:00:00+03:00,00:00
40X0000000109428,K3 ARAS ELEKTRIK PERAKENDE SATIŞ A.Ş.,unknown,2026-05-31 01:00:00+03:00,,0.0,chunk_0083.json,POST /v1/generation/data/dpp-bulk,2026-05-31 21:42:50.216869+00:00,5015008,LÜM_SAATLİK_ARAS_GÜNEŞ,10942,2026-05-31T01:00:00+03:00,01:00
40X0000000109428,K3 ARAS ELEKTRIK PERAKENDE SATIŞ A.Ş.,unknown,2026-05-31 02:00:00+03:00,,0.0,chunk_0083.json,POST /v1/generation/data/dpp-bulk,2026-05-31 21:42:50.216869+00:00,5015008,LÜM_SAATLİK_ARAS_GÜNEŞ,10942,2026-05-31T02:00:00+03:00,02:00
40X0000000109428,K3 ARAS ELEKTRIK PERAKENDE SATIŞ A.Ş.,unknown,2026-05-31 03:00:00+03:00,,0.0,chunk_0083.json,POST /v1/generation/data/dpp-bulk,2026-05-31 21:42:50.216869+00:00,5015008,LÜM_SAATLİK_ARAS_GÜNEŞ,10942,2026-05-31T03:00:00+03:00,03:00
40X0000000109428,K3 ARAS ELEKTRIK PERAKENDE SATIŞ A.Ş.,unknown,2026-05-31 04:00:00+03:00,,0.0,chunk_0083.json,POST /v1/generation/data/dpp-bulk,2026-05-31 21:42:50.216869+00:00,5015008,LÜM_SAATLİK_ARAS_GÜNEŞ,10942,2026-05-31T04:00:00+03:00,04:00
40X0000000109428,K3 ARAS ELEKTRIK PERAKENDE SATIŞ A.Ş.,unknown,2026-05-31 05:00:00+03:00,,34.0,chunk_0083.json,POST /v1/generation/data/dpp-bulk,2026-05-31 21:42:50.216869+00:00,5015008,LÜM_SAATLİK_ARAS_GÜNEŞ,10942,2026-05-31T05:00:00+03:00,05:00
40X0000000109428,K3 ARAS ELEKTRIK PERAKENDE SATIŞ A.Ş.,unknown,2026-05-31 06:00:00+03:00,,169.0,chunk_0083.json,POST /v1/generation/data/dpp-bulk,2026-05-31 21:42:50.216869+00:00,5015008,LÜM_SAATLİK_ARAS_GÜNEŞ,10942,2026-05-31T06:00:00+03:00,06:00
40X0000000109428,K3 ARAS ELEKTRIK PERAKENDE SATIŞ A.Ş.,unknown,2026-05-31 07:00:00+03:00,,310.0,chunk_0083.json,POST /v1/generation/data/dpp-bulk,2026-05-31 21:42:50.216869+00:00,5015008,LÜM_SAATLİK_ARAS_GÜNEŞ,10942,2026-05-31T07:00:00+03:00,07:00
40X0000000109428,K3 ARAS ELEKTRIK PERAKENDE SATIŞ A.Ş.,unknown,2026-05-31 08:00:00+03:00,,414.0,chunk_0083.json,POST /v1/generation/data/dpp-bulk,2026-05-31 21:42:50.216869+00:00,5015008,LÜM_SAATLİK_ARAS_GÜNEŞ,10942,2026-05-31T08:00:00+03:00,08:00
40X0000000109428,K3 ARAS ELEKTRIK PERAKENDE SATIŞ A.Ş.,unknown,2026-05-31 09:00:00+03:00,,534.0,chunk_0083.json,POST /v1/generation/data/dpp-bulk,2026-05-31 21:42:50.216869+00:00,5015008,LÜM_SAATLİK_ARAS_GÜNEŞ,10942,2026-05-31T09:00:00+03:00,09:00
40X0000000109428,K3 ARAS ELEKTRIK PERAKENDE SATIŞ A.Ş.,unknown,2026-05-31 10:00:00+03:00,,536.0,chunk_0083.json,POST /v1/generation/data/dpp-bulk,2026-05-31 21:42:50.216869+00:00,5015008,LÜM_SAATLİK_ARAS_GÜNEŞ,10942,2026-05-31T10:00:00+03:00,10:00
40X0000000109428,K3 ARAS ELEKTRIK PERAKENDE SATIŞ A.Ş.,unknown,2026-05-31 11:00:00+03:00,,545.0,chunk_0083.json,POST /v1/generation/data/dpp-bulk,2026-05-31 21:42:50.216869+00:00,5015008,LÜM_SAATLİK_ARAS_GÜNEŞ,10942,2026-05-31T11:00:00+03:00,11:00
40X0000000109428,K3 ARAS ELEKTRIK PERAKENDE SATIŞ A.Ş.,unknown,2026-05-31 12:00:00+03:00,,531.0,chunk_0083.json,POST /v1/generation/data/dpp-bulk,2026-05-31 21:42:50.216869+00:00,5015008,LÜM_SAATLİK_ARAS_GÜNEŞ,10942,2026-05-31T12:00:00+03:00,12:00
40X0000000109428,K3 ARAS ELEKTRIK PERAKENDE SATIŞ A.Ş.,unknown,2026-05-31 13:00:00+03:00,,530.0,chunk_0083.json,POST /v1/generation/data/dpp-bulk,2026-05-31 21:42:50.216869+00:00,5015008,LÜM_SAATLİK_ARAS_GÜNEŞ,10942,2026-05-31T13:00:00+03:00,13:00
40X0000000109428,K3 ARAS ELEKTRIK PERAKENDE SATIŞ A.Ş.,unknown,2026-05-31 14:00:00+03:00,,495.0,chunk_0083.json,POST /v1/generation/data/dpp-bulk,2026-05-31 21:42:50.216869+00:00,5015008,LÜM_SAATLİK_ARAS_GÜNEŞ,10942,2026-05-31T14:00:00+03:00,14:00
40X0000000109428,K3 ARAS ELEKTRIK PERAKENDE SATIŞ A.Ş.,unknown,2026-05-31 15:00:00+03:00,,449.0,chunk_0083.json,POST /v1/generation/data/dpp-bulk,2026-05-31 21:42:50.216869+00:00,5015008,LÜM_SAATLİK_ARAS_GÜNEŞ,10942,2026-05-31T15:00:00+03:00,15:00
40X0000000109428,K3 ARAS ELEKTRIK PERAKENDE SATIŞ A.Ş.,unknown,2026-05-31 16:00:00+03:00,,346.0,chunk_0083.json,POST /v1/generation/data/dpp-bulk,2026-05-31 21:42:50.216869+00:00,5015008,LÜM_SAATLİK_ARAS_GÜNEŞ,10942,2026-05-31T16:00:00+03:00,16:00
40X0000000109428,K3 ARAS ELEKTRIK PERAKENDE SATIŞ A.Ş.,unknown,2026-05-31 17:00:00+03:00,,178.0,chunk_0083.json,POST /v1/generation/data/dpp-bulk,2026-05-31 21:42:50.216869+00:00,5015008,LÜM_SAATLİK_ARAS_GÜNEŞ,10942,2026-05-31T17:00:00+03:00,17:00
40X0000000109428,K3 ARAS ELEKTRIK PERAKENDE SATIŞ A.Ş.,unknown,2026-05-31 18:00:00+03:00,,92.0,chunk_0083.json,POST /v1/generation/data/dpp-bulk,2026-05-31 21:42:50.216869+00:00,5015008,LÜM_SAATLİK_ARAS_GÜNEŞ,10942,2026-05-31T18:00:00+03:00,18:00
40X0000000109428,K3 ARAS ELEKTRIK PERAKENDE SATIŞ A.Ş.,unknown,2026-05-31 19:00:00+03:00,,2.0,chunk_0083.json,POST /v1/generation/data/dpp-bulk,2026-05-31 21:42:50.216869+00:00,5015008,LÜM_SAATLİK_ARAS_GÜNEŞ,10942,2026-05-31T19:00:00+03:00,19:00
40X0000000109428,K3 ARAS ELEKTRIK PERAKENDE SATIŞ A.Ş.,unknown,2026-05-31 20:00:00+03:00,,0.0,chunk_0083.json,POST /v1/generation/data/dpp-bulk,2026-05-31 21:42:50.216869+00:00,5015008,LÜM_SAATLİK_ARAS_GÜNEŞ,10942,2026-05-31T20:00:00+03:00,20:00
40X0000000109428,K3 ARAS ELEKTRIK PERAKENDE SATIŞ A.Ş.,unknown,2026-05-31 21:00:00+03:00,,0.0,chunk_0083.json,POST /v1/generation/data/dpp-bulk,2026-05-31 21:42:50.216869+00:00,5015008,LÜM_SAATLİK_ARAS_GÜNEŞ,10942,2026-05-31T21:00:00+03:00,21:00
40X0000000109428,K3 ARAS ELEKTRIK PERAKENDE SATIŞ A.Ş.,unknown,2026-05-31 22:00:00+03:00,,0.0,chunk_0083.json,POST /v1/generation/data/dpp-bulk,2026-05-31 21:42:50.216869+00:00,5015008,LÜM_SAATLİK_ARAS_GÜNEŞ,10942,2026-05-31T22:00:00+03:00,22:00
40X0000000109428,K3 ARAS ELEKTRIK PERAKENDE SATIŞ A.Ş.,unknown,2026-05-31 23:00:00+03:00,,0.0,chunk_0083.json,POST /v1/generation/data/dpp-bulk,2026-05-31 21:42:50.216869+00:00,5015008,LÜM_SAATLİK_ARAS_GÜNEŞ,10942,2026-05-31T23:00:00+03:00,23:00
40X0000000109436,K3 ENERJİSA İSTANBUL ANADOLU YAKASI ELEKTRİK PERAKENDE SATIŞ ANONİM ŞİRKETİ,unknown,2026-05-31 00:00:00+03:00,,0.12,chunk_0083.json,POST /v1/generation/data/dpp-bulk,2026-05-31 21:42:50.216869+00:00,5015030,LÜM_SAATLİK_AYEDAŞ_GÜNEŞ,10943,2026-05-31T00:00:00+03:00,00:00
40X0000000109436,K3 ENERJİSA İSTANBUL ANADOLU YAKASI ELEKTRİK PERAKENDE SATIŞ ANONİM ŞİRKETİ,unknown,2026-05-31 01:00:00+03:00,,0.12,chunk_0083.json,POST /v1/generation/data/dpp-bulk,2026-05-31 21:42:50.216869+00:00,5015030,LÜM_SAATLİK_AYEDAŞ_GÜNEŞ,10943,2026-05-31T01:00:00+03:00,01:00
40X0000000109436,K3 ENERJİSA İSTANBUL ANADOLU YAKASI ELEKTRİK PERAKENDE SATIŞ ANONİM ŞİRKETİ,unknown,2026-05-31 02:00:00+03:00,,0.13,chunk_0083.json,POST /v1/generation/data/dpp-bulk,2026-05-31 21:42:50.216869+00:00,5015030,LÜM_SAATLİK_AYEDAŞ_GÜNEŞ,10943,2026-05-31T02:00:00+03:00,02:00
40X0000000109436,K3 ENERJİSA İSTANBUL ANADOLU YAKASI ELEKTRİK PERAKENDE SATIŞ ANONİM ŞİRKETİ,unknown,2026-05-31 03:00:00+03:00,,0.13,chunk_0083.json,POST /v1/generation/data/dpp-bulk,2026-05-31 21:42:50.216869+00:00,5015030,LÜM_SAATLİK_AYEDAŞ_GÜNEŞ,10943,2026-05-31T03:00:00+03:00,03:00
40X0000000109436,K3 ENERJİSA İSTANBUL ANADOLU YAKASI ELEKTRİK PERAKENDE SATIŞ ANONİM ŞİRKETİ,unknown,2026-05-31 04:00:00+03:00,,0.13,chunk_0083.json,POST /v1/generation/data/dpp-bulk,2026-05-31 21:42:50.216869+00:00,5015030,LÜM_SAATLİK_AYEDAŞ_GÜNEŞ,10943,2026-05-31T04:00:00+03:00,04:00
40X0000000109436,K3 ENERJİSA İSTANBUL ANADOLU YAKASI ELEKTRİK PERAKENDE SATIŞ ANONİM ŞİRKETİ,unknown,2026-05-31 05:00:00+03:00,,0.14,chunk_0083.json,POST /v1/generation/data/dpp-bulk,2026-05-31 21:42:50.216869+00:00,5015030,LÜM_SAATLİK_AYEDAŞ_GÜNEŞ,10943,2026-05-31T05:00:00+03:00,05:00
40X0000000109436,K3 ENERJİSA İSTANBUL ANADOLU YAKASI ELEKTRİK PERAKENDE SATIŞ ANONİM ŞİRKETİ,unknown,2026-05-31 06:00:00+03:00,,0.58,chunk_0083.json,POST /v1/generation/data/dpp-bulk,2026-05-31 21:42:50.216869+00:00,5015030,LÜM_SAATLİK_AYEDAŞ_GÜNEŞ,10943,2026-05-31T06:00:00+03:00,06:00
40X0000000109436,K3 ENERJİSA İSTANBUL ANADOLU YAKASI ELEKTRİK PERAKENDE SATIŞ ANONİM ŞİRKETİ,unknown,2026-05-31 07:00:00+03:00,,3.96,chunk_0083.json,POST /v1/generation/data/dpp-bulk,2026-05-31 21:42:50.216869+00:00,5015030,LÜM_SAATLİK_AYEDAŞ_GÜNEŞ,10943,2026-05-31T07:00:00+03:00,07:00
40X0000000109436,K3 ENERJİSA İSTANBUL ANADOLU YAKASI ELEKTRİK PERAKENDE SATIŞ ANONİM ŞİRKETİ,unknown,2026-05-31 08:00:00+03:00,,9.11,chunk_0083.json,POST /v1/generation/data/dpp-bulk,2026-05-31 21:42:50.216869+00:00,5015030,LÜM_SAATLİK_AYEDAŞ_GÜNEŞ,10943,2026-05-31T08:00:00+03:00,08:00
40X0000000109436,K3 ENERJİSA İSTANBUL ANADOLU YAKASI ELEKTRİK PERAKENDE SATIŞ ANONİM ŞİRKETİ,unknown,2026-05-31 09:00:00+03:00,,15.09,chunk_0083.json,POST /v1/generation/data/dpp-bulk,2026-05-31 21:42:50.216869+00:00,5015030,LÜM_SAATLİK_AYEDAŞ_GÜNEŞ,10943,2026-05-31T09:00:00+03:00,09:00
40X0000000109436,K3 ENERJİSA İSTANBUL ANADOLU YAKASI ELEKTRİK PERAKENDE SATIŞ ANONİM ŞİRKETİ,unknown,2026-05-31 10:00:00+03:00,,18.59,chunk_0083.json,POST /v1/generation/data/dpp-bulk,2026-05-31 21:42:50.216869+00:00,5015030,LÜM_SAATLİK_AYEDAŞ_GÜNEŞ,10943,2026-05-31T10:00:00+03:00,10:00
40X0000000109436,K3 ENERJİSA İSTANBUL ANADOLU YAKASI ELEKTRİK PERAKENDE SATIŞ ANONİM ŞİRKETİ,unknown,2026-05-31 11:00:00+03:00,,20.29,chunk_0083.json,POST /v1/generation/data/dpp-bulk,2026-05-31 21:42:50.216869+00:00,5015030,LÜM_SAATLİK_AYEDAŞ_GÜNEŞ,10943,2026-05-31T11:00:00+03:00,11:00
40X0000000109436,K3 ENERJİSA İSTANBUL ANADOLU YAKASI ELEKTRİK PERAKENDE SATIŞ ANONİM ŞİRKETİ,unknown,2026-05-31 12:00:00+03:00,,20.14,chunk_0083.json,POST /v1/generation/data/dpp-bulk,2026-05-31 21:42:50.216869+00:00,5015030,LÜM_SAATLİK_AYEDAŞ_GÜNEŞ,10943,2026-05-31T12:00:00+03:00,12:00
40X0000000109436,K3 ENERJİSA İSTANBUL ANADOLU YAKASI ELEKTRİK PERAKENDE SATIŞ ANONİM ŞİRKETİ,unknown,2026-05-31 13:00:00+03:00,,9.06,chunk_0083.json,POST /v1/generation/data/dpp-bulk,2026-05-31 21:42:50.216869+00:00,5015030,LÜM_SAATLİK_AYEDAŞ_GÜNEŞ,10943,2026-05-31T13:00:00+03:00,13:00
40X0000000109436,K3 ENERJİSA İSTANBUL ANADOLU YAKASI ELEKTRİK PERAKENDE SATIŞ ANONİM ŞİRKETİ,unknown,2026-05-31 14:00:00+03:00,,6.63,chunk_0083.json,POST /v1/generation/data/dpp-bulk,2026-05-31 21:42:50.216869+00:00,5015030,LÜM_SAATLİK_AYEDAŞ_GÜNEŞ,10943,2026-05-31T14:00:00+03:00,14:00
40X0000000109436,K3 ENERJİSA İSTANBUL ANADOLU YAKASI ELEKTRİK PERAKENDE SATIŞ ANONİM ŞİRKETİ,unknown,2026-05-31 15:00:00+03:00,,6.1,chunk_0083.json,POST /v1/generation/data/dpp-bulk,2026-05-31 21:42:50.216869+00:00,5015030,LÜM_SAATLİK_AYEDAŞ_GÜNEŞ,10943,2026-05-31T15:00:00+03:00,15:00
40X0000000109436,K3 ENERJİSA İSTANBUL ANADOLU YAKASI ELEKTRİK PERAKENDE SATIŞ ANONİM ŞİRKETİ,unknown,2026-05-31 16:00:00+03:00,,11.43,chunk_0083.json,POST /v1/generation/data/dpp-bulk,2026-05-31 21:42:50.216869+00:00,5015030,LÜM_SAATLİK_AYEDAŞ_GÜNEŞ,10943,2026-05-31T16:00:00+03:00,16:00
40X0000000109436,K3 ENERJİSA İSTANBUL ANADOLU YAKASI ELEKTRİK PERAKENDE SATIŞ ANONİM ŞİRKETİ,unknown,2026-05-31 17:00:00+03:00,,7.41,chunk_0083.json,POST /v1/generation/data/dpp-bulk,2026-05-31 21:42:50.216869+00:00,5015030,LÜM_SAATLİK_AYEDAŞ_GÜNEŞ,10943,2026-05-31T17:00:00+03:00,17:00
40X0000000109436,K3 ENERJİSA İSTANBUL ANADOLU YAKASI ELEKTRİK PERAKENDE SATIŞ ANONİM ŞİRKETİ,unknown,2026-05-31 18:00:00+03:00,,4.39,chunk_0083.json,POST /v1/generation/data/dpp-bulk,2026-05-31 21:42:50.216869+00:00,5015030,LÜM_SAATLİK_AYEDAŞ_GÜNEŞ,10943,2026-05-31T18:00:00+03:00,18:00
40X0000000109436,K3 ENERJİSA İSTANBUL ANADOLU YAKASI ELEKTRİK PERAKENDE SATIŞ ANONİM ŞİRKETİ,unknown,2026-05-31 19:00:00+03:00,,0.76,chunk_0083.json,POST /v1/generation/data/dpp-bulk,2026-05-31 21:42:50.216869+00:00,5015030,LÜM_SAATLİK_AYEDAŞ_GÜNEŞ,10943,2026-05-31T19:00:00+03:00,19:00
40X0000000109436,K3 ENERJİSA İSTANBUL ANADOLU YAKASI ELEKTRİK PERAKENDE SATIŞ ANONİM ŞİRKETİ,unknown,2026-05-31 20:00:00+03:00,,0.18,chunk_0083.json,POST /v1/generation/data/dpp-bulk,2026-05-31 21:42:50.216869+00:00,5015030,LÜM_SAATLİK_AYEDAŞ_GÜNEŞ,10943,2026-05-31T20:00:00+03:00,20:00
40X0000000109436,K3 ENERJİSA İSTANBUL ANADOLU YAKASI ELEKTRİK PERAKENDE SATIŞ ANONİM ŞİRKETİ,unknown,2026-05-31 21:00:00+03:00,,0.13,chunk_0083.json,POST /v1/generation/data/dpp-bulk,2026-05-31 21:42:50.216869+00:00,5015030,LÜM_SAATLİK_AYEDAŞ_GÜNEŞ,10943,2026-05-31T21:00:00+03:00,21:00
40X0000000109436,K3 ENERJİSA İSTANBUL ANADOLU YAKASI ELEKTRİK PERAKENDE SATIŞ ANONİM ŞİRKETİ,unknown,2026-05-31 22:00:00+03:00,,0.13,chunk_0083.json,POST /v1/generation/data/dpp-bulk,2026-05-31 21:42:50.216869+00:00,5015030,LÜM_SAATLİK_AYEDAŞ_GÜNEŞ,10943,2026-05-31T22:00:00+03:00,22:00
40X0000000109436,K3 ENERJİSA İSTANBUL ANADOLU YAKASI ELEKTRİK PERAKENDE SATIŞ ANONİM ŞİRKETİ,unknown,2026-05-31 23:00:00+03:00,,0.13,chunk_0083.json,POST /v1/generation/data/dpp-bulk,2026-05-31 21:42:50.216869+00:00,5015030,LÜM_SAATLİK_AYEDAŞ_GÜNEŞ,10943,2026-05-31T23:00:00+03:00,23:00
40X0000000109444,K3 ENERJİSA BAŞKENT ELEKTRİK PERAKENDE SATIŞ ANONİM ŞİRKETİ,unknown,2026-05-31 00:00:00+03:00,,0.0,chunk_0083.json,POST /v1/generation/data/dpp-bulk,2026-05-31 21:42:50.216869+00:00,5014946,LÜM_SAATLİK_BAŞKENT_GÜNEŞ,10944,2026-05-31T00:00:00+03:00,00:00
40X0000000109444,K3 ENERJİSA BAŞKENT ELEKTRİK PERAKENDE SATIŞ ANONİM ŞİRKETİ,unknown,2026-05-31 01:00:00+03:00,,0.0,chunk_0083.json,POST /v1/generation/data/dpp-bulk,2026-05-31 21:42:50.216869+00:00,5014946,LÜM_SAATLİK_BAŞKENT_GÜNEŞ,10944,2026-05-31T01:00:00+03:00,01:00
40X0000000109444,K3 ENERJİSA BAŞKENT ELEKTRİK PERAKENDE SATIŞ ANONİM ŞİRKETİ,unknown,2026-05-31 02:00:00+03:00,,0.0,chunk_0083.json,POST /v1/generation/data/dpp-bulk,2026-05-31 21:42:50.216869+00:00,5014946,LÜM_SAATLİK_BAŞKENT_GÜNEŞ,10944,2026-05-31T02:00:00+03:00,02:00
40X0000000109444,K3 ENERJİSA BAŞKENT ELEKTRİK PERAKENDE SATIŞ ANONİM ŞİRKETİ,unknown,2026-05-31 03:00:00+03:00,,0.0,chunk_0083.json,POST /v1/generation/data/dpp-bulk,2026-05-31 21:42:50.216869+00:00,5014946,LÜM_SAATLİK_BAŞKENT_GÜNEŞ,10944,2026-05-31T03:00:00+03:00,03:00
40X0000000109444,K3 ENERJİSA BAŞKENT ELEKTRİK PERAKENDE SATIŞ ANONİM ŞİRKETİ,unknown,2026-05-31 04:00:00+03:00,,0.0,chunk_0083.json,POST /v1/generation/data/dpp-bulk,2026-05-31 21:42:50.216869+00:00,5014946,LÜM_SAATLİK_BAŞKENT_GÜNEŞ,10944,2026-05-31T04:00:00+03:00,04:00
40X0000000109444,K3 ENERJİSA BAŞKENT ELEKTRİK PERAKENDE SATIŞ ANONİM ŞİRKETİ,unknown,2026-05-31 05:00:00+03:00,,13.83,chunk_0083.json,POST /v1/generation/data/dpp-bulk,2026-05-31 21:42:50.216869+00:00,5014946,LÜM_SAATLİK_BAŞKENT_GÜNEŞ,10944,2026-05-31T05:00:00+03:00,05:00
40X0000000109444,K3 ENERJİSA BAŞKENT ELEKTRİK PERAKENDE SATIŞ ANONİM ŞİRKETİ,unknown,2026-05-31 06:00:00+03:00,,98.01,chunk_0083.json,POST /v1/generation/data/dpp-bulk,2026-05-31 21:42:50.216869+00:00,5014946,LÜM_SAATLİK_BAŞKENT_GÜNEŞ,10944,2026-05-31T06:00:00+03:00,06:00
40X0000000109444,K3 ENERJİSA BAŞKENT ELEKTRİK PERAKENDE SATIŞ ANONİM ŞİRKETİ,unknown,2026-05-31 07:00:00+03:00,,290.1,chunk_0083.json,POST /v1/generation/data/dpp-bulk,2026-05-31 21:42:50.216869+00:00,5014946,LÜM_SAATLİK_BAŞKENT_GÜNEŞ,10944,2026-05-31T07:00:00+03:00,07:00
40X0000000109444,K3 ENERJİSA BAŞKENT ELEKTRİK PERAKENDE SATIŞ ANONİM ŞİRKETİ,unknown,2026-05-31 08:00:00+03:00,,535.61,chunk_0083.json,POST /v1/generation/data/dpp-bulk,2026-05-31 21:42:50.216869+00:00,5014946,LÜM_SAATLİK_BAŞKENT_GÜNEŞ,10944,2026-05-31T08:00:00+03:00,08:00
40X0000000109444,K3 ENERJİSA BAŞKENT ELEKTRİK PERAKENDE SATIŞ ANONİM ŞİRKETİ,unknown,2026-05-31 09:00:00+03:00,,737.5,chunk_0083.json,POST /v1/generation/data/dpp-bulk,2026-05-31 21:42:50.216869+00:00,5014946,LÜM_SAATLİK_BAŞKENT_GÜNEŞ,10944,2026-05-31T09:00:00+03:00,09:00
40X0000000109444,K3 ENERJİSA BAŞKENT ELEKTRİK PERAKENDE SATIŞ ANONİM ŞİRKETİ,unknown,2026-05-31 10:00:00+03:00,,852.81,chunk_0083.json,POST /v1/generation/data/dpp-bulk,2026-05-31 21:42:50.216869+00:00,5014946,LÜM_SAATLİK_BAŞKENT_GÜNEŞ,10944,2026-05-31T10:00:00+03:00,10:00
40X0000000109444,K3 ENERJİSA BAŞKENT ELEKTRİK PERAKENDE SATIŞ ANONİM ŞİRKETİ,unknown,2026-05-31 11:00:00+03:00,,901.55,chunk_0083.json,POST /v1/generation/data/dpp-bulk,2026-05-31 21:42:50.216869+00:00,5014946,LÜM_SAATLİK_BAŞKENT_GÜNEŞ,10944,2026-05-31T11:00:00+03:00,11:00
40X0000000109444,K3 ENERJİSA BAŞKENT ELEKTRİK PERAKENDE SATIŞ ANONİM ŞİRKETİ,unknown,2026-05-31 12:00:00+03:00,,901.59,chunk_0083.json,POST /v1/generation/data/dpp-bulk,2026-05-31 21:42:50.216869+00:00,5014946,LÜM_SAATLİK_BAŞKENT_GÜNEŞ,10944,2026-05-31T12:00:00+03:00,12:00
40X0000000109444,K3 ENERJİSA BAŞKENT ELEKTRİK PERAKENDE SATIŞ ANONİM ŞİRKETİ,unknown,2026-05-31 13:00:00+03:00,,846.77,chunk_0083.json,POST /v1/generation/data/dpp-bulk,2026-05-31 21:42:50.216869+00:00,5014946,LÜM_SAATLİK_BAŞKENT_GÜNEŞ,10944,2026-05-31T13:00:00+03:00,13:00
40X0000000109444,K3 ENERJİSA BAŞKENT ELEKTRİK PERAKENDE SATIŞ ANONİM ŞİRKETİ,unknown,2026-05-31 14:00:00+03:00,,747.42,chunk_0083.json,POST /v1/generation/data/dpp-bulk,2026-05-31 21:42:50.216869+00:00,5014946,LÜM_SAATLİK_BAŞKENT_GÜNEŞ,10944,2026-05-31T14:00:00+03:00,14:00
40X0000000109444,K3 ENERJİSA BAŞKENT ELEKTRİK PERAKENDE SATIŞ ANONİM ŞİRKETİ,unknown,2026-05-31 15:00:00+03:00,,619.68,chunk_0083.json,POST /v1/generation/data/dpp-bulk,2026-05-31 21:42:50.216869+00:00,5014946,LÜM_SAATLİK_BAŞKENT_GÜNEŞ,10944,2026-05-31T15:00:00+03:00,15:00
40X0000000109444,K3 ENERJİSA BAŞKENT ELEKTRİK PERAKENDE SATIŞ ANONİM ŞİRKETİ,unknown,2026-05-31 16:00:00+03:00,,475.35,chunk_0083.json,POST /v1/generation/data/dpp-bulk,2026-05-31 21:42:50.216869+00:00,5014946,LÜM_SAATLİK_BAŞKENT_GÜNEŞ,10944,2026-05-31T16:00:00+03:00,16:00
40X0000000109444,K3 ENERJİSA BAŞKENT ELEKTRİK PERAKENDE SATIŞ ANONİM ŞİRKETİ,unknown,2026-05-31 17:00:00+03:00,,308.76,chunk_0083.json,POST /v1/generation/data/dpp-bulk,2026-05-31 21:42:50.216869+00:00,5014946,LÜM_SAATLİK_BAŞKENT_GÜNEŞ,10944,2026-05-31T17:00:00+03:00,17:00
40X0000000109444,K3 ENERJİSA BAŞKENT ELEKTRİK PERAKENDE SATIŞ ANONİM ŞİRKETİ,unknown,2026-05-31 18:00:00+03:00,,141.64,chunk_0083.json,POST /v1/generation/data/dpp-bulk,2026-05-31 21:42:50.216869+00:00,5014946,LÜM_SAATLİK_BAŞKENT_GÜNEŞ,10944,2026-05-31T18:00:00+03:00,18:00
40X0000000109444,K3 ENERJİSA BAŞKENT ELEKTRİK PERAKENDE SATIŞ ANONİM ŞİRKETİ,unknown,2026-05-31 19:00:00+03:00,,29.62,chunk_0083.json,POST /v1/generation/data/dpp-bulk,2026-05-31 21:42:50.216869+00:00,5014946,LÜM_SAATLİK_BAŞKENT_GÜNEŞ,10944,2026-05-31T19:00:00+03:00,19:00
40X0000000109444,K3 ENERJİSA BAŞKENT ELEKTRİK PERAKENDE SATIŞ ANONİM ŞİRKETİ,unknown,2026-05-31 20:00:00+03:00,,0.0,chunk_0083.json,POST /v1/generation/data/dpp-bulk,2026-05-31 21:42:50.216869+00:00,5014946,LÜM_SAATLİK_BAŞKENT_GÜNEŞ,10944,2026-05-31T20:00:00+03:00,20:00
40X0000000109444,K3 ENERJİSA BAŞKENT ELEKTRİK PERAKENDE SATIŞ ANONİM ŞİRKETİ,unknown,2026-05-31 21:00:00+03:00,,0.0,chunk_0083.json,POST /v1/generation/data/dpp-bulk,2026-05-31 21:42:50.216869+00:00,5014946,LÜM_SAATLİK_BAŞKENT_GÜNEŞ,10944,2026-05-31T21:00:00+03:00,21:00
40X0000000109444,K3 ENERJİSA BAŞKENT ELEKTRİK PERAKENDE SATIŞ ANONİM ŞİRKETİ,unknown,2026-05-31 22:00:00+03:00,,0.0,chunk_0083.json,POST /v1/generation/data/dpp-bulk,2026-05-31 21:42:50.216869+00:00,5014946,LÜM_SAATLİK_BAŞKENT_GÜNEŞ,10944,2026-05-31T22:00:00+03:00,22:00
40X0000000109444,K3 ENERJİSA BAŞKENT ELEKTRİK PERAKENDE SATIŞ ANONİM ŞİRKETİ,unknown,2026-05-31 23:00:00+03:00,,0.0,chunk_0083.json,POST /v1/generation/data/dpp-bulk,2026-05-31 21:42:50.216869+00:00,5014946,LÜM_SAATLİK_BAŞKENT_GÜNEŞ,10944,2026-05-31T23:00:00+03:00,23:00
40X000000010949V,K3 CK ÇAMLIBEL ELEKTRİK PERAKENDE SATIŞ A.Ş.,unknown,2026-05-31 00:00:00+03:00,,1.25,chunk_0083.json,POST /v1/generation/data/dpp-bulk,2026-05-31 21:42:50.216869+00:00,5015014,LÜM_SAATLİK_ÇAMLIBEL_GÜNEŞ,10949,2026-05-31T00:00:00+03:00,00:00
40X000000010949V,K3 CK ÇAMLIBEL ELEKTRİK PERAKENDE SATIŞ A.Ş.,unknown,2026-05-31 01:00:00+03:00,,1.25,chunk_0083.json,POST /v1/generation/data/dpp-bulk,2026-05-31 21:42:50.216869+00:00,5015014,LÜM_SAATLİK_ÇAMLIBEL_GÜNEŞ,10949,2026-05-31T01:00:00+03:00,01:00
40X000000010949V,K3 CK ÇAMLIBEL ELEKTRİK PERAKENDE SATIŞ A.Ş.,unknown,2026-05-31 02:00:00+03:00,,1.25,chunk_0083.json,POST /v1/generation/data/dpp-bulk,2026-05-31 21:42:50.216869+00:00,5015014,LÜM_SAATLİK_ÇAMLIBEL_GÜNEŞ,10949,2026-05-31T02:00:00+03:00,02:00
40X000000010949V,K3 CK ÇAMLIBEL ELEKTRİK PERAKENDE SATIŞ A.Ş.,unknown,2026-05-31 03:00:00+03:00,,1.25,chunk_0083.json,POST /v1/generation/data/dpp-bulk,2026-05-31 21:42:50.216869+00:00,5015014,LÜM_SAATLİK_ÇAMLIBEL_GÜNEŞ,10949,2026-05-31T03:00:00+03:00,03:00
40X000000010949V,K3 CK ÇAMLIBEL ELEKTRİK PERAKENDE SATIŞ A.Ş.,unknown,2026-05-31 04:00:00+03:00,,1.25,chunk_0083.json,POST /v1/generation/data/dpp-bulk,2026-05-31 21:42:50.216869+00:00,5015014,LÜM_SAATLİK_ÇAMLIBEL_GÜNEŞ,10949,2026-05-31T04:00:00+03:00,04:00
40X000000010949V,K3 CK ÇAMLIBEL ELEKTRİK PERAKENDE SATIŞ A.Ş.,unknown,2026-05-31 05:00:00+03:00,,6.91,chunk_0083.json,POST /v1/generation/data/dpp-bulk,2026-05-31 21:42:50.216869+00:00,5015014,LÜM_SAATLİK_ÇAMLIBEL_GÜNEŞ,10949,2026-05-31T05:00:00+03:00,05:00
40X000000010949V,K3 CK ÇAMLIBEL ELEKTRİK PERAKENDE SATIŞ A.Ş.,unknown,2026-05-31 06:00:00+03:00,,44.92,chunk_0083.json,POST /v1/generation/data/dpp-bulk,2026-05-31 21:42:50.216869+00:00,5015014,LÜM_SAATLİK_ÇAMLIBEL_GÜNEŞ,10949,2026-05-31T06:00:00+03:00,06:00
40X000000010949V,K3 CK ÇAMLIBEL ELEKTRİK PERAKENDE SATIŞ A.Ş.,unknown,2026-05-31 07:00:00+03:00,,138.27,chunk_0083.json,POST /v1/generation/data/dpp-bulk,2026-05-31 21:42:50.216869+00:00,5015014,LÜM_SAATLİK_ÇAMLIBEL_GÜNEŞ,10949,2026-05-31T07:00:00+03:00,07:00
40X000000010949V,K3 CK ÇAMLIBEL ELEKTRİK PERAKENDE SATIŞ A.Ş.,unknown,2026-05-31 08:00:00+03:00,,251.17,chunk_0083.json,POST /v1/generation/data/dpp-bulk,2026-05-31 21:42:50.216869+00:00,5015014,LÜM_SAATLİK_ÇAMLIBEL_GÜNEŞ,10949,2026-05-31T08:00:00+03:00,08:00
40X000000010949V,K3 CK ÇAMLIBEL ELEKTRİK PERAKENDE SATIŞ A.Ş.,unknown,2026-05-31 09:00:00+03:00,,335.23,chunk_0083.json,POST /v1/generation/data/dpp-bulk,2026-05-31 21:42:50.216869+00:00,5015014,LÜM_SAATLİK_ÇAMLIBEL_GÜNEŞ,10949,2026-05-31T09:00:00+03:00,09:00
40X000000010949V,K3 CK ÇAMLIBEL ELEKTRİK PERAKENDE SATIŞ A.Ş.,unknown,2026-05-31 10:00:00+03:00,,374.18,chunk_0083.json,POST /v1/generation/data/dpp-bulk,2026-05-31 21:42:50.216869+00:00,5015014,LÜM_SAATLİK_ÇAMLIBEL_GÜNEŞ,10949,2026-05-31T10:00:00+03:00,10:00
40X000000010949V,K3 CK ÇAMLIBEL ELEKTRİK PERAKENDE SATIŞ A.Ş.,unknown,2026-05-31 11:00:00+03:00,,368.4,chunk_0083.json,POST /v1/generation/data/dpp-bulk,2026-05-31 21:42:50.216869+00:00,5015014,LÜM_SAATLİK_ÇAMLIBEL_GÜNEŞ,10949,2026-05-31T11:00:00+03:00,11:00
40X000000010949V,K3 CK ÇAMLIBEL ELEKTRİK PERAKENDE SATIŞ A.Ş.,unknown,2026-05-31 12:00:00+03:00,,356.91,chunk_0083.json,POST /v1/generation/data/dpp-bulk,2026-05-31 21:42:50.216869+00:00,5015014,LÜM_SAATLİK_ÇAMLIBEL_GÜNEŞ,10949,2026-05-31T12:00:00+03:00,12:00
40X000000010949V,K3 CK ÇAMLIBEL ELEKTRİK PERAKENDE SATIŞ A.Ş.,unknown,2026-05-31 13:00:00+03:00,,327.5,chunk_0083.json,POST /v1/generation/data/dpp-bulk,2026-05-31 21:42:50.216869+00:00,5015014,LÜM_SAATLİK_ÇAMLIBEL_GÜNEŞ,10949,2026-05-31T13:00:00+03:00,13:00
40X000000010949V,K3 CK ÇAMLIBEL ELEKTRİK PERAKENDE SATIŞ A.Ş.,unknown,2026-05-31 14:00:00+03:00,,294.96,chunk_0083.json,POST /v1/generation/data/dpp-bulk,2026-05-31 21:42:50.216869+00:00,5015014,LÜM_SAATLİK_ÇAMLIBEL_GÜNEŞ,10949,2026-05-31T14:00:00+03:00,14:00
40X000000010949V,K3 CK ÇAMLIBEL ELEKTRİK PERAKENDE SATIŞ A.Ş.,unknown,2026-05-31 15:00:00+03:00,,246.96,chunk_0083.json,POST /v1/generation/data/dpp-bulk,2026-05-31 21:42:50.216869+00:00,5015014,LÜM_SAATLİK_ÇAMLIBEL_GÜNEŞ,10949,2026-05-31T15:00:00+03:00,15:00
40X000000010949V,K3 CK ÇAMLIBEL ELEKTRİK PERAKENDE SATIŞ A.Ş.,unknown,2026-05-31 16:00:00+03:00,,189.04,chunk_0083.json,POST /v1/generation/data/dpp-bulk,2026-05-31 21:42:50.216869+00:00,5015014,LÜM_SAATLİK_ÇAMLIBEL_GÜNEŞ,10949,2026-05-31T16:00:00+03:00,16:00
40X000000010949V,K3 CK ÇAMLIBEL ELEKTRİK PERAKENDE SATIŞ A.Ş.,unknown,2026-05-31 17:00:00+03:00,,109.37,chunk_0083.json,POST /v1/generation/data/dpp-bulk,2026-05-31 21:42:50.216869+00:00,5015014,LÜM_SAATLİK_ÇAMLIBEL_GÜNEŞ,10949,2026-05-31T17:00:00+03:00,17:00
40X000000010949V,K3 CK ÇAMLIBEL ELEKTRİK PERAKENDE SATIŞ A.Ş.,unknown,2026-05-31 18:00:00+03:00,,37.25,chunk_0083.json,POST /v1/generation/data/dpp-bulk,2026-05-31 21:42:50.216869+00:00,5015014,LÜM_SAATLİK_ÇAMLIBEL_GÜNEŞ,10949,2026-05-31T18:00:00+03:00,18:00
40X000000010949V,K3 CK ÇAMLIBEL ELEKTRİK PERAKENDE SATIŞ A.Ş.,unknown,2026-05-31 19:00:00+03:00,,7.28,chunk_0083.json,POST /v1/generation/data/dpp-bulk,2026-05-31 21:42:50.216869+00:00,5015014,LÜM_SAATLİK_ÇAMLIBEL_GÜNEŞ,10949,2026-05-31T19:00:00+03:00,19:00
40X000000010949V,K3 CK ÇAMLIBEL ELEKTRİK PERAKENDE SATIŞ A.Ş.,unknown,2026-05-31 20:00:00+03:00,,1.25,chunk_0083.json,POST /v1/generation/data/dpp-bulk,2026-05-31 21:42:50.216869+00:00,5015014,LÜM_SAATLİK_ÇAMLIBEL_GÜNEŞ,10949,2026-05-31T20:00:00+03:00,20:00
40X000000010949V,K3 CK ÇAMLIBEL ELEKTRİK PERAKENDE SATIŞ A.Ş.,unknown,2026-05-31 21:00:00+03:00,,1.25,chunk_0083.json,POST /v1/generation/data/dpp-bulk,2026-05-31 21:42:50.216869+00:00,5015014,LÜM_SAATLİK_ÇAMLIBEL_GÜNEŞ,10949,2026-05-31T21:00:00+03:00,21:00
40X000000010949V,K3 CK ÇAMLIBEL ELEKTRİK PERAKENDE SATIŞ A.Ş.,unknown,2026-05-31 22:00:00+03:00,,1.25,chunk_0083.json,POST /v1/generation/data/dpp-bulk,2026-05-31 21:42:50.216869+00:00,5015014,LÜM_SAATLİK_ÇAMLIBEL_GÜNEŞ,10949,2026-05-31T22:00:00+03:00,22:00
40X000000010949V,K3 CK ÇAMLIBEL ELEKTRİK PERAKENDE SATIŞ A.Ş.,unknown,2026-05-31 23:00:00+03:00,,1.25,chunk_0083.json,POST /v1/generation/data/dpp-bulk,2026-05-31 21:42:50.216869+00:00,5015014,LÜM_SAATLİK_ÇAMLIBEL_GÜNEŞ,10949,2026-05-31T23:00:00+03:00,23:00
40X0000000109541,K3 AKEDAŞ ELEKTRİK PERAKENDE SATIŞ A.Ş.,unknown,2026-05-31 00:00:00+03:00,,0.0,chunk_0083.json,POST /v1/generation/data/dpp-bulk,2026-05-31 21:42:50.216869+00:00,5014945,LÜM_SAATLİK_AKEDAŞ_GÜNEŞ,10954,2026-05-31T00:00:00+03:00,00:00
40X0000000109541,K3 AKEDAŞ ELEKTRİK PERAKENDE SATIŞ A.Ş.,unknown,2026-05-31 01:00:00+03:00,,0.0,chunk_0083.json,POST /v1/generation/data/dpp-bulk,2026-05-31 21:42:50.216869+00:00,5014945,LÜM_SAATLİK_AKEDAŞ_GÜNEŞ,10954,2026-05-31T01:00:00+03:00,01:00
40X0000000109541,K3 AKEDAŞ ELEKTRİK PERAKENDE SATIŞ A.Ş.,unknown,2026-05-31 02:00:00+03:00,,0.0,chunk_0083.json,POST /v1/generation/data/dpp-bulk,2026-05-31 21:42:50.216869+00:00,5014945,LÜM_SAATLİK_AKEDAŞ_GÜNEŞ,10954,2026-05-31T02:00:00+03:00,02:00
40X0000000109541,K3 AKEDAŞ ELEKTRİK PERAKENDE SATIŞ A.Ş.,unknown,2026-05-31 03:00:00+03:00,,0.0,chunk_0083.json,POST /v1/generation/data/dpp-bulk,2026-05-31 21:42:50.216869+00:00,5014945,LÜM_SAATLİK_AKEDAŞ_GÜNEŞ,10954,2026-05-31T03:00:00+03:00,03:00
40X0000000109541,K3 AKEDAŞ ELEKTRİK PERAKENDE SATIŞ A.Ş.,unknown,2026-05-31 04:00:00+03:00,,0.0,chunk_0083.json,POST /v1/generation/data/dpp-bulk,2026-05-31 21:42:50.216869+00:00,5014945,LÜM_SAATLİK_AKEDAŞ_GÜNEŞ,10954,2026-05-31T04:00:00+03:00,04:00
40X0000000109541,K3 AKEDAŞ ELEKTRİK PERAKENDE SATIŞ A.Ş.,unknown,2026-05-31 05:00:00+03:00,,3.14,chunk_0083.json,POST /v1/generation/data/dpp-bulk,2026-05-31 21:42:50.216869+00:00,5014945,LÜM_SAATLİK_AKEDAŞ_GÜNEŞ,10954,2026-05-31T05:00:00+03:00,05:00
40X0000000109541,K3 AKEDAŞ ELEKTRİK PERAKENDE SATIŞ A.Ş.,unknown,2026-05-31 06:00:00+03:00,,35.81,chunk_0083.json,POST /v1/generation/data/dpp-bulk,2026-05-31 21:42:50.216869+00:00,5014945,LÜM_SAATLİK_AKEDAŞ_GÜNEŞ,10954,2026-05-31T06:00:00+03:00,06:00
40X0000000109541,K3 AKEDAŞ ELEKTRİK PERAKENDE SATIŞ A.Ş.,unknown,2026-05-31 07:00:00+03:00,,108.08,chunk_0083.json,POST /v1/generation/data/dpp-bulk,2026-05-31 21:42:50.216869+00:00,5014945,LÜM_SAATLİK_AKEDAŞ_GÜNEŞ,10954,2026-05-31T07:00:00+03:00,07:00
40X0000000109541,K3 AKEDAŞ ELEKTRİK PERAKENDE SATIŞ A.Ş.,unknown,2026-05-31 08:00:00+03:00,,179.47,chunk_0083.json,POST /v1/generation/data/dpp-bulk,2026-05-31 21:42:50.216869+00:00,5014945,LÜM_SAATLİK_AKEDAŞ_GÜNEŞ,10954,2026-05-31T08:00:00+03:00,08:00
40X0000000109541,K3 AKEDAŞ ELEKTRİK PERAKENDE SATIŞ A.Ş.,unknown,2026-05-31 09:00:00+03:00,,224.62,chunk_0083.json,POST /v1/generation/data/dpp-bulk,2026-05-31 21:42:50.216869+00:00,5014945,LÜM_SAATLİK_AKEDAŞ_GÜNEŞ,10954,2026-05-31T09:00:00+03:00,09:00
40X0000000109541,K3 AKEDAŞ ELEKTRİK PERAKENDE SATIŞ A.Ş.,unknown,2026-05-31 10:00:00+03:00,,248.16,chunk_0083.json,POST /v1/generation/data/dpp-bulk,2026-05-31 21:42:50.216869+00:00,5014945,LÜM_SAATLİK_AKEDAŞ_GÜNEŞ,10954,2026-05-31T10:00:00+03:00,10:00
40X0000000109541,K3 AKEDAŞ ELEKTRİK PERAKENDE SATIŞ A.Ş.,unknown,2026-05-31 11:00:00+03:00,,260.32,chunk_0083.json,POST /v1/generation/data/dpp-bulk,2026-05-31 21:42:50.216869+00:00,5014945,LÜM_SAATLİK_AKEDAŞ_GÜNEŞ,10954,2026-05-31T11:00:00+03:00,11:00
40X0000000109541,K3 AKEDAŞ ELEKTRİK PERAKENDE SATIŞ A.Ş.,unknown,2026-05-31 12:00:00+03:00,,265.49,chunk_0083.json,POST /v1/generation/data/dpp-bulk,2026-05-31 21:42:50.216869+00:00,5014945,LÜM_SAATLİK_AKEDAŞ_GÜNEŞ,10954,2026-05-31T12:00:00+03:00,12:00
40X0000000109541,K3 AKEDAŞ ELEKTRİK PERAKENDE SATIŞ A.Ş.,unknown,2026-05-31 13:00:00+03:00,,261.14,chunk_0083.json,POST /v1/generation/data/dpp-bulk,2026-05-31 21:42:50.216869+00:00,5014945,LÜM_SAATLİK_AKEDAŞ_GÜNEŞ,10954,2026-05-31T13:00:00+03:00,13:00
40X0000000109541,K3 AKEDAŞ ELEKTRİK PERAKENDE SATIŞ A.Ş.,unknown,2026-05-31 14:00:00+03:00,,251.08,chunk_0083.json,POST /v1/generation/data/dpp-bulk,2026-05-31 21:42:50.216869+00:00,5014945,LÜM_SAATLİK_AKEDAŞ_GÜNEŞ,10954,2026-05-31T14:00:00+03:00,14:00
40X0000000109541,K3 AKEDAŞ ELEKTRİK PERAKENDE SATIŞ A.Ş.,unknown,2026-05-31 15:00:00+03:00,,222.64,chunk_0083.json,POST /v1/generation/data/dpp-bulk,2026-05-31 21:42:50.216869+00:00,5014945,LÜM_SAATLİK_AKEDAŞ_GÜNEŞ,10954,2026-05-31T15:00:00+03:00,15:00
40X0000000109541,K3 AKEDAŞ ELEKTRİK PERAKENDE SATIŞ A.Ş.,unknown,2026-05-31 16:00:00+03:00,,173.75,chunk_0083.json,POST /v1/generation/data/dpp-bulk,2026-05-31 21:42:50.216869+00:00,5014945,LÜM_SAATLİK_AKEDAŞ_GÜNEŞ,10954,2026-05-31T16:00:00+03:00,16:00
40X0000000109541,K3 AKEDAŞ ELEKTRİK PERAKENDE SATIŞ A.Ş.,unknown,2026-05-31 17:00:00+03:00,,96.25,chunk_0083.json,POST /v1/generation/data/dpp-bulk,2026-05-31 21:42:50.216869+00:00,5014945,LÜM_SAATLİK_AKEDAŞ_GÜNEŞ,10954,2026-05-31T17:00:00+03:00,17:00
40X0000000109541,K3 AKEDAŞ ELEKTRİK PERAKENDE SATIŞ A.Ş.,unknown,2026-05-31 18:00:00+03:00,,30.58,chunk_0083.json,POST /v1/generation/data/dpp-bulk,2026-05-31 21:42:50.216869+00:00,5014945,LÜM_SAATLİK_AKEDAŞ_GÜNEŞ,10954,2026-05-31T18:00:00+03:00,18:00
40X0000000109541,K3 AKEDAŞ ELEKTRİK PERAKENDE SATIŞ A.Ş.,unknown,2026-05-31 19:00:00+03:00,,4.51,chunk_0083.json,POST /v1/generation/data/dpp-bulk,2026-05-31 21:42:50.216869+00:00,5014945,LÜM_SAATLİK_AKEDAŞ_GÜNEŞ,10954,2026-05-31T19:00:00+03:00,19:00
40X0000000109541,K3 AKEDAŞ ELEKTRİK PERAKENDE SATIŞ A.Ş.,unknown,2026-05-31 20:00:00+03:00,,0.0,chunk_0083.json,POST /v1/generation/data/dpp-bulk,2026-05-31 21:42:50.216869+00:00,5014945,LÜM_SAATLİK_AKEDAŞ_GÜNEŞ,10954,2026-05-31T20:00:00+03:00,20:00
40X0000000109541,K3 AKEDAŞ ELEKTRİK PERAKENDE SATIŞ A.Ş.,unknown,2026-05-31 21:00:00+03:00,,0.0,chunk_0083.json,POST /v1/generation/data/dpp-bulk,2026-05-31 21:42:50.216869+00:00,5014945,LÜM_SAATLİK_AKEDAŞ_GÜNEŞ,10954,2026-05-31T21:00:00+03:00,21:00
40X0000000109541,K3 AKEDAŞ ELEKTRİK PERAKENDE SATIŞ A.Ş.,unknown,2026-05-31 22:00:00+03:00,,0.0,chunk_0083.json,POST /v1/generation/data/dpp-bulk,2026-05-31 21:42:50.216869+00:00,5014945,LÜM_SAATLİK_AKEDAŞ_GÜNEŞ,10954,2026-05-31T22:00:00+03:00,22:00
40X0000000109541,K3 AKEDAŞ ELEKTRİK PERAKENDE SATIŞ A.Ş.,unknown,2026-05-31 23:00:00+03:00,,0.0,chunk_0083.json,POST /v1/generation/data/dpp-bulk,2026-05-31 21:42:50.216869+00:00,5014945,LÜM_SAATLİK_AKEDAŞ_GÜNEŞ,10954,2026-05-31T23:00:00+03:00,23:00
40X100000010955N,K3 YEŞİLIRMAK ELEKTRİK PERAKENDE SATIŞ A.Ş.,unknown,2026-05-31 00:00:00+03:00,,0.0,chunk_0083.json,POST /v1/generation/data/dpp-bulk,2026-05-31 21:42:50.216869+00:00,5015057,LÜM_SAATLİK_YEŞİLIRMAK_GÜNEŞ,10955,2026-05-31T00:00:00+03:00,00:00
40X100000010955N,K3 YEŞİLIRMAK ELEKTRİK PERAKENDE SATIŞ A.Ş.,unknown,2026-05-31 01:00:00+03:00,,0.0,chunk_0083.json,POST /v1/generation/data/dpp-bulk,2026-05-31 21:42:50.216869+00:00,5015057,LÜM_SAATLİK_YEŞİLIRMAK_GÜNEŞ,10955,2026-05-31T01:00:00+03:00,01:00
40X100000010955N,K3 YEŞİLIRMAK ELEKTRİK PERAKENDE SATIŞ A.Ş.,unknown,2026-05-31 02:00:00+03:00,,0.0,chunk_0083.json,POST /v1/generation/data/dpp-bulk,2026-05-31 21:42:50.216869+00:00,5015057,LÜM_SAATLİK_YEŞİLIRMAK_GÜNEŞ,10955,2026-05-31T02:00:00+03:00,02:00
40X100000010955N,K3 YEŞİLIRMAK ELEKTRİK PERAKENDE SATIŞ A.Ş.,unknown,2026-05-31 03:00:00+03:00,,0.0,chunk_0083.json,POST /v1/generation/data/dpp-bulk,2026-05-31 21:42:50.216869+00:00,5015057,LÜM_SAATLİK_YEŞİLIRMAK_GÜNEŞ,10955,2026-05-31T03:00:00+03:00,03:00
40X100000010955N,K3 YEŞİLIRMAK ELEKTRİK PERAKENDE SATIŞ A.Ş.,unknown,2026-05-31 04:00:00+03:00,,0.0,chunk_0083.json,POST /v1/generation/data/dpp-bulk,2026-05-31 21:42:50.216869+00:00,5015057,LÜM_SAATLİK_YEŞİLIRMAK_GÜNEŞ,10955,2026-05-31T04:00:00+03:00,04:00
40X100000010955N,K3 YEŞİLIRMAK ELEKTRİK PERAKENDE SATIŞ A.Ş.,unknown,2026-05-31 05:00:00+03:00,,4.15,chunk_0083.json,POST /v1/generation/data/dpp-bulk,2026-05-31 21:42:50.216869+00:00,5015057,LÜM_SAATLİK_YEŞİLIRMAK_GÜNEŞ,10955,2026-05-31T05:00:00+03:00,05:00
40X100000010955N,K3 YEŞİLIRMAK ELEKTRİK PERAKENDE SATIŞ A.Ş.,unknown,2026-05-31 06:00:00+03:00,,39.41,chunk_0083.json,POST /v1/generation/data/dpp-bulk,2026-05-31 21:42:50.216869+00:00,5015057,LÜM_SAATLİK_YEŞİLIRMAK_GÜNEŞ,10955,2026-05-31T06:00:00+03:00,06:00
40X100000010955N,K3 YEŞİLIRMAK ELEKTRİK PERAKENDE SATIŞ A.Ş.,unknown,2026-05-31 07:00:00+03:00,,114.08,chunk_0083.json,POST /v1/generation/data/dpp-bulk,2026-05-31 21:42:50.216869+00:00,5015057,LÜM_SAATLİK_YEŞİLIRMAK_GÜNEŞ,10955,2026-05-31T07:00:00+03:00,07:00
40X100000010955N,K3 YEŞİLIRMAK ELEKTRİK PERAKENDE SATIŞ A.Ş.,unknown,2026-05-31 08:00:00+03:00,,200.5,chunk_0083.json,POST /v1/generation/data/dpp-bulk,2026-05-31 21:42:50.216869+00:00,5015057,LÜM_SAATLİK_YEŞİLIRMAK_GÜNEŞ,10955,2026-05-31T08:00:00+03:00,08:00
40X100000010955N,K3 YEŞİLIRMAK ELEKTRİK PERAKENDE SATIŞ A.Ş.,unknown,2026-05-31 09:00:00+03:00,,273.1,chunk_0083.json,POST /v1/generation/data/dpp-bulk,2026-05-31 21:42:50.216869+00:00,5015057,LÜM_SAATLİK_YEŞİLIRMAK_GÜNEŞ,10955,2026-05-31T09:00:00+03:00,09:00
40X100000010955N,K3 YEŞİLIRMAK ELEKTRİK PERAKENDE SATIŞ A.Ş.,unknown,2026-05-31 10:00:00+03:00,,318.04,chunk_0083.json,POST /v1/generation/data/dpp-bulk,2026-05-31 21:42:50.216869+00:00,5015057,LÜM_SAATLİK_YEŞİLIRMAK_GÜNEŞ,10955,2026-05-31T10:00:00+03:00,10:00
40X100000010955N,K3 YEŞİLIRMAK ELEKTRİK PERAKENDE SATIŞ A.Ş.,unknown,2026-05-31 11:00:00+03:00,,331.87,chunk_0083.json,POST /v1/generation/data/dpp-bulk,2026-05-31 21:42:50.216869+00:00,5015057,LÜM_SAATLİK_YEŞİLIRMAK_GÜNEŞ,10955,2026-05-31T11:00:00+03:00,11:00
40X100000010955N,K3 YEŞİLIRMAK ELEKTRİK PERAKENDE SATIŞ A.Ş.,unknown,2026-05-31 12:00:00+03:00,,338.78,chunk_0083.json,POST /v1/generation/data/dpp-bulk,2026-05-31 21:42:50.216869+00:00,5015057,LÜM_SAATLİK_YEŞİLIRMAK_GÜNEŞ,10955,2026-05-31T12:00:00+03:00,12:00
40X100000010955N,K3 YEŞİLIRMAK ELEKTRİK PERAKENDE SATIŞ A.Ş.,unknown,2026-05-31 13:00:00+03:00,,328.41,chunk_0083.json,POST /v1/generation/data/dpp-bulk,2026-05-31 21:42:50.216869+00:00,5015057,LÜM_SAATLİK_YEŞİLIRMAK_GÜNEŞ,10955,2026-05-31T13:00:00+03:00,13:00
40X100000010955N,K3 YEŞİLIRMAK ELEKTRİK PERAKENDE SATIŞ A.Ş.,unknown,2026-05-31 14:00:00+03:00,,300.75,chunk_0083.json,POST /v1/generation/data/dpp-bulk,2026-05-31 21:42:50.216869+00:00,5015057,LÜM_SAATLİK_YEŞİLIRMAK_GÜNEŞ,10955,2026-05-31T14:00:00+03:00,14:00
40X100000010955N,K3 YEŞİLIRMAK ELEKTRİK PERAKENDE SATIŞ A.Ş.,unknown,2026-05-31 15:00:00+03:00,,245.44,chunk_0083.json,POST /v1/generation/data/dpp-bulk,2026-05-31 21:42:50.216869+00:00,5015057,LÜM_SAATLİK_YEŞİLIRMAK_GÜNEŞ,10955,2026-05-31T15:00:00+03:00,15:00
40X100000010955N,K3 YEŞİLIRMAK ELEKTRİK PERAKENDE SATIŞ A.Ş.,unknown,2026-05-31 16:00:00+03:00,,193.59,chunk_0083.json,POST /v1/generation/data/dpp-bulk,2026-05-31 21:42:50.216869+00:00,5015057,LÜM_SAATLİK_YEŞİLIRMAK_GÜNEŞ,10955,2026-05-31T16:00:00+03:00,16:00
40X100000010955N,K3 YEŞİLIRMAK ELEKTRİK PERAKENDE SATIŞ A.Ş.,unknown,2026-05-31 17:00:00+03:00,,110.62,chunk_0083.json,POST /v1/generation/data/dpp-bulk,2026-05-31 21:42:50.216869+00:00,5015057,LÜM_SAATLİK_YEŞİLIRMAK_GÜNEŞ,10955,2026-05-31T17:00:00+03:00,17:00
40X100000010955N,K3 YEŞİLIRMAK ELEKTRİK PERAKENDE SATIŞ A.Ş.,unknown,2026-05-31 18:00:00+03:00,,47.01,chunk_0083.json,POST /v1/generation/data/dpp-bulk,2026-05-31 21:42:50.216869+00:00,5015057,LÜM_SAATLİK_YEŞİLIRMAK_GÜNEŞ,10955,2026-05-31T18:00:00+03:00,18:00
40X100000010955N,K3 YEŞİLIRMAK ELEKTRİK PERAKENDE SATIŞ A.Ş.,unknown,2026-05-31 19:00:00+03:00,,8.99,chunk_0083.json,POST /v1/generation/data/dpp-bulk,2026-05-31 21:42:50.216869+00:00,5015057,LÜM_SAATLİK_YEŞİLIRMAK_GÜNEŞ,10955,2026-05-31T19:00:00+03:00,19:00
40X100000010955N,K3 YEŞİLIRMAK ELEKTRİK PERAKENDE SATIŞ A.Ş.,unknown,2026-05-31 20:00:00+03:00,,0.0,chunk_0083.json,POST /v1/generation/data/dpp-bulk,2026-05-31 21:42:50.216869+00:00,5015057,LÜM_SAATLİK_YEŞİLIRMAK_GÜNEŞ,10955,2026-05-31T20:00:00+03:00,20:00
40X100000010955N,K3 YEŞİLIRMAK ELEKTRİK PERAKENDE SATIŞ A.Ş.,unknown,2026-05-31 21:00:00+03:00,,0.0,chunk_0083.json,POST /v1/generation/data/dpp-bulk,2026-05-31 21:42:50.216869+00:00,5015057,LÜM_SAATLİK_YEŞİLIRMAK_GÜNEŞ,10955,2026-05-31T21:00:00+03:00,21:00
40X100000010955N,K3 YEŞİLIRMAK ELEKTRİK PERAKENDE SATIŞ A.Ş.,unknown,2026-05-31 22:00:00+03:00,,0.0,chunk_0083.json,POST /v1/generation/data/dpp-bulk,2026-05-31 21:42:50.216869+00:00,5015057,LÜM_SAATLİK_YEŞİLIRMAK_GÜNEŞ,10955,2026-05-31T22:00:00+03:00,22:00
40X100000010955N,K3 YEŞİLIRMAK ELEKTRİK PERAKENDE SATIŞ A.Ş.,unknown,2026-05-31 23:00:00+03:00,,0.0,chunk_0083.json,POST /v1/generation/data/dpp-bulk,2026-05-31 21:42:50.216869+00:00,5015057,LÜM_SAATLİK_YEŞİLIRMAK_GÜNEŞ,10955,2026-05-31T23:00:00+03:00,23:00
40X000000010956Y,K3 CK BOĞAZİÇİ ELEKTRİK PERAKENDE SATIŞ A.Ş.,unknown,2026-05-31 00:00:00+03:00,,0.0,chunk_0083.json,POST /v1/generation/data/dpp-bulk,2026-05-31 21:42:50.216869+00:00,5014959,LÜM_SAATLİK_BOĞAZİÇİ_RÜZGAR,10956,2026-05-31T00:00:00+03:00,00:00
40X000000010956Y,K3 CK BOĞAZİÇİ ELEKTRİK PERAKENDE SATIŞ A.Ş.,unknown,2026-05-31 01:00:00+03:00,,0.0,chunk_0083.json,POST /v1/generation/data/dpp-bulk,2026-05-31 21:42:50.216869+00:00,5014959,LÜM_SAATLİK_BOĞAZİÇİ_RÜZGAR,10956,2026-05-31T01:00:00+03:00,01:00
40X000000010956Y,K3 CK BOĞAZİÇİ ELEKTRİK PERAKENDE SATIŞ A.Ş.,unknown,2026-05-31 02:00:00+03:00,,0.0,chunk_0083.json,POST /v1/generation/data/dpp-bulk,2026-05-31 21:42:50.216869+00:00,5014959,LÜM_SAATLİK_BOĞAZİÇİ_RÜZGAR,10956,2026-05-31T02:00:00+03:00,02:00
40X000000010956Y,K3 CK BOĞAZİÇİ ELEKTRİK PERAKENDE SATIŞ A.Ş.,unknown,2026-05-31 03:00:00+03:00,,0.0,chunk_0083.json,POST /v1/generation/data/dpp-bulk,2026-05-31 21:42:50.216869+00:00,5014959,LÜM_SAATLİK_BOĞAZİÇİ_RÜZGAR,10956,2026-05-31T03:00:00+03:00,03:00
40X000000010956Y,K3 CK BOĞAZİÇİ ELEKTRİK PERAKENDE SATIŞ A.Ş.,unknown,2026-05-31 04:00:00+03:00,,0.0,chunk_0083.json,POST /v1/generation/data/dpp-bulk,2026-05-31 21:42:50.216869+00:00,5014959,LÜM_SAATLİK_BOĞAZİÇİ_RÜZGAR,10956,2026-05-31T04:00:00+03:00,04:00
40X000000010956Y,K3 CK BOĞAZİÇİ ELEKTRİK PERAKENDE SATIŞ A.Ş.,unknown,2026-05-31 05:00:00+03:00,,0.0,chunk_0083.json,POST /v1/generation/data/dpp-bulk,2026-05-31 21:42:50.216869+00:00,5014959,LÜM_SAATLİK_BOĞAZİÇİ_RÜZGAR,10956,2026-05-31T05:00:00+03:00,05:00
40X000000010956Y,K3 CK BOĞAZİÇİ ELEKTRİK PERAKENDE SATIŞ A.Ş.,unknown,2026-05-31 06:00:00+03:00,,0.0,chunk_0083.json,POST /v1/generation/data/dpp-bulk,2026-05-31 21:42:50.216869+00:00,5014959,LÜM_SAATLİK_BOĞAZİÇİ_RÜZGAR,10956,2026-05-31T06:00:00+03:00,06:00
40X000000010956Y,K3 CK BOĞAZİÇİ ELEKTRİK PERAKENDE SATIŞ A.Ş.,unknown,2026-05-31 07:00:00+03:00,,0.0,chunk_0083.json,POST /v1/generation/data/dpp-bulk,2026-05-31 21:42:50.216869+00:00,5014959,LÜM_SAATLİK_BOĞAZİÇİ_RÜZGAR,10956,2026-05-31T07:00:00+03:00,07:00
40X000000010956Y,K3 CK BOĞAZİÇİ ELEKTRİK PERAKENDE SATIŞ A.Ş.,unknown,2026-05-31 08:00:00+03:00,,0.0,chunk_0083.json,POST /v1/generation/data/dpp-bulk,2026-05-31 21:42:50.216869+00:00,5014959,LÜM_SAATLİK_BOĞAZİÇİ_RÜZGAR,10956,2026-05-31T08:00:00+03:00,08:00
40X000000010956Y,K3 CK BOĞAZİÇİ ELEKTRİK PERAKENDE SATIŞ A.Ş.,unknown,2026-05-31 09:00:00+03:00,,0.0,chunk_0083.json,POST /v1/generation/data/dpp-bulk,2026-05-31 21:42:50.216869+00:00,5014959,LÜM_SAATLİK_BOĞAZİÇİ_RÜZGAR,10956,2026-05-31T09:00:00+03:00,09:00
40X000000010956Y,K3 CK BOĞAZİÇİ ELEKTRİK PERAKENDE SATIŞ A.Ş.,unknown,2026-05-31 10:00:00+03:00,,0.0,chunk_0083.json,POST /v1/generation/data/dpp-bulk,2026-05-31 21:42:50.216869+00:00,5014959,LÜM_SAATLİK_BOĞAZİÇİ_RÜZGAR,10956,2026-05-31T10:00:00+03:00,10:00
40X000000010956Y,K3 CK BOĞAZİÇİ ELEKTRİK PERAKENDE SATIŞ A.Ş.,unknown,2026-05-31 11:00:00+03:00,,0.0,chunk_0083.json,POST /v1/generation/data/dpp-bulk,2026-05-31 21:42:50.216869+00:00,5014959,LÜM_SAATLİK_BOĞAZİÇİ_RÜZGAR,10956,2026-05-31T11:00:00+03:00,11:00
40X000000010956Y,K3 CK BOĞAZİÇİ ELEKTRİK PERAKENDE SATIŞ A.Ş.,unknown,2026-05-31 12:00:00+03:00,,0.0,chunk_0083.json,POST /v1/generation/data/dpp-bulk,2026-05-31 21:42:50.216869+00:00,5014959,LÜM_SAATLİK_BOĞAZİÇİ_RÜZGAR,10956,2026-05-31T12:00:00+03:00,12:00
40X000000010956Y,K3 CK BOĞAZİÇİ ELEKTRİK PERAKENDE SATIŞ A.Ş.,unknown,2026-05-31 13:00:00+03:00,,0.0,chunk_0083.json,POST /v1/generation/data/dpp-bulk,2026-05-31 21:42:50.216869+00:00,5014959,LÜM_SAATLİK_BOĞAZİÇİ_RÜZGAR,10956,2026-05-31T13:00:00+03:00,13:00
40X000000010956Y,K3 CK BOĞAZİÇİ ELEKTRİK PERAKENDE SATIŞ A.Ş.,unknown,2026-05-31 14:00:00+03:00,,0.0,chunk_0083.json,POST /v1/generation/data/dpp-bulk,2026-05-31 21:42:50.216869+00:00,5014959,LÜM_SAATLİK_BOĞAZİÇİ_RÜZGAR,10956,2026-05-31T14:00:00+03:00,14:00
40X000000010956Y,K3 CK BOĞAZİÇİ ELEKTRİK PERAKENDE SATIŞ A.Ş.,unknown,2026-05-31 15:00:00+03:00,,0.0,chunk_0083.json,POST /v1/generation/data/dpp-bulk,2026-05-31 21:42:50.216869+00:00,5014959,LÜM_SAATLİK_BOĞAZİÇİ_RÜZGAR,10956,2026-05-31T15:00:00+03:00,15:00
40X000000010956Y,K3 CK BOĞAZİÇİ ELEKTRİK PERAKENDE SATIŞ A.Ş.,unknown,2026-05-31 16:00:00+03:00,,0.0,chunk_0083.json,POST /v1/generation/data/dpp-bulk,2026-05-31 21:42:50.216869+00:00,5014959,LÜM_SAATLİK_BOĞAZİÇİ_RÜZGAR,10956,2026-05-31T16:00:00+03:00,16:00
40X000000010956Y,K3 CK BOĞAZİÇİ ELEKTRİK PERAKENDE SATIŞ A.Ş.,unknown,2026-05-31 17:00:00+03:00,,0.0,chunk_0083.json,POST /v1/generation/data/dpp-bulk,2026-05-31 21:42:50.216869+00:00,5014959,LÜM_SAATLİK_BOĞAZİÇİ_RÜZGAR,10956,2026-05-31T17:00:00+03:00,17:00
40X000000010956Y,K3 CK BOĞAZİÇİ ELEKTRİK PERAKENDE SATIŞ A.Ş.,unknown,2026-05-31 18:00:00+03:00,,0.0,chunk_0083.json,POST /v1/generation/data/dpp-bulk,2026-05-31 21:42:50.216869+00:00,5014959,LÜM_SAATLİK_BOĞAZİÇİ_RÜZGAR,10956,2026-05-31T18:00:00+03:00,18:00
40X000000010956Y,K3 CK BOĞAZİÇİ ELEKTRİK PERAKENDE SATIŞ A.Ş.,unknown,2026-05-31 19:00:00+03:00,,0.0,chunk_0083.json,POST /v1/generation/data/dpp-bulk,2026-05-31 21:42:50.216869+00:00,5014959,LÜM_SAATLİK_BOĞAZİÇİ_RÜZGAR,10956,2026-05-31T19:00:00+03:00,19:00
40X000000010956Y,K3 CK BOĞAZİÇİ ELEKTRİK PERAKENDE SATIŞ A.Ş.,unknown,2026-05-31 20:00:00+03:00,,0.0,chunk_0083.json,POST /v1/generation/data/dpp-bulk,2026-05-31 21:42:50.216869+00:00,5014959,LÜM_SAATLİK_BOĞAZİÇİ_RÜZGAR,10956,2026-05-31T20:00:00+03:00,20:00
40X000000010956Y,K3 CK BOĞAZİÇİ ELEKTRİK PERAKENDE SATIŞ A.Ş.,unknown,2026-05-31 21:00:00+03:00,,0.0,chunk_0083.json,POST /v1/generation/data/dpp-bulk,2026-05-31 21:42:50.216869+00:00,5014959,LÜM_SAATLİK_BOĞAZİÇİ_RÜZGAR,10956,2026-05-31T21:00:00+03:00,21:00
40X000000010956Y,K3 CK BOĞAZİÇİ ELEKTRİK PERAKENDE SATIŞ A.Ş.,unknown,2026-05-31 22:00:00+03:00,,0.0,chunk_0083.json,POST /v1/generation/data/dpp-bulk,2026-05-31 21:42:50.216869+00:00,5014959,LÜM_SAATLİK_BOĞAZİÇİ_RÜZGAR,10956,2026-05-31T22:00:00+03:00,22:00
40X000000010956Y,K3 CK BOĞAZİÇİ ELEKTRİK PERAKENDE SATIŞ A.Ş.,unknown,2026-05-31 23:00:00+03:00,,0.0,chunk_0083.json,POST /v1/generation/data/dpp-bulk,2026-05-31 21:42:50.216869+00:00,5014959,LÜM_SAATLİK_BOĞAZİÇİ_RÜZGAR,10956,2026-05-31T23:00:00+03:00,23:00
40X000000010956Y,K3 CK BOĞAZİÇİ ELEKTRİK PERAKENDE SATIŞ A.Ş.,unknown,2026-05-31 00:00:00+03:00,,0.88,chunk_0083.json,POST /v1/generation/data/dpp-bulk,2026-05-31 21:42:50.216869+00:00,5015012,LÜM_SAATLİK_BOĞAZİÇİ_GÜNEŞ,10956,2026-05-31T00:00:00+03:00,00:00
40X000000010956Y,K3 CK BOĞAZİÇİ ELEKTRİK PERAKENDE SATIŞ A.Ş.,unknown,2026-05-31 01:00:00+03:00,,1.67,chunk_0083.json,POST /v1/generation/data/dpp-bulk,2026-05-31 21:42:50.216869+00:00,5015012,LÜM_SAATLİK_BOĞAZİÇİ_GÜNEŞ,10956,2026-05-31T01:00:00+03:00,01:00
40X000000010956Y,K3 CK BOĞAZİÇİ ELEKTRİK PERAKENDE SATIŞ A.Ş.,unknown,2026-05-31 02:00:00+03:00,,1.14,chunk_0083.json,POST /v1/generation/data/dpp-bulk,2026-05-31 21:42:50.216869+00:00,5015012,LÜM_SAATLİK_BOĞAZİÇİ_GÜNEŞ,10956,2026-05-31T02:00:00+03:00,02:00
40X000000010956Y,K3 CK BOĞAZİÇİ ELEKTRİK PERAKENDE SATIŞ A.Ş.,unknown,2026-05-31 03:00:00+03:00,,1.49,chunk_0083.json,POST /v1/generation/data/dpp-bulk,2026-05-31 21:42:50.216869+00:00,5015012,LÜM_SAATLİK_BOĞAZİÇİ_GÜNEŞ,10956,2026-05-31T03:00:00+03:00,03:00
40X000000010956Y,K3 CK BOĞAZİÇİ ELEKTRİK PERAKENDE SATIŞ A.Ş.,unknown,2026-05-31 04:00:00+03:00,,1.23,chunk_0083.json,POST /v1/generation/data/dpp-bulk,2026-05-31 21:42:50.216869+00:00,5015012,LÜM_SAATLİK_BOĞAZİÇİ_GÜNEŞ,10956,2026-05-31T04:00:00+03:00,04:00
40X000000010956Y,K3 CK BOĞAZİÇİ ELEKTRİK PERAKENDE SATIŞ A.Ş.,unknown,2026-05-31 05:00:00+03:00,,0.88,chunk_0083.json,POST /v1/generation/data/dpp-bulk,2026-05-31 21:42:50.216869+00:00,5015012,LÜM_SAATLİK_BOĞAZİÇİ_GÜNEŞ,10956,2026-05-31T05:00:00+03:00,05:00
40X000000010956Y,K3 CK BOĞAZİÇİ ELEKTRİK PERAKENDE SATIŞ A.Ş.,unknown,2026-05-31 06:00:00+03:00,,2.38,chunk_0083.json,POST /v1/generation/data/dpp-bulk,2026-05-31 21:42:50.216869+00:00,5015012,LÜM_SAATLİK_BOĞAZİÇİ_GÜNEŞ,10956,2026-05-31T06:00:00+03:00,06:00
40X000000010956Y,K3 CK BOĞAZİÇİ ELEKTRİK PERAKENDE SATIŞ A.Ş.,unknown,2026-05-31 07:00:00+03:00,,9.08,chunk_0083.json,POST /v1/generation/data/dpp-bulk,2026-05-31 21:42:50.216869+00:00,5015012,LÜM_SAATLİK_BOĞAZİÇİ_GÜNEŞ,10956,2026-05-31T07:00:00+03:00,07:00
40X000000010956Y,K3 CK BOĞAZİÇİ ELEKTRİK PERAKENDE SATIŞ A.Ş.,unknown,2026-05-31 08:00:00+03:00,,18.08,chunk_0083.json,POST /v1/generation/data/dpp-bulk,2026-05-31 21:42:50.216869+00:00,5015012,LÜM_SAATLİK_BOĞAZİÇİ_GÜNEŞ,10956,2026-05-31T08:00:00+03:00,08:00
40X000000010956Y,K3 CK BOĞAZİÇİ ELEKTRİK PERAKENDE SATIŞ A.Ş.,unknown,2026-05-31 09:00:00+03:00,,25.67,chunk_0083.json,POST /v1/generation/data/dpp-bulk,2026-05-31 21:42:50.216869+00:00,5015012,LÜM_SAATLİK_BOĞAZİÇİ_GÜNEŞ,10956,2026-05-31T09:00:00+03:00,09:00
40X000000010956Y,K3 CK BOĞAZİÇİ ELEKTRİK PERAKENDE SATIŞ A.Ş.,unknown,2026-05-31 10:00:00+03:00,,38.72,chunk_0083.json,POST /v1/generation/data/dpp-bulk,2026-05-31 21:42:50.216869+00:00,5015012,LÜM_SAATLİK_BOĞAZİÇİ_GÜNEŞ,10956,2026-05-31T10:00:00+03:00,10:00
40X000000010956Y,K3 CK BOĞAZİÇİ ELEKTRİK PERAKENDE SATIŞ A.Ş.,unknown,2026-05-31 11:00:00+03:00,,48.6,chunk_0083.json,POST /v1/generation/data/dpp-bulk,2026-05-31 21:42:50.216869+00:00,5015012,LÜM_SAATLİK_BOĞAZİÇİ_GÜNEŞ,10956,2026-05-31T11:00:00+03:00,11:00
40X000000010956Y,K3 CK BOĞAZİÇİ ELEKTRİK PERAKENDE SATIŞ A.Ş.,unknown,2026-05-31 12:00:00+03:00,,51.78,chunk_0083.json,POST /v1/generation/data/dpp-bulk,2026-05-31 21:42:50.216869+00:00,5015012,LÜM_SAATLİK_BOĞAZİÇİ_GÜNEŞ,10956,2026-05-31T12:00:00+03:00,12:00
40X000000010956Y,K3 CK BOĞAZİÇİ ELEKTRİK PERAKENDE SATIŞ A.Ş.,unknown,2026-05-31 13:00:00+03:00,,54.25,chunk_0083.json,POST /v1/generation/data/dpp-bulk,2026-05-31 21:42:50.216869+00:00,5015012,LÜM_SAATLİK_BOĞAZİÇİ_GÜNEŞ,10956,2026-05-31T13:00:00+03:00,13:00
40X000000010956Y,K3 CK BOĞAZİÇİ ELEKTRİK PERAKENDE SATIŞ A.Ş.,unknown,2026-05-31 14:00:00+03:00,,55.84,chunk_0083.json,POST /v1/generation/data/dpp-bulk,2026-05-31 21:42:50.216869+00:00,5015012,LÜM_SAATLİK_BOĞAZİÇİ_GÜNEŞ,10956,2026-05-31T14:00:00+03:00,14:00
40X000000010956Y,K3 CK BOĞAZİÇİ ELEKTRİK PERAKENDE SATIŞ A.Ş.,unknown,2026-05-31 15:00:00+03:00,,49.93,chunk_0083.json,POST /v1/generation/data/dpp-bulk,2026-05-31 21:42:50.216869+00:00,5015012,LÜM_SAATLİK_BOĞAZİÇİ_GÜNEŞ,10956,2026-05-31T15:00:00+03:00,15:00
40X000000010956Y,K3 CK BOĞAZİÇİ ELEKTRİK PERAKENDE SATIŞ A.Ş.,unknown,2026-05-31 16:00:00+03:00,,33.52,chunk_0083.json,POST /v1/generation/data/dpp-bulk,2026-05-31 21:42:50.216869+00:00,5015012,LÜM_SAATLİK_BOĞAZİÇİ_GÜNEŞ,10956,2026-05-31T16:00:00+03:00,16:00
40X000000010956Y,K3 CK BOĞAZİÇİ ELEKTRİK PERAKENDE SATIŞ A.Ş.,unknown,2026-05-31 17:00:00+03:00,,24.61,chunk_0083.json,POST /v1/generation/data/dpp-bulk,2026-05-31 21:42:50.216869+00:00,5015012,LÜM_SAATLİK_BOĞAZİÇİ_GÜNEŞ,10956,2026-05-31T17:00:00+03:00,17:00
40X000000010956Y,K3 CK BOĞAZİÇİ ELEKTRİK PERAKENDE SATIŞ A.Ş.,unknown,2026-05-31 18:00:00+03:00,,10.32,chunk_0083.json,POST /v1/generation/data/dpp-bulk,2026-05-31 21:42:50.216869+00:00,5015012,LÜM_SAATLİK_BOĞAZİÇİ_GÜNEŞ,10956,2026-05-31T18:00:00+03:00,18:00
40X000000010956Y,K3 CK BOĞAZİÇİ ELEKTRİK PERAKENDE SATIŞ A.Ş.,unknown,2026-05-31 19:00:00+03:00,,2.02,chunk_0083.json,POST /v1/generation/data/dpp-bulk,2026-05-31 21:42:50.216869+00:00,5015012,LÜM_SAATLİK_BOĞAZİÇİ_GÜNEŞ,10956,2026-05-31T19:00:00+03:00,19:00
40X000000010956Y,K3 CK BOĞAZİÇİ ELEKTRİK PERAKENDE SATIŞ A.Ş.,unknown,2026-05-31 20:00:00+03:00,,0.35,chunk_0083.json,POST /v1/generation/data/dpp-bulk,2026-05-31 21:42:50.216869+00:00,5015012,LÜM_SAATLİK_BOĞAZİÇİ_GÜNEŞ,10956,2026-05-31T20:00:00+03:00,20:00
40X000000010956Y,K3 CK BOĞAZİÇİ ELEKTRİK PERAKENDE SATIŞ A.Ş.,unknown,2026-05-31 21:00:00+03:00,,0.08,chunk_0083.json,POST /v1/generation/data/dpp-bulk,2026-05-31 21:42:50.216869+00:00,5015012,LÜM_SAATLİK_BOĞAZİÇİ_GÜNEŞ,10956,2026-05-31T21:00:00+03:00,21:00
40X000000010956Y,K3 CK BOĞAZİÇİ ELEKTRİK PERAKENDE SATIŞ A.Ş.,unknown,2026-05-31 22:00:00+03:00,,0.08,chunk_0083.json,POST /v1/generation/data/dpp-bulk,2026-05-31 21:42:50.216869+00:00,5015012,LÜM_SAATLİK_BOĞAZİÇİ_GÜNEŞ,10956,2026-05-31T22:00:00+03:00,22:00
40X000000010956Y,K3 CK BOĞAZİÇİ ELEKTRİK PERAKENDE SATIŞ A.Ş.,unknown,2026-05-31 23:00:00+03:00,,0.08,chunk_0083.json,POST /v1/generation/data/dpp-bulk,2026-05-31 21:42:50.216869+00:00,5015012,LÜM_SAATLİK_BOĞAZİÇİ_GÜNEŞ,10956,2026-05-31T23:00:00+03:00,23:00
40X000000010957W,K3 CK AKDENİZ ELEKTRİK PERAKENDE SATIŞ A.Ş.,unknown,2026-05-31 00:00:00+03:00,,0.0,chunk_0083.json,POST /v1/generation/data/dpp-bulk,2026-05-31 21:42:50.216869+00:00,5015001,LÜM_SAATLİK_AKDENİZ_GÜNEŞ,10957,2026-05-31T00:00:00+03:00,00:00
40X000000010957W,K3 CK AKDENİZ ELEKTRİK PERAKENDE SATIŞ A.Ş.,unknown,2026-05-31 01:00:00+03:00,,0.0,chunk_0083.json,POST /v1/generation/data/dpp-bulk,2026-05-31 21:42:50.216869+00:00,5015001,LÜM_SAATLİK_AKDENİZ_GÜNEŞ,10957,2026-05-31T01:00:00+03:00,01:00
40X000000010957W,K3 CK AKDENİZ ELEKTRİK PERAKENDE SATIŞ A.Ş.,unknown,2026-05-31 02:00:00+03:00,,0.0,chunk_0083.json,POST /v1/generation/data/dpp-bulk,2026-05-31 21:42:50.216869+00:00,5015001,LÜM_SAATLİK_AKDENİZ_GÜNEŞ,10957,2026-05-31T02:00:00+03:00,02:00
40X000000010957W,K3 CK AKDENİZ ELEKTRİK PERAKENDE SATIŞ A.Ş.,unknown,2026-05-31 03:00:00+03:00,,0.0,chunk_0083.json,POST /v1/generation/data/dpp-bulk,2026-05-31 21:42:50.216869+00:00,5015001,LÜM_SAATLİK_AKDENİZ_GÜNEŞ,10957,2026-05-31T03:00:00+03:00,03:00
40X000000010957W,K3 CK AKDENİZ ELEKTRİK PERAKENDE SATIŞ A.Ş.,unknown,2026-05-31 04:00:00+03:00,,0.0,chunk_0083.json,POST /v1/generation/data/dpp-bulk,2026-05-31 21:42:50.216869+00:00,5015001,LÜM_SAATLİK_AKDENİZ_GÜNEŞ,10957,2026-05-31T04:00:00+03:00,04:00
40X000000010957W,K3 CK AKDENİZ ELEKTRİK PERAKENDE SATIŞ A.Ş.,unknown,2026-05-31 05:00:00+03:00,,0.0,chunk_0083.json,POST /v1/generation/data/dpp-bulk,2026-05-31 21:42:50.216869+00:00,5015001,LÜM_SAATLİK_AKDENİZ_GÜNEŞ,10957,2026-05-31T05:00:00+03:00,05:00
40X000000010957W,K3 CK AKDENİZ ELEKTRİK PERAKENDE SATIŞ A.Ş.,unknown,2026-05-31 06:00:00+03:00,,45.79,chunk_0083.json,POST /v1/generation/data/dpp-bulk,2026-05-31 21:42:50.216869+00:00,5015001,LÜM_SAATLİK_AKDENİZ_GÜNEŞ,10957,2026-05-31T06:00:00+03:00,06:00
40X000000010957W,K3 CK AKDENİZ ELEKTRİK PERAKENDE SATIŞ A.Ş.,unknown,2026-05-31 07:00:00+03:00,,165.1,chunk_0083.json,POST /v1/generation/data/dpp-bulk,2026-05-31 21:42:50.216869+00:00,5015001,LÜM_SAATLİK_AKDENİZ_GÜNEŞ,10957,2026-05-31T07:00:00+03:00,07:00
40X000000010957W,K3 CK AKDENİZ ELEKTRİK PERAKENDE SATIŞ A.Ş.,unknown,2026-05-31 08:00:00+03:00,,330.21,chunk_0083.json,POST /v1/generation/data/dpp-bulk,2026-05-31 21:42:50.216869+00:00,5015001,LÜM_SAATLİK_AKDENİZ_GÜNEŞ,10957,2026-05-31T08:00:00+03:00,08:00
40X000000010957W,K3 CK AKDENİZ ELEKTRİK PERAKENDE SATIŞ A.Ş.,unknown,2026-05-31 09:00:00+03:00,,477.85,chunk_0083.json,POST /v1/generation/data/dpp-bulk,2026-05-31 21:42:50.216869+00:00,5015001,LÜM_SAATLİK_AKDENİZ_GÜNEŞ,10957,2026-05-31T09:00:00+03:00,09:00
40X000000010957W,K3 CK AKDENİZ ELEKTRİK PERAKENDE SATIŞ A.Ş.,unknown,2026-05-31 10:00:00+03:00,,558.65,chunk_0083.json,POST /v1/generation/data/dpp-bulk,2026-05-31 21:42:50.216869+00:00,5015001,LÜM_SAATLİK_AKDENİZ_GÜNEŞ,10957,2026-05-31T10:00:00+03:00,10:00
40X000000010957W,K3 CK AKDENİZ ELEKTRİK PERAKENDE SATIŞ A.Ş.,unknown,2026-05-31 11:00:00+03:00,,582.29,chunk_0083.json,POST /v1/generation/data/dpp-bulk,2026-05-31 21:42:50.216869+00:00,5015001,LÜM_SAATLİK_AKDENİZ_GÜNEŞ,10957,2026-05-31T11:00:00+03:00,11:00
40X000000010957W,K3 CK AKDENİZ ELEKTRİK PERAKENDE SATIŞ A.Ş.,unknown,2026-05-31 12:00:00+03:00,,585.34,chunk_0083.json,POST /v1/generation/data/dpp-bulk,2026-05-31 21:42:50.216869+00:00,5015001,LÜM_SAATLİK_AKDENİZ_GÜNEŞ,10957,2026-05-31T12:00:00+03:00,12:00
40X000000010957W,K3 CK AKDENİZ ELEKTRİK PERAKENDE SATIŞ A.Ş.,unknown,2026-05-31 13:00:00+03:00,,577.74,chunk_0083.json,POST /v1/generation/data/dpp-bulk,2026-05-31 21:42:50.216869+00:00,5015001,LÜM_SAATLİK_AKDENİZ_GÜNEŞ,10957,2026-05-31T13:00:00+03:00,13:00
40X000000010957W,K3 CK AKDENİZ ELEKTRİK PERAKENDE SATIŞ A.Ş.,unknown,2026-05-31 14:00:00+03:00,,553.97,chunk_0083.json,POST /v1/generation/data/dpp-bulk,2026-05-31 21:42:50.216869+00:00,5015001,LÜM_SAATLİK_AKDENİZ_GÜNEŞ,10957,2026-05-31T14:00:00+03:00,14:00
40X000000010957W,K3 CK AKDENİZ ELEKTRİK PERAKENDE SATIŞ A.Ş.,unknown,2026-05-31 15:00:00+03:00,,503.83,chunk_0083.json,POST /v1/generation/data/dpp-bulk,2026-05-31 21:42:50.216869+00:00,5015001,LÜM_SAATLİK_AKDENİZ_GÜNEŞ,10957,2026-05-31T15:00:00+03:00,15:00
40X000000010957W,K3 CK AKDENİZ ELEKTRİK PERAKENDE SATIŞ A.Ş.,unknown,2026-05-31 16:00:00+03:00,,406.2,chunk_0083.json,POST /v1/generation/data/dpp-bulk,2026-05-31 21:42:50.216869+00:00,5015001,LÜM_SAATLİK_AKDENİZ_GÜNEŞ,10957,2026-05-31T16:00:00+03:00,16:00
40X000000010957W,K3 CK AKDENİZ ELEKTRİK PERAKENDE SATIŞ A.Ş.,unknown,2026-05-31 17:00:00+03:00,,262.73,chunk_0083.json,POST /v1/generation/data/dpp-bulk,2026-05-31 21:42:50.216869+00:00,5015001,LÜM_SAATLİK_AKDENİZ_GÜNEŞ,10957,2026-05-31T17:00:00+03:00,17:00
40X000000010957W,K3 CK AKDENİZ ELEKTRİK PERAKENDE SATIŞ A.Ş.,unknown,2026-05-31 18:00:00+03:00,,115.35,chunk_0083.json,POST /v1/generation/data/dpp-bulk,2026-05-31 21:42:50.216869+00:00,5015001,LÜM_SAATLİK_AKDENİZ_GÜNEŞ,10957,2026-05-31T18:00:00+03:00,18:00
40X000000010957W,K3 CK AKDENİZ ELEKTRİK PERAKENDE SATIŞ A.Ş.,unknown,2026-05-31 19:00:00+03:00,,22.99,chunk_0083.json,POST /v1/generation/data/dpp-bulk,2026-05-31 21:42:50.216869+00:00,5015001,LÜM_SAATLİK_AKDENİZ_GÜNEŞ,10957,2026-05-31T19:00:00+03:00,19:00
40X000000010957W,K3 CK AKDENİZ ELEKTRİK PERAKENDE SATIŞ A.Ş.,unknown,2026-05-31 20:00:00+03:00,,0.0,chunk_0083.json,POST /v1/generation/data/dpp-bulk,2026-05-31 21:42:50.216869+00:00,5015001,LÜM_SAATLİK_AKDENİZ_GÜNEŞ,10957,2026-05-31T20:00:00+03:00,20:00
40X000000010957W,K3 CK AKDENİZ ELEKTRİK PERAKENDE SATIŞ A.Ş.,unknown,2026-05-31 21:00:00+03:00,,0.0,chunk_0083.json,POST /v1/generation/data/dpp-bulk,2026-05-31 21:42:50.216869+00:00,5015001,LÜM_SAATLİK_AKDENİZ_GÜNEŞ,10957,2026-05-31T21:00:00+03:00,21:00
40X000000010957W,K3 CK AKDENİZ ELEKTRİK PERAKENDE SATIŞ A.Ş.,unknown,2026-05-31 22:00:00+03:00,,0.0,chunk_0083.json,POST /v1/generation/data/dpp-bulk,2026-05-31 21:42:50.216869+00:00,5015001,LÜM_SAATLİK_AKDENİZ_GÜNEŞ,10957,2026-05-31T22:00:00+03:00,22:00
40X000000010957W,K3 CK AKDENİZ ELEKTRİK PERAKENDE SATIŞ A.Ş.,unknown,2026-05-31 23:00:00+03:00,,0.0,chunk_0083.json,POST /v1/generation/data/dpp-bulk,2026-05-31 21:42:50.216869+00:00,5015001,LÜM_SAATLİK_AKDENİZ_GÜNEŞ,10957,2026-05-31T23:00:00+03:00,23:00
40X000000010958U,K3 DİCLE ELEKTRİK PERAKENDE SATIŞ A.Ş.,unknown,2026-05-31 00:00:00+03:00,,0.0,chunk_0083.json,POST /v1/generation/data/dpp-bulk,2026-05-31 21:42:50.216869+00:00,5015017,LÜM_SAATLİK_DİCLE_GÜNEŞ,10958,2026-05-31T00:00:00+03:00,00:00
40X000000010958U,K3 DİCLE ELEKTRİK PERAKENDE SATIŞ A.Ş.,unknown,2026-05-31 01:00:00+03:00,,0.0,chunk_0083.json,POST /v1/generation/data/dpp-bulk,2026-05-31 21:42:50.216869+00:00,5015017,LÜM_SAATLİK_DİCLE_GÜNEŞ,10958,2026-05-31T01:00:00+03:00,01:00
40X000000010958U,K3 DİCLE ELEKTRİK PERAKENDE SATIŞ A.Ş.,unknown,2026-05-31 02:00:00+03:00,,0.0,chunk_0083.json,POST /v1/generation/data/dpp-bulk,2026-05-31 21:42:50.216869+00:00,5015017,LÜM_SAATLİK_DİCLE_GÜNEŞ,10958,2026-05-31T02:00:00+03:00,02:00
40X000000010958U,K3 DİCLE ELEKTRİK PERAKENDE SATIŞ A.Ş.,unknown,2026-05-31 03:00:00+03:00,,0.0,chunk_0083.json,POST /v1/generation/data/dpp-bulk,2026-05-31 21:42:50.216869+00:00,5015017,LÜM_SAATLİK_DİCLE_GÜNEŞ,10958,2026-05-31T03:00:00+03:00,03:00
40X000000010958U,K3 DİCLE ELEKTRİK PERAKENDE SATIŞ A.Ş.,unknown,2026-05-31 04:00:00+03:00,,0.0,chunk_0083.json,POST /v1/generation/data/dpp-bulk,2026-05-31 21:42:50.216869+00:00,5015017,LÜM_SAATLİK_DİCLE_GÜNEŞ,10958,2026-05-31T04:00:00+03:00,04:00
40X000000010958U,K3 DİCLE ELEKTRİK PERAKENDE SATIŞ A.Ş.,unknown,2026-05-31 05:00:00+03:00,,32.55,chunk_0083.json,POST /v1/generation/data/dpp-bulk,2026-05-31 21:42:50.216869+00:00,5015017,LÜM_SAATLİK_DİCLE_GÜNEŞ,10958,2026-05-31T05:00:00+03:00,05:00
40X000000010958U,K3 DİCLE ELEKTRİK PERAKENDE SATIŞ A.Ş.,unknown,2026-05-31 06:00:00+03:00,,203.76,chunk_0083.json,POST /v1/generation/data/dpp-bulk,2026-05-31 21:42:50.216869+00:00,5015017,LÜM_SAATLİK_DİCLE_GÜNEŞ,10958,2026-05-31T06:00:00+03:00,06:00
40X000000010958U,K3 DİCLE ELEKTRİK PERAKENDE SATIŞ A.Ş.,unknown,2026-05-31 07:00:00+03:00,,478.27,chunk_0083.json,POST /v1/generation/data/dpp-bulk,2026-05-31 21:42:50.216869+00:00,5015017,LÜM_SAATLİK_DİCLE_GÜNEŞ,10958,2026-05-31T07:00:00+03:00,07:00
40X000000010958U,K3 DİCLE ELEKTRİK PERAKENDE SATIŞ A.Ş.,unknown,2026-05-31 08:00:00+03:00,,764.81,chunk_0083.json,POST /v1/generation/data/dpp-bulk,2026-05-31 21:42:50.216869+00:00,5015017,LÜM_SAATLİK_DİCLE_GÜNEŞ,10958,2026-05-31T08:00:00+03:00,08:00
40X000000010958U,K3 DİCLE ELEKTRİK PERAKENDE SATIŞ A.Ş.,unknown,2026-05-31 09:00:00+03:00,,948.05,chunk_0083.json,POST /v1/generation/data/dpp-bulk,2026-05-31 21:42:50.216869+00:00,5015017,LÜM_SAATLİK_DİCLE_GÜNEŞ,10958,2026-05-31T09:00:00+03:00,09:00
40X000000010958U,K3 DİCLE ELEKTRİK PERAKENDE SATIŞ A.Ş.,unknown,2026-05-31 10:00:00+03:00,,1035.78,chunk_0083.json,POST /v1/generation/data/dpp-bulk,2026-05-31 21:42:50.216869+00:00,5015017,LÜM_SAATLİK_DİCLE_GÜNEŞ,10958,2026-05-31T10:00:00+03:00,10:00
40X000000010958U,K3 DİCLE ELEKTRİK PERAKENDE SATIŞ A.Ş.,unknown,2026-05-31 11:00:00+03:00,,1066.91,chunk_0083.json,POST /v1/generation/data/dpp-bulk,2026-05-31 21:42:50.216869+00:00,5015017,LÜM_SAATLİK_DİCLE_GÜNEŞ,10958,2026-05-31T11:00:00+03:00,11:00
40X000000010958U,K3 DİCLE ELEKTRİK PERAKENDE SATIŞ A.Ş.,unknown,2026-05-31 12:00:00+03:00,,1071.16,chunk_0083.json,POST /v1/generation/data/dpp-bulk,2026-05-31 21:42:50.216869+00:00,5015017,LÜM_SAATLİK_DİCLE_GÜNEŞ,10958,2026-05-31T12:00:00+03:00,12:00
40X000000010958U,K3 DİCLE ELEKTRİK PERAKENDE SATIŞ A.Ş.,unknown,2026-05-31 13:00:00+03:00,,1049.93,chunk_0083.json,POST /v1/generation/data/dpp-bulk,2026-05-31 21:42:50.216869+00:00,5015017,LÜM_SAATLİK_DİCLE_GÜNEŞ,10958,2026-05-31T13:00:00+03:00,13:00
40X000000010958U,K3 DİCLE ELEKTRİK PERAKENDE SATIŞ A.Ş.,unknown,2026-05-31 14:00:00+03:00,,986.26,chunk_0083.json,POST /v1/generation/data/dpp-bulk,2026-05-31 21:42:50.216869+00:00,5015017,LÜM_SAATLİK_DİCLE_GÜNEŞ,10958,2026-05-31T14:00:00+03:00,14:00
40X000000010958U,K3 DİCLE ELEKTRİK PERAKENDE SATIŞ A.Ş.,unknown,2026-05-31 15:00:00+03:00,,872.35,chunk_0083.json,POST /v1/generation/data/dpp-bulk,2026-05-31 21:42:50.216869+00:00,5015017,LÜM_SAATLİK_DİCLE_GÜNEŞ,10958,2026-05-31T15:00:00+03:00,15:00
40X000000010958U,K3 DİCLE ELEKTRİK PERAKENDE SATIŞ A.Ş.,unknown,2026-05-31 16:00:00+03:00,,678.5,chunk_0083.json,POST /v1/generation/data/dpp-bulk,2026-05-31 21:42:50.216869+00:00,5015017,LÜM_SAATLİK_DİCLE_GÜNEŞ,10958,2026-05-31T16:00:00+03:00,16:00
40X000000010958U,K3 DİCLE ELEKTRİK PERAKENDE SATIŞ A.Ş.,unknown,2026-05-31 17:00:00+03:00,,403.98,chunk_0083.json,POST /v1/generation/data/dpp-bulk,2026-05-31 21:42:50.216869+00:00,5015017,LÜM_SAATLİK_DİCLE_GÜNEŞ,10958,2026-05-31T17:00:00+03:00,17:00
40X000000010958U,K3 DİCLE ELEKTRİK PERAKENDE SATIŞ A.Ş.,unknown,2026-05-31 18:00:00+03:00,,139.38,chunk_0083.json,POST /v1/generation/data/dpp-bulk,2026-05-31 21:42:50.216869+00:00,5015017,LÜM_SAATLİK_DİCLE_GÜNEŞ,10958,2026-05-31T18:00:00+03:00,18:00
40X000000010958U,K3 DİCLE ELEKTRİK PERAKENDE SATIŞ A.Ş.,unknown,2026-05-31 19:00:00+03:00,,18.4,chunk_0083.json,POST /v1/generation/data/dpp-bulk,2026-05-31 21:42:50.216869+00:00,5015017,LÜM_SAATLİK_DİCLE_GÜNEŞ,10958,2026-05-31T19:00:00+03:00,19:00
40X000000010958U,K3 DİCLE ELEKTRİK PERAKENDE SATIŞ A.Ş.,unknown,2026-05-31 20:00:00+03:00,,0.0,chunk_0083.json,POST /v1/generation/data/dpp-bulk,2026-05-31 21:42:50.216869+00:00,5015017,LÜM_SAATLİK_DİCLE_GÜNEŞ,10958,2026-05-31T20:00:00+03:00,20:00
40X000000010958U,K3 DİCLE ELEKTRİK PERAKENDE SATIŞ A.Ş.,unknown,2026-05-31 21:00:00+03:00,,0.0,chunk_0083.json,POST /v1/generation/data/dpp-bulk,2026-05-31 21:42:50.216869+00:00,5015017,LÜM_SAATLİK_DİCLE_GÜNEŞ,10958,2026-05-31T21:00:00+03:00,21:00
40X000000010958U,K3 DİCLE ELEKTRİK PERAKENDE SATIŞ A.Ş.,unknown,2026-05-31 22:00:00+03:00,,0.0,chunk_0083.json,POST /v1/generation/data/dpp-bulk,2026-05-31 21:42:50.216869+00:00,5015017,LÜM_SAATLİK_DİCLE_GÜNEŞ,10958,2026-05-31T22:00:00+03:00,22:00
40X000000010958U,K3 DİCLE ELEKTRİK PERAKENDE SATIŞ A.Ş.,unknown,2026-05-31 23:00:00+03:00,,0.0,chunk_0083.json,POST /v1/generation/data/dpp-bulk,2026-05-31 21:42:50.216869+00:00,5015017,LÜM_SAATLİK_DİCLE_GÜNEŞ,10958,2026-05-31T23:00:00+03:00,23:00
40X000000010959S,K3 TRAKYA ELEKTRİK PERAKENDE SATIŞ ANONİM ŞİRKETİ,unknown,2026-05-31 00:00:00+03:00,,0.0,chunk_0083.json,POST /v1/generation/data/dpp-bulk,2026-05-31 21:42:50.216869+00:00,5014901,TİCARETHANE - OG - 10Y - SAATLIK -TEK TERIMLI - 5.1.C,10959,2026-05-31T00:00:00+03:00,00:00
40X000000010959S,K3 TRAKYA ELEKTRİK PERAKENDE SATIŞ ANONİM ŞİRKETİ,unknown,2026-05-31 01:00:00+03:00,,0.0,chunk_0083.json,POST /v1/generation/data/dpp-bulk,2026-05-31 21:42:50.216869+00:00,5014901,TİCARETHANE - OG - 10Y - SAATLIK -TEK TERIMLI - 5.1.C,10959,2026-05-31T01:00:00+03:00,01:00
40X000000010959S,K3 TRAKYA ELEKTRİK PERAKENDE SATIŞ ANONİM ŞİRKETİ,unknown,2026-05-31 02:00:00+03:00,,0.0,chunk_0083.json,POST /v1/generation/data/dpp-bulk,2026-05-31 21:42:50.216869+00:00,5014901,TİCARETHANE - OG - 10Y - SAATLIK -TEK TERIMLI - 5.1.C,10959,2026-05-31T02:00:00+03:00,02:00
40X000000010959S,K3 TRAKYA ELEKTRİK PERAKENDE SATIŞ ANONİM ŞİRKETİ,unknown,2026-05-31 03:00:00+03:00,,0.0,chunk_0083.json,POST /v1/generation/data/dpp-bulk,2026-05-31 21:42:50.216869+00:00,5014901,TİCARETHANE - OG - 10Y - SAATLIK -TEK TERIMLI - 5.1.C,10959,2026-05-31T03:00:00+03:00,03:00
40X000000010959S,K3 TRAKYA ELEKTRİK PERAKENDE SATIŞ ANONİM ŞİRKETİ,unknown,2026-05-31 04:00:00+03:00,,0.0,chunk_0083.json,POST /v1/generation/data/dpp-bulk,2026-05-31 21:42:50.216869+00:00,5014901,TİCARETHANE - OG - 10Y - SAATLIK -TEK TERIMLI - 5.1.C,10959,2026-05-31T04:00:00+03:00,04:00
40X000000010959S,K3 TRAKYA ELEKTRİK PERAKENDE SATIŞ ANONİM ŞİRKETİ,unknown,2026-05-31 05:00:00+03:00,,0.0,chunk_0083.json,POST /v1/generation/data/dpp-bulk,2026-05-31 21:42:50.216869+00:00,5014901,TİCARETHANE - OG - 10Y - SAATLIK -TEK TERIMLI - 5.1.C,10959,2026-05-31T05:00:00+03:00,05:00
40X000000010959S,K3 TRAKYA ELEKTRİK PERAKENDE SATIŞ ANONİM ŞİRKETİ,unknown,2026-05-31 06:00:00+03:00,,0.0,chunk_0083.json,POST /v1/generation/data/dpp-bulk,2026-05-31 21:42:50.216869+00:00,5014901,TİCARETHANE - OG - 10Y - SAATLIK -TEK TERIMLI - 5.1.C,10959,2026-05-31T06:00:00+03:00,06:00
40X000000010959S,K3 TRAKYA ELEKTRİK PERAKENDE SATIŞ ANONİM ŞİRKETİ,unknown,2026-05-31 07:00:00+03:00,,0.0,chunk_0083.json,POST /v1/generation/data/dpp-bulk,2026-05-31 21:42:50.216869+00:00,5014901,TİCARETHANE - OG - 10Y - SAATLIK -TEK TERIMLI - 5.1.C,10959,2026-05-31T07:00:00+03:00,07:00
40X000000010959S,K3 TRAKYA ELEKTRİK PERAKENDE SATIŞ ANONİM ŞİRKETİ,unknown,2026-05-31 08:00:00+03:00,,0.0,chunk_0083.json,POST /v1/generation/data/dpp-bulk,2026-05-31 21:42:50.216869+00:00,5014901,TİCARETHANE - OG - 10Y - SAATLIK -TEK TERIMLI - 5.1.C,10959,2026-05-31T08:00:00+03:00,08:00
40X000000010959S,K3 TRAKYA ELEKTRİK PERAKENDE SATIŞ ANONİM ŞİRKETİ,unknown,2026-05-31 09:00:00+03:00,,0.0,chunk_0083.json,POST /v1/generation/data/dpp-bulk,2026-05-31 21:42:50.216869+00:00,5014901,TİCARETHANE - OG - 10Y - SAATLIK -TEK TERIMLI - 5.1.C,10959,2026-05-31T09:00:00+03:00,09:00
40X000000010959S,K3 TRAKYA ELEKTRİK PERAKENDE SATIŞ ANONİM ŞİRKETİ,unknown,2026-05-31 10:00:00+03:00,,0.0,chunk_0083.json,POST /v1/generation/data/dpp-bulk,2026-05-31 21:42:50.216869+00:00,5014901,TİCARETHANE - OG - 10Y - SAATLIK -TEK TERIMLI - 5.1.C,10959,2026-05-31T10:00:00+03:00,10:00
40X000000010959S,K3 TRAKYA ELEKTRİK PERAKENDE SATIŞ ANONİM ŞİRKETİ,unknown,2026-05-31 11:00:00+03:00,,0.0,chunk_0083.json,POST /v1/generation/data/dpp-bulk,2026-05-31 21:42:50.216869+00:00,5014901,TİCARETHANE - OG - 10Y - SAATLIK -TEK TERIMLI - 5.1.C,10959,2026-05-31T11:00:00+03:00,11:00
40X000000010959S,K3 TRAKYA ELEKTRİK PERAKENDE SATIŞ ANONİM ŞİRKETİ,unknown,2026-05-31 12:00:00+03:00,,0.0,chunk_0083.json,POST /v1/generation/data/dpp-bulk,2026-05-31 21:42:50.216869+00:00,5014901,TİCARETHANE - OG - 10Y - SAATLIK -TEK TERIMLI - 5.1.C,10959,2026-05-31T12:00:00+03:00,12:00
40X000000010959S,K3 TRAKYA ELEKTRİK PERAKENDE SATIŞ ANONİM ŞİRKETİ,unknown,2026-05-31 13:00:00+03:00,,0.0,chunk_0083.json,POST /v1/generation/data/dpp-bulk,2026-05-31 21:42:50.216869+00:00,5014901,TİCARETHANE - OG - 10Y - SAATLIK -TEK TERIMLI - 5.1.C,10959,2026-05-31T13:00:00+03:00,13:00
40X000000010959S,K3 TRAKYA ELEKTRİK PERAKENDE SATIŞ ANONİM ŞİRKETİ,unknown,2026-05-31 14:00:00+03:00,,0.0,chunk_0083.json,POST /v1/generation/data/dpp-bulk,2026-05-31 21:42:50.216869+00:00,5014901,TİCARETHANE - OG - 10Y - SAATLIK -TEK TERIMLI - 5.1.C,10959,2026-05-31T14:00:00+03:00,14:00
40X000000010959S,K3 TRAKYA ELEKTRİK PERAKENDE SATIŞ ANONİM ŞİRKETİ,unknown,2026-05-31 15:00:00+03:00,,0.0,chunk_0083.json,POST /v1/generation/data/dpp-bulk,2026-05-31 21:42:50.216869+00:00,5014901,TİCARETHANE - OG - 10Y - SAATLIK -TEK TERIMLI - 5.1.C,10959,2026-05-31T15:00:00+03:00,15:00
40X000000010959S,K3 TRAKYA ELEKTRİK PERAKENDE SATIŞ ANONİM ŞİRKETİ,unknown,2026-05-31 16:00:00+03:00,,0.0,chunk_0083.json,POST /v1/generation/data/dpp-bulk,2026-05-31 21:42:50.216869+00:00,5014901,TİCARETHANE - OG - 10Y - SAATLIK -TEK TERIMLI - 5.1.C,10959,2026-05-31T16:00:00+03:00,16:00
40X000000010959S,K3 TRAKYA ELEKTRİK PERAKENDE SATIŞ ANONİM ŞİRKETİ,unknown,2026-05-31 17:00:00+03:00,,0.0,chunk_0083.json,POST /v1/generation/data/dpp-bulk,2026-05-31 21:42:50.216869+00:00,5014901,TİCARETHANE - OG - 10Y - SAATLIK -TEK TERIMLI - 5.1.C,10959,2026-05-31T17:00:00+03:00,17:00
40X000000010959S,K3 TRAKYA ELEKTRİK PERAKENDE SATIŞ ANONİM ŞİRKETİ,unknown,2026-05-31 18:00:00+03:00,,0.0,chunk_0083.json,POST /v1/generation/data/dpp-bulk,2026-05-31 21:42:50.216869+00:00,5014901,TİCARETHANE - OG - 10Y - SAATLIK -TEK TERIMLI - 5.1.C,10959,2026-05-31T18:00:00+03:00,18:00
40X000000010959S,K3 TRAKYA ELEKTRİK PERAKENDE SATIŞ ANONİM ŞİRKETİ,unknown,2026-05-31 19:00:00+03:00,,0.0,chunk_0083.json,POST /v1/generation/data/dpp-bulk,2026-05-31 21:42:50.216869+00:00,5014901,TİCARETHANE - OG - 10Y - SAATLIK -TEK TERIMLI - 5.1.C,10959,2026-05-31T19:00:00+03:00,19:00
40X000000010959S,K3 TRAKYA ELEKTRİK PERAKENDE SATIŞ ANONİM ŞİRKETİ,unknown,2026-05-31 20:00:00+03:00,,0.0,chunk_0083.json,POST /v1/generation/data/dpp-bulk,2026-05-31 21:42:50.216869+00:00,5014901,TİCARETHANE - OG - 10Y - SAATLIK -TEK TERIMLI - 5.1.C,10959,2026-05-31T20:00:00+03:00,20:00
40X000000010959S,K3 TRAKYA ELEKTRİK PERAKENDE SATIŞ ANONİM ŞİRKETİ,unknown,2026-05-31 21:00:00+03:00,,0.0,chunk_0083.json,POST /v1/generation/data/dpp-bulk,2026-05-31 21:42:50.216869+00:00,5014901,TİCARETHANE - OG - 10Y - SAATLIK -TEK TERIMLI - 5.1.C,10959,2026-05-31T21:00:00+03:00,21:00
40X000000010959S,K3 TRAKYA ELEKTRİK PERAKENDE SATIŞ ANONİM ŞİRKETİ,unknown,2026-05-31 22:00:00+03:00,,0.0,chunk_0083.json,POST /v1/generation/data/dpp-bulk,2026-05-31 21:42:50.216869+00:00,5014901,TİCARETHANE - OG - 10Y - SAATLIK -TEK TERIMLI - 5.1.C,10959,2026-05-31T22:00:00+03:00,22:00
40X000000010959S,K3 TRAKYA ELEKTRİK PERAKENDE SATIŞ ANONİM ŞİRKETİ,unknown,2026-05-31 23:00:00+03:00,,0.0,chunk_0083.json,POST /v1/generation/data/dpp-bulk,2026-05-31 21:42:50.216869+00:00,5014901,TİCARETHANE - OG - 10Y - SAATLIK -TEK TERIMLI - 5.1.C,10959,2026-05-31T23:00:00+03:00,23:00
40X000000010959S,K3 TRAKYA ELEKTRİK PERAKENDE SATIŞ ANONİM ŞİRKETİ,unknown,2026-05-31 00:00:00+03:00,,0.0,chunk_0083.json,POST /v1/generation/data/dpp-bulk,2026-05-31 21:42:50.216869+00:00,5014956,LÜM_SAATLİK_TRAKYA_GÜNEŞ,10959,2026-05-31T00:00:00+03:00,00:00
40X000000010959S,K3 TRAKYA ELEKTRİK PERAKENDE SATIŞ ANONİM ŞİRKETİ,unknown,2026-05-31 01:00:00+03:00,,0.0,chunk_0083.json,POST /v1/generation/data/dpp-bulk,2026-05-31 21:42:50.216869+00:00,5014956,LÜM_SAATLİK_TRAKYA_GÜNEŞ,10959,2026-05-31T01:00:00+03:00,01:00
40X000000010959S,K3 TRAKYA ELEKTRİK PERAKENDE SATIŞ ANONİM ŞİRKETİ,unknown,2026-05-31 02:00:00+03:00,,0.0,chunk_0083.json,POST /v1/generation/data/dpp-bulk,2026-05-31 21:42:50.216869+00:00,5014956,LÜM_SAATLİK_TRAKYA_GÜNEŞ,10959,2026-05-31T02:00:00+03:00,02:00
40X000000010959S,K3 TRAKYA ELEKTRİK PERAKENDE SATIŞ ANONİM ŞİRKETİ,unknown,2026-05-31 03:00:00+03:00,,0.0,chunk_0083.json,POST /v1/generation/data/dpp-bulk,2026-05-31 21:42:50.216869+00:00,5014956,LÜM_SAATLİK_TRAKYA_GÜNEŞ,10959,2026-05-31T03:00:00+03:00,03:00
40X000000010959S,K3 TRAKYA ELEKTRİK PERAKENDE SATIŞ ANONİM ŞİRKETİ,unknown,2026-05-31 04:00:00+03:00,,0.0,chunk_0083.json,POST /v1/generation/data/dpp-bulk,2026-05-31 21:42:50.216869+00:00,5014956,LÜM_SAATLİK_TRAKYA_GÜNEŞ,10959,2026-05-31T04:00:00+03:00,04:00
40X000000010959S,K3 TRAKYA ELEKTRİK PERAKENDE SATIŞ ANONİM ŞİRKETİ,unknown,2026-05-31 05:00:00+03:00,,1.0,chunk_0083.json,POST /v1/generation/data/dpp-bulk,2026-05-31 21:42:50.216869+00:00,5014956,LÜM_SAATLİK_TRAKYA_GÜNEŞ,10959,2026-05-31T05:00:00+03:00,05:00
40X000000010959S,K3 TRAKYA ELEKTRİK PERAKENDE SATIŞ ANONİM ŞİRKETİ,unknown,2026-05-31 06:00:00+03:00,,9.3,chunk_0083.json,POST /v1/generation/data/dpp-bulk,2026-05-31 21:42:50.216869+00:00,5014956,LÜM_SAATLİK_TRAKYA_GÜNEŞ,10959,2026-05-31T06:00:00+03:00,06:00
40X000000010959S,K3 TRAKYA ELEKTRİK PERAKENDE SATIŞ ANONİM ŞİRKETİ,unknown,2026-05-31 07:00:00+03:00,,36.9,chunk_0083.json,POST /v1/generation/data/dpp-bulk,2026-05-31 21:42:50.216869+00:00,5014956,LÜM_SAATLİK_TRAKYA_GÜNEŞ,10959,2026-05-31T07:00:00+03:00,07:00
40X000000010959S,K3 TRAKYA ELEKTRİK PERAKENDE SATIŞ ANONİM ŞİRKETİ,unknown,2026-05-31 08:00:00+03:00,,90.9,chunk_0083.json,POST /v1/generation/data/dpp-bulk,2026-05-31 21:42:50.216869+00:00,5014956,LÜM_SAATLİK_TRAKYA_GÜNEŞ,10959,2026-05-31T08:00:00+03:00,08:00
40X000000010959S,K3 TRAKYA ELEKTRİK PERAKENDE SATIŞ ANONİM ŞİRKETİ,unknown,2026-05-31 09:00:00+03:00,,144.4,chunk_0083.json,POST /v1/generation/data/dpp-bulk,2026-05-31 21:42:50.216869+00:00,5014956,LÜM_SAATLİK_TRAKYA_GÜNEŞ,10959,2026-05-31T09:00:00+03:00,09:00
40X000000010959S,K3 TRAKYA ELEKTRİK PERAKENDE SATIŞ ANONİM ŞİRKETİ,unknown,2026-05-31 10:00:00+03:00,,165.4,chunk_0083.json,POST /v1/generation/data/dpp-bulk,2026-05-31 21:42:50.216869+00:00,5014956,LÜM_SAATLİK_TRAKYA_GÜNEŞ,10959,2026-05-31T10:00:00+03:00,10:00
40X000000010959S,K3 TRAKYA ELEKTRİK PERAKENDE SATIŞ ANONİM ŞİRKETİ,unknown,2026-05-31 11:00:00+03:00,,200.0,chunk_0083.json,POST /v1/generation/data/dpp-bulk,2026-05-31 21:42:50.216869+00:00,5014956,LÜM_SAATLİK_TRAKYA_GÜNEŞ,10959,2026-05-31T11:00:00+03:00,11:00
40X000000010959S,K3 TRAKYA ELEKTRİK PERAKENDE SATIŞ ANONİM ŞİRKETİ,unknown,2026-05-31 12:00:00+03:00,,203.4,chunk_0083.json,POST /v1/generation/data/dpp-bulk,2026-05-31 21:42:50.216869+00:00,5014956,LÜM_SAATLİK_TRAKYA_GÜNEŞ,10959,2026-05-31T12:00:00+03:00,12:00
40X000000010959S,K3 TRAKYA ELEKTRİK PERAKENDE SATIŞ ANONİM ŞİRKETİ,unknown,2026-05-31 13:00:00+03:00,,202.5,chunk_0083.json,POST /v1/generation/data/dpp-bulk,2026-05-31 21:42:50.216869+00:00,5014956,LÜM_SAATLİK_TRAKYA_GÜNEŞ,10959,2026-05-31T13:00:00+03:00,13:00
40X000000010959S,K3 TRAKYA ELEKTRİK PERAKENDE SATIŞ ANONİM ŞİRKETİ,unknown,2026-05-31 14:00:00+03:00,,179.9,chunk_0083.json,POST /v1/generation/data/dpp-bulk,2026-05-31 21:42:50.216869+00:00,5014956,LÜM_SAATLİK_TRAKYA_GÜNEŞ,10959,2026-05-31T14:00:00+03:00,14:00
40X000000010959S,K3 TRAKYA ELEKTRİK PERAKENDE SATIŞ ANONİM ŞİRKETİ,unknown,2026-05-31 15:00:00+03:00,,109.8,chunk_0083.json,POST /v1/generation/data/dpp-bulk,2026-05-31 21:42:50.216869+00:00,5014956,LÜM_SAATLİK_TRAKYA_GÜNEŞ,10959,2026-05-31T15:00:00+03:00,15:00
40X000000010959S,K3 TRAKYA ELEKTRİK PERAKENDE SATIŞ ANONİM ŞİRKETİ,unknown,2026-05-31 16:00:00+03:00,,85.2,chunk_0083.json,POST /v1/generation/data/dpp-bulk,2026-05-31 21:42:50.216869+00:00,5014956,LÜM_SAATLİK_TRAKYA_GÜNEŞ,10959,2026-05-31T16:00:00+03:00,16:00
40X000000010959S,K3 TRAKYA ELEKTRİK PERAKENDE SATIŞ ANONİM ŞİRKETİ,unknown,2026-05-31 17:00:00+03:00,,52.5,chunk_0083.json,POST /v1/generation/data/dpp-bulk,2026-05-31 21:42:50.216869+00:00,5014956,LÜM_SAATLİK_TRAKYA_GÜNEŞ,10959,2026-05-31T17:00:00+03:00,17:00
40X000000010959S,K3 TRAKYA ELEKTRİK PERAKENDE SATIŞ ANONİM ŞİRKETİ,unknown,2026-05-31 18:00:00+03:00,,33.0,chunk_0083.json,POST /v1/generation/data/dpp-bulk,2026-05-31 21:42:50.216869+00:00,5014956,LÜM_SAATLİK_TRAKYA_GÜNEŞ,10959,2026-05-31T18:00:00+03:00,18:00
40X000000010959S,K3 TRAKYA ELEKTRİK PERAKENDE SATIŞ ANONİM ŞİRKETİ,unknown,2026-05-31 19:00:00+03:00,,9.2,chunk_0083.json,POST /v1/generation/data/dpp-bulk,2026-05-31 21:42:50.216869+00:00,5014956,LÜM_SAATLİK_TRAKYA_GÜNEŞ,10959,2026-05-31T19:00:00+03:00,19:00
40X000000010959S,K3 TRAKYA ELEKTRİK PERAKENDE SATIŞ ANONİM ŞİRKETİ,unknown,2026-05-31 20:00:00+03:00,,0.8,chunk_0083.json,POST /v1/generation/data/dpp-bulk,2026-05-31 21:42:50.216869+00:00,5014956,LÜM_SAATLİK_TRAKYA_GÜNEŞ,10959,2026-05-31T20:00:00+03:00,20:00
40X000000010959S,K3 TRAKYA ELEKTRİK PERAKENDE SATIŞ ANONİM ŞİRKETİ,unknown,2026-05-31 21:00:00+03:00,,0.0,chunk_0083.json,POST /v1/generation/data/dpp-bulk,2026-05-31 21:42:50.216869+00:00,5014956,LÜM_SAATLİK_TRAKYA_GÜNEŞ,10959,2026-05-31T21:00:00+03:00,21:00
40X000000010959S,K3 TRAKYA ELEKTRİK PERAKENDE SATIŞ ANONİM ŞİRKETİ,unknown,2026-05-31 22:00:00+03:00,,0.0,chunk_0083.json,POST /v1/generation/data/dpp-bulk,2026-05-31 21:42:50.216869+00:00,5014956,LÜM_SAATLİK_TRAKYA_GÜNEŞ,10959,2026-05-31T22:00:00+03:00,22:00
40X000000010959S,K3 TRAKYA ELEKTRİK PERAKENDE SATIŞ ANONİM ŞİRKETİ,unknown,2026-05-31 23:00:00+03:00,,0.0,chunk_0083.json,POST /v1/generation/data/dpp-bulk,2026-05-31 21:42:50.216869+00:00,5014956,LÜM_SAATLİK_TRAKYA_GÜNEŞ,10959,2026-05-31T23:00:00+03:00,23:00
40X000000103201Y,ERKİM ELEKTRİK ENERJİSİ TİC. A.Ş. (TOPLAYICI),unknown,2026-05-31 00:00:00+03:00,,0.0,chunk_0083.json,POST /v1/generation/data/dpp-bulk,2026-05-31 21:42:50.216869+00:00,5014762,ERKİM-MESKEN - AG - KADEME 2 - 10Y - SAATLIK - TEK TERIMLI - 5.1.C-DB9,103201,2026-05-31T00:00:00+03:00,00:00
40X000000103201Y,ERKİM ELEKTRİK ENERJİSİ TİC. A.Ş. (TOPLAYICI),unknown,2026-05-31 01:00:00+03:00,,0.0,chunk_0083.json,POST /v1/generation/data/dpp-bulk,2026-05-31 21:42:50.216869+00:00,5014762,ERKİM-MESKEN - AG - KADEME 2 - 10Y - SAATLIK - TEK TERIMLI - 5.1.C-DB9,103201,2026-05-31T01:00:00+03:00,01:00
40X000000103201Y,ERKİM ELEKTRİK ENERJİSİ TİC. A.Ş. (TOPLAYICI),unknown,2026-05-31 02:00:00+03:00,,0.0,chunk_0083.json,POST /v1/generation/data/dpp-bulk,2026-05-31 21:42:50.216869+00:00,5014762,ERKİM-MESKEN - AG - KADEME 2 - 10Y - SAATLIK - TEK TERIMLI - 5.1.C-DB9,103201,2026-05-31T02:00:00+03:00,02:00
40X000000103201Y,ERKİM ELEKTRİK ENERJİSİ TİC. A.Ş. (TOPLAYICI),unknown,2026-05-31 03:00:00+03:00,,0.0,chunk_0083.json,POST /v1/generation/data/dpp-bulk,2026-05-31 21:42:50.216869+00:00,5014762,ERKİM-MESKEN - AG - KADEME 2 - 10Y - SAATLIK - TEK TERIMLI - 5.1.C-DB9,103201,2026-05-31T03:00:00+03:00,03:00
40X000000103201Y,ERKİM ELEKTRİK ENERJİSİ TİC. A.Ş. (TOPLAYICI),unknown,2026-05-31 04:00:00+03:00,,0.0,chunk_0083.json,POST /v1/generation/data/dpp-bulk,2026-05-31 21:42:50.216869+00:00,5014762,ERKİM-MESKEN - AG - KADEME 2 - 10Y - SAATLIK - TEK TERIMLI - 5.1.C-DB9,103201,2026-05-31T04:00:00+03:00,04:00
40X000000103201Y,ERKİM ELEKTRİK ENERJİSİ TİC. A.Ş. (TOPLAYICI),unknown,2026-05-31 05:00:00+03:00,,0.0,chunk_0083.json,POST /v1/generation/data/dpp-bulk,2026-05-31 21:42:50.216869+00:00,5014762,ERKİM-MESKEN - AG - KADEME 2 - 10Y - SAATLIK - TEK TERIMLI - 5.1.C-DB9,103201,2026-05-31T05:00:00+03:00,05:00
40X000000103201Y,ERKİM ELEKTRİK ENERJİSİ TİC. A.Ş. (TOPLAYICI),unknown,2026-05-31 06:00:00+03:00,,0.0,chunk_0083.json,POST /v1/generation/data/dpp-bulk,2026-05-31 21:42:50.216869+00:00,5014762,ERKİM-MESKEN - AG - KADEME 2 - 10Y - SAATLIK - TEK TERIMLI - 5.1.C-DB9,103201,2026-05-31T06:00:00+03:00,06:00
40X000000103201Y,ERKİM ELEKTRİK ENERJİSİ TİC. A.Ş. (TOPLAYICI),unknown,2026-05-31 07:00:00+03:00,,0.0,chunk_0083.json,POST /v1/generation/data/dpp-bulk,2026-05-31 21:42:50.216869+00:00,5014762,ERKİM-MESKEN - AG - KADEME 2 - 10Y - SAATLIK - TEK TERIMLI - 5.1.C-DB9,103201,2026-05-31T07:00:00+03:00,07:00
40X000000103201Y,ERKİM ELEKTRİK ENERJİSİ TİC. A.Ş. (TOPLAYICI),unknown,2026-05-31 08:00:00+03:00,,0.0,chunk_0083.json,POST /v1/generation/data/dpp-bulk,2026-05-31 21:42:50.216869+00:00,5014762,ERKİM-MESKEN - AG - KADEME 2 - 10Y - SAATLIK - TEK TERIMLI - 5.1.C-DB9,103201,2026-05-31T08:00:00+03:00,08:00
40X000000103201Y,ERKİM ELEKTRİK ENERJİSİ TİC. A.Ş. (TOPLAYICI),unknown,2026-05-31 09:00:00+03:00,,0.0,chunk_0083.json,POST /v1/generation/data/dpp-bulk,2026-05-31 21:42:50.216869+00:00,5014762,ERKİM-MESKEN - AG - KADEME 2 - 10Y - SAATLIK - TEK TERIMLI - 5.1.C-DB9,103201,2026-05-31T09:00:00+03:00,09:00
40X000000103201Y,ERKİM ELEKTRİK ENERJİSİ TİC. A.Ş. (TOPLAYICI),unknown,2026-05-31 10:00:00+03:00,,0.0,chunk_0083.json,POST /v1/generation/data/dpp-bulk,2026-05-31 21:42:50.216869+00:00,5014762,ERKİM-MESKEN - AG - KADEME 2 - 10Y - SAATLIK - TEK TERIMLI - 5.1.C-DB9,103201,2026-05-31T10:00:00+03:00,10:00
40X000000103201Y,ERKİM ELEKTRİK ENERJİSİ TİC. A.Ş. (TOPLAYICI),unknown,2026-05-31 11:00:00+03:00,,0.0,chunk_0083.json,POST /v1/generation/data/dpp-bulk,2026-05-31 21:42:50.216869+00:00,5014762,ERKİM-MESKEN - AG - KADEME 2 - 10Y - SAATLIK - TEK TERIMLI - 5.1.C-DB9,103201,2026-05-31T11:00:00+03:00,11:00
40X000000103201Y,ERKİM ELEKTRİK ENERJİSİ TİC. A.Ş. (TOPLAYICI),unknown,2026-05-31 12:00:00+03:00,,0.0,chunk_0083.json,POST /v1/generation/data/dpp-bulk,2026-05-31 21:42:50.216869+00:00,5014762,ERKİM-MESKEN - AG - KADEME 2 - 10Y - SAATLIK - TEK TERIMLI - 5.1.C-DB9,103201,2026-05-31T12:00:00+03:00,12:00
40X000000103201Y,ERKİM ELEKTRİK ENERJİSİ TİC. A.Ş. (TOPLAYICI),unknown,2026-05-31 13:00:00+03:00,,0.0,chunk_0083.json,POST /v1/generation/data/dpp-bulk,2026-05-31 21:42:50.216869+00:00,5014762,ERKİM-MESKEN - AG - KADEME 2 - 10Y - SAATLIK - TEK TERIMLI - 5.1.C-DB9,103201,2026-05-31T13:00:00+03:00,13:00
40X000000103201Y,ERKİM ELEKTRİK ENERJİSİ TİC. A.Ş. (TOPLAYICI),unknown,2026-05-31 14:00:00+03:00,,0.0,chunk_0083.json,POST /v1/generation/data/dpp-bulk,2026-05-31 21:42:50.216869+00:00,5014762,ERKİM-MESKEN - AG - KADEME 2 - 10Y - SAATLIK - TEK TERIMLI - 5.1.C-DB9,103201,2026-05-31T14:00:00+03:00,14:00
40X000000103201Y,ERKİM ELEKTRİK ENERJİSİ TİC. A.Ş. (TOPLAYICI),unknown,2026-05-31 15:00:00+03:00,,0.0,chunk_0083.json,POST /v1/generation/data/dpp-bulk,2026-05-31 21:42:50.216869+00:00,5014762,ERKİM-MESKEN - AG - KADEME 2 - 10Y - SAATLIK - TEK TERIMLI - 5.1.C-DB9,103201,2026-05-31T15:00:00+03:00,15:00
40X000000103201Y,ERKİM ELEKTRİK ENERJİSİ TİC. A.Ş. (TOPLAYICI),unknown,2026-05-31 16:00:00+03:00,,0.0,chunk_0083.json,POST /v1/generation/data/dpp-bulk,2026-05-31 21:42:50.216869+00:00,5014762,ERKİM-MESKEN - AG - KADEME 2 - 10Y - SAATLIK - TEK TERIMLI - 5.1.C-DB9,103201,2026-05-31T16:00:00+03:00,16:00
40X000000103201Y,ERKİM ELEKTRİK ENERJİSİ TİC. A.Ş. (TOPLAYICI),unknown,2026-05-31 17:00:00+03:00,,0.0,chunk_0083.json,POST /v1/generation/data/dpp-bulk,2026-05-31 21:42:50.216869+00:00,5014762,ERKİM-MESKEN - AG - KADEME 2 - 10Y - SAATLIK - TEK TERIMLI - 5.1.C-DB9,103201,2026-05-31T17:00:00+03:00,17:00
40X000000103201Y,ERKİM ELEKTRİK ENERJİSİ TİC. A.Ş. (TOPLAYICI),unknown,2026-05-31 18:00:00+03:00,,0.0,chunk_0083.json,POST /v1/generation/data/dpp-bulk,2026-05-31 21:42:50.216869+00:00,5014762,ERKİM-MESKEN - AG - KADEME 2 - 10Y - SAATLIK - TEK TERIMLI - 5.1.C-DB9,103201,2026-05-31T18:00:00+03:00,18:00
40X000000103201Y,ERKİM ELEKTRİK ENERJİSİ TİC. A.Ş. (TOPLAYICI),unknown,2026-05-31 19:00:00+03:00,,0.0,chunk_0083.json,POST /v1/generation/data/dpp-bulk,2026-05-31 21:42:50.216869+00:00,5014762,ERKİM-MESKEN - AG - KADEME 2 - 10Y - SAATLIK - TEK TERIMLI - 5.1.C-DB9,103201,2026-05-31T19:00:00+03:00,19:00
40X000000103201Y,ERKİM ELEKTRİK ENERJİSİ TİC. A.Ş. (TOPLAYICI),unknown,2026-05-31 20:00:00+03:00,,0.0,chunk_0083.json,POST /v1/generation/data/dpp-bulk,2026-05-31 21:42:50.216869+00:00,5014762,ERKİM-MESKEN - AG - KADEME 2 - 10Y - SAATLIK - TEK TERIMLI - 5.1.C-DB9,103201,2026-05-31T20:00:00+03:00,20:00
40X000000103201Y,ERKİM ELEKTRİK ENERJİSİ TİC. A.Ş. (TOPLAYICI),unknown,2026-05-31 21:00:00+03:00,,0.0,chunk_0083.json,POST /v1/generation/data/dpp-bulk,2026-05-31 21:42:50.216869+00:00,5014762,ERKİM-MESKEN - AG - KADEME 2 - 10Y - SAATLIK - TEK TERIMLI - 5.1.C-DB9,103201,2026-05-31T21:00:00+03:00,21:00
40X000000103201Y,ERKİM ELEKTRİK ENERJİSİ TİC. A.Ş. (TOPLAYICI),unknown,2026-05-31 22:00:00+03:00,,0.0,chunk_0083.json,POST /v1/generation/data/dpp-bulk,2026-05-31 21:42:50.216869+00:00,5014762,ERKİM-MESKEN - AG - KADEME 2 - 10Y - SAATLIK - TEK TERIMLI - 5.1.C-DB9,103201,2026-05-31T22:00:00+03:00,22:00
40X000000103201Y,ERKİM ELEKTRİK ENERJİSİ TİC. A.Ş. (TOPLAYICI),unknown,2026-05-31 23:00:00+03:00,,0.0,chunk_0083.json,POST /v1/generation/data/dpp-bulk,2026-05-31 21:42:50.216869+00:00,5014762,ERKİM-MESKEN - AG - KADEME 2 - 10Y - SAATLIK - TEK TERIMLI - 5.1.C-DB9,103201,2026-05-31T23:00:00+03:00,23:00
40X000000104481Y,TÜRKİYE PETROLLERİ ANONİM ORTAKLIĞI,unknown,2026-05-31 00:00:00+03:00,,0.0,chunk_0083.json,POST /v1/generation/data/dpp-bulk,2026-05-31 21:42:50.216869+00:00,5014821,FİLYOS ENERJİ SANTRALİ ÜRETİM TESİSLERİ,104481,2026-05-31T00:00:00+03:00,00:00
40X000000104481Y,TÜRKİYE PETROLLERİ ANONİM ORTAKLIĞI,unknown,2026-05-31 01:00:00+03:00,,0.0,chunk_0083.json,POST /v1/generation/data/dpp-bulk,2026-05-31 21:42:50.216869+00:00,5014821,FİLYOS ENERJİ SANTRALİ ÜRETİM TESİSLERİ,104481,2026-05-31T01:00:00+03:00,01:00
40X000000104481Y,TÜRKİYE PETROLLERİ ANONİM ORTAKLIĞI,unknown,2026-05-31 02:00:00+03:00,,0.0,chunk_0083.json,POST /v1/generation/data/dpp-bulk,2026-05-31 21:42:50.216869+00:00,5014821,FİLYOS ENERJİ SANTRALİ ÜRETİM TESİSLERİ,104481,2026-05-31T02:00:00+03:00,02:00
40X000000104481Y,TÜRKİYE PETROLLERİ ANONİM ORTAKLIĞI,unknown,2026-05-31 03:00:00+03:00,,0.0,chunk_0083.json,POST /v1/generation/data/dpp-bulk,2026-05-31 21:42:50.216869+00:00,5014821,FİLYOS ENERJİ SANTRALİ ÜRETİM TESİSLERİ,104481,2026-05-31T03:00:00+03:00,03:00
40X000000104481Y,TÜRKİYE PETROLLERİ ANONİM ORTAKLIĞI,unknown,2026-05-31 04:00:00+03:00,,0.0,chunk_0083.json,POST /v1/generation/data/dpp-bulk,2026-05-31 21:42:50.216869+00:00,5014821,FİLYOS ENERJİ SANTRALİ ÜRETİM TESİSLERİ,104481,2026-05-31T04:00:00+03:00,04:00
40X000000104481Y,TÜRKİYE PETROLLERİ ANONİM ORTAKLIĞI,unknown,2026-05-31 05:00:00+03:00,,0.0,chunk_0083.json,POST /v1/generation/data/dpp-bulk,2026-05-31 21:42:50.216869+00:00,5014821,FİLYOS ENERJİ SANTRALİ ÜRETİM TESİSLERİ,104481,2026-05-31T05:00:00+03:00,05:00
40X000000104481Y,TÜRKİYE PETROLLERİ ANONİM ORTAKLIĞI,unknown,2026-05-31 06:00:00+03:00,,0.0,chunk_0083.json,POST /v1/generation/data/dpp-bulk,2026-05-31 21:42:50.216869+00:00,5014821,FİLYOS ENERJİ SANTRALİ ÜRETİM TESİSLERİ,104481,2026-05-31T06:00:00+03:00,06:00
40X000000104481Y,TÜRKİYE PETROLLERİ ANONİM ORTAKLIĞI,unknown,2026-05-31 07:00:00+03:00,,0.0,chunk_0083.json,POST /v1/generation/data/dpp-bulk,2026-05-31 21:42:50.216869+00:00,5014821,FİLYOS ENERJİ SANTRALİ ÜRETİM TESİSLERİ,104481,2026-05-31T07:00:00+03:00,07:00
40X000000104481Y,TÜRKİYE PETROLLERİ ANONİM ORTAKLIĞI,unknown,2026-05-31 08:00:00+03:00,,0.0,chunk_0083.json,POST /v1/generation/data/dpp-bulk,2026-05-31 21:42:50.216869+00:00,5014821,FİLYOS ENERJİ SANTRALİ ÜRETİM TESİSLERİ,104481,2026-05-31T08:00:00+03:00,08:00
40X000000104481Y,TÜRKİYE PETROLLERİ ANONİM ORTAKLIĞI,unknown,2026-05-31 09:00:00+03:00,,0.0,chunk_0083.json,POST /v1/generation/data/dpp-bulk,2026-05-31 21:42:50.216869+00:00,5014821,FİLYOS ENERJİ SANTRALİ ÜRETİM TESİSLERİ,104481,2026-05-31T09:00:00+03:00,09:00
40X000000104481Y,TÜRKİYE PETROLLERİ ANONİM ORTAKLIĞI,unknown,2026-05-31 10:00:00+03:00,,0.0,chunk_0083.json,POST /v1/generation/data/dpp-bulk,2026-05-31 21:42:50.216869+00:00,5014821,FİLYOS ENERJİ SANTRALİ ÜRETİM TESİSLERİ,104481,2026-05-31T10:00:00+03:00,10:00
40X000000104481Y,TÜRKİYE PETROLLERİ ANONİM ORTAKLIĞI,unknown,2026-05-31 11:00:00+03:00,,0.0,chunk_0083.json,POST /v1/generation/data/dpp-bulk,2026-05-31 21:42:50.216869+00:00,5014821,FİLYOS ENERJİ SANTRALİ ÜRETİM TESİSLERİ,104481,2026-05-31T11:00:00+03:00,11:00
40X000000104481Y,TÜRKİYE PETROLLERİ ANONİM ORTAKLIĞI,unknown,2026-05-31 12:00:00+03:00,,0.0,chunk_0083.json,POST /v1/generation/data/dpp-bulk,2026-05-31 21:42:50.216869+00:00,5014821,FİLYOS ENERJİ SANTRALİ ÜRETİM TESİSLERİ,104481,2026-05-31T12:00:00+03:00,12:00
40X000000104481Y,TÜRKİYE PETROLLERİ ANONİM ORTAKLIĞI,unknown,2026-05-31 13:00:00+03:00,,0.0,chunk_0083.json,POST /v1/generation/data/dpp-bulk,2026-05-31 21:42:50.216869+00:00,5014821,FİLYOS ENERJİ SANTRALİ ÜRETİM TESİSLERİ,104481,2026-05-31T13:00:00+03:00,13:00
40X000000104481Y,TÜRKİYE PETROLLERİ ANONİM ORTAKLIĞI,unknown,2026-05-31 14:00:00+03:00,,0.0,chunk_0083.json,POST /v1/generation/data/dpp-bulk,2026-05-31 21:42:50.216869+00:00,5014821,FİLYOS ENERJİ SANTRALİ ÜRETİM TESİSLERİ,104481,2026-05-31T14:00:00+03:00,14:00
40X000000104481Y,TÜRKİYE PETROLLERİ ANONİM ORTAKLIĞI,unknown,2026-05-31 15:00:00+03:00,,0.0,chunk_0083.json,POST /v1/generation/data/dpp-bulk,2026-05-31 21:42:50.216869+00:00,5014821,FİLYOS ENERJİ SANTRALİ ÜRETİM TESİSLERİ,104481,2026-05-31T15:00:00+03:00,15:00
40X000000104481Y,TÜRKİYE PETROLLERİ ANONİM ORTAKLIĞI,unknown,2026-05-31 16:00:00+03:00,,0.0,chunk_0083.json,POST /v1/generation/data/dpp-bulk,2026-05-31 21:42:50.216869+00:00,5014821,FİLYOS ENERJİ SANTRALİ ÜRETİM TESİSLERİ,104481,2026-05-31T16:00:00+03:00,16:00
40X000000104481Y,TÜRKİYE PETROLLERİ ANONİM ORTAKLIĞI,unknown,2026-05-31 17:00:00+03:00,,0.0,chunk_0083.json,POST /v1/generation/data/dpp-bulk,2026-05-31 21:42:50.216869+00:00,5014821,FİLYOS ENERJİ SANTRALİ ÜRETİM TESİSLERİ,104481,2026-05-31T17:00:00+03:00,17:00
40X000000104481Y,TÜRKİYE PETROLLERİ ANONİM ORTAKLIĞI,unknown,2026-05-31 18:00:00+03:00,,0.0,chunk_0083.json,POST /v1/generation/data/dpp-bulk,2026-05-31 21:42:50.216869+00:00,5014821,FİLYOS ENERJİ SANTRALİ ÜRETİM TESİSLERİ,104481,2026-05-31T18:00:00+03:00,18:00
40X000000104481Y,TÜRKİYE PETROLLERİ ANONİM ORTAKLIĞI,unknown,2026-05-31 19:00:00+03:00,,0.0,chunk_0083.json,POST /v1/generation/data/dpp-bulk,2026-05-31 21:42:50.216869+00:00,5014821,FİLYOS ENERJİ SANTRALİ ÜRETİM TESİSLERİ,104481,2026-05-31T19:00:00+03:00,19:00
40X000000104481Y,TÜRKİYE PETROLLERİ ANONİM ORTAKLIĞI,unknown,2026-05-31 20:00:00+03:00,,0.0,chunk_0083.json,POST /v1/generation/data/dpp-bulk,2026-05-31 21:42:50.216869+00:00,5014821,FİLYOS ENERJİ SANTRALİ ÜRETİM TESİSLERİ,104481,2026-05-31T20:00:00+03:00,20:00
40X000000104481Y,TÜRKİYE PETROLLERİ ANONİM ORTAKLIĞI,unknown,2026-05-31 21:00:00+03:00,,0.0,chunk_0083.json,POST /v1/generation/data/dpp-bulk,2026-05-31 21:42:50.216869+00:00,5014821,FİLYOS ENERJİ SANTRALİ ÜRETİM TESİSLERİ,104481,2026-05-31T21:00:00+03:00,21:00
40X000000104481Y,TÜRKİYE PETROLLERİ ANONİM ORTAKLIĞI,unknown,2026-05-31 22:00:00+03:00,,0.0,chunk_0083.json,POST /v1/generation/data/dpp-bulk,2026-05-31 21:42:50.216869+00:00,5014821,FİLYOS ENERJİ SANTRALİ ÜRETİM TESİSLERİ,104481,2026-05-31T22:00:00+03:00,22:00
40X000000104481Y,TÜRKİYE PETROLLERİ ANONİM ORTAKLIĞI,unknown,2026-05-31 23:00:00+03:00,,0.0,chunk_0083.json,POST /v1/generation/data/dpp-bulk,2026-05-31 21:42:50.216869+00:00,5014821,FİLYOS ENERJİ SANTRALİ ÜRETİM TESİSLERİ,104481,2026-05-31T23:00:00+03:00,23:00
40X000000105502A,EŞREF ENERJİ ÜRETİM A.Ş.,unknown,2026-05-31 00:00:00+03:00,,0.0,chunk_0083.json,POST /v1/generation/data/dpp-bulk,2026-05-31 21:42:50.216869+00:00,5014863,ELMACIK RES,105502,2026-05-31T00:00:00+03:00,00:00
40X000000105502A,EŞREF ENERJİ ÜRETİM A.Ş.,unknown,2026-05-31 01:00:00+03:00,,0.0,chunk_0083.json,POST /v1/generation/data/dpp-bulk,2026-05-31 21:42:50.216869+00:00,5014863,ELMACIK RES,105502,2026-05-31T01:00:00+03:00,01:00
40X000000105502A,EŞREF ENERJİ ÜRETİM A.Ş.,unknown,2026-05-31 02:00:00+03:00,,0.0,chunk_0083.json,POST /v1/generation/data/dpp-bulk,2026-05-31 21:42:50.216869+00:00,5014863,ELMACIK RES,105502,2026-05-31T02:00:00+03:00,02:00
40X000000105502A,EŞREF ENERJİ ÜRETİM A.Ş.,unknown,2026-05-31 03:00:00+03:00,,0.0,chunk_0083.json,POST /v1/generation/data/dpp-bulk,2026-05-31 21:42:50.216869+00:00,5014863,ELMACIK RES,105502,2026-05-31T03:00:00+03:00,03:00
40X000000105502A,EŞREF ENERJİ ÜRETİM A.Ş.,unknown,2026-05-31 04:00:00+03:00,,0.0,chunk_0083.json,POST /v1/generation/data/dpp-bulk,2026-05-31 21:42:50.216869+00:00,5014863,ELMACIK RES,105502,2026-05-31T04:00:00+03:00,04:00
40X000000105502A,EŞREF ENERJİ ÜRETİM A.Ş.,unknown,2026-05-31 05:00:00+03:00,,0.0,chunk_0083.json,POST /v1/generation/data/dpp-bulk,2026-05-31 21:42:50.216869+00:00,5014863,ELMACIK RES,105502,2026-05-31T05:00:00+03:00,05:00
40X000000105502A,EŞREF ENERJİ ÜRETİM A.Ş.,unknown,2026-05-31 06:00:00+03:00,,0.0,chunk_0083.json,POST /v1/generation/data/dpp-bulk,2026-05-31 21:42:50.216869+00:00,5014863,ELMACIK RES,105502,2026-05-31T06:00:00+03:00,06:00
40X000000105502A,EŞREF ENERJİ ÜRETİM A.Ş.,unknown,2026-05-31 07:00:00+03:00,,0.0,chunk_0083.json,POST /v1/generation/data/dpp-bulk,2026-05-31 21:42:50.216869+00:00,5014863,ELMACIK RES,105502,2026-05-31T07:00:00+03:00,07:00
40X000000105502A,EŞREF ENERJİ ÜRETİM A.Ş.,unknown,2026-05-31 08:00:00+03:00,,0.0,chunk_0083.json,POST /v1/generation/data/dpp-bulk,2026-05-31 21:42:50.216869+00:00,5014863,ELMACIK RES,105502,2026-05-31T08:00:00+03:00,08:00
40X000000105502A,EŞREF ENERJİ ÜRETİM A.Ş.,unknown,2026-05-31 09:00:00+03:00,,0.0,chunk_0083.json,POST /v1/generation/data/dpp-bulk,2026-05-31 21:42:50.216869+00:00,5014863,ELMACIK RES,105502,2026-05-31T09:00:00+03:00,09:00
40X000000105502A,EŞREF ENERJİ ÜRETİM A.Ş.,unknown,2026-05-31 10:00:00+03:00,,0.0,chunk_0083.json,POST /v1/generation/data/dpp-bulk,2026-05-31 21:42:50.216869+00:00,5014863,ELMACIK RES,105502,2026-05-31T10:00:00+03:00,10:00
40X000000105502A,EŞREF ENERJİ ÜRETİM A.Ş.,unknown,2026-05-31 11:00:00+03:00,,0.0,chunk_0083.json,POST /v1/generation/data/dpp-bulk,2026-05-31 21:42:50.216869+00:00,5014863,ELMACIK RES,105502,2026-05-31T11:00:00+03:00,11:00
40X000000105502A,EŞREF ENERJİ ÜRETİM A.Ş.,unknown,2026-05-31 12:00:00+03:00,,0.0,chunk_0083.json,POST /v1/generation/data/dpp-bulk,2026-05-31 21:42:50.216869+00:00,5014863,ELMACIK RES,105502,2026-05-31T12:00:00+03:00,12:00
40X000000105502A,EŞREF ENERJİ ÜRETİM A.Ş.,unknown,2026-05-31 13:00:00+03:00,,0.0,chunk_0083.json,POST /v1/generation/data/dpp-bulk,2026-05-31 21:42:50.216869+00:00,5014863,ELMACIK RES,105502,2026-05-31T13:00:00+03:00,13:00
40X000000105502A,EŞREF ENERJİ ÜRETİM A.Ş.,unknown,2026-05-31 14:00:00+03:00,,0.0,chunk_0083.json,POST /v1/generation/data/dpp-bulk,2026-05-31 21:42:50.216869+00:00,5014863,ELMACIK RES,105502,2026-05-31T14:00:00+03:00,14:00
40X000000105502A,EŞREF ENERJİ ÜRETİM A.Ş.,unknown,2026-05-31 15:00:00+03:00,,0.0,chunk_0083.json,POST /v1/generation/data/dpp-bulk,2026-05-31 21:42:50.216869+00:00,5014863,ELMACIK RES,105502,2026-05-31T15:00:00+03:00,15:00
40X000000105502A,EŞREF ENERJİ ÜRETİM A.Ş.,unknown,2026-05-31 16:00:00+03:00,,0.0,chunk_0083.json,POST /v1/generation/data/dpp-bulk,2026-05-31 21:42:50.216869+00:00,5014863,ELMACIK RES,105502,2026-05-31T16:00:00+03:00,16:00
40X000000105502A,EŞREF ENERJİ ÜRETİM A.Ş.,unknown,2026-05-31 17:00:00+03:00,,0.0,chunk_0083.json,POST /v1/generation/data/dpp-bulk,2026-05-31 21:42:50.216869+00:00,5014863,ELMACIK RES,105502,2026-05-31T17:00:00+03:00,17:00
40X000000105502A,EŞREF ENERJİ ÜRETİM A.Ş.,unknown,2026-05-31 18:00:00+03:00,,0.0,chunk_0083.json,POST /v1/generation/data/dpp-bulk,2026-05-31 21:42:50.216869+00:00,5014863,ELMACIK RES,105502,2026-05-31T18:00:00+03:00,18:00
40X000000105502A,EŞREF ENERJİ ÜRETİM A.Ş.,unknown,2026-05-31 19:00:00+03:00,,2.71,chunk_0083.json,POST /v1/generation/data/dpp-bulk,2026-05-31 21:42:50.216869+00:00,5014863,ELMACIK RES,105502,2026-05-31T19:00:00+03:00,19:00
40X000000105502A,EŞREF ENERJİ ÜRETİM A.Ş.,unknown,2026-05-31 20:00:00+03:00,,3.84,chunk_0083.json,POST /v1/generation/data/dpp-bulk,2026-05-31 21:42:50.216869+00:00,5014863,ELMACIK RES,105502,2026-05-31T20:00:00+03:00,20:00
40X000000105502A,EŞREF ENERJİ ÜRETİM A.Ş.,unknown,2026-05-31 21:00:00+03:00,,4.29,chunk_0083.json,POST /v1/generation/data/dpp-bulk,2026-05-31 21:42:50.216869+00:00,5014863,ELMACIK RES,105502,2026-05-31T21:00:00+03:00,21:00
40X000000105502A,EŞREF ENERJİ ÜRETİM A.Ş.,unknown,2026-05-31 22:00:00+03:00,,4.31,chunk_0083.json,POST /v1/generation/data/dpp-bulk,2026-05-31 21:42:50.216869+00:00,5014863,ELMACIK RES,105502,2026-05-31T22:00:00+03:00,22:00
40X000000105502A,EŞREF ENERJİ ÜRETİM A.Ş.,unknown,2026-05-31 23:00:00+03:00,,4.71,chunk_0083.json,POST /v1/generation/data/dpp-bulk,2026-05-31 21:42:50.216869+00:00,5014863,ELMACIK RES,105502,2026-05-31T23:00:00+03:00,23:00
