entsoe_code,plant_name,fuel_type,delivery_hour,publication_timestamp,kgup_mwh,source_file,source_api,forecast_timestamp,uevcb_id,uevcb_name,org_id,date_raw,time_raw
40X0000000005009,KALEN ENERJİ  ELEKTRİK ÜRETİM A.Ş.,unknown,2026-05-31 00:00:00+03:00,,27.0,chunk_0075.json,POST /v1/generation/data/dpp-bulk,2026-05-31 21:42:42.682302+00:00,5002541,R3-ORDU-4 RES,500,2026-05-31T00:00:00+03:00,00:00
40X0000000005009,KALEN ENERJİ  ELEKTRİK ÜRETİM A.Ş.,unknown,2026-05-31 01:00:00+03:00,,26.6,chunk_0075.json,POST /v1/generation/data/dpp-bulk,2026-05-31 21:42:42.682302+00:00,5002541,R3-ORDU-4 RES,500,2026-05-31T01:00:00+03:00,01:00
40X0000000005009,KALEN ENERJİ  ELEKTRİK ÜRETİM A.Ş.,unknown,2026-05-31 02:00:00+03:00,,26.3,chunk_0075.json,POST /v1/generation/data/dpp-bulk,2026-05-31 21:42:42.682302+00:00,5002541,R3-ORDU-4 RES,500,2026-05-31T02:00:00+03:00,02:00
40X0000000005009,KALEN ENERJİ  ELEKTRİK ÜRETİM A.Ş.,unknown,2026-05-31 03:00:00+03:00,,26.5,chunk_0075.json,POST /v1/generation/data/dpp-bulk,2026-05-31 21:42:42.682302+00:00,5002541,R3-ORDU-4 RES,500,2026-05-31T03:00:00+03:00,03:00
40X0000000005009,KALEN ENERJİ  ELEKTRİK ÜRETİM A.Ş.,unknown,2026-05-31 04:00:00+03:00,,20.9,chunk_0075.json,POST /v1/generation/data/dpp-bulk,2026-05-31 21:42:42.682302+00:00,5002541,R3-ORDU-4 RES,500,2026-05-31T04:00:00+03:00,04:00
40X0000000005009,KALEN ENERJİ  ELEKTRİK ÜRETİM A.Ş.,unknown,2026-05-31 05:00:00+03:00,,19.6,chunk_0075.json,POST /v1/generation/data/dpp-bulk,2026-05-31 21:42:42.682302+00:00,5002541,R3-ORDU-4 RES,500,2026-05-31T05:00:00+03:00,05:00
40X0000000005009,KALEN ENERJİ  ELEKTRİK ÜRETİM A.Ş.,unknown,2026-05-31 06:00:00+03:00,,0.0,chunk_0075.json,POST /v1/generation/data/dpp-bulk,2026-05-31 21:42:42.682302+00:00,5002541,R3-ORDU-4 RES,500,2026-05-31T06:00:00+03:00,06:00
40X0000000005009,KALEN ENERJİ  ELEKTRİK ÜRETİM A.Ş.,unknown,2026-05-31 07:00:00+03:00,,0.0,chunk_0075.json,POST /v1/generation/data/dpp-bulk,2026-05-31 21:42:42.682302+00:00,5002541,R3-ORDU-4 RES,500,2026-05-31T07:00:00+03:00,07:00
40X0000000005009,KALEN ENERJİ  ELEKTRİK ÜRETİM A.Ş.,unknown,2026-05-31 08:00:00+03:00,,0.0,chunk_0075.json,POST /v1/generation/data/dpp-bulk,2026-05-31 21:42:42.682302+00:00,5002541,R3-ORDU-4 RES,500,2026-05-31T08:00:00+03:00,08:00
40X0000000005009,KALEN ENERJİ  ELEKTRİK ÜRETİM A.Ş.,unknown,2026-05-31 09:00:00+03:00,,0.0,chunk_0075.json,POST /v1/generation/data/dpp-bulk,2026-05-31 21:42:42.682302+00:00,5002541,R3-ORDU-4 RES,500,2026-05-31T09:00:00+03:00,09:00
40X0000000005009,KALEN ENERJİ  ELEKTRİK ÜRETİM A.Ş.,unknown,2026-05-31 10:00:00+03:00,,0.0,chunk_0075.json,POST /v1/generation/data/dpp-bulk,2026-05-31 21:42:42.682302+00:00,5002541,R3-ORDU-4 RES,500,2026-05-31T10:00:00+03:00,10:00
40X0000000005009,KALEN ENERJİ  ELEKTRİK ÜRETİM A.Ş.,unknown,2026-05-31 11:00:00+03:00,,0.0,chunk_0075.json,POST /v1/generation/data/dpp-bulk,2026-05-31 21:42:42.682302+00:00,5002541,R3-ORDU-4 RES,500,2026-05-31T11:00:00+03:00,11:00
40X0000000005009,KALEN ENERJİ  ELEKTRİK ÜRETİM A.Ş.,unknown,2026-05-31 12:00:00+03:00,,0.0,chunk_0075.json,POST /v1/generation/data/dpp-bulk,2026-05-31 21:42:42.682302+00:00,5002541,R3-ORDU-4 RES,500,2026-05-31T12:00:00+03:00,12:00
40X0000000005009,KALEN ENERJİ  ELEKTRİK ÜRETİM A.Ş.,unknown,2026-05-31 13:00:00+03:00,,0.0,chunk_0075.json,POST /v1/generation/data/dpp-bulk,2026-05-31 21:42:42.682302+00:00,5002541,R3-ORDU-4 RES,500,2026-05-31T13:00:00+03:00,13:00
40X0000000005009,KALEN ENERJİ  ELEKTRİK ÜRETİM A.Ş.,unknown,2026-05-31 14:00:00+03:00,,0.0,chunk_0075.json,POST /v1/generation/data/dpp-bulk,2026-05-31 21:42:42.682302+00:00,5002541,R3-ORDU-4 RES,500,2026-05-31T14:00:00+03:00,14:00
40X0000000005009,KALEN ENERJİ  ELEKTRİK ÜRETİM A.Ş.,unknown,2026-05-31 15:00:00+03:00,,0.0,chunk_0075.json,POST /v1/generation/data/dpp-bulk,2026-05-31 21:42:42.682302+00:00,5002541,R3-ORDU-4 RES,500,2026-05-31T15:00:00+03:00,15:00
40X0000000005009,KALEN ENERJİ  ELEKTRİK ÜRETİM A.Ş.,unknown,2026-05-31 16:00:00+03:00,,0.0,chunk_0075.json,POST /v1/generation/data/dpp-bulk,2026-05-31 21:42:42.682302+00:00,5002541,R3-ORDU-4 RES,500,2026-05-31T16:00:00+03:00,16:00
40X0000000005009,KALEN ENERJİ  ELEKTRİK ÜRETİM A.Ş.,unknown,2026-05-31 17:00:00+03:00,,0.0,chunk_0075.json,POST /v1/generation/data/dpp-bulk,2026-05-31 21:42:42.682302+00:00,5002541,R3-ORDU-4 RES,500,2026-05-31T17:00:00+03:00,17:00
40X0000000005009,KALEN ENERJİ  ELEKTRİK ÜRETİM A.Ş.,unknown,2026-05-31 18:00:00+03:00,,2.1,chunk_0075.json,POST /v1/generation/data/dpp-bulk,2026-05-31 21:42:42.682302+00:00,5002541,R3-ORDU-4 RES,500,2026-05-31T18:00:00+03:00,18:00
40X0000000005009,KALEN ENERJİ  ELEKTRİK ÜRETİM A.Ş.,unknown,2026-05-31 19:00:00+03:00,,2.0,chunk_0075.json,POST /v1/generation/data/dpp-bulk,2026-05-31 21:42:42.682302+00:00,5002541,R3-ORDU-4 RES,500,2026-05-31T19:00:00+03:00,19:00
40X0000000005009,KALEN ENERJİ  ELEKTRİK ÜRETİM A.Ş.,unknown,2026-05-31 20:00:00+03:00,,3.2,chunk_0075.json,POST /v1/generation/data/dpp-bulk,2026-05-31 21:42:42.682302+00:00,5002541,R3-ORDU-4 RES,500,2026-05-31T20:00:00+03:00,20:00
40X0000000005009,KALEN ENERJİ  ELEKTRİK ÜRETİM A.Ş.,unknown,2026-05-31 21:00:00+03:00,,5.3,chunk_0075.json,POST /v1/generation/data/dpp-bulk,2026-05-31 21:42:42.682302+00:00,5002541,R3-ORDU-4 RES,500,2026-05-31T21:00:00+03:00,21:00
40X0000000005009,KALEN ENERJİ  ELEKTRİK ÜRETİM A.Ş.,unknown,2026-05-31 22:00:00+03:00,,8.8,chunk_0075.json,POST /v1/generation/data/dpp-bulk,2026-05-31 21:42:42.682302+00:00,5002541,R3-ORDU-4 RES,500,2026-05-31T22:00:00+03:00,22:00
40X0000000005009,KALEN ENERJİ  ELEKTRİK ÜRETİM A.Ş.,unknown,2026-05-31 23:00:00+03:00,,12.1,chunk_0075.json,POST /v1/generation/data/dpp-bulk,2026-05-31 21:42:42.682302+00:00,5002541,R3-ORDU-4 RES,500,2026-05-31T23:00:00+03:00,23:00
40X0000000109290,K3 SAKARYA ELEKTRIK PERAKENDE SATIS A.S.,unknown,2026-05-31 00:00:00+03:00,,0.0,chunk_0075.json,POST /v1/generation/data/dpp-bulk,2026-05-31 21:42:42.682302+00:00,5001661,SANAYI - ORTA GERILIM - 10Y - SAATLIK - TEK TERIMLI - 5.1.C,10929,2026-05-31T00:00:00+03:00,00:00
40X0000000109290,K3 SAKARYA ELEKTRIK PERAKENDE SATIS A.S.,unknown,2026-05-31 01:00:00+03:00,,0.0,chunk_0075.json,POST /v1/generation/data/dpp-bulk,2026-05-31 21:42:42.682302+00:00,5001661,SANAYI - ORTA GERILIM - 10Y - SAATLIK - TEK TERIMLI - 5.1.C,10929,2026-05-31T01:00:00+03:00,01:00
40X0000000109290,K3 SAKARYA ELEKTRIK PERAKENDE SATIS A.S.,unknown,2026-05-31 02:00:00+03:00,,0.0,chunk_0075.json,POST /v1/generation/data/dpp-bulk,2026-05-31 21:42:42.682302+00:00,5001661,SANAYI - ORTA GERILIM - 10Y - SAATLIK - TEK TERIMLI - 5.1.C,10929,2026-05-31T02:00:00+03:00,02:00
40X0000000109290,K3 SAKARYA ELEKTRIK PERAKENDE SATIS A.S.,unknown,2026-05-31 03:00:00+03:00,,0.0,chunk_0075.json,POST /v1/generation/data/dpp-bulk,2026-05-31 21:42:42.682302+00:00,5001661,SANAYI - ORTA GERILIM - 10Y - SAATLIK - TEK TERIMLI - 5.1.C,10929,2026-05-31T03:00:00+03:00,03:00
40X0000000109290,K3 SAKARYA ELEKTRIK PERAKENDE SATIS A.S.,unknown,2026-05-31 04:00:00+03:00,,0.0,chunk_0075.json,POST /v1/generation/data/dpp-bulk,2026-05-31 21:42:42.682302+00:00,5001661,SANAYI - ORTA GERILIM - 10Y - SAATLIK - TEK TERIMLI - 5.1.C,10929,2026-05-31T04:00:00+03:00,04:00
40X0000000109290,K3 SAKARYA ELEKTRIK PERAKENDE SATIS A.S.,unknown,2026-05-31 05:00:00+03:00,,0.0,chunk_0075.json,POST /v1/generation/data/dpp-bulk,2026-05-31 21:42:42.682302+00:00,5001661,SANAYI - ORTA GERILIM - 10Y - SAATLIK - TEK TERIMLI - 5.1.C,10929,2026-05-31T05:00:00+03:00,05:00
40X0000000109290,K3 SAKARYA ELEKTRIK PERAKENDE SATIS A.S.,unknown,2026-05-31 06:00:00+03:00,,0.0,chunk_0075.json,POST /v1/generation/data/dpp-bulk,2026-05-31 21:42:42.682302+00:00,5001661,SANAYI - ORTA GERILIM - 10Y - SAATLIK - TEK TERIMLI - 5.1.C,10929,2026-05-31T06:00:00+03:00,06:00
40X0000000109290,K3 SAKARYA ELEKTRIK PERAKENDE SATIS A.S.,unknown,2026-05-31 07:00:00+03:00,,0.0,chunk_0075.json,POST /v1/generation/data/dpp-bulk,2026-05-31 21:42:42.682302+00:00,5001661,SANAYI - ORTA GERILIM - 10Y - SAATLIK - TEK TERIMLI - 5.1.C,10929,2026-05-31T07:00:00+03:00,07:00
40X0000000109290,K3 SAKARYA ELEKTRIK PERAKENDE SATIS A.S.,unknown,2026-05-31 08:00:00+03:00,,0.0,chunk_0075.json,POST /v1/generation/data/dpp-bulk,2026-05-31 21:42:42.682302+00:00,5001661,SANAYI - ORTA GERILIM - 10Y - SAATLIK - TEK TERIMLI - 5.1.C,10929,2026-05-31T08:00:00+03:00,08:00
40X0000000109290,K3 SAKARYA ELEKTRIK PERAKENDE SATIS A.S.,unknown,2026-05-31 09:00:00+03:00,,0.0,chunk_0075.json,POST /v1/generation/data/dpp-bulk,2026-05-31 21:42:42.682302+00:00,5001661,SANAYI - ORTA GERILIM - 10Y - SAATLIK - TEK TERIMLI - 5.1.C,10929,2026-05-31T09:00:00+03:00,09:00
40X0000000109290,K3 SAKARYA ELEKTRIK PERAKENDE SATIS A.S.,unknown,2026-05-31 10:00:00+03:00,,0.0,chunk_0075.json,POST /v1/generation/data/dpp-bulk,2026-05-31 21:42:42.682302+00:00,5001661,SANAYI - ORTA GERILIM - 10Y - SAATLIK - TEK TERIMLI - 5.1.C,10929,2026-05-31T10:00:00+03:00,10:00
40X0000000109290,K3 SAKARYA ELEKTRIK PERAKENDE SATIS A.S.,unknown,2026-05-31 11:00:00+03:00,,0.0,chunk_0075.json,POST /v1/generation/data/dpp-bulk,2026-05-31 21:42:42.682302+00:00,5001661,SANAYI - ORTA GERILIM - 10Y - SAATLIK - TEK TERIMLI - 5.1.C,10929,2026-05-31T11:00:00+03:00,11:00
40X0000000109290,K3 SAKARYA ELEKTRIK PERAKENDE SATIS A.S.,unknown,2026-05-31 12:00:00+03:00,,0.0,chunk_0075.json,POST /v1/generation/data/dpp-bulk,2026-05-31 21:42:42.682302+00:00,5001661,SANAYI - ORTA GERILIM - 10Y - SAATLIK - TEK TERIMLI - 5.1.C,10929,2026-05-31T12:00:00+03:00,12:00
40X0000000109290,K3 SAKARYA ELEKTRIK PERAKENDE SATIS A.S.,unknown,2026-05-31 13:00:00+03:00,,0.0,chunk_0075.json,POST /v1/generation/data/dpp-bulk,2026-05-31 21:42:42.682302+00:00,5001661,SANAYI - ORTA GERILIM - 10Y - SAATLIK - TEK TERIMLI - 5.1.C,10929,2026-05-31T13:00:00+03:00,13:00
40X0000000109290,K3 SAKARYA ELEKTRIK PERAKENDE SATIS A.S.,unknown,2026-05-31 14:00:00+03:00,,0.0,chunk_0075.json,POST /v1/generation/data/dpp-bulk,2026-05-31 21:42:42.682302+00:00,5001661,SANAYI - ORTA GERILIM - 10Y - SAATLIK - TEK TERIMLI - 5.1.C,10929,2026-05-31T14:00:00+03:00,14:00
40X0000000109290,K3 SAKARYA ELEKTRIK PERAKENDE SATIS A.S.,unknown,2026-05-31 15:00:00+03:00,,0.0,chunk_0075.json,POST /v1/generation/data/dpp-bulk,2026-05-31 21:42:42.682302+00:00,5001661,SANAYI - ORTA GERILIM - 10Y - SAATLIK - TEK TERIMLI - 5.1.C,10929,2026-05-31T15:00:00+03:00,15:00
40X0000000109290,K3 SAKARYA ELEKTRIK PERAKENDE SATIS A.S.,unknown,2026-05-31 16:00:00+03:00,,0.0,chunk_0075.json,POST /v1/generation/data/dpp-bulk,2026-05-31 21:42:42.682302+00:00,5001661,SANAYI - ORTA GERILIM - 10Y - SAATLIK - TEK TERIMLI - 5.1.C,10929,2026-05-31T16:00:00+03:00,16:00
40X0000000109290,K3 SAKARYA ELEKTRIK PERAKENDE SATIS A.S.,unknown,2026-05-31 17:00:00+03:00,,0.0,chunk_0075.json,POST /v1/generation/data/dpp-bulk,2026-05-31 21:42:42.682302+00:00,5001661,SANAYI - ORTA GERILIM - 10Y - SAATLIK - TEK TERIMLI - 5.1.C,10929,2026-05-31T17:00:00+03:00,17:00
40X0000000109290,K3 SAKARYA ELEKTRIK PERAKENDE SATIS A.S.,unknown,2026-05-31 18:00:00+03:00,,0.0,chunk_0075.json,POST /v1/generation/data/dpp-bulk,2026-05-31 21:42:42.682302+00:00,5001661,SANAYI - ORTA GERILIM - 10Y - SAATLIK - TEK TERIMLI - 5.1.C,10929,2026-05-31T18:00:00+03:00,18:00
40X0000000109290,K3 SAKARYA ELEKTRIK PERAKENDE SATIS A.S.,unknown,2026-05-31 19:00:00+03:00,,0.0,chunk_0075.json,POST /v1/generation/data/dpp-bulk,2026-05-31 21:42:42.682302+00:00,5001661,SANAYI - ORTA GERILIM - 10Y - SAATLIK - TEK TERIMLI - 5.1.C,10929,2026-05-31T19:00:00+03:00,19:00
40X0000000109290,K3 SAKARYA ELEKTRIK PERAKENDE SATIS A.S.,unknown,2026-05-31 20:00:00+03:00,,0.0,chunk_0075.json,POST /v1/generation/data/dpp-bulk,2026-05-31 21:42:42.682302+00:00,5001661,SANAYI - ORTA GERILIM - 10Y - SAATLIK - TEK TERIMLI - 5.1.C,10929,2026-05-31T20:00:00+03:00,20:00
40X0000000109290,K3 SAKARYA ELEKTRIK PERAKENDE SATIS A.S.,unknown,2026-05-31 21:00:00+03:00,,0.0,chunk_0075.json,POST /v1/generation/data/dpp-bulk,2026-05-31 21:42:42.682302+00:00,5001661,SANAYI - ORTA GERILIM - 10Y - SAATLIK - TEK TERIMLI - 5.1.C,10929,2026-05-31T21:00:00+03:00,21:00
40X0000000109290,K3 SAKARYA ELEKTRIK PERAKENDE SATIS A.S.,unknown,2026-05-31 22:00:00+03:00,,0.0,chunk_0075.json,POST /v1/generation/data/dpp-bulk,2026-05-31 21:42:42.682302+00:00,5001661,SANAYI - ORTA GERILIM - 10Y - SAATLIK - TEK TERIMLI - 5.1.C,10929,2026-05-31T22:00:00+03:00,22:00
40X0000000109290,K3 SAKARYA ELEKTRIK PERAKENDE SATIS A.S.,unknown,2026-05-31 23:00:00+03:00,,0.0,chunk_0075.json,POST /v1/generation/data/dpp-bulk,2026-05-31 21:42:42.682302+00:00,5001661,SANAYI - ORTA GERILIM - 10Y - SAATLIK - TEK TERIMLI - 5.1.C,10929,2026-05-31T23:00:00+03:00,23:00
40X000000010930F,K3 OSMANGAZİ ELEKTRİK PERAKENDE SATIŞ A.Ş.,unknown,2026-05-31 00:00:00+03:00,,0.0,chunk_0075.json,POST /v1/generation/data/dpp-bulk,2026-05-31 21:42:42.682302+00:00,5002381,"AFYON ÇİMENTO TM_TRA, TRB(ST)_LUY_GES_İLETİM_5.1.Ç",10930,2026-05-31T00:00:00+03:00,00:00
40X000000010930F,K3 OSMANGAZİ ELEKTRİK PERAKENDE SATIŞ A.Ş.,unknown,2026-05-31 01:00:00+03:00,,0.0,chunk_0075.json,POST /v1/generation/data/dpp-bulk,2026-05-31 21:42:42.682302+00:00,5002381,"AFYON ÇİMENTO TM_TRA, TRB(ST)_LUY_GES_İLETİM_5.1.Ç",10930,2026-05-31T01:00:00+03:00,01:00
40X000000010930F,K3 OSMANGAZİ ELEKTRİK PERAKENDE SATIŞ A.Ş.,unknown,2026-05-31 02:00:00+03:00,,0.0,chunk_0075.json,POST /v1/generation/data/dpp-bulk,2026-05-31 21:42:42.682302+00:00,5002381,"AFYON ÇİMENTO TM_TRA, TRB(ST)_LUY_GES_İLETİM_5.1.Ç",10930,2026-05-31T02:00:00+03:00,02:00
40X000000010930F,K3 OSMANGAZİ ELEKTRİK PERAKENDE SATIŞ A.Ş.,unknown,2026-05-31 03:00:00+03:00,,0.0,chunk_0075.json,POST /v1/generation/data/dpp-bulk,2026-05-31 21:42:42.682302+00:00,5002381,"AFYON ÇİMENTO TM_TRA, TRB(ST)_LUY_GES_İLETİM_5.1.Ç",10930,2026-05-31T03:00:00+03:00,03:00
40X000000010930F,K3 OSMANGAZİ ELEKTRİK PERAKENDE SATIŞ A.Ş.,unknown,2026-05-31 04:00:00+03:00,,0.0,chunk_0075.json,POST /v1/generation/data/dpp-bulk,2026-05-31 21:42:42.682302+00:00,5002381,"AFYON ÇİMENTO TM_TRA, TRB(ST)_LUY_GES_İLETİM_5.1.Ç",10930,2026-05-31T04:00:00+03:00,04:00
40X000000010930F,K3 OSMANGAZİ ELEKTRİK PERAKENDE SATIŞ A.Ş.,unknown,2026-05-31 05:00:00+03:00,,0.0,chunk_0075.json,POST /v1/generation/data/dpp-bulk,2026-05-31 21:42:42.682302+00:00,5002381,"AFYON ÇİMENTO TM_TRA, TRB(ST)_LUY_GES_İLETİM_5.1.Ç",10930,2026-05-31T05:00:00+03:00,05:00
40X000000010930F,K3 OSMANGAZİ ELEKTRİK PERAKENDE SATIŞ A.Ş.,unknown,2026-05-31 06:00:00+03:00,,0.0,chunk_0075.json,POST /v1/generation/data/dpp-bulk,2026-05-31 21:42:42.682302+00:00,5002381,"AFYON ÇİMENTO TM_TRA, TRB(ST)_LUY_GES_İLETİM_5.1.Ç",10930,2026-05-31T06:00:00+03:00,06:00
40X000000010930F,K3 OSMANGAZİ ELEKTRİK PERAKENDE SATIŞ A.Ş.,unknown,2026-05-31 07:00:00+03:00,,0.0,chunk_0075.json,POST /v1/generation/data/dpp-bulk,2026-05-31 21:42:42.682302+00:00,5002381,"AFYON ÇİMENTO TM_TRA, TRB(ST)_LUY_GES_İLETİM_5.1.Ç",10930,2026-05-31T07:00:00+03:00,07:00
40X000000010930F,K3 OSMANGAZİ ELEKTRİK PERAKENDE SATIŞ A.Ş.,unknown,2026-05-31 08:00:00+03:00,,0.0,chunk_0075.json,POST /v1/generation/data/dpp-bulk,2026-05-31 21:42:42.682302+00:00,5002381,"AFYON ÇİMENTO TM_TRA, TRB(ST)_LUY_GES_İLETİM_5.1.Ç",10930,2026-05-31T08:00:00+03:00,08:00
40X000000010930F,K3 OSMANGAZİ ELEKTRİK PERAKENDE SATIŞ A.Ş.,unknown,2026-05-31 09:00:00+03:00,,0.0,chunk_0075.json,POST /v1/generation/data/dpp-bulk,2026-05-31 21:42:42.682302+00:00,5002381,"AFYON ÇİMENTO TM_TRA, TRB(ST)_LUY_GES_İLETİM_5.1.Ç",10930,2026-05-31T09:00:00+03:00,09:00
40X000000010930F,K3 OSMANGAZİ ELEKTRİK PERAKENDE SATIŞ A.Ş.,unknown,2026-05-31 10:00:00+03:00,,0.0,chunk_0075.json,POST /v1/generation/data/dpp-bulk,2026-05-31 21:42:42.682302+00:00,5002381,"AFYON ÇİMENTO TM_TRA, TRB(ST)_LUY_GES_İLETİM_5.1.Ç",10930,2026-05-31T10:00:00+03:00,10:00
40X000000010930F,K3 OSMANGAZİ ELEKTRİK PERAKENDE SATIŞ A.Ş.,unknown,2026-05-31 11:00:00+03:00,,0.0,chunk_0075.json,POST /v1/generation/data/dpp-bulk,2026-05-31 21:42:42.682302+00:00,5002381,"AFYON ÇİMENTO TM_TRA, TRB(ST)_LUY_GES_İLETİM_5.1.Ç",10930,2026-05-31T11:00:00+03:00,11:00
40X000000010930F,K3 OSMANGAZİ ELEKTRİK PERAKENDE SATIŞ A.Ş.,unknown,2026-05-31 12:00:00+03:00,,0.0,chunk_0075.json,POST /v1/generation/data/dpp-bulk,2026-05-31 21:42:42.682302+00:00,5002381,"AFYON ÇİMENTO TM_TRA, TRB(ST)_LUY_GES_İLETİM_5.1.Ç",10930,2026-05-31T12:00:00+03:00,12:00
40X000000010930F,K3 OSMANGAZİ ELEKTRİK PERAKENDE SATIŞ A.Ş.,unknown,2026-05-31 13:00:00+03:00,,0.0,chunk_0075.json,POST /v1/generation/data/dpp-bulk,2026-05-31 21:42:42.682302+00:00,5002381,"AFYON ÇİMENTO TM_TRA, TRB(ST)_LUY_GES_İLETİM_5.1.Ç",10930,2026-05-31T13:00:00+03:00,13:00
40X000000010930F,K3 OSMANGAZİ ELEKTRİK PERAKENDE SATIŞ A.Ş.,unknown,2026-05-31 14:00:00+03:00,,0.0,chunk_0075.json,POST /v1/generation/data/dpp-bulk,2026-05-31 21:42:42.682302+00:00,5002381,"AFYON ÇİMENTO TM_TRA, TRB(ST)_LUY_GES_İLETİM_5.1.Ç",10930,2026-05-31T14:00:00+03:00,14:00
40X000000010930F,K3 OSMANGAZİ ELEKTRİK PERAKENDE SATIŞ A.Ş.,unknown,2026-05-31 15:00:00+03:00,,0.0,chunk_0075.json,POST /v1/generation/data/dpp-bulk,2026-05-31 21:42:42.682302+00:00,5002381,"AFYON ÇİMENTO TM_TRA, TRB(ST)_LUY_GES_İLETİM_5.1.Ç",10930,2026-05-31T15:00:00+03:00,15:00
40X000000010930F,K3 OSMANGAZİ ELEKTRİK PERAKENDE SATIŞ A.Ş.,unknown,2026-05-31 16:00:00+03:00,,0.0,chunk_0075.json,POST /v1/generation/data/dpp-bulk,2026-05-31 21:42:42.682302+00:00,5002381,"AFYON ÇİMENTO TM_TRA, TRB(ST)_LUY_GES_İLETİM_5.1.Ç",10930,2026-05-31T16:00:00+03:00,16:00
40X000000010930F,K3 OSMANGAZİ ELEKTRİK PERAKENDE SATIŞ A.Ş.,unknown,2026-05-31 17:00:00+03:00,,0.0,chunk_0075.json,POST /v1/generation/data/dpp-bulk,2026-05-31 21:42:42.682302+00:00,5002381,"AFYON ÇİMENTO TM_TRA, TRB(ST)_LUY_GES_İLETİM_5.1.Ç",10930,2026-05-31T17:00:00+03:00,17:00
40X000000010930F,K3 OSMANGAZİ ELEKTRİK PERAKENDE SATIŞ A.Ş.,unknown,2026-05-31 18:00:00+03:00,,0.0,chunk_0075.json,POST /v1/generation/data/dpp-bulk,2026-05-31 21:42:42.682302+00:00,5002381,"AFYON ÇİMENTO TM_TRA, TRB(ST)_LUY_GES_İLETİM_5.1.Ç",10930,2026-05-31T18:00:00+03:00,18:00
40X000000010930F,K3 OSMANGAZİ ELEKTRİK PERAKENDE SATIŞ A.Ş.,unknown,2026-05-31 19:00:00+03:00,,0.0,chunk_0075.json,POST /v1/generation/data/dpp-bulk,2026-05-31 21:42:42.682302+00:00,5002381,"AFYON ÇİMENTO TM_TRA, TRB(ST)_LUY_GES_İLETİM_5.1.Ç",10930,2026-05-31T19:00:00+03:00,19:00
40X000000010930F,K3 OSMANGAZİ ELEKTRİK PERAKENDE SATIŞ A.Ş.,unknown,2026-05-31 20:00:00+03:00,,0.0,chunk_0075.json,POST /v1/generation/data/dpp-bulk,2026-05-31 21:42:42.682302+00:00,5002381,"AFYON ÇİMENTO TM_TRA, TRB(ST)_LUY_GES_İLETİM_5.1.Ç",10930,2026-05-31T20:00:00+03:00,20:00
40X000000010930F,K3 OSMANGAZİ ELEKTRİK PERAKENDE SATIŞ A.Ş.,unknown,2026-05-31 21:00:00+03:00,,0.0,chunk_0075.json,POST /v1/generation/data/dpp-bulk,2026-05-31 21:42:42.682302+00:00,5002381,"AFYON ÇİMENTO TM_TRA, TRB(ST)_LUY_GES_İLETİM_5.1.Ç",10930,2026-05-31T21:00:00+03:00,21:00
40X000000010930F,K3 OSMANGAZİ ELEKTRİK PERAKENDE SATIŞ A.Ş.,unknown,2026-05-31 22:00:00+03:00,,0.0,chunk_0075.json,POST /v1/generation/data/dpp-bulk,2026-05-31 21:42:42.682302+00:00,5002381,"AFYON ÇİMENTO TM_TRA, TRB(ST)_LUY_GES_İLETİM_5.1.Ç",10930,2026-05-31T22:00:00+03:00,22:00
40X000000010930F,K3 OSMANGAZİ ELEKTRİK PERAKENDE SATIŞ A.Ş.,unknown,2026-05-31 23:00:00+03:00,,0.0,chunk_0075.json,POST /v1/generation/data/dpp-bulk,2026-05-31 21:42:42.682302+00:00,5002381,"AFYON ÇİMENTO TM_TRA, TRB(ST)_LUY_GES_İLETİM_5.1.Ç",10930,2026-05-31T23:00:00+03:00,23:00
40X000000010931D,K3 KAYSERI ELEKTRIK PERAKENDE SATIŞ ANONIM ŞIRKETI,unknown,2026-05-31 00:00:00+03:00,,0.0,chunk_0075.json,POST /v1/generation/data/dpp-bulk,2026-05-31 21:42:42.682302+00:00,5002641,TİCARETHANE-ORTA GERİLİM-10Y - SAATLİK-TEK TERİMLİ-5.1.C,10931,2026-05-31T00:00:00+03:00,00:00
40X000000010931D,K3 KAYSERI ELEKTRIK PERAKENDE SATIŞ ANONIM ŞIRKETI,unknown,2026-05-31 01:00:00+03:00,,0.0,chunk_0075.json,POST /v1/generation/data/dpp-bulk,2026-05-31 21:42:42.682302+00:00,5002641,TİCARETHANE-ORTA GERİLİM-10Y - SAATLİK-TEK TERİMLİ-5.1.C,10931,2026-05-31T01:00:00+03:00,01:00
40X000000010931D,K3 KAYSERI ELEKTRIK PERAKENDE SATIŞ ANONIM ŞIRKETI,unknown,2026-05-31 02:00:00+03:00,,0.0,chunk_0075.json,POST /v1/generation/data/dpp-bulk,2026-05-31 21:42:42.682302+00:00,5002641,TİCARETHANE-ORTA GERİLİM-10Y - SAATLİK-TEK TERİMLİ-5.1.C,10931,2026-05-31T02:00:00+03:00,02:00
40X000000010931D,K3 KAYSERI ELEKTRIK PERAKENDE SATIŞ ANONIM ŞIRKETI,unknown,2026-05-31 03:00:00+03:00,,0.0,chunk_0075.json,POST /v1/generation/data/dpp-bulk,2026-05-31 21:42:42.682302+00:00,5002641,TİCARETHANE-ORTA GERİLİM-10Y - SAATLİK-TEK TERİMLİ-5.1.C,10931,2026-05-31T03:00:00+03:00,03:00
40X000000010931D,K3 KAYSERI ELEKTRIK PERAKENDE SATIŞ ANONIM ŞIRKETI,unknown,2026-05-31 04:00:00+03:00,,0.0,chunk_0075.json,POST /v1/generation/data/dpp-bulk,2026-05-31 21:42:42.682302+00:00,5002641,TİCARETHANE-ORTA GERİLİM-10Y - SAATLİK-TEK TERİMLİ-5.1.C,10931,2026-05-31T04:00:00+03:00,04:00
40X000000010931D,K3 KAYSERI ELEKTRIK PERAKENDE SATIŞ ANONIM ŞIRKETI,unknown,2026-05-31 05:00:00+03:00,,0.0,chunk_0075.json,POST /v1/generation/data/dpp-bulk,2026-05-31 21:42:42.682302+00:00,5002641,TİCARETHANE-ORTA GERİLİM-10Y - SAATLİK-TEK TERİMLİ-5.1.C,10931,2026-05-31T05:00:00+03:00,05:00
40X000000010931D,K3 KAYSERI ELEKTRIK PERAKENDE SATIŞ ANONIM ŞIRKETI,unknown,2026-05-31 06:00:00+03:00,,0.0,chunk_0075.json,POST /v1/generation/data/dpp-bulk,2026-05-31 21:42:42.682302+00:00,5002641,TİCARETHANE-ORTA GERİLİM-10Y - SAATLİK-TEK TERİMLİ-5.1.C,10931,2026-05-31T06:00:00+03:00,06:00
40X000000010931D,K3 KAYSERI ELEKTRIK PERAKENDE SATIŞ ANONIM ŞIRKETI,unknown,2026-05-31 07:00:00+03:00,,0.0,chunk_0075.json,POST /v1/generation/data/dpp-bulk,2026-05-31 21:42:42.682302+00:00,5002641,TİCARETHANE-ORTA GERİLİM-10Y - SAATLİK-TEK TERİMLİ-5.1.C,10931,2026-05-31T07:00:00+03:00,07:00
40X000000010931D,K3 KAYSERI ELEKTRIK PERAKENDE SATIŞ ANONIM ŞIRKETI,unknown,2026-05-31 08:00:00+03:00,,0.0,chunk_0075.json,POST /v1/generation/data/dpp-bulk,2026-05-31 21:42:42.682302+00:00,5002641,TİCARETHANE-ORTA GERİLİM-10Y - SAATLİK-TEK TERİMLİ-5.1.C,10931,2026-05-31T08:00:00+03:00,08:00
40X000000010931D,K3 KAYSERI ELEKTRIK PERAKENDE SATIŞ ANONIM ŞIRKETI,unknown,2026-05-31 09:00:00+03:00,,0.0,chunk_0075.json,POST /v1/generation/data/dpp-bulk,2026-05-31 21:42:42.682302+00:00,5002641,TİCARETHANE-ORTA GERİLİM-10Y - SAATLİK-TEK TERİMLİ-5.1.C,10931,2026-05-31T09:00:00+03:00,09:00
40X000000010931D,K3 KAYSERI ELEKTRIK PERAKENDE SATIŞ ANONIM ŞIRKETI,unknown,2026-05-31 10:00:00+03:00,,0.0,chunk_0075.json,POST /v1/generation/data/dpp-bulk,2026-05-31 21:42:42.682302+00:00,5002641,TİCARETHANE-ORTA GERİLİM-10Y - SAATLİK-TEK TERİMLİ-5.1.C,10931,2026-05-31T10:00:00+03:00,10:00
40X000000010931D,K3 KAYSERI ELEKTRIK PERAKENDE SATIŞ ANONIM ŞIRKETI,unknown,2026-05-31 11:00:00+03:00,,0.0,chunk_0075.json,POST /v1/generation/data/dpp-bulk,2026-05-31 21:42:42.682302+00:00,5002641,TİCARETHANE-ORTA GERİLİM-10Y - SAATLİK-TEK TERİMLİ-5.1.C,10931,2026-05-31T11:00:00+03:00,11:00
40X000000010931D,K3 KAYSERI ELEKTRIK PERAKENDE SATIŞ ANONIM ŞIRKETI,unknown,2026-05-31 12:00:00+03:00,,0.0,chunk_0075.json,POST /v1/generation/data/dpp-bulk,2026-05-31 21:42:42.682302+00:00,5002641,TİCARETHANE-ORTA GERİLİM-10Y - SAATLİK-TEK TERİMLİ-5.1.C,10931,2026-05-31T12:00:00+03:00,12:00
40X000000010931D,K3 KAYSERI ELEKTRIK PERAKENDE SATIŞ ANONIM ŞIRKETI,unknown,2026-05-31 13:00:00+03:00,,0.0,chunk_0075.json,POST /v1/generation/data/dpp-bulk,2026-05-31 21:42:42.682302+00:00,5002641,TİCARETHANE-ORTA GERİLİM-10Y - SAATLİK-TEK TERİMLİ-5.1.C,10931,2026-05-31T13:00:00+03:00,13:00
40X000000010931D,K3 KAYSERI ELEKTRIK PERAKENDE SATIŞ ANONIM ŞIRKETI,unknown,2026-05-31 14:00:00+03:00,,0.0,chunk_0075.json,POST /v1/generation/data/dpp-bulk,2026-05-31 21:42:42.682302+00:00,5002641,TİCARETHANE-ORTA GERİLİM-10Y - SAATLİK-TEK TERİMLİ-5.1.C,10931,2026-05-31T14:00:00+03:00,14:00
40X000000010931D,K3 KAYSERI ELEKTRIK PERAKENDE SATIŞ ANONIM ŞIRKETI,unknown,2026-05-31 15:00:00+03:00,,0.0,chunk_0075.json,POST /v1/generation/data/dpp-bulk,2026-05-31 21:42:42.682302+00:00,5002641,TİCARETHANE-ORTA GERİLİM-10Y - SAATLİK-TEK TERİMLİ-5.1.C,10931,2026-05-31T15:00:00+03:00,15:00
40X000000010931D,K3 KAYSERI ELEKTRIK PERAKENDE SATIŞ ANONIM ŞIRKETI,unknown,2026-05-31 16:00:00+03:00,,0.0,chunk_0075.json,POST /v1/generation/data/dpp-bulk,2026-05-31 21:42:42.682302+00:00,5002641,TİCARETHANE-ORTA GERİLİM-10Y - SAATLİK-TEK TERİMLİ-5.1.C,10931,2026-05-31T16:00:00+03:00,16:00
40X000000010931D,K3 KAYSERI ELEKTRIK PERAKENDE SATIŞ ANONIM ŞIRKETI,unknown,2026-05-31 17:00:00+03:00,,0.0,chunk_0075.json,POST /v1/generation/data/dpp-bulk,2026-05-31 21:42:42.682302+00:00,5002641,TİCARETHANE-ORTA GERİLİM-10Y - SAATLİK-TEK TERİMLİ-5.1.C,10931,2026-05-31T17:00:00+03:00,17:00
40X000000010931D,K3 KAYSERI ELEKTRIK PERAKENDE SATIŞ ANONIM ŞIRKETI,unknown,2026-05-31 18:00:00+03:00,,0.0,chunk_0075.json,POST /v1/generation/data/dpp-bulk,2026-05-31 21:42:42.682302+00:00,5002641,TİCARETHANE-ORTA GERİLİM-10Y - SAATLİK-TEK TERİMLİ-5.1.C,10931,2026-05-31T18:00:00+03:00,18:00
40X000000010931D,K3 KAYSERI ELEKTRIK PERAKENDE SATIŞ ANONIM ŞIRKETI,unknown,2026-05-31 19:00:00+03:00,,0.0,chunk_0075.json,POST /v1/generation/data/dpp-bulk,2026-05-31 21:42:42.682302+00:00,5002641,TİCARETHANE-ORTA GERİLİM-10Y - SAATLİK-TEK TERİMLİ-5.1.C,10931,2026-05-31T19:00:00+03:00,19:00
40X000000010931D,K3 KAYSERI ELEKTRIK PERAKENDE SATIŞ ANONIM ŞIRKETI,unknown,2026-05-31 20:00:00+03:00,,0.0,chunk_0075.json,POST /v1/generation/data/dpp-bulk,2026-05-31 21:42:42.682302+00:00,5002641,TİCARETHANE-ORTA GERİLİM-10Y - SAATLİK-TEK TERİMLİ-5.1.C,10931,2026-05-31T20:00:00+03:00,20:00
40X000000010931D,K3 KAYSERI ELEKTRIK PERAKENDE SATIŞ ANONIM ŞIRKETI,unknown,2026-05-31 21:00:00+03:00,,0.0,chunk_0075.json,POST /v1/generation/data/dpp-bulk,2026-05-31 21:42:42.682302+00:00,5002641,TİCARETHANE-ORTA GERİLİM-10Y - SAATLİK-TEK TERİMLİ-5.1.C,10931,2026-05-31T21:00:00+03:00,21:00
40X000000010931D,K3 KAYSERI ELEKTRIK PERAKENDE SATIŞ ANONIM ŞIRKETI,unknown,2026-05-31 22:00:00+03:00,,0.0,chunk_0075.json,POST /v1/generation/data/dpp-bulk,2026-05-31 21:42:42.682302+00:00,5002641,TİCARETHANE-ORTA GERİLİM-10Y - SAATLİK-TEK TERİMLİ-5.1.C,10931,2026-05-31T22:00:00+03:00,22:00
40X000000010931D,K3 KAYSERI ELEKTRIK PERAKENDE SATIŞ ANONIM ŞIRKETI,unknown,2026-05-31 23:00:00+03:00,,0.0,chunk_0075.json,POST /v1/generation/data/dpp-bulk,2026-05-31 21:42:42.682302+00:00,5002641,TİCARETHANE-ORTA GERİLİM-10Y - SAATLİK-TEK TERİMLİ-5.1.C,10931,2026-05-31T23:00:00+03:00,23:00
40X0000000109339,K3 AKSA FIRAT ELEKTRİK PERAKENDE SATIŞ ANONİM ŞİRKETİ,unknown,2026-05-31 00:00:00+03:00,,0.01,chunk_0075.json,POST /v1/generation/data/dpp-bulk,2026-05-31 21:42:42.682302+00:00,5001960,TICARETHANE - ORTA GERILIM - 10Y - SAATLIK - TEK TERIMLI - 5.1.C,10933,2026-05-31T00:00:00+03:00,00:00
40X0000000109339,K3 AKSA FIRAT ELEKTRİK PERAKENDE SATIŞ ANONİM ŞİRKETİ,unknown,2026-05-31 01:00:00+03:00,,0.01,chunk_0075.json,POST /v1/generation/data/dpp-bulk,2026-05-31 21:42:42.682302+00:00,5001960,TICARETHANE - ORTA GERILIM - 10Y - SAATLIK - TEK TERIMLI - 5.1.C,10933,2026-05-31T01:00:00+03:00,01:00
40X0000000109339,K3 AKSA FIRAT ELEKTRİK PERAKENDE SATIŞ ANONİM ŞİRKETİ,unknown,2026-05-31 02:00:00+03:00,,0.01,chunk_0075.json,POST /v1/generation/data/dpp-bulk,2026-05-31 21:42:42.682302+00:00,5001960,TICARETHANE - ORTA GERILIM - 10Y - SAATLIK - TEK TERIMLI - 5.1.C,10933,2026-05-31T02:00:00+03:00,02:00
40X0000000109339,K3 AKSA FIRAT ELEKTRİK PERAKENDE SATIŞ ANONİM ŞİRKETİ,unknown,2026-05-31 03:00:00+03:00,,0.01,chunk_0075.json,POST /v1/generation/data/dpp-bulk,2026-05-31 21:42:42.682302+00:00,5001960,TICARETHANE - ORTA GERILIM - 10Y - SAATLIK - TEK TERIMLI - 5.1.C,10933,2026-05-31T03:00:00+03:00,03:00
40X0000000109339,K3 AKSA FIRAT ELEKTRİK PERAKENDE SATIŞ ANONİM ŞİRKETİ,unknown,2026-05-31 04:00:00+03:00,,0.01,chunk_0075.json,POST /v1/generation/data/dpp-bulk,2026-05-31 21:42:42.682302+00:00,5001960,TICARETHANE - ORTA GERILIM - 10Y - SAATLIK - TEK TERIMLI - 5.1.C,10933,2026-05-31T04:00:00+03:00,04:00
40X0000000109339,K3 AKSA FIRAT ELEKTRİK PERAKENDE SATIŞ ANONİM ŞİRKETİ,unknown,2026-05-31 05:00:00+03:00,,0.06,chunk_0075.json,POST /v1/generation/data/dpp-bulk,2026-05-31 21:42:42.682302+00:00,5001960,TICARETHANE - ORTA GERILIM - 10Y - SAATLIK - TEK TERIMLI - 5.1.C,10933,2026-05-31T05:00:00+03:00,05:00
40X0000000109339,K3 AKSA FIRAT ELEKTRİK PERAKENDE SATIŞ ANONİM ŞİRKETİ,unknown,2026-05-31 06:00:00+03:00,,0.36,chunk_0075.json,POST /v1/generation/data/dpp-bulk,2026-05-31 21:42:42.682302+00:00,5001960,TICARETHANE - ORTA GERILIM - 10Y - SAATLIK - TEK TERIMLI - 5.1.C,10933,2026-05-31T06:00:00+03:00,06:00
40X0000000109339,K3 AKSA FIRAT ELEKTRİK PERAKENDE SATIŞ ANONİM ŞİRKETİ,unknown,2026-05-31 07:00:00+03:00,,1.0,chunk_0075.json,POST /v1/generation/data/dpp-bulk,2026-05-31 21:42:42.682302+00:00,5001960,TICARETHANE - ORTA GERILIM - 10Y - SAATLIK - TEK TERIMLI - 5.1.C,10933,2026-05-31T07:00:00+03:00,07:00
40X0000000109339,K3 AKSA FIRAT ELEKTRİK PERAKENDE SATIŞ ANONİM ŞİRKETİ,unknown,2026-05-31 08:00:00+03:00,,1.6,chunk_0075.json,POST /v1/generation/data/dpp-bulk,2026-05-31 21:42:42.682302+00:00,5001960,TICARETHANE - ORTA GERILIM - 10Y - SAATLIK - TEK TERIMLI - 5.1.C,10933,2026-05-31T08:00:00+03:00,08:00
40X0000000109339,K3 AKSA FIRAT ELEKTRİK PERAKENDE SATIŞ ANONİM ŞİRKETİ,unknown,2026-05-31 09:00:00+03:00,,2.09,chunk_0075.json,POST /v1/generation/data/dpp-bulk,2026-05-31 21:42:42.682302+00:00,5001960,TICARETHANE - ORTA GERILIM - 10Y - SAATLIK - TEK TERIMLI - 5.1.C,10933,2026-05-31T09:00:00+03:00,09:00
40X0000000109339,K3 AKSA FIRAT ELEKTRİK PERAKENDE SATIŞ ANONİM ŞİRKETİ,unknown,2026-05-31 10:00:00+03:00,,2.33,chunk_0075.json,POST /v1/generation/data/dpp-bulk,2026-05-31 21:42:42.682302+00:00,5001960,TICARETHANE - ORTA GERILIM - 10Y - SAATLIK - TEK TERIMLI - 5.1.C,10933,2026-05-31T10:00:00+03:00,10:00
40X0000000109339,K3 AKSA FIRAT ELEKTRİK PERAKENDE SATIŞ ANONİM ŞİRKETİ,unknown,2026-05-31 11:00:00+03:00,,2.33,chunk_0075.json,POST /v1/generation/data/dpp-bulk,2026-05-31 21:42:42.682302+00:00,5001960,TICARETHANE - ORTA GERILIM - 10Y - SAATLIK - TEK TERIMLI - 5.1.C,10933,2026-05-31T11:00:00+03:00,11:00
40X0000000109339,K3 AKSA FIRAT ELEKTRİK PERAKENDE SATIŞ ANONİM ŞİRKETİ,unknown,2026-05-31 12:00:00+03:00,,2.28,chunk_0075.json,POST /v1/generation/data/dpp-bulk,2026-05-31 21:42:42.682302+00:00,5001960,TICARETHANE - ORTA GERILIM - 10Y - SAATLIK - TEK TERIMLI - 5.1.C,10933,2026-05-31T12:00:00+03:00,12:00
40X0000000109339,K3 AKSA FIRAT ELEKTRİK PERAKENDE SATIŞ ANONİM ŞİRKETİ,unknown,2026-05-31 13:00:00+03:00,,2.19,chunk_0075.json,POST /v1/generation/data/dpp-bulk,2026-05-31 21:42:42.682302+00:00,5001960,TICARETHANE - ORTA GERILIM - 10Y - SAATLIK - TEK TERIMLI - 5.1.C,10933,2026-05-31T13:00:00+03:00,13:00
40X0000000109339,K3 AKSA FIRAT ELEKTRİK PERAKENDE SATIŞ ANONİM ŞİRKETİ,unknown,2026-05-31 14:00:00+03:00,,2.07,chunk_0075.json,POST /v1/generation/data/dpp-bulk,2026-05-31 21:42:42.682302+00:00,5001960,TICARETHANE - ORTA GERILIM - 10Y - SAATLIK - TEK TERIMLI - 5.1.C,10933,2026-05-31T14:00:00+03:00,14:00
40X0000000109339,K3 AKSA FIRAT ELEKTRİK PERAKENDE SATIŞ ANONİM ŞİRKETİ,unknown,2026-05-31 15:00:00+03:00,,1.75,chunk_0075.json,POST /v1/generation/data/dpp-bulk,2026-05-31 21:42:42.682302+00:00,5001960,TICARETHANE - ORTA GERILIM - 10Y - SAATLIK - TEK TERIMLI - 5.1.C,10933,2026-05-31T15:00:00+03:00,15:00
40X0000000109339,K3 AKSA FIRAT ELEKTRİK PERAKENDE SATIŞ ANONİM ŞİRKETİ,unknown,2026-05-31 16:00:00+03:00,,1.26,chunk_0075.json,POST /v1/generation/data/dpp-bulk,2026-05-31 21:42:42.682302+00:00,5001960,TICARETHANE - ORTA GERILIM - 10Y - SAATLIK - TEK TERIMLI - 5.1.C,10933,2026-05-31T16:00:00+03:00,16:00
40X0000000109339,K3 AKSA FIRAT ELEKTRİK PERAKENDE SATIŞ ANONİM ŞİRKETİ,unknown,2026-05-31 17:00:00+03:00,,0.69,chunk_0075.json,POST /v1/generation/data/dpp-bulk,2026-05-31 21:42:42.682302+00:00,5001960,TICARETHANE - ORTA GERILIM - 10Y - SAATLIK - TEK TERIMLI - 5.1.C,10933,2026-05-31T17:00:00+03:00,17:00
40X0000000109339,K3 AKSA FIRAT ELEKTRİK PERAKENDE SATIŞ ANONİM ŞİRKETİ,unknown,2026-05-31 18:00:00+03:00,,0.22,chunk_0075.json,POST /v1/generation/data/dpp-bulk,2026-05-31 21:42:42.682302+00:00,5001960,TICARETHANE - ORTA GERILIM - 10Y - SAATLIK - TEK TERIMLI - 5.1.C,10933,2026-05-31T18:00:00+03:00,18:00
40X0000000109339,K3 AKSA FIRAT ELEKTRİK PERAKENDE SATIŞ ANONİM ŞİRKETİ,unknown,2026-05-31 19:00:00+03:00,,0.03,chunk_0075.json,POST /v1/generation/data/dpp-bulk,2026-05-31 21:42:42.682302+00:00,5001960,TICARETHANE - ORTA GERILIM - 10Y - SAATLIK - TEK TERIMLI - 5.1.C,10933,2026-05-31T19:00:00+03:00,19:00
40X0000000109339,K3 AKSA FIRAT ELEKTRİK PERAKENDE SATIŞ ANONİM ŞİRKETİ,unknown,2026-05-31 20:00:00+03:00,,0.0,chunk_0075.json,POST /v1/generation/data/dpp-bulk,2026-05-31 21:42:42.682302+00:00,5001960,TICARETHANE - ORTA GERILIM - 10Y - SAATLIK - TEK TERIMLI - 5.1.C,10933,2026-05-31T20:00:00+03:00,20:00
40X0000000109339,K3 AKSA FIRAT ELEKTRİK PERAKENDE SATIŞ ANONİM ŞİRKETİ,unknown,2026-05-31 21:00:00+03:00,,0.01,chunk_0075.json,POST /v1/generation/data/dpp-bulk,2026-05-31 21:42:42.682302+00:00,5001960,TICARETHANE - ORTA GERILIM - 10Y - SAATLIK - TEK TERIMLI - 5.1.C,10933,2026-05-31T21:00:00+03:00,21:00
40X0000000109339,K3 AKSA FIRAT ELEKTRİK PERAKENDE SATIŞ ANONİM ŞİRKETİ,unknown,2026-05-31 22:00:00+03:00,,0.01,chunk_0075.json,POST /v1/generation/data/dpp-bulk,2026-05-31 21:42:42.682302+00:00,5001960,TICARETHANE - ORTA GERILIM - 10Y - SAATLIK - TEK TERIMLI - 5.1.C,10933,2026-05-31T22:00:00+03:00,22:00
40X0000000109339,K3 AKSA FIRAT ELEKTRİK PERAKENDE SATIŞ ANONİM ŞİRKETİ,unknown,2026-05-31 23:00:00+03:00,,0.01,chunk_0075.json,POST /v1/generation/data/dpp-bulk,2026-05-31 21:42:42.682302+00:00,5001960,TICARETHANE - ORTA GERILIM - 10Y - SAATLIK - TEK TERIMLI - 5.1.C,10933,2026-05-31T23:00:00+03:00,23:00
40X0000000109347,K3 AYDEM ELEKTRİK PERAKENDE SATIŞ ANONİM ŞİRKETİ,unknown,2026-05-31 00:00:00+03:00,,0.0,chunk_0075.json,POST /v1/generation/data/dpp-bulk,2026-05-31 21:42:42.682302+00:00,5002602,SANAYİ-ORTA GERİLİM-10Y - SAATLİK-TEK TERİMLİ-5.1.C,10934,2026-05-31T00:00:00+03:00,00:00
40X0000000109347,K3 AYDEM ELEKTRİK PERAKENDE SATIŞ ANONİM ŞİRKETİ,unknown,2026-05-31 01:00:00+03:00,,0.0,chunk_0075.json,POST /v1/generation/data/dpp-bulk,2026-05-31 21:42:42.682302+00:00,5002602,SANAYİ-ORTA GERİLİM-10Y - SAATLİK-TEK TERİMLİ-5.1.C,10934,2026-05-31T01:00:00+03:00,01:00
40X0000000109347,K3 AYDEM ELEKTRİK PERAKENDE SATIŞ ANONİM ŞİRKETİ,unknown,2026-05-31 02:00:00+03:00,,0.0,chunk_0075.json,POST /v1/generation/data/dpp-bulk,2026-05-31 21:42:42.682302+00:00,5002602,SANAYİ-ORTA GERİLİM-10Y - SAATLİK-TEK TERİMLİ-5.1.C,10934,2026-05-31T02:00:00+03:00,02:00
40X0000000109347,K3 AYDEM ELEKTRİK PERAKENDE SATIŞ ANONİM ŞİRKETİ,unknown,2026-05-31 03:00:00+03:00,,0.0,chunk_0075.json,POST /v1/generation/data/dpp-bulk,2026-05-31 21:42:42.682302+00:00,5002602,SANAYİ-ORTA GERİLİM-10Y - SAATLİK-TEK TERİMLİ-5.1.C,10934,2026-05-31T03:00:00+03:00,03:00
40X0000000109347,K3 AYDEM ELEKTRİK PERAKENDE SATIŞ ANONİM ŞİRKETİ,unknown,2026-05-31 04:00:00+03:00,,0.0,chunk_0075.json,POST /v1/generation/data/dpp-bulk,2026-05-31 21:42:42.682302+00:00,5002602,SANAYİ-ORTA GERİLİM-10Y - SAATLİK-TEK TERİMLİ-5.1.C,10934,2026-05-31T04:00:00+03:00,04:00
40X0000000109347,K3 AYDEM ELEKTRİK PERAKENDE SATIŞ ANONİM ŞİRKETİ,unknown,2026-05-31 05:00:00+03:00,,0.0,chunk_0075.json,POST /v1/generation/data/dpp-bulk,2026-05-31 21:42:42.682302+00:00,5002602,SANAYİ-ORTA GERİLİM-10Y - SAATLİK-TEK TERİMLİ-5.1.C,10934,2026-05-31T05:00:00+03:00,05:00
40X0000000109347,K3 AYDEM ELEKTRİK PERAKENDE SATIŞ ANONİM ŞİRKETİ,unknown,2026-05-31 06:00:00+03:00,,0.0,chunk_0075.json,POST /v1/generation/data/dpp-bulk,2026-05-31 21:42:42.682302+00:00,5002602,SANAYİ-ORTA GERİLİM-10Y - SAATLİK-TEK TERİMLİ-5.1.C,10934,2026-05-31T06:00:00+03:00,06:00
40X0000000109347,K3 AYDEM ELEKTRİK PERAKENDE SATIŞ ANONİM ŞİRKETİ,unknown,2026-05-31 07:00:00+03:00,,0.0,chunk_0075.json,POST /v1/generation/data/dpp-bulk,2026-05-31 21:42:42.682302+00:00,5002602,SANAYİ-ORTA GERİLİM-10Y - SAATLİK-TEK TERİMLİ-5.1.C,10934,2026-05-31T07:00:00+03:00,07:00
40X0000000109347,K3 AYDEM ELEKTRİK PERAKENDE SATIŞ ANONİM ŞİRKETİ,unknown,2026-05-31 08:00:00+03:00,,0.0,chunk_0075.json,POST /v1/generation/data/dpp-bulk,2026-05-31 21:42:42.682302+00:00,5002602,SANAYİ-ORTA GERİLİM-10Y - SAATLİK-TEK TERİMLİ-5.1.C,10934,2026-05-31T08:00:00+03:00,08:00
40X0000000109347,K3 AYDEM ELEKTRİK PERAKENDE SATIŞ ANONİM ŞİRKETİ,unknown,2026-05-31 09:00:00+03:00,,0.0,chunk_0075.json,POST /v1/generation/data/dpp-bulk,2026-05-31 21:42:42.682302+00:00,5002602,SANAYİ-ORTA GERİLİM-10Y - SAATLİK-TEK TERİMLİ-5.1.C,10934,2026-05-31T09:00:00+03:00,09:00
40X0000000109347,K3 AYDEM ELEKTRİK PERAKENDE SATIŞ ANONİM ŞİRKETİ,unknown,2026-05-31 10:00:00+03:00,,0.0,chunk_0075.json,POST /v1/generation/data/dpp-bulk,2026-05-31 21:42:42.682302+00:00,5002602,SANAYİ-ORTA GERİLİM-10Y - SAATLİK-TEK TERİMLİ-5.1.C,10934,2026-05-31T10:00:00+03:00,10:00
40X0000000109347,K3 AYDEM ELEKTRİK PERAKENDE SATIŞ ANONİM ŞİRKETİ,unknown,2026-05-31 11:00:00+03:00,,0.0,chunk_0075.json,POST /v1/generation/data/dpp-bulk,2026-05-31 21:42:42.682302+00:00,5002602,SANAYİ-ORTA GERİLİM-10Y - SAATLİK-TEK TERİMLİ-5.1.C,10934,2026-05-31T11:00:00+03:00,11:00
40X0000000109347,K3 AYDEM ELEKTRİK PERAKENDE SATIŞ ANONİM ŞİRKETİ,unknown,2026-05-31 12:00:00+03:00,,0.0,chunk_0075.json,POST /v1/generation/data/dpp-bulk,2026-05-31 21:42:42.682302+00:00,5002602,SANAYİ-ORTA GERİLİM-10Y - SAATLİK-TEK TERİMLİ-5.1.C,10934,2026-05-31T12:00:00+03:00,12:00
40X0000000109347,K3 AYDEM ELEKTRİK PERAKENDE SATIŞ ANONİM ŞİRKETİ,unknown,2026-05-31 13:00:00+03:00,,0.0,chunk_0075.json,POST /v1/generation/data/dpp-bulk,2026-05-31 21:42:42.682302+00:00,5002602,SANAYİ-ORTA GERİLİM-10Y - SAATLİK-TEK TERİMLİ-5.1.C,10934,2026-05-31T13:00:00+03:00,13:00
40X0000000109347,K3 AYDEM ELEKTRİK PERAKENDE SATIŞ ANONİM ŞİRKETİ,unknown,2026-05-31 14:00:00+03:00,,0.0,chunk_0075.json,POST /v1/generation/data/dpp-bulk,2026-05-31 21:42:42.682302+00:00,5002602,SANAYİ-ORTA GERİLİM-10Y - SAATLİK-TEK TERİMLİ-5.1.C,10934,2026-05-31T14:00:00+03:00,14:00
40X0000000109347,K3 AYDEM ELEKTRİK PERAKENDE SATIŞ ANONİM ŞİRKETİ,unknown,2026-05-31 15:00:00+03:00,,0.0,chunk_0075.json,POST /v1/generation/data/dpp-bulk,2026-05-31 21:42:42.682302+00:00,5002602,SANAYİ-ORTA GERİLİM-10Y - SAATLİK-TEK TERİMLİ-5.1.C,10934,2026-05-31T15:00:00+03:00,15:00
40X0000000109347,K3 AYDEM ELEKTRİK PERAKENDE SATIŞ ANONİM ŞİRKETİ,unknown,2026-05-31 16:00:00+03:00,,0.0,chunk_0075.json,POST /v1/generation/data/dpp-bulk,2026-05-31 21:42:42.682302+00:00,5002602,SANAYİ-ORTA GERİLİM-10Y - SAATLİK-TEK TERİMLİ-5.1.C,10934,2026-05-31T16:00:00+03:00,16:00
40X0000000109347,K3 AYDEM ELEKTRİK PERAKENDE SATIŞ ANONİM ŞİRKETİ,unknown,2026-05-31 17:00:00+03:00,,0.0,chunk_0075.json,POST /v1/generation/data/dpp-bulk,2026-05-31 21:42:42.682302+00:00,5002602,SANAYİ-ORTA GERİLİM-10Y - SAATLİK-TEK TERİMLİ-5.1.C,10934,2026-05-31T17:00:00+03:00,17:00
40X0000000109347,K3 AYDEM ELEKTRİK PERAKENDE SATIŞ ANONİM ŞİRKETİ,unknown,2026-05-31 18:00:00+03:00,,0.0,chunk_0075.json,POST /v1/generation/data/dpp-bulk,2026-05-31 21:42:42.682302+00:00,5002602,SANAYİ-ORTA GERİLİM-10Y - SAATLİK-TEK TERİMLİ-5.1.C,10934,2026-05-31T18:00:00+03:00,18:00
40X0000000109347,K3 AYDEM ELEKTRİK PERAKENDE SATIŞ ANONİM ŞİRKETİ,unknown,2026-05-31 19:00:00+03:00,,0.0,chunk_0075.json,POST /v1/generation/data/dpp-bulk,2026-05-31 21:42:42.682302+00:00,5002602,SANAYİ-ORTA GERİLİM-10Y - SAATLİK-TEK TERİMLİ-5.1.C,10934,2026-05-31T19:00:00+03:00,19:00
40X0000000109347,K3 AYDEM ELEKTRİK PERAKENDE SATIŞ ANONİM ŞİRKETİ,unknown,2026-05-31 20:00:00+03:00,,0.0,chunk_0075.json,POST /v1/generation/data/dpp-bulk,2026-05-31 21:42:42.682302+00:00,5002602,SANAYİ-ORTA GERİLİM-10Y - SAATLİK-TEK TERİMLİ-5.1.C,10934,2026-05-31T20:00:00+03:00,20:00
40X0000000109347,K3 AYDEM ELEKTRİK PERAKENDE SATIŞ ANONİM ŞİRKETİ,unknown,2026-05-31 21:00:00+03:00,,0.0,chunk_0075.json,POST /v1/generation/data/dpp-bulk,2026-05-31 21:42:42.682302+00:00,5002602,SANAYİ-ORTA GERİLİM-10Y - SAATLİK-TEK TERİMLİ-5.1.C,10934,2026-05-31T21:00:00+03:00,21:00
40X0000000109347,K3 AYDEM ELEKTRİK PERAKENDE SATIŞ ANONİM ŞİRKETİ,unknown,2026-05-31 22:00:00+03:00,,0.0,chunk_0075.json,POST /v1/generation/data/dpp-bulk,2026-05-31 21:42:42.682302+00:00,5002602,SANAYİ-ORTA GERİLİM-10Y - SAATLİK-TEK TERİMLİ-5.1.C,10934,2026-05-31T22:00:00+03:00,22:00
40X0000000109347,K3 AYDEM ELEKTRİK PERAKENDE SATIŞ ANONİM ŞİRKETİ,unknown,2026-05-31 23:00:00+03:00,,0.0,chunk_0075.json,POST /v1/generation/data/dpp-bulk,2026-05-31 21:42:42.682302+00:00,5002602,SANAYİ-ORTA GERİLİM-10Y - SAATLİK-TEK TERİMLİ-5.1.C,10934,2026-05-31T23:00:00+03:00,23:00
40X0000000109355,K3 GEDİZ ELEKTRİK PERAKENDE SATIŞ ANONİM ŞİRKETİ,unknown,2026-05-31 00:00:00+03:00,,0.0,chunk_0075.json,POST /v1/generation/data/dpp-bulk,2026-05-31 21:42:42.682302+00:00,5001642,MESKEN - ALÇAK GERILIM - 10Y - SAATLIK - TEK TERIMLI - 5.1.C,10935,2026-05-31T00:00:00+03:00,00:00
40X0000000109355,K3 GEDİZ ELEKTRİK PERAKENDE SATIŞ ANONİM ŞİRKETİ,unknown,2026-05-31 01:00:00+03:00,,0.0,chunk_0075.json,POST /v1/generation/data/dpp-bulk,2026-05-31 21:42:42.682302+00:00,5001642,MESKEN - ALÇAK GERILIM - 10Y - SAATLIK - TEK TERIMLI - 5.1.C,10935,2026-05-31T01:00:00+03:00,01:00
40X0000000109355,K3 GEDİZ ELEKTRİK PERAKENDE SATIŞ ANONİM ŞİRKETİ,unknown,2026-05-31 02:00:00+03:00,,0.0,chunk_0075.json,POST /v1/generation/data/dpp-bulk,2026-05-31 21:42:42.682302+00:00,5001642,MESKEN - ALÇAK GERILIM - 10Y - SAATLIK - TEK TERIMLI - 5.1.C,10935,2026-05-31T02:00:00+03:00,02:00
40X0000000109355,K3 GEDİZ ELEKTRİK PERAKENDE SATIŞ ANONİM ŞİRKETİ,unknown,2026-05-31 03:00:00+03:00,,0.0,chunk_0075.json,POST /v1/generation/data/dpp-bulk,2026-05-31 21:42:42.682302+00:00,5001642,MESKEN - ALÇAK GERILIM - 10Y - SAATLIK - TEK TERIMLI - 5.1.C,10935,2026-05-31T03:00:00+03:00,03:00
40X0000000109355,K3 GEDİZ ELEKTRİK PERAKENDE SATIŞ ANONİM ŞİRKETİ,unknown,2026-05-31 04:00:00+03:00,,0.0,chunk_0075.json,POST /v1/generation/data/dpp-bulk,2026-05-31 21:42:42.682302+00:00,5001642,MESKEN - ALÇAK GERILIM - 10Y - SAATLIK - TEK TERIMLI - 5.1.C,10935,2026-05-31T04:00:00+03:00,04:00
40X0000000109355,K3 GEDİZ ELEKTRİK PERAKENDE SATIŞ ANONİM ŞİRKETİ,unknown,2026-05-31 05:00:00+03:00,,0.0,chunk_0075.json,POST /v1/generation/data/dpp-bulk,2026-05-31 21:42:42.682302+00:00,5001642,MESKEN - ALÇAK GERILIM - 10Y - SAATLIK - TEK TERIMLI - 5.1.C,10935,2026-05-31T05:00:00+03:00,05:00
40X0000000109355,K3 GEDİZ ELEKTRİK PERAKENDE SATIŞ ANONİM ŞİRKETİ,unknown,2026-05-31 06:00:00+03:00,,0.0,chunk_0075.json,POST /v1/generation/data/dpp-bulk,2026-05-31 21:42:42.682302+00:00,5001642,MESKEN - ALÇAK GERILIM - 10Y - SAATLIK - TEK TERIMLI - 5.1.C,10935,2026-05-31T06:00:00+03:00,06:00
40X0000000109355,K3 GEDİZ ELEKTRİK PERAKENDE SATIŞ ANONİM ŞİRKETİ,unknown,2026-05-31 07:00:00+03:00,,0.0,chunk_0075.json,POST /v1/generation/data/dpp-bulk,2026-05-31 21:42:42.682302+00:00,5001642,MESKEN - ALÇAK GERILIM - 10Y - SAATLIK - TEK TERIMLI - 5.1.C,10935,2026-05-31T07:00:00+03:00,07:00
40X0000000109355,K3 GEDİZ ELEKTRİK PERAKENDE SATIŞ ANONİM ŞİRKETİ,unknown,2026-05-31 08:00:00+03:00,,0.0,chunk_0075.json,POST /v1/generation/data/dpp-bulk,2026-05-31 21:42:42.682302+00:00,5001642,MESKEN - ALÇAK GERILIM - 10Y - SAATLIK - TEK TERIMLI - 5.1.C,10935,2026-05-31T08:00:00+03:00,08:00
40X0000000109355,K3 GEDİZ ELEKTRİK PERAKENDE SATIŞ ANONİM ŞİRKETİ,unknown,2026-05-31 09:00:00+03:00,,0.0,chunk_0075.json,POST /v1/generation/data/dpp-bulk,2026-05-31 21:42:42.682302+00:00,5001642,MESKEN - ALÇAK GERILIM - 10Y - SAATLIK - TEK TERIMLI - 5.1.C,10935,2026-05-31T09:00:00+03:00,09:00
40X0000000109355,K3 GEDİZ ELEKTRİK PERAKENDE SATIŞ ANONİM ŞİRKETİ,unknown,2026-05-31 10:00:00+03:00,,0.0,chunk_0075.json,POST /v1/generation/data/dpp-bulk,2026-05-31 21:42:42.682302+00:00,5001642,MESKEN - ALÇAK GERILIM - 10Y - SAATLIK - TEK TERIMLI - 5.1.C,10935,2026-05-31T10:00:00+03:00,10:00
40X0000000109355,K3 GEDİZ ELEKTRİK PERAKENDE SATIŞ ANONİM ŞİRKETİ,unknown,2026-05-31 11:00:00+03:00,,0.0,chunk_0075.json,POST /v1/generation/data/dpp-bulk,2026-05-31 21:42:42.682302+00:00,5001642,MESKEN - ALÇAK GERILIM - 10Y - SAATLIK - TEK TERIMLI - 5.1.C,10935,2026-05-31T11:00:00+03:00,11:00
40X0000000109355,K3 GEDİZ ELEKTRİK PERAKENDE SATIŞ ANONİM ŞİRKETİ,unknown,2026-05-31 12:00:00+03:00,,0.0,chunk_0075.json,POST /v1/generation/data/dpp-bulk,2026-05-31 21:42:42.682302+00:00,5001642,MESKEN - ALÇAK GERILIM - 10Y - SAATLIK - TEK TERIMLI - 5.1.C,10935,2026-05-31T12:00:00+03:00,12:00
40X0000000109355,K3 GEDİZ ELEKTRİK PERAKENDE SATIŞ ANONİM ŞİRKETİ,unknown,2026-05-31 13:00:00+03:00,,0.0,chunk_0075.json,POST /v1/generation/data/dpp-bulk,2026-05-31 21:42:42.682302+00:00,5001642,MESKEN - ALÇAK GERILIM - 10Y - SAATLIK - TEK TERIMLI - 5.1.C,10935,2026-05-31T13:00:00+03:00,13:00
40X0000000109355,K3 GEDİZ ELEKTRİK PERAKENDE SATIŞ ANONİM ŞİRKETİ,unknown,2026-05-31 14:00:00+03:00,,0.0,chunk_0075.json,POST /v1/generation/data/dpp-bulk,2026-05-31 21:42:42.682302+00:00,5001642,MESKEN - ALÇAK GERILIM - 10Y - SAATLIK - TEK TERIMLI - 5.1.C,10935,2026-05-31T14:00:00+03:00,14:00
40X0000000109355,K3 GEDİZ ELEKTRİK PERAKENDE SATIŞ ANONİM ŞİRKETİ,unknown,2026-05-31 15:00:00+03:00,,0.0,chunk_0075.json,POST /v1/generation/data/dpp-bulk,2026-05-31 21:42:42.682302+00:00,5001642,MESKEN - ALÇAK GERILIM - 10Y - SAATLIK - TEK TERIMLI - 5.1.C,10935,2026-05-31T15:00:00+03:00,15:00
40X0000000109355,K3 GEDİZ ELEKTRİK PERAKENDE SATIŞ ANONİM ŞİRKETİ,unknown,2026-05-31 16:00:00+03:00,,0.0,chunk_0075.json,POST /v1/generation/data/dpp-bulk,2026-05-31 21:42:42.682302+00:00,5001642,MESKEN - ALÇAK GERILIM - 10Y - SAATLIK - TEK TERIMLI - 5.1.C,10935,2026-05-31T16:00:00+03:00,16:00
40X0000000109355,K3 GEDİZ ELEKTRİK PERAKENDE SATIŞ ANONİM ŞİRKETİ,unknown,2026-05-31 17:00:00+03:00,,0.0,chunk_0075.json,POST /v1/generation/data/dpp-bulk,2026-05-31 21:42:42.682302+00:00,5001642,MESKEN - ALÇAK GERILIM - 10Y - SAATLIK - TEK TERIMLI - 5.1.C,10935,2026-05-31T17:00:00+03:00,17:00
40X0000000109355,K3 GEDİZ ELEKTRİK PERAKENDE SATIŞ ANONİM ŞİRKETİ,unknown,2026-05-31 18:00:00+03:00,,0.0,chunk_0075.json,POST /v1/generation/data/dpp-bulk,2026-05-31 21:42:42.682302+00:00,5001642,MESKEN - ALÇAK GERILIM - 10Y - SAATLIK - TEK TERIMLI - 5.1.C,10935,2026-05-31T18:00:00+03:00,18:00
40X0000000109355,K3 GEDİZ ELEKTRİK PERAKENDE SATIŞ ANONİM ŞİRKETİ,unknown,2026-05-31 19:00:00+03:00,,0.0,chunk_0075.json,POST /v1/generation/data/dpp-bulk,2026-05-31 21:42:42.682302+00:00,5001642,MESKEN - ALÇAK GERILIM - 10Y - SAATLIK - TEK TERIMLI - 5.1.C,10935,2026-05-31T19:00:00+03:00,19:00
40X0000000109355,K3 GEDİZ ELEKTRİK PERAKENDE SATIŞ ANONİM ŞİRKETİ,unknown,2026-05-31 20:00:00+03:00,,0.0,chunk_0075.json,POST /v1/generation/data/dpp-bulk,2026-05-31 21:42:42.682302+00:00,5001642,MESKEN - ALÇAK GERILIM - 10Y - SAATLIK - TEK TERIMLI - 5.1.C,10935,2026-05-31T20:00:00+03:00,20:00
40X0000000109355,K3 GEDİZ ELEKTRİK PERAKENDE SATIŞ ANONİM ŞİRKETİ,unknown,2026-05-31 21:00:00+03:00,,0.0,chunk_0075.json,POST /v1/generation/data/dpp-bulk,2026-05-31 21:42:42.682302+00:00,5001642,MESKEN - ALÇAK GERILIM - 10Y - SAATLIK - TEK TERIMLI - 5.1.C,10935,2026-05-31T21:00:00+03:00,21:00
40X0000000109355,K3 GEDİZ ELEKTRİK PERAKENDE SATIŞ ANONİM ŞİRKETİ,unknown,2026-05-31 22:00:00+03:00,,0.0,chunk_0075.json,POST /v1/generation/data/dpp-bulk,2026-05-31 21:42:42.682302+00:00,5001642,MESKEN - ALÇAK GERILIM - 10Y - SAATLIK - TEK TERIMLI - 5.1.C,10935,2026-05-31T22:00:00+03:00,22:00
40X0000000109355,K3 GEDİZ ELEKTRİK PERAKENDE SATIŞ ANONİM ŞİRKETİ,unknown,2026-05-31 23:00:00+03:00,,0.0,chunk_0075.json,POST /v1/generation/data/dpp-bulk,2026-05-31 21:42:42.682302+00:00,5001642,MESKEN - ALÇAK GERILIM - 10Y - SAATLIK - TEK TERIMLI - 5.1.C,10935,2026-05-31T23:00:00+03:00,23:00
40X0000000109355,K3 GEDİZ ELEKTRİK PERAKENDE SATIŞ ANONİM ŞİRKETİ,unknown,2026-05-31 00:00:00+03:00,,0.0,chunk_0075.json,POST /v1/generation/data/dpp-bulk,2026-05-31 21:42:42.682302+00:00,5002060,İZDEMİR GES TM_TRA&TRB(ST)_LUY_GES_İLETİM_5.1.H,10935,2026-05-31T00:00:00+03:00,00:00
40X0000000109355,K3 GEDİZ ELEKTRİK PERAKENDE SATIŞ ANONİM ŞİRKETİ,unknown,2026-05-31 01:00:00+03:00,,0.0,chunk_0075.json,POST /v1/generation/data/dpp-bulk,2026-05-31 21:42:42.682302+00:00,5002060,İZDEMİR GES TM_TRA&TRB(ST)_LUY_GES_İLETİM_5.1.H,10935,2026-05-31T01:00:00+03:00,01:00
40X0000000109355,K3 GEDİZ ELEKTRİK PERAKENDE SATIŞ ANONİM ŞİRKETİ,unknown,2026-05-31 02:00:00+03:00,,0.0,chunk_0075.json,POST /v1/generation/data/dpp-bulk,2026-05-31 21:42:42.682302+00:00,5002060,İZDEMİR GES TM_TRA&TRB(ST)_LUY_GES_İLETİM_5.1.H,10935,2026-05-31T02:00:00+03:00,02:00
40X0000000109355,K3 GEDİZ ELEKTRİK PERAKENDE SATIŞ ANONİM ŞİRKETİ,unknown,2026-05-31 03:00:00+03:00,,0.0,chunk_0075.json,POST /v1/generation/data/dpp-bulk,2026-05-31 21:42:42.682302+00:00,5002060,İZDEMİR GES TM_TRA&TRB(ST)_LUY_GES_İLETİM_5.1.H,10935,2026-05-31T03:00:00+03:00,03:00
40X0000000109355,K3 GEDİZ ELEKTRİK PERAKENDE SATIŞ ANONİM ŞİRKETİ,unknown,2026-05-31 04:00:00+03:00,,0.0,chunk_0075.json,POST /v1/generation/data/dpp-bulk,2026-05-31 21:42:42.682302+00:00,5002060,İZDEMİR GES TM_TRA&TRB(ST)_LUY_GES_İLETİM_5.1.H,10935,2026-05-31T04:00:00+03:00,04:00
40X0000000109355,K3 GEDİZ ELEKTRİK PERAKENDE SATIŞ ANONİM ŞİRKETİ,unknown,2026-05-31 05:00:00+03:00,,0.0,chunk_0075.json,POST /v1/generation/data/dpp-bulk,2026-05-31 21:42:42.682302+00:00,5002060,İZDEMİR GES TM_TRA&TRB(ST)_LUY_GES_İLETİM_5.1.H,10935,2026-05-31T05:00:00+03:00,05:00
40X0000000109355,K3 GEDİZ ELEKTRİK PERAKENDE SATIŞ ANONİM ŞİRKETİ,unknown,2026-05-31 06:00:00+03:00,,2.0,chunk_0075.json,POST /v1/generation/data/dpp-bulk,2026-05-31 21:42:42.682302+00:00,5002060,İZDEMİR GES TM_TRA&TRB(ST)_LUY_GES_İLETİM_5.1.H,10935,2026-05-31T06:00:00+03:00,06:00
40X0000000109355,K3 GEDİZ ELEKTRİK PERAKENDE SATIŞ ANONİM ŞİRKETİ,unknown,2026-05-31 07:00:00+03:00,,12.0,chunk_0075.json,POST /v1/generation/data/dpp-bulk,2026-05-31 21:42:42.682302+00:00,5002060,İZDEMİR GES TM_TRA&TRB(ST)_LUY_GES_İLETİM_5.1.H,10935,2026-05-31T07:00:00+03:00,07:00
40X0000000109355,K3 GEDİZ ELEKTRİK PERAKENDE SATIŞ ANONİM ŞİRKETİ,unknown,2026-05-31 08:00:00+03:00,,30.0,chunk_0075.json,POST /v1/generation/data/dpp-bulk,2026-05-31 21:42:42.682302+00:00,5002060,İZDEMİR GES TM_TRA&TRB(ST)_LUY_GES_İLETİM_5.1.H,10935,2026-05-31T08:00:00+03:00,08:00
40X0000000109355,K3 GEDİZ ELEKTRİK PERAKENDE SATIŞ ANONİM ŞİRKETİ,unknown,2026-05-31 09:00:00+03:00,,49.0,chunk_0075.json,POST /v1/generation/data/dpp-bulk,2026-05-31 21:42:42.682302+00:00,5002060,İZDEMİR GES TM_TRA&TRB(ST)_LUY_GES_İLETİM_5.1.H,10935,2026-05-31T09:00:00+03:00,09:00
40X0000000109355,K3 GEDİZ ELEKTRİK PERAKENDE SATIŞ ANONİM ŞİRKETİ,unknown,2026-05-31 10:00:00+03:00,,65.0,chunk_0075.json,POST /v1/generation/data/dpp-bulk,2026-05-31 21:42:42.682302+00:00,5002060,İZDEMİR GES TM_TRA&TRB(ST)_LUY_GES_İLETİM_5.1.H,10935,2026-05-31T10:00:00+03:00,10:00
40X0000000109355,K3 GEDİZ ELEKTRİK PERAKENDE SATIŞ ANONİM ŞİRKETİ,unknown,2026-05-31 11:00:00+03:00,,74.0,chunk_0075.json,POST /v1/generation/data/dpp-bulk,2026-05-31 21:42:42.682302+00:00,5002060,İZDEMİR GES TM_TRA&TRB(ST)_LUY_GES_İLETİM_5.1.H,10935,2026-05-31T11:00:00+03:00,11:00
40X0000000109355,K3 GEDİZ ELEKTRİK PERAKENDE SATIŞ ANONİM ŞİRKETİ,unknown,2026-05-31 12:00:00+03:00,,74.0,chunk_0075.json,POST /v1/generation/data/dpp-bulk,2026-05-31 21:42:42.682302+00:00,5002060,İZDEMİR GES TM_TRA&TRB(ST)_LUY_GES_İLETİM_5.1.H,10935,2026-05-31T12:00:00+03:00,12:00
40X0000000109355,K3 GEDİZ ELEKTRİK PERAKENDE SATIŞ ANONİM ŞİRKETİ,unknown,2026-05-31 13:00:00+03:00,,72.0,chunk_0075.json,POST /v1/generation/data/dpp-bulk,2026-05-31 21:42:42.682302+00:00,5002060,İZDEMİR GES TM_TRA&TRB(ST)_LUY_GES_İLETİM_5.1.H,10935,2026-05-31T13:00:00+03:00,13:00
40X0000000109355,K3 GEDİZ ELEKTRİK PERAKENDE SATIŞ ANONİM ŞİRKETİ,unknown,2026-05-31 14:00:00+03:00,,70.0,chunk_0075.json,POST /v1/generation/data/dpp-bulk,2026-05-31 21:42:42.682302+00:00,5002060,İZDEMİR GES TM_TRA&TRB(ST)_LUY_GES_İLETİM_5.1.H,10935,2026-05-31T14:00:00+03:00,14:00
40X0000000109355,K3 GEDİZ ELEKTRİK PERAKENDE SATIŞ ANONİM ŞİRKETİ,unknown,2026-05-31 15:00:00+03:00,,62.0,chunk_0075.json,POST /v1/generation/data/dpp-bulk,2026-05-31 21:42:42.682302+00:00,5002060,İZDEMİR GES TM_TRA&TRB(ST)_LUY_GES_İLETİM_5.1.H,10935,2026-05-31T15:00:00+03:00,15:00
40X0000000109355,K3 GEDİZ ELEKTRİK PERAKENDE SATIŞ ANONİM ŞİRKETİ,unknown,2026-05-31 16:00:00+03:00,,50.0,chunk_0075.json,POST /v1/generation/data/dpp-bulk,2026-05-31 21:42:42.682302+00:00,5002060,İZDEMİR GES TM_TRA&TRB(ST)_LUY_GES_İLETİM_5.1.H,10935,2026-05-31T16:00:00+03:00,16:00
40X0000000109355,K3 GEDİZ ELEKTRİK PERAKENDE SATIŞ ANONİM ŞİRKETİ,unknown,2026-05-31 17:00:00+03:00,,34.0,chunk_0075.json,POST /v1/generation/data/dpp-bulk,2026-05-31 21:42:42.682302+00:00,5002060,İZDEMİR GES TM_TRA&TRB(ST)_LUY_GES_İLETİM_5.1.H,10935,2026-05-31T17:00:00+03:00,17:00
40X0000000109355,K3 GEDİZ ELEKTRİK PERAKENDE SATIŞ ANONİM ŞİRKETİ,unknown,2026-05-31 18:00:00+03:00,,17.0,chunk_0075.json,POST /v1/generation/data/dpp-bulk,2026-05-31 21:42:42.682302+00:00,5002060,İZDEMİR GES TM_TRA&TRB(ST)_LUY_GES_İLETİM_5.1.H,10935,2026-05-31T18:00:00+03:00,18:00
40X0000000109355,K3 GEDİZ ELEKTRİK PERAKENDE SATIŞ ANONİM ŞİRKETİ,unknown,2026-05-31 19:00:00+03:00,,6.0,chunk_0075.json,POST /v1/generation/data/dpp-bulk,2026-05-31 21:42:42.682302+00:00,5002060,İZDEMİR GES TM_TRA&TRB(ST)_LUY_GES_İLETİM_5.1.H,10935,2026-05-31T19:00:00+03:00,19:00
40X0000000109355,K3 GEDİZ ELEKTRİK PERAKENDE SATIŞ ANONİM ŞİRKETİ,unknown,2026-05-31 20:00:00+03:00,,0.0,chunk_0075.json,POST /v1/generation/data/dpp-bulk,2026-05-31 21:42:42.682302+00:00,5002060,İZDEMİR GES TM_TRA&TRB(ST)_LUY_GES_İLETİM_5.1.H,10935,2026-05-31T20:00:00+03:00,20:00
40X0000000109355,K3 GEDİZ ELEKTRİK PERAKENDE SATIŞ ANONİM ŞİRKETİ,unknown,2026-05-31 21:00:00+03:00,,0.0,chunk_0075.json,POST /v1/generation/data/dpp-bulk,2026-05-31 21:42:42.682302+00:00,5002060,İZDEMİR GES TM_TRA&TRB(ST)_LUY_GES_İLETİM_5.1.H,10935,2026-05-31T21:00:00+03:00,21:00
40X0000000109355,K3 GEDİZ ELEKTRİK PERAKENDE SATIŞ ANONİM ŞİRKETİ,unknown,2026-05-31 22:00:00+03:00,,0.0,chunk_0075.json,POST /v1/generation/data/dpp-bulk,2026-05-31 21:42:42.682302+00:00,5002060,İZDEMİR GES TM_TRA&TRB(ST)_LUY_GES_İLETİM_5.1.H,10935,2026-05-31T22:00:00+03:00,22:00
40X0000000109355,K3 GEDİZ ELEKTRİK PERAKENDE SATIŞ ANONİM ŞİRKETİ,unknown,2026-05-31 23:00:00+03:00,,0.0,chunk_0075.json,POST /v1/generation/data/dpp-bulk,2026-05-31 21:42:42.682302+00:00,5002060,İZDEMİR GES TM_TRA&TRB(ST)_LUY_GES_İLETİM_5.1.H,10935,2026-05-31T23:00:00+03:00,23:00
40X0000000109355,K3 GEDİZ ELEKTRİK PERAKENDE SATIŞ ANONİM ŞİRKETİ,unknown,2026-05-31 00:00:00+03:00,,0.0,chunk_0075.json,POST /v1/generation/data/dpp-bulk,2026-05-31 21:42:42.682302+00:00,5002140,TARIMSAL SULAMA - ORTA GERILIM - 10Y - SAATLIK - TEK TERIMLI - 5.1.C,10935,2026-05-31T00:00:00+03:00,00:00
40X0000000109355,K3 GEDİZ ELEKTRİK PERAKENDE SATIŞ ANONİM ŞİRKETİ,unknown,2026-05-31 01:00:00+03:00,,0.0,chunk_0075.json,POST /v1/generation/data/dpp-bulk,2026-05-31 21:42:42.682302+00:00,5002140,TARIMSAL SULAMA - ORTA GERILIM - 10Y - SAATLIK - TEK TERIMLI - 5.1.C,10935,2026-05-31T01:00:00+03:00,01:00
40X0000000109355,K3 GEDİZ ELEKTRİK PERAKENDE SATIŞ ANONİM ŞİRKETİ,unknown,2026-05-31 02:00:00+03:00,,0.0,chunk_0075.json,POST /v1/generation/data/dpp-bulk,2026-05-31 21:42:42.682302+00:00,5002140,TARIMSAL SULAMA - ORTA GERILIM - 10Y - SAATLIK - TEK TERIMLI - 5.1.C,10935,2026-05-31T02:00:00+03:00,02:00
40X0000000109355,K3 GEDİZ ELEKTRİK PERAKENDE SATIŞ ANONİM ŞİRKETİ,unknown,2026-05-31 03:00:00+03:00,,0.0,chunk_0075.json,POST /v1/generation/data/dpp-bulk,2026-05-31 21:42:42.682302+00:00,5002140,TARIMSAL SULAMA - ORTA GERILIM - 10Y - SAATLIK - TEK TERIMLI - 5.1.C,10935,2026-05-31T03:00:00+03:00,03:00
40X0000000109355,K3 GEDİZ ELEKTRİK PERAKENDE SATIŞ ANONİM ŞİRKETİ,unknown,2026-05-31 04:00:00+03:00,,0.0,chunk_0075.json,POST /v1/generation/data/dpp-bulk,2026-05-31 21:42:42.682302+00:00,5002140,TARIMSAL SULAMA - ORTA GERILIM - 10Y - SAATLIK - TEK TERIMLI - 5.1.C,10935,2026-05-31T04:00:00+03:00,04:00
40X0000000109355,K3 GEDİZ ELEKTRİK PERAKENDE SATIŞ ANONİM ŞİRKETİ,unknown,2026-05-31 05:00:00+03:00,,0.0,chunk_0075.json,POST /v1/generation/data/dpp-bulk,2026-05-31 21:42:42.682302+00:00,5002140,TARIMSAL SULAMA - ORTA GERILIM - 10Y - SAATLIK - TEK TERIMLI - 5.1.C,10935,2026-05-31T05:00:00+03:00,05:00
40X0000000109355,K3 GEDİZ ELEKTRİK PERAKENDE SATIŞ ANONİM ŞİRKETİ,unknown,2026-05-31 06:00:00+03:00,,0.07,chunk_0075.json,POST /v1/generation/data/dpp-bulk,2026-05-31 21:42:42.682302+00:00,5002140,TARIMSAL SULAMA - ORTA GERILIM - 10Y - SAATLIK - TEK TERIMLI - 5.1.C,10935,2026-05-31T06:00:00+03:00,06:00
40X0000000109355,K3 GEDİZ ELEKTRİK PERAKENDE SATIŞ ANONİM ŞİRKETİ,unknown,2026-05-31 07:00:00+03:00,,0.22,chunk_0075.json,POST /v1/generation/data/dpp-bulk,2026-05-31 21:42:42.682302+00:00,5002140,TARIMSAL SULAMA - ORTA GERILIM - 10Y - SAATLIK - TEK TERIMLI - 5.1.C,10935,2026-05-31T07:00:00+03:00,07:00
40X0000000109355,K3 GEDİZ ELEKTRİK PERAKENDE SATIŞ ANONİM ŞİRKETİ,unknown,2026-05-31 08:00:00+03:00,,0.47,chunk_0075.json,POST /v1/generation/data/dpp-bulk,2026-05-31 21:42:42.682302+00:00,5002140,TARIMSAL SULAMA - ORTA GERILIM - 10Y - SAATLIK - TEK TERIMLI - 5.1.C,10935,2026-05-31T08:00:00+03:00,08:00
40X0000000109355,K3 GEDİZ ELEKTRİK PERAKENDE SATIŞ ANONİM ŞİRKETİ,unknown,2026-05-31 09:00:00+03:00,,0.75,chunk_0075.json,POST /v1/generation/data/dpp-bulk,2026-05-31 21:42:42.682302+00:00,5002140,TARIMSAL SULAMA - ORTA GERILIM - 10Y - SAATLIK - TEK TERIMLI - 5.1.C,10935,2026-05-31T09:00:00+03:00,09:00
40X0000000109355,K3 GEDİZ ELEKTRİK PERAKENDE SATIŞ ANONİM ŞİRKETİ,unknown,2026-05-31 10:00:00+03:00,,0.96,chunk_0075.json,POST /v1/generation/data/dpp-bulk,2026-05-31 21:42:42.682302+00:00,5002140,TARIMSAL SULAMA - ORTA GERILIM - 10Y - SAATLIK - TEK TERIMLI - 5.1.C,10935,2026-05-31T10:00:00+03:00,10:00
40X0000000109355,K3 GEDİZ ELEKTRİK PERAKENDE SATIŞ ANONİM ŞİRKETİ,unknown,2026-05-31 11:00:00+03:00,,1.07,chunk_0075.json,POST /v1/generation/data/dpp-bulk,2026-05-31 21:42:42.682302+00:00,5002140,TARIMSAL SULAMA - ORTA GERILIM - 10Y - SAATLIK - TEK TERIMLI - 5.1.C,10935,2026-05-31T11:00:00+03:00,11:00
40X0000000109355,K3 GEDİZ ELEKTRİK PERAKENDE SATIŞ ANONİM ŞİRKETİ,unknown,2026-05-31 12:00:00+03:00,,1.12,chunk_0075.json,POST /v1/generation/data/dpp-bulk,2026-05-31 21:42:42.682302+00:00,5002140,TARIMSAL SULAMA - ORTA GERILIM - 10Y - SAATLIK - TEK TERIMLI - 5.1.C,10935,2026-05-31T12:00:00+03:00,12:00
40X0000000109355,K3 GEDİZ ELEKTRİK PERAKENDE SATIŞ ANONİM ŞİRKETİ,unknown,2026-05-31 13:00:00+03:00,,1.12,chunk_0075.json,POST /v1/generation/data/dpp-bulk,2026-05-31 21:42:42.682302+00:00,5002140,TARIMSAL SULAMA - ORTA GERILIM - 10Y - SAATLIK - TEK TERIMLI - 5.1.C,10935,2026-05-31T13:00:00+03:00,13:00
40X0000000109355,K3 GEDİZ ELEKTRİK PERAKENDE SATIŞ ANONİM ŞİRKETİ,unknown,2026-05-31 14:00:00+03:00,,1.07,chunk_0075.json,POST /v1/generation/data/dpp-bulk,2026-05-31 21:42:42.682302+00:00,5002140,TARIMSAL SULAMA - ORTA GERILIM - 10Y - SAATLIK - TEK TERIMLI - 5.1.C,10935,2026-05-31T14:00:00+03:00,14:00
40X0000000109355,K3 GEDİZ ELEKTRİK PERAKENDE SATIŞ ANONİM ŞİRKETİ,unknown,2026-05-31 15:00:00+03:00,,0.93,chunk_0075.json,POST /v1/generation/data/dpp-bulk,2026-05-31 21:42:42.682302+00:00,5002140,TARIMSAL SULAMA - ORTA GERILIM - 10Y - SAATLIK - TEK TERIMLI - 5.1.C,10935,2026-05-31T15:00:00+03:00,15:00
40X0000000109355,K3 GEDİZ ELEKTRİK PERAKENDE SATIŞ ANONİM ŞİRKETİ,unknown,2026-05-31 16:00:00+03:00,,0.75,chunk_0075.json,POST /v1/generation/data/dpp-bulk,2026-05-31 21:42:42.682302+00:00,5002140,TARIMSAL SULAMA - ORTA GERILIM - 10Y - SAATLIK - TEK TERIMLI - 5.1.C,10935,2026-05-31T16:00:00+03:00,16:00
40X0000000109355,K3 GEDİZ ELEKTRİK PERAKENDE SATIŞ ANONİM ŞİRKETİ,unknown,2026-05-31 17:00:00+03:00,,0.5,chunk_0075.json,POST /v1/generation/data/dpp-bulk,2026-05-31 21:42:42.682302+00:00,5002140,TARIMSAL SULAMA - ORTA GERILIM - 10Y - SAATLIK - TEK TERIMLI - 5.1.C,10935,2026-05-31T17:00:00+03:00,17:00
40X0000000109355,K3 GEDİZ ELEKTRİK PERAKENDE SATIŞ ANONİM ŞİRKETİ,unknown,2026-05-31 18:00:00+03:00,,0.24,chunk_0075.json,POST /v1/generation/data/dpp-bulk,2026-05-31 21:42:42.682302+00:00,5002140,TARIMSAL SULAMA - ORTA GERILIM - 10Y - SAATLIK - TEK TERIMLI - 5.1.C,10935,2026-05-31T18:00:00+03:00,18:00
40X0000000109355,K3 GEDİZ ELEKTRİK PERAKENDE SATIŞ ANONİM ŞİRKETİ,unknown,2026-05-31 19:00:00+03:00,,0.08,chunk_0075.json,POST /v1/generation/data/dpp-bulk,2026-05-31 21:42:42.682302+00:00,5002140,TARIMSAL SULAMA - ORTA GERILIM - 10Y - SAATLIK - TEK TERIMLI - 5.1.C,10935,2026-05-31T19:00:00+03:00,19:00
40X0000000109355,K3 GEDİZ ELEKTRİK PERAKENDE SATIŞ ANONİM ŞİRKETİ,unknown,2026-05-31 20:00:00+03:00,,0.0,chunk_0075.json,POST /v1/generation/data/dpp-bulk,2026-05-31 21:42:42.682302+00:00,5002140,TARIMSAL SULAMA - ORTA GERILIM - 10Y - SAATLIK - TEK TERIMLI - 5.1.C,10935,2026-05-31T20:00:00+03:00,20:00
40X0000000109355,K3 GEDİZ ELEKTRİK PERAKENDE SATIŞ ANONİM ŞİRKETİ,unknown,2026-05-31 21:00:00+03:00,,0.0,chunk_0075.json,POST /v1/generation/data/dpp-bulk,2026-05-31 21:42:42.682302+00:00,5002140,TARIMSAL SULAMA - ORTA GERILIM - 10Y - SAATLIK - TEK TERIMLI - 5.1.C,10935,2026-05-31T21:00:00+03:00,21:00
40X0000000109355,K3 GEDİZ ELEKTRİK PERAKENDE SATIŞ ANONİM ŞİRKETİ,unknown,2026-05-31 22:00:00+03:00,,0.0,chunk_0075.json,POST /v1/generation/data/dpp-bulk,2026-05-31 21:42:42.682302+00:00,5002140,TARIMSAL SULAMA - ORTA GERILIM - 10Y - SAATLIK - TEK TERIMLI - 5.1.C,10935,2026-05-31T22:00:00+03:00,22:00
40X0000000109355,K3 GEDİZ ELEKTRİK PERAKENDE SATIŞ ANONİM ŞİRKETİ,unknown,2026-05-31 23:00:00+03:00,,0.0,chunk_0075.json,POST /v1/generation/data/dpp-bulk,2026-05-31 21:42:42.682302+00:00,5002140,TARIMSAL SULAMA - ORTA GERILIM - 10Y - SAATLIK - TEK TERIMLI - 5.1.C,10935,2026-05-31T23:00:00+03:00,23:00
40X0000000109355,K3 GEDİZ ELEKTRİK PERAKENDE SATIŞ ANONİM ŞİRKETİ,unknown,2026-05-31 00:00:00+03:00,,0.0,chunk_0075.json,POST /v1/generation/data/dpp-bulk,2026-05-31 21:42:42.682302+00:00,5002380,SANAYİ - ORTA GERILIM - 10Y - SAATLIK - TEK TERIMLI - 5.1.C,10935,2026-05-31T00:00:00+03:00,00:00
40X0000000109355,K3 GEDİZ ELEKTRİK PERAKENDE SATIŞ ANONİM ŞİRKETİ,unknown,2026-05-31 01:00:00+03:00,,0.0,chunk_0075.json,POST /v1/generation/data/dpp-bulk,2026-05-31 21:42:42.682302+00:00,5002380,SANAYİ - ORTA GERILIM - 10Y - SAATLIK - TEK TERIMLI - 5.1.C,10935,2026-05-31T01:00:00+03:00,01:00
40X0000000109355,K3 GEDİZ ELEKTRİK PERAKENDE SATIŞ ANONİM ŞİRKETİ,unknown,2026-05-31 02:00:00+03:00,,0.0,chunk_0075.json,POST /v1/generation/data/dpp-bulk,2026-05-31 21:42:42.682302+00:00,5002380,SANAYİ - ORTA GERILIM - 10Y - SAATLIK - TEK TERIMLI - 5.1.C,10935,2026-05-31T02:00:00+03:00,02:00
40X0000000109355,K3 GEDİZ ELEKTRİK PERAKENDE SATIŞ ANONİM ŞİRKETİ,unknown,2026-05-31 03:00:00+03:00,,0.0,chunk_0075.json,POST /v1/generation/data/dpp-bulk,2026-05-31 21:42:42.682302+00:00,5002380,SANAYİ - ORTA GERILIM - 10Y - SAATLIK - TEK TERIMLI - 5.1.C,10935,2026-05-31T03:00:00+03:00,03:00
40X0000000109355,K3 GEDİZ ELEKTRİK PERAKENDE SATIŞ ANONİM ŞİRKETİ,unknown,2026-05-31 04:00:00+03:00,,0.0,chunk_0075.json,POST /v1/generation/data/dpp-bulk,2026-05-31 21:42:42.682302+00:00,5002380,SANAYİ - ORTA GERILIM - 10Y - SAATLIK - TEK TERIMLI - 5.1.C,10935,2026-05-31T04:00:00+03:00,04:00
40X0000000109355,K3 GEDİZ ELEKTRİK PERAKENDE SATIŞ ANONİM ŞİRKETİ,unknown,2026-05-31 05:00:00+03:00,,0.0,chunk_0075.json,POST /v1/generation/data/dpp-bulk,2026-05-31 21:42:42.682302+00:00,5002380,SANAYİ - ORTA GERILIM - 10Y - SAATLIK - TEK TERIMLI - 5.1.C,10935,2026-05-31T05:00:00+03:00,05:00
40X0000000109355,K3 GEDİZ ELEKTRİK PERAKENDE SATIŞ ANONİM ŞİRKETİ,unknown,2026-05-31 06:00:00+03:00,,0.03,chunk_0075.json,POST /v1/generation/data/dpp-bulk,2026-05-31 21:42:42.682302+00:00,5002380,SANAYİ - ORTA GERILIM - 10Y - SAATLIK - TEK TERIMLI - 5.1.C,10935,2026-05-31T06:00:00+03:00,06:00
40X0000000109355,K3 GEDİZ ELEKTRİK PERAKENDE SATIŞ ANONİM ŞİRKETİ,unknown,2026-05-31 07:00:00+03:00,,0.09,chunk_0075.json,POST /v1/generation/data/dpp-bulk,2026-05-31 21:42:42.682302+00:00,5002380,SANAYİ - ORTA GERILIM - 10Y - SAATLIK - TEK TERIMLI - 5.1.C,10935,2026-05-31T07:00:00+03:00,07:00
40X0000000109355,K3 GEDİZ ELEKTRİK PERAKENDE SATIŞ ANONİM ŞİRKETİ,unknown,2026-05-31 08:00:00+03:00,,0.19,chunk_0075.json,POST /v1/generation/data/dpp-bulk,2026-05-31 21:42:42.682302+00:00,5002380,SANAYİ - ORTA GERILIM - 10Y - SAATLIK - TEK TERIMLI - 5.1.C,10935,2026-05-31T08:00:00+03:00,08:00
40X0000000109355,K3 GEDİZ ELEKTRİK PERAKENDE SATIŞ ANONİM ŞİRKETİ,unknown,2026-05-31 09:00:00+03:00,,0.3,chunk_0075.json,POST /v1/generation/data/dpp-bulk,2026-05-31 21:42:42.682302+00:00,5002380,SANAYİ - ORTA GERILIM - 10Y - SAATLIK - TEK TERIMLI - 5.1.C,10935,2026-05-31T09:00:00+03:00,09:00
40X0000000109355,K3 GEDİZ ELEKTRİK PERAKENDE SATIŞ ANONİM ŞİRKETİ,unknown,2026-05-31 10:00:00+03:00,,0.38,chunk_0075.json,POST /v1/generation/data/dpp-bulk,2026-05-31 21:42:42.682302+00:00,5002380,SANAYİ - ORTA GERILIM - 10Y - SAATLIK - TEK TERIMLI - 5.1.C,10935,2026-05-31T10:00:00+03:00,10:00
40X0000000109355,K3 GEDİZ ELEKTRİK PERAKENDE SATIŞ ANONİM ŞİRKETİ,unknown,2026-05-31 11:00:00+03:00,,0.43,chunk_0075.json,POST /v1/generation/data/dpp-bulk,2026-05-31 21:42:42.682302+00:00,5002380,SANAYİ - ORTA GERILIM - 10Y - SAATLIK - TEK TERIMLI - 5.1.C,10935,2026-05-31T11:00:00+03:00,11:00
40X0000000109355,K3 GEDİZ ELEKTRİK PERAKENDE SATIŞ ANONİM ŞİRKETİ,unknown,2026-05-31 12:00:00+03:00,,0.45,chunk_0075.json,POST /v1/generation/data/dpp-bulk,2026-05-31 21:42:42.682302+00:00,5002380,SANAYİ - ORTA GERILIM - 10Y - SAATLIK - TEK TERIMLI - 5.1.C,10935,2026-05-31T12:00:00+03:00,12:00
40X0000000109355,K3 GEDİZ ELEKTRİK PERAKENDE SATIŞ ANONİM ŞİRKETİ,unknown,2026-05-31 13:00:00+03:00,,0.45,chunk_0075.json,POST /v1/generation/data/dpp-bulk,2026-05-31 21:42:42.682302+00:00,5002380,SANAYİ - ORTA GERILIM - 10Y - SAATLIK - TEK TERIMLI - 5.1.C,10935,2026-05-31T13:00:00+03:00,13:00
40X0000000109355,K3 GEDİZ ELEKTRİK PERAKENDE SATIŞ ANONİM ŞİRKETİ,unknown,2026-05-31 14:00:00+03:00,,0.43,chunk_0075.json,POST /v1/generation/data/dpp-bulk,2026-05-31 21:42:42.682302+00:00,5002380,SANAYİ - ORTA GERILIM - 10Y - SAATLIK - TEK TERIMLI - 5.1.C,10935,2026-05-31T14:00:00+03:00,14:00
40X0000000109355,K3 GEDİZ ELEKTRİK PERAKENDE SATIŞ ANONİM ŞİRKETİ,unknown,2026-05-31 15:00:00+03:00,,0.37,chunk_0075.json,POST /v1/generation/data/dpp-bulk,2026-05-31 21:42:42.682302+00:00,5002380,SANAYİ - ORTA GERILIM - 10Y - SAATLIK - TEK TERIMLI - 5.1.C,10935,2026-05-31T15:00:00+03:00,15:00
40X0000000109355,K3 GEDİZ ELEKTRİK PERAKENDE SATIŞ ANONİM ŞİRKETİ,unknown,2026-05-31 16:00:00+03:00,,0.3,chunk_0075.json,POST /v1/generation/data/dpp-bulk,2026-05-31 21:42:42.682302+00:00,5002380,SANAYİ - ORTA GERILIM - 10Y - SAATLIK - TEK TERIMLI - 5.1.C,10935,2026-05-31T16:00:00+03:00,16:00
40X0000000109355,K3 GEDİZ ELEKTRİK PERAKENDE SATIŞ ANONİM ŞİRKETİ,unknown,2026-05-31 17:00:00+03:00,,0.2,chunk_0075.json,POST /v1/generation/data/dpp-bulk,2026-05-31 21:42:42.682302+00:00,5002380,SANAYİ - ORTA GERILIM - 10Y - SAATLIK - TEK TERIMLI - 5.1.C,10935,2026-05-31T17:00:00+03:00,17:00
40X0000000109355,K3 GEDİZ ELEKTRİK PERAKENDE SATIŞ ANONİM ŞİRKETİ,unknown,2026-05-31 18:00:00+03:00,,0.1,chunk_0075.json,POST /v1/generation/data/dpp-bulk,2026-05-31 21:42:42.682302+00:00,5002380,SANAYİ - ORTA GERILIM - 10Y - SAATLIK - TEK TERIMLI - 5.1.C,10935,2026-05-31T18:00:00+03:00,18:00
40X0000000109355,K3 GEDİZ ELEKTRİK PERAKENDE SATIŞ ANONİM ŞİRKETİ,unknown,2026-05-31 19:00:00+03:00,,0.03,chunk_0075.json,POST /v1/generation/data/dpp-bulk,2026-05-31 21:42:42.682302+00:00,5002380,SANAYİ - ORTA GERILIM - 10Y - SAATLIK - TEK TERIMLI - 5.1.C,10935,2026-05-31T19:00:00+03:00,19:00
40X0000000109355,K3 GEDİZ ELEKTRİK PERAKENDE SATIŞ ANONİM ŞİRKETİ,unknown,2026-05-31 20:00:00+03:00,,0.0,chunk_0075.json,POST /v1/generation/data/dpp-bulk,2026-05-31 21:42:42.682302+00:00,5002380,SANAYİ - ORTA GERILIM - 10Y - SAATLIK - TEK TERIMLI - 5.1.C,10935,2026-05-31T20:00:00+03:00,20:00
40X0000000109355,K3 GEDİZ ELEKTRİK PERAKENDE SATIŞ ANONİM ŞİRKETİ,unknown,2026-05-31 21:00:00+03:00,,0.0,chunk_0075.json,POST /v1/generation/data/dpp-bulk,2026-05-31 21:42:42.682302+00:00,5002380,SANAYİ - ORTA GERILIM - 10Y - SAATLIK - TEK TERIMLI - 5.1.C,10935,2026-05-31T21:00:00+03:00,21:00
40X0000000109355,K3 GEDİZ ELEKTRİK PERAKENDE SATIŞ ANONİM ŞİRKETİ,unknown,2026-05-31 22:00:00+03:00,,0.0,chunk_0075.json,POST /v1/generation/data/dpp-bulk,2026-05-31 21:42:42.682302+00:00,5002380,SANAYİ - ORTA GERILIM - 10Y - SAATLIK - TEK TERIMLI - 5.1.C,10935,2026-05-31T22:00:00+03:00,22:00
40X0000000109355,K3 GEDİZ ELEKTRİK PERAKENDE SATIŞ ANONİM ŞİRKETİ,unknown,2026-05-31 23:00:00+03:00,,0.0,chunk_0075.json,POST /v1/generation/data/dpp-bulk,2026-05-31 21:42:42.682302+00:00,5002380,SANAYİ - ORTA GERILIM - 10Y - SAATLIK - TEK TERIMLI - 5.1.C,10935,2026-05-31T23:00:00+03:00,23:00
40X000000010939Y,K3 MERAM ELEKTRIK PERAKENDE SATIŞ A.Ş.,unknown,2026-05-31 00:00:00+03:00,,0.0,chunk_0075.json,POST /v1/generation/data/dpp-bulk,2026-05-31 21:42:42.682302+00:00,5001760,TICARETHANE - ORTA GERILIM - 10Y - SAATLIK - TEK TERIMLI - 5.1.C,10939,2026-05-31T00:00:00+03:00,00:00
40X000000010939Y,K3 MERAM ELEKTRIK PERAKENDE SATIŞ A.Ş.,unknown,2026-05-31 01:00:00+03:00,,0.0,chunk_0075.json,POST /v1/generation/data/dpp-bulk,2026-05-31 21:42:42.682302+00:00,5001760,TICARETHANE - ORTA GERILIM - 10Y - SAATLIK - TEK TERIMLI - 5.1.C,10939,2026-05-31T01:00:00+03:00,01:00
40X000000010939Y,K3 MERAM ELEKTRIK PERAKENDE SATIŞ A.Ş.,unknown,2026-05-31 02:00:00+03:00,,0.0,chunk_0075.json,POST /v1/generation/data/dpp-bulk,2026-05-31 21:42:42.682302+00:00,5001760,TICARETHANE - ORTA GERILIM - 10Y - SAATLIK - TEK TERIMLI - 5.1.C,10939,2026-05-31T02:00:00+03:00,02:00
40X000000010939Y,K3 MERAM ELEKTRIK PERAKENDE SATIŞ A.Ş.,unknown,2026-05-31 03:00:00+03:00,,0.0,chunk_0075.json,POST /v1/generation/data/dpp-bulk,2026-05-31 21:42:42.682302+00:00,5001760,TICARETHANE - ORTA GERILIM - 10Y - SAATLIK - TEK TERIMLI - 5.1.C,10939,2026-05-31T03:00:00+03:00,03:00
40X000000010939Y,K3 MERAM ELEKTRIK PERAKENDE SATIŞ A.Ş.,unknown,2026-05-31 04:00:00+03:00,,0.0,chunk_0075.json,POST /v1/generation/data/dpp-bulk,2026-05-31 21:42:42.682302+00:00,5001760,TICARETHANE - ORTA GERILIM - 10Y - SAATLIK - TEK TERIMLI - 5.1.C,10939,2026-05-31T04:00:00+03:00,04:00
40X000000010939Y,K3 MERAM ELEKTRIK PERAKENDE SATIŞ A.Ş.,unknown,2026-05-31 05:00:00+03:00,,0.0,chunk_0075.json,POST /v1/generation/data/dpp-bulk,2026-05-31 21:42:42.682302+00:00,5001760,TICARETHANE - ORTA GERILIM - 10Y - SAATLIK - TEK TERIMLI - 5.1.C,10939,2026-05-31T05:00:00+03:00,05:00
40X000000010939Y,K3 MERAM ELEKTRIK PERAKENDE SATIŞ A.Ş.,unknown,2026-05-31 06:00:00+03:00,,0.0,chunk_0075.json,POST /v1/generation/data/dpp-bulk,2026-05-31 21:42:42.682302+00:00,5001760,TICARETHANE - ORTA GERILIM - 10Y - SAATLIK - TEK TERIMLI - 5.1.C,10939,2026-05-31T06:00:00+03:00,06:00
40X000000010939Y,K3 MERAM ELEKTRIK PERAKENDE SATIŞ A.Ş.,unknown,2026-05-31 07:00:00+03:00,,0.0,chunk_0075.json,POST /v1/generation/data/dpp-bulk,2026-05-31 21:42:42.682302+00:00,5001760,TICARETHANE - ORTA GERILIM - 10Y - SAATLIK - TEK TERIMLI - 5.1.C,10939,2026-05-31T07:00:00+03:00,07:00
40X000000010939Y,K3 MERAM ELEKTRIK PERAKENDE SATIŞ A.Ş.,unknown,2026-05-31 08:00:00+03:00,,0.0,chunk_0075.json,POST /v1/generation/data/dpp-bulk,2026-05-31 21:42:42.682302+00:00,5001760,TICARETHANE - ORTA GERILIM - 10Y - SAATLIK - TEK TERIMLI - 5.1.C,10939,2026-05-31T08:00:00+03:00,08:00
40X000000010939Y,K3 MERAM ELEKTRIK PERAKENDE SATIŞ A.Ş.,unknown,2026-05-31 09:00:00+03:00,,0.0,chunk_0075.json,POST /v1/generation/data/dpp-bulk,2026-05-31 21:42:42.682302+00:00,5001760,TICARETHANE - ORTA GERILIM - 10Y - SAATLIK - TEK TERIMLI - 5.1.C,10939,2026-05-31T09:00:00+03:00,09:00
40X000000010939Y,K3 MERAM ELEKTRIK PERAKENDE SATIŞ A.Ş.,unknown,2026-05-31 10:00:00+03:00,,0.0,chunk_0075.json,POST /v1/generation/data/dpp-bulk,2026-05-31 21:42:42.682302+00:00,5001760,TICARETHANE - ORTA GERILIM - 10Y - SAATLIK - TEK TERIMLI - 5.1.C,10939,2026-05-31T10:00:00+03:00,10:00
40X000000010939Y,K3 MERAM ELEKTRIK PERAKENDE SATIŞ A.Ş.,unknown,2026-05-31 11:00:00+03:00,,0.0,chunk_0075.json,POST /v1/generation/data/dpp-bulk,2026-05-31 21:42:42.682302+00:00,5001760,TICARETHANE - ORTA GERILIM - 10Y - SAATLIK - TEK TERIMLI - 5.1.C,10939,2026-05-31T11:00:00+03:00,11:00
40X000000010939Y,K3 MERAM ELEKTRIK PERAKENDE SATIŞ A.Ş.,unknown,2026-05-31 12:00:00+03:00,,0.0,chunk_0075.json,POST /v1/generation/data/dpp-bulk,2026-05-31 21:42:42.682302+00:00,5001760,TICARETHANE - ORTA GERILIM - 10Y - SAATLIK - TEK TERIMLI - 5.1.C,10939,2026-05-31T12:00:00+03:00,12:00
40X000000010939Y,K3 MERAM ELEKTRIK PERAKENDE SATIŞ A.Ş.,unknown,2026-05-31 13:00:00+03:00,,0.0,chunk_0075.json,POST /v1/generation/data/dpp-bulk,2026-05-31 21:42:42.682302+00:00,5001760,TICARETHANE - ORTA GERILIM - 10Y - SAATLIK - TEK TERIMLI - 5.1.C,10939,2026-05-31T13:00:00+03:00,13:00
40X000000010939Y,K3 MERAM ELEKTRIK PERAKENDE SATIŞ A.Ş.,unknown,2026-05-31 14:00:00+03:00,,0.0,chunk_0075.json,POST /v1/generation/data/dpp-bulk,2026-05-31 21:42:42.682302+00:00,5001760,TICARETHANE - ORTA GERILIM - 10Y - SAATLIK - TEK TERIMLI - 5.1.C,10939,2026-05-31T14:00:00+03:00,14:00
40X000000010939Y,K3 MERAM ELEKTRIK PERAKENDE SATIŞ A.Ş.,unknown,2026-05-31 15:00:00+03:00,,0.0,chunk_0075.json,POST /v1/generation/data/dpp-bulk,2026-05-31 21:42:42.682302+00:00,5001760,TICARETHANE - ORTA GERILIM - 10Y - SAATLIK - TEK TERIMLI - 5.1.C,10939,2026-05-31T15:00:00+03:00,15:00
40X000000010939Y,K3 MERAM ELEKTRIK PERAKENDE SATIŞ A.Ş.,unknown,2026-05-31 16:00:00+03:00,,0.0,chunk_0075.json,POST /v1/generation/data/dpp-bulk,2026-05-31 21:42:42.682302+00:00,5001760,TICARETHANE - ORTA GERILIM - 10Y - SAATLIK - TEK TERIMLI - 5.1.C,10939,2026-05-31T16:00:00+03:00,16:00
40X000000010939Y,K3 MERAM ELEKTRIK PERAKENDE SATIŞ A.Ş.,unknown,2026-05-31 17:00:00+03:00,,0.0,chunk_0075.json,POST /v1/generation/data/dpp-bulk,2026-05-31 21:42:42.682302+00:00,5001760,TICARETHANE - ORTA GERILIM - 10Y - SAATLIK - TEK TERIMLI - 5.1.C,10939,2026-05-31T17:00:00+03:00,17:00
40X000000010939Y,K3 MERAM ELEKTRIK PERAKENDE SATIŞ A.Ş.,unknown,2026-05-31 18:00:00+03:00,,0.0,chunk_0075.json,POST /v1/generation/data/dpp-bulk,2026-05-31 21:42:42.682302+00:00,5001760,TICARETHANE - ORTA GERILIM - 10Y - SAATLIK - TEK TERIMLI - 5.1.C,10939,2026-05-31T18:00:00+03:00,18:00
40X000000010939Y,K3 MERAM ELEKTRIK PERAKENDE SATIŞ A.Ş.,unknown,2026-05-31 19:00:00+03:00,,0.0,chunk_0075.json,POST /v1/generation/data/dpp-bulk,2026-05-31 21:42:42.682302+00:00,5001760,TICARETHANE - ORTA GERILIM - 10Y - SAATLIK - TEK TERIMLI - 5.1.C,10939,2026-05-31T19:00:00+03:00,19:00
40X000000010939Y,K3 MERAM ELEKTRIK PERAKENDE SATIŞ A.Ş.,unknown,2026-05-31 20:00:00+03:00,,0.0,chunk_0075.json,POST /v1/generation/data/dpp-bulk,2026-05-31 21:42:42.682302+00:00,5001760,TICARETHANE - ORTA GERILIM - 10Y - SAATLIK - TEK TERIMLI - 5.1.C,10939,2026-05-31T20:00:00+03:00,20:00
40X000000010939Y,K3 MERAM ELEKTRIK PERAKENDE SATIŞ A.Ş.,unknown,2026-05-31 21:00:00+03:00,,0.0,chunk_0075.json,POST /v1/generation/data/dpp-bulk,2026-05-31 21:42:42.682302+00:00,5001760,TICARETHANE - ORTA GERILIM - 10Y - SAATLIK - TEK TERIMLI - 5.1.C,10939,2026-05-31T21:00:00+03:00,21:00
40X000000010939Y,K3 MERAM ELEKTRIK PERAKENDE SATIŞ A.Ş.,unknown,2026-05-31 22:00:00+03:00,,0.0,chunk_0075.json,POST /v1/generation/data/dpp-bulk,2026-05-31 21:42:42.682302+00:00,5001760,TICARETHANE - ORTA GERILIM - 10Y - SAATLIK - TEK TERIMLI - 5.1.C,10939,2026-05-31T22:00:00+03:00,22:00
40X000000010939Y,K3 MERAM ELEKTRIK PERAKENDE SATIŞ A.Ş.,unknown,2026-05-31 23:00:00+03:00,,0.0,chunk_0075.json,POST /v1/generation/data/dpp-bulk,2026-05-31 21:42:42.682302+00:00,5001760,TICARETHANE - ORTA GERILIM - 10Y - SAATLIK - TEK TERIMLI - 5.1.C,10939,2026-05-31T23:00:00+03:00,23:00
40X000000010939Y,K3 MERAM ELEKTRIK PERAKENDE SATIŞ A.Ş.,unknown,2026-05-31 00:00:00+03:00,,0.0,chunk_0075.json,POST /v1/generation/data/dpp-bulk,2026-05-31 21:42:42.682302+00:00,5002400,TICARETHANE - ALÇAK GERILIM - KADEME 1 - 10Y - SAATLIK - TEK TERIMLI - 5.1.C,10939,2026-05-31T00:00:00+03:00,00:00
40X000000010939Y,K3 MERAM ELEKTRIK PERAKENDE SATIŞ A.Ş.,unknown,2026-05-31 01:00:00+03:00,,0.0,chunk_0075.json,POST /v1/generation/data/dpp-bulk,2026-05-31 21:42:42.682302+00:00,5002400,TICARETHANE - ALÇAK GERILIM - KADEME 1 - 10Y - SAATLIK - TEK TERIMLI - 5.1.C,10939,2026-05-31T01:00:00+03:00,01:00
40X000000010939Y,K3 MERAM ELEKTRIK PERAKENDE SATIŞ A.Ş.,unknown,2026-05-31 02:00:00+03:00,,0.0,chunk_0075.json,POST /v1/generation/data/dpp-bulk,2026-05-31 21:42:42.682302+00:00,5002400,TICARETHANE - ALÇAK GERILIM - KADEME 1 - 10Y - SAATLIK - TEK TERIMLI - 5.1.C,10939,2026-05-31T02:00:00+03:00,02:00
40X000000010939Y,K3 MERAM ELEKTRIK PERAKENDE SATIŞ A.Ş.,unknown,2026-05-31 03:00:00+03:00,,0.0,chunk_0075.json,POST /v1/generation/data/dpp-bulk,2026-05-31 21:42:42.682302+00:00,5002400,TICARETHANE - ALÇAK GERILIM - KADEME 1 - 10Y - SAATLIK - TEK TERIMLI - 5.1.C,10939,2026-05-31T03:00:00+03:00,03:00
40X000000010939Y,K3 MERAM ELEKTRIK PERAKENDE SATIŞ A.Ş.,unknown,2026-05-31 04:00:00+03:00,,0.0,chunk_0075.json,POST /v1/generation/data/dpp-bulk,2026-05-31 21:42:42.682302+00:00,5002400,TICARETHANE - ALÇAK GERILIM - KADEME 1 - 10Y - SAATLIK - TEK TERIMLI - 5.1.C,10939,2026-05-31T04:00:00+03:00,04:00
40X000000010939Y,K3 MERAM ELEKTRIK PERAKENDE SATIŞ A.Ş.,unknown,2026-05-31 05:00:00+03:00,,0.0,chunk_0075.json,POST /v1/generation/data/dpp-bulk,2026-05-31 21:42:42.682302+00:00,5002400,TICARETHANE - ALÇAK GERILIM - KADEME 1 - 10Y - SAATLIK - TEK TERIMLI - 5.1.C,10939,2026-05-31T05:00:00+03:00,05:00
40X000000010939Y,K3 MERAM ELEKTRIK PERAKENDE SATIŞ A.Ş.,unknown,2026-05-31 06:00:00+03:00,,0.0,chunk_0075.json,POST /v1/generation/data/dpp-bulk,2026-05-31 21:42:42.682302+00:00,5002400,TICARETHANE - ALÇAK GERILIM - KADEME 1 - 10Y - SAATLIK - TEK TERIMLI - 5.1.C,10939,2026-05-31T06:00:00+03:00,06:00
40X000000010939Y,K3 MERAM ELEKTRIK PERAKENDE SATIŞ A.Ş.,unknown,2026-05-31 07:00:00+03:00,,0.0,chunk_0075.json,POST /v1/generation/data/dpp-bulk,2026-05-31 21:42:42.682302+00:00,5002400,TICARETHANE - ALÇAK GERILIM - KADEME 1 - 10Y - SAATLIK - TEK TERIMLI - 5.1.C,10939,2026-05-31T07:00:00+03:00,07:00
40X000000010939Y,K3 MERAM ELEKTRIK PERAKENDE SATIŞ A.Ş.,unknown,2026-05-31 08:00:00+03:00,,0.0,chunk_0075.json,POST /v1/generation/data/dpp-bulk,2026-05-31 21:42:42.682302+00:00,5002400,TICARETHANE - ALÇAK GERILIM - KADEME 1 - 10Y - SAATLIK - TEK TERIMLI - 5.1.C,10939,2026-05-31T08:00:00+03:00,08:00
40X000000010939Y,K3 MERAM ELEKTRIK PERAKENDE SATIŞ A.Ş.,unknown,2026-05-31 09:00:00+03:00,,0.0,chunk_0075.json,POST /v1/generation/data/dpp-bulk,2026-05-31 21:42:42.682302+00:00,5002400,TICARETHANE - ALÇAK GERILIM - KADEME 1 - 10Y - SAATLIK - TEK TERIMLI - 5.1.C,10939,2026-05-31T09:00:00+03:00,09:00
40X000000010939Y,K3 MERAM ELEKTRIK PERAKENDE SATIŞ A.Ş.,unknown,2026-05-31 10:00:00+03:00,,0.0,chunk_0075.json,POST /v1/generation/data/dpp-bulk,2026-05-31 21:42:42.682302+00:00,5002400,TICARETHANE - ALÇAK GERILIM - KADEME 1 - 10Y - SAATLIK - TEK TERIMLI - 5.1.C,10939,2026-05-31T10:00:00+03:00,10:00
40X000000010939Y,K3 MERAM ELEKTRIK PERAKENDE SATIŞ A.Ş.,unknown,2026-05-31 11:00:00+03:00,,0.0,chunk_0075.json,POST /v1/generation/data/dpp-bulk,2026-05-31 21:42:42.682302+00:00,5002400,TICARETHANE - ALÇAK GERILIM - KADEME 1 - 10Y - SAATLIK - TEK TERIMLI - 5.1.C,10939,2026-05-31T11:00:00+03:00,11:00
40X000000010939Y,K3 MERAM ELEKTRIK PERAKENDE SATIŞ A.Ş.,unknown,2026-05-31 12:00:00+03:00,,0.0,chunk_0075.json,POST /v1/generation/data/dpp-bulk,2026-05-31 21:42:42.682302+00:00,5002400,TICARETHANE - ALÇAK GERILIM - KADEME 1 - 10Y - SAATLIK - TEK TERIMLI - 5.1.C,10939,2026-05-31T12:00:00+03:00,12:00
40X000000010939Y,K3 MERAM ELEKTRIK PERAKENDE SATIŞ A.Ş.,unknown,2026-05-31 13:00:00+03:00,,0.0,chunk_0075.json,POST /v1/generation/data/dpp-bulk,2026-05-31 21:42:42.682302+00:00,5002400,TICARETHANE - ALÇAK GERILIM - KADEME 1 - 10Y - SAATLIK - TEK TERIMLI - 5.1.C,10939,2026-05-31T13:00:00+03:00,13:00
40X000000010939Y,K3 MERAM ELEKTRIK PERAKENDE SATIŞ A.Ş.,unknown,2026-05-31 14:00:00+03:00,,0.0,chunk_0075.json,POST /v1/generation/data/dpp-bulk,2026-05-31 21:42:42.682302+00:00,5002400,TICARETHANE - ALÇAK GERILIM - KADEME 1 - 10Y - SAATLIK - TEK TERIMLI - 5.1.C,10939,2026-05-31T14:00:00+03:00,14:00
40X000000010939Y,K3 MERAM ELEKTRIK PERAKENDE SATIŞ A.Ş.,unknown,2026-05-31 15:00:00+03:00,,0.0,chunk_0075.json,POST /v1/generation/data/dpp-bulk,2026-05-31 21:42:42.682302+00:00,5002400,TICARETHANE - ALÇAK GERILIM - KADEME 1 - 10Y - SAATLIK - TEK TERIMLI - 5.1.C,10939,2026-05-31T15:00:00+03:00,15:00
40X000000010939Y,K3 MERAM ELEKTRIK PERAKENDE SATIŞ A.Ş.,unknown,2026-05-31 16:00:00+03:00,,0.0,chunk_0075.json,POST /v1/generation/data/dpp-bulk,2026-05-31 21:42:42.682302+00:00,5002400,TICARETHANE - ALÇAK GERILIM - KADEME 1 - 10Y - SAATLIK - TEK TERIMLI - 5.1.C,10939,2026-05-31T16:00:00+03:00,16:00
40X000000010939Y,K3 MERAM ELEKTRIK PERAKENDE SATIŞ A.Ş.,unknown,2026-05-31 17:00:00+03:00,,0.0,chunk_0075.json,POST /v1/generation/data/dpp-bulk,2026-05-31 21:42:42.682302+00:00,5002400,TICARETHANE - ALÇAK GERILIM - KADEME 1 - 10Y - SAATLIK - TEK TERIMLI - 5.1.C,10939,2026-05-31T17:00:00+03:00,17:00
40X000000010939Y,K3 MERAM ELEKTRIK PERAKENDE SATIŞ A.Ş.,unknown,2026-05-31 18:00:00+03:00,,0.0,chunk_0075.json,POST /v1/generation/data/dpp-bulk,2026-05-31 21:42:42.682302+00:00,5002400,TICARETHANE - ALÇAK GERILIM - KADEME 1 - 10Y - SAATLIK - TEK TERIMLI - 5.1.C,10939,2026-05-31T18:00:00+03:00,18:00
40X000000010939Y,K3 MERAM ELEKTRIK PERAKENDE SATIŞ A.Ş.,unknown,2026-05-31 19:00:00+03:00,,0.0,chunk_0075.json,POST /v1/generation/data/dpp-bulk,2026-05-31 21:42:42.682302+00:00,5002400,TICARETHANE - ALÇAK GERILIM - KADEME 1 - 10Y - SAATLIK - TEK TERIMLI - 5.1.C,10939,2026-05-31T19:00:00+03:00,19:00
40X000000010939Y,K3 MERAM ELEKTRIK PERAKENDE SATIŞ A.Ş.,unknown,2026-05-31 20:00:00+03:00,,0.0,chunk_0075.json,POST /v1/generation/data/dpp-bulk,2026-05-31 21:42:42.682302+00:00,5002400,TICARETHANE - ALÇAK GERILIM - KADEME 1 - 10Y - SAATLIK - TEK TERIMLI - 5.1.C,10939,2026-05-31T20:00:00+03:00,20:00
40X000000010939Y,K3 MERAM ELEKTRIK PERAKENDE SATIŞ A.Ş.,unknown,2026-05-31 21:00:00+03:00,,0.0,chunk_0075.json,POST /v1/generation/data/dpp-bulk,2026-05-31 21:42:42.682302+00:00,5002400,TICARETHANE - ALÇAK GERILIM - KADEME 1 - 10Y - SAATLIK - TEK TERIMLI - 5.1.C,10939,2026-05-31T21:00:00+03:00,21:00
40X000000010939Y,K3 MERAM ELEKTRIK PERAKENDE SATIŞ A.Ş.,unknown,2026-05-31 22:00:00+03:00,,0.0,chunk_0075.json,POST /v1/generation/data/dpp-bulk,2026-05-31 21:42:42.682302+00:00,5002400,TICARETHANE - ALÇAK GERILIM - KADEME 1 - 10Y - SAATLIK - TEK TERIMLI - 5.1.C,10939,2026-05-31T22:00:00+03:00,22:00
40X000000010939Y,K3 MERAM ELEKTRIK PERAKENDE SATIŞ A.Ş.,unknown,2026-05-31 23:00:00+03:00,,0.0,chunk_0075.json,POST /v1/generation/data/dpp-bulk,2026-05-31 21:42:42.682302+00:00,5002400,TICARETHANE - ALÇAK GERILIM - KADEME 1 - 10Y - SAATLIK - TEK TERIMLI - 5.1.C,10939,2026-05-31T23:00:00+03:00,23:00
40X0000000109452,K3 ENERJİSA TOROSLAR ELEKTRİK PERAKENDE SATIŞ ANONİM ŞİRKETİ,unknown,2026-05-31 00:00:00+03:00,,0.0,chunk_0075.json,POST /v1/generation/data/dpp-bulk,2026-05-31 21:42:42.682302+00:00,5001941,TICARETHANE - ORTA GERILIM - 10Y - SAATLIK - TEK TERIMLI - 5.1.C,10945,2026-05-31T00:00:00+03:00,00:00
40X0000000109452,K3 ENERJİSA TOROSLAR ELEKTRİK PERAKENDE SATIŞ ANONİM ŞİRKETİ,unknown,2026-05-31 01:00:00+03:00,,0.0,chunk_0075.json,POST /v1/generation/data/dpp-bulk,2026-05-31 21:42:42.682302+00:00,5001941,TICARETHANE - ORTA GERILIM - 10Y - SAATLIK - TEK TERIMLI - 5.1.C,10945,2026-05-31T01:00:00+03:00,01:00
40X0000000109452,K3 ENERJİSA TOROSLAR ELEKTRİK PERAKENDE SATIŞ ANONİM ŞİRKETİ,unknown,2026-05-31 02:00:00+03:00,,0.0,chunk_0075.json,POST /v1/generation/data/dpp-bulk,2026-05-31 21:42:42.682302+00:00,5001941,TICARETHANE - ORTA GERILIM - 10Y - SAATLIK - TEK TERIMLI - 5.1.C,10945,2026-05-31T02:00:00+03:00,02:00
40X0000000109452,K3 ENERJİSA TOROSLAR ELEKTRİK PERAKENDE SATIŞ ANONİM ŞİRKETİ,unknown,2026-05-31 03:00:00+03:00,,0.0,chunk_0075.json,POST /v1/generation/data/dpp-bulk,2026-05-31 21:42:42.682302+00:00,5001941,TICARETHANE - ORTA GERILIM - 10Y - SAATLIK - TEK TERIMLI - 5.1.C,10945,2026-05-31T03:00:00+03:00,03:00
40X0000000109452,K3 ENERJİSA TOROSLAR ELEKTRİK PERAKENDE SATIŞ ANONİM ŞİRKETİ,unknown,2026-05-31 04:00:00+03:00,,0.0,chunk_0075.json,POST /v1/generation/data/dpp-bulk,2026-05-31 21:42:42.682302+00:00,5001941,TICARETHANE - ORTA GERILIM - 10Y - SAATLIK - TEK TERIMLI - 5.1.C,10945,2026-05-31T04:00:00+03:00,04:00
40X0000000109452,K3 ENERJİSA TOROSLAR ELEKTRİK PERAKENDE SATIŞ ANONİM ŞİRKETİ,unknown,2026-05-31 05:00:00+03:00,,0.02,chunk_0075.json,POST /v1/generation/data/dpp-bulk,2026-05-31 21:42:42.682302+00:00,5001941,TICARETHANE - ORTA GERILIM - 10Y - SAATLIK - TEK TERIMLI - 5.1.C,10945,2026-05-31T05:00:00+03:00,05:00
40X0000000109452,K3 ENERJİSA TOROSLAR ELEKTRİK PERAKENDE SATIŞ ANONİM ŞİRKETİ,unknown,2026-05-31 06:00:00+03:00,,0.32,chunk_0075.json,POST /v1/generation/data/dpp-bulk,2026-05-31 21:42:42.682302+00:00,5001941,TICARETHANE - ORTA GERILIM - 10Y - SAATLIK - TEK TERIMLI - 5.1.C,10945,2026-05-31T06:00:00+03:00,06:00
40X0000000109452,K3 ENERJİSA TOROSLAR ELEKTRİK PERAKENDE SATIŞ ANONİM ŞİRKETİ,unknown,2026-05-31 07:00:00+03:00,,0.98,chunk_0075.json,POST /v1/generation/data/dpp-bulk,2026-05-31 21:42:42.682302+00:00,5001941,TICARETHANE - ORTA GERILIM - 10Y - SAATLIK - TEK TERIMLI - 5.1.C,10945,2026-05-31T07:00:00+03:00,07:00
40X0000000109452,K3 ENERJİSA TOROSLAR ELEKTRİK PERAKENDE SATIŞ ANONİM ŞİRKETİ,unknown,2026-05-31 08:00:00+03:00,,1.79,chunk_0075.json,POST /v1/generation/data/dpp-bulk,2026-05-31 21:42:42.682302+00:00,5001941,TICARETHANE - ORTA GERILIM - 10Y - SAATLIK - TEK TERIMLI - 5.1.C,10945,2026-05-31T08:00:00+03:00,08:00
40X0000000109452,K3 ENERJİSA TOROSLAR ELEKTRİK PERAKENDE SATIŞ ANONİM ŞİRKETİ,unknown,2026-05-31 09:00:00+03:00,,2.46,chunk_0075.json,POST /v1/generation/data/dpp-bulk,2026-05-31 21:42:42.682302+00:00,5001941,TICARETHANE - ORTA GERILIM - 10Y - SAATLIK - TEK TERIMLI - 5.1.C,10945,2026-05-31T09:00:00+03:00,09:00
40X0000000109452,K3 ENERJİSA TOROSLAR ELEKTRİK PERAKENDE SATIŞ ANONİM ŞİRKETİ,unknown,2026-05-31 10:00:00+03:00,,2.88,chunk_0075.json,POST /v1/generation/data/dpp-bulk,2026-05-31 21:42:42.682302+00:00,5001941,TICARETHANE - ORTA GERILIM - 10Y - SAATLIK - TEK TERIMLI - 5.1.C,10945,2026-05-31T10:00:00+03:00,10:00
40X0000000109452,K3 ENERJİSA TOROSLAR ELEKTRİK PERAKENDE SATIŞ ANONİM ŞİRKETİ,unknown,2026-05-31 11:00:00+03:00,,3.09,chunk_0075.json,POST /v1/generation/data/dpp-bulk,2026-05-31 21:42:42.682302+00:00,5001941,TICARETHANE - ORTA GERILIM - 10Y - SAATLIK - TEK TERIMLI - 5.1.C,10945,2026-05-31T11:00:00+03:00,11:00
40X0000000109452,K3 ENERJİSA TOROSLAR ELEKTRİK PERAKENDE SATIŞ ANONİM ŞİRKETİ,unknown,2026-05-31 12:00:00+03:00,,3.14,chunk_0075.json,POST /v1/generation/data/dpp-bulk,2026-05-31 21:42:42.682302+00:00,5001941,TICARETHANE - ORTA GERILIM - 10Y - SAATLIK - TEK TERIMLI - 5.1.C,10945,2026-05-31T12:00:00+03:00,12:00
40X0000000109452,K3 ENERJİSA TOROSLAR ELEKTRİK PERAKENDE SATIŞ ANONİM ŞİRKETİ,unknown,2026-05-31 13:00:00+03:00,,3.05,chunk_0075.json,POST /v1/generation/data/dpp-bulk,2026-05-31 21:42:42.682302+00:00,5001941,TICARETHANE - ORTA GERILIM - 10Y - SAATLIK - TEK TERIMLI - 5.1.C,10945,2026-05-31T13:00:00+03:00,13:00
40X0000000109452,K3 ENERJİSA TOROSLAR ELEKTRİK PERAKENDE SATIŞ ANONİM ŞİRKETİ,unknown,2026-05-31 14:00:00+03:00,,2.8,chunk_0075.json,POST /v1/generation/data/dpp-bulk,2026-05-31 21:42:42.682302+00:00,5001941,TICARETHANE - ORTA GERILIM - 10Y - SAATLIK - TEK TERIMLI - 5.1.C,10945,2026-05-31T14:00:00+03:00,14:00
40X0000000109452,K3 ENERJİSA TOROSLAR ELEKTRİK PERAKENDE SATIŞ ANONİM ŞİRKETİ,unknown,2026-05-31 15:00:00+03:00,,2.33,chunk_0075.json,POST /v1/generation/data/dpp-bulk,2026-05-31 21:42:42.682302+00:00,5001941,TICARETHANE - ORTA GERILIM - 10Y - SAATLIK - TEK TERIMLI - 5.1.C,10945,2026-05-31T15:00:00+03:00,15:00
40X0000000109452,K3 ENERJİSA TOROSLAR ELEKTRİK PERAKENDE SATIŞ ANONİM ŞİRKETİ,unknown,2026-05-31 16:00:00+03:00,,1.67,chunk_0075.json,POST /v1/generation/data/dpp-bulk,2026-05-31 21:42:42.682302+00:00,5001941,TICARETHANE - ORTA GERILIM - 10Y - SAATLIK - TEK TERIMLI - 5.1.C,10945,2026-05-31T16:00:00+03:00,16:00
40X0000000109452,K3 ENERJİSA TOROSLAR ELEKTRİK PERAKENDE SATIŞ ANONİM ŞİRKETİ,unknown,2026-05-31 17:00:00+03:00,,0.93,chunk_0075.json,POST /v1/generation/data/dpp-bulk,2026-05-31 21:42:42.682302+00:00,5001941,TICARETHANE - ORTA GERILIM - 10Y - SAATLIK - TEK TERIMLI - 5.1.C,10945,2026-05-31T17:00:00+03:00,17:00
40X0000000109452,K3 ENERJİSA TOROSLAR ELEKTRİK PERAKENDE SATIŞ ANONİM ŞİRKETİ,unknown,2026-05-31 18:00:00+03:00,,0.32,chunk_0075.json,POST /v1/generation/data/dpp-bulk,2026-05-31 21:42:42.682302+00:00,5001941,TICARETHANE - ORTA GERILIM - 10Y - SAATLIK - TEK TERIMLI - 5.1.C,10945,2026-05-31T18:00:00+03:00,18:00
40X0000000109452,K3 ENERJİSA TOROSLAR ELEKTRİK PERAKENDE SATIŞ ANONİM ŞİRKETİ,unknown,2026-05-31 19:00:00+03:00,,0.04,chunk_0075.json,POST /v1/generation/data/dpp-bulk,2026-05-31 21:42:42.682302+00:00,5001941,TICARETHANE - ORTA GERILIM - 10Y - SAATLIK - TEK TERIMLI - 5.1.C,10945,2026-05-31T19:00:00+03:00,19:00
40X0000000109452,K3 ENERJİSA TOROSLAR ELEKTRİK PERAKENDE SATIŞ ANONİM ŞİRKETİ,unknown,2026-05-31 20:00:00+03:00,,0.0,chunk_0075.json,POST /v1/generation/data/dpp-bulk,2026-05-31 21:42:42.682302+00:00,5001941,TICARETHANE - ORTA GERILIM - 10Y - SAATLIK - TEK TERIMLI - 5.1.C,10945,2026-05-31T20:00:00+03:00,20:00
40X0000000109452,K3 ENERJİSA TOROSLAR ELEKTRİK PERAKENDE SATIŞ ANONİM ŞİRKETİ,unknown,2026-05-31 21:00:00+03:00,,0.0,chunk_0075.json,POST /v1/generation/data/dpp-bulk,2026-05-31 21:42:42.682302+00:00,5001941,TICARETHANE - ORTA GERILIM - 10Y - SAATLIK - TEK TERIMLI - 5.1.C,10945,2026-05-31T21:00:00+03:00,21:00
40X0000000109452,K3 ENERJİSA TOROSLAR ELEKTRİK PERAKENDE SATIŞ ANONİM ŞİRKETİ,unknown,2026-05-31 22:00:00+03:00,,0.0,chunk_0075.json,POST /v1/generation/data/dpp-bulk,2026-05-31 21:42:42.682302+00:00,5001941,TICARETHANE - ORTA GERILIM - 10Y - SAATLIK - TEK TERIMLI - 5.1.C,10945,2026-05-31T22:00:00+03:00,22:00
40X0000000109452,K3 ENERJİSA TOROSLAR ELEKTRİK PERAKENDE SATIŞ ANONİM ŞİRKETİ,unknown,2026-05-31 23:00:00+03:00,,0.0,chunk_0075.json,POST /v1/generation/data/dpp-bulk,2026-05-31 21:42:42.682302+00:00,5001941,TICARETHANE - ORTA GERILIM - 10Y - SAATLIK - TEK TERIMLI - 5.1.C,10945,2026-05-31T23:00:00+03:00,23:00
40X0000000109452,K3 ENERJİSA TOROSLAR ELEKTRİK PERAKENDE SATIŞ ANONİM ŞİRKETİ,unknown,2026-05-31 00:00:00+03:00,,0.0,chunk_0075.json,POST /v1/generation/data/dpp-bulk,2026-05-31 21:42:42.682302+00:00,5001942,TARIMSAL SULAMA - ALÇAK GERILIM - 10Y - SAATLIK - TEK TERIMLI - 5.1.C,10945,2026-05-31T00:00:00+03:00,00:00
40X0000000109452,K3 ENERJİSA TOROSLAR ELEKTRİK PERAKENDE SATIŞ ANONİM ŞİRKETİ,unknown,2026-05-31 01:00:00+03:00,,0.0,chunk_0075.json,POST /v1/generation/data/dpp-bulk,2026-05-31 21:42:42.682302+00:00,5001942,TARIMSAL SULAMA - ALÇAK GERILIM - 10Y - SAATLIK - TEK TERIMLI - 5.1.C,10945,2026-05-31T01:00:00+03:00,01:00
40X0000000109452,K3 ENERJİSA TOROSLAR ELEKTRİK PERAKENDE SATIŞ ANONİM ŞİRKETİ,unknown,2026-05-31 02:00:00+03:00,,0.0,chunk_0075.json,POST /v1/generation/data/dpp-bulk,2026-05-31 21:42:42.682302+00:00,5001942,TARIMSAL SULAMA - ALÇAK GERILIM - 10Y - SAATLIK - TEK TERIMLI - 5.1.C,10945,2026-05-31T02:00:00+03:00,02:00
40X0000000109452,K3 ENERJİSA TOROSLAR ELEKTRİK PERAKENDE SATIŞ ANONİM ŞİRKETİ,unknown,2026-05-31 03:00:00+03:00,,0.0,chunk_0075.json,POST /v1/generation/data/dpp-bulk,2026-05-31 21:42:42.682302+00:00,5001942,TARIMSAL SULAMA - ALÇAK GERILIM - 10Y - SAATLIK - TEK TERIMLI - 5.1.C,10945,2026-05-31T03:00:00+03:00,03:00
40X0000000109452,K3 ENERJİSA TOROSLAR ELEKTRİK PERAKENDE SATIŞ ANONİM ŞİRKETİ,unknown,2026-05-31 04:00:00+03:00,,0.0,chunk_0075.json,POST /v1/generation/data/dpp-bulk,2026-05-31 21:42:42.682302+00:00,5001942,TARIMSAL SULAMA - ALÇAK GERILIM - 10Y - SAATLIK - TEK TERIMLI - 5.1.C,10945,2026-05-31T04:00:00+03:00,04:00
40X0000000109452,K3 ENERJİSA TOROSLAR ELEKTRİK PERAKENDE SATIŞ ANONİM ŞİRKETİ,unknown,2026-05-31 05:00:00+03:00,,0.0,chunk_0075.json,POST /v1/generation/data/dpp-bulk,2026-05-31 21:42:42.682302+00:00,5001942,TARIMSAL SULAMA - ALÇAK GERILIM - 10Y - SAATLIK - TEK TERIMLI - 5.1.C,10945,2026-05-31T05:00:00+03:00,05:00
40X0000000109452,K3 ENERJİSA TOROSLAR ELEKTRİK PERAKENDE SATIŞ ANONİM ŞİRKETİ,unknown,2026-05-31 06:00:00+03:00,,0.07,chunk_0075.json,POST /v1/generation/data/dpp-bulk,2026-05-31 21:42:42.682302+00:00,5001942,TARIMSAL SULAMA - ALÇAK GERILIM - 10Y - SAATLIK - TEK TERIMLI - 5.1.C,10945,2026-05-31T06:00:00+03:00,06:00
40X0000000109452,K3 ENERJİSA TOROSLAR ELEKTRİK PERAKENDE SATIŞ ANONİM ŞİRKETİ,unknown,2026-05-31 07:00:00+03:00,,0.23,chunk_0075.json,POST /v1/generation/data/dpp-bulk,2026-05-31 21:42:42.682302+00:00,5001942,TARIMSAL SULAMA - ALÇAK GERILIM - 10Y - SAATLIK - TEK TERIMLI - 5.1.C,10945,2026-05-31T07:00:00+03:00,07:00
40X0000000109452,K3 ENERJİSA TOROSLAR ELEKTRİK PERAKENDE SATIŞ ANONİM ŞİRKETİ,unknown,2026-05-31 08:00:00+03:00,,0.42,chunk_0075.json,POST /v1/generation/data/dpp-bulk,2026-05-31 21:42:42.682302+00:00,5001942,TARIMSAL SULAMA - ALÇAK GERILIM - 10Y - SAATLIK - TEK TERIMLI - 5.1.C,10945,2026-05-31T08:00:00+03:00,08:00
40X0000000109452,K3 ENERJİSA TOROSLAR ELEKTRİK PERAKENDE SATIŞ ANONİM ŞİRKETİ,unknown,2026-05-31 09:00:00+03:00,,0.58,chunk_0075.json,POST /v1/generation/data/dpp-bulk,2026-05-31 21:42:42.682302+00:00,5001942,TARIMSAL SULAMA - ALÇAK GERILIM - 10Y - SAATLIK - TEK TERIMLI - 5.1.C,10945,2026-05-31T09:00:00+03:00,09:00
40X0000000109452,K3 ENERJİSA TOROSLAR ELEKTRİK PERAKENDE SATIŞ ANONİM ŞİRKETİ,unknown,2026-05-31 10:00:00+03:00,,0.68,chunk_0075.json,POST /v1/generation/data/dpp-bulk,2026-05-31 21:42:42.682302+00:00,5001942,TARIMSAL SULAMA - ALÇAK GERILIM - 10Y - SAATLIK - TEK TERIMLI - 5.1.C,10945,2026-05-31T10:00:00+03:00,10:00
40X0000000109452,K3 ENERJİSA TOROSLAR ELEKTRİK PERAKENDE SATIŞ ANONİM ŞİRKETİ,unknown,2026-05-31 11:00:00+03:00,,0.73,chunk_0075.json,POST /v1/generation/data/dpp-bulk,2026-05-31 21:42:42.682302+00:00,5001942,TARIMSAL SULAMA - ALÇAK GERILIM - 10Y - SAATLIK - TEK TERIMLI - 5.1.C,10945,2026-05-31T11:00:00+03:00,11:00
40X0000000109452,K3 ENERJİSA TOROSLAR ELEKTRİK PERAKENDE SATIŞ ANONİM ŞİRKETİ,unknown,2026-05-31 12:00:00+03:00,,0.74,chunk_0075.json,POST /v1/generation/data/dpp-bulk,2026-05-31 21:42:42.682302+00:00,5001942,TARIMSAL SULAMA - ALÇAK GERILIM - 10Y - SAATLIK - TEK TERIMLI - 5.1.C,10945,2026-05-31T12:00:00+03:00,12:00
40X0000000109452,K3 ENERJİSA TOROSLAR ELEKTRİK PERAKENDE SATIŞ ANONİM ŞİRKETİ,unknown,2026-05-31 13:00:00+03:00,,0.72,chunk_0075.json,POST /v1/generation/data/dpp-bulk,2026-05-31 21:42:42.682302+00:00,5001942,TARIMSAL SULAMA - ALÇAK GERILIM - 10Y - SAATLIK - TEK TERIMLI - 5.1.C,10945,2026-05-31T13:00:00+03:00,13:00
40X0000000109452,K3 ENERJİSA TOROSLAR ELEKTRİK PERAKENDE SATIŞ ANONİM ŞİRKETİ,unknown,2026-05-31 14:00:00+03:00,,0.66,chunk_0075.json,POST /v1/generation/data/dpp-bulk,2026-05-31 21:42:42.682302+00:00,5001942,TARIMSAL SULAMA - ALÇAK GERILIM - 10Y - SAATLIK - TEK TERIMLI - 5.1.C,10945,2026-05-31T14:00:00+03:00,14:00
40X0000000109452,K3 ENERJİSA TOROSLAR ELEKTRİK PERAKENDE SATIŞ ANONİM ŞİRKETİ,unknown,2026-05-31 15:00:00+03:00,,0.55,chunk_0075.json,POST /v1/generation/data/dpp-bulk,2026-05-31 21:42:42.682302+00:00,5001942,TARIMSAL SULAMA - ALÇAK GERILIM - 10Y - SAATLIK - TEK TERIMLI - 5.1.C,10945,2026-05-31T15:00:00+03:00,15:00
40X0000000109452,K3 ENERJİSA TOROSLAR ELEKTRİK PERAKENDE SATIŞ ANONİM ŞİRKETİ,unknown,2026-05-31 16:00:00+03:00,,0.39,chunk_0075.json,POST /v1/generation/data/dpp-bulk,2026-05-31 21:42:42.682302+00:00,5001942,TARIMSAL SULAMA - ALÇAK GERILIM - 10Y - SAATLIK - TEK TERIMLI - 5.1.C,10945,2026-05-31T16:00:00+03:00,16:00
40X0000000109452,K3 ENERJİSA TOROSLAR ELEKTRİK PERAKENDE SATIŞ ANONİM ŞİRKETİ,unknown,2026-05-31 17:00:00+03:00,,0.22,chunk_0075.json,POST /v1/generation/data/dpp-bulk,2026-05-31 21:42:42.682302+00:00,5001942,TARIMSAL SULAMA - ALÇAK GERILIM - 10Y - SAATLIK - TEK TERIMLI - 5.1.C,10945,2026-05-31T17:00:00+03:00,17:00
40X0000000109452,K3 ENERJİSA TOROSLAR ELEKTRİK PERAKENDE SATIŞ ANONİM ŞİRKETİ,unknown,2026-05-31 18:00:00+03:00,,0.07,chunk_0075.json,POST /v1/generation/data/dpp-bulk,2026-05-31 21:42:42.682302+00:00,5001942,TARIMSAL SULAMA - ALÇAK GERILIM - 10Y - SAATLIK - TEK TERIMLI - 5.1.C,10945,2026-05-31T18:00:00+03:00,18:00
40X0000000109452,K3 ENERJİSA TOROSLAR ELEKTRİK PERAKENDE SATIŞ ANONİM ŞİRKETİ,unknown,2026-05-31 19:00:00+03:00,,0.0,chunk_0075.json,POST /v1/generation/data/dpp-bulk,2026-05-31 21:42:42.682302+00:00,5001942,TARIMSAL SULAMA - ALÇAK GERILIM - 10Y - SAATLIK - TEK TERIMLI - 5.1.C,10945,2026-05-31T19:00:00+03:00,19:00
40X0000000109452,K3 ENERJİSA TOROSLAR ELEKTRİK PERAKENDE SATIŞ ANONİM ŞİRKETİ,unknown,2026-05-31 20:00:00+03:00,,0.0,chunk_0075.json,POST /v1/generation/data/dpp-bulk,2026-05-31 21:42:42.682302+00:00,5001942,TARIMSAL SULAMA - ALÇAK GERILIM - 10Y - SAATLIK - TEK TERIMLI - 5.1.C,10945,2026-05-31T20:00:00+03:00,20:00
40X0000000109452,K3 ENERJİSA TOROSLAR ELEKTRİK PERAKENDE SATIŞ ANONİM ŞİRKETİ,unknown,2026-05-31 21:00:00+03:00,,0.0,chunk_0075.json,POST /v1/generation/data/dpp-bulk,2026-05-31 21:42:42.682302+00:00,5001942,TARIMSAL SULAMA - ALÇAK GERILIM - 10Y - SAATLIK - TEK TERIMLI - 5.1.C,10945,2026-05-31T21:00:00+03:00,21:00
40X0000000109452,K3 ENERJİSA TOROSLAR ELEKTRİK PERAKENDE SATIŞ ANONİM ŞİRKETİ,unknown,2026-05-31 22:00:00+03:00,,0.0,chunk_0075.json,POST /v1/generation/data/dpp-bulk,2026-05-31 21:42:42.682302+00:00,5001942,TARIMSAL SULAMA - ALÇAK GERILIM - 10Y - SAATLIK - TEK TERIMLI - 5.1.C,10945,2026-05-31T22:00:00+03:00,22:00
40X0000000109452,K3 ENERJİSA TOROSLAR ELEKTRİK PERAKENDE SATIŞ ANONİM ŞİRKETİ,unknown,2026-05-31 23:00:00+03:00,,0.0,chunk_0075.json,POST /v1/generation/data/dpp-bulk,2026-05-31 21:42:42.682302+00:00,5001942,TARIMSAL SULAMA - ALÇAK GERILIM - 10Y - SAATLIK - TEK TERIMLI - 5.1.C,10945,2026-05-31T23:00:00+03:00,23:00
40X0000000109452,K3 ENERJİSA TOROSLAR ELEKTRİK PERAKENDE SATIŞ ANONİM ŞİRKETİ,unknown,2026-05-31 00:00:00+03:00,,0.0,chunk_0075.json,POST /v1/generation/data/dpp-bulk,2026-05-31 21:42:42.682302+00:00,5001961,SANAYİ - ORTA GERILIM - 10Y - SAATLIK - TEK TERIMLI - 5.1.C,10945,2026-05-31T00:00:00+03:00,00:00
40X0000000109452,K3 ENERJİSA TOROSLAR ELEKTRİK PERAKENDE SATIŞ ANONİM ŞİRKETİ,unknown,2026-05-31 01:00:00+03:00,,0.0,chunk_0075.json,POST /v1/generation/data/dpp-bulk,2026-05-31 21:42:42.682302+00:00,5001961,SANAYİ - ORTA GERILIM - 10Y - SAATLIK - TEK TERIMLI - 5.1.C,10945,2026-05-31T01:00:00+03:00,01:00
40X0000000109452,K3 ENERJİSA TOROSLAR ELEKTRİK PERAKENDE SATIŞ ANONİM ŞİRKETİ,unknown,2026-05-31 02:00:00+03:00,,0.0,chunk_0075.json,POST /v1/generation/data/dpp-bulk,2026-05-31 21:42:42.682302+00:00,5001961,SANAYİ - ORTA GERILIM - 10Y - SAATLIK - TEK TERIMLI - 5.1.C,10945,2026-05-31T02:00:00+03:00,02:00
40X0000000109452,K3 ENERJİSA TOROSLAR ELEKTRİK PERAKENDE SATIŞ ANONİM ŞİRKETİ,unknown,2026-05-31 03:00:00+03:00,,0.0,chunk_0075.json,POST /v1/generation/data/dpp-bulk,2026-05-31 21:42:42.682302+00:00,5001961,SANAYİ - ORTA GERILIM - 10Y - SAATLIK - TEK TERIMLI - 5.1.C,10945,2026-05-31T03:00:00+03:00,03:00
40X0000000109452,K3 ENERJİSA TOROSLAR ELEKTRİK PERAKENDE SATIŞ ANONİM ŞİRKETİ,unknown,2026-05-31 04:00:00+03:00,,0.0,chunk_0075.json,POST /v1/generation/data/dpp-bulk,2026-05-31 21:42:42.682302+00:00,5001961,SANAYİ - ORTA GERILIM - 10Y - SAATLIK - TEK TERIMLI - 5.1.C,10945,2026-05-31T04:00:00+03:00,04:00
40X0000000109452,K3 ENERJİSA TOROSLAR ELEKTRİK PERAKENDE SATIŞ ANONİM ŞİRKETİ,unknown,2026-05-31 05:00:00+03:00,,0.0,chunk_0075.json,POST /v1/generation/data/dpp-bulk,2026-05-31 21:42:42.682302+00:00,5001961,SANAYİ - ORTA GERILIM - 10Y - SAATLIK - TEK TERIMLI - 5.1.C,10945,2026-05-31T05:00:00+03:00,05:00
40X0000000109452,K3 ENERJİSA TOROSLAR ELEKTRİK PERAKENDE SATIŞ ANONİM ŞİRKETİ,unknown,2026-05-31 06:00:00+03:00,,0.09,chunk_0075.json,POST /v1/generation/data/dpp-bulk,2026-05-31 21:42:42.682302+00:00,5001961,SANAYİ - ORTA GERILIM - 10Y - SAATLIK - TEK TERIMLI - 5.1.C,10945,2026-05-31T06:00:00+03:00,06:00
40X0000000109452,K3 ENERJİSA TOROSLAR ELEKTRİK PERAKENDE SATIŞ ANONİM ŞİRKETİ,unknown,2026-05-31 07:00:00+03:00,,0.29,chunk_0075.json,POST /v1/generation/data/dpp-bulk,2026-05-31 21:42:42.682302+00:00,5001961,SANAYİ - ORTA GERILIM - 10Y - SAATLIK - TEK TERIMLI - 5.1.C,10945,2026-05-31T07:00:00+03:00,07:00
40X0000000109452,K3 ENERJİSA TOROSLAR ELEKTRİK PERAKENDE SATIŞ ANONİM ŞİRKETİ,unknown,2026-05-31 08:00:00+03:00,,0.53,chunk_0075.json,POST /v1/generation/data/dpp-bulk,2026-05-31 21:42:42.682302+00:00,5001961,SANAYİ - ORTA GERILIM - 10Y - SAATLIK - TEK TERIMLI - 5.1.C,10945,2026-05-31T08:00:00+03:00,08:00
40X0000000109452,K3 ENERJİSA TOROSLAR ELEKTRİK PERAKENDE SATIŞ ANONİM ŞİRKETİ,unknown,2026-05-31 09:00:00+03:00,,0.72,chunk_0075.json,POST /v1/generation/data/dpp-bulk,2026-05-31 21:42:42.682302+00:00,5001961,SANAYİ - ORTA GERILIM - 10Y - SAATLIK - TEK TERIMLI - 5.1.C,10945,2026-05-31T09:00:00+03:00,09:00
40X0000000109452,K3 ENERJİSA TOROSLAR ELEKTRİK PERAKENDE SATIŞ ANONİM ŞİRKETİ,unknown,2026-05-31 10:00:00+03:00,,0.85,chunk_0075.json,POST /v1/generation/data/dpp-bulk,2026-05-31 21:42:42.682302+00:00,5001961,SANAYİ - ORTA GERILIM - 10Y - SAATLIK - TEK TERIMLI - 5.1.C,10945,2026-05-31T10:00:00+03:00,10:00
40X0000000109452,K3 ENERJİSA TOROSLAR ELEKTRİK PERAKENDE SATIŞ ANONİM ŞİRKETİ,unknown,2026-05-31 11:00:00+03:00,,0.91,chunk_0075.json,POST /v1/generation/data/dpp-bulk,2026-05-31 21:42:42.682302+00:00,5001961,SANAYİ - ORTA GERILIM - 10Y - SAATLIK - TEK TERIMLI - 5.1.C,10945,2026-05-31T11:00:00+03:00,11:00
40X0000000109452,K3 ENERJİSA TOROSLAR ELEKTRİK PERAKENDE SATIŞ ANONİM ŞİRKETİ,unknown,2026-05-31 12:00:00+03:00,,0.92,chunk_0075.json,POST /v1/generation/data/dpp-bulk,2026-05-31 21:42:42.682302+00:00,5001961,SANAYİ - ORTA GERILIM - 10Y - SAATLIK - TEK TERIMLI - 5.1.C,10945,2026-05-31T12:00:00+03:00,12:00
40X0000000109452,K3 ENERJİSA TOROSLAR ELEKTRİK PERAKENDE SATIŞ ANONİM ŞİRKETİ,unknown,2026-05-31 13:00:00+03:00,,0.9,chunk_0075.json,POST /v1/generation/data/dpp-bulk,2026-05-31 21:42:42.682302+00:00,5001961,SANAYİ - ORTA GERILIM - 10Y - SAATLIK - TEK TERIMLI - 5.1.C,10945,2026-05-31T13:00:00+03:00,13:00
40X0000000109452,K3 ENERJİSA TOROSLAR ELEKTRİK PERAKENDE SATIŞ ANONİM ŞİRKETİ,unknown,2026-05-31 14:00:00+03:00,,0.82,chunk_0075.json,POST /v1/generation/data/dpp-bulk,2026-05-31 21:42:42.682302+00:00,5001961,SANAYİ - ORTA GERILIM - 10Y - SAATLIK - TEK TERIMLI - 5.1.C,10945,2026-05-31T14:00:00+03:00,14:00
40X0000000109452,K3 ENERJİSA TOROSLAR ELEKTRİK PERAKENDE SATIŞ ANONİM ŞİRKETİ,unknown,2026-05-31 15:00:00+03:00,,0.68,chunk_0075.json,POST /v1/generation/data/dpp-bulk,2026-05-31 21:42:42.682302+00:00,5001961,SANAYİ - ORTA GERILIM - 10Y - SAATLIK - TEK TERIMLI - 5.1.C,10945,2026-05-31T15:00:00+03:00,15:00
40X0000000109452,K3 ENERJİSA TOROSLAR ELEKTRİK PERAKENDE SATIŞ ANONİM ŞİRKETİ,unknown,2026-05-31 16:00:00+03:00,,0.49,chunk_0075.json,POST /v1/generation/data/dpp-bulk,2026-05-31 21:42:42.682302+00:00,5001961,SANAYİ - ORTA GERILIM - 10Y - SAATLIK - TEK TERIMLI - 5.1.C,10945,2026-05-31T16:00:00+03:00,16:00
40X0000000109452,K3 ENERJİSA TOROSLAR ELEKTRİK PERAKENDE SATIŞ ANONİM ŞİRKETİ,unknown,2026-05-31 17:00:00+03:00,,0.27,chunk_0075.json,POST /v1/generation/data/dpp-bulk,2026-05-31 21:42:42.682302+00:00,5001961,SANAYİ - ORTA GERILIM - 10Y - SAATLIK - TEK TERIMLI - 5.1.C,10945,2026-05-31T17:00:00+03:00,17:00
40X0000000109452,K3 ENERJİSA TOROSLAR ELEKTRİK PERAKENDE SATIŞ ANONİM ŞİRKETİ,unknown,2026-05-31 18:00:00+03:00,,0.09,chunk_0075.json,POST /v1/generation/data/dpp-bulk,2026-05-31 21:42:42.682302+00:00,5001961,SANAYİ - ORTA GERILIM - 10Y - SAATLIK - TEK TERIMLI - 5.1.C,10945,2026-05-31T18:00:00+03:00,18:00
40X0000000109452,K3 ENERJİSA TOROSLAR ELEKTRİK PERAKENDE SATIŞ ANONİM ŞİRKETİ,unknown,2026-05-31 19:00:00+03:00,,0.01,chunk_0075.json,POST /v1/generation/data/dpp-bulk,2026-05-31 21:42:42.682302+00:00,5001961,SANAYİ - ORTA GERILIM - 10Y - SAATLIK - TEK TERIMLI - 5.1.C,10945,2026-05-31T19:00:00+03:00,19:00
40X0000000109452,K3 ENERJİSA TOROSLAR ELEKTRİK PERAKENDE SATIŞ ANONİM ŞİRKETİ,unknown,2026-05-31 20:00:00+03:00,,0.0,chunk_0075.json,POST /v1/generation/data/dpp-bulk,2026-05-31 21:42:42.682302+00:00,5001961,SANAYİ - ORTA GERILIM - 10Y - SAATLIK - TEK TERIMLI - 5.1.C,10945,2026-05-31T20:00:00+03:00,20:00
40X0000000109452,K3 ENERJİSA TOROSLAR ELEKTRİK PERAKENDE SATIŞ ANONİM ŞİRKETİ,unknown,2026-05-31 21:00:00+03:00,,0.0,chunk_0075.json,POST /v1/generation/data/dpp-bulk,2026-05-31 21:42:42.682302+00:00,5001961,SANAYİ - ORTA GERILIM - 10Y - SAATLIK - TEK TERIMLI - 5.1.C,10945,2026-05-31T21:00:00+03:00,21:00
40X0000000109452,K3 ENERJİSA TOROSLAR ELEKTRİK PERAKENDE SATIŞ ANONİM ŞİRKETİ,unknown,2026-05-31 22:00:00+03:00,,0.0,chunk_0075.json,POST /v1/generation/data/dpp-bulk,2026-05-31 21:42:42.682302+00:00,5001961,SANAYİ - ORTA GERILIM - 10Y - SAATLIK - TEK TERIMLI - 5.1.C,10945,2026-05-31T22:00:00+03:00,22:00
40X0000000109452,K3 ENERJİSA TOROSLAR ELEKTRİK PERAKENDE SATIŞ ANONİM ŞİRKETİ,unknown,2026-05-31 23:00:00+03:00,,0.0,chunk_0075.json,POST /v1/generation/data/dpp-bulk,2026-05-31 21:42:42.682302+00:00,5001961,SANAYİ - ORTA GERILIM - 10Y - SAATLIK - TEK TERIMLI - 5.1.C,10945,2026-05-31T23:00:00+03:00,23:00
40X0000000109541,K3 AKEDAŞ ELEKTRİK PERAKENDE SATIŞ A.Ş.,unknown,2026-05-31 00:00:00+03:00,,0.0,chunk_0075.json,POST /v1/generation/data/dpp-bulk,2026-05-31 21:42:42.682302+00:00,5001980,TARIMSAL SULAMA - ORTA GERILIM - 10Y - SAATLIK - TEK TERIMLI - 5.1.C,10954,2026-05-31T00:00:00+03:00,00:00
40X0000000109541,K3 AKEDAŞ ELEKTRİK PERAKENDE SATIŞ A.Ş.,unknown,2026-05-31 01:00:00+03:00,,0.0,chunk_0075.json,POST /v1/generation/data/dpp-bulk,2026-05-31 21:42:42.682302+00:00,5001980,TARIMSAL SULAMA - ORTA GERILIM - 10Y - SAATLIK - TEK TERIMLI - 5.1.C,10954,2026-05-31T01:00:00+03:00,01:00
40X0000000109541,K3 AKEDAŞ ELEKTRİK PERAKENDE SATIŞ A.Ş.,unknown,2026-05-31 02:00:00+03:00,,0.0,chunk_0075.json,POST /v1/generation/data/dpp-bulk,2026-05-31 21:42:42.682302+00:00,5001980,TARIMSAL SULAMA - ORTA GERILIM - 10Y - SAATLIK - TEK TERIMLI - 5.1.C,10954,2026-05-31T02:00:00+03:00,02:00
40X0000000109541,K3 AKEDAŞ ELEKTRİK PERAKENDE SATIŞ A.Ş.,unknown,2026-05-31 03:00:00+03:00,,0.0,chunk_0075.json,POST /v1/generation/data/dpp-bulk,2026-05-31 21:42:42.682302+00:00,5001980,TARIMSAL SULAMA - ORTA GERILIM - 10Y - SAATLIK - TEK TERIMLI - 5.1.C,10954,2026-05-31T03:00:00+03:00,03:00
40X0000000109541,K3 AKEDAŞ ELEKTRİK PERAKENDE SATIŞ A.Ş.,unknown,2026-05-31 04:00:00+03:00,,0.0,chunk_0075.json,POST /v1/generation/data/dpp-bulk,2026-05-31 21:42:42.682302+00:00,5001980,TARIMSAL SULAMA - ORTA GERILIM - 10Y - SAATLIK - TEK TERIMLI - 5.1.C,10954,2026-05-31T04:00:00+03:00,04:00
40X0000000109541,K3 AKEDAŞ ELEKTRİK PERAKENDE SATIŞ A.Ş.,unknown,2026-05-31 05:00:00+03:00,,0.0,chunk_0075.json,POST /v1/generation/data/dpp-bulk,2026-05-31 21:42:42.682302+00:00,5001980,TARIMSAL SULAMA - ORTA GERILIM - 10Y - SAATLIK - TEK TERIMLI - 5.1.C,10954,2026-05-31T05:00:00+03:00,05:00
40X0000000109541,K3 AKEDAŞ ELEKTRİK PERAKENDE SATIŞ A.Ş.,unknown,2026-05-31 06:00:00+03:00,,0.0,chunk_0075.json,POST /v1/generation/data/dpp-bulk,2026-05-31 21:42:42.682302+00:00,5001980,TARIMSAL SULAMA - ORTA GERILIM - 10Y - SAATLIK - TEK TERIMLI - 5.1.C,10954,2026-05-31T06:00:00+03:00,06:00
40X0000000109541,K3 AKEDAŞ ELEKTRİK PERAKENDE SATIŞ A.Ş.,unknown,2026-05-31 07:00:00+03:00,,0.0,chunk_0075.json,POST /v1/generation/data/dpp-bulk,2026-05-31 21:42:42.682302+00:00,5001980,TARIMSAL SULAMA - ORTA GERILIM - 10Y - SAATLIK - TEK TERIMLI - 5.1.C,10954,2026-05-31T07:00:00+03:00,07:00
40X0000000109541,K3 AKEDAŞ ELEKTRİK PERAKENDE SATIŞ A.Ş.,unknown,2026-05-31 08:00:00+03:00,,0.0,chunk_0075.json,POST /v1/generation/data/dpp-bulk,2026-05-31 21:42:42.682302+00:00,5001980,TARIMSAL SULAMA - ORTA GERILIM - 10Y - SAATLIK - TEK TERIMLI - 5.1.C,10954,2026-05-31T08:00:00+03:00,08:00
40X0000000109541,K3 AKEDAŞ ELEKTRİK PERAKENDE SATIŞ A.Ş.,unknown,2026-05-31 09:00:00+03:00,,0.0,chunk_0075.json,POST /v1/generation/data/dpp-bulk,2026-05-31 21:42:42.682302+00:00,5001980,TARIMSAL SULAMA - ORTA GERILIM - 10Y - SAATLIK - TEK TERIMLI - 5.1.C,10954,2026-05-31T09:00:00+03:00,09:00
40X0000000109541,K3 AKEDAŞ ELEKTRİK PERAKENDE SATIŞ A.Ş.,unknown,2026-05-31 10:00:00+03:00,,0.0,chunk_0075.json,POST /v1/generation/data/dpp-bulk,2026-05-31 21:42:42.682302+00:00,5001980,TARIMSAL SULAMA - ORTA GERILIM - 10Y - SAATLIK - TEK TERIMLI - 5.1.C,10954,2026-05-31T10:00:00+03:00,10:00
40X0000000109541,K3 AKEDAŞ ELEKTRİK PERAKENDE SATIŞ A.Ş.,unknown,2026-05-31 11:00:00+03:00,,0.0,chunk_0075.json,POST /v1/generation/data/dpp-bulk,2026-05-31 21:42:42.682302+00:00,5001980,TARIMSAL SULAMA - ORTA GERILIM - 10Y - SAATLIK - TEK TERIMLI - 5.1.C,10954,2026-05-31T11:00:00+03:00,11:00
40X0000000109541,K3 AKEDAŞ ELEKTRİK PERAKENDE SATIŞ A.Ş.,unknown,2026-05-31 12:00:00+03:00,,0.0,chunk_0075.json,POST /v1/generation/data/dpp-bulk,2026-05-31 21:42:42.682302+00:00,5001980,TARIMSAL SULAMA - ORTA GERILIM - 10Y - SAATLIK - TEK TERIMLI - 5.1.C,10954,2026-05-31T12:00:00+03:00,12:00
40X0000000109541,K3 AKEDAŞ ELEKTRİK PERAKENDE SATIŞ A.Ş.,unknown,2026-05-31 13:00:00+03:00,,0.0,chunk_0075.json,POST /v1/generation/data/dpp-bulk,2026-05-31 21:42:42.682302+00:00,5001980,TARIMSAL SULAMA - ORTA GERILIM - 10Y - SAATLIK - TEK TERIMLI - 5.1.C,10954,2026-05-31T13:00:00+03:00,13:00
40X0000000109541,K3 AKEDAŞ ELEKTRİK PERAKENDE SATIŞ A.Ş.,unknown,2026-05-31 14:00:00+03:00,,0.0,chunk_0075.json,POST /v1/generation/data/dpp-bulk,2026-05-31 21:42:42.682302+00:00,5001980,TARIMSAL SULAMA - ORTA GERILIM - 10Y - SAATLIK - TEK TERIMLI - 5.1.C,10954,2026-05-31T14:00:00+03:00,14:00
40X0000000109541,K3 AKEDAŞ ELEKTRİK PERAKENDE SATIŞ A.Ş.,unknown,2026-05-31 15:00:00+03:00,,0.0,chunk_0075.json,POST /v1/generation/data/dpp-bulk,2026-05-31 21:42:42.682302+00:00,5001980,TARIMSAL SULAMA - ORTA GERILIM - 10Y - SAATLIK - TEK TERIMLI - 5.1.C,10954,2026-05-31T15:00:00+03:00,15:00
40X0000000109541,K3 AKEDAŞ ELEKTRİK PERAKENDE SATIŞ A.Ş.,unknown,2026-05-31 16:00:00+03:00,,0.0,chunk_0075.json,POST /v1/generation/data/dpp-bulk,2026-05-31 21:42:42.682302+00:00,5001980,TARIMSAL SULAMA - ORTA GERILIM - 10Y - SAATLIK - TEK TERIMLI - 5.1.C,10954,2026-05-31T16:00:00+03:00,16:00
40X0000000109541,K3 AKEDAŞ ELEKTRİK PERAKENDE SATIŞ A.Ş.,unknown,2026-05-31 17:00:00+03:00,,0.0,chunk_0075.json,POST /v1/generation/data/dpp-bulk,2026-05-31 21:42:42.682302+00:00,5001980,TARIMSAL SULAMA - ORTA GERILIM - 10Y - SAATLIK - TEK TERIMLI - 5.1.C,10954,2026-05-31T17:00:00+03:00,17:00
40X0000000109541,K3 AKEDAŞ ELEKTRİK PERAKENDE SATIŞ A.Ş.,unknown,2026-05-31 18:00:00+03:00,,0.0,chunk_0075.json,POST /v1/generation/data/dpp-bulk,2026-05-31 21:42:42.682302+00:00,5001980,TARIMSAL SULAMA - ORTA GERILIM - 10Y - SAATLIK - TEK TERIMLI - 5.1.C,10954,2026-05-31T18:00:00+03:00,18:00
40X0000000109541,K3 AKEDAŞ ELEKTRİK PERAKENDE SATIŞ A.Ş.,unknown,2026-05-31 19:00:00+03:00,,0.0,chunk_0075.json,POST /v1/generation/data/dpp-bulk,2026-05-31 21:42:42.682302+00:00,5001980,TARIMSAL SULAMA - ORTA GERILIM - 10Y - SAATLIK - TEK TERIMLI - 5.1.C,10954,2026-05-31T19:00:00+03:00,19:00
40X0000000109541,K3 AKEDAŞ ELEKTRİK PERAKENDE SATIŞ A.Ş.,unknown,2026-05-31 20:00:00+03:00,,0.0,chunk_0075.json,POST /v1/generation/data/dpp-bulk,2026-05-31 21:42:42.682302+00:00,5001980,TARIMSAL SULAMA - ORTA GERILIM - 10Y - SAATLIK - TEK TERIMLI - 5.1.C,10954,2026-05-31T20:00:00+03:00,20:00
40X0000000109541,K3 AKEDAŞ ELEKTRİK PERAKENDE SATIŞ A.Ş.,unknown,2026-05-31 21:00:00+03:00,,0.0,chunk_0075.json,POST /v1/generation/data/dpp-bulk,2026-05-31 21:42:42.682302+00:00,5001980,TARIMSAL SULAMA - ORTA GERILIM - 10Y - SAATLIK - TEK TERIMLI - 5.1.C,10954,2026-05-31T21:00:00+03:00,21:00
40X0000000109541,K3 AKEDAŞ ELEKTRİK PERAKENDE SATIŞ A.Ş.,unknown,2026-05-31 22:00:00+03:00,,0.0,chunk_0075.json,POST /v1/generation/data/dpp-bulk,2026-05-31 21:42:42.682302+00:00,5001980,TARIMSAL SULAMA - ORTA GERILIM - 10Y - SAATLIK - TEK TERIMLI - 5.1.C,10954,2026-05-31T22:00:00+03:00,22:00
40X0000000109541,K3 AKEDAŞ ELEKTRİK PERAKENDE SATIŞ A.Ş.,unknown,2026-05-31 23:00:00+03:00,,0.0,chunk_0075.json,POST /v1/generation/data/dpp-bulk,2026-05-31 21:42:42.682302+00:00,5001980,TARIMSAL SULAMA - ORTA GERILIM - 10Y - SAATLIK - TEK TERIMLI - 5.1.C,10954,2026-05-31T23:00:00+03:00,23:00
40X0000000109541,K3 AKEDAŞ ELEKTRİK PERAKENDE SATIŞ A.Ş.,unknown,2026-05-31 00:00:00+03:00,,0.0,chunk_0075.json,POST /v1/generation/data/dpp-bulk,2026-05-31 21:42:42.682302+00:00,5002661,MESKEN - ALÇAK GERILIM - KADEME 2 - 10Y - SAATLIK - TEK TERIMLI - 5.1.C,10954,2026-05-31T00:00:00+03:00,00:00
40X0000000109541,K3 AKEDAŞ ELEKTRİK PERAKENDE SATIŞ A.Ş.,unknown,2026-05-31 01:00:00+03:00,,0.0,chunk_0075.json,POST /v1/generation/data/dpp-bulk,2026-05-31 21:42:42.682302+00:00,5002661,MESKEN - ALÇAK GERILIM - KADEME 2 - 10Y - SAATLIK - TEK TERIMLI - 5.1.C,10954,2026-05-31T01:00:00+03:00,01:00
40X0000000109541,K3 AKEDAŞ ELEKTRİK PERAKENDE SATIŞ A.Ş.,unknown,2026-05-31 02:00:00+03:00,,0.0,chunk_0075.json,POST /v1/generation/data/dpp-bulk,2026-05-31 21:42:42.682302+00:00,5002661,MESKEN - ALÇAK GERILIM - KADEME 2 - 10Y - SAATLIK - TEK TERIMLI - 5.1.C,10954,2026-05-31T02:00:00+03:00,02:00
40X0000000109541,K3 AKEDAŞ ELEKTRİK PERAKENDE SATIŞ A.Ş.,unknown,2026-05-31 03:00:00+03:00,,0.0,chunk_0075.json,POST /v1/generation/data/dpp-bulk,2026-05-31 21:42:42.682302+00:00,5002661,MESKEN - ALÇAK GERILIM - KADEME 2 - 10Y - SAATLIK - TEK TERIMLI - 5.1.C,10954,2026-05-31T03:00:00+03:00,03:00
40X0000000109541,K3 AKEDAŞ ELEKTRİK PERAKENDE SATIŞ A.Ş.,unknown,2026-05-31 04:00:00+03:00,,0.0,chunk_0075.json,POST /v1/generation/data/dpp-bulk,2026-05-31 21:42:42.682302+00:00,5002661,MESKEN - ALÇAK GERILIM - KADEME 2 - 10Y - SAATLIK - TEK TERIMLI - 5.1.C,10954,2026-05-31T04:00:00+03:00,04:00
40X0000000109541,K3 AKEDAŞ ELEKTRİK PERAKENDE SATIŞ A.Ş.,unknown,2026-05-31 05:00:00+03:00,,0.0,chunk_0075.json,POST /v1/generation/data/dpp-bulk,2026-05-31 21:42:42.682302+00:00,5002661,MESKEN - ALÇAK GERILIM - KADEME 2 - 10Y - SAATLIK - TEK TERIMLI - 5.1.C,10954,2026-05-31T05:00:00+03:00,05:00
40X0000000109541,K3 AKEDAŞ ELEKTRİK PERAKENDE SATIŞ A.Ş.,unknown,2026-05-31 06:00:00+03:00,,0.0,chunk_0075.json,POST /v1/generation/data/dpp-bulk,2026-05-31 21:42:42.682302+00:00,5002661,MESKEN - ALÇAK GERILIM - KADEME 2 - 10Y - SAATLIK - TEK TERIMLI - 5.1.C,10954,2026-05-31T06:00:00+03:00,06:00
40X0000000109541,K3 AKEDAŞ ELEKTRİK PERAKENDE SATIŞ A.Ş.,unknown,2026-05-31 07:00:00+03:00,,0.0,chunk_0075.json,POST /v1/generation/data/dpp-bulk,2026-05-31 21:42:42.682302+00:00,5002661,MESKEN - ALÇAK GERILIM - KADEME 2 - 10Y - SAATLIK - TEK TERIMLI - 5.1.C,10954,2026-05-31T07:00:00+03:00,07:00
40X0000000109541,K3 AKEDAŞ ELEKTRİK PERAKENDE SATIŞ A.Ş.,unknown,2026-05-31 08:00:00+03:00,,0.0,chunk_0075.json,POST /v1/generation/data/dpp-bulk,2026-05-31 21:42:42.682302+00:00,5002661,MESKEN - ALÇAK GERILIM - KADEME 2 - 10Y - SAATLIK - TEK TERIMLI - 5.1.C,10954,2026-05-31T08:00:00+03:00,08:00
40X0000000109541,K3 AKEDAŞ ELEKTRİK PERAKENDE SATIŞ A.Ş.,unknown,2026-05-31 09:00:00+03:00,,0.0,chunk_0075.json,POST /v1/generation/data/dpp-bulk,2026-05-31 21:42:42.682302+00:00,5002661,MESKEN - ALÇAK GERILIM - KADEME 2 - 10Y - SAATLIK - TEK TERIMLI - 5.1.C,10954,2026-05-31T09:00:00+03:00,09:00
40X0000000109541,K3 AKEDAŞ ELEKTRİK PERAKENDE SATIŞ A.Ş.,unknown,2026-05-31 10:00:00+03:00,,0.0,chunk_0075.json,POST /v1/generation/data/dpp-bulk,2026-05-31 21:42:42.682302+00:00,5002661,MESKEN - ALÇAK GERILIM - KADEME 2 - 10Y - SAATLIK - TEK TERIMLI - 5.1.C,10954,2026-05-31T10:00:00+03:00,10:00
40X0000000109541,K3 AKEDAŞ ELEKTRİK PERAKENDE SATIŞ A.Ş.,unknown,2026-05-31 11:00:00+03:00,,0.0,chunk_0075.json,POST /v1/generation/data/dpp-bulk,2026-05-31 21:42:42.682302+00:00,5002661,MESKEN - ALÇAK GERILIM - KADEME 2 - 10Y - SAATLIK - TEK TERIMLI - 5.1.C,10954,2026-05-31T11:00:00+03:00,11:00
40X0000000109541,K3 AKEDAŞ ELEKTRİK PERAKENDE SATIŞ A.Ş.,unknown,2026-05-31 12:00:00+03:00,,0.0,chunk_0075.json,POST /v1/generation/data/dpp-bulk,2026-05-31 21:42:42.682302+00:00,5002661,MESKEN - ALÇAK GERILIM - KADEME 2 - 10Y - SAATLIK - TEK TERIMLI - 5.1.C,10954,2026-05-31T12:00:00+03:00,12:00
40X0000000109541,K3 AKEDAŞ ELEKTRİK PERAKENDE SATIŞ A.Ş.,unknown,2026-05-31 13:00:00+03:00,,0.0,chunk_0075.json,POST /v1/generation/data/dpp-bulk,2026-05-31 21:42:42.682302+00:00,5002661,MESKEN - ALÇAK GERILIM - KADEME 2 - 10Y - SAATLIK - TEK TERIMLI - 5.1.C,10954,2026-05-31T13:00:00+03:00,13:00
40X0000000109541,K3 AKEDAŞ ELEKTRİK PERAKENDE SATIŞ A.Ş.,unknown,2026-05-31 14:00:00+03:00,,0.0,chunk_0075.json,POST /v1/generation/data/dpp-bulk,2026-05-31 21:42:42.682302+00:00,5002661,MESKEN - ALÇAK GERILIM - KADEME 2 - 10Y - SAATLIK - TEK TERIMLI - 5.1.C,10954,2026-05-31T14:00:00+03:00,14:00
40X0000000109541,K3 AKEDAŞ ELEKTRİK PERAKENDE SATIŞ A.Ş.,unknown,2026-05-31 15:00:00+03:00,,0.0,chunk_0075.json,POST /v1/generation/data/dpp-bulk,2026-05-31 21:42:42.682302+00:00,5002661,MESKEN - ALÇAK GERILIM - KADEME 2 - 10Y - SAATLIK - TEK TERIMLI - 5.1.C,10954,2026-05-31T15:00:00+03:00,15:00
40X0000000109541,K3 AKEDAŞ ELEKTRİK PERAKENDE SATIŞ A.Ş.,unknown,2026-05-31 16:00:00+03:00,,0.0,chunk_0075.json,POST /v1/generation/data/dpp-bulk,2026-05-31 21:42:42.682302+00:00,5002661,MESKEN - ALÇAK GERILIM - KADEME 2 - 10Y - SAATLIK - TEK TERIMLI - 5.1.C,10954,2026-05-31T16:00:00+03:00,16:00
40X0000000109541,K3 AKEDAŞ ELEKTRİK PERAKENDE SATIŞ A.Ş.,unknown,2026-05-31 17:00:00+03:00,,0.0,chunk_0075.json,POST /v1/generation/data/dpp-bulk,2026-05-31 21:42:42.682302+00:00,5002661,MESKEN - ALÇAK GERILIM - KADEME 2 - 10Y - SAATLIK - TEK TERIMLI - 5.1.C,10954,2026-05-31T17:00:00+03:00,17:00
40X0000000109541,K3 AKEDAŞ ELEKTRİK PERAKENDE SATIŞ A.Ş.,unknown,2026-05-31 18:00:00+03:00,,0.0,chunk_0075.json,POST /v1/generation/data/dpp-bulk,2026-05-31 21:42:42.682302+00:00,5002661,MESKEN - ALÇAK GERILIM - KADEME 2 - 10Y - SAATLIK - TEK TERIMLI - 5.1.C,10954,2026-05-31T18:00:00+03:00,18:00
40X0000000109541,K3 AKEDAŞ ELEKTRİK PERAKENDE SATIŞ A.Ş.,unknown,2026-05-31 19:00:00+03:00,,0.0,chunk_0075.json,POST /v1/generation/data/dpp-bulk,2026-05-31 21:42:42.682302+00:00,5002661,MESKEN - ALÇAK GERILIM - KADEME 2 - 10Y - SAATLIK - TEK TERIMLI - 5.1.C,10954,2026-05-31T19:00:00+03:00,19:00
40X0000000109541,K3 AKEDAŞ ELEKTRİK PERAKENDE SATIŞ A.Ş.,unknown,2026-05-31 20:00:00+03:00,,0.0,chunk_0075.json,POST /v1/generation/data/dpp-bulk,2026-05-31 21:42:42.682302+00:00,5002661,MESKEN - ALÇAK GERILIM - KADEME 2 - 10Y - SAATLIK - TEK TERIMLI - 5.1.C,10954,2026-05-31T20:00:00+03:00,20:00
40X0000000109541,K3 AKEDAŞ ELEKTRİK PERAKENDE SATIŞ A.Ş.,unknown,2026-05-31 21:00:00+03:00,,0.0,chunk_0075.json,POST /v1/generation/data/dpp-bulk,2026-05-31 21:42:42.682302+00:00,5002661,MESKEN - ALÇAK GERILIM - KADEME 2 - 10Y - SAATLIK - TEK TERIMLI - 5.1.C,10954,2026-05-31T21:00:00+03:00,21:00
40X0000000109541,K3 AKEDAŞ ELEKTRİK PERAKENDE SATIŞ A.Ş.,unknown,2026-05-31 22:00:00+03:00,,0.0,chunk_0075.json,POST /v1/generation/data/dpp-bulk,2026-05-31 21:42:42.682302+00:00,5002661,MESKEN - ALÇAK GERILIM - KADEME 2 - 10Y - SAATLIK - TEK TERIMLI - 5.1.C,10954,2026-05-31T22:00:00+03:00,22:00
40X0000000109541,K3 AKEDAŞ ELEKTRİK PERAKENDE SATIŞ A.Ş.,unknown,2026-05-31 23:00:00+03:00,,0.0,chunk_0075.json,POST /v1/generation/data/dpp-bulk,2026-05-31 21:42:42.682302+00:00,5002661,MESKEN - ALÇAK GERILIM - KADEME 2 - 10Y - SAATLIK - TEK TERIMLI - 5.1.C,10954,2026-05-31T23:00:00+03:00,23:00
40X0000000109541,K3 AKEDAŞ ELEKTRİK PERAKENDE SATIŞ A.Ş.,unknown,2026-05-31 00:00:00+03:00,,0.0,chunk_0075.json,POST /v1/generation/data/dpp-bulk,2026-05-31 21:42:42.682302+00:00,5002662,TİCARETHANE-ORTA GERİLİM-10Y - SAATLİK-TEK TERİMLİ-5.1.C,10954,2026-05-31T00:00:00+03:00,00:00
40X0000000109541,K3 AKEDAŞ ELEKTRİK PERAKENDE SATIŞ A.Ş.,unknown,2026-05-31 01:00:00+03:00,,0.0,chunk_0075.json,POST /v1/generation/data/dpp-bulk,2026-05-31 21:42:42.682302+00:00,5002662,TİCARETHANE-ORTA GERİLİM-10Y - SAATLİK-TEK TERİMLİ-5.1.C,10954,2026-05-31T01:00:00+03:00,01:00
40X0000000109541,K3 AKEDAŞ ELEKTRİK PERAKENDE SATIŞ A.Ş.,unknown,2026-05-31 02:00:00+03:00,,0.0,chunk_0075.json,POST /v1/generation/data/dpp-bulk,2026-05-31 21:42:42.682302+00:00,5002662,TİCARETHANE-ORTA GERİLİM-10Y - SAATLİK-TEK TERİMLİ-5.1.C,10954,2026-05-31T02:00:00+03:00,02:00
40X0000000109541,K3 AKEDAŞ ELEKTRİK PERAKENDE SATIŞ A.Ş.,unknown,2026-05-31 03:00:00+03:00,,0.0,chunk_0075.json,POST /v1/generation/data/dpp-bulk,2026-05-31 21:42:42.682302+00:00,5002662,TİCARETHANE-ORTA GERİLİM-10Y - SAATLİK-TEK TERİMLİ-5.1.C,10954,2026-05-31T03:00:00+03:00,03:00
40X0000000109541,K3 AKEDAŞ ELEKTRİK PERAKENDE SATIŞ A.Ş.,unknown,2026-05-31 04:00:00+03:00,,0.0,chunk_0075.json,POST /v1/generation/data/dpp-bulk,2026-05-31 21:42:42.682302+00:00,5002662,TİCARETHANE-ORTA GERİLİM-10Y - SAATLİK-TEK TERİMLİ-5.1.C,10954,2026-05-31T04:00:00+03:00,04:00
40X0000000109541,K3 AKEDAŞ ELEKTRİK PERAKENDE SATIŞ A.Ş.,unknown,2026-05-31 05:00:00+03:00,,0.0,chunk_0075.json,POST /v1/generation/data/dpp-bulk,2026-05-31 21:42:42.682302+00:00,5002662,TİCARETHANE-ORTA GERİLİM-10Y - SAATLİK-TEK TERİMLİ-5.1.C,10954,2026-05-31T05:00:00+03:00,05:00
40X0000000109541,K3 AKEDAŞ ELEKTRİK PERAKENDE SATIŞ A.Ş.,unknown,2026-05-31 06:00:00+03:00,,0.0,chunk_0075.json,POST /v1/generation/data/dpp-bulk,2026-05-31 21:42:42.682302+00:00,5002662,TİCARETHANE-ORTA GERİLİM-10Y - SAATLİK-TEK TERİMLİ-5.1.C,10954,2026-05-31T06:00:00+03:00,06:00
40X0000000109541,K3 AKEDAŞ ELEKTRİK PERAKENDE SATIŞ A.Ş.,unknown,2026-05-31 07:00:00+03:00,,0.0,chunk_0075.json,POST /v1/generation/data/dpp-bulk,2026-05-31 21:42:42.682302+00:00,5002662,TİCARETHANE-ORTA GERİLİM-10Y - SAATLİK-TEK TERİMLİ-5.1.C,10954,2026-05-31T07:00:00+03:00,07:00
40X0000000109541,K3 AKEDAŞ ELEKTRİK PERAKENDE SATIŞ A.Ş.,unknown,2026-05-31 08:00:00+03:00,,0.0,chunk_0075.json,POST /v1/generation/data/dpp-bulk,2026-05-31 21:42:42.682302+00:00,5002662,TİCARETHANE-ORTA GERİLİM-10Y - SAATLİK-TEK TERİMLİ-5.1.C,10954,2026-05-31T08:00:00+03:00,08:00
40X0000000109541,K3 AKEDAŞ ELEKTRİK PERAKENDE SATIŞ A.Ş.,unknown,2026-05-31 09:00:00+03:00,,0.0,chunk_0075.json,POST /v1/generation/data/dpp-bulk,2026-05-31 21:42:42.682302+00:00,5002662,TİCARETHANE-ORTA GERİLİM-10Y - SAATLİK-TEK TERİMLİ-5.1.C,10954,2026-05-31T09:00:00+03:00,09:00
40X0000000109541,K3 AKEDAŞ ELEKTRİK PERAKENDE SATIŞ A.Ş.,unknown,2026-05-31 10:00:00+03:00,,0.0,chunk_0075.json,POST /v1/generation/data/dpp-bulk,2026-05-31 21:42:42.682302+00:00,5002662,TİCARETHANE-ORTA GERİLİM-10Y - SAATLİK-TEK TERİMLİ-5.1.C,10954,2026-05-31T10:00:00+03:00,10:00
40X0000000109541,K3 AKEDAŞ ELEKTRİK PERAKENDE SATIŞ A.Ş.,unknown,2026-05-31 11:00:00+03:00,,0.0,chunk_0075.json,POST /v1/generation/data/dpp-bulk,2026-05-31 21:42:42.682302+00:00,5002662,TİCARETHANE-ORTA GERİLİM-10Y - SAATLİK-TEK TERİMLİ-5.1.C,10954,2026-05-31T11:00:00+03:00,11:00
40X0000000109541,K3 AKEDAŞ ELEKTRİK PERAKENDE SATIŞ A.Ş.,unknown,2026-05-31 12:00:00+03:00,,0.0,chunk_0075.json,POST /v1/generation/data/dpp-bulk,2026-05-31 21:42:42.682302+00:00,5002662,TİCARETHANE-ORTA GERİLİM-10Y - SAATLİK-TEK TERİMLİ-5.1.C,10954,2026-05-31T12:00:00+03:00,12:00
40X0000000109541,K3 AKEDAŞ ELEKTRİK PERAKENDE SATIŞ A.Ş.,unknown,2026-05-31 13:00:00+03:00,,0.0,chunk_0075.json,POST /v1/generation/data/dpp-bulk,2026-05-31 21:42:42.682302+00:00,5002662,TİCARETHANE-ORTA GERİLİM-10Y - SAATLİK-TEK TERİMLİ-5.1.C,10954,2026-05-31T13:00:00+03:00,13:00
40X0000000109541,K3 AKEDAŞ ELEKTRİK PERAKENDE SATIŞ A.Ş.,unknown,2026-05-31 14:00:00+03:00,,0.0,chunk_0075.json,POST /v1/generation/data/dpp-bulk,2026-05-31 21:42:42.682302+00:00,5002662,TİCARETHANE-ORTA GERİLİM-10Y - SAATLİK-TEK TERİMLİ-5.1.C,10954,2026-05-31T14:00:00+03:00,14:00
40X0000000109541,K3 AKEDAŞ ELEKTRİK PERAKENDE SATIŞ A.Ş.,unknown,2026-05-31 15:00:00+03:00,,0.0,chunk_0075.json,POST /v1/generation/data/dpp-bulk,2026-05-31 21:42:42.682302+00:00,5002662,TİCARETHANE-ORTA GERİLİM-10Y - SAATLİK-TEK TERİMLİ-5.1.C,10954,2026-05-31T15:00:00+03:00,15:00
40X0000000109541,K3 AKEDAŞ ELEKTRİK PERAKENDE SATIŞ A.Ş.,unknown,2026-05-31 16:00:00+03:00,,0.0,chunk_0075.json,POST /v1/generation/data/dpp-bulk,2026-05-31 21:42:42.682302+00:00,5002662,TİCARETHANE-ORTA GERİLİM-10Y - SAATLİK-TEK TERİMLİ-5.1.C,10954,2026-05-31T16:00:00+03:00,16:00
40X0000000109541,K3 AKEDAŞ ELEKTRİK PERAKENDE SATIŞ A.Ş.,unknown,2026-05-31 17:00:00+03:00,,0.0,chunk_0075.json,POST /v1/generation/data/dpp-bulk,2026-05-31 21:42:42.682302+00:00,5002662,TİCARETHANE-ORTA GERİLİM-10Y - SAATLİK-TEK TERİMLİ-5.1.C,10954,2026-05-31T17:00:00+03:00,17:00
40X0000000109541,K3 AKEDAŞ ELEKTRİK PERAKENDE SATIŞ A.Ş.,unknown,2026-05-31 18:00:00+03:00,,0.0,chunk_0075.json,POST /v1/generation/data/dpp-bulk,2026-05-31 21:42:42.682302+00:00,5002662,TİCARETHANE-ORTA GERİLİM-10Y - SAATLİK-TEK TERİMLİ-5.1.C,10954,2026-05-31T18:00:00+03:00,18:00
40X0000000109541,K3 AKEDAŞ ELEKTRİK PERAKENDE SATIŞ A.Ş.,unknown,2026-05-31 19:00:00+03:00,,0.0,chunk_0075.json,POST /v1/generation/data/dpp-bulk,2026-05-31 21:42:42.682302+00:00,5002662,TİCARETHANE-ORTA GERİLİM-10Y - SAATLİK-TEK TERİMLİ-5.1.C,10954,2026-05-31T19:00:00+03:00,19:00
40X0000000109541,K3 AKEDAŞ ELEKTRİK PERAKENDE SATIŞ A.Ş.,unknown,2026-05-31 20:00:00+03:00,,0.0,chunk_0075.json,POST /v1/generation/data/dpp-bulk,2026-05-31 21:42:42.682302+00:00,5002662,TİCARETHANE-ORTA GERİLİM-10Y - SAATLİK-TEK TERİMLİ-5.1.C,10954,2026-05-31T20:00:00+03:00,20:00
40X0000000109541,K3 AKEDAŞ ELEKTRİK PERAKENDE SATIŞ A.Ş.,unknown,2026-05-31 21:00:00+03:00,,0.0,chunk_0075.json,POST /v1/generation/data/dpp-bulk,2026-05-31 21:42:42.682302+00:00,5002662,TİCARETHANE-ORTA GERİLİM-10Y - SAATLİK-TEK TERİMLİ-5.1.C,10954,2026-05-31T21:00:00+03:00,21:00
40X0000000109541,K3 AKEDAŞ ELEKTRİK PERAKENDE SATIŞ A.Ş.,unknown,2026-05-31 22:00:00+03:00,,0.0,chunk_0075.json,POST /v1/generation/data/dpp-bulk,2026-05-31 21:42:42.682302+00:00,5002662,TİCARETHANE-ORTA GERİLİM-10Y - SAATLİK-TEK TERİMLİ-5.1.C,10954,2026-05-31T22:00:00+03:00,22:00
40X0000000109541,K3 AKEDAŞ ELEKTRİK PERAKENDE SATIŞ A.Ş.,unknown,2026-05-31 23:00:00+03:00,,0.0,chunk_0075.json,POST /v1/generation/data/dpp-bulk,2026-05-31 21:42:42.682302+00:00,5002662,TİCARETHANE-ORTA GERİLİM-10Y - SAATLİK-TEK TERİMLİ-5.1.C,10954,2026-05-31T23:00:00+03:00,23:00
40X0000000109541,K3 AKEDAŞ ELEKTRİK PERAKENDE SATIŞ A.Ş.,unknown,2026-05-31 00:00:00+03:00,,0.0,chunk_0075.json,POST /v1/generation/data/dpp-bulk,2026-05-31 21:42:42.682302+00:00,5002681,TİCARETHANE--ALÇAK GERİLİM-KADEME 1-10Y - SAATLİK-TEK TERİMLİ-5.1.C,10954,2026-05-31T00:00:00+03:00,00:00
40X0000000109541,K3 AKEDAŞ ELEKTRİK PERAKENDE SATIŞ A.Ş.,unknown,2026-05-31 01:00:00+03:00,,0.0,chunk_0075.json,POST /v1/generation/data/dpp-bulk,2026-05-31 21:42:42.682302+00:00,5002681,TİCARETHANE--ALÇAK GERİLİM-KADEME 1-10Y - SAATLİK-TEK TERİMLİ-5.1.C,10954,2026-05-31T01:00:00+03:00,01:00
40X0000000109541,K3 AKEDAŞ ELEKTRİK PERAKENDE SATIŞ A.Ş.,unknown,2026-05-31 02:00:00+03:00,,0.0,chunk_0075.json,POST /v1/generation/data/dpp-bulk,2026-05-31 21:42:42.682302+00:00,5002681,TİCARETHANE--ALÇAK GERİLİM-KADEME 1-10Y - SAATLİK-TEK TERİMLİ-5.1.C,10954,2026-05-31T02:00:00+03:00,02:00
40X0000000109541,K3 AKEDAŞ ELEKTRİK PERAKENDE SATIŞ A.Ş.,unknown,2026-05-31 03:00:00+03:00,,0.0,chunk_0075.json,POST /v1/generation/data/dpp-bulk,2026-05-31 21:42:42.682302+00:00,5002681,TİCARETHANE--ALÇAK GERİLİM-KADEME 1-10Y - SAATLİK-TEK TERİMLİ-5.1.C,10954,2026-05-31T03:00:00+03:00,03:00
40X0000000109541,K3 AKEDAŞ ELEKTRİK PERAKENDE SATIŞ A.Ş.,unknown,2026-05-31 04:00:00+03:00,,0.0,chunk_0075.json,POST /v1/generation/data/dpp-bulk,2026-05-31 21:42:42.682302+00:00,5002681,TİCARETHANE--ALÇAK GERİLİM-KADEME 1-10Y - SAATLİK-TEK TERİMLİ-5.1.C,10954,2026-05-31T04:00:00+03:00,04:00
40X0000000109541,K3 AKEDAŞ ELEKTRİK PERAKENDE SATIŞ A.Ş.,unknown,2026-05-31 05:00:00+03:00,,0.0,chunk_0075.json,POST /v1/generation/data/dpp-bulk,2026-05-31 21:42:42.682302+00:00,5002681,TİCARETHANE--ALÇAK GERİLİM-KADEME 1-10Y - SAATLİK-TEK TERİMLİ-5.1.C,10954,2026-05-31T05:00:00+03:00,05:00
40X0000000109541,K3 AKEDAŞ ELEKTRİK PERAKENDE SATIŞ A.Ş.,unknown,2026-05-31 06:00:00+03:00,,0.0,chunk_0075.json,POST /v1/generation/data/dpp-bulk,2026-05-31 21:42:42.682302+00:00,5002681,TİCARETHANE--ALÇAK GERİLİM-KADEME 1-10Y - SAATLİK-TEK TERİMLİ-5.1.C,10954,2026-05-31T06:00:00+03:00,06:00
40X0000000109541,K3 AKEDAŞ ELEKTRİK PERAKENDE SATIŞ A.Ş.,unknown,2026-05-31 07:00:00+03:00,,0.0,chunk_0075.json,POST /v1/generation/data/dpp-bulk,2026-05-31 21:42:42.682302+00:00,5002681,TİCARETHANE--ALÇAK GERİLİM-KADEME 1-10Y - SAATLİK-TEK TERİMLİ-5.1.C,10954,2026-05-31T07:00:00+03:00,07:00
40X0000000109541,K3 AKEDAŞ ELEKTRİK PERAKENDE SATIŞ A.Ş.,unknown,2026-05-31 08:00:00+03:00,,0.0,chunk_0075.json,POST /v1/generation/data/dpp-bulk,2026-05-31 21:42:42.682302+00:00,5002681,TİCARETHANE--ALÇAK GERİLİM-KADEME 1-10Y - SAATLİK-TEK TERİMLİ-5.1.C,10954,2026-05-31T08:00:00+03:00,08:00
40X0000000109541,K3 AKEDAŞ ELEKTRİK PERAKENDE SATIŞ A.Ş.,unknown,2026-05-31 09:00:00+03:00,,0.0,chunk_0075.json,POST /v1/generation/data/dpp-bulk,2026-05-31 21:42:42.682302+00:00,5002681,TİCARETHANE--ALÇAK GERİLİM-KADEME 1-10Y - SAATLİK-TEK TERİMLİ-5.1.C,10954,2026-05-31T09:00:00+03:00,09:00
40X0000000109541,K3 AKEDAŞ ELEKTRİK PERAKENDE SATIŞ A.Ş.,unknown,2026-05-31 10:00:00+03:00,,0.0,chunk_0075.json,POST /v1/generation/data/dpp-bulk,2026-05-31 21:42:42.682302+00:00,5002681,TİCARETHANE--ALÇAK GERİLİM-KADEME 1-10Y - SAATLİK-TEK TERİMLİ-5.1.C,10954,2026-05-31T10:00:00+03:00,10:00
40X0000000109541,K3 AKEDAŞ ELEKTRİK PERAKENDE SATIŞ A.Ş.,unknown,2026-05-31 11:00:00+03:00,,0.0,chunk_0075.json,POST /v1/generation/data/dpp-bulk,2026-05-31 21:42:42.682302+00:00,5002681,TİCARETHANE--ALÇAK GERİLİM-KADEME 1-10Y - SAATLİK-TEK TERİMLİ-5.1.C,10954,2026-05-31T11:00:00+03:00,11:00
40X0000000109541,K3 AKEDAŞ ELEKTRİK PERAKENDE SATIŞ A.Ş.,unknown,2026-05-31 12:00:00+03:00,,0.0,chunk_0075.json,POST /v1/generation/data/dpp-bulk,2026-05-31 21:42:42.682302+00:00,5002681,TİCARETHANE--ALÇAK GERİLİM-KADEME 1-10Y - SAATLİK-TEK TERİMLİ-5.1.C,10954,2026-05-31T12:00:00+03:00,12:00
40X0000000109541,K3 AKEDAŞ ELEKTRİK PERAKENDE SATIŞ A.Ş.,unknown,2026-05-31 13:00:00+03:00,,0.0,chunk_0075.json,POST /v1/generation/data/dpp-bulk,2026-05-31 21:42:42.682302+00:00,5002681,TİCARETHANE--ALÇAK GERİLİM-KADEME 1-10Y - SAATLİK-TEK TERİMLİ-5.1.C,10954,2026-05-31T13:00:00+03:00,13:00
40X0000000109541,K3 AKEDAŞ ELEKTRİK PERAKENDE SATIŞ A.Ş.,unknown,2026-05-31 14:00:00+03:00,,0.0,chunk_0075.json,POST /v1/generation/data/dpp-bulk,2026-05-31 21:42:42.682302+00:00,5002681,TİCARETHANE--ALÇAK GERİLİM-KADEME 1-10Y - SAATLİK-TEK TERİMLİ-5.1.C,10954,2026-05-31T14:00:00+03:00,14:00
40X0000000109541,K3 AKEDAŞ ELEKTRİK PERAKENDE SATIŞ A.Ş.,unknown,2026-05-31 15:00:00+03:00,,0.0,chunk_0075.json,POST /v1/generation/data/dpp-bulk,2026-05-31 21:42:42.682302+00:00,5002681,TİCARETHANE--ALÇAK GERİLİM-KADEME 1-10Y - SAATLİK-TEK TERİMLİ-5.1.C,10954,2026-05-31T15:00:00+03:00,15:00
40X0000000109541,K3 AKEDAŞ ELEKTRİK PERAKENDE SATIŞ A.Ş.,unknown,2026-05-31 16:00:00+03:00,,0.0,chunk_0075.json,POST /v1/generation/data/dpp-bulk,2026-05-31 21:42:42.682302+00:00,5002681,TİCARETHANE--ALÇAK GERİLİM-KADEME 1-10Y - SAATLİK-TEK TERİMLİ-5.1.C,10954,2026-05-31T16:00:00+03:00,16:00
40X0000000109541,K3 AKEDAŞ ELEKTRİK PERAKENDE SATIŞ A.Ş.,unknown,2026-05-31 17:00:00+03:00,,0.0,chunk_0075.json,POST /v1/generation/data/dpp-bulk,2026-05-31 21:42:42.682302+00:00,5002681,TİCARETHANE--ALÇAK GERİLİM-KADEME 1-10Y - SAATLİK-TEK TERİMLİ-5.1.C,10954,2026-05-31T17:00:00+03:00,17:00
40X0000000109541,K3 AKEDAŞ ELEKTRİK PERAKENDE SATIŞ A.Ş.,unknown,2026-05-31 18:00:00+03:00,,0.0,chunk_0075.json,POST /v1/generation/data/dpp-bulk,2026-05-31 21:42:42.682302+00:00,5002681,TİCARETHANE--ALÇAK GERİLİM-KADEME 1-10Y - SAATLİK-TEK TERİMLİ-5.1.C,10954,2026-05-31T18:00:00+03:00,18:00
40X0000000109541,K3 AKEDAŞ ELEKTRİK PERAKENDE SATIŞ A.Ş.,unknown,2026-05-31 19:00:00+03:00,,0.0,chunk_0075.json,POST /v1/generation/data/dpp-bulk,2026-05-31 21:42:42.682302+00:00,5002681,TİCARETHANE--ALÇAK GERİLİM-KADEME 1-10Y - SAATLİK-TEK TERİMLİ-5.1.C,10954,2026-05-31T19:00:00+03:00,19:00
40X0000000109541,K3 AKEDAŞ ELEKTRİK PERAKENDE SATIŞ A.Ş.,unknown,2026-05-31 20:00:00+03:00,,0.0,chunk_0075.json,POST /v1/generation/data/dpp-bulk,2026-05-31 21:42:42.682302+00:00,5002681,TİCARETHANE--ALÇAK GERİLİM-KADEME 1-10Y - SAATLİK-TEK TERİMLİ-5.1.C,10954,2026-05-31T20:00:00+03:00,20:00
40X0000000109541,K3 AKEDAŞ ELEKTRİK PERAKENDE SATIŞ A.Ş.,unknown,2026-05-31 21:00:00+03:00,,0.0,chunk_0075.json,POST /v1/generation/data/dpp-bulk,2026-05-31 21:42:42.682302+00:00,5002681,TİCARETHANE--ALÇAK GERİLİM-KADEME 1-10Y - SAATLİK-TEK TERİMLİ-5.1.C,10954,2026-05-31T21:00:00+03:00,21:00
40X0000000109541,K3 AKEDAŞ ELEKTRİK PERAKENDE SATIŞ A.Ş.,unknown,2026-05-31 22:00:00+03:00,,0.0,chunk_0075.json,POST /v1/generation/data/dpp-bulk,2026-05-31 21:42:42.682302+00:00,5002681,TİCARETHANE--ALÇAK GERİLİM-KADEME 1-10Y - SAATLİK-TEK TERİMLİ-5.1.C,10954,2026-05-31T22:00:00+03:00,22:00
40X0000000109541,K3 AKEDAŞ ELEKTRİK PERAKENDE SATIŞ A.Ş.,unknown,2026-05-31 23:00:00+03:00,,0.0,chunk_0075.json,POST /v1/generation/data/dpp-bulk,2026-05-31 21:42:42.682302+00:00,5002681,TİCARETHANE--ALÇAK GERİLİM-KADEME 1-10Y - SAATLİK-TEK TERİMLİ-5.1.C,10954,2026-05-31T23:00:00+03:00,23:00
40X0000000109541,K3 AKEDAŞ ELEKTRİK PERAKENDE SATIŞ A.Ş.,unknown,2026-05-31 00:00:00+03:00,,0.0,chunk_0075.json,POST /v1/generation/data/dpp-bulk,2026-05-31 21:42:42.682302+00:00,5002682,TİCARETHANE--ALÇAK GERİLİM-KADEME 2-10Y - SAATLİK-TEK TERİMLİ-5.1.C,10954,2026-05-31T00:00:00+03:00,00:00
40X0000000109541,K3 AKEDAŞ ELEKTRİK PERAKENDE SATIŞ A.Ş.,unknown,2026-05-31 01:00:00+03:00,,0.0,chunk_0075.json,POST /v1/generation/data/dpp-bulk,2026-05-31 21:42:42.682302+00:00,5002682,TİCARETHANE--ALÇAK GERİLİM-KADEME 2-10Y - SAATLİK-TEK TERİMLİ-5.1.C,10954,2026-05-31T01:00:00+03:00,01:00
40X0000000109541,K3 AKEDAŞ ELEKTRİK PERAKENDE SATIŞ A.Ş.,unknown,2026-05-31 02:00:00+03:00,,0.0,chunk_0075.json,POST /v1/generation/data/dpp-bulk,2026-05-31 21:42:42.682302+00:00,5002682,TİCARETHANE--ALÇAK GERİLİM-KADEME 2-10Y - SAATLİK-TEK TERİMLİ-5.1.C,10954,2026-05-31T02:00:00+03:00,02:00
40X0000000109541,K3 AKEDAŞ ELEKTRİK PERAKENDE SATIŞ A.Ş.,unknown,2026-05-31 03:00:00+03:00,,0.0,chunk_0075.json,POST /v1/generation/data/dpp-bulk,2026-05-31 21:42:42.682302+00:00,5002682,TİCARETHANE--ALÇAK GERİLİM-KADEME 2-10Y - SAATLİK-TEK TERİMLİ-5.1.C,10954,2026-05-31T03:00:00+03:00,03:00
40X0000000109541,K3 AKEDAŞ ELEKTRİK PERAKENDE SATIŞ A.Ş.,unknown,2026-05-31 04:00:00+03:00,,0.0,chunk_0075.json,POST /v1/generation/data/dpp-bulk,2026-05-31 21:42:42.682302+00:00,5002682,TİCARETHANE--ALÇAK GERİLİM-KADEME 2-10Y - SAATLİK-TEK TERİMLİ-5.1.C,10954,2026-05-31T04:00:00+03:00,04:00
40X0000000109541,K3 AKEDAŞ ELEKTRİK PERAKENDE SATIŞ A.Ş.,unknown,2026-05-31 05:00:00+03:00,,0.0,chunk_0075.json,POST /v1/generation/data/dpp-bulk,2026-05-31 21:42:42.682302+00:00,5002682,TİCARETHANE--ALÇAK GERİLİM-KADEME 2-10Y - SAATLİK-TEK TERİMLİ-5.1.C,10954,2026-05-31T05:00:00+03:00,05:00
40X0000000109541,K3 AKEDAŞ ELEKTRİK PERAKENDE SATIŞ A.Ş.,unknown,2026-05-31 06:00:00+03:00,,0.0,chunk_0075.json,POST /v1/generation/data/dpp-bulk,2026-05-31 21:42:42.682302+00:00,5002682,TİCARETHANE--ALÇAK GERİLİM-KADEME 2-10Y - SAATLİK-TEK TERİMLİ-5.1.C,10954,2026-05-31T06:00:00+03:00,06:00
40X0000000109541,K3 AKEDAŞ ELEKTRİK PERAKENDE SATIŞ A.Ş.,unknown,2026-05-31 07:00:00+03:00,,0.0,chunk_0075.json,POST /v1/generation/data/dpp-bulk,2026-05-31 21:42:42.682302+00:00,5002682,TİCARETHANE--ALÇAK GERİLİM-KADEME 2-10Y - SAATLİK-TEK TERİMLİ-5.1.C,10954,2026-05-31T07:00:00+03:00,07:00
40X0000000109541,K3 AKEDAŞ ELEKTRİK PERAKENDE SATIŞ A.Ş.,unknown,2026-05-31 08:00:00+03:00,,0.0,chunk_0075.json,POST /v1/generation/data/dpp-bulk,2026-05-31 21:42:42.682302+00:00,5002682,TİCARETHANE--ALÇAK GERİLİM-KADEME 2-10Y - SAATLİK-TEK TERİMLİ-5.1.C,10954,2026-05-31T08:00:00+03:00,08:00
40X0000000109541,K3 AKEDAŞ ELEKTRİK PERAKENDE SATIŞ A.Ş.,unknown,2026-05-31 09:00:00+03:00,,0.0,chunk_0075.json,POST /v1/generation/data/dpp-bulk,2026-05-31 21:42:42.682302+00:00,5002682,TİCARETHANE--ALÇAK GERİLİM-KADEME 2-10Y - SAATLİK-TEK TERİMLİ-5.1.C,10954,2026-05-31T09:00:00+03:00,09:00
40X0000000109541,K3 AKEDAŞ ELEKTRİK PERAKENDE SATIŞ A.Ş.,unknown,2026-05-31 10:00:00+03:00,,0.0,chunk_0075.json,POST /v1/generation/data/dpp-bulk,2026-05-31 21:42:42.682302+00:00,5002682,TİCARETHANE--ALÇAK GERİLİM-KADEME 2-10Y - SAATLİK-TEK TERİMLİ-5.1.C,10954,2026-05-31T10:00:00+03:00,10:00
40X0000000109541,K3 AKEDAŞ ELEKTRİK PERAKENDE SATIŞ A.Ş.,unknown,2026-05-31 11:00:00+03:00,,0.0,chunk_0075.json,POST /v1/generation/data/dpp-bulk,2026-05-31 21:42:42.682302+00:00,5002682,TİCARETHANE--ALÇAK GERİLİM-KADEME 2-10Y - SAATLİK-TEK TERİMLİ-5.1.C,10954,2026-05-31T11:00:00+03:00,11:00
40X0000000109541,K3 AKEDAŞ ELEKTRİK PERAKENDE SATIŞ A.Ş.,unknown,2026-05-31 12:00:00+03:00,,0.0,chunk_0075.json,POST /v1/generation/data/dpp-bulk,2026-05-31 21:42:42.682302+00:00,5002682,TİCARETHANE--ALÇAK GERİLİM-KADEME 2-10Y - SAATLİK-TEK TERİMLİ-5.1.C,10954,2026-05-31T12:00:00+03:00,12:00
40X0000000109541,K3 AKEDAŞ ELEKTRİK PERAKENDE SATIŞ A.Ş.,unknown,2026-05-31 13:00:00+03:00,,0.0,chunk_0075.json,POST /v1/generation/data/dpp-bulk,2026-05-31 21:42:42.682302+00:00,5002682,TİCARETHANE--ALÇAK GERİLİM-KADEME 2-10Y - SAATLİK-TEK TERİMLİ-5.1.C,10954,2026-05-31T13:00:00+03:00,13:00
40X0000000109541,K3 AKEDAŞ ELEKTRİK PERAKENDE SATIŞ A.Ş.,unknown,2026-05-31 14:00:00+03:00,,0.0,chunk_0075.json,POST /v1/generation/data/dpp-bulk,2026-05-31 21:42:42.682302+00:00,5002682,TİCARETHANE--ALÇAK GERİLİM-KADEME 2-10Y - SAATLİK-TEK TERİMLİ-5.1.C,10954,2026-05-31T14:00:00+03:00,14:00
40X0000000109541,K3 AKEDAŞ ELEKTRİK PERAKENDE SATIŞ A.Ş.,unknown,2026-05-31 15:00:00+03:00,,0.0,chunk_0075.json,POST /v1/generation/data/dpp-bulk,2026-05-31 21:42:42.682302+00:00,5002682,TİCARETHANE--ALÇAK GERİLİM-KADEME 2-10Y - SAATLİK-TEK TERİMLİ-5.1.C,10954,2026-05-31T15:00:00+03:00,15:00
40X0000000109541,K3 AKEDAŞ ELEKTRİK PERAKENDE SATIŞ A.Ş.,unknown,2026-05-31 16:00:00+03:00,,0.0,chunk_0075.json,POST /v1/generation/data/dpp-bulk,2026-05-31 21:42:42.682302+00:00,5002682,TİCARETHANE--ALÇAK GERİLİM-KADEME 2-10Y - SAATLİK-TEK TERİMLİ-5.1.C,10954,2026-05-31T16:00:00+03:00,16:00
40X0000000109541,K3 AKEDAŞ ELEKTRİK PERAKENDE SATIŞ A.Ş.,unknown,2026-05-31 17:00:00+03:00,,0.0,chunk_0075.json,POST /v1/generation/data/dpp-bulk,2026-05-31 21:42:42.682302+00:00,5002682,TİCARETHANE--ALÇAK GERİLİM-KADEME 2-10Y - SAATLİK-TEK TERİMLİ-5.1.C,10954,2026-05-31T17:00:00+03:00,17:00
40X0000000109541,K3 AKEDAŞ ELEKTRİK PERAKENDE SATIŞ A.Ş.,unknown,2026-05-31 18:00:00+03:00,,0.0,chunk_0075.json,POST /v1/generation/data/dpp-bulk,2026-05-31 21:42:42.682302+00:00,5002682,TİCARETHANE--ALÇAK GERİLİM-KADEME 2-10Y - SAATLİK-TEK TERİMLİ-5.1.C,10954,2026-05-31T18:00:00+03:00,18:00
40X0000000109541,K3 AKEDAŞ ELEKTRİK PERAKENDE SATIŞ A.Ş.,unknown,2026-05-31 19:00:00+03:00,,0.0,chunk_0075.json,POST /v1/generation/data/dpp-bulk,2026-05-31 21:42:42.682302+00:00,5002682,TİCARETHANE--ALÇAK GERİLİM-KADEME 2-10Y - SAATLİK-TEK TERİMLİ-5.1.C,10954,2026-05-31T19:00:00+03:00,19:00
40X0000000109541,K3 AKEDAŞ ELEKTRİK PERAKENDE SATIŞ A.Ş.,unknown,2026-05-31 20:00:00+03:00,,0.0,chunk_0075.json,POST /v1/generation/data/dpp-bulk,2026-05-31 21:42:42.682302+00:00,5002682,TİCARETHANE--ALÇAK GERİLİM-KADEME 2-10Y - SAATLİK-TEK TERİMLİ-5.1.C,10954,2026-05-31T20:00:00+03:00,20:00
40X0000000109541,K3 AKEDAŞ ELEKTRİK PERAKENDE SATIŞ A.Ş.,unknown,2026-05-31 21:00:00+03:00,,0.0,chunk_0075.json,POST /v1/generation/data/dpp-bulk,2026-05-31 21:42:42.682302+00:00,5002682,TİCARETHANE--ALÇAK GERİLİM-KADEME 2-10Y - SAATLİK-TEK TERİMLİ-5.1.C,10954,2026-05-31T21:00:00+03:00,21:00
40X0000000109541,K3 AKEDAŞ ELEKTRİK PERAKENDE SATIŞ A.Ş.,unknown,2026-05-31 22:00:00+03:00,,0.0,chunk_0075.json,POST /v1/generation/data/dpp-bulk,2026-05-31 21:42:42.682302+00:00,5002682,TİCARETHANE--ALÇAK GERİLİM-KADEME 2-10Y - SAATLİK-TEK TERİMLİ-5.1.C,10954,2026-05-31T22:00:00+03:00,22:00
40X0000000109541,K3 AKEDAŞ ELEKTRİK PERAKENDE SATIŞ A.Ş.,unknown,2026-05-31 23:00:00+03:00,,0.0,chunk_0075.json,POST /v1/generation/data/dpp-bulk,2026-05-31 21:42:42.682302+00:00,5002682,TİCARETHANE--ALÇAK GERİLİM-KADEME 2-10Y - SAATLİK-TEK TERİMLİ-5.1.C,10954,2026-05-31T23:00:00+03:00,23:00
40X000000010957W,K3 CK AKDENİZ ELEKTRİK PERAKENDE SATIŞ A.Ş.,unknown,2026-05-31 00:00:00+03:00,,0.0,chunk_0075.json,POST /v1/generation/data/dpp-bulk,2026-05-31 21:42:42.682302+00:00,5001920,TICARETHANE - ORTA GERILIM - 10Y - SAATLIK - TEK TERIMLI - 5.1.C,10957,2026-05-31T00:00:00+03:00,00:00
40X000000010957W,K3 CK AKDENİZ ELEKTRİK PERAKENDE SATIŞ A.Ş.,unknown,2026-05-31 01:00:00+03:00,,0.0,chunk_0075.json,POST /v1/generation/data/dpp-bulk,2026-05-31 21:42:42.682302+00:00,5001920,TICARETHANE - ORTA GERILIM - 10Y - SAATLIK - TEK TERIMLI - 5.1.C,10957,2026-05-31T01:00:00+03:00,01:00
40X000000010957W,K3 CK AKDENİZ ELEKTRİK PERAKENDE SATIŞ A.Ş.,unknown,2026-05-31 02:00:00+03:00,,0.0,chunk_0075.json,POST /v1/generation/data/dpp-bulk,2026-05-31 21:42:42.682302+00:00,5001920,TICARETHANE - ORTA GERILIM - 10Y - SAATLIK - TEK TERIMLI - 5.1.C,10957,2026-05-31T02:00:00+03:00,02:00
40X000000010957W,K3 CK AKDENİZ ELEKTRİK PERAKENDE SATIŞ A.Ş.,unknown,2026-05-31 03:00:00+03:00,,0.0,chunk_0075.json,POST /v1/generation/data/dpp-bulk,2026-05-31 21:42:42.682302+00:00,5001920,TICARETHANE - ORTA GERILIM - 10Y - SAATLIK - TEK TERIMLI - 5.1.C,10957,2026-05-31T03:00:00+03:00,03:00
40X000000010957W,K3 CK AKDENİZ ELEKTRİK PERAKENDE SATIŞ A.Ş.,unknown,2026-05-31 04:00:00+03:00,,0.0,chunk_0075.json,POST /v1/generation/data/dpp-bulk,2026-05-31 21:42:42.682302+00:00,5001920,TICARETHANE - ORTA GERILIM - 10Y - SAATLIK - TEK TERIMLI - 5.1.C,10957,2026-05-31T04:00:00+03:00,04:00
40X000000010957W,K3 CK AKDENİZ ELEKTRİK PERAKENDE SATIŞ A.Ş.,unknown,2026-05-31 05:00:00+03:00,,0.0,chunk_0075.json,POST /v1/generation/data/dpp-bulk,2026-05-31 21:42:42.682302+00:00,5001920,TICARETHANE - ORTA GERILIM - 10Y - SAATLIK - TEK TERIMLI - 5.1.C,10957,2026-05-31T05:00:00+03:00,05:00
40X000000010957W,K3 CK AKDENİZ ELEKTRİK PERAKENDE SATIŞ A.Ş.,unknown,2026-05-31 06:00:00+03:00,,0.22,chunk_0075.json,POST /v1/generation/data/dpp-bulk,2026-05-31 21:42:42.682302+00:00,5001920,TICARETHANE - ORTA GERILIM - 10Y - SAATLIK - TEK TERIMLI - 5.1.C,10957,2026-05-31T06:00:00+03:00,06:00
40X000000010957W,K3 CK AKDENİZ ELEKTRİK PERAKENDE SATIŞ A.Ş.,unknown,2026-05-31 07:00:00+03:00,,0.79,chunk_0075.json,POST /v1/generation/data/dpp-bulk,2026-05-31 21:42:42.682302+00:00,5001920,TICARETHANE - ORTA GERILIM - 10Y - SAATLIK - TEK TERIMLI - 5.1.C,10957,2026-05-31T07:00:00+03:00,07:00
40X000000010957W,K3 CK AKDENİZ ELEKTRİK PERAKENDE SATIŞ A.Ş.,unknown,2026-05-31 08:00:00+03:00,,1.59,chunk_0075.json,POST /v1/generation/data/dpp-bulk,2026-05-31 21:42:42.682302+00:00,5001920,TICARETHANE - ORTA GERILIM - 10Y - SAATLIK - TEK TERIMLI - 5.1.C,10957,2026-05-31T08:00:00+03:00,08:00
40X000000010957W,K3 CK AKDENİZ ELEKTRİK PERAKENDE SATIŞ A.Ş.,unknown,2026-05-31 09:00:00+03:00,,2.3,chunk_0075.json,POST /v1/generation/data/dpp-bulk,2026-05-31 21:42:42.682302+00:00,5001920,TICARETHANE - ORTA GERILIM - 10Y - SAATLIK - TEK TERIMLI - 5.1.C,10957,2026-05-31T09:00:00+03:00,09:00
40X000000010957W,K3 CK AKDENİZ ELEKTRİK PERAKENDE SATIŞ A.Ş.,unknown,2026-05-31 10:00:00+03:00,,2.69,chunk_0075.json,POST /v1/generation/data/dpp-bulk,2026-05-31 21:42:42.682302+00:00,5001920,TICARETHANE - ORTA GERILIM - 10Y - SAATLIK - TEK TERIMLI - 5.1.C,10957,2026-05-31T10:00:00+03:00,10:00
40X000000010957W,K3 CK AKDENİZ ELEKTRİK PERAKENDE SATIŞ A.Ş.,unknown,2026-05-31 11:00:00+03:00,,2.8,chunk_0075.json,POST /v1/generation/data/dpp-bulk,2026-05-31 21:42:42.682302+00:00,5001920,TICARETHANE - ORTA GERILIM - 10Y - SAATLIK - TEK TERIMLI - 5.1.C,10957,2026-05-31T11:00:00+03:00,11:00
40X000000010957W,K3 CK AKDENİZ ELEKTRİK PERAKENDE SATIŞ A.Ş.,unknown,2026-05-31 12:00:00+03:00,,2.82,chunk_0075.json,POST /v1/generation/data/dpp-bulk,2026-05-31 21:42:42.682302+00:00,5001920,TICARETHANE - ORTA GERILIM - 10Y - SAATLIK - TEK TERIMLI - 5.1.C,10957,2026-05-31T12:00:00+03:00,12:00
40X000000010957W,K3 CK AKDENİZ ELEKTRİK PERAKENDE SATIŞ A.Ş.,unknown,2026-05-31 13:00:00+03:00,,2.78,chunk_0075.json,POST /v1/generation/data/dpp-bulk,2026-05-31 21:42:42.682302+00:00,5001920,TICARETHANE - ORTA GERILIM - 10Y - SAATLIK - TEK TERIMLI - 5.1.C,10957,2026-05-31T13:00:00+03:00,13:00
40X000000010957W,K3 CK AKDENİZ ELEKTRİK PERAKENDE SATIŞ A.Ş.,unknown,2026-05-31 14:00:00+03:00,,2.66,chunk_0075.json,POST /v1/generation/data/dpp-bulk,2026-05-31 21:42:42.682302+00:00,5001920,TICARETHANE - ORTA GERILIM - 10Y - SAATLIK - TEK TERIMLI - 5.1.C,10957,2026-05-31T14:00:00+03:00,14:00
40X000000010957W,K3 CK AKDENİZ ELEKTRİK PERAKENDE SATIŞ A.Ş.,unknown,2026-05-31 15:00:00+03:00,,2.42,chunk_0075.json,POST /v1/generation/data/dpp-bulk,2026-05-31 21:42:42.682302+00:00,5001920,TICARETHANE - ORTA GERILIM - 10Y - SAATLIK - TEK TERIMLI - 5.1.C,10957,2026-05-31T15:00:00+03:00,15:00
40X000000010957W,K3 CK AKDENİZ ELEKTRİK PERAKENDE SATIŞ A.Ş.,unknown,2026-05-31 16:00:00+03:00,,1.95,chunk_0075.json,POST /v1/generation/data/dpp-bulk,2026-05-31 21:42:42.682302+00:00,5001920,TICARETHANE - ORTA GERILIM - 10Y - SAATLIK - TEK TERIMLI - 5.1.C,10957,2026-05-31T16:00:00+03:00,16:00
40X000000010957W,K3 CK AKDENİZ ELEKTRİK PERAKENDE SATIŞ A.Ş.,unknown,2026-05-31 17:00:00+03:00,,1.26,chunk_0075.json,POST /v1/generation/data/dpp-bulk,2026-05-31 21:42:42.682302+00:00,5001920,TICARETHANE - ORTA GERILIM - 10Y - SAATLIK - TEK TERIMLI - 5.1.C,10957,2026-05-31T17:00:00+03:00,17:00
40X000000010957W,K3 CK AKDENİZ ELEKTRİK PERAKENDE SATIŞ A.Ş.,unknown,2026-05-31 18:00:00+03:00,,0.55,chunk_0075.json,POST /v1/generation/data/dpp-bulk,2026-05-31 21:42:42.682302+00:00,5001920,TICARETHANE - ORTA GERILIM - 10Y - SAATLIK - TEK TERIMLI - 5.1.C,10957,2026-05-31T18:00:00+03:00,18:00
40X000000010957W,K3 CK AKDENİZ ELEKTRİK PERAKENDE SATIŞ A.Ş.,unknown,2026-05-31 19:00:00+03:00,,0.11,chunk_0075.json,POST /v1/generation/data/dpp-bulk,2026-05-31 21:42:42.682302+00:00,5001920,TICARETHANE - ORTA GERILIM - 10Y - SAATLIK - TEK TERIMLI - 5.1.C,10957,2026-05-31T19:00:00+03:00,19:00
40X000000010957W,K3 CK AKDENİZ ELEKTRİK PERAKENDE SATIŞ A.Ş.,unknown,2026-05-31 20:00:00+03:00,,0.0,chunk_0075.json,POST /v1/generation/data/dpp-bulk,2026-05-31 21:42:42.682302+00:00,5001920,TICARETHANE - ORTA GERILIM - 10Y - SAATLIK - TEK TERIMLI - 5.1.C,10957,2026-05-31T20:00:00+03:00,20:00
40X000000010957W,K3 CK AKDENİZ ELEKTRİK PERAKENDE SATIŞ A.Ş.,unknown,2026-05-31 21:00:00+03:00,,0.0,chunk_0075.json,POST /v1/generation/data/dpp-bulk,2026-05-31 21:42:42.682302+00:00,5001920,TICARETHANE - ORTA GERILIM - 10Y - SAATLIK - TEK TERIMLI - 5.1.C,10957,2026-05-31T21:00:00+03:00,21:00
40X000000010957W,K3 CK AKDENİZ ELEKTRİK PERAKENDE SATIŞ A.Ş.,unknown,2026-05-31 22:00:00+03:00,,0.0,chunk_0075.json,POST /v1/generation/data/dpp-bulk,2026-05-31 21:42:42.682302+00:00,5001920,TICARETHANE - ORTA GERILIM - 10Y - SAATLIK - TEK TERIMLI - 5.1.C,10957,2026-05-31T22:00:00+03:00,22:00
40X000000010957W,K3 CK AKDENİZ ELEKTRİK PERAKENDE SATIŞ A.Ş.,unknown,2026-05-31 23:00:00+03:00,,0.0,chunk_0075.json,POST /v1/generation/data/dpp-bulk,2026-05-31 21:42:42.682302+00:00,5001920,TICARETHANE - ORTA GERILIM - 10Y - SAATLIK - TEK TERIMLI - 5.1.C,10957,2026-05-31T23:00:00+03:00,23:00
40X000000010957W,K3 CK AKDENİZ ELEKTRİK PERAKENDE SATIŞ A.Ş.,unknown,2026-05-31 00:00:00+03:00,,0.0,chunk_0075.json,POST /v1/generation/data/dpp-bulk,2026-05-31 21:42:42.682302+00:00,5002162,MESKEN - ALÇAK GERILIM - 10Y - SAATLIK - TEK TERIMLI - 5.1.C,10957,2026-05-31T00:00:00+03:00,00:00
40X000000010957W,K3 CK AKDENİZ ELEKTRİK PERAKENDE SATIŞ A.Ş.,unknown,2026-05-31 01:00:00+03:00,,0.0,chunk_0075.json,POST /v1/generation/data/dpp-bulk,2026-05-31 21:42:42.682302+00:00,5002162,MESKEN - ALÇAK GERILIM - 10Y - SAATLIK - TEK TERIMLI - 5.1.C,10957,2026-05-31T01:00:00+03:00,01:00
40X000000010957W,K3 CK AKDENİZ ELEKTRİK PERAKENDE SATIŞ A.Ş.,unknown,2026-05-31 02:00:00+03:00,,0.0,chunk_0075.json,POST /v1/generation/data/dpp-bulk,2026-05-31 21:42:42.682302+00:00,5002162,MESKEN - ALÇAK GERILIM - 10Y - SAATLIK - TEK TERIMLI - 5.1.C,10957,2026-05-31T02:00:00+03:00,02:00
40X000000010957W,K3 CK AKDENİZ ELEKTRİK PERAKENDE SATIŞ A.Ş.,unknown,2026-05-31 03:00:00+03:00,,0.0,chunk_0075.json,POST /v1/generation/data/dpp-bulk,2026-05-31 21:42:42.682302+00:00,5002162,MESKEN - ALÇAK GERILIM - 10Y - SAATLIK - TEK TERIMLI - 5.1.C,10957,2026-05-31T03:00:00+03:00,03:00
40X000000010957W,K3 CK AKDENİZ ELEKTRİK PERAKENDE SATIŞ A.Ş.,unknown,2026-05-31 04:00:00+03:00,,0.0,chunk_0075.json,POST /v1/generation/data/dpp-bulk,2026-05-31 21:42:42.682302+00:00,5002162,MESKEN - ALÇAK GERILIM - 10Y - SAATLIK - TEK TERIMLI - 5.1.C,10957,2026-05-31T04:00:00+03:00,04:00
40X000000010957W,K3 CK AKDENİZ ELEKTRİK PERAKENDE SATIŞ A.Ş.,unknown,2026-05-31 05:00:00+03:00,,0.0,chunk_0075.json,POST /v1/generation/data/dpp-bulk,2026-05-31 21:42:42.682302+00:00,5002162,MESKEN - ALÇAK GERILIM - 10Y - SAATLIK - TEK TERIMLI - 5.1.C,10957,2026-05-31T05:00:00+03:00,05:00
40X000000010957W,K3 CK AKDENİZ ELEKTRİK PERAKENDE SATIŞ A.Ş.,unknown,2026-05-31 06:00:00+03:00,,0.36,chunk_0075.json,POST /v1/generation/data/dpp-bulk,2026-05-31 21:42:42.682302+00:00,5002162,MESKEN - ALÇAK GERILIM - 10Y - SAATLIK - TEK TERIMLI - 5.1.C,10957,2026-05-31T06:00:00+03:00,06:00
40X000000010957W,K3 CK AKDENİZ ELEKTRİK PERAKENDE SATIŞ A.Ş.,unknown,2026-05-31 07:00:00+03:00,,1.32,chunk_0075.json,POST /v1/generation/data/dpp-bulk,2026-05-31 21:42:42.682302+00:00,5002162,MESKEN - ALÇAK GERILIM - 10Y - SAATLIK - TEK TERIMLI - 5.1.C,10957,2026-05-31T07:00:00+03:00,07:00
40X000000010957W,K3 CK AKDENİZ ELEKTRİK PERAKENDE SATIŞ A.Ş.,unknown,2026-05-31 08:00:00+03:00,,2.64,chunk_0075.json,POST /v1/generation/data/dpp-bulk,2026-05-31 21:42:42.682302+00:00,5002162,MESKEN - ALÇAK GERILIM - 10Y - SAATLIK - TEK TERIMLI - 5.1.C,10957,2026-05-31T08:00:00+03:00,08:00
40X000000010957W,K3 CK AKDENİZ ELEKTRİK PERAKENDE SATIŞ A.Ş.,unknown,2026-05-31 09:00:00+03:00,,3.82,chunk_0075.json,POST /v1/generation/data/dpp-bulk,2026-05-31 21:42:42.682302+00:00,5002162,MESKEN - ALÇAK GERILIM - 10Y - SAATLIK - TEK TERIMLI - 5.1.C,10957,2026-05-31T09:00:00+03:00,09:00
40X000000010957W,K3 CK AKDENİZ ELEKTRİK PERAKENDE SATIŞ A.Ş.,unknown,2026-05-31 10:00:00+03:00,,4.47,chunk_0075.json,POST /v1/generation/data/dpp-bulk,2026-05-31 21:42:42.682302+00:00,5002162,MESKEN - ALÇAK GERILIM - 10Y - SAATLIK - TEK TERIMLI - 5.1.C,10957,2026-05-31T10:00:00+03:00,10:00
40X000000010957W,K3 CK AKDENİZ ELEKTRİK PERAKENDE SATIŞ A.Ş.,unknown,2026-05-31 11:00:00+03:00,,4.65,chunk_0075.json,POST /v1/generation/data/dpp-bulk,2026-05-31 21:42:42.682302+00:00,5002162,MESKEN - ALÇAK GERILIM - 10Y - SAATLIK - TEK TERIMLI - 5.1.C,10957,2026-05-31T11:00:00+03:00,11:00
40X000000010957W,K3 CK AKDENİZ ELEKTRİK PERAKENDE SATIŞ A.Ş.,unknown,2026-05-31 12:00:00+03:00,,4.68,chunk_0075.json,POST /v1/generation/data/dpp-bulk,2026-05-31 21:42:42.682302+00:00,5002162,MESKEN - ALÇAK GERILIM - 10Y - SAATLIK - TEK TERIMLI - 5.1.C,10957,2026-05-31T12:00:00+03:00,12:00
40X000000010957W,K3 CK AKDENİZ ELEKTRİK PERAKENDE SATIŞ A.Ş.,unknown,2026-05-31 13:00:00+03:00,,4.62,chunk_0075.json,POST /v1/generation/data/dpp-bulk,2026-05-31 21:42:42.682302+00:00,5002162,MESKEN - ALÇAK GERILIM - 10Y - SAATLIK - TEK TERIMLI - 5.1.C,10957,2026-05-31T13:00:00+03:00,13:00
40X000000010957W,K3 CK AKDENİZ ELEKTRİK PERAKENDE SATIŞ A.Ş.,unknown,2026-05-31 14:00:00+03:00,,4.43,chunk_0075.json,POST /v1/generation/data/dpp-bulk,2026-05-31 21:42:42.682302+00:00,5002162,MESKEN - ALÇAK GERILIM - 10Y - SAATLIK - TEK TERIMLI - 5.1.C,10957,2026-05-31T14:00:00+03:00,14:00
40X000000010957W,K3 CK AKDENİZ ELEKTRİK PERAKENDE SATIŞ A.Ş.,unknown,2026-05-31 15:00:00+03:00,,4.03,chunk_0075.json,POST /v1/generation/data/dpp-bulk,2026-05-31 21:42:42.682302+00:00,5002162,MESKEN - ALÇAK GERILIM - 10Y - SAATLIK - TEK TERIMLI - 5.1.C,10957,2026-05-31T15:00:00+03:00,15:00
40X000000010957W,K3 CK AKDENİZ ELEKTRİK PERAKENDE SATIŞ A.Ş.,unknown,2026-05-31 16:00:00+03:00,,3.25,chunk_0075.json,POST /v1/generation/data/dpp-bulk,2026-05-31 21:42:42.682302+00:00,5002162,MESKEN - ALÇAK GERILIM - 10Y - SAATLIK - TEK TERIMLI - 5.1.C,10957,2026-05-31T16:00:00+03:00,16:00
40X000000010957W,K3 CK AKDENİZ ELEKTRİK PERAKENDE SATIŞ A.Ş.,unknown,2026-05-31 17:00:00+03:00,,2.1,chunk_0075.json,POST /v1/generation/data/dpp-bulk,2026-05-31 21:42:42.682302+00:00,5002162,MESKEN - ALÇAK GERILIM - 10Y - SAATLIK - TEK TERIMLI - 5.1.C,10957,2026-05-31T17:00:00+03:00,17:00
40X000000010957W,K3 CK AKDENİZ ELEKTRİK PERAKENDE SATIŞ A.Ş.,unknown,2026-05-31 18:00:00+03:00,,0.92,chunk_0075.json,POST /v1/generation/data/dpp-bulk,2026-05-31 21:42:42.682302+00:00,5002162,MESKEN - ALÇAK GERILIM - 10Y - SAATLIK - TEK TERIMLI - 5.1.C,10957,2026-05-31T18:00:00+03:00,18:00
40X000000010957W,K3 CK AKDENİZ ELEKTRİK PERAKENDE SATIŞ A.Ş.,unknown,2026-05-31 19:00:00+03:00,,0.18,chunk_0075.json,POST /v1/generation/data/dpp-bulk,2026-05-31 21:42:42.682302+00:00,5002162,MESKEN - ALÇAK GERILIM - 10Y - SAATLIK - TEK TERIMLI - 5.1.C,10957,2026-05-31T19:00:00+03:00,19:00
40X000000010957W,K3 CK AKDENİZ ELEKTRİK PERAKENDE SATIŞ A.Ş.,unknown,2026-05-31 20:00:00+03:00,,0.0,chunk_0075.json,POST /v1/generation/data/dpp-bulk,2026-05-31 21:42:42.682302+00:00,5002162,MESKEN - ALÇAK GERILIM - 10Y - SAATLIK - TEK TERIMLI - 5.1.C,10957,2026-05-31T20:00:00+03:00,20:00
40X000000010957W,K3 CK AKDENİZ ELEKTRİK PERAKENDE SATIŞ A.Ş.,unknown,2026-05-31 21:00:00+03:00,,0.0,chunk_0075.json,POST /v1/generation/data/dpp-bulk,2026-05-31 21:42:42.682302+00:00,5002162,MESKEN - ALÇAK GERILIM - 10Y - SAATLIK - TEK TERIMLI - 5.1.C,10957,2026-05-31T21:00:00+03:00,21:00
40X000000010957W,K3 CK AKDENİZ ELEKTRİK PERAKENDE SATIŞ A.Ş.,unknown,2026-05-31 22:00:00+03:00,,0.0,chunk_0075.json,POST /v1/generation/data/dpp-bulk,2026-05-31 21:42:42.682302+00:00,5002162,MESKEN - ALÇAK GERILIM - 10Y - SAATLIK - TEK TERIMLI - 5.1.C,10957,2026-05-31T22:00:00+03:00,22:00
40X000000010957W,K3 CK AKDENİZ ELEKTRİK PERAKENDE SATIŞ A.Ş.,unknown,2026-05-31 23:00:00+03:00,,0.0,chunk_0075.json,POST /v1/generation/data/dpp-bulk,2026-05-31 21:42:42.682302+00:00,5002162,MESKEN - ALÇAK GERILIM - 10Y - SAATLIK - TEK TERIMLI - 5.1.C,10957,2026-05-31T23:00:00+03:00,23:00
40X000000010957W,K3 CK AKDENİZ ELEKTRİK PERAKENDE SATIŞ A.Ş.,unknown,2026-05-31 00:00:00+03:00,,0.0,chunk_0075.json,POST /v1/generation/data/dpp-bulk,2026-05-31 21:42:42.682302+00:00,5002581,SANAYİ - ORTA GERILIM - 10Y - SAATLIK - TEK TERIMLI - 5.1.C,10957,2026-05-31T00:00:00+03:00,00:00
40X000000010957W,K3 CK AKDENİZ ELEKTRİK PERAKENDE SATIŞ A.Ş.,unknown,2026-05-31 01:00:00+03:00,,0.0,chunk_0075.json,POST /v1/generation/data/dpp-bulk,2026-05-31 21:42:42.682302+00:00,5002581,SANAYİ - ORTA GERILIM - 10Y - SAATLIK - TEK TERIMLI - 5.1.C,10957,2026-05-31T01:00:00+03:00,01:00
40X000000010957W,K3 CK AKDENİZ ELEKTRİK PERAKENDE SATIŞ A.Ş.,unknown,2026-05-31 02:00:00+03:00,,0.0,chunk_0075.json,POST /v1/generation/data/dpp-bulk,2026-05-31 21:42:42.682302+00:00,5002581,SANAYİ - ORTA GERILIM - 10Y - SAATLIK - TEK TERIMLI - 5.1.C,10957,2026-05-31T02:00:00+03:00,02:00
40X000000010957W,K3 CK AKDENİZ ELEKTRİK PERAKENDE SATIŞ A.Ş.,unknown,2026-05-31 03:00:00+03:00,,0.0,chunk_0075.json,POST /v1/generation/data/dpp-bulk,2026-05-31 21:42:42.682302+00:00,5002581,SANAYİ - ORTA GERILIM - 10Y - SAATLIK - TEK TERIMLI - 5.1.C,10957,2026-05-31T03:00:00+03:00,03:00
40X000000010957W,K3 CK AKDENİZ ELEKTRİK PERAKENDE SATIŞ A.Ş.,unknown,2026-05-31 04:00:00+03:00,,0.0,chunk_0075.json,POST /v1/generation/data/dpp-bulk,2026-05-31 21:42:42.682302+00:00,5002581,SANAYİ - ORTA GERILIM - 10Y - SAATLIK - TEK TERIMLI - 5.1.C,10957,2026-05-31T04:00:00+03:00,04:00
40X000000010957W,K3 CK AKDENİZ ELEKTRİK PERAKENDE SATIŞ A.Ş.,unknown,2026-05-31 05:00:00+03:00,,0.0,chunk_0075.json,POST /v1/generation/data/dpp-bulk,2026-05-31 21:42:42.682302+00:00,5002581,SANAYİ - ORTA GERILIM - 10Y - SAATLIK - TEK TERIMLI - 5.1.C,10957,2026-05-31T05:00:00+03:00,05:00
40X000000010957W,K3 CK AKDENİZ ELEKTRİK PERAKENDE SATIŞ A.Ş.,unknown,2026-05-31 06:00:00+03:00,,0.05,chunk_0075.json,POST /v1/generation/data/dpp-bulk,2026-05-31 21:42:42.682302+00:00,5002581,SANAYİ - ORTA GERILIM - 10Y - SAATLIK - TEK TERIMLI - 5.1.C,10957,2026-05-31T06:00:00+03:00,06:00
40X000000010957W,K3 CK AKDENİZ ELEKTRİK PERAKENDE SATIŞ A.Ş.,unknown,2026-05-31 07:00:00+03:00,,0.18,chunk_0075.json,POST /v1/generation/data/dpp-bulk,2026-05-31 21:42:42.682302+00:00,5002581,SANAYİ - ORTA GERILIM - 10Y - SAATLIK - TEK TERIMLI - 5.1.C,10957,2026-05-31T07:00:00+03:00,07:00
40X000000010957W,K3 CK AKDENİZ ELEKTRİK PERAKENDE SATIŞ A.Ş.,unknown,2026-05-31 08:00:00+03:00,,0.37,chunk_0075.json,POST /v1/generation/data/dpp-bulk,2026-05-31 21:42:42.682302+00:00,5002581,SANAYİ - ORTA GERILIM - 10Y - SAATLIK - TEK TERIMLI - 5.1.C,10957,2026-05-31T08:00:00+03:00,08:00
40X000000010957W,K3 CK AKDENİZ ELEKTRİK PERAKENDE SATIŞ A.Ş.,unknown,2026-05-31 09:00:00+03:00,,0.54,chunk_0075.json,POST /v1/generation/data/dpp-bulk,2026-05-31 21:42:42.682302+00:00,5002581,SANAYİ - ORTA GERILIM - 10Y - SAATLIK - TEK TERIMLI - 5.1.C,10957,2026-05-31T09:00:00+03:00,09:00
40X000000010957W,K3 CK AKDENİZ ELEKTRİK PERAKENDE SATIŞ A.Ş.,unknown,2026-05-31 10:00:00+03:00,,0.64,chunk_0075.json,POST /v1/generation/data/dpp-bulk,2026-05-31 21:42:42.682302+00:00,5002581,SANAYİ - ORTA GERILIM - 10Y - SAATLIK - TEK TERIMLI - 5.1.C,10957,2026-05-31T10:00:00+03:00,10:00
40X000000010957W,K3 CK AKDENİZ ELEKTRİK PERAKENDE SATIŞ A.Ş.,unknown,2026-05-31 11:00:00+03:00,,0.66,chunk_0075.json,POST /v1/generation/data/dpp-bulk,2026-05-31 21:42:42.682302+00:00,5002581,SANAYİ - ORTA GERILIM - 10Y - SAATLIK - TEK TERIMLI - 5.1.C,10957,2026-05-31T11:00:00+03:00,11:00
40X000000010957W,K3 CK AKDENİZ ELEKTRİK PERAKENDE SATIŞ A.Ş.,unknown,2026-05-31 12:00:00+03:00,,0.67,chunk_0075.json,POST /v1/generation/data/dpp-bulk,2026-05-31 21:42:42.682302+00:00,5002581,SANAYİ - ORTA GERILIM - 10Y - SAATLIK - TEK TERIMLI - 5.1.C,10957,2026-05-31T12:00:00+03:00,12:00
40X000000010957W,K3 CK AKDENİZ ELEKTRİK PERAKENDE SATIŞ A.Ş.,unknown,2026-05-31 13:00:00+03:00,,0.66,chunk_0075.json,POST /v1/generation/data/dpp-bulk,2026-05-31 21:42:42.682302+00:00,5002581,SANAYİ - ORTA GERILIM - 10Y - SAATLIK - TEK TERIMLI - 5.1.C,10957,2026-05-31T13:00:00+03:00,13:00
40X000000010957W,K3 CK AKDENİZ ELEKTRİK PERAKENDE SATIŞ A.Ş.,unknown,2026-05-31 14:00:00+03:00,,0.63,chunk_0075.json,POST /v1/generation/data/dpp-bulk,2026-05-31 21:42:42.682302+00:00,5002581,SANAYİ - ORTA GERILIM - 10Y - SAATLIK - TEK TERIMLI - 5.1.C,10957,2026-05-31T14:00:00+03:00,14:00
40X000000010957W,K3 CK AKDENİZ ELEKTRİK PERAKENDE SATIŞ A.Ş.,unknown,2026-05-31 15:00:00+03:00,,0.57,chunk_0075.json,POST /v1/generation/data/dpp-bulk,2026-05-31 21:42:42.682302+00:00,5002581,SANAYİ - ORTA GERILIM - 10Y - SAATLIK - TEK TERIMLI - 5.1.C,10957,2026-05-31T15:00:00+03:00,15:00
40X000000010957W,K3 CK AKDENİZ ELEKTRİK PERAKENDE SATIŞ A.Ş.,unknown,2026-05-31 16:00:00+03:00,,0.46,chunk_0075.json,POST /v1/generation/data/dpp-bulk,2026-05-31 21:42:42.682302+00:00,5002581,SANAYİ - ORTA GERILIM - 10Y - SAATLIK - TEK TERIMLI - 5.1.C,10957,2026-05-31T16:00:00+03:00,16:00
40X000000010957W,K3 CK AKDENİZ ELEKTRİK PERAKENDE SATIŞ A.Ş.,unknown,2026-05-31 17:00:00+03:00,,0.3,chunk_0075.json,POST /v1/generation/data/dpp-bulk,2026-05-31 21:42:42.682302+00:00,5002581,SANAYİ - ORTA GERILIM - 10Y - SAATLIK - TEK TERIMLI - 5.1.C,10957,2026-05-31T17:00:00+03:00,17:00
40X000000010957W,K3 CK AKDENİZ ELEKTRİK PERAKENDE SATIŞ A.Ş.,unknown,2026-05-31 18:00:00+03:00,,0.13,chunk_0075.json,POST /v1/generation/data/dpp-bulk,2026-05-31 21:42:42.682302+00:00,5002581,SANAYİ - ORTA GERILIM - 10Y - SAATLIK - TEK TERIMLI - 5.1.C,10957,2026-05-31T18:00:00+03:00,18:00
40X000000010957W,K3 CK AKDENİZ ELEKTRİK PERAKENDE SATIŞ A.Ş.,unknown,2026-05-31 19:00:00+03:00,,0.02,chunk_0075.json,POST /v1/generation/data/dpp-bulk,2026-05-31 21:42:42.682302+00:00,5002581,SANAYİ - ORTA GERILIM - 10Y - SAATLIK - TEK TERIMLI - 5.1.C,10957,2026-05-31T19:00:00+03:00,19:00
40X000000010957W,K3 CK AKDENİZ ELEKTRİK PERAKENDE SATIŞ A.Ş.,unknown,2026-05-31 20:00:00+03:00,,0.0,chunk_0075.json,POST /v1/generation/data/dpp-bulk,2026-05-31 21:42:42.682302+00:00,5002581,SANAYİ - ORTA GERILIM - 10Y - SAATLIK - TEK TERIMLI - 5.1.C,10957,2026-05-31T20:00:00+03:00,20:00
40X000000010957W,K3 CK AKDENİZ ELEKTRİK PERAKENDE SATIŞ A.Ş.,unknown,2026-05-31 21:00:00+03:00,,0.0,chunk_0075.json,POST /v1/generation/data/dpp-bulk,2026-05-31 21:42:42.682302+00:00,5002581,SANAYİ - ORTA GERILIM - 10Y - SAATLIK - TEK TERIMLI - 5.1.C,10957,2026-05-31T21:00:00+03:00,21:00
40X000000010957W,K3 CK AKDENİZ ELEKTRİK PERAKENDE SATIŞ A.Ş.,unknown,2026-05-31 22:00:00+03:00,,0.0,chunk_0075.json,POST /v1/generation/data/dpp-bulk,2026-05-31 21:42:42.682302+00:00,5002581,SANAYİ - ORTA GERILIM - 10Y - SAATLIK - TEK TERIMLI - 5.1.C,10957,2026-05-31T22:00:00+03:00,22:00
40X000000010957W,K3 CK AKDENİZ ELEKTRİK PERAKENDE SATIŞ A.Ş.,unknown,2026-05-31 23:00:00+03:00,,0.0,chunk_0075.json,POST /v1/generation/data/dpp-bulk,2026-05-31 21:42:42.682302+00:00,5002581,SANAYİ - ORTA GERILIM - 10Y - SAATLIK - TEK TERIMLI - 5.1.C,10957,2026-05-31T23:00:00+03:00,23:00
40X000000101280M,ERİŞİM HARİTACILIK İNŞAAT MÜHENDİSLİK MEDİKAL TEMİZLİK ÜRÜNLERİ SAN. VE TİC. LTD. ŞTİ.,unknown,2026-05-31 00:00:00+03:00,,9.0,chunk_0075.json,POST /v1/generation/data/dpp-bulk,2026-05-31 21:42:42.682302+00:00,5002245,ILICAK REG. VE HES,101280,2026-05-31T00:00:00+03:00,00:00
40X000000101280M,ERİŞİM HARİTACILIK İNŞAAT MÜHENDİSLİK MEDİKAL TEMİZLİK ÜRÜNLERİ SAN. VE TİC. LTD. ŞTİ.,unknown,2026-05-31 01:00:00+03:00,,9.0,chunk_0075.json,POST /v1/generation/data/dpp-bulk,2026-05-31 21:42:42.682302+00:00,5002245,ILICAK REG. VE HES,101280,2026-05-31T01:00:00+03:00,01:00
40X000000101280M,ERİŞİM HARİTACILIK İNŞAAT MÜHENDİSLİK MEDİKAL TEMİZLİK ÜRÜNLERİ SAN. VE TİC. LTD. ŞTİ.,unknown,2026-05-31 02:00:00+03:00,,9.0,chunk_0075.json,POST /v1/generation/data/dpp-bulk,2026-05-31 21:42:42.682302+00:00,5002245,ILICAK REG. VE HES,101280,2026-05-31T02:00:00+03:00,02:00
40X000000101280M,ERİŞİM HARİTACILIK İNŞAAT MÜHENDİSLİK MEDİKAL TEMİZLİK ÜRÜNLERİ SAN. VE TİC. LTD. ŞTİ.,unknown,2026-05-31 03:00:00+03:00,,9.0,chunk_0075.json,POST /v1/generation/data/dpp-bulk,2026-05-31 21:42:42.682302+00:00,5002245,ILICAK REG. VE HES,101280,2026-05-31T03:00:00+03:00,03:00
40X000000101280M,ERİŞİM HARİTACILIK İNŞAAT MÜHENDİSLİK MEDİKAL TEMİZLİK ÜRÜNLERİ SAN. VE TİC. LTD. ŞTİ.,unknown,2026-05-31 04:00:00+03:00,,9.0,chunk_0075.json,POST /v1/generation/data/dpp-bulk,2026-05-31 21:42:42.682302+00:00,5002245,ILICAK REG. VE HES,101280,2026-05-31T04:00:00+03:00,04:00
40X000000101280M,ERİŞİM HARİTACILIK İNŞAAT MÜHENDİSLİK MEDİKAL TEMİZLİK ÜRÜNLERİ SAN. VE TİC. LTD. ŞTİ.,unknown,2026-05-31 05:00:00+03:00,,9.0,chunk_0075.json,POST /v1/generation/data/dpp-bulk,2026-05-31 21:42:42.682302+00:00,5002245,ILICAK REG. VE HES,101280,2026-05-31T05:00:00+03:00,05:00
40X000000101280M,ERİŞİM HARİTACILIK İNŞAAT MÜHENDİSLİK MEDİKAL TEMİZLİK ÜRÜNLERİ SAN. VE TİC. LTD. ŞTİ.,unknown,2026-05-31 06:00:00+03:00,,9.0,chunk_0075.json,POST /v1/generation/data/dpp-bulk,2026-05-31 21:42:42.682302+00:00,5002245,ILICAK REG. VE HES,101280,2026-05-31T06:00:00+03:00,06:00
40X000000101280M,ERİŞİM HARİTACILIK İNŞAAT MÜHENDİSLİK MEDİKAL TEMİZLİK ÜRÜNLERİ SAN. VE TİC. LTD. ŞTİ.,unknown,2026-05-31 07:00:00+03:00,,9.0,chunk_0075.json,POST /v1/generation/data/dpp-bulk,2026-05-31 21:42:42.682302+00:00,5002245,ILICAK REG. VE HES,101280,2026-05-31T07:00:00+03:00,07:00
40X000000101280M,ERİŞİM HARİTACILIK İNŞAAT MÜHENDİSLİK MEDİKAL TEMİZLİK ÜRÜNLERİ SAN. VE TİC. LTD. ŞTİ.,unknown,2026-05-31 08:00:00+03:00,,9.0,chunk_0075.json,POST /v1/generation/data/dpp-bulk,2026-05-31 21:42:42.682302+00:00,5002245,ILICAK REG. VE HES,101280,2026-05-31T08:00:00+03:00,08:00
40X000000101280M,ERİŞİM HARİTACILIK İNŞAAT MÜHENDİSLİK MEDİKAL TEMİZLİK ÜRÜNLERİ SAN. VE TİC. LTD. ŞTİ.,unknown,2026-05-31 09:00:00+03:00,,9.0,chunk_0075.json,POST /v1/generation/data/dpp-bulk,2026-05-31 21:42:42.682302+00:00,5002245,ILICAK REG. VE HES,101280,2026-05-31T09:00:00+03:00,09:00
40X000000101280M,ERİŞİM HARİTACILIK İNŞAAT MÜHENDİSLİK MEDİKAL TEMİZLİK ÜRÜNLERİ SAN. VE TİC. LTD. ŞTİ.,unknown,2026-05-31 10:00:00+03:00,,9.0,chunk_0075.json,POST /v1/generation/data/dpp-bulk,2026-05-31 21:42:42.682302+00:00,5002245,ILICAK REG. VE HES,101280,2026-05-31T10:00:00+03:00,10:00
40X000000101280M,ERİŞİM HARİTACILIK İNŞAAT MÜHENDİSLİK MEDİKAL TEMİZLİK ÜRÜNLERİ SAN. VE TİC. LTD. ŞTİ.,unknown,2026-05-31 11:00:00+03:00,,9.0,chunk_0075.json,POST /v1/generation/data/dpp-bulk,2026-05-31 21:42:42.682302+00:00,5002245,ILICAK REG. VE HES,101280,2026-05-31T11:00:00+03:00,11:00
40X000000101280M,ERİŞİM HARİTACILIK İNŞAAT MÜHENDİSLİK MEDİKAL TEMİZLİK ÜRÜNLERİ SAN. VE TİC. LTD. ŞTİ.,unknown,2026-05-31 12:00:00+03:00,,9.0,chunk_0075.json,POST /v1/generation/data/dpp-bulk,2026-05-31 21:42:42.682302+00:00,5002245,ILICAK REG. VE HES,101280,2026-05-31T12:00:00+03:00,12:00
40X000000101280M,ERİŞİM HARİTACILIK İNŞAAT MÜHENDİSLİK MEDİKAL TEMİZLİK ÜRÜNLERİ SAN. VE TİC. LTD. ŞTİ.,unknown,2026-05-31 13:00:00+03:00,,9.0,chunk_0075.json,POST /v1/generation/data/dpp-bulk,2026-05-31 21:42:42.682302+00:00,5002245,ILICAK REG. VE HES,101280,2026-05-31T13:00:00+03:00,13:00
40X000000101280M,ERİŞİM HARİTACILIK İNŞAAT MÜHENDİSLİK MEDİKAL TEMİZLİK ÜRÜNLERİ SAN. VE TİC. LTD. ŞTİ.,unknown,2026-05-31 14:00:00+03:00,,9.0,chunk_0075.json,POST /v1/generation/data/dpp-bulk,2026-05-31 21:42:42.682302+00:00,5002245,ILICAK REG. VE HES,101280,2026-05-31T14:00:00+03:00,14:00
40X000000101280M,ERİŞİM HARİTACILIK İNŞAAT MÜHENDİSLİK MEDİKAL TEMİZLİK ÜRÜNLERİ SAN. VE TİC. LTD. ŞTİ.,unknown,2026-05-31 15:00:00+03:00,,9.0,chunk_0075.json,POST /v1/generation/data/dpp-bulk,2026-05-31 21:42:42.682302+00:00,5002245,ILICAK REG. VE HES,101280,2026-05-31T15:00:00+03:00,15:00
40X000000101280M,ERİŞİM HARİTACILIK İNŞAAT MÜHENDİSLİK MEDİKAL TEMİZLİK ÜRÜNLERİ SAN. VE TİC. LTD. ŞTİ.,unknown,2026-05-31 16:00:00+03:00,,9.0,chunk_0075.json,POST /v1/generation/data/dpp-bulk,2026-05-31 21:42:42.682302+00:00,5002245,ILICAK REG. VE HES,101280,2026-05-31T16:00:00+03:00,16:00
40X000000101280M,ERİŞİM HARİTACILIK İNŞAAT MÜHENDİSLİK MEDİKAL TEMİZLİK ÜRÜNLERİ SAN. VE TİC. LTD. ŞTİ.,unknown,2026-05-31 17:00:00+03:00,,9.0,chunk_0075.json,POST /v1/generation/data/dpp-bulk,2026-05-31 21:42:42.682302+00:00,5002245,ILICAK REG. VE HES,101280,2026-05-31T17:00:00+03:00,17:00
40X000000101280M,ERİŞİM HARİTACILIK İNŞAAT MÜHENDİSLİK MEDİKAL TEMİZLİK ÜRÜNLERİ SAN. VE TİC. LTD. ŞTİ.,unknown,2026-05-31 18:00:00+03:00,,9.0,chunk_0075.json,POST /v1/generation/data/dpp-bulk,2026-05-31 21:42:42.682302+00:00,5002245,ILICAK REG. VE HES,101280,2026-05-31T18:00:00+03:00,18:00
40X000000101280M,ERİŞİM HARİTACILIK İNŞAAT MÜHENDİSLİK MEDİKAL TEMİZLİK ÜRÜNLERİ SAN. VE TİC. LTD. ŞTİ.,unknown,2026-05-31 19:00:00+03:00,,9.0,chunk_0075.json,POST /v1/generation/data/dpp-bulk,2026-05-31 21:42:42.682302+00:00,5002245,ILICAK REG. VE HES,101280,2026-05-31T19:00:00+03:00,19:00
40X000000101280M,ERİŞİM HARİTACILIK İNŞAAT MÜHENDİSLİK MEDİKAL TEMİZLİK ÜRÜNLERİ SAN. VE TİC. LTD. ŞTİ.,unknown,2026-05-31 20:00:00+03:00,,9.0,chunk_0075.json,POST /v1/generation/data/dpp-bulk,2026-05-31 21:42:42.682302+00:00,5002245,ILICAK REG. VE HES,101280,2026-05-31T20:00:00+03:00,20:00
40X000000101280M,ERİŞİM HARİTACILIK İNŞAAT MÜHENDİSLİK MEDİKAL TEMİZLİK ÜRÜNLERİ SAN. VE TİC. LTD. ŞTİ.,unknown,2026-05-31 21:00:00+03:00,,9.0,chunk_0075.json,POST /v1/generation/data/dpp-bulk,2026-05-31 21:42:42.682302+00:00,5002245,ILICAK REG. VE HES,101280,2026-05-31T21:00:00+03:00,21:00
40X000000101280M,ERİŞİM HARİTACILIK İNŞAAT MÜHENDİSLİK MEDİKAL TEMİZLİK ÜRÜNLERİ SAN. VE TİC. LTD. ŞTİ.,unknown,2026-05-31 22:00:00+03:00,,9.0,chunk_0075.json,POST /v1/generation/data/dpp-bulk,2026-05-31 21:42:42.682302+00:00,5002245,ILICAK REG. VE HES,101280,2026-05-31T22:00:00+03:00,22:00
40X000000101280M,ERİŞİM HARİTACILIK İNŞAAT MÜHENDİSLİK MEDİKAL TEMİZLİK ÜRÜNLERİ SAN. VE TİC. LTD. ŞTİ.,unknown,2026-05-31 23:00:00+03:00,,9.0,chunk_0075.json,POST /v1/generation/data/dpp-bulk,2026-05-31 21:42:42.682302+00:00,5002245,ILICAK REG. VE HES,101280,2026-05-31T23:00:00+03:00,23:00
40X000000103060Q,ZEROS GAZ VE ENERJİ A.Ş. (TOPLAYICI),unknown,2026-05-31 00:00:00+03:00,,0.0,chunk_0075.json,POST /v1/generation/data/dpp-bulk,2026-05-31 21:42:42.682302+00:00,5002561,ANKUTSAN ADANA KOJENERASYON SANTRALİ,103060,2026-05-31T00:00:00+03:00,00:00
40X000000103060Q,ZEROS GAZ VE ENERJİ A.Ş. (TOPLAYICI),unknown,2026-05-31 01:00:00+03:00,,0.0,chunk_0075.json,POST /v1/generation/data/dpp-bulk,2026-05-31 21:42:42.682302+00:00,5002561,ANKUTSAN ADANA KOJENERASYON SANTRALİ,103060,2026-05-31T01:00:00+03:00,01:00
40X000000103060Q,ZEROS GAZ VE ENERJİ A.Ş. (TOPLAYICI),unknown,2026-05-31 02:00:00+03:00,,0.0,chunk_0075.json,POST /v1/generation/data/dpp-bulk,2026-05-31 21:42:42.682302+00:00,5002561,ANKUTSAN ADANA KOJENERASYON SANTRALİ,103060,2026-05-31T02:00:00+03:00,02:00
40X000000103060Q,ZEROS GAZ VE ENERJİ A.Ş. (TOPLAYICI),unknown,2026-05-31 03:00:00+03:00,,0.0,chunk_0075.json,POST /v1/generation/data/dpp-bulk,2026-05-31 21:42:42.682302+00:00,5002561,ANKUTSAN ADANA KOJENERASYON SANTRALİ,103060,2026-05-31T03:00:00+03:00,03:00
40X000000103060Q,ZEROS GAZ VE ENERJİ A.Ş. (TOPLAYICI),unknown,2026-05-31 04:00:00+03:00,,0.0,chunk_0075.json,POST /v1/generation/data/dpp-bulk,2026-05-31 21:42:42.682302+00:00,5002561,ANKUTSAN ADANA KOJENERASYON SANTRALİ,103060,2026-05-31T04:00:00+03:00,04:00
40X000000103060Q,ZEROS GAZ VE ENERJİ A.Ş. (TOPLAYICI),unknown,2026-05-31 05:00:00+03:00,,0.0,chunk_0075.json,POST /v1/generation/data/dpp-bulk,2026-05-31 21:42:42.682302+00:00,5002561,ANKUTSAN ADANA KOJENERASYON SANTRALİ,103060,2026-05-31T05:00:00+03:00,05:00
40X000000103060Q,ZEROS GAZ VE ENERJİ A.Ş. (TOPLAYICI),unknown,2026-05-31 06:00:00+03:00,,0.0,chunk_0075.json,POST /v1/generation/data/dpp-bulk,2026-05-31 21:42:42.682302+00:00,5002561,ANKUTSAN ADANA KOJENERASYON SANTRALİ,103060,2026-05-31T06:00:00+03:00,06:00
40X000000103060Q,ZEROS GAZ VE ENERJİ A.Ş. (TOPLAYICI),unknown,2026-05-31 07:00:00+03:00,,0.0,chunk_0075.json,POST /v1/generation/data/dpp-bulk,2026-05-31 21:42:42.682302+00:00,5002561,ANKUTSAN ADANA KOJENERASYON SANTRALİ,103060,2026-05-31T07:00:00+03:00,07:00
40X000000103060Q,ZEROS GAZ VE ENERJİ A.Ş. (TOPLAYICI),unknown,2026-05-31 08:00:00+03:00,,0.0,chunk_0075.json,POST /v1/generation/data/dpp-bulk,2026-05-31 21:42:42.682302+00:00,5002561,ANKUTSAN ADANA KOJENERASYON SANTRALİ,103060,2026-05-31T08:00:00+03:00,08:00
40X000000103060Q,ZEROS GAZ VE ENERJİ A.Ş. (TOPLAYICI),unknown,2026-05-31 09:00:00+03:00,,0.0,chunk_0075.json,POST /v1/generation/data/dpp-bulk,2026-05-31 21:42:42.682302+00:00,5002561,ANKUTSAN ADANA KOJENERASYON SANTRALİ,103060,2026-05-31T09:00:00+03:00,09:00
40X000000103060Q,ZEROS GAZ VE ENERJİ A.Ş. (TOPLAYICI),unknown,2026-05-31 10:00:00+03:00,,0.0,chunk_0075.json,POST /v1/generation/data/dpp-bulk,2026-05-31 21:42:42.682302+00:00,5002561,ANKUTSAN ADANA KOJENERASYON SANTRALİ,103060,2026-05-31T10:00:00+03:00,10:00
40X000000103060Q,ZEROS GAZ VE ENERJİ A.Ş. (TOPLAYICI),unknown,2026-05-31 11:00:00+03:00,,0.0,chunk_0075.json,POST /v1/generation/data/dpp-bulk,2026-05-31 21:42:42.682302+00:00,5002561,ANKUTSAN ADANA KOJENERASYON SANTRALİ,103060,2026-05-31T11:00:00+03:00,11:00
40X000000103060Q,ZEROS GAZ VE ENERJİ A.Ş. (TOPLAYICI),unknown,2026-05-31 12:00:00+03:00,,0.0,chunk_0075.json,POST /v1/generation/data/dpp-bulk,2026-05-31 21:42:42.682302+00:00,5002561,ANKUTSAN ADANA KOJENERASYON SANTRALİ,103060,2026-05-31T12:00:00+03:00,12:00
40X000000103060Q,ZEROS GAZ VE ENERJİ A.Ş. (TOPLAYICI),unknown,2026-05-31 13:00:00+03:00,,0.0,chunk_0075.json,POST /v1/generation/data/dpp-bulk,2026-05-31 21:42:42.682302+00:00,5002561,ANKUTSAN ADANA KOJENERASYON SANTRALİ,103060,2026-05-31T13:00:00+03:00,13:00
40X000000103060Q,ZEROS GAZ VE ENERJİ A.Ş. (TOPLAYICI),unknown,2026-05-31 14:00:00+03:00,,0.0,chunk_0075.json,POST /v1/generation/data/dpp-bulk,2026-05-31 21:42:42.682302+00:00,5002561,ANKUTSAN ADANA KOJENERASYON SANTRALİ,103060,2026-05-31T14:00:00+03:00,14:00
40X000000103060Q,ZEROS GAZ VE ENERJİ A.Ş. (TOPLAYICI),unknown,2026-05-31 15:00:00+03:00,,0.0,chunk_0075.json,POST /v1/generation/data/dpp-bulk,2026-05-31 21:42:42.682302+00:00,5002561,ANKUTSAN ADANA KOJENERASYON SANTRALİ,103060,2026-05-31T15:00:00+03:00,15:00
40X000000103060Q,ZEROS GAZ VE ENERJİ A.Ş. (TOPLAYICI),unknown,2026-05-31 16:00:00+03:00,,0.0,chunk_0075.json,POST /v1/generation/data/dpp-bulk,2026-05-31 21:42:42.682302+00:00,5002561,ANKUTSAN ADANA KOJENERASYON SANTRALİ,103060,2026-05-31T16:00:00+03:00,16:00
40X000000103060Q,ZEROS GAZ VE ENERJİ A.Ş. (TOPLAYICI),unknown,2026-05-31 17:00:00+03:00,,0.0,chunk_0075.json,POST /v1/generation/data/dpp-bulk,2026-05-31 21:42:42.682302+00:00,5002561,ANKUTSAN ADANA KOJENERASYON SANTRALİ,103060,2026-05-31T17:00:00+03:00,17:00
40X000000103060Q,ZEROS GAZ VE ENERJİ A.Ş. (TOPLAYICI),unknown,2026-05-31 18:00:00+03:00,,0.0,chunk_0075.json,POST /v1/generation/data/dpp-bulk,2026-05-31 21:42:42.682302+00:00,5002561,ANKUTSAN ADANA KOJENERASYON SANTRALİ,103060,2026-05-31T18:00:00+03:00,18:00
40X000000103060Q,ZEROS GAZ VE ENERJİ A.Ş. (TOPLAYICI),unknown,2026-05-31 19:00:00+03:00,,0.0,chunk_0075.json,POST /v1/generation/data/dpp-bulk,2026-05-31 21:42:42.682302+00:00,5002561,ANKUTSAN ADANA KOJENERASYON SANTRALİ,103060,2026-05-31T19:00:00+03:00,19:00
40X000000103060Q,ZEROS GAZ VE ENERJİ A.Ş. (TOPLAYICI),unknown,2026-05-31 20:00:00+03:00,,0.0,chunk_0075.json,POST /v1/generation/data/dpp-bulk,2026-05-31 21:42:42.682302+00:00,5002561,ANKUTSAN ADANA KOJENERASYON SANTRALİ,103060,2026-05-31T20:00:00+03:00,20:00
40X000000103060Q,ZEROS GAZ VE ENERJİ A.Ş. (TOPLAYICI),unknown,2026-05-31 21:00:00+03:00,,0.0,chunk_0075.json,POST /v1/generation/data/dpp-bulk,2026-05-31 21:42:42.682302+00:00,5002561,ANKUTSAN ADANA KOJENERASYON SANTRALİ,103060,2026-05-31T21:00:00+03:00,21:00
40X000000103060Q,ZEROS GAZ VE ENERJİ A.Ş. (TOPLAYICI),unknown,2026-05-31 22:00:00+03:00,,0.0,chunk_0075.json,POST /v1/generation/data/dpp-bulk,2026-05-31 21:42:42.682302+00:00,5002561,ANKUTSAN ADANA KOJENERASYON SANTRALİ,103060,2026-05-31T22:00:00+03:00,22:00
40X000000103060Q,ZEROS GAZ VE ENERJİ A.Ş. (TOPLAYICI),unknown,2026-05-31 23:00:00+03:00,,0.0,chunk_0075.json,POST /v1/generation/data/dpp-bulk,2026-05-31 21:42:42.682302+00:00,5002561,ANKUTSAN ADANA KOJENERASYON SANTRALİ,103060,2026-05-31T23:00:00+03:00,23:00
