entsoe_code,plant_name,fuel_type,delivery_hour,publication_timestamp,kgup_mwh,source_file,source_api,forecast_timestamp,uevcb_id,uevcb_name,org_id,date_raw,time_raw
40W000003211291V,DİKİLİ RES,unknown,2026-05-31 00:00:00+03:00,,0.0,chunk_0054.json,POST /v1/generation/data/dpp-bulk,2026-05-31 21:45:48.227585+00:00,3211291,DİKİLİ RES,282,2026-05-31T00:00:00+03:00,00:00
40W000003211291V,DİKİLİ RES,unknown,2026-05-31 01:00:00+03:00,,0.0,chunk_0054.json,POST /v1/generation/data/dpp-bulk,2026-05-31 21:45:48.227585+00:00,3211291,DİKİLİ RES,282,2026-05-31T01:00:00+03:00,01:00
40W000003211291V,DİKİLİ RES,unknown,2026-05-31 02:00:00+03:00,,0.0,chunk_0054.json,POST /v1/generation/data/dpp-bulk,2026-05-31 21:45:48.227585+00:00,3211291,DİKİLİ RES,282,2026-05-31T02:00:00+03:00,02:00
40W000003211291V,DİKİLİ RES,unknown,2026-05-31 03:00:00+03:00,,0.0,chunk_0054.json,POST /v1/generation/data/dpp-bulk,2026-05-31 21:45:48.227585+00:00,3211291,DİKİLİ RES,282,2026-05-31T03:00:00+03:00,03:00
40W000003211291V,DİKİLİ RES,unknown,2026-05-31 04:00:00+03:00,,0.0,chunk_0054.json,POST /v1/generation/data/dpp-bulk,2026-05-31 21:45:48.227585+00:00,3211291,DİKİLİ RES,282,2026-05-31T04:00:00+03:00,04:00
40W000003211291V,DİKİLİ RES,unknown,2026-05-31 05:00:00+03:00,,0.0,chunk_0054.json,POST /v1/generation/data/dpp-bulk,2026-05-31 21:45:48.227585+00:00,3211291,DİKİLİ RES,282,2026-05-31T05:00:00+03:00,05:00
40W000003211291V,DİKİLİ RES,unknown,2026-05-31 06:00:00+03:00,,0.0,chunk_0054.json,POST /v1/generation/data/dpp-bulk,2026-05-31 21:45:48.227585+00:00,3211291,DİKİLİ RES,282,2026-05-31T06:00:00+03:00,06:00
40W000003211291V,DİKİLİ RES,unknown,2026-05-31 07:00:00+03:00,,0.0,chunk_0054.json,POST /v1/generation/data/dpp-bulk,2026-05-31 21:45:48.227585+00:00,3211291,DİKİLİ RES,282,2026-05-31T07:00:00+03:00,07:00
40W000003211291V,DİKİLİ RES,unknown,2026-05-31 08:00:00+03:00,,0.0,chunk_0054.json,POST /v1/generation/data/dpp-bulk,2026-05-31 21:45:48.227585+00:00,3211291,DİKİLİ RES,282,2026-05-31T08:00:00+03:00,08:00
40W000003211291V,DİKİLİ RES,unknown,2026-05-31 09:00:00+03:00,,0.0,chunk_0054.json,POST /v1/generation/data/dpp-bulk,2026-05-31 21:45:48.227585+00:00,3211291,DİKİLİ RES,282,2026-05-31T09:00:00+03:00,09:00
40W000003211291V,DİKİLİ RES,unknown,2026-05-31 10:00:00+03:00,,0.0,chunk_0054.json,POST /v1/generation/data/dpp-bulk,2026-05-31 21:45:48.227585+00:00,3211291,DİKİLİ RES,282,2026-05-31T10:00:00+03:00,10:00
40W000003211291V,DİKİLİ RES,unknown,2026-05-31 11:00:00+03:00,,0.0,chunk_0054.json,POST /v1/generation/data/dpp-bulk,2026-05-31 21:45:48.227585+00:00,3211291,DİKİLİ RES,282,2026-05-31T11:00:00+03:00,11:00
40W000003211291V,DİKİLİ RES,unknown,2026-05-31 12:00:00+03:00,,0.0,chunk_0054.json,POST /v1/generation/data/dpp-bulk,2026-05-31 21:45:48.227585+00:00,3211291,DİKİLİ RES,282,2026-05-31T12:00:00+03:00,12:00
40W000003211291V,DİKİLİ RES,unknown,2026-05-31 13:00:00+03:00,,0.0,chunk_0054.json,POST /v1/generation/data/dpp-bulk,2026-05-31 21:45:48.227585+00:00,3211291,DİKİLİ RES,282,2026-05-31T13:00:00+03:00,13:00
40W000003211291V,DİKİLİ RES,unknown,2026-05-31 14:00:00+03:00,,0.0,chunk_0054.json,POST /v1/generation/data/dpp-bulk,2026-05-31 21:45:48.227585+00:00,3211291,DİKİLİ RES,282,2026-05-31T14:00:00+03:00,14:00
40W000003211291V,DİKİLİ RES,unknown,2026-05-31 15:00:00+03:00,,0.0,chunk_0054.json,POST /v1/generation/data/dpp-bulk,2026-05-31 21:45:48.227585+00:00,3211291,DİKİLİ RES,282,2026-05-31T15:00:00+03:00,15:00
40W000003211291V,DİKİLİ RES,unknown,2026-05-31 16:00:00+03:00,,0.0,chunk_0054.json,POST /v1/generation/data/dpp-bulk,2026-05-31 21:45:48.227585+00:00,3211291,DİKİLİ RES,282,2026-05-31T16:00:00+03:00,16:00
40W000003211291V,DİKİLİ RES,unknown,2026-05-31 17:00:00+03:00,,0.0,chunk_0054.json,POST /v1/generation/data/dpp-bulk,2026-05-31 21:45:48.227585+00:00,3211291,DİKİLİ RES,282,2026-05-31T17:00:00+03:00,17:00
40W000003211291V,DİKİLİ RES,unknown,2026-05-31 18:00:00+03:00,,0.0,chunk_0054.json,POST /v1/generation/data/dpp-bulk,2026-05-31 21:45:48.227585+00:00,3211291,DİKİLİ RES,282,2026-05-31T18:00:00+03:00,18:00
40W000003211291V,DİKİLİ RES,unknown,2026-05-31 19:00:00+03:00,,0.0,chunk_0054.json,POST /v1/generation/data/dpp-bulk,2026-05-31 21:45:48.227585+00:00,3211291,DİKİLİ RES,282,2026-05-31T19:00:00+03:00,19:00
40W000003211291V,DİKİLİ RES,unknown,2026-05-31 20:00:00+03:00,,0.0,chunk_0054.json,POST /v1/generation/data/dpp-bulk,2026-05-31 21:45:48.227585+00:00,3211291,DİKİLİ RES,282,2026-05-31T20:00:00+03:00,20:00
40W000003211291V,DİKİLİ RES,unknown,2026-05-31 21:00:00+03:00,,0.0,chunk_0054.json,POST /v1/generation/data/dpp-bulk,2026-05-31 21:45:48.227585+00:00,3211291,DİKİLİ RES,282,2026-05-31T21:00:00+03:00,21:00
40W000003211291V,DİKİLİ RES,unknown,2026-05-31 22:00:00+03:00,,0.0,chunk_0054.json,POST /v1/generation/data/dpp-bulk,2026-05-31 21:45:48.227585+00:00,3211291,DİKİLİ RES,282,2026-05-31T22:00:00+03:00,22:00
40W000003211291V,DİKİLİ RES,unknown,2026-05-31 23:00:00+03:00,,0.0,chunk_0054.json,POST /v1/generation/data/dpp-bulk,2026-05-31 21:45:48.227585+00:00,3211291,DİKİLİ RES,282,2026-05-31T23:00:00+03:00,23:00
40W0000032129900,EFE-8 JES,unknown,2026-05-31 00:00:00+03:00,,43.5,chunk_0054.json,POST /v1/generation/data/dpp-bulk,2026-05-31 21:45:48.227585+00:00,3212990,EFE-8 JES,620,2026-05-31T00:00:00+03:00,00:00
40W0000032129900,EFE-8 JES,unknown,2026-05-31 01:00:00+03:00,,44.0,chunk_0054.json,POST /v1/generation/data/dpp-bulk,2026-05-31 21:45:48.227585+00:00,3212990,EFE-8 JES,620,2026-05-31T01:00:00+03:00,01:00
40W0000032129900,EFE-8 JES,unknown,2026-05-31 02:00:00+03:00,,44.7,chunk_0054.json,POST /v1/generation/data/dpp-bulk,2026-05-31 21:45:48.227585+00:00,3212990,EFE-8 JES,620,2026-05-31T02:00:00+03:00,02:00
40W0000032129900,EFE-8 JES,unknown,2026-05-31 03:00:00+03:00,,45.5,chunk_0054.json,POST /v1/generation/data/dpp-bulk,2026-05-31 21:45:48.227585+00:00,3212990,EFE-8 JES,620,2026-05-31T03:00:00+03:00,03:00
40W0000032129900,EFE-8 JES,unknown,2026-05-31 04:00:00+03:00,,45.7,chunk_0054.json,POST /v1/generation/data/dpp-bulk,2026-05-31 21:45:48.227585+00:00,3212990,EFE-8 JES,620,2026-05-31T04:00:00+03:00,04:00
40W0000032129900,EFE-8 JES,unknown,2026-05-31 05:00:00+03:00,,46.0,chunk_0054.json,POST /v1/generation/data/dpp-bulk,2026-05-31 21:45:48.227585+00:00,3212990,EFE-8 JES,620,2026-05-31T05:00:00+03:00,05:00
40W0000032129900,EFE-8 JES,unknown,2026-05-31 06:00:00+03:00,,46.5,chunk_0054.json,POST /v1/generation/data/dpp-bulk,2026-05-31 21:45:48.227585+00:00,3212990,EFE-8 JES,620,2026-05-31T06:00:00+03:00,06:00
40W0000032129900,EFE-8 JES,unknown,2026-05-31 07:00:00+03:00,,45.5,chunk_0054.json,POST /v1/generation/data/dpp-bulk,2026-05-31 21:45:48.227585+00:00,3212990,EFE-8 JES,620,2026-05-31T07:00:00+03:00,07:00
40W0000032129900,EFE-8 JES,unknown,2026-05-31 08:00:00+03:00,,44.3,chunk_0054.json,POST /v1/generation/data/dpp-bulk,2026-05-31 21:45:48.227585+00:00,3212990,EFE-8 JES,620,2026-05-31T08:00:00+03:00,08:00
40W0000032129900,EFE-8 JES,unknown,2026-05-31 09:00:00+03:00,,43.0,chunk_0054.json,POST /v1/generation/data/dpp-bulk,2026-05-31 21:45:48.227585+00:00,3212990,EFE-8 JES,620,2026-05-31T09:00:00+03:00,09:00
40W0000032129900,EFE-8 JES,unknown,2026-05-31 10:00:00+03:00,,41.5,chunk_0054.json,POST /v1/generation/data/dpp-bulk,2026-05-31 21:45:48.227585+00:00,3212990,EFE-8 JES,620,2026-05-31T10:00:00+03:00,10:00
40W0000032129900,EFE-8 JES,unknown,2026-05-31 11:00:00+03:00,,40.5,chunk_0054.json,POST /v1/generation/data/dpp-bulk,2026-05-31 21:45:48.227585+00:00,3212990,EFE-8 JES,620,2026-05-31T11:00:00+03:00,11:00
40W0000032129900,EFE-8 JES,unknown,2026-05-31 12:00:00+03:00,,38.5,chunk_0054.json,POST /v1/generation/data/dpp-bulk,2026-05-31 21:45:48.227585+00:00,3212990,EFE-8 JES,620,2026-05-31T12:00:00+03:00,12:00
40W0000032129900,EFE-8 JES,unknown,2026-05-31 13:00:00+03:00,,37.0,chunk_0054.json,POST /v1/generation/data/dpp-bulk,2026-05-31 21:45:48.227585+00:00,3212990,EFE-8 JES,620,2026-05-31T13:00:00+03:00,13:00
40W0000032129900,EFE-8 JES,unknown,2026-05-31 14:00:00+03:00,,36.5,chunk_0054.json,POST /v1/generation/data/dpp-bulk,2026-05-31 21:45:48.227585+00:00,3212990,EFE-8 JES,620,2026-05-31T14:00:00+03:00,14:00
40W0000032129900,EFE-8 JES,unknown,2026-05-31 15:00:00+03:00,,36.0,chunk_0054.json,POST /v1/generation/data/dpp-bulk,2026-05-31 21:45:48.227585+00:00,3212990,EFE-8 JES,620,2026-05-31T15:00:00+03:00,15:00
40W0000032129900,EFE-8 JES,unknown,2026-05-31 16:00:00+03:00,,36.0,chunk_0054.json,POST /v1/generation/data/dpp-bulk,2026-05-31 21:45:48.227585+00:00,3212990,EFE-8 JES,620,2026-05-31T16:00:00+03:00,16:00
40W0000032129900,EFE-8 JES,unknown,2026-05-31 17:00:00+03:00,,36.4,chunk_0054.json,POST /v1/generation/data/dpp-bulk,2026-05-31 21:45:48.227585+00:00,3212990,EFE-8 JES,620,2026-05-31T17:00:00+03:00,17:00
40W0000032129900,EFE-8 JES,unknown,2026-05-31 18:00:00+03:00,,36.6,chunk_0054.json,POST /v1/generation/data/dpp-bulk,2026-05-31 21:45:48.227585+00:00,3212990,EFE-8 JES,620,2026-05-31T18:00:00+03:00,18:00
40W0000032129900,EFE-8 JES,unknown,2026-05-31 19:00:00+03:00,,37.5,chunk_0054.json,POST /v1/generation/data/dpp-bulk,2026-05-31 21:45:48.227585+00:00,3212990,EFE-8 JES,620,2026-05-31T19:00:00+03:00,19:00
40W0000032129900,EFE-8 JES,unknown,2026-05-31 20:00:00+03:00,,38.5,chunk_0054.json,POST /v1/generation/data/dpp-bulk,2026-05-31 21:45:48.227585+00:00,3212990,EFE-8 JES,620,2026-05-31T20:00:00+03:00,20:00
40W0000032129900,EFE-8 JES,unknown,2026-05-31 21:00:00+03:00,,39.0,chunk_0054.json,POST /v1/generation/data/dpp-bulk,2026-05-31 21:45:48.227585+00:00,3212990,EFE-8 JES,620,2026-05-31T21:00:00+03:00,21:00
40W0000032129900,EFE-8 JES,unknown,2026-05-31 22:00:00+03:00,,39.5,chunk_0054.json,POST /v1/generation/data/dpp-bulk,2026-05-31 21:45:48.227585+00:00,3212990,EFE-8 JES,620,2026-05-31T22:00:00+03:00,22:00
40W0000032129900,EFE-8 JES,unknown,2026-05-31 23:00:00+03:00,,40.5,chunk_0054.json,POST /v1/generation/data/dpp-bulk,2026-05-31 21:45:48.227585+00:00,3212990,EFE-8 JES,620,2026-05-31T23:00:00+03:00,23:00
40W0000032112702,BASKENT_LUY_SAATLİK MAHSUP_GES_TİC._OG_ÇT,unknown,2026-05-31 00:00:00+03:00,,0.0,chunk_0054.json,POST /v1/generation/data/dpp-bulk,2026-05-31 21:45:48.227585+00:00,3211270,BASKENT_LUY_SAATLİK MAHSUP_GES_TİC._OG_ÇT,10944,2026-05-31T00:00:00+03:00,00:00
40W0000032112702,BASKENT_LUY_SAATLİK MAHSUP_GES_TİC._OG_ÇT,unknown,2026-05-31 01:00:00+03:00,,0.0,chunk_0054.json,POST /v1/generation/data/dpp-bulk,2026-05-31 21:45:48.227585+00:00,3211270,BASKENT_LUY_SAATLİK MAHSUP_GES_TİC._OG_ÇT,10944,2026-05-31T01:00:00+03:00,01:00
40W0000032112702,BASKENT_LUY_SAATLİK MAHSUP_GES_TİC._OG_ÇT,unknown,2026-05-31 02:00:00+03:00,,0.0,chunk_0054.json,POST /v1/generation/data/dpp-bulk,2026-05-31 21:45:48.227585+00:00,3211270,BASKENT_LUY_SAATLİK MAHSUP_GES_TİC._OG_ÇT,10944,2026-05-31T02:00:00+03:00,02:00
40W0000032112702,BASKENT_LUY_SAATLİK MAHSUP_GES_TİC._OG_ÇT,unknown,2026-05-31 03:00:00+03:00,,0.0,chunk_0054.json,POST /v1/generation/data/dpp-bulk,2026-05-31 21:45:48.227585+00:00,3211270,BASKENT_LUY_SAATLİK MAHSUP_GES_TİC._OG_ÇT,10944,2026-05-31T03:00:00+03:00,03:00
40W0000032112702,BASKENT_LUY_SAATLİK MAHSUP_GES_TİC._OG_ÇT,unknown,2026-05-31 04:00:00+03:00,,0.0,chunk_0054.json,POST /v1/generation/data/dpp-bulk,2026-05-31 21:45:48.227585+00:00,3211270,BASKENT_LUY_SAATLİK MAHSUP_GES_TİC._OG_ÇT,10944,2026-05-31T04:00:00+03:00,04:00
40W0000032112702,BASKENT_LUY_SAATLİK MAHSUP_GES_TİC._OG_ÇT,unknown,2026-05-31 05:00:00+03:00,,0.0,chunk_0054.json,POST /v1/generation/data/dpp-bulk,2026-05-31 21:45:48.227585+00:00,3211270,BASKENT_LUY_SAATLİK MAHSUP_GES_TİC._OG_ÇT,10944,2026-05-31T05:00:00+03:00,05:00
40W0000032112702,BASKENT_LUY_SAATLİK MAHSUP_GES_TİC._OG_ÇT,unknown,2026-05-31 06:00:00+03:00,,0.06,chunk_0054.json,POST /v1/generation/data/dpp-bulk,2026-05-31 21:45:48.227585+00:00,3211270,BASKENT_LUY_SAATLİK MAHSUP_GES_TİC._OG_ÇT,10944,2026-05-31T06:00:00+03:00,06:00
40W0000032112702,BASKENT_LUY_SAATLİK MAHSUP_GES_TİC._OG_ÇT,unknown,2026-05-31 07:00:00+03:00,,0.2,chunk_0054.json,POST /v1/generation/data/dpp-bulk,2026-05-31 21:45:48.227585+00:00,3211270,BASKENT_LUY_SAATLİK MAHSUP_GES_TİC._OG_ÇT,10944,2026-05-31T07:00:00+03:00,07:00
40W0000032112702,BASKENT_LUY_SAATLİK MAHSUP_GES_TİC._OG_ÇT,unknown,2026-05-31 08:00:00+03:00,,0.37,chunk_0054.json,POST /v1/generation/data/dpp-bulk,2026-05-31 21:45:48.227585+00:00,3211270,BASKENT_LUY_SAATLİK MAHSUP_GES_TİC._OG_ÇT,10944,2026-05-31T08:00:00+03:00,08:00
40W0000032112702,BASKENT_LUY_SAATLİK MAHSUP_GES_TİC._OG_ÇT,unknown,2026-05-31 09:00:00+03:00,,0.51,chunk_0054.json,POST /v1/generation/data/dpp-bulk,2026-05-31 21:45:48.227585+00:00,3211270,BASKENT_LUY_SAATLİK MAHSUP_GES_TİC._OG_ÇT,10944,2026-05-31T09:00:00+03:00,09:00
40W0000032112702,BASKENT_LUY_SAATLİK MAHSUP_GES_TİC._OG_ÇT,unknown,2026-05-31 10:00:00+03:00,,0.59,chunk_0054.json,POST /v1/generation/data/dpp-bulk,2026-05-31 21:45:48.227585+00:00,3211270,BASKENT_LUY_SAATLİK MAHSUP_GES_TİC._OG_ÇT,10944,2026-05-31T10:00:00+03:00,10:00
40W0000032112702,BASKENT_LUY_SAATLİK MAHSUP_GES_TİC._OG_ÇT,unknown,2026-05-31 11:00:00+03:00,,0.63,chunk_0054.json,POST /v1/generation/data/dpp-bulk,2026-05-31 21:45:48.227585+00:00,3211270,BASKENT_LUY_SAATLİK MAHSUP_GES_TİC._OG_ÇT,10944,2026-05-31T11:00:00+03:00,11:00
40W0000032112702,BASKENT_LUY_SAATLİK MAHSUP_GES_TİC._OG_ÇT,unknown,2026-05-31 12:00:00+03:00,,0.63,chunk_0054.json,POST /v1/generation/data/dpp-bulk,2026-05-31 21:45:48.227585+00:00,3211270,BASKENT_LUY_SAATLİK MAHSUP_GES_TİC._OG_ÇT,10944,2026-05-31T12:00:00+03:00,12:00
40W0000032112702,BASKENT_LUY_SAATLİK MAHSUP_GES_TİC._OG_ÇT,unknown,2026-05-31 13:00:00+03:00,,0.59,chunk_0054.json,POST /v1/generation/data/dpp-bulk,2026-05-31 21:45:48.227585+00:00,3211270,BASKENT_LUY_SAATLİK MAHSUP_GES_TİC._OG_ÇT,10944,2026-05-31T13:00:00+03:00,13:00
40W0000032112702,BASKENT_LUY_SAATLİK MAHSUP_GES_TİC._OG_ÇT,unknown,2026-05-31 14:00:00+03:00,,0.52,chunk_0054.json,POST /v1/generation/data/dpp-bulk,2026-05-31 21:45:48.227585+00:00,3211270,BASKENT_LUY_SAATLİK MAHSUP_GES_TİC._OG_ÇT,10944,2026-05-31T14:00:00+03:00,14:00
40W0000032112702,BASKENT_LUY_SAATLİK MAHSUP_GES_TİC._OG_ÇT,unknown,2026-05-31 15:00:00+03:00,,0.43,chunk_0054.json,POST /v1/generation/data/dpp-bulk,2026-05-31 21:45:48.227585+00:00,3211270,BASKENT_LUY_SAATLİK MAHSUP_GES_TİC._OG_ÇT,10944,2026-05-31T15:00:00+03:00,15:00
40W0000032112702,BASKENT_LUY_SAATLİK MAHSUP_GES_TİC._OG_ÇT,unknown,2026-05-31 16:00:00+03:00,,0.33,chunk_0054.json,POST /v1/generation/data/dpp-bulk,2026-05-31 21:45:48.227585+00:00,3211270,BASKENT_LUY_SAATLİK MAHSUP_GES_TİC._OG_ÇT,10944,2026-05-31T16:00:00+03:00,16:00
40W0000032112702,BASKENT_LUY_SAATLİK MAHSUP_GES_TİC._OG_ÇT,unknown,2026-05-31 17:00:00+03:00,,0.21,chunk_0054.json,POST /v1/generation/data/dpp-bulk,2026-05-31 21:45:48.227585+00:00,3211270,BASKENT_LUY_SAATLİK MAHSUP_GES_TİC._OG_ÇT,10944,2026-05-31T17:00:00+03:00,17:00
40W0000032112702,BASKENT_LUY_SAATLİK MAHSUP_GES_TİC._OG_ÇT,unknown,2026-05-31 18:00:00+03:00,,0.09,chunk_0054.json,POST /v1/generation/data/dpp-bulk,2026-05-31 21:45:48.227585+00:00,3211270,BASKENT_LUY_SAATLİK MAHSUP_GES_TİC._OG_ÇT,10944,2026-05-31T18:00:00+03:00,18:00
40W0000032112702,BASKENT_LUY_SAATLİK MAHSUP_GES_TİC._OG_ÇT,unknown,2026-05-31 19:00:00+03:00,,0.02,chunk_0054.json,POST /v1/generation/data/dpp-bulk,2026-05-31 21:45:48.227585+00:00,3211270,BASKENT_LUY_SAATLİK MAHSUP_GES_TİC._OG_ÇT,10944,2026-05-31T19:00:00+03:00,19:00
40W0000032112702,BASKENT_LUY_SAATLİK MAHSUP_GES_TİC._OG_ÇT,unknown,2026-05-31 20:00:00+03:00,,0.0,chunk_0054.json,POST /v1/generation/data/dpp-bulk,2026-05-31 21:45:48.227585+00:00,3211270,BASKENT_LUY_SAATLİK MAHSUP_GES_TİC._OG_ÇT,10944,2026-05-31T20:00:00+03:00,20:00
40W0000032112702,BASKENT_LUY_SAATLİK MAHSUP_GES_TİC._OG_ÇT,unknown,2026-05-31 21:00:00+03:00,,0.0,chunk_0054.json,POST /v1/generation/data/dpp-bulk,2026-05-31 21:45:48.227585+00:00,3211270,BASKENT_LUY_SAATLİK MAHSUP_GES_TİC._OG_ÇT,10944,2026-05-31T21:00:00+03:00,21:00
40W0000032112702,BASKENT_LUY_SAATLİK MAHSUP_GES_TİC._OG_ÇT,unknown,2026-05-31 22:00:00+03:00,,0.0,chunk_0054.json,POST /v1/generation/data/dpp-bulk,2026-05-31 21:45:48.227585+00:00,3211270,BASKENT_LUY_SAATLİK MAHSUP_GES_TİC._OG_ÇT,10944,2026-05-31T22:00:00+03:00,22:00
40W0000032112702,BASKENT_LUY_SAATLİK MAHSUP_GES_TİC._OG_ÇT,unknown,2026-05-31 23:00:00+03:00,,0.0,chunk_0054.json,POST /v1/generation/data/dpp-bulk,2026-05-31 21:45:48.227585+00:00,3211270,BASKENT_LUY_SAATLİK MAHSUP_GES_TİC._OG_ÇT,10944,2026-05-31T23:00:00+03:00,23:00
40W000003211370Z,"ÜLKÜN REG. ve HES (ÜLKÜN 1, 2 HES)",unknown,2026-05-31 00:00:00+03:00,,12.0,chunk_0054.json,POST /v1/generation/data/dpp-bulk,2026-05-31 21:45:48.227585+00:00,3211370,"ÜLKÜN REG. ve HES (ÜLKÜN 1, 2 HES)",14179,2026-05-31T00:00:00+03:00,00:00
40W000003211370Z,"ÜLKÜN REG. ve HES (ÜLKÜN 1, 2 HES)",unknown,2026-05-31 01:00:00+03:00,,12.0,chunk_0054.json,POST /v1/generation/data/dpp-bulk,2026-05-31 21:45:48.227585+00:00,3211370,"ÜLKÜN REG. ve HES (ÜLKÜN 1, 2 HES)",14179,2026-05-31T01:00:00+03:00,01:00
40W000003211370Z,"ÜLKÜN REG. ve HES (ÜLKÜN 1, 2 HES)",unknown,2026-05-31 02:00:00+03:00,,12.0,chunk_0054.json,POST /v1/generation/data/dpp-bulk,2026-05-31 21:45:48.227585+00:00,3211370,"ÜLKÜN REG. ve HES (ÜLKÜN 1, 2 HES)",14179,2026-05-31T02:00:00+03:00,02:00
40W000003211370Z,"ÜLKÜN REG. ve HES (ÜLKÜN 1, 2 HES)",unknown,2026-05-31 03:00:00+03:00,,12.0,chunk_0054.json,POST /v1/generation/data/dpp-bulk,2026-05-31 21:45:48.227585+00:00,3211370,"ÜLKÜN REG. ve HES (ÜLKÜN 1, 2 HES)",14179,2026-05-31T03:00:00+03:00,03:00
40W000003211370Z,"ÜLKÜN REG. ve HES (ÜLKÜN 1, 2 HES)",unknown,2026-05-31 04:00:00+03:00,,12.0,chunk_0054.json,POST /v1/generation/data/dpp-bulk,2026-05-31 21:45:48.227585+00:00,3211370,"ÜLKÜN REG. ve HES (ÜLKÜN 1, 2 HES)",14179,2026-05-31T04:00:00+03:00,04:00
40W000003211370Z,"ÜLKÜN REG. ve HES (ÜLKÜN 1, 2 HES)",unknown,2026-05-31 05:00:00+03:00,,12.0,chunk_0054.json,POST /v1/generation/data/dpp-bulk,2026-05-31 21:45:48.227585+00:00,3211370,"ÜLKÜN REG. ve HES (ÜLKÜN 1, 2 HES)",14179,2026-05-31T05:00:00+03:00,05:00
40W000003211370Z,"ÜLKÜN REG. ve HES (ÜLKÜN 1, 2 HES)",unknown,2026-05-31 06:00:00+03:00,,8.0,chunk_0054.json,POST /v1/generation/data/dpp-bulk,2026-05-31 21:45:48.227585+00:00,3211370,"ÜLKÜN REG. ve HES (ÜLKÜN 1, 2 HES)",14179,2026-05-31T06:00:00+03:00,06:00
40W000003211370Z,"ÜLKÜN REG. ve HES (ÜLKÜN 1, 2 HES)",unknown,2026-05-31 07:00:00+03:00,,8.0,chunk_0054.json,POST /v1/generation/data/dpp-bulk,2026-05-31 21:45:48.227585+00:00,3211370,"ÜLKÜN REG. ve HES (ÜLKÜN 1, 2 HES)",14179,2026-05-31T07:00:00+03:00,07:00
40W000003211370Z,"ÜLKÜN REG. ve HES (ÜLKÜN 1, 2 HES)",unknown,2026-05-31 08:00:00+03:00,,0.0,chunk_0054.json,POST /v1/generation/data/dpp-bulk,2026-05-31 21:45:48.227585+00:00,3211370,"ÜLKÜN REG. ve HES (ÜLKÜN 1, 2 HES)",14179,2026-05-31T08:00:00+03:00,08:00
40W000003211370Z,"ÜLKÜN REG. ve HES (ÜLKÜN 1, 2 HES)",unknown,2026-05-31 09:00:00+03:00,,0.0,chunk_0054.json,POST /v1/generation/data/dpp-bulk,2026-05-31 21:45:48.227585+00:00,3211370,"ÜLKÜN REG. ve HES (ÜLKÜN 1, 2 HES)",14179,2026-05-31T09:00:00+03:00,09:00
40W000003211370Z,"ÜLKÜN REG. ve HES (ÜLKÜN 1, 2 HES)",unknown,2026-05-31 10:00:00+03:00,,0.0,chunk_0054.json,POST /v1/generation/data/dpp-bulk,2026-05-31 21:45:48.227585+00:00,3211370,"ÜLKÜN REG. ve HES (ÜLKÜN 1, 2 HES)",14179,2026-05-31T10:00:00+03:00,10:00
40W000003211370Z,"ÜLKÜN REG. ve HES (ÜLKÜN 1, 2 HES)",unknown,2026-05-31 11:00:00+03:00,,0.0,chunk_0054.json,POST /v1/generation/data/dpp-bulk,2026-05-31 21:45:48.227585+00:00,3211370,"ÜLKÜN REG. ve HES (ÜLKÜN 1, 2 HES)",14179,2026-05-31T11:00:00+03:00,11:00
40W000003211370Z,"ÜLKÜN REG. ve HES (ÜLKÜN 1, 2 HES)",unknown,2026-05-31 12:00:00+03:00,,0.0,chunk_0054.json,POST /v1/generation/data/dpp-bulk,2026-05-31 21:45:48.227585+00:00,3211370,"ÜLKÜN REG. ve HES (ÜLKÜN 1, 2 HES)",14179,2026-05-31T12:00:00+03:00,12:00
40W000003211370Z,"ÜLKÜN REG. ve HES (ÜLKÜN 1, 2 HES)",unknown,2026-05-31 13:00:00+03:00,,0.0,chunk_0054.json,POST /v1/generation/data/dpp-bulk,2026-05-31 21:45:48.227585+00:00,3211370,"ÜLKÜN REG. ve HES (ÜLKÜN 1, 2 HES)",14179,2026-05-31T13:00:00+03:00,13:00
40W000003211370Z,"ÜLKÜN REG. ve HES (ÜLKÜN 1, 2 HES)",unknown,2026-05-31 14:00:00+03:00,,0.0,chunk_0054.json,POST /v1/generation/data/dpp-bulk,2026-05-31 21:45:48.227585+00:00,3211370,"ÜLKÜN REG. ve HES (ÜLKÜN 1, 2 HES)",14179,2026-05-31T14:00:00+03:00,14:00
40W000003211370Z,"ÜLKÜN REG. ve HES (ÜLKÜN 1, 2 HES)",unknown,2026-05-31 15:00:00+03:00,,0.0,chunk_0054.json,POST /v1/generation/data/dpp-bulk,2026-05-31 21:45:48.227585+00:00,3211370,"ÜLKÜN REG. ve HES (ÜLKÜN 1, 2 HES)",14179,2026-05-31T15:00:00+03:00,15:00
40W000003211370Z,"ÜLKÜN REG. ve HES (ÜLKÜN 1, 2 HES)",unknown,2026-05-31 16:00:00+03:00,,12.0,chunk_0054.json,POST /v1/generation/data/dpp-bulk,2026-05-31 21:45:48.227585+00:00,3211370,"ÜLKÜN REG. ve HES (ÜLKÜN 1, 2 HES)",14179,2026-05-31T16:00:00+03:00,16:00
40W000003211370Z,"ÜLKÜN REG. ve HES (ÜLKÜN 1, 2 HES)",unknown,2026-05-31 17:00:00+03:00,,12.0,chunk_0054.json,POST /v1/generation/data/dpp-bulk,2026-05-31 21:45:48.227585+00:00,3211370,"ÜLKÜN REG. ve HES (ÜLKÜN 1, 2 HES)",14179,2026-05-31T17:00:00+03:00,17:00
40W000003211370Z,"ÜLKÜN REG. ve HES (ÜLKÜN 1, 2 HES)",unknown,2026-05-31 18:00:00+03:00,,12.0,chunk_0054.json,POST /v1/generation/data/dpp-bulk,2026-05-31 21:45:48.227585+00:00,3211370,"ÜLKÜN REG. ve HES (ÜLKÜN 1, 2 HES)",14179,2026-05-31T18:00:00+03:00,18:00
40W000003211370Z,"ÜLKÜN REG. ve HES (ÜLKÜN 1, 2 HES)",unknown,2026-05-31 19:00:00+03:00,,12.0,chunk_0054.json,POST /v1/generation/data/dpp-bulk,2026-05-31 21:45:48.227585+00:00,3211370,"ÜLKÜN REG. ve HES (ÜLKÜN 1, 2 HES)",14179,2026-05-31T19:00:00+03:00,19:00
40W000003211370Z,"ÜLKÜN REG. ve HES (ÜLKÜN 1, 2 HES)",unknown,2026-05-31 20:00:00+03:00,,12.0,chunk_0054.json,POST /v1/generation/data/dpp-bulk,2026-05-31 21:45:48.227585+00:00,3211370,"ÜLKÜN REG. ve HES (ÜLKÜN 1, 2 HES)",14179,2026-05-31T20:00:00+03:00,20:00
40W000003211370Z,"ÜLKÜN REG. ve HES (ÜLKÜN 1, 2 HES)",unknown,2026-05-31 21:00:00+03:00,,12.0,chunk_0054.json,POST /v1/generation/data/dpp-bulk,2026-05-31 21:45:48.227585+00:00,3211370,"ÜLKÜN REG. ve HES (ÜLKÜN 1, 2 HES)",14179,2026-05-31T21:00:00+03:00,21:00
40W000003211370Z,"ÜLKÜN REG. ve HES (ÜLKÜN 1, 2 HES)",unknown,2026-05-31 22:00:00+03:00,,12.0,chunk_0054.json,POST /v1/generation/data/dpp-bulk,2026-05-31 21:45:48.227585+00:00,3211370,"ÜLKÜN REG. ve HES (ÜLKÜN 1, 2 HES)",14179,2026-05-31T22:00:00+03:00,22:00
40W000003211370Z,"ÜLKÜN REG. ve HES (ÜLKÜN 1, 2 HES)",unknown,2026-05-31 23:00:00+03:00,,12.0,chunk_0054.json,POST /v1/generation/data/dpp-bulk,2026-05-31 21:45:48.227585+00:00,3211370,"ÜLKÜN REG. ve HES (ÜLKÜN 1, 2 HES)",14179,2026-05-31T23:00:00+03:00,23:00
40W000003212650O,HEAŞ KOJENERASYON TESİSİ,unknown,2026-05-31 00:00:00+03:00,,0.0,chunk_0054.json,POST /v1/generation/data/dpp-bulk,2026-05-31 21:45:48.227585+00:00,3212650,HEAŞ KOJENERASYON TESİSİ,14219,2026-05-31T00:00:00+03:00,00:00
40W000003212650O,HEAŞ KOJENERASYON TESİSİ,unknown,2026-05-31 01:00:00+03:00,,0.0,chunk_0054.json,POST /v1/generation/data/dpp-bulk,2026-05-31 21:45:48.227585+00:00,3212650,HEAŞ KOJENERASYON TESİSİ,14219,2026-05-31T01:00:00+03:00,01:00
40W000003212650O,HEAŞ KOJENERASYON TESİSİ,unknown,2026-05-31 02:00:00+03:00,,0.0,chunk_0054.json,POST /v1/generation/data/dpp-bulk,2026-05-31 21:45:48.227585+00:00,3212650,HEAŞ KOJENERASYON TESİSİ,14219,2026-05-31T02:00:00+03:00,02:00
40W000003212650O,HEAŞ KOJENERASYON TESİSİ,unknown,2026-05-31 03:00:00+03:00,,0.0,chunk_0054.json,POST /v1/generation/data/dpp-bulk,2026-05-31 21:45:48.227585+00:00,3212650,HEAŞ KOJENERASYON TESİSİ,14219,2026-05-31T03:00:00+03:00,03:00
40W000003212650O,HEAŞ KOJENERASYON TESİSİ,unknown,2026-05-31 04:00:00+03:00,,0.0,chunk_0054.json,POST /v1/generation/data/dpp-bulk,2026-05-31 21:45:48.227585+00:00,3212650,HEAŞ KOJENERASYON TESİSİ,14219,2026-05-31T04:00:00+03:00,04:00
40W000003212650O,HEAŞ KOJENERASYON TESİSİ,unknown,2026-05-31 05:00:00+03:00,,0.0,chunk_0054.json,POST /v1/generation/data/dpp-bulk,2026-05-31 21:45:48.227585+00:00,3212650,HEAŞ KOJENERASYON TESİSİ,14219,2026-05-31T05:00:00+03:00,05:00
40W000003212650O,HEAŞ KOJENERASYON TESİSİ,unknown,2026-05-31 06:00:00+03:00,,0.0,chunk_0054.json,POST /v1/generation/data/dpp-bulk,2026-05-31 21:45:48.227585+00:00,3212650,HEAŞ KOJENERASYON TESİSİ,14219,2026-05-31T06:00:00+03:00,06:00
40W000003212650O,HEAŞ KOJENERASYON TESİSİ,unknown,2026-05-31 07:00:00+03:00,,0.0,chunk_0054.json,POST /v1/generation/data/dpp-bulk,2026-05-31 21:45:48.227585+00:00,3212650,HEAŞ KOJENERASYON TESİSİ,14219,2026-05-31T07:00:00+03:00,07:00
40W000003212650O,HEAŞ KOJENERASYON TESİSİ,unknown,2026-05-31 08:00:00+03:00,,0.0,chunk_0054.json,POST /v1/generation/data/dpp-bulk,2026-05-31 21:45:48.227585+00:00,3212650,HEAŞ KOJENERASYON TESİSİ,14219,2026-05-31T08:00:00+03:00,08:00
40W000003212650O,HEAŞ KOJENERASYON TESİSİ,unknown,2026-05-31 09:00:00+03:00,,0.0,chunk_0054.json,POST /v1/generation/data/dpp-bulk,2026-05-31 21:45:48.227585+00:00,3212650,HEAŞ KOJENERASYON TESİSİ,14219,2026-05-31T09:00:00+03:00,09:00
40W000003212650O,HEAŞ KOJENERASYON TESİSİ,unknown,2026-05-31 10:00:00+03:00,,0.0,chunk_0054.json,POST /v1/generation/data/dpp-bulk,2026-05-31 21:45:48.227585+00:00,3212650,HEAŞ KOJENERASYON TESİSİ,14219,2026-05-31T10:00:00+03:00,10:00
40W000003212650O,HEAŞ KOJENERASYON TESİSİ,unknown,2026-05-31 11:00:00+03:00,,0.0,chunk_0054.json,POST /v1/generation/data/dpp-bulk,2026-05-31 21:45:48.227585+00:00,3212650,HEAŞ KOJENERASYON TESİSİ,14219,2026-05-31T11:00:00+03:00,11:00
40W000003212650O,HEAŞ KOJENERASYON TESİSİ,unknown,2026-05-31 12:00:00+03:00,,0.0,chunk_0054.json,POST /v1/generation/data/dpp-bulk,2026-05-31 21:45:48.227585+00:00,3212650,HEAŞ KOJENERASYON TESİSİ,14219,2026-05-31T12:00:00+03:00,12:00
40W000003212650O,HEAŞ KOJENERASYON TESİSİ,unknown,2026-05-31 13:00:00+03:00,,0.0,chunk_0054.json,POST /v1/generation/data/dpp-bulk,2026-05-31 21:45:48.227585+00:00,3212650,HEAŞ KOJENERASYON TESİSİ,14219,2026-05-31T13:00:00+03:00,13:00
40W000003212650O,HEAŞ KOJENERASYON TESİSİ,unknown,2026-05-31 14:00:00+03:00,,0.0,chunk_0054.json,POST /v1/generation/data/dpp-bulk,2026-05-31 21:45:48.227585+00:00,3212650,HEAŞ KOJENERASYON TESİSİ,14219,2026-05-31T14:00:00+03:00,14:00
40W000003212650O,HEAŞ KOJENERASYON TESİSİ,unknown,2026-05-31 15:00:00+03:00,,0.0,chunk_0054.json,POST /v1/generation/data/dpp-bulk,2026-05-31 21:45:48.227585+00:00,3212650,HEAŞ KOJENERASYON TESİSİ,14219,2026-05-31T15:00:00+03:00,15:00
40W000003212650O,HEAŞ KOJENERASYON TESİSİ,unknown,2026-05-31 16:00:00+03:00,,0.0,chunk_0054.json,POST /v1/generation/data/dpp-bulk,2026-05-31 21:45:48.227585+00:00,3212650,HEAŞ KOJENERASYON TESİSİ,14219,2026-05-31T16:00:00+03:00,16:00
40W000003212650O,HEAŞ KOJENERASYON TESİSİ,unknown,2026-05-31 17:00:00+03:00,,0.0,chunk_0054.json,POST /v1/generation/data/dpp-bulk,2026-05-31 21:45:48.227585+00:00,3212650,HEAŞ KOJENERASYON TESİSİ,14219,2026-05-31T17:00:00+03:00,17:00
40W000003212650O,HEAŞ KOJENERASYON TESİSİ,unknown,2026-05-31 18:00:00+03:00,,0.0,chunk_0054.json,POST /v1/generation/data/dpp-bulk,2026-05-31 21:45:48.227585+00:00,3212650,HEAŞ KOJENERASYON TESİSİ,14219,2026-05-31T18:00:00+03:00,18:00
40W000003212650O,HEAŞ KOJENERASYON TESİSİ,unknown,2026-05-31 19:00:00+03:00,,0.0,chunk_0054.json,POST /v1/generation/data/dpp-bulk,2026-05-31 21:45:48.227585+00:00,3212650,HEAŞ KOJENERASYON TESİSİ,14219,2026-05-31T19:00:00+03:00,19:00
40W000003212650O,HEAŞ KOJENERASYON TESİSİ,unknown,2026-05-31 20:00:00+03:00,,0.0,chunk_0054.json,POST /v1/generation/data/dpp-bulk,2026-05-31 21:45:48.227585+00:00,3212650,HEAŞ KOJENERASYON TESİSİ,14219,2026-05-31T20:00:00+03:00,20:00
40W000003212650O,HEAŞ KOJENERASYON TESİSİ,unknown,2026-05-31 21:00:00+03:00,,0.0,chunk_0054.json,POST /v1/generation/data/dpp-bulk,2026-05-31 21:45:48.227585+00:00,3212650,HEAŞ KOJENERASYON TESİSİ,14219,2026-05-31T21:00:00+03:00,21:00
40W000003212650O,HEAŞ KOJENERASYON TESİSİ,unknown,2026-05-31 22:00:00+03:00,,0.0,chunk_0054.json,POST /v1/generation/data/dpp-bulk,2026-05-31 21:45:48.227585+00:00,3212650,HEAŞ KOJENERASYON TESİSİ,14219,2026-05-31T22:00:00+03:00,22:00
40W000003212650O,HEAŞ KOJENERASYON TESİSİ,unknown,2026-05-31 23:00:00+03:00,,0.0,chunk_0054.json,POST /v1/generation/data/dpp-bulk,2026-05-31 21:45:48.227585+00:00,3212650,HEAŞ KOJENERASYON TESİSİ,14219,2026-05-31T23:00:00+03:00,23:00
40W100003212610N,SEYMEN ENERJİ ÜRETİM TESİSİ,unknown,2026-05-31 00:00:00+03:00,,20.1,chunk_0054.json,POST /v1/generation/data/dpp-bulk,2026-05-31 21:45:48.227585+00:00,3212610,SEYMEN ENERJİ ÜRETİM TESİSİ,14379,2026-05-31T00:00:00+03:00,00:00
40W100003212610N,SEYMEN ENERJİ ÜRETİM TESİSİ,unknown,2026-05-31 01:00:00+03:00,,20.1,chunk_0054.json,POST /v1/generation/data/dpp-bulk,2026-05-31 21:45:48.227585+00:00,3212610,SEYMEN ENERJİ ÜRETİM TESİSİ,14379,2026-05-31T01:00:00+03:00,01:00
40W100003212610N,SEYMEN ENERJİ ÜRETİM TESİSİ,unknown,2026-05-31 02:00:00+03:00,,20.1,chunk_0054.json,POST /v1/generation/data/dpp-bulk,2026-05-31 21:45:48.227585+00:00,3212610,SEYMEN ENERJİ ÜRETİM TESİSİ,14379,2026-05-31T02:00:00+03:00,02:00
40W100003212610N,SEYMEN ENERJİ ÜRETİM TESİSİ,unknown,2026-05-31 03:00:00+03:00,,20.2,chunk_0054.json,POST /v1/generation/data/dpp-bulk,2026-05-31 21:45:48.227585+00:00,3212610,SEYMEN ENERJİ ÜRETİM TESİSİ,14379,2026-05-31T03:00:00+03:00,03:00
40W100003212610N,SEYMEN ENERJİ ÜRETİM TESİSİ,unknown,2026-05-31 04:00:00+03:00,,20.2,chunk_0054.json,POST /v1/generation/data/dpp-bulk,2026-05-31 21:45:48.227585+00:00,3212610,SEYMEN ENERJİ ÜRETİM TESİSİ,14379,2026-05-31T04:00:00+03:00,04:00
40W100003212610N,SEYMEN ENERJİ ÜRETİM TESİSİ,unknown,2026-05-31 05:00:00+03:00,,20.2,chunk_0054.json,POST /v1/generation/data/dpp-bulk,2026-05-31 21:45:48.227585+00:00,3212610,SEYMEN ENERJİ ÜRETİM TESİSİ,14379,2026-05-31T05:00:00+03:00,05:00
40W100003212610N,SEYMEN ENERJİ ÜRETİM TESİSİ,unknown,2026-05-31 06:00:00+03:00,,20.2,chunk_0054.json,POST /v1/generation/data/dpp-bulk,2026-05-31 21:45:48.227585+00:00,3212610,SEYMEN ENERJİ ÜRETİM TESİSİ,14379,2026-05-31T06:00:00+03:00,06:00
40W100003212610N,SEYMEN ENERJİ ÜRETİM TESİSİ,unknown,2026-05-31 07:00:00+03:00,,20.2,chunk_0054.json,POST /v1/generation/data/dpp-bulk,2026-05-31 21:45:48.227585+00:00,3212610,SEYMEN ENERJİ ÜRETİM TESİSİ,14379,2026-05-31T07:00:00+03:00,07:00
40W100003212610N,SEYMEN ENERJİ ÜRETİM TESİSİ,unknown,2026-05-31 08:00:00+03:00,,19.9,chunk_0054.json,POST /v1/generation/data/dpp-bulk,2026-05-31 21:45:48.227585+00:00,3212610,SEYMEN ENERJİ ÜRETİM TESİSİ,14379,2026-05-31T08:00:00+03:00,08:00
40W100003212610N,SEYMEN ENERJİ ÜRETİM TESİSİ,unknown,2026-05-31 09:00:00+03:00,,19.9,chunk_0054.json,POST /v1/generation/data/dpp-bulk,2026-05-31 21:45:48.227585+00:00,3212610,SEYMEN ENERJİ ÜRETİM TESİSİ,14379,2026-05-31T09:00:00+03:00,09:00
40W100003212610N,SEYMEN ENERJİ ÜRETİM TESİSİ,unknown,2026-05-31 10:00:00+03:00,,19.9,chunk_0054.json,POST /v1/generation/data/dpp-bulk,2026-05-31 21:45:48.227585+00:00,3212610,SEYMEN ENERJİ ÜRETİM TESİSİ,14379,2026-05-31T10:00:00+03:00,10:00
40W100003212610N,SEYMEN ENERJİ ÜRETİM TESİSİ,unknown,2026-05-31 11:00:00+03:00,,19.9,chunk_0054.json,POST /v1/generation/data/dpp-bulk,2026-05-31 21:45:48.227585+00:00,3212610,SEYMEN ENERJİ ÜRETİM TESİSİ,14379,2026-05-31T11:00:00+03:00,11:00
40W100003212610N,SEYMEN ENERJİ ÜRETİM TESİSİ,unknown,2026-05-31 12:00:00+03:00,,19.9,chunk_0054.json,POST /v1/generation/data/dpp-bulk,2026-05-31 21:45:48.227585+00:00,3212610,SEYMEN ENERJİ ÜRETİM TESİSİ,14379,2026-05-31T12:00:00+03:00,12:00
40W100003212610N,SEYMEN ENERJİ ÜRETİM TESİSİ,unknown,2026-05-31 13:00:00+03:00,,19.9,chunk_0054.json,POST /v1/generation/data/dpp-bulk,2026-05-31 21:45:48.227585+00:00,3212610,SEYMEN ENERJİ ÜRETİM TESİSİ,14379,2026-05-31T13:00:00+03:00,13:00
40W100003212610N,SEYMEN ENERJİ ÜRETİM TESİSİ,unknown,2026-05-31 14:00:00+03:00,,19.9,chunk_0054.json,POST /v1/generation/data/dpp-bulk,2026-05-31 21:45:48.227585+00:00,3212610,SEYMEN ENERJİ ÜRETİM TESİSİ,14379,2026-05-31T14:00:00+03:00,14:00
40W100003212610N,SEYMEN ENERJİ ÜRETİM TESİSİ,unknown,2026-05-31 15:00:00+03:00,,19.9,chunk_0054.json,POST /v1/generation/data/dpp-bulk,2026-05-31 21:45:48.227585+00:00,3212610,SEYMEN ENERJİ ÜRETİM TESİSİ,14379,2026-05-31T15:00:00+03:00,15:00
40W100003212610N,SEYMEN ENERJİ ÜRETİM TESİSİ,unknown,2026-05-31 16:00:00+03:00,,19.9,chunk_0054.json,POST /v1/generation/data/dpp-bulk,2026-05-31 21:45:48.227585+00:00,3212610,SEYMEN ENERJİ ÜRETİM TESİSİ,14379,2026-05-31T16:00:00+03:00,16:00
40W100003212610N,SEYMEN ENERJİ ÜRETİM TESİSİ,unknown,2026-05-31 17:00:00+03:00,,19.9,chunk_0054.json,POST /v1/generation/data/dpp-bulk,2026-05-31 21:45:48.227585+00:00,3212610,SEYMEN ENERJİ ÜRETİM TESİSİ,14379,2026-05-31T17:00:00+03:00,17:00
40W100003212610N,SEYMEN ENERJİ ÜRETİM TESİSİ,unknown,2026-05-31 18:00:00+03:00,,19.9,chunk_0054.json,POST /v1/generation/data/dpp-bulk,2026-05-31 21:45:48.227585+00:00,3212610,SEYMEN ENERJİ ÜRETİM TESİSİ,14379,2026-05-31T18:00:00+03:00,18:00
40W100003212610N,SEYMEN ENERJİ ÜRETİM TESİSİ,unknown,2026-05-31 19:00:00+03:00,,19.9,chunk_0054.json,POST /v1/generation/data/dpp-bulk,2026-05-31 21:45:48.227585+00:00,3212610,SEYMEN ENERJİ ÜRETİM TESİSİ,14379,2026-05-31T19:00:00+03:00,19:00
40W100003212610N,SEYMEN ENERJİ ÜRETİM TESİSİ,unknown,2026-05-31 20:00:00+03:00,,19.9,chunk_0054.json,POST /v1/generation/data/dpp-bulk,2026-05-31 21:45:48.227585+00:00,3212610,SEYMEN ENERJİ ÜRETİM TESİSİ,14379,2026-05-31T20:00:00+03:00,20:00
40W100003212610N,SEYMEN ENERJİ ÜRETİM TESİSİ,unknown,2026-05-31 21:00:00+03:00,,18.8,chunk_0054.json,POST /v1/generation/data/dpp-bulk,2026-05-31 21:45:48.227585+00:00,3212610,SEYMEN ENERJİ ÜRETİM TESİSİ,14379,2026-05-31T21:00:00+03:00,21:00
40W100003212610N,SEYMEN ENERJİ ÜRETİM TESİSİ,unknown,2026-05-31 22:00:00+03:00,,18.8,chunk_0054.json,POST /v1/generation/data/dpp-bulk,2026-05-31 21:45:48.227585+00:00,3212610,SEYMEN ENERJİ ÜRETİM TESİSİ,14379,2026-05-31T22:00:00+03:00,22:00
40W100003212610N,SEYMEN ENERJİ ÜRETİM TESİSİ,unknown,2026-05-31 23:00:00+03:00,,18.8,chunk_0054.json,POST /v1/generation/data/dpp-bulk,2026-05-31 21:45:48.227585+00:00,3212610,SEYMEN ENERJİ ÜRETİM TESİSİ,14379,2026-05-31T23:00:00+03:00,23:00
40W0000032130506,KARAPINAR YEKA-1 GES_154 kV,unknown,2026-05-31 00:00:00+03:00,,0.0,chunk_0054.json,POST /v1/generation/data/dpp-bulk,2026-05-31 21:45:48.227585+00:00,3213050,KARAPINAR YEKA-1 GES_154 kV,14842,2026-05-31T00:00:00+03:00,00:00
40W0000032130506,KARAPINAR YEKA-1 GES_154 kV,unknown,2026-05-31 01:00:00+03:00,,0.0,chunk_0054.json,POST /v1/generation/data/dpp-bulk,2026-05-31 21:45:48.227585+00:00,3213050,KARAPINAR YEKA-1 GES_154 kV,14842,2026-05-31T01:00:00+03:00,01:00
40W0000032130506,KARAPINAR YEKA-1 GES_154 kV,unknown,2026-05-31 02:00:00+03:00,,0.0,chunk_0054.json,POST /v1/generation/data/dpp-bulk,2026-05-31 21:45:48.227585+00:00,3213050,KARAPINAR YEKA-1 GES_154 kV,14842,2026-05-31T02:00:00+03:00,02:00
40W0000032130506,KARAPINAR YEKA-1 GES_154 kV,unknown,2026-05-31 03:00:00+03:00,,0.0,chunk_0054.json,POST /v1/generation/data/dpp-bulk,2026-05-31 21:45:48.227585+00:00,3213050,KARAPINAR YEKA-1 GES_154 kV,14842,2026-05-31T03:00:00+03:00,03:00
40W0000032130506,KARAPINAR YEKA-1 GES_154 kV,unknown,2026-05-31 04:00:00+03:00,,0.0,chunk_0054.json,POST /v1/generation/data/dpp-bulk,2026-05-31 21:45:48.227585+00:00,3213050,KARAPINAR YEKA-1 GES_154 kV,14842,2026-05-31T04:00:00+03:00,04:00
40W0000032130506,KARAPINAR YEKA-1 GES_154 kV,unknown,2026-05-31 05:00:00+03:00,,2.0,chunk_0054.json,POST /v1/generation/data/dpp-bulk,2026-05-31 21:45:48.227585+00:00,3213050,KARAPINAR YEKA-1 GES_154 kV,14842,2026-05-31T05:00:00+03:00,05:00
40W0000032130506,KARAPINAR YEKA-1 GES_154 kV,unknown,2026-05-31 06:00:00+03:00,,62.0,chunk_0054.json,POST /v1/generation/data/dpp-bulk,2026-05-31 21:45:48.227585+00:00,3213050,KARAPINAR YEKA-1 GES_154 kV,14842,2026-05-31T06:00:00+03:00,06:00
40W0000032130506,KARAPINAR YEKA-1 GES_154 kV,unknown,2026-05-31 07:00:00+03:00,,173.0,chunk_0054.json,POST /v1/generation/data/dpp-bulk,2026-05-31 21:45:48.227585+00:00,3213050,KARAPINAR YEKA-1 GES_154 kV,14842,2026-05-31T07:00:00+03:00,07:00
40W0000032130506,KARAPINAR YEKA-1 GES_154 kV,unknown,2026-05-31 08:00:00+03:00,,200.0,chunk_0054.json,POST /v1/generation/data/dpp-bulk,2026-05-31 21:45:48.227585+00:00,3213050,KARAPINAR YEKA-1 GES_154 kV,14842,2026-05-31T08:00:00+03:00,08:00
40W0000032130506,KARAPINAR YEKA-1 GES_154 kV,unknown,2026-05-31 09:00:00+03:00,,200.0,chunk_0054.json,POST /v1/generation/data/dpp-bulk,2026-05-31 21:45:48.227585+00:00,3213050,KARAPINAR YEKA-1 GES_154 kV,14842,2026-05-31T09:00:00+03:00,09:00
40W0000032130506,KARAPINAR YEKA-1 GES_154 kV,unknown,2026-05-31 10:00:00+03:00,,200.0,chunk_0054.json,POST /v1/generation/data/dpp-bulk,2026-05-31 21:45:48.227585+00:00,3213050,KARAPINAR YEKA-1 GES_154 kV,14842,2026-05-31T10:00:00+03:00,10:00
40W0000032130506,KARAPINAR YEKA-1 GES_154 kV,unknown,2026-05-31 11:00:00+03:00,,200.0,chunk_0054.json,POST /v1/generation/data/dpp-bulk,2026-05-31 21:45:48.227585+00:00,3213050,KARAPINAR YEKA-1 GES_154 kV,14842,2026-05-31T11:00:00+03:00,11:00
40W0000032130506,KARAPINAR YEKA-1 GES_154 kV,unknown,2026-05-31 12:00:00+03:00,,200.0,chunk_0054.json,POST /v1/generation/data/dpp-bulk,2026-05-31 21:45:48.227585+00:00,3213050,KARAPINAR YEKA-1 GES_154 kV,14842,2026-05-31T12:00:00+03:00,12:00
40W0000032130506,KARAPINAR YEKA-1 GES_154 kV,unknown,2026-05-31 13:00:00+03:00,,200.0,chunk_0054.json,POST /v1/generation/data/dpp-bulk,2026-05-31 21:45:48.227585+00:00,3213050,KARAPINAR YEKA-1 GES_154 kV,14842,2026-05-31T13:00:00+03:00,13:00
40W0000032130506,KARAPINAR YEKA-1 GES_154 kV,unknown,2026-05-31 14:00:00+03:00,,200.0,chunk_0054.json,POST /v1/generation/data/dpp-bulk,2026-05-31 21:45:48.227585+00:00,3213050,KARAPINAR YEKA-1 GES_154 kV,14842,2026-05-31T14:00:00+03:00,14:00
40W0000032130506,KARAPINAR YEKA-1 GES_154 kV,unknown,2026-05-31 15:00:00+03:00,,200.0,chunk_0054.json,POST /v1/generation/data/dpp-bulk,2026-05-31 21:45:48.227585+00:00,3213050,KARAPINAR YEKA-1 GES_154 kV,14842,2026-05-31T15:00:00+03:00,15:00
40W0000032130506,KARAPINAR YEKA-1 GES_154 kV,unknown,2026-05-31 16:00:00+03:00,,200.0,chunk_0054.json,POST /v1/generation/data/dpp-bulk,2026-05-31 21:45:48.227585+00:00,3213050,KARAPINAR YEKA-1 GES_154 kV,14842,2026-05-31T16:00:00+03:00,16:00
40W0000032130506,KARAPINAR YEKA-1 GES_154 kV,unknown,2026-05-31 17:00:00+03:00,,192.0,chunk_0054.json,POST /v1/generation/data/dpp-bulk,2026-05-31 21:45:48.227585+00:00,3213050,KARAPINAR YEKA-1 GES_154 kV,14842,2026-05-31T17:00:00+03:00,17:00
40W0000032130506,KARAPINAR YEKA-1 GES_154 kV,unknown,2026-05-31 18:00:00+03:00,,105.0,chunk_0054.json,POST /v1/generation/data/dpp-bulk,2026-05-31 21:45:48.227585+00:00,3213050,KARAPINAR YEKA-1 GES_154 kV,14842,2026-05-31T18:00:00+03:00,18:00
40W0000032130506,KARAPINAR YEKA-1 GES_154 kV,unknown,2026-05-31 19:00:00+03:00,,15.0,chunk_0054.json,POST /v1/generation/data/dpp-bulk,2026-05-31 21:45:48.227585+00:00,3213050,KARAPINAR YEKA-1 GES_154 kV,14842,2026-05-31T19:00:00+03:00,19:00
40W0000032130506,KARAPINAR YEKA-1 GES_154 kV,unknown,2026-05-31 20:00:00+03:00,,0.0,chunk_0054.json,POST /v1/generation/data/dpp-bulk,2026-05-31 21:45:48.227585+00:00,3213050,KARAPINAR YEKA-1 GES_154 kV,14842,2026-05-31T20:00:00+03:00,20:00
40W0000032130506,KARAPINAR YEKA-1 GES_154 kV,unknown,2026-05-31 21:00:00+03:00,,0.0,chunk_0054.json,POST /v1/generation/data/dpp-bulk,2026-05-31 21:45:48.227585+00:00,3213050,KARAPINAR YEKA-1 GES_154 kV,14842,2026-05-31T21:00:00+03:00,21:00
40W0000032130506,KARAPINAR YEKA-1 GES_154 kV,unknown,2026-05-31 22:00:00+03:00,,0.0,chunk_0054.json,POST /v1/generation/data/dpp-bulk,2026-05-31 21:45:48.227585+00:00,3213050,KARAPINAR YEKA-1 GES_154 kV,14842,2026-05-31T22:00:00+03:00,22:00
40W0000032130506,KARAPINAR YEKA-1 GES_154 kV,unknown,2026-05-31 23:00:00+03:00,,0.0,chunk_0054.json,POST /v1/generation/data/dpp-bulk,2026-05-31 21:45:48.227585+00:00,3213050,KARAPINAR YEKA-1 GES_154 kV,14842,2026-05-31T23:00:00+03:00,23:00
40W000003211590L,İZMİR BÜYÜK EFES OTELİ KOJENERASYON TESİSİ,unknown,2026-05-31 00:00:00+03:00,,0.1,chunk_0054.json,POST /v1/generation/data/dpp-bulk,2026-05-31 21:45:48.227585+00:00,3211590,İZMİR BÜYÜK EFES OTELİ KOJENERASYON TESİSİ,103060,2026-05-31T00:00:00+03:00,00:00
40W000003211590L,İZMİR BÜYÜK EFES OTELİ KOJENERASYON TESİSİ,unknown,2026-05-31 01:00:00+03:00,,0.2,chunk_0054.json,POST /v1/generation/data/dpp-bulk,2026-05-31 21:45:48.227585+00:00,3211590,İZMİR BÜYÜK EFES OTELİ KOJENERASYON TESİSİ,103060,2026-05-31T01:00:00+03:00,01:00
40W000003211590L,İZMİR BÜYÜK EFES OTELİ KOJENERASYON TESİSİ,unknown,2026-05-31 02:00:00+03:00,,0.1,chunk_0054.json,POST /v1/generation/data/dpp-bulk,2026-05-31 21:45:48.227585+00:00,3211590,İZMİR BÜYÜK EFES OTELİ KOJENERASYON TESİSİ,103060,2026-05-31T02:00:00+03:00,02:00
40W000003211590L,İZMİR BÜYÜK EFES OTELİ KOJENERASYON TESİSİ,unknown,2026-05-31 03:00:00+03:00,,0.1,chunk_0054.json,POST /v1/generation/data/dpp-bulk,2026-05-31 21:45:48.227585+00:00,3211590,İZMİR BÜYÜK EFES OTELİ KOJENERASYON TESİSİ,103060,2026-05-31T03:00:00+03:00,03:00
40W000003211590L,İZMİR BÜYÜK EFES OTELİ KOJENERASYON TESİSİ,unknown,2026-05-31 04:00:00+03:00,,0.1,chunk_0054.json,POST /v1/generation/data/dpp-bulk,2026-05-31 21:45:48.227585+00:00,3211590,İZMİR BÜYÜK EFES OTELİ KOJENERASYON TESİSİ,103060,2026-05-31T04:00:00+03:00,04:00
40W000003211590L,İZMİR BÜYÜK EFES OTELİ KOJENERASYON TESİSİ,unknown,2026-05-31 05:00:00+03:00,,0.0,chunk_0054.json,POST /v1/generation/data/dpp-bulk,2026-05-31 21:45:48.227585+00:00,3211590,İZMİR BÜYÜK EFES OTELİ KOJENERASYON TESİSİ,103060,2026-05-31T05:00:00+03:00,05:00
40W000003211590L,İZMİR BÜYÜK EFES OTELİ KOJENERASYON TESİSİ,unknown,2026-05-31 06:00:00+03:00,,0.0,chunk_0054.json,POST /v1/generation/data/dpp-bulk,2026-05-31 21:45:48.227585+00:00,3211590,İZMİR BÜYÜK EFES OTELİ KOJENERASYON TESİSİ,103060,2026-05-31T06:00:00+03:00,06:00
40W000003211590L,İZMİR BÜYÜK EFES OTELİ KOJENERASYON TESİSİ,unknown,2026-05-31 07:00:00+03:00,,0.0,chunk_0054.json,POST /v1/generation/data/dpp-bulk,2026-05-31 21:45:48.227585+00:00,3211590,İZMİR BÜYÜK EFES OTELİ KOJENERASYON TESİSİ,103060,2026-05-31T07:00:00+03:00,07:00
40W000003211590L,İZMİR BÜYÜK EFES OTELİ KOJENERASYON TESİSİ,unknown,2026-05-31 08:00:00+03:00,,0.0,chunk_0054.json,POST /v1/generation/data/dpp-bulk,2026-05-31 21:45:48.227585+00:00,3211590,İZMİR BÜYÜK EFES OTELİ KOJENERASYON TESİSİ,103060,2026-05-31T08:00:00+03:00,08:00
40W000003211590L,İZMİR BÜYÜK EFES OTELİ KOJENERASYON TESİSİ,unknown,2026-05-31 09:00:00+03:00,,0.0,chunk_0054.json,POST /v1/generation/data/dpp-bulk,2026-05-31 21:45:48.227585+00:00,3211590,İZMİR BÜYÜK EFES OTELİ KOJENERASYON TESİSİ,103060,2026-05-31T09:00:00+03:00,09:00
40W000003211590L,İZMİR BÜYÜK EFES OTELİ KOJENERASYON TESİSİ,unknown,2026-05-31 10:00:00+03:00,,0.0,chunk_0054.json,POST /v1/generation/data/dpp-bulk,2026-05-31 21:45:48.227585+00:00,3211590,İZMİR BÜYÜK EFES OTELİ KOJENERASYON TESİSİ,103060,2026-05-31T10:00:00+03:00,10:00
40W000003211590L,İZMİR BÜYÜK EFES OTELİ KOJENERASYON TESİSİ,unknown,2026-05-31 11:00:00+03:00,,0.0,chunk_0054.json,POST /v1/generation/data/dpp-bulk,2026-05-31 21:45:48.227585+00:00,3211590,İZMİR BÜYÜK EFES OTELİ KOJENERASYON TESİSİ,103060,2026-05-31T11:00:00+03:00,11:00
40W000003211590L,İZMİR BÜYÜK EFES OTELİ KOJENERASYON TESİSİ,unknown,2026-05-31 12:00:00+03:00,,0.0,chunk_0054.json,POST /v1/generation/data/dpp-bulk,2026-05-31 21:45:48.227585+00:00,3211590,İZMİR BÜYÜK EFES OTELİ KOJENERASYON TESİSİ,103060,2026-05-31T12:00:00+03:00,12:00
40W000003211590L,İZMİR BÜYÜK EFES OTELİ KOJENERASYON TESİSİ,unknown,2026-05-31 13:00:00+03:00,,0.0,chunk_0054.json,POST /v1/generation/data/dpp-bulk,2026-05-31 21:45:48.227585+00:00,3211590,İZMİR BÜYÜK EFES OTELİ KOJENERASYON TESİSİ,103060,2026-05-31T13:00:00+03:00,13:00
40W000003211590L,İZMİR BÜYÜK EFES OTELİ KOJENERASYON TESİSİ,unknown,2026-05-31 14:00:00+03:00,,0.0,chunk_0054.json,POST /v1/generation/data/dpp-bulk,2026-05-31 21:45:48.227585+00:00,3211590,İZMİR BÜYÜK EFES OTELİ KOJENERASYON TESİSİ,103060,2026-05-31T14:00:00+03:00,14:00
40W000003211590L,İZMİR BÜYÜK EFES OTELİ KOJENERASYON TESİSİ,unknown,2026-05-31 15:00:00+03:00,,0.0,chunk_0054.json,POST /v1/generation/data/dpp-bulk,2026-05-31 21:45:48.227585+00:00,3211590,İZMİR BÜYÜK EFES OTELİ KOJENERASYON TESİSİ,103060,2026-05-31T15:00:00+03:00,15:00
40W000003211590L,İZMİR BÜYÜK EFES OTELİ KOJENERASYON TESİSİ,unknown,2026-05-31 16:00:00+03:00,,0.0,chunk_0054.json,POST /v1/generation/data/dpp-bulk,2026-05-31 21:45:48.227585+00:00,3211590,İZMİR BÜYÜK EFES OTELİ KOJENERASYON TESİSİ,103060,2026-05-31T16:00:00+03:00,16:00
40W000003211590L,İZMİR BÜYÜK EFES OTELİ KOJENERASYON TESİSİ,unknown,2026-05-31 17:00:00+03:00,,0.0,chunk_0054.json,POST /v1/generation/data/dpp-bulk,2026-05-31 21:45:48.227585+00:00,3211590,İZMİR BÜYÜK EFES OTELİ KOJENERASYON TESİSİ,103060,2026-05-31T17:00:00+03:00,17:00
40W000003211590L,İZMİR BÜYÜK EFES OTELİ KOJENERASYON TESİSİ,unknown,2026-05-31 18:00:00+03:00,,0.0,chunk_0054.json,POST /v1/generation/data/dpp-bulk,2026-05-31 21:45:48.227585+00:00,3211590,İZMİR BÜYÜK EFES OTELİ KOJENERASYON TESİSİ,103060,2026-05-31T18:00:00+03:00,18:00
40W000003211590L,İZMİR BÜYÜK EFES OTELİ KOJENERASYON TESİSİ,unknown,2026-05-31 19:00:00+03:00,,0.0,chunk_0054.json,POST /v1/generation/data/dpp-bulk,2026-05-31 21:45:48.227585+00:00,3211590,İZMİR BÜYÜK EFES OTELİ KOJENERASYON TESİSİ,103060,2026-05-31T19:00:00+03:00,19:00
40W000003211590L,İZMİR BÜYÜK EFES OTELİ KOJENERASYON TESİSİ,unknown,2026-05-31 20:00:00+03:00,,0.0,chunk_0054.json,POST /v1/generation/data/dpp-bulk,2026-05-31 21:45:48.227585+00:00,3211590,İZMİR BÜYÜK EFES OTELİ KOJENERASYON TESİSİ,103060,2026-05-31T20:00:00+03:00,20:00
40W000003211590L,İZMİR BÜYÜK EFES OTELİ KOJENERASYON TESİSİ,unknown,2026-05-31 21:00:00+03:00,,0.0,chunk_0054.json,POST /v1/generation/data/dpp-bulk,2026-05-31 21:45:48.227585+00:00,3211590,İZMİR BÜYÜK EFES OTELİ KOJENERASYON TESİSİ,103060,2026-05-31T21:00:00+03:00,21:00
40W000003211590L,İZMİR BÜYÜK EFES OTELİ KOJENERASYON TESİSİ,unknown,2026-05-31 22:00:00+03:00,,0.1,chunk_0054.json,POST /v1/generation/data/dpp-bulk,2026-05-31 21:45:48.227585+00:00,3211590,İZMİR BÜYÜK EFES OTELİ KOJENERASYON TESİSİ,103060,2026-05-31T22:00:00+03:00,22:00
40W000003211590L,İZMİR BÜYÜK EFES OTELİ KOJENERASYON TESİSİ,unknown,2026-05-31 23:00:00+03:00,,0.0,chunk_0054.json,POST /v1/generation/data/dpp-bulk,2026-05-31 21:45:48.227585+00:00,3211590,İZMİR BÜYÜK EFES OTELİ KOJENERASYON TESİSİ,103060,2026-05-31T23:00:00+03:00,23:00
40W000003213010I,SAMSUN VEZİRKÖPRÜ ORMAN ÜRÜNLERİ KOJENERASYON TESİSİ,unknown,2026-05-31 00:00:00+03:00,,0.0,chunk_0054.json,POST /v1/generation/data/dpp-bulk,2026-05-31 21:45:48.227585+00:00,3213010,SAMSUN VEZİRKÖPRÜ ORMAN ÜRÜNLERİ KOJENERASYON TESİSİ,103060,2026-05-31T00:00:00+03:00,00:00
40W000003213010I,SAMSUN VEZİRKÖPRÜ ORMAN ÜRÜNLERİ KOJENERASYON TESİSİ,unknown,2026-05-31 01:00:00+03:00,,0.0,chunk_0054.json,POST /v1/generation/data/dpp-bulk,2026-05-31 21:45:48.227585+00:00,3213010,SAMSUN VEZİRKÖPRÜ ORMAN ÜRÜNLERİ KOJENERASYON TESİSİ,103060,2026-05-31T01:00:00+03:00,01:00
40W000003213010I,SAMSUN VEZİRKÖPRÜ ORMAN ÜRÜNLERİ KOJENERASYON TESİSİ,unknown,2026-05-31 02:00:00+03:00,,0.0,chunk_0054.json,POST /v1/generation/data/dpp-bulk,2026-05-31 21:45:48.227585+00:00,3213010,SAMSUN VEZİRKÖPRÜ ORMAN ÜRÜNLERİ KOJENERASYON TESİSİ,103060,2026-05-31T02:00:00+03:00,02:00
40W000003213010I,SAMSUN VEZİRKÖPRÜ ORMAN ÜRÜNLERİ KOJENERASYON TESİSİ,unknown,2026-05-31 03:00:00+03:00,,0.0,chunk_0054.json,POST /v1/generation/data/dpp-bulk,2026-05-31 21:45:48.227585+00:00,3213010,SAMSUN VEZİRKÖPRÜ ORMAN ÜRÜNLERİ KOJENERASYON TESİSİ,103060,2026-05-31T03:00:00+03:00,03:00
40W000003213010I,SAMSUN VEZİRKÖPRÜ ORMAN ÜRÜNLERİ KOJENERASYON TESİSİ,unknown,2026-05-31 04:00:00+03:00,,0.0,chunk_0054.json,POST /v1/generation/data/dpp-bulk,2026-05-31 21:45:48.227585+00:00,3213010,SAMSUN VEZİRKÖPRÜ ORMAN ÜRÜNLERİ KOJENERASYON TESİSİ,103060,2026-05-31T04:00:00+03:00,04:00
40W000003213010I,SAMSUN VEZİRKÖPRÜ ORMAN ÜRÜNLERİ KOJENERASYON TESİSİ,unknown,2026-05-31 05:00:00+03:00,,0.0,chunk_0054.json,POST /v1/generation/data/dpp-bulk,2026-05-31 21:45:48.227585+00:00,3213010,SAMSUN VEZİRKÖPRÜ ORMAN ÜRÜNLERİ KOJENERASYON TESİSİ,103060,2026-05-31T05:00:00+03:00,05:00
40W000003213010I,SAMSUN VEZİRKÖPRÜ ORMAN ÜRÜNLERİ KOJENERASYON TESİSİ,unknown,2026-05-31 06:00:00+03:00,,0.0,chunk_0054.json,POST /v1/generation/data/dpp-bulk,2026-05-31 21:45:48.227585+00:00,3213010,SAMSUN VEZİRKÖPRÜ ORMAN ÜRÜNLERİ KOJENERASYON TESİSİ,103060,2026-05-31T06:00:00+03:00,06:00
40W000003213010I,SAMSUN VEZİRKÖPRÜ ORMAN ÜRÜNLERİ KOJENERASYON TESİSİ,unknown,2026-05-31 07:00:00+03:00,,0.0,chunk_0054.json,POST /v1/generation/data/dpp-bulk,2026-05-31 21:45:48.227585+00:00,3213010,SAMSUN VEZİRKÖPRÜ ORMAN ÜRÜNLERİ KOJENERASYON TESİSİ,103060,2026-05-31T07:00:00+03:00,07:00
40W000003213010I,SAMSUN VEZİRKÖPRÜ ORMAN ÜRÜNLERİ KOJENERASYON TESİSİ,unknown,2026-05-31 08:00:00+03:00,,0.0,chunk_0054.json,POST /v1/generation/data/dpp-bulk,2026-05-31 21:45:48.227585+00:00,3213010,SAMSUN VEZİRKÖPRÜ ORMAN ÜRÜNLERİ KOJENERASYON TESİSİ,103060,2026-05-31T08:00:00+03:00,08:00
40W000003213010I,SAMSUN VEZİRKÖPRÜ ORMAN ÜRÜNLERİ KOJENERASYON TESİSİ,unknown,2026-05-31 09:00:00+03:00,,0.0,chunk_0054.json,POST /v1/generation/data/dpp-bulk,2026-05-31 21:45:48.227585+00:00,3213010,SAMSUN VEZİRKÖPRÜ ORMAN ÜRÜNLERİ KOJENERASYON TESİSİ,103060,2026-05-31T09:00:00+03:00,09:00
40W000003213010I,SAMSUN VEZİRKÖPRÜ ORMAN ÜRÜNLERİ KOJENERASYON TESİSİ,unknown,2026-05-31 10:00:00+03:00,,0.0,chunk_0054.json,POST /v1/generation/data/dpp-bulk,2026-05-31 21:45:48.227585+00:00,3213010,SAMSUN VEZİRKÖPRÜ ORMAN ÜRÜNLERİ KOJENERASYON TESİSİ,103060,2026-05-31T10:00:00+03:00,10:00
40W000003213010I,SAMSUN VEZİRKÖPRÜ ORMAN ÜRÜNLERİ KOJENERASYON TESİSİ,unknown,2026-05-31 11:00:00+03:00,,0.0,chunk_0054.json,POST /v1/generation/data/dpp-bulk,2026-05-31 21:45:48.227585+00:00,3213010,SAMSUN VEZİRKÖPRÜ ORMAN ÜRÜNLERİ KOJENERASYON TESİSİ,103060,2026-05-31T11:00:00+03:00,11:00
40W000003213010I,SAMSUN VEZİRKÖPRÜ ORMAN ÜRÜNLERİ KOJENERASYON TESİSİ,unknown,2026-05-31 12:00:00+03:00,,0.0,chunk_0054.json,POST /v1/generation/data/dpp-bulk,2026-05-31 21:45:48.227585+00:00,3213010,SAMSUN VEZİRKÖPRÜ ORMAN ÜRÜNLERİ KOJENERASYON TESİSİ,103060,2026-05-31T12:00:00+03:00,12:00
40W000003213010I,SAMSUN VEZİRKÖPRÜ ORMAN ÜRÜNLERİ KOJENERASYON TESİSİ,unknown,2026-05-31 13:00:00+03:00,,0.0,chunk_0054.json,POST /v1/generation/data/dpp-bulk,2026-05-31 21:45:48.227585+00:00,3213010,SAMSUN VEZİRKÖPRÜ ORMAN ÜRÜNLERİ KOJENERASYON TESİSİ,103060,2026-05-31T13:00:00+03:00,13:00
40W000003213010I,SAMSUN VEZİRKÖPRÜ ORMAN ÜRÜNLERİ KOJENERASYON TESİSİ,unknown,2026-05-31 14:00:00+03:00,,0.0,chunk_0054.json,POST /v1/generation/data/dpp-bulk,2026-05-31 21:45:48.227585+00:00,3213010,SAMSUN VEZİRKÖPRÜ ORMAN ÜRÜNLERİ KOJENERASYON TESİSİ,103060,2026-05-31T14:00:00+03:00,14:00
40W000003213010I,SAMSUN VEZİRKÖPRÜ ORMAN ÜRÜNLERİ KOJENERASYON TESİSİ,unknown,2026-05-31 15:00:00+03:00,,0.0,chunk_0054.json,POST /v1/generation/data/dpp-bulk,2026-05-31 21:45:48.227585+00:00,3213010,SAMSUN VEZİRKÖPRÜ ORMAN ÜRÜNLERİ KOJENERASYON TESİSİ,103060,2026-05-31T15:00:00+03:00,15:00
40W000003213010I,SAMSUN VEZİRKÖPRÜ ORMAN ÜRÜNLERİ KOJENERASYON TESİSİ,unknown,2026-05-31 16:00:00+03:00,,0.0,chunk_0054.json,POST /v1/generation/data/dpp-bulk,2026-05-31 21:45:48.227585+00:00,3213010,SAMSUN VEZİRKÖPRÜ ORMAN ÜRÜNLERİ KOJENERASYON TESİSİ,103060,2026-05-31T16:00:00+03:00,16:00
40W000003213010I,SAMSUN VEZİRKÖPRÜ ORMAN ÜRÜNLERİ KOJENERASYON TESİSİ,unknown,2026-05-31 17:00:00+03:00,,0.0,chunk_0054.json,POST /v1/generation/data/dpp-bulk,2026-05-31 21:45:48.227585+00:00,3213010,SAMSUN VEZİRKÖPRÜ ORMAN ÜRÜNLERİ KOJENERASYON TESİSİ,103060,2026-05-31T17:00:00+03:00,17:00
40W000003213010I,SAMSUN VEZİRKÖPRÜ ORMAN ÜRÜNLERİ KOJENERASYON TESİSİ,unknown,2026-05-31 18:00:00+03:00,,0.0,chunk_0054.json,POST /v1/generation/data/dpp-bulk,2026-05-31 21:45:48.227585+00:00,3213010,SAMSUN VEZİRKÖPRÜ ORMAN ÜRÜNLERİ KOJENERASYON TESİSİ,103060,2026-05-31T18:00:00+03:00,18:00
40W000003213010I,SAMSUN VEZİRKÖPRÜ ORMAN ÜRÜNLERİ KOJENERASYON TESİSİ,unknown,2026-05-31 19:00:00+03:00,,0.0,chunk_0054.json,POST /v1/generation/data/dpp-bulk,2026-05-31 21:45:48.227585+00:00,3213010,SAMSUN VEZİRKÖPRÜ ORMAN ÜRÜNLERİ KOJENERASYON TESİSİ,103060,2026-05-31T19:00:00+03:00,19:00
40W000003213010I,SAMSUN VEZİRKÖPRÜ ORMAN ÜRÜNLERİ KOJENERASYON TESİSİ,unknown,2026-05-31 20:00:00+03:00,,0.0,chunk_0054.json,POST /v1/generation/data/dpp-bulk,2026-05-31 21:45:48.227585+00:00,3213010,SAMSUN VEZİRKÖPRÜ ORMAN ÜRÜNLERİ KOJENERASYON TESİSİ,103060,2026-05-31T20:00:00+03:00,20:00
40W000003213010I,SAMSUN VEZİRKÖPRÜ ORMAN ÜRÜNLERİ KOJENERASYON TESİSİ,unknown,2026-05-31 21:00:00+03:00,,0.0,chunk_0054.json,POST /v1/generation/data/dpp-bulk,2026-05-31 21:45:48.227585+00:00,3213010,SAMSUN VEZİRKÖPRÜ ORMAN ÜRÜNLERİ KOJENERASYON TESİSİ,103060,2026-05-31T21:00:00+03:00,21:00
40W000003213010I,SAMSUN VEZİRKÖPRÜ ORMAN ÜRÜNLERİ KOJENERASYON TESİSİ,unknown,2026-05-31 22:00:00+03:00,,0.0,chunk_0054.json,POST /v1/generation/data/dpp-bulk,2026-05-31 21:45:48.227585+00:00,3213010,SAMSUN VEZİRKÖPRÜ ORMAN ÜRÜNLERİ KOJENERASYON TESİSİ,103060,2026-05-31T22:00:00+03:00,22:00
40W000003213010I,SAMSUN VEZİRKÖPRÜ ORMAN ÜRÜNLERİ KOJENERASYON TESİSİ,unknown,2026-05-31 23:00:00+03:00,,0.0,chunk_0054.json,POST /v1/generation/data/dpp-bulk,2026-05-31 21:45:48.227585+00:00,3213010,SAMSUN VEZİRKÖPRÜ ORMAN ÜRÜNLERİ KOJENERASYON TESİSİ,103060,2026-05-31T23:00:00+03:00,23:00
40W0000032126936,KIRŞEHİR BİYOGAZ TESİSİ,unknown,2026-05-31 00:00:00+03:00,,1.3,chunk_0054.json,POST /v1/generation/data/dpp-bulk,2026-05-31 21:45:48.227585+00:00,3212693,KIRŞEHİR BİYOGAZ TESİSİ,103201,2026-05-31T00:00:00+03:00,00:00
40W0000032126936,KIRŞEHİR BİYOGAZ TESİSİ,unknown,2026-05-31 01:00:00+03:00,,1.3,chunk_0054.json,POST /v1/generation/data/dpp-bulk,2026-05-31 21:45:48.227585+00:00,3212693,KIRŞEHİR BİYOGAZ TESİSİ,103201,2026-05-31T01:00:00+03:00,01:00
40W0000032126936,KIRŞEHİR BİYOGAZ TESİSİ,unknown,2026-05-31 02:00:00+03:00,,1.3,chunk_0054.json,POST /v1/generation/data/dpp-bulk,2026-05-31 21:45:48.227585+00:00,3212693,KIRŞEHİR BİYOGAZ TESİSİ,103201,2026-05-31T02:00:00+03:00,02:00
40W0000032126936,KIRŞEHİR BİYOGAZ TESİSİ,unknown,2026-05-31 03:00:00+03:00,,1.3,chunk_0054.json,POST /v1/generation/data/dpp-bulk,2026-05-31 21:45:48.227585+00:00,3212693,KIRŞEHİR BİYOGAZ TESİSİ,103201,2026-05-31T03:00:00+03:00,03:00
40W0000032126936,KIRŞEHİR BİYOGAZ TESİSİ,unknown,2026-05-31 04:00:00+03:00,,1.3,chunk_0054.json,POST /v1/generation/data/dpp-bulk,2026-05-31 21:45:48.227585+00:00,3212693,KIRŞEHİR BİYOGAZ TESİSİ,103201,2026-05-31T04:00:00+03:00,04:00
40W0000032126936,KIRŞEHİR BİYOGAZ TESİSİ,unknown,2026-05-31 05:00:00+03:00,,1.3,chunk_0054.json,POST /v1/generation/data/dpp-bulk,2026-05-31 21:45:48.227585+00:00,3212693,KIRŞEHİR BİYOGAZ TESİSİ,103201,2026-05-31T05:00:00+03:00,05:00
40W0000032126936,KIRŞEHİR BİYOGAZ TESİSİ,unknown,2026-05-31 06:00:00+03:00,,1.3,chunk_0054.json,POST /v1/generation/data/dpp-bulk,2026-05-31 21:45:48.227585+00:00,3212693,KIRŞEHİR BİYOGAZ TESİSİ,103201,2026-05-31T06:00:00+03:00,06:00
40W0000032126936,KIRŞEHİR BİYOGAZ TESİSİ,unknown,2026-05-31 07:00:00+03:00,,1.3,chunk_0054.json,POST /v1/generation/data/dpp-bulk,2026-05-31 21:45:48.227585+00:00,3212693,KIRŞEHİR BİYOGAZ TESİSİ,103201,2026-05-31T07:00:00+03:00,07:00
40W0000032126936,KIRŞEHİR BİYOGAZ TESİSİ,unknown,2026-05-31 08:00:00+03:00,,1.3,chunk_0054.json,POST /v1/generation/data/dpp-bulk,2026-05-31 21:45:48.227585+00:00,3212693,KIRŞEHİR BİYOGAZ TESİSİ,103201,2026-05-31T08:00:00+03:00,08:00
40W0000032126936,KIRŞEHİR BİYOGAZ TESİSİ,unknown,2026-05-31 09:00:00+03:00,,2.5,chunk_0054.json,POST /v1/generation/data/dpp-bulk,2026-05-31 21:45:48.227585+00:00,3212693,KIRŞEHİR BİYOGAZ TESİSİ,103201,2026-05-31T09:00:00+03:00,09:00
40W0000032126936,KIRŞEHİR BİYOGAZ TESİSİ,unknown,2026-05-31 10:00:00+03:00,,2.5,chunk_0054.json,POST /v1/generation/data/dpp-bulk,2026-05-31 21:45:48.227585+00:00,3212693,KIRŞEHİR BİYOGAZ TESİSİ,103201,2026-05-31T10:00:00+03:00,10:00
40W0000032126936,KIRŞEHİR BİYOGAZ TESİSİ,unknown,2026-05-31 11:00:00+03:00,,2.5,chunk_0054.json,POST /v1/generation/data/dpp-bulk,2026-05-31 21:45:48.227585+00:00,3212693,KIRŞEHİR BİYOGAZ TESİSİ,103201,2026-05-31T11:00:00+03:00,11:00
40W0000032126936,KIRŞEHİR BİYOGAZ TESİSİ,unknown,2026-05-31 12:00:00+03:00,,2.5,chunk_0054.json,POST /v1/generation/data/dpp-bulk,2026-05-31 21:45:48.227585+00:00,3212693,KIRŞEHİR BİYOGAZ TESİSİ,103201,2026-05-31T12:00:00+03:00,12:00
40W0000032126936,KIRŞEHİR BİYOGAZ TESİSİ,unknown,2026-05-31 13:00:00+03:00,,2.5,chunk_0054.json,POST /v1/generation/data/dpp-bulk,2026-05-31 21:45:48.227585+00:00,3212693,KIRŞEHİR BİYOGAZ TESİSİ,103201,2026-05-31T13:00:00+03:00,13:00
40W0000032126936,KIRŞEHİR BİYOGAZ TESİSİ,unknown,2026-05-31 14:00:00+03:00,,2.5,chunk_0054.json,POST /v1/generation/data/dpp-bulk,2026-05-31 21:45:48.227585+00:00,3212693,KIRŞEHİR BİYOGAZ TESİSİ,103201,2026-05-31T14:00:00+03:00,14:00
40W0000032126936,KIRŞEHİR BİYOGAZ TESİSİ,unknown,2026-05-31 15:00:00+03:00,,2.5,chunk_0054.json,POST /v1/generation/data/dpp-bulk,2026-05-31 21:45:48.227585+00:00,3212693,KIRŞEHİR BİYOGAZ TESİSİ,103201,2026-05-31T15:00:00+03:00,15:00
40W0000032126936,KIRŞEHİR BİYOGAZ TESİSİ,unknown,2026-05-31 16:00:00+03:00,,2.5,chunk_0054.json,POST /v1/generation/data/dpp-bulk,2026-05-31 21:45:48.227585+00:00,3212693,KIRŞEHİR BİYOGAZ TESİSİ,103201,2026-05-31T16:00:00+03:00,16:00
40W0000032126936,KIRŞEHİR BİYOGAZ TESİSİ,unknown,2026-05-31 17:00:00+03:00,,1.3,chunk_0054.json,POST /v1/generation/data/dpp-bulk,2026-05-31 21:45:48.227585+00:00,3212693,KIRŞEHİR BİYOGAZ TESİSİ,103201,2026-05-31T17:00:00+03:00,17:00
40W0000032126936,KIRŞEHİR BİYOGAZ TESİSİ,unknown,2026-05-31 18:00:00+03:00,,2.5,chunk_0054.json,POST /v1/generation/data/dpp-bulk,2026-05-31 21:45:48.227585+00:00,3212693,KIRŞEHİR BİYOGAZ TESİSİ,103201,2026-05-31T18:00:00+03:00,18:00
40W0000032126936,KIRŞEHİR BİYOGAZ TESİSİ,unknown,2026-05-31 19:00:00+03:00,,1.3,chunk_0054.json,POST /v1/generation/data/dpp-bulk,2026-05-31 21:45:48.227585+00:00,3212693,KIRŞEHİR BİYOGAZ TESİSİ,103201,2026-05-31T19:00:00+03:00,19:00
40W0000032126936,KIRŞEHİR BİYOGAZ TESİSİ,unknown,2026-05-31 20:00:00+03:00,,1.3,chunk_0054.json,POST /v1/generation/data/dpp-bulk,2026-05-31 21:45:48.227585+00:00,3212693,KIRŞEHİR BİYOGAZ TESİSİ,103201,2026-05-31T20:00:00+03:00,20:00
40W0000032126936,KIRŞEHİR BİYOGAZ TESİSİ,unknown,2026-05-31 21:00:00+03:00,,1.3,chunk_0054.json,POST /v1/generation/data/dpp-bulk,2026-05-31 21:45:48.227585+00:00,3212693,KIRŞEHİR BİYOGAZ TESİSİ,103201,2026-05-31T21:00:00+03:00,21:00
40W0000032126936,KIRŞEHİR BİYOGAZ TESİSİ,unknown,2026-05-31 22:00:00+03:00,,1.3,chunk_0054.json,POST /v1/generation/data/dpp-bulk,2026-05-31 21:45:48.227585+00:00,3212693,KIRŞEHİR BİYOGAZ TESİSİ,103201,2026-05-31T22:00:00+03:00,22:00
40W0000032126936,KIRŞEHİR BİYOGAZ TESİSİ,unknown,2026-05-31 23:00:00+03:00,,1.3,chunk_0054.json,POST /v1/generation/data/dpp-bulk,2026-05-31 21:45:48.227585+00:00,3212693,KIRŞEHİR BİYOGAZ TESİSİ,103201,2026-05-31T23:00:00+03:00,23:00
40W000003212711U,BÜGET GES(KAROMAD),unknown,2026-05-31 00:00:00+03:00,,0.0,chunk_0054.json,POST /v1/generation/data/dpp-bulk,2026-05-31 21:45:48.227585+00:00,3212711,BÜGET GES(KAROMAD),103261,2026-05-31T00:00:00+03:00,00:00
40W000003212711U,BÜGET GES(KAROMAD),unknown,2026-05-31 01:00:00+03:00,,0.0,chunk_0054.json,POST /v1/generation/data/dpp-bulk,2026-05-31 21:45:48.227585+00:00,3212711,BÜGET GES(KAROMAD),103261,2026-05-31T01:00:00+03:00,01:00
40W000003212711U,BÜGET GES(KAROMAD),unknown,2026-05-31 02:00:00+03:00,,0.0,chunk_0054.json,POST /v1/generation/data/dpp-bulk,2026-05-31 21:45:48.227585+00:00,3212711,BÜGET GES(KAROMAD),103261,2026-05-31T02:00:00+03:00,02:00
40W000003212711U,BÜGET GES(KAROMAD),unknown,2026-05-31 03:00:00+03:00,,0.0,chunk_0054.json,POST /v1/generation/data/dpp-bulk,2026-05-31 21:45:48.227585+00:00,3212711,BÜGET GES(KAROMAD),103261,2026-05-31T03:00:00+03:00,03:00
40W000003212711U,BÜGET GES(KAROMAD),unknown,2026-05-31 04:00:00+03:00,,0.0,chunk_0054.json,POST /v1/generation/data/dpp-bulk,2026-05-31 21:45:48.227585+00:00,3212711,BÜGET GES(KAROMAD),103261,2026-05-31T04:00:00+03:00,04:00
40W000003212711U,BÜGET GES(KAROMAD),unknown,2026-05-31 05:00:00+03:00,,0.09,chunk_0054.json,POST /v1/generation/data/dpp-bulk,2026-05-31 21:45:48.227585+00:00,3212711,BÜGET GES(KAROMAD),103261,2026-05-31T05:00:00+03:00,05:00
40W000003212711U,BÜGET GES(KAROMAD),unknown,2026-05-31 06:00:00+03:00,,0.51,chunk_0054.json,POST /v1/generation/data/dpp-bulk,2026-05-31 21:45:48.227585+00:00,3212711,BÜGET GES(KAROMAD),103261,2026-05-31T06:00:00+03:00,06:00
40W000003212711U,BÜGET GES(KAROMAD),unknown,2026-05-31 07:00:00+03:00,,2.3,chunk_0054.json,POST /v1/generation/data/dpp-bulk,2026-05-31 21:45:48.227585+00:00,3212711,BÜGET GES(KAROMAD),103261,2026-05-31T07:00:00+03:00,07:00
40W000003212711U,BÜGET GES(KAROMAD),unknown,2026-05-31 08:00:00+03:00,,4.96,chunk_0054.json,POST /v1/generation/data/dpp-bulk,2026-05-31 21:45:48.227585+00:00,3212711,BÜGET GES(KAROMAD),103261,2026-05-31T08:00:00+03:00,08:00
40W000003212711U,BÜGET GES(KAROMAD),unknown,2026-05-31 09:00:00+03:00,,6.9,chunk_0054.json,POST /v1/generation/data/dpp-bulk,2026-05-31 21:45:48.227585+00:00,3212711,BÜGET GES(KAROMAD),103261,2026-05-31T09:00:00+03:00,09:00
40W000003212711U,BÜGET GES(KAROMAD),unknown,2026-05-31 10:00:00+03:00,,6.82,chunk_0054.json,POST /v1/generation/data/dpp-bulk,2026-05-31 21:45:48.227585+00:00,3212711,BÜGET GES(KAROMAD),103261,2026-05-31T10:00:00+03:00,10:00
40W000003212711U,BÜGET GES(KAROMAD),unknown,2026-05-31 11:00:00+03:00,,6.76,chunk_0054.json,POST /v1/generation/data/dpp-bulk,2026-05-31 21:45:48.227585+00:00,3212711,BÜGET GES(KAROMAD),103261,2026-05-31T11:00:00+03:00,11:00
40W000003212711U,BÜGET GES(KAROMAD),unknown,2026-05-31 12:00:00+03:00,,6.7,chunk_0054.json,POST /v1/generation/data/dpp-bulk,2026-05-31 21:45:48.227585+00:00,3212711,BÜGET GES(KAROMAD),103261,2026-05-31T12:00:00+03:00,12:00
40W000003212711U,BÜGET GES(KAROMAD),unknown,2026-05-31 13:00:00+03:00,,6.65,chunk_0054.json,POST /v1/generation/data/dpp-bulk,2026-05-31 21:45:48.227585+00:00,3212711,BÜGET GES(KAROMAD),103261,2026-05-31T13:00:00+03:00,13:00
40W000003212711U,BÜGET GES(KAROMAD),unknown,2026-05-31 14:00:00+03:00,,6.47,chunk_0054.json,POST /v1/generation/data/dpp-bulk,2026-05-31 21:45:48.227585+00:00,3212711,BÜGET GES(KAROMAD),103261,2026-05-31T14:00:00+03:00,14:00
40W000003212711U,BÜGET GES(KAROMAD),unknown,2026-05-31 15:00:00+03:00,,6.77,chunk_0054.json,POST /v1/generation/data/dpp-bulk,2026-05-31 21:45:48.227585+00:00,3212711,BÜGET GES(KAROMAD),103261,2026-05-31T15:00:00+03:00,15:00
40W000003212711U,BÜGET GES(KAROMAD),unknown,2026-05-31 16:00:00+03:00,,5.54,chunk_0054.json,POST /v1/generation/data/dpp-bulk,2026-05-31 21:45:48.227585+00:00,3212711,BÜGET GES(KAROMAD),103261,2026-05-31T16:00:00+03:00,16:00
40W000003212711U,BÜGET GES(KAROMAD),unknown,2026-05-31 17:00:00+03:00,,3.31,chunk_0054.json,POST /v1/generation/data/dpp-bulk,2026-05-31 21:45:48.227585+00:00,3212711,BÜGET GES(KAROMAD),103261,2026-05-31T17:00:00+03:00,17:00
40W000003212711U,BÜGET GES(KAROMAD),unknown,2026-05-31 18:00:00+03:00,,1.09,chunk_0054.json,POST /v1/generation/data/dpp-bulk,2026-05-31 21:45:48.227585+00:00,3212711,BÜGET GES(KAROMAD),103261,2026-05-31T18:00:00+03:00,18:00
40W000003212711U,BÜGET GES(KAROMAD),unknown,2026-05-31 19:00:00+03:00,,0.14,chunk_0054.json,POST /v1/generation/data/dpp-bulk,2026-05-31 21:45:48.227585+00:00,3212711,BÜGET GES(KAROMAD),103261,2026-05-31T19:00:00+03:00,19:00
40W000003212711U,BÜGET GES(KAROMAD),unknown,2026-05-31 20:00:00+03:00,,0.0,chunk_0054.json,POST /v1/generation/data/dpp-bulk,2026-05-31 21:45:48.227585+00:00,3212711,BÜGET GES(KAROMAD),103261,2026-05-31T20:00:00+03:00,20:00
40W000003212711U,BÜGET GES(KAROMAD),unknown,2026-05-31 21:00:00+03:00,,0.0,chunk_0054.json,POST /v1/generation/data/dpp-bulk,2026-05-31 21:45:48.227585+00:00,3212711,BÜGET GES(KAROMAD),103261,2026-05-31T21:00:00+03:00,21:00
40W000003212711U,BÜGET GES(KAROMAD),unknown,2026-05-31 22:00:00+03:00,,0.0,chunk_0054.json,POST /v1/generation/data/dpp-bulk,2026-05-31 21:45:48.227585+00:00,3212711,BÜGET GES(KAROMAD),103261,2026-05-31T22:00:00+03:00,22:00
40W000003212711U,BÜGET GES(KAROMAD),unknown,2026-05-31 23:00:00+03:00,,0.0,chunk_0054.json,POST /v1/generation/data/dpp-bulk,2026-05-31 21:45:48.227585+00:00,3212711,BÜGET GES(KAROMAD),103261,2026-05-31T23:00:00+03:00,23:00
40W0000032129358,BEYLİKOVA BİYOGAZ ENERJİ SANTRALİ,unknown,2026-05-31 00:00:00+03:00,,1.35,chunk_0054.json,POST /v1/generation/data/dpp-bulk,2026-05-31 21:45:48.227585+00:00,3212935,BEYLİKOVA BİYOGAZ ENERJİ SANTRALİ,103261,2026-05-31T00:00:00+03:00,00:00
40W0000032129358,BEYLİKOVA BİYOGAZ ENERJİ SANTRALİ,unknown,2026-05-31 01:00:00+03:00,,1.35,chunk_0054.json,POST /v1/generation/data/dpp-bulk,2026-05-31 21:45:48.227585+00:00,3212935,BEYLİKOVA BİYOGAZ ENERJİ SANTRALİ,103261,2026-05-31T01:00:00+03:00,01:00
40W0000032129358,BEYLİKOVA BİYOGAZ ENERJİ SANTRALİ,unknown,2026-05-31 02:00:00+03:00,,1.35,chunk_0054.json,POST /v1/generation/data/dpp-bulk,2026-05-31 21:45:48.227585+00:00,3212935,BEYLİKOVA BİYOGAZ ENERJİ SANTRALİ,103261,2026-05-31T02:00:00+03:00,02:00
40W0000032129358,BEYLİKOVA BİYOGAZ ENERJİ SANTRALİ,unknown,2026-05-31 03:00:00+03:00,,1.35,chunk_0054.json,POST /v1/generation/data/dpp-bulk,2026-05-31 21:45:48.227585+00:00,3212935,BEYLİKOVA BİYOGAZ ENERJİ SANTRALİ,103261,2026-05-31T03:00:00+03:00,03:00
40W0000032129358,BEYLİKOVA BİYOGAZ ENERJİ SANTRALİ,unknown,2026-05-31 04:00:00+03:00,,1.35,chunk_0054.json,POST /v1/generation/data/dpp-bulk,2026-05-31 21:45:48.227585+00:00,3212935,BEYLİKOVA BİYOGAZ ENERJİ SANTRALİ,103261,2026-05-31T04:00:00+03:00,04:00
40W0000032129358,BEYLİKOVA BİYOGAZ ENERJİ SANTRALİ,unknown,2026-05-31 05:00:00+03:00,,1.35,chunk_0054.json,POST /v1/generation/data/dpp-bulk,2026-05-31 21:45:48.227585+00:00,3212935,BEYLİKOVA BİYOGAZ ENERJİ SANTRALİ,103261,2026-05-31T05:00:00+03:00,05:00
40W0000032129358,BEYLİKOVA BİYOGAZ ENERJİ SANTRALİ,unknown,2026-05-31 06:00:00+03:00,,1.5,chunk_0054.json,POST /v1/generation/data/dpp-bulk,2026-05-31 21:45:48.227585+00:00,3212935,BEYLİKOVA BİYOGAZ ENERJİ SANTRALİ,103261,2026-05-31T06:00:00+03:00,06:00
40W0000032129358,BEYLİKOVA BİYOGAZ ENERJİ SANTRALİ,unknown,2026-05-31 07:00:00+03:00,,1.55,chunk_0054.json,POST /v1/generation/data/dpp-bulk,2026-05-31 21:45:48.227585+00:00,3212935,BEYLİKOVA BİYOGAZ ENERJİ SANTRALİ,103261,2026-05-31T07:00:00+03:00,07:00
40W0000032129358,BEYLİKOVA BİYOGAZ ENERJİ SANTRALİ,unknown,2026-05-31 08:00:00+03:00,,1.62,chunk_0054.json,POST /v1/generation/data/dpp-bulk,2026-05-31 21:45:48.227585+00:00,3212935,BEYLİKOVA BİYOGAZ ENERJİ SANTRALİ,103261,2026-05-31T08:00:00+03:00,08:00
40W0000032129358,BEYLİKOVA BİYOGAZ ENERJİ SANTRALİ,unknown,2026-05-31 09:00:00+03:00,,2.4,chunk_0054.json,POST /v1/generation/data/dpp-bulk,2026-05-31 21:45:48.227585+00:00,3212935,BEYLİKOVA BİYOGAZ ENERJİ SANTRALİ,103261,2026-05-31T09:00:00+03:00,09:00
40W0000032129358,BEYLİKOVA BİYOGAZ ENERJİ SANTRALİ,unknown,2026-05-31 10:00:00+03:00,,2.7,chunk_0054.json,POST /v1/generation/data/dpp-bulk,2026-05-31 21:45:48.227585+00:00,3212935,BEYLİKOVA BİYOGAZ ENERJİ SANTRALİ,103261,2026-05-31T10:00:00+03:00,10:00
40W0000032129358,BEYLİKOVA BİYOGAZ ENERJİ SANTRALİ,unknown,2026-05-31 11:00:00+03:00,,2.9,chunk_0054.json,POST /v1/generation/data/dpp-bulk,2026-05-31 21:45:48.227585+00:00,3212935,BEYLİKOVA BİYOGAZ ENERJİ SANTRALİ,103261,2026-05-31T11:00:00+03:00,11:00
40W0000032129358,BEYLİKOVA BİYOGAZ ENERJİ SANTRALİ,unknown,2026-05-31 12:00:00+03:00,,2.95,chunk_0054.json,POST /v1/generation/data/dpp-bulk,2026-05-31 21:45:48.227585+00:00,3212935,BEYLİKOVA BİYOGAZ ENERJİ SANTRALİ,103261,2026-05-31T12:00:00+03:00,12:00
40W0000032129358,BEYLİKOVA BİYOGAZ ENERJİ SANTRALİ,unknown,2026-05-31 13:00:00+03:00,,2.95,chunk_0054.json,POST /v1/generation/data/dpp-bulk,2026-05-31 21:45:48.227585+00:00,3212935,BEYLİKOVA BİYOGAZ ENERJİ SANTRALİ,103261,2026-05-31T13:00:00+03:00,13:00
40W0000032129358,BEYLİKOVA BİYOGAZ ENERJİ SANTRALİ,unknown,2026-05-31 14:00:00+03:00,,2.95,chunk_0054.json,POST /v1/generation/data/dpp-bulk,2026-05-31 21:45:48.227585+00:00,3212935,BEYLİKOVA BİYOGAZ ENERJİ SANTRALİ,103261,2026-05-31T14:00:00+03:00,14:00
40W0000032129358,BEYLİKOVA BİYOGAZ ENERJİ SANTRALİ,unknown,2026-05-31 15:00:00+03:00,,2.75,chunk_0054.json,POST /v1/generation/data/dpp-bulk,2026-05-31 21:45:48.227585+00:00,3212935,BEYLİKOVA BİYOGAZ ENERJİ SANTRALİ,103261,2026-05-31T15:00:00+03:00,15:00
40W0000032129358,BEYLİKOVA BİYOGAZ ENERJİ SANTRALİ,unknown,2026-05-31 16:00:00+03:00,,2.55,chunk_0054.json,POST /v1/generation/data/dpp-bulk,2026-05-31 21:45:48.227585+00:00,3212935,BEYLİKOVA BİYOGAZ ENERJİ SANTRALİ,103261,2026-05-31T16:00:00+03:00,16:00
40W0000032129358,BEYLİKOVA BİYOGAZ ENERJİ SANTRALİ,unknown,2026-05-31 17:00:00+03:00,,2.15,chunk_0054.json,POST /v1/generation/data/dpp-bulk,2026-05-31 21:45:48.227585+00:00,3212935,BEYLİKOVA BİYOGAZ ENERJİ SANTRALİ,103261,2026-05-31T17:00:00+03:00,17:00
40W0000032129358,BEYLİKOVA BİYOGAZ ENERJİ SANTRALİ,unknown,2026-05-31 18:00:00+03:00,,1.66,chunk_0054.json,POST /v1/generation/data/dpp-bulk,2026-05-31 21:45:48.227585+00:00,3212935,BEYLİKOVA BİYOGAZ ENERJİ SANTRALİ,103261,2026-05-31T18:00:00+03:00,18:00
40W0000032129358,BEYLİKOVA BİYOGAZ ENERJİ SANTRALİ,unknown,2026-05-31 19:00:00+03:00,,1.33,chunk_0054.json,POST /v1/generation/data/dpp-bulk,2026-05-31 21:45:48.227585+00:00,3212935,BEYLİKOVA BİYOGAZ ENERJİ SANTRALİ,103261,2026-05-31T19:00:00+03:00,19:00
40W0000032129358,BEYLİKOVA BİYOGAZ ENERJİ SANTRALİ,unknown,2026-05-31 20:00:00+03:00,,1.33,chunk_0054.json,POST /v1/generation/data/dpp-bulk,2026-05-31 21:45:48.227585+00:00,3212935,BEYLİKOVA BİYOGAZ ENERJİ SANTRALİ,103261,2026-05-31T20:00:00+03:00,20:00
40W0000032129358,BEYLİKOVA BİYOGAZ ENERJİ SANTRALİ,unknown,2026-05-31 21:00:00+03:00,,1.33,chunk_0054.json,POST /v1/generation/data/dpp-bulk,2026-05-31 21:45:48.227585+00:00,3212935,BEYLİKOVA BİYOGAZ ENERJİ SANTRALİ,103261,2026-05-31T21:00:00+03:00,21:00
40W0000032129358,BEYLİKOVA BİYOGAZ ENERJİ SANTRALİ,unknown,2026-05-31 22:00:00+03:00,,1.33,chunk_0054.json,POST /v1/generation/data/dpp-bulk,2026-05-31 21:45:48.227585+00:00,3212935,BEYLİKOVA BİYOGAZ ENERJİ SANTRALİ,103261,2026-05-31T22:00:00+03:00,22:00
40W0000032129358,BEYLİKOVA BİYOGAZ ENERJİ SANTRALİ,unknown,2026-05-31 23:00:00+03:00,,1.33,chunk_0054.json,POST /v1/generation/data/dpp-bulk,2026-05-31 21:45:48.227585+00:00,3212935,BEYLİKOVA BİYOGAZ ENERJİ SANTRALİ,103261,2026-05-31T23:00:00+03:00,23:00
40W000003212951A,BAĞLAMA RES,unknown,2026-05-31 00:00:00+03:00,,36.19,chunk_0054.json,POST /v1/generation/data/dpp-bulk,2026-05-31 21:45:48.227585+00:00,3212951,BAĞLAMA RES,103261,2026-05-31T00:00:00+03:00,00:00
40W000003212951A,BAĞLAMA RES,unknown,2026-05-31 01:00:00+03:00,,43.58,chunk_0054.json,POST /v1/generation/data/dpp-bulk,2026-05-31 21:45:48.227585+00:00,3212951,BAĞLAMA RES,103261,2026-05-31T01:00:00+03:00,01:00
40W000003212951A,BAĞLAMA RES,unknown,2026-05-31 02:00:00+03:00,,40.37,chunk_0054.json,POST /v1/generation/data/dpp-bulk,2026-05-31 21:45:48.227585+00:00,3212951,BAĞLAMA RES,103261,2026-05-31T02:00:00+03:00,02:00
40W000003212951A,BAĞLAMA RES,unknown,2026-05-31 03:00:00+03:00,,37.94,chunk_0054.json,POST /v1/generation/data/dpp-bulk,2026-05-31 21:45:48.227585+00:00,3212951,BAĞLAMA RES,103261,2026-05-31T03:00:00+03:00,03:00
40W000003212951A,BAĞLAMA RES,unknown,2026-05-31 04:00:00+03:00,,39.74,chunk_0054.json,POST /v1/generation/data/dpp-bulk,2026-05-31 21:45:48.227585+00:00,3212951,BAĞLAMA RES,103261,2026-05-31T04:00:00+03:00,04:00
40W000003212951A,BAĞLAMA RES,unknown,2026-05-31 05:00:00+03:00,,39.25,chunk_0054.json,POST /v1/generation/data/dpp-bulk,2026-05-31 21:45:48.227585+00:00,3212951,BAĞLAMA RES,103261,2026-05-31T05:00:00+03:00,05:00
40W000003212951A,BAĞLAMA RES,unknown,2026-05-31 06:00:00+03:00,,43.98,chunk_0054.json,POST /v1/generation/data/dpp-bulk,2026-05-31 21:45:48.227585+00:00,3212951,BAĞLAMA RES,103261,2026-05-31T06:00:00+03:00,06:00
40W000003212951A,BAĞLAMA RES,unknown,2026-05-31 07:00:00+03:00,,50.0,chunk_0054.json,POST /v1/generation/data/dpp-bulk,2026-05-31 21:45:48.227585+00:00,3212951,BAĞLAMA RES,103261,2026-05-31T07:00:00+03:00,07:00
40W000003212951A,BAĞLAMA RES,unknown,2026-05-31 08:00:00+03:00,,50.0,chunk_0054.json,POST /v1/generation/data/dpp-bulk,2026-05-31 21:45:48.227585+00:00,3212951,BAĞLAMA RES,103261,2026-05-31T08:00:00+03:00,08:00
40W000003212951A,BAĞLAMA RES,unknown,2026-05-31 09:00:00+03:00,,50.0,chunk_0054.json,POST /v1/generation/data/dpp-bulk,2026-05-31 21:45:48.227585+00:00,3212951,BAĞLAMA RES,103261,2026-05-31T09:00:00+03:00,09:00
40W000003212951A,BAĞLAMA RES,unknown,2026-05-31 10:00:00+03:00,,50.0,chunk_0054.json,POST /v1/generation/data/dpp-bulk,2026-05-31 21:45:48.227585+00:00,3212951,BAĞLAMA RES,103261,2026-05-31T10:00:00+03:00,10:00
40W000003212951A,BAĞLAMA RES,unknown,2026-05-31 11:00:00+03:00,,50.0,chunk_0054.json,POST /v1/generation/data/dpp-bulk,2026-05-31 21:45:48.227585+00:00,3212951,BAĞLAMA RES,103261,2026-05-31T11:00:00+03:00,11:00
40W000003212951A,BAĞLAMA RES,unknown,2026-05-31 12:00:00+03:00,,50.0,chunk_0054.json,POST /v1/generation/data/dpp-bulk,2026-05-31 21:45:48.227585+00:00,3212951,BAĞLAMA RES,103261,2026-05-31T12:00:00+03:00,12:00
40W000003212951A,BAĞLAMA RES,unknown,2026-05-31 13:00:00+03:00,,50.0,chunk_0054.json,POST /v1/generation/data/dpp-bulk,2026-05-31 21:45:48.227585+00:00,3212951,BAĞLAMA RES,103261,2026-05-31T13:00:00+03:00,13:00
40W000003212951A,BAĞLAMA RES,unknown,2026-05-31 14:00:00+03:00,,50.0,chunk_0054.json,POST /v1/generation/data/dpp-bulk,2026-05-31 21:45:48.227585+00:00,3212951,BAĞLAMA RES,103261,2026-05-31T14:00:00+03:00,14:00
40W000003212951A,BAĞLAMA RES,unknown,2026-05-31 15:00:00+03:00,,50.0,chunk_0054.json,POST /v1/generation/data/dpp-bulk,2026-05-31 21:45:48.227585+00:00,3212951,BAĞLAMA RES,103261,2026-05-31T15:00:00+03:00,15:00
40W000003212951A,BAĞLAMA RES,unknown,2026-05-31 16:00:00+03:00,,39.36,chunk_0054.json,POST /v1/generation/data/dpp-bulk,2026-05-31 21:45:48.227585+00:00,3212951,BAĞLAMA RES,103261,2026-05-31T16:00:00+03:00,16:00
40W000003212951A,BAĞLAMA RES,unknown,2026-05-31 17:00:00+03:00,,34.85,chunk_0054.json,POST /v1/generation/data/dpp-bulk,2026-05-31 21:45:48.227585+00:00,3212951,BAĞLAMA RES,103261,2026-05-31T17:00:00+03:00,17:00
40W000003212951A,BAĞLAMA RES,unknown,2026-05-31 18:00:00+03:00,,33.49,chunk_0054.json,POST /v1/generation/data/dpp-bulk,2026-05-31 21:45:48.227585+00:00,3212951,BAĞLAMA RES,103261,2026-05-31T18:00:00+03:00,18:00
40W000003212951A,BAĞLAMA RES,unknown,2026-05-31 19:00:00+03:00,,25.49,chunk_0054.json,POST /v1/generation/data/dpp-bulk,2026-05-31 21:45:48.227585+00:00,3212951,BAĞLAMA RES,103261,2026-05-31T19:00:00+03:00,19:00
40W000003212951A,BAĞLAMA RES,unknown,2026-05-31 20:00:00+03:00,,14.6,chunk_0054.json,POST /v1/generation/data/dpp-bulk,2026-05-31 21:45:48.227585+00:00,3212951,BAĞLAMA RES,103261,2026-05-31T20:00:00+03:00,20:00
40W000003212951A,BAĞLAMA RES,unknown,2026-05-31 21:00:00+03:00,,24.33,chunk_0054.json,POST /v1/generation/data/dpp-bulk,2026-05-31 21:45:48.227585+00:00,3212951,BAĞLAMA RES,103261,2026-05-31T21:00:00+03:00,21:00
40W000003212951A,BAĞLAMA RES,unknown,2026-05-31 22:00:00+03:00,,10.27,chunk_0054.json,POST /v1/generation/data/dpp-bulk,2026-05-31 21:45:48.227585+00:00,3212951,BAĞLAMA RES,103261,2026-05-31T22:00:00+03:00,22:00
40W000003212951A,BAĞLAMA RES,unknown,2026-05-31 23:00:00+03:00,,10.38,chunk_0054.json,POST /v1/generation/data/dpp-bulk,2026-05-31 21:45:48.227585+00:00,3212951,BAĞLAMA RES,103261,2026-05-31T23:00:00+03:00,23:00
40W000003212651M,BAŞMAKÇI BİYOKÜTLE ENERJİ SANTRALİ,unknown,2026-05-31 00:00:00+03:00,,2.4,chunk_0054.json,POST /v1/generation/data/dpp-bulk,2026-05-31 21:45:48.227585+00:00,3212651,BAŞMAKÇI BİYOKÜTLE ENERJİ SANTRALİ,103402,2026-05-31T00:00:00+03:00,00:00
40W000003212651M,BAŞMAKÇI BİYOKÜTLE ENERJİ SANTRALİ,unknown,2026-05-31 01:00:00+03:00,,2.4,chunk_0054.json,POST /v1/generation/data/dpp-bulk,2026-05-31 21:45:48.227585+00:00,3212651,BAŞMAKÇI BİYOKÜTLE ENERJİ SANTRALİ,103402,2026-05-31T01:00:00+03:00,01:00
40W000003212651M,BAŞMAKÇI BİYOKÜTLE ENERJİ SANTRALİ,unknown,2026-05-31 02:00:00+03:00,,2.4,chunk_0054.json,POST /v1/generation/data/dpp-bulk,2026-05-31 21:45:48.227585+00:00,3212651,BAŞMAKÇI BİYOKÜTLE ENERJİ SANTRALİ,103402,2026-05-31T02:00:00+03:00,02:00
40W000003212651M,BAŞMAKÇI BİYOKÜTLE ENERJİ SANTRALİ,unknown,2026-05-31 03:00:00+03:00,,2.4,chunk_0054.json,POST /v1/generation/data/dpp-bulk,2026-05-31 21:45:48.227585+00:00,3212651,BAŞMAKÇI BİYOKÜTLE ENERJİ SANTRALİ,103402,2026-05-31T03:00:00+03:00,03:00
40W000003212651M,BAŞMAKÇI BİYOKÜTLE ENERJİ SANTRALİ,unknown,2026-05-31 04:00:00+03:00,,2.4,chunk_0054.json,POST /v1/generation/data/dpp-bulk,2026-05-31 21:45:48.227585+00:00,3212651,BAŞMAKÇI BİYOKÜTLE ENERJİ SANTRALİ,103402,2026-05-31T04:00:00+03:00,04:00
40W000003212651M,BAŞMAKÇI BİYOKÜTLE ENERJİ SANTRALİ,unknown,2026-05-31 05:00:00+03:00,,2.4,chunk_0054.json,POST /v1/generation/data/dpp-bulk,2026-05-31 21:45:48.227585+00:00,3212651,BAŞMAKÇI BİYOKÜTLE ENERJİ SANTRALİ,103402,2026-05-31T05:00:00+03:00,05:00
40W000003212651M,BAŞMAKÇI BİYOKÜTLE ENERJİ SANTRALİ,unknown,2026-05-31 06:00:00+03:00,,3.8,chunk_0054.json,POST /v1/generation/data/dpp-bulk,2026-05-31 21:45:48.227585+00:00,3212651,BAŞMAKÇI BİYOKÜTLE ENERJİ SANTRALİ,103402,2026-05-31T06:00:00+03:00,06:00
40W000003212651M,BAŞMAKÇI BİYOKÜTLE ENERJİ SANTRALİ,unknown,2026-05-31 07:00:00+03:00,,4.0,chunk_0054.json,POST /v1/generation/data/dpp-bulk,2026-05-31 21:45:48.227585+00:00,3212651,BAŞMAKÇI BİYOKÜTLE ENERJİ SANTRALİ,103402,2026-05-31T07:00:00+03:00,07:00
40W000003212651M,BAŞMAKÇI BİYOKÜTLE ENERJİ SANTRALİ,unknown,2026-05-31 08:00:00+03:00,,4.0,chunk_0054.json,POST /v1/generation/data/dpp-bulk,2026-05-31 21:45:48.227585+00:00,3212651,BAŞMAKÇI BİYOKÜTLE ENERJİ SANTRALİ,103402,2026-05-31T08:00:00+03:00,08:00
40W000003212651M,BAŞMAKÇI BİYOKÜTLE ENERJİ SANTRALİ,unknown,2026-05-31 09:00:00+03:00,,4.2,chunk_0054.json,POST /v1/generation/data/dpp-bulk,2026-05-31 21:45:48.227585+00:00,3212651,BAŞMAKÇI BİYOKÜTLE ENERJİ SANTRALİ,103402,2026-05-31T09:00:00+03:00,09:00
40W000003212651M,BAŞMAKÇI BİYOKÜTLE ENERJİ SANTRALİ,unknown,2026-05-31 10:00:00+03:00,,3.1,chunk_0054.json,POST /v1/generation/data/dpp-bulk,2026-05-31 21:45:48.227585+00:00,3212651,BAŞMAKÇI BİYOKÜTLE ENERJİ SANTRALİ,103402,2026-05-31T10:00:00+03:00,10:00
40W000003212651M,BAŞMAKÇI BİYOKÜTLE ENERJİ SANTRALİ,unknown,2026-05-31 11:00:00+03:00,,3.2,chunk_0054.json,POST /v1/generation/data/dpp-bulk,2026-05-31 21:45:48.227585+00:00,3212651,BAŞMAKÇI BİYOKÜTLE ENERJİ SANTRALİ,103402,2026-05-31T11:00:00+03:00,11:00
40W000003212651M,BAŞMAKÇI BİYOKÜTLE ENERJİ SANTRALİ,unknown,2026-05-31 12:00:00+03:00,,3.1,chunk_0054.json,POST /v1/generation/data/dpp-bulk,2026-05-31 21:45:48.227585+00:00,3212651,BAŞMAKÇI BİYOKÜTLE ENERJİ SANTRALİ,103402,2026-05-31T12:00:00+03:00,12:00
40W000003212651M,BAŞMAKÇI BİYOKÜTLE ENERJİ SANTRALİ,unknown,2026-05-31 13:00:00+03:00,,3.5,chunk_0054.json,POST /v1/generation/data/dpp-bulk,2026-05-31 21:45:48.227585+00:00,3212651,BAŞMAKÇI BİYOKÜTLE ENERJİ SANTRALİ,103402,2026-05-31T13:00:00+03:00,13:00
40W000003212651M,BAŞMAKÇI BİYOKÜTLE ENERJİ SANTRALİ,unknown,2026-05-31 14:00:00+03:00,,3.2,chunk_0054.json,POST /v1/generation/data/dpp-bulk,2026-05-31 21:45:48.227585+00:00,3212651,BAŞMAKÇI BİYOKÜTLE ENERJİ SANTRALİ,103402,2026-05-31T14:00:00+03:00,14:00
40W000003212651M,BAŞMAKÇI BİYOKÜTLE ENERJİ SANTRALİ,unknown,2026-05-31 15:00:00+03:00,,3.5,chunk_0054.json,POST /v1/generation/data/dpp-bulk,2026-05-31 21:45:48.227585+00:00,3212651,BAŞMAKÇI BİYOKÜTLE ENERJİ SANTRALİ,103402,2026-05-31T15:00:00+03:00,15:00
40W000003212651M,BAŞMAKÇI BİYOKÜTLE ENERJİ SANTRALİ,unknown,2026-05-31 16:00:00+03:00,,3.1,chunk_0054.json,POST /v1/generation/data/dpp-bulk,2026-05-31 21:45:48.227585+00:00,3212651,BAŞMAKÇI BİYOKÜTLE ENERJİ SANTRALİ,103402,2026-05-31T16:00:00+03:00,16:00
40W000003212651M,BAŞMAKÇI BİYOKÜTLE ENERJİ SANTRALİ,unknown,2026-05-31 17:00:00+03:00,,2.7,chunk_0054.json,POST /v1/generation/data/dpp-bulk,2026-05-31 21:45:48.227585+00:00,3212651,BAŞMAKÇI BİYOKÜTLE ENERJİ SANTRALİ,103402,2026-05-31T17:00:00+03:00,17:00
40W000003212651M,BAŞMAKÇI BİYOKÜTLE ENERJİ SANTRALİ,unknown,2026-05-31 18:00:00+03:00,,4.0,chunk_0054.json,POST /v1/generation/data/dpp-bulk,2026-05-31 21:45:48.227585+00:00,3212651,BAŞMAKÇI BİYOKÜTLE ENERJİ SANTRALİ,103402,2026-05-31T18:00:00+03:00,18:00
40W000003212651M,BAŞMAKÇI BİYOKÜTLE ENERJİ SANTRALİ,unknown,2026-05-31 19:00:00+03:00,,3.8,chunk_0054.json,POST /v1/generation/data/dpp-bulk,2026-05-31 21:45:48.227585+00:00,3212651,BAŞMAKÇI BİYOKÜTLE ENERJİ SANTRALİ,103402,2026-05-31T19:00:00+03:00,19:00
40W000003212651M,BAŞMAKÇI BİYOKÜTLE ENERJİ SANTRALİ,unknown,2026-05-31 20:00:00+03:00,,3.8,chunk_0054.json,POST /v1/generation/data/dpp-bulk,2026-05-31 21:45:48.227585+00:00,3212651,BAŞMAKÇI BİYOKÜTLE ENERJİ SANTRALİ,103402,2026-05-31T20:00:00+03:00,20:00
40W000003212651M,BAŞMAKÇI BİYOKÜTLE ENERJİ SANTRALİ,unknown,2026-05-31 21:00:00+03:00,,3.8,chunk_0054.json,POST /v1/generation/data/dpp-bulk,2026-05-31 21:45:48.227585+00:00,3212651,BAŞMAKÇI BİYOKÜTLE ENERJİ SANTRALİ,103402,2026-05-31T21:00:00+03:00,21:00
40W000003212651M,BAŞMAKÇI BİYOKÜTLE ENERJİ SANTRALİ,unknown,2026-05-31 22:00:00+03:00,,2.4,chunk_0054.json,POST /v1/generation/data/dpp-bulk,2026-05-31 21:45:48.227585+00:00,3212651,BAŞMAKÇI BİYOKÜTLE ENERJİ SANTRALİ,103402,2026-05-31T22:00:00+03:00,22:00
40W000003212651M,BAŞMAKÇI BİYOKÜTLE ENERJİ SANTRALİ,unknown,2026-05-31 23:00:00+03:00,,2.4,chunk_0054.json,POST /v1/generation/data/dpp-bulk,2026-05-31 21:45:48.227585+00:00,3212651,BAŞMAKÇI BİYOKÜTLE ENERJİ SANTRALİ,103402,2026-05-31T23:00:00+03:00,23:00
40W0000032113504,EDİKLİ GES,unknown,2026-05-31 00:00:00+03:00,,0.0,chunk_0054.json,POST /v1/generation/data/dpp-bulk,2026-05-31 21:45:48.227585+00:00,3211350,EDİKLİ GES,103420,2026-05-31T00:00:00+03:00,00:00
40W0000032113504,EDİKLİ GES,unknown,2026-05-31 01:00:00+03:00,,0.0,chunk_0054.json,POST /v1/generation/data/dpp-bulk,2026-05-31 21:45:48.227585+00:00,3211350,EDİKLİ GES,103420,2026-05-31T01:00:00+03:00,01:00
40W0000032113504,EDİKLİ GES,unknown,2026-05-31 02:00:00+03:00,,0.0,chunk_0054.json,POST /v1/generation/data/dpp-bulk,2026-05-31 21:45:48.227585+00:00,3211350,EDİKLİ GES,103420,2026-05-31T02:00:00+03:00,02:00
40W0000032113504,EDİKLİ GES,unknown,2026-05-31 03:00:00+03:00,,0.0,chunk_0054.json,POST /v1/generation/data/dpp-bulk,2026-05-31 21:45:48.227585+00:00,3211350,EDİKLİ GES,103420,2026-05-31T03:00:00+03:00,03:00
40W0000032113504,EDİKLİ GES,unknown,2026-05-31 04:00:00+03:00,,0.0,chunk_0054.json,POST /v1/generation/data/dpp-bulk,2026-05-31 21:45:48.227585+00:00,3211350,EDİKLİ GES,103420,2026-05-31T04:00:00+03:00,04:00
40W0000032113504,EDİKLİ GES,unknown,2026-05-31 05:00:00+03:00,,0.0,chunk_0054.json,POST /v1/generation/data/dpp-bulk,2026-05-31 21:45:48.227585+00:00,3211350,EDİKLİ GES,103420,2026-05-31T05:00:00+03:00,05:00
40W0000032113504,EDİKLİ GES,unknown,2026-05-31 06:00:00+03:00,,0.7,chunk_0054.json,POST /v1/generation/data/dpp-bulk,2026-05-31 21:45:48.227585+00:00,3211350,EDİKLİ GES,103420,2026-05-31T06:00:00+03:00,06:00
40W0000032113504,EDİKLİ GES,unknown,2026-05-31 07:00:00+03:00,,2.8,chunk_0054.json,POST /v1/generation/data/dpp-bulk,2026-05-31 21:45:48.227585+00:00,3211350,EDİKLİ GES,103420,2026-05-31T07:00:00+03:00,07:00
40W0000032113504,EDİKLİ GES,unknown,2026-05-31 08:00:00+03:00,,6.4,chunk_0054.json,POST /v1/generation/data/dpp-bulk,2026-05-31 21:45:48.227585+00:00,3211350,EDİKLİ GES,103420,2026-05-31T08:00:00+03:00,08:00
40W0000032113504,EDİKLİ GES,unknown,2026-05-31 09:00:00+03:00,,8.9,chunk_0054.json,POST /v1/generation/data/dpp-bulk,2026-05-31 21:45:48.227585+00:00,3211350,EDİKLİ GES,103420,2026-05-31T09:00:00+03:00,09:00
40W0000032113504,EDİKLİ GES,unknown,2026-05-31 10:00:00+03:00,,9.7,chunk_0054.json,POST /v1/generation/data/dpp-bulk,2026-05-31 21:45:48.227585+00:00,3211350,EDİKLİ GES,103420,2026-05-31T10:00:00+03:00,10:00
40W0000032113504,EDİKLİ GES,unknown,2026-05-31 11:00:00+03:00,,9.7,chunk_0054.json,POST /v1/generation/data/dpp-bulk,2026-05-31 21:45:48.227585+00:00,3211350,EDİKLİ GES,103420,2026-05-31T11:00:00+03:00,11:00
40W0000032113504,EDİKLİ GES,unknown,2026-05-31 12:00:00+03:00,,9.7,chunk_0054.json,POST /v1/generation/data/dpp-bulk,2026-05-31 21:45:48.227585+00:00,3211350,EDİKLİ GES,103420,2026-05-31T12:00:00+03:00,12:00
40W0000032113504,EDİKLİ GES,unknown,2026-05-31 13:00:00+03:00,,9.7,chunk_0054.json,POST /v1/generation/data/dpp-bulk,2026-05-31 21:45:48.227585+00:00,3211350,EDİKLİ GES,103420,2026-05-31T13:00:00+03:00,13:00
40W0000032113504,EDİKLİ GES,unknown,2026-05-31 14:00:00+03:00,,9.7,chunk_0054.json,POST /v1/generation/data/dpp-bulk,2026-05-31 21:45:48.227585+00:00,3211350,EDİKLİ GES,103420,2026-05-31T14:00:00+03:00,14:00
40W0000032113504,EDİKLİ GES,unknown,2026-05-31 15:00:00+03:00,,8.4,chunk_0054.json,POST /v1/generation/data/dpp-bulk,2026-05-31 21:45:48.227585+00:00,3211350,EDİKLİ GES,103420,2026-05-31T15:00:00+03:00,15:00
40W0000032113504,EDİKLİ GES,unknown,2026-05-31 16:00:00+03:00,,6.1,chunk_0054.json,POST /v1/generation/data/dpp-bulk,2026-05-31 21:45:48.227585+00:00,3211350,EDİKLİ GES,103420,2026-05-31T16:00:00+03:00,16:00
40W0000032113504,EDİKLİ GES,unknown,2026-05-31 17:00:00+03:00,,3.6,chunk_0054.json,POST /v1/generation/data/dpp-bulk,2026-05-31 21:45:48.227585+00:00,3211350,EDİKLİ GES,103420,2026-05-31T17:00:00+03:00,17:00
40W0000032113504,EDİKLİ GES,unknown,2026-05-31 18:00:00+03:00,,1.3,chunk_0054.json,POST /v1/generation/data/dpp-bulk,2026-05-31 21:45:48.227585+00:00,3211350,EDİKLİ GES,103420,2026-05-31T18:00:00+03:00,18:00
40W0000032113504,EDİKLİ GES,unknown,2026-05-31 19:00:00+03:00,,0.1,chunk_0054.json,POST /v1/generation/data/dpp-bulk,2026-05-31 21:45:48.227585+00:00,3211350,EDİKLİ GES,103420,2026-05-31T19:00:00+03:00,19:00
40W0000032113504,EDİKLİ GES,unknown,2026-05-31 20:00:00+03:00,,0.0,chunk_0054.json,POST /v1/generation/data/dpp-bulk,2026-05-31 21:45:48.227585+00:00,3211350,EDİKLİ GES,103420,2026-05-31T20:00:00+03:00,20:00
40W0000032113504,EDİKLİ GES,unknown,2026-05-31 21:00:00+03:00,,0.0,chunk_0054.json,POST /v1/generation/data/dpp-bulk,2026-05-31 21:45:48.227585+00:00,3211350,EDİKLİ GES,103420,2026-05-31T21:00:00+03:00,21:00
40W0000032113504,EDİKLİ GES,unknown,2026-05-31 22:00:00+03:00,,0.0,chunk_0054.json,POST /v1/generation/data/dpp-bulk,2026-05-31 21:45:48.227585+00:00,3211350,EDİKLİ GES,103420,2026-05-31T22:00:00+03:00,22:00
40W0000032113504,EDİKLİ GES,unknown,2026-05-31 23:00:00+03:00,,0.0,chunk_0054.json,POST /v1/generation/data/dpp-bulk,2026-05-31 21:45:48.227585+00:00,3211350,EDİKLİ GES,103420,2026-05-31T23:00:00+03:00,23:00
40W000003212712S,BÜGET GES(ULUDER),unknown,2026-05-31 00:00:00+03:00,,0.0,chunk_0054.json,POST /v1/generation/data/dpp-bulk,2026-05-31 21:45:48.227585+00:00,3212712,BÜGET GES(ULUDER),103420,2026-05-31T00:00:00+03:00,00:00
40W000003212712S,BÜGET GES(ULUDER),unknown,2026-05-31 01:00:00+03:00,,0.0,chunk_0054.json,POST /v1/generation/data/dpp-bulk,2026-05-31 21:45:48.227585+00:00,3212712,BÜGET GES(ULUDER),103420,2026-05-31T01:00:00+03:00,01:00
40W000003212712S,BÜGET GES(ULUDER),unknown,2026-05-31 02:00:00+03:00,,0.0,chunk_0054.json,POST /v1/generation/data/dpp-bulk,2026-05-31 21:45:48.227585+00:00,3212712,BÜGET GES(ULUDER),103420,2026-05-31T02:00:00+03:00,02:00
40W000003212712S,BÜGET GES(ULUDER),unknown,2026-05-31 03:00:00+03:00,,0.0,chunk_0054.json,POST /v1/generation/data/dpp-bulk,2026-05-31 21:45:48.227585+00:00,3212712,BÜGET GES(ULUDER),103420,2026-05-31T03:00:00+03:00,03:00
40W000003212712S,BÜGET GES(ULUDER),unknown,2026-05-31 04:00:00+03:00,,0.0,chunk_0054.json,POST /v1/generation/data/dpp-bulk,2026-05-31 21:45:48.227585+00:00,3212712,BÜGET GES(ULUDER),103420,2026-05-31T04:00:00+03:00,04:00
40W000003212712S,BÜGET GES(ULUDER),unknown,2026-05-31 05:00:00+03:00,,0.0,chunk_0054.json,POST /v1/generation/data/dpp-bulk,2026-05-31 21:45:48.227585+00:00,3212712,BÜGET GES(ULUDER),103420,2026-05-31T05:00:00+03:00,05:00
40W000003212712S,BÜGET GES(ULUDER),unknown,2026-05-31 06:00:00+03:00,,0.9,chunk_0054.json,POST /v1/generation/data/dpp-bulk,2026-05-31 21:45:48.227585+00:00,3212712,BÜGET GES(ULUDER),103420,2026-05-31T06:00:00+03:00,06:00
40W000003212712S,BÜGET GES(ULUDER),unknown,2026-05-31 07:00:00+03:00,,3.4,chunk_0054.json,POST /v1/generation/data/dpp-bulk,2026-05-31 21:45:48.227585+00:00,3212712,BÜGET GES(ULUDER),103420,2026-05-31T07:00:00+03:00,07:00
40W000003212712S,BÜGET GES(ULUDER),unknown,2026-05-31 08:00:00+03:00,,6.6,chunk_0054.json,POST /v1/generation/data/dpp-bulk,2026-05-31 21:45:48.227585+00:00,3212712,BÜGET GES(ULUDER),103420,2026-05-31T08:00:00+03:00,08:00
40W000003212712S,BÜGET GES(ULUDER),unknown,2026-05-31 09:00:00+03:00,,9.0,chunk_0054.json,POST /v1/generation/data/dpp-bulk,2026-05-31 21:45:48.227585+00:00,3212712,BÜGET GES(ULUDER),103420,2026-05-31T09:00:00+03:00,09:00
40W000003212712S,BÜGET GES(ULUDER),unknown,2026-05-31 10:00:00+03:00,,9.5,chunk_0054.json,POST /v1/generation/data/dpp-bulk,2026-05-31 21:45:48.227585+00:00,3212712,BÜGET GES(ULUDER),103420,2026-05-31T10:00:00+03:00,10:00
40W000003212712S,BÜGET GES(ULUDER),unknown,2026-05-31 11:00:00+03:00,,9.5,chunk_0054.json,POST /v1/generation/data/dpp-bulk,2026-05-31 21:45:48.227585+00:00,3212712,BÜGET GES(ULUDER),103420,2026-05-31T11:00:00+03:00,11:00
40W000003212712S,BÜGET GES(ULUDER),unknown,2026-05-31 12:00:00+03:00,,9.5,chunk_0054.json,POST /v1/generation/data/dpp-bulk,2026-05-31 21:45:48.227585+00:00,3212712,BÜGET GES(ULUDER),103420,2026-05-31T12:00:00+03:00,12:00
40W000003212712S,BÜGET GES(ULUDER),unknown,2026-05-31 13:00:00+03:00,,9.5,chunk_0054.json,POST /v1/generation/data/dpp-bulk,2026-05-31 21:45:48.227585+00:00,3212712,BÜGET GES(ULUDER),103420,2026-05-31T13:00:00+03:00,13:00
40W000003212712S,BÜGET GES(ULUDER),unknown,2026-05-31 14:00:00+03:00,,9.0,chunk_0054.json,POST /v1/generation/data/dpp-bulk,2026-05-31 21:45:48.227585+00:00,3212712,BÜGET GES(ULUDER),103420,2026-05-31T14:00:00+03:00,14:00
40W000003212712S,BÜGET GES(ULUDER),unknown,2026-05-31 15:00:00+03:00,,6.7,chunk_0054.json,POST /v1/generation/data/dpp-bulk,2026-05-31 21:45:48.227585+00:00,3212712,BÜGET GES(ULUDER),103420,2026-05-31T15:00:00+03:00,15:00
40W000003212712S,BÜGET GES(ULUDER),unknown,2026-05-31 16:00:00+03:00,,5.2,chunk_0054.json,POST /v1/generation/data/dpp-bulk,2026-05-31 21:45:48.227585+00:00,3212712,BÜGET GES(ULUDER),103420,2026-05-31T16:00:00+03:00,16:00
40W000003212712S,BÜGET GES(ULUDER),unknown,2026-05-31 17:00:00+03:00,,3.2,chunk_0054.json,POST /v1/generation/data/dpp-bulk,2026-05-31 21:45:48.227585+00:00,3212712,BÜGET GES(ULUDER),103420,2026-05-31T17:00:00+03:00,17:00
40W000003212712S,BÜGET GES(ULUDER),unknown,2026-05-31 18:00:00+03:00,,1.1,chunk_0054.json,POST /v1/generation/data/dpp-bulk,2026-05-31 21:45:48.227585+00:00,3212712,BÜGET GES(ULUDER),103420,2026-05-31T18:00:00+03:00,18:00
40W000003212712S,BÜGET GES(ULUDER),unknown,2026-05-31 19:00:00+03:00,,0.0,chunk_0054.json,POST /v1/generation/data/dpp-bulk,2026-05-31 21:45:48.227585+00:00,3212712,BÜGET GES(ULUDER),103420,2026-05-31T19:00:00+03:00,19:00
40W000003212712S,BÜGET GES(ULUDER),unknown,2026-05-31 20:00:00+03:00,,0.0,chunk_0054.json,POST /v1/generation/data/dpp-bulk,2026-05-31 21:45:48.227585+00:00,3212712,BÜGET GES(ULUDER),103420,2026-05-31T20:00:00+03:00,20:00
40W000003212712S,BÜGET GES(ULUDER),unknown,2026-05-31 21:00:00+03:00,,0.0,chunk_0054.json,POST /v1/generation/data/dpp-bulk,2026-05-31 21:45:48.227585+00:00,3212712,BÜGET GES(ULUDER),103420,2026-05-31T21:00:00+03:00,21:00
40W000003212712S,BÜGET GES(ULUDER),unknown,2026-05-31 22:00:00+03:00,,0.0,chunk_0054.json,POST /v1/generation/data/dpp-bulk,2026-05-31 21:45:48.227585+00:00,3212712,BÜGET GES(ULUDER),103420,2026-05-31T22:00:00+03:00,22:00
40W000003212712S,BÜGET GES(ULUDER),unknown,2026-05-31 23:00:00+03:00,,0.0,chunk_0054.json,POST /v1/generation/data/dpp-bulk,2026-05-31 21:45:48.227585+00:00,3212712,BÜGET GES(ULUDER),103420,2026-05-31T23:00:00+03:00,23:00
40W000003213030C,AKYEL-1 RES,unknown,2026-05-31 00:00:00+03:00,,4.7,chunk_0054.json,POST /v1/generation/data/dpp-bulk,2026-05-31 21:45:48.227585+00:00,3213030,AKYEL-1 RES,103420,2026-05-31T00:00:00+03:00,00:00
40W000003213030C,AKYEL-1 RES,unknown,2026-05-31 01:00:00+03:00,,6.6,chunk_0054.json,POST /v1/generation/data/dpp-bulk,2026-05-31 21:45:48.227585+00:00,3213030,AKYEL-1 RES,103420,2026-05-31T01:00:00+03:00,01:00
40W000003213030C,AKYEL-1 RES,unknown,2026-05-31 02:00:00+03:00,,8.9,chunk_0054.json,POST /v1/generation/data/dpp-bulk,2026-05-31 21:45:48.227585+00:00,3213030,AKYEL-1 RES,103420,2026-05-31T02:00:00+03:00,02:00
40W000003213030C,AKYEL-1 RES,unknown,2026-05-31 03:00:00+03:00,,11.1,chunk_0054.json,POST /v1/generation/data/dpp-bulk,2026-05-31 21:45:48.227585+00:00,3213030,AKYEL-1 RES,103420,2026-05-31T03:00:00+03:00,03:00
40W000003213030C,AKYEL-1 RES,unknown,2026-05-31 04:00:00+03:00,,12.6,chunk_0054.json,POST /v1/generation/data/dpp-bulk,2026-05-31 21:45:48.227585+00:00,3213030,AKYEL-1 RES,103420,2026-05-31T04:00:00+03:00,04:00
40W000003213030C,AKYEL-1 RES,unknown,2026-05-31 05:00:00+03:00,,13.3,chunk_0054.json,POST /v1/generation/data/dpp-bulk,2026-05-31 21:45:48.227585+00:00,3213030,AKYEL-1 RES,103420,2026-05-31T05:00:00+03:00,05:00
40W000003213030C,AKYEL-1 RES,unknown,2026-05-31 06:00:00+03:00,,13.5,chunk_0054.json,POST /v1/generation/data/dpp-bulk,2026-05-31 21:45:48.227585+00:00,3213030,AKYEL-1 RES,103420,2026-05-31T06:00:00+03:00,06:00
40W000003213030C,AKYEL-1 RES,unknown,2026-05-31 07:00:00+03:00,,13.5,chunk_0054.json,POST /v1/generation/data/dpp-bulk,2026-05-31 21:45:48.227585+00:00,3213030,AKYEL-1 RES,103420,2026-05-31T07:00:00+03:00,07:00
40W000003213030C,AKYEL-1 RES,unknown,2026-05-31 08:00:00+03:00,,20.3,chunk_0054.json,POST /v1/generation/data/dpp-bulk,2026-05-31 21:45:48.227585+00:00,3213030,AKYEL-1 RES,103420,2026-05-31T08:00:00+03:00,08:00
40W000003213030C,AKYEL-1 RES,unknown,2026-05-31 09:00:00+03:00,,27.7,chunk_0054.json,POST /v1/generation/data/dpp-bulk,2026-05-31 21:45:48.227585+00:00,3213030,AKYEL-1 RES,103420,2026-05-31T09:00:00+03:00,09:00
40W000003213030C,AKYEL-1 RES,unknown,2026-05-31 10:00:00+03:00,,32.1,chunk_0054.json,POST /v1/generation/data/dpp-bulk,2026-05-31 21:45:48.227585+00:00,3213030,AKYEL-1 RES,103420,2026-05-31T10:00:00+03:00,10:00
40W000003213030C,AKYEL-1 RES,unknown,2026-05-31 11:00:00+03:00,,34.3,chunk_0054.json,POST /v1/generation/data/dpp-bulk,2026-05-31 21:45:48.227585+00:00,3213030,AKYEL-1 RES,103420,2026-05-31T11:00:00+03:00,11:00
40W000003213030C,AKYEL-1 RES,unknown,2026-05-31 12:00:00+03:00,,34.5,chunk_0054.json,POST /v1/generation/data/dpp-bulk,2026-05-31 21:45:48.227585+00:00,3213030,AKYEL-1 RES,103420,2026-05-31T12:00:00+03:00,12:00
40W000003213030C,AKYEL-1 RES,unknown,2026-05-31 13:00:00+03:00,,33.8,chunk_0054.json,POST /v1/generation/data/dpp-bulk,2026-05-31 21:45:48.227585+00:00,3213030,AKYEL-1 RES,103420,2026-05-31T13:00:00+03:00,13:00
40W000003213030C,AKYEL-1 RES,unknown,2026-05-31 14:00:00+03:00,,31.3,chunk_0054.json,POST /v1/generation/data/dpp-bulk,2026-05-31 21:45:48.227585+00:00,3213030,AKYEL-1 RES,103420,2026-05-31T14:00:00+03:00,14:00
40W000003213030C,AKYEL-1 RES,unknown,2026-05-31 15:00:00+03:00,,26.1,chunk_0054.json,POST /v1/generation/data/dpp-bulk,2026-05-31 21:45:48.227585+00:00,3213030,AKYEL-1 RES,103420,2026-05-31T15:00:00+03:00,15:00
40W000003213030C,AKYEL-1 RES,unknown,2026-05-31 16:00:00+03:00,,21.5,chunk_0054.json,POST /v1/generation/data/dpp-bulk,2026-05-31 21:45:48.227585+00:00,3213030,AKYEL-1 RES,103420,2026-05-31T16:00:00+03:00,16:00
40W000003213030C,AKYEL-1 RES,unknown,2026-05-31 17:00:00+03:00,,21.1,chunk_0054.json,POST /v1/generation/data/dpp-bulk,2026-05-31 21:45:48.227585+00:00,3213030,AKYEL-1 RES,103420,2026-05-31T17:00:00+03:00,17:00
40W000003213030C,AKYEL-1 RES,unknown,2026-05-31 18:00:00+03:00,,18.8,chunk_0054.json,POST /v1/generation/data/dpp-bulk,2026-05-31 21:45:48.227585+00:00,3213030,AKYEL-1 RES,103420,2026-05-31T18:00:00+03:00,18:00
40W000003213030C,AKYEL-1 RES,unknown,2026-05-31 19:00:00+03:00,,11.7,chunk_0054.json,POST /v1/generation/data/dpp-bulk,2026-05-31 21:45:48.227585+00:00,3213030,AKYEL-1 RES,103420,2026-05-31T19:00:00+03:00,19:00
40W000003213030C,AKYEL-1 RES,unknown,2026-05-31 20:00:00+03:00,,10.5,chunk_0054.json,POST /v1/generation/data/dpp-bulk,2026-05-31 21:45:48.227585+00:00,3213030,AKYEL-1 RES,103420,2026-05-31T20:00:00+03:00,20:00
40W000003213030C,AKYEL-1 RES,unknown,2026-05-31 21:00:00+03:00,,9.8,chunk_0054.json,POST /v1/generation/data/dpp-bulk,2026-05-31 21:45:48.227585+00:00,3213030,AKYEL-1 RES,103420,2026-05-31T21:00:00+03:00,21:00
40W000003213030C,AKYEL-1 RES,unknown,2026-05-31 22:00:00+03:00,,7.6,chunk_0054.json,POST /v1/generation/data/dpp-bulk,2026-05-31 21:45:48.227585+00:00,3213030,AKYEL-1 RES,103420,2026-05-31T22:00:00+03:00,22:00
40W000003213030C,AKYEL-1 RES,unknown,2026-05-31 23:00:00+03:00,,8.6,chunk_0054.json,POST /v1/generation/data/dpp-bulk,2026-05-31 21:45:48.227585+00:00,3213030,AKYEL-1 RES,103420,2026-05-31T23:00:00+03:00,23:00
40W000003213031A,AKYEL-2 RES,unknown,2026-05-31 00:00:00+03:00,,1.0,chunk_0054.json,POST /v1/generation/data/dpp-bulk,2026-05-31 21:45:48.227585+00:00,3213031,AKYEL-2 RES,103420,2026-05-31T00:00:00+03:00,00:00
40W000003213031A,AKYEL-2 RES,unknown,2026-05-31 01:00:00+03:00,,1.4,chunk_0054.json,POST /v1/generation/data/dpp-bulk,2026-05-31 21:45:48.227585+00:00,3213031,AKYEL-2 RES,103420,2026-05-31T01:00:00+03:00,01:00
40W000003213031A,AKYEL-2 RES,unknown,2026-05-31 02:00:00+03:00,,1.9,chunk_0054.json,POST /v1/generation/data/dpp-bulk,2026-05-31 21:45:48.227585+00:00,3213031,AKYEL-2 RES,103420,2026-05-31T02:00:00+03:00,02:00
40W000003213031A,AKYEL-2 RES,unknown,2026-05-31 03:00:00+03:00,,2.4,chunk_0054.json,POST /v1/generation/data/dpp-bulk,2026-05-31 21:45:48.227585+00:00,3213031,AKYEL-2 RES,103420,2026-05-31T03:00:00+03:00,03:00
40W000003213031A,AKYEL-2 RES,unknown,2026-05-31 04:00:00+03:00,,2.6,chunk_0054.json,POST /v1/generation/data/dpp-bulk,2026-05-31 21:45:48.227585+00:00,3213031,AKYEL-2 RES,103420,2026-05-31T04:00:00+03:00,04:00
40W000003213031A,AKYEL-2 RES,unknown,2026-05-31 05:00:00+03:00,,2.8,chunk_0054.json,POST /v1/generation/data/dpp-bulk,2026-05-31 21:45:48.227585+00:00,3213031,AKYEL-2 RES,103420,2026-05-31T05:00:00+03:00,05:00
40W000003213031A,AKYEL-2 RES,unknown,2026-05-31 06:00:00+03:00,,3.2,chunk_0054.json,POST /v1/generation/data/dpp-bulk,2026-05-31 21:45:48.227585+00:00,3213031,AKYEL-2 RES,103420,2026-05-31T06:00:00+03:00,06:00
40W000003213031A,AKYEL-2 RES,unknown,2026-05-31 07:00:00+03:00,,4.2,chunk_0054.json,POST /v1/generation/data/dpp-bulk,2026-05-31 21:45:48.227585+00:00,3213031,AKYEL-2 RES,103420,2026-05-31T07:00:00+03:00,07:00
40W000003213031A,AKYEL-2 RES,unknown,2026-05-31 08:00:00+03:00,,5.7,chunk_0054.json,POST /v1/generation/data/dpp-bulk,2026-05-31 21:45:48.227585+00:00,3213031,AKYEL-2 RES,103420,2026-05-31T08:00:00+03:00,08:00
40W000003213031A,AKYEL-2 RES,unknown,2026-05-31 09:00:00+03:00,,7.2,chunk_0054.json,POST /v1/generation/data/dpp-bulk,2026-05-31 21:45:48.227585+00:00,3213031,AKYEL-2 RES,103420,2026-05-31T09:00:00+03:00,09:00
40W000003213031A,AKYEL-2 RES,unknown,2026-05-31 10:00:00+03:00,,8.0,chunk_0054.json,POST /v1/generation/data/dpp-bulk,2026-05-31 21:45:48.227585+00:00,3213031,AKYEL-2 RES,103420,2026-05-31T10:00:00+03:00,10:00
40W000003213031A,AKYEL-2 RES,unknown,2026-05-31 11:00:00+03:00,,7.8,chunk_0054.json,POST /v1/generation/data/dpp-bulk,2026-05-31 21:45:48.227585+00:00,3213031,AKYEL-2 RES,103420,2026-05-31T11:00:00+03:00,11:00
40W000003213031A,AKYEL-2 RES,unknown,2026-05-31 12:00:00+03:00,,7.7,chunk_0054.json,POST /v1/generation/data/dpp-bulk,2026-05-31 21:45:48.227585+00:00,3213031,AKYEL-2 RES,103420,2026-05-31T12:00:00+03:00,12:00
40W000003213031A,AKYEL-2 RES,unknown,2026-05-31 13:00:00+03:00,,7.9,chunk_0054.json,POST /v1/generation/data/dpp-bulk,2026-05-31 21:45:48.227585+00:00,3213031,AKYEL-2 RES,103420,2026-05-31T13:00:00+03:00,13:00
40W000003213031A,AKYEL-2 RES,unknown,2026-05-31 14:00:00+03:00,,8.1,chunk_0054.json,POST /v1/generation/data/dpp-bulk,2026-05-31 21:45:48.227585+00:00,3213031,AKYEL-2 RES,103420,2026-05-31T14:00:00+03:00,14:00
40W000003213031A,AKYEL-2 RES,unknown,2026-05-31 15:00:00+03:00,,8.0,chunk_0054.json,POST /v1/generation/data/dpp-bulk,2026-05-31 21:45:48.227585+00:00,3213031,AKYEL-2 RES,103420,2026-05-31T15:00:00+03:00,15:00
40W000003213031A,AKYEL-2 RES,unknown,2026-05-31 16:00:00+03:00,,7.3,chunk_0054.json,POST /v1/generation/data/dpp-bulk,2026-05-31 21:45:48.227585+00:00,3213031,AKYEL-2 RES,103420,2026-05-31T16:00:00+03:00,16:00
40W000003213031A,AKYEL-2 RES,unknown,2026-05-31 17:00:00+03:00,,6.3,chunk_0054.json,POST /v1/generation/data/dpp-bulk,2026-05-31 21:45:48.227585+00:00,3213031,AKYEL-2 RES,103420,2026-05-31T17:00:00+03:00,17:00
40W000003213031A,AKYEL-2 RES,unknown,2026-05-31 18:00:00+03:00,,5.0,chunk_0054.json,POST /v1/generation/data/dpp-bulk,2026-05-31 21:45:48.227585+00:00,3213031,AKYEL-2 RES,103420,2026-05-31T18:00:00+03:00,18:00
40W000003213031A,AKYEL-2 RES,unknown,2026-05-31 19:00:00+03:00,,3.4,chunk_0054.json,POST /v1/generation/data/dpp-bulk,2026-05-31 21:45:48.227585+00:00,3213031,AKYEL-2 RES,103420,2026-05-31T19:00:00+03:00,19:00
40W000003213031A,AKYEL-2 RES,unknown,2026-05-31 20:00:00+03:00,,2.7,chunk_0054.json,POST /v1/generation/data/dpp-bulk,2026-05-31 21:45:48.227585+00:00,3213031,AKYEL-2 RES,103420,2026-05-31T20:00:00+03:00,20:00
40W000003213031A,AKYEL-2 RES,unknown,2026-05-31 21:00:00+03:00,,2.5,chunk_0054.json,POST /v1/generation/data/dpp-bulk,2026-05-31 21:45:48.227585+00:00,3213031,AKYEL-2 RES,103420,2026-05-31T21:00:00+03:00,21:00
40W000003213031A,AKYEL-2 RES,unknown,2026-05-31 22:00:00+03:00,,2.4,chunk_0054.json,POST /v1/generation/data/dpp-bulk,2026-05-31 21:45:48.227585+00:00,3213031,AKYEL-2 RES,103420,2026-05-31T22:00:00+03:00,22:00
40W000003213031A,AKYEL-2 RES,unknown,2026-05-31 23:00:00+03:00,,2.3,chunk_0054.json,POST /v1/generation/data/dpp-bulk,2026-05-31 21:45:48.227585+00:00,3213031,AKYEL-2 RES,103420,2026-05-31T23:00:00+03:00,23:00
40W000003212630U,KAYABAŞI REG. ve HES,unknown,2026-05-31 00:00:00+03:00,,2.0,chunk_0054.json,POST /v1/generation/data/dpp-bulk,2026-05-31 21:45:48.227585+00:00,3212630,KAYABAŞI REG. ve HES,103600,2026-05-31T00:00:00+03:00,00:00
40W000003212630U,KAYABAŞI REG. ve HES,unknown,2026-05-31 01:00:00+03:00,,2.0,chunk_0054.json,POST /v1/generation/data/dpp-bulk,2026-05-31 21:45:48.227585+00:00,3212630,KAYABAŞI REG. ve HES,103600,2026-05-31T01:00:00+03:00,01:00
40W000003212630U,KAYABAŞI REG. ve HES,unknown,2026-05-31 02:00:00+03:00,,2.0,chunk_0054.json,POST /v1/generation/data/dpp-bulk,2026-05-31 21:45:48.227585+00:00,3212630,KAYABAŞI REG. ve HES,103600,2026-05-31T02:00:00+03:00,02:00
40W000003212630U,KAYABAŞI REG. ve HES,unknown,2026-05-31 03:00:00+03:00,,2.0,chunk_0054.json,POST /v1/generation/data/dpp-bulk,2026-05-31 21:45:48.227585+00:00,3212630,KAYABAŞI REG. ve HES,103600,2026-05-31T03:00:00+03:00,03:00
40W000003212630U,KAYABAŞI REG. ve HES,unknown,2026-05-31 04:00:00+03:00,,2.0,chunk_0054.json,POST /v1/generation/data/dpp-bulk,2026-05-31 21:45:48.227585+00:00,3212630,KAYABAŞI REG. ve HES,103600,2026-05-31T04:00:00+03:00,04:00
40W000003212630U,KAYABAŞI REG. ve HES,unknown,2026-05-31 05:00:00+03:00,,2.0,chunk_0054.json,POST /v1/generation/data/dpp-bulk,2026-05-31 21:45:48.227585+00:00,3212630,KAYABAŞI REG. ve HES,103600,2026-05-31T05:00:00+03:00,05:00
40W000003212630U,KAYABAŞI REG. ve HES,unknown,2026-05-31 06:00:00+03:00,,2.0,chunk_0054.json,POST /v1/generation/data/dpp-bulk,2026-05-31 21:45:48.227585+00:00,3212630,KAYABAŞI REG. ve HES,103600,2026-05-31T06:00:00+03:00,06:00
40W000003212630U,KAYABAŞI REG. ve HES,unknown,2026-05-31 07:00:00+03:00,,2.0,chunk_0054.json,POST /v1/generation/data/dpp-bulk,2026-05-31 21:45:48.227585+00:00,3212630,KAYABAŞI REG. ve HES,103600,2026-05-31T07:00:00+03:00,07:00
40W000003212630U,KAYABAŞI REG. ve HES,unknown,2026-05-31 08:00:00+03:00,,2.0,chunk_0054.json,POST /v1/generation/data/dpp-bulk,2026-05-31 21:45:48.227585+00:00,3212630,KAYABAŞI REG. ve HES,103600,2026-05-31T08:00:00+03:00,08:00
40W000003212630U,KAYABAŞI REG. ve HES,unknown,2026-05-31 09:00:00+03:00,,2.0,chunk_0054.json,POST /v1/generation/data/dpp-bulk,2026-05-31 21:45:48.227585+00:00,3212630,KAYABAŞI REG. ve HES,103600,2026-05-31T09:00:00+03:00,09:00
40W000003212630U,KAYABAŞI REG. ve HES,unknown,2026-05-31 10:00:00+03:00,,2.0,chunk_0054.json,POST /v1/generation/data/dpp-bulk,2026-05-31 21:45:48.227585+00:00,3212630,KAYABAŞI REG. ve HES,103600,2026-05-31T10:00:00+03:00,10:00
40W000003212630U,KAYABAŞI REG. ve HES,unknown,2026-05-31 11:00:00+03:00,,2.0,chunk_0054.json,POST /v1/generation/data/dpp-bulk,2026-05-31 21:45:48.227585+00:00,3212630,KAYABAŞI REG. ve HES,103600,2026-05-31T11:00:00+03:00,11:00
40W000003212630U,KAYABAŞI REG. ve HES,unknown,2026-05-31 12:00:00+03:00,,2.0,chunk_0054.json,POST /v1/generation/data/dpp-bulk,2026-05-31 21:45:48.227585+00:00,3212630,KAYABAŞI REG. ve HES,103600,2026-05-31T12:00:00+03:00,12:00
40W000003212630U,KAYABAŞI REG. ve HES,unknown,2026-05-31 13:00:00+03:00,,2.0,chunk_0054.json,POST /v1/generation/data/dpp-bulk,2026-05-31 21:45:48.227585+00:00,3212630,KAYABAŞI REG. ve HES,103600,2026-05-31T13:00:00+03:00,13:00
40W000003212630U,KAYABAŞI REG. ve HES,unknown,2026-05-31 14:00:00+03:00,,2.0,chunk_0054.json,POST /v1/generation/data/dpp-bulk,2026-05-31 21:45:48.227585+00:00,3212630,KAYABAŞI REG. ve HES,103600,2026-05-31T14:00:00+03:00,14:00
40W000003212630U,KAYABAŞI REG. ve HES,unknown,2026-05-31 15:00:00+03:00,,2.0,chunk_0054.json,POST /v1/generation/data/dpp-bulk,2026-05-31 21:45:48.227585+00:00,3212630,KAYABAŞI REG. ve HES,103600,2026-05-31T15:00:00+03:00,15:00
40W000003212630U,KAYABAŞI REG. ve HES,unknown,2026-05-31 16:00:00+03:00,,2.0,chunk_0054.json,POST /v1/generation/data/dpp-bulk,2026-05-31 21:45:48.227585+00:00,3212630,KAYABAŞI REG. ve HES,103600,2026-05-31T16:00:00+03:00,16:00
40W000003212630U,KAYABAŞI REG. ve HES,unknown,2026-05-31 17:00:00+03:00,,2.0,chunk_0054.json,POST /v1/generation/data/dpp-bulk,2026-05-31 21:45:48.227585+00:00,3212630,KAYABAŞI REG. ve HES,103600,2026-05-31T17:00:00+03:00,17:00
40W000003212630U,KAYABAŞI REG. ve HES,unknown,2026-05-31 18:00:00+03:00,,2.0,chunk_0054.json,POST /v1/generation/data/dpp-bulk,2026-05-31 21:45:48.227585+00:00,3212630,KAYABAŞI REG. ve HES,103600,2026-05-31T18:00:00+03:00,18:00
40W000003212630U,KAYABAŞI REG. ve HES,unknown,2026-05-31 19:00:00+03:00,,2.0,chunk_0054.json,POST /v1/generation/data/dpp-bulk,2026-05-31 21:45:48.227585+00:00,3212630,KAYABAŞI REG. ve HES,103600,2026-05-31T19:00:00+03:00,19:00
40W000003212630U,KAYABAŞI REG. ve HES,unknown,2026-05-31 20:00:00+03:00,,2.0,chunk_0054.json,POST /v1/generation/data/dpp-bulk,2026-05-31 21:45:48.227585+00:00,3212630,KAYABAŞI REG. ve HES,103600,2026-05-31T20:00:00+03:00,20:00
40W000003212630U,KAYABAŞI REG. ve HES,unknown,2026-05-31 21:00:00+03:00,,2.0,chunk_0054.json,POST /v1/generation/data/dpp-bulk,2026-05-31 21:45:48.227585+00:00,3212630,KAYABAŞI REG. ve HES,103600,2026-05-31T21:00:00+03:00,21:00
40W000003212630U,KAYABAŞI REG. ve HES,unknown,2026-05-31 22:00:00+03:00,,2.0,chunk_0054.json,POST /v1/generation/data/dpp-bulk,2026-05-31 21:45:48.227585+00:00,3212630,KAYABAŞI REG. ve HES,103600,2026-05-31T22:00:00+03:00,22:00
40W000003212630U,KAYABAŞI REG. ve HES,unknown,2026-05-31 23:00:00+03:00,,2.0,chunk_0054.json,POST /v1/generation/data/dpp-bulk,2026-05-31 21:45:48.227585+00:00,3212630,KAYABAŞI REG. ve HES,103600,2026-05-31T23:00:00+03:00,23:00
40W000003211390T,İOTA M. FIRINCI GES,unknown,2026-05-31 00:00:00+03:00,,0.0,chunk_0054.json,POST /v1/generation/data/dpp-bulk,2026-05-31 21:45:48.227585+00:00,3211390,İOTA M. FIRINCI GES,104060,2026-05-31T00:00:00+03:00,00:00
40W000003211390T,İOTA M. FIRINCI GES,unknown,2026-05-31 01:00:00+03:00,,0.0,chunk_0054.json,POST /v1/generation/data/dpp-bulk,2026-05-31 21:45:48.227585+00:00,3211390,İOTA M. FIRINCI GES,104060,2026-05-31T01:00:00+03:00,01:00
40W000003211390T,İOTA M. FIRINCI GES,unknown,2026-05-31 02:00:00+03:00,,0.0,chunk_0054.json,POST /v1/generation/data/dpp-bulk,2026-05-31 21:45:48.227585+00:00,3211390,İOTA M. FIRINCI GES,104060,2026-05-31T02:00:00+03:00,02:00
40W000003211390T,İOTA M. FIRINCI GES,unknown,2026-05-31 03:00:00+03:00,,0.0,chunk_0054.json,POST /v1/generation/data/dpp-bulk,2026-05-31 21:45:48.227585+00:00,3211390,İOTA M. FIRINCI GES,104060,2026-05-31T03:00:00+03:00,03:00
40W000003211390T,İOTA M. FIRINCI GES,unknown,2026-05-31 04:00:00+03:00,,0.0,chunk_0054.json,POST /v1/generation/data/dpp-bulk,2026-05-31 21:45:48.227585+00:00,3211390,İOTA M. FIRINCI GES,104060,2026-05-31T04:00:00+03:00,04:00
40W000003211390T,İOTA M. FIRINCI GES,unknown,2026-05-31 05:00:00+03:00,,0.01,chunk_0054.json,POST /v1/generation/data/dpp-bulk,2026-05-31 21:45:48.227585+00:00,3211390,İOTA M. FIRINCI GES,104060,2026-05-31T05:00:00+03:00,05:00
40W000003211390T,İOTA M. FIRINCI GES,unknown,2026-05-31 06:00:00+03:00,,1.12,chunk_0054.json,POST /v1/generation/data/dpp-bulk,2026-05-31 21:45:48.227585+00:00,3211390,İOTA M. FIRINCI GES,104060,2026-05-31T06:00:00+03:00,06:00
40W000003211390T,İOTA M. FIRINCI GES,unknown,2026-05-31 07:00:00+03:00,,3.91,chunk_0054.json,POST /v1/generation/data/dpp-bulk,2026-05-31 21:45:48.227585+00:00,3211390,İOTA M. FIRINCI GES,104060,2026-05-31T07:00:00+03:00,07:00
40W000003211390T,İOTA M. FIRINCI GES,unknown,2026-05-31 08:00:00+03:00,,6.56,chunk_0054.json,POST /v1/generation/data/dpp-bulk,2026-05-31 21:45:48.227585+00:00,3211390,İOTA M. FIRINCI GES,104060,2026-05-31T08:00:00+03:00,08:00
40W000003211390T,İOTA M. FIRINCI GES,unknown,2026-05-31 09:00:00+03:00,,8.61,chunk_0054.json,POST /v1/generation/data/dpp-bulk,2026-05-31 21:45:48.227585+00:00,3211390,İOTA M. FIRINCI GES,104060,2026-05-31T09:00:00+03:00,09:00
40W000003211390T,İOTA M. FIRINCI GES,unknown,2026-05-31 10:00:00+03:00,,9.77,chunk_0054.json,POST /v1/generation/data/dpp-bulk,2026-05-31 21:45:48.227585+00:00,3211390,İOTA M. FIRINCI GES,104060,2026-05-31T10:00:00+03:00,10:00
40W000003211390T,İOTA M. FIRINCI GES,unknown,2026-05-31 11:00:00+03:00,,9.85,chunk_0054.json,POST /v1/generation/data/dpp-bulk,2026-05-31 21:45:48.227585+00:00,3211390,İOTA M. FIRINCI GES,104060,2026-05-31T11:00:00+03:00,11:00
40W000003211390T,İOTA M. FIRINCI GES,unknown,2026-05-31 12:00:00+03:00,,9.82,chunk_0054.json,POST /v1/generation/data/dpp-bulk,2026-05-31 21:45:48.227585+00:00,3211390,İOTA M. FIRINCI GES,104060,2026-05-31T12:00:00+03:00,12:00
40W000003211390T,İOTA M. FIRINCI GES,unknown,2026-05-31 13:00:00+03:00,,9.77,chunk_0054.json,POST /v1/generation/data/dpp-bulk,2026-05-31 21:45:48.227585+00:00,3211390,İOTA M. FIRINCI GES,104060,2026-05-31T13:00:00+03:00,13:00
40W000003211390T,İOTA M. FIRINCI GES,unknown,2026-05-31 14:00:00+03:00,,9.37,chunk_0054.json,POST /v1/generation/data/dpp-bulk,2026-05-31 21:45:48.227585+00:00,3211390,İOTA M. FIRINCI GES,104060,2026-05-31T14:00:00+03:00,14:00
40W000003211390T,İOTA M. FIRINCI GES,unknown,2026-05-31 15:00:00+03:00,,8.08,chunk_0054.json,POST /v1/generation/data/dpp-bulk,2026-05-31 21:45:48.227585+00:00,3211390,İOTA M. FIRINCI GES,104060,2026-05-31T15:00:00+03:00,15:00
40W000003211390T,İOTA M. FIRINCI GES,unknown,2026-05-31 16:00:00+03:00,,5.51,chunk_0054.json,POST /v1/generation/data/dpp-bulk,2026-05-31 21:45:48.227585+00:00,3211390,İOTA M. FIRINCI GES,104060,2026-05-31T16:00:00+03:00,16:00
40W000003211390T,İOTA M. FIRINCI GES,unknown,2026-05-31 17:00:00+03:00,,3.38,chunk_0054.json,POST /v1/generation/data/dpp-bulk,2026-05-31 21:45:48.227585+00:00,3211390,İOTA M. FIRINCI GES,104060,2026-05-31T17:00:00+03:00,17:00
40W000003211390T,İOTA M. FIRINCI GES,unknown,2026-05-31 18:00:00+03:00,,1.02,chunk_0054.json,POST /v1/generation/data/dpp-bulk,2026-05-31 21:45:48.227585+00:00,3211390,İOTA M. FIRINCI GES,104060,2026-05-31T18:00:00+03:00,18:00
40W000003211390T,İOTA M. FIRINCI GES,unknown,2026-05-31 19:00:00+03:00,,0.0,chunk_0054.json,POST /v1/generation/data/dpp-bulk,2026-05-31 21:45:48.227585+00:00,3211390,İOTA M. FIRINCI GES,104060,2026-05-31T19:00:00+03:00,19:00
40W000003211390T,İOTA M. FIRINCI GES,unknown,2026-05-31 20:00:00+03:00,,0.0,chunk_0054.json,POST /v1/generation/data/dpp-bulk,2026-05-31 21:45:48.227585+00:00,3211390,İOTA M. FIRINCI GES,104060,2026-05-31T20:00:00+03:00,20:00
40W000003211390T,İOTA M. FIRINCI GES,unknown,2026-05-31 21:00:00+03:00,,0.0,chunk_0054.json,POST /v1/generation/data/dpp-bulk,2026-05-31 21:45:48.227585+00:00,3211390,İOTA M. FIRINCI GES,104060,2026-05-31T21:00:00+03:00,21:00
40W000003211390T,İOTA M. FIRINCI GES,unknown,2026-05-31 22:00:00+03:00,,0.0,chunk_0054.json,POST /v1/generation/data/dpp-bulk,2026-05-31 21:45:48.227585+00:00,3211390,İOTA M. FIRINCI GES,104060,2026-05-31T22:00:00+03:00,22:00
40W000003211390T,İOTA M. FIRINCI GES,unknown,2026-05-31 23:00:00+03:00,,0.0,chunk_0054.json,POST /v1/generation/data/dpp-bulk,2026-05-31 21:45:48.227585+00:00,3211390,İOTA M. FIRINCI GES,104060,2026-05-31T23:00:00+03:00,23:00
40W000003211272Z,BAFA RES,unknown,2026-05-31 00:00:00+03:00,,10.5,chunk_0054.json,POST /v1/generation/data/dpp-bulk,2026-05-31 21:45:48.227585+00:00,3211272,BAFA RES,104320,2026-05-31T00:00:00+03:00,00:00
40W000003211272Z,BAFA RES,unknown,2026-05-31 01:00:00+03:00,,8.3,chunk_0054.json,POST /v1/generation/data/dpp-bulk,2026-05-31 21:45:48.227585+00:00,3211272,BAFA RES,104320,2026-05-31T01:00:00+03:00,01:00
40W000003211272Z,BAFA RES,unknown,2026-05-31 02:00:00+03:00,,8.3,chunk_0054.json,POST /v1/generation/data/dpp-bulk,2026-05-31 21:45:48.227585+00:00,3211272,BAFA RES,104320,2026-05-31T02:00:00+03:00,02:00
40W000003211272Z,BAFA RES,unknown,2026-05-31 03:00:00+03:00,,9.2,chunk_0054.json,POST /v1/generation/data/dpp-bulk,2026-05-31 21:45:48.227585+00:00,3211272,BAFA RES,104320,2026-05-31T03:00:00+03:00,03:00
40W000003211272Z,BAFA RES,unknown,2026-05-31 04:00:00+03:00,,15.41,chunk_0054.json,POST /v1/generation/data/dpp-bulk,2026-05-31 21:45:48.227585+00:00,3211272,BAFA RES,104320,2026-05-31T04:00:00+03:00,04:00
40W000003211272Z,BAFA RES,unknown,2026-05-31 05:00:00+03:00,,12.1,chunk_0054.json,POST /v1/generation/data/dpp-bulk,2026-05-31 21:45:48.227585+00:00,3211272,BAFA RES,104320,2026-05-31T05:00:00+03:00,05:00
40W000003211272Z,BAFA RES,unknown,2026-05-31 06:00:00+03:00,,14.1,chunk_0054.json,POST /v1/generation/data/dpp-bulk,2026-05-31 21:45:48.227585+00:00,3211272,BAFA RES,104320,2026-05-31T06:00:00+03:00,06:00
40W000003211272Z,BAFA RES,unknown,2026-05-31 07:00:00+03:00,,16.6,chunk_0054.json,POST /v1/generation/data/dpp-bulk,2026-05-31 21:45:48.227585+00:00,3211272,BAFA RES,104320,2026-05-31T07:00:00+03:00,07:00
40W000003211272Z,BAFA RES,unknown,2026-05-31 08:00:00+03:00,,18.1,chunk_0054.json,POST /v1/generation/data/dpp-bulk,2026-05-31 21:45:48.227585+00:00,3211272,BAFA RES,104320,2026-05-31T08:00:00+03:00,08:00
40W000003211272Z,BAFA RES,unknown,2026-05-31 09:00:00+03:00,,19.2,chunk_0054.json,POST /v1/generation/data/dpp-bulk,2026-05-31 21:45:48.227585+00:00,3211272,BAFA RES,104320,2026-05-31T09:00:00+03:00,09:00
40W000003211272Z,BAFA RES,unknown,2026-05-31 10:00:00+03:00,,19.7,chunk_0054.json,POST /v1/generation/data/dpp-bulk,2026-05-31 21:45:48.227585+00:00,3211272,BAFA RES,104320,2026-05-31T10:00:00+03:00,10:00
40W000003211272Z,BAFA RES,unknown,2026-05-31 11:00:00+03:00,,19.0,chunk_0054.json,POST /v1/generation/data/dpp-bulk,2026-05-31 21:45:48.227585+00:00,3211272,BAFA RES,104320,2026-05-31T11:00:00+03:00,11:00
40W000003211272Z,BAFA RES,unknown,2026-05-31 12:00:00+03:00,,18.5,chunk_0054.json,POST /v1/generation/data/dpp-bulk,2026-05-31 21:45:48.227585+00:00,3211272,BAFA RES,104320,2026-05-31T12:00:00+03:00,12:00
40W000003211272Z,BAFA RES,unknown,2026-05-31 13:00:00+03:00,,18.8,chunk_0054.json,POST /v1/generation/data/dpp-bulk,2026-05-31 21:45:48.227585+00:00,3211272,BAFA RES,104320,2026-05-31T13:00:00+03:00,13:00
40W000003211272Z,BAFA RES,unknown,2026-05-31 14:00:00+03:00,,19.6,chunk_0054.json,POST /v1/generation/data/dpp-bulk,2026-05-31 21:45:48.227585+00:00,3211272,BAFA RES,104320,2026-05-31T14:00:00+03:00,14:00
40W000003211272Z,BAFA RES,unknown,2026-05-31 15:00:00+03:00,,20.0,chunk_0054.json,POST /v1/generation/data/dpp-bulk,2026-05-31 21:45:48.227585+00:00,3211272,BAFA RES,104320,2026-05-31T15:00:00+03:00,15:00
40W000003211272Z,BAFA RES,unknown,2026-05-31 16:00:00+03:00,,18.9,chunk_0054.json,POST /v1/generation/data/dpp-bulk,2026-05-31 21:45:48.227585+00:00,3211272,BAFA RES,104320,2026-05-31T16:00:00+03:00,16:00
40W000003211272Z,BAFA RES,unknown,2026-05-31 17:00:00+03:00,,15.2,chunk_0054.json,POST /v1/generation/data/dpp-bulk,2026-05-31 21:45:48.227585+00:00,3211272,BAFA RES,104320,2026-05-31T17:00:00+03:00,17:00
40W000003211272Z,BAFA RES,unknown,2026-05-31 18:00:00+03:00,,9.7,chunk_0054.json,POST /v1/generation/data/dpp-bulk,2026-05-31 21:45:48.227585+00:00,3211272,BAFA RES,104320,2026-05-31T18:00:00+03:00,18:00
40W000003211272Z,BAFA RES,unknown,2026-05-31 19:00:00+03:00,,4.7,chunk_0054.json,POST /v1/generation/data/dpp-bulk,2026-05-31 21:45:48.227585+00:00,3211272,BAFA RES,104320,2026-05-31T19:00:00+03:00,19:00
40W000003211272Z,BAFA RES,unknown,2026-05-31 20:00:00+03:00,,4.8,chunk_0054.json,POST /v1/generation/data/dpp-bulk,2026-05-31 21:45:48.227585+00:00,3211272,BAFA RES,104320,2026-05-31T20:00:00+03:00,20:00
40W000003211272Z,BAFA RES,unknown,2026-05-31 21:00:00+03:00,,3.8,chunk_0054.json,POST /v1/generation/data/dpp-bulk,2026-05-31 21:45:48.227585+00:00,3211272,BAFA RES,104320,2026-05-31T21:00:00+03:00,21:00
40W000003211272Z,BAFA RES,unknown,2026-05-31 22:00:00+03:00,,2.5,chunk_0054.json,POST /v1/generation/data/dpp-bulk,2026-05-31 21:45:48.227585+00:00,3211272,BAFA RES,104320,2026-05-31T22:00:00+03:00,22:00
40W000003211272Z,BAFA RES,unknown,2026-05-31 23:00:00+03:00,,0.3,chunk_0054.json,POST /v1/generation/data/dpp-bulk,2026-05-31 21:45:48.227585+00:00,3211272,BAFA RES,104320,2026-05-31T23:00:00+03:00,23:00
40W000003212652K,ALİBEYHÜYÜĞÜ RES,unknown,2026-05-31 00:00:00+03:00,,0.2,chunk_0054.json,POST /v1/generation/data/dpp-bulk,2026-05-31 21:45:48.227585+00:00,3212652,ALİBEYHÜYÜĞÜ RES,104320,2026-05-31T00:00:00+03:00,00:00
40W000003212652K,ALİBEYHÜYÜĞÜ RES,unknown,2026-05-31 01:00:00+03:00,,0.3,chunk_0054.json,POST /v1/generation/data/dpp-bulk,2026-05-31 21:45:48.227585+00:00,3212652,ALİBEYHÜYÜĞÜ RES,104320,2026-05-31T01:00:00+03:00,01:00
40W000003212652K,ALİBEYHÜYÜĞÜ RES,unknown,2026-05-31 02:00:00+03:00,,0.6,chunk_0054.json,POST /v1/generation/data/dpp-bulk,2026-05-31 21:45:48.227585+00:00,3212652,ALİBEYHÜYÜĞÜ RES,104320,2026-05-31T02:00:00+03:00,02:00
40W000003212652K,ALİBEYHÜYÜĞÜ RES,unknown,2026-05-31 03:00:00+03:00,,0.7,chunk_0054.json,POST /v1/generation/data/dpp-bulk,2026-05-31 21:45:48.227585+00:00,3212652,ALİBEYHÜYÜĞÜ RES,104320,2026-05-31T03:00:00+03:00,03:00
40W000003212652K,ALİBEYHÜYÜĞÜ RES,unknown,2026-05-31 04:00:00+03:00,,0.94,chunk_0054.json,POST /v1/generation/data/dpp-bulk,2026-05-31 21:45:48.227585+00:00,3212652,ALİBEYHÜYÜĞÜ RES,104320,2026-05-31T04:00:00+03:00,04:00
40W000003212652K,ALİBEYHÜYÜĞÜ RES,unknown,2026-05-31 05:00:00+03:00,,0.5,chunk_0054.json,POST /v1/generation/data/dpp-bulk,2026-05-31 21:45:48.227585+00:00,3212652,ALİBEYHÜYÜĞÜ RES,104320,2026-05-31T05:00:00+03:00,05:00
40W000003212652K,ALİBEYHÜYÜĞÜ RES,unknown,2026-05-31 06:00:00+03:00,,0.4,chunk_0054.json,POST /v1/generation/data/dpp-bulk,2026-05-31 21:45:48.227585+00:00,3212652,ALİBEYHÜYÜĞÜ RES,104320,2026-05-31T06:00:00+03:00,06:00
40W000003212652K,ALİBEYHÜYÜĞÜ RES,unknown,2026-05-31 07:00:00+03:00,,0.2,chunk_0054.json,POST /v1/generation/data/dpp-bulk,2026-05-31 21:45:48.227585+00:00,3212652,ALİBEYHÜYÜĞÜ RES,104320,2026-05-31T07:00:00+03:00,07:00
40W000003212652K,ALİBEYHÜYÜĞÜ RES,unknown,2026-05-31 08:00:00+03:00,,0.1,chunk_0054.json,POST /v1/generation/data/dpp-bulk,2026-05-31 21:45:48.227585+00:00,3212652,ALİBEYHÜYÜĞÜ RES,104320,2026-05-31T08:00:00+03:00,08:00
40W000003212652K,ALİBEYHÜYÜĞÜ RES,unknown,2026-05-31 09:00:00+03:00,,0.1,chunk_0054.json,POST /v1/generation/data/dpp-bulk,2026-05-31 21:45:48.227585+00:00,3212652,ALİBEYHÜYÜĞÜ RES,104320,2026-05-31T09:00:00+03:00,09:00
40W000003212652K,ALİBEYHÜYÜĞÜ RES,unknown,2026-05-31 10:00:00+03:00,,0.1,chunk_0054.json,POST /v1/generation/data/dpp-bulk,2026-05-31 21:45:48.227585+00:00,3212652,ALİBEYHÜYÜĞÜ RES,104320,2026-05-31T10:00:00+03:00,10:00
40W000003212652K,ALİBEYHÜYÜĞÜ RES,unknown,2026-05-31 11:00:00+03:00,,0.1,chunk_0054.json,POST /v1/generation/data/dpp-bulk,2026-05-31 21:45:48.227585+00:00,3212652,ALİBEYHÜYÜĞÜ RES,104320,2026-05-31T11:00:00+03:00,11:00
40W000003212652K,ALİBEYHÜYÜĞÜ RES,unknown,2026-05-31 12:00:00+03:00,,0.2,chunk_0054.json,POST /v1/generation/data/dpp-bulk,2026-05-31 21:45:48.227585+00:00,3212652,ALİBEYHÜYÜĞÜ RES,104320,2026-05-31T12:00:00+03:00,12:00
40W000003212652K,ALİBEYHÜYÜĞÜ RES,unknown,2026-05-31 13:00:00+03:00,,0.3,chunk_0054.json,POST /v1/generation/data/dpp-bulk,2026-05-31 21:45:48.227585+00:00,3212652,ALİBEYHÜYÜĞÜ RES,104320,2026-05-31T13:00:00+03:00,13:00
40W000003212652K,ALİBEYHÜYÜĞÜ RES,unknown,2026-05-31 14:00:00+03:00,,0.4,chunk_0054.json,POST /v1/generation/data/dpp-bulk,2026-05-31 21:45:48.227585+00:00,3212652,ALİBEYHÜYÜĞÜ RES,104320,2026-05-31T14:00:00+03:00,14:00
40W000003212652K,ALİBEYHÜYÜĞÜ RES,unknown,2026-05-31 15:00:00+03:00,,0.4,chunk_0054.json,POST /v1/generation/data/dpp-bulk,2026-05-31 21:45:48.227585+00:00,3212652,ALİBEYHÜYÜĞÜ RES,104320,2026-05-31T15:00:00+03:00,15:00
40W000003212652K,ALİBEYHÜYÜĞÜ RES,unknown,2026-05-31 16:00:00+03:00,,0.6,chunk_0054.json,POST /v1/generation/data/dpp-bulk,2026-05-31 21:45:48.227585+00:00,3212652,ALİBEYHÜYÜĞÜ RES,104320,2026-05-31T16:00:00+03:00,16:00
40W000003212652K,ALİBEYHÜYÜĞÜ RES,unknown,2026-05-31 17:00:00+03:00,,0.7,chunk_0054.json,POST /v1/generation/data/dpp-bulk,2026-05-31 21:45:48.227585+00:00,3212652,ALİBEYHÜYÜĞÜ RES,104320,2026-05-31T17:00:00+03:00,17:00
40W000003212652K,ALİBEYHÜYÜĞÜ RES,unknown,2026-05-31 18:00:00+03:00,,0.6,chunk_0054.json,POST /v1/generation/data/dpp-bulk,2026-05-31 21:45:48.227585+00:00,3212652,ALİBEYHÜYÜĞÜ RES,104320,2026-05-31T18:00:00+03:00,18:00
40W000003212652K,ALİBEYHÜYÜĞÜ RES,unknown,2026-05-31 19:00:00+03:00,,0.6,chunk_0054.json,POST /v1/generation/data/dpp-bulk,2026-05-31 21:45:48.227585+00:00,3212652,ALİBEYHÜYÜĞÜ RES,104320,2026-05-31T19:00:00+03:00,19:00
40W000003212652K,ALİBEYHÜYÜĞÜ RES,unknown,2026-05-31 20:00:00+03:00,,1.5,chunk_0054.json,POST /v1/generation/data/dpp-bulk,2026-05-31 21:45:48.227585+00:00,3212652,ALİBEYHÜYÜĞÜ RES,104320,2026-05-31T20:00:00+03:00,20:00
40W000003212652K,ALİBEYHÜYÜĞÜ RES,unknown,2026-05-31 21:00:00+03:00,,1.8,chunk_0054.json,POST /v1/generation/data/dpp-bulk,2026-05-31 21:45:48.227585+00:00,3212652,ALİBEYHÜYÜĞÜ RES,104320,2026-05-31T21:00:00+03:00,21:00
40W000003212652K,ALİBEYHÜYÜĞÜ RES,unknown,2026-05-31 22:00:00+03:00,,1.5,chunk_0054.json,POST /v1/generation/data/dpp-bulk,2026-05-31 21:45:48.227585+00:00,3212652,ALİBEYHÜYÜĞÜ RES,104320,2026-05-31T22:00:00+03:00,22:00
40W000003212652K,ALİBEYHÜYÜĞÜ RES,unknown,2026-05-31 23:00:00+03:00,,1.3,chunk_0054.json,POST /v1/generation/data/dpp-bulk,2026-05-31 21:45:48.227585+00:00,3212652,ALİBEYHÜYÜĞÜ RES,104320,2026-05-31T23:00:00+03:00,23:00
40W0000032126928,GREENECO JES-6,unknown,2026-05-31 00:00:00+03:00,,26.0,chunk_0054.json,POST /v1/generation/data/dpp-bulk,2026-05-31 21:45:48.227585+00:00,3212692,GREENECO JES-6,104341,2026-05-31T00:00:00+03:00,00:00
40W0000032126928,GREENECO JES-6,unknown,2026-05-31 01:00:00+03:00,,26.0,chunk_0054.json,POST /v1/generation/data/dpp-bulk,2026-05-31 21:45:48.227585+00:00,3212692,GREENECO JES-6,104341,2026-05-31T01:00:00+03:00,01:00
40W0000032126928,GREENECO JES-6,unknown,2026-05-31 02:00:00+03:00,,26.0,chunk_0054.json,POST /v1/generation/data/dpp-bulk,2026-05-31 21:45:48.227585+00:00,3212692,GREENECO JES-6,104341,2026-05-31T02:00:00+03:00,02:00
40W0000032126928,GREENECO JES-6,unknown,2026-05-31 03:00:00+03:00,,26.0,chunk_0054.json,POST /v1/generation/data/dpp-bulk,2026-05-31 21:45:48.227585+00:00,3212692,GREENECO JES-6,104341,2026-05-31T03:00:00+03:00,03:00
40W0000032126928,GREENECO JES-6,unknown,2026-05-31 04:00:00+03:00,,26.0,chunk_0054.json,POST /v1/generation/data/dpp-bulk,2026-05-31 21:45:48.227585+00:00,3212692,GREENECO JES-6,104341,2026-05-31T04:00:00+03:00,04:00
40W0000032126928,GREENECO JES-6,unknown,2026-05-31 05:00:00+03:00,,26.0,chunk_0054.json,POST /v1/generation/data/dpp-bulk,2026-05-31 21:45:48.227585+00:00,3212692,GREENECO JES-6,104341,2026-05-31T05:00:00+03:00,05:00
40W0000032126928,GREENECO JES-6,unknown,2026-05-31 06:00:00+03:00,,26.0,chunk_0054.json,POST /v1/generation/data/dpp-bulk,2026-05-31 21:45:48.227585+00:00,3212692,GREENECO JES-6,104341,2026-05-31T06:00:00+03:00,06:00
40W0000032126928,GREENECO JES-6,unknown,2026-05-31 07:00:00+03:00,,26.0,chunk_0054.json,POST /v1/generation/data/dpp-bulk,2026-05-31 21:45:48.227585+00:00,3212692,GREENECO JES-6,104341,2026-05-31T07:00:00+03:00,07:00
40W0000032126928,GREENECO JES-6,unknown,2026-05-31 08:00:00+03:00,,26.0,chunk_0054.json,POST /v1/generation/data/dpp-bulk,2026-05-31 21:45:48.227585+00:00,3212692,GREENECO JES-6,104341,2026-05-31T08:00:00+03:00,08:00
40W0000032126928,GREENECO JES-6,unknown,2026-05-31 09:00:00+03:00,,26.0,chunk_0054.json,POST /v1/generation/data/dpp-bulk,2026-05-31 21:45:48.227585+00:00,3212692,GREENECO JES-6,104341,2026-05-31T09:00:00+03:00,09:00
40W0000032126928,GREENECO JES-6,unknown,2026-05-31 10:00:00+03:00,,26.0,chunk_0054.json,POST /v1/generation/data/dpp-bulk,2026-05-31 21:45:48.227585+00:00,3212692,GREENECO JES-6,104341,2026-05-31T10:00:00+03:00,10:00
40W0000032126928,GREENECO JES-6,unknown,2026-05-31 11:00:00+03:00,,26.0,chunk_0054.json,POST /v1/generation/data/dpp-bulk,2026-05-31 21:45:48.227585+00:00,3212692,GREENECO JES-6,104341,2026-05-31T11:00:00+03:00,11:00
40W0000032126928,GREENECO JES-6,unknown,2026-05-31 12:00:00+03:00,,26.0,chunk_0054.json,POST /v1/generation/data/dpp-bulk,2026-05-31 21:45:48.227585+00:00,3212692,GREENECO JES-6,104341,2026-05-31T12:00:00+03:00,12:00
40W0000032126928,GREENECO JES-6,unknown,2026-05-31 13:00:00+03:00,,26.0,chunk_0054.json,POST /v1/generation/data/dpp-bulk,2026-05-31 21:45:48.227585+00:00,3212692,GREENECO JES-6,104341,2026-05-31T13:00:00+03:00,13:00
40W0000032126928,GREENECO JES-6,unknown,2026-05-31 14:00:00+03:00,,26.0,chunk_0054.json,POST /v1/generation/data/dpp-bulk,2026-05-31 21:45:48.227585+00:00,3212692,GREENECO JES-6,104341,2026-05-31T14:00:00+03:00,14:00
40W0000032126928,GREENECO JES-6,unknown,2026-05-31 15:00:00+03:00,,26.0,chunk_0054.json,POST /v1/generation/data/dpp-bulk,2026-05-31 21:45:48.227585+00:00,3212692,GREENECO JES-6,104341,2026-05-31T15:00:00+03:00,15:00
40W0000032126928,GREENECO JES-6,unknown,2026-05-31 16:00:00+03:00,,26.0,chunk_0054.json,POST /v1/generation/data/dpp-bulk,2026-05-31 21:45:48.227585+00:00,3212692,GREENECO JES-6,104341,2026-05-31T16:00:00+03:00,16:00
40W0000032126928,GREENECO JES-6,unknown,2026-05-31 17:00:00+03:00,,26.0,chunk_0054.json,POST /v1/generation/data/dpp-bulk,2026-05-31 21:45:48.227585+00:00,3212692,GREENECO JES-6,104341,2026-05-31T17:00:00+03:00,17:00
40W0000032126928,GREENECO JES-6,unknown,2026-05-31 18:00:00+03:00,,26.0,chunk_0054.json,POST /v1/generation/data/dpp-bulk,2026-05-31 21:45:48.227585+00:00,3212692,GREENECO JES-6,104341,2026-05-31T18:00:00+03:00,18:00
40W0000032126928,GREENECO JES-6,unknown,2026-05-31 19:00:00+03:00,,26.0,chunk_0054.json,POST /v1/generation/data/dpp-bulk,2026-05-31 21:45:48.227585+00:00,3212692,GREENECO JES-6,104341,2026-05-31T19:00:00+03:00,19:00
40W0000032126928,GREENECO JES-6,unknown,2026-05-31 20:00:00+03:00,,26.0,chunk_0054.json,POST /v1/generation/data/dpp-bulk,2026-05-31 21:45:48.227585+00:00,3212692,GREENECO JES-6,104341,2026-05-31T20:00:00+03:00,20:00
40W0000032126928,GREENECO JES-6,unknown,2026-05-31 21:00:00+03:00,,26.0,chunk_0054.json,POST /v1/generation/data/dpp-bulk,2026-05-31 21:45:48.227585+00:00,3212692,GREENECO JES-6,104341,2026-05-31T21:00:00+03:00,21:00
40W0000032126928,GREENECO JES-6,unknown,2026-05-31 22:00:00+03:00,,26.0,chunk_0054.json,POST /v1/generation/data/dpp-bulk,2026-05-31 21:45:48.227585+00:00,3212692,GREENECO JES-6,104341,2026-05-31T22:00:00+03:00,22:00
40W0000032126928,GREENECO JES-6,unknown,2026-05-31 23:00:00+03:00,,26.0,chunk_0054.json,POST /v1/generation/data/dpp-bulk,2026-05-31 21:45:48.227585+00:00,3212692,GREENECO JES-6,104341,2026-05-31T23:00:00+03:00,23:00
40W0000032127908,TEKSİN GES,unknown,2026-05-31 00:00:00+03:00,,0.0,chunk_0054.json,POST /v1/generation/data/dpp-bulk,2026-05-31 21:45:48.227585+00:00,3212790,TEKSİN GES,104341,2026-05-31T00:00:00+03:00,00:00
40W0000032127908,TEKSİN GES,unknown,2026-05-31 01:00:00+03:00,,0.0,chunk_0054.json,POST /v1/generation/data/dpp-bulk,2026-05-31 21:45:48.227585+00:00,3212790,TEKSİN GES,104341,2026-05-31T01:00:00+03:00,01:00
40W0000032127908,TEKSİN GES,unknown,2026-05-31 02:00:00+03:00,,0.0,chunk_0054.json,POST /v1/generation/data/dpp-bulk,2026-05-31 21:45:48.227585+00:00,3212790,TEKSİN GES,104341,2026-05-31T02:00:00+03:00,02:00
40W0000032127908,TEKSİN GES,unknown,2026-05-31 03:00:00+03:00,,0.0,chunk_0054.json,POST /v1/generation/data/dpp-bulk,2026-05-31 21:45:48.227585+00:00,3212790,TEKSİN GES,104341,2026-05-31T03:00:00+03:00,03:00
40W0000032127908,TEKSİN GES,unknown,2026-05-31 04:00:00+03:00,,0.0,chunk_0054.json,POST /v1/generation/data/dpp-bulk,2026-05-31 21:45:48.227585+00:00,3212790,TEKSİN GES,104341,2026-05-31T04:00:00+03:00,04:00
40W0000032127908,TEKSİN GES,unknown,2026-05-31 05:00:00+03:00,,0.32,chunk_0054.json,POST /v1/generation/data/dpp-bulk,2026-05-31 21:45:48.227585+00:00,3212790,TEKSİN GES,104341,2026-05-31T05:00:00+03:00,05:00
40W0000032127908,TEKSİN GES,unknown,2026-05-31 06:00:00+03:00,,2.92,chunk_0054.json,POST /v1/generation/data/dpp-bulk,2026-05-31 21:45:48.227585+00:00,3212790,TEKSİN GES,104341,2026-05-31T06:00:00+03:00,06:00
40W0000032127908,TEKSİN GES,unknown,2026-05-31 07:00:00+03:00,,13.41,chunk_0054.json,POST /v1/generation/data/dpp-bulk,2026-05-31 21:45:48.227585+00:00,3212790,TEKSİN GES,104341,2026-05-31T07:00:00+03:00,07:00
40W0000032127908,TEKSİN GES,unknown,2026-05-31 08:00:00+03:00,,28.9,chunk_0054.json,POST /v1/generation/data/dpp-bulk,2026-05-31 21:45:48.227585+00:00,3212790,TEKSİN GES,104341,2026-05-31T08:00:00+03:00,08:00
40W0000032127908,TEKSİN GES,unknown,2026-05-31 09:00:00+03:00,,33.12,chunk_0054.json,POST /v1/generation/data/dpp-bulk,2026-05-31 21:45:48.227585+00:00,3212790,TEKSİN GES,104341,2026-05-31T09:00:00+03:00,09:00
40W0000032127908,TEKSİN GES,unknown,2026-05-31 10:00:00+03:00,,33.12,chunk_0054.json,POST /v1/generation/data/dpp-bulk,2026-05-31 21:45:48.227585+00:00,3212790,TEKSİN GES,104341,2026-05-31T10:00:00+03:00,10:00
40W0000032127908,TEKSİN GES,unknown,2026-05-31 11:00:00+03:00,,33.12,chunk_0054.json,POST /v1/generation/data/dpp-bulk,2026-05-31 21:45:48.227585+00:00,3212790,TEKSİN GES,104341,2026-05-31T11:00:00+03:00,11:00
40W0000032127908,TEKSİN GES,unknown,2026-05-31 12:00:00+03:00,,33.12,chunk_0054.json,POST /v1/generation/data/dpp-bulk,2026-05-31 21:45:48.227585+00:00,3212790,TEKSİN GES,104341,2026-05-31T12:00:00+03:00,12:00
40W0000032127908,TEKSİN GES,unknown,2026-05-31 13:00:00+03:00,,33.12,chunk_0054.json,POST /v1/generation/data/dpp-bulk,2026-05-31 21:45:48.227585+00:00,3212790,TEKSİN GES,104341,2026-05-31T13:00:00+03:00,13:00
40W0000032127908,TEKSİN GES,unknown,2026-05-31 14:00:00+03:00,,33.12,chunk_0054.json,POST /v1/generation/data/dpp-bulk,2026-05-31 21:45:48.227585+00:00,3212790,TEKSİN GES,104341,2026-05-31T14:00:00+03:00,14:00
40W0000032127908,TEKSİN GES,unknown,2026-05-31 15:00:00+03:00,,33.12,chunk_0054.json,POST /v1/generation/data/dpp-bulk,2026-05-31 21:45:48.227585+00:00,3212790,TEKSİN GES,104341,2026-05-31T15:00:00+03:00,15:00
40W0000032127908,TEKSİN GES,unknown,2026-05-31 16:00:00+03:00,,33.12,chunk_0054.json,POST /v1/generation/data/dpp-bulk,2026-05-31 21:45:48.227585+00:00,3212790,TEKSİN GES,104341,2026-05-31T16:00:00+03:00,16:00
40W0000032127908,TEKSİN GES,unknown,2026-05-31 17:00:00+03:00,,19.04,chunk_0054.json,POST /v1/generation/data/dpp-bulk,2026-05-31 21:45:48.227585+00:00,3212790,TEKSİN GES,104341,2026-05-31T17:00:00+03:00,17:00
40W0000032127908,TEKSİN GES,unknown,2026-05-31 18:00:00+03:00,,5.59,chunk_0054.json,POST /v1/generation/data/dpp-bulk,2026-05-31 21:45:48.227585+00:00,3212790,TEKSİN GES,104341,2026-05-31T18:00:00+03:00,18:00
40W0000032127908,TEKSİN GES,unknown,2026-05-31 19:00:00+03:00,,1.12,chunk_0054.json,POST /v1/generation/data/dpp-bulk,2026-05-31 21:45:48.227585+00:00,3212790,TEKSİN GES,104341,2026-05-31T19:00:00+03:00,19:00
40W0000032127908,TEKSİN GES,unknown,2026-05-31 20:00:00+03:00,,0.0,chunk_0054.json,POST /v1/generation/data/dpp-bulk,2026-05-31 21:45:48.227585+00:00,3212790,TEKSİN GES,104341,2026-05-31T20:00:00+03:00,20:00
40W0000032127908,TEKSİN GES,unknown,2026-05-31 21:00:00+03:00,,0.0,chunk_0054.json,POST /v1/generation/data/dpp-bulk,2026-05-31 21:45:48.227585+00:00,3212790,TEKSİN GES,104341,2026-05-31T21:00:00+03:00,21:00
40W0000032127908,TEKSİN GES,unknown,2026-05-31 22:00:00+03:00,,0.0,chunk_0054.json,POST /v1/generation/data/dpp-bulk,2026-05-31 21:45:48.227585+00:00,3212790,TEKSİN GES,104341,2026-05-31T22:00:00+03:00,22:00
40W0000032127908,TEKSİN GES,unknown,2026-05-31 23:00:00+03:00,,0.0,chunk_0054.json,POST /v1/generation/data/dpp-bulk,2026-05-31 21:45:48.227585+00:00,3212790,TEKSİN GES,104341,2026-05-31T23:00:00+03:00,23:00
40W000003213090V,ARAKLI KAÇKAR REG. ve HES,unknown,2026-05-31 00:00:00+03:00,,3.8,chunk_0054.json,POST /v1/generation/data/dpp-bulk,2026-05-31 21:45:48.227585+00:00,3213090,ARAKLI KAÇKAR REG. ve HES,104381,2026-05-31T00:00:00+03:00,00:00
40W000003213090V,ARAKLI KAÇKAR REG. ve HES,unknown,2026-05-31 01:00:00+03:00,,3.8,chunk_0054.json,POST /v1/generation/data/dpp-bulk,2026-05-31 21:45:48.227585+00:00,3213090,ARAKLI KAÇKAR REG. ve HES,104381,2026-05-31T01:00:00+03:00,01:00
40W000003213090V,ARAKLI KAÇKAR REG. ve HES,unknown,2026-05-31 02:00:00+03:00,,3.8,chunk_0054.json,POST /v1/generation/data/dpp-bulk,2026-05-31 21:45:48.227585+00:00,3213090,ARAKLI KAÇKAR REG. ve HES,104381,2026-05-31T02:00:00+03:00,02:00
40W000003213090V,ARAKLI KAÇKAR REG. ve HES,unknown,2026-05-31 03:00:00+03:00,,3.8,chunk_0054.json,POST /v1/generation/data/dpp-bulk,2026-05-31 21:45:48.227585+00:00,3213090,ARAKLI KAÇKAR REG. ve HES,104381,2026-05-31T03:00:00+03:00,03:00
40W000003213090V,ARAKLI KAÇKAR REG. ve HES,unknown,2026-05-31 04:00:00+03:00,,3.8,chunk_0054.json,POST /v1/generation/data/dpp-bulk,2026-05-31 21:45:48.227585+00:00,3213090,ARAKLI KAÇKAR REG. ve HES,104381,2026-05-31T04:00:00+03:00,04:00
40W000003213090V,ARAKLI KAÇKAR REG. ve HES,unknown,2026-05-31 05:00:00+03:00,,3.8,chunk_0054.json,POST /v1/generation/data/dpp-bulk,2026-05-31 21:45:48.227585+00:00,3213090,ARAKLI KAÇKAR REG. ve HES,104381,2026-05-31T05:00:00+03:00,05:00
40W000003213090V,ARAKLI KAÇKAR REG. ve HES,unknown,2026-05-31 06:00:00+03:00,,3.8,chunk_0054.json,POST /v1/generation/data/dpp-bulk,2026-05-31 21:45:48.227585+00:00,3213090,ARAKLI KAÇKAR REG. ve HES,104381,2026-05-31T06:00:00+03:00,06:00
40W000003213090V,ARAKLI KAÇKAR REG. ve HES,unknown,2026-05-31 07:00:00+03:00,,3.8,chunk_0054.json,POST /v1/generation/data/dpp-bulk,2026-05-31 21:45:48.227585+00:00,3213090,ARAKLI KAÇKAR REG. ve HES,104381,2026-05-31T07:00:00+03:00,07:00
40W000003213090V,ARAKLI KAÇKAR REG. ve HES,unknown,2026-05-31 08:00:00+03:00,,3.8,chunk_0054.json,POST /v1/generation/data/dpp-bulk,2026-05-31 21:45:48.227585+00:00,3213090,ARAKLI KAÇKAR REG. ve HES,104381,2026-05-31T08:00:00+03:00,08:00
40W000003213090V,ARAKLI KAÇKAR REG. ve HES,unknown,2026-05-31 09:00:00+03:00,,3.8,chunk_0054.json,POST /v1/generation/data/dpp-bulk,2026-05-31 21:45:48.227585+00:00,3213090,ARAKLI KAÇKAR REG. ve HES,104381,2026-05-31T09:00:00+03:00,09:00
40W000003213090V,ARAKLI KAÇKAR REG. ve HES,unknown,2026-05-31 10:00:00+03:00,,3.8,chunk_0054.json,POST /v1/generation/data/dpp-bulk,2026-05-31 21:45:48.227585+00:00,3213090,ARAKLI KAÇKAR REG. ve HES,104381,2026-05-31T10:00:00+03:00,10:00
40W000003213090V,ARAKLI KAÇKAR REG. ve HES,unknown,2026-05-31 11:00:00+03:00,,3.8,chunk_0054.json,POST /v1/generation/data/dpp-bulk,2026-05-31 21:45:48.227585+00:00,3213090,ARAKLI KAÇKAR REG. ve HES,104381,2026-05-31T11:00:00+03:00,11:00
40W000003213090V,ARAKLI KAÇKAR REG. ve HES,unknown,2026-05-31 12:00:00+03:00,,3.8,chunk_0054.json,POST /v1/generation/data/dpp-bulk,2026-05-31 21:45:48.227585+00:00,3213090,ARAKLI KAÇKAR REG. ve HES,104381,2026-05-31T12:00:00+03:00,12:00
40W000003213090V,ARAKLI KAÇKAR REG. ve HES,unknown,2026-05-31 13:00:00+03:00,,3.8,chunk_0054.json,POST /v1/generation/data/dpp-bulk,2026-05-31 21:45:48.227585+00:00,3213090,ARAKLI KAÇKAR REG. ve HES,104381,2026-05-31T13:00:00+03:00,13:00
40W000003213090V,ARAKLI KAÇKAR REG. ve HES,unknown,2026-05-31 14:00:00+03:00,,3.8,chunk_0054.json,POST /v1/generation/data/dpp-bulk,2026-05-31 21:45:48.227585+00:00,3213090,ARAKLI KAÇKAR REG. ve HES,104381,2026-05-31T14:00:00+03:00,14:00
40W000003213090V,ARAKLI KAÇKAR REG. ve HES,unknown,2026-05-31 15:00:00+03:00,,3.8,chunk_0054.json,POST /v1/generation/data/dpp-bulk,2026-05-31 21:45:48.227585+00:00,3213090,ARAKLI KAÇKAR REG. ve HES,104381,2026-05-31T15:00:00+03:00,15:00
40W000003213090V,ARAKLI KAÇKAR REG. ve HES,unknown,2026-05-31 16:00:00+03:00,,3.8,chunk_0054.json,POST /v1/generation/data/dpp-bulk,2026-05-31 21:45:48.227585+00:00,3213090,ARAKLI KAÇKAR REG. ve HES,104381,2026-05-31T16:00:00+03:00,16:00
40W000003213090V,ARAKLI KAÇKAR REG. ve HES,unknown,2026-05-31 17:00:00+03:00,,3.8,chunk_0054.json,POST /v1/generation/data/dpp-bulk,2026-05-31 21:45:48.227585+00:00,3213090,ARAKLI KAÇKAR REG. ve HES,104381,2026-05-31T17:00:00+03:00,17:00
40W000003213090V,ARAKLI KAÇKAR REG. ve HES,unknown,2026-05-31 18:00:00+03:00,,3.8,chunk_0054.json,POST /v1/generation/data/dpp-bulk,2026-05-31 21:45:48.227585+00:00,3213090,ARAKLI KAÇKAR REG. ve HES,104381,2026-05-31T18:00:00+03:00,18:00
40W000003213090V,ARAKLI KAÇKAR REG. ve HES,unknown,2026-05-31 19:00:00+03:00,,3.8,chunk_0054.json,POST /v1/generation/data/dpp-bulk,2026-05-31 21:45:48.227585+00:00,3213090,ARAKLI KAÇKAR REG. ve HES,104381,2026-05-31T19:00:00+03:00,19:00
40W000003213090V,ARAKLI KAÇKAR REG. ve HES,unknown,2026-05-31 20:00:00+03:00,,3.8,chunk_0054.json,POST /v1/generation/data/dpp-bulk,2026-05-31 21:45:48.227585+00:00,3213090,ARAKLI KAÇKAR REG. ve HES,104381,2026-05-31T20:00:00+03:00,20:00
40W000003213090V,ARAKLI KAÇKAR REG. ve HES,unknown,2026-05-31 21:00:00+03:00,,3.8,chunk_0054.json,POST /v1/generation/data/dpp-bulk,2026-05-31 21:45:48.227585+00:00,3213090,ARAKLI KAÇKAR REG. ve HES,104381,2026-05-31T21:00:00+03:00,21:00
40W000003213090V,ARAKLI KAÇKAR REG. ve HES,unknown,2026-05-31 22:00:00+03:00,,3.8,chunk_0054.json,POST /v1/generation/data/dpp-bulk,2026-05-31 21:45:48.227585+00:00,3213090,ARAKLI KAÇKAR REG. ve HES,104381,2026-05-31T22:00:00+03:00,22:00
40W000003213090V,ARAKLI KAÇKAR REG. ve HES,unknown,2026-05-31 23:00:00+03:00,,3.8,chunk_0054.json,POST /v1/generation/data/dpp-bulk,2026-05-31 21:45:48.227585+00:00,3213090,ARAKLI KAÇKAR REG. ve HES,104381,2026-05-31T23:00:00+03:00,23:00
