entsoe_code,plant_name,fuel_type,delivery_hour,publication_timestamp,kgup_mwh,source_file,source_api,forecast_timestamp,uevcb_id,uevcb_name,org_id,date_raw,time_raw
40W000003207230R,AREL ENERJİ ORTACA BİYOKÜTLE TESİSİ,unknown,2026-05-31 00:00:00+03:00,,0.45,chunk_0048.json,POST /v1/generation/data/dpp-bulk,2026-05-31 21:45:45.641495+00:00,3207230,AREL ENERJİ ORTACA BİYOKÜTLE TESİSİ,5470,2026-05-31T00:00:00+03:00,00:00
40W000003207230R,AREL ENERJİ ORTACA BİYOKÜTLE TESİSİ,unknown,2026-05-31 01:00:00+03:00,,0.45,chunk_0048.json,POST /v1/generation/data/dpp-bulk,2026-05-31 21:45:45.641495+00:00,3207230,AREL ENERJİ ORTACA BİYOKÜTLE TESİSİ,5470,2026-05-31T01:00:00+03:00,01:00
40W000003207230R,AREL ENERJİ ORTACA BİYOKÜTLE TESİSİ,unknown,2026-05-31 02:00:00+03:00,,0.0,chunk_0048.json,POST /v1/generation/data/dpp-bulk,2026-05-31 21:45:45.641495+00:00,3207230,AREL ENERJİ ORTACA BİYOKÜTLE TESİSİ,5470,2026-05-31T02:00:00+03:00,02:00
40W000003207230R,AREL ENERJİ ORTACA BİYOKÜTLE TESİSİ,unknown,2026-05-31 03:00:00+03:00,,0.0,chunk_0048.json,POST /v1/generation/data/dpp-bulk,2026-05-31 21:45:45.641495+00:00,3207230,AREL ENERJİ ORTACA BİYOKÜTLE TESİSİ,5470,2026-05-31T03:00:00+03:00,03:00
40W000003207230R,AREL ENERJİ ORTACA BİYOKÜTLE TESİSİ,unknown,2026-05-31 04:00:00+03:00,,0.45,chunk_0048.json,POST /v1/generation/data/dpp-bulk,2026-05-31 21:45:45.641495+00:00,3207230,AREL ENERJİ ORTACA BİYOKÜTLE TESİSİ,5470,2026-05-31T04:00:00+03:00,04:00
40W000003207230R,AREL ENERJİ ORTACA BİYOKÜTLE TESİSİ,unknown,2026-05-31 05:00:00+03:00,,0.45,chunk_0048.json,POST /v1/generation/data/dpp-bulk,2026-05-31 21:45:45.641495+00:00,3207230,AREL ENERJİ ORTACA BİYOKÜTLE TESİSİ,5470,2026-05-31T05:00:00+03:00,05:00
40W000003207230R,AREL ENERJİ ORTACA BİYOKÜTLE TESİSİ,unknown,2026-05-31 06:00:00+03:00,,0.0,chunk_0048.json,POST /v1/generation/data/dpp-bulk,2026-05-31 21:45:45.641495+00:00,3207230,AREL ENERJİ ORTACA BİYOKÜTLE TESİSİ,5470,2026-05-31T06:00:00+03:00,06:00
40W000003207230R,AREL ENERJİ ORTACA BİYOKÜTLE TESİSİ,unknown,2026-05-31 07:00:00+03:00,,0.0,chunk_0048.json,POST /v1/generation/data/dpp-bulk,2026-05-31 21:45:45.641495+00:00,3207230,AREL ENERJİ ORTACA BİYOKÜTLE TESİSİ,5470,2026-05-31T07:00:00+03:00,07:00
40W000003207230R,AREL ENERJİ ORTACA BİYOKÜTLE TESİSİ,unknown,2026-05-31 08:00:00+03:00,,0.45,chunk_0048.json,POST /v1/generation/data/dpp-bulk,2026-05-31 21:45:45.641495+00:00,3207230,AREL ENERJİ ORTACA BİYOKÜTLE TESİSİ,5470,2026-05-31T08:00:00+03:00,08:00
40W000003207230R,AREL ENERJİ ORTACA BİYOKÜTLE TESİSİ,unknown,2026-05-31 09:00:00+03:00,,0.45,chunk_0048.json,POST /v1/generation/data/dpp-bulk,2026-05-31 21:45:45.641495+00:00,3207230,AREL ENERJİ ORTACA BİYOKÜTLE TESİSİ,5470,2026-05-31T09:00:00+03:00,09:00
40W000003207230R,AREL ENERJİ ORTACA BİYOKÜTLE TESİSİ,unknown,2026-05-31 10:00:00+03:00,,0.0,chunk_0048.json,POST /v1/generation/data/dpp-bulk,2026-05-31 21:45:45.641495+00:00,3207230,AREL ENERJİ ORTACA BİYOKÜTLE TESİSİ,5470,2026-05-31T10:00:00+03:00,10:00
40W000003207230R,AREL ENERJİ ORTACA BİYOKÜTLE TESİSİ,unknown,2026-05-31 11:00:00+03:00,,0.0,chunk_0048.json,POST /v1/generation/data/dpp-bulk,2026-05-31 21:45:45.641495+00:00,3207230,AREL ENERJİ ORTACA BİYOKÜTLE TESİSİ,5470,2026-05-31T11:00:00+03:00,11:00
40W000003207230R,AREL ENERJİ ORTACA BİYOKÜTLE TESİSİ,unknown,2026-05-31 12:00:00+03:00,,0.45,chunk_0048.json,POST /v1/generation/data/dpp-bulk,2026-05-31 21:45:45.641495+00:00,3207230,AREL ENERJİ ORTACA BİYOKÜTLE TESİSİ,5470,2026-05-31T12:00:00+03:00,12:00
40W000003207230R,AREL ENERJİ ORTACA BİYOKÜTLE TESİSİ,unknown,2026-05-31 13:00:00+03:00,,0.45,chunk_0048.json,POST /v1/generation/data/dpp-bulk,2026-05-31 21:45:45.641495+00:00,3207230,AREL ENERJİ ORTACA BİYOKÜTLE TESİSİ,5470,2026-05-31T13:00:00+03:00,13:00
40W000003207230R,AREL ENERJİ ORTACA BİYOKÜTLE TESİSİ,unknown,2026-05-31 14:00:00+03:00,,0.0,chunk_0048.json,POST /v1/generation/data/dpp-bulk,2026-05-31 21:45:45.641495+00:00,3207230,AREL ENERJİ ORTACA BİYOKÜTLE TESİSİ,5470,2026-05-31T14:00:00+03:00,14:00
40W000003207230R,AREL ENERJİ ORTACA BİYOKÜTLE TESİSİ,unknown,2026-05-31 15:00:00+03:00,,0.0,chunk_0048.json,POST /v1/generation/data/dpp-bulk,2026-05-31 21:45:45.641495+00:00,3207230,AREL ENERJİ ORTACA BİYOKÜTLE TESİSİ,5470,2026-05-31T15:00:00+03:00,15:00
40W000003207230R,AREL ENERJİ ORTACA BİYOKÜTLE TESİSİ,unknown,2026-05-31 16:00:00+03:00,,0.45,chunk_0048.json,POST /v1/generation/data/dpp-bulk,2026-05-31 21:45:45.641495+00:00,3207230,AREL ENERJİ ORTACA BİYOKÜTLE TESİSİ,5470,2026-05-31T16:00:00+03:00,16:00
40W000003207230R,AREL ENERJİ ORTACA BİYOKÜTLE TESİSİ,unknown,2026-05-31 17:00:00+03:00,,0.45,chunk_0048.json,POST /v1/generation/data/dpp-bulk,2026-05-31 21:45:45.641495+00:00,3207230,AREL ENERJİ ORTACA BİYOKÜTLE TESİSİ,5470,2026-05-31T17:00:00+03:00,17:00
40W000003207230R,AREL ENERJİ ORTACA BİYOKÜTLE TESİSİ,unknown,2026-05-31 18:00:00+03:00,,0.0,chunk_0048.json,POST /v1/generation/data/dpp-bulk,2026-05-31 21:45:45.641495+00:00,3207230,AREL ENERJİ ORTACA BİYOKÜTLE TESİSİ,5470,2026-05-31T18:00:00+03:00,18:00
40W000003207230R,AREL ENERJİ ORTACA BİYOKÜTLE TESİSİ,unknown,2026-05-31 19:00:00+03:00,,0.0,chunk_0048.json,POST /v1/generation/data/dpp-bulk,2026-05-31 21:45:45.641495+00:00,3207230,AREL ENERJİ ORTACA BİYOKÜTLE TESİSİ,5470,2026-05-31T19:00:00+03:00,19:00
40W000003207230R,AREL ENERJİ ORTACA BİYOKÜTLE TESİSİ,unknown,2026-05-31 20:00:00+03:00,,0.45,chunk_0048.json,POST /v1/generation/data/dpp-bulk,2026-05-31 21:45:45.641495+00:00,3207230,AREL ENERJİ ORTACA BİYOKÜTLE TESİSİ,5470,2026-05-31T20:00:00+03:00,20:00
40W000003207230R,AREL ENERJİ ORTACA BİYOKÜTLE TESİSİ,unknown,2026-05-31 21:00:00+03:00,,0.45,chunk_0048.json,POST /v1/generation/data/dpp-bulk,2026-05-31 21:45:45.641495+00:00,3207230,AREL ENERJİ ORTACA BİYOKÜTLE TESİSİ,5470,2026-05-31T21:00:00+03:00,21:00
40W000003207230R,AREL ENERJİ ORTACA BİYOKÜTLE TESİSİ,unknown,2026-05-31 22:00:00+03:00,,0.0,chunk_0048.json,POST /v1/generation/data/dpp-bulk,2026-05-31 21:45:45.641495+00:00,3207230,AREL ENERJİ ORTACA BİYOKÜTLE TESİSİ,5470,2026-05-31T22:00:00+03:00,22:00
40W000003207230R,AREL ENERJİ ORTACA BİYOKÜTLE TESİSİ,unknown,2026-05-31 23:00:00+03:00,,0.0,chunk_0048.json,POST /v1/generation/data/dpp-bulk,2026-05-31 21:45:45.641495+00:00,3207230,AREL ENERJİ ORTACA BİYOKÜTLE TESİSİ,5470,2026-05-31T23:00:00+03:00,23:00
40W0000032072909,ÖZMEN-3 JES,unknown,2026-05-31 00:00:00+03:00,,8.5,chunk_0048.json,POST /v1/generation/data/dpp-bulk,2026-05-31 21:45:45.641495+00:00,3207290,ÖZMEN-3 JES,10593,2026-05-31T00:00:00+03:00,00:00
40W0000032072909,ÖZMEN-3 JES,unknown,2026-05-31 01:00:00+03:00,,8.8,chunk_0048.json,POST /v1/generation/data/dpp-bulk,2026-05-31 21:45:45.641495+00:00,3207290,ÖZMEN-3 JES,10593,2026-05-31T01:00:00+03:00,01:00
40W0000032072909,ÖZMEN-3 JES,unknown,2026-05-31 02:00:00+03:00,,8.8,chunk_0048.json,POST /v1/generation/data/dpp-bulk,2026-05-31 21:45:45.641495+00:00,3207290,ÖZMEN-3 JES,10593,2026-05-31T02:00:00+03:00,02:00
40W0000032072909,ÖZMEN-3 JES,unknown,2026-05-31 03:00:00+03:00,,8.8,chunk_0048.json,POST /v1/generation/data/dpp-bulk,2026-05-31 21:45:45.641495+00:00,3207290,ÖZMEN-3 JES,10593,2026-05-31T03:00:00+03:00,03:00
40W0000032072909,ÖZMEN-3 JES,unknown,2026-05-31 04:00:00+03:00,,8.8,chunk_0048.json,POST /v1/generation/data/dpp-bulk,2026-05-31 21:45:45.641495+00:00,3207290,ÖZMEN-3 JES,10593,2026-05-31T04:00:00+03:00,04:00
40W0000032072909,ÖZMEN-3 JES,unknown,2026-05-31 05:00:00+03:00,,8.8,chunk_0048.json,POST /v1/generation/data/dpp-bulk,2026-05-31 21:45:45.641495+00:00,3207290,ÖZMEN-3 JES,10593,2026-05-31T05:00:00+03:00,05:00
40W0000032072909,ÖZMEN-3 JES,unknown,2026-05-31 06:00:00+03:00,,8.8,chunk_0048.json,POST /v1/generation/data/dpp-bulk,2026-05-31 21:45:45.641495+00:00,3207290,ÖZMEN-3 JES,10593,2026-05-31T06:00:00+03:00,06:00
40W0000032072909,ÖZMEN-3 JES,unknown,2026-05-31 07:00:00+03:00,,8.8,chunk_0048.json,POST /v1/generation/data/dpp-bulk,2026-05-31 21:45:45.641495+00:00,3207290,ÖZMEN-3 JES,10593,2026-05-31T07:00:00+03:00,07:00
40W0000032072909,ÖZMEN-3 JES,unknown,2026-05-31 08:00:00+03:00,,8.8,chunk_0048.json,POST /v1/generation/data/dpp-bulk,2026-05-31 21:45:45.641495+00:00,3207290,ÖZMEN-3 JES,10593,2026-05-31T08:00:00+03:00,08:00
40W0000032072909,ÖZMEN-3 JES,unknown,2026-05-31 09:00:00+03:00,,8.2,chunk_0048.json,POST /v1/generation/data/dpp-bulk,2026-05-31 21:45:45.641495+00:00,3207290,ÖZMEN-3 JES,10593,2026-05-31T09:00:00+03:00,09:00
40W0000032072909,ÖZMEN-3 JES,unknown,2026-05-31 10:00:00+03:00,,8.0,chunk_0048.json,POST /v1/generation/data/dpp-bulk,2026-05-31 21:45:45.641495+00:00,3207290,ÖZMEN-3 JES,10593,2026-05-31T10:00:00+03:00,10:00
40W0000032072909,ÖZMEN-3 JES,unknown,2026-05-31 11:00:00+03:00,,7.5,chunk_0048.json,POST /v1/generation/data/dpp-bulk,2026-05-31 21:45:45.641495+00:00,3207290,ÖZMEN-3 JES,10593,2026-05-31T11:00:00+03:00,11:00
40W0000032072909,ÖZMEN-3 JES,unknown,2026-05-31 12:00:00+03:00,,7.2,chunk_0048.json,POST /v1/generation/data/dpp-bulk,2026-05-31 21:45:45.641495+00:00,3207290,ÖZMEN-3 JES,10593,2026-05-31T12:00:00+03:00,12:00
40W0000032072909,ÖZMEN-3 JES,unknown,2026-05-31 13:00:00+03:00,,7.2,chunk_0048.json,POST /v1/generation/data/dpp-bulk,2026-05-31 21:45:45.641495+00:00,3207290,ÖZMEN-3 JES,10593,2026-05-31T13:00:00+03:00,13:00
40W0000032072909,ÖZMEN-3 JES,unknown,2026-05-31 14:00:00+03:00,,7.2,chunk_0048.json,POST /v1/generation/data/dpp-bulk,2026-05-31 21:45:45.641495+00:00,3207290,ÖZMEN-3 JES,10593,2026-05-31T14:00:00+03:00,14:00
40W0000032072909,ÖZMEN-3 JES,unknown,2026-05-31 15:00:00+03:00,,7.2,chunk_0048.json,POST /v1/generation/data/dpp-bulk,2026-05-31 21:45:45.641495+00:00,3207290,ÖZMEN-3 JES,10593,2026-05-31T15:00:00+03:00,15:00
40W0000032072909,ÖZMEN-3 JES,unknown,2026-05-31 16:00:00+03:00,,7.2,chunk_0048.json,POST /v1/generation/data/dpp-bulk,2026-05-31 21:45:45.641495+00:00,3207290,ÖZMEN-3 JES,10593,2026-05-31T16:00:00+03:00,16:00
40W0000032072909,ÖZMEN-3 JES,unknown,2026-05-31 17:00:00+03:00,,7.7,chunk_0048.json,POST /v1/generation/data/dpp-bulk,2026-05-31 21:45:45.641495+00:00,3207290,ÖZMEN-3 JES,10593,2026-05-31T17:00:00+03:00,17:00
40W0000032072909,ÖZMEN-3 JES,unknown,2026-05-31 18:00:00+03:00,,7.8,chunk_0048.json,POST /v1/generation/data/dpp-bulk,2026-05-31 21:45:45.641495+00:00,3207290,ÖZMEN-3 JES,10593,2026-05-31T18:00:00+03:00,18:00
40W0000032072909,ÖZMEN-3 JES,unknown,2026-05-31 19:00:00+03:00,,8.0,chunk_0048.json,POST /v1/generation/data/dpp-bulk,2026-05-31 21:45:45.641495+00:00,3207290,ÖZMEN-3 JES,10593,2026-05-31T19:00:00+03:00,19:00
40W0000032072909,ÖZMEN-3 JES,unknown,2026-05-31 20:00:00+03:00,,8.0,chunk_0048.json,POST /v1/generation/data/dpp-bulk,2026-05-31 21:45:45.641495+00:00,3207290,ÖZMEN-3 JES,10593,2026-05-31T20:00:00+03:00,20:00
40W0000032072909,ÖZMEN-3 JES,unknown,2026-05-31 21:00:00+03:00,,8.2,chunk_0048.json,POST /v1/generation/data/dpp-bulk,2026-05-31 21:45:45.641495+00:00,3207290,ÖZMEN-3 JES,10593,2026-05-31T21:00:00+03:00,21:00
40W0000032072909,ÖZMEN-3 JES,unknown,2026-05-31 22:00:00+03:00,,8.5,chunk_0048.json,POST /v1/generation/data/dpp-bulk,2026-05-31 21:45:45.641495+00:00,3207290,ÖZMEN-3 JES,10593,2026-05-31T22:00:00+03:00,22:00
40W0000032072909,ÖZMEN-3 JES,unknown,2026-05-31 23:00:00+03:00,,8.5,chunk_0048.json,POST /v1/generation/data/dpp-bulk,2026-05-31 21:45:45.641495+00:00,3207290,ÖZMEN-3 JES,10593,2026-05-31T23:00:00+03:00,23:00
40W000003207210X,SAATLİK MAHSUP_GES_MESKEN_AG_KADEME-1,unknown,2026-05-31 00:00:00+03:00,,0.0,chunk_0048.json,POST /v1/generation/data/dpp-bulk,2026-05-31 21:45:45.641495+00:00,3207210,SAATLİK MAHSUP_GES_MESKEN_AG_KADEME-1,10930,2026-05-31T00:00:00+03:00,00:00
40W000003207210X,SAATLİK MAHSUP_GES_MESKEN_AG_KADEME-1,unknown,2026-05-31 01:00:00+03:00,,0.0,chunk_0048.json,POST /v1/generation/data/dpp-bulk,2026-05-31 21:45:45.641495+00:00,3207210,SAATLİK MAHSUP_GES_MESKEN_AG_KADEME-1,10930,2026-05-31T01:00:00+03:00,01:00
40W000003207210X,SAATLİK MAHSUP_GES_MESKEN_AG_KADEME-1,unknown,2026-05-31 02:00:00+03:00,,0.0,chunk_0048.json,POST /v1/generation/data/dpp-bulk,2026-05-31 21:45:45.641495+00:00,3207210,SAATLİK MAHSUP_GES_MESKEN_AG_KADEME-1,10930,2026-05-31T02:00:00+03:00,02:00
40W000003207210X,SAATLİK MAHSUP_GES_MESKEN_AG_KADEME-1,unknown,2026-05-31 03:00:00+03:00,,0.0,chunk_0048.json,POST /v1/generation/data/dpp-bulk,2026-05-31 21:45:45.641495+00:00,3207210,SAATLİK MAHSUP_GES_MESKEN_AG_KADEME-1,10930,2026-05-31T03:00:00+03:00,03:00
40W000003207210X,SAATLİK MAHSUP_GES_MESKEN_AG_KADEME-1,unknown,2026-05-31 04:00:00+03:00,,0.0,chunk_0048.json,POST /v1/generation/data/dpp-bulk,2026-05-31 21:45:45.641495+00:00,3207210,SAATLİK MAHSUP_GES_MESKEN_AG_KADEME-1,10930,2026-05-31T04:00:00+03:00,04:00
40W000003207210X,SAATLİK MAHSUP_GES_MESKEN_AG_KADEME-1,unknown,2026-05-31 05:00:00+03:00,,0.0,chunk_0048.json,POST /v1/generation/data/dpp-bulk,2026-05-31 21:45:45.641495+00:00,3207210,SAATLİK MAHSUP_GES_MESKEN_AG_KADEME-1,10930,2026-05-31T05:00:00+03:00,05:00
40W000003207210X,SAATLİK MAHSUP_GES_MESKEN_AG_KADEME-1,unknown,2026-05-31 06:00:00+03:00,,0.0,chunk_0048.json,POST /v1/generation/data/dpp-bulk,2026-05-31 21:45:45.641495+00:00,3207210,SAATLİK MAHSUP_GES_MESKEN_AG_KADEME-1,10930,2026-05-31T06:00:00+03:00,06:00
40W000003207210X,SAATLİK MAHSUP_GES_MESKEN_AG_KADEME-1,unknown,2026-05-31 07:00:00+03:00,,0.0,chunk_0048.json,POST /v1/generation/data/dpp-bulk,2026-05-31 21:45:45.641495+00:00,3207210,SAATLİK MAHSUP_GES_MESKEN_AG_KADEME-1,10930,2026-05-31T07:00:00+03:00,07:00
40W000003207210X,SAATLİK MAHSUP_GES_MESKEN_AG_KADEME-1,unknown,2026-05-31 08:00:00+03:00,,0.0,chunk_0048.json,POST /v1/generation/data/dpp-bulk,2026-05-31 21:45:45.641495+00:00,3207210,SAATLİK MAHSUP_GES_MESKEN_AG_KADEME-1,10930,2026-05-31T08:00:00+03:00,08:00
40W000003207210X,SAATLİK MAHSUP_GES_MESKEN_AG_KADEME-1,unknown,2026-05-31 09:00:00+03:00,,0.01,chunk_0048.json,POST /v1/generation/data/dpp-bulk,2026-05-31 21:45:45.641495+00:00,3207210,SAATLİK MAHSUP_GES_MESKEN_AG_KADEME-1,10930,2026-05-31T09:00:00+03:00,09:00
40W000003207210X,SAATLİK MAHSUP_GES_MESKEN_AG_KADEME-1,unknown,2026-05-31 10:00:00+03:00,,0.01,chunk_0048.json,POST /v1/generation/data/dpp-bulk,2026-05-31 21:45:45.641495+00:00,3207210,SAATLİK MAHSUP_GES_MESKEN_AG_KADEME-1,10930,2026-05-31T10:00:00+03:00,10:00
40W000003207210X,SAATLİK MAHSUP_GES_MESKEN_AG_KADEME-1,unknown,2026-05-31 11:00:00+03:00,,0.01,chunk_0048.json,POST /v1/generation/data/dpp-bulk,2026-05-31 21:45:45.641495+00:00,3207210,SAATLİK MAHSUP_GES_MESKEN_AG_KADEME-1,10930,2026-05-31T11:00:00+03:00,11:00
40W000003207210X,SAATLİK MAHSUP_GES_MESKEN_AG_KADEME-1,unknown,2026-05-31 12:00:00+03:00,,0.01,chunk_0048.json,POST /v1/generation/data/dpp-bulk,2026-05-31 21:45:45.641495+00:00,3207210,SAATLİK MAHSUP_GES_MESKEN_AG_KADEME-1,10930,2026-05-31T12:00:00+03:00,12:00
40W000003207210X,SAATLİK MAHSUP_GES_MESKEN_AG_KADEME-1,unknown,2026-05-31 13:00:00+03:00,,0.01,chunk_0048.json,POST /v1/generation/data/dpp-bulk,2026-05-31 21:45:45.641495+00:00,3207210,SAATLİK MAHSUP_GES_MESKEN_AG_KADEME-1,10930,2026-05-31T13:00:00+03:00,13:00
40W000003207210X,SAATLİK MAHSUP_GES_MESKEN_AG_KADEME-1,unknown,2026-05-31 14:00:00+03:00,,0.01,chunk_0048.json,POST /v1/generation/data/dpp-bulk,2026-05-31 21:45:45.641495+00:00,3207210,SAATLİK MAHSUP_GES_MESKEN_AG_KADEME-1,10930,2026-05-31T14:00:00+03:00,14:00
40W000003207210X,SAATLİK MAHSUP_GES_MESKEN_AG_KADEME-1,unknown,2026-05-31 15:00:00+03:00,,0.01,chunk_0048.json,POST /v1/generation/data/dpp-bulk,2026-05-31 21:45:45.641495+00:00,3207210,SAATLİK MAHSUP_GES_MESKEN_AG_KADEME-1,10930,2026-05-31T15:00:00+03:00,15:00
40W000003207210X,SAATLİK MAHSUP_GES_MESKEN_AG_KADEME-1,unknown,2026-05-31 16:00:00+03:00,,0.0,chunk_0048.json,POST /v1/generation/data/dpp-bulk,2026-05-31 21:45:45.641495+00:00,3207210,SAATLİK MAHSUP_GES_MESKEN_AG_KADEME-1,10930,2026-05-31T16:00:00+03:00,16:00
40W000003207210X,SAATLİK MAHSUP_GES_MESKEN_AG_KADEME-1,unknown,2026-05-31 17:00:00+03:00,,0.0,chunk_0048.json,POST /v1/generation/data/dpp-bulk,2026-05-31 21:45:45.641495+00:00,3207210,SAATLİK MAHSUP_GES_MESKEN_AG_KADEME-1,10930,2026-05-31T17:00:00+03:00,17:00
40W000003207210X,SAATLİK MAHSUP_GES_MESKEN_AG_KADEME-1,unknown,2026-05-31 18:00:00+03:00,,0.0,chunk_0048.json,POST /v1/generation/data/dpp-bulk,2026-05-31 21:45:45.641495+00:00,3207210,SAATLİK MAHSUP_GES_MESKEN_AG_KADEME-1,10930,2026-05-31T18:00:00+03:00,18:00
40W000003207210X,SAATLİK MAHSUP_GES_MESKEN_AG_KADEME-1,unknown,2026-05-31 19:00:00+03:00,,0.0,chunk_0048.json,POST /v1/generation/data/dpp-bulk,2026-05-31 21:45:45.641495+00:00,3207210,SAATLİK MAHSUP_GES_MESKEN_AG_KADEME-1,10930,2026-05-31T19:00:00+03:00,19:00
40W000003207210X,SAATLİK MAHSUP_GES_MESKEN_AG_KADEME-1,unknown,2026-05-31 20:00:00+03:00,,0.0,chunk_0048.json,POST /v1/generation/data/dpp-bulk,2026-05-31 21:45:45.641495+00:00,3207210,SAATLİK MAHSUP_GES_MESKEN_AG_KADEME-1,10930,2026-05-31T20:00:00+03:00,20:00
40W000003207210X,SAATLİK MAHSUP_GES_MESKEN_AG_KADEME-1,unknown,2026-05-31 21:00:00+03:00,,0.0,chunk_0048.json,POST /v1/generation/data/dpp-bulk,2026-05-31 21:45:45.641495+00:00,3207210,SAATLİK MAHSUP_GES_MESKEN_AG_KADEME-1,10930,2026-05-31T21:00:00+03:00,21:00
40W000003207210X,SAATLİK MAHSUP_GES_MESKEN_AG_KADEME-1,unknown,2026-05-31 22:00:00+03:00,,0.0,chunk_0048.json,POST /v1/generation/data/dpp-bulk,2026-05-31 21:45:45.641495+00:00,3207210,SAATLİK MAHSUP_GES_MESKEN_AG_KADEME-1,10930,2026-05-31T22:00:00+03:00,22:00
40W000003207210X,SAATLİK MAHSUP_GES_MESKEN_AG_KADEME-1,unknown,2026-05-31 23:00:00+03:00,,0.0,chunk_0048.json,POST /v1/generation/data/dpp-bulk,2026-05-31 21:45:45.641495+00:00,3207210,SAATLİK MAHSUP_GES_MESKEN_AG_KADEME-1,10930,2026-05-31T23:00:00+03:00,23:00
40W0000032071937,SAATLİK MAHSUP_GES_TİC._AG__KADEME-1,unknown,2026-05-31 00:00:00+03:00,,0.0,chunk_0048.json,POST /v1/generation/data/dpp-bulk,2026-05-31 21:45:45.641495+00:00,3207193,SAATLİK MAHSUP_GES_TİC._AG__KADEME-1,10943,2026-05-31T00:00:00+03:00,00:00
40W0000032071937,SAATLİK MAHSUP_GES_TİC._AG__KADEME-1,unknown,2026-05-31 01:00:00+03:00,,0.0,chunk_0048.json,POST /v1/generation/data/dpp-bulk,2026-05-31 21:45:45.641495+00:00,3207193,SAATLİK MAHSUP_GES_TİC._AG__KADEME-1,10943,2026-05-31T01:00:00+03:00,01:00
40W0000032071937,SAATLİK MAHSUP_GES_TİC._AG__KADEME-1,unknown,2026-05-31 02:00:00+03:00,,0.0,chunk_0048.json,POST /v1/generation/data/dpp-bulk,2026-05-31 21:45:45.641495+00:00,3207193,SAATLİK MAHSUP_GES_TİC._AG__KADEME-1,10943,2026-05-31T02:00:00+03:00,02:00
40W0000032071937,SAATLİK MAHSUP_GES_TİC._AG__KADEME-1,unknown,2026-05-31 03:00:00+03:00,,0.0,chunk_0048.json,POST /v1/generation/data/dpp-bulk,2026-05-31 21:45:45.641495+00:00,3207193,SAATLİK MAHSUP_GES_TİC._AG__KADEME-1,10943,2026-05-31T03:00:00+03:00,03:00
40W0000032071937,SAATLİK MAHSUP_GES_TİC._AG__KADEME-1,unknown,2026-05-31 04:00:00+03:00,,0.0,chunk_0048.json,POST /v1/generation/data/dpp-bulk,2026-05-31 21:45:45.641495+00:00,3207193,SAATLİK MAHSUP_GES_TİC._AG__KADEME-1,10943,2026-05-31T04:00:00+03:00,04:00
40W0000032071937,SAATLİK MAHSUP_GES_TİC._AG__KADEME-1,unknown,2026-05-31 05:00:00+03:00,,0.0,chunk_0048.json,POST /v1/generation/data/dpp-bulk,2026-05-31 21:45:45.641495+00:00,3207193,SAATLİK MAHSUP_GES_TİC._AG__KADEME-1,10943,2026-05-31T05:00:00+03:00,05:00
40W0000032071937,SAATLİK MAHSUP_GES_TİC._AG__KADEME-1,unknown,2026-05-31 06:00:00+03:00,,0.0,chunk_0048.json,POST /v1/generation/data/dpp-bulk,2026-05-31 21:45:45.641495+00:00,3207193,SAATLİK MAHSUP_GES_TİC._AG__KADEME-1,10943,2026-05-31T06:00:00+03:00,06:00
40W0000032071937,SAATLİK MAHSUP_GES_TİC._AG__KADEME-1,unknown,2026-05-31 07:00:00+03:00,,0.0,chunk_0048.json,POST /v1/generation/data/dpp-bulk,2026-05-31 21:45:45.641495+00:00,3207193,SAATLİK MAHSUP_GES_TİC._AG__KADEME-1,10943,2026-05-31T07:00:00+03:00,07:00
40W0000032071937,SAATLİK MAHSUP_GES_TİC._AG__KADEME-1,unknown,2026-05-31 08:00:00+03:00,,0.0,chunk_0048.json,POST /v1/generation/data/dpp-bulk,2026-05-31 21:45:45.641495+00:00,3207193,SAATLİK MAHSUP_GES_TİC._AG__KADEME-1,10943,2026-05-31T08:00:00+03:00,08:00
40W0000032071937,SAATLİK MAHSUP_GES_TİC._AG__KADEME-1,unknown,2026-05-31 09:00:00+03:00,,0.0,chunk_0048.json,POST /v1/generation/data/dpp-bulk,2026-05-31 21:45:45.641495+00:00,3207193,SAATLİK MAHSUP_GES_TİC._AG__KADEME-1,10943,2026-05-31T09:00:00+03:00,09:00
40W0000032071937,SAATLİK MAHSUP_GES_TİC._AG__KADEME-1,unknown,2026-05-31 10:00:00+03:00,,0.0,chunk_0048.json,POST /v1/generation/data/dpp-bulk,2026-05-31 21:45:45.641495+00:00,3207193,SAATLİK MAHSUP_GES_TİC._AG__KADEME-1,10943,2026-05-31T10:00:00+03:00,10:00
40W0000032071937,SAATLİK MAHSUP_GES_TİC._AG__KADEME-1,unknown,2026-05-31 11:00:00+03:00,,0.0,chunk_0048.json,POST /v1/generation/data/dpp-bulk,2026-05-31 21:45:45.641495+00:00,3207193,SAATLİK MAHSUP_GES_TİC._AG__KADEME-1,10943,2026-05-31T11:00:00+03:00,11:00
40W0000032071937,SAATLİK MAHSUP_GES_TİC._AG__KADEME-1,unknown,2026-05-31 12:00:00+03:00,,0.0,chunk_0048.json,POST /v1/generation/data/dpp-bulk,2026-05-31 21:45:45.641495+00:00,3207193,SAATLİK MAHSUP_GES_TİC._AG__KADEME-1,10943,2026-05-31T12:00:00+03:00,12:00
40W0000032071937,SAATLİK MAHSUP_GES_TİC._AG__KADEME-1,unknown,2026-05-31 13:00:00+03:00,,0.0,chunk_0048.json,POST /v1/generation/data/dpp-bulk,2026-05-31 21:45:45.641495+00:00,3207193,SAATLİK MAHSUP_GES_TİC._AG__KADEME-1,10943,2026-05-31T13:00:00+03:00,13:00
40W0000032071937,SAATLİK MAHSUP_GES_TİC._AG__KADEME-1,unknown,2026-05-31 14:00:00+03:00,,0.0,chunk_0048.json,POST /v1/generation/data/dpp-bulk,2026-05-31 21:45:45.641495+00:00,3207193,SAATLİK MAHSUP_GES_TİC._AG__KADEME-1,10943,2026-05-31T14:00:00+03:00,14:00
40W0000032071937,SAATLİK MAHSUP_GES_TİC._AG__KADEME-1,unknown,2026-05-31 15:00:00+03:00,,0.0,chunk_0048.json,POST /v1/generation/data/dpp-bulk,2026-05-31 21:45:45.641495+00:00,3207193,SAATLİK MAHSUP_GES_TİC._AG__KADEME-1,10943,2026-05-31T15:00:00+03:00,15:00
40W0000032071937,SAATLİK MAHSUP_GES_TİC._AG__KADEME-1,unknown,2026-05-31 16:00:00+03:00,,0.0,chunk_0048.json,POST /v1/generation/data/dpp-bulk,2026-05-31 21:45:45.641495+00:00,3207193,SAATLİK MAHSUP_GES_TİC._AG__KADEME-1,10943,2026-05-31T16:00:00+03:00,16:00
40W0000032071937,SAATLİK MAHSUP_GES_TİC._AG__KADEME-1,unknown,2026-05-31 17:00:00+03:00,,0.0,chunk_0048.json,POST /v1/generation/data/dpp-bulk,2026-05-31 21:45:45.641495+00:00,3207193,SAATLİK MAHSUP_GES_TİC._AG__KADEME-1,10943,2026-05-31T17:00:00+03:00,17:00
40W0000032071937,SAATLİK MAHSUP_GES_TİC._AG__KADEME-1,unknown,2026-05-31 18:00:00+03:00,,0.0,chunk_0048.json,POST /v1/generation/data/dpp-bulk,2026-05-31 21:45:45.641495+00:00,3207193,SAATLİK MAHSUP_GES_TİC._AG__KADEME-1,10943,2026-05-31T18:00:00+03:00,18:00
40W0000032071937,SAATLİK MAHSUP_GES_TİC._AG__KADEME-1,unknown,2026-05-31 19:00:00+03:00,,0.0,chunk_0048.json,POST /v1/generation/data/dpp-bulk,2026-05-31 21:45:45.641495+00:00,3207193,SAATLİK MAHSUP_GES_TİC._AG__KADEME-1,10943,2026-05-31T19:00:00+03:00,19:00
40W0000032071937,SAATLİK MAHSUP_GES_TİC._AG__KADEME-1,unknown,2026-05-31 20:00:00+03:00,,0.0,chunk_0048.json,POST /v1/generation/data/dpp-bulk,2026-05-31 21:45:45.641495+00:00,3207193,SAATLİK MAHSUP_GES_TİC._AG__KADEME-1,10943,2026-05-31T20:00:00+03:00,20:00
40W0000032071937,SAATLİK MAHSUP_GES_TİC._AG__KADEME-1,unknown,2026-05-31 21:00:00+03:00,,0.0,chunk_0048.json,POST /v1/generation/data/dpp-bulk,2026-05-31 21:45:45.641495+00:00,3207193,SAATLİK MAHSUP_GES_TİC._AG__KADEME-1,10943,2026-05-31T21:00:00+03:00,21:00
40W0000032071937,SAATLİK MAHSUP_GES_TİC._AG__KADEME-1,unknown,2026-05-31 22:00:00+03:00,,0.0,chunk_0048.json,POST /v1/generation/data/dpp-bulk,2026-05-31 21:45:45.641495+00:00,3207193,SAATLİK MAHSUP_GES_TİC._AG__KADEME-1,10943,2026-05-31T22:00:00+03:00,22:00
40W0000032071937,SAATLİK MAHSUP_GES_TİC._AG__KADEME-1,unknown,2026-05-31 23:00:00+03:00,,0.0,chunk_0048.json,POST /v1/generation/data/dpp-bulk,2026-05-31 21:45:45.641495+00:00,3207193,SAATLİK MAHSUP_GES_TİC._AG__KADEME-1,10943,2026-05-31T23:00:00+03:00,23:00
40W0000032071953,SAATLİK MAHSUP_GES_MESKEN_AG_KADEME-1,unknown,2026-05-31 00:00:00+03:00,,0.0,chunk_0048.json,POST /v1/generation/data/dpp-bulk,2026-05-31 21:45:45.641495+00:00,3207195,SAATLİK MAHSUP_GES_MESKEN_AG_KADEME-1,10944,2026-05-31T00:00:00+03:00,00:00
40W0000032071953,SAATLİK MAHSUP_GES_MESKEN_AG_KADEME-1,unknown,2026-05-31 01:00:00+03:00,,0.0,chunk_0048.json,POST /v1/generation/data/dpp-bulk,2026-05-31 21:45:45.641495+00:00,3207195,SAATLİK MAHSUP_GES_MESKEN_AG_KADEME-1,10944,2026-05-31T01:00:00+03:00,01:00
40W0000032071953,SAATLİK MAHSUP_GES_MESKEN_AG_KADEME-1,unknown,2026-05-31 02:00:00+03:00,,0.0,chunk_0048.json,POST /v1/generation/data/dpp-bulk,2026-05-31 21:45:45.641495+00:00,3207195,SAATLİK MAHSUP_GES_MESKEN_AG_KADEME-1,10944,2026-05-31T02:00:00+03:00,02:00
40W0000032071953,SAATLİK MAHSUP_GES_MESKEN_AG_KADEME-1,unknown,2026-05-31 03:00:00+03:00,,0.0,chunk_0048.json,POST /v1/generation/data/dpp-bulk,2026-05-31 21:45:45.641495+00:00,3207195,SAATLİK MAHSUP_GES_MESKEN_AG_KADEME-1,10944,2026-05-31T03:00:00+03:00,03:00
40W0000032071953,SAATLİK MAHSUP_GES_MESKEN_AG_KADEME-1,unknown,2026-05-31 04:00:00+03:00,,0.0,chunk_0048.json,POST /v1/generation/data/dpp-bulk,2026-05-31 21:45:45.641495+00:00,3207195,SAATLİK MAHSUP_GES_MESKEN_AG_KADEME-1,10944,2026-05-31T04:00:00+03:00,04:00
40W0000032071953,SAATLİK MAHSUP_GES_MESKEN_AG_KADEME-1,unknown,2026-05-31 05:00:00+03:00,,0.0,chunk_0048.json,POST /v1/generation/data/dpp-bulk,2026-05-31 21:45:45.641495+00:00,3207195,SAATLİK MAHSUP_GES_MESKEN_AG_KADEME-1,10944,2026-05-31T05:00:00+03:00,05:00
40W0000032071953,SAATLİK MAHSUP_GES_MESKEN_AG_KADEME-1,unknown,2026-05-31 06:00:00+03:00,,0.0,chunk_0048.json,POST /v1/generation/data/dpp-bulk,2026-05-31 21:45:45.641495+00:00,3207195,SAATLİK MAHSUP_GES_MESKEN_AG_KADEME-1,10944,2026-05-31T06:00:00+03:00,06:00
40W0000032071953,SAATLİK MAHSUP_GES_MESKEN_AG_KADEME-1,unknown,2026-05-31 07:00:00+03:00,,0.02,chunk_0048.json,POST /v1/generation/data/dpp-bulk,2026-05-31 21:45:45.641495+00:00,3207195,SAATLİK MAHSUP_GES_MESKEN_AG_KADEME-1,10944,2026-05-31T07:00:00+03:00,07:00
40W0000032071953,SAATLİK MAHSUP_GES_MESKEN_AG_KADEME-1,unknown,2026-05-31 08:00:00+03:00,,0.04,chunk_0048.json,POST /v1/generation/data/dpp-bulk,2026-05-31 21:45:45.641495+00:00,3207195,SAATLİK MAHSUP_GES_MESKEN_AG_KADEME-1,10944,2026-05-31T08:00:00+03:00,08:00
40W0000032071953,SAATLİK MAHSUP_GES_MESKEN_AG_KADEME-1,unknown,2026-05-31 09:00:00+03:00,,0.05,chunk_0048.json,POST /v1/generation/data/dpp-bulk,2026-05-31 21:45:45.641495+00:00,3207195,SAATLİK MAHSUP_GES_MESKEN_AG_KADEME-1,10944,2026-05-31T09:00:00+03:00,09:00
40W0000032071953,SAATLİK MAHSUP_GES_MESKEN_AG_KADEME-1,unknown,2026-05-31 10:00:00+03:00,,0.06,chunk_0048.json,POST /v1/generation/data/dpp-bulk,2026-05-31 21:45:45.641495+00:00,3207195,SAATLİK MAHSUP_GES_MESKEN_AG_KADEME-1,10944,2026-05-31T10:00:00+03:00,10:00
40W0000032071953,SAATLİK MAHSUP_GES_MESKEN_AG_KADEME-1,unknown,2026-05-31 11:00:00+03:00,,0.07,chunk_0048.json,POST /v1/generation/data/dpp-bulk,2026-05-31 21:45:45.641495+00:00,3207195,SAATLİK MAHSUP_GES_MESKEN_AG_KADEME-1,10944,2026-05-31T11:00:00+03:00,11:00
40W0000032071953,SAATLİK MAHSUP_GES_MESKEN_AG_KADEME-1,unknown,2026-05-31 12:00:00+03:00,,0.07,chunk_0048.json,POST /v1/generation/data/dpp-bulk,2026-05-31 21:45:45.641495+00:00,3207195,SAATLİK MAHSUP_GES_MESKEN_AG_KADEME-1,10944,2026-05-31T12:00:00+03:00,12:00
40W0000032071953,SAATLİK MAHSUP_GES_MESKEN_AG_KADEME-1,unknown,2026-05-31 13:00:00+03:00,,0.06,chunk_0048.json,POST /v1/generation/data/dpp-bulk,2026-05-31 21:45:45.641495+00:00,3207195,SAATLİK MAHSUP_GES_MESKEN_AG_KADEME-1,10944,2026-05-31T13:00:00+03:00,13:00
40W0000032071953,SAATLİK MAHSUP_GES_MESKEN_AG_KADEME-1,unknown,2026-05-31 14:00:00+03:00,,0.05,chunk_0048.json,POST /v1/generation/data/dpp-bulk,2026-05-31 21:45:45.641495+00:00,3207195,SAATLİK MAHSUP_GES_MESKEN_AG_KADEME-1,10944,2026-05-31T14:00:00+03:00,14:00
40W0000032071953,SAATLİK MAHSUP_GES_MESKEN_AG_KADEME-1,unknown,2026-05-31 15:00:00+03:00,,0.04,chunk_0048.json,POST /v1/generation/data/dpp-bulk,2026-05-31 21:45:45.641495+00:00,3207195,SAATLİK MAHSUP_GES_MESKEN_AG_KADEME-1,10944,2026-05-31T15:00:00+03:00,15:00
40W0000032071953,SAATLİK MAHSUP_GES_MESKEN_AG_KADEME-1,unknown,2026-05-31 16:00:00+03:00,,0.03,chunk_0048.json,POST /v1/generation/data/dpp-bulk,2026-05-31 21:45:45.641495+00:00,3207195,SAATLİK MAHSUP_GES_MESKEN_AG_KADEME-1,10944,2026-05-31T16:00:00+03:00,16:00
40W0000032071953,SAATLİK MAHSUP_GES_MESKEN_AG_KADEME-1,unknown,2026-05-31 17:00:00+03:00,,0.02,chunk_0048.json,POST /v1/generation/data/dpp-bulk,2026-05-31 21:45:45.641495+00:00,3207195,SAATLİK MAHSUP_GES_MESKEN_AG_KADEME-1,10944,2026-05-31T17:00:00+03:00,17:00
40W0000032071953,SAATLİK MAHSUP_GES_MESKEN_AG_KADEME-1,unknown,2026-05-31 18:00:00+03:00,,0.01,chunk_0048.json,POST /v1/generation/data/dpp-bulk,2026-05-31 21:45:45.641495+00:00,3207195,SAATLİK MAHSUP_GES_MESKEN_AG_KADEME-1,10944,2026-05-31T18:00:00+03:00,18:00
40W0000032071953,SAATLİK MAHSUP_GES_MESKEN_AG_KADEME-1,unknown,2026-05-31 19:00:00+03:00,,0.0,chunk_0048.json,POST /v1/generation/data/dpp-bulk,2026-05-31 21:45:45.641495+00:00,3207195,SAATLİK MAHSUP_GES_MESKEN_AG_KADEME-1,10944,2026-05-31T19:00:00+03:00,19:00
40W0000032071953,SAATLİK MAHSUP_GES_MESKEN_AG_KADEME-1,unknown,2026-05-31 20:00:00+03:00,,0.0,chunk_0048.json,POST /v1/generation/data/dpp-bulk,2026-05-31 21:45:45.641495+00:00,3207195,SAATLİK MAHSUP_GES_MESKEN_AG_KADEME-1,10944,2026-05-31T20:00:00+03:00,20:00
40W0000032071953,SAATLİK MAHSUP_GES_MESKEN_AG_KADEME-1,unknown,2026-05-31 21:00:00+03:00,,0.0,chunk_0048.json,POST /v1/generation/data/dpp-bulk,2026-05-31 21:45:45.641495+00:00,3207195,SAATLİK MAHSUP_GES_MESKEN_AG_KADEME-1,10944,2026-05-31T21:00:00+03:00,21:00
40W0000032071953,SAATLİK MAHSUP_GES_MESKEN_AG_KADEME-1,unknown,2026-05-31 22:00:00+03:00,,0.0,chunk_0048.json,POST /v1/generation/data/dpp-bulk,2026-05-31 21:45:45.641495+00:00,3207195,SAATLİK MAHSUP_GES_MESKEN_AG_KADEME-1,10944,2026-05-31T22:00:00+03:00,22:00
40W0000032071953,SAATLİK MAHSUP_GES_MESKEN_AG_KADEME-1,unknown,2026-05-31 23:00:00+03:00,,0.0,chunk_0048.json,POST /v1/generation/data/dpp-bulk,2026-05-31 21:45:45.641495+00:00,3207195,SAATLİK MAHSUP_GES_MESKEN_AG_KADEME-1,10944,2026-05-31T23:00:00+03:00,23:00
40W000003207211V,SAATLİK MAHSUP_GES_MESKEN_AG_KADEME-1,unknown,2026-05-31 00:00:00+03:00,,0.0,chunk_0048.json,POST /v1/generation/data/dpp-bulk,2026-05-31 21:45:45.641495+00:00,3207211,SAATLİK MAHSUP_GES_MESKEN_AG_KADEME-1,10945,2026-05-31T00:00:00+03:00,00:00
40W000003207211V,SAATLİK MAHSUP_GES_MESKEN_AG_KADEME-1,unknown,2026-05-31 01:00:00+03:00,,0.0,chunk_0048.json,POST /v1/generation/data/dpp-bulk,2026-05-31 21:45:45.641495+00:00,3207211,SAATLİK MAHSUP_GES_MESKEN_AG_KADEME-1,10945,2026-05-31T01:00:00+03:00,01:00
40W000003207211V,SAATLİK MAHSUP_GES_MESKEN_AG_KADEME-1,unknown,2026-05-31 02:00:00+03:00,,0.0,chunk_0048.json,POST /v1/generation/data/dpp-bulk,2026-05-31 21:45:45.641495+00:00,3207211,SAATLİK MAHSUP_GES_MESKEN_AG_KADEME-1,10945,2026-05-31T02:00:00+03:00,02:00
40W000003207211V,SAATLİK MAHSUP_GES_MESKEN_AG_KADEME-1,unknown,2026-05-31 03:00:00+03:00,,0.0,chunk_0048.json,POST /v1/generation/data/dpp-bulk,2026-05-31 21:45:45.641495+00:00,3207211,SAATLİK MAHSUP_GES_MESKEN_AG_KADEME-1,10945,2026-05-31T03:00:00+03:00,03:00
40W000003207211V,SAATLİK MAHSUP_GES_MESKEN_AG_KADEME-1,unknown,2026-05-31 04:00:00+03:00,,0.0,chunk_0048.json,POST /v1/generation/data/dpp-bulk,2026-05-31 21:45:45.641495+00:00,3207211,SAATLİK MAHSUP_GES_MESKEN_AG_KADEME-1,10945,2026-05-31T04:00:00+03:00,04:00
40W000003207211V,SAATLİK MAHSUP_GES_MESKEN_AG_KADEME-1,unknown,2026-05-31 05:00:00+03:00,,0.0,chunk_0048.json,POST /v1/generation/data/dpp-bulk,2026-05-31 21:45:45.641495+00:00,3207211,SAATLİK MAHSUP_GES_MESKEN_AG_KADEME-1,10945,2026-05-31T05:00:00+03:00,05:00
40W000003207211V,SAATLİK MAHSUP_GES_MESKEN_AG_KADEME-1,unknown,2026-05-31 06:00:00+03:00,,0.0,chunk_0048.json,POST /v1/generation/data/dpp-bulk,2026-05-31 21:45:45.641495+00:00,3207211,SAATLİK MAHSUP_GES_MESKEN_AG_KADEME-1,10945,2026-05-31T06:00:00+03:00,06:00
40W000003207211V,SAATLİK MAHSUP_GES_MESKEN_AG_KADEME-1,unknown,2026-05-31 07:00:00+03:00,,0.0,chunk_0048.json,POST /v1/generation/data/dpp-bulk,2026-05-31 21:45:45.641495+00:00,3207211,SAATLİK MAHSUP_GES_MESKEN_AG_KADEME-1,10945,2026-05-31T07:00:00+03:00,07:00
40W000003207211V,SAATLİK MAHSUP_GES_MESKEN_AG_KADEME-1,unknown,2026-05-31 08:00:00+03:00,,0.01,chunk_0048.json,POST /v1/generation/data/dpp-bulk,2026-05-31 21:45:45.641495+00:00,3207211,SAATLİK MAHSUP_GES_MESKEN_AG_KADEME-1,10945,2026-05-31T08:00:00+03:00,08:00
40W000003207211V,SAATLİK MAHSUP_GES_MESKEN_AG_KADEME-1,unknown,2026-05-31 09:00:00+03:00,,0.01,chunk_0048.json,POST /v1/generation/data/dpp-bulk,2026-05-31 21:45:45.641495+00:00,3207211,SAATLİK MAHSUP_GES_MESKEN_AG_KADEME-1,10945,2026-05-31T09:00:00+03:00,09:00
40W000003207211V,SAATLİK MAHSUP_GES_MESKEN_AG_KADEME-1,unknown,2026-05-31 10:00:00+03:00,,0.02,chunk_0048.json,POST /v1/generation/data/dpp-bulk,2026-05-31 21:45:45.641495+00:00,3207211,SAATLİK MAHSUP_GES_MESKEN_AG_KADEME-1,10945,2026-05-31T10:00:00+03:00,10:00
40W000003207211V,SAATLİK MAHSUP_GES_MESKEN_AG_KADEME-1,unknown,2026-05-31 11:00:00+03:00,,0.02,chunk_0048.json,POST /v1/generation/data/dpp-bulk,2026-05-31 21:45:45.641495+00:00,3207211,SAATLİK MAHSUP_GES_MESKEN_AG_KADEME-1,10945,2026-05-31T11:00:00+03:00,11:00
40W000003207211V,SAATLİK MAHSUP_GES_MESKEN_AG_KADEME-1,unknown,2026-05-31 12:00:00+03:00,,0.02,chunk_0048.json,POST /v1/generation/data/dpp-bulk,2026-05-31 21:45:45.641495+00:00,3207211,SAATLİK MAHSUP_GES_MESKEN_AG_KADEME-1,10945,2026-05-31T12:00:00+03:00,12:00
40W000003207211V,SAATLİK MAHSUP_GES_MESKEN_AG_KADEME-1,unknown,2026-05-31 13:00:00+03:00,,0.02,chunk_0048.json,POST /v1/generation/data/dpp-bulk,2026-05-31 21:45:45.641495+00:00,3207211,SAATLİK MAHSUP_GES_MESKEN_AG_KADEME-1,10945,2026-05-31T13:00:00+03:00,13:00
40W000003207211V,SAATLİK MAHSUP_GES_MESKEN_AG_KADEME-1,unknown,2026-05-31 14:00:00+03:00,,0.01,chunk_0048.json,POST /v1/generation/data/dpp-bulk,2026-05-31 21:45:45.641495+00:00,3207211,SAATLİK MAHSUP_GES_MESKEN_AG_KADEME-1,10945,2026-05-31T14:00:00+03:00,14:00
40W000003207211V,SAATLİK MAHSUP_GES_MESKEN_AG_KADEME-1,unknown,2026-05-31 15:00:00+03:00,,0.01,chunk_0048.json,POST /v1/generation/data/dpp-bulk,2026-05-31 21:45:45.641495+00:00,3207211,SAATLİK MAHSUP_GES_MESKEN_AG_KADEME-1,10945,2026-05-31T15:00:00+03:00,15:00
40W000003207211V,SAATLİK MAHSUP_GES_MESKEN_AG_KADEME-1,unknown,2026-05-31 16:00:00+03:00,,0.01,chunk_0048.json,POST /v1/generation/data/dpp-bulk,2026-05-31 21:45:45.641495+00:00,3207211,SAATLİK MAHSUP_GES_MESKEN_AG_KADEME-1,10945,2026-05-31T16:00:00+03:00,16:00
40W000003207211V,SAATLİK MAHSUP_GES_MESKEN_AG_KADEME-1,unknown,2026-05-31 17:00:00+03:00,,0.0,chunk_0048.json,POST /v1/generation/data/dpp-bulk,2026-05-31 21:45:45.641495+00:00,3207211,SAATLİK MAHSUP_GES_MESKEN_AG_KADEME-1,10945,2026-05-31T17:00:00+03:00,17:00
40W000003207211V,SAATLİK MAHSUP_GES_MESKEN_AG_KADEME-1,unknown,2026-05-31 18:00:00+03:00,,0.0,chunk_0048.json,POST /v1/generation/data/dpp-bulk,2026-05-31 21:45:45.641495+00:00,3207211,SAATLİK MAHSUP_GES_MESKEN_AG_KADEME-1,10945,2026-05-31T18:00:00+03:00,18:00
40W000003207211V,SAATLİK MAHSUP_GES_MESKEN_AG_KADEME-1,unknown,2026-05-31 19:00:00+03:00,,0.0,chunk_0048.json,POST /v1/generation/data/dpp-bulk,2026-05-31 21:45:45.641495+00:00,3207211,SAATLİK MAHSUP_GES_MESKEN_AG_KADEME-1,10945,2026-05-31T19:00:00+03:00,19:00
40W000003207211V,SAATLİK MAHSUP_GES_MESKEN_AG_KADEME-1,unknown,2026-05-31 20:00:00+03:00,,0.0,chunk_0048.json,POST /v1/generation/data/dpp-bulk,2026-05-31 21:45:45.641495+00:00,3207211,SAATLİK MAHSUP_GES_MESKEN_AG_KADEME-1,10945,2026-05-31T20:00:00+03:00,20:00
40W000003207211V,SAATLİK MAHSUP_GES_MESKEN_AG_KADEME-1,unknown,2026-05-31 21:00:00+03:00,,0.0,chunk_0048.json,POST /v1/generation/data/dpp-bulk,2026-05-31 21:45:45.641495+00:00,3207211,SAATLİK MAHSUP_GES_MESKEN_AG_KADEME-1,10945,2026-05-31T21:00:00+03:00,21:00
40W000003207211V,SAATLİK MAHSUP_GES_MESKEN_AG_KADEME-1,unknown,2026-05-31 22:00:00+03:00,,0.0,chunk_0048.json,POST /v1/generation/data/dpp-bulk,2026-05-31 21:45:45.641495+00:00,3207211,SAATLİK MAHSUP_GES_MESKEN_AG_KADEME-1,10945,2026-05-31T22:00:00+03:00,22:00
40W000003207211V,SAATLİK MAHSUP_GES_MESKEN_AG_KADEME-1,unknown,2026-05-31 23:00:00+03:00,,0.0,chunk_0048.json,POST /v1/generation/data/dpp-bulk,2026-05-31 21:45:45.641495+00:00,3207211,SAATLİK MAHSUP_GES_MESKEN_AG_KADEME-1,10945,2026-05-31T23:00:00+03:00,23:00
40W000003207212T,SAATLİK MAHSUP_GES_TİC._AG__KADEME-1,unknown,2026-05-31 00:00:00+03:00,,0.0,chunk_0048.json,POST /v1/generation/data/dpp-bulk,2026-05-31 21:45:45.641495+00:00,3207212,SAATLİK MAHSUP_GES_TİC._AG__KADEME-1,10945,2026-05-31T00:00:00+03:00,00:00
40W000003207212T,SAATLİK MAHSUP_GES_TİC._AG__KADEME-1,unknown,2026-05-31 01:00:00+03:00,,0.0,chunk_0048.json,POST /v1/generation/data/dpp-bulk,2026-05-31 21:45:45.641495+00:00,3207212,SAATLİK MAHSUP_GES_TİC._AG__KADEME-1,10945,2026-05-31T01:00:00+03:00,01:00
40W000003207212T,SAATLİK MAHSUP_GES_TİC._AG__KADEME-1,unknown,2026-05-31 02:00:00+03:00,,0.0,chunk_0048.json,POST /v1/generation/data/dpp-bulk,2026-05-31 21:45:45.641495+00:00,3207212,SAATLİK MAHSUP_GES_TİC._AG__KADEME-1,10945,2026-05-31T02:00:00+03:00,02:00
40W000003207212T,SAATLİK MAHSUP_GES_TİC._AG__KADEME-1,unknown,2026-05-31 03:00:00+03:00,,0.0,chunk_0048.json,POST /v1/generation/data/dpp-bulk,2026-05-31 21:45:45.641495+00:00,3207212,SAATLİK MAHSUP_GES_TİC._AG__KADEME-1,10945,2026-05-31T03:00:00+03:00,03:00
40W000003207212T,SAATLİK MAHSUP_GES_TİC._AG__KADEME-1,unknown,2026-05-31 04:00:00+03:00,,0.0,chunk_0048.json,POST /v1/generation/data/dpp-bulk,2026-05-31 21:45:45.641495+00:00,3207212,SAATLİK MAHSUP_GES_TİC._AG__KADEME-1,10945,2026-05-31T04:00:00+03:00,04:00
40W000003207212T,SAATLİK MAHSUP_GES_TİC._AG__KADEME-1,unknown,2026-05-31 05:00:00+03:00,,0.0,chunk_0048.json,POST /v1/generation/data/dpp-bulk,2026-05-31 21:45:45.641495+00:00,3207212,SAATLİK MAHSUP_GES_TİC._AG__KADEME-1,10945,2026-05-31T05:00:00+03:00,05:00
40W000003207212T,SAATLİK MAHSUP_GES_TİC._AG__KADEME-1,unknown,2026-05-31 06:00:00+03:00,,0.0,chunk_0048.json,POST /v1/generation/data/dpp-bulk,2026-05-31 21:45:45.641495+00:00,3207212,SAATLİK MAHSUP_GES_TİC._AG__KADEME-1,10945,2026-05-31T06:00:00+03:00,06:00
40W000003207212T,SAATLİK MAHSUP_GES_TİC._AG__KADEME-1,unknown,2026-05-31 07:00:00+03:00,,0.0,chunk_0048.json,POST /v1/generation/data/dpp-bulk,2026-05-31 21:45:45.641495+00:00,3207212,SAATLİK MAHSUP_GES_TİC._AG__KADEME-1,10945,2026-05-31T07:00:00+03:00,07:00
40W000003207212T,SAATLİK MAHSUP_GES_TİC._AG__KADEME-1,unknown,2026-05-31 08:00:00+03:00,,0.0,chunk_0048.json,POST /v1/generation/data/dpp-bulk,2026-05-31 21:45:45.641495+00:00,3207212,SAATLİK MAHSUP_GES_TİC._AG__KADEME-1,10945,2026-05-31T08:00:00+03:00,08:00
40W000003207212T,SAATLİK MAHSUP_GES_TİC._AG__KADEME-1,unknown,2026-05-31 09:00:00+03:00,,0.01,chunk_0048.json,POST /v1/generation/data/dpp-bulk,2026-05-31 21:45:45.641495+00:00,3207212,SAATLİK MAHSUP_GES_TİC._AG__KADEME-1,10945,2026-05-31T09:00:00+03:00,09:00
40W000003207212T,SAATLİK MAHSUP_GES_TİC._AG__KADEME-1,unknown,2026-05-31 10:00:00+03:00,,0.01,chunk_0048.json,POST /v1/generation/data/dpp-bulk,2026-05-31 21:45:45.641495+00:00,3207212,SAATLİK MAHSUP_GES_TİC._AG__KADEME-1,10945,2026-05-31T10:00:00+03:00,10:00
40W000003207212T,SAATLİK MAHSUP_GES_TİC._AG__KADEME-1,unknown,2026-05-31 11:00:00+03:00,,0.01,chunk_0048.json,POST /v1/generation/data/dpp-bulk,2026-05-31 21:45:45.641495+00:00,3207212,SAATLİK MAHSUP_GES_TİC._AG__KADEME-1,10945,2026-05-31T11:00:00+03:00,11:00
40W000003207212T,SAATLİK MAHSUP_GES_TİC._AG__KADEME-1,unknown,2026-05-31 12:00:00+03:00,,0.01,chunk_0048.json,POST /v1/generation/data/dpp-bulk,2026-05-31 21:45:45.641495+00:00,3207212,SAATLİK MAHSUP_GES_TİC._AG__KADEME-1,10945,2026-05-31T12:00:00+03:00,12:00
40W000003207212T,SAATLİK MAHSUP_GES_TİC._AG__KADEME-1,unknown,2026-05-31 13:00:00+03:00,,0.01,chunk_0048.json,POST /v1/generation/data/dpp-bulk,2026-05-31 21:45:45.641495+00:00,3207212,SAATLİK MAHSUP_GES_TİC._AG__KADEME-1,10945,2026-05-31T13:00:00+03:00,13:00
40W000003207212T,SAATLİK MAHSUP_GES_TİC._AG__KADEME-1,unknown,2026-05-31 14:00:00+03:00,,0.01,chunk_0048.json,POST /v1/generation/data/dpp-bulk,2026-05-31 21:45:45.641495+00:00,3207212,SAATLİK MAHSUP_GES_TİC._AG__KADEME-1,10945,2026-05-31T14:00:00+03:00,14:00
40W000003207212T,SAATLİK MAHSUP_GES_TİC._AG__KADEME-1,unknown,2026-05-31 15:00:00+03:00,,0.01,chunk_0048.json,POST /v1/generation/data/dpp-bulk,2026-05-31 21:45:45.641495+00:00,3207212,SAATLİK MAHSUP_GES_TİC._AG__KADEME-1,10945,2026-05-31T15:00:00+03:00,15:00
40W000003207212T,SAATLİK MAHSUP_GES_TİC._AG__KADEME-1,unknown,2026-05-31 16:00:00+03:00,,0.0,chunk_0048.json,POST /v1/generation/data/dpp-bulk,2026-05-31 21:45:45.641495+00:00,3207212,SAATLİK MAHSUP_GES_TİC._AG__KADEME-1,10945,2026-05-31T16:00:00+03:00,16:00
40W000003207212T,SAATLİK MAHSUP_GES_TİC._AG__KADEME-1,unknown,2026-05-31 17:00:00+03:00,,0.0,chunk_0048.json,POST /v1/generation/data/dpp-bulk,2026-05-31 21:45:45.641495+00:00,3207212,SAATLİK MAHSUP_GES_TİC._AG__KADEME-1,10945,2026-05-31T17:00:00+03:00,17:00
40W000003207212T,SAATLİK MAHSUP_GES_TİC._AG__KADEME-1,unknown,2026-05-31 18:00:00+03:00,,0.0,chunk_0048.json,POST /v1/generation/data/dpp-bulk,2026-05-31 21:45:45.641495+00:00,3207212,SAATLİK MAHSUP_GES_TİC._AG__KADEME-1,10945,2026-05-31T18:00:00+03:00,18:00
40W000003207212T,SAATLİK MAHSUP_GES_TİC._AG__KADEME-1,unknown,2026-05-31 19:00:00+03:00,,0.0,chunk_0048.json,POST /v1/generation/data/dpp-bulk,2026-05-31 21:45:45.641495+00:00,3207212,SAATLİK MAHSUP_GES_TİC._AG__KADEME-1,10945,2026-05-31T19:00:00+03:00,19:00
40W000003207212T,SAATLİK MAHSUP_GES_TİC._AG__KADEME-1,unknown,2026-05-31 20:00:00+03:00,,0.0,chunk_0048.json,POST /v1/generation/data/dpp-bulk,2026-05-31 21:45:45.641495+00:00,3207212,SAATLİK MAHSUP_GES_TİC._AG__KADEME-1,10945,2026-05-31T20:00:00+03:00,20:00
40W000003207212T,SAATLİK MAHSUP_GES_TİC._AG__KADEME-1,unknown,2026-05-31 21:00:00+03:00,,0.0,chunk_0048.json,POST /v1/generation/data/dpp-bulk,2026-05-31 21:45:45.641495+00:00,3207212,SAATLİK MAHSUP_GES_TİC._AG__KADEME-1,10945,2026-05-31T21:00:00+03:00,21:00
40W000003207212T,SAATLİK MAHSUP_GES_TİC._AG__KADEME-1,unknown,2026-05-31 22:00:00+03:00,,0.0,chunk_0048.json,POST /v1/generation/data/dpp-bulk,2026-05-31 21:45:45.641495+00:00,3207212,SAATLİK MAHSUP_GES_TİC._AG__KADEME-1,10945,2026-05-31T22:00:00+03:00,22:00
40W000003207212T,SAATLİK MAHSUP_GES_TİC._AG__KADEME-1,unknown,2026-05-31 23:00:00+03:00,,0.0,chunk_0048.json,POST /v1/generation/data/dpp-bulk,2026-05-31 21:45:45.641495+00:00,3207212,SAATLİK MAHSUP_GES_TİC._AG__KADEME-1,10945,2026-05-31T23:00:00+03:00,23:00
40W000003207213R,TOROSLAR_LÜY_SAATLİK MAHSUP_GES_TAR.SUL._OG,unknown,2026-05-31 00:00:00+03:00,,0.0,chunk_0048.json,POST /v1/generation/data/dpp-bulk,2026-05-31 21:45:45.641495+00:00,3207213,TOROSLAR_LÜY_SAATLİK MAHSUP_GES_TAR.SUL._OG,10945,2026-05-31T00:00:00+03:00,00:00
40W000003207213R,TOROSLAR_LÜY_SAATLİK MAHSUP_GES_TAR.SUL._OG,unknown,2026-05-31 01:00:00+03:00,,0.0,chunk_0048.json,POST /v1/generation/data/dpp-bulk,2026-05-31 21:45:45.641495+00:00,3207213,TOROSLAR_LÜY_SAATLİK MAHSUP_GES_TAR.SUL._OG,10945,2026-05-31T01:00:00+03:00,01:00
40W000003207213R,TOROSLAR_LÜY_SAATLİK MAHSUP_GES_TAR.SUL._OG,unknown,2026-05-31 02:00:00+03:00,,0.0,chunk_0048.json,POST /v1/generation/data/dpp-bulk,2026-05-31 21:45:45.641495+00:00,3207213,TOROSLAR_LÜY_SAATLİK MAHSUP_GES_TAR.SUL._OG,10945,2026-05-31T02:00:00+03:00,02:00
40W000003207213R,TOROSLAR_LÜY_SAATLİK MAHSUP_GES_TAR.SUL._OG,unknown,2026-05-31 03:00:00+03:00,,0.0,chunk_0048.json,POST /v1/generation/data/dpp-bulk,2026-05-31 21:45:45.641495+00:00,3207213,TOROSLAR_LÜY_SAATLİK MAHSUP_GES_TAR.SUL._OG,10945,2026-05-31T03:00:00+03:00,03:00
40W000003207213R,TOROSLAR_LÜY_SAATLİK MAHSUP_GES_TAR.SUL._OG,unknown,2026-05-31 04:00:00+03:00,,0.0,chunk_0048.json,POST /v1/generation/data/dpp-bulk,2026-05-31 21:45:45.641495+00:00,3207213,TOROSLAR_LÜY_SAATLİK MAHSUP_GES_TAR.SUL._OG,10945,2026-05-31T04:00:00+03:00,04:00
40W000003207213R,TOROSLAR_LÜY_SAATLİK MAHSUP_GES_TAR.SUL._OG,unknown,2026-05-31 05:00:00+03:00,,0.0,chunk_0048.json,POST /v1/generation/data/dpp-bulk,2026-05-31 21:45:45.641495+00:00,3207213,TOROSLAR_LÜY_SAATLİK MAHSUP_GES_TAR.SUL._OG,10945,2026-05-31T05:00:00+03:00,05:00
40W000003207213R,TOROSLAR_LÜY_SAATLİK MAHSUP_GES_TAR.SUL._OG,unknown,2026-05-31 06:00:00+03:00,,0.01,chunk_0048.json,POST /v1/generation/data/dpp-bulk,2026-05-31 21:45:45.641495+00:00,3207213,TOROSLAR_LÜY_SAATLİK MAHSUP_GES_TAR.SUL._OG,10945,2026-05-31T06:00:00+03:00,06:00
40W000003207213R,TOROSLAR_LÜY_SAATLİK MAHSUP_GES_TAR.SUL._OG,unknown,2026-05-31 07:00:00+03:00,,0.03,chunk_0048.json,POST /v1/generation/data/dpp-bulk,2026-05-31 21:45:45.641495+00:00,3207213,TOROSLAR_LÜY_SAATLİK MAHSUP_GES_TAR.SUL._OG,10945,2026-05-31T07:00:00+03:00,07:00
40W000003207213R,TOROSLAR_LÜY_SAATLİK MAHSUP_GES_TAR.SUL._OG,unknown,2026-05-31 08:00:00+03:00,,0.06,chunk_0048.json,POST /v1/generation/data/dpp-bulk,2026-05-31 21:45:45.641495+00:00,3207213,TOROSLAR_LÜY_SAATLİK MAHSUP_GES_TAR.SUL._OG,10945,2026-05-31T08:00:00+03:00,08:00
40W000003207213R,TOROSLAR_LÜY_SAATLİK MAHSUP_GES_TAR.SUL._OG,unknown,2026-05-31 09:00:00+03:00,,0.08,chunk_0048.json,POST /v1/generation/data/dpp-bulk,2026-05-31 21:45:45.641495+00:00,3207213,TOROSLAR_LÜY_SAATLİK MAHSUP_GES_TAR.SUL._OG,10945,2026-05-31T09:00:00+03:00,09:00
40W000003207213R,TOROSLAR_LÜY_SAATLİK MAHSUP_GES_TAR.SUL._OG,unknown,2026-05-31 10:00:00+03:00,,0.1,chunk_0048.json,POST /v1/generation/data/dpp-bulk,2026-05-31 21:45:45.641495+00:00,3207213,TOROSLAR_LÜY_SAATLİK MAHSUP_GES_TAR.SUL._OG,10945,2026-05-31T10:00:00+03:00,10:00
40W000003207213R,TOROSLAR_LÜY_SAATLİK MAHSUP_GES_TAR.SUL._OG,unknown,2026-05-31 11:00:00+03:00,,0.1,chunk_0048.json,POST /v1/generation/data/dpp-bulk,2026-05-31 21:45:45.641495+00:00,3207213,TOROSLAR_LÜY_SAATLİK MAHSUP_GES_TAR.SUL._OG,10945,2026-05-31T11:00:00+03:00,11:00
40W000003207213R,TOROSLAR_LÜY_SAATLİK MAHSUP_GES_TAR.SUL._OG,unknown,2026-05-31 12:00:00+03:00,,0.11,chunk_0048.json,POST /v1/generation/data/dpp-bulk,2026-05-31 21:45:45.641495+00:00,3207213,TOROSLAR_LÜY_SAATLİK MAHSUP_GES_TAR.SUL._OG,10945,2026-05-31T12:00:00+03:00,12:00
40W000003207213R,TOROSLAR_LÜY_SAATLİK MAHSUP_GES_TAR.SUL._OG,unknown,2026-05-31 13:00:00+03:00,,0.1,chunk_0048.json,POST /v1/generation/data/dpp-bulk,2026-05-31 21:45:45.641495+00:00,3207213,TOROSLAR_LÜY_SAATLİK MAHSUP_GES_TAR.SUL._OG,10945,2026-05-31T13:00:00+03:00,13:00
40W000003207213R,TOROSLAR_LÜY_SAATLİK MAHSUP_GES_TAR.SUL._OG,unknown,2026-05-31 14:00:00+03:00,,0.09,chunk_0048.json,POST /v1/generation/data/dpp-bulk,2026-05-31 21:45:45.641495+00:00,3207213,TOROSLAR_LÜY_SAATLİK MAHSUP_GES_TAR.SUL._OG,10945,2026-05-31T14:00:00+03:00,14:00
40W000003207213R,TOROSLAR_LÜY_SAATLİK MAHSUP_GES_TAR.SUL._OG,unknown,2026-05-31 15:00:00+03:00,,0.08,chunk_0048.json,POST /v1/generation/data/dpp-bulk,2026-05-31 21:45:45.641495+00:00,3207213,TOROSLAR_LÜY_SAATLİK MAHSUP_GES_TAR.SUL._OG,10945,2026-05-31T15:00:00+03:00,15:00
40W000003207213R,TOROSLAR_LÜY_SAATLİK MAHSUP_GES_TAR.SUL._OG,unknown,2026-05-31 16:00:00+03:00,,0.05,chunk_0048.json,POST /v1/generation/data/dpp-bulk,2026-05-31 21:45:45.641495+00:00,3207213,TOROSLAR_LÜY_SAATLİK MAHSUP_GES_TAR.SUL._OG,10945,2026-05-31T16:00:00+03:00,16:00
40W000003207213R,TOROSLAR_LÜY_SAATLİK MAHSUP_GES_TAR.SUL._OG,unknown,2026-05-31 17:00:00+03:00,,0.03,chunk_0048.json,POST /v1/generation/data/dpp-bulk,2026-05-31 21:45:45.641495+00:00,3207213,TOROSLAR_LÜY_SAATLİK MAHSUP_GES_TAR.SUL._OG,10945,2026-05-31T17:00:00+03:00,17:00
40W000003207213R,TOROSLAR_LÜY_SAATLİK MAHSUP_GES_TAR.SUL._OG,unknown,2026-05-31 18:00:00+03:00,,0.01,chunk_0048.json,POST /v1/generation/data/dpp-bulk,2026-05-31 21:45:45.641495+00:00,3207213,TOROSLAR_LÜY_SAATLİK MAHSUP_GES_TAR.SUL._OG,10945,2026-05-31T18:00:00+03:00,18:00
40W000003207213R,TOROSLAR_LÜY_SAATLİK MAHSUP_GES_TAR.SUL._OG,unknown,2026-05-31 19:00:00+03:00,,0.0,chunk_0048.json,POST /v1/generation/data/dpp-bulk,2026-05-31 21:45:45.641495+00:00,3207213,TOROSLAR_LÜY_SAATLİK MAHSUP_GES_TAR.SUL._OG,10945,2026-05-31T19:00:00+03:00,19:00
40W000003207213R,TOROSLAR_LÜY_SAATLİK MAHSUP_GES_TAR.SUL._OG,unknown,2026-05-31 20:00:00+03:00,,0.0,chunk_0048.json,POST /v1/generation/data/dpp-bulk,2026-05-31 21:45:45.641495+00:00,3207213,TOROSLAR_LÜY_SAATLİK MAHSUP_GES_TAR.SUL._OG,10945,2026-05-31T20:00:00+03:00,20:00
40W000003207213R,TOROSLAR_LÜY_SAATLİK MAHSUP_GES_TAR.SUL._OG,unknown,2026-05-31 21:00:00+03:00,,0.0,chunk_0048.json,POST /v1/generation/data/dpp-bulk,2026-05-31 21:45:45.641495+00:00,3207213,TOROSLAR_LÜY_SAATLİK MAHSUP_GES_TAR.SUL._OG,10945,2026-05-31T21:00:00+03:00,21:00
40W000003207213R,TOROSLAR_LÜY_SAATLİK MAHSUP_GES_TAR.SUL._OG,unknown,2026-05-31 22:00:00+03:00,,0.0,chunk_0048.json,POST /v1/generation/data/dpp-bulk,2026-05-31 21:45:45.641495+00:00,3207213,TOROSLAR_LÜY_SAATLİK MAHSUP_GES_TAR.SUL._OG,10945,2026-05-31T22:00:00+03:00,22:00
40W000003207213R,TOROSLAR_LÜY_SAATLİK MAHSUP_GES_TAR.SUL._OG,unknown,2026-05-31 23:00:00+03:00,,0.0,chunk_0048.json,POST /v1/generation/data/dpp-bulk,2026-05-31 21:45:45.641495+00:00,3207213,TOROSLAR_LÜY_SAATLİK MAHSUP_GES_TAR.SUL._OG,10945,2026-05-31T23:00:00+03:00,23:00
40W100003207197N,SAATLİK MAHSUP_GES_MESKEN_AG_KADEME-1,unknown,2026-05-31 00:00:00+03:00,,0.0,chunk_0048.json,POST /v1/generation/data/dpp-bulk,2026-05-31 21:45:45.641495+00:00,3207197,SAATLİK MAHSUP_GES_MESKEN_AG_KADEME-1,10953,2026-05-31T00:00:00+03:00,00:00
40W100003207197N,SAATLİK MAHSUP_GES_MESKEN_AG_KADEME-1,unknown,2026-05-31 01:00:00+03:00,,0.0,chunk_0048.json,POST /v1/generation/data/dpp-bulk,2026-05-31 21:45:45.641495+00:00,3207197,SAATLİK MAHSUP_GES_MESKEN_AG_KADEME-1,10953,2026-05-31T01:00:00+03:00,01:00
40W100003207197N,SAATLİK MAHSUP_GES_MESKEN_AG_KADEME-1,unknown,2026-05-31 02:00:00+03:00,,0.0,chunk_0048.json,POST /v1/generation/data/dpp-bulk,2026-05-31 21:45:45.641495+00:00,3207197,SAATLİK MAHSUP_GES_MESKEN_AG_KADEME-1,10953,2026-05-31T02:00:00+03:00,02:00
40W100003207197N,SAATLİK MAHSUP_GES_MESKEN_AG_KADEME-1,unknown,2026-05-31 03:00:00+03:00,,0.0,chunk_0048.json,POST /v1/generation/data/dpp-bulk,2026-05-31 21:45:45.641495+00:00,3207197,SAATLİK MAHSUP_GES_MESKEN_AG_KADEME-1,10953,2026-05-31T03:00:00+03:00,03:00
40W100003207197N,SAATLİK MAHSUP_GES_MESKEN_AG_KADEME-1,unknown,2026-05-31 04:00:00+03:00,,0.0,chunk_0048.json,POST /v1/generation/data/dpp-bulk,2026-05-31 21:45:45.641495+00:00,3207197,SAATLİK MAHSUP_GES_MESKEN_AG_KADEME-1,10953,2026-05-31T04:00:00+03:00,04:00
40W100003207197N,SAATLİK MAHSUP_GES_MESKEN_AG_KADEME-1,unknown,2026-05-31 05:00:00+03:00,,0.0,chunk_0048.json,POST /v1/generation/data/dpp-bulk,2026-05-31 21:45:45.641495+00:00,3207197,SAATLİK MAHSUP_GES_MESKEN_AG_KADEME-1,10953,2026-05-31T05:00:00+03:00,05:00
40W100003207197N,SAATLİK MAHSUP_GES_MESKEN_AG_KADEME-1,unknown,2026-05-31 06:00:00+03:00,,0.0,chunk_0048.json,POST /v1/generation/data/dpp-bulk,2026-05-31 21:45:45.641495+00:00,3207197,SAATLİK MAHSUP_GES_MESKEN_AG_KADEME-1,10953,2026-05-31T06:00:00+03:00,06:00
40W100003207197N,SAATLİK MAHSUP_GES_MESKEN_AG_KADEME-1,unknown,2026-05-31 07:00:00+03:00,,0.0,chunk_0048.json,POST /v1/generation/data/dpp-bulk,2026-05-31 21:45:45.641495+00:00,3207197,SAATLİK MAHSUP_GES_MESKEN_AG_KADEME-1,10953,2026-05-31T07:00:00+03:00,07:00
40W100003207197N,SAATLİK MAHSUP_GES_MESKEN_AG_KADEME-1,unknown,2026-05-31 08:00:00+03:00,,0.0,chunk_0048.json,POST /v1/generation/data/dpp-bulk,2026-05-31 21:45:45.641495+00:00,3207197,SAATLİK MAHSUP_GES_MESKEN_AG_KADEME-1,10953,2026-05-31T08:00:00+03:00,08:00
40W100003207197N,SAATLİK MAHSUP_GES_MESKEN_AG_KADEME-1,unknown,2026-05-31 09:00:00+03:00,,0.0,chunk_0048.json,POST /v1/generation/data/dpp-bulk,2026-05-31 21:45:45.641495+00:00,3207197,SAATLİK MAHSUP_GES_MESKEN_AG_KADEME-1,10953,2026-05-31T09:00:00+03:00,09:00
40W100003207197N,SAATLİK MAHSUP_GES_MESKEN_AG_KADEME-1,unknown,2026-05-31 10:00:00+03:00,,0.0,chunk_0048.json,POST /v1/generation/data/dpp-bulk,2026-05-31 21:45:45.641495+00:00,3207197,SAATLİK MAHSUP_GES_MESKEN_AG_KADEME-1,10953,2026-05-31T10:00:00+03:00,10:00
40W100003207197N,SAATLİK MAHSUP_GES_MESKEN_AG_KADEME-1,unknown,2026-05-31 11:00:00+03:00,,0.0,chunk_0048.json,POST /v1/generation/data/dpp-bulk,2026-05-31 21:45:45.641495+00:00,3207197,SAATLİK MAHSUP_GES_MESKEN_AG_KADEME-1,10953,2026-05-31T11:00:00+03:00,11:00
40W100003207197N,SAATLİK MAHSUP_GES_MESKEN_AG_KADEME-1,unknown,2026-05-31 12:00:00+03:00,,0.0,chunk_0048.json,POST /v1/generation/data/dpp-bulk,2026-05-31 21:45:45.641495+00:00,3207197,SAATLİK MAHSUP_GES_MESKEN_AG_KADEME-1,10953,2026-05-31T12:00:00+03:00,12:00
40W100003207197N,SAATLİK MAHSUP_GES_MESKEN_AG_KADEME-1,unknown,2026-05-31 13:00:00+03:00,,0.0,chunk_0048.json,POST /v1/generation/data/dpp-bulk,2026-05-31 21:45:45.641495+00:00,3207197,SAATLİK MAHSUP_GES_MESKEN_AG_KADEME-1,10953,2026-05-31T13:00:00+03:00,13:00
40W100003207197N,SAATLİK MAHSUP_GES_MESKEN_AG_KADEME-1,unknown,2026-05-31 14:00:00+03:00,,0.0,chunk_0048.json,POST /v1/generation/data/dpp-bulk,2026-05-31 21:45:45.641495+00:00,3207197,SAATLİK MAHSUP_GES_MESKEN_AG_KADEME-1,10953,2026-05-31T14:00:00+03:00,14:00
40W100003207197N,SAATLİK MAHSUP_GES_MESKEN_AG_KADEME-1,unknown,2026-05-31 15:00:00+03:00,,0.0,chunk_0048.json,POST /v1/generation/data/dpp-bulk,2026-05-31 21:45:45.641495+00:00,3207197,SAATLİK MAHSUP_GES_MESKEN_AG_KADEME-1,10953,2026-05-31T15:00:00+03:00,15:00
40W100003207197N,SAATLİK MAHSUP_GES_MESKEN_AG_KADEME-1,unknown,2026-05-31 16:00:00+03:00,,0.0,chunk_0048.json,POST /v1/generation/data/dpp-bulk,2026-05-31 21:45:45.641495+00:00,3207197,SAATLİK MAHSUP_GES_MESKEN_AG_KADEME-1,10953,2026-05-31T16:00:00+03:00,16:00
40W100003207197N,SAATLİK MAHSUP_GES_MESKEN_AG_KADEME-1,unknown,2026-05-31 17:00:00+03:00,,0.0,chunk_0048.json,POST /v1/generation/data/dpp-bulk,2026-05-31 21:45:45.641495+00:00,3207197,SAATLİK MAHSUP_GES_MESKEN_AG_KADEME-1,10953,2026-05-31T17:00:00+03:00,17:00
40W100003207197N,SAATLİK MAHSUP_GES_MESKEN_AG_KADEME-1,unknown,2026-05-31 18:00:00+03:00,,0.0,chunk_0048.json,POST /v1/generation/data/dpp-bulk,2026-05-31 21:45:45.641495+00:00,3207197,SAATLİK MAHSUP_GES_MESKEN_AG_KADEME-1,10953,2026-05-31T18:00:00+03:00,18:00
40W100003207197N,SAATLİK MAHSUP_GES_MESKEN_AG_KADEME-1,unknown,2026-05-31 19:00:00+03:00,,0.0,chunk_0048.json,POST /v1/generation/data/dpp-bulk,2026-05-31 21:45:45.641495+00:00,3207197,SAATLİK MAHSUP_GES_MESKEN_AG_KADEME-1,10953,2026-05-31T19:00:00+03:00,19:00
40W100003207197N,SAATLİK MAHSUP_GES_MESKEN_AG_KADEME-1,unknown,2026-05-31 20:00:00+03:00,,0.0,chunk_0048.json,POST /v1/generation/data/dpp-bulk,2026-05-31 21:45:45.641495+00:00,3207197,SAATLİK MAHSUP_GES_MESKEN_AG_KADEME-1,10953,2026-05-31T20:00:00+03:00,20:00
40W100003207197N,SAATLİK MAHSUP_GES_MESKEN_AG_KADEME-1,unknown,2026-05-31 21:00:00+03:00,,0.0,chunk_0048.json,POST /v1/generation/data/dpp-bulk,2026-05-31 21:45:45.641495+00:00,3207197,SAATLİK MAHSUP_GES_MESKEN_AG_KADEME-1,10953,2026-05-31T21:00:00+03:00,21:00
40W100003207197N,SAATLİK MAHSUP_GES_MESKEN_AG_KADEME-1,unknown,2026-05-31 22:00:00+03:00,,0.0,chunk_0048.json,POST /v1/generation/data/dpp-bulk,2026-05-31 21:45:45.641495+00:00,3207197,SAATLİK MAHSUP_GES_MESKEN_AG_KADEME-1,10953,2026-05-31T22:00:00+03:00,22:00
40W100003207197N,SAATLİK MAHSUP_GES_MESKEN_AG_KADEME-1,unknown,2026-05-31 23:00:00+03:00,,0.0,chunk_0048.json,POST /v1/generation/data/dpp-bulk,2026-05-31 21:45:45.641495+00:00,3207197,SAATLİK MAHSUP_GES_MESKEN_AG_KADEME-1,10953,2026-05-31T23:00:00+03:00,23:00
40W000003207201Y,UEDAŞ_LÜY_SAATLİK MAHSUP_GES_TAR.SUL._OG,unknown,2026-05-31 00:00:00+03:00,,0.0,chunk_0048.json,POST /v1/generation/data/dpp-bulk,2026-05-31 21:45:45.641495+00:00,3207201,UEDAŞ_LÜY_SAATLİK MAHSUP_GES_TAR.SUL._OG,10953,2026-05-31T00:00:00+03:00,00:00
40W000003207201Y,UEDAŞ_LÜY_SAATLİK MAHSUP_GES_TAR.SUL._OG,unknown,2026-05-31 01:00:00+03:00,,0.0,chunk_0048.json,POST /v1/generation/data/dpp-bulk,2026-05-31 21:45:45.641495+00:00,3207201,UEDAŞ_LÜY_SAATLİK MAHSUP_GES_TAR.SUL._OG,10953,2026-05-31T01:00:00+03:00,01:00
40W000003207201Y,UEDAŞ_LÜY_SAATLİK MAHSUP_GES_TAR.SUL._OG,unknown,2026-05-31 02:00:00+03:00,,0.0,chunk_0048.json,POST /v1/generation/data/dpp-bulk,2026-05-31 21:45:45.641495+00:00,3207201,UEDAŞ_LÜY_SAATLİK MAHSUP_GES_TAR.SUL._OG,10953,2026-05-31T02:00:00+03:00,02:00
40W000003207201Y,UEDAŞ_LÜY_SAATLİK MAHSUP_GES_TAR.SUL._OG,unknown,2026-05-31 03:00:00+03:00,,0.0,chunk_0048.json,POST /v1/generation/data/dpp-bulk,2026-05-31 21:45:45.641495+00:00,3207201,UEDAŞ_LÜY_SAATLİK MAHSUP_GES_TAR.SUL._OG,10953,2026-05-31T03:00:00+03:00,03:00
40W000003207201Y,UEDAŞ_LÜY_SAATLİK MAHSUP_GES_TAR.SUL._OG,unknown,2026-05-31 04:00:00+03:00,,0.0,chunk_0048.json,POST /v1/generation/data/dpp-bulk,2026-05-31 21:45:45.641495+00:00,3207201,UEDAŞ_LÜY_SAATLİK MAHSUP_GES_TAR.SUL._OG,10953,2026-05-31T04:00:00+03:00,04:00
40W000003207201Y,UEDAŞ_LÜY_SAATLİK MAHSUP_GES_TAR.SUL._OG,unknown,2026-05-31 05:00:00+03:00,,0.0,chunk_0048.json,POST /v1/generation/data/dpp-bulk,2026-05-31 21:45:45.641495+00:00,3207201,UEDAŞ_LÜY_SAATLİK MAHSUP_GES_TAR.SUL._OG,10953,2026-05-31T05:00:00+03:00,05:00
40W000003207201Y,UEDAŞ_LÜY_SAATLİK MAHSUP_GES_TAR.SUL._OG,unknown,2026-05-31 06:00:00+03:00,,0.0,chunk_0048.json,POST /v1/generation/data/dpp-bulk,2026-05-31 21:45:45.641495+00:00,3207201,UEDAŞ_LÜY_SAATLİK MAHSUP_GES_TAR.SUL._OG,10953,2026-05-31T06:00:00+03:00,06:00
40W000003207201Y,UEDAŞ_LÜY_SAATLİK MAHSUP_GES_TAR.SUL._OG,unknown,2026-05-31 07:00:00+03:00,,0.0,chunk_0048.json,POST /v1/generation/data/dpp-bulk,2026-05-31 21:45:45.641495+00:00,3207201,UEDAŞ_LÜY_SAATLİK MAHSUP_GES_TAR.SUL._OG,10953,2026-05-31T07:00:00+03:00,07:00
40W000003207201Y,UEDAŞ_LÜY_SAATLİK MAHSUP_GES_TAR.SUL._OG,unknown,2026-05-31 08:00:00+03:00,,0.1,chunk_0048.json,POST /v1/generation/data/dpp-bulk,2026-05-31 21:45:45.641495+00:00,3207201,UEDAŞ_LÜY_SAATLİK MAHSUP_GES_TAR.SUL._OG,10953,2026-05-31T08:00:00+03:00,08:00
40W000003207201Y,UEDAŞ_LÜY_SAATLİK MAHSUP_GES_TAR.SUL._OG,unknown,2026-05-31 09:00:00+03:00,,0.1,chunk_0048.json,POST /v1/generation/data/dpp-bulk,2026-05-31 21:45:45.641495+00:00,3207201,UEDAŞ_LÜY_SAATLİK MAHSUP_GES_TAR.SUL._OG,10953,2026-05-31T09:00:00+03:00,09:00
40W000003207201Y,UEDAŞ_LÜY_SAATLİK MAHSUP_GES_TAR.SUL._OG,unknown,2026-05-31 10:00:00+03:00,,0.1,chunk_0048.json,POST /v1/generation/data/dpp-bulk,2026-05-31 21:45:45.641495+00:00,3207201,UEDAŞ_LÜY_SAATLİK MAHSUP_GES_TAR.SUL._OG,10953,2026-05-31T10:00:00+03:00,10:00
40W000003207201Y,UEDAŞ_LÜY_SAATLİK MAHSUP_GES_TAR.SUL._OG,unknown,2026-05-31 11:00:00+03:00,,0.2,chunk_0048.json,POST /v1/generation/data/dpp-bulk,2026-05-31 21:45:45.641495+00:00,3207201,UEDAŞ_LÜY_SAATLİK MAHSUP_GES_TAR.SUL._OG,10953,2026-05-31T11:00:00+03:00,11:00
40W000003207201Y,UEDAŞ_LÜY_SAATLİK MAHSUP_GES_TAR.SUL._OG,unknown,2026-05-31 12:00:00+03:00,,0.2,chunk_0048.json,POST /v1/generation/data/dpp-bulk,2026-05-31 21:45:45.641495+00:00,3207201,UEDAŞ_LÜY_SAATLİK MAHSUP_GES_TAR.SUL._OG,10953,2026-05-31T12:00:00+03:00,12:00
40W000003207201Y,UEDAŞ_LÜY_SAATLİK MAHSUP_GES_TAR.SUL._OG,unknown,2026-05-31 13:00:00+03:00,,0.2,chunk_0048.json,POST /v1/generation/data/dpp-bulk,2026-05-31 21:45:45.641495+00:00,3207201,UEDAŞ_LÜY_SAATLİK MAHSUP_GES_TAR.SUL._OG,10953,2026-05-31T13:00:00+03:00,13:00
40W000003207201Y,UEDAŞ_LÜY_SAATLİK MAHSUP_GES_TAR.SUL._OG,unknown,2026-05-31 14:00:00+03:00,,0.2,chunk_0048.json,POST /v1/generation/data/dpp-bulk,2026-05-31 21:45:45.641495+00:00,3207201,UEDAŞ_LÜY_SAATLİK MAHSUP_GES_TAR.SUL._OG,10953,2026-05-31T14:00:00+03:00,14:00
40W000003207201Y,UEDAŞ_LÜY_SAATLİK MAHSUP_GES_TAR.SUL._OG,unknown,2026-05-31 15:00:00+03:00,,0.1,chunk_0048.json,POST /v1/generation/data/dpp-bulk,2026-05-31 21:45:45.641495+00:00,3207201,UEDAŞ_LÜY_SAATLİK MAHSUP_GES_TAR.SUL._OG,10953,2026-05-31T15:00:00+03:00,15:00
40W000003207201Y,UEDAŞ_LÜY_SAATLİK MAHSUP_GES_TAR.SUL._OG,unknown,2026-05-31 16:00:00+03:00,,0.1,chunk_0048.json,POST /v1/generation/data/dpp-bulk,2026-05-31 21:45:45.641495+00:00,3207201,UEDAŞ_LÜY_SAATLİK MAHSUP_GES_TAR.SUL._OG,10953,2026-05-31T16:00:00+03:00,16:00
40W000003207201Y,UEDAŞ_LÜY_SAATLİK MAHSUP_GES_TAR.SUL._OG,unknown,2026-05-31 17:00:00+03:00,,0.1,chunk_0048.json,POST /v1/generation/data/dpp-bulk,2026-05-31 21:45:45.641495+00:00,3207201,UEDAŞ_LÜY_SAATLİK MAHSUP_GES_TAR.SUL._OG,10953,2026-05-31T17:00:00+03:00,17:00
40W000003207201Y,UEDAŞ_LÜY_SAATLİK MAHSUP_GES_TAR.SUL._OG,unknown,2026-05-31 18:00:00+03:00,,0.0,chunk_0048.json,POST /v1/generation/data/dpp-bulk,2026-05-31 21:45:45.641495+00:00,3207201,UEDAŞ_LÜY_SAATLİK MAHSUP_GES_TAR.SUL._OG,10953,2026-05-31T18:00:00+03:00,18:00
40W000003207201Y,UEDAŞ_LÜY_SAATLİK MAHSUP_GES_TAR.SUL._OG,unknown,2026-05-31 19:00:00+03:00,,0.0,chunk_0048.json,POST /v1/generation/data/dpp-bulk,2026-05-31 21:45:45.641495+00:00,3207201,UEDAŞ_LÜY_SAATLİK MAHSUP_GES_TAR.SUL._OG,10953,2026-05-31T19:00:00+03:00,19:00
40W000003207201Y,UEDAŞ_LÜY_SAATLİK MAHSUP_GES_TAR.SUL._OG,unknown,2026-05-31 20:00:00+03:00,,0.0,chunk_0048.json,POST /v1/generation/data/dpp-bulk,2026-05-31 21:45:45.641495+00:00,3207201,UEDAŞ_LÜY_SAATLİK MAHSUP_GES_TAR.SUL._OG,10953,2026-05-31T20:00:00+03:00,20:00
40W000003207201Y,UEDAŞ_LÜY_SAATLİK MAHSUP_GES_TAR.SUL._OG,unknown,2026-05-31 21:00:00+03:00,,0.0,chunk_0048.json,POST /v1/generation/data/dpp-bulk,2026-05-31 21:45:45.641495+00:00,3207201,UEDAŞ_LÜY_SAATLİK MAHSUP_GES_TAR.SUL._OG,10953,2026-05-31T21:00:00+03:00,21:00
40W000003207201Y,UEDAŞ_LÜY_SAATLİK MAHSUP_GES_TAR.SUL._OG,unknown,2026-05-31 22:00:00+03:00,,0.0,chunk_0048.json,POST /v1/generation/data/dpp-bulk,2026-05-31 21:45:45.641495+00:00,3207201,UEDAŞ_LÜY_SAATLİK MAHSUP_GES_TAR.SUL._OG,10953,2026-05-31T22:00:00+03:00,22:00
40W000003207201Y,UEDAŞ_LÜY_SAATLİK MAHSUP_GES_TAR.SUL._OG,unknown,2026-05-31 23:00:00+03:00,,0.0,chunk_0048.json,POST /v1/generation/data/dpp-bulk,2026-05-31 21:45:45.641495+00:00,3207201,UEDAŞ_LÜY_SAATLİK MAHSUP_GES_TAR.SUL._OG,10953,2026-05-31T23:00:00+03:00,23:00
40W000003207091F,AFTA GES,unknown,2026-05-31 00:00:00+03:00,,0.0,chunk_0048.json,POST /v1/generation/data/dpp-bulk,2026-05-31 21:45:45.641495+00:00,3207091,AFTA GES,12377,2026-05-31T00:00:00+03:00,00:00
40W000003207091F,AFTA GES,unknown,2026-05-31 01:00:00+03:00,,0.0,chunk_0048.json,POST /v1/generation/data/dpp-bulk,2026-05-31 21:45:45.641495+00:00,3207091,AFTA GES,12377,2026-05-31T01:00:00+03:00,01:00
40W000003207091F,AFTA GES,unknown,2026-05-31 02:00:00+03:00,,0.0,chunk_0048.json,POST /v1/generation/data/dpp-bulk,2026-05-31 21:45:45.641495+00:00,3207091,AFTA GES,12377,2026-05-31T02:00:00+03:00,02:00
40W000003207091F,AFTA GES,unknown,2026-05-31 03:00:00+03:00,,0.0,chunk_0048.json,POST /v1/generation/data/dpp-bulk,2026-05-31 21:45:45.641495+00:00,3207091,AFTA GES,12377,2026-05-31T03:00:00+03:00,03:00
40W000003207091F,AFTA GES,unknown,2026-05-31 04:00:00+03:00,,0.0,chunk_0048.json,POST /v1/generation/data/dpp-bulk,2026-05-31 21:45:45.641495+00:00,3207091,AFTA GES,12377,2026-05-31T04:00:00+03:00,04:00
40W000003207091F,AFTA GES,unknown,2026-05-31 05:00:00+03:00,,0.1,chunk_0048.json,POST /v1/generation/data/dpp-bulk,2026-05-31 21:45:45.641495+00:00,3207091,AFTA GES,12377,2026-05-31T05:00:00+03:00,05:00
40W000003207091F,AFTA GES,unknown,2026-05-31 06:00:00+03:00,,0.5,chunk_0048.json,POST /v1/generation/data/dpp-bulk,2026-05-31 21:45:45.641495+00:00,3207091,AFTA GES,12377,2026-05-31T06:00:00+03:00,06:00
40W000003207091F,AFTA GES,unknown,2026-05-31 07:00:00+03:00,,2.0,chunk_0048.json,POST /v1/generation/data/dpp-bulk,2026-05-31 21:45:45.641495+00:00,3207091,AFTA GES,12377,2026-05-31T07:00:00+03:00,07:00
40W000003207091F,AFTA GES,unknown,2026-05-31 08:00:00+03:00,,3.3,chunk_0048.json,POST /v1/generation/data/dpp-bulk,2026-05-31 21:45:45.641495+00:00,3207091,AFTA GES,12377,2026-05-31T08:00:00+03:00,08:00
40W000003207091F,AFTA GES,unknown,2026-05-31 09:00:00+03:00,,4.1,chunk_0048.json,POST /v1/generation/data/dpp-bulk,2026-05-31 21:45:45.641495+00:00,3207091,AFTA GES,12377,2026-05-31T09:00:00+03:00,09:00
40W000003207091F,AFTA GES,unknown,2026-05-31 10:00:00+03:00,,5.1,chunk_0048.json,POST /v1/generation/data/dpp-bulk,2026-05-31 21:45:45.641495+00:00,3207091,AFTA GES,12377,2026-05-31T10:00:00+03:00,10:00
40W000003207091F,AFTA GES,unknown,2026-05-31 11:00:00+03:00,,5.2,chunk_0048.json,POST /v1/generation/data/dpp-bulk,2026-05-31 21:45:45.641495+00:00,3207091,AFTA GES,12377,2026-05-31T11:00:00+03:00,11:00
40W000003207091F,AFTA GES,unknown,2026-05-31 12:00:00+03:00,,5.3,chunk_0048.json,POST /v1/generation/data/dpp-bulk,2026-05-31 21:45:45.641495+00:00,3207091,AFTA GES,12377,2026-05-31T12:00:00+03:00,12:00
40W000003207091F,AFTA GES,unknown,2026-05-31 13:00:00+03:00,,5.5,chunk_0048.json,POST /v1/generation/data/dpp-bulk,2026-05-31 21:45:45.641495+00:00,3207091,AFTA GES,12377,2026-05-31T13:00:00+03:00,13:00
40W000003207091F,AFTA GES,unknown,2026-05-31 14:00:00+03:00,,5.7,chunk_0048.json,POST /v1/generation/data/dpp-bulk,2026-05-31 21:45:45.641495+00:00,3207091,AFTA GES,12377,2026-05-31T14:00:00+03:00,14:00
40W000003207091F,AFTA GES,unknown,2026-05-31 15:00:00+03:00,,5.1,chunk_0048.json,POST /v1/generation/data/dpp-bulk,2026-05-31 21:45:45.641495+00:00,3207091,AFTA GES,12377,2026-05-31T15:00:00+03:00,15:00
40W000003207091F,AFTA GES,unknown,2026-05-31 16:00:00+03:00,,4.5,chunk_0048.json,POST /v1/generation/data/dpp-bulk,2026-05-31 21:45:45.641495+00:00,3207091,AFTA GES,12377,2026-05-31T16:00:00+03:00,16:00
40W000003207091F,AFTA GES,unknown,2026-05-31 17:00:00+03:00,,3.7,chunk_0048.json,POST /v1/generation/data/dpp-bulk,2026-05-31 21:45:45.641495+00:00,3207091,AFTA GES,12377,2026-05-31T17:00:00+03:00,17:00
40W000003207091F,AFTA GES,unknown,2026-05-31 18:00:00+03:00,,0.8,chunk_0048.json,POST /v1/generation/data/dpp-bulk,2026-05-31 21:45:45.641495+00:00,3207091,AFTA GES,12377,2026-05-31T18:00:00+03:00,18:00
40W000003207091F,AFTA GES,unknown,2026-05-31 19:00:00+03:00,,0.1,chunk_0048.json,POST /v1/generation/data/dpp-bulk,2026-05-31 21:45:45.641495+00:00,3207091,AFTA GES,12377,2026-05-31T19:00:00+03:00,19:00
40W000003207091F,AFTA GES,unknown,2026-05-31 20:00:00+03:00,,0.0,chunk_0048.json,POST /v1/generation/data/dpp-bulk,2026-05-31 21:45:45.641495+00:00,3207091,AFTA GES,12377,2026-05-31T20:00:00+03:00,20:00
40W000003207091F,AFTA GES,unknown,2026-05-31 21:00:00+03:00,,0.0,chunk_0048.json,POST /v1/generation/data/dpp-bulk,2026-05-31 21:45:45.641495+00:00,3207091,AFTA GES,12377,2026-05-31T21:00:00+03:00,21:00
40W000003207091F,AFTA GES,unknown,2026-05-31 22:00:00+03:00,,0.0,chunk_0048.json,POST /v1/generation/data/dpp-bulk,2026-05-31 21:45:45.641495+00:00,3207091,AFTA GES,12377,2026-05-31T22:00:00+03:00,22:00
40W000003207091F,AFTA GES,unknown,2026-05-31 23:00:00+03:00,,0.0,chunk_0048.json,POST /v1/generation/data/dpp-bulk,2026-05-31 21:45:45.641495+00:00,3207091,AFTA GES,12377,2026-05-31T23:00:00+03:00,23:00
40W0000032071100,SOLANA KONYA GES,unknown,2026-05-31 00:00:00+03:00,,0.0,chunk_0048.json,POST /v1/generation/data/dpp-bulk,2026-05-31 21:45:45.641495+00:00,3207110,SOLANA KONYA GES,12378,2026-05-31T00:00:00+03:00,00:00
40W0000032071100,SOLANA KONYA GES,unknown,2026-05-31 01:00:00+03:00,,0.0,chunk_0048.json,POST /v1/generation/data/dpp-bulk,2026-05-31 21:45:45.641495+00:00,3207110,SOLANA KONYA GES,12378,2026-05-31T01:00:00+03:00,01:00
40W0000032071100,SOLANA KONYA GES,unknown,2026-05-31 02:00:00+03:00,,0.0,chunk_0048.json,POST /v1/generation/data/dpp-bulk,2026-05-31 21:45:45.641495+00:00,3207110,SOLANA KONYA GES,12378,2026-05-31T02:00:00+03:00,02:00
40W0000032071100,SOLANA KONYA GES,unknown,2026-05-31 03:00:00+03:00,,0.0,chunk_0048.json,POST /v1/generation/data/dpp-bulk,2026-05-31 21:45:45.641495+00:00,3207110,SOLANA KONYA GES,12378,2026-05-31T03:00:00+03:00,03:00
40W0000032071100,SOLANA KONYA GES,unknown,2026-05-31 04:00:00+03:00,,0.0,chunk_0048.json,POST /v1/generation/data/dpp-bulk,2026-05-31 21:45:45.641495+00:00,3207110,SOLANA KONYA GES,12378,2026-05-31T04:00:00+03:00,04:00
40W0000032071100,SOLANA KONYA GES,unknown,2026-05-31 05:00:00+03:00,,0.0,chunk_0048.json,POST /v1/generation/data/dpp-bulk,2026-05-31 21:45:45.641495+00:00,3207110,SOLANA KONYA GES,12378,2026-05-31T05:00:00+03:00,05:00
40W0000032071100,SOLANA KONYA GES,unknown,2026-05-31 06:00:00+03:00,,0.1,chunk_0048.json,POST /v1/generation/data/dpp-bulk,2026-05-31 21:45:45.641495+00:00,3207110,SOLANA KONYA GES,12378,2026-05-31T06:00:00+03:00,06:00
40W0000032071100,SOLANA KONYA GES,unknown,2026-05-31 07:00:00+03:00,,0.5,chunk_0048.json,POST /v1/generation/data/dpp-bulk,2026-05-31 21:45:45.641495+00:00,3207110,SOLANA KONYA GES,12378,2026-05-31T07:00:00+03:00,07:00
40W0000032071100,SOLANA KONYA GES,unknown,2026-05-31 08:00:00+03:00,,0.8,chunk_0048.json,POST /v1/generation/data/dpp-bulk,2026-05-31 21:45:45.641495+00:00,3207110,SOLANA KONYA GES,12378,2026-05-31T08:00:00+03:00,08:00
40W0000032071100,SOLANA KONYA GES,unknown,2026-05-31 09:00:00+03:00,,0.9,chunk_0048.json,POST /v1/generation/data/dpp-bulk,2026-05-31 21:45:45.641495+00:00,3207110,SOLANA KONYA GES,12378,2026-05-31T09:00:00+03:00,09:00
40W0000032071100,SOLANA KONYA GES,unknown,2026-05-31 10:00:00+03:00,,1.2,chunk_0048.json,POST /v1/generation/data/dpp-bulk,2026-05-31 21:45:45.641495+00:00,3207110,SOLANA KONYA GES,12378,2026-05-31T10:00:00+03:00,10:00
40W0000032071100,SOLANA KONYA GES,unknown,2026-05-31 11:00:00+03:00,,1.2,chunk_0048.json,POST /v1/generation/data/dpp-bulk,2026-05-31 21:45:45.641495+00:00,3207110,SOLANA KONYA GES,12378,2026-05-31T11:00:00+03:00,11:00
40W0000032071100,SOLANA KONYA GES,unknown,2026-05-31 12:00:00+03:00,,1.2,chunk_0048.json,POST /v1/generation/data/dpp-bulk,2026-05-31 21:45:45.641495+00:00,3207110,SOLANA KONYA GES,12378,2026-05-31T12:00:00+03:00,12:00
40W0000032071100,SOLANA KONYA GES,unknown,2026-05-31 13:00:00+03:00,,1.2,chunk_0048.json,POST /v1/generation/data/dpp-bulk,2026-05-31 21:45:45.641495+00:00,3207110,SOLANA KONYA GES,12378,2026-05-31T13:00:00+03:00,13:00
40W0000032071100,SOLANA KONYA GES,unknown,2026-05-31 14:00:00+03:00,,1.3,chunk_0048.json,POST /v1/generation/data/dpp-bulk,2026-05-31 21:45:45.641495+00:00,3207110,SOLANA KONYA GES,12378,2026-05-31T14:00:00+03:00,14:00
40W0000032071100,SOLANA KONYA GES,unknown,2026-05-31 15:00:00+03:00,,1.1,chunk_0048.json,POST /v1/generation/data/dpp-bulk,2026-05-31 21:45:45.641495+00:00,3207110,SOLANA KONYA GES,12378,2026-05-31T15:00:00+03:00,15:00
40W0000032071100,SOLANA KONYA GES,unknown,2026-05-31 16:00:00+03:00,,1.0,chunk_0048.json,POST /v1/generation/data/dpp-bulk,2026-05-31 21:45:45.641495+00:00,3207110,SOLANA KONYA GES,12378,2026-05-31T16:00:00+03:00,16:00
40W0000032071100,SOLANA KONYA GES,unknown,2026-05-31 17:00:00+03:00,,0.8,chunk_0048.json,POST /v1/generation/data/dpp-bulk,2026-05-31 21:45:45.641495+00:00,3207110,SOLANA KONYA GES,12378,2026-05-31T17:00:00+03:00,17:00
40W0000032071100,SOLANA KONYA GES,unknown,2026-05-31 18:00:00+03:00,,0.2,chunk_0048.json,POST /v1/generation/data/dpp-bulk,2026-05-31 21:45:45.641495+00:00,3207110,SOLANA KONYA GES,12378,2026-05-31T18:00:00+03:00,18:00
40W0000032071100,SOLANA KONYA GES,unknown,2026-05-31 19:00:00+03:00,,0.0,chunk_0048.json,POST /v1/generation/data/dpp-bulk,2026-05-31 21:45:45.641495+00:00,3207110,SOLANA KONYA GES,12378,2026-05-31T19:00:00+03:00,19:00
40W0000032071100,SOLANA KONYA GES,unknown,2026-05-31 20:00:00+03:00,,0.0,chunk_0048.json,POST /v1/generation/data/dpp-bulk,2026-05-31 21:45:45.641495+00:00,3207110,SOLANA KONYA GES,12378,2026-05-31T20:00:00+03:00,20:00
40W0000032071100,SOLANA KONYA GES,unknown,2026-05-31 21:00:00+03:00,,0.0,chunk_0048.json,POST /v1/generation/data/dpp-bulk,2026-05-31 21:45:45.641495+00:00,3207110,SOLANA KONYA GES,12378,2026-05-31T21:00:00+03:00,21:00
40W0000032071100,SOLANA KONYA GES,unknown,2026-05-31 22:00:00+03:00,,0.0,chunk_0048.json,POST /v1/generation/data/dpp-bulk,2026-05-31 21:45:45.641495+00:00,3207110,SOLANA KONYA GES,12378,2026-05-31T22:00:00+03:00,22:00
40W0000032071100,SOLANA KONYA GES,unknown,2026-05-31 23:00:00+03:00,,0.0,chunk_0048.json,POST /v1/generation/data/dpp-bulk,2026-05-31 21:45:45.641495+00:00,3207110,SOLANA KONYA GES,12378,2026-05-31T23:00:00+03:00,23:00
40W000003207310T,APA GES,unknown,2026-05-31 00:00:00+03:00,,0.0,chunk_0048.json,POST /v1/generation/data/dpp-bulk,2026-05-31 21:45:45.641495+00:00,3207310,APA GES,12457,2026-05-31T00:00:00+03:00,00:00
40W000003207310T,APA GES,unknown,2026-05-31 01:00:00+03:00,,0.0,chunk_0048.json,POST /v1/generation/data/dpp-bulk,2026-05-31 21:45:45.641495+00:00,3207310,APA GES,12457,2026-05-31T01:00:00+03:00,01:00
40W000003207310T,APA GES,unknown,2026-05-31 02:00:00+03:00,,0.0,chunk_0048.json,POST /v1/generation/data/dpp-bulk,2026-05-31 21:45:45.641495+00:00,3207310,APA GES,12457,2026-05-31T02:00:00+03:00,02:00
40W000003207310T,APA GES,unknown,2026-05-31 03:00:00+03:00,,0.0,chunk_0048.json,POST /v1/generation/data/dpp-bulk,2026-05-31 21:45:45.641495+00:00,3207310,APA GES,12457,2026-05-31T03:00:00+03:00,03:00
40W000003207310T,APA GES,unknown,2026-05-31 04:00:00+03:00,,0.0,chunk_0048.json,POST /v1/generation/data/dpp-bulk,2026-05-31 21:45:45.641495+00:00,3207310,APA GES,12457,2026-05-31T04:00:00+03:00,04:00
40W000003207310T,APA GES,unknown,2026-05-31 05:00:00+03:00,,0.0,chunk_0048.json,POST /v1/generation/data/dpp-bulk,2026-05-31 21:45:45.641495+00:00,3207310,APA GES,12457,2026-05-31T05:00:00+03:00,05:00
40W000003207310T,APA GES,unknown,2026-05-31 06:00:00+03:00,,1.0,chunk_0048.json,POST /v1/generation/data/dpp-bulk,2026-05-31 21:45:45.641495+00:00,3207310,APA GES,12457,2026-05-31T06:00:00+03:00,06:00
40W000003207310T,APA GES,unknown,2026-05-31 07:00:00+03:00,,4.0,chunk_0048.json,POST /v1/generation/data/dpp-bulk,2026-05-31 21:45:45.641495+00:00,3207310,APA GES,12457,2026-05-31T07:00:00+03:00,07:00
40W000003207310T,APA GES,unknown,2026-05-31 08:00:00+03:00,,7.0,chunk_0048.json,POST /v1/generation/data/dpp-bulk,2026-05-31 21:45:45.641495+00:00,3207310,APA GES,12457,2026-05-31T08:00:00+03:00,08:00
40W000003207310T,APA GES,unknown,2026-05-31 09:00:00+03:00,,10.0,chunk_0048.json,POST /v1/generation/data/dpp-bulk,2026-05-31 21:45:45.641495+00:00,3207310,APA GES,12457,2026-05-31T09:00:00+03:00,09:00
40W000003207310T,APA GES,unknown,2026-05-31 10:00:00+03:00,,12.0,chunk_0048.json,POST /v1/generation/data/dpp-bulk,2026-05-31 21:45:45.641495+00:00,3207310,APA GES,12457,2026-05-31T10:00:00+03:00,10:00
40W000003207310T,APA GES,unknown,2026-05-31 11:00:00+03:00,,13.0,chunk_0048.json,POST /v1/generation/data/dpp-bulk,2026-05-31 21:45:45.641495+00:00,3207310,APA GES,12457,2026-05-31T11:00:00+03:00,11:00
40W000003207310T,APA GES,unknown,2026-05-31 12:00:00+03:00,,13.0,chunk_0048.json,POST /v1/generation/data/dpp-bulk,2026-05-31 21:45:45.641495+00:00,3207310,APA GES,12457,2026-05-31T12:00:00+03:00,12:00
40W000003207310T,APA GES,unknown,2026-05-31 13:00:00+03:00,,13.0,chunk_0048.json,POST /v1/generation/data/dpp-bulk,2026-05-31 21:45:45.641495+00:00,3207310,APA GES,12457,2026-05-31T13:00:00+03:00,13:00
40W000003207310T,APA GES,unknown,2026-05-31 14:00:00+03:00,,12.0,chunk_0048.json,POST /v1/generation/data/dpp-bulk,2026-05-31 21:45:45.641495+00:00,3207310,APA GES,12457,2026-05-31T14:00:00+03:00,14:00
40W000003207310T,APA GES,unknown,2026-05-31 15:00:00+03:00,,10.0,chunk_0048.json,POST /v1/generation/data/dpp-bulk,2026-05-31 21:45:45.641495+00:00,3207310,APA GES,12457,2026-05-31T15:00:00+03:00,15:00
40W000003207310T,APA GES,unknown,2026-05-31 16:00:00+03:00,,7.0,chunk_0048.json,POST /v1/generation/data/dpp-bulk,2026-05-31 21:45:45.641495+00:00,3207310,APA GES,12457,2026-05-31T16:00:00+03:00,16:00
40W000003207310T,APA GES,unknown,2026-05-31 17:00:00+03:00,,4.0,chunk_0048.json,POST /v1/generation/data/dpp-bulk,2026-05-31 21:45:45.641495+00:00,3207310,APA GES,12457,2026-05-31T17:00:00+03:00,17:00
40W000003207310T,APA GES,unknown,2026-05-31 18:00:00+03:00,,2.0,chunk_0048.json,POST /v1/generation/data/dpp-bulk,2026-05-31 21:45:45.641495+00:00,3207310,APA GES,12457,2026-05-31T18:00:00+03:00,18:00
40W000003207310T,APA GES,unknown,2026-05-31 19:00:00+03:00,,0.1,chunk_0048.json,POST /v1/generation/data/dpp-bulk,2026-05-31 21:45:45.641495+00:00,3207310,APA GES,12457,2026-05-31T19:00:00+03:00,19:00
40W000003207310T,APA GES,unknown,2026-05-31 20:00:00+03:00,,0.0,chunk_0048.json,POST /v1/generation/data/dpp-bulk,2026-05-31 21:45:45.641495+00:00,3207310,APA GES,12457,2026-05-31T20:00:00+03:00,20:00
40W000003207310T,APA GES,unknown,2026-05-31 21:00:00+03:00,,0.0,chunk_0048.json,POST /v1/generation/data/dpp-bulk,2026-05-31 21:45:45.641495+00:00,3207310,APA GES,12457,2026-05-31T21:00:00+03:00,21:00
40W000003207310T,APA GES,unknown,2026-05-31 22:00:00+03:00,,0.0,chunk_0048.json,POST /v1/generation/data/dpp-bulk,2026-05-31 21:45:45.641495+00:00,3207310,APA GES,12457,2026-05-31T22:00:00+03:00,22:00
40W000003207310T,APA GES,unknown,2026-05-31 23:00:00+03:00,,0.0,chunk_0048.json,POST /v1/generation/data/dpp-bulk,2026-05-31 21:45:45.641495+00:00,3207310,APA GES,12457,2026-05-31T23:00:00+03:00,23:00
40W000003207430J,ÇİÇEKLİ I-II REG. ve HES,unknown,2026-05-31 00:00:00+03:00,,6.4,chunk_0048.json,POST /v1/generation/data/dpp-bulk,2026-05-31 21:45:45.641495+00:00,3207430,ÇİÇEKLİ I-II REG. ve HES,12677,2026-05-31T00:00:00+03:00,00:00
40W000003207430J,ÇİÇEKLİ I-II REG. ve HES,unknown,2026-05-31 01:00:00+03:00,,6.4,chunk_0048.json,POST /v1/generation/data/dpp-bulk,2026-05-31 21:45:45.641495+00:00,3207430,ÇİÇEKLİ I-II REG. ve HES,12677,2026-05-31T01:00:00+03:00,01:00
40W000003207430J,ÇİÇEKLİ I-II REG. ve HES,unknown,2026-05-31 02:00:00+03:00,,6.4,chunk_0048.json,POST /v1/generation/data/dpp-bulk,2026-05-31 21:45:45.641495+00:00,3207430,ÇİÇEKLİ I-II REG. ve HES,12677,2026-05-31T02:00:00+03:00,02:00
40W000003207430J,ÇİÇEKLİ I-II REG. ve HES,unknown,2026-05-31 03:00:00+03:00,,6.4,chunk_0048.json,POST /v1/generation/data/dpp-bulk,2026-05-31 21:45:45.641495+00:00,3207430,ÇİÇEKLİ I-II REG. ve HES,12677,2026-05-31T03:00:00+03:00,03:00
40W000003207430J,ÇİÇEKLİ I-II REG. ve HES,unknown,2026-05-31 04:00:00+03:00,,6.4,chunk_0048.json,POST /v1/generation/data/dpp-bulk,2026-05-31 21:45:45.641495+00:00,3207430,ÇİÇEKLİ I-II REG. ve HES,12677,2026-05-31T04:00:00+03:00,04:00
40W000003207430J,ÇİÇEKLİ I-II REG. ve HES,unknown,2026-05-31 05:00:00+03:00,,6.4,chunk_0048.json,POST /v1/generation/data/dpp-bulk,2026-05-31 21:45:45.641495+00:00,3207430,ÇİÇEKLİ I-II REG. ve HES,12677,2026-05-31T05:00:00+03:00,05:00
40W000003207430J,ÇİÇEKLİ I-II REG. ve HES,unknown,2026-05-31 06:00:00+03:00,,6.4,chunk_0048.json,POST /v1/generation/data/dpp-bulk,2026-05-31 21:45:45.641495+00:00,3207430,ÇİÇEKLİ I-II REG. ve HES,12677,2026-05-31T06:00:00+03:00,06:00
40W000003207430J,ÇİÇEKLİ I-II REG. ve HES,unknown,2026-05-31 07:00:00+03:00,,6.4,chunk_0048.json,POST /v1/generation/data/dpp-bulk,2026-05-31 21:45:45.641495+00:00,3207430,ÇİÇEKLİ I-II REG. ve HES,12677,2026-05-31T07:00:00+03:00,07:00
40W000003207430J,ÇİÇEKLİ I-II REG. ve HES,unknown,2026-05-31 08:00:00+03:00,,6.4,chunk_0048.json,POST /v1/generation/data/dpp-bulk,2026-05-31 21:45:45.641495+00:00,3207430,ÇİÇEKLİ I-II REG. ve HES,12677,2026-05-31T08:00:00+03:00,08:00
40W000003207430J,ÇİÇEKLİ I-II REG. ve HES,unknown,2026-05-31 09:00:00+03:00,,6.4,chunk_0048.json,POST /v1/generation/data/dpp-bulk,2026-05-31 21:45:45.641495+00:00,3207430,ÇİÇEKLİ I-II REG. ve HES,12677,2026-05-31T09:00:00+03:00,09:00
40W000003207430J,ÇİÇEKLİ I-II REG. ve HES,unknown,2026-05-31 10:00:00+03:00,,6.4,chunk_0048.json,POST /v1/generation/data/dpp-bulk,2026-05-31 21:45:45.641495+00:00,3207430,ÇİÇEKLİ I-II REG. ve HES,12677,2026-05-31T10:00:00+03:00,10:00
40W000003207430J,ÇİÇEKLİ I-II REG. ve HES,unknown,2026-05-31 11:00:00+03:00,,6.4,chunk_0048.json,POST /v1/generation/data/dpp-bulk,2026-05-31 21:45:45.641495+00:00,3207430,ÇİÇEKLİ I-II REG. ve HES,12677,2026-05-31T11:00:00+03:00,11:00
40W000003207430J,ÇİÇEKLİ I-II REG. ve HES,unknown,2026-05-31 12:00:00+03:00,,6.4,chunk_0048.json,POST /v1/generation/data/dpp-bulk,2026-05-31 21:45:45.641495+00:00,3207430,ÇİÇEKLİ I-II REG. ve HES,12677,2026-05-31T12:00:00+03:00,12:00
40W000003207430J,ÇİÇEKLİ I-II REG. ve HES,unknown,2026-05-31 13:00:00+03:00,,6.4,chunk_0048.json,POST /v1/generation/data/dpp-bulk,2026-05-31 21:45:45.641495+00:00,3207430,ÇİÇEKLİ I-II REG. ve HES,12677,2026-05-31T13:00:00+03:00,13:00
40W000003207430J,ÇİÇEKLİ I-II REG. ve HES,unknown,2026-05-31 14:00:00+03:00,,6.4,chunk_0048.json,POST /v1/generation/data/dpp-bulk,2026-05-31 21:45:45.641495+00:00,3207430,ÇİÇEKLİ I-II REG. ve HES,12677,2026-05-31T14:00:00+03:00,14:00
40W000003207430J,ÇİÇEKLİ I-II REG. ve HES,unknown,2026-05-31 15:00:00+03:00,,6.4,chunk_0048.json,POST /v1/generation/data/dpp-bulk,2026-05-31 21:45:45.641495+00:00,3207430,ÇİÇEKLİ I-II REG. ve HES,12677,2026-05-31T15:00:00+03:00,15:00
40W000003207430J,ÇİÇEKLİ I-II REG. ve HES,unknown,2026-05-31 16:00:00+03:00,,6.4,chunk_0048.json,POST /v1/generation/data/dpp-bulk,2026-05-31 21:45:45.641495+00:00,3207430,ÇİÇEKLİ I-II REG. ve HES,12677,2026-05-31T16:00:00+03:00,16:00
40W000003207430J,ÇİÇEKLİ I-II REG. ve HES,unknown,2026-05-31 17:00:00+03:00,,6.4,chunk_0048.json,POST /v1/generation/data/dpp-bulk,2026-05-31 21:45:45.641495+00:00,3207430,ÇİÇEKLİ I-II REG. ve HES,12677,2026-05-31T17:00:00+03:00,17:00
40W000003207430J,ÇİÇEKLİ I-II REG. ve HES,unknown,2026-05-31 18:00:00+03:00,,6.4,chunk_0048.json,POST /v1/generation/data/dpp-bulk,2026-05-31 21:45:45.641495+00:00,3207430,ÇİÇEKLİ I-II REG. ve HES,12677,2026-05-31T18:00:00+03:00,18:00
40W000003207430J,ÇİÇEKLİ I-II REG. ve HES,unknown,2026-05-31 19:00:00+03:00,,6.4,chunk_0048.json,POST /v1/generation/data/dpp-bulk,2026-05-31 21:45:45.641495+00:00,3207430,ÇİÇEKLİ I-II REG. ve HES,12677,2026-05-31T19:00:00+03:00,19:00
40W000003207430J,ÇİÇEKLİ I-II REG. ve HES,unknown,2026-05-31 20:00:00+03:00,,6.4,chunk_0048.json,POST /v1/generation/data/dpp-bulk,2026-05-31 21:45:45.641495+00:00,3207430,ÇİÇEKLİ I-II REG. ve HES,12677,2026-05-31T20:00:00+03:00,20:00
40W000003207430J,ÇİÇEKLİ I-II REG. ve HES,unknown,2026-05-31 21:00:00+03:00,,6.4,chunk_0048.json,POST /v1/generation/data/dpp-bulk,2026-05-31 21:45:45.641495+00:00,3207430,ÇİÇEKLİ I-II REG. ve HES,12677,2026-05-31T21:00:00+03:00,21:00
40W000003207430J,ÇİÇEKLİ I-II REG. ve HES,unknown,2026-05-31 22:00:00+03:00,,6.4,chunk_0048.json,POST /v1/generation/data/dpp-bulk,2026-05-31 21:45:45.641495+00:00,3207430,ÇİÇEKLİ I-II REG. ve HES,12677,2026-05-31T22:00:00+03:00,22:00
40W000003207430J,ÇİÇEKLİ I-II REG. ve HES,unknown,2026-05-31 23:00:00+03:00,,6.4,chunk_0048.json,POST /v1/generation/data/dpp-bulk,2026-05-31 21:45:45.641495+00:00,3207430,ÇİÇEKLİ I-II REG. ve HES,12677,2026-05-31T23:00:00+03:00,23:00
40W000003207350H,KIZILCATERZİ RES,unknown,2026-05-31 00:00:00+03:00,,4.71,chunk_0048.json,POST /v1/generation/data/dpp-bulk,2026-05-31 21:45:45.641495+00:00,3207350,KIZILCATERZİ RES,103261,2026-05-31T00:00:00+03:00,00:00
40W000003207350H,KIZILCATERZİ RES,unknown,2026-05-31 01:00:00+03:00,,2.93,chunk_0048.json,POST /v1/generation/data/dpp-bulk,2026-05-31 21:45:45.641495+00:00,3207350,KIZILCATERZİ RES,103261,2026-05-31T01:00:00+03:00,01:00
40W000003207350H,KIZILCATERZİ RES,unknown,2026-05-31 02:00:00+03:00,,1.12,chunk_0048.json,POST /v1/generation/data/dpp-bulk,2026-05-31 21:45:45.641495+00:00,3207350,KIZILCATERZİ RES,103261,2026-05-31T02:00:00+03:00,02:00
40W000003207350H,KIZILCATERZİ RES,unknown,2026-05-31 03:00:00+03:00,,0.83,chunk_0048.json,POST /v1/generation/data/dpp-bulk,2026-05-31 21:45:45.641495+00:00,3207350,KIZILCATERZİ RES,103261,2026-05-31T03:00:00+03:00,03:00
40W000003207350H,KIZILCATERZİ RES,unknown,2026-05-31 04:00:00+03:00,,0.54,chunk_0048.json,POST /v1/generation/data/dpp-bulk,2026-05-31 21:45:45.641495+00:00,3207350,KIZILCATERZİ RES,103261,2026-05-31T04:00:00+03:00,04:00
40W000003207350H,KIZILCATERZİ RES,unknown,2026-05-31 05:00:00+03:00,,0.4,chunk_0048.json,POST /v1/generation/data/dpp-bulk,2026-05-31 21:45:45.641495+00:00,3207350,KIZILCATERZİ RES,103261,2026-05-31T05:00:00+03:00,05:00
40W000003207350H,KIZILCATERZİ RES,unknown,2026-05-31 06:00:00+03:00,,0.33,chunk_0048.json,POST /v1/generation/data/dpp-bulk,2026-05-31 21:45:45.641495+00:00,3207350,KIZILCATERZİ RES,103261,2026-05-31T06:00:00+03:00,06:00
40W000003207350H,KIZILCATERZİ RES,unknown,2026-05-31 07:00:00+03:00,,0.45,chunk_0048.json,POST /v1/generation/data/dpp-bulk,2026-05-31 21:45:45.641495+00:00,3207350,KIZILCATERZİ RES,103261,2026-05-31T07:00:00+03:00,07:00
40W000003207350H,KIZILCATERZİ RES,unknown,2026-05-31 08:00:00+03:00,,0.33,chunk_0048.json,POST /v1/generation/data/dpp-bulk,2026-05-31 21:45:45.641495+00:00,3207350,KIZILCATERZİ RES,103261,2026-05-31T08:00:00+03:00,08:00
40W000003207350H,KIZILCATERZİ RES,unknown,2026-05-31 09:00:00+03:00,,0.21,chunk_0048.json,POST /v1/generation/data/dpp-bulk,2026-05-31 21:45:45.641495+00:00,3207350,KIZILCATERZİ RES,103261,2026-05-31T09:00:00+03:00,09:00
40W000003207350H,KIZILCATERZİ RES,unknown,2026-05-31 10:00:00+03:00,,0.39,chunk_0048.json,POST /v1/generation/data/dpp-bulk,2026-05-31 21:45:45.641495+00:00,3207350,KIZILCATERZİ RES,103261,2026-05-31T10:00:00+03:00,10:00
40W000003207350H,KIZILCATERZİ RES,unknown,2026-05-31 11:00:00+03:00,,0.51,chunk_0048.json,POST /v1/generation/data/dpp-bulk,2026-05-31 21:45:45.641495+00:00,3207350,KIZILCATERZİ RES,103261,2026-05-31T11:00:00+03:00,11:00
40W000003207350H,KIZILCATERZİ RES,unknown,2026-05-31 12:00:00+03:00,,0.81,chunk_0048.json,POST /v1/generation/data/dpp-bulk,2026-05-31 21:45:45.641495+00:00,3207350,KIZILCATERZİ RES,103261,2026-05-31T12:00:00+03:00,12:00
40W000003207350H,KIZILCATERZİ RES,unknown,2026-05-31 13:00:00+03:00,,1.9,chunk_0048.json,POST /v1/generation/data/dpp-bulk,2026-05-31 21:45:45.641495+00:00,3207350,KIZILCATERZİ RES,103261,2026-05-31T13:00:00+03:00,13:00
40W000003207350H,KIZILCATERZİ RES,unknown,2026-05-31 14:00:00+03:00,,3.56,chunk_0048.json,POST /v1/generation/data/dpp-bulk,2026-05-31 21:45:45.641495+00:00,3207350,KIZILCATERZİ RES,103261,2026-05-31T14:00:00+03:00,14:00
40W000003207350H,KIZILCATERZİ RES,unknown,2026-05-31 15:00:00+03:00,,5.48,chunk_0048.json,POST /v1/generation/data/dpp-bulk,2026-05-31 21:45:45.641495+00:00,3207350,KIZILCATERZİ RES,103261,2026-05-31T15:00:00+03:00,15:00
40W000003207350H,KIZILCATERZİ RES,unknown,2026-05-31 16:00:00+03:00,,7.93,chunk_0048.json,POST /v1/generation/data/dpp-bulk,2026-05-31 21:45:45.641495+00:00,3207350,KIZILCATERZİ RES,103261,2026-05-31T16:00:00+03:00,16:00
40W000003207350H,KIZILCATERZİ RES,unknown,2026-05-31 17:00:00+03:00,,9.02,chunk_0048.json,POST /v1/generation/data/dpp-bulk,2026-05-31 21:45:45.641495+00:00,3207350,KIZILCATERZİ RES,103261,2026-05-31T17:00:00+03:00,17:00
40W000003207350H,KIZILCATERZİ RES,unknown,2026-05-31 18:00:00+03:00,,9.28,chunk_0048.json,POST /v1/generation/data/dpp-bulk,2026-05-31 21:45:45.641495+00:00,3207350,KIZILCATERZİ RES,103261,2026-05-31T18:00:00+03:00,18:00
40W000003207350H,KIZILCATERZİ RES,unknown,2026-05-31 19:00:00+03:00,,9.69,chunk_0048.json,POST /v1/generation/data/dpp-bulk,2026-05-31 21:45:45.641495+00:00,3207350,KIZILCATERZİ RES,103261,2026-05-31T19:00:00+03:00,19:00
40W000003207350H,KIZILCATERZİ RES,unknown,2026-05-31 20:00:00+03:00,,7.42,chunk_0048.json,POST /v1/generation/data/dpp-bulk,2026-05-31 21:45:45.641495+00:00,3207350,KIZILCATERZİ RES,103261,2026-05-31T20:00:00+03:00,20:00
40W000003207350H,KIZILCATERZİ RES,unknown,2026-05-31 21:00:00+03:00,,3.87,chunk_0048.json,POST /v1/generation/data/dpp-bulk,2026-05-31 21:45:45.641495+00:00,3207350,KIZILCATERZİ RES,103261,2026-05-31T21:00:00+03:00,21:00
40W000003207350H,KIZILCATERZİ RES,unknown,2026-05-31 22:00:00+03:00,,4.36,chunk_0048.json,POST /v1/generation/data/dpp-bulk,2026-05-31 21:45:45.641495+00:00,3207350,KIZILCATERZİ RES,103261,2026-05-31T22:00:00+03:00,22:00
40W000003207350H,KIZILCATERZİ RES,unknown,2026-05-31 23:00:00+03:00,,4.13,chunk_0048.json,POST /v1/generation/data/dpp-bulk,2026-05-31 21:45:45.641495+00:00,3207350,KIZILCATERZİ RES,103261,2026-05-31T23:00:00+03:00,23:00
40W000003207450D,OVA HES,unknown,2026-05-31 00:00:00+03:00,,9.0,chunk_0048.json,POST /v1/generation/data/dpp-bulk,2026-05-31 21:45:45.641495+00:00,3207450,OVA HES,103402,2026-05-31T00:00:00+03:00,00:00
40W000003207450D,OVA HES,unknown,2026-05-31 01:00:00+03:00,,9.0,chunk_0048.json,POST /v1/generation/data/dpp-bulk,2026-05-31 21:45:45.641495+00:00,3207450,OVA HES,103402,2026-05-31T01:00:00+03:00,01:00
40W000003207450D,OVA HES,unknown,2026-05-31 02:00:00+03:00,,9.0,chunk_0048.json,POST /v1/generation/data/dpp-bulk,2026-05-31 21:45:45.641495+00:00,3207450,OVA HES,103402,2026-05-31T02:00:00+03:00,02:00
40W000003207450D,OVA HES,unknown,2026-05-31 03:00:00+03:00,,9.0,chunk_0048.json,POST /v1/generation/data/dpp-bulk,2026-05-31 21:45:45.641495+00:00,3207450,OVA HES,103402,2026-05-31T03:00:00+03:00,03:00
40W000003207450D,OVA HES,unknown,2026-05-31 04:00:00+03:00,,9.0,chunk_0048.json,POST /v1/generation/data/dpp-bulk,2026-05-31 21:45:45.641495+00:00,3207450,OVA HES,103402,2026-05-31T04:00:00+03:00,04:00
40W000003207450D,OVA HES,unknown,2026-05-31 05:00:00+03:00,,9.01,chunk_0048.json,POST /v1/generation/data/dpp-bulk,2026-05-31 21:45:45.641495+00:00,3207450,OVA HES,103402,2026-05-31T05:00:00+03:00,05:00
40W000003207450D,OVA HES,unknown,2026-05-31 06:00:00+03:00,,9.12,chunk_0048.json,POST /v1/generation/data/dpp-bulk,2026-05-31 21:45:45.641495+00:00,3207450,OVA HES,103402,2026-05-31T06:00:00+03:00,06:00
40W000003207450D,OVA HES,unknown,2026-05-31 07:00:00+03:00,,9.37,chunk_0048.json,POST /v1/generation/data/dpp-bulk,2026-05-31 21:45:45.641495+00:00,3207450,OVA HES,103402,2026-05-31T07:00:00+03:00,07:00
40W000003207450D,OVA HES,unknown,2026-05-31 08:00:00+03:00,,9.75,chunk_0048.json,POST /v1/generation/data/dpp-bulk,2026-05-31 21:45:45.641495+00:00,3207450,OVA HES,103402,2026-05-31T08:00:00+03:00,08:00
40W000003207450D,OVA HES,unknown,2026-05-31 09:00:00+03:00,,10.11,chunk_0048.json,POST /v1/generation/data/dpp-bulk,2026-05-31 21:45:45.641495+00:00,3207450,OVA HES,103402,2026-05-31T09:00:00+03:00,09:00
40W000003207450D,OVA HES,unknown,2026-05-31 10:00:00+03:00,,8.31,chunk_0048.json,POST /v1/generation/data/dpp-bulk,2026-05-31 21:45:45.641495+00:00,3207450,OVA HES,103402,2026-05-31T10:00:00+03:00,10:00
40W000003207450D,OVA HES,unknown,2026-05-31 11:00:00+03:00,,8.33,chunk_0048.json,POST /v1/generation/data/dpp-bulk,2026-05-31 21:45:45.641495+00:00,3207450,OVA HES,103402,2026-05-31T11:00:00+03:00,11:00
40W000003207450D,OVA HES,unknown,2026-05-31 12:00:00+03:00,,8.24,chunk_0048.json,POST /v1/generation/data/dpp-bulk,2026-05-31 21:45:45.641495+00:00,3207450,OVA HES,103402,2026-05-31T12:00:00+03:00,12:00
40W000003207450D,OVA HES,unknown,2026-05-31 13:00:00+03:00,,8.11,chunk_0048.json,POST /v1/generation/data/dpp-bulk,2026-05-31 21:45:45.641495+00:00,3207450,OVA HES,103402,2026-05-31T13:00:00+03:00,13:00
40W000003207450D,OVA HES,unknown,2026-05-31 14:00:00+03:00,,8.17,chunk_0048.json,POST /v1/generation/data/dpp-bulk,2026-05-31 21:45:45.641495+00:00,3207450,OVA HES,103402,2026-05-31T14:00:00+03:00,14:00
40W000003207450D,OVA HES,unknown,2026-05-31 15:00:00+03:00,,8.09,chunk_0048.json,POST /v1/generation/data/dpp-bulk,2026-05-31 21:45:45.641495+00:00,3207450,OVA HES,103402,2026-05-31T15:00:00+03:00,15:00
40W000003207450D,OVA HES,unknown,2026-05-31 16:00:00+03:00,,7.85,chunk_0048.json,POST /v1/generation/data/dpp-bulk,2026-05-31 21:45:45.641495+00:00,3207450,OVA HES,103402,2026-05-31T16:00:00+03:00,16:00
40W000003207450D,OVA HES,unknown,2026-05-31 17:00:00+03:00,,7.53,chunk_0048.json,POST /v1/generation/data/dpp-bulk,2026-05-31 21:45:45.641495+00:00,3207450,OVA HES,103402,2026-05-31T17:00:00+03:00,17:00
40W000003207450D,OVA HES,unknown,2026-05-31 18:00:00+03:00,,7.26,chunk_0048.json,POST /v1/generation/data/dpp-bulk,2026-05-31 21:45:45.641495+00:00,3207450,OVA HES,103402,2026-05-31T18:00:00+03:00,18:00
40W000003207450D,OVA HES,unknown,2026-05-31 19:00:00+03:00,,7.07,chunk_0048.json,POST /v1/generation/data/dpp-bulk,2026-05-31 21:45:45.641495+00:00,3207450,OVA HES,103402,2026-05-31T19:00:00+03:00,19:00
40W000003207450D,OVA HES,unknown,2026-05-31 20:00:00+03:00,,7.0,chunk_0048.json,POST /v1/generation/data/dpp-bulk,2026-05-31 21:45:45.641495+00:00,3207450,OVA HES,103402,2026-05-31T20:00:00+03:00,20:00
40W000003207450D,OVA HES,unknown,2026-05-31 21:00:00+03:00,,7.0,chunk_0048.json,POST /v1/generation/data/dpp-bulk,2026-05-31 21:45:45.641495+00:00,3207450,OVA HES,103402,2026-05-31T21:00:00+03:00,21:00
40W000003207450D,OVA HES,unknown,2026-05-31 22:00:00+03:00,,7.0,chunk_0048.json,POST /v1/generation/data/dpp-bulk,2026-05-31 21:45:45.641495+00:00,3207450,OVA HES,103402,2026-05-31T22:00:00+03:00,22:00
40W000003207450D,OVA HES,unknown,2026-05-31 23:00:00+03:00,,7.0,chunk_0048.json,POST /v1/generation/data/dpp-bulk,2026-05-31 21:45:45.641495+00:00,3207450,OVA HES,103402,2026-05-31T23:00:00+03:00,23:00
40W0000032074901,ALİBEYHÖYÜĞÜ GES,unknown,2026-05-31 00:00:00+03:00,,0.0,chunk_0048.json,POST /v1/generation/data/dpp-bulk,2026-05-31 21:45:45.641495+00:00,3207490,ALİBEYHÖYÜĞÜ GES,103402,2026-05-31T00:00:00+03:00,00:00
40W0000032074901,ALİBEYHÖYÜĞÜ GES,unknown,2026-05-31 01:00:00+03:00,,0.0,chunk_0048.json,POST /v1/generation/data/dpp-bulk,2026-05-31 21:45:45.641495+00:00,3207490,ALİBEYHÖYÜĞÜ GES,103402,2026-05-31T01:00:00+03:00,01:00
40W0000032074901,ALİBEYHÖYÜĞÜ GES,unknown,2026-05-31 02:00:00+03:00,,0.0,chunk_0048.json,POST /v1/generation/data/dpp-bulk,2026-05-31 21:45:45.641495+00:00,3207490,ALİBEYHÖYÜĞÜ GES,103402,2026-05-31T02:00:00+03:00,02:00
40W0000032074901,ALİBEYHÖYÜĞÜ GES,unknown,2026-05-31 03:00:00+03:00,,0.0,chunk_0048.json,POST /v1/generation/data/dpp-bulk,2026-05-31 21:45:45.641495+00:00,3207490,ALİBEYHÖYÜĞÜ GES,103402,2026-05-31T03:00:00+03:00,03:00
40W0000032074901,ALİBEYHÖYÜĞÜ GES,unknown,2026-05-31 04:00:00+03:00,,0.0,chunk_0048.json,POST /v1/generation/data/dpp-bulk,2026-05-31 21:45:45.641495+00:00,3207490,ALİBEYHÖYÜĞÜ GES,103402,2026-05-31T04:00:00+03:00,04:00
40W0000032074901,ALİBEYHÖYÜĞÜ GES,unknown,2026-05-31 05:00:00+03:00,,0.08,chunk_0048.json,POST /v1/generation/data/dpp-bulk,2026-05-31 21:45:45.641495+00:00,3207490,ALİBEYHÖYÜĞÜ GES,103402,2026-05-31T05:00:00+03:00,05:00
40W0000032074901,ALİBEYHÖYÜĞÜ GES,unknown,2026-05-31 06:00:00+03:00,,0.91,chunk_0048.json,POST /v1/generation/data/dpp-bulk,2026-05-31 21:45:45.641495+00:00,3207490,ALİBEYHÖYÜĞÜ GES,103402,2026-05-31T06:00:00+03:00,06:00
40W0000032074901,ALİBEYHÖYÜĞÜ GES,unknown,2026-05-31 07:00:00+03:00,,5.17,chunk_0048.json,POST /v1/generation/data/dpp-bulk,2026-05-31 21:45:45.641495+00:00,3207490,ALİBEYHÖYÜĞÜ GES,103402,2026-05-31T07:00:00+03:00,07:00
40W0000032074901,ALİBEYHÖYÜĞÜ GES,unknown,2026-05-31 08:00:00+03:00,,10.57,chunk_0048.json,POST /v1/generation/data/dpp-bulk,2026-05-31 21:45:45.641495+00:00,3207490,ALİBEYHÖYÜĞÜ GES,103402,2026-05-31T08:00:00+03:00,08:00
40W0000032074901,ALİBEYHÖYÜĞÜ GES,unknown,2026-05-31 09:00:00+03:00,,15.26,chunk_0048.json,POST /v1/generation/data/dpp-bulk,2026-05-31 21:45:45.641495+00:00,3207490,ALİBEYHÖYÜĞÜ GES,103402,2026-05-31T09:00:00+03:00,09:00
40W0000032074901,ALİBEYHÖYÜĞÜ GES,unknown,2026-05-31 10:00:00+03:00,,17.33,chunk_0048.json,POST /v1/generation/data/dpp-bulk,2026-05-31 21:45:45.641495+00:00,3207490,ALİBEYHÖYÜĞÜ GES,103402,2026-05-31T10:00:00+03:00,10:00
40W0000032074901,ALİBEYHÖYÜĞÜ GES,unknown,2026-05-31 11:00:00+03:00,,17.66,chunk_0048.json,POST /v1/generation/data/dpp-bulk,2026-05-31 21:45:45.641495+00:00,3207490,ALİBEYHÖYÜĞÜ GES,103402,2026-05-31T11:00:00+03:00,11:00
40W0000032074901,ALİBEYHÖYÜĞÜ GES,unknown,2026-05-31 12:00:00+03:00,,10.74,chunk_0048.json,POST /v1/generation/data/dpp-bulk,2026-05-31 21:45:45.641495+00:00,3207490,ALİBEYHÖYÜĞÜ GES,103402,2026-05-31T12:00:00+03:00,12:00
40W0000032074901,ALİBEYHÖYÜĞÜ GES,unknown,2026-05-31 13:00:00+03:00,,11.34,chunk_0048.json,POST /v1/generation/data/dpp-bulk,2026-05-31 21:45:45.641495+00:00,3207490,ALİBEYHÖYÜĞÜ GES,103402,2026-05-31T13:00:00+03:00,13:00
40W0000032074901,ALİBEYHÖYÜĞÜ GES,unknown,2026-05-31 14:00:00+03:00,,15.32,chunk_0048.json,POST /v1/generation/data/dpp-bulk,2026-05-31 21:45:45.641495+00:00,3207490,ALİBEYHÖYÜĞÜ GES,103402,2026-05-31T14:00:00+03:00,14:00
40W0000032074901,ALİBEYHÖYÜĞÜ GES,unknown,2026-05-31 15:00:00+03:00,,15.15,chunk_0048.json,POST /v1/generation/data/dpp-bulk,2026-05-31 21:45:45.641495+00:00,3207490,ALİBEYHÖYÜĞÜ GES,103402,2026-05-31T15:00:00+03:00,15:00
40W0000032074901,ALİBEYHÖYÜĞÜ GES,unknown,2026-05-31 16:00:00+03:00,,10.76,chunk_0048.json,POST /v1/generation/data/dpp-bulk,2026-05-31 21:45:45.641495+00:00,3207490,ALİBEYHÖYÜĞÜ GES,103402,2026-05-31T16:00:00+03:00,16:00
40W0000032074901,ALİBEYHÖYÜĞÜ GES,unknown,2026-05-31 17:00:00+03:00,,5.71,chunk_0048.json,POST /v1/generation/data/dpp-bulk,2026-05-31 21:45:45.641495+00:00,3207490,ALİBEYHÖYÜĞÜ GES,103402,2026-05-31T17:00:00+03:00,17:00
40W0000032074901,ALİBEYHÖYÜĞÜ GES,unknown,2026-05-31 18:00:00+03:00,,1.55,chunk_0048.json,POST /v1/generation/data/dpp-bulk,2026-05-31 21:45:45.641495+00:00,3207490,ALİBEYHÖYÜĞÜ GES,103402,2026-05-31T18:00:00+03:00,18:00
40W0000032074901,ALİBEYHÖYÜĞÜ GES,unknown,2026-05-31 19:00:00+03:00,,0.33,chunk_0048.json,POST /v1/generation/data/dpp-bulk,2026-05-31 21:45:45.641495+00:00,3207490,ALİBEYHÖYÜĞÜ GES,103402,2026-05-31T19:00:00+03:00,19:00
40W0000032074901,ALİBEYHÖYÜĞÜ GES,unknown,2026-05-31 20:00:00+03:00,,0.0,chunk_0048.json,POST /v1/generation/data/dpp-bulk,2026-05-31 21:45:45.641495+00:00,3207490,ALİBEYHÖYÜĞÜ GES,103402,2026-05-31T20:00:00+03:00,20:00
40W0000032074901,ALİBEYHÖYÜĞÜ GES,unknown,2026-05-31 21:00:00+03:00,,0.0,chunk_0048.json,POST /v1/generation/data/dpp-bulk,2026-05-31 21:45:45.641495+00:00,3207490,ALİBEYHÖYÜĞÜ GES,103402,2026-05-31T21:00:00+03:00,21:00
40W0000032074901,ALİBEYHÖYÜĞÜ GES,unknown,2026-05-31 22:00:00+03:00,,0.0,chunk_0048.json,POST /v1/generation/data/dpp-bulk,2026-05-31 21:45:45.641495+00:00,3207490,ALİBEYHÖYÜĞÜ GES,103402,2026-05-31T22:00:00+03:00,22:00
40W0000032074901,ALİBEYHÖYÜĞÜ GES,unknown,2026-05-31 23:00:00+03:00,,0.0,chunk_0048.json,POST /v1/generation/data/dpp-bulk,2026-05-31 21:45:45.641495+00:00,3207490,ALİBEYHÖYÜĞÜ GES,103402,2026-05-31T23:00:00+03:00,23:00
40W000003207070N,YAMAÇTEPE-2 RES(SANCAK ENR.),unknown,2026-05-31 00:00:00+03:00,,4.06,chunk_0048.json,POST /v1/generation/data/dpp-bulk,2026-05-31 21:45:45.641495+00:00,3207070,YAMAÇTEPE-2 RES(SANCAK ENR.),103600,2026-05-31T00:00:00+03:00,00:00
40W000003207070N,YAMAÇTEPE-2 RES(SANCAK ENR.),unknown,2026-05-31 01:00:00+03:00,,3.73,chunk_0048.json,POST /v1/generation/data/dpp-bulk,2026-05-31 21:45:45.641495+00:00,3207070,YAMAÇTEPE-2 RES(SANCAK ENR.),103600,2026-05-31T01:00:00+03:00,01:00
40W000003207070N,YAMAÇTEPE-2 RES(SANCAK ENR.),unknown,2026-05-31 02:00:00+03:00,,3.36,chunk_0048.json,POST /v1/generation/data/dpp-bulk,2026-05-31 21:45:45.641495+00:00,3207070,YAMAÇTEPE-2 RES(SANCAK ENR.),103600,2026-05-31T02:00:00+03:00,02:00
40W000003207070N,YAMAÇTEPE-2 RES(SANCAK ENR.),unknown,2026-05-31 03:00:00+03:00,,2.66,chunk_0048.json,POST /v1/generation/data/dpp-bulk,2026-05-31 21:45:45.641495+00:00,3207070,YAMAÇTEPE-2 RES(SANCAK ENR.),103600,2026-05-31T03:00:00+03:00,03:00
40W000003207070N,YAMAÇTEPE-2 RES(SANCAK ENR.),unknown,2026-05-31 04:00:00+03:00,,3.59,chunk_0048.json,POST /v1/generation/data/dpp-bulk,2026-05-31 21:45:45.641495+00:00,3207070,YAMAÇTEPE-2 RES(SANCAK ENR.),103600,2026-05-31T04:00:00+03:00,04:00
40W000003207070N,YAMAÇTEPE-2 RES(SANCAK ENR.),unknown,2026-05-31 05:00:00+03:00,,4.32,chunk_0048.json,POST /v1/generation/data/dpp-bulk,2026-05-31 21:45:45.641495+00:00,3207070,YAMAÇTEPE-2 RES(SANCAK ENR.),103600,2026-05-31T05:00:00+03:00,05:00
40W000003207070N,YAMAÇTEPE-2 RES(SANCAK ENR.),unknown,2026-05-31 06:00:00+03:00,,5.79,chunk_0048.json,POST /v1/generation/data/dpp-bulk,2026-05-31 21:45:45.641495+00:00,3207070,YAMAÇTEPE-2 RES(SANCAK ENR.),103600,2026-05-31T06:00:00+03:00,06:00
40W000003207070N,YAMAÇTEPE-2 RES(SANCAK ENR.),unknown,2026-05-31 07:00:00+03:00,,3.8,chunk_0048.json,POST /v1/generation/data/dpp-bulk,2026-05-31 21:45:45.641495+00:00,3207070,YAMAÇTEPE-2 RES(SANCAK ENR.),103600,2026-05-31T07:00:00+03:00,07:00
40W000003207070N,YAMAÇTEPE-2 RES(SANCAK ENR.),unknown,2026-05-31 08:00:00+03:00,,2.52,chunk_0048.json,POST /v1/generation/data/dpp-bulk,2026-05-31 21:45:45.641495+00:00,3207070,YAMAÇTEPE-2 RES(SANCAK ENR.),103600,2026-05-31T08:00:00+03:00,08:00
40W000003207070N,YAMAÇTEPE-2 RES(SANCAK ENR.),unknown,2026-05-31 09:00:00+03:00,,2.88,chunk_0048.json,POST /v1/generation/data/dpp-bulk,2026-05-31 21:45:45.641495+00:00,3207070,YAMAÇTEPE-2 RES(SANCAK ENR.),103600,2026-05-31T09:00:00+03:00,09:00
40W000003207070N,YAMAÇTEPE-2 RES(SANCAK ENR.),unknown,2026-05-31 10:00:00+03:00,,3.1,chunk_0048.json,POST /v1/generation/data/dpp-bulk,2026-05-31 21:45:45.641495+00:00,3207070,YAMAÇTEPE-2 RES(SANCAK ENR.),103600,2026-05-31T10:00:00+03:00,10:00
40W000003207070N,YAMAÇTEPE-2 RES(SANCAK ENR.),unknown,2026-05-31 11:00:00+03:00,,5.25,chunk_0048.json,POST /v1/generation/data/dpp-bulk,2026-05-31 21:45:45.641495+00:00,3207070,YAMAÇTEPE-2 RES(SANCAK ENR.),103600,2026-05-31T11:00:00+03:00,11:00
40W000003207070N,YAMAÇTEPE-2 RES(SANCAK ENR.),unknown,2026-05-31 12:00:00+03:00,,5.65,chunk_0048.json,POST /v1/generation/data/dpp-bulk,2026-05-31 21:45:45.641495+00:00,3207070,YAMAÇTEPE-2 RES(SANCAK ENR.),103600,2026-05-31T12:00:00+03:00,12:00
40W000003207070N,YAMAÇTEPE-2 RES(SANCAK ENR.),unknown,2026-05-31 13:00:00+03:00,,5.3,chunk_0048.json,POST /v1/generation/data/dpp-bulk,2026-05-31 21:45:45.641495+00:00,3207070,YAMAÇTEPE-2 RES(SANCAK ENR.),103600,2026-05-31T13:00:00+03:00,13:00
40W000003207070N,YAMAÇTEPE-2 RES(SANCAK ENR.),unknown,2026-05-31 14:00:00+03:00,,7.18,chunk_0048.json,POST /v1/generation/data/dpp-bulk,2026-05-31 21:45:45.641495+00:00,3207070,YAMAÇTEPE-2 RES(SANCAK ENR.),103600,2026-05-31T14:00:00+03:00,14:00
40W000003207070N,YAMAÇTEPE-2 RES(SANCAK ENR.),unknown,2026-05-31 15:00:00+03:00,,6.77,chunk_0048.json,POST /v1/generation/data/dpp-bulk,2026-05-31 21:45:45.641495+00:00,3207070,YAMAÇTEPE-2 RES(SANCAK ENR.),103600,2026-05-31T15:00:00+03:00,15:00
40W000003207070N,YAMAÇTEPE-2 RES(SANCAK ENR.),unknown,2026-05-31 16:00:00+03:00,,6.46,chunk_0048.json,POST /v1/generation/data/dpp-bulk,2026-05-31 21:45:45.641495+00:00,3207070,YAMAÇTEPE-2 RES(SANCAK ENR.),103600,2026-05-31T16:00:00+03:00,16:00
40W000003207070N,YAMAÇTEPE-2 RES(SANCAK ENR.),unknown,2026-05-31 17:00:00+03:00,,5.73,chunk_0048.json,POST /v1/generation/data/dpp-bulk,2026-05-31 21:45:45.641495+00:00,3207070,YAMAÇTEPE-2 RES(SANCAK ENR.),103600,2026-05-31T17:00:00+03:00,17:00
40W000003207070N,YAMAÇTEPE-2 RES(SANCAK ENR.),unknown,2026-05-31 18:00:00+03:00,,6.93,chunk_0048.json,POST /v1/generation/data/dpp-bulk,2026-05-31 21:45:45.641495+00:00,3207070,YAMAÇTEPE-2 RES(SANCAK ENR.),103600,2026-05-31T18:00:00+03:00,18:00
40W000003207070N,YAMAÇTEPE-2 RES(SANCAK ENR.),unknown,2026-05-31 19:00:00+03:00,,4.7,chunk_0048.json,POST /v1/generation/data/dpp-bulk,2026-05-31 21:45:45.641495+00:00,3207070,YAMAÇTEPE-2 RES(SANCAK ENR.),103600,2026-05-31T19:00:00+03:00,19:00
40W000003207070N,YAMAÇTEPE-2 RES(SANCAK ENR.),unknown,2026-05-31 20:00:00+03:00,,3.6,chunk_0048.json,POST /v1/generation/data/dpp-bulk,2026-05-31 21:45:45.641495+00:00,3207070,YAMAÇTEPE-2 RES(SANCAK ENR.),103600,2026-05-31T20:00:00+03:00,20:00
40W000003207070N,YAMAÇTEPE-2 RES(SANCAK ENR.),unknown,2026-05-31 21:00:00+03:00,,2.84,chunk_0048.json,POST /v1/generation/data/dpp-bulk,2026-05-31 21:45:45.641495+00:00,3207070,YAMAÇTEPE-2 RES(SANCAK ENR.),103600,2026-05-31T21:00:00+03:00,21:00
40W000003207070N,YAMAÇTEPE-2 RES(SANCAK ENR.),unknown,2026-05-31 22:00:00+03:00,,3.37,chunk_0048.json,POST /v1/generation/data/dpp-bulk,2026-05-31 21:45:45.641495+00:00,3207070,YAMAÇTEPE-2 RES(SANCAK ENR.),103600,2026-05-31T22:00:00+03:00,22:00
40W000003207070N,YAMAÇTEPE-2 RES(SANCAK ENR.),unknown,2026-05-31 23:00:00+03:00,,5.15,chunk_0048.json,POST /v1/generation/data/dpp-bulk,2026-05-31 21:45:45.641495+00:00,3207070,YAMAÇTEPE-2 RES(SANCAK ENR.),103600,2026-05-31T23:00:00+03:00,23:00
40W100003207491N,KOCATEPE RES(İzdem),unknown,2026-05-31 00:00:00+03:00,,9.0,chunk_0048.json,POST /v1/generation/data/dpp-bulk,2026-05-31 21:45:45.641495+00:00,3207491,KOCATEPE RES(İzdem) ,103760,2026-05-31T00:00:00+03:00,00:00
40W100003207491N,KOCATEPE RES(İzdem),unknown,2026-05-31 01:00:00+03:00,,7.0,chunk_0048.json,POST /v1/generation/data/dpp-bulk,2026-05-31 21:45:45.641495+00:00,3207491,KOCATEPE RES(İzdem) ,103760,2026-05-31T01:00:00+03:00,01:00
40W100003207491N,KOCATEPE RES(İzdem),unknown,2026-05-31 02:00:00+03:00,,6.0,chunk_0048.json,POST /v1/generation/data/dpp-bulk,2026-05-31 21:45:45.641495+00:00,3207491,KOCATEPE RES(İzdem) ,103760,2026-05-31T02:00:00+03:00,02:00
40W100003207491N,KOCATEPE RES(İzdem),unknown,2026-05-31 03:00:00+03:00,,5.0,chunk_0048.json,POST /v1/generation/data/dpp-bulk,2026-05-31 21:45:45.641495+00:00,3207491,KOCATEPE RES(İzdem) ,103760,2026-05-31T03:00:00+03:00,03:00
40W100003207491N,KOCATEPE RES(İzdem),unknown,2026-05-31 04:00:00+03:00,,4.0,chunk_0048.json,POST /v1/generation/data/dpp-bulk,2026-05-31 21:45:45.641495+00:00,3207491,KOCATEPE RES(İzdem) ,103760,2026-05-31T04:00:00+03:00,04:00
40W100003207491N,KOCATEPE RES(İzdem),unknown,2026-05-31 05:00:00+03:00,,3.0,chunk_0048.json,POST /v1/generation/data/dpp-bulk,2026-05-31 21:45:45.641495+00:00,3207491,KOCATEPE RES(İzdem) ,103760,2026-05-31T05:00:00+03:00,05:00
40W100003207491N,KOCATEPE RES(İzdem),unknown,2026-05-31 06:00:00+03:00,,3.0,chunk_0048.json,POST /v1/generation/data/dpp-bulk,2026-05-31 21:45:45.641495+00:00,3207491,KOCATEPE RES(İzdem) ,103760,2026-05-31T06:00:00+03:00,06:00
40W100003207491N,KOCATEPE RES(İzdem),unknown,2026-05-31 07:00:00+03:00,,5.0,chunk_0048.json,POST /v1/generation/data/dpp-bulk,2026-05-31 21:45:45.641495+00:00,3207491,KOCATEPE RES(İzdem) ,103760,2026-05-31T07:00:00+03:00,07:00
40W100003207491N,KOCATEPE RES(İzdem),unknown,2026-05-31 08:00:00+03:00,,8.0,chunk_0048.json,POST /v1/generation/data/dpp-bulk,2026-05-31 21:45:45.641495+00:00,3207491,KOCATEPE RES(İzdem) ,103760,2026-05-31T08:00:00+03:00,08:00
40W100003207491N,KOCATEPE RES(İzdem),unknown,2026-05-31 09:00:00+03:00,,15.0,chunk_0048.json,POST /v1/generation/data/dpp-bulk,2026-05-31 21:45:45.641495+00:00,3207491,KOCATEPE RES(İzdem) ,103760,2026-05-31T09:00:00+03:00,09:00
40W100003207491N,KOCATEPE RES(İzdem),unknown,2026-05-31 10:00:00+03:00,,20.0,chunk_0048.json,POST /v1/generation/data/dpp-bulk,2026-05-31 21:45:45.641495+00:00,3207491,KOCATEPE RES(İzdem) ,103760,2026-05-31T10:00:00+03:00,10:00
40W100003207491N,KOCATEPE RES(İzdem),unknown,2026-05-31 11:00:00+03:00,,25.0,chunk_0048.json,POST /v1/generation/data/dpp-bulk,2026-05-31 21:45:45.641495+00:00,3207491,KOCATEPE RES(İzdem) ,103760,2026-05-31T11:00:00+03:00,11:00
40W100003207491N,KOCATEPE RES(İzdem),unknown,2026-05-31 12:00:00+03:00,,28.0,chunk_0048.json,POST /v1/generation/data/dpp-bulk,2026-05-31 21:45:45.641495+00:00,3207491,KOCATEPE RES(İzdem) ,103760,2026-05-31T12:00:00+03:00,12:00
40W100003207491N,KOCATEPE RES(İzdem),unknown,2026-05-31 13:00:00+03:00,,30.0,chunk_0048.json,POST /v1/generation/data/dpp-bulk,2026-05-31 21:45:45.641495+00:00,3207491,KOCATEPE RES(İzdem) ,103760,2026-05-31T13:00:00+03:00,13:00
40W100003207491N,KOCATEPE RES(İzdem),unknown,2026-05-31 14:00:00+03:00,,32.0,chunk_0048.json,POST /v1/generation/data/dpp-bulk,2026-05-31 21:45:45.641495+00:00,3207491,KOCATEPE RES(İzdem) ,103760,2026-05-31T14:00:00+03:00,14:00
40W100003207491N,KOCATEPE RES(İzdem),unknown,2026-05-31 15:00:00+03:00,,30.0,chunk_0048.json,POST /v1/generation/data/dpp-bulk,2026-05-31 21:45:45.641495+00:00,3207491,KOCATEPE RES(İzdem) ,103760,2026-05-31T15:00:00+03:00,15:00
40W100003207491N,KOCATEPE RES(İzdem),unknown,2026-05-31 16:00:00+03:00,,28.0,chunk_0048.json,POST /v1/generation/data/dpp-bulk,2026-05-31 21:45:45.641495+00:00,3207491,KOCATEPE RES(İzdem) ,103760,2026-05-31T16:00:00+03:00,16:00
40W100003207491N,KOCATEPE RES(İzdem),unknown,2026-05-31 17:00:00+03:00,,24.0,chunk_0048.json,POST /v1/generation/data/dpp-bulk,2026-05-31 21:45:45.641495+00:00,3207491,KOCATEPE RES(İzdem) ,103760,2026-05-31T17:00:00+03:00,17:00
40W100003207491N,KOCATEPE RES(İzdem),unknown,2026-05-31 18:00:00+03:00,,20.0,chunk_0048.json,POST /v1/generation/data/dpp-bulk,2026-05-31 21:45:45.641495+00:00,3207491,KOCATEPE RES(İzdem) ,103760,2026-05-31T18:00:00+03:00,18:00
40W100003207491N,KOCATEPE RES(İzdem),unknown,2026-05-31 19:00:00+03:00,,17.0,chunk_0048.json,POST /v1/generation/data/dpp-bulk,2026-05-31 21:45:45.641495+00:00,3207491,KOCATEPE RES(İzdem) ,103760,2026-05-31T19:00:00+03:00,19:00
40W100003207491N,KOCATEPE RES(İzdem),unknown,2026-05-31 20:00:00+03:00,,13.0,chunk_0048.json,POST /v1/generation/data/dpp-bulk,2026-05-31 21:45:45.641495+00:00,3207491,KOCATEPE RES(İzdem) ,103760,2026-05-31T20:00:00+03:00,20:00
40W100003207491N,KOCATEPE RES(İzdem),unknown,2026-05-31 21:00:00+03:00,,10.0,chunk_0048.json,POST /v1/generation/data/dpp-bulk,2026-05-31 21:45:45.641495+00:00,3207491,KOCATEPE RES(İzdem) ,103760,2026-05-31T21:00:00+03:00,21:00
40W100003207491N,KOCATEPE RES(İzdem),unknown,2026-05-31 22:00:00+03:00,,6.0,chunk_0048.json,POST /v1/generation/data/dpp-bulk,2026-05-31 21:45:45.641495+00:00,3207491,KOCATEPE RES(İzdem) ,103760,2026-05-31T22:00:00+03:00,22:00
40W100003207491N,KOCATEPE RES(İzdem),unknown,2026-05-31 23:00:00+03:00,,4.0,chunk_0048.json,POST /v1/generation/data/dpp-bulk,2026-05-31 21:45:45.641495+00:00,3207491,KOCATEPE RES(İzdem) ,103760,2026-05-31T23:00:00+03:00,23:00
40W000003207214P,MASLAKTEPE RES(ENİ),unknown,2026-05-31 00:00:00+03:00,,0.16,chunk_0048.json,POST /v1/generation/data/dpp-bulk,2026-05-31 21:45:45.641495+00:00,3207214,MASLAKTEPE RES(ENİ),104381,2026-05-31T00:00:00+03:00,00:00
40W000003207214P,MASLAKTEPE RES(ENİ),unknown,2026-05-31 01:00:00+03:00,,0.06,chunk_0048.json,POST /v1/generation/data/dpp-bulk,2026-05-31 21:45:45.641495+00:00,3207214,MASLAKTEPE RES(ENİ),104381,2026-05-31T01:00:00+03:00,01:00
40W000003207214P,MASLAKTEPE RES(ENİ),unknown,2026-05-31 02:00:00+03:00,,0.03,chunk_0048.json,POST /v1/generation/data/dpp-bulk,2026-05-31 21:45:45.641495+00:00,3207214,MASLAKTEPE RES(ENİ),104381,2026-05-31T02:00:00+03:00,02:00
40W000003207214P,MASLAKTEPE RES(ENİ),unknown,2026-05-31 03:00:00+03:00,,0.04,chunk_0048.json,POST /v1/generation/data/dpp-bulk,2026-05-31 21:45:45.641495+00:00,3207214,MASLAKTEPE RES(ENİ),104381,2026-05-31T03:00:00+03:00,03:00
40W000003207214P,MASLAKTEPE RES(ENİ),unknown,2026-05-31 04:00:00+03:00,,0.05,chunk_0048.json,POST /v1/generation/data/dpp-bulk,2026-05-31 21:45:45.641495+00:00,3207214,MASLAKTEPE RES(ENİ),104381,2026-05-31T04:00:00+03:00,04:00
40W000003207214P,MASLAKTEPE RES(ENİ),unknown,2026-05-31 05:00:00+03:00,,0.13,chunk_0048.json,POST /v1/generation/data/dpp-bulk,2026-05-31 21:45:45.641495+00:00,3207214,MASLAKTEPE RES(ENİ),104381,2026-05-31T05:00:00+03:00,05:00
40W000003207214P,MASLAKTEPE RES(ENİ),unknown,2026-05-31 06:00:00+03:00,,0.02,chunk_0048.json,POST /v1/generation/data/dpp-bulk,2026-05-31 21:45:45.641495+00:00,3207214,MASLAKTEPE RES(ENİ),104381,2026-05-31T06:00:00+03:00,06:00
40W000003207214P,MASLAKTEPE RES(ENİ),unknown,2026-05-31 07:00:00+03:00,,0.01,chunk_0048.json,POST /v1/generation/data/dpp-bulk,2026-05-31 21:45:45.641495+00:00,3207214,MASLAKTEPE RES(ENİ),104381,2026-05-31T07:00:00+03:00,07:00
40W000003207214P,MASLAKTEPE RES(ENİ),unknown,2026-05-31 08:00:00+03:00,,0.01,chunk_0048.json,POST /v1/generation/data/dpp-bulk,2026-05-31 21:45:45.641495+00:00,3207214,MASLAKTEPE RES(ENİ),104381,2026-05-31T08:00:00+03:00,08:00
40W000003207214P,MASLAKTEPE RES(ENİ),unknown,2026-05-31 09:00:00+03:00,,0.07,chunk_0048.json,POST /v1/generation/data/dpp-bulk,2026-05-31 21:45:45.641495+00:00,3207214,MASLAKTEPE RES(ENİ),104381,2026-05-31T09:00:00+03:00,09:00
40W000003207214P,MASLAKTEPE RES(ENİ),unknown,2026-05-31 10:00:00+03:00,,0.41,chunk_0048.json,POST /v1/generation/data/dpp-bulk,2026-05-31 21:45:45.641495+00:00,3207214,MASLAKTEPE RES(ENİ),104381,2026-05-31T10:00:00+03:00,10:00
40W000003207214P,MASLAKTEPE RES(ENİ),unknown,2026-05-31 11:00:00+03:00,,1.24,chunk_0048.json,POST /v1/generation/data/dpp-bulk,2026-05-31 21:45:45.641495+00:00,3207214,MASLAKTEPE RES(ENİ),104381,2026-05-31T11:00:00+03:00,11:00
40W000003207214P,MASLAKTEPE RES(ENİ),unknown,2026-05-31 12:00:00+03:00,,2.52,chunk_0048.json,POST /v1/generation/data/dpp-bulk,2026-05-31 21:45:45.641495+00:00,3207214,MASLAKTEPE RES(ENİ),104381,2026-05-31T12:00:00+03:00,12:00
40W000003207214P,MASLAKTEPE RES(ENİ),unknown,2026-05-31 13:00:00+03:00,,6.1,chunk_0048.json,POST /v1/generation/data/dpp-bulk,2026-05-31 21:45:45.641495+00:00,3207214,MASLAKTEPE RES(ENİ),104381,2026-05-31T13:00:00+03:00,13:00
40W000003207214P,MASLAKTEPE RES(ENİ),unknown,2026-05-31 14:00:00+03:00,,11.6,chunk_0048.json,POST /v1/generation/data/dpp-bulk,2026-05-31 21:45:45.641495+00:00,3207214,MASLAKTEPE RES(ENİ),104381,2026-05-31T14:00:00+03:00,14:00
40W000003207214P,MASLAKTEPE RES(ENİ),unknown,2026-05-31 15:00:00+03:00,,15.21,chunk_0048.json,POST /v1/generation/data/dpp-bulk,2026-05-31 21:45:45.641495+00:00,3207214,MASLAKTEPE RES(ENİ),104381,2026-05-31T15:00:00+03:00,15:00
40W000003207214P,MASLAKTEPE RES(ENİ),unknown,2026-05-31 16:00:00+03:00,,15.68,chunk_0048.json,POST /v1/generation/data/dpp-bulk,2026-05-31 21:45:45.641495+00:00,3207214,MASLAKTEPE RES(ENİ),104381,2026-05-31T16:00:00+03:00,16:00
40W000003207214P,MASLAKTEPE RES(ENİ),unknown,2026-05-31 17:00:00+03:00,,17.76,chunk_0048.json,POST /v1/generation/data/dpp-bulk,2026-05-31 21:45:45.641495+00:00,3207214,MASLAKTEPE RES(ENİ),104381,2026-05-31T17:00:00+03:00,17:00
40W000003207214P,MASLAKTEPE RES(ENİ),unknown,2026-05-31 18:00:00+03:00,,12.32,chunk_0048.json,POST /v1/generation/data/dpp-bulk,2026-05-31 21:45:45.641495+00:00,3207214,MASLAKTEPE RES(ENİ),104381,2026-05-31T18:00:00+03:00,18:00
40W000003207214P,MASLAKTEPE RES(ENİ),unknown,2026-05-31 19:00:00+03:00,,5.15,chunk_0048.json,POST /v1/generation/data/dpp-bulk,2026-05-31 21:45:45.641495+00:00,3207214,MASLAKTEPE RES(ENİ),104381,2026-05-31T19:00:00+03:00,19:00
40W000003207214P,MASLAKTEPE RES(ENİ),unknown,2026-05-31 20:00:00+03:00,,2.09,chunk_0048.json,POST /v1/generation/data/dpp-bulk,2026-05-31 21:45:45.641495+00:00,3207214,MASLAKTEPE RES(ENİ),104381,2026-05-31T20:00:00+03:00,20:00
40W000003207214P,MASLAKTEPE RES(ENİ),unknown,2026-05-31 21:00:00+03:00,,1.15,chunk_0048.json,POST /v1/generation/data/dpp-bulk,2026-05-31 21:45:45.641495+00:00,3207214,MASLAKTEPE RES(ENİ),104381,2026-05-31T21:00:00+03:00,21:00
40W000003207214P,MASLAKTEPE RES(ENİ),unknown,2026-05-31 22:00:00+03:00,,0.35,chunk_0048.json,POST /v1/generation/data/dpp-bulk,2026-05-31 21:45:45.641495+00:00,3207214,MASLAKTEPE RES(ENİ),104381,2026-05-31T22:00:00+03:00,22:00
40W000003207214P,MASLAKTEPE RES(ENİ),unknown,2026-05-31 23:00:00+03:00,,0.92,chunk_0048.json,POST /v1/generation/data/dpp-bulk,2026-05-31 21:45:45.641495+00:00,3207214,MASLAKTEPE RES(ENİ),104381,2026-05-31T23:00:00+03:00,23:00
40W000003207051R,WM ENERJİ BİYOGAZ TESİSİ,unknown,2026-05-31 00:00:00+03:00,,0.8,chunk_0048.json,POST /v1/generation/data/dpp-bulk,2026-05-31 21:45:45.641495+00:00,3207051,WM ENERJİ BİYOGAZ TESİSİ,104523,2026-05-31T00:00:00+03:00,00:00
40W000003207051R,WM ENERJİ BİYOGAZ TESİSİ,unknown,2026-05-31 01:00:00+03:00,,0.8,chunk_0048.json,POST /v1/generation/data/dpp-bulk,2026-05-31 21:45:45.641495+00:00,3207051,WM ENERJİ BİYOGAZ TESİSİ,104523,2026-05-31T01:00:00+03:00,01:00
40W000003207051R,WM ENERJİ BİYOGAZ TESİSİ,unknown,2026-05-31 02:00:00+03:00,,0.8,chunk_0048.json,POST /v1/generation/data/dpp-bulk,2026-05-31 21:45:45.641495+00:00,3207051,WM ENERJİ BİYOGAZ TESİSİ,104523,2026-05-31T02:00:00+03:00,02:00
40W000003207051R,WM ENERJİ BİYOGAZ TESİSİ,unknown,2026-05-31 03:00:00+03:00,,0.8,chunk_0048.json,POST /v1/generation/data/dpp-bulk,2026-05-31 21:45:45.641495+00:00,3207051,WM ENERJİ BİYOGAZ TESİSİ,104523,2026-05-31T03:00:00+03:00,03:00
40W000003207051R,WM ENERJİ BİYOGAZ TESİSİ,unknown,2026-05-31 04:00:00+03:00,,0.8,chunk_0048.json,POST /v1/generation/data/dpp-bulk,2026-05-31 21:45:45.641495+00:00,3207051,WM ENERJİ BİYOGAZ TESİSİ,104523,2026-05-31T04:00:00+03:00,04:00
40W000003207051R,WM ENERJİ BİYOGAZ TESİSİ,unknown,2026-05-31 05:00:00+03:00,,0.8,chunk_0048.json,POST /v1/generation/data/dpp-bulk,2026-05-31 21:45:45.641495+00:00,3207051,WM ENERJİ BİYOGAZ TESİSİ,104523,2026-05-31T05:00:00+03:00,05:00
40W000003207051R,WM ENERJİ BİYOGAZ TESİSİ,unknown,2026-05-31 06:00:00+03:00,,0.8,chunk_0048.json,POST /v1/generation/data/dpp-bulk,2026-05-31 21:45:45.641495+00:00,3207051,WM ENERJİ BİYOGAZ TESİSİ,104523,2026-05-31T06:00:00+03:00,06:00
40W000003207051R,WM ENERJİ BİYOGAZ TESİSİ,unknown,2026-05-31 07:00:00+03:00,,0.8,chunk_0048.json,POST /v1/generation/data/dpp-bulk,2026-05-31 21:45:45.641495+00:00,3207051,WM ENERJİ BİYOGAZ TESİSİ,104523,2026-05-31T07:00:00+03:00,07:00
40W000003207051R,WM ENERJİ BİYOGAZ TESİSİ,unknown,2026-05-31 08:00:00+03:00,,0.8,chunk_0048.json,POST /v1/generation/data/dpp-bulk,2026-05-31 21:45:45.641495+00:00,3207051,WM ENERJİ BİYOGAZ TESİSİ,104523,2026-05-31T08:00:00+03:00,08:00
40W000003207051R,WM ENERJİ BİYOGAZ TESİSİ,unknown,2026-05-31 09:00:00+03:00,,0.8,chunk_0048.json,POST /v1/generation/data/dpp-bulk,2026-05-31 21:45:45.641495+00:00,3207051,WM ENERJİ BİYOGAZ TESİSİ,104523,2026-05-31T09:00:00+03:00,09:00
40W000003207051R,WM ENERJİ BİYOGAZ TESİSİ,unknown,2026-05-31 10:00:00+03:00,,0.0,chunk_0048.json,POST /v1/generation/data/dpp-bulk,2026-05-31 21:45:45.641495+00:00,3207051,WM ENERJİ BİYOGAZ TESİSİ,104523,2026-05-31T10:00:00+03:00,10:00
40W000003207051R,WM ENERJİ BİYOGAZ TESİSİ,unknown,2026-05-31 11:00:00+03:00,,0.0,chunk_0048.json,POST /v1/generation/data/dpp-bulk,2026-05-31 21:45:45.641495+00:00,3207051,WM ENERJİ BİYOGAZ TESİSİ,104523,2026-05-31T11:00:00+03:00,11:00
40W000003207051R,WM ENERJİ BİYOGAZ TESİSİ,unknown,2026-05-31 12:00:00+03:00,,0.0,chunk_0048.json,POST /v1/generation/data/dpp-bulk,2026-05-31 21:45:45.641495+00:00,3207051,WM ENERJİ BİYOGAZ TESİSİ,104523,2026-05-31T12:00:00+03:00,12:00
40W000003207051R,WM ENERJİ BİYOGAZ TESİSİ,unknown,2026-05-31 13:00:00+03:00,,0.0,chunk_0048.json,POST /v1/generation/data/dpp-bulk,2026-05-31 21:45:45.641495+00:00,3207051,WM ENERJİ BİYOGAZ TESİSİ,104523,2026-05-31T13:00:00+03:00,13:00
40W000003207051R,WM ENERJİ BİYOGAZ TESİSİ,unknown,2026-05-31 14:00:00+03:00,,0.8,chunk_0048.json,POST /v1/generation/data/dpp-bulk,2026-05-31 21:45:45.641495+00:00,3207051,WM ENERJİ BİYOGAZ TESİSİ,104523,2026-05-31T14:00:00+03:00,14:00
40W000003207051R,WM ENERJİ BİYOGAZ TESİSİ,unknown,2026-05-31 15:00:00+03:00,,0.8,chunk_0048.json,POST /v1/generation/data/dpp-bulk,2026-05-31 21:45:45.641495+00:00,3207051,WM ENERJİ BİYOGAZ TESİSİ,104523,2026-05-31T15:00:00+03:00,15:00
40W000003207051R,WM ENERJİ BİYOGAZ TESİSİ,unknown,2026-05-31 16:00:00+03:00,,0.8,chunk_0048.json,POST /v1/generation/data/dpp-bulk,2026-05-31 21:45:45.641495+00:00,3207051,WM ENERJİ BİYOGAZ TESİSİ,104523,2026-05-31T16:00:00+03:00,16:00
40W000003207051R,WM ENERJİ BİYOGAZ TESİSİ,unknown,2026-05-31 17:00:00+03:00,,0.8,chunk_0048.json,POST /v1/generation/data/dpp-bulk,2026-05-31 21:45:45.641495+00:00,3207051,WM ENERJİ BİYOGAZ TESİSİ,104523,2026-05-31T17:00:00+03:00,17:00
40W000003207051R,WM ENERJİ BİYOGAZ TESİSİ,unknown,2026-05-31 18:00:00+03:00,,0.8,chunk_0048.json,POST /v1/generation/data/dpp-bulk,2026-05-31 21:45:45.641495+00:00,3207051,WM ENERJİ BİYOGAZ TESİSİ,104523,2026-05-31T18:00:00+03:00,18:00
40W000003207051R,WM ENERJİ BİYOGAZ TESİSİ,unknown,2026-05-31 19:00:00+03:00,,0.8,chunk_0048.json,POST /v1/generation/data/dpp-bulk,2026-05-31 21:45:45.641495+00:00,3207051,WM ENERJİ BİYOGAZ TESİSİ,104523,2026-05-31T19:00:00+03:00,19:00
40W000003207051R,WM ENERJİ BİYOGAZ TESİSİ,unknown,2026-05-31 20:00:00+03:00,,0.8,chunk_0048.json,POST /v1/generation/data/dpp-bulk,2026-05-31 21:45:45.641495+00:00,3207051,WM ENERJİ BİYOGAZ TESİSİ,104523,2026-05-31T20:00:00+03:00,20:00
40W000003207051R,WM ENERJİ BİYOGAZ TESİSİ,unknown,2026-05-31 21:00:00+03:00,,0.8,chunk_0048.json,POST /v1/generation/data/dpp-bulk,2026-05-31 21:45:45.641495+00:00,3207051,WM ENERJİ BİYOGAZ TESİSİ,104523,2026-05-31T21:00:00+03:00,21:00
40W000003207051R,WM ENERJİ BİYOGAZ TESİSİ,unknown,2026-05-31 22:00:00+03:00,,0.8,chunk_0048.json,POST /v1/generation/data/dpp-bulk,2026-05-31 21:45:45.641495+00:00,3207051,WM ENERJİ BİYOGAZ TESİSİ,104523,2026-05-31T22:00:00+03:00,22:00
40W000003207051R,WM ENERJİ BİYOGAZ TESİSİ,unknown,2026-05-31 23:00:00+03:00,,0.8,chunk_0048.json,POST /v1/generation/data/dpp-bulk,2026-05-31 21:45:45.641495+00:00,3207051,WM ENERJİ BİYOGAZ TESİSİ,104523,2026-05-31T23:00:00+03:00,23:00
40W0000032073905,BOZÜYÜK HES,unknown,2026-05-31 00:00:00+03:00,,0.0,chunk_0048.json,POST /v1/generation/data/dpp-bulk,2026-05-31 21:45:45.641495+00:00,3207390,BOZÜYÜK HES,104523,2026-05-31T00:00:00+03:00,00:00
40W0000032073905,BOZÜYÜK HES,unknown,2026-05-31 01:00:00+03:00,,0.0,chunk_0048.json,POST /v1/generation/data/dpp-bulk,2026-05-31 21:45:45.641495+00:00,3207390,BOZÜYÜK HES,104523,2026-05-31T01:00:00+03:00,01:00
40W0000032073905,BOZÜYÜK HES,unknown,2026-05-31 02:00:00+03:00,,0.0,chunk_0048.json,POST /v1/generation/data/dpp-bulk,2026-05-31 21:45:45.641495+00:00,3207390,BOZÜYÜK HES,104523,2026-05-31T02:00:00+03:00,02:00
40W0000032073905,BOZÜYÜK HES,unknown,2026-05-31 03:00:00+03:00,,0.0,chunk_0048.json,POST /v1/generation/data/dpp-bulk,2026-05-31 21:45:45.641495+00:00,3207390,BOZÜYÜK HES,104523,2026-05-31T03:00:00+03:00,03:00
40W0000032073905,BOZÜYÜK HES,unknown,2026-05-31 04:00:00+03:00,,0.0,chunk_0048.json,POST /v1/generation/data/dpp-bulk,2026-05-31 21:45:45.641495+00:00,3207390,BOZÜYÜK HES,104523,2026-05-31T04:00:00+03:00,04:00
40W0000032073905,BOZÜYÜK HES,unknown,2026-05-31 05:00:00+03:00,,0.0,chunk_0048.json,POST /v1/generation/data/dpp-bulk,2026-05-31 21:45:45.641495+00:00,3207390,BOZÜYÜK HES,104523,2026-05-31T05:00:00+03:00,05:00
40W0000032073905,BOZÜYÜK HES,unknown,2026-05-31 06:00:00+03:00,,0.0,chunk_0048.json,POST /v1/generation/data/dpp-bulk,2026-05-31 21:45:45.641495+00:00,3207390,BOZÜYÜK HES,104523,2026-05-31T06:00:00+03:00,06:00
40W0000032073905,BOZÜYÜK HES,unknown,2026-05-31 07:00:00+03:00,,0.0,chunk_0048.json,POST /v1/generation/data/dpp-bulk,2026-05-31 21:45:45.641495+00:00,3207390,BOZÜYÜK HES,104523,2026-05-31T07:00:00+03:00,07:00
40W0000032073905,BOZÜYÜK HES,unknown,2026-05-31 08:00:00+03:00,,0.0,chunk_0048.json,POST /v1/generation/data/dpp-bulk,2026-05-31 21:45:45.641495+00:00,3207390,BOZÜYÜK HES,104523,2026-05-31T08:00:00+03:00,08:00
40W0000032073905,BOZÜYÜK HES,unknown,2026-05-31 09:00:00+03:00,,0.0,chunk_0048.json,POST /v1/generation/data/dpp-bulk,2026-05-31 21:45:45.641495+00:00,3207390,BOZÜYÜK HES,104523,2026-05-31T09:00:00+03:00,09:00
40W0000032073905,BOZÜYÜK HES,unknown,2026-05-31 10:00:00+03:00,,0.0,chunk_0048.json,POST /v1/generation/data/dpp-bulk,2026-05-31 21:45:45.641495+00:00,3207390,BOZÜYÜK HES,104523,2026-05-31T10:00:00+03:00,10:00
40W0000032073905,BOZÜYÜK HES,unknown,2026-05-31 11:00:00+03:00,,0.0,chunk_0048.json,POST /v1/generation/data/dpp-bulk,2026-05-31 21:45:45.641495+00:00,3207390,BOZÜYÜK HES,104523,2026-05-31T11:00:00+03:00,11:00
40W0000032073905,BOZÜYÜK HES,unknown,2026-05-31 12:00:00+03:00,,0.0,chunk_0048.json,POST /v1/generation/data/dpp-bulk,2026-05-31 21:45:45.641495+00:00,3207390,BOZÜYÜK HES,104523,2026-05-31T12:00:00+03:00,12:00
40W0000032073905,BOZÜYÜK HES,unknown,2026-05-31 13:00:00+03:00,,0.0,chunk_0048.json,POST /v1/generation/data/dpp-bulk,2026-05-31 21:45:45.641495+00:00,3207390,BOZÜYÜK HES,104523,2026-05-31T13:00:00+03:00,13:00
40W0000032073905,BOZÜYÜK HES,unknown,2026-05-31 14:00:00+03:00,,0.0,chunk_0048.json,POST /v1/generation/data/dpp-bulk,2026-05-31 21:45:45.641495+00:00,3207390,BOZÜYÜK HES,104523,2026-05-31T14:00:00+03:00,14:00
40W0000032073905,BOZÜYÜK HES,unknown,2026-05-31 15:00:00+03:00,,0.0,chunk_0048.json,POST /v1/generation/data/dpp-bulk,2026-05-31 21:45:45.641495+00:00,3207390,BOZÜYÜK HES,104523,2026-05-31T15:00:00+03:00,15:00
40W0000032073905,BOZÜYÜK HES,unknown,2026-05-31 16:00:00+03:00,,0.0,chunk_0048.json,POST /v1/generation/data/dpp-bulk,2026-05-31 21:45:45.641495+00:00,3207390,BOZÜYÜK HES,104523,2026-05-31T16:00:00+03:00,16:00
40W0000032073905,BOZÜYÜK HES,unknown,2026-05-31 17:00:00+03:00,,0.0,chunk_0048.json,POST /v1/generation/data/dpp-bulk,2026-05-31 21:45:45.641495+00:00,3207390,BOZÜYÜK HES,104523,2026-05-31T17:00:00+03:00,17:00
40W0000032073905,BOZÜYÜK HES,unknown,2026-05-31 18:00:00+03:00,,0.0,chunk_0048.json,POST /v1/generation/data/dpp-bulk,2026-05-31 21:45:45.641495+00:00,3207390,BOZÜYÜK HES,104523,2026-05-31T18:00:00+03:00,18:00
40W0000032073905,BOZÜYÜK HES,unknown,2026-05-31 19:00:00+03:00,,0.0,chunk_0048.json,POST /v1/generation/data/dpp-bulk,2026-05-31 21:45:45.641495+00:00,3207390,BOZÜYÜK HES,104523,2026-05-31T19:00:00+03:00,19:00
40W0000032073905,BOZÜYÜK HES,unknown,2026-05-31 20:00:00+03:00,,0.0,chunk_0048.json,POST /v1/generation/data/dpp-bulk,2026-05-31 21:45:45.641495+00:00,3207390,BOZÜYÜK HES,104523,2026-05-31T20:00:00+03:00,20:00
40W0000032073905,BOZÜYÜK HES,unknown,2026-05-31 21:00:00+03:00,,0.0,chunk_0048.json,POST /v1/generation/data/dpp-bulk,2026-05-31 21:45:45.641495+00:00,3207390,BOZÜYÜK HES,104523,2026-05-31T21:00:00+03:00,21:00
40W0000032073905,BOZÜYÜK HES,unknown,2026-05-31 22:00:00+03:00,,0.0,chunk_0048.json,POST /v1/generation/data/dpp-bulk,2026-05-31 21:45:45.641495+00:00,3207390,BOZÜYÜK HES,104523,2026-05-31T22:00:00+03:00,22:00
40W0000032073905,BOZÜYÜK HES,unknown,2026-05-31 23:00:00+03:00,,0.0,chunk_0048.json,POST /v1/generation/data/dpp-bulk,2026-05-31 21:45:45.641495+00:00,3207390,BOZÜYÜK HES,104523,2026-05-31T23:00:00+03:00,23:00
40W0000032073913,HARAKLI HENDEK HES,unknown,2026-05-31 00:00:00+03:00,,0.2,chunk_0048.json,POST /v1/generation/data/dpp-bulk,2026-05-31 21:45:45.641495+00:00,3207391,HARAKLI HENDEK HES,104523,2026-05-31T00:00:00+03:00,00:00
40W0000032073913,HARAKLI HENDEK HES,unknown,2026-05-31 01:00:00+03:00,,0.2,chunk_0048.json,POST /v1/generation/data/dpp-bulk,2026-05-31 21:45:45.641495+00:00,3207391,HARAKLI HENDEK HES,104523,2026-05-31T01:00:00+03:00,01:00
40W0000032073913,HARAKLI HENDEK HES,unknown,2026-05-31 02:00:00+03:00,,0.2,chunk_0048.json,POST /v1/generation/data/dpp-bulk,2026-05-31 21:45:45.641495+00:00,3207391,HARAKLI HENDEK HES,104523,2026-05-31T02:00:00+03:00,02:00
40W0000032073913,HARAKLI HENDEK HES,unknown,2026-05-31 03:00:00+03:00,,0.2,chunk_0048.json,POST /v1/generation/data/dpp-bulk,2026-05-31 21:45:45.641495+00:00,3207391,HARAKLI HENDEK HES,104523,2026-05-31T03:00:00+03:00,03:00
40W0000032073913,HARAKLI HENDEK HES,unknown,2026-05-31 04:00:00+03:00,,0.2,chunk_0048.json,POST /v1/generation/data/dpp-bulk,2026-05-31 21:45:45.641495+00:00,3207391,HARAKLI HENDEK HES,104523,2026-05-31T04:00:00+03:00,04:00
40W0000032073913,HARAKLI HENDEK HES,unknown,2026-05-31 05:00:00+03:00,,0.2,chunk_0048.json,POST /v1/generation/data/dpp-bulk,2026-05-31 21:45:45.641495+00:00,3207391,HARAKLI HENDEK HES,104523,2026-05-31T05:00:00+03:00,05:00
40W0000032073913,HARAKLI HENDEK HES,unknown,2026-05-31 06:00:00+03:00,,0.2,chunk_0048.json,POST /v1/generation/data/dpp-bulk,2026-05-31 21:45:45.641495+00:00,3207391,HARAKLI HENDEK HES,104523,2026-05-31T06:00:00+03:00,06:00
40W0000032073913,HARAKLI HENDEK HES,unknown,2026-05-31 07:00:00+03:00,,0.2,chunk_0048.json,POST /v1/generation/data/dpp-bulk,2026-05-31 21:45:45.641495+00:00,3207391,HARAKLI HENDEK HES,104523,2026-05-31T07:00:00+03:00,07:00
40W0000032073913,HARAKLI HENDEK HES,unknown,2026-05-31 08:00:00+03:00,,0.2,chunk_0048.json,POST /v1/generation/data/dpp-bulk,2026-05-31 21:45:45.641495+00:00,3207391,HARAKLI HENDEK HES,104523,2026-05-31T08:00:00+03:00,08:00
40W0000032073913,HARAKLI HENDEK HES,unknown,2026-05-31 09:00:00+03:00,,0.2,chunk_0048.json,POST /v1/generation/data/dpp-bulk,2026-05-31 21:45:45.641495+00:00,3207391,HARAKLI HENDEK HES,104523,2026-05-31T09:00:00+03:00,09:00
40W0000032073913,HARAKLI HENDEK HES,unknown,2026-05-31 10:00:00+03:00,,0.0,chunk_0048.json,POST /v1/generation/data/dpp-bulk,2026-05-31 21:45:45.641495+00:00,3207391,HARAKLI HENDEK HES,104523,2026-05-31T10:00:00+03:00,10:00
40W0000032073913,HARAKLI HENDEK HES,unknown,2026-05-31 11:00:00+03:00,,0.0,chunk_0048.json,POST /v1/generation/data/dpp-bulk,2026-05-31 21:45:45.641495+00:00,3207391,HARAKLI HENDEK HES,104523,2026-05-31T11:00:00+03:00,11:00
40W0000032073913,HARAKLI HENDEK HES,unknown,2026-05-31 12:00:00+03:00,,0.0,chunk_0048.json,POST /v1/generation/data/dpp-bulk,2026-05-31 21:45:45.641495+00:00,3207391,HARAKLI HENDEK HES,104523,2026-05-31T12:00:00+03:00,12:00
40W0000032073913,HARAKLI HENDEK HES,unknown,2026-05-31 13:00:00+03:00,,0.0,chunk_0048.json,POST /v1/generation/data/dpp-bulk,2026-05-31 21:45:45.641495+00:00,3207391,HARAKLI HENDEK HES,104523,2026-05-31T13:00:00+03:00,13:00
40W0000032073913,HARAKLI HENDEK HES,unknown,2026-05-31 14:00:00+03:00,,0.0,chunk_0048.json,POST /v1/generation/data/dpp-bulk,2026-05-31 21:45:45.641495+00:00,3207391,HARAKLI HENDEK HES,104523,2026-05-31T14:00:00+03:00,14:00
40W0000032073913,HARAKLI HENDEK HES,unknown,2026-05-31 15:00:00+03:00,,0.0,chunk_0048.json,POST /v1/generation/data/dpp-bulk,2026-05-31 21:45:45.641495+00:00,3207391,HARAKLI HENDEK HES,104523,2026-05-31T15:00:00+03:00,15:00
40W0000032073913,HARAKLI HENDEK HES,unknown,2026-05-31 16:00:00+03:00,,0.0,chunk_0048.json,POST /v1/generation/data/dpp-bulk,2026-05-31 21:45:45.641495+00:00,3207391,HARAKLI HENDEK HES,104523,2026-05-31T16:00:00+03:00,16:00
40W0000032073913,HARAKLI HENDEK HES,unknown,2026-05-31 17:00:00+03:00,,0.2,chunk_0048.json,POST /v1/generation/data/dpp-bulk,2026-05-31 21:45:45.641495+00:00,3207391,HARAKLI HENDEK HES,104523,2026-05-31T17:00:00+03:00,17:00
40W0000032073913,HARAKLI HENDEK HES,unknown,2026-05-31 18:00:00+03:00,,0.2,chunk_0048.json,POST /v1/generation/data/dpp-bulk,2026-05-31 21:45:45.641495+00:00,3207391,HARAKLI HENDEK HES,104523,2026-05-31T18:00:00+03:00,18:00
40W0000032073913,HARAKLI HENDEK HES,unknown,2026-05-31 19:00:00+03:00,,0.2,chunk_0048.json,POST /v1/generation/data/dpp-bulk,2026-05-31 21:45:45.641495+00:00,3207391,HARAKLI HENDEK HES,104523,2026-05-31T19:00:00+03:00,19:00
40W0000032073913,HARAKLI HENDEK HES,unknown,2026-05-31 20:00:00+03:00,,0.2,chunk_0048.json,POST /v1/generation/data/dpp-bulk,2026-05-31 21:45:45.641495+00:00,3207391,HARAKLI HENDEK HES,104523,2026-05-31T20:00:00+03:00,20:00
40W0000032073913,HARAKLI HENDEK HES,unknown,2026-05-31 21:00:00+03:00,,0.2,chunk_0048.json,POST /v1/generation/data/dpp-bulk,2026-05-31 21:45:45.641495+00:00,3207391,HARAKLI HENDEK HES,104523,2026-05-31T21:00:00+03:00,21:00
40W0000032073913,HARAKLI HENDEK HES,unknown,2026-05-31 22:00:00+03:00,,0.2,chunk_0048.json,POST /v1/generation/data/dpp-bulk,2026-05-31 21:45:45.641495+00:00,3207391,HARAKLI HENDEK HES,104523,2026-05-31T22:00:00+03:00,22:00
40W0000032073913,HARAKLI HENDEK HES,unknown,2026-05-31 23:00:00+03:00,,0.2,chunk_0048.json,POST /v1/generation/data/dpp-bulk,2026-05-31 21:45:45.641495+00:00,3207391,HARAKLI HENDEK HES,104523,2026-05-31T23:00:00+03:00,23:00
40W000003207410P,PAZARKÖY AKYAZI HES,unknown,2026-05-31 00:00:00+03:00,,0.1,chunk_0048.json,POST /v1/generation/data/dpp-bulk,2026-05-31 21:45:45.641495+00:00,3207410,PAZARKÖY AKYAZI HES,104523,2026-05-31T00:00:00+03:00,00:00
40W000003207410P,PAZARKÖY AKYAZI HES,unknown,2026-05-31 01:00:00+03:00,,0.1,chunk_0048.json,POST /v1/generation/data/dpp-bulk,2026-05-31 21:45:45.641495+00:00,3207410,PAZARKÖY AKYAZI HES,104523,2026-05-31T01:00:00+03:00,01:00
40W000003207410P,PAZARKÖY AKYAZI HES,unknown,2026-05-31 02:00:00+03:00,,0.1,chunk_0048.json,POST /v1/generation/data/dpp-bulk,2026-05-31 21:45:45.641495+00:00,3207410,PAZARKÖY AKYAZI HES,104523,2026-05-31T02:00:00+03:00,02:00
40W000003207410P,PAZARKÖY AKYAZI HES,unknown,2026-05-31 03:00:00+03:00,,0.1,chunk_0048.json,POST /v1/generation/data/dpp-bulk,2026-05-31 21:45:45.641495+00:00,3207410,PAZARKÖY AKYAZI HES,104523,2026-05-31T03:00:00+03:00,03:00
40W000003207410P,PAZARKÖY AKYAZI HES,unknown,2026-05-31 04:00:00+03:00,,0.1,chunk_0048.json,POST /v1/generation/data/dpp-bulk,2026-05-31 21:45:45.641495+00:00,3207410,PAZARKÖY AKYAZI HES,104523,2026-05-31T04:00:00+03:00,04:00
40W000003207410P,PAZARKÖY AKYAZI HES,unknown,2026-05-31 05:00:00+03:00,,0.1,chunk_0048.json,POST /v1/generation/data/dpp-bulk,2026-05-31 21:45:45.641495+00:00,3207410,PAZARKÖY AKYAZI HES,104523,2026-05-31T05:00:00+03:00,05:00
40W000003207410P,PAZARKÖY AKYAZI HES,unknown,2026-05-31 06:00:00+03:00,,0.1,chunk_0048.json,POST /v1/generation/data/dpp-bulk,2026-05-31 21:45:45.641495+00:00,3207410,PAZARKÖY AKYAZI HES,104523,2026-05-31T06:00:00+03:00,06:00
40W000003207410P,PAZARKÖY AKYAZI HES,unknown,2026-05-31 07:00:00+03:00,,0.1,chunk_0048.json,POST /v1/generation/data/dpp-bulk,2026-05-31 21:45:45.641495+00:00,3207410,PAZARKÖY AKYAZI HES,104523,2026-05-31T07:00:00+03:00,07:00
40W000003207410P,PAZARKÖY AKYAZI HES,unknown,2026-05-31 08:00:00+03:00,,0.1,chunk_0048.json,POST /v1/generation/data/dpp-bulk,2026-05-31 21:45:45.641495+00:00,3207410,PAZARKÖY AKYAZI HES,104523,2026-05-31T08:00:00+03:00,08:00
40W000003207410P,PAZARKÖY AKYAZI HES,unknown,2026-05-31 09:00:00+03:00,,0.1,chunk_0048.json,POST /v1/generation/data/dpp-bulk,2026-05-31 21:45:45.641495+00:00,3207410,PAZARKÖY AKYAZI HES,104523,2026-05-31T09:00:00+03:00,09:00
40W000003207410P,PAZARKÖY AKYAZI HES,unknown,2026-05-31 10:00:00+03:00,,0.0,chunk_0048.json,POST /v1/generation/data/dpp-bulk,2026-05-31 21:45:45.641495+00:00,3207410,PAZARKÖY AKYAZI HES,104523,2026-05-31T10:00:00+03:00,10:00
40W000003207410P,PAZARKÖY AKYAZI HES,unknown,2026-05-31 11:00:00+03:00,,0.0,chunk_0048.json,POST /v1/generation/data/dpp-bulk,2026-05-31 21:45:45.641495+00:00,3207410,PAZARKÖY AKYAZI HES,104523,2026-05-31T11:00:00+03:00,11:00
40W000003207410P,PAZARKÖY AKYAZI HES,unknown,2026-05-31 12:00:00+03:00,,0.0,chunk_0048.json,POST /v1/generation/data/dpp-bulk,2026-05-31 21:45:45.641495+00:00,3207410,PAZARKÖY AKYAZI HES,104523,2026-05-31T12:00:00+03:00,12:00
40W000003207410P,PAZARKÖY AKYAZI HES,unknown,2026-05-31 13:00:00+03:00,,0.0,chunk_0048.json,POST /v1/generation/data/dpp-bulk,2026-05-31 21:45:45.641495+00:00,3207410,PAZARKÖY AKYAZI HES,104523,2026-05-31T13:00:00+03:00,13:00
40W000003207410P,PAZARKÖY AKYAZI HES,unknown,2026-05-31 14:00:00+03:00,,0.0,chunk_0048.json,POST /v1/generation/data/dpp-bulk,2026-05-31 21:45:45.641495+00:00,3207410,PAZARKÖY AKYAZI HES,104523,2026-05-31T14:00:00+03:00,14:00
40W000003207410P,PAZARKÖY AKYAZI HES,unknown,2026-05-31 15:00:00+03:00,,0.0,chunk_0048.json,POST /v1/generation/data/dpp-bulk,2026-05-31 21:45:45.641495+00:00,3207410,PAZARKÖY AKYAZI HES,104523,2026-05-31T15:00:00+03:00,15:00
40W000003207410P,PAZARKÖY AKYAZI HES,unknown,2026-05-31 16:00:00+03:00,,0.0,chunk_0048.json,POST /v1/generation/data/dpp-bulk,2026-05-31 21:45:45.641495+00:00,3207410,PAZARKÖY AKYAZI HES,104523,2026-05-31T16:00:00+03:00,16:00
40W000003207410P,PAZARKÖY AKYAZI HES,unknown,2026-05-31 17:00:00+03:00,,0.1,chunk_0048.json,POST /v1/generation/data/dpp-bulk,2026-05-31 21:45:45.641495+00:00,3207410,PAZARKÖY AKYAZI HES,104523,2026-05-31T17:00:00+03:00,17:00
40W000003207410P,PAZARKÖY AKYAZI HES,unknown,2026-05-31 18:00:00+03:00,,0.1,chunk_0048.json,POST /v1/generation/data/dpp-bulk,2026-05-31 21:45:45.641495+00:00,3207410,PAZARKÖY AKYAZI HES,104523,2026-05-31T18:00:00+03:00,18:00
40W000003207410P,PAZARKÖY AKYAZI HES,unknown,2026-05-31 19:00:00+03:00,,0.1,chunk_0048.json,POST /v1/generation/data/dpp-bulk,2026-05-31 21:45:45.641495+00:00,3207410,PAZARKÖY AKYAZI HES,104523,2026-05-31T19:00:00+03:00,19:00
40W000003207410P,PAZARKÖY AKYAZI HES,unknown,2026-05-31 20:00:00+03:00,,0.1,chunk_0048.json,POST /v1/generation/data/dpp-bulk,2026-05-31 21:45:45.641495+00:00,3207410,PAZARKÖY AKYAZI HES,104523,2026-05-31T20:00:00+03:00,20:00
40W000003207410P,PAZARKÖY AKYAZI HES,unknown,2026-05-31 21:00:00+03:00,,0.1,chunk_0048.json,POST /v1/generation/data/dpp-bulk,2026-05-31 21:45:45.641495+00:00,3207410,PAZARKÖY AKYAZI HES,104523,2026-05-31T21:00:00+03:00,21:00
40W000003207410P,PAZARKÖY AKYAZI HES,unknown,2026-05-31 22:00:00+03:00,,0.1,chunk_0048.json,POST /v1/generation/data/dpp-bulk,2026-05-31 21:45:45.641495+00:00,3207410,PAZARKÖY AKYAZI HES,104523,2026-05-31T22:00:00+03:00,22:00
40W000003207410P,PAZARKÖY AKYAZI HES,unknown,2026-05-31 23:00:00+03:00,,0.1,chunk_0048.json,POST /v1/generation/data/dpp-bulk,2026-05-31 21:45:45.641495+00:00,3207410,PAZARKÖY AKYAZI HES,104523,2026-05-31T23:00:00+03:00,23:00
40W000003207370B,HAVZA RES,unknown,2026-05-31 00:00:00+03:00,,8.76,chunk_0048.json,POST /v1/generation/data/dpp-bulk,2026-05-31 21:45:45.641495+00:00,3207370,HAVZA RES,104722,2026-05-31T00:00:00+03:00,00:00
40W000003207370B,HAVZA RES,unknown,2026-05-31 01:00:00+03:00,,9.7,chunk_0048.json,POST /v1/generation/data/dpp-bulk,2026-05-31 21:45:45.641495+00:00,3207370,HAVZA RES,104722,2026-05-31T01:00:00+03:00,01:00
40W000003207370B,HAVZA RES,unknown,2026-05-31 02:00:00+03:00,,11.73,chunk_0048.json,POST /v1/generation/data/dpp-bulk,2026-05-31 21:45:45.641495+00:00,3207370,HAVZA RES,104722,2026-05-31T02:00:00+03:00,02:00
40W000003207370B,HAVZA RES,unknown,2026-05-31 03:00:00+03:00,,11.72,chunk_0048.json,POST /v1/generation/data/dpp-bulk,2026-05-31 21:45:45.641495+00:00,3207370,HAVZA RES,104722,2026-05-31T03:00:00+03:00,03:00
40W000003207370B,HAVZA RES,unknown,2026-05-31 04:00:00+03:00,,11.7,chunk_0048.json,POST /v1/generation/data/dpp-bulk,2026-05-31 21:45:45.641495+00:00,3207370,HAVZA RES,104722,2026-05-31T04:00:00+03:00,04:00
40W000003207370B,HAVZA RES,unknown,2026-05-31 05:00:00+03:00,,12.02,chunk_0048.json,POST /v1/generation/data/dpp-bulk,2026-05-31 21:45:45.641495+00:00,3207370,HAVZA RES,104722,2026-05-31T05:00:00+03:00,05:00
40W000003207370B,HAVZA RES,unknown,2026-05-31 06:00:00+03:00,,14.21,chunk_0048.json,POST /v1/generation/data/dpp-bulk,2026-05-31 21:45:45.641495+00:00,3207370,HAVZA RES,104722,2026-05-31T06:00:00+03:00,06:00
40W000003207370B,HAVZA RES,unknown,2026-05-31 07:00:00+03:00,,11.02,chunk_0048.json,POST /v1/generation/data/dpp-bulk,2026-05-31 21:45:45.641495+00:00,3207370,HAVZA RES,104722,2026-05-31T07:00:00+03:00,07:00
40W000003207370B,HAVZA RES,unknown,2026-05-31 08:00:00+03:00,,9.14,chunk_0048.json,POST /v1/generation/data/dpp-bulk,2026-05-31 21:45:45.641495+00:00,3207370,HAVZA RES,104722,2026-05-31T08:00:00+03:00,08:00
40W000003207370B,HAVZA RES,unknown,2026-05-31 09:00:00+03:00,,7.66,chunk_0048.json,POST /v1/generation/data/dpp-bulk,2026-05-31 21:45:45.641495+00:00,3207370,HAVZA RES,104722,2026-05-31T09:00:00+03:00,09:00
40W000003207370B,HAVZA RES,unknown,2026-05-31 10:00:00+03:00,,6.94,chunk_0048.json,POST /v1/generation/data/dpp-bulk,2026-05-31 21:45:45.641495+00:00,3207370,HAVZA RES,104722,2026-05-31T10:00:00+03:00,10:00
40W000003207370B,HAVZA RES,unknown,2026-05-31 11:00:00+03:00,,6.88,chunk_0048.json,POST /v1/generation/data/dpp-bulk,2026-05-31 21:45:45.641495+00:00,3207370,HAVZA RES,104722,2026-05-31T11:00:00+03:00,11:00
40W000003207370B,HAVZA RES,unknown,2026-05-31 12:00:00+03:00,,6.84,chunk_0048.json,POST /v1/generation/data/dpp-bulk,2026-05-31 21:45:45.641495+00:00,3207370,HAVZA RES,104722,2026-05-31T12:00:00+03:00,12:00
40W000003207370B,HAVZA RES,unknown,2026-05-31 13:00:00+03:00,,6.83,chunk_0048.json,POST /v1/generation/data/dpp-bulk,2026-05-31 21:45:45.641495+00:00,3207370,HAVZA RES,104722,2026-05-31T13:00:00+03:00,13:00
40W000003207370B,HAVZA RES,unknown,2026-05-31 14:00:00+03:00,,8.22,chunk_0048.json,POST /v1/generation/data/dpp-bulk,2026-05-31 21:45:45.641495+00:00,3207370,HAVZA RES,104722,2026-05-31T14:00:00+03:00,14:00
40W000003207370B,HAVZA RES,unknown,2026-05-31 15:00:00+03:00,,11.16,chunk_0048.json,POST /v1/generation/data/dpp-bulk,2026-05-31 21:45:45.641495+00:00,3207370,HAVZA RES,104722,2026-05-31T15:00:00+03:00,15:00
40W000003207370B,HAVZA RES,unknown,2026-05-31 16:00:00+03:00,,13.03,chunk_0048.json,POST /v1/generation/data/dpp-bulk,2026-05-31 21:45:45.641495+00:00,3207370,HAVZA RES,104722,2026-05-31T16:00:00+03:00,16:00
40W000003207370B,HAVZA RES,unknown,2026-05-31 17:00:00+03:00,,15.54,chunk_0048.json,POST /v1/generation/data/dpp-bulk,2026-05-31 21:45:45.641495+00:00,3207370,HAVZA RES,104722,2026-05-31T17:00:00+03:00,17:00
40W000003207370B,HAVZA RES,unknown,2026-05-31 18:00:00+03:00,,11.17,chunk_0048.json,POST /v1/generation/data/dpp-bulk,2026-05-31 21:45:45.641495+00:00,3207370,HAVZA RES,104722,2026-05-31T18:00:00+03:00,18:00
40W000003207370B,HAVZA RES,unknown,2026-05-31 19:00:00+03:00,,8.52,chunk_0048.json,POST /v1/generation/data/dpp-bulk,2026-05-31 21:45:45.641495+00:00,3207370,HAVZA RES,104722,2026-05-31T19:00:00+03:00,19:00
40W000003207370B,HAVZA RES,unknown,2026-05-31 20:00:00+03:00,,8.74,chunk_0048.json,POST /v1/generation/data/dpp-bulk,2026-05-31 21:45:45.641495+00:00,3207370,HAVZA RES,104722,2026-05-31T20:00:00+03:00,20:00
40W000003207370B,HAVZA RES,unknown,2026-05-31 21:00:00+03:00,,7.43,chunk_0048.json,POST /v1/generation/data/dpp-bulk,2026-05-31 21:45:45.641495+00:00,3207370,HAVZA RES,104722,2026-05-31T21:00:00+03:00,21:00
40W000003207370B,HAVZA RES,unknown,2026-05-31 22:00:00+03:00,,8.2,chunk_0048.json,POST /v1/generation/data/dpp-bulk,2026-05-31 21:45:45.641495+00:00,3207370,HAVZA RES,104722,2026-05-31T22:00:00+03:00,22:00
40W000003207370B,HAVZA RES,unknown,2026-05-31 23:00:00+03:00,,9.55,chunk_0048.json,POST /v1/generation/data/dpp-bulk,2026-05-31 21:45:45.641495+00:00,3207370,HAVZA RES,104722,2026-05-31T23:00:00+03:00,23:00
