entsoe_code,plant_name,fuel_type,delivery_hour,publication_timestamp,kgup_mwh,source_file,source_api,forecast_timestamp,uevcb_id,uevcb_name,org_id,date_raw,time_raw
40W000003218731V,GEBZE DİLOVASI DGKÇS,unknown,2026-05-31 00:00:00+03:00,,0.0,chunk_0067.json,POST /v1/generation/data/dpp-bulk,2026-05-31 21:45:53.767364+00:00,3218731,GEBZE DİLOVASI DGKÇS,149,2026-05-31T00:00:00+03:00,00:00
40W000003218731V,GEBZE DİLOVASI DGKÇS,unknown,2026-05-31 01:00:00+03:00,,0.0,chunk_0067.json,POST /v1/generation/data/dpp-bulk,2026-05-31 21:45:53.767364+00:00,3218731,GEBZE DİLOVASI DGKÇS,149,2026-05-31T01:00:00+03:00,01:00
40W000003218731V,GEBZE DİLOVASI DGKÇS,unknown,2026-05-31 02:00:00+03:00,,0.0,chunk_0067.json,POST /v1/generation/data/dpp-bulk,2026-05-31 21:45:53.767364+00:00,3218731,GEBZE DİLOVASI DGKÇS,149,2026-05-31T02:00:00+03:00,02:00
40W000003218731V,GEBZE DİLOVASI DGKÇS,unknown,2026-05-31 03:00:00+03:00,,0.0,chunk_0067.json,POST /v1/generation/data/dpp-bulk,2026-05-31 21:45:53.767364+00:00,3218731,GEBZE DİLOVASI DGKÇS,149,2026-05-31T03:00:00+03:00,03:00
40W000003218731V,GEBZE DİLOVASI DGKÇS,unknown,2026-05-31 04:00:00+03:00,,0.0,chunk_0067.json,POST /v1/generation/data/dpp-bulk,2026-05-31 21:45:53.767364+00:00,3218731,GEBZE DİLOVASI DGKÇS,149,2026-05-31T04:00:00+03:00,04:00
40W000003218731V,GEBZE DİLOVASI DGKÇS,unknown,2026-05-31 05:00:00+03:00,,0.0,chunk_0067.json,POST /v1/generation/data/dpp-bulk,2026-05-31 21:45:53.767364+00:00,3218731,GEBZE DİLOVASI DGKÇS,149,2026-05-31T05:00:00+03:00,05:00
40W000003218731V,GEBZE DİLOVASI DGKÇS,unknown,2026-05-31 06:00:00+03:00,,0.0,chunk_0067.json,POST /v1/generation/data/dpp-bulk,2026-05-31 21:45:53.767364+00:00,3218731,GEBZE DİLOVASI DGKÇS,149,2026-05-31T06:00:00+03:00,06:00
40W000003218731V,GEBZE DİLOVASI DGKÇS,unknown,2026-05-31 07:00:00+03:00,,0.0,chunk_0067.json,POST /v1/generation/data/dpp-bulk,2026-05-31 21:45:53.767364+00:00,3218731,GEBZE DİLOVASI DGKÇS,149,2026-05-31T07:00:00+03:00,07:00
40W000003218731V,GEBZE DİLOVASI DGKÇS,unknown,2026-05-31 08:00:00+03:00,,0.0,chunk_0067.json,POST /v1/generation/data/dpp-bulk,2026-05-31 21:45:53.767364+00:00,3218731,GEBZE DİLOVASI DGKÇS,149,2026-05-31T08:00:00+03:00,08:00
40W000003218731V,GEBZE DİLOVASI DGKÇS,unknown,2026-05-31 09:00:00+03:00,,0.0,chunk_0067.json,POST /v1/generation/data/dpp-bulk,2026-05-31 21:45:53.767364+00:00,3218731,GEBZE DİLOVASI DGKÇS,149,2026-05-31T09:00:00+03:00,09:00
40W000003218731V,GEBZE DİLOVASI DGKÇS,unknown,2026-05-31 10:00:00+03:00,,0.0,chunk_0067.json,POST /v1/generation/data/dpp-bulk,2026-05-31 21:45:53.767364+00:00,3218731,GEBZE DİLOVASI DGKÇS,149,2026-05-31T10:00:00+03:00,10:00
40W000003218731V,GEBZE DİLOVASI DGKÇS,unknown,2026-05-31 11:00:00+03:00,,0.0,chunk_0067.json,POST /v1/generation/data/dpp-bulk,2026-05-31 21:45:53.767364+00:00,3218731,GEBZE DİLOVASI DGKÇS,149,2026-05-31T11:00:00+03:00,11:00
40W000003218731V,GEBZE DİLOVASI DGKÇS,unknown,2026-05-31 12:00:00+03:00,,0.0,chunk_0067.json,POST /v1/generation/data/dpp-bulk,2026-05-31 21:45:53.767364+00:00,3218731,GEBZE DİLOVASI DGKÇS,149,2026-05-31T12:00:00+03:00,12:00
40W000003218731V,GEBZE DİLOVASI DGKÇS,unknown,2026-05-31 13:00:00+03:00,,0.0,chunk_0067.json,POST /v1/generation/data/dpp-bulk,2026-05-31 21:45:53.767364+00:00,3218731,GEBZE DİLOVASI DGKÇS,149,2026-05-31T13:00:00+03:00,13:00
40W000003218731V,GEBZE DİLOVASI DGKÇS,unknown,2026-05-31 14:00:00+03:00,,0.0,chunk_0067.json,POST /v1/generation/data/dpp-bulk,2026-05-31 21:45:53.767364+00:00,3218731,GEBZE DİLOVASI DGKÇS,149,2026-05-31T14:00:00+03:00,14:00
40W000003218731V,GEBZE DİLOVASI DGKÇS,unknown,2026-05-31 15:00:00+03:00,,0.0,chunk_0067.json,POST /v1/generation/data/dpp-bulk,2026-05-31 21:45:53.767364+00:00,3218731,GEBZE DİLOVASI DGKÇS,149,2026-05-31T15:00:00+03:00,15:00
40W000003218731V,GEBZE DİLOVASI DGKÇS,unknown,2026-05-31 16:00:00+03:00,,0.0,chunk_0067.json,POST /v1/generation/data/dpp-bulk,2026-05-31 21:45:53.767364+00:00,3218731,GEBZE DİLOVASI DGKÇS,149,2026-05-31T16:00:00+03:00,16:00
40W000003218731V,GEBZE DİLOVASI DGKÇS,unknown,2026-05-31 17:00:00+03:00,,0.0,chunk_0067.json,POST /v1/generation/data/dpp-bulk,2026-05-31 21:45:53.767364+00:00,3218731,GEBZE DİLOVASI DGKÇS,149,2026-05-31T17:00:00+03:00,17:00
40W000003218731V,GEBZE DİLOVASI DGKÇS,unknown,2026-05-31 18:00:00+03:00,,0.0,chunk_0067.json,POST /v1/generation/data/dpp-bulk,2026-05-31 21:45:53.767364+00:00,3218731,GEBZE DİLOVASI DGKÇS,149,2026-05-31T18:00:00+03:00,18:00
40W000003218731V,GEBZE DİLOVASI DGKÇS,unknown,2026-05-31 19:00:00+03:00,,0.0,chunk_0067.json,POST /v1/generation/data/dpp-bulk,2026-05-31 21:45:53.767364+00:00,3218731,GEBZE DİLOVASI DGKÇS,149,2026-05-31T19:00:00+03:00,19:00
40W000003218731V,GEBZE DİLOVASI DGKÇS,unknown,2026-05-31 20:00:00+03:00,,0.0,chunk_0067.json,POST /v1/generation/data/dpp-bulk,2026-05-31 21:45:53.767364+00:00,3218731,GEBZE DİLOVASI DGKÇS,149,2026-05-31T20:00:00+03:00,20:00
40W000003218731V,GEBZE DİLOVASI DGKÇS,unknown,2026-05-31 21:00:00+03:00,,0.0,chunk_0067.json,POST /v1/generation/data/dpp-bulk,2026-05-31 21:45:53.767364+00:00,3218731,GEBZE DİLOVASI DGKÇS,149,2026-05-31T21:00:00+03:00,21:00
40W000003218731V,GEBZE DİLOVASI DGKÇS,unknown,2026-05-31 22:00:00+03:00,,0.0,chunk_0067.json,POST /v1/generation/data/dpp-bulk,2026-05-31 21:45:53.767364+00:00,3218731,GEBZE DİLOVASI DGKÇS,149,2026-05-31T22:00:00+03:00,22:00
40W000003218731V,GEBZE DİLOVASI DGKÇS,unknown,2026-05-31 23:00:00+03:00,,0.0,chunk_0067.json,POST /v1/generation/data/dpp-bulk,2026-05-31 21:45:53.767364+00:00,3218731,GEBZE DİLOVASI DGKÇS,149,2026-05-31T23:00:00+03:00,23:00
40W0000032188919,DURU REG. ve HES,unknown,2026-05-31 00:00:00+03:00,,0.0,chunk_0067.json,POST /v1/generation/data/dpp-bulk,2026-05-31 21:45:53.767364+00:00,3218891,DURU REG. ve HES,17159,2026-05-31T00:00:00+03:00,00:00
40W0000032188919,DURU REG. ve HES,unknown,2026-05-31 01:00:00+03:00,,0.0,chunk_0067.json,POST /v1/generation/data/dpp-bulk,2026-05-31 21:45:53.767364+00:00,3218891,DURU REG. ve HES,17159,2026-05-31T01:00:00+03:00,01:00
40W0000032188919,DURU REG. ve HES,unknown,2026-05-31 02:00:00+03:00,,0.0,chunk_0067.json,POST /v1/generation/data/dpp-bulk,2026-05-31 21:45:53.767364+00:00,3218891,DURU REG. ve HES,17159,2026-05-31T02:00:00+03:00,02:00
40W0000032188919,DURU REG. ve HES,unknown,2026-05-31 03:00:00+03:00,,0.0,chunk_0067.json,POST /v1/generation/data/dpp-bulk,2026-05-31 21:45:53.767364+00:00,3218891,DURU REG. ve HES,17159,2026-05-31T03:00:00+03:00,03:00
40W0000032188919,DURU REG. ve HES,unknown,2026-05-31 04:00:00+03:00,,1.5,chunk_0067.json,POST /v1/generation/data/dpp-bulk,2026-05-31 21:45:53.767364+00:00,3218891,DURU REG. ve HES,17159,2026-05-31T04:00:00+03:00,04:00
40W0000032188919,DURU REG. ve HES,unknown,2026-05-31 05:00:00+03:00,,0.0,chunk_0067.json,POST /v1/generation/data/dpp-bulk,2026-05-31 21:45:53.767364+00:00,3218891,DURU REG. ve HES,17159,2026-05-31T05:00:00+03:00,05:00
40W0000032188919,DURU REG. ve HES,unknown,2026-05-31 06:00:00+03:00,,0.0,chunk_0067.json,POST /v1/generation/data/dpp-bulk,2026-05-31 21:45:53.767364+00:00,3218891,DURU REG. ve HES,17159,2026-05-31T06:00:00+03:00,06:00
40W0000032188919,DURU REG. ve HES,unknown,2026-05-31 07:00:00+03:00,,0.0,chunk_0067.json,POST /v1/generation/data/dpp-bulk,2026-05-31 21:45:53.767364+00:00,3218891,DURU REG. ve HES,17159,2026-05-31T07:00:00+03:00,07:00
40W0000032188919,DURU REG. ve HES,unknown,2026-05-31 08:00:00+03:00,,1.0,chunk_0067.json,POST /v1/generation/data/dpp-bulk,2026-05-31 21:45:53.767364+00:00,3218891,DURU REG. ve HES,17159,2026-05-31T08:00:00+03:00,08:00
40W0000032188919,DURU REG. ve HES,unknown,2026-05-31 09:00:00+03:00,,0.0,chunk_0067.json,POST /v1/generation/data/dpp-bulk,2026-05-31 21:45:53.767364+00:00,3218891,DURU REG. ve HES,17159,2026-05-31T09:00:00+03:00,09:00
40W0000032188919,DURU REG. ve HES,unknown,2026-05-31 10:00:00+03:00,,0.0,chunk_0067.json,POST /v1/generation/data/dpp-bulk,2026-05-31 21:45:53.767364+00:00,3218891,DURU REG. ve HES,17159,2026-05-31T10:00:00+03:00,10:00
40W0000032188919,DURU REG. ve HES,unknown,2026-05-31 11:00:00+03:00,,0.0,chunk_0067.json,POST /v1/generation/data/dpp-bulk,2026-05-31 21:45:53.767364+00:00,3218891,DURU REG. ve HES,17159,2026-05-31T11:00:00+03:00,11:00
40W0000032188919,DURU REG. ve HES,unknown,2026-05-31 12:00:00+03:00,,0.0,chunk_0067.json,POST /v1/generation/data/dpp-bulk,2026-05-31 21:45:53.767364+00:00,3218891,DURU REG. ve HES,17159,2026-05-31T12:00:00+03:00,12:00
40W0000032188919,DURU REG. ve HES,unknown,2026-05-31 13:00:00+03:00,,0.0,chunk_0067.json,POST /v1/generation/data/dpp-bulk,2026-05-31 21:45:53.767364+00:00,3218891,DURU REG. ve HES,17159,2026-05-31T13:00:00+03:00,13:00
40W0000032188919,DURU REG. ve HES,unknown,2026-05-31 14:00:00+03:00,,0.0,chunk_0067.json,POST /v1/generation/data/dpp-bulk,2026-05-31 21:45:53.767364+00:00,3218891,DURU REG. ve HES,17159,2026-05-31T14:00:00+03:00,14:00
40W0000032188919,DURU REG. ve HES,unknown,2026-05-31 15:00:00+03:00,,0.0,chunk_0067.json,POST /v1/generation/data/dpp-bulk,2026-05-31 21:45:53.767364+00:00,3218891,DURU REG. ve HES,17159,2026-05-31T15:00:00+03:00,15:00
40W0000032188919,DURU REG. ve HES,unknown,2026-05-31 16:00:00+03:00,,0.0,chunk_0067.json,POST /v1/generation/data/dpp-bulk,2026-05-31 21:45:53.767364+00:00,3218891,DURU REG. ve HES,17159,2026-05-31T16:00:00+03:00,16:00
40W0000032188919,DURU REG. ve HES,unknown,2026-05-31 17:00:00+03:00,,0.0,chunk_0067.json,POST /v1/generation/data/dpp-bulk,2026-05-31 21:45:53.767364+00:00,3218891,DURU REG. ve HES,17159,2026-05-31T17:00:00+03:00,17:00
40W0000032188919,DURU REG. ve HES,unknown,2026-05-31 18:00:00+03:00,,0.0,chunk_0067.json,POST /v1/generation/data/dpp-bulk,2026-05-31 21:45:53.767364+00:00,3218891,DURU REG. ve HES,17159,2026-05-31T18:00:00+03:00,18:00
40W0000032188919,DURU REG. ve HES,unknown,2026-05-31 19:00:00+03:00,,0.0,chunk_0067.json,POST /v1/generation/data/dpp-bulk,2026-05-31 21:45:53.767364+00:00,3218891,DURU REG. ve HES,17159,2026-05-31T19:00:00+03:00,19:00
40W0000032188919,DURU REG. ve HES,unknown,2026-05-31 20:00:00+03:00,,8.0,chunk_0067.json,POST /v1/generation/data/dpp-bulk,2026-05-31 21:45:53.767364+00:00,3218891,DURU REG. ve HES,17159,2026-05-31T20:00:00+03:00,20:00
40W0000032188919,DURU REG. ve HES,unknown,2026-05-31 21:00:00+03:00,,3.0,chunk_0067.json,POST /v1/generation/data/dpp-bulk,2026-05-31 21:45:53.767364+00:00,3218891,DURU REG. ve HES,17159,2026-05-31T21:00:00+03:00,21:00
40W0000032188919,DURU REG. ve HES,unknown,2026-05-31 22:00:00+03:00,,0.0,chunk_0067.json,POST /v1/generation/data/dpp-bulk,2026-05-31 21:45:53.767364+00:00,3218891,DURU REG. ve HES,17159,2026-05-31T22:00:00+03:00,22:00
40W0000032188919,DURU REG. ve HES,unknown,2026-05-31 23:00:00+03:00,,0.0,chunk_0067.json,POST /v1/generation/data/dpp-bulk,2026-05-31 21:45:53.767364+00:00,3218891,DURU REG. ve HES,17159,2026-05-31T23:00:00+03:00,23:00
40W000003218652R,GAZİANTEP BAĞBAŞI BİYOGAZ ENERJİ ÜRETİM TESİSİ,unknown,2026-05-31 00:00:00+03:00,,1.1,chunk_0067.json,POST /v1/generation/data/dpp-bulk,2026-05-31 21:45:53.767364+00:00,3218652,GAZİANTEP BAĞBAŞI BİYOGAZ ENERJİ ÜRETİM TESİSİ,17660,2026-05-31T00:00:00+03:00,00:00
40W000003218652R,GAZİANTEP BAĞBAŞI BİYOGAZ ENERJİ ÜRETİM TESİSİ,unknown,2026-05-31 01:00:00+03:00,,1.1,chunk_0067.json,POST /v1/generation/data/dpp-bulk,2026-05-31 21:45:53.767364+00:00,3218652,GAZİANTEP BAĞBAŞI BİYOGAZ ENERJİ ÜRETİM TESİSİ,17660,2026-05-31T01:00:00+03:00,01:00
40W000003218652R,GAZİANTEP BAĞBAŞI BİYOGAZ ENERJİ ÜRETİM TESİSİ,unknown,2026-05-31 02:00:00+03:00,,1.1,chunk_0067.json,POST /v1/generation/data/dpp-bulk,2026-05-31 21:45:53.767364+00:00,3218652,GAZİANTEP BAĞBAŞI BİYOGAZ ENERJİ ÜRETİM TESİSİ,17660,2026-05-31T02:00:00+03:00,02:00
40W000003218652R,GAZİANTEP BAĞBAŞI BİYOGAZ ENERJİ ÜRETİM TESİSİ,unknown,2026-05-31 03:00:00+03:00,,1.1,chunk_0067.json,POST /v1/generation/data/dpp-bulk,2026-05-31 21:45:53.767364+00:00,3218652,GAZİANTEP BAĞBAŞI BİYOGAZ ENERJİ ÜRETİM TESİSİ,17660,2026-05-31T03:00:00+03:00,03:00
40W000003218652R,GAZİANTEP BAĞBAŞI BİYOGAZ ENERJİ ÜRETİM TESİSİ,unknown,2026-05-31 04:00:00+03:00,,1.1,chunk_0067.json,POST /v1/generation/data/dpp-bulk,2026-05-31 21:45:53.767364+00:00,3218652,GAZİANTEP BAĞBAŞI BİYOGAZ ENERJİ ÜRETİM TESİSİ,17660,2026-05-31T04:00:00+03:00,04:00
40W000003218652R,GAZİANTEP BAĞBAŞI BİYOGAZ ENERJİ ÜRETİM TESİSİ,unknown,2026-05-31 05:00:00+03:00,,1.1,chunk_0067.json,POST /v1/generation/data/dpp-bulk,2026-05-31 21:45:53.767364+00:00,3218652,GAZİANTEP BAĞBAŞI BİYOGAZ ENERJİ ÜRETİM TESİSİ,17660,2026-05-31T05:00:00+03:00,05:00
40W000003218652R,GAZİANTEP BAĞBAŞI BİYOGAZ ENERJİ ÜRETİM TESİSİ,unknown,2026-05-31 06:00:00+03:00,,1.1,chunk_0067.json,POST /v1/generation/data/dpp-bulk,2026-05-31 21:45:53.767364+00:00,3218652,GAZİANTEP BAĞBAŞI BİYOGAZ ENERJİ ÜRETİM TESİSİ,17660,2026-05-31T06:00:00+03:00,06:00
40W000003218652R,GAZİANTEP BAĞBAŞI BİYOGAZ ENERJİ ÜRETİM TESİSİ,unknown,2026-05-31 07:00:00+03:00,,1.1,chunk_0067.json,POST /v1/generation/data/dpp-bulk,2026-05-31 21:45:53.767364+00:00,3218652,GAZİANTEP BAĞBAŞI BİYOGAZ ENERJİ ÜRETİM TESİSİ,17660,2026-05-31T07:00:00+03:00,07:00
40W000003218652R,GAZİANTEP BAĞBAŞI BİYOGAZ ENERJİ ÜRETİM TESİSİ,unknown,2026-05-31 08:00:00+03:00,,1.1,chunk_0067.json,POST /v1/generation/data/dpp-bulk,2026-05-31 21:45:53.767364+00:00,3218652,GAZİANTEP BAĞBAŞI BİYOGAZ ENERJİ ÜRETİM TESİSİ,17660,2026-05-31T08:00:00+03:00,08:00
40W000003218652R,GAZİANTEP BAĞBAŞI BİYOGAZ ENERJİ ÜRETİM TESİSİ,unknown,2026-05-31 09:00:00+03:00,,1.1,chunk_0067.json,POST /v1/generation/data/dpp-bulk,2026-05-31 21:45:53.767364+00:00,3218652,GAZİANTEP BAĞBAŞI BİYOGAZ ENERJİ ÜRETİM TESİSİ,17660,2026-05-31T09:00:00+03:00,09:00
40W000003218652R,GAZİANTEP BAĞBAŞI BİYOGAZ ENERJİ ÜRETİM TESİSİ,unknown,2026-05-31 10:00:00+03:00,,1.1,chunk_0067.json,POST /v1/generation/data/dpp-bulk,2026-05-31 21:45:53.767364+00:00,3218652,GAZİANTEP BAĞBAŞI BİYOGAZ ENERJİ ÜRETİM TESİSİ,17660,2026-05-31T10:00:00+03:00,10:00
40W000003218652R,GAZİANTEP BAĞBAŞI BİYOGAZ ENERJİ ÜRETİM TESİSİ,unknown,2026-05-31 11:00:00+03:00,,1.1,chunk_0067.json,POST /v1/generation/data/dpp-bulk,2026-05-31 21:45:53.767364+00:00,3218652,GAZİANTEP BAĞBAŞI BİYOGAZ ENERJİ ÜRETİM TESİSİ,17660,2026-05-31T11:00:00+03:00,11:00
40W000003218652R,GAZİANTEP BAĞBAŞI BİYOGAZ ENERJİ ÜRETİM TESİSİ,unknown,2026-05-31 12:00:00+03:00,,1.1,chunk_0067.json,POST /v1/generation/data/dpp-bulk,2026-05-31 21:45:53.767364+00:00,3218652,GAZİANTEP BAĞBAŞI BİYOGAZ ENERJİ ÜRETİM TESİSİ,17660,2026-05-31T12:00:00+03:00,12:00
40W000003218652R,GAZİANTEP BAĞBAŞI BİYOGAZ ENERJİ ÜRETİM TESİSİ,unknown,2026-05-31 13:00:00+03:00,,1.1,chunk_0067.json,POST /v1/generation/data/dpp-bulk,2026-05-31 21:45:53.767364+00:00,3218652,GAZİANTEP BAĞBAŞI BİYOGAZ ENERJİ ÜRETİM TESİSİ,17660,2026-05-31T13:00:00+03:00,13:00
40W000003218652R,GAZİANTEP BAĞBAŞI BİYOGAZ ENERJİ ÜRETİM TESİSİ,unknown,2026-05-31 14:00:00+03:00,,1.1,chunk_0067.json,POST /v1/generation/data/dpp-bulk,2026-05-31 21:45:53.767364+00:00,3218652,GAZİANTEP BAĞBAŞI BİYOGAZ ENERJİ ÜRETİM TESİSİ,17660,2026-05-31T14:00:00+03:00,14:00
40W000003218652R,GAZİANTEP BAĞBAŞI BİYOGAZ ENERJİ ÜRETİM TESİSİ,unknown,2026-05-31 15:00:00+03:00,,1.1,chunk_0067.json,POST /v1/generation/data/dpp-bulk,2026-05-31 21:45:53.767364+00:00,3218652,GAZİANTEP BAĞBAŞI BİYOGAZ ENERJİ ÜRETİM TESİSİ,17660,2026-05-31T15:00:00+03:00,15:00
40W000003218652R,GAZİANTEP BAĞBAŞI BİYOGAZ ENERJİ ÜRETİM TESİSİ,unknown,2026-05-31 16:00:00+03:00,,1.1,chunk_0067.json,POST /v1/generation/data/dpp-bulk,2026-05-31 21:45:53.767364+00:00,3218652,GAZİANTEP BAĞBAŞI BİYOGAZ ENERJİ ÜRETİM TESİSİ,17660,2026-05-31T16:00:00+03:00,16:00
40W000003218652R,GAZİANTEP BAĞBAŞI BİYOGAZ ENERJİ ÜRETİM TESİSİ,unknown,2026-05-31 17:00:00+03:00,,1.1,chunk_0067.json,POST /v1/generation/data/dpp-bulk,2026-05-31 21:45:53.767364+00:00,3218652,GAZİANTEP BAĞBAŞI BİYOGAZ ENERJİ ÜRETİM TESİSİ,17660,2026-05-31T17:00:00+03:00,17:00
40W000003218652R,GAZİANTEP BAĞBAŞI BİYOGAZ ENERJİ ÜRETİM TESİSİ,unknown,2026-05-31 18:00:00+03:00,,1.1,chunk_0067.json,POST /v1/generation/data/dpp-bulk,2026-05-31 21:45:53.767364+00:00,3218652,GAZİANTEP BAĞBAŞI BİYOGAZ ENERJİ ÜRETİM TESİSİ,17660,2026-05-31T18:00:00+03:00,18:00
40W000003218652R,GAZİANTEP BAĞBAŞI BİYOGAZ ENERJİ ÜRETİM TESİSİ,unknown,2026-05-31 19:00:00+03:00,,1.1,chunk_0067.json,POST /v1/generation/data/dpp-bulk,2026-05-31 21:45:53.767364+00:00,3218652,GAZİANTEP BAĞBAŞI BİYOGAZ ENERJİ ÜRETİM TESİSİ,17660,2026-05-31T19:00:00+03:00,19:00
40W000003218652R,GAZİANTEP BAĞBAŞI BİYOGAZ ENERJİ ÜRETİM TESİSİ,unknown,2026-05-31 20:00:00+03:00,,1.1,chunk_0067.json,POST /v1/generation/data/dpp-bulk,2026-05-31 21:45:53.767364+00:00,3218652,GAZİANTEP BAĞBAŞI BİYOGAZ ENERJİ ÜRETİM TESİSİ,17660,2026-05-31T20:00:00+03:00,20:00
40W000003218652R,GAZİANTEP BAĞBAŞI BİYOGAZ ENERJİ ÜRETİM TESİSİ,unknown,2026-05-31 21:00:00+03:00,,1.1,chunk_0067.json,POST /v1/generation/data/dpp-bulk,2026-05-31 21:45:53.767364+00:00,3218652,GAZİANTEP BAĞBAŞI BİYOGAZ ENERJİ ÜRETİM TESİSİ,17660,2026-05-31T21:00:00+03:00,21:00
40W000003218652R,GAZİANTEP BAĞBAŞI BİYOGAZ ENERJİ ÜRETİM TESİSİ,unknown,2026-05-31 22:00:00+03:00,,1.1,chunk_0067.json,POST /v1/generation/data/dpp-bulk,2026-05-31 21:45:53.767364+00:00,3218652,GAZİANTEP BAĞBAŞI BİYOGAZ ENERJİ ÜRETİM TESİSİ,17660,2026-05-31T22:00:00+03:00,22:00
40W000003218652R,GAZİANTEP BAĞBAŞI BİYOGAZ ENERJİ ÜRETİM TESİSİ,unknown,2026-05-31 23:00:00+03:00,,1.1,chunk_0067.json,POST /v1/generation/data/dpp-bulk,2026-05-31 21:45:53.767364+00:00,3218652,GAZİANTEP BAĞBAŞI BİYOGAZ ENERJİ ÜRETİM TESİSİ,17660,2026-05-31T23:00:00+03:00,23:00
40W000003218670P,ŞANLI BİYOGAZ TESİSİ,unknown,2026-05-31 00:00:00+03:00,,1.2,chunk_0067.json,POST /v1/generation/data/dpp-bulk,2026-05-31 21:45:53.767364+00:00,3218670,ŞANLI BİYOGAZ TESİSİ,17661,2026-05-31T00:00:00+03:00,00:00
40W000003218670P,ŞANLI BİYOGAZ TESİSİ,unknown,2026-05-31 01:00:00+03:00,,1.2,chunk_0067.json,POST /v1/generation/data/dpp-bulk,2026-05-31 21:45:53.767364+00:00,3218670,ŞANLI BİYOGAZ TESİSİ,17661,2026-05-31T01:00:00+03:00,01:00
40W000003218670P,ŞANLI BİYOGAZ TESİSİ,unknown,2026-05-31 02:00:00+03:00,,1.2,chunk_0067.json,POST /v1/generation/data/dpp-bulk,2026-05-31 21:45:53.767364+00:00,3218670,ŞANLI BİYOGAZ TESİSİ,17661,2026-05-31T02:00:00+03:00,02:00
40W000003218670P,ŞANLI BİYOGAZ TESİSİ,unknown,2026-05-31 03:00:00+03:00,,1.2,chunk_0067.json,POST /v1/generation/data/dpp-bulk,2026-05-31 21:45:53.767364+00:00,3218670,ŞANLI BİYOGAZ TESİSİ,17661,2026-05-31T03:00:00+03:00,03:00
40W000003218670P,ŞANLI BİYOGAZ TESİSİ,unknown,2026-05-31 04:00:00+03:00,,1.2,chunk_0067.json,POST /v1/generation/data/dpp-bulk,2026-05-31 21:45:53.767364+00:00,3218670,ŞANLI BİYOGAZ TESİSİ,17661,2026-05-31T04:00:00+03:00,04:00
40W000003218670P,ŞANLI BİYOGAZ TESİSİ,unknown,2026-05-31 05:00:00+03:00,,1.2,chunk_0067.json,POST /v1/generation/data/dpp-bulk,2026-05-31 21:45:53.767364+00:00,3218670,ŞANLI BİYOGAZ TESİSİ,17661,2026-05-31T05:00:00+03:00,05:00
40W000003218670P,ŞANLI BİYOGAZ TESİSİ,unknown,2026-05-31 06:00:00+03:00,,1.2,chunk_0067.json,POST /v1/generation/data/dpp-bulk,2026-05-31 21:45:53.767364+00:00,3218670,ŞANLI BİYOGAZ TESİSİ,17661,2026-05-31T06:00:00+03:00,06:00
40W000003218670P,ŞANLI BİYOGAZ TESİSİ,unknown,2026-05-31 07:00:00+03:00,,1.2,chunk_0067.json,POST /v1/generation/data/dpp-bulk,2026-05-31 21:45:53.767364+00:00,3218670,ŞANLI BİYOGAZ TESİSİ,17661,2026-05-31T07:00:00+03:00,07:00
40W000003218670P,ŞANLI BİYOGAZ TESİSİ,unknown,2026-05-31 08:00:00+03:00,,1.2,chunk_0067.json,POST /v1/generation/data/dpp-bulk,2026-05-31 21:45:53.767364+00:00,3218670,ŞANLI BİYOGAZ TESİSİ,17661,2026-05-31T08:00:00+03:00,08:00
40W000003218670P,ŞANLI BİYOGAZ TESİSİ,unknown,2026-05-31 09:00:00+03:00,,1.2,chunk_0067.json,POST /v1/generation/data/dpp-bulk,2026-05-31 21:45:53.767364+00:00,3218670,ŞANLI BİYOGAZ TESİSİ,17661,2026-05-31T09:00:00+03:00,09:00
40W000003218670P,ŞANLI BİYOGAZ TESİSİ,unknown,2026-05-31 10:00:00+03:00,,1.2,chunk_0067.json,POST /v1/generation/data/dpp-bulk,2026-05-31 21:45:53.767364+00:00,3218670,ŞANLI BİYOGAZ TESİSİ,17661,2026-05-31T10:00:00+03:00,10:00
40W000003218670P,ŞANLI BİYOGAZ TESİSİ,unknown,2026-05-31 11:00:00+03:00,,1.2,chunk_0067.json,POST /v1/generation/data/dpp-bulk,2026-05-31 21:45:53.767364+00:00,3218670,ŞANLI BİYOGAZ TESİSİ,17661,2026-05-31T11:00:00+03:00,11:00
40W000003218670P,ŞANLI BİYOGAZ TESİSİ,unknown,2026-05-31 12:00:00+03:00,,1.2,chunk_0067.json,POST /v1/generation/data/dpp-bulk,2026-05-31 21:45:53.767364+00:00,3218670,ŞANLI BİYOGAZ TESİSİ,17661,2026-05-31T12:00:00+03:00,12:00
40W000003218670P,ŞANLI BİYOGAZ TESİSİ,unknown,2026-05-31 13:00:00+03:00,,1.2,chunk_0067.json,POST /v1/generation/data/dpp-bulk,2026-05-31 21:45:53.767364+00:00,3218670,ŞANLI BİYOGAZ TESİSİ,17661,2026-05-31T13:00:00+03:00,13:00
40W000003218670P,ŞANLI BİYOGAZ TESİSİ,unknown,2026-05-31 14:00:00+03:00,,1.2,chunk_0067.json,POST /v1/generation/data/dpp-bulk,2026-05-31 21:45:53.767364+00:00,3218670,ŞANLI BİYOGAZ TESİSİ,17661,2026-05-31T14:00:00+03:00,14:00
40W000003218670P,ŞANLI BİYOGAZ TESİSİ,unknown,2026-05-31 15:00:00+03:00,,1.2,chunk_0067.json,POST /v1/generation/data/dpp-bulk,2026-05-31 21:45:53.767364+00:00,3218670,ŞANLI BİYOGAZ TESİSİ,17661,2026-05-31T15:00:00+03:00,15:00
40W000003218670P,ŞANLI BİYOGAZ TESİSİ,unknown,2026-05-31 16:00:00+03:00,,1.2,chunk_0067.json,POST /v1/generation/data/dpp-bulk,2026-05-31 21:45:53.767364+00:00,3218670,ŞANLI BİYOGAZ TESİSİ,17661,2026-05-31T16:00:00+03:00,16:00
40W000003218670P,ŞANLI BİYOGAZ TESİSİ,unknown,2026-05-31 17:00:00+03:00,,1.2,chunk_0067.json,POST /v1/generation/data/dpp-bulk,2026-05-31 21:45:53.767364+00:00,3218670,ŞANLI BİYOGAZ TESİSİ,17661,2026-05-31T17:00:00+03:00,17:00
40W000003218670P,ŞANLI BİYOGAZ TESİSİ,unknown,2026-05-31 18:00:00+03:00,,1.2,chunk_0067.json,POST /v1/generation/data/dpp-bulk,2026-05-31 21:45:53.767364+00:00,3218670,ŞANLI BİYOGAZ TESİSİ,17661,2026-05-31T18:00:00+03:00,18:00
40W000003218670P,ŞANLI BİYOGAZ TESİSİ,unknown,2026-05-31 19:00:00+03:00,,1.2,chunk_0067.json,POST /v1/generation/data/dpp-bulk,2026-05-31 21:45:53.767364+00:00,3218670,ŞANLI BİYOGAZ TESİSİ,17661,2026-05-31T19:00:00+03:00,19:00
40W000003218670P,ŞANLI BİYOGAZ TESİSİ,unknown,2026-05-31 20:00:00+03:00,,1.2,chunk_0067.json,POST /v1/generation/data/dpp-bulk,2026-05-31 21:45:53.767364+00:00,3218670,ŞANLI BİYOGAZ TESİSİ,17661,2026-05-31T20:00:00+03:00,20:00
40W000003218670P,ŞANLI BİYOGAZ TESİSİ,unknown,2026-05-31 21:00:00+03:00,,1.2,chunk_0067.json,POST /v1/generation/data/dpp-bulk,2026-05-31 21:45:53.767364+00:00,3218670,ŞANLI BİYOGAZ TESİSİ,17661,2026-05-31T21:00:00+03:00,21:00
40W000003218670P,ŞANLI BİYOGAZ TESİSİ,unknown,2026-05-31 22:00:00+03:00,,1.2,chunk_0067.json,POST /v1/generation/data/dpp-bulk,2026-05-31 21:45:53.767364+00:00,3218670,ŞANLI BİYOGAZ TESİSİ,17661,2026-05-31T22:00:00+03:00,22:00
40W000003218670P,ŞANLI BİYOGAZ TESİSİ,unknown,2026-05-31 23:00:00+03:00,,1.2,chunk_0067.json,POST /v1/generation/data/dpp-bulk,2026-05-31 21:45:53.767364+00:00,3218670,ŞANLI BİYOGAZ TESİSİ,17661,2026-05-31T23:00:00+03:00,23:00
40W000003218771J,ÇEKEREK BİYOGAZ TESİSİ,unknown,2026-05-31 00:00:00+03:00,,1.0,chunk_0067.json,POST /v1/generation/data/dpp-bulk,2026-05-31 21:45:53.767364+00:00,3218771,ÇEKEREK BİYOGAZ TESİSİ,17663,2026-05-31T00:00:00+03:00,00:00
40W000003218771J,ÇEKEREK BİYOGAZ TESİSİ,unknown,2026-05-31 01:00:00+03:00,,1.0,chunk_0067.json,POST /v1/generation/data/dpp-bulk,2026-05-31 21:45:53.767364+00:00,3218771,ÇEKEREK BİYOGAZ TESİSİ,17663,2026-05-31T01:00:00+03:00,01:00
40W000003218771J,ÇEKEREK BİYOGAZ TESİSİ,unknown,2026-05-31 02:00:00+03:00,,1.0,chunk_0067.json,POST /v1/generation/data/dpp-bulk,2026-05-31 21:45:53.767364+00:00,3218771,ÇEKEREK BİYOGAZ TESİSİ,17663,2026-05-31T02:00:00+03:00,02:00
40W000003218771J,ÇEKEREK BİYOGAZ TESİSİ,unknown,2026-05-31 03:00:00+03:00,,1.0,chunk_0067.json,POST /v1/generation/data/dpp-bulk,2026-05-31 21:45:53.767364+00:00,3218771,ÇEKEREK BİYOGAZ TESİSİ,17663,2026-05-31T03:00:00+03:00,03:00
40W000003218771J,ÇEKEREK BİYOGAZ TESİSİ,unknown,2026-05-31 04:00:00+03:00,,1.0,chunk_0067.json,POST /v1/generation/data/dpp-bulk,2026-05-31 21:45:53.767364+00:00,3218771,ÇEKEREK BİYOGAZ TESİSİ,17663,2026-05-31T04:00:00+03:00,04:00
40W000003218771J,ÇEKEREK BİYOGAZ TESİSİ,unknown,2026-05-31 05:00:00+03:00,,1.0,chunk_0067.json,POST /v1/generation/data/dpp-bulk,2026-05-31 21:45:53.767364+00:00,3218771,ÇEKEREK BİYOGAZ TESİSİ,17663,2026-05-31T05:00:00+03:00,05:00
40W000003218771J,ÇEKEREK BİYOGAZ TESİSİ,unknown,2026-05-31 06:00:00+03:00,,1.0,chunk_0067.json,POST /v1/generation/data/dpp-bulk,2026-05-31 21:45:53.767364+00:00,3218771,ÇEKEREK BİYOGAZ TESİSİ,17663,2026-05-31T06:00:00+03:00,06:00
40W000003218771J,ÇEKEREK BİYOGAZ TESİSİ,unknown,2026-05-31 07:00:00+03:00,,1.0,chunk_0067.json,POST /v1/generation/data/dpp-bulk,2026-05-31 21:45:53.767364+00:00,3218771,ÇEKEREK BİYOGAZ TESİSİ,17663,2026-05-31T07:00:00+03:00,07:00
40W000003218771J,ÇEKEREK BİYOGAZ TESİSİ,unknown,2026-05-31 08:00:00+03:00,,1.0,chunk_0067.json,POST /v1/generation/data/dpp-bulk,2026-05-31 21:45:53.767364+00:00,3218771,ÇEKEREK BİYOGAZ TESİSİ,17663,2026-05-31T08:00:00+03:00,08:00
40W000003218771J,ÇEKEREK BİYOGAZ TESİSİ,unknown,2026-05-31 09:00:00+03:00,,1.0,chunk_0067.json,POST /v1/generation/data/dpp-bulk,2026-05-31 21:45:53.767364+00:00,3218771,ÇEKEREK BİYOGAZ TESİSİ,17663,2026-05-31T09:00:00+03:00,09:00
40W000003218771J,ÇEKEREK BİYOGAZ TESİSİ,unknown,2026-05-31 10:00:00+03:00,,1.0,chunk_0067.json,POST /v1/generation/data/dpp-bulk,2026-05-31 21:45:53.767364+00:00,3218771,ÇEKEREK BİYOGAZ TESİSİ,17663,2026-05-31T10:00:00+03:00,10:00
40W000003218771J,ÇEKEREK BİYOGAZ TESİSİ,unknown,2026-05-31 11:00:00+03:00,,1.0,chunk_0067.json,POST /v1/generation/data/dpp-bulk,2026-05-31 21:45:53.767364+00:00,3218771,ÇEKEREK BİYOGAZ TESİSİ,17663,2026-05-31T11:00:00+03:00,11:00
40W000003218771J,ÇEKEREK BİYOGAZ TESİSİ,unknown,2026-05-31 12:00:00+03:00,,1.0,chunk_0067.json,POST /v1/generation/data/dpp-bulk,2026-05-31 21:45:53.767364+00:00,3218771,ÇEKEREK BİYOGAZ TESİSİ,17663,2026-05-31T12:00:00+03:00,12:00
40W000003218771J,ÇEKEREK BİYOGAZ TESİSİ,unknown,2026-05-31 13:00:00+03:00,,1.0,chunk_0067.json,POST /v1/generation/data/dpp-bulk,2026-05-31 21:45:53.767364+00:00,3218771,ÇEKEREK BİYOGAZ TESİSİ,17663,2026-05-31T13:00:00+03:00,13:00
40W000003218771J,ÇEKEREK BİYOGAZ TESİSİ,unknown,2026-05-31 14:00:00+03:00,,1.0,chunk_0067.json,POST /v1/generation/data/dpp-bulk,2026-05-31 21:45:53.767364+00:00,3218771,ÇEKEREK BİYOGAZ TESİSİ,17663,2026-05-31T14:00:00+03:00,14:00
40W000003218771J,ÇEKEREK BİYOGAZ TESİSİ,unknown,2026-05-31 15:00:00+03:00,,1.0,chunk_0067.json,POST /v1/generation/data/dpp-bulk,2026-05-31 21:45:53.767364+00:00,3218771,ÇEKEREK BİYOGAZ TESİSİ,17663,2026-05-31T15:00:00+03:00,15:00
40W000003218771J,ÇEKEREK BİYOGAZ TESİSİ,unknown,2026-05-31 16:00:00+03:00,,1.0,chunk_0067.json,POST /v1/generation/data/dpp-bulk,2026-05-31 21:45:53.767364+00:00,3218771,ÇEKEREK BİYOGAZ TESİSİ,17663,2026-05-31T16:00:00+03:00,16:00
40W000003218771J,ÇEKEREK BİYOGAZ TESİSİ,unknown,2026-05-31 17:00:00+03:00,,1.0,chunk_0067.json,POST /v1/generation/data/dpp-bulk,2026-05-31 21:45:53.767364+00:00,3218771,ÇEKEREK BİYOGAZ TESİSİ,17663,2026-05-31T17:00:00+03:00,17:00
40W000003218771J,ÇEKEREK BİYOGAZ TESİSİ,unknown,2026-05-31 18:00:00+03:00,,1.0,chunk_0067.json,POST /v1/generation/data/dpp-bulk,2026-05-31 21:45:53.767364+00:00,3218771,ÇEKEREK BİYOGAZ TESİSİ,17663,2026-05-31T18:00:00+03:00,18:00
40W000003218771J,ÇEKEREK BİYOGAZ TESİSİ,unknown,2026-05-31 19:00:00+03:00,,1.0,chunk_0067.json,POST /v1/generation/data/dpp-bulk,2026-05-31 21:45:53.767364+00:00,3218771,ÇEKEREK BİYOGAZ TESİSİ,17663,2026-05-31T19:00:00+03:00,19:00
40W000003218771J,ÇEKEREK BİYOGAZ TESİSİ,unknown,2026-05-31 20:00:00+03:00,,1.0,chunk_0067.json,POST /v1/generation/data/dpp-bulk,2026-05-31 21:45:53.767364+00:00,3218771,ÇEKEREK BİYOGAZ TESİSİ,17663,2026-05-31T20:00:00+03:00,20:00
40W000003218771J,ÇEKEREK BİYOGAZ TESİSİ,unknown,2026-05-31 21:00:00+03:00,,1.0,chunk_0067.json,POST /v1/generation/data/dpp-bulk,2026-05-31 21:45:53.767364+00:00,3218771,ÇEKEREK BİYOGAZ TESİSİ,17663,2026-05-31T21:00:00+03:00,21:00
40W000003218771J,ÇEKEREK BİYOGAZ TESİSİ,unknown,2026-05-31 22:00:00+03:00,,1.0,chunk_0067.json,POST /v1/generation/data/dpp-bulk,2026-05-31 21:45:53.767364+00:00,3218771,ÇEKEREK BİYOGAZ TESİSİ,17663,2026-05-31T22:00:00+03:00,22:00
40W000003218771J,ÇEKEREK BİYOGAZ TESİSİ,unknown,2026-05-31 23:00:00+03:00,,1.0,chunk_0067.json,POST /v1/generation/data/dpp-bulk,2026-05-31 21:45:53.767364+00:00,3218771,ÇEKEREK BİYOGAZ TESİSİ,17663,2026-05-31T23:00:00+03:00,23:00
40W000003218870H,KALDE ENERJİ SİLİFKE BİYOKÜTLE SANTRALİ,unknown,2026-05-31 00:00:00+03:00,,3.61,chunk_0067.json,POST /v1/generation/data/dpp-bulk,2026-05-31 21:45:53.767364+00:00,3218870,KALDE ENERJİ SİLİFKE BİYOKÜTLE SANTRALİ,17721,2026-05-31T00:00:00+03:00,00:00
40W000003218870H,KALDE ENERJİ SİLİFKE BİYOKÜTLE SANTRALİ,unknown,2026-05-31 01:00:00+03:00,,3.61,chunk_0067.json,POST /v1/generation/data/dpp-bulk,2026-05-31 21:45:53.767364+00:00,3218870,KALDE ENERJİ SİLİFKE BİYOKÜTLE SANTRALİ,17721,2026-05-31T01:00:00+03:00,01:00
40W000003218870H,KALDE ENERJİ SİLİFKE BİYOKÜTLE SANTRALİ,unknown,2026-05-31 02:00:00+03:00,,3.61,chunk_0067.json,POST /v1/generation/data/dpp-bulk,2026-05-31 21:45:53.767364+00:00,3218870,KALDE ENERJİ SİLİFKE BİYOKÜTLE SANTRALİ,17721,2026-05-31T02:00:00+03:00,02:00
40W000003218870H,KALDE ENERJİ SİLİFKE BİYOKÜTLE SANTRALİ,unknown,2026-05-31 03:00:00+03:00,,3.61,chunk_0067.json,POST /v1/generation/data/dpp-bulk,2026-05-31 21:45:53.767364+00:00,3218870,KALDE ENERJİ SİLİFKE BİYOKÜTLE SANTRALİ,17721,2026-05-31T03:00:00+03:00,03:00
40W000003218870H,KALDE ENERJİ SİLİFKE BİYOKÜTLE SANTRALİ,unknown,2026-05-31 04:00:00+03:00,,3.61,chunk_0067.json,POST /v1/generation/data/dpp-bulk,2026-05-31 21:45:53.767364+00:00,3218870,KALDE ENERJİ SİLİFKE BİYOKÜTLE SANTRALİ,17721,2026-05-31T04:00:00+03:00,04:00
40W000003218870H,KALDE ENERJİ SİLİFKE BİYOKÜTLE SANTRALİ,unknown,2026-05-31 05:00:00+03:00,,3.61,chunk_0067.json,POST /v1/generation/data/dpp-bulk,2026-05-31 21:45:53.767364+00:00,3218870,KALDE ENERJİ SİLİFKE BİYOKÜTLE SANTRALİ,17721,2026-05-31T05:00:00+03:00,05:00
40W000003218870H,KALDE ENERJİ SİLİFKE BİYOKÜTLE SANTRALİ,unknown,2026-05-31 06:00:00+03:00,,3.61,chunk_0067.json,POST /v1/generation/data/dpp-bulk,2026-05-31 21:45:53.767364+00:00,3218870,KALDE ENERJİ SİLİFKE BİYOKÜTLE SANTRALİ,17721,2026-05-31T06:00:00+03:00,06:00
40W000003218870H,KALDE ENERJİ SİLİFKE BİYOKÜTLE SANTRALİ,unknown,2026-05-31 07:00:00+03:00,,3.61,chunk_0067.json,POST /v1/generation/data/dpp-bulk,2026-05-31 21:45:53.767364+00:00,3218870,KALDE ENERJİ SİLİFKE BİYOKÜTLE SANTRALİ,17721,2026-05-31T07:00:00+03:00,07:00
40W000003218870H,KALDE ENERJİ SİLİFKE BİYOKÜTLE SANTRALİ,unknown,2026-05-31 08:00:00+03:00,,3.61,chunk_0067.json,POST /v1/generation/data/dpp-bulk,2026-05-31 21:45:53.767364+00:00,3218870,KALDE ENERJİ SİLİFKE BİYOKÜTLE SANTRALİ,17721,2026-05-31T08:00:00+03:00,08:00
40W000003218870H,KALDE ENERJİ SİLİFKE BİYOKÜTLE SANTRALİ,unknown,2026-05-31 09:00:00+03:00,,3.61,chunk_0067.json,POST /v1/generation/data/dpp-bulk,2026-05-31 21:45:53.767364+00:00,3218870,KALDE ENERJİ SİLİFKE BİYOKÜTLE SANTRALİ,17721,2026-05-31T09:00:00+03:00,09:00
40W000003218870H,KALDE ENERJİ SİLİFKE BİYOKÜTLE SANTRALİ,unknown,2026-05-31 10:00:00+03:00,,3.61,chunk_0067.json,POST /v1/generation/data/dpp-bulk,2026-05-31 21:45:53.767364+00:00,3218870,KALDE ENERJİ SİLİFKE BİYOKÜTLE SANTRALİ,17721,2026-05-31T10:00:00+03:00,10:00
40W000003218870H,KALDE ENERJİ SİLİFKE BİYOKÜTLE SANTRALİ,unknown,2026-05-31 11:00:00+03:00,,3.61,chunk_0067.json,POST /v1/generation/data/dpp-bulk,2026-05-31 21:45:53.767364+00:00,3218870,KALDE ENERJİ SİLİFKE BİYOKÜTLE SANTRALİ,17721,2026-05-31T11:00:00+03:00,11:00
40W000003218870H,KALDE ENERJİ SİLİFKE BİYOKÜTLE SANTRALİ,unknown,2026-05-31 12:00:00+03:00,,3.61,chunk_0067.json,POST /v1/generation/data/dpp-bulk,2026-05-31 21:45:53.767364+00:00,3218870,KALDE ENERJİ SİLİFKE BİYOKÜTLE SANTRALİ,17721,2026-05-31T12:00:00+03:00,12:00
40W000003218870H,KALDE ENERJİ SİLİFKE BİYOKÜTLE SANTRALİ,unknown,2026-05-31 13:00:00+03:00,,3.61,chunk_0067.json,POST /v1/generation/data/dpp-bulk,2026-05-31 21:45:53.767364+00:00,3218870,KALDE ENERJİ SİLİFKE BİYOKÜTLE SANTRALİ,17721,2026-05-31T13:00:00+03:00,13:00
40W000003218870H,KALDE ENERJİ SİLİFKE BİYOKÜTLE SANTRALİ,unknown,2026-05-31 14:00:00+03:00,,3.61,chunk_0067.json,POST /v1/generation/data/dpp-bulk,2026-05-31 21:45:53.767364+00:00,3218870,KALDE ENERJİ SİLİFKE BİYOKÜTLE SANTRALİ,17721,2026-05-31T14:00:00+03:00,14:00
40W000003218870H,KALDE ENERJİ SİLİFKE BİYOKÜTLE SANTRALİ,unknown,2026-05-31 15:00:00+03:00,,3.61,chunk_0067.json,POST /v1/generation/data/dpp-bulk,2026-05-31 21:45:53.767364+00:00,3218870,KALDE ENERJİ SİLİFKE BİYOKÜTLE SANTRALİ,17721,2026-05-31T15:00:00+03:00,15:00
40W000003218870H,KALDE ENERJİ SİLİFKE BİYOKÜTLE SANTRALİ,unknown,2026-05-31 16:00:00+03:00,,3.61,chunk_0067.json,POST /v1/generation/data/dpp-bulk,2026-05-31 21:45:53.767364+00:00,3218870,KALDE ENERJİ SİLİFKE BİYOKÜTLE SANTRALİ,17721,2026-05-31T16:00:00+03:00,16:00
40W000003218870H,KALDE ENERJİ SİLİFKE BİYOKÜTLE SANTRALİ,unknown,2026-05-31 17:00:00+03:00,,3.61,chunk_0067.json,POST /v1/generation/data/dpp-bulk,2026-05-31 21:45:53.767364+00:00,3218870,KALDE ENERJİ SİLİFKE BİYOKÜTLE SANTRALİ,17721,2026-05-31T17:00:00+03:00,17:00
40W000003218870H,KALDE ENERJİ SİLİFKE BİYOKÜTLE SANTRALİ,unknown,2026-05-31 18:00:00+03:00,,3.61,chunk_0067.json,POST /v1/generation/data/dpp-bulk,2026-05-31 21:45:53.767364+00:00,3218870,KALDE ENERJİ SİLİFKE BİYOKÜTLE SANTRALİ,17721,2026-05-31T18:00:00+03:00,18:00
40W000003218870H,KALDE ENERJİ SİLİFKE BİYOKÜTLE SANTRALİ,unknown,2026-05-31 19:00:00+03:00,,3.61,chunk_0067.json,POST /v1/generation/data/dpp-bulk,2026-05-31 21:45:53.767364+00:00,3218870,KALDE ENERJİ SİLİFKE BİYOKÜTLE SANTRALİ,17721,2026-05-31T19:00:00+03:00,19:00
40W000003218870H,KALDE ENERJİ SİLİFKE BİYOKÜTLE SANTRALİ,unknown,2026-05-31 20:00:00+03:00,,3.61,chunk_0067.json,POST /v1/generation/data/dpp-bulk,2026-05-31 21:45:53.767364+00:00,3218870,KALDE ENERJİ SİLİFKE BİYOKÜTLE SANTRALİ,17721,2026-05-31T20:00:00+03:00,20:00
40W000003218870H,KALDE ENERJİ SİLİFKE BİYOKÜTLE SANTRALİ,unknown,2026-05-31 21:00:00+03:00,,3.61,chunk_0067.json,POST /v1/generation/data/dpp-bulk,2026-05-31 21:45:53.767364+00:00,3218870,KALDE ENERJİ SİLİFKE BİYOKÜTLE SANTRALİ,17721,2026-05-31T21:00:00+03:00,21:00
40W000003218870H,KALDE ENERJİ SİLİFKE BİYOKÜTLE SANTRALİ,unknown,2026-05-31 22:00:00+03:00,,3.61,chunk_0067.json,POST /v1/generation/data/dpp-bulk,2026-05-31 21:45:53.767364+00:00,3218870,KALDE ENERJİ SİLİFKE BİYOKÜTLE SANTRALİ,17721,2026-05-31T22:00:00+03:00,22:00
40W000003218870H,KALDE ENERJİ SİLİFKE BİYOKÜTLE SANTRALİ,unknown,2026-05-31 23:00:00+03:00,,3.61,chunk_0067.json,POST /v1/generation/data/dpp-bulk,2026-05-31 21:45:53.767364+00:00,3218870,KALDE ENERJİ SİLİFKE BİYOKÜTLE SANTRALİ,17721,2026-05-31T23:00:00+03:00,23:00
40W000003218853H,KALDE ENERJİ TARSUS BİYOKÜTLE SANTRALİ,unknown,2026-05-31 00:00:00+03:00,,1.7,chunk_0067.json,POST /v1/generation/data/dpp-bulk,2026-05-31 21:45:53.767364+00:00,3218853,KALDE ENERJİ TARSUS BİYOKÜTLE SANTRALİ,17722,2026-05-31T00:00:00+03:00,00:00
40W000003218853H,KALDE ENERJİ TARSUS BİYOKÜTLE SANTRALİ,unknown,2026-05-31 01:00:00+03:00,,1.7,chunk_0067.json,POST /v1/generation/data/dpp-bulk,2026-05-31 21:45:53.767364+00:00,3218853,KALDE ENERJİ TARSUS BİYOKÜTLE SANTRALİ,17722,2026-05-31T01:00:00+03:00,01:00
40W000003218853H,KALDE ENERJİ TARSUS BİYOKÜTLE SANTRALİ,unknown,2026-05-31 02:00:00+03:00,,1.7,chunk_0067.json,POST /v1/generation/data/dpp-bulk,2026-05-31 21:45:53.767364+00:00,3218853,KALDE ENERJİ TARSUS BİYOKÜTLE SANTRALİ,17722,2026-05-31T02:00:00+03:00,02:00
40W000003218853H,KALDE ENERJİ TARSUS BİYOKÜTLE SANTRALİ,unknown,2026-05-31 03:00:00+03:00,,1.7,chunk_0067.json,POST /v1/generation/data/dpp-bulk,2026-05-31 21:45:53.767364+00:00,3218853,KALDE ENERJİ TARSUS BİYOKÜTLE SANTRALİ,17722,2026-05-31T03:00:00+03:00,03:00
40W000003218853H,KALDE ENERJİ TARSUS BİYOKÜTLE SANTRALİ,unknown,2026-05-31 04:00:00+03:00,,1.7,chunk_0067.json,POST /v1/generation/data/dpp-bulk,2026-05-31 21:45:53.767364+00:00,3218853,KALDE ENERJİ TARSUS BİYOKÜTLE SANTRALİ,17722,2026-05-31T04:00:00+03:00,04:00
40W000003218853H,KALDE ENERJİ TARSUS BİYOKÜTLE SANTRALİ,unknown,2026-05-31 05:00:00+03:00,,1.7,chunk_0067.json,POST /v1/generation/data/dpp-bulk,2026-05-31 21:45:53.767364+00:00,3218853,KALDE ENERJİ TARSUS BİYOKÜTLE SANTRALİ,17722,2026-05-31T05:00:00+03:00,05:00
40W000003218853H,KALDE ENERJİ TARSUS BİYOKÜTLE SANTRALİ,unknown,2026-05-31 06:00:00+03:00,,1.7,chunk_0067.json,POST /v1/generation/data/dpp-bulk,2026-05-31 21:45:53.767364+00:00,3218853,KALDE ENERJİ TARSUS BİYOKÜTLE SANTRALİ,17722,2026-05-31T06:00:00+03:00,06:00
40W000003218853H,KALDE ENERJİ TARSUS BİYOKÜTLE SANTRALİ,unknown,2026-05-31 07:00:00+03:00,,1.7,chunk_0067.json,POST /v1/generation/data/dpp-bulk,2026-05-31 21:45:53.767364+00:00,3218853,KALDE ENERJİ TARSUS BİYOKÜTLE SANTRALİ,17722,2026-05-31T07:00:00+03:00,07:00
40W000003218853H,KALDE ENERJİ TARSUS BİYOKÜTLE SANTRALİ,unknown,2026-05-31 08:00:00+03:00,,1.7,chunk_0067.json,POST /v1/generation/data/dpp-bulk,2026-05-31 21:45:53.767364+00:00,3218853,KALDE ENERJİ TARSUS BİYOKÜTLE SANTRALİ,17722,2026-05-31T08:00:00+03:00,08:00
40W000003218853H,KALDE ENERJİ TARSUS BİYOKÜTLE SANTRALİ,unknown,2026-05-31 09:00:00+03:00,,1.7,chunk_0067.json,POST /v1/generation/data/dpp-bulk,2026-05-31 21:45:53.767364+00:00,3218853,KALDE ENERJİ TARSUS BİYOKÜTLE SANTRALİ,17722,2026-05-31T09:00:00+03:00,09:00
40W000003218853H,KALDE ENERJİ TARSUS BİYOKÜTLE SANTRALİ,unknown,2026-05-31 10:00:00+03:00,,1.7,chunk_0067.json,POST /v1/generation/data/dpp-bulk,2026-05-31 21:45:53.767364+00:00,3218853,KALDE ENERJİ TARSUS BİYOKÜTLE SANTRALİ,17722,2026-05-31T10:00:00+03:00,10:00
40W000003218853H,KALDE ENERJİ TARSUS BİYOKÜTLE SANTRALİ,unknown,2026-05-31 11:00:00+03:00,,1.7,chunk_0067.json,POST /v1/generation/data/dpp-bulk,2026-05-31 21:45:53.767364+00:00,3218853,KALDE ENERJİ TARSUS BİYOKÜTLE SANTRALİ,17722,2026-05-31T11:00:00+03:00,11:00
40W000003218853H,KALDE ENERJİ TARSUS BİYOKÜTLE SANTRALİ,unknown,2026-05-31 12:00:00+03:00,,1.7,chunk_0067.json,POST /v1/generation/data/dpp-bulk,2026-05-31 21:45:53.767364+00:00,3218853,KALDE ENERJİ TARSUS BİYOKÜTLE SANTRALİ,17722,2026-05-31T12:00:00+03:00,12:00
40W000003218853H,KALDE ENERJİ TARSUS BİYOKÜTLE SANTRALİ,unknown,2026-05-31 13:00:00+03:00,,1.7,chunk_0067.json,POST /v1/generation/data/dpp-bulk,2026-05-31 21:45:53.767364+00:00,3218853,KALDE ENERJİ TARSUS BİYOKÜTLE SANTRALİ,17722,2026-05-31T13:00:00+03:00,13:00
40W000003218853H,KALDE ENERJİ TARSUS BİYOKÜTLE SANTRALİ,unknown,2026-05-31 14:00:00+03:00,,1.7,chunk_0067.json,POST /v1/generation/data/dpp-bulk,2026-05-31 21:45:53.767364+00:00,3218853,KALDE ENERJİ TARSUS BİYOKÜTLE SANTRALİ,17722,2026-05-31T14:00:00+03:00,14:00
40W000003218853H,KALDE ENERJİ TARSUS BİYOKÜTLE SANTRALİ,unknown,2026-05-31 15:00:00+03:00,,1.7,chunk_0067.json,POST /v1/generation/data/dpp-bulk,2026-05-31 21:45:53.767364+00:00,3218853,KALDE ENERJİ TARSUS BİYOKÜTLE SANTRALİ,17722,2026-05-31T15:00:00+03:00,15:00
40W000003218853H,KALDE ENERJİ TARSUS BİYOKÜTLE SANTRALİ,unknown,2026-05-31 16:00:00+03:00,,1.7,chunk_0067.json,POST /v1/generation/data/dpp-bulk,2026-05-31 21:45:53.767364+00:00,3218853,KALDE ENERJİ TARSUS BİYOKÜTLE SANTRALİ,17722,2026-05-31T16:00:00+03:00,16:00
40W000003218853H,KALDE ENERJİ TARSUS BİYOKÜTLE SANTRALİ,unknown,2026-05-31 17:00:00+03:00,,1.7,chunk_0067.json,POST /v1/generation/data/dpp-bulk,2026-05-31 21:45:53.767364+00:00,3218853,KALDE ENERJİ TARSUS BİYOKÜTLE SANTRALİ,17722,2026-05-31T17:00:00+03:00,17:00
40W000003218853H,KALDE ENERJİ TARSUS BİYOKÜTLE SANTRALİ,unknown,2026-05-31 18:00:00+03:00,,1.7,chunk_0067.json,POST /v1/generation/data/dpp-bulk,2026-05-31 21:45:53.767364+00:00,3218853,KALDE ENERJİ TARSUS BİYOKÜTLE SANTRALİ,17722,2026-05-31T18:00:00+03:00,18:00
40W000003218853H,KALDE ENERJİ TARSUS BİYOKÜTLE SANTRALİ,unknown,2026-05-31 19:00:00+03:00,,1.7,chunk_0067.json,POST /v1/generation/data/dpp-bulk,2026-05-31 21:45:53.767364+00:00,3218853,KALDE ENERJİ TARSUS BİYOKÜTLE SANTRALİ,17722,2026-05-31T19:00:00+03:00,19:00
40W000003218853H,KALDE ENERJİ TARSUS BİYOKÜTLE SANTRALİ,unknown,2026-05-31 20:00:00+03:00,,1.7,chunk_0067.json,POST /v1/generation/data/dpp-bulk,2026-05-31 21:45:53.767364+00:00,3218853,KALDE ENERJİ TARSUS BİYOKÜTLE SANTRALİ,17722,2026-05-31T20:00:00+03:00,20:00
40W000003218853H,KALDE ENERJİ TARSUS BİYOKÜTLE SANTRALİ,unknown,2026-05-31 21:00:00+03:00,,1.7,chunk_0067.json,POST /v1/generation/data/dpp-bulk,2026-05-31 21:45:53.767364+00:00,3218853,KALDE ENERJİ TARSUS BİYOKÜTLE SANTRALİ,17722,2026-05-31T21:00:00+03:00,21:00
40W000003218853H,KALDE ENERJİ TARSUS BİYOKÜTLE SANTRALİ,unknown,2026-05-31 22:00:00+03:00,,1.7,chunk_0067.json,POST /v1/generation/data/dpp-bulk,2026-05-31 21:45:53.767364+00:00,3218853,KALDE ENERJİ TARSUS BİYOKÜTLE SANTRALİ,17722,2026-05-31T22:00:00+03:00,22:00
40W000003218853H,KALDE ENERJİ TARSUS BİYOKÜTLE SANTRALİ,unknown,2026-05-31 23:00:00+03:00,,1.7,chunk_0067.json,POST /v1/generation/data/dpp-bulk,2026-05-31 21:45:53.767364+00:00,3218853,KALDE ENERJİ TARSUS BİYOKÜTLE SANTRALİ,17722,2026-05-31T23:00:00+03:00,23:00
40W000003218851L,KUŞADASI BİYOKÜTLE TESİSİ,unknown,2026-05-31 00:00:00+03:00,,2.6,chunk_0067.json,POST /v1/generation/data/dpp-bulk,2026-05-31 21:45:53.767364+00:00,3218851,KUŞADASI BİYOKÜTLE TESİSİ,17724,2026-05-31T00:00:00+03:00,00:00
40W000003218851L,KUŞADASI BİYOKÜTLE TESİSİ,unknown,2026-05-31 01:00:00+03:00,,2.6,chunk_0067.json,POST /v1/generation/data/dpp-bulk,2026-05-31 21:45:53.767364+00:00,3218851,KUŞADASI BİYOKÜTLE TESİSİ,17724,2026-05-31T01:00:00+03:00,01:00
40W000003218851L,KUŞADASI BİYOKÜTLE TESİSİ,unknown,2026-05-31 02:00:00+03:00,,2.6,chunk_0067.json,POST /v1/generation/data/dpp-bulk,2026-05-31 21:45:53.767364+00:00,3218851,KUŞADASI BİYOKÜTLE TESİSİ,17724,2026-05-31T02:00:00+03:00,02:00
40W000003218851L,KUŞADASI BİYOKÜTLE TESİSİ,unknown,2026-05-31 03:00:00+03:00,,2.6,chunk_0067.json,POST /v1/generation/data/dpp-bulk,2026-05-31 21:45:53.767364+00:00,3218851,KUŞADASI BİYOKÜTLE TESİSİ,17724,2026-05-31T03:00:00+03:00,03:00
40W000003218851L,KUŞADASI BİYOKÜTLE TESİSİ,unknown,2026-05-31 04:00:00+03:00,,2.6,chunk_0067.json,POST /v1/generation/data/dpp-bulk,2026-05-31 21:45:53.767364+00:00,3218851,KUŞADASI BİYOKÜTLE TESİSİ,17724,2026-05-31T04:00:00+03:00,04:00
40W000003218851L,KUŞADASI BİYOKÜTLE TESİSİ,unknown,2026-05-31 05:00:00+03:00,,2.6,chunk_0067.json,POST /v1/generation/data/dpp-bulk,2026-05-31 21:45:53.767364+00:00,3218851,KUŞADASI BİYOKÜTLE TESİSİ,17724,2026-05-31T05:00:00+03:00,05:00
40W000003218851L,KUŞADASI BİYOKÜTLE TESİSİ,unknown,2026-05-31 06:00:00+03:00,,2.6,chunk_0067.json,POST /v1/generation/data/dpp-bulk,2026-05-31 21:45:53.767364+00:00,3218851,KUŞADASI BİYOKÜTLE TESİSİ,17724,2026-05-31T06:00:00+03:00,06:00
40W000003218851L,KUŞADASI BİYOKÜTLE TESİSİ,unknown,2026-05-31 07:00:00+03:00,,2.6,chunk_0067.json,POST /v1/generation/data/dpp-bulk,2026-05-31 21:45:53.767364+00:00,3218851,KUŞADASI BİYOKÜTLE TESİSİ,17724,2026-05-31T07:00:00+03:00,07:00
40W000003218851L,KUŞADASI BİYOKÜTLE TESİSİ,unknown,2026-05-31 08:00:00+03:00,,2.6,chunk_0067.json,POST /v1/generation/data/dpp-bulk,2026-05-31 21:45:53.767364+00:00,3218851,KUŞADASI BİYOKÜTLE TESİSİ,17724,2026-05-31T08:00:00+03:00,08:00
40W000003218851L,KUŞADASI BİYOKÜTLE TESİSİ,unknown,2026-05-31 09:00:00+03:00,,2.6,chunk_0067.json,POST /v1/generation/data/dpp-bulk,2026-05-31 21:45:53.767364+00:00,3218851,KUŞADASI BİYOKÜTLE TESİSİ,17724,2026-05-31T09:00:00+03:00,09:00
40W000003218851L,KUŞADASI BİYOKÜTLE TESİSİ,unknown,2026-05-31 10:00:00+03:00,,2.6,chunk_0067.json,POST /v1/generation/data/dpp-bulk,2026-05-31 21:45:53.767364+00:00,3218851,KUŞADASI BİYOKÜTLE TESİSİ,17724,2026-05-31T10:00:00+03:00,10:00
40W000003218851L,KUŞADASI BİYOKÜTLE TESİSİ,unknown,2026-05-31 11:00:00+03:00,,2.6,chunk_0067.json,POST /v1/generation/data/dpp-bulk,2026-05-31 21:45:53.767364+00:00,3218851,KUŞADASI BİYOKÜTLE TESİSİ,17724,2026-05-31T11:00:00+03:00,11:00
40W000003218851L,KUŞADASI BİYOKÜTLE TESİSİ,unknown,2026-05-31 12:00:00+03:00,,2.6,chunk_0067.json,POST /v1/generation/data/dpp-bulk,2026-05-31 21:45:53.767364+00:00,3218851,KUŞADASI BİYOKÜTLE TESİSİ,17724,2026-05-31T12:00:00+03:00,12:00
40W000003218851L,KUŞADASI BİYOKÜTLE TESİSİ,unknown,2026-05-31 13:00:00+03:00,,2.6,chunk_0067.json,POST /v1/generation/data/dpp-bulk,2026-05-31 21:45:53.767364+00:00,3218851,KUŞADASI BİYOKÜTLE TESİSİ,17724,2026-05-31T13:00:00+03:00,13:00
40W000003218851L,KUŞADASI BİYOKÜTLE TESİSİ,unknown,2026-05-31 14:00:00+03:00,,2.6,chunk_0067.json,POST /v1/generation/data/dpp-bulk,2026-05-31 21:45:53.767364+00:00,3218851,KUŞADASI BİYOKÜTLE TESİSİ,17724,2026-05-31T14:00:00+03:00,14:00
40W000003218851L,KUŞADASI BİYOKÜTLE TESİSİ,unknown,2026-05-31 15:00:00+03:00,,2.6,chunk_0067.json,POST /v1/generation/data/dpp-bulk,2026-05-31 21:45:53.767364+00:00,3218851,KUŞADASI BİYOKÜTLE TESİSİ,17724,2026-05-31T15:00:00+03:00,15:00
40W000003218851L,KUŞADASI BİYOKÜTLE TESİSİ,unknown,2026-05-31 16:00:00+03:00,,2.6,chunk_0067.json,POST /v1/generation/data/dpp-bulk,2026-05-31 21:45:53.767364+00:00,3218851,KUŞADASI BİYOKÜTLE TESİSİ,17724,2026-05-31T16:00:00+03:00,16:00
40W000003218851L,KUŞADASI BİYOKÜTLE TESİSİ,unknown,2026-05-31 17:00:00+03:00,,2.6,chunk_0067.json,POST /v1/generation/data/dpp-bulk,2026-05-31 21:45:53.767364+00:00,3218851,KUŞADASI BİYOKÜTLE TESİSİ,17724,2026-05-31T17:00:00+03:00,17:00
40W000003218851L,KUŞADASI BİYOKÜTLE TESİSİ,unknown,2026-05-31 18:00:00+03:00,,2.6,chunk_0067.json,POST /v1/generation/data/dpp-bulk,2026-05-31 21:45:53.767364+00:00,3218851,KUŞADASI BİYOKÜTLE TESİSİ,17724,2026-05-31T18:00:00+03:00,18:00
40W000003218851L,KUŞADASI BİYOKÜTLE TESİSİ,unknown,2026-05-31 19:00:00+03:00,,2.6,chunk_0067.json,POST /v1/generation/data/dpp-bulk,2026-05-31 21:45:53.767364+00:00,3218851,KUŞADASI BİYOKÜTLE TESİSİ,17724,2026-05-31T19:00:00+03:00,19:00
40W000003218851L,KUŞADASI BİYOKÜTLE TESİSİ,unknown,2026-05-31 20:00:00+03:00,,2.6,chunk_0067.json,POST /v1/generation/data/dpp-bulk,2026-05-31 21:45:53.767364+00:00,3218851,KUŞADASI BİYOKÜTLE TESİSİ,17724,2026-05-31T20:00:00+03:00,20:00
40W000003218851L,KUŞADASI BİYOKÜTLE TESİSİ,unknown,2026-05-31 21:00:00+03:00,,2.6,chunk_0067.json,POST /v1/generation/data/dpp-bulk,2026-05-31 21:45:53.767364+00:00,3218851,KUŞADASI BİYOKÜTLE TESİSİ,17724,2026-05-31T21:00:00+03:00,21:00
40W000003218851L,KUŞADASI BİYOKÜTLE TESİSİ,unknown,2026-05-31 22:00:00+03:00,,2.6,chunk_0067.json,POST /v1/generation/data/dpp-bulk,2026-05-31 21:45:53.767364+00:00,3218851,KUŞADASI BİYOKÜTLE TESİSİ,17724,2026-05-31T22:00:00+03:00,22:00
40W000003218851L,KUŞADASI BİYOKÜTLE TESİSİ,unknown,2026-05-31 23:00:00+03:00,,2.6,chunk_0067.json,POST /v1/generation/data/dpp-bulk,2026-05-31 21:45:53.767364+00:00,3218851,KUŞADASI BİYOKÜTLE TESİSİ,17724,2026-05-31T23:00:00+03:00,23:00
40W000003218890B,ÇEKEREK (SÜREYYABEY) BARAJI VE HES,unknown,2026-05-31 00:00:00+03:00,,12.0,chunk_0067.json,POST /v1/generation/data/dpp-bulk,2026-05-31 21:45:53.767364+00:00,3218890,ÇEKEREK (SÜREYYABEY) BARAJI VE HES,17880,2026-05-31T00:00:00+03:00,00:00
40W000003218890B,ÇEKEREK (SÜREYYABEY) BARAJI VE HES,unknown,2026-05-31 01:00:00+03:00,,12.0,chunk_0067.json,POST /v1/generation/data/dpp-bulk,2026-05-31 21:45:53.767364+00:00,3218890,ÇEKEREK (SÜREYYABEY) BARAJI VE HES,17880,2026-05-31T01:00:00+03:00,01:00
40W000003218890B,ÇEKEREK (SÜREYYABEY) BARAJI VE HES,unknown,2026-05-31 02:00:00+03:00,,12.0,chunk_0067.json,POST /v1/generation/data/dpp-bulk,2026-05-31 21:45:53.767364+00:00,3218890,ÇEKEREK (SÜREYYABEY) BARAJI VE HES,17880,2026-05-31T02:00:00+03:00,02:00
40W000003218890B,ÇEKEREK (SÜREYYABEY) BARAJI VE HES,unknown,2026-05-31 03:00:00+03:00,,12.0,chunk_0067.json,POST /v1/generation/data/dpp-bulk,2026-05-31 21:45:53.767364+00:00,3218890,ÇEKEREK (SÜREYYABEY) BARAJI VE HES,17880,2026-05-31T03:00:00+03:00,03:00
40W000003218890B,ÇEKEREK (SÜREYYABEY) BARAJI VE HES,unknown,2026-05-31 04:00:00+03:00,,12.0,chunk_0067.json,POST /v1/generation/data/dpp-bulk,2026-05-31 21:45:53.767364+00:00,3218890,ÇEKEREK (SÜREYYABEY) BARAJI VE HES,17880,2026-05-31T04:00:00+03:00,04:00
40W000003218890B,ÇEKEREK (SÜREYYABEY) BARAJI VE HES,unknown,2026-05-31 05:00:00+03:00,,12.0,chunk_0067.json,POST /v1/generation/data/dpp-bulk,2026-05-31 21:45:53.767364+00:00,3218890,ÇEKEREK (SÜREYYABEY) BARAJI VE HES,17880,2026-05-31T05:00:00+03:00,05:00
40W000003218890B,ÇEKEREK (SÜREYYABEY) BARAJI VE HES,unknown,2026-05-31 06:00:00+03:00,,12.0,chunk_0067.json,POST /v1/generation/data/dpp-bulk,2026-05-31 21:45:53.767364+00:00,3218890,ÇEKEREK (SÜREYYABEY) BARAJI VE HES,17880,2026-05-31T06:00:00+03:00,06:00
40W000003218890B,ÇEKEREK (SÜREYYABEY) BARAJI VE HES,unknown,2026-05-31 07:00:00+03:00,,12.0,chunk_0067.json,POST /v1/generation/data/dpp-bulk,2026-05-31 21:45:53.767364+00:00,3218890,ÇEKEREK (SÜREYYABEY) BARAJI VE HES,17880,2026-05-31T07:00:00+03:00,07:00
40W000003218890B,ÇEKEREK (SÜREYYABEY) BARAJI VE HES,unknown,2026-05-31 08:00:00+03:00,,12.0,chunk_0067.json,POST /v1/generation/data/dpp-bulk,2026-05-31 21:45:53.767364+00:00,3218890,ÇEKEREK (SÜREYYABEY) BARAJI VE HES,17880,2026-05-31T08:00:00+03:00,08:00
40W000003218890B,ÇEKEREK (SÜREYYABEY) BARAJI VE HES,unknown,2026-05-31 09:00:00+03:00,,12.0,chunk_0067.json,POST /v1/generation/data/dpp-bulk,2026-05-31 21:45:53.767364+00:00,3218890,ÇEKEREK (SÜREYYABEY) BARAJI VE HES,17880,2026-05-31T09:00:00+03:00,09:00
40W000003218890B,ÇEKEREK (SÜREYYABEY) BARAJI VE HES,unknown,2026-05-31 10:00:00+03:00,,12.0,chunk_0067.json,POST /v1/generation/data/dpp-bulk,2026-05-31 21:45:53.767364+00:00,3218890,ÇEKEREK (SÜREYYABEY) BARAJI VE HES,17880,2026-05-31T10:00:00+03:00,10:00
40W000003218890B,ÇEKEREK (SÜREYYABEY) BARAJI VE HES,unknown,2026-05-31 11:00:00+03:00,,12.0,chunk_0067.json,POST /v1/generation/data/dpp-bulk,2026-05-31 21:45:53.767364+00:00,3218890,ÇEKEREK (SÜREYYABEY) BARAJI VE HES,17880,2026-05-31T11:00:00+03:00,11:00
40W000003218890B,ÇEKEREK (SÜREYYABEY) BARAJI VE HES,unknown,2026-05-31 12:00:00+03:00,,12.0,chunk_0067.json,POST /v1/generation/data/dpp-bulk,2026-05-31 21:45:53.767364+00:00,3218890,ÇEKEREK (SÜREYYABEY) BARAJI VE HES,17880,2026-05-31T12:00:00+03:00,12:00
40W000003218890B,ÇEKEREK (SÜREYYABEY) BARAJI VE HES,unknown,2026-05-31 13:00:00+03:00,,12.0,chunk_0067.json,POST /v1/generation/data/dpp-bulk,2026-05-31 21:45:53.767364+00:00,3218890,ÇEKEREK (SÜREYYABEY) BARAJI VE HES,17880,2026-05-31T13:00:00+03:00,13:00
40W000003218890B,ÇEKEREK (SÜREYYABEY) BARAJI VE HES,unknown,2026-05-31 14:00:00+03:00,,12.0,chunk_0067.json,POST /v1/generation/data/dpp-bulk,2026-05-31 21:45:53.767364+00:00,3218890,ÇEKEREK (SÜREYYABEY) BARAJI VE HES,17880,2026-05-31T14:00:00+03:00,14:00
40W000003218890B,ÇEKEREK (SÜREYYABEY) BARAJI VE HES,unknown,2026-05-31 15:00:00+03:00,,12.0,chunk_0067.json,POST /v1/generation/data/dpp-bulk,2026-05-31 21:45:53.767364+00:00,3218890,ÇEKEREK (SÜREYYABEY) BARAJI VE HES,17880,2026-05-31T15:00:00+03:00,15:00
40W000003218890B,ÇEKEREK (SÜREYYABEY) BARAJI VE HES,unknown,2026-05-31 16:00:00+03:00,,12.0,chunk_0067.json,POST /v1/generation/data/dpp-bulk,2026-05-31 21:45:53.767364+00:00,3218890,ÇEKEREK (SÜREYYABEY) BARAJI VE HES,17880,2026-05-31T16:00:00+03:00,16:00
40W000003218890B,ÇEKEREK (SÜREYYABEY) BARAJI VE HES,unknown,2026-05-31 17:00:00+03:00,,12.0,chunk_0067.json,POST /v1/generation/data/dpp-bulk,2026-05-31 21:45:53.767364+00:00,3218890,ÇEKEREK (SÜREYYABEY) BARAJI VE HES,17880,2026-05-31T17:00:00+03:00,17:00
40W000003218890B,ÇEKEREK (SÜREYYABEY) BARAJI VE HES,unknown,2026-05-31 18:00:00+03:00,,12.0,chunk_0067.json,POST /v1/generation/data/dpp-bulk,2026-05-31 21:45:53.767364+00:00,3218890,ÇEKEREK (SÜREYYABEY) BARAJI VE HES,17880,2026-05-31T18:00:00+03:00,18:00
40W000003218890B,ÇEKEREK (SÜREYYABEY) BARAJI VE HES,unknown,2026-05-31 19:00:00+03:00,,12.0,chunk_0067.json,POST /v1/generation/data/dpp-bulk,2026-05-31 21:45:53.767364+00:00,3218890,ÇEKEREK (SÜREYYABEY) BARAJI VE HES,17880,2026-05-31T19:00:00+03:00,19:00
40W000003218890B,ÇEKEREK (SÜREYYABEY) BARAJI VE HES,unknown,2026-05-31 20:00:00+03:00,,12.0,chunk_0067.json,POST /v1/generation/data/dpp-bulk,2026-05-31 21:45:53.767364+00:00,3218890,ÇEKEREK (SÜREYYABEY) BARAJI VE HES,17880,2026-05-31T20:00:00+03:00,20:00
40W000003218890B,ÇEKEREK (SÜREYYABEY) BARAJI VE HES,unknown,2026-05-31 21:00:00+03:00,,12.0,chunk_0067.json,POST /v1/generation/data/dpp-bulk,2026-05-31 21:45:53.767364+00:00,3218890,ÇEKEREK (SÜREYYABEY) BARAJI VE HES,17880,2026-05-31T21:00:00+03:00,21:00
40W000003218890B,ÇEKEREK (SÜREYYABEY) BARAJI VE HES,unknown,2026-05-31 22:00:00+03:00,,12.0,chunk_0067.json,POST /v1/generation/data/dpp-bulk,2026-05-31 21:45:53.767364+00:00,3218890,ÇEKEREK (SÜREYYABEY) BARAJI VE HES,17880,2026-05-31T22:00:00+03:00,22:00
40W000003218890B,ÇEKEREK (SÜREYYABEY) BARAJI VE HES,unknown,2026-05-31 23:00:00+03:00,,12.0,chunk_0067.json,POST /v1/generation/data/dpp-bulk,2026-05-31 21:45:53.767364+00:00,3218890,ÇEKEREK (SÜREYYABEY) BARAJI VE HES,17880,2026-05-31T23:00:00+03:00,23:00
40W000003218651T,BETA,unknown,2026-05-31 00:00:00+03:00,,9.0,chunk_0067.json,POST /v1/generation/data/dpp-bulk,2026-05-31 21:45:53.767364+00:00,3218651,BETA,17940,2026-05-31T00:00:00+03:00,00:00
40W000003218651T,BETA,unknown,2026-05-31 01:00:00+03:00,,9.0,chunk_0067.json,POST /v1/generation/data/dpp-bulk,2026-05-31 21:45:53.767364+00:00,3218651,BETA,17940,2026-05-31T01:00:00+03:00,01:00
40W000003218651T,BETA,unknown,2026-05-31 02:00:00+03:00,,9.0,chunk_0067.json,POST /v1/generation/data/dpp-bulk,2026-05-31 21:45:53.767364+00:00,3218651,BETA,17940,2026-05-31T02:00:00+03:00,02:00
40W000003218651T,BETA,unknown,2026-05-31 03:00:00+03:00,,9.0,chunk_0067.json,POST /v1/generation/data/dpp-bulk,2026-05-31 21:45:53.767364+00:00,3218651,BETA,17940,2026-05-31T03:00:00+03:00,03:00
40W000003218651T,BETA,unknown,2026-05-31 04:00:00+03:00,,9.0,chunk_0067.json,POST /v1/generation/data/dpp-bulk,2026-05-31 21:45:53.767364+00:00,3218651,BETA,17940,2026-05-31T04:00:00+03:00,04:00
40W000003218651T,BETA,unknown,2026-05-31 05:00:00+03:00,,9.0,chunk_0067.json,POST /v1/generation/data/dpp-bulk,2026-05-31 21:45:53.767364+00:00,3218651,BETA,17940,2026-05-31T05:00:00+03:00,05:00
40W000003218651T,BETA,unknown,2026-05-31 06:00:00+03:00,,9.0,chunk_0067.json,POST /v1/generation/data/dpp-bulk,2026-05-31 21:45:53.767364+00:00,3218651,BETA,17940,2026-05-31T06:00:00+03:00,06:00
40W000003218651T,BETA,unknown,2026-05-31 07:00:00+03:00,,9.0,chunk_0067.json,POST /v1/generation/data/dpp-bulk,2026-05-31 21:45:53.767364+00:00,3218651,BETA,17940,2026-05-31T07:00:00+03:00,07:00
40W000003218651T,BETA,unknown,2026-05-31 08:00:00+03:00,,9.2,chunk_0067.json,POST /v1/generation/data/dpp-bulk,2026-05-31 21:45:53.767364+00:00,3218651,BETA,17940,2026-05-31T08:00:00+03:00,08:00
40W000003218651T,BETA,unknown,2026-05-31 09:00:00+03:00,,9.4,chunk_0067.json,POST /v1/generation/data/dpp-bulk,2026-05-31 21:45:53.767364+00:00,3218651,BETA,17940,2026-05-31T09:00:00+03:00,09:00
40W000003218651T,BETA,unknown,2026-05-31 10:00:00+03:00,,9.4,chunk_0067.json,POST /v1/generation/data/dpp-bulk,2026-05-31 21:45:53.767364+00:00,3218651,BETA,17940,2026-05-31T10:00:00+03:00,10:00
40W000003218651T,BETA,unknown,2026-05-31 11:00:00+03:00,,9.4,chunk_0067.json,POST /v1/generation/data/dpp-bulk,2026-05-31 21:45:53.767364+00:00,3218651,BETA,17940,2026-05-31T11:00:00+03:00,11:00
40W000003218651T,BETA,unknown,2026-05-31 12:00:00+03:00,,9.4,chunk_0067.json,POST /v1/generation/data/dpp-bulk,2026-05-31 21:45:53.767364+00:00,3218651,BETA,17940,2026-05-31T12:00:00+03:00,12:00
40W000003218651T,BETA,unknown,2026-05-31 13:00:00+03:00,,9.4,chunk_0067.json,POST /v1/generation/data/dpp-bulk,2026-05-31 21:45:53.767364+00:00,3218651,BETA,17940,2026-05-31T13:00:00+03:00,13:00
40W000003218651T,BETA,unknown,2026-05-31 14:00:00+03:00,,9.4,chunk_0067.json,POST /v1/generation/data/dpp-bulk,2026-05-31 21:45:53.767364+00:00,3218651,BETA,17940,2026-05-31T14:00:00+03:00,14:00
40W000003218651T,BETA,unknown,2026-05-31 15:00:00+03:00,,9.4,chunk_0067.json,POST /v1/generation/data/dpp-bulk,2026-05-31 21:45:53.767364+00:00,3218651,BETA,17940,2026-05-31T15:00:00+03:00,15:00
40W000003218651T,BETA,unknown,2026-05-31 16:00:00+03:00,,9.4,chunk_0067.json,POST /v1/generation/data/dpp-bulk,2026-05-31 21:45:53.767364+00:00,3218651,BETA,17940,2026-05-31T16:00:00+03:00,16:00
40W000003218651T,BETA,unknown,2026-05-31 17:00:00+03:00,,9.2,chunk_0067.json,POST /v1/generation/data/dpp-bulk,2026-05-31 21:45:53.767364+00:00,3218651,BETA,17940,2026-05-31T17:00:00+03:00,17:00
40W000003218651T,BETA,unknown,2026-05-31 18:00:00+03:00,,9.1,chunk_0067.json,POST /v1/generation/data/dpp-bulk,2026-05-31 21:45:53.767364+00:00,3218651,BETA,17940,2026-05-31T18:00:00+03:00,18:00
40W000003218651T,BETA,unknown,2026-05-31 19:00:00+03:00,,9.0,chunk_0067.json,POST /v1/generation/data/dpp-bulk,2026-05-31 21:45:53.767364+00:00,3218651,BETA,17940,2026-05-31T19:00:00+03:00,19:00
40W000003218651T,BETA,unknown,2026-05-31 20:00:00+03:00,,9.0,chunk_0067.json,POST /v1/generation/data/dpp-bulk,2026-05-31 21:45:53.767364+00:00,3218651,BETA,17940,2026-05-31T20:00:00+03:00,20:00
40W000003218651T,BETA,unknown,2026-05-31 21:00:00+03:00,,9.0,chunk_0067.json,POST /v1/generation/data/dpp-bulk,2026-05-31 21:45:53.767364+00:00,3218651,BETA,17940,2026-05-31T21:00:00+03:00,21:00
40W000003218651T,BETA,unknown,2026-05-31 22:00:00+03:00,,9.0,chunk_0067.json,POST /v1/generation/data/dpp-bulk,2026-05-31 21:45:53.767364+00:00,3218651,BETA,17940,2026-05-31T22:00:00+03:00,22:00
40W000003218651T,BETA,unknown,2026-05-31 23:00:00+03:00,,9.0,chunk_0067.json,POST /v1/generation/data/dpp-bulk,2026-05-31 21:45:53.767364+00:00,3218651,BETA,17940,2026-05-31T23:00:00+03:00,23:00
40W000003218550Z,ZNP BİYOKÜTLE ELEKTRİK SANTRALİ,unknown,2026-05-31 00:00:00+03:00,,9.5,chunk_0067.json,POST /v1/generation/data/dpp-bulk,2026-05-31 21:45:53.767364+00:00,3218550,ZNP BİYOKÜTLE ELEKTRİK SANTRALİ,18079,2026-05-31T00:00:00+03:00,00:00
40W000003218550Z,ZNP BİYOKÜTLE ELEKTRİK SANTRALİ,unknown,2026-05-31 01:00:00+03:00,,9.5,chunk_0067.json,POST /v1/generation/data/dpp-bulk,2026-05-31 21:45:53.767364+00:00,3218550,ZNP BİYOKÜTLE ELEKTRİK SANTRALİ,18079,2026-05-31T01:00:00+03:00,01:00
40W000003218550Z,ZNP BİYOKÜTLE ELEKTRİK SANTRALİ,unknown,2026-05-31 02:00:00+03:00,,9.5,chunk_0067.json,POST /v1/generation/data/dpp-bulk,2026-05-31 21:45:53.767364+00:00,3218550,ZNP BİYOKÜTLE ELEKTRİK SANTRALİ,18079,2026-05-31T02:00:00+03:00,02:00
40W000003218550Z,ZNP BİYOKÜTLE ELEKTRİK SANTRALİ,unknown,2026-05-31 03:00:00+03:00,,9.5,chunk_0067.json,POST /v1/generation/data/dpp-bulk,2026-05-31 21:45:53.767364+00:00,3218550,ZNP BİYOKÜTLE ELEKTRİK SANTRALİ,18079,2026-05-31T03:00:00+03:00,03:00
40W000003218550Z,ZNP BİYOKÜTLE ELEKTRİK SANTRALİ,unknown,2026-05-31 04:00:00+03:00,,9.5,chunk_0067.json,POST /v1/generation/data/dpp-bulk,2026-05-31 21:45:53.767364+00:00,3218550,ZNP BİYOKÜTLE ELEKTRİK SANTRALİ,18079,2026-05-31T04:00:00+03:00,04:00
40W000003218550Z,ZNP BİYOKÜTLE ELEKTRİK SANTRALİ,unknown,2026-05-31 05:00:00+03:00,,9.5,chunk_0067.json,POST /v1/generation/data/dpp-bulk,2026-05-31 21:45:53.767364+00:00,3218550,ZNP BİYOKÜTLE ELEKTRİK SANTRALİ,18079,2026-05-31T05:00:00+03:00,05:00
40W000003218550Z,ZNP BİYOKÜTLE ELEKTRİK SANTRALİ,unknown,2026-05-31 06:00:00+03:00,,9.5,chunk_0067.json,POST /v1/generation/data/dpp-bulk,2026-05-31 21:45:53.767364+00:00,3218550,ZNP BİYOKÜTLE ELEKTRİK SANTRALİ,18079,2026-05-31T06:00:00+03:00,06:00
40W000003218550Z,ZNP BİYOKÜTLE ELEKTRİK SANTRALİ,unknown,2026-05-31 07:00:00+03:00,,9.5,chunk_0067.json,POST /v1/generation/data/dpp-bulk,2026-05-31 21:45:53.767364+00:00,3218550,ZNP BİYOKÜTLE ELEKTRİK SANTRALİ,18079,2026-05-31T07:00:00+03:00,07:00
40W000003218550Z,ZNP BİYOKÜTLE ELEKTRİK SANTRALİ,unknown,2026-05-31 08:00:00+03:00,,9.5,chunk_0067.json,POST /v1/generation/data/dpp-bulk,2026-05-31 21:45:53.767364+00:00,3218550,ZNP BİYOKÜTLE ELEKTRİK SANTRALİ,18079,2026-05-31T08:00:00+03:00,08:00
40W000003218550Z,ZNP BİYOKÜTLE ELEKTRİK SANTRALİ,unknown,2026-05-31 09:00:00+03:00,,9.5,chunk_0067.json,POST /v1/generation/data/dpp-bulk,2026-05-31 21:45:53.767364+00:00,3218550,ZNP BİYOKÜTLE ELEKTRİK SANTRALİ,18079,2026-05-31T09:00:00+03:00,09:00
40W000003218550Z,ZNP BİYOKÜTLE ELEKTRİK SANTRALİ,unknown,2026-05-31 10:00:00+03:00,,9.5,chunk_0067.json,POST /v1/generation/data/dpp-bulk,2026-05-31 21:45:53.767364+00:00,3218550,ZNP BİYOKÜTLE ELEKTRİK SANTRALİ,18079,2026-05-31T10:00:00+03:00,10:00
40W000003218550Z,ZNP BİYOKÜTLE ELEKTRİK SANTRALİ,unknown,2026-05-31 11:00:00+03:00,,9.5,chunk_0067.json,POST /v1/generation/data/dpp-bulk,2026-05-31 21:45:53.767364+00:00,3218550,ZNP BİYOKÜTLE ELEKTRİK SANTRALİ,18079,2026-05-31T11:00:00+03:00,11:00
40W000003218550Z,ZNP BİYOKÜTLE ELEKTRİK SANTRALİ,unknown,2026-05-31 12:00:00+03:00,,9.5,chunk_0067.json,POST /v1/generation/data/dpp-bulk,2026-05-31 21:45:53.767364+00:00,3218550,ZNP BİYOKÜTLE ELEKTRİK SANTRALİ,18079,2026-05-31T12:00:00+03:00,12:00
40W000003218550Z,ZNP BİYOKÜTLE ELEKTRİK SANTRALİ,unknown,2026-05-31 13:00:00+03:00,,9.5,chunk_0067.json,POST /v1/generation/data/dpp-bulk,2026-05-31 21:45:53.767364+00:00,3218550,ZNP BİYOKÜTLE ELEKTRİK SANTRALİ,18079,2026-05-31T13:00:00+03:00,13:00
40W000003218550Z,ZNP BİYOKÜTLE ELEKTRİK SANTRALİ,unknown,2026-05-31 14:00:00+03:00,,9.5,chunk_0067.json,POST /v1/generation/data/dpp-bulk,2026-05-31 21:45:53.767364+00:00,3218550,ZNP BİYOKÜTLE ELEKTRİK SANTRALİ,18079,2026-05-31T14:00:00+03:00,14:00
40W000003218550Z,ZNP BİYOKÜTLE ELEKTRİK SANTRALİ,unknown,2026-05-31 15:00:00+03:00,,9.5,chunk_0067.json,POST /v1/generation/data/dpp-bulk,2026-05-31 21:45:53.767364+00:00,3218550,ZNP BİYOKÜTLE ELEKTRİK SANTRALİ,18079,2026-05-31T15:00:00+03:00,15:00
40W000003218550Z,ZNP BİYOKÜTLE ELEKTRİK SANTRALİ,unknown,2026-05-31 16:00:00+03:00,,9.5,chunk_0067.json,POST /v1/generation/data/dpp-bulk,2026-05-31 21:45:53.767364+00:00,3218550,ZNP BİYOKÜTLE ELEKTRİK SANTRALİ,18079,2026-05-31T16:00:00+03:00,16:00
40W000003218550Z,ZNP BİYOKÜTLE ELEKTRİK SANTRALİ,unknown,2026-05-31 17:00:00+03:00,,9.5,chunk_0067.json,POST /v1/generation/data/dpp-bulk,2026-05-31 21:45:53.767364+00:00,3218550,ZNP BİYOKÜTLE ELEKTRİK SANTRALİ,18079,2026-05-31T17:00:00+03:00,17:00
40W000003218550Z,ZNP BİYOKÜTLE ELEKTRİK SANTRALİ,unknown,2026-05-31 18:00:00+03:00,,9.5,chunk_0067.json,POST /v1/generation/data/dpp-bulk,2026-05-31 21:45:53.767364+00:00,3218550,ZNP BİYOKÜTLE ELEKTRİK SANTRALİ,18079,2026-05-31T18:00:00+03:00,18:00
40W000003218550Z,ZNP BİYOKÜTLE ELEKTRİK SANTRALİ,unknown,2026-05-31 19:00:00+03:00,,9.5,chunk_0067.json,POST /v1/generation/data/dpp-bulk,2026-05-31 21:45:53.767364+00:00,3218550,ZNP BİYOKÜTLE ELEKTRİK SANTRALİ,18079,2026-05-31T19:00:00+03:00,19:00
40W000003218550Z,ZNP BİYOKÜTLE ELEKTRİK SANTRALİ,unknown,2026-05-31 20:00:00+03:00,,9.5,chunk_0067.json,POST /v1/generation/data/dpp-bulk,2026-05-31 21:45:53.767364+00:00,3218550,ZNP BİYOKÜTLE ELEKTRİK SANTRALİ,18079,2026-05-31T20:00:00+03:00,20:00
40W000003218550Z,ZNP BİYOKÜTLE ELEKTRİK SANTRALİ,unknown,2026-05-31 21:00:00+03:00,,9.5,chunk_0067.json,POST /v1/generation/data/dpp-bulk,2026-05-31 21:45:53.767364+00:00,3218550,ZNP BİYOKÜTLE ELEKTRİK SANTRALİ,18079,2026-05-31T21:00:00+03:00,21:00
40W000003218550Z,ZNP BİYOKÜTLE ELEKTRİK SANTRALİ,unknown,2026-05-31 22:00:00+03:00,,9.5,chunk_0067.json,POST /v1/generation/data/dpp-bulk,2026-05-31 21:45:53.767364+00:00,3218550,ZNP BİYOKÜTLE ELEKTRİK SANTRALİ,18079,2026-05-31T22:00:00+03:00,22:00
40W000003218550Z,ZNP BİYOKÜTLE ELEKTRİK SANTRALİ,unknown,2026-05-31 23:00:00+03:00,,9.5,chunk_0067.json,POST /v1/generation/data/dpp-bulk,2026-05-31 21:45:53.767364+00:00,3218550,ZNP BİYOKÜTLE ELEKTRİK SANTRALİ,18079,2026-05-31T23:00:00+03:00,23:00
40W000003218410E,SİLOPİ BARAJI ve HES,unknown,2026-05-31 00:00:00+03:00,,2.5,chunk_0067.json,POST /v1/generation/data/dpp-bulk,2026-05-31 21:45:53.767364+00:00,3218410,SİLOPİ BARAJI ve HES,18179,2026-05-31T00:00:00+03:00,00:00
40W000003218410E,SİLOPİ BARAJI ve HES,unknown,2026-05-31 01:00:00+03:00,,2.5,chunk_0067.json,POST /v1/generation/data/dpp-bulk,2026-05-31 21:45:53.767364+00:00,3218410,SİLOPİ BARAJI ve HES,18179,2026-05-31T01:00:00+03:00,01:00
40W000003218410E,SİLOPİ BARAJI ve HES,unknown,2026-05-31 02:00:00+03:00,,2.5,chunk_0067.json,POST /v1/generation/data/dpp-bulk,2026-05-31 21:45:53.767364+00:00,3218410,SİLOPİ BARAJI ve HES,18179,2026-05-31T02:00:00+03:00,02:00
40W000003218410E,SİLOPİ BARAJI ve HES,unknown,2026-05-31 03:00:00+03:00,,2.5,chunk_0067.json,POST /v1/generation/data/dpp-bulk,2026-05-31 21:45:53.767364+00:00,3218410,SİLOPİ BARAJI ve HES,18179,2026-05-31T03:00:00+03:00,03:00
40W000003218410E,SİLOPİ BARAJI ve HES,unknown,2026-05-31 04:00:00+03:00,,2.5,chunk_0067.json,POST /v1/generation/data/dpp-bulk,2026-05-31 21:45:53.767364+00:00,3218410,SİLOPİ BARAJI ve HES,18179,2026-05-31T04:00:00+03:00,04:00
40W000003218410E,SİLOPİ BARAJI ve HES,unknown,2026-05-31 05:00:00+03:00,,2.5,chunk_0067.json,POST /v1/generation/data/dpp-bulk,2026-05-31 21:45:53.767364+00:00,3218410,SİLOPİ BARAJI ve HES,18179,2026-05-31T05:00:00+03:00,05:00
40W000003218410E,SİLOPİ BARAJI ve HES,unknown,2026-05-31 06:00:00+03:00,,2.5,chunk_0067.json,POST /v1/generation/data/dpp-bulk,2026-05-31 21:45:53.767364+00:00,3218410,SİLOPİ BARAJI ve HES,18179,2026-05-31T06:00:00+03:00,06:00
40W000003218410E,SİLOPİ BARAJI ve HES,unknown,2026-05-31 07:00:00+03:00,,2.5,chunk_0067.json,POST /v1/generation/data/dpp-bulk,2026-05-31 21:45:53.767364+00:00,3218410,SİLOPİ BARAJI ve HES,18179,2026-05-31T07:00:00+03:00,07:00
40W000003218410E,SİLOPİ BARAJI ve HES,unknown,2026-05-31 08:00:00+03:00,,2.5,chunk_0067.json,POST /v1/generation/data/dpp-bulk,2026-05-31 21:45:53.767364+00:00,3218410,SİLOPİ BARAJI ve HES,18179,2026-05-31T08:00:00+03:00,08:00
40W000003218410E,SİLOPİ BARAJI ve HES,unknown,2026-05-31 09:00:00+03:00,,2.5,chunk_0067.json,POST /v1/generation/data/dpp-bulk,2026-05-31 21:45:53.767364+00:00,3218410,SİLOPİ BARAJI ve HES,18179,2026-05-31T09:00:00+03:00,09:00
40W000003218410E,SİLOPİ BARAJI ve HES,unknown,2026-05-31 10:00:00+03:00,,2.5,chunk_0067.json,POST /v1/generation/data/dpp-bulk,2026-05-31 21:45:53.767364+00:00,3218410,SİLOPİ BARAJI ve HES,18179,2026-05-31T10:00:00+03:00,10:00
40W000003218410E,SİLOPİ BARAJI ve HES,unknown,2026-05-31 11:00:00+03:00,,2.5,chunk_0067.json,POST /v1/generation/data/dpp-bulk,2026-05-31 21:45:53.767364+00:00,3218410,SİLOPİ BARAJI ve HES,18179,2026-05-31T11:00:00+03:00,11:00
40W000003218410E,SİLOPİ BARAJI ve HES,unknown,2026-05-31 12:00:00+03:00,,2.5,chunk_0067.json,POST /v1/generation/data/dpp-bulk,2026-05-31 21:45:53.767364+00:00,3218410,SİLOPİ BARAJI ve HES,18179,2026-05-31T12:00:00+03:00,12:00
40W000003218410E,SİLOPİ BARAJI ve HES,unknown,2026-05-31 13:00:00+03:00,,2.5,chunk_0067.json,POST /v1/generation/data/dpp-bulk,2026-05-31 21:45:53.767364+00:00,3218410,SİLOPİ BARAJI ve HES,18179,2026-05-31T13:00:00+03:00,13:00
40W000003218410E,SİLOPİ BARAJI ve HES,unknown,2026-05-31 14:00:00+03:00,,2.5,chunk_0067.json,POST /v1/generation/data/dpp-bulk,2026-05-31 21:45:53.767364+00:00,3218410,SİLOPİ BARAJI ve HES,18179,2026-05-31T14:00:00+03:00,14:00
40W000003218410E,SİLOPİ BARAJI ve HES,unknown,2026-05-31 15:00:00+03:00,,2.5,chunk_0067.json,POST /v1/generation/data/dpp-bulk,2026-05-31 21:45:53.767364+00:00,3218410,SİLOPİ BARAJI ve HES,18179,2026-05-31T15:00:00+03:00,15:00
40W000003218410E,SİLOPİ BARAJI ve HES,unknown,2026-05-31 16:00:00+03:00,,2.5,chunk_0067.json,POST /v1/generation/data/dpp-bulk,2026-05-31 21:45:53.767364+00:00,3218410,SİLOPİ BARAJI ve HES,18179,2026-05-31T16:00:00+03:00,16:00
40W000003218410E,SİLOPİ BARAJI ve HES,unknown,2026-05-31 17:00:00+03:00,,2.5,chunk_0067.json,POST /v1/generation/data/dpp-bulk,2026-05-31 21:45:53.767364+00:00,3218410,SİLOPİ BARAJI ve HES,18179,2026-05-31T17:00:00+03:00,17:00
40W000003218410E,SİLOPİ BARAJI ve HES,unknown,2026-05-31 18:00:00+03:00,,2.5,chunk_0067.json,POST /v1/generation/data/dpp-bulk,2026-05-31 21:45:53.767364+00:00,3218410,SİLOPİ BARAJI ve HES,18179,2026-05-31T18:00:00+03:00,18:00
40W000003218410E,SİLOPİ BARAJI ve HES,unknown,2026-05-31 19:00:00+03:00,,8.0,chunk_0067.json,POST /v1/generation/data/dpp-bulk,2026-05-31 21:45:53.767364+00:00,3218410,SİLOPİ BARAJI ve HES,18179,2026-05-31T19:00:00+03:00,19:00
40W000003218410E,SİLOPİ BARAJI ve HES,unknown,2026-05-31 20:00:00+03:00,,8.0,chunk_0067.json,POST /v1/generation/data/dpp-bulk,2026-05-31 21:45:53.767364+00:00,3218410,SİLOPİ BARAJI ve HES,18179,2026-05-31T20:00:00+03:00,20:00
40W000003218410E,SİLOPİ BARAJI ve HES,unknown,2026-05-31 21:00:00+03:00,,8.0,chunk_0067.json,POST /v1/generation/data/dpp-bulk,2026-05-31 21:45:53.767364+00:00,3218410,SİLOPİ BARAJI ve HES,18179,2026-05-31T21:00:00+03:00,21:00
40W000003218410E,SİLOPİ BARAJI ve HES,unknown,2026-05-31 22:00:00+03:00,,8.0,chunk_0067.json,POST /v1/generation/data/dpp-bulk,2026-05-31 21:45:53.767364+00:00,3218410,SİLOPİ BARAJI ve HES,18179,2026-05-31T22:00:00+03:00,22:00
40W000003218410E,SİLOPİ BARAJI ve HES,unknown,2026-05-31 23:00:00+03:00,,8.0,chunk_0067.json,POST /v1/generation/data/dpp-bulk,2026-05-31 21:45:53.767364+00:00,3218410,SİLOPİ BARAJI ve HES,18179,2026-05-31T23:00:00+03:00,23:00
40W0000032186300,BİGAN ENERJİ BİGA BES,unknown,2026-05-31 00:00:00+03:00,,0.0,chunk_0067.json,POST /v1/generation/data/dpp-bulk,2026-05-31 21:45:53.767364+00:00,3218630,BİGAN ENERJİ BİGA BES,18239,2026-05-31T00:00:00+03:00,00:00
40W0000032186300,BİGAN ENERJİ BİGA BES,unknown,2026-05-31 01:00:00+03:00,,0.0,chunk_0067.json,POST /v1/generation/data/dpp-bulk,2026-05-31 21:45:53.767364+00:00,3218630,BİGAN ENERJİ BİGA BES,18239,2026-05-31T01:00:00+03:00,01:00
40W0000032186300,BİGAN ENERJİ BİGA BES,unknown,2026-05-31 02:00:00+03:00,,0.0,chunk_0067.json,POST /v1/generation/data/dpp-bulk,2026-05-31 21:45:53.767364+00:00,3218630,BİGAN ENERJİ BİGA BES,18239,2026-05-31T02:00:00+03:00,02:00
40W0000032186300,BİGAN ENERJİ BİGA BES,unknown,2026-05-31 03:00:00+03:00,,0.0,chunk_0067.json,POST /v1/generation/data/dpp-bulk,2026-05-31 21:45:53.767364+00:00,3218630,BİGAN ENERJİ BİGA BES,18239,2026-05-31T03:00:00+03:00,03:00
40W0000032186300,BİGAN ENERJİ BİGA BES,unknown,2026-05-31 04:00:00+03:00,,0.0,chunk_0067.json,POST /v1/generation/data/dpp-bulk,2026-05-31 21:45:53.767364+00:00,3218630,BİGAN ENERJİ BİGA BES,18239,2026-05-31T04:00:00+03:00,04:00
40W0000032186300,BİGAN ENERJİ BİGA BES,unknown,2026-05-31 05:00:00+03:00,,0.0,chunk_0067.json,POST /v1/generation/data/dpp-bulk,2026-05-31 21:45:53.767364+00:00,3218630,BİGAN ENERJİ BİGA BES,18239,2026-05-31T05:00:00+03:00,05:00
40W0000032186300,BİGAN ENERJİ BİGA BES,unknown,2026-05-31 06:00:00+03:00,,0.0,chunk_0067.json,POST /v1/generation/data/dpp-bulk,2026-05-31 21:45:53.767364+00:00,3218630,BİGAN ENERJİ BİGA BES,18239,2026-05-31T06:00:00+03:00,06:00
40W0000032186300,BİGAN ENERJİ BİGA BES,unknown,2026-05-31 07:00:00+03:00,,0.0,chunk_0067.json,POST /v1/generation/data/dpp-bulk,2026-05-31 21:45:53.767364+00:00,3218630,BİGAN ENERJİ BİGA BES,18239,2026-05-31T07:00:00+03:00,07:00
40W0000032186300,BİGAN ENERJİ BİGA BES,unknown,2026-05-31 08:00:00+03:00,,0.0,chunk_0067.json,POST /v1/generation/data/dpp-bulk,2026-05-31 21:45:53.767364+00:00,3218630,BİGAN ENERJİ BİGA BES,18239,2026-05-31T08:00:00+03:00,08:00
40W0000032186300,BİGAN ENERJİ BİGA BES,unknown,2026-05-31 09:00:00+03:00,,0.0,chunk_0067.json,POST /v1/generation/data/dpp-bulk,2026-05-31 21:45:53.767364+00:00,3218630,BİGAN ENERJİ BİGA BES,18239,2026-05-31T09:00:00+03:00,09:00
40W0000032186300,BİGAN ENERJİ BİGA BES,unknown,2026-05-31 10:00:00+03:00,,0.0,chunk_0067.json,POST /v1/generation/data/dpp-bulk,2026-05-31 21:45:53.767364+00:00,3218630,BİGAN ENERJİ BİGA BES,18239,2026-05-31T10:00:00+03:00,10:00
40W0000032186300,BİGAN ENERJİ BİGA BES,unknown,2026-05-31 11:00:00+03:00,,0.0,chunk_0067.json,POST /v1/generation/data/dpp-bulk,2026-05-31 21:45:53.767364+00:00,3218630,BİGAN ENERJİ BİGA BES,18239,2026-05-31T11:00:00+03:00,11:00
40W0000032186300,BİGAN ENERJİ BİGA BES,unknown,2026-05-31 12:00:00+03:00,,0.0,chunk_0067.json,POST /v1/generation/data/dpp-bulk,2026-05-31 21:45:53.767364+00:00,3218630,BİGAN ENERJİ BİGA BES,18239,2026-05-31T12:00:00+03:00,12:00
40W0000032186300,BİGAN ENERJİ BİGA BES,unknown,2026-05-31 13:00:00+03:00,,0.0,chunk_0067.json,POST /v1/generation/data/dpp-bulk,2026-05-31 21:45:53.767364+00:00,3218630,BİGAN ENERJİ BİGA BES,18239,2026-05-31T13:00:00+03:00,13:00
40W0000032186300,BİGAN ENERJİ BİGA BES,unknown,2026-05-31 14:00:00+03:00,,0.0,chunk_0067.json,POST /v1/generation/data/dpp-bulk,2026-05-31 21:45:53.767364+00:00,3218630,BİGAN ENERJİ BİGA BES,18239,2026-05-31T14:00:00+03:00,14:00
40W0000032186300,BİGAN ENERJİ BİGA BES,unknown,2026-05-31 15:00:00+03:00,,0.0,chunk_0067.json,POST /v1/generation/data/dpp-bulk,2026-05-31 21:45:53.767364+00:00,3218630,BİGAN ENERJİ BİGA BES,18239,2026-05-31T15:00:00+03:00,15:00
40W0000032186300,BİGAN ENERJİ BİGA BES,unknown,2026-05-31 16:00:00+03:00,,0.0,chunk_0067.json,POST /v1/generation/data/dpp-bulk,2026-05-31 21:45:53.767364+00:00,3218630,BİGAN ENERJİ BİGA BES,18239,2026-05-31T16:00:00+03:00,16:00
40W0000032186300,BİGAN ENERJİ BİGA BES,unknown,2026-05-31 17:00:00+03:00,,0.0,chunk_0067.json,POST /v1/generation/data/dpp-bulk,2026-05-31 21:45:53.767364+00:00,3218630,BİGAN ENERJİ BİGA BES,18239,2026-05-31T17:00:00+03:00,17:00
40W0000032186300,BİGAN ENERJİ BİGA BES,unknown,2026-05-31 18:00:00+03:00,,0.0,chunk_0067.json,POST /v1/generation/data/dpp-bulk,2026-05-31 21:45:53.767364+00:00,3218630,BİGAN ENERJİ BİGA BES,18239,2026-05-31T18:00:00+03:00,18:00
40W0000032186300,BİGAN ENERJİ BİGA BES,unknown,2026-05-31 19:00:00+03:00,,0.0,chunk_0067.json,POST /v1/generation/data/dpp-bulk,2026-05-31 21:45:53.767364+00:00,3218630,BİGAN ENERJİ BİGA BES,18239,2026-05-31T19:00:00+03:00,19:00
40W0000032186300,BİGAN ENERJİ BİGA BES,unknown,2026-05-31 20:00:00+03:00,,0.0,chunk_0067.json,POST /v1/generation/data/dpp-bulk,2026-05-31 21:45:53.767364+00:00,3218630,BİGAN ENERJİ BİGA BES,18239,2026-05-31T20:00:00+03:00,20:00
40W0000032186300,BİGAN ENERJİ BİGA BES,unknown,2026-05-31 21:00:00+03:00,,0.0,chunk_0067.json,POST /v1/generation/data/dpp-bulk,2026-05-31 21:45:53.767364+00:00,3218630,BİGAN ENERJİ BİGA BES,18239,2026-05-31T21:00:00+03:00,21:00
40W0000032186300,BİGAN ENERJİ BİGA BES,unknown,2026-05-31 22:00:00+03:00,,0.0,chunk_0067.json,POST /v1/generation/data/dpp-bulk,2026-05-31 21:45:53.767364+00:00,3218630,BİGAN ENERJİ BİGA BES,18239,2026-05-31T22:00:00+03:00,22:00
40W0000032186300,BİGAN ENERJİ BİGA BES,unknown,2026-05-31 23:00:00+03:00,,0.0,chunk_0067.json,POST /v1/generation/data/dpp-bulk,2026-05-31 21:45:53.767364+00:00,3218630,BİGAN ENERJİ BİGA BES,18239,2026-05-31T23:00:00+03:00,23:00
40W000003218850N,DİDİM BİYOKÜTLE TESİSİ,unknown,2026-05-31 00:00:00+03:00,,1.0,chunk_0067.json,POST /v1/generation/data/dpp-bulk,2026-05-31 21:45:53.767364+00:00,3218850,DİDİM BİYOKÜTLE TESİSİ,102704,2026-05-31T00:00:00+03:00,00:00
40W000003218850N,DİDİM BİYOKÜTLE TESİSİ,unknown,2026-05-31 01:00:00+03:00,,1.0,chunk_0067.json,POST /v1/generation/data/dpp-bulk,2026-05-31 21:45:53.767364+00:00,3218850,DİDİM BİYOKÜTLE TESİSİ,102704,2026-05-31T01:00:00+03:00,01:00
40W000003218850N,DİDİM BİYOKÜTLE TESİSİ,unknown,2026-05-31 02:00:00+03:00,,1.0,chunk_0067.json,POST /v1/generation/data/dpp-bulk,2026-05-31 21:45:53.767364+00:00,3218850,DİDİM BİYOKÜTLE TESİSİ,102704,2026-05-31T02:00:00+03:00,02:00
40W000003218850N,DİDİM BİYOKÜTLE TESİSİ,unknown,2026-05-31 03:00:00+03:00,,1.0,chunk_0067.json,POST /v1/generation/data/dpp-bulk,2026-05-31 21:45:53.767364+00:00,3218850,DİDİM BİYOKÜTLE TESİSİ,102704,2026-05-31T03:00:00+03:00,03:00
40W000003218850N,DİDİM BİYOKÜTLE TESİSİ,unknown,2026-05-31 04:00:00+03:00,,1.0,chunk_0067.json,POST /v1/generation/data/dpp-bulk,2026-05-31 21:45:53.767364+00:00,3218850,DİDİM BİYOKÜTLE TESİSİ,102704,2026-05-31T04:00:00+03:00,04:00
40W000003218850N,DİDİM BİYOKÜTLE TESİSİ,unknown,2026-05-31 05:00:00+03:00,,1.0,chunk_0067.json,POST /v1/generation/data/dpp-bulk,2026-05-31 21:45:53.767364+00:00,3218850,DİDİM BİYOKÜTLE TESİSİ,102704,2026-05-31T05:00:00+03:00,05:00
40W000003218850N,DİDİM BİYOKÜTLE TESİSİ,unknown,2026-05-31 06:00:00+03:00,,1.0,chunk_0067.json,POST /v1/generation/data/dpp-bulk,2026-05-31 21:45:53.767364+00:00,3218850,DİDİM BİYOKÜTLE TESİSİ,102704,2026-05-31T06:00:00+03:00,06:00
40W000003218850N,DİDİM BİYOKÜTLE TESİSİ,unknown,2026-05-31 07:00:00+03:00,,1.0,chunk_0067.json,POST /v1/generation/data/dpp-bulk,2026-05-31 21:45:53.767364+00:00,3218850,DİDİM BİYOKÜTLE TESİSİ,102704,2026-05-31T07:00:00+03:00,07:00
40W000003218850N,DİDİM BİYOKÜTLE TESİSİ,unknown,2026-05-31 08:00:00+03:00,,1.0,chunk_0067.json,POST /v1/generation/data/dpp-bulk,2026-05-31 21:45:53.767364+00:00,3218850,DİDİM BİYOKÜTLE TESİSİ,102704,2026-05-31T08:00:00+03:00,08:00
40W000003218850N,DİDİM BİYOKÜTLE TESİSİ,unknown,2026-05-31 09:00:00+03:00,,1.0,chunk_0067.json,POST /v1/generation/data/dpp-bulk,2026-05-31 21:45:53.767364+00:00,3218850,DİDİM BİYOKÜTLE TESİSİ,102704,2026-05-31T09:00:00+03:00,09:00
40W000003218850N,DİDİM BİYOKÜTLE TESİSİ,unknown,2026-05-31 10:00:00+03:00,,1.0,chunk_0067.json,POST /v1/generation/data/dpp-bulk,2026-05-31 21:45:53.767364+00:00,3218850,DİDİM BİYOKÜTLE TESİSİ,102704,2026-05-31T10:00:00+03:00,10:00
40W000003218850N,DİDİM BİYOKÜTLE TESİSİ,unknown,2026-05-31 11:00:00+03:00,,1.0,chunk_0067.json,POST /v1/generation/data/dpp-bulk,2026-05-31 21:45:53.767364+00:00,3218850,DİDİM BİYOKÜTLE TESİSİ,102704,2026-05-31T11:00:00+03:00,11:00
40W000003218850N,DİDİM BİYOKÜTLE TESİSİ,unknown,2026-05-31 12:00:00+03:00,,1.0,chunk_0067.json,POST /v1/generation/data/dpp-bulk,2026-05-31 21:45:53.767364+00:00,3218850,DİDİM BİYOKÜTLE TESİSİ,102704,2026-05-31T12:00:00+03:00,12:00
40W000003218850N,DİDİM BİYOKÜTLE TESİSİ,unknown,2026-05-31 13:00:00+03:00,,1.0,chunk_0067.json,POST /v1/generation/data/dpp-bulk,2026-05-31 21:45:53.767364+00:00,3218850,DİDİM BİYOKÜTLE TESİSİ,102704,2026-05-31T13:00:00+03:00,13:00
40W000003218850N,DİDİM BİYOKÜTLE TESİSİ,unknown,2026-05-31 14:00:00+03:00,,1.0,chunk_0067.json,POST /v1/generation/data/dpp-bulk,2026-05-31 21:45:53.767364+00:00,3218850,DİDİM BİYOKÜTLE TESİSİ,102704,2026-05-31T14:00:00+03:00,14:00
40W000003218850N,DİDİM BİYOKÜTLE TESİSİ,unknown,2026-05-31 15:00:00+03:00,,1.0,chunk_0067.json,POST /v1/generation/data/dpp-bulk,2026-05-31 21:45:53.767364+00:00,3218850,DİDİM BİYOKÜTLE TESİSİ,102704,2026-05-31T15:00:00+03:00,15:00
40W000003218850N,DİDİM BİYOKÜTLE TESİSİ,unknown,2026-05-31 16:00:00+03:00,,1.0,chunk_0067.json,POST /v1/generation/data/dpp-bulk,2026-05-31 21:45:53.767364+00:00,3218850,DİDİM BİYOKÜTLE TESİSİ,102704,2026-05-31T16:00:00+03:00,16:00
40W000003218850N,DİDİM BİYOKÜTLE TESİSİ,unknown,2026-05-31 17:00:00+03:00,,1.0,chunk_0067.json,POST /v1/generation/data/dpp-bulk,2026-05-31 21:45:53.767364+00:00,3218850,DİDİM BİYOKÜTLE TESİSİ,102704,2026-05-31T17:00:00+03:00,17:00
40W000003218850N,DİDİM BİYOKÜTLE TESİSİ,unknown,2026-05-31 18:00:00+03:00,,1.0,chunk_0067.json,POST /v1/generation/data/dpp-bulk,2026-05-31 21:45:53.767364+00:00,3218850,DİDİM BİYOKÜTLE TESİSİ,102704,2026-05-31T18:00:00+03:00,18:00
40W000003218850N,DİDİM BİYOKÜTLE TESİSİ,unknown,2026-05-31 19:00:00+03:00,,1.0,chunk_0067.json,POST /v1/generation/data/dpp-bulk,2026-05-31 21:45:53.767364+00:00,3218850,DİDİM BİYOKÜTLE TESİSİ,102704,2026-05-31T19:00:00+03:00,19:00
40W000003218850N,DİDİM BİYOKÜTLE TESİSİ,unknown,2026-05-31 20:00:00+03:00,,1.0,chunk_0067.json,POST /v1/generation/data/dpp-bulk,2026-05-31 21:45:53.767364+00:00,3218850,DİDİM BİYOKÜTLE TESİSİ,102704,2026-05-31T20:00:00+03:00,20:00
40W000003218850N,DİDİM BİYOKÜTLE TESİSİ,unknown,2026-05-31 21:00:00+03:00,,1.0,chunk_0067.json,POST /v1/generation/data/dpp-bulk,2026-05-31 21:45:53.767364+00:00,3218850,DİDİM BİYOKÜTLE TESİSİ,102704,2026-05-31T21:00:00+03:00,21:00
40W000003218850N,DİDİM BİYOKÜTLE TESİSİ,unknown,2026-05-31 22:00:00+03:00,,1.0,chunk_0067.json,POST /v1/generation/data/dpp-bulk,2026-05-31 21:45:53.767364+00:00,3218850,DİDİM BİYOKÜTLE TESİSİ,102704,2026-05-31T22:00:00+03:00,22:00
40W000003218850N,DİDİM BİYOKÜTLE TESİSİ,unknown,2026-05-31 23:00:00+03:00,,1.0,chunk_0067.json,POST /v1/generation/data/dpp-bulk,2026-05-31 21:45:53.767364+00:00,3218850,DİDİM BİYOKÜTLE TESİSİ,102704,2026-05-31T23:00:00+03:00,23:00
40W0000032186106,NATURE ENERJİ SANTRALİ,unknown,2026-05-31 00:00:00+03:00,,9.5,chunk_0067.json,POST /v1/generation/data/dpp-bulk,2026-05-31 21:45:53.767364+00:00,3218610,NATURE ENERJİ SANTRALİ,103060,2026-05-31T00:00:00+03:00,00:00
40W0000032186106,NATURE ENERJİ SANTRALİ,unknown,2026-05-31 01:00:00+03:00,,9.5,chunk_0067.json,POST /v1/generation/data/dpp-bulk,2026-05-31 21:45:53.767364+00:00,3218610,NATURE ENERJİ SANTRALİ,103060,2026-05-31T01:00:00+03:00,01:00
40W0000032186106,NATURE ENERJİ SANTRALİ,unknown,2026-05-31 02:00:00+03:00,,9.5,chunk_0067.json,POST /v1/generation/data/dpp-bulk,2026-05-31 21:45:53.767364+00:00,3218610,NATURE ENERJİ SANTRALİ,103060,2026-05-31T02:00:00+03:00,02:00
40W0000032186106,NATURE ENERJİ SANTRALİ,unknown,2026-05-31 03:00:00+03:00,,9.5,chunk_0067.json,POST /v1/generation/data/dpp-bulk,2026-05-31 21:45:53.767364+00:00,3218610,NATURE ENERJİ SANTRALİ,103060,2026-05-31T03:00:00+03:00,03:00
40W0000032186106,NATURE ENERJİ SANTRALİ,unknown,2026-05-31 04:00:00+03:00,,9.5,chunk_0067.json,POST /v1/generation/data/dpp-bulk,2026-05-31 21:45:53.767364+00:00,3218610,NATURE ENERJİ SANTRALİ,103060,2026-05-31T04:00:00+03:00,04:00
40W0000032186106,NATURE ENERJİ SANTRALİ,unknown,2026-05-31 05:00:00+03:00,,9.5,chunk_0067.json,POST /v1/generation/data/dpp-bulk,2026-05-31 21:45:53.767364+00:00,3218610,NATURE ENERJİ SANTRALİ,103060,2026-05-31T05:00:00+03:00,05:00
40W0000032186106,NATURE ENERJİ SANTRALİ,unknown,2026-05-31 06:00:00+03:00,,9.5,chunk_0067.json,POST /v1/generation/data/dpp-bulk,2026-05-31 21:45:53.767364+00:00,3218610,NATURE ENERJİ SANTRALİ,103060,2026-05-31T06:00:00+03:00,06:00
40W0000032186106,NATURE ENERJİ SANTRALİ,unknown,2026-05-31 07:00:00+03:00,,9.5,chunk_0067.json,POST /v1/generation/data/dpp-bulk,2026-05-31 21:45:53.767364+00:00,3218610,NATURE ENERJİ SANTRALİ,103060,2026-05-31T07:00:00+03:00,07:00
40W0000032186106,NATURE ENERJİ SANTRALİ,unknown,2026-05-31 08:00:00+03:00,,9.5,chunk_0067.json,POST /v1/generation/data/dpp-bulk,2026-05-31 21:45:53.767364+00:00,3218610,NATURE ENERJİ SANTRALİ,103060,2026-05-31T08:00:00+03:00,08:00
40W0000032186106,NATURE ENERJİ SANTRALİ,unknown,2026-05-31 09:00:00+03:00,,9.5,chunk_0067.json,POST /v1/generation/data/dpp-bulk,2026-05-31 21:45:53.767364+00:00,3218610,NATURE ENERJİ SANTRALİ,103060,2026-05-31T09:00:00+03:00,09:00
40W0000032186106,NATURE ENERJİ SANTRALİ,unknown,2026-05-31 10:00:00+03:00,,9.0,chunk_0067.json,POST /v1/generation/data/dpp-bulk,2026-05-31 21:45:53.767364+00:00,3218610,NATURE ENERJİ SANTRALİ,103060,2026-05-31T10:00:00+03:00,10:00
40W0000032186106,NATURE ENERJİ SANTRALİ,unknown,2026-05-31 11:00:00+03:00,,9.0,chunk_0067.json,POST /v1/generation/data/dpp-bulk,2026-05-31 21:45:53.767364+00:00,3218610,NATURE ENERJİ SANTRALİ,103060,2026-05-31T11:00:00+03:00,11:00
40W0000032186106,NATURE ENERJİ SANTRALİ,unknown,2026-05-31 12:00:00+03:00,,9.0,chunk_0067.json,POST /v1/generation/data/dpp-bulk,2026-05-31 21:45:53.767364+00:00,3218610,NATURE ENERJİ SANTRALİ,103060,2026-05-31T12:00:00+03:00,12:00
40W0000032186106,NATURE ENERJİ SANTRALİ,unknown,2026-05-31 13:00:00+03:00,,9.0,chunk_0067.json,POST /v1/generation/data/dpp-bulk,2026-05-31 21:45:53.767364+00:00,3218610,NATURE ENERJİ SANTRALİ,103060,2026-05-31T13:00:00+03:00,13:00
40W0000032186106,NATURE ENERJİ SANTRALİ,unknown,2026-05-31 14:00:00+03:00,,9.0,chunk_0067.json,POST /v1/generation/data/dpp-bulk,2026-05-31 21:45:53.767364+00:00,3218610,NATURE ENERJİ SANTRALİ,103060,2026-05-31T14:00:00+03:00,14:00
40W0000032186106,NATURE ENERJİ SANTRALİ,unknown,2026-05-31 15:00:00+03:00,,2.62,chunk_0067.json,POST /v1/generation/data/dpp-bulk,2026-05-31 21:45:53.767364+00:00,3218610,NATURE ENERJİ SANTRALİ,103060,2026-05-31T15:00:00+03:00,15:00
40W0000032186106,NATURE ENERJİ SANTRALİ,unknown,2026-05-31 16:00:00+03:00,,1.28,chunk_0067.json,POST /v1/generation/data/dpp-bulk,2026-05-31 21:45:53.767364+00:00,3218610,NATURE ENERJİ SANTRALİ,103060,2026-05-31T16:00:00+03:00,16:00
40W0000032186106,NATURE ENERJİ SANTRALİ,unknown,2026-05-31 17:00:00+03:00,,0.0,chunk_0067.json,POST /v1/generation/data/dpp-bulk,2026-05-31 21:45:53.767364+00:00,3218610,NATURE ENERJİ SANTRALİ,103060,2026-05-31T17:00:00+03:00,17:00
40W0000032186106,NATURE ENERJİ SANTRALİ,unknown,2026-05-31 18:00:00+03:00,,9.0,chunk_0067.json,POST /v1/generation/data/dpp-bulk,2026-05-31 21:45:53.767364+00:00,3218610,NATURE ENERJİ SANTRALİ,103060,2026-05-31T18:00:00+03:00,18:00
40W0000032186106,NATURE ENERJİ SANTRALİ,unknown,2026-05-31 19:00:00+03:00,,9.5,chunk_0067.json,POST /v1/generation/data/dpp-bulk,2026-05-31 21:45:53.767364+00:00,3218610,NATURE ENERJİ SANTRALİ,103060,2026-05-31T19:00:00+03:00,19:00
40W0000032186106,NATURE ENERJİ SANTRALİ,unknown,2026-05-31 20:00:00+03:00,,0.0,chunk_0067.json,POST /v1/generation/data/dpp-bulk,2026-05-31 21:45:53.767364+00:00,3218610,NATURE ENERJİ SANTRALİ,103060,2026-05-31T20:00:00+03:00,20:00
40W0000032186106,NATURE ENERJİ SANTRALİ,unknown,2026-05-31 21:00:00+03:00,,0.0,chunk_0067.json,POST /v1/generation/data/dpp-bulk,2026-05-31 21:45:53.767364+00:00,3218610,NATURE ENERJİ SANTRALİ,103060,2026-05-31T21:00:00+03:00,21:00
40W0000032186106,NATURE ENERJİ SANTRALİ,unknown,2026-05-31 22:00:00+03:00,,0.0,chunk_0067.json,POST /v1/generation/data/dpp-bulk,2026-05-31 21:45:53.767364+00:00,3218610,NATURE ENERJİ SANTRALİ,103060,2026-05-31T22:00:00+03:00,22:00
40W0000032186106,NATURE ENERJİ SANTRALİ,unknown,2026-05-31 23:00:00+03:00,,9.5,chunk_0067.json,POST /v1/generation/data/dpp-bulk,2026-05-31 21:45:53.767364+00:00,3218610,NATURE ENERJİ SANTRALİ,103060,2026-05-31T23:00:00+03:00,23:00
40W000003218790F,BALIKESİR BİYOGAZ ENERJİ SANTRALİ,unknown,2026-05-31 00:00:00+03:00,,2.1,chunk_0067.json,POST /v1/generation/data/dpp-bulk,2026-05-31 21:45:53.767364+00:00,3218790,BALIKESİR BİYOGAZ ENERJİ SANTRALİ,103060,2026-05-31T00:00:00+03:00,00:00
40W000003218790F,BALIKESİR BİYOGAZ ENERJİ SANTRALİ,unknown,2026-05-31 01:00:00+03:00,,2.1,chunk_0067.json,POST /v1/generation/data/dpp-bulk,2026-05-31 21:45:53.767364+00:00,3218790,BALIKESİR BİYOGAZ ENERJİ SANTRALİ,103060,2026-05-31T01:00:00+03:00,01:00
40W000003218790F,BALIKESİR BİYOGAZ ENERJİ SANTRALİ,unknown,2026-05-31 02:00:00+03:00,,2.1,chunk_0067.json,POST /v1/generation/data/dpp-bulk,2026-05-31 21:45:53.767364+00:00,3218790,BALIKESİR BİYOGAZ ENERJİ SANTRALİ,103060,2026-05-31T02:00:00+03:00,02:00
40W000003218790F,BALIKESİR BİYOGAZ ENERJİ SANTRALİ,unknown,2026-05-31 03:00:00+03:00,,2.1,chunk_0067.json,POST /v1/generation/data/dpp-bulk,2026-05-31 21:45:53.767364+00:00,3218790,BALIKESİR BİYOGAZ ENERJİ SANTRALİ,103060,2026-05-31T03:00:00+03:00,03:00
40W000003218790F,BALIKESİR BİYOGAZ ENERJİ SANTRALİ,unknown,2026-05-31 04:00:00+03:00,,2.1,chunk_0067.json,POST /v1/generation/data/dpp-bulk,2026-05-31 21:45:53.767364+00:00,3218790,BALIKESİR BİYOGAZ ENERJİ SANTRALİ,103060,2026-05-31T04:00:00+03:00,04:00
40W000003218790F,BALIKESİR BİYOGAZ ENERJİ SANTRALİ,unknown,2026-05-31 05:00:00+03:00,,2.1,chunk_0067.json,POST /v1/generation/data/dpp-bulk,2026-05-31 21:45:53.767364+00:00,3218790,BALIKESİR BİYOGAZ ENERJİ SANTRALİ,103060,2026-05-31T05:00:00+03:00,05:00
40W000003218790F,BALIKESİR BİYOGAZ ENERJİ SANTRALİ,unknown,2026-05-31 06:00:00+03:00,,2.1,chunk_0067.json,POST /v1/generation/data/dpp-bulk,2026-05-31 21:45:53.767364+00:00,3218790,BALIKESİR BİYOGAZ ENERJİ SANTRALİ,103060,2026-05-31T06:00:00+03:00,06:00
40W000003218790F,BALIKESİR BİYOGAZ ENERJİ SANTRALİ,unknown,2026-05-31 07:00:00+03:00,,2.1,chunk_0067.json,POST /v1/generation/data/dpp-bulk,2026-05-31 21:45:53.767364+00:00,3218790,BALIKESİR BİYOGAZ ENERJİ SANTRALİ,103060,2026-05-31T07:00:00+03:00,07:00
40W000003218790F,BALIKESİR BİYOGAZ ENERJİ SANTRALİ,unknown,2026-05-31 08:00:00+03:00,,2.1,chunk_0067.json,POST /v1/generation/data/dpp-bulk,2026-05-31 21:45:53.767364+00:00,3218790,BALIKESİR BİYOGAZ ENERJİ SANTRALİ,103060,2026-05-31T08:00:00+03:00,08:00
40W000003218790F,BALIKESİR BİYOGAZ ENERJİ SANTRALİ,unknown,2026-05-31 09:00:00+03:00,,2.1,chunk_0067.json,POST /v1/generation/data/dpp-bulk,2026-05-31 21:45:53.767364+00:00,3218790,BALIKESİR BİYOGAZ ENERJİ SANTRALİ,103060,2026-05-31T09:00:00+03:00,09:00
40W000003218790F,BALIKESİR BİYOGAZ ENERJİ SANTRALİ,unknown,2026-05-31 10:00:00+03:00,,2.1,chunk_0067.json,POST /v1/generation/data/dpp-bulk,2026-05-31 21:45:53.767364+00:00,3218790,BALIKESİR BİYOGAZ ENERJİ SANTRALİ,103060,2026-05-31T10:00:00+03:00,10:00
40W000003218790F,BALIKESİR BİYOGAZ ENERJİ SANTRALİ,unknown,2026-05-31 11:00:00+03:00,,2.1,chunk_0067.json,POST /v1/generation/data/dpp-bulk,2026-05-31 21:45:53.767364+00:00,3218790,BALIKESİR BİYOGAZ ENERJİ SANTRALİ,103060,2026-05-31T11:00:00+03:00,11:00
40W000003218790F,BALIKESİR BİYOGAZ ENERJİ SANTRALİ,unknown,2026-05-31 12:00:00+03:00,,2.1,chunk_0067.json,POST /v1/generation/data/dpp-bulk,2026-05-31 21:45:53.767364+00:00,3218790,BALIKESİR BİYOGAZ ENERJİ SANTRALİ,103060,2026-05-31T12:00:00+03:00,12:00
40W000003218790F,BALIKESİR BİYOGAZ ENERJİ SANTRALİ,unknown,2026-05-31 13:00:00+03:00,,2.1,chunk_0067.json,POST /v1/generation/data/dpp-bulk,2026-05-31 21:45:53.767364+00:00,3218790,BALIKESİR BİYOGAZ ENERJİ SANTRALİ,103060,2026-05-31T13:00:00+03:00,13:00
40W000003218790F,BALIKESİR BİYOGAZ ENERJİ SANTRALİ,unknown,2026-05-31 14:00:00+03:00,,2.1,chunk_0067.json,POST /v1/generation/data/dpp-bulk,2026-05-31 21:45:53.767364+00:00,3218790,BALIKESİR BİYOGAZ ENERJİ SANTRALİ,103060,2026-05-31T14:00:00+03:00,14:00
40W000003218790F,BALIKESİR BİYOGAZ ENERJİ SANTRALİ,unknown,2026-05-31 15:00:00+03:00,,2.1,chunk_0067.json,POST /v1/generation/data/dpp-bulk,2026-05-31 21:45:53.767364+00:00,3218790,BALIKESİR BİYOGAZ ENERJİ SANTRALİ,103060,2026-05-31T15:00:00+03:00,15:00
40W000003218790F,BALIKESİR BİYOGAZ ENERJİ SANTRALİ,unknown,2026-05-31 16:00:00+03:00,,2.1,chunk_0067.json,POST /v1/generation/data/dpp-bulk,2026-05-31 21:45:53.767364+00:00,3218790,BALIKESİR BİYOGAZ ENERJİ SANTRALİ,103060,2026-05-31T16:00:00+03:00,16:00
40W000003218790F,BALIKESİR BİYOGAZ ENERJİ SANTRALİ,unknown,2026-05-31 17:00:00+03:00,,2.1,chunk_0067.json,POST /v1/generation/data/dpp-bulk,2026-05-31 21:45:53.767364+00:00,3218790,BALIKESİR BİYOGAZ ENERJİ SANTRALİ,103060,2026-05-31T17:00:00+03:00,17:00
40W000003218790F,BALIKESİR BİYOGAZ ENERJİ SANTRALİ,unknown,2026-05-31 18:00:00+03:00,,2.1,chunk_0067.json,POST /v1/generation/data/dpp-bulk,2026-05-31 21:45:53.767364+00:00,3218790,BALIKESİR BİYOGAZ ENERJİ SANTRALİ,103060,2026-05-31T18:00:00+03:00,18:00
40W000003218790F,BALIKESİR BİYOGAZ ENERJİ SANTRALİ,unknown,2026-05-31 19:00:00+03:00,,2.1,chunk_0067.json,POST /v1/generation/data/dpp-bulk,2026-05-31 21:45:53.767364+00:00,3218790,BALIKESİR BİYOGAZ ENERJİ SANTRALİ,103060,2026-05-31T19:00:00+03:00,19:00
40W000003218790F,BALIKESİR BİYOGAZ ENERJİ SANTRALİ,unknown,2026-05-31 20:00:00+03:00,,2.1,chunk_0067.json,POST /v1/generation/data/dpp-bulk,2026-05-31 21:45:53.767364+00:00,3218790,BALIKESİR BİYOGAZ ENERJİ SANTRALİ,103060,2026-05-31T20:00:00+03:00,20:00
40W000003218790F,BALIKESİR BİYOGAZ ENERJİ SANTRALİ,unknown,2026-05-31 21:00:00+03:00,,1.9,chunk_0067.json,POST /v1/generation/data/dpp-bulk,2026-05-31 21:45:53.767364+00:00,3218790,BALIKESİR BİYOGAZ ENERJİ SANTRALİ,103060,2026-05-31T21:00:00+03:00,21:00
40W000003218790F,BALIKESİR BİYOGAZ ENERJİ SANTRALİ,unknown,2026-05-31 22:00:00+03:00,,1.9,chunk_0067.json,POST /v1/generation/data/dpp-bulk,2026-05-31 21:45:53.767364+00:00,3218790,BALIKESİR BİYOGAZ ENERJİ SANTRALİ,103060,2026-05-31T22:00:00+03:00,22:00
40W000003218790F,BALIKESİR BİYOGAZ ENERJİ SANTRALİ,unknown,2026-05-31 23:00:00+03:00,,2.1,chunk_0067.json,POST /v1/generation/data/dpp-bulk,2026-05-31 21:45:53.767364+00:00,3218790,BALIKESİR BİYOGAZ ENERJİ SANTRALİ,103060,2026-05-31T23:00:00+03:00,23:00
40W000003218830T,MCR PİROLİZ BES,unknown,2026-05-31 00:00:00+03:00,,0.0,chunk_0067.json,POST /v1/generation/data/dpp-bulk,2026-05-31 21:45:53.767364+00:00,3218830,MCR PİROLİZ BES,103060,2026-05-31T00:00:00+03:00,00:00
40W000003218830T,MCR PİROLİZ BES,unknown,2026-05-31 01:00:00+03:00,,0.0,chunk_0067.json,POST /v1/generation/data/dpp-bulk,2026-05-31 21:45:53.767364+00:00,3218830,MCR PİROLİZ BES,103060,2026-05-31T01:00:00+03:00,01:00
40W000003218830T,MCR PİROLİZ BES,unknown,2026-05-31 02:00:00+03:00,,0.0,chunk_0067.json,POST /v1/generation/data/dpp-bulk,2026-05-31 21:45:53.767364+00:00,3218830,MCR PİROLİZ BES,103060,2026-05-31T02:00:00+03:00,02:00
40W000003218830T,MCR PİROLİZ BES,unknown,2026-05-31 03:00:00+03:00,,0.0,chunk_0067.json,POST /v1/generation/data/dpp-bulk,2026-05-31 21:45:53.767364+00:00,3218830,MCR PİROLİZ BES,103060,2026-05-31T03:00:00+03:00,03:00
40W000003218830T,MCR PİROLİZ BES,unknown,2026-05-31 04:00:00+03:00,,0.0,chunk_0067.json,POST /v1/generation/data/dpp-bulk,2026-05-31 21:45:53.767364+00:00,3218830,MCR PİROLİZ BES,103060,2026-05-31T04:00:00+03:00,04:00
40W000003218830T,MCR PİROLİZ BES,unknown,2026-05-31 05:00:00+03:00,,0.0,chunk_0067.json,POST /v1/generation/data/dpp-bulk,2026-05-31 21:45:53.767364+00:00,3218830,MCR PİROLİZ BES,103060,2026-05-31T05:00:00+03:00,05:00
40W000003218830T,MCR PİROLİZ BES,unknown,2026-05-31 06:00:00+03:00,,0.0,chunk_0067.json,POST /v1/generation/data/dpp-bulk,2026-05-31 21:45:53.767364+00:00,3218830,MCR PİROLİZ BES,103060,2026-05-31T06:00:00+03:00,06:00
40W000003218830T,MCR PİROLİZ BES,unknown,2026-05-31 07:00:00+03:00,,0.0,chunk_0067.json,POST /v1/generation/data/dpp-bulk,2026-05-31 21:45:53.767364+00:00,3218830,MCR PİROLİZ BES,103060,2026-05-31T07:00:00+03:00,07:00
40W000003218830T,MCR PİROLİZ BES,unknown,2026-05-31 08:00:00+03:00,,0.0,chunk_0067.json,POST /v1/generation/data/dpp-bulk,2026-05-31 21:45:53.767364+00:00,3218830,MCR PİROLİZ BES,103060,2026-05-31T08:00:00+03:00,08:00
40W000003218830T,MCR PİROLİZ BES,unknown,2026-05-31 09:00:00+03:00,,0.0,chunk_0067.json,POST /v1/generation/data/dpp-bulk,2026-05-31 21:45:53.767364+00:00,3218830,MCR PİROLİZ BES,103060,2026-05-31T09:00:00+03:00,09:00
40W000003218830T,MCR PİROLİZ BES,unknown,2026-05-31 10:00:00+03:00,,0.0,chunk_0067.json,POST /v1/generation/data/dpp-bulk,2026-05-31 21:45:53.767364+00:00,3218830,MCR PİROLİZ BES,103060,2026-05-31T10:00:00+03:00,10:00
40W000003218830T,MCR PİROLİZ BES,unknown,2026-05-31 11:00:00+03:00,,0.0,chunk_0067.json,POST /v1/generation/data/dpp-bulk,2026-05-31 21:45:53.767364+00:00,3218830,MCR PİROLİZ BES,103060,2026-05-31T11:00:00+03:00,11:00
40W000003218830T,MCR PİROLİZ BES,unknown,2026-05-31 12:00:00+03:00,,0.0,chunk_0067.json,POST /v1/generation/data/dpp-bulk,2026-05-31 21:45:53.767364+00:00,3218830,MCR PİROLİZ BES,103060,2026-05-31T12:00:00+03:00,12:00
40W000003218830T,MCR PİROLİZ BES,unknown,2026-05-31 13:00:00+03:00,,0.0,chunk_0067.json,POST /v1/generation/data/dpp-bulk,2026-05-31 21:45:53.767364+00:00,3218830,MCR PİROLİZ BES,103060,2026-05-31T13:00:00+03:00,13:00
40W000003218830T,MCR PİROLİZ BES,unknown,2026-05-31 14:00:00+03:00,,0.0,chunk_0067.json,POST /v1/generation/data/dpp-bulk,2026-05-31 21:45:53.767364+00:00,3218830,MCR PİROLİZ BES,103060,2026-05-31T14:00:00+03:00,14:00
40W000003218830T,MCR PİROLİZ BES,unknown,2026-05-31 15:00:00+03:00,,0.0,chunk_0067.json,POST /v1/generation/data/dpp-bulk,2026-05-31 21:45:53.767364+00:00,3218830,MCR PİROLİZ BES,103060,2026-05-31T15:00:00+03:00,15:00
40W000003218830T,MCR PİROLİZ BES,unknown,2026-05-31 16:00:00+03:00,,0.0,chunk_0067.json,POST /v1/generation/data/dpp-bulk,2026-05-31 21:45:53.767364+00:00,3218830,MCR PİROLİZ BES,103060,2026-05-31T16:00:00+03:00,16:00
40W000003218830T,MCR PİROLİZ BES,unknown,2026-05-31 17:00:00+03:00,,0.0,chunk_0067.json,POST /v1/generation/data/dpp-bulk,2026-05-31 21:45:53.767364+00:00,3218830,MCR PİROLİZ BES,103060,2026-05-31T17:00:00+03:00,17:00
40W000003218830T,MCR PİROLİZ BES,unknown,2026-05-31 18:00:00+03:00,,0.0,chunk_0067.json,POST /v1/generation/data/dpp-bulk,2026-05-31 21:45:53.767364+00:00,3218830,MCR PİROLİZ BES,103060,2026-05-31T18:00:00+03:00,18:00
40W000003218830T,MCR PİROLİZ BES,unknown,2026-05-31 19:00:00+03:00,,0.0,chunk_0067.json,POST /v1/generation/data/dpp-bulk,2026-05-31 21:45:53.767364+00:00,3218830,MCR PİROLİZ BES,103060,2026-05-31T19:00:00+03:00,19:00
40W000003218830T,MCR PİROLİZ BES,unknown,2026-05-31 20:00:00+03:00,,0.0,chunk_0067.json,POST /v1/generation/data/dpp-bulk,2026-05-31 21:45:53.767364+00:00,3218830,MCR PİROLİZ BES,103060,2026-05-31T20:00:00+03:00,20:00
40W000003218830T,MCR PİROLİZ BES,unknown,2026-05-31 21:00:00+03:00,,0.0,chunk_0067.json,POST /v1/generation/data/dpp-bulk,2026-05-31 21:45:53.767364+00:00,3218830,MCR PİROLİZ BES,103060,2026-05-31T21:00:00+03:00,21:00
40W000003218830T,MCR PİROLİZ BES,unknown,2026-05-31 22:00:00+03:00,,0.0,chunk_0067.json,POST /v1/generation/data/dpp-bulk,2026-05-31 21:45:53.767364+00:00,3218830,MCR PİROLİZ BES,103060,2026-05-31T22:00:00+03:00,22:00
40W000003218830T,MCR PİROLİZ BES,unknown,2026-05-31 23:00:00+03:00,,0.0,chunk_0067.json,POST /v1/generation/data/dpp-bulk,2026-05-31 21:45:53.767364+00:00,3218830,MCR PİROLİZ BES,103060,2026-05-31T23:00:00+03:00,23:00
40W000003218510A,İLKİM ENERJİ,unknown,2026-05-31 00:00:00+03:00,,0.0,chunk_0067.json,POST /v1/generation/data/dpp-bulk,2026-05-31 21:45:53.767364+00:00,3218510,İLKİM ENERJİ,103201,2026-05-31T00:00:00+03:00,00:00
40W000003218510A,İLKİM ENERJİ,unknown,2026-05-31 01:00:00+03:00,,0.0,chunk_0067.json,POST /v1/generation/data/dpp-bulk,2026-05-31 21:45:53.767364+00:00,3218510,İLKİM ENERJİ,103201,2026-05-31T01:00:00+03:00,01:00
40W000003218510A,İLKİM ENERJİ,unknown,2026-05-31 02:00:00+03:00,,0.0,chunk_0067.json,POST /v1/generation/data/dpp-bulk,2026-05-31 21:45:53.767364+00:00,3218510,İLKİM ENERJİ,103201,2026-05-31T02:00:00+03:00,02:00
40W000003218510A,İLKİM ENERJİ,unknown,2026-05-31 03:00:00+03:00,,0.0,chunk_0067.json,POST /v1/generation/data/dpp-bulk,2026-05-31 21:45:53.767364+00:00,3218510,İLKİM ENERJİ,103201,2026-05-31T03:00:00+03:00,03:00
40W000003218510A,İLKİM ENERJİ,unknown,2026-05-31 04:00:00+03:00,,0.0,chunk_0067.json,POST /v1/generation/data/dpp-bulk,2026-05-31 21:45:53.767364+00:00,3218510,İLKİM ENERJİ,103201,2026-05-31T04:00:00+03:00,04:00
40W000003218510A,İLKİM ENERJİ,unknown,2026-05-31 05:00:00+03:00,,0.0,chunk_0067.json,POST /v1/generation/data/dpp-bulk,2026-05-31 21:45:53.767364+00:00,3218510,İLKİM ENERJİ,103201,2026-05-31T05:00:00+03:00,05:00
40W000003218510A,İLKİM ENERJİ,unknown,2026-05-31 06:00:00+03:00,,0.3,chunk_0067.json,POST /v1/generation/data/dpp-bulk,2026-05-31 21:45:53.767364+00:00,3218510,İLKİM ENERJİ,103201,2026-05-31T06:00:00+03:00,06:00
40W000003218510A,İLKİM ENERJİ,unknown,2026-05-31 07:00:00+03:00,,0.8,chunk_0067.json,POST /v1/generation/data/dpp-bulk,2026-05-31 21:45:53.767364+00:00,3218510,İLKİM ENERJİ,103201,2026-05-31T07:00:00+03:00,07:00
40W000003218510A,İLKİM ENERJİ,unknown,2026-05-31 08:00:00+03:00,,1.9,chunk_0067.json,POST /v1/generation/data/dpp-bulk,2026-05-31 21:45:53.767364+00:00,3218510,İLKİM ENERJİ,103201,2026-05-31T08:00:00+03:00,08:00
40W000003218510A,İLKİM ENERJİ,unknown,2026-05-31 09:00:00+03:00,,2.3,chunk_0067.json,POST /v1/generation/data/dpp-bulk,2026-05-31 21:45:53.767364+00:00,3218510,İLKİM ENERJİ,103201,2026-05-31T09:00:00+03:00,09:00
40W000003218510A,İLKİM ENERJİ,unknown,2026-05-31 10:00:00+03:00,,2.9,chunk_0067.json,POST /v1/generation/data/dpp-bulk,2026-05-31 21:45:53.767364+00:00,3218510,İLKİM ENERJİ,103201,2026-05-31T10:00:00+03:00,10:00
40W000003218510A,İLKİM ENERJİ,unknown,2026-05-31 11:00:00+03:00,,2.5,chunk_0067.json,POST /v1/generation/data/dpp-bulk,2026-05-31 21:45:53.767364+00:00,3218510,İLKİM ENERJİ,103201,2026-05-31T11:00:00+03:00,11:00
40W000003218510A,İLKİM ENERJİ,unknown,2026-05-31 12:00:00+03:00,,1.9,chunk_0067.json,POST /v1/generation/data/dpp-bulk,2026-05-31 21:45:53.767364+00:00,3218510,İLKİM ENERJİ,103201,2026-05-31T12:00:00+03:00,12:00
40W000003218510A,İLKİM ENERJİ,unknown,2026-05-31 13:00:00+03:00,,2.0,chunk_0067.json,POST /v1/generation/data/dpp-bulk,2026-05-31 21:45:53.767364+00:00,3218510,İLKİM ENERJİ,103201,2026-05-31T13:00:00+03:00,13:00
40W000003218510A,İLKİM ENERJİ,unknown,2026-05-31 14:00:00+03:00,,2.2,chunk_0067.json,POST /v1/generation/data/dpp-bulk,2026-05-31 21:45:53.767364+00:00,3218510,İLKİM ENERJİ,103201,2026-05-31T14:00:00+03:00,14:00
40W000003218510A,İLKİM ENERJİ,unknown,2026-05-31 15:00:00+03:00,,1.7,chunk_0067.json,POST /v1/generation/data/dpp-bulk,2026-05-31 21:45:53.767364+00:00,3218510,İLKİM ENERJİ,103201,2026-05-31T15:00:00+03:00,15:00
40W000003218510A,İLKİM ENERJİ,unknown,2026-05-31 16:00:00+03:00,,1.3,chunk_0067.json,POST /v1/generation/data/dpp-bulk,2026-05-31 21:45:53.767364+00:00,3218510,İLKİM ENERJİ,103201,2026-05-31T16:00:00+03:00,16:00
40W000003218510A,İLKİM ENERJİ,unknown,2026-05-31 17:00:00+03:00,,0.4,chunk_0067.json,POST /v1/generation/data/dpp-bulk,2026-05-31 21:45:53.767364+00:00,3218510,İLKİM ENERJİ,103201,2026-05-31T17:00:00+03:00,17:00
40W000003218510A,İLKİM ENERJİ,unknown,2026-05-31 18:00:00+03:00,,0.1,chunk_0067.json,POST /v1/generation/data/dpp-bulk,2026-05-31 21:45:53.767364+00:00,3218510,İLKİM ENERJİ,103201,2026-05-31T18:00:00+03:00,18:00
40W000003218510A,İLKİM ENERJİ,unknown,2026-05-31 19:00:00+03:00,,0.0,chunk_0067.json,POST /v1/generation/data/dpp-bulk,2026-05-31 21:45:53.767364+00:00,3218510,İLKİM ENERJİ,103201,2026-05-31T19:00:00+03:00,19:00
40W000003218510A,İLKİM ENERJİ,unknown,2026-05-31 20:00:00+03:00,,0.0,chunk_0067.json,POST /v1/generation/data/dpp-bulk,2026-05-31 21:45:53.767364+00:00,3218510,İLKİM ENERJİ,103201,2026-05-31T20:00:00+03:00,20:00
40W000003218510A,İLKİM ENERJİ,unknown,2026-05-31 21:00:00+03:00,,0.0,chunk_0067.json,POST /v1/generation/data/dpp-bulk,2026-05-31 21:45:53.767364+00:00,3218510,İLKİM ENERJİ,103201,2026-05-31T21:00:00+03:00,21:00
40W000003218510A,İLKİM ENERJİ,unknown,2026-05-31 22:00:00+03:00,,0.0,chunk_0067.json,POST /v1/generation/data/dpp-bulk,2026-05-31 21:45:53.767364+00:00,3218510,İLKİM ENERJİ,103201,2026-05-31T22:00:00+03:00,22:00
40W000003218510A,İLKİM ENERJİ,unknown,2026-05-31 23:00:00+03:00,,0.0,chunk_0067.json,POST /v1/generation/data/dpp-bulk,2026-05-31 21:45:53.767364+00:00,3218510,İLKİM ENERJİ,103201,2026-05-31T23:00:00+03:00,23:00
40W000003218730X,ÇALTI REGÜLATÖRÜ ve HES,unknown,2026-05-31 00:00:00+03:00,,3.5,chunk_0067.json,POST /v1/generation/data/dpp-bulk,2026-05-31 21:45:53.767364+00:00,3218730,ÇALTI REGÜLATÖRÜ ve HES,103261,2026-05-31T00:00:00+03:00,00:00
40W000003218730X,ÇALTI REGÜLATÖRÜ ve HES,unknown,2026-05-31 01:00:00+03:00,,3.5,chunk_0067.json,POST /v1/generation/data/dpp-bulk,2026-05-31 21:45:53.767364+00:00,3218730,ÇALTI REGÜLATÖRÜ ve HES,103261,2026-05-31T01:00:00+03:00,01:00
40W000003218730X,ÇALTI REGÜLATÖRÜ ve HES,unknown,2026-05-31 02:00:00+03:00,,3.5,chunk_0067.json,POST /v1/generation/data/dpp-bulk,2026-05-31 21:45:53.767364+00:00,3218730,ÇALTI REGÜLATÖRÜ ve HES,103261,2026-05-31T02:00:00+03:00,02:00
40W000003218730X,ÇALTI REGÜLATÖRÜ ve HES,unknown,2026-05-31 03:00:00+03:00,,3.5,chunk_0067.json,POST /v1/generation/data/dpp-bulk,2026-05-31 21:45:53.767364+00:00,3218730,ÇALTI REGÜLATÖRÜ ve HES,103261,2026-05-31T03:00:00+03:00,03:00
40W000003218730X,ÇALTI REGÜLATÖRÜ ve HES,unknown,2026-05-31 04:00:00+03:00,,3.5,chunk_0067.json,POST /v1/generation/data/dpp-bulk,2026-05-31 21:45:53.767364+00:00,3218730,ÇALTI REGÜLATÖRÜ ve HES,103261,2026-05-31T04:00:00+03:00,04:00
40W000003218730X,ÇALTI REGÜLATÖRÜ ve HES,unknown,2026-05-31 05:00:00+03:00,,3.5,chunk_0067.json,POST /v1/generation/data/dpp-bulk,2026-05-31 21:45:53.767364+00:00,3218730,ÇALTI REGÜLATÖRÜ ve HES,103261,2026-05-31T05:00:00+03:00,05:00
40W000003218730X,ÇALTI REGÜLATÖRÜ ve HES,unknown,2026-05-31 06:00:00+03:00,,3.5,chunk_0067.json,POST /v1/generation/data/dpp-bulk,2026-05-31 21:45:53.767364+00:00,3218730,ÇALTI REGÜLATÖRÜ ve HES,103261,2026-05-31T06:00:00+03:00,06:00
40W000003218730X,ÇALTI REGÜLATÖRÜ ve HES,unknown,2026-05-31 07:00:00+03:00,,3.5,chunk_0067.json,POST /v1/generation/data/dpp-bulk,2026-05-31 21:45:53.767364+00:00,3218730,ÇALTI REGÜLATÖRÜ ve HES,103261,2026-05-31T07:00:00+03:00,07:00
40W000003218730X,ÇALTI REGÜLATÖRÜ ve HES,unknown,2026-05-31 08:00:00+03:00,,3.5,chunk_0067.json,POST /v1/generation/data/dpp-bulk,2026-05-31 21:45:53.767364+00:00,3218730,ÇALTI REGÜLATÖRÜ ve HES,103261,2026-05-31T08:00:00+03:00,08:00
40W000003218730X,ÇALTI REGÜLATÖRÜ ve HES,unknown,2026-05-31 09:00:00+03:00,,3.5,chunk_0067.json,POST /v1/generation/data/dpp-bulk,2026-05-31 21:45:53.767364+00:00,3218730,ÇALTI REGÜLATÖRÜ ve HES,103261,2026-05-31T09:00:00+03:00,09:00
40W000003218730X,ÇALTI REGÜLATÖRÜ ve HES,unknown,2026-05-31 10:00:00+03:00,,3.5,chunk_0067.json,POST /v1/generation/data/dpp-bulk,2026-05-31 21:45:53.767364+00:00,3218730,ÇALTI REGÜLATÖRÜ ve HES,103261,2026-05-31T10:00:00+03:00,10:00
40W000003218730X,ÇALTI REGÜLATÖRÜ ve HES,unknown,2026-05-31 11:00:00+03:00,,3.5,chunk_0067.json,POST /v1/generation/data/dpp-bulk,2026-05-31 21:45:53.767364+00:00,3218730,ÇALTI REGÜLATÖRÜ ve HES,103261,2026-05-31T11:00:00+03:00,11:00
40W000003218730X,ÇALTI REGÜLATÖRÜ ve HES,unknown,2026-05-31 12:00:00+03:00,,3.5,chunk_0067.json,POST /v1/generation/data/dpp-bulk,2026-05-31 21:45:53.767364+00:00,3218730,ÇALTI REGÜLATÖRÜ ve HES,103261,2026-05-31T12:00:00+03:00,12:00
40W000003218730X,ÇALTI REGÜLATÖRÜ ve HES,unknown,2026-05-31 13:00:00+03:00,,3.5,chunk_0067.json,POST /v1/generation/data/dpp-bulk,2026-05-31 21:45:53.767364+00:00,3218730,ÇALTI REGÜLATÖRÜ ve HES,103261,2026-05-31T13:00:00+03:00,13:00
40W000003218730X,ÇALTI REGÜLATÖRÜ ve HES,unknown,2026-05-31 14:00:00+03:00,,3.5,chunk_0067.json,POST /v1/generation/data/dpp-bulk,2026-05-31 21:45:53.767364+00:00,3218730,ÇALTI REGÜLATÖRÜ ve HES,103261,2026-05-31T14:00:00+03:00,14:00
40W000003218730X,ÇALTI REGÜLATÖRÜ ve HES,unknown,2026-05-31 15:00:00+03:00,,3.5,chunk_0067.json,POST /v1/generation/data/dpp-bulk,2026-05-31 21:45:53.767364+00:00,3218730,ÇALTI REGÜLATÖRÜ ve HES,103261,2026-05-31T15:00:00+03:00,15:00
40W000003218730X,ÇALTI REGÜLATÖRÜ ve HES,unknown,2026-05-31 16:00:00+03:00,,3.5,chunk_0067.json,POST /v1/generation/data/dpp-bulk,2026-05-31 21:45:53.767364+00:00,3218730,ÇALTI REGÜLATÖRÜ ve HES,103261,2026-05-31T16:00:00+03:00,16:00
40W000003218730X,ÇALTI REGÜLATÖRÜ ve HES,unknown,2026-05-31 17:00:00+03:00,,3.5,chunk_0067.json,POST /v1/generation/data/dpp-bulk,2026-05-31 21:45:53.767364+00:00,3218730,ÇALTI REGÜLATÖRÜ ve HES,103261,2026-05-31T17:00:00+03:00,17:00
40W000003218730X,ÇALTI REGÜLATÖRÜ ve HES,unknown,2026-05-31 18:00:00+03:00,,3.5,chunk_0067.json,POST /v1/generation/data/dpp-bulk,2026-05-31 21:45:53.767364+00:00,3218730,ÇALTI REGÜLATÖRÜ ve HES,103261,2026-05-31T18:00:00+03:00,18:00
40W000003218730X,ÇALTI REGÜLATÖRÜ ve HES,unknown,2026-05-31 19:00:00+03:00,,3.5,chunk_0067.json,POST /v1/generation/data/dpp-bulk,2026-05-31 21:45:53.767364+00:00,3218730,ÇALTI REGÜLATÖRÜ ve HES,103261,2026-05-31T19:00:00+03:00,19:00
40W000003218730X,ÇALTI REGÜLATÖRÜ ve HES,unknown,2026-05-31 20:00:00+03:00,,3.5,chunk_0067.json,POST /v1/generation/data/dpp-bulk,2026-05-31 21:45:53.767364+00:00,3218730,ÇALTI REGÜLATÖRÜ ve HES,103261,2026-05-31T20:00:00+03:00,20:00
40W000003218730X,ÇALTI REGÜLATÖRÜ ve HES,unknown,2026-05-31 21:00:00+03:00,,3.5,chunk_0067.json,POST /v1/generation/data/dpp-bulk,2026-05-31 21:45:53.767364+00:00,3218730,ÇALTI REGÜLATÖRÜ ve HES,103261,2026-05-31T21:00:00+03:00,21:00
40W000003218730X,ÇALTI REGÜLATÖRÜ ve HES,unknown,2026-05-31 22:00:00+03:00,,3.5,chunk_0067.json,POST /v1/generation/data/dpp-bulk,2026-05-31 21:45:53.767364+00:00,3218730,ÇALTI REGÜLATÖRÜ ve HES,103261,2026-05-31T22:00:00+03:00,22:00
40W000003218730X,ÇALTI REGÜLATÖRÜ ve HES,unknown,2026-05-31 23:00:00+03:00,,3.5,chunk_0067.json,POST /v1/generation/data/dpp-bulk,2026-05-31 21:45:53.767364+00:00,3218730,ÇALTI REGÜLATÖRÜ ve HES,103261,2026-05-31T23:00:00+03:00,23:00
40W000003218750R,BAKLACI JES,unknown,2026-05-31 00:00:00+03:00,,10.8,chunk_0067.json,POST /v1/generation/data/dpp-bulk,2026-05-31 21:45:53.767364+00:00,3218750,BAKLACI JES,103402,2026-05-31T00:00:00+03:00,00:00
40W000003218750R,BAKLACI JES,unknown,2026-05-31 01:00:00+03:00,,10.9,chunk_0067.json,POST /v1/generation/data/dpp-bulk,2026-05-31 21:45:53.767364+00:00,3218750,BAKLACI JES,103402,2026-05-31T01:00:00+03:00,01:00
40W000003218750R,BAKLACI JES,unknown,2026-05-31 02:00:00+03:00,,10.9,chunk_0067.json,POST /v1/generation/data/dpp-bulk,2026-05-31 21:45:53.767364+00:00,3218750,BAKLACI JES,103402,2026-05-31T02:00:00+03:00,02:00
40W000003218750R,BAKLACI JES,unknown,2026-05-31 03:00:00+03:00,,10.9,chunk_0067.json,POST /v1/generation/data/dpp-bulk,2026-05-31 21:45:53.767364+00:00,3218750,BAKLACI JES,103402,2026-05-31T03:00:00+03:00,03:00
40W000003218750R,BAKLACI JES,unknown,2026-05-31 04:00:00+03:00,,11.0,chunk_0067.json,POST /v1/generation/data/dpp-bulk,2026-05-31 21:45:53.767364+00:00,3218750,BAKLACI JES,103402,2026-05-31T04:00:00+03:00,04:00
40W000003218750R,BAKLACI JES,unknown,2026-05-31 05:00:00+03:00,,11.0,chunk_0067.json,POST /v1/generation/data/dpp-bulk,2026-05-31 21:45:53.767364+00:00,3218750,BAKLACI JES,103402,2026-05-31T05:00:00+03:00,05:00
40W000003218750R,BAKLACI JES,unknown,2026-05-31 06:00:00+03:00,,11.0,chunk_0067.json,POST /v1/generation/data/dpp-bulk,2026-05-31 21:45:53.767364+00:00,3218750,BAKLACI JES,103402,2026-05-31T06:00:00+03:00,06:00
40W000003218750R,BAKLACI JES,unknown,2026-05-31 07:00:00+03:00,,10.9,chunk_0067.json,POST /v1/generation/data/dpp-bulk,2026-05-31 21:45:53.767364+00:00,3218750,BAKLACI JES,103402,2026-05-31T07:00:00+03:00,07:00
40W000003218750R,BAKLACI JES,unknown,2026-05-31 08:00:00+03:00,,10.8,chunk_0067.json,POST /v1/generation/data/dpp-bulk,2026-05-31 21:45:53.767364+00:00,3218750,BAKLACI JES,103402,2026-05-31T08:00:00+03:00,08:00
40W000003218750R,BAKLACI JES,unknown,2026-05-31 09:00:00+03:00,,10.7,chunk_0067.json,POST /v1/generation/data/dpp-bulk,2026-05-31 21:45:53.767364+00:00,3218750,BAKLACI JES,103402,2026-05-31T09:00:00+03:00,09:00
40W000003218750R,BAKLACI JES,unknown,2026-05-31 10:00:00+03:00,,10.5,chunk_0067.json,POST /v1/generation/data/dpp-bulk,2026-05-31 21:45:53.767364+00:00,3218750,BAKLACI JES,103402,2026-05-31T10:00:00+03:00,10:00
40W000003218750R,BAKLACI JES,unknown,2026-05-31 11:00:00+03:00,,10.3,chunk_0067.json,POST /v1/generation/data/dpp-bulk,2026-05-31 21:45:53.767364+00:00,3218750,BAKLACI JES,103402,2026-05-31T11:00:00+03:00,11:00
40W000003218750R,BAKLACI JES,unknown,2026-05-31 12:00:00+03:00,,10.1,chunk_0067.json,POST /v1/generation/data/dpp-bulk,2026-05-31 21:45:53.767364+00:00,3218750,BAKLACI JES,103402,2026-05-31T12:00:00+03:00,12:00
40W000003218750R,BAKLACI JES,unknown,2026-05-31 13:00:00+03:00,,9.9,chunk_0067.json,POST /v1/generation/data/dpp-bulk,2026-05-31 21:45:53.767364+00:00,3218750,BAKLACI JES,103402,2026-05-31T13:00:00+03:00,13:00
40W000003218750R,BAKLACI JES,unknown,2026-05-31 14:00:00+03:00,,9.8,chunk_0067.json,POST /v1/generation/data/dpp-bulk,2026-05-31 21:45:53.767364+00:00,3218750,BAKLACI JES,103402,2026-05-31T14:00:00+03:00,14:00
40W000003218750R,BAKLACI JES,unknown,2026-05-31 15:00:00+03:00,,9.7,chunk_0067.json,POST /v1/generation/data/dpp-bulk,2026-05-31 21:45:53.767364+00:00,3218750,BAKLACI JES,103402,2026-05-31T15:00:00+03:00,15:00
40W000003218750R,BAKLACI JES,unknown,2026-05-31 16:00:00+03:00,,9.7,chunk_0067.json,POST /v1/generation/data/dpp-bulk,2026-05-31 21:45:53.767364+00:00,3218750,BAKLACI JES,103402,2026-05-31T16:00:00+03:00,16:00
40W000003218750R,BAKLACI JES,unknown,2026-05-31 17:00:00+03:00,,9.8,chunk_0067.json,POST /v1/generation/data/dpp-bulk,2026-05-31 21:45:53.767364+00:00,3218750,BAKLACI JES,103402,2026-05-31T17:00:00+03:00,17:00
40W000003218750R,BAKLACI JES,unknown,2026-05-31 18:00:00+03:00,,9.9,chunk_0067.json,POST /v1/generation/data/dpp-bulk,2026-05-31 21:45:53.767364+00:00,3218750,BAKLACI JES,103402,2026-05-31T18:00:00+03:00,18:00
40W000003218750R,BAKLACI JES,unknown,2026-05-31 19:00:00+03:00,,10.2,chunk_0067.json,POST /v1/generation/data/dpp-bulk,2026-05-31 21:45:53.767364+00:00,3218750,BAKLACI JES,103402,2026-05-31T19:00:00+03:00,19:00
40W000003218750R,BAKLACI JES,unknown,2026-05-31 20:00:00+03:00,,10.4,chunk_0067.json,POST /v1/generation/data/dpp-bulk,2026-05-31 21:45:53.767364+00:00,3218750,BAKLACI JES,103402,2026-05-31T20:00:00+03:00,20:00
40W000003218750R,BAKLACI JES,unknown,2026-05-31 21:00:00+03:00,,10.5,chunk_0067.json,POST /v1/generation/data/dpp-bulk,2026-05-31 21:45:53.767364+00:00,3218750,BAKLACI JES,103402,2026-05-31T21:00:00+03:00,21:00
40W000003218750R,BAKLACI JES,unknown,2026-05-31 22:00:00+03:00,,10.7,chunk_0067.json,POST /v1/generation/data/dpp-bulk,2026-05-31 21:45:53.767364+00:00,3218750,BAKLACI JES,103402,2026-05-31T22:00:00+03:00,22:00
40W000003218750R,BAKLACI JES,unknown,2026-05-31 23:00:00+03:00,,10.8,chunk_0067.json,POST /v1/generation/data/dpp-bulk,2026-05-31 21:45:53.767364+00:00,3218750,BAKLACI JES,103402,2026-05-31T23:00:00+03:00,23:00
40W000003218752N,TOSUNLAR JES,unknown,2026-05-31 00:00:00+03:00,,1.4,chunk_0067.json,POST /v1/generation/data/dpp-bulk,2026-05-31 21:45:53.767364+00:00,3218752,TOSUNLAR JES,103402,2026-05-31T00:00:00+03:00,00:00
40W000003218752N,TOSUNLAR JES,unknown,2026-05-31 01:00:00+03:00,,1.4,chunk_0067.json,POST /v1/generation/data/dpp-bulk,2026-05-31 21:45:53.767364+00:00,3218752,TOSUNLAR JES,103402,2026-05-31T01:00:00+03:00,01:00
40W000003218752N,TOSUNLAR JES,unknown,2026-05-31 02:00:00+03:00,,1.4,chunk_0067.json,POST /v1/generation/data/dpp-bulk,2026-05-31 21:45:53.767364+00:00,3218752,TOSUNLAR JES,103402,2026-05-31T02:00:00+03:00,02:00
40W000003218752N,TOSUNLAR JES,unknown,2026-05-31 03:00:00+03:00,,1.4,chunk_0067.json,POST /v1/generation/data/dpp-bulk,2026-05-31 21:45:53.767364+00:00,3218752,TOSUNLAR JES,103402,2026-05-31T03:00:00+03:00,03:00
40W000003218752N,TOSUNLAR JES,unknown,2026-05-31 04:00:00+03:00,,1.5,chunk_0067.json,POST /v1/generation/data/dpp-bulk,2026-05-31 21:45:53.767364+00:00,3218752,TOSUNLAR JES,103402,2026-05-31T04:00:00+03:00,04:00
40W000003218752N,TOSUNLAR JES,unknown,2026-05-31 05:00:00+03:00,,1.5,chunk_0067.json,POST /v1/generation/data/dpp-bulk,2026-05-31 21:45:53.767364+00:00,3218752,TOSUNLAR JES,103402,2026-05-31T05:00:00+03:00,05:00
40W000003218752N,TOSUNLAR JES,unknown,2026-05-31 06:00:00+03:00,,1.5,chunk_0067.json,POST /v1/generation/data/dpp-bulk,2026-05-31 21:45:53.767364+00:00,3218752,TOSUNLAR JES,103402,2026-05-31T06:00:00+03:00,06:00
40W000003218752N,TOSUNLAR JES,unknown,2026-05-31 07:00:00+03:00,,1.4,chunk_0067.json,POST /v1/generation/data/dpp-bulk,2026-05-31 21:45:53.767364+00:00,3218752,TOSUNLAR JES,103402,2026-05-31T07:00:00+03:00,07:00
40W000003218752N,TOSUNLAR JES,unknown,2026-05-31 08:00:00+03:00,,1.4,chunk_0067.json,POST /v1/generation/data/dpp-bulk,2026-05-31 21:45:53.767364+00:00,3218752,TOSUNLAR JES,103402,2026-05-31T08:00:00+03:00,08:00
40W000003218752N,TOSUNLAR JES,unknown,2026-05-31 09:00:00+03:00,,1.3,chunk_0067.json,POST /v1/generation/data/dpp-bulk,2026-05-31 21:45:53.767364+00:00,3218752,TOSUNLAR JES,103402,2026-05-31T09:00:00+03:00,09:00
40W000003218752N,TOSUNLAR JES,unknown,2026-05-31 10:00:00+03:00,,1.2,chunk_0067.json,POST /v1/generation/data/dpp-bulk,2026-05-31 21:45:53.767364+00:00,3218752,TOSUNLAR JES,103402,2026-05-31T10:00:00+03:00,10:00
40W000003218752N,TOSUNLAR JES,unknown,2026-05-31 11:00:00+03:00,,1.3,chunk_0067.json,POST /v1/generation/data/dpp-bulk,2026-05-31 21:45:53.767364+00:00,3218752,TOSUNLAR JES,103402,2026-05-31T11:00:00+03:00,11:00
40W000003218752N,TOSUNLAR JES,unknown,2026-05-31 12:00:00+03:00,,1.2,chunk_0067.json,POST /v1/generation/data/dpp-bulk,2026-05-31 21:45:53.767364+00:00,3218752,TOSUNLAR JES,103402,2026-05-31T12:00:00+03:00,12:00
40W000003218752N,TOSUNLAR JES,unknown,2026-05-31 13:00:00+03:00,,1.2,chunk_0067.json,POST /v1/generation/data/dpp-bulk,2026-05-31 21:45:53.767364+00:00,3218752,TOSUNLAR JES,103402,2026-05-31T13:00:00+03:00,13:00
40W000003218752N,TOSUNLAR JES,unknown,2026-05-31 14:00:00+03:00,,1.2,chunk_0067.json,POST /v1/generation/data/dpp-bulk,2026-05-31 21:45:53.767364+00:00,3218752,TOSUNLAR JES,103402,2026-05-31T14:00:00+03:00,14:00
40W000003218752N,TOSUNLAR JES,unknown,2026-05-31 15:00:00+03:00,,1.2,chunk_0067.json,POST /v1/generation/data/dpp-bulk,2026-05-31 21:45:53.767364+00:00,3218752,TOSUNLAR JES,103402,2026-05-31T15:00:00+03:00,15:00
40W000003218752N,TOSUNLAR JES,unknown,2026-05-31 16:00:00+03:00,,1.2,chunk_0067.json,POST /v1/generation/data/dpp-bulk,2026-05-31 21:45:53.767364+00:00,3218752,TOSUNLAR JES,103402,2026-05-31T16:00:00+03:00,16:00
40W000003218752N,TOSUNLAR JES,unknown,2026-05-31 17:00:00+03:00,,1.2,chunk_0067.json,POST /v1/generation/data/dpp-bulk,2026-05-31 21:45:53.767364+00:00,3218752,TOSUNLAR JES,103402,2026-05-31T17:00:00+03:00,17:00
40W000003218752N,TOSUNLAR JES,unknown,2026-05-31 18:00:00+03:00,,1.2,chunk_0067.json,POST /v1/generation/data/dpp-bulk,2026-05-31 21:45:53.767364+00:00,3218752,TOSUNLAR JES,103402,2026-05-31T18:00:00+03:00,18:00
40W000003218752N,TOSUNLAR JES,unknown,2026-05-31 19:00:00+03:00,,1.2,chunk_0067.json,POST /v1/generation/data/dpp-bulk,2026-05-31 21:45:53.767364+00:00,3218752,TOSUNLAR JES,103402,2026-05-31T19:00:00+03:00,19:00
40W000003218752N,TOSUNLAR JES,unknown,2026-05-31 20:00:00+03:00,,1.2,chunk_0067.json,POST /v1/generation/data/dpp-bulk,2026-05-31 21:45:53.767364+00:00,3218752,TOSUNLAR JES,103402,2026-05-31T20:00:00+03:00,20:00
40W000003218752N,TOSUNLAR JES,unknown,2026-05-31 21:00:00+03:00,,1.2,chunk_0067.json,POST /v1/generation/data/dpp-bulk,2026-05-31 21:45:53.767364+00:00,3218752,TOSUNLAR JES,103402,2026-05-31T21:00:00+03:00,21:00
40W000003218752N,TOSUNLAR JES,unknown,2026-05-31 22:00:00+03:00,,1.3,chunk_0067.json,POST /v1/generation/data/dpp-bulk,2026-05-31 21:45:53.767364+00:00,3218752,TOSUNLAR JES,103402,2026-05-31T22:00:00+03:00,22:00
40W000003218752N,TOSUNLAR JES,unknown,2026-05-31 23:00:00+03:00,,1.3,chunk_0067.json,POST /v1/generation/data/dpp-bulk,2026-05-31 21:45:53.767364+00:00,3218752,TOSUNLAR JES,103402,2026-05-31T23:00:00+03:00,23:00
40W000003218490R,METRİSTEPE RES,unknown,2026-05-31 00:00:00+03:00,,6.7,chunk_0067.json,POST /v1/generation/data/dpp-bulk,2026-05-31 21:45:53.767364+00:00,3218490,METRİSTEPE RES,103420,2026-05-31T00:00:00+03:00,00:00
40W000003218490R,METRİSTEPE RES,unknown,2026-05-31 01:00:00+03:00,,5.4,chunk_0067.json,POST /v1/generation/data/dpp-bulk,2026-05-31 21:45:53.767364+00:00,3218490,METRİSTEPE RES,103420,2026-05-31T01:00:00+03:00,01:00
40W000003218490R,METRİSTEPE RES,unknown,2026-05-31 02:00:00+03:00,,3.2,chunk_0067.json,POST /v1/generation/data/dpp-bulk,2026-05-31 21:45:53.767364+00:00,3218490,METRİSTEPE RES,103420,2026-05-31T02:00:00+03:00,02:00
40W000003218490R,METRİSTEPE RES,unknown,2026-05-31 03:00:00+03:00,,1.6,chunk_0067.json,POST /v1/generation/data/dpp-bulk,2026-05-31 21:45:53.767364+00:00,3218490,METRİSTEPE RES,103420,2026-05-31T03:00:00+03:00,03:00
40W000003218490R,METRİSTEPE RES,unknown,2026-05-31 04:00:00+03:00,,0.0,chunk_0067.json,POST /v1/generation/data/dpp-bulk,2026-05-31 21:45:53.767364+00:00,3218490,METRİSTEPE RES,103420,2026-05-31T04:00:00+03:00,04:00
40W000003218490R,METRİSTEPE RES,unknown,2026-05-31 05:00:00+03:00,,0.0,chunk_0067.json,POST /v1/generation/data/dpp-bulk,2026-05-31 21:45:53.767364+00:00,3218490,METRİSTEPE RES,103420,2026-05-31T05:00:00+03:00,05:00
40W000003218490R,METRİSTEPE RES,unknown,2026-05-31 06:00:00+03:00,,0.0,chunk_0067.json,POST /v1/generation/data/dpp-bulk,2026-05-31 21:45:53.767364+00:00,3218490,METRİSTEPE RES,103420,2026-05-31T06:00:00+03:00,06:00
40W000003218490R,METRİSTEPE RES,unknown,2026-05-31 07:00:00+03:00,,0.0,chunk_0067.json,POST /v1/generation/data/dpp-bulk,2026-05-31 21:45:53.767364+00:00,3218490,METRİSTEPE RES,103420,2026-05-31T07:00:00+03:00,07:00
40W000003218490R,METRİSTEPE RES,unknown,2026-05-31 08:00:00+03:00,,0.0,chunk_0067.json,POST /v1/generation/data/dpp-bulk,2026-05-31 21:45:53.767364+00:00,3218490,METRİSTEPE RES,103420,2026-05-31T08:00:00+03:00,08:00
40W000003218490R,METRİSTEPE RES,unknown,2026-05-31 09:00:00+03:00,,0.0,chunk_0067.json,POST /v1/generation/data/dpp-bulk,2026-05-31 21:45:53.767364+00:00,3218490,METRİSTEPE RES,103420,2026-05-31T09:00:00+03:00,09:00
40W000003218490R,METRİSTEPE RES,unknown,2026-05-31 10:00:00+03:00,,0.0,chunk_0067.json,POST /v1/generation/data/dpp-bulk,2026-05-31 21:45:53.767364+00:00,3218490,METRİSTEPE RES,103420,2026-05-31T10:00:00+03:00,10:00
40W000003218490R,METRİSTEPE RES,unknown,2026-05-31 11:00:00+03:00,,0.0,chunk_0067.json,POST /v1/generation/data/dpp-bulk,2026-05-31 21:45:53.767364+00:00,3218490,METRİSTEPE RES,103420,2026-05-31T11:00:00+03:00,11:00
40W000003218490R,METRİSTEPE RES,unknown,2026-05-31 12:00:00+03:00,,0.0,chunk_0067.json,POST /v1/generation/data/dpp-bulk,2026-05-31 21:45:53.767364+00:00,3218490,METRİSTEPE RES,103420,2026-05-31T12:00:00+03:00,12:00
40W000003218490R,METRİSTEPE RES,unknown,2026-05-31 13:00:00+03:00,,0.0,chunk_0067.json,POST /v1/generation/data/dpp-bulk,2026-05-31 21:45:53.767364+00:00,3218490,METRİSTEPE RES,103420,2026-05-31T13:00:00+03:00,13:00
40W000003218490R,METRİSTEPE RES,unknown,2026-05-31 14:00:00+03:00,,0.0,chunk_0067.json,POST /v1/generation/data/dpp-bulk,2026-05-31 21:45:53.767364+00:00,3218490,METRİSTEPE RES,103420,2026-05-31T14:00:00+03:00,14:00
40W000003218490R,METRİSTEPE RES,unknown,2026-05-31 15:00:00+03:00,,0.0,chunk_0067.json,POST /v1/generation/data/dpp-bulk,2026-05-31 21:45:53.767364+00:00,3218490,METRİSTEPE RES,103420,2026-05-31T15:00:00+03:00,15:00
40W000003218490R,METRİSTEPE RES,unknown,2026-05-31 16:00:00+03:00,,0.0,chunk_0067.json,POST /v1/generation/data/dpp-bulk,2026-05-31 21:45:53.767364+00:00,3218490,METRİSTEPE RES,103420,2026-05-31T16:00:00+03:00,16:00
40W000003218490R,METRİSTEPE RES,unknown,2026-05-31 17:00:00+03:00,,0.0,chunk_0067.json,POST /v1/generation/data/dpp-bulk,2026-05-31 21:45:53.767364+00:00,3218490,METRİSTEPE RES,103420,2026-05-31T17:00:00+03:00,17:00
40W000003218490R,METRİSTEPE RES,unknown,2026-05-31 18:00:00+03:00,,0.0,chunk_0067.json,POST /v1/generation/data/dpp-bulk,2026-05-31 21:45:53.767364+00:00,3218490,METRİSTEPE RES,103420,2026-05-31T18:00:00+03:00,18:00
40W000003218490R,METRİSTEPE RES,unknown,2026-05-31 19:00:00+03:00,,3.7,chunk_0067.json,POST /v1/generation/data/dpp-bulk,2026-05-31 21:45:53.767364+00:00,3218490,METRİSTEPE RES,103420,2026-05-31T19:00:00+03:00,19:00
40W000003218490R,METRİSTEPE RES,unknown,2026-05-31 20:00:00+03:00,,3.5,chunk_0067.json,POST /v1/generation/data/dpp-bulk,2026-05-31 21:45:53.767364+00:00,3218490,METRİSTEPE RES,103420,2026-05-31T20:00:00+03:00,20:00
40W000003218490R,METRİSTEPE RES,unknown,2026-05-31 21:00:00+03:00,,2.0,chunk_0067.json,POST /v1/generation/data/dpp-bulk,2026-05-31 21:45:53.767364+00:00,3218490,METRİSTEPE RES,103420,2026-05-31T21:00:00+03:00,21:00
40W000003218490R,METRİSTEPE RES,unknown,2026-05-31 22:00:00+03:00,,1.5,chunk_0067.json,POST /v1/generation/data/dpp-bulk,2026-05-31 21:45:53.767364+00:00,3218490,METRİSTEPE RES,103420,2026-05-31T22:00:00+03:00,22:00
40W000003218490R,METRİSTEPE RES,unknown,2026-05-31 23:00:00+03:00,,1.3,chunk_0067.json,POST /v1/generation/data/dpp-bulk,2026-05-31 21:45:53.767364+00:00,3218490,METRİSTEPE RES,103420,2026-05-31T23:00:00+03:00,23:00
40W000003218650V,ÇAMLICA 1 HES,unknown,2026-05-31 00:00:00+03:00,,83.0,chunk_0067.json,POST /v1/generation/data/dpp-bulk,2026-05-31 21:45:53.767364+00:00,3218650,ÇAMLICA 1 HES,103600,2026-05-31T00:00:00+03:00,00:00
40W000003218650V,ÇAMLICA 1 HES,unknown,2026-05-31 01:00:00+03:00,,83.0,chunk_0067.json,POST /v1/generation/data/dpp-bulk,2026-05-31 21:45:53.767364+00:00,3218650,ÇAMLICA 1 HES,103600,2026-05-31T01:00:00+03:00,01:00
40W000003218650V,ÇAMLICA 1 HES,unknown,2026-05-31 02:00:00+03:00,,83.0,chunk_0067.json,POST /v1/generation/data/dpp-bulk,2026-05-31 21:45:53.767364+00:00,3218650,ÇAMLICA 1 HES,103600,2026-05-31T02:00:00+03:00,02:00
40W000003218650V,ÇAMLICA 1 HES,unknown,2026-05-31 03:00:00+03:00,,83.0,chunk_0067.json,POST /v1/generation/data/dpp-bulk,2026-05-31 21:45:53.767364+00:00,3218650,ÇAMLICA 1 HES,103600,2026-05-31T03:00:00+03:00,03:00
40W000003218650V,ÇAMLICA 1 HES,unknown,2026-05-31 04:00:00+03:00,,83.0,chunk_0067.json,POST /v1/generation/data/dpp-bulk,2026-05-31 21:45:53.767364+00:00,3218650,ÇAMLICA 1 HES,103600,2026-05-31T04:00:00+03:00,04:00
40W000003218650V,ÇAMLICA 1 HES,unknown,2026-05-31 05:00:00+03:00,,83.0,chunk_0067.json,POST /v1/generation/data/dpp-bulk,2026-05-31 21:45:53.767364+00:00,3218650,ÇAMLICA 1 HES,103600,2026-05-31T05:00:00+03:00,05:00
40W000003218650V,ÇAMLICA 1 HES,unknown,2026-05-31 06:00:00+03:00,,54.0,chunk_0067.json,POST /v1/generation/data/dpp-bulk,2026-05-31 21:45:53.767364+00:00,3218650,ÇAMLICA 1 HES,103600,2026-05-31T06:00:00+03:00,06:00
40W000003218650V,ÇAMLICA 1 HES,unknown,2026-05-31 07:00:00+03:00,,54.0,chunk_0067.json,POST /v1/generation/data/dpp-bulk,2026-05-31 21:45:53.767364+00:00,3218650,ÇAMLICA 1 HES,103600,2026-05-31T07:00:00+03:00,07:00
40W000003218650V,ÇAMLICA 1 HES,unknown,2026-05-31 08:00:00+03:00,,56.0,chunk_0067.json,POST /v1/generation/data/dpp-bulk,2026-05-31 21:45:53.767364+00:00,3218650,ÇAMLICA 1 HES,103600,2026-05-31T08:00:00+03:00,08:00
40W000003218650V,ÇAMLICA 1 HES,unknown,2026-05-31 09:00:00+03:00,,54.0,chunk_0067.json,POST /v1/generation/data/dpp-bulk,2026-05-31 21:45:53.767364+00:00,3218650,ÇAMLICA 1 HES,103600,2026-05-31T09:00:00+03:00,09:00
40W000003218650V,ÇAMLICA 1 HES,unknown,2026-05-31 10:00:00+03:00,,28.0,chunk_0067.json,POST /v1/generation/data/dpp-bulk,2026-05-31 21:45:53.767364+00:00,3218650,ÇAMLICA 1 HES,103600,2026-05-31T10:00:00+03:00,10:00
40W000003218650V,ÇAMLICA 1 HES,unknown,2026-05-31 11:00:00+03:00,,28.0,chunk_0067.json,POST /v1/generation/data/dpp-bulk,2026-05-31 21:45:53.767364+00:00,3218650,ÇAMLICA 1 HES,103600,2026-05-31T11:00:00+03:00,11:00
40W000003218650V,ÇAMLICA 1 HES,unknown,2026-05-31 12:00:00+03:00,,28.0,chunk_0067.json,POST /v1/generation/data/dpp-bulk,2026-05-31 21:45:53.767364+00:00,3218650,ÇAMLICA 1 HES,103600,2026-05-31T12:00:00+03:00,12:00
40W000003218650V,ÇAMLICA 1 HES,unknown,2026-05-31 13:00:00+03:00,,28.0,chunk_0067.json,POST /v1/generation/data/dpp-bulk,2026-05-31 21:45:53.767364+00:00,3218650,ÇAMLICA 1 HES,103600,2026-05-31T13:00:00+03:00,13:00
40W000003218650V,ÇAMLICA 1 HES,unknown,2026-05-31 14:00:00+03:00,,28.0,chunk_0067.json,POST /v1/generation/data/dpp-bulk,2026-05-31 21:45:53.767364+00:00,3218650,ÇAMLICA 1 HES,103600,2026-05-31T14:00:00+03:00,14:00
40W000003218650V,ÇAMLICA 1 HES,unknown,2026-05-31 15:00:00+03:00,,54.0,chunk_0067.json,POST /v1/generation/data/dpp-bulk,2026-05-31 21:45:53.767364+00:00,3218650,ÇAMLICA 1 HES,103600,2026-05-31T15:00:00+03:00,15:00
40W000003218650V,ÇAMLICA 1 HES,unknown,2026-05-31 16:00:00+03:00,,83.0,chunk_0067.json,POST /v1/generation/data/dpp-bulk,2026-05-31 21:45:53.767364+00:00,3218650,ÇAMLICA 1 HES,103600,2026-05-31T16:00:00+03:00,16:00
40W000003218650V,ÇAMLICA 1 HES,unknown,2026-05-31 17:00:00+03:00,,83.0,chunk_0067.json,POST /v1/generation/data/dpp-bulk,2026-05-31 21:45:53.767364+00:00,3218650,ÇAMLICA 1 HES,103600,2026-05-31T17:00:00+03:00,17:00
40W000003218650V,ÇAMLICA 1 HES,unknown,2026-05-31 18:00:00+03:00,,83.34,chunk_0067.json,POST /v1/generation/data/dpp-bulk,2026-05-31 21:45:53.767364+00:00,3218650,ÇAMLICA 1 HES,103600,2026-05-31T18:00:00+03:00,18:00
40W000003218650V,ÇAMLICA 1 HES,unknown,2026-05-31 19:00:00+03:00,,83.0,chunk_0067.json,POST /v1/generation/data/dpp-bulk,2026-05-31 21:45:53.767364+00:00,3218650,ÇAMLICA 1 HES,103600,2026-05-31T19:00:00+03:00,19:00
40W000003218650V,ÇAMLICA 1 HES,unknown,2026-05-31 20:00:00+03:00,,83.0,chunk_0067.json,POST /v1/generation/data/dpp-bulk,2026-05-31 21:45:53.767364+00:00,3218650,ÇAMLICA 1 HES,103600,2026-05-31T20:00:00+03:00,20:00
40W000003218650V,ÇAMLICA 1 HES,unknown,2026-05-31 21:00:00+03:00,,83.0,chunk_0067.json,POST /v1/generation/data/dpp-bulk,2026-05-31 21:45:53.767364+00:00,3218650,ÇAMLICA 1 HES,103600,2026-05-31T21:00:00+03:00,21:00
40W000003218650V,ÇAMLICA 1 HES,unknown,2026-05-31 22:00:00+03:00,,83.0,chunk_0067.json,POST /v1/generation/data/dpp-bulk,2026-05-31 21:45:53.767364+00:00,3218650,ÇAMLICA 1 HES,103600,2026-05-31T22:00:00+03:00,22:00
40W000003218650V,ÇAMLICA 1 HES,unknown,2026-05-31 23:00:00+03:00,,83.0,chunk_0067.json,POST /v1/generation/data/dpp-bulk,2026-05-31 21:45:53.767364+00:00,3218650,ÇAMLICA 1 HES,103600,2026-05-31T23:00:00+03:00,23:00
40W000003218653P,YAKAAĞZI RES,unknown,2026-05-31 00:00:00+03:00,,30.0,chunk_0067.json,POST /v1/generation/data/dpp-bulk,2026-05-31 21:45:53.767364+00:00,3218653,YAKAAĞZI RES,104341,2026-05-31T00:00:00+03:00,00:00
40W000003218653P,YAKAAĞZI RES,unknown,2026-05-31 01:00:00+03:00,,30.0,chunk_0067.json,POST /v1/generation/data/dpp-bulk,2026-05-31 21:45:53.767364+00:00,3218653,YAKAAĞZI RES,104341,2026-05-31T01:00:00+03:00,01:00
40W000003218653P,YAKAAĞZI RES,unknown,2026-05-31 02:00:00+03:00,,30.0,chunk_0067.json,POST /v1/generation/data/dpp-bulk,2026-05-31 21:45:53.767364+00:00,3218653,YAKAAĞZI RES,104341,2026-05-31T02:00:00+03:00,02:00
40W000003218653P,YAKAAĞZI RES,unknown,2026-05-31 03:00:00+03:00,,30.0,chunk_0067.json,POST /v1/generation/data/dpp-bulk,2026-05-31 21:45:53.767364+00:00,3218653,YAKAAĞZI RES,104341,2026-05-31T03:00:00+03:00,03:00
40W000003218653P,YAKAAĞZI RES,unknown,2026-05-31 04:00:00+03:00,,30.0,chunk_0067.json,POST /v1/generation/data/dpp-bulk,2026-05-31 21:45:53.767364+00:00,3218653,YAKAAĞZI RES,104341,2026-05-31T04:00:00+03:00,04:00
40W000003218653P,YAKAAĞZI RES,unknown,2026-05-31 05:00:00+03:00,,30.0,chunk_0067.json,POST /v1/generation/data/dpp-bulk,2026-05-31 21:45:53.767364+00:00,3218653,YAKAAĞZI RES,104341,2026-05-31T05:00:00+03:00,05:00
40W000003218653P,YAKAAĞZI RES,unknown,2026-05-31 06:00:00+03:00,,30.0,chunk_0067.json,POST /v1/generation/data/dpp-bulk,2026-05-31 21:45:53.767364+00:00,3218653,YAKAAĞZI RES,104341,2026-05-31T06:00:00+03:00,06:00
40W000003218653P,YAKAAĞZI RES,unknown,2026-05-31 07:00:00+03:00,,30.0,chunk_0067.json,POST /v1/generation/data/dpp-bulk,2026-05-31 21:45:53.767364+00:00,3218653,YAKAAĞZI RES,104341,2026-05-31T07:00:00+03:00,07:00
40W000003218653P,YAKAAĞZI RES,unknown,2026-05-31 08:00:00+03:00,,30.0,chunk_0067.json,POST /v1/generation/data/dpp-bulk,2026-05-31 21:45:53.767364+00:00,3218653,YAKAAĞZI RES,104341,2026-05-31T08:00:00+03:00,08:00
40W000003218653P,YAKAAĞZI RES,unknown,2026-05-31 09:00:00+03:00,,30.0,chunk_0067.json,POST /v1/generation/data/dpp-bulk,2026-05-31 21:45:53.767364+00:00,3218653,YAKAAĞZI RES,104341,2026-05-31T09:00:00+03:00,09:00
40W000003218653P,YAKAAĞZI RES,unknown,2026-05-31 10:00:00+03:00,,30.0,chunk_0067.json,POST /v1/generation/data/dpp-bulk,2026-05-31 21:45:53.767364+00:00,3218653,YAKAAĞZI RES,104341,2026-05-31T10:00:00+03:00,10:00
40W000003218653P,YAKAAĞZI RES,unknown,2026-05-31 11:00:00+03:00,,30.0,chunk_0067.json,POST /v1/generation/data/dpp-bulk,2026-05-31 21:45:53.767364+00:00,3218653,YAKAAĞZI RES,104341,2026-05-31T11:00:00+03:00,11:00
40W000003218653P,YAKAAĞZI RES,unknown,2026-05-31 12:00:00+03:00,,30.0,chunk_0067.json,POST /v1/generation/data/dpp-bulk,2026-05-31 21:45:53.767364+00:00,3218653,YAKAAĞZI RES,104341,2026-05-31T12:00:00+03:00,12:00
40W000003218653P,YAKAAĞZI RES,unknown,2026-05-31 13:00:00+03:00,,30.0,chunk_0067.json,POST /v1/generation/data/dpp-bulk,2026-05-31 21:45:53.767364+00:00,3218653,YAKAAĞZI RES,104341,2026-05-31T13:00:00+03:00,13:00
40W000003218653P,YAKAAĞZI RES,unknown,2026-05-31 14:00:00+03:00,,30.0,chunk_0067.json,POST /v1/generation/data/dpp-bulk,2026-05-31 21:45:53.767364+00:00,3218653,YAKAAĞZI RES,104341,2026-05-31T14:00:00+03:00,14:00
40W000003218653P,YAKAAĞZI RES,unknown,2026-05-31 15:00:00+03:00,,30.0,chunk_0067.json,POST /v1/generation/data/dpp-bulk,2026-05-31 21:45:53.767364+00:00,3218653,YAKAAĞZI RES,104341,2026-05-31T15:00:00+03:00,15:00
40W000003218653P,YAKAAĞZI RES,unknown,2026-05-31 16:00:00+03:00,,30.0,chunk_0067.json,POST /v1/generation/data/dpp-bulk,2026-05-31 21:45:53.767364+00:00,3218653,YAKAAĞZI RES,104341,2026-05-31T16:00:00+03:00,16:00
40W000003218653P,YAKAAĞZI RES,unknown,2026-05-31 17:00:00+03:00,,30.0,chunk_0067.json,POST /v1/generation/data/dpp-bulk,2026-05-31 21:45:53.767364+00:00,3218653,YAKAAĞZI RES,104341,2026-05-31T17:00:00+03:00,17:00
40W000003218653P,YAKAAĞZI RES,unknown,2026-05-31 18:00:00+03:00,,30.0,chunk_0067.json,POST /v1/generation/data/dpp-bulk,2026-05-31 21:45:53.767364+00:00,3218653,YAKAAĞZI RES,104341,2026-05-31T18:00:00+03:00,18:00
40W000003218653P,YAKAAĞZI RES,unknown,2026-05-31 19:00:00+03:00,,30.0,chunk_0067.json,POST /v1/generation/data/dpp-bulk,2026-05-31 21:45:53.767364+00:00,3218653,YAKAAĞZI RES,104341,2026-05-31T19:00:00+03:00,19:00
40W000003218653P,YAKAAĞZI RES,unknown,2026-05-31 20:00:00+03:00,,30.0,chunk_0067.json,POST /v1/generation/data/dpp-bulk,2026-05-31 21:45:53.767364+00:00,3218653,YAKAAĞZI RES,104341,2026-05-31T20:00:00+03:00,20:00
40W000003218653P,YAKAAĞZI RES,unknown,2026-05-31 21:00:00+03:00,,30.0,chunk_0067.json,POST /v1/generation/data/dpp-bulk,2026-05-31 21:45:53.767364+00:00,3218653,YAKAAĞZI RES,104341,2026-05-31T21:00:00+03:00,21:00
40W000003218653P,YAKAAĞZI RES,unknown,2026-05-31 22:00:00+03:00,,30.0,chunk_0067.json,POST /v1/generation/data/dpp-bulk,2026-05-31 21:45:53.767364+00:00,3218653,YAKAAĞZI RES,104341,2026-05-31T22:00:00+03:00,22:00
40W000003218653P,YAKAAĞZI RES,unknown,2026-05-31 23:00:00+03:00,,30.0,chunk_0067.json,POST /v1/generation/data/dpp-bulk,2026-05-31 21:45:53.767364+00:00,3218653,YAKAAĞZI RES,104341,2026-05-31T23:00:00+03:00,23:00
40W000003218770L,METAFOR RES,unknown,2026-05-31 00:00:00+03:00,,49.5,chunk_0067.json,POST /v1/generation/data/dpp-bulk,2026-05-31 21:45:53.767364+00:00,3218770,METAFOR RES,104341,2026-05-31T00:00:00+03:00,00:00
40W000003218770L,METAFOR RES,unknown,2026-05-31 01:00:00+03:00,,49.5,chunk_0067.json,POST /v1/generation/data/dpp-bulk,2026-05-31 21:45:53.767364+00:00,3218770,METAFOR RES,104341,2026-05-31T01:00:00+03:00,01:00
40W000003218770L,METAFOR RES,unknown,2026-05-31 02:00:00+03:00,,49.5,chunk_0067.json,POST /v1/generation/data/dpp-bulk,2026-05-31 21:45:53.767364+00:00,3218770,METAFOR RES,104341,2026-05-31T02:00:00+03:00,02:00
40W000003218770L,METAFOR RES,unknown,2026-05-31 03:00:00+03:00,,49.5,chunk_0067.json,POST /v1/generation/data/dpp-bulk,2026-05-31 21:45:53.767364+00:00,3218770,METAFOR RES,104341,2026-05-31T03:00:00+03:00,03:00
40W000003218770L,METAFOR RES,unknown,2026-05-31 04:00:00+03:00,,49.5,chunk_0067.json,POST /v1/generation/data/dpp-bulk,2026-05-31 21:45:53.767364+00:00,3218770,METAFOR RES,104341,2026-05-31T04:00:00+03:00,04:00
40W000003218770L,METAFOR RES,unknown,2026-05-31 05:00:00+03:00,,49.5,chunk_0067.json,POST /v1/generation/data/dpp-bulk,2026-05-31 21:45:53.767364+00:00,3218770,METAFOR RES,104341,2026-05-31T05:00:00+03:00,05:00
40W000003218770L,METAFOR RES,unknown,2026-05-31 06:00:00+03:00,,49.5,chunk_0067.json,POST /v1/generation/data/dpp-bulk,2026-05-31 21:45:53.767364+00:00,3218770,METAFOR RES,104341,2026-05-31T06:00:00+03:00,06:00
40W000003218770L,METAFOR RES,unknown,2026-05-31 07:00:00+03:00,,49.5,chunk_0067.json,POST /v1/generation/data/dpp-bulk,2026-05-31 21:45:53.767364+00:00,3218770,METAFOR RES,104341,2026-05-31T07:00:00+03:00,07:00
40W000003218770L,METAFOR RES,unknown,2026-05-31 08:00:00+03:00,,49.5,chunk_0067.json,POST /v1/generation/data/dpp-bulk,2026-05-31 21:45:53.767364+00:00,3218770,METAFOR RES,104341,2026-05-31T08:00:00+03:00,08:00
40W000003218770L,METAFOR RES,unknown,2026-05-31 09:00:00+03:00,,49.5,chunk_0067.json,POST /v1/generation/data/dpp-bulk,2026-05-31 21:45:53.767364+00:00,3218770,METAFOR RES,104341,2026-05-31T09:00:00+03:00,09:00
40W000003218770L,METAFOR RES,unknown,2026-05-31 10:00:00+03:00,,49.5,chunk_0067.json,POST /v1/generation/data/dpp-bulk,2026-05-31 21:45:53.767364+00:00,3218770,METAFOR RES,104341,2026-05-31T10:00:00+03:00,10:00
40W000003218770L,METAFOR RES,unknown,2026-05-31 11:00:00+03:00,,49.5,chunk_0067.json,POST /v1/generation/data/dpp-bulk,2026-05-31 21:45:53.767364+00:00,3218770,METAFOR RES,104341,2026-05-31T11:00:00+03:00,11:00
40W000003218770L,METAFOR RES,unknown,2026-05-31 12:00:00+03:00,,49.5,chunk_0067.json,POST /v1/generation/data/dpp-bulk,2026-05-31 21:45:53.767364+00:00,3218770,METAFOR RES,104341,2026-05-31T12:00:00+03:00,12:00
40W000003218770L,METAFOR RES,unknown,2026-05-31 13:00:00+03:00,,49.5,chunk_0067.json,POST /v1/generation/data/dpp-bulk,2026-05-31 21:45:53.767364+00:00,3218770,METAFOR RES,104341,2026-05-31T13:00:00+03:00,13:00
40W000003218770L,METAFOR RES,unknown,2026-05-31 14:00:00+03:00,,49.5,chunk_0067.json,POST /v1/generation/data/dpp-bulk,2026-05-31 21:45:53.767364+00:00,3218770,METAFOR RES,104341,2026-05-31T14:00:00+03:00,14:00
40W000003218770L,METAFOR RES,unknown,2026-05-31 15:00:00+03:00,,40.0,chunk_0067.json,POST /v1/generation/data/dpp-bulk,2026-05-31 21:45:53.767364+00:00,3218770,METAFOR RES,104341,2026-05-31T15:00:00+03:00,15:00
40W000003218770L,METAFOR RES,unknown,2026-05-31 16:00:00+03:00,,40.0,chunk_0067.json,POST /v1/generation/data/dpp-bulk,2026-05-31 21:45:53.767364+00:00,3218770,METAFOR RES,104341,2026-05-31T16:00:00+03:00,16:00
40W000003218770L,METAFOR RES,unknown,2026-05-31 17:00:00+03:00,,40.0,chunk_0067.json,POST /v1/generation/data/dpp-bulk,2026-05-31 21:45:53.767364+00:00,3218770,METAFOR RES,104341,2026-05-31T17:00:00+03:00,17:00
40W000003218770L,METAFOR RES,unknown,2026-05-31 18:00:00+03:00,,40.0,chunk_0067.json,POST /v1/generation/data/dpp-bulk,2026-05-31 21:45:53.767364+00:00,3218770,METAFOR RES,104341,2026-05-31T18:00:00+03:00,18:00
40W000003218770L,METAFOR RES,unknown,2026-05-31 19:00:00+03:00,,40.0,chunk_0067.json,POST /v1/generation/data/dpp-bulk,2026-05-31 21:45:53.767364+00:00,3218770,METAFOR RES,104341,2026-05-31T19:00:00+03:00,19:00
40W000003218770L,METAFOR RES,unknown,2026-05-31 20:00:00+03:00,,40.0,chunk_0067.json,POST /v1/generation/data/dpp-bulk,2026-05-31 21:45:53.767364+00:00,3218770,METAFOR RES,104341,2026-05-31T20:00:00+03:00,20:00
40W000003218770L,METAFOR RES,unknown,2026-05-31 21:00:00+03:00,,40.0,chunk_0067.json,POST /v1/generation/data/dpp-bulk,2026-05-31 21:45:53.767364+00:00,3218770,METAFOR RES,104341,2026-05-31T21:00:00+03:00,21:00
40W000003218770L,METAFOR RES,unknown,2026-05-31 22:00:00+03:00,,40.0,chunk_0067.json,POST /v1/generation/data/dpp-bulk,2026-05-31 21:45:53.767364+00:00,3218770,METAFOR RES,104341,2026-05-31T22:00:00+03:00,22:00
40W000003218770L,METAFOR RES,unknown,2026-05-31 23:00:00+03:00,,40.0,chunk_0067.json,POST /v1/generation/data/dpp-bulk,2026-05-31 21:45:53.767364+00:00,3218770,METAFOR RES,104341,2026-05-31T23:00:00+03:00,23:00
