entsoe_code,plant_name,fuel_type,delivery_hour,publication_timestamp,kgup_mwh,source_file,source_api,forecast_timestamp,uevcb_id,uevcb_name,org_id,date_raw,time_raw
40W000003221370T,ERCİYES RES,unknown,2026-05-31 00:00:00+03:00,,2.0,chunk_0071.json,POST /v1/generation/data/dpp-bulk,2026-05-31 21:45:55.473713+00:00,3221370,ERCİYES RES,282,2026-05-31T00:00:00+03:00,00:00
40W000003221370T,ERCİYES RES,unknown,2026-05-31 01:00:00+03:00,,26.1,chunk_0071.json,POST /v1/generation/data/dpp-bulk,2026-05-31 21:45:55.473713+00:00,3221370,ERCİYES RES,282,2026-05-31T01:00:00+03:00,01:00
40W000003221370T,ERCİYES RES,unknown,2026-05-31 02:00:00+03:00,,36.4,chunk_0071.json,POST /v1/generation/data/dpp-bulk,2026-05-31 21:45:55.473713+00:00,3221370,ERCİYES RES,282,2026-05-31T02:00:00+03:00,02:00
40W000003221370T,ERCİYES RES,unknown,2026-05-31 03:00:00+03:00,,43.8,chunk_0071.json,POST /v1/generation/data/dpp-bulk,2026-05-31 21:45:55.473713+00:00,3221370,ERCİYES RES,282,2026-05-31T03:00:00+03:00,03:00
40W000003221370T,ERCİYES RES,unknown,2026-05-31 04:00:00+03:00,,35.0,chunk_0071.json,POST /v1/generation/data/dpp-bulk,2026-05-31 21:45:55.473713+00:00,3221370,ERCİYES RES,282,2026-05-31T04:00:00+03:00,04:00
40W000003221370T,ERCİYES RES,unknown,2026-05-31 05:00:00+03:00,,49.7,chunk_0071.json,POST /v1/generation/data/dpp-bulk,2026-05-31 21:45:55.473713+00:00,3221370,ERCİYES RES,282,2026-05-31T05:00:00+03:00,05:00
40W000003221370T,ERCİYES RES,unknown,2026-05-31 06:00:00+03:00,,0.0,chunk_0071.json,POST /v1/generation/data/dpp-bulk,2026-05-31 21:45:55.473713+00:00,3221370,ERCİYES RES,282,2026-05-31T06:00:00+03:00,06:00
40W000003221370T,ERCİYES RES,unknown,2026-05-31 07:00:00+03:00,,0.0,chunk_0071.json,POST /v1/generation/data/dpp-bulk,2026-05-31 21:45:55.473713+00:00,3221370,ERCİYES RES,282,2026-05-31T07:00:00+03:00,07:00
40W000003221370T,ERCİYES RES,unknown,2026-05-31 08:00:00+03:00,,0.0,chunk_0071.json,POST /v1/generation/data/dpp-bulk,2026-05-31 21:45:55.473713+00:00,3221370,ERCİYES RES,282,2026-05-31T08:00:00+03:00,08:00
40W000003221370T,ERCİYES RES,unknown,2026-05-31 09:00:00+03:00,,0.0,chunk_0071.json,POST /v1/generation/data/dpp-bulk,2026-05-31 21:45:55.473713+00:00,3221370,ERCİYES RES,282,2026-05-31T09:00:00+03:00,09:00
40W000003221370T,ERCİYES RES,unknown,2026-05-31 10:00:00+03:00,,0.0,chunk_0071.json,POST /v1/generation/data/dpp-bulk,2026-05-31 21:45:55.473713+00:00,3221370,ERCİYES RES,282,2026-05-31T10:00:00+03:00,10:00
40W000003221370T,ERCİYES RES,unknown,2026-05-31 11:00:00+03:00,,0.0,chunk_0071.json,POST /v1/generation/data/dpp-bulk,2026-05-31 21:45:55.473713+00:00,3221370,ERCİYES RES,282,2026-05-31T11:00:00+03:00,11:00
40W000003221370T,ERCİYES RES,unknown,2026-05-31 12:00:00+03:00,,0.0,chunk_0071.json,POST /v1/generation/data/dpp-bulk,2026-05-31 21:45:55.473713+00:00,3221370,ERCİYES RES,282,2026-05-31T12:00:00+03:00,12:00
40W000003221370T,ERCİYES RES,unknown,2026-05-31 13:00:00+03:00,,0.0,chunk_0071.json,POST /v1/generation/data/dpp-bulk,2026-05-31 21:45:55.473713+00:00,3221370,ERCİYES RES,282,2026-05-31T13:00:00+03:00,13:00
40W000003221370T,ERCİYES RES,unknown,2026-05-31 14:00:00+03:00,,0.0,chunk_0071.json,POST /v1/generation/data/dpp-bulk,2026-05-31 21:45:55.473713+00:00,3221370,ERCİYES RES,282,2026-05-31T14:00:00+03:00,14:00
40W000003221370T,ERCİYES RES,unknown,2026-05-31 15:00:00+03:00,,0.0,chunk_0071.json,POST /v1/generation/data/dpp-bulk,2026-05-31 21:45:55.473713+00:00,3221370,ERCİYES RES,282,2026-05-31T15:00:00+03:00,15:00
40W000003221370T,ERCİYES RES,unknown,2026-05-31 16:00:00+03:00,,0.0,chunk_0071.json,POST /v1/generation/data/dpp-bulk,2026-05-31 21:45:55.473713+00:00,3221370,ERCİYES RES,282,2026-05-31T16:00:00+03:00,16:00
40W000003221370T,ERCİYES RES,unknown,2026-05-31 17:00:00+03:00,,0.0,chunk_0071.json,POST /v1/generation/data/dpp-bulk,2026-05-31 21:45:55.473713+00:00,3221370,ERCİYES RES,282,2026-05-31T17:00:00+03:00,17:00
40W000003221370T,ERCİYES RES,unknown,2026-05-31 18:00:00+03:00,,12.4,chunk_0071.json,POST /v1/generation/data/dpp-bulk,2026-05-31 21:45:55.473713+00:00,3221370,ERCİYES RES,282,2026-05-31T18:00:00+03:00,18:00
40W000003221370T,ERCİYES RES,unknown,2026-05-31 19:00:00+03:00,,11.3,chunk_0071.json,POST /v1/generation/data/dpp-bulk,2026-05-31 21:45:55.473713+00:00,3221370,ERCİYES RES,282,2026-05-31T19:00:00+03:00,19:00
40W000003221370T,ERCİYES RES,unknown,2026-05-31 20:00:00+03:00,,9.4,chunk_0071.json,POST /v1/generation/data/dpp-bulk,2026-05-31 21:45:55.473713+00:00,3221370,ERCİYES RES,282,2026-05-31T20:00:00+03:00,20:00
40W000003221370T,ERCİYES RES,unknown,2026-05-31 21:00:00+03:00,,6.7,chunk_0071.json,POST /v1/generation/data/dpp-bulk,2026-05-31 21:45:55.473713+00:00,3221370,ERCİYES RES,282,2026-05-31T21:00:00+03:00,21:00
40W000003221370T,ERCİYES RES,unknown,2026-05-31 22:00:00+03:00,,4.4,chunk_0071.json,POST /v1/generation/data/dpp-bulk,2026-05-31 21:45:55.473713+00:00,3221370,ERCİYES RES,282,2026-05-31T22:00:00+03:00,22:00
40W000003221370T,ERCİYES RES,unknown,2026-05-31 23:00:00+03:00,,3.2,chunk_0071.json,POST /v1/generation/data/dpp-bulk,2026-05-31 21:45:55.473713+00:00,3221370,ERCİYES RES,282,2026-05-31T23:00:00+03:00,23:00
40W0000032214114,AKHİSAR RES,unknown,2026-05-31 00:00:00+03:00,,0.8,chunk_0071.json,POST /v1/generation/data/dpp-bulk,2026-05-31 21:45:55.473713+00:00,3221411,AKHİSAR RES,282,2026-05-31T00:00:00+03:00,00:00
40W0000032214114,AKHİSAR RES,unknown,2026-05-31 01:00:00+03:00,,0.6,chunk_0071.json,POST /v1/generation/data/dpp-bulk,2026-05-31 21:45:55.473713+00:00,3221411,AKHİSAR RES,282,2026-05-31T01:00:00+03:00,01:00
40W0000032214114,AKHİSAR RES,unknown,2026-05-31 02:00:00+03:00,,0.6,chunk_0071.json,POST /v1/generation/data/dpp-bulk,2026-05-31 21:45:55.473713+00:00,3221411,AKHİSAR RES,282,2026-05-31T02:00:00+03:00,02:00
40W0000032214114,AKHİSAR RES,unknown,2026-05-31 03:00:00+03:00,,0.6,chunk_0071.json,POST /v1/generation/data/dpp-bulk,2026-05-31 21:45:55.473713+00:00,3221411,AKHİSAR RES,282,2026-05-31T03:00:00+03:00,03:00
40W0000032214114,AKHİSAR RES,unknown,2026-05-31 04:00:00+03:00,,0.5,chunk_0071.json,POST /v1/generation/data/dpp-bulk,2026-05-31 21:45:55.473713+00:00,3221411,AKHİSAR RES,282,2026-05-31T04:00:00+03:00,04:00
40W0000032214114,AKHİSAR RES,unknown,2026-05-31 05:00:00+03:00,,0.2,chunk_0071.json,POST /v1/generation/data/dpp-bulk,2026-05-31 21:45:55.473713+00:00,3221411,AKHİSAR RES,282,2026-05-31T05:00:00+03:00,05:00
40W0000032214114,AKHİSAR RES,unknown,2026-05-31 06:00:00+03:00,,0.0,chunk_0071.json,POST /v1/generation/data/dpp-bulk,2026-05-31 21:45:55.473713+00:00,3221411,AKHİSAR RES,282,2026-05-31T06:00:00+03:00,06:00
40W0000032214114,AKHİSAR RES,unknown,2026-05-31 07:00:00+03:00,,0.0,chunk_0071.json,POST /v1/generation/data/dpp-bulk,2026-05-31 21:45:55.473713+00:00,3221411,AKHİSAR RES,282,2026-05-31T07:00:00+03:00,07:00
40W0000032214114,AKHİSAR RES,unknown,2026-05-31 08:00:00+03:00,,0.0,chunk_0071.json,POST /v1/generation/data/dpp-bulk,2026-05-31 21:45:55.473713+00:00,3221411,AKHİSAR RES,282,2026-05-31T08:00:00+03:00,08:00
40W0000032214114,AKHİSAR RES,unknown,2026-05-31 09:00:00+03:00,,0.0,chunk_0071.json,POST /v1/generation/data/dpp-bulk,2026-05-31 21:45:55.473713+00:00,3221411,AKHİSAR RES,282,2026-05-31T09:00:00+03:00,09:00
40W0000032214114,AKHİSAR RES,unknown,2026-05-31 10:00:00+03:00,,0.0,chunk_0071.json,POST /v1/generation/data/dpp-bulk,2026-05-31 21:45:55.473713+00:00,3221411,AKHİSAR RES,282,2026-05-31T10:00:00+03:00,10:00
40W0000032214114,AKHİSAR RES,unknown,2026-05-31 11:00:00+03:00,,0.0,chunk_0071.json,POST /v1/generation/data/dpp-bulk,2026-05-31 21:45:55.473713+00:00,3221411,AKHİSAR RES,282,2026-05-31T11:00:00+03:00,11:00
40W0000032214114,AKHİSAR RES,unknown,2026-05-31 12:00:00+03:00,,0.0,chunk_0071.json,POST /v1/generation/data/dpp-bulk,2026-05-31 21:45:55.473713+00:00,3221411,AKHİSAR RES,282,2026-05-31T12:00:00+03:00,12:00
40W0000032214114,AKHİSAR RES,unknown,2026-05-31 13:00:00+03:00,,0.0,chunk_0071.json,POST /v1/generation/data/dpp-bulk,2026-05-31 21:45:55.473713+00:00,3221411,AKHİSAR RES,282,2026-05-31T13:00:00+03:00,13:00
40W0000032214114,AKHİSAR RES,unknown,2026-05-31 14:00:00+03:00,,0.0,chunk_0071.json,POST /v1/generation/data/dpp-bulk,2026-05-31 21:45:55.473713+00:00,3221411,AKHİSAR RES,282,2026-05-31T14:00:00+03:00,14:00
40W0000032214114,AKHİSAR RES,unknown,2026-05-31 15:00:00+03:00,,0.0,chunk_0071.json,POST /v1/generation/data/dpp-bulk,2026-05-31 21:45:55.473713+00:00,3221411,AKHİSAR RES,282,2026-05-31T15:00:00+03:00,15:00
40W0000032214114,AKHİSAR RES,unknown,2026-05-31 16:00:00+03:00,,0.0,chunk_0071.json,POST /v1/generation/data/dpp-bulk,2026-05-31 21:45:55.473713+00:00,3221411,AKHİSAR RES,282,2026-05-31T16:00:00+03:00,16:00
40W0000032214114,AKHİSAR RES,unknown,2026-05-31 17:00:00+03:00,,0.0,chunk_0071.json,POST /v1/generation/data/dpp-bulk,2026-05-31 21:45:55.473713+00:00,3221411,AKHİSAR RES,282,2026-05-31T17:00:00+03:00,17:00
40W0000032214114,AKHİSAR RES,unknown,2026-05-31 18:00:00+03:00,,5.5,chunk_0071.json,POST /v1/generation/data/dpp-bulk,2026-05-31 21:45:55.473713+00:00,3221411,AKHİSAR RES,282,2026-05-31T18:00:00+03:00,18:00
40W0000032214114,AKHİSAR RES,unknown,2026-05-31 19:00:00+03:00,,5.7,chunk_0071.json,POST /v1/generation/data/dpp-bulk,2026-05-31 21:45:55.473713+00:00,3221411,AKHİSAR RES,282,2026-05-31T19:00:00+03:00,19:00
40W0000032214114,AKHİSAR RES,unknown,2026-05-31 20:00:00+03:00,,3.8,chunk_0071.json,POST /v1/generation/data/dpp-bulk,2026-05-31 21:45:55.473713+00:00,3221411,AKHİSAR RES,282,2026-05-31T20:00:00+03:00,20:00
40W0000032214114,AKHİSAR RES,unknown,2026-05-31 21:00:00+03:00,,2.0,chunk_0071.json,POST /v1/generation/data/dpp-bulk,2026-05-31 21:45:55.473713+00:00,3221411,AKHİSAR RES,282,2026-05-31T21:00:00+03:00,21:00
40W0000032214114,AKHİSAR RES,unknown,2026-05-31 22:00:00+03:00,,1.0,chunk_0071.json,POST /v1/generation/data/dpp-bulk,2026-05-31 21:45:55.473713+00:00,3221411,AKHİSAR RES,282,2026-05-31T22:00:00+03:00,22:00
40W0000032214114,AKHİSAR RES,unknown,2026-05-31 23:00:00+03:00,,0.5,chunk_0071.json,POST /v1/generation/data/dpp-bulk,2026-05-31 21:45:55.473713+00:00,3221411,AKHİSAR RES,282,2026-05-31T23:00:00+03:00,23:00
40W0000032211700,ITC ADANA ENERJİ ÜRETİM TESİSİ,unknown,2026-05-31 00:00:00+03:00,,0.94,chunk_0071.json,POST /v1/generation/data/dpp-bulk,2026-05-31 21:45:55.473713+00:00,3221170,ITC ADANA ENERJİ ÜRETİM TESİSİ,420,2026-05-31T00:00:00+03:00,00:00
40W0000032211700,ITC ADANA ENERJİ ÜRETİM TESİSİ,unknown,2026-05-31 01:00:00+03:00,,0.94,chunk_0071.json,POST /v1/generation/data/dpp-bulk,2026-05-31 21:45:55.473713+00:00,3221170,ITC ADANA ENERJİ ÜRETİM TESİSİ,420,2026-05-31T01:00:00+03:00,01:00
40W0000032211700,ITC ADANA ENERJİ ÜRETİM TESİSİ,unknown,2026-05-31 02:00:00+03:00,,0.94,chunk_0071.json,POST /v1/generation/data/dpp-bulk,2026-05-31 21:45:55.473713+00:00,3221170,ITC ADANA ENERJİ ÜRETİM TESİSİ,420,2026-05-31T02:00:00+03:00,02:00
40W0000032211700,ITC ADANA ENERJİ ÜRETİM TESİSİ,unknown,2026-05-31 03:00:00+03:00,,0.94,chunk_0071.json,POST /v1/generation/data/dpp-bulk,2026-05-31 21:45:55.473713+00:00,3221170,ITC ADANA ENERJİ ÜRETİM TESİSİ,420,2026-05-31T03:00:00+03:00,03:00
40W0000032211700,ITC ADANA ENERJİ ÜRETİM TESİSİ,unknown,2026-05-31 04:00:00+03:00,,0.94,chunk_0071.json,POST /v1/generation/data/dpp-bulk,2026-05-31 21:45:55.473713+00:00,3221170,ITC ADANA ENERJİ ÜRETİM TESİSİ,420,2026-05-31T04:00:00+03:00,04:00
40W0000032211700,ITC ADANA ENERJİ ÜRETİM TESİSİ,unknown,2026-05-31 05:00:00+03:00,,0.94,chunk_0071.json,POST /v1/generation/data/dpp-bulk,2026-05-31 21:45:55.473713+00:00,3221170,ITC ADANA ENERJİ ÜRETİM TESİSİ,420,2026-05-31T05:00:00+03:00,05:00
40W0000032211700,ITC ADANA ENERJİ ÜRETİM TESİSİ,unknown,2026-05-31 06:00:00+03:00,,0.94,chunk_0071.json,POST /v1/generation/data/dpp-bulk,2026-05-31 21:45:55.473713+00:00,3221170,ITC ADANA ENERJİ ÜRETİM TESİSİ,420,2026-05-31T06:00:00+03:00,06:00
40W0000032211700,ITC ADANA ENERJİ ÜRETİM TESİSİ,unknown,2026-05-31 07:00:00+03:00,,0.94,chunk_0071.json,POST /v1/generation/data/dpp-bulk,2026-05-31 21:45:55.473713+00:00,3221170,ITC ADANA ENERJİ ÜRETİM TESİSİ,420,2026-05-31T07:00:00+03:00,07:00
40W0000032211700,ITC ADANA ENERJİ ÜRETİM TESİSİ,unknown,2026-05-31 08:00:00+03:00,,0.94,chunk_0071.json,POST /v1/generation/data/dpp-bulk,2026-05-31 21:45:55.473713+00:00,3221170,ITC ADANA ENERJİ ÜRETİM TESİSİ,420,2026-05-31T08:00:00+03:00,08:00
40W0000032211700,ITC ADANA ENERJİ ÜRETİM TESİSİ,unknown,2026-05-31 09:00:00+03:00,,0.94,chunk_0071.json,POST /v1/generation/data/dpp-bulk,2026-05-31 21:45:55.473713+00:00,3221170,ITC ADANA ENERJİ ÜRETİM TESİSİ,420,2026-05-31T09:00:00+03:00,09:00
40W0000032211700,ITC ADANA ENERJİ ÜRETİM TESİSİ,unknown,2026-05-31 10:00:00+03:00,,0.94,chunk_0071.json,POST /v1/generation/data/dpp-bulk,2026-05-31 21:45:55.473713+00:00,3221170,ITC ADANA ENERJİ ÜRETİM TESİSİ,420,2026-05-31T10:00:00+03:00,10:00
40W0000032211700,ITC ADANA ENERJİ ÜRETİM TESİSİ,unknown,2026-05-31 11:00:00+03:00,,0.94,chunk_0071.json,POST /v1/generation/data/dpp-bulk,2026-05-31 21:45:55.473713+00:00,3221170,ITC ADANA ENERJİ ÜRETİM TESİSİ,420,2026-05-31T11:00:00+03:00,11:00
40W0000032211700,ITC ADANA ENERJİ ÜRETİM TESİSİ,unknown,2026-05-31 12:00:00+03:00,,0.94,chunk_0071.json,POST /v1/generation/data/dpp-bulk,2026-05-31 21:45:55.473713+00:00,3221170,ITC ADANA ENERJİ ÜRETİM TESİSİ,420,2026-05-31T12:00:00+03:00,12:00
40W0000032211700,ITC ADANA ENERJİ ÜRETİM TESİSİ,unknown,2026-05-31 13:00:00+03:00,,0.94,chunk_0071.json,POST /v1/generation/data/dpp-bulk,2026-05-31 21:45:55.473713+00:00,3221170,ITC ADANA ENERJİ ÜRETİM TESİSİ,420,2026-05-31T13:00:00+03:00,13:00
40W0000032211700,ITC ADANA ENERJİ ÜRETİM TESİSİ,unknown,2026-05-31 14:00:00+03:00,,0.94,chunk_0071.json,POST /v1/generation/data/dpp-bulk,2026-05-31 21:45:55.473713+00:00,3221170,ITC ADANA ENERJİ ÜRETİM TESİSİ,420,2026-05-31T14:00:00+03:00,14:00
40W0000032211700,ITC ADANA ENERJİ ÜRETİM TESİSİ,unknown,2026-05-31 15:00:00+03:00,,0.94,chunk_0071.json,POST /v1/generation/data/dpp-bulk,2026-05-31 21:45:55.473713+00:00,3221170,ITC ADANA ENERJİ ÜRETİM TESİSİ,420,2026-05-31T15:00:00+03:00,15:00
40W0000032211700,ITC ADANA ENERJİ ÜRETİM TESİSİ,unknown,2026-05-31 16:00:00+03:00,,0.94,chunk_0071.json,POST /v1/generation/data/dpp-bulk,2026-05-31 21:45:55.473713+00:00,3221170,ITC ADANA ENERJİ ÜRETİM TESİSİ,420,2026-05-31T16:00:00+03:00,16:00
40W0000032211700,ITC ADANA ENERJİ ÜRETİM TESİSİ,unknown,2026-05-31 17:00:00+03:00,,0.94,chunk_0071.json,POST /v1/generation/data/dpp-bulk,2026-05-31 21:45:55.473713+00:00,3221170,ITC ADANA ENERJİ ÜRETİM TESİSİ,420,2026-05-31T17:00:00+03:00,17:00
40W0000032211700,ITC ADANA ENERJİ ÜRETİM TESİSİ,unknown,2026-05-31 18:00:00+03:00,,0.94,chunk_0071.json,POST /v1/generation/data/dpp-bulk,2026-05-31 21:45:55.473713+00:00,3221170,ITC ADANA ENERJİ ÜRETİM TESİSİ,420,2026-05-31T18:00:00+03:00,18:00
40W0000032211700,ITC ADANA ENERJİ ÜRETİM TESİSİ,unknown,2026-05-31 19:00:00+03:00,,0.94,chunk_0071.json,POST /v1/generation/data/dpp-bulk,2026-05-31 21:45:55.473713+00:00,3221170,ITC ADANA ENERJİ ÜRETİM TESİSİ,420,2026-05-31T19:00:00+03:00,19:00
40W0000032211700,ITC ADANA ENERJİ ÜRETİM TESİSİ,unknown,2026-05-31 20:00:00+03:00,,0.94,chunk_0071.json,POST /v1/generation/data/dpp-bulk,2026-05-31 21:45:55.473713+00:00,3221170,ITC ADANA ENERJİ ÜRETİM TESİSİ,420,2026-05-31T20:00:00+03:00,20:00
40W0000032211700,ITC ADANA ENERJİ ÜRETİM TESİSİ,unknown,2026-05-31 21:00:00+03:00,,0.94,chunk_0071.json,POST /v1/generation/data/dpp-bulk,2026-05-31 21:45:55.473713+00:00,3221170,ITC ADANA ENERJİ ÜRETİM TESİSİ,420,2026-05-31T21:00:00+03:00,21:00
40W0000032211700,ITC ADANA ENERJİ ÜRETİM TESİSİ,unknown,2026-05-31 22:00:00+03:00,,0.94,chunk_0071.json,POST /v1/generation/data/dpp-bulk,2026-05-31 21:45:55.473713+00:00,3221170,ITC ADANA ENERJİ ÜRETİM TESİSİ,420,2026-05-31T22:00:00+03:00,22:00
40W0000032211700,ITC ADANA ENERJİ ÜRETİM TESİSİ,unknown,2026-05-31 23:00:00+03:00,,0.94,chunk_0071.json,POST /v1/generation/data/dpp-bulk,2026-05-31 21:45:55.473713+00:00,3221170,ITC ADANA ENERJİ ÜRETİM TESİSİ,420,2026-05-31T23:00:00+03:00,23:00
40W000003220930M,OSMANGAZİ_LÜY_SAATLİK MAHSUP_GES_TİC_OG_Ç.T.,unknown,2026-05-31 00:00:00+03:00,,0.0,chunk_0071.json,POST /v1/generation/data/dpp-bulk,2026-05-31 21:45:55.473713+00:00,3220930,OSMANGAZİ_LÜY_SAATLİK MAHSUP_GES_TİC_OG_Ç.T.,10930,2026-05-31T00:00:00+03:00,00:00
40W000003220930M,OSMANGAZİ_LÜY_SAATLİK MAHSUP_GES_TİC_OG_Ç.T.,unknown,2026-05-31 01:00:00+03:00,,0.0,chunk_0071.json,POST /v1/generation/data/dpp-bulk,2026-05-31 21:45:55.473713+00:00,3220930,OSMANGAZİ_LÜY_SAATLİK MAHSUP_GES_TİC_OG_Ç.T.,10930,2026-05-31T01:00:00+03:00,01:00
40W000003220930M,OSMANGAZİ_LÜY_SAATLİK MAHSUP_GES_TİC_OG_Ç.T.,unknown,2026-05-31 02:00:00+03:00,,0.0,chunk_0071.json,POST /v1/generation/data/dpp-bulk,2026-05-31 21:45:55.473713+00:00,3220930,OSMANGAZİ_LÜY_SAATLİK MAHSUP_GES_TİC_OG_Ç.T.,10930,2026-05-31T02:00:00+03:00,02:00
40W000003220930M,OSMANGAZİ_LÜY_SAATLİK MAHSUP_GES_TİC_OG_Ç.T.,unknown,2026-05-31 03:00:00+03:00,,0.0,chunk_0071.json,POST /v1/generation/data/dpp-bulk,2026-05-31 21:45:55.473713+00:00,3220930,OSMANGAZİ_LÜY_SAATLİK MAHSUP_GES_TİC_OG_Ç.T.,10930,2026-05-31T03:00:00+03:00,03:00
40W000003220930M,OSMANGAZİ_LÜY_SAATLİK MAHSUP_GES_TİC_OG_Ç.T.,unknown,2026-05-31 04:00:00+03:00,,0.0,chunk_0071.json,POST /v1/generation/data/dpp-bulk,2026-05-31 21:45:55.473713+00:00,3220930,OSMANGAZİ_LÜY_SAATLİK MAHSUP_GES_TİC_OG_Ç.T.,10930,2026-05-31T04:00:00+03:00,04:00
40W000003220930M,OSMANGAZİ_LÜY_SAATLİK MAHSUP_GES_TİC_OG_Ç.T.,unknown,2026-05-31 05:00:00+03:00,,0.0,chunk_0071.json,POST /v1/generation/data/dpp-bulk,2026-05-31 21:45:55.473713+00:00,3220930,OSMANGAZİ_LÜY_SAATLİK MAHSUP_GES_TİC_OG_Ç.T.,10930,2026-05-31T05:00:00+03:00,05:00
40W000003220930M,OSMANGAZİ_LÜY_SAATLİK MAHSUP_GES_TİC_OG_Ç.T.,unknown,2026-05-31 06:00:00+03:00,,0.0,chunk_0071.json,POST /v1/generation/data/dpp-bulk,2026-05-31 21:45:55.473713+00:00,3220930,OSMANGAZİ_LÜY_SAATLİK MAHSUP_GES_TİC_OG_Ç.T.,10930,2026-05-31T06:00:00+03:00,06:00
40W000003220930M,OSMANGAZİ_LÜY_SAATLİK MAHSUP_GES_TİC_OG_Ç.T.,unknown,2026-05-31 07:00:00+03:00,,0.01,chunk_0071.json,POST /v1/generation/data/dpp-bulk,2026-05-31 21:45:55.473713+00:00,3220930,OSMANGAZİ_LÜY_SAATLİK MAHSUP_GES_TİC_OG_Ç.T.,10930,2026-05-31T07:00:00+03:00,07:00
40W000003220930M,OSMANGAZİ_LÜY_SAATLİK MAHSUP_GES_TİC_OG_Ç.T.,unknown,2026-05-31 08:00:00+03:00,,0.02,chunk_0071.json,POST /v1/generation/data/dpp-bulk,2026-05-31 21:45:55.473713+00:00,3220930,OSMANGAZİ_LÜY_SAATLİK MAHSUP_GES_TİC_OG_Ç.T.,10930,2026-05-31T08:00:00+03:00,08:00
40W000003220930M,OSMANGAZİ_LÜY_SAATLİK MAHSUP_GES_TİC_OG_Ç.T.,unknown,2026-05-31 09:00:00+03:00,,0.03,chunk_0071.json,POST /v1/generation/data/dpp-bulk,2026-05-31 21:45:55.473713+00:00,3220930,OSMANGAZİ_LÜY_SAATLİK MAHSUP_GES_TİC_OG_Ç.T.,10930,2026-05-31T09:00:00+03:00,09:00
40W000003220930M,OSMANGAZİ_LÜY_SAATLİK MAHSUP_GES_TİC_OG_Ç.T.,unknown,2026-05-31 10:00:00+03:00,,0.03,chunk_0071.json,POST /v1/generation/data/dpp-bulk,2026-05-31 21:45:55.473713+00:00,3220930,OSMANGAZİ_LÜY_SAATLİK MAHSUP_GES_TİC_OG_Ç.T.,10930,2026-05-31T10:00:00+03:00,10:00
40W000003220930M,OSMANGAZİ_LÜY_SAATLİK MAHSUP_GES_TİC_OG_Ç.T.,unknown,2026-05-31 11:00:00+03:00,,0.03,chunk_0071.json,POST /v1/generation/data/dpp-bulk,2026-05-31 21:45:55.473713+00:00,3220930,OSMANGAZİ_LÜY_SAATLİK MAHSUP_GES_TİC_OG_Ç.T.,10930,2026-05-31T11:00:00+03:00,11:00
40W000003220930M,OSMANGAZİ_LÜY_SAATLİK MAHSUP_GES_TİC_OG_Ç.T.,unknown,2026-05-31 12:00:00+03:00,,0.03,chunk_0071.json,POST /v1/generation/data/dpp-bulk,2026-05-31 21:45:55.473713+00:00,3220930,OSMANGAZİ_LÜY_SAATLİK MAHSUP_GES_TİC_OG_Ç.T.,10930,2026-05-31T12:00:00+03:00,12:00
40W000003220930M,OSMANGAZİ_LÜY_SAATLİK MAHSUP_GES_TİC_OG_Ç.T.,unknown,2026-05-31 13:00:00+03:00,,0.03,chunk_0071.json,POST /v1/generation/data/dpp-bulk,2026-05-31 21:45:55.473713+00:00,3220930,OSMANGAZİ_LÜY_SAATLİK MAHSUP_GES_TİC_OG_Ç.T.,10930,2026-05-31T13:00:00+03:00,13:00
40W000003220930M,OSMANGAZİ_LÜY_SAATLİK MAHSUP_GES_TİC_OG_Ç.T.,unknown,2026-05-31 14:00:00+03:00,,0.03,chunk_0071.json,POST /v1/generation/data/dpp-bulk,2026-05-31 21:45:55.473713+00:00,3220930,OSMANGAZİ_LÜY_SAATLİK MAHSUP_GES_TİC_OG_Ç.T.,10930,2026-05-31T14:00:00+03:00,14:00
40W000003220930M,OSMANGAZİ_LÜY_SAATLİK MAHSUP_GES_TİC_OG_Ç.T.,unknown,2026-05-31 15:00:00+03:00,,0.03,chunk_0071.json,POST /v1/generation/data/dpp-bulk,2026-05-31 21:45:55.473713+00:00,3220930,OSMANGAZİ_LÜY_SAATLİK MAHSUP_GES_TİC_OG_Ç.T.,10930,2026-05-31T15:00:00+03:00,15:00
40W000003220930M,OSMANGAZİ_LÜY_SAATLİK MAHSUP_GES_TİC_OG_Ç.T.,unknown,2026-05-31 16:00:00+03:00,,0.02,chunk_0071.json,POST /v1/generation/data/dpp-bulk,2026-05-31 21:45:55.473713+00:00,3220930,OSMANGAZİ_LÜY_SAATLİK MAHSUP_GES_TİC_OG_Ç.T.,10930,2026-05-31T16:00:00+03:00,16:00
40W000003220930M,OSMANGAZİ_LÜY_SAATLİK MAHSUP_GES_TİC_OG_Ç.T.,unknown,2026-05-31 17:00:00+03:00,,0.01,chunk_0071.json,POST /v1/generation/data/dpp-bulk,2026-05-31 21:45:55.473713+00:00,3220930,OSMANGAZİ_LÜY_SAATLİK MAHSUP_GES_TİC_OG_Ç.T.,10930,2026-05-31T17:00:00+03:00,17:00
40W000003220930M,OSMANGAZİ_LÜY_SAATLİK MAHSUP_GES_TİC_OG_Ç.T.,unknown,2026-05-31 18:00:00+03:00,,0.0,chunk_0071.json,POST /v1/generation/data/dpp-bulk,2026-05-31 21:45:55.473713+00:00,3220930,OSMANGAZİ_LÜY_SAATLİK MAHSUP_GES_TİC_OG_Ç.T.,10930,2026-05-31T18:00:00+03:00,18:00
40W000003220930M,OSMANGAZİ_LÜY_SAATLİK MAHSUP_GES_TİC_OG_Ç.T.,unknown,2026-05-31 19:00:00+03:00,,0.0,chunk_0071.json,POST /v1/generation/data/dpp-bulk,2026-05-31 21:45:55.473713+00:00,3220930,OSMANGAZİ_LÜY_SAATLİK MAHSUP_GES_TİC_OG_Ç.T.,10930,2026-05-31T19:00:00+03:00,19:00
40W000003220930M,OSMANGAZİ_LÜY_SAATLİK MAHSUP_GES_TİC_OG_Ç.T.,unknown,2026-05-31 20:00:00+03:00,,0.0,chunk_0071.json,POST /v1/generation/data/dpp-bulk,2026-05-31 21:45:55.473713+00:00,3220930,OSMANGAZİ_LÜY_SAATLİK MAHSUP_GES_TİC_OG_Ç.T.,10930,2026-05-31T20:00:00+03:00,20:00
40W000003220930M,OSMANGAZİ_LÜY_SAATLİK MAHSUP_GES_TİC_OG_Ç.T.,unknown,2026-05-31 21:00:00+03:00,,0.0,chunk_0071.json,POST /v1/generation/data/dpp-bulk,2026-05-31 21:45:55.473713+00:00,3220930,OSMANGAZİ_LÜY_SAATLİK MAHSUP_GES_TİC_OG_Ç.T.,10930,2026-05-31T21:00:00+03:00,21:00
40W000003220930M,OSMANGAZİ_LÜY_SAATLİK MAHSUP_GES_TİC_OG_Ç.T.,unknown,2026-05-31 22:00:00+03:00,,0.0,chunk_0071.json,POST /v1/generation/data/dpp-bulk,2026-05-31 21:45:55.473713+00:00,3220930,OSMANGAZİ_LÜY_SAATLİK MAHSUP_GES_TİC_OG_Ç.T.,10930,2026-05-31T22:00:00+03:00,22:00
40W000003220930M,OSMANGAZİ_LÜY_SAATLİK MAHSUP_GES_TİC_OG_Ç.T.,unknown,2026-05-31 23:00:00+03:00,,0.0,chunk_0071.json,POST /v1/generation/data/dpp-bulk,2026-05-31 21:45:55.473713+00:00,3220930,OSMANGAZİ_LÜY_SAATLİK MAHSUP_GES_TİC_OG_Ç.T.,10930,2026-05-31T23:00:00+03:00,23:00
40W0000032219179,YEDAŞ_LÜY_SAATLİK MAHSUP_GES_TAR.SUL._OG,unknown,2026-05-31 00:00:00+03:00,,0.0,chunk_0071.json,POST /v1/generation/data/dpp-bulk,2026-05-31 21:45:55.473713+00:00,3221917,YEDAŞ_LÜY_SAATLİK MAHSUP_GES_TAR.SUL._OG,10955,2026-05-31T00:00:00+03:00,00:00
40W0000032219179,YEDAŞ_LÜY_SAATLİK MAHSUP_GES_TAR.SUL._OG,unknown,2026-05-31 01:00:00+03:00,,0.0,chunk_0071.json,POST /v1/generation/data/dpp-bulk,2026-05-31 21:45:55.473713+00:00,3221917,YEDAŞ_LÜY_SAATLİK MAHSUP_GES_TAR.SUL._OG,10955,2026-05-31T01:00:00+03:00,01:00
40W0000032219179,YEDAŞ_LÜY_SAATLİK MAHSUP_GES_TAR.SUL._OG,unknown,2026-05-31 02:00:00+03:00,,0.0,chunk_0071.json,POST /v1/generation/data/dpp-bulk,2026-05-31 21:45:55.473713+00:00,3221917,YEDAŞ_LÜY_SAATLİK MAHSUP_GES_TAR.SUL._OG,10955,2026-05-31T02:00:00+03:00,02:00
40W0000032219179,YEDAŞ_LÜY_SAATLİK MAHSUP_GES_TAR.SUL._OG,unknown,2026-05-31 03:00:00+03:00,,0.0,chunk_0071.json,POST /v1/generation/data/dpp-bulk,2026-05-31 21:45:55.473713+00:00,3221917,YEDAŞ_LÜY_SAATLİK MAHSUP_GES_TAR.SUL._OG,10955,2026-05-31T03:00:00+03:00,03:00
40W0000032219179,YEDAŞ_LÜY_SAATLİK MAHSUP_GES_TAR.SUL._OG,unknown,2026-05-31 04:00:00+03:00,,0.0,chunk_0071.json,POST /v1/generation/data/dpp-bulk,2026-05-31 21:45:55.473713+00:00,3221917,YEDAŞ_LÜY_SAATLİK MAHSUP_GES_TAR.SUL._OG,10955,2026-05-31T04:00:00+03:00,04:00
40W0000032219179,YEDAŞ_LÜY_SAATLİK MAHSUP_GES_TAR.SUL._OG,unknown,2026-05-31 05:00:00+03:00,,0.0,chunk_0071.json,POST /v1/generation/data/dpp-bulk,2026-05-31 21:45:55.473713+00:00,3221917,YEDAŞ_LÜY_SAATLİK MAHSUP_GES_TAR.SUL._OG,10955,2026-05-31T05:00:00+03:00,05:00
40W0000032219179,YEDAŞ_LÜY_SAATLİK MAHSUP_GES_TAR.SUL._OG,unknown,2026-05-31 06:00:00+03:00,,0.0,chunk_0071.json,POST /v1/generation/data/dpp-bulk,2026-05-31 21:45:55.473713+00:00,3221917,YEDAŞ_LÜY_SAATLİK MAHSUP_GES_TAR.SUL._OG,10955,2026-05-31T06:00:00+03:00,06:00
40W0000032219179,YEDAŞ_LÜY_SAATLİK MAHSUP_GES_TAR.SUL._OG,unknown,2026-05-31 07:00:00+03:00,,0.0,chunk_0071.json,POST /v1/generation/data/dpp-bulk,2026-05-31 21:45:55.473713+00:00,3221917,YEDAŞ_LÜY_SAATLİK MAHSUP_GES_TAR.SUL._OG,10955,2026-05-31T07:00:00+03:00,07:00
40W0000032219179,YEDAŞ_LÜY_SAATLİK MAHSUP_GES_TAR.SUL._OG,unknown,2026-05-31 08:00:00+03:00,,0.0,chunk_0071.json,POST /v1/generation/data/dpp-bulk,2026-05-31 21:45:55.473713+00:00,3221917,YEDAŞ_LÜY_SAATLİK MAHSUP_GES_TAR.SUL._OG,10955,2026-05-31T08:00:00+03:00,08:00
40W0000032219179,YEDAŞ_LÜY_SAATLİK MAHSUP_GES_TAR.SUL._OG,unknown,2026-05-31 09:00:00+03:00,,0.0,chunk_0071.json,POST /v1/generation/data/dpp-bulk,2026-05-31 21:45:55.473713+00:00,3221917,YEDAŞ_LÜY_SAATLİK MAHSUP_GES_TAR.SUL._OG,10955,2026-05-31T09:00:00+03:00,09:00
40W0000032219179,YEDAŞ_LÜY_SAATLİK MAHSUP_GES_TAR.SUL._OG,unknown,2026-05-31 10:00:00+03:00,,0.0,chunk_0071.json,POST /v1/generation/data/dpp-bulk,2026-05-31 21:45:55.473713+00:00,3221917,YEDAŞ_LÜY_SAATLİK MAHSUP_GES_TAR.SUL._OG,10955,2026-05-31T10:00:00+03:00,10:00
40W0000032219179,YEDAŞ_LÜY_SAATLİK MAHSUP_GES_TAR.SUL._OG,unknown,2026-05-31 11:00:00+03:00,,0.0,chunk_0071.json,POST /v1/generation/data/dpp-bulk,2026-05-31 21:45:55.473713+00:00,3221917,YEDAŞ_LÜY_SAATLİK MAHSUP_GES_TAR.SUL._OG,10955,2026-05-31T11:00:00+03:00,11:00
40W0000032219179,YEDAŞ_LÜY_SAATLİK MAHSUP_GES_TAR.SUL._OG,unknown,2026-05-31 12:00:00+03:00,,0.0,chunk_0071.json,POST /v1/generation/data/dpp-bulk,2026-05-31 21:45:55.473713+00:00,3221917,YEDAŞ_LÜY_SAATLİK MAHSUP_GES_TAR.SUL._OG,10955,2026-05-31T12:00:00+03:00,12:00
40W0000032219179,YEDAŞ_LÜY_SAATLİK MAHSUP_GES_TAR.SUL._OG,unknown,2026-05-31 13:00:00+03:00,,0.0,chunk_0071.json,POST /v1/generation/data/dpp-bulk,2026-05-31 21:45:55.473713+00:00,3221917,YEDAŞ_LÜY_SAATLİK MAHSUP_GES_TAR.SUL._OG,10955,2026-05-31T13:00:00+03:00,13:00
40W0000032219179,YEDAŞ_LÜY_SAATLİK MAHSUP_GES_TAR.SUL._OG,unknown,2026-05-31 14:00:00+03:00,,0.0,chunk_0071.json,POST /v1/generation/data/dpp-bulk,2026-05-31 21:45:55.473713+00:00,3221917,YEDAŞ_LÜY_SAATLİK MAHSUP_GES_TAR.SUL._OG,10955,2026-05-31T14:00:00+03:00,14:00
40W0000032219179,YEDAŞ_LÜY_SAATLİK MAHSUP_GES_TAR.SUL._OG,unknown,2026-05-31 15:00:00+03:00,,0.0,chunk_0071.json,POST /v1/generation/data/dpp-bulk,2026-05-31 21:45:55.473713+00:00,3221917,YEDAŞ_LÜY_SAATLİK MAHSUP_GES_TAR.SUL._OG,10955,2026-05-31T15:00:00+03:00,15:00
40W0000032219179,YEDAŞ_LÜY_SAATLİK MAHSUP_GES_TAR.SUL._OG,unknown,2026-05-31 16:00:00+03:00,,0.0,chunk_0071.json,POST /v1/generation/data/dpp-bulk,2026-05-31 21:45:55.473713+00:00,3221917,YEDAŞ_LÜY_SAATLİK MAHSUP_GES_TAR.SUL._OG,10955,2026-05-31T16:00:00+03:00,16:00
40W0000032219179,YEDAŞ_LÜY_SAATLİK MAHSUP_GES_TAR.SUL._OG,unknown,2026-05-31 17:00:00+03:00,,0.0,chunk_0071.json,POST /v1/generation/data/dpp-bulk,2026-05-31 21:45:55.473713+00:00,3221917,YEDAŞ_LÜY_SAATLİK MAHSUP_GES_TAR.SUL._OG,10955,2026-05-31T17:00:00+03:00,17:00
40W0000032219179,YEDAŞ_LÜY_SAATLİK MAHSUP_GES_TAR.SUL._OG,unknown,2026-05-31 18:00:00+03:00,,0.0,chunk_0071.json,POST /v1/generation/data/dpp-bulk,2026-05-31 21:45:55.473713+00:00,3221917,YEDAŞ_LÜY_SAATLİK MAHSUP_GES_TAR.SUL._OG,10955,2026-05-31T18:00:00+03:00,18:00
40W0000032219179,YEDAŞ_LÜY_SAATLİK MAHSUP_GES_TAR.SUL._OG,unknown,2026-05-31 19:00:00+03:00,,0.0,chunk_0071.json,POST /v1/generation/data/dpp-bulk,2026-05-31 21:45:55.473713+00:00,3221917,YEDAŞ_LÜY_SAATLİK MAHSUP_GES_TAR.SUL._OG,10955,2026-05-31T19:00:00+03:00,19:00
40W0000032219179,YEDAŞ_LÜY_SAATLİK MAHSUP_GES_TAR.SUL._OG,unknown,2026-05-31 20:00:00+03:00,,0.0,chunk_0071.json,POST /v1/generation/data/dpp-bulk,2026-05-31 21:45:55.473713+00:00,3221917,YEDAŞ_LÜY_SAATLİK MAHSUP_GES_TAR.SUL._OG,10955,2026-05-31T20:00:00+03:00,20:00
40W0000032219179,YEDAŞ_LÜY_SAATLİK MAHSUP_GES_TAR.SUL._OG,unknown,2026-05-31 21:00:00+03:00,,0.0,chunk_0071.json,POST /v1/generation/data/dpp-bulk,2026-05-31 21:45:55.473713+00:00,3221917,YEDAŞ_LÜY_SAATLİK MAHSUP_GES_TAR.SUL._OG,10955,2026-05-31T21:00:00+03:00,21:00
40W0000032219179,YEDAŞ_LÜY_SAATLİK MAHSUP_GES_TAR.SUL._OG,unknown,2026-05-31 22:00:00+03:00,,0.0,chunk_0071.json,POST /v1/generation/data/dpp-bulk,2026-05-31 21:45:55.473713+00:00,3221917,YEDAŞ_LÜY_SAATLİK MAHSUP_GES_TAR.SUL._OG,10955,2026-05-31T22:00:00+03:00,22:00
40W0000032219179,YEDAŞ_LÜY_SAATLİK MAHSUP_GES_TAR.SUL._OG,unknown,2026-05-31 23:00:00+03:00,,0.0,chunk_0071.json,POST /v1/generation/data/dpp-bulk,2026-05-31 21:45:55.473713+00:00,3221917,YEDAŞ_LÜY_SAATLİK MAHSUP_GES_TAR.SUL._OG,10955,2026-05-31T23:00:00+03:00,23:00
40W0000032209718,AKDENİZ_LÜY_SAATLİK MAHSUP_GES_TAR.SULAMA_AG,unknown,2026-05-31 00:00:00+03:00,,0.0,chunk_0071.json,POST /v1/generation/data/dpp-bulk,2026-05-31 21:45:55.473713+00:00,3220971,AKDENİZ_LÜY_SAATLİK MAHSUP_GES_TAR.SULAMA_AG,10957,2026-05-31T00:00:00+03:00,00:00
40W0000032209718,AKDENİZ_LÜY_SAATLİK MAHSUP_GES_TAR.SULAMA_AG,unknown,2026-05-31 01:00:00+03:00,,0.0,chunk_0071.json,POST /v1/generation/data/dpp-bulk,2026-05-31 21:45:55.473713+00:00,3220971,AKDENİZ_LÜY_SAATLİK MAHSUP_GES_TAR.SULAMA_AG,10957,2026-05-31T01:00:00+03:00,01:00
40W0000032209718,AKDENİZ_LÜY_SAATLİK MAHSUP_GES_TAR.SULAMA_AG,unknown,2026-05-31 02:00:00+03:00,,0.0,chunk_0071.json,POST /v1/generation/data/dpp-bulk,2026-05-31 21:45:55.473713+00:00,3220971,AKDENİZ_LÜY_SAATLİK MAHSUP_GES_TAR.SULAMA_AG,10957,2026-05-31T02:00:00+03:00,02:00
40W0000032209718,AKDENİZ_LÜY_SAATLİK MAHSUP_GES_TAR.SULAMA_AG,unknown,2026-05-31 03:00:00+03:00,,0.0,chunk_0071.json,POST /v1/generation/data/dpp-bulk,2026-05-31 21:45:55.473713+00:00,3220971,AKDENİZ_LÜY_SAATLİK MAHSUP_GES_TAR.SULAMA_AG,10957,2026-05-31T03:00:00+03:00,03:00
40W0000032209718,AKDENİZ_LÜY_SAATLİK MAHSUP_GES_TAR.SULAMA_AG,unknown,2026-05-31 04:00:00+03:00,,0.0,chunk_0071.json,POST /v1/generation/data/dpp-bulk,2026-05-31 21:45:55.473713+00:00,3220971,AKDENİZ_LÜY_SAATLİK MAHSUP_GES_TAR.SULAMA_AG,10957,2026-05-31T04:00:00+03:00,04:00
40W0000032209718,AKDENİZ_LÜY_SAATLİK MAHSUP_GES_TAR.SULAMA_AG,unknown,2026-05-31 05:00:00+03:00,,0.0,chunk_0071.json,POST /v1/generation/data/dpp-bulk,2026-05-31 21:45:55.473713+00:00,3220971,AKDENİZ_LÜY_SAATLİK MAHSUP_GES_TAR.SULAMA_AG,10957,2026-05-31T05:00:00+03:00,05:00
40W0000032209718,AKDENİZ_LÜY_SAATLİK MAHSUP_GES_TAR.SULAMA_AG,unknown,2026-05-31 06:00:00+03:00,,0.0,chunk_0071.json,POST /v1/generation/data/dpp-bulk,2026-05-31 21:45:55.473713+00:00,3220971,AKDENİZ_LÜY_SAATLİK MAHSUP_GES_TAR.SULAMA_AG,10957,2026-05-31T06:00:00+03:00,06:00
40W0000032209718,AKDENİZ_LÜY_SAATLİK MAHSUP_GES_TAR.SULAMA_AG,unknown,2026-05-31 07:00:00+03:00,,0.0,chunk_0071.json,POST /v1/generation/data/dpp-bulk,2026-05-31 21:45:55.473713+00:00,3220971,AKDENİZ_LÜY_SAATLİK MAHSUP_GES_TAR.SULAMA_AG,10957,2026-05-31T07:00:00+03:00,07:00
40W0000032209718,AKDENİZ_LÜY_SAATLİK MAHSUP_GES_TAR.SULAMA_AG,unknown,2026-05-31 08:00:00+03:00,,0.0,chunk_0071.json,POST /v1/generation/data/dpp-bulk,2026-05-31 21:45:55.473713+00:00,3220971,AKDENİZ_LÜY_SAATLİK MAHSUP_GES_TAR.SULAMA_AG,10957,2026-05-31T08:00:00+03:00,08:00
40W0000032209718,AKDENİZ_LÜY_SAATLİK MAHSUP_GES_TAR.SULAMA_AG,unknown,2026-05-31 09:00:00+03:00,,0.01,chunk_0071.json,POST /v1/generation/data/dpp-bulk,2026-05-31 21:45:55.473713+00:00,3220971,AKDENİZ_LÜY_SAATLİK MAHSUP_GES_TAR.SULAMA_AG,10957,2026-05-31T09:00:00+03:00,09:00
40W0000032209718,AKDENİZ_LÜY_SAATLİK MAHSUP_GES_TAR.SULAMA_AG,unknown,2026-05-31 10:00:00+03:00,,0.01,chunk_0071.json,POST /v1/generation/data/dpp-bulk,2026-05-31 21:45:55.473713+00:00,3220971,AKDENİZ_LÜY_SAATLİK MAHSUP_GES_TAR.SULAMA_AG,10957,2026-05-31T10:00:00+03:00,10:00
40W0000032209718,AKDENİZ_LÜY_SAATLİK MAHSUP_GES_TAR.SULAMA_AG,unknown,2026-05-31 11:00:00+03:00,,0.01,chunk_0071.json,POST /v1/generation/data/dpp-bulk,2026-05-31 21:45:55.473713+00:00,3220971,AKDENİZ_LÜY_SAATLİK MAHSUP_GES_TAR.SULAMA_AG,10957,2026-05-31T11:00:00+03:00,11:00
40W0000032209718,AKDENİZ_LÜY_SAATLİK MAHSUP_GES_TAR.SULAMA_AG,unknown,2026-05-31 12:00:00+03:00,,0.01,chunk_0071.json,POST /v1/generation/data/dpp-bulk,2026-05-31 21:45:55.473713+00:00,3220971,AKDENİZ_LÜY_SAATLİK MAHSUP_GES_TAR.SULAMA_AG,10957,2026-05-31T12:00:00+03:00,12:00
40W0000032209718,AKDENİZ_LÜY_SAATLİK MAHSUP_GES_TAR.SULAMA_AG,unknown,2026-05-31 13:00:00+03:00,,0.01,chunk_0071.json,POST /v1/generation/data/dpp-bulk,2026-05-31 21:45:55.473713+00:00,3220971,AKDENİZ_LÜY_SAATLİK MAHSUP_GES_TAR.SULAMA_AG,10957,2026-05-31T13:00:00+03:00,13:00
40W0000032209718,AKDENİZ_LÜY_SAATLİK MAHSUP_GES_TAR.SULAMA_AG,unknown,2026-05-31 14:00:00+03:00,,0.01,chunk_0071.json,POST /v1/generation/data/dpp-bulk,2026-05-31 21:45:55.473713+00:00,3220971,AKDENİZ_LÜY_SAATLİK MAHSUP_GES_TAR.SULAMA_AG,10957,2026-05-31T14:00:00+03:00,14:00
40W0000032209718,AKDENİZ_LÜY_SAATLİK MAHSUP_GES_TAR.SULAMA_AG,unknown,2026-05-31 15:00:00+03:00,,0.01,chunk_0071.json,POST /v1/generation/data/dpp-bulk,2026-05-31 21:45:55.473713+00:00,3220971,AKDENİZ_LÜY_SAATLİK MAHSUP_GES_TAR.SULAMA_AG,10957,2026-05-31T15:00:00+03:00,15:00
40W0000032209718,AKDENİZ_LÜY_SAATLİK MAHSUP_GES_TAR.SULAMA_AG,unknown,2026-05-31 16:00:00+03:00,,0.0,chunk_0071.json,POST /v1/generation/data/dpp-bulk,2026-05-31 21:45:55.473713+00:00,3220971,AKDENİZ_LÜY_SAATLİK MAHSUP_GES_TAR.SULAMA_AG,10957,2026-05-31T16:00:00+03:00,16:00
40W0000032209718,AKDENİZ_LÜY_SAATLİK MAHSUP_GES_TAR.SULAMA_AG,unknown,2026-05-31 17:00:00+03:00,,0.0,chunk_0071.json,POST /v1/generation/data/dpp-bulk,2026-05-31 21:45:55.473713+00:00,3220971,AKDENİZ_LÜY_SAATLİK MAHSUP_GES_TAR.SULAMA_AG,10957,2026-05-31T17:00:00+03:00,17:00
40W0000032209718,AKDENİZ_LÜY_SAATLİK MAHSUP_GES_TAR.SULAMA_AG,unknown,2026-05-31 18:00:00+03:00,,0.0,chunk_0071.json,POST /v1/generation/data/dpp-bulk,2026-05-31 21:45:55.473713+00:00,3220971,AKDENİZ_LÜY_SAATLİK MAHSUP_GES_TAR.SULAMA_AG,10957,2026-05-31T18:00:00+03:00,18:00
40W0000032209718,AKDENİZ_LÜY_SAATLİK MAHSUP_GES_TAR.SULAMA_AG,unknown,2026-05-31 19:00:00+03:00,,0.0,chunk_0071.json,POST /v1/generation/data/dpp-bulk,2026-05-31 21:45:55.473713+00:00,3220971,AKDENİZ_LÜY_SAATLİK MAHSUP_GES_TAR.SULAMA_AG,10957,2026-05-31T19:00:00+03:00,19:00
40W0000032209718,AKDENİZ_LÜY_SAATLİK MAHSUP_GES_TAR.SULAMA_AG,unknown,2026-05-31 20:00:00+03:00,,0.0,chunk_0071.json,POST /v1/generation/data/dpp-bulk,2026-05-31 21:45:55.473713+00:00,3220971,AKDENİZ_LÜY_SAATLİK MAHSUP_GES_TAR.SULAMA_AG,10957,2026-05-31T20:00:00+03:00,20:00
40W0000032209718,AKDENİZ_LÜY_SAATLİK MAHSUP_GES_TAR.SULAMA_AG,unknown,2026-05-31 21:00:00+03:00,,0.0,chunk_0071.json,POST /v1/generation/data/dpp-bulk,2026-05-31 21:45:55.473713+00:00,3220971,AKDENİZ_LÜY_SAATLİK MAHSUP_GES_TAR.SULAMA_AG,10957,2026-05-31T21:00:00+03:00,21:00
40W0000032209718,AKDENİZ_LÜY_SAATLİK MAHSUP_GES_TAR.SULAMA_AG,unknown,2026-05-31 22:00:00+03:00,,0.0,chunk_0071.json,POST /v1/generation/data/dpp-bulk,2026-05-31 21:45:55.473713+00:00,3220971,AKDENİZ_LÜY_SAATLİK MAHSUP_GES_TAR.SULAMA_AG,10957,2026-05-31T22:00:00+03:00,22:00
40W0000032209718,AKDENİZ_LÜY_SAATLİK MAHSUP_GES_TAR.SULAMA_AG,unknown,2026-05-31 23:00:00+03:00,,0.0,chunk_0071.json,POST /v1/generation/data/dpp-bulk,2026-05-31 21:45:55.473713+00:00,3220971,AKDENİZ_LÜY_SAATLİK MAHSUP_GES_TAR.SULAMA_AG,10957,2026-05-31T23:00:00+03:00,23:00
40W000003221570L,PAŞAYİĞİT BES,unknown,2026-05-31 00:00:00+03:00,,0.0,chunk_0071.json,POST /v1/generation/data/dpp-bulk,2026-05-31 21:45:55.473713+00:00,3221570,PAŞAYİĞİT BES,18823,2026-05-31T00:00:00+03:00,00:00
40W000003221570L,PAŞAYİĞİT BES,unknown,2026-05-31 01:00:00+03:00,,0.0,chunk_0071.json,POST /v1/generation/data/dpp-bulk,2026-05-31 21:45:55.473713+00:00,3221570,PAŞAYİĞİT BES,18823,2026-05-31T01:00:00+03:00,01:00
40W000003221570L,PAŞAYİĞİT BES,unknown,2026-05-31 02:00:00+03:00,,0.0,chunk_0071.json,POST /v1/generation/data/dpp-bulk,2026-05-31 21:45:55.473713+00:00,3221570,PAŞAYİĞİT BES,18823,2026-05-31T02:00:00+03:00,02:00
40W000003221570L,PAŞAYİĞİT BES,unknown,2026-05-31 03:00:00+03:00,,0.0,chunk_0071.json,POST /v1/generation/data/dpp-bulk,2026-05-31 21:45:55.473713+00:00,3221570,PAŞAYİĞİT BES,18823,2026-05-31T03:00:00+03:00,03:00
40W000003221570L,PAŞAYİĞİT BES,unknown,2026-05-31 04:00:00+03:00,,0.0,chunk_0071.json,POST /v1/generation/data/dpp-bulk,2026-05-31 21:45:55.473713+00:00,3221570,PAŞAYİĞİT BES,18823,2026-05-31T04:00:00+03:00,04:00
40W000003221570L,PAŞAYİĞİT BES,unknown,2026-05-31 05:00:00+03:00,,0.0,chunk_0071.json,POST /v1/generation/data/dpp-bulk,2026-05-31 21:45:55.473713+00:00,3221570,PAŞAYİĞİT BES,18823,2026-05-31T05:00:00+03:00,05:00
40W000003221570L,PAŞAYİĞİT BES,unknown,2026-05-31 06:00:00+03:00,,0.0,chunk_0071.json,POST /v1/generation/data/dpp-bulk,2026-05-31 21:45:55.473713+00:00,3221570,PAŞAYİĞİT BES,18823,2026-05-31T06:00:00+03:00,06:00
40W000003221570L,PAŞAYİĞİT BES,unknown,2026-05-31 07:00:00+03:00,,0.0,chunk_0071.json,POST /v1/generation/data/dpp-bulk,2026-05-31 21:45:55.473713+00:00,3221570,PAŞAYİĞİT BES,18823,2026-05-31T07:00:00+03:00,07:00
40W000003221570L,PAŞAYİĞİT BES,unknown,2026-05-31 08:00:00+03:00,,0.0,chunk_0071.json,POST /v1/generation/data/dpp-bulk,2026-05-31 21:45:55.473713+00:00,3221570,PAŞAYİĞİT BES,18823,2026-05-31T08:00:00+03:00,08:00
40W000003221570L,PAŞAYİĞİT BES,unknown,2026-05-31 09:00:00+03:00,,0.0,chunk_0071.json,POST /v1/generation/data/dpp-bulk,2026-05-31 21:45:55.473713+00:00,3221570,PAŞAYİĞİT BES,18823,2026-05-31T09:00:00+03:00,09:00
40W000003221570L,PAŞAYİĞİT BES,unknown,2026-05-31 10:00:00+03:00,,0.0,chunk_0071.json,POST /v1/generation/data/dpp-bulk,2026-05-31 21:45:55.473713+00:00,3221570,PAŞAYİĞİT BES,18823,2026-05-31T10:00:00+03:00,10:00
40W000003221570L,PAŞAYİĞİT BES,unknown,2026-05-31 11:00:00+03:00,,0.0,chunk_0071.json,POST /v1/generation/data/dpp-bulk,2026-05-31 21:45:55.473713+00:00,3221570,PAŞAYİĞİT BES,18823,2026-05-31T11:00:00+03:00,11:00
40W000003221570L,PAŞAYİĞİT BES,unknown,2026-05-31 12:00:00+03:00,,0.0,chunk_0071.json,POST /v1/generation/data/dpp-bulk,2026-05-31 21:45:55.473713+00:00,3221570,PAŞAYİĞİT BES,18823,2026-05-31T12:00:00+03:00,12:00
40W000003221570L,PAŞAYİĞİT BES,unknown,2026-05-31 13:00:00+03:00,,0.0,chunk_0071.json,POST /v1/generation/data/dpp-bulk,2026-05-31 21:45:55.473713+00:00,3221570,PAŞAYİĞİT BES,18823,2026-05-31T13:00:00+03:00,13:00
40W000003221570L,PAŞAYİĞİT BES,unknown,2026-05-31 14:00:00+03:00,,0.0,chunk_0071.json,POST /v1/generation/data/dpp-bulk,2026-05-31 21:45:55.473713+00:00,3221570,PAŞAYİĞİT BES,18823,2026-05-31T14:00:00+03:00,14:00
40W000003221570L,PAŞAYİĞİT BES,unknown,2026-05-31 15:00:00+03:00,,0.0,chunk_0071.json,POST /v1/generation/data/dpp-bulk,2026-05-31 21:45:55.473713+00:00,3221570,PAŞAYİĞİT BES,18823,2026-05-31T15:00:00+03:00,15:00
40W000003221570L,PAŞAYİĞİT BES,unknown,2026-05-31 16:00:00+03:00,,0.0,chunk_0071.json,POST /v1/generation/data/dpp-bulk,2026-05-31 21:45:55.473713+00:00,3221570,PAŞAYİĞİT BES,18823,2026-05-31T16:00:00+03:00,16:00
40W000003221570L,PAŞAYİĞİT BES,unknown,2026-05-31 17:00:00+03:00,,0.0,chunk_0071.json,POST /v1/generation/data/dpp-bulk,2026-05-31 21:45:55.473713+00:00,3221570,PAŞAYİĞİT BES,18823,2026-05-31T17:00:00+03:00,17:00
40W000003221570L,PAŞAYİĞİT BES,unknown,2026-05-31 18:00:00+03:00,,0.0,chunk_0071.json,POST /v1/generation/data/dpp-bulk,2026-05-31 21:45:55.473713+00:00,3221570,PAŞAYİĞİT BES,18823,2026-05-31T18:00:00+03:00,18:00
40W000003221570L,PAŞAYİĞİT BES,unknown,2026-05-31 19:00:00+03:00,,0.0,chunk_0071.json,POST /v1/generation/data/dpp-bulk,2026-05-31 21:45:55.473713+00:00,3221570,PAŞAYİĞİT BES,18823,2026-05-31T19:00:00+03:00,19:00
40W000003221570L,PAŞAYİĞİT BES,unknown,2026-05-31 20:00:00+03:00,,0.0,chunk_0071.json,POST /v1/generation/data/dpp-bulk,2026-05-31 21:45:55.473713+00:00,3221570,PAŞAYİĞİT BES,18823,2026-05-31T20:00:00+03:00,20:00
40W000003221570L,PAŞAYİĞİT BES,unknown,2026-05-31 21:00:00+03:00,,0.0,chunk_0071.json,POST /v1/generation/data/dpp-bulk,2026-05-31 21:45:55.473713+00:00,3221570,PAŞAYİĞİT BES,18823,2026-05-31T21:00:00+03:00,21:00
40W000003221570L,PAŞAYİĞİT BES,unknown,2026-05-31 22:00:00+03:00,,0.0,chunk_0071.json,POST /v1/generation/data/dpp-bulk,2026-05-31 21:45:55.473713+00:00,3221570,PAŞAYİĞİT BES,18823,2026-05-31T22:00:00+03:00,22:00
40W000003221570L,PAŞAYİĞİT BES,unknown,2026-05-31 23:00:00+03:00,,0.0,chunk_0071.json,POST /v1/generation/data/dpp-bulk,2026-05-31 21:45:55.473713+00:00,3221570,PAŞAYİĞİT BES,18823,2026-05-31T23:00:00+03:00,23:00
40W000003221490J,HUNUTLU TES_TR2,unknown,2026-05-31 00:00:00+03:00,,0.0,chunk_0071.json,POST /v1/generation/data/dpp-bulk,2026-05-31 21:45:55.473713+00:00,3221490,HUNUTLU TES_TR2,18921,2026-05-31T00:00:00+03:00,00:00
40W000003221490J,HUNUTLU TES_TR2,unknown,2026-05-31 01:00:00+03:00,,0.0,chunk_0071.json,POST /v1/generation/data/dpp-bulk,2026-05-31 21:45:55.473713+00:00,3221490,HUNUTLU TES_TR2,18921,2026-05-31T01:00:00+03:00,01:00
40W000003221490J,HUNUTLU TES_TR2,unknown,2026-05-31 02:00:00+03:00,,0.0,chunk_0071.json,POST /v1/generation/data/dpp-bulk,2026-05-31 21:45:55.473713+00:00,3221490,HUNUTLU TES_TR2,18921,2026-05-31T02:00:00+03:00,02:00
40W000003221490J,HUNUTLU TES_TR2,unknown,2026-05-31 03:00:00+03:00,,0.0,chunk_0071.json,POST /v1/generation/data/dpp-bulk,2026-05-31 21:45:55.473713+00:00,3221490,HUNUTLU TES_TR2,18921,2026-05-31T03:00:00+03:00,03:00
40W000003221490J,HUNUTLU TES_TR2,unknown,2026-05-31 04:00:00+03:00,,0.0,chunk_0071.json,POST /v1/generation/data/dpp-bulk,2026-05-31 21:45:55.473713+00:00,3221490,HUNUTLU TES_TR2,18921,2026-05-31T04:00:00+03:00,04:00
40W000003221490J,HUNUTLU TES_TR2,unknown,2026-05-31 05:00:00+03:00,,0.0,chunk_0071.json,POST /v1/generation/data/dpp-bulk,2026-05-31 21:45:55.473713+00:00,3221490,HUNUTLU TES_TR2,18921,2026-05-31T05:00:00+03:00,05:00
40W000003221490J,HUNUTLU TES_TR2,unknown,2026-05-31 06:00:00+03:00,,0.0,chunk_0071.json,POST /v1/generation/data/dpp-bulk,2026-05-31 21:45:55.473713+00:00,3221490,HUNUTLU TES_TR2,18921,2026-05-31T06:00:00+03:00,06:00
40W000003221490J,HUNUTLU TES_TR2,unknown,2026-05-31 07:00:00+03:00,,0.0,chunk_0071.json,POST /v1/generation/data/dpp-bulk,2026-05-31 21:45:55.473713+00:00,3221490,HUNUTLU TES_TR2,18921,2026-05-31T07:00:00+03:00,07:00
40W000003221490J,HUNUTLU TES_TR2,unknown,2026-05-31 08:00:00+03:00,,0.0,chunk_0071.json,POST /v1/generation/data/dpp-bulk,2026-05-31 21:45:55.473713+00:00,3221490,HUNUTLU TES_TR2,18921,2026-05-31T08:00:00+03:00,08:00
40W000003221490J,HUNUTLU TES_TR2,unknown,2026-05-31 09:00:00+03:00,,0.0,chunk_0071.json,POST /v1/generation/data/dpp-bulk,2026-05-31 21:45:55.473713+00:00,3221490,HUNUTLU TES_TR2,18921,2026-05-31T09:00:00+03:00,09:00
40W000003221490J,HUNUTLU TES_TR2,unknown,2026-05-31 10:00:00+03:00,,0.0,chunk_0071.json,POST /v1/generation/data/dpp-bulk,2026-05-31 21:45:55.473713+00:00,3221490,HUNUTLU TES_TR2,18921,2026-05-31T10:00:00+03:00,10:00
40W000003221490J,HUNUTLU TES_TR2,unknown,2026-05-31 11:00:00+03:00,,0.0,chunk_0071.json,POST /v1/generation/data/dpp-bulk,2026-05-31 21:45:55.473713+00:00,3221490,HUNUTLU TES_TR2,18921,2026-05-31T11:00:00+03:00,11:00
40W000003221490J,HUNUTLU TES_TR2,unknown,2026-05-31 12:00:00+03:00,,0.0,chunk_0071.json,POST /v1/generation/data/dpp-bulk,2026-05-31 21:45:55.473713+00:00,3221490,HUNUTLU TES_TR2,18921,2026-05-31T12:00:00+03:00,12:00
40W000003221490J,HUNUTLU TES_TR2,unknown,2026-05-31 13:00:00+03:00,,0.0,chunk_0071.json,POST /v1/generation/data/dpp-bulk,2026-05-31 21:45:55.473713+00:00,3221490,HUNUTLU TES_TR2,18921,2026-05-31T13:00:00+03:00,13:00
40W000003221490J,HUNUTLU TES_TR2,unknown,2026-05-31 14:00:00+03:00,,0.0,chunk_0071.json,POST /v1/generation/data/dpp-bulk,2026-05-31 21:45:55.473713+00:00,3221490,HUNUTLU TES_TR2,18921,2026-05-31T14:00:00+03:00,14:00
40W000003221490J,HUNUTLU TES_TR2,unknown,2026-05-31 15:00:00+03:00,,0.0,chunk_0071.json,POST /v1/generation/data/dpp-bulk,2026-05-31 21:45:55.473713+00:00,3221490,HUNUTLU TES_TR2,18921,2026-05-31T15:00:00+03:00,15:00
40W000003221490J,HUNUTLU TES_TR2,unknown,2026-05-31 16:00:00+03:00,,0.0,chunk_0071.json,POST /v1/generation/data/dpp-bulk,2026-05-31 21:45:55.473713+00:00,3221490,HUNUTLU TES_TR2,18921,2026-05-31T16:00:00+03:00,16:00
40W000003221490J,HUNUTLU TES_TR2,unknown,2026-05-31 17:00:00+03:00,,0.0,chunk_0071.json,POST /v1/generation/data/dpp-bulk,2026-05-31 21:45:55.473713+00:00,3221490,HUNUTLU TES_TR2,18921,2026-05-31T17:00:00+03:00,17:00
40W000003221490J,HUNUTLU TES_TR2,unknown,2026-05-31 18:00:00+03:00,,0.0,chunk_0071.json,POST /v1/generation/data/dpp-bulk,2026-05-31 21:45:55.473713+00:00,3221490,HUNUTLU TES_TR2,18921,2026-05-31T18:00:00+03:00,18:00
40W000003221490J,HUNUTLU TES_TR2,unknown,2026-05-31 19:00:00+03:00,,0.0,chunk_0071.json,POST /v1/generation/data/dpp-bulk,2026-05-31 21:45:55.473713+00:00,3221490,HUNUTLU TES_TR2,18921,2026-05-31T19:00:00+03:00,19:00
40W000003221490J,HUNUTLU TES_TR2,unknown,2026-05-31 20:00:00+03:00,,0.0,chunk_0071.json,POST /v1/generation/data/dpp-bulk,2026-05-31 21:45:55.473713+00:00,3221490,HUNUTLU TES_TR2,18921,2026-05-31T20:00:00+03:00,20:00
40W000003221490J,HUNUTLU TES_TR2,unknown,2026-05-31 21:00:00+03:00,,0.0,chunk_0071.json,POST /v1/generation/data/dpp-bulk,2026-05-31 21:45:55.473713+00:00,3221490,HUNUTLU TES_TR2,18921,2026-05-31T21:00:00+03:00,21:00
40W000003221490J,HUNUTLU TES_TR2,unknown,2026-05-31 22:00:00+03:00,,0.0,chunk_0071.json,POST /v1/generation/data/dpp-bulk,2026-05-31 21:45:55.473713+00:00,3221490,HUNUTLU TES_TR2,18921,2026-05-31T22:00:00+03:00,22:00
40W000003221490J,HUNUTLU TES_TR2,unknown,2026-05-31 23:00:00+03:00,,0.0,chunk_0071.json,POST /v1/generation/data/dpp-bulk,2026-05-31 21:45:55.473713+00:00,3221490,HUNUTLU TES_TR2,18921,2026-05-31T23:00:00+03:00,23:00
40W000003221392J,NAKSAN KOJENERASYON TESİSİ,unknown,2026-05-31 00:00:00+03:00,,0.0,chunk_0071.json,POST /v1/generation/data/dpp-bulk,2026-05-31 21:45:55.473713+00:00,3221392,NAKSAN KOJENERASYON TESİSİ,19720,2026-05-31T00:00:00+03:00,00:00
40W000003221392J,NAKSAN KOJENERASYON TESİSİ,unknown,2026-05-31 01:00:00+03:00,,0.0,chunk_0071.json,POST /v1/generation/data/dpp-bulk,2026-05-31 21:45:55.473713+00:00,3221392,NAKSAN KOJENERASYON TESİSİ,19720,2026-05-31T01:00:00+03:00,01:00
40W000003221392J,NAKSAN KOJENERASYON TESİSİ,unknown,2026-05-31 02:00:00+03:00,,0.0,chunk_0071.json,POST /v1/generation/data/dpp-bulk,2026-05-31 21:45:55.473713+00:00,3221392,NAKSAN KOJENERASYON TESİSİ,19720,2026-05-31T02:00:00+03:00,02:00
40W000003221392J,NAKSAN KOJENERASYON TESİSİ,unknown,2026-05-31 03:00:00+03:00,,0.0,chunk_0071.json,POST /v1/generation/data/dpp-bulk,2026-05-31 21:45:55.473713+00:00,3221392,NAKSAN KOJENERASYON TESİSİ,19720,2026-05-31T03:00:00+03:00,03:00
40W000003221392J,NAKSAN KOJENERASYON TESİSİ,unknown,2026-05-31 04:00:00+03:00,,0.0,chunk_0071.json,POST /v1/generation/data/dpp-bulk,2026-05-31 21:45:55.473713+00:00,3221392,NAKSAN KOJENERASYON TESİSİ,19720,2026-05-31T04:00:00+03:00,04:00
40W000003221392J,NAKSAN KOJENERASYON TESİSİ,unknown,2026-05-31 05:00:00+03:00,,0.0,chunk_0071.json,POST /v1/generation/data/dpp-bulk,2026-05-31 21:45:55.473713+00:00,3221392,NAKSAN KOJENERASYON TESİSİ,19720,2026-05-31T05:00:00+03:00,05:00
40W000003221392J,NAKSAN KOJENERASYON TESİSİ,unknown,2026-05-31 06:00:00+03:00,,0.0,chunk_0071.json,POST /v1/generation/data/dpp-bulk,2026-05-31 21:45:55.473713+00:00,3221392,NAKSAN KOJENERASYON TESİSİ,19720,2026-05-31T06:00:00+03:00,06:00
40W000003221392J,NAKSAN KOJENERASYON TESİSİ,unknown,2026-05-31 07:00:00+03:00,,0.0,chunk_0071.json,POST /v1/generation/data/dpp-bulk,2026-05-31 21:45:55.473713+00:00,3221392,NAKSAN KOJENERASYON TESİSİ,19720,2026-05-31T07:00:00+03:00,07:00
40W000003221392J,NAKSAN KOJENERASYON TESİSİ,unknown,2026-05-31 08:00:00+03:00,,0.0,chunk_0071.json,POST /v1/generation/data/dpp-bulk,2026-05-31 21:45:55.473713+00:00,3221392,NAKSAN KOJENERASYON TESİSİ,19720,2026-05-31T08:00:00+03:00,08:00
40W000003221392J,NAKSAN KOJENERASYON TESİSİ,unknown,2026-05-31 09:00:00+03:00,,0.0,chunk_0071.json,POST /v1/generation/data/dpp-bulk,2026-05-31 21:45:55.473713+00:00,3221392,NAKSAN KOJENERASYON TESİSİ,19720,2026-05-31T09:00:00+03:00,09:00
40W000003221392J,NAKSAN KOJENERASYON TESİSİ,unknown,2026-05-31 10:00:00+03:00,,0.0,chunk_0071.json,POST /v1/generation/data/dpp-bulk,2026-05-31 21:45:55.473713+00:00,3221392,NAKSAN KOJENERASYON TESİSİ,19720,2026-05-31T10:00:00+03:00,10:00
40W000003221392J,NAKSAN KOJENERASYON TESİSİ,unknown,2026-05-31 11:00:00+03:00,,0.0,chunk_0071.json,POST /v1/generation/data/dpp-bulk,2026-05-31 21:45:55.473713+00:00,3221392,NAKSAN KOJENERASYON TESİSİ,19720,2026-05-31T11:00:00+03:00,11:00
40W000003221392J,NAKSAN KOJENERASYON TESİSİ,unknown,2026-05-31 12:00:00+03:00,,0.0,chunk_0071.json,POST /v1/generation/data/dpp-bulk,2026-05-31 21:45:55.473713+00:00,3221392,NAKSAN KOJENERASYON TESİSİ,19720,2026-05-31T12:00:00+03:00,12:00
40W000003221392J,NAKSAN KOJENERASYON TESİSİ,unknown,2026-05-31 13:00:00+03:00,,0.0,chunk_0071.json,POST /v1/generation/data/dpp-bulk,2026-05-31 21:45:55.473713+00:00,3221392,NAKSAN KOJENERASYON TESİSİ,19720,2026-05-31T13:00:00+03:00,13:00
40W000003221392J,NAKSAN KOJENERASYON TESİSİ,unknown,2026-05-31 14:00:00+03:00,,0.0,chunk_0071.json,POST /v1/generation/data/dpp-bulk,2026-05-31 21:45:55.473713+00:00,3221392,NAKSAN KOJENERASYON TESİSİ,19720,2026-05-31T14:00:00+03:00,14:00
40W000003221392J,NAKSAN KOJENERASYON TESİSİ,unknown,2026-05-31 15:00:00+03:00,,0.0,chunk_0071.json,POST /v1/generation/data/dpp-bulk,2026-05-31 21:45:55.473713+00:00,3221392,NAKSAN KOJENERASYON TESİSİ,19720,2026-05-31T15:00:00+03:00,15:00
40W000003221392J,NAKSAN KOJENERASYON TESİSİ,unknown,2026-05-31 16:00:00+03:00,,0.0,chunk_0071.json,POST /v1/generation/data/dpp-bulk,2026-05-31 21:45:55.473713+00:00,3221392,NAKSAN KOJENERASYON TESİSİ,19720,2026-05-31T16:00:00+03:00,16:00
40W000003221392J,NAKSAN KOJENERASYON TESİSİ,unknown,2026-05-31 17:00:00+03:00,,0.0,chunk_0071.json,POST /v1/generation/data/dpp-bulk,2026-05-31 21:45:55.473713+00:00,3221392,NAKSAN KOJENERASYON TESİSİ,19720,2026-05-31T17:00:00+03:00,17:00
40W000003221392J,NAKSAN KOJENERASYON TESİSİ,unknown,2026-05-31 18:00:00+03:00,,0.0,chunk_0071.json,POST /v1/generation/data/dpp-bulk,2026-05-31 21:45:55.473713+00:00,3221392,NAKSAN KOJENERASYON TESİSİ,19720,2026-05-31T18:00:00+03:00,18:00
40W000003221392J,NAKSAN KOJENERASYON TESİSİ,unknown,2026-05-31 19:00:00+03:00,,0.0,chunk_0071.json,POST /v1/generation/data/dpp-bulk,2026-05-31 21:45:55.473713+00:00,3221392,NAKSAN KOJENERASYON TESİSİ,19720,2026-05-31T19:00:00+03:00,19:00
40W000003221392J,NAKSAN KOJENERASYON TESİSİ,unknown,2026-05-31 20:00:00+03:00,,0.0,chunk_0071.json,POST /v1/generation/data/dpp-bulk,2026-05-31 21:45:55.473713+00:00,3221392,NAKSAN KOJENERASYON TESİSİ,19720,2026-05-31T20:00:00+03:00,20:00
40W000003221392J,NAKSAN KOJENERASYON TESİSİ,unknown,2026-05-31 21:00:00+03:00,,0.0,chunk_0071.json,POST /v1/generation/data/dpp-bulk,2026-05-31 21:45:55.473713+00:00,3221392,NAKSAN KOJENERASYON TESİSİ,19720,2026-05-31T21:00:00+03:00,21:00
40W000003221392J,NAKSAN KOJENERASYON TESİSİ,unknown,2026-05-31 22:00:00+03:00,,0.0,chunk_0071.json,POST /v1/generation/data/dpp-bulk,2026-05-31 21:45:55.473713+00:00,3221392,NAKSAN KOJENERASYON TESİSİ,19720,2026-05-31T22:00:00+03:00,22:00
40W000003221392J,NAKSAN KOJENERASYON TESİSİ,unknown,2026-05-31 23:00:00+03:00,,0.0,chunk_0071.json,POST /v1/generation/data/dpp-bulk,2026-05-31 21:45:55.473713+00:00,3221392,NAKSAN KOJENERASYON TESİSİ,19720,2026-05-31T23:00:00+03:00,23:00
40W0000032218709,ÜNSPED KARAMAN BES,unknown,2026-05-31 00:00:00+03:00,,0.0,chunk_0071.json,POST /v1/generation/data/dpp-bulk,2026-05-31 21:45:55.473713+00:00,3221870,ÜNSPED KARAMAN BES,19921,2026-05-31T00:00:00+03:00,00:00
40W0000032218709,ÜNSPED KARAMAN BES,unknown,2026-05-31 01:00:00+03:00,,0.0,chunk_0071.json,POST /v1/generation/data/dpp-bulk,2026-05-31 21:45:55.473713+00:00,3221870,ÜNSPED KARAMAN BES,19921,2026-05-31T01:00:00+03:00,01:00
40W0000032218709,ÜNSPED KARAMAN BES,unknown,2026-05-31 02:00:00+03:00,,0.0,chunk_0071.json,POST /v1/generation/data/dpp-bulk,2026-05-31 21:45:55.473713+00:00,3221870,ÜNSPED KARAMAN BES,19921,2026-05-31T02:00:00+03:00,02:00
40W0000032218709,ÜNSPED KARAMAN BES,unknown,2026-05-31 03:00:00+03:00,,0.0,chunk_0071.json,POST /v1/generation/data/dpp-bulk,2026-05-31 21:45:55.473713+00:00,3221870,ÜNSPED KARAMAN BES,19921,2026-05-31T03:00:00+03:00,03:00
40W0000032218709,ÜNSPED KARAMAN BES,unknown,2026-05-31 04:00:00+03:00,,0.0,chunk_0071.json,POST /v1/generation/data/dpp-bulk,2026-05-31 21:45:55.473713+00:00,3221870,ÜNSPED KARAMAN BES,19921,2026-05-31T04:00:00+03:00,04:00
40W0000032218709,ÜNSPED KARAMAN BES,unknown,2026-05-31 05:00:00+03:00,,0.0,chunk_0071.json,POST /v1/generation/data/dpp-bulk,2026-05-31 21:45:55.473713+00:00,3221870,ÜNSPED KARAMAN BES,19921,2026-05-31T05:00:00+03:00,05:00
40W0000032218709,ÜNSPED KARAMAN BES,unknown,2026-05-31 06:00:00+03:00,,0.0,chunk_0071.json,POST /v1/generation/data/dpp-bulk,2026-05-31 21:45:55.473713+00:00,3221870,ÜNSPED KARAMAN BES,19921,2026-05-31T06:00:00+03:00,06:00
40W0000032218709,ÜNSPED KARAMAN BES,unknown,2026-05-31 07:00:00+03:00,,0.0,chunk_0071.json,POST /v1/generation/data/dpp-bulk,2026-05-31 21:45:55.473713+00:00,3221870,ÜNSPED KARAMAN BES,19921,2026-05-31T07:00:00+03:00,07:00
40W0000032218709,ÜNSPED KARAMAN BES,unknown,2026-05-31 08:00:00+03:00,,0.0,chunk_0071.json,POST /v1/generation/data/dpp-bulk,2026-05-31 21:45:55.473713+00:00,3221870,ÜNSPED KARAMAN BES,19921,2026-05-31T08:00:00+03:00,08:00
40W0000032218709,ÜNSPED KARAMAN BES,unknown,2026-05-31 09:00:00+03:00,,0.0,chunk_0071.json,POST /v1/generation/data/dpp-bulk,2026-05-31 21:45:55.473713+00:00,3221870,ÜNSPED KARAMAN BES,19921,2026-05-31T09:00:00+03:00,09:00
40W0000032218709,ÜNSPED KARAMAN BES,unknown,2026-05-31 10:00:00+03:00,,0.0,chunk_0071.json,POST /v1/generation/data/dpp-bulk,2026-05-31 21:45:55.473713+00:00,3221870,ÜNSPED KARAMAN BES,19921,2026-05-31T10:00:00+03:00,10:00
40W0000032218709,ÜNSPED KARAMAN BES,unknown,2026-05-31 11:00:00+03:00,,0.0,chunk_0071.json,POST /v1/generation/data/dpp-bulk,2026-05-31 21:45:55.473713+00:00,3221870,ÜNSPED KARAMAN BES,19921,2026-05-31T11:00:00+03:00,11:00
40W0000032218709,ÜNSPED KARAMAN BES,unknown,2026-05-31 12:00:00+03:00,,0.0,chunk_0071.json,POST /v1/generation/data/dpp-bulk,2026-05-31 21:45:55.473713+00:00,3221870,ÜNSPED KARAMAN BES,19921,2026-05-31T12:00:00+03:00,12:00
40W0000032218709,ÜNSPED KARAMAN BES,unknown,2026-05-31 13:00:00+03:00,,0.0,chunk_0071.json,POST /v1/generation/data/dpp-bulk,2026-05-31 21:45:55.473713+00:00,3221870,ÜNSPED KARAMAN BES,19921,2026-05-31T13:00:00+03:00,13:00
40W0000032218709,ÜNSPED KARAMAN BES,unknown,2026-05-31 14:00:00+03:00,,0.0,chunk_0071.json,POST /v1/generation/data/dpp-bulk,2026-05-31 21:45:55.473713+00:00,3221870,ÜNSPED KARAMAN BES,19921,2026-05-31T14:00:00+03:00,14:00
40W0000032218709,ÜNSPED KARAMAN BES,unknown,2026-05-31 15:00:00+03:00,,0.0,chunk_0071.json,POST /v1/generation/data/dpp-bulk,2026-05-31 21:45:55.473713+00:00,3221870,ÜNSPED KARAMAN BES,19921,2026-05-31T15:00:00+03:00,15:00
40W0000032218709,ÜNSPED KARAMAN BES,unknown,2026-05-31 16:00:00+03:00,,0.0,chunk_0071.json,POST /v1/generation/data/dpp-bulk,2026-05-31 21:45:55.473713+00:00,3221870,ÜNSPED KARAMAN BES,19921,2026-05-31T16:00:00+03:00,16:00
40W0000032218709,ÜNSPED KARAMAN BES,unknown,2026-05-31 17:00:00+03:00,,0.0,chunk_0071.json,POST /v1/generation/data/dpp-bulk,2026-05-31 21:45:55.473713+00:00,3221870,ÜNSPED KARAMAN BES,19921,2026-05-31T17:00:00+03:00,17:00
40W0000032218709,ÜNSPED KARAMAN BES,unknown,2026-05-31 18:00:00+03:00,,0.0,chunk_0071.json,POST /v1/generation/data/dpp-bulk,2026-05-31 21:45:55.473713+00:00,3221870,ÜNSPED KARAMAN BES,19921,2026-05-31T18:00:00+03:00,18:00
40W0000032218709,ÜNSPED KARAMAN BES,unknown,2026-05-31 19:00:00+03:00,,0.0,chunk_0071.json,POST /v1/generation/data/dpp-bulk,2026-05-31 21:45:55.473713+00:00,3221870,ÜNSPED KARAMAN BES,19921,2026-05-31T19:00:00+03:00,19:00
40W0000032218709,ÜNSPED KARAMAN BES,unknown,2026-05-31 20:00:00+03:00,,0.0,chunk_0071.json,POST /v1/generation/data/dpp-bulk,2026-05-31 21:45:55.473713+00:00,3221870,ÜNSPED KARAMAN BES,19921,2026-05-31T20:00:00+03:00,20:00
40W0000032218709,ÜNSPED KARAMAN BES,unknown,2026-05-31 21:00:00+03:00,,0.0,chunk_0071.json,POST /v1/generation/data/dpp-bulk,2026-05-31 21:45:55.473713+00:00,3221870,ÜNSPED KARAMAN BES,19921,2026-05-31T21:00:00+03:00,21:00
40W0000032218709,ÜNSPED KARAMAN BES,unknown,2026-05-31 22:00:00+03:00,,0.0,chunk_0071.json,POST /v1/generation/data/dpp-bulk,2026-05-31 21:45:55.473713+00:00,3221870,ÜNSPED KARAMAN BES,19921,2026-05-31T22:00:00+03:00,22:00
40W0000032218709,ÜNSPED KARAMAN BES,unknown,2026-05-31 23:00:00+03:00,,0.0,chunk_0071.json,POST /v1/generation/data/dpp-bulk,2026-05-31 21:45:55.473713+00:00,3221870,ÜNSPED KARAMAN BES,19921,2026-05-31T23:00:00+03:00,23:00
40W0000032220173,BALKAYA HES,unknown,2026-05-31 00:00:00+03:00,,1.0,chunk_0071.json,POST /v1/generation/data/dpp-bulk,2026-05-31 21:45:55.473713+00:00,3222017,BALKAYA HES,20121,2026-05-31T00:00:00+03:00,00:00
40W0000032220173,BALKAYA HES,unknown,2026-05-31 01:00:00+03:00,,1.0,chunk_0071.json,POST /v1/generation/data/dpp-bulk,2026-05-31 21:45:55.473713+00:00,3222017,BALKAYA HES,20121,2026-05-31T01:00:00+03:00,01:00
40W0000032220173,BALKAYA HES,unknown,2026-05-31 02:00:00+03:00,,1.0,chunk_0071.json,POST /v1/generation/data/dpp-bulk,2026-05-31 21:45:55.473713+00:00,3222017,BALKAYA HES,20121,2026-05-31T02:00:00+03:00,02:00
40W0000032220173,BALKAYA HES,unknown,2026-05-31 03:00:00+03:00,,1.0,chunk_0071.json,POST /v1/generation/data/dpp-bulk,2026-05-31 21:45:55.473713+00:00,3222017,BALKAYA HES,20121,2026-05-31T03:00:00+03:00,03:00
40W0000032220173,BALKAYA HES,unknown,2026-05-31 04:00:00+03:00,,1.0,chunk_0071.json,POST /v1/generation/data/dpp-bulk,2026-05-31 21:45:55.473713+00:00,3222017,BALKAYA HES,20121,2026-05-31T04:00:00+03:00,04:00
40W0000032220173,BALKAYA HES,unknown,2026-05-31 05:00:00+03:00,,1.0,chunk_0071.json,POST /v1/generation/data/dpp-bulk,2026-05-31 21:45:55.473713+00:00,3222017,BALKAYA HES,20121,2026-05-31T05:00:00+03:00,05:00
40W0000032220173,BALKAYA HES,unknown,2026-05-31 06:00:00+03:00,,1.0,chunk_0071.json,POST /v1/generation/data/dpp-bulk,2026-05-31 21:45:55.473713+00:00,3222017,BALKAYA HES,20121,2026-05-31T06:00:00+03:00,06:00
40W0000032220173,BALKAYA HES,unknown,2026-05-31 07:00:00+03:00,,1.0,chunk_0071.json,POST /v1/generation/data/dpp-bulk,2026-05-31 21:45:55.473713+00:00,3222017,BALKAYA HES,20121,2026-05-31T07:00:00+03:00,07:00
40W0000032220173,BALKAYA HES,unknown,2026-05-31 08:00:00+03:00,,1.0,chunk_0071.json,POST /v1/generation/data/dpp-bulk,2026-05-31 21:45:55.473713+00:00,3222017,BALKAYA HES,20121,2026-05-31T08:00:00+03:00,08:00
40W0000032220173,BALKAYA HES,unknown,2026-05-31 09:00:00+03:00,,1.0,chunk_0071.json,POST /v1/generation/data/dpp-bulk,2026-05-31 21:45:55.473713+00:00,3222017,BALKAYA HES,20121,2026-05-31T09:00:00+03:00,09:00
40W0000032220173,BALKAYA HES,unknown,2026-05-31 10:00:00+03:00,,1.0,chunk_0071.json,POST /v1/generation/data/dpp-bulk,2026-05-31 21:45:55.473713+00:00,3222017,BALKAYA HES,20121,2026-05-31T10:00:00+03:00,10:00
40W0000032220173,BALKAYA HES,unknown,2026-05-31 11:00:00+03:00,,1.0,chunk_0071.json,POST /v1/generation/data/dpp-bulk,2026-05-31 21:45:55.473713+00:00,3222017,BALKAYA HES,20121,2026-05-31T11:00:00+03:00,11:00
40W0000032220173,BALKAYA HES,unknown,2026-05-31 12:00:00+03:00,,1.0,chunk_0071.json,POST /v1/generation/data/dpp-bulk,2026-05-31 21:45:55.473713+00:00,3222017,BALKAYA HES,20121,2026-05-31T12:00:00+03:00,12:00
40W0000032220173,BALKAYA HES,unknown,2026-05-31 13:00:00+03:00,,1.0,chunk_0071.json,POST /v1/generation/data/dpp-bulk,2026-05-31 21:45:55.473713+00:00,3222017,BALKAYA HES,20121,2026-05-31T13:00:00+03:00,13:00
40W0000032220173,BALKAYA HES,unknown,2026-05-31 14:00:00+03:00,,1.0,chunk_0071.json,POST /v1/generation/data/dpp-bulk,2026-05-31 21:45:55.473713+00:00,3222017,BALKAYA HES,20121,2026-05-31T14:00:00+03:00,14:00
40W0000032220173,BALKAYA HES,unknown,2026-05-31 15:00:00+03:00,,1.0,chunk_0071.json,POST /v1/generation/data/dpp-bulk,2026-05-31 21:45:55.473713+00:00,3222017,BALKAYA HES,20121,2026-05-31T15:00:00+03:00,15:00
40W0000032220173,BALKAYA HES,unknown,2026-05-31 16:00:00+03:00,,1.0,chunk_0071.json,POST /v1/generation/data/dpp-bulk,2026-05-31 21:45:55.473713+00:00,3222017,BALKAYA HES,20121,2026-05-31T16:00:00+03:00,16:00
40W0000032220173,BALKAYA HES,unknown,2026-05-31 17:00:00+03:00,,1.0,chunk_0071.json,POST /v1/generation/data/dpp-bulk,2026-05-31 21:45:55.473713+00:00,3222017,BALKAYA HES,20121,2026-05-31T17:00:00+03:00,17:00
40W0000032220173,BALKAYA HES,unknown,2026-05-31 18:00:00+03:00,,1.0,chunk_0071.json,POST /v1/generation/data/dpp-bulk,2026-05-31 21:45:55.473713+00:00,3222017,BALKAYA HES,20121,2026-05-31T18:00:00+03:00,18:00
40W0000032220173,BALKAYA HES,unknown,2026-05-31 19:00:00+03:00,,1.0,chunk_0071.json,POST /v1/generation/data/dpp-bulk,2026-05-31 21:45:55.473713+00:00,3222017,BALKAYA HES,20121,2026-05-31T19:00:00+03:00,19:00
40W0000032220173,BALKAYA HES,unknown,2026-05-31 20:00:00+03:00,,1.0,chunk_0071.json,POST /v1/generation/data/dpp-bulk,2026-05-31 21:45:55.473713+00:00,3222017,BALKAYA HES,20121,2026-05-31T20:00:00+03:00,20:00
40W0000032220173,BALKAYA HES,unknown,2026-05-31 21:00:00+03:00,,1.0,chunk_0071.json,POST /v1/generation/data/dpp-bulk,2026-05-31 21:45:55.473713+00:00,3222017,BALKAYA HES,20121,2026-05-31T21:00:00+03:00,21:00
40W0000032220173,BALKAYA HES,unknown,2026-05-31 22:00:00+03:00,,1.0,chunk_0071.json,POST /v1/generation/data/dpp-bulk,2026-05-31 21:45:55.473713+00:00,3222017,BALKAYA HES,20121,2026-05-31T22:00:00+03:00,22:00
40W0000032220173,BALKAYA HES,unknown,2026-05-31 23:00:00+03:00,,1.0,chunk_0071.json,POST /v1/generation/data/dpp-bulk,2026-05-31 21:45:55.473713+00:00,3222017,BALKAYA HES,20121,2026-05-31T23:00:00+03:00,23:00
40W000003222450Q,AFYON ŞEKER FABRİKASI KOJENERASYON TESİSİ,unknown,2026-05-31 00:00:00+03:00,,0.0,chunk_0071.json,POST /v1/generation/data/dpp-bulk,2026-05-31 21:45:55.473713+00:00,3222450,AFYON ŞEKER FABRİKASI KOJENERASYON TESİSİ,20360,2026-05-31T00:00:00+03:00,00:00
40W000003222450Q,AFYON ŞEKER FABRİKASI KOJENERASYON TESİSİ,unknown,2026-05-31 01:00:00+03:00,,0.0,chunk_0071.json,POST /v1/generation/data/dpp-bulk,2026-05-31 21:45:55.473713+00:00,3222450,AFYON ŞEKER FABRİKASI KOJENERASYON TESİSİ,20360,2026-05-31T01:00:00+03:00,01:00
40W000003222450Q,AFYON ŞEKER FABRİKASI KOJENERASYON TESİSİ,unknown,2026-05-31 02:00:00+03:00,,0.0,chunk_0071.json,POST /v1/generation/data/dpp-bulk,2026-05-31 21:45:55.473713+00:00,3222450,AFYON ŞEKER FABRİKASI KOJENERASYON TESİSİ,20360,2026-05-31T02:00:00+03:00,02:00
40W000003222450Q,AFYON ŞEKER FABRİKASI KOJENERASYON TESİSİ,unknown,2026-05-31 03:00:00+03:00,,0.0,chunk_0071.json,POST /v1/generation/data/dpp-bulk,2026-05-31 21:45:55.473713+00:00,3222450,AFYON ŞEKER FABRİKASI KOJENERASYON TESİSİ,20360,2026-05-31T03:00:00+03:00,03:00
40W000003222450Q,AFYON ŞEKER FABRİKASI KOJENERASYON TESİSİ,unknown,2026-05-31 04:00:00+03:00,,0.0,chunk_0071.json,POST /v1/generation/data/dpp-bulk,2026-05-31 21:45:55.473713+00:00,3222450,AFYON ŞEKER FABRİKASI KOJENERASYON TESİSİ,20360,2026-05-31T04:00:00+03:00,04:00
40W000003222450Q,AFYON ŞEKER FABRİKASI KOJENERASYON TESİSİ,unknown,2026-05-31 05:00:00+03:00,,0.0,chunk_0071.json,POST /v1/generation/data/dpp-bulk,2026-05-31 21:45:55.473713+00:00,3222450,AFYON ŞEKER FABRİKASI KOJENERASYON TESİSİ,20360,2026-05-31T05:00:00+03:00,05:00
40W000003222450Q,AFYON ŞEKER FABRİKASI KOJENERASYON TESİSİ,unknown,2026-05-31 06:00:00+03:00,,0.0,chunk_0071.json,POST /v1/generation/data/dpp-bulk,2026-05-31 21:45:55.473713+00:00,3222450,AFYON ŞEKER FABRİKASI KOJENERASYON TESİSİ,20360,2026-05-31T06:00:00+03:00,06:00
40W000003222450Q,AFYON ŞEKER FABRİKASI KOJENERASYON TESİSİ,unknown,2026-05-31 07:00:00+03:00,,0.0,chunk_0071.json,POST /v1/generation/data/dpp-bulk,2026-05-31 21:45:55.473713+00:00,3222450,AFYON ŞEKER FABRİKASI KOJENERASYON TESİSİ,20360,2026-05-31T07:00:00+03:00,07:00
40W000003222450Q,AFYON ŞEKER FABRİKASI KOJENERASYON TESİSİ,unknown,2026-05-31 08:00:00+03:00,,0.0,chunk_0071.json,POST /v1/generation/data/dpp-bulk,2026-05-31 21:45:55.473713+00:00,3222450,AFYON ŞEKER FABRİKASI KOJENERASYON TESİSİ,20360,2026-05-31T08:00:00+03:00,08:00
40W000003222450Q,AFYON ŞEKER FABRİKASI KOJENERASYON TESİSİ,unknown,2026-05-31 09:00:00+03:00,,0.0,chunk_0071.json,POST /v1/generation/data/dpp-bulk,2026-05-31 21:45:55.473713+00:00,3222450,AFYON ŞEKER FABRİKASI KOJENERASYON TESİSİ,20360,2026-05-31T09:00:00+03:00,09:00
40W000003222450Q,AFYON ŞEKER FABRİKASI KOJENERASYON TESİSİ,unknown,2026-05-31 10:00:00+03:00,,0.0,chunk_0071.json,POST /v1/generation/data/dpp-bulk,2026-05-31 21:45:55.473713+00:00,3222450,AFYON ŞEKER FABRİKASI KOJENERASYON TESİSİ,20360,2026-05-31T10:00:00+03:00,10:00
40W000003222450Q,AFYON ŞEKER FABRİKASI KOJENERASYON TESİSİ,unknown,2026-05-31 11:00:00+03:00,,0.0,chunk_0071.json,POST /v1/generation/data/dpp-bulk,2026-05-31 21:45:55.473713+00:00,3222450,AFYON ŞEKER FABRİKASI KOJENERASYON TESİSİ,20360,2026-05-31T11:00:00+03:00,11:00
40W000003222450Q,AFYON ŞEKER FABRİKASI KOJENERASYON TESİSİ,unknown,2026-05-31 12:00:00+03:00,,0.0,chunk_0071.json,POST /v1/generation/data/dpp-bulk,2026-05-31 21:45:55.473713+00:00,3222450,AFYON ŞEKER FABRİKASI KOJENERASYON TESİSİ,20360,2026-05-31T12:00:00+03:00,12:00
40W000003222450Q,AFYON ŞEKER FABRİKASI KOJENERASYON TESİSİ,unknown,2026-05-31 13:00:00+03:00,,0.0,chunk_0071.json,POST /v1/generation/data/dpp-bulk,2026-05-31 21:45:55.473713+00:00,3222450,AFYON ŞEKER FABRİKASI KOJENERASYON TESİSİ,20360,2026-05-31T13:00:00+03:00,13:00
40W000003222450Q,AFYON ŞEKER FABRİKASI KOJENERASYON TESİSİ,unknown,2026-05-31 14:00:00+03:00,,0.0,chunk_0071.json,POST /v1/generation/data/dpp-bulk,2026-05-31 21:45:55.473713+00:00,3222450,AFYON ŞEKER FABRİKASI KOJENERASYON TESİSİ,20360,2026-05-31T14:00:00+03:00,14:00
40W000003222450Q,AFYON ŞEKER FABRİKASI KOJENERASYON TESİSİ,unknown,2026-05-31 15:00:00+03:00,,0.0,chunk_0071.json,POST /v1/generation/data/dpp-bulk,2026-05-31 21:45:55.473713+00:00,3222450,AFYON ŞEKER FABRİKASI KOJENERASYON TESİSİ,20360,2026-05-31T15:00:00+03:00,15:00
40W000003222450Q,AFYON ŞEKER FABRİKASI KOJENERASYON TESİSİ,unknown,2026-05-31 16:00:00+03:00,,0.0,chunk_0071.json,POST /v1/generation/data/dpp-bulk,2026-05-31 21:45:55.473713+00:00,3222450,AFYON ŞEKER FABRİKASI KOJENERASYON TESİSİ,20360,2026-05-31T16:00:00+03:00,16:00
40W000003222450Q,AFYON ŞEKER FABRİKASI KOJENERASYON TESİSİ,unknown,2026-05-31 17:00:00+03:00,,0.0,chunk_0071.json,POST /v1/generation/data/dpp-bulk,2026-05-31 21:45:55.473713+00:00,3222450,AFYON ŞEKER FABRİKASI KOJENERASYON TESİSİ,20360,2026-05-31T17:00:00+03:00,17:00
40W000003222450Q,AFYON ŞEKER FABRİKASI KOJENERASYON TESİSİ,unknown,2026-05-31 18:00:00+03:00,,0.0,chunk_0071.json,POST /v1/generation/data/dpp-bulk,2026-05-31 21:45:55.473713+00:00,3222450,AFYON ŞEKER FABRİKASI KOJENERASYON TESİSİ,20360,2026-05-31T18:00:00+03:00,18:00
40W000003222450Q,AFYON ŞEKER FABRİKASI KOJENERASYON TESİSİ,unknown,2026-05-31 19:00:00+03:00,,0.0,chunk_0071.json,POST /v1/generation/data/dpp-bulk,2026-05-31 21:45:55.473713+00:00,3222450,AFYON ŞEKER FABRİKASI KOJENERASYON TESİSİ,20360,2026-05-31T19:00:00+03:00,19:00
40W000003222450Q,AFYON ŞEKER FABRİKASI KOJENERASYON TESİSİ,unknown,2026-05-31 20:00:00+03:00,,0.0,chunk_0071.json,POST /v1/generation/data/dpp-bulk,2026-05-31 21:45:55.473713+00:00,3222450,AFYON ŞEKER FABRİKASI KOJENERASYON TESİSİ,20360,2026-05-31T20:00:00+03:00,20:00
40W000003222450Q,AFYON ŞEKER FABRİKASI KOJENERASYON TESİSİ,unknown,2026-05-31 21:00:00+03:00,,0.0,chunk_0071.json,POST /v1/generation/data/dpp-bulk,2026-05-31 21:45:55.473713+00:00,3222450,AFYON ŞEKER FABRİKASI KOJENERASYON TESİSİ,20360,2026-05-31T21:00:00+03:00,21:00
40W000003222450Q,AFYON ŞEKER FABRİKASI KOJENERASYON TESİSİ,unknown,2026-05-31 22:00:00+03:00,,0.0,chunk_0071.json,POST /v1/generation/data/dpp-bulk,2026-05-31 21:45:55.473713+00:00,3222450,AFYON ŞEKER FABRİKASI KOJENERASYON TESİSİ,20360,2026-05-31T22:00:00+03:00,22:00
40W000003222450Q,AFYON ŞEKER FABRİKASI KOJENERASYON TESİSİ,unknown,2026-05-31 23:00:00+03:00,,0.0,chunk_0071.json,POST /v1/generation/data/dpp-bulk,2026-05-31 21:45:55.473713+00:00,3222450,AFYON ŞEKER FABRİKASI KOJENERASYON TESİSİ,20360,2026-05-31T23:00:00+03:00,23:00
40W0000032214106,BOLU KATI ATIK BİYOKÜTLE SANTRALİ,unknown,2026-05-31 00:00:00+03:00,,0.0,chunk_0071.json,POST /v1/generation/data/dpp-bulk,2026-05-31 21:45:55.473713+00:00,3221410,BOLU KATI ATIK BİYOKÜTLE SANTRALİ,103060,2026-05-31T00:00:00+03:00,00:00
40W0000032214106,BOLU KATI ATIK BİYOKÜTLE SANTRALİ,unknown,2026-05-31 01:00:00+03:00,,0.0,chunk_0071.json,POST /v1/generation/data/dpp-bulk,2026-05-31 21:45:55.473713+00:00,3221410,BOLU KATI ATIK BİYOKÜTLE SANTRALİ,103060,2026-05-31T01:00:00+03:00,01:00
40W0000032214106,BOLU KATI ATIK BİYOKÜTLE SANTRALİ,unknown,2026-05-31 02:00:00+03:00,,0.0,chunk_0071.json,POST /v1/generation/data/dpp-bulk,2026-05-31 21:45:55.473713+00:00,3221410,BOLU KATI ATIK BİYOKÜTLE SANTRALİ,103060,2026-05-31T02:00:00+03:00,02:00
40W0000032214106,BOLU KATI ATIK BİYOKÜTLE SANTRALİ,unknown,2026-05-31 03:00:00+03:00,,0.0,chunk_0071.json,POST /v1/generation/data/dpp-bulk,2026-05-31 21:45:55.473713+00:00,3221410,BOLU KATI ATIK BİYOKÜTLE SANTRALİ,103060,2026-05-31T03:00:00+03:00,03:00
40W0000032214106,BOLU KATI ATIK BİYOKÜTLE SANTRALİ,unknown,2026-05-31 04:00:00+03:00,,0.0,chunk_0071.json,POST /v1/generation/data/dpp-bulk,2026-05-31 21:45:55.473713+00:00,3221410,BOLU KATI ATIK BİYOKÜTLE SANTRALİ,103060,2026-05-31T04:00:00+03:00,04:00
40W0000032214106,BOLU KATI ATIK BİYOKÜTLE SANTRALİ,unknown,2026-05-31 05:00:00+03:00,,0.0,chunk_0071.json,POST /v1/generation/data/dpp-bulk,2026-05-31 21:45:55.473713+00:00,3221410,BOLU KATI ATIK BİYOKÜTLE SANTRALİ,103060,2026-05-31T05:00:00+03:00,05:00
40W0000032214106,BOLU KATI ATIK BİYOKÜTLE SANTRALİ,unknown,2026-05-31 06:00:00+03:00,,0.0,chunk_0071.json,POST /v1/generation/data/dpp-bulk,2026-05-31 21:45:55.473713+00:00,3221410,BOLU KATI ATIK BİYOKÜTLE SANTRALİ,103060,2026-05-31T06:00:00+03:00,06:00
40W0000032214106,BOLU KATI ATIK BİYOKÜTLE SANTRALİ,unknown,2026-05-31 07:00:00+03:00,,0.0,chunk_0071.json,POST /v1/generation/data/dpp-bulk,2026-05-31 21:45:55.473713+00:00,3221410,BOLU KATI ATIK BİYOKÜTLE SANTRALİ,103060,2026-05-31T07:00:00+03:00,07:00
40W0000032214106,BOLU KATI ATIK BİYOKÜTLE SANTRALİ,unknown,2026-05-31 08:00:00+03:00,,0.0,chunk_0071.json,POST /v1/generation/data/dpp-bulk,2026-05-31 21:45:55.473713+00:00,3221410,BOLU KATI ATIK BİYOKÜTLE SANTRALİ,103060,2026-05-31T08:00:00+03:00,08:00
40W0000032214106,BOLU KATI ATIK BİYOKÜTLE SANTRALİ,unknown,2026-05-31 09:00:00+03:00,,0.0,chunk_0071.json,POST /v1/generation/data/dpp-bulk,2026-05-31 21:45:55.473713+00:00,3221410,BOLU KATI ATIK BİYOKÜTLE SANTRALİ,103060,2026-05-31T09:00:00+03:00,09:00
40W0000032214106,BOLU KATI ATIK BİYOKÜTLE SANTRALİ,unknown,2026-05-31 10:00:00+03:00,,0.0,chunk_0071.json,POST /v1/generation/data/dpp-bulk,2026-05-31 21:45:55.473713+00:00,3221410,BOLU KATI ATIK BİYOKÜTLE SANTRALİ,103060,2026-05-31T10:00:00+03:00,10:00
40W0000032214106,BOLU KATI ATIK BİYOKÜTLE SANTRALİ,unknown,2026-05-31 11:00:00+03:00,,0.0,chunk_0071.json,POST /v1/generation/data/dpp-bulk,2026-05-31 21:45:55.473713+00:00,3221410,BOLU KATI ATIK BİYOKÜTLE SANTRALİ,103060,2026-05-31T11:00:00+03:00,11:00
40W0000032214106,BOLU KATI ATIK BİYOKÜTLE SANTRALİ,unknown,2026-05-31 12:00:00+03:00,,0.0,chunk_0071.json,POST /v1/generation/data/dpp-bulk,2026-05-31 21:45:55.473713+00:00,3221410,BOLU KATI ATIK BİYOKÜTLE SANTRALİ,103060,2026-05-31T12:00:00+03:00,12:00
40W0000032214106,BOLU KATI ATIK BİYOKÜTLE SANTRALİ,unknown,2026-05-31 13:00:00+03:00,,0.0,chunk_0071.json,POST /v1/generation/data/dpp-bulk,2026-05-31 21:45:55.473713+00:00,3221410,BOLU KATI ATIK BİYOKÜTLE SANTRALİ,103060,2026-05-31T13:00:00+03:00,13:00
40W0000032214106,BOLU KATI ATIK BİYOKÜTLE SANTRALİ,unknown,2026-05-31 14:00:00+03:00,,0.0,chunk_0071.json,POST /v1/generation/data/dpp-bulk,2026-05-31 21:45:55.473713+00:00,3221410,BOLU KATI ATIK BİYOKÜTLE SANTRALİ,103060,2026-05-31T14:00:00+03:00,14:00
40W0000032214106,BOLU KATI ATIK BİYOKÜTLE SANTRALİ,unknown,2026-05-31 15:00:00+03:00,,0.0,chunk_0071.json,POST /v1/generation/data/dpp-bulk,2026-05-31 21:45:55.473713+00:00,3221410,BOLU KATI ATIK BİYOKÜTLE SANTRALİ,103060,2026-05-31T15:00:00+03:00,15:00
40W0000032214106,BOLU KATI ATIK BİYOKÜTLE SANTRALİ,unknown,2026-05-31 16:00:00+03:00,,0.0,chunk_0071.json,POST /v1/generation/data/dpp-bulk,2026-05-31 21:45:55.473713+00:00,3221410,BOLU KATI ATIK BİYOKÜTLE SANTRALİ,103060,2026-05-31T16:00:00+03:00,16:00
40W0000032214106,BOLU KATI ATIK BİYOKÜTLE SANTRALİ,unknown,2026-05-31 17:00:00+03:00,,0.0,chunk_0071.json,POST /v1/generation/data/dpp-bulk,2026-05-31 21:45:55.473713+00:00,3221410,BOLU KATI ATIK BİYOKÜTLE SANTRALİ,103060,2026-05-31T17:00:00+03:00,17:00
40W0000032214106,BOLU KATI ATIK BİYOKÜTLE SANTRALİ,unknown,2026-05-31 18:00:00+03:00,,0.0,chunk_0071.json,POST /v1/generation/data/dpp-bulk,2026-05-31 21:45:55.473713+00:00,3221410,BOLU KATI ATIK BİYOKÜTLE SANTRALİ,103060,2026-05-31T18:00:00+03:00,18:00
40W0000032214106,BOLU KATI ATIK BİYOKÜTLE SANTRALİ,unknown,2026-05-31 19:00:00+03:00,,1.1,chunk_0071.json,POST /v1/generation/data/dpp-bulk,2026-05-31 21:45:55.473713+00:00,3221410,BOLU KATI ATIK BİYOKÜTLE SANTRALİ,103060,2026-05-31T19:00:00+03:00,19:00
40W0000032214106,BOLU KATI ATIK BİYOKÜTLE SANTRALİ,unknown,2026-05-31 20:00:00+03:00,,1.1,chunk_0071.json,POST /v1/generation/data/dpp-bulk,2026-05-31 21:45:55.473713+00:00,3221410,BOLU KATI ATIK BİYOKÜTLE SANTRALİ,103060,2026-05-31T20:00:00+03:00,20:00
40W0000032214106,BOLU KATI ATIK BİYOKÜTLE SANTRALİ,unknown,2026-05-31 21:00:00+03:00,,1.1,chunk_0071.json,POST /v1/generation/data/dpp-bulk,2026-05-31 21:45:55.473713+00:00,3221410,BOLU KATI ATIK BİYOKÜTLE SANTRALİ,103060,2026-05-31T21:00:00+03:00,21:00
40W0000032214106,BOLU KATI ATIK BİYOKÜTLE SANTRALİ,unknown,2026-05-31 22:00:00+03:00,,1.1,chunk_0071.json,POST /v1/generation/data/dpp-bulk,2026-05-31 21:45:55.473713+00:00,3221410,BOLU KATI ATIK BİYOKÜTLE SANTRALİ,103060,2026-05-31T22:00:00+03:00,22:00
40W0000032214106,BOLU KATI ATIK BİYOKÜTLE SANTRALİ,unknown,2026-05-31 23:00:00+03:00,,1.1,chunk_0071.json,POST /v1/generation/data/dpp-bulk,2026-05-31 21:45:55.473713+00:00,3221410,BOLU KATI ATIK BİYOKÜTLE SANTRALİ,103060,2026-05-31T23:00:00+03:00,23:00
40W000003221450V,KARMA BES,unknown,2026-05-31 00:00:00+03:00,,0.0,chunk_0071.json,POST /v1/generation/data/dpp-bulk,2026-05-31 21:45:55.473713+00:00,3221450,KARMA BES,103060,2026-05-31T00:00:00+03:00,00:00
40W000003221450V,KARMA BES,unknown,2026-05-31 01:00:00+03:00,,0.0,chunk_0071.json,POST /v1/generation/data/dpp-bulk,2026-05-31 21:45:55.473713+00:00,3221450,KARMA BES,103060,2026-05-31T01:00:00+03:00,01:00
40W000003221450V,KARMA BES,unknown,2026-05-31 02:00:00+03:00,,0.0,chunk_0071.json,POST /v1/generation/data/dpp-bulk,2026-05-31 21:45:55.473713+00:00,3221450,KARMA BES,103060,2026-05-31T02:00:00+03:00,02:00
40W000003221450V,KARMA BES,unknown,2026-05-31 03:00:00+03:00,,0.0,chunk_0071.json,POST /v1/generation/data/dpp-bulk,2026-05-31 21:45:55.473713+00:00,3221450,KARMA BES,103060,2026-05-31T03:00:00+03:00,03:00
40W000003221450V,KARMA BES,unknown,2026-05-31 04:00:00+03:00,,0.0,chunk_0071.json,POST /v1/generation/data/dpp-bulk,2026-05-31 21:45:55.473713+00:00,3221450,KARMA BES,103060,2026-05-31T04:00:00+03:00,04:00
40W000003221450V,KARMA BES,unknown,2026-05-31 05:00:00+03:00,,0.0,chunk_0071.json,POST /v1/generation/data/dpp-bulk,2026-05-31 21:45:55.473713+00:00,3221450,KARMA BES,103060,2026-05-31T05:00:00+03:00,05:00
40W000003221450V,KARMA BES,unknown,2026-05-31 06:00:00+03:00,,0.0,chunk_0071.json,POST /v1/generation/data/dpp-bulk,2026-05-31 21:45:55.473713+00:00,3221450,KARMA BES,103060,2026-05-31T06:00:00+03:00,06:00
40W000003221450V,KARMA BES,unknown,2026-05-31 07:00:00+03:00,,0.0,chunk_0071.json,POST /v1/generation/data/dpp-bulk,2026-05-31 21:45:55.473713+00:00,3221450,KARMA BES,103060,2026-05-31T07:00:00+03:00,07:00
40W000003221450V,KARMA BES,unknown,2026-05-31 08:00:00+03:00,,0.0,chunk_0071.json,POST /v1/generation/data/dpp-bulk,2026-05-31 21:45:55.473713+00:00,3221450,KARMA BES,103060,2026-05-31T08:00:00+03:00,08:00
40W000003221450V,KARMA BES,unknown,2026-05-31 09:00:00+03:00,,0.0,chunk_0071.json,POST /v1/generation/data/dpp-bulk,2026-05-31 21:45:55.473713+00:00,3221450,KARMA BES,103060,2026-05-31T09:00:00+03:00,09:00
40W000003221450V,KARMA BES,unknown,2026-05-31 10:00:00+03:00,,0.0,chunk_0071.json,POST /v1/generation/data/dpp-bulk,2026-05-31 21:45:55.473713+00:00,3221450,KARMA BES,103060,2026-05-31T10:00:00+03:00,10:00
40W000003221450V,KARMA BES,unknown,2026-05-31 11:00:00+03:00,,0.0,chunk_0071.json,POST /v1/generation/data/dpp-bulk,2026-05-31 21:45:55.473713+00:00,3221450,KARMA BES,103060,2026-05-31T11:00:00+03:00,11:00
40W000003221450V,KARMA BES,unknown,2026-05-31 12:00:00+03:00,,0.0,chunk_0071.json,POST /v1/generation/data/dpp-bulk,2026-05-31 21:45:55.473713+00:00,3221450,KARMA BES,103060,2026-05-31T12:00:00+03:00,12:00
40W000003221450V,KARMA BES,unknown,2026-05-31 13:00:00+03:00,,0.0,chunk_0071.json,POST /v1/generation/data/dpp-bulk,2026-05-31 21:45:55.473713+00:00,3221450,KARMA BES,103060,2026-05-31T13:00:00+03:00,13:00
40W000003221450V,KARMA BES,unknown,2026-05-31 14:00:00+03:00,,0.0,chunk_0071.json,POST /v1/generation/data/dpp-bulk,2026-05-31 21:45:55.473713+00:00,3221450,KARMA BES,103060,2026-05-31T14:00:00+03:00,14:00
40W000003221450V,KARMA BES,unknown,2026-05-31 15:00:00+03:00,,0.0,chunk_0071.json,POST /v1/generation/data/dpp-bulk,2026-05-31 21:45:55.473713+00:00,3221450,KARMA BES,103060,2026-05-31T15:00:00+03:00,15:00
40W000003221450V,KARMA BES,unknown,2026-05-31 16:00:00+03:00,,0.0,chunk_0071.json,POST /v1/generation/data/dpp-bulk,2026-05-31 21:45:55.473713+00:00,3221450,KARMA BES,103060,2026-05-31T16:00:00+03:00,16:00
40W000003221450V,KARMA BES,unknown,2026-05-31 17:00:00+03:00,,0.0,chunk_0071.json,POST /v1/generation/data/dpp-bulk,2026-05-31 21:45:55.473713+00:00,3221450,KARMA BES,103060,2026-05-31T17:00:00+03:00,17:00
40W000003221450V,KARMA BES,unknown,2026-05-31 18:00:00+03:00,,0.0,chunk_0071.json,POST /v1/generation/data/dpp-bulk,2026-05-31 21:45:55.473713+00:00,3221450,KARMA BES,103060,2026-05-31T18:00:00+03:00,18:00
40W000003221450V,KARMA BES,unknown,2026-05-31 19:00:00+03:00,,0.0,chunk_0071.json,POST /v1/generation/data/dpp-bulk,2026-05-31 21:45:55.473713+00:00,3221450,KARMA BES,103060,2026-05-31T19:00:00+03:00,19:00
40W000003221450V,KARMA BES,unknown,2026-05-31 20:00:00+03:00,,0.0,chunk_0071.json,POST /v1/generation/data/dpp-bulk,2026-05-31 21:45:55.473713+00:00,3221450,KARMA BES,103060,2026-05-31T20:00:00+03:00,20:00
40W000003221450V,KARMA BES,unknown,2026-05-31 21:00:00+03:00,,0.0,chunk_0071.json,POST /v1/generation/data/dpp-bulk,2026-05-31 21:45:55.473713+00:00,3221450,KARMA BES,103060,2026-05-31T21:00:00+03:00,21:00
40W000003221450V,KARMA BES,unknown,2026-05-31 22:00:00+03:00,,0.0,chunk_0071.json,POST /v1/generation/data/dpp-bulk,2026-05-31 21:45:55.473713+00:00,3221450,KARMA BES,103060,2026-05-31T22:00:00+03:00,22:00
40W000003221450V,KARMA BES,unknown,2026-05-31 23:00:00+03:00,,0.0,chunk_0071.json,POST /v1/generation/data/dpp-bulk,2026-05-31 21:45:55.473713+00:00,3221450,KARMA BES,103060,2026-05-31T23:00:00+03:00,23:00
40W000003222171U,HASIRCI KOJENERASYON TESİSİ,unknown,2026-05-31 00:00:00+03:00,,0.0,chunk_0071.json,POST /v1/generation/data/dpp-bulk,2026-05-31 21:45:55.473713+00:00,3222171,HASIRCI KOJENERASYON TESİSİ,103060,2026-05-31T00:00:00+03:00,00:00
40W000003222171U,HASIRCI KOJENERASYON TESİSİ,unknown,2026-05-31 01:00:00+03:00,,0.0,chunk_0071.json,POST /v1/generation/data/dpp-bulk,2026-05-31 21:45:55.473713+00:00,3222171,HASIRCI KOJENERASYON TESİSİ,103060,2026-05-31T01:00:00+03:00,01:00
40W000003222171U,HASIRCI KOJENERASYON TESİSİ,unknown,2026-05-31 02:00:00+03:00,,0.0,chunk_0071.json,POST /v1/generation/data/dpp-bulk,2026-05-31 21:45:55.473713+00:00,3222171,HASIRCI KOJENERASYON TESİSİ,103060,2026-05-31T02:00:00+03:00,02:00
40W000003222171U,HASIRCI KOJENERASYON TESİSİ,unknown,2026-05-31 03:00:00+03:00,,0.0,chunk_0071.json,POST /v1/generation/data/dpp-bulk,2026-05-31 21:45:55.473713+00:00,3222171,HASIRCI KOJENERASYON TESİSİ,103060,2026-05-31T03:00:00+03:00,03:00
40W000003222171U,HASIRCI KOJENERASYON TESİSİ,unknown,2026-05-31 04:00:00+03:00,,0.0,chunk_0071.json,POST /v1/generation/data/dpp-bulk,2026-05-31 21:45:55.473713+00:00,3222171,HASIRCI KOJENERASYON TESİSİ,103060,2026-05-31T04:00:00+03:00,04:00
40W000003222171U,HASIRCI KOJENERASYON TESİSİ,unknown,2026-05-31 05:00:00+03:00,,0.0,chunk_0071.json,POST /v1/generation/data/dpp-bulk,2026-05-31 21:45:55.473713+00:00,3222171,HASIRCI KOJENERASYON TESİSİ,103060,2026-05-31T05:00:00+03:00,05:00
40W000003222171U,HASIRCI KOJENERASYON TESİSİ,unknown,2026-05-31 06:00:00+03:00,,0.0,chunk_0071.json,POST /v1/generation/data/dpp-bulk,2026-05-31 21:45:55.473713+00:00,3222171,HASIRCI KOJENERASYON TESİSİ,103060,2026-05-31T06:00:00+03:00,06:00
40W000003222171U,HASIRCI KOJENERASYON TESİSİ,unknown,2026-05-31 07:00:00+03:00,,0.0,chunk_0071.json,POST /v1/generation/data/dpp-bulk,2026-05-31 21:45:55.473713+00:00,3222171,HASIRCI KOJENERASYON TESİSİ,103060,2026-05-31T07:00:00+03:00,07:00
40W000003222171U,HASIRCI KOJENERASYON TESİSİ,unknown,2026-05-31 08:00:00+03:00,,0.0,chunk_0071.json,POST /v1/generation/data/dpp-bulk,2026-05-31 21:45:55.473713+00:00,3222171,HASIRCI KOJENERASYON TESİSİ,103060,2026-05-31T08:00:00+03:00,08:00
40W000003222171U,HASIRCI KOJENERASYON TESİSİ,unknown,2026-05-31 09:00:00+03:00,,0.0,chunk_0071.json,POST /v1/generation/data/dpp-bulk,2026-05-31 21:45:55.473713+00:00,3222171,HASIRCI KOJENERASYON TESİSİ,103060,2026-05-31T09:00:00+03:00,09:00
40W000003222171U,HASIRCI KOJENERASYON TESİSİ,unknown,2026-05-31 10:00:00+03:00,,0.0,chunk_0071.json,POST /v1/generation/data/dpp-bulk,2026-05-31 21:45:55.473713+00:00,3222171,HASIRCI KOJENERASYON TESİSİ,103060,2026-05-31T10:00:00+03:00,10:00
40W000003222171U,HASIRCI KOJENERASYON TESİSİ,unknown,2026-05-31 11:00:00+03:00,,0.0,chunk_0071.json,POST /v1/generation/data/dpp-bulk,2026-05-31 21:45:55.473713+00:00,3222171,HASIRCI KOJENERASYON TESİSİ,103060,2026-05-31T11:00:00+03:00,11:00
40W000003222171U,HASIRCI KOJENERASYON TESİSİ,unknown,2026-05-31 12:00:00+03:00,,0.0,chunk_0071.json,POST /v1/generation/data/dpp-bulk,2026-05-31 21:45:55.473713+00:00,3222171,HASIRCI KOJENERASYON TESİSİ,103060,2026-05-31T12:00:00+03:00,12:00
40W000003222171U,HASIRCI KOJENERASYON TESİSİ,unknown,2026-05-31 13:00:00+03:00,,0.0,chunk_0071.json,POST /v1/generation/data/dpp-bulk,2026-05-31 21:45:55.473713+00:00,3222171,HASIRCI KOJENERASYON TESİSİ,103060,2026-05-31T13:00:00+03:00,13:00
40W000003222171U,HASIRCI KOJENERASYON TESİSİ,unknown,2026-05-31 14:00:00+03:00,,0.0,chunk_0071.json,POST /v1/generation/data/dpp-bulk,2026-05-31 21:45:55.473713+00:00,3222171,HASIRCI KOJENERASYON TESİSİ,103060,2026-05-31T14:00:00+03:00,14:00
40W000003222171U,HASIRCI KOJENERASYON TESİSİ,unknown,2026-05-31 15:00:00+03:00,,0.0,chunk_0071.json,POST /v1/generation/data/dpp-bulk,2026-05-31 21:45:55.473713+00:00,3222171,HASIRCI KOJENERASYON TESİSİ,103060,2026-05-31T15:00:00+03:00,15:00
40W000003222171U,HASIRCI KOJENERASYON TESİSİ,unknown,2026-05-31 16:00:00+03:00,,0.0,chunk_0071.json,POST /v1/generation/data/dpp-bulk,2026-05-31 21:45:55.473713+00:00,3222171,HASIRCI KOJENERASYON TESİSİ,103060,2026-05-31T16:00:00+03:00,16:00
40W000003222171U,HASIRCI KOJENERASYON TESİSİ,unknown,2026-05-31 17:00:00+03:00,,0.0,chunk_0071.json,POST /v1/generation/data/dpp-bulk,2026-05-31 21:45:55.473713+00:00,3222171,HASIRCI KOJENERASYON TESİSİ,103060,2026-05-31T17:00:00+03:00,17:00
40W000003222171U,HASIRCI KOJENERASYON TESİSİ,unknown,2026-05-31 18:00:00+03:00,,0.0,chunk_0071.json,POST /v1/generation/data/dpp-bulk,2026-05-31 21:45:55.473713+00:00,3222171,HASIRCI KOJENERASYON TESİSİ,103060,2026-05-31T18:00:00+03:00,18:00
40W000003222171U,HASIRCI KOJENERASYON TESİSİ,unknown,2026-05-31 19:00:00+03:00,,0.0,chunk_0071.json,POST /v1/generation/data/dpp-bulk,2026-05-31 21:45:55.473713+00:00,3222171,HASIRCI KOJENERASYON TESİSİ,103060,2026-05-31T19:00:00+03:00,19:00
40W000003222171U,HASIRCI KOJENERASYON TESİSİ,unknown,2026-05-31 20:00:00+03:00,,0.0,chunk_0071.json,POST /v1/generation/data/dpp-bulk,2026-05-31 21:45:55.473713+00:00,3222171,HASIRCI KOJENERASYON TESİSİ,103060,2026-05-31T20:00:00+03:00,20:00
40W000003222171U,HASIRCI KOJENERASYON TESİSİ,unknown,2026-05-31 21:00:00+03:00,,0.0,chunk_0071.json,POST /v1/generation/data/dpp-bulk,2026-05-31 21:45:55.473713+00:00,3222171,HASIRCI KOJENERASYON TESİSİ,103060,2026-05-31T21:00:00+03:00,21:00
40W000003222171U,HASIRCI KOJENERASYON TESİSİ,unknown,2026-05-31 22:00:00+03:00,,0.0,chunk_0071.json,POST /v1/generation/data/dpp-bulk,2026-05-31 21:45:55.473713+00:00,3222171,HASIRCI KOJENERASYON TESİSİ,103060,2026-05-31T22:00:00+03:00,22:00
40W000003222171U,HASIRCI KOJENERASYON TESİSİ,unknown,2026-05-31 23:00:00+03:00,,0.0,chunk_0071.json,POST /v1/generation/data/dpp-bulk,2026-05-31 21:45:55.473713+00:00,3222171,HASIRCI KOJENERASYON TESİSİ,103060,2026-05-31T23:00:00+03:00,23:00
40W000003222172S,OBA MAKARNACILIK TRİJENERASYON TESİSİ,unknown,2026-05-31 00:00:00+03:00,,0.0,chunk_0071.json,POST /v1/generation/data/dpp-bulk,2026-05-31 21:45:55.473713+00:00,3222172,OBA MAKARNACILIK TRİJENERASYON TESİSİ,103060,2026-05-31T00:00:00+03:00,00:00
40W000003222172S,OBA MAKARNACILIK TRİJENERASYON TESİSİ,unknown,2026-05-31 01:00:00+03:00,,0.0,chunk_0071.json,POST /v1/generation/data/dpp-bulk,2026-05-31 21:45:55.473713+00:00,3222172,OBA MAKARNACILIK TRİJENERASYON TESİSİ,103060,2026-05-31T01:00:00+03:00,01:00
40W000003222172S,OBA MAKARNACILIK TRİJENERASYON TESİSİ,unknown,2026-05-31 02:00:00+03:00,,0.0,chunk_0071.json,POST /v1/generation/data/dpp-bulk,2026-05-31 21:45:55.473713+00:00,3222172,OBA MAKARNACILIK TRİJENERASYON TESİSİ,103060,2026-05-31T02:00:00+03:00,02:00
40W000003222172S,OBA MAKARNACILIK TRİJENERASYON TESİSİ,unknown,2026-05-31 03:00:00+03:00,,0.0,chunk_0071.json,POST /v1/generation/data/dpp-bulk,2026-05-31 21:45:55.473713+00:00,3222172,OBA MAKARNACILIK TRİJENERASYON TESİSİ,103060,2026-05-31T03:00:00+03:00,03:00
40W000003222172S,OBA MAKARNACILIK TRİJENERASYON TESİSİ,unknown,2026-05-31 04:00:00+03:00,,0.0,chunk_0071.json,POST /v1/generation/data/dpp-bulk,2026-05-31 21:45:55.473713+00:00,3222172,OBA MAKARNACILIK TRİJENERASYON TESİSİ,103060,2026-05-31T04:00:00+03:00,04:00
40W000003222172S,OBA MAKARNACILIK TRİJENERASYON TESİSİ,unknown,2026-05-31 05:00:00+03:00,,0.0,chunk_0071.json,POST /v1/generation/data/dpp-bulk,2026-05-31 21:45:55.473713+00:00,3222172,OBA MAKARNACILIK TRİJENERASYON TESİSİ,103060,2026-05-31T05:00:00+03:00,05:00
40W000003222172S,OBA MAKARNACILIK TRİJENERASYON TESİSİ,unknown,2026-05-31 06:00:00+03:00,,0.0,chunk_0071.json,POST /v1/generation/data/dpp-bulk,2026-05-31 21:45:55.473713+00:00,3222172,OBA MAKARNACILIK TRİJENERASYON TESİSİ,103060,2026-05-31T06:00:00+03:00,06:00
40W000003222172S,OBA MAKARNACILIK TRİJENERASYON TESİSİ,unknown,2026-05-31 07:00:00+03:00,,0.0,chunk_0071.json,POST /v1/generation/data/dpp-bulk,2026-05-31 21:45:55.473713+00:00,3222172,OBA MAKARNACILIK TRİJENERASYON TESİSİ,103060,2026-05-31T07:00:00+03:00,07:00
40W000003222172S,OBA MAKARNACILIK TRİJENERASYON TESİSİ,unknown,2026-05-31 08:00:00+03:00,,0.0,chunk_0071.json,POST /v1/generation/data/dpp-bulk,2026-05-31 21:45:55.473713+00:00,3222172,OBA MAKARNACILIK TRİJENERASYON TESİSİ,103060,2026-05-31T08:00:00+03:00,08:00
40W000003222172S,OBA MAKARNACILIK TRİJENERASYON TESİSİ,unknown,2026-05-31 09:00:00+03:00,,0.0,chunk_0071.json,POST /v1/generation/data/dpp-bulk,2026-05-31 21:45:55.473713+00:00,3222172,OBA MAKARNACILIK TRİJENERASYON TESİSİ,103060,2026-05-31T09:00:00+03:00,09:00
40W000003222172S,OBA MAKARNACILIK TRİJENERASYON TESİSİ,unknown,2026-05-31 10:00:00+03:00,,0.0,chunk_0071.json,POST /v1/generation/data/dpp-bulk,2026-05-31 21:45:55.473713+00:00,3222172,OBA MAKARNACILIK TRİJENERASYON TESİSİ,103060,2026-05-31T10:00:00+03:00,10:00
40W000003222172S,OBA MAKARNACILIK TRİJENERASYON TESİSİ,unknown,2026-05-31 11:00:00+03:00,,0.0,chunk_0071.json,POST /v1/generation/data/dpp-bulk,2026-05-31 21:45:55.473713+00:00,3222172,OBA MAKARNACILIK TRİJENERASYON TESİSİ,103060,2026-05-31T11:00:00+03:00,11:00
40W000003222172S,OBA MAKARNACILIK TRİJENERASYON TESİSİ,unknown,2026-05-31 12:00:00+03:00,,0.0,chunk_0071.json,POST /v1/generation/data/dpp-bulk,2026-05-31 21:45:55.473713+00:00,3222172,OBA MAKARNACILIK TRİJENERASYON TESİSİ,103060,2026-05-31T12:00:00+03:00,12:00
40W000003222172S,OBA MAKARNACILIK TRİJENERASYON TESİSİ,unknown,2026-05-31 13:00:00+03:00,,0.0,chunk_0071.json,POST /v1/generation/data/dpp-bulk,2026-05-31 21:45:55.473713+00:00,3222172,OBA MAKARNACILIK TRİJENERASYON TESİSİ,103060,2026-05-31T13:00:00+03:00,13:00
40W000003222172S,OBA MAKARNACILIK TRİJENERASYON TESİSİ,unknown,2026-05-31 14:00:00+03:00,,0.0,chunk_0071.json,POST /v1/generation/data/dpp-bulk,2026-05-31 21:45:55.473713+00:00,3222172,OBA MAKARNACILIK TRİJENERASYON TESİSİ,103060,2026-05-31T14:00:00+03:00,14:00
40W000003222172S,OBA MAKARNACILIK TRİJENERASYON TESİSİ,unknown,2026-05-31 15:00:00+03:00,,0.0,chunk_0071.json,POST /v1/generation/data/dpp-bulk,2026-05-31 21:45:55.473713+00:00,3222172,OBA MAKARNACILIK TRİJENERASYON TESİSİ,103060,2026-05-31T15:00:00+03:00,15:00
40W000003222172S,OBA MAKARNACILIK TRİJENERASYON TESİSİ,unknown,2026-05-31 16:00:00+03:00,,0.0,chunk_0071.json,POST /v1/generation/data/dpp-bulk,2026-05-31 21:45:55.473713+00:00,3222172,OBA MAKARNACILIK TRİJENERASYON TESİSİ,103060,2026-05-31T16:00:00+03:00,16:00
40W000003222172S,OBA MAKARNACILIK TRİJENERASYON TESİSİ,unknown,2026-05-31 17:00:00+03:00,,0.0,chunk_0071.json,POST /v1/generation/data/dpp-bulk,2026-05-31 21:45:55.473713+00:00,3222172,OBA MAKARNACILIK TRİJENERASYON TESİSİ,103060,2026-05-31T17:00:00+03:00,17:00
40W000003222172S,OBA MAKARNACILIK TRİJENERASYON TESİSİ,unknown,2026-05-31 18:00:00+03:00,,0.0,chunk_0071.json,POST /v1/generation/data/dpp-bulk,2026-05-31 21:45:55.473713+00:00,3222172,OBA MAKARNACILIK TRİJENERASYON TESİSİ,103060,2026-05-31T18:00:00+03:00,18:00
40W000003222172S,OBA MAKARNACILIK TRİJENERASYON TESİSİ,unknown,2026-05-31 19:00:00+03:00,,0.0,chunk_0071.json,POST /v1/generation/data/dpp-bulk,2026-05-31 21:45:55.473713+00:00,3222172,OBA MAKARNACILIK TRİJENERASYON TESİSİ,103060,2026-05-31T19:00:00+03:00,19:00
40W000003222172S,OBA MAKARNACILIK TRİJENERASYON TESİSİ,unknown,2026-05-31 20:00:00+03:00,,0.0,chunk_0071.json,POST /v1/generation/data/dpp-bulk,2026-05-31 21:45:55.473713+00:00,3222172,OBA MAKARNACILIK TRİJENERASYON TESİSİ,103060,2026-05-31T20:00:00+03:00,20:00
40W000003222172S,OBA MAKARNACILIK TRİJENERASYON TESİSİ,unknown,2026-05-31 21:00:00+03:00,,0.0,chunk_0071.json,POST /v1/generation/data/dpp-bulk,2026-05-31 21:45:55.473713+00:00,3222172,OBA MAKARNACILIK TRİJENERASYON TESİSİ,103060,2026-05-31T21:00:00+03:00,21:00
40W000003222172S,OBA MAKARNACILIK TRİJENERASYON TESİSİ,unknown,2026-05-31 22:00:00+03:00,,0.0,chunk_0071.json,POST /v1/generation/data/dpp-bulk,2026-05-31 21:45:55.473713+00:00,3222172,OBA MAKARNACILIK TRİJENERASYON TESİSİ,103060,2026-05-31T22:00:00+03:00,22:00
40W000003222172S,OBA MAKARNACILIK TRİJENERASYON TESİSİ,unknown,2026-05-31 23:00:00+03:00,,0.0,chunk_0071.json,POST /v1/generation/data/dpp-bulk,2026-05-31 21:45:55.473713+00:00,3222172,OBA MAKARNACILIK TRİJENERASYON TESİSİ,103060,2026-05-31T23:00:00+03:00,23:00
40W000003221470P,ANKA 1 BİYOGAZ,unknown,2026-05-31 00:00:00+03:00,,1.3,chunk_0071.json,POST /v1/generation/data/dpp-bulk,2026-05-31 21:45:55.473713+00:00,3221470,ANKA 1 BİYOGAZ,103261,2026-05-31T00:00:00+03:00,00:00
40W000003221470P,ANKA 1 BİYOGAZ,unknown,2026-05-31 01:00:00+03:00,,1.3,chunk_0071.json,POST /v1/generation/data/dpp-bulk,2026-05-31 21:45:55.473713+00:00,3221470,ANKA 1 BİYOGAZ,103261,2026-05-31T01:00:00+03:00,01:00
40W000003221470P,ANKA 1 BİYOGAZ,unknown,2026-05-31 02:00:00+03:00,,1.3,chunk_0071.json,POST /v1/generation/data/dpp-bulk,2026-05-31 21:45:55.473713+00:00,3221470,ANKA 1 BİYOGAZ,103261,2026-05-31T02:00:00+03:00,02:00
40W000003221470P,ANKA 1 BİYOGAZ,unknown,2026-05-31 03:00:00+03:00,,1.3,chunk_0071.json,POST /v1/generation/data/dpp-bulk,2026-05-31 21:45:55.473713+00:00,3221470,ANKA 1 BİYOGAZ,103261,2026-05-31T03:00:00+03:00,03:00
40W000003221470P,ANKA 1 BİYOGAZ,unknown,2026-05-31 04:00:00+03:00,,1.3,chunk_0071.json,POST /v1/generation/data/dpp-bulk,2026-05-31 21:45:55.473713+00:00,3221470,ANKA 1 BİYOGAZ,103261,2026-05-31T04:00:00+03:00,04:00
40W000003221470P,ANKA 1 BİYOGAZ,unknown,2026-05-31 05:00:00+03:00,,1.3,chunk_0071.json,POST /v1/generation/data/dpp-bulk,2026-05-31 21:45:55.473713+00:00,3221470,ANKA 1 BİYOGAZ,103261,2026-05-31T05:00:00+03:00,05:00
40W000003221470P,ANKA 1 BİYOGAZ,unknown,2026-05-31 06:00:00+03:00,,1.3,chunk_0071.json,POST /v1/generation/data/dpp-bulk,2026-05-31 21:45:55.473713+00:00,3221470,ANKA 1 BİYOGAZ,103261,2026-05-31T06:00:00+03:00,06:00
40W000003221470P,ANKA 1 BİYOGAZ,unknown,2026-05-31 07:00:00+03:00,,1.3,chunk_0071.json,POST /v1/generation/data/dpp-bulk,2026-05-31 21:45:55.473713+00:00,3221470,ANKA 1 BİYOGAZ,103261,2026-05-31T07:00:00+03:00,07:00
40W000003221470P,ANKA 1 BİYOGAZ,unknown,2026-05-31 08:00:00+03:00,,1.3,chunk_0071.json,POST /v1/generation/data/dpp-bulk,2026-05-31 21:45:55.473713+00:00,3221470,ANKA 1 BİYOGAZ,103261,2026-05-31T08:00:00+03:00,08:00
40W000003221470P,ANKA 1 BİYOGAZ,unknown,2026-05-31 09:00:00+03:00,,1.3,chunk_0071.json,POST /v1/generation/data/dpp-bulk,2026-05-31 21:45:55.473713+00:00,3221470,ANKA 1 BİYOGAZ,103261,2026-05-31T09:00:00+03:00,09:00
40W000003221470P,ANKA 1 BİYOGAZ,unknown,2026-05-31 10:00:00+03:00,,1.3,chunk_0071.json,POST /v1/generation/data/dpp-bulk,2026-05-31 21:45:55.473713+00:00,3221470,ANKA 1 BİYOGAZ,103261,2026-05-31T10:00:00+03:00,10:00
40W000003221470P,ANKA 1 BİYOGAZ,unknown,2026-05-31 11:00:00+03:00,,1.3,chunk_0071.json,POST /v1/generation/data/dpp-bulk,2026-05-31 21:45:55.473713+00:00,3221470,ANKA 1 BİYOGAZ,103261,2026-05-31T11:00:00+03:00,11:00
40W000003221470P,ANKA 1 BİYOGAZ,unknown,2026-05-31 12:00:00+03:00,,1.3,chunk_0071.json,POST /v1/generation/data/dpp-bulk,2026-05-31 21:45:55.473713+00:00,3221470,ANKA 1 BİYOGAZ,103261,2026-05-31T12:00:00+03:00,12:00
40W000003221470P,ANKA 1 BİYOGAZ,unknown,2026-05-31 13:00:00+03:00,,1.3,chunk_0071.json,POST /v1/generation/data/dpp-bulk,2026-05-31 21:45:55.473713+00:00,3221470,ANKA 1 BİYOGAZ,103261,2026-05-31T13:00:00+03:00,13:00
40W000003221470P,ANKA 1 BİYOGAZ,unknown,2026-05-31 14:00:00+03:00,,1.3,chunk_0071.json,POST /v1/generation/data/dpp-bulk,2026-05-31 21:45:55.473713+00:00,3221470,ANKA 1 BİYOGAZ,103261,2026-05-31T14:00:00+03:00,14:00
40W000003221470P,ANKA 1 BİYOGAZ,unknown,2026-05-31 15:00:00+03:00,,1.3,chunk_0071.json,POST /v1/generation/data/dpp-bulk,2026-05-31 21:45:55.473713+00:00,3221470,ANKA 1 BİYOGAZ,103261,2026-05-31T15:00:00+03:00,15:00
40W000003221470P,ANKA 1 BİYOGAZ,unknown,2026-05-31 16:00:00+03:00,,1.3,chunk_0071.json,POST /v1/generation/data/dpp-bulk,2026-05-31 21:45:55.473713+00:00,3221470,ANKA 1 BİYOGAZ,103261,2026-05-31T16:00:00+03:00,16:00
40W000003221470P,ANKA 1 BİYOGAZ,unknown,2026-05-31 17:00:00+03:00,,1.3,chunk_0071.json,POST /v1/generation/data/dpp-bulk,2026-05-31 21:45:55.473713+00:00,3221470,ANKA 1 BİYOGAZ,103261,2026-05-31T17:00:00+03:00,17:00
40W000003221470P,ANKA 1 BİYOGAZ,unknown,2026-05-31 18:00:00+03:00,,1.3,chunk_0071.json,POST /v1/generation/data/dpp-bulk,2026-05-31 21:45:55.473713+00:00,3221470,ANKA 1 BİYOGAZ,103261,2026-05-31T18:00:00+03:00,18:00
40W000003221470P,ANKA 1 BİYOGAZ,unknown,2026-05-31 19:00:00+03:00,,1.3,chunk_0071.json,POST /v1/generation/data/dpp-bulk,2026-05-31 21:45:55.473713+00:00,3221470,ANKA 1 BİYOGAZ,103261,2026-05-31T19:00:00+03:00,19:00
40W000003221470P,ANKA 1 BİYOGAZ,unknown,2026-05-31 20:00:00+03:00,,1.3,chunk_0071.json,POST /v1/generation/data/dpp-bulk,2026-05-31 21:45:55.473713+00:00,3221470,ANKA 1 BİYOGAZ,103261,2026-05-31T20:00:00+03:00,20:00
40W000003221470P,ANKA 1 BİYOGAZ,unknown,2026-05-31 21:00:00+03:00,,1.3,chunk_0071.json,POST /v1/generation/data/dpp-bulk,2026-05-31 21:45:55.473713+00:00,3221470,ANKA 1 BİYOGAZ,103261,2026-05-31T21:00:00+03:00,21:00
40W000003221470P,ANKA 1 BİYOGAZ,unknown,2026-05-31 22:00:00+03:00,,1.3,chunk_0071.json,POST /v1/generation/data/dpp-bulk,2026-05-31 21:45:55.473713+00:00,3221470,ANKA 1 BİYOGAZ,103261,2026-05-31T22:00:00+03:00,22:00
40W000003221470P,ANKA 1 BİYOGAZ,unknown,2026-05-31 23:00:00+03:00,,1.3,chunk_0071.json,POST /v1/generation/data/dpp-bulk,2026-05-31 21:45:55.473713+00:00,3221470,ANKA 1 BİYOGAZ,103261,2026-05-31T23:00:00+03:00,23:00
40W000003222090U,KİRAZLIKÖPRÜ BARAJI ve HES,unknown,2026-05-31 00:00:00+03:00,,7.0,chunk_0071.json,POST /v1/generation/data/dpp-bulk,2026-05-31 21:45:55.473713+00:00,3222090,KİRAZLIKÖPRÜ BARAJI ve HES,103261,2026-05-31T00:00:00+03:00,00:00
40W000003222090U,KİRAZLIKÖPRÜ BARAJI ve HES,unknown,2026-05-31 01:00:00+03:00,,6.5,chunk_0071.json,POST /v1/generation/data/dpp-bulk,2026-05-31 21:45:55.473713+00:00,3222090,KİRAZLIKÖPRÜ BARAJI ve HES,103261,2026-05-31T01:00:00+03:00,01:00
40W000003222090U,KİRAZLIKÖPRÜ BARAJI ve HES,unknown,2026-05-31 02:00:00+03:00,,6.5,chunk_0071.json,POST /v1/generation/data/dpp-bulk,2026-05-31 21:45:55.473713+00:00,3222090,KİRAZLIKÖPRÜ BARAJI ve HES,103261,2026-05-31T02:00:00+03:00,02:00
40W000003222090U,KİRAZLIKÖPRÜ BARAJI ve HES,unknown,2026-05-31 03:00:00+03:00,,6.5,chunk_0071.json,POST /v1/generation/data/dpp-bulk,2026-05-31 21:45:55.473713+00:00,3222090,KİRAZLIKÖPRÜ BARAJI ve HES,103261,2026-05-31T03:00:00+03:00,03:00
40W000003222090U,KİRAZLIKÖPRÜ BARAJI ve HES,unknown,2026-05-31 04:00:00+03:00,,6.5,chunk_0071.json,POST /v1/generation/data/dpp-bulk,2026-05-31 21:45:55.473713+00:00,3222090,KİRAZLIKÖPRÜ BARAJI ve HES,103261,2026-05-31T04:00:00+03:00,04:00
40W000003222090U,KİRAZLIKÖPRÜ BARAJI ve HES,unknown,2026-05-31 05:00:00+03:00,,6.5,chunk_0071.json,POST /v1/generation/data/dpp-bulk,2026-05-31 21:45:55.473713+00:00,3222090,KİRAZLIKÖPRÜ BARAJI ve HES,103261,2026-05-31T05:00:00+03:00,05:00
40W000003222090U,KİRAZLIKÖPRÜ BARAJI ve HES,unknown,2026-05-31 06:00:00+03:00,,6.5,chunk_0071.json,POST /v1/generation/data/dpp-bulk,2026-05-31 21:45:55.473713+00:00,3222090,KİRAZLIKÖPRÜ BARAJI ve HES,103261,2026-05-31T06:00:00+03:00,06:00
40W000003222090U,KİRAZLIKÖPRÜ BARAJI ve HES,unknown,2026-05-31 07:00:00+03:00,,6.5,chunk_0071.json,POST /v1/generation/data/dpp-bulk,2026-05-31 21:45:55.473713+00:00,3222090,KİRAZLIKÖPRÜ BARAJI ve HES,103261,2026-05-31T07:00:00+03:00,07:00
40W000003222090U,KİRAZLIKÖPRÜ BARAJI ve HES,unknown,2026-05-31 08:00:00+03:00,,6.5,chunk_0071.json,POST /v1/generation/data/dpp-bulk,2026-05-31 21:45:55.473713+00:00,3222090,KİRAZLIKÖPRÜ BARAJI ve HES,103261,2026-05-31T08:00:00+03:00,08:00
40W000003222090U,KİRAZLIKÖPRÜ BARAJI ve HES,unknown,2026-05-31 09:00:00+03:00,,6.5,chunk_0071.json,POST /v1/generation/data/dpp-bulk,2026-05-31 21:45:55.473713+00:00,3222090,KİRAZLIKÖPRÜ BARAJI ve HES,103261,2026-05-31T09:00:00+03:00,09:00
40W000003222090U,KİRAZLIKÖPRÜ BARAJI ve HES,unknown,2026-05-31 10:00:00+03:00,,6.5,chunk_0071.json,POST /v1/generation/data/dpp-bulk,2026-05-31 21:45:55.473713+00:00,3222090,KİRAZLIKÖPRÜ BARAJI ve HES,103261,2026-05-31T10:00:00+03:00,10:00
40W000003222090U,KİRAZLIKÖPRÜ BARAJI ve HES,unknown,2026-05-31 11:00:00+03:00,,6.5,chunk_0071.json,POST /v1/generation/data/dpp-bulk,2026-05-31 21:45:55.473713+00:00,3222090,KİRAZLIKÖPRÜ BARAJI ve HES,103261,2026-05-31T11:00:00+03:00,11:00
40W000003222090U,KİRAZLIKÖPRÜ BARAJI ve HES,unknown,2026-05-31 12:00:00+03:00,,6.5,chunk_0071.json,POST /v1/generation/data/dpp-bulk,2026-05-31 21:45:55.473713+00:00,3222090,KİRAZLIKÖPRÜ BARAJI ve HES,103261,2026-05-31T12:00:00+03:00,12:00
40W000003222090U,KİRAZLIKÖPRÜ BARAJI ve HES,unknown,2026-05-31 13:00:00+03:00,,6.5,chunk_0071.json,POST /v1/generation/data/dpp-bulk,2026-05-31 21:45:55.473713+00:00,3222090,KİRAZLIKÖPRÜ BARAJI ve HES,103261,2026-05-31T13:00:00+03:00,13:00
40W000003222090U,KİRAZLIKÖPRÜ BARAJI ve HES,unknown,2026-05-31 14:00:00+03:00,,6.5,chunk_0071.json,POST /v1/generation/data/dpp-bulk,2026-05-31 21:45:55.473713+00:00,3222090,KİRAZLIKÖPRÜ BARAJI ve HES,103261,2026-05-31T14:00:00+03:00,14:00
40W000003222090U,KİRAZLIKÖPRÜ BARAJI ve HES,unknown,2026-05-31 15:00:00+03:00,,6.5,chunk_0071.json,POST /v1/generation/data/dpp-bulk,2026-05-31 21:45:55.473713+00:00,3222090,KİRAZLIKÖPRÜ BARAJI ve HES,103261,2026-05-31T15:00:00+03:00,15:00
40W000003222090U,KİRAZLIKÖPRÜ BARAJI ve HES,unknown,2026-05-31 16:00:00+03:00,,6.5,chunk_0071.json,POST /v1/generation/data/dpp-bulk,2026-05-31 21:45:55.473713+00:00,3222090,KİRAZLIKÖPRÜ BARAJI ve HES,103261,2026-05-31T16:00:00+03:00,16:00
40W000003222090U,KİRAZLIKÖPRÜ BARAJI ve HES,unknown,2026-05-31 17:00:00+03:00,,6.5,chunk_0071.json,POST /v1/generation/data/dpp-bulk,2026-05-31 21:45:55.473713+00:00,3222090,KİRAZLIKÖPRÜ BARAJI ve HES,103261,2026-05-31T17:00:00+03:00,17:00
40W000003222090U,KİRAZLIKÖPRÜ BARAJI ve HES,unknown,2026-05-31 18:00:00+03:00,,6.5,chunk_0071.json,POST /v1/generation/data/dpp-bulk,2026-05-31 21:45:55.473713+00:00,3222090,KİRAZLIKÖPRÜ BARAJI ve HES,103261,2026-05-31T18:00:00+03:00,18:00
40W000003222090U,KİRAZLIKÖPRÜ BARAJI ve HES,unknown,2026-05-31 19:00:00+03:00,,6.5,chunk_0071.json,POST /v1/generation/data/dpp-bulk,2026-05-31 21:45:55.473713+00:00,3222090,KİRAZLIKÖPRÜ BARAJI ve HES,103261,2026-05-31T19:00:00+03:00,19:00
40W000003222090U,KİRAZLIKÖPRÜ BARAJI ve HES,unknown,2026-05-31 20:00:00+03:00,,6.5,chunk_0071.json,POST /v1/generation/data/dpp-bulk,2026-05-31 21:45:55.473713+00:00,3222090,KİRAZLIKÖPRÜ BARAJI ve HES,103261,2026-05-31T20:00:00+03:00,20:00
40W000003222090U,KİRAZLIKÖPRÜ BARAJI ve HES,unknown,2026-05-31 21:00:00+03:00,,7.0,chunk_0071.json,POST /v1/generation/data/dpp-bulk,2026-05-31 21:45:55.473713+00:00,3222090,KİRAZLIKÖPRÜ BARAJI ve HES,103261,2026-05-31T21:00:00+03:00,21:00
40W000003222090U,KİRAZLIKÖPRÜ BARAJI ve HES,unknown,2026-05-31 22:00:00+03:00,,7.0,chunk_0071.json,POST /v1/generation/data/dpp-bulk,2026-05-31 21:45:55.473713+00:00,3222090,KİRAZLIKÖPRÜ BARAJI ve HES,103261,2026-05-31T22:00:00+03:00,22:00
40W000003222090U,KİRAZLIKÖPRÜ BARAJI ve HES,unknown,2026-05-31 23:00:00+03:00,,7.0,chunk_0071.json,POST /v1/generation/data/dpp-bulk,2026-05-31 21:45:55.473713+00:00,3222090,KİRAZLIKÖPRÜ BARAJI ve HES,103261,2026-05-31T23:00:00+03:00,23:00
40W000003222270S,EMRES RES,unknown,2026-05-31 00:00:00+03:00,,0.02,chunk_0071.json,POST /v1/generation/data/dpp-bulk,2026-05-31 21:45:55.473713+00:00,3222270,EMRES RES,103261,2026-05-31T00:00:00+03:00,00:00
40W000003222270S,EMRES RES,unknown,2026-05-31 01:00:00+03:00,,0.02,chunk_0071.json,POST /v1/generation/data/dpp-bulk,2026-05-31 21:45:55.473713+00:00,3222270,EMRES RES,103261,2026-05-31T01:00:00+03:00,01:00
40W000003222270S,EMRES RES,unknown,2026-05-31 02:00:00+03:00,,0.02,chunk_0071.json,POST /v1/generation/data/dpp-bulk,2026-05-31 21:45:55.473713+00:00,3222270,EMRES RES,103261,2026-05-31T02:00:00+03:00,02:00
40W000003222270S,EMRES RES,unknown,2026-05-31 03:00:00+03:00,,0.02,chunk_0071.json,POST /v1/generation/data/dpp-bulk,2026-05-31 21:45:55.473713+00:00,3222270,EMRES RES,103261,2026-05-31T03:00:00+03:00,03:00
40W000003222270S,EMRES RES,unknown,2026-05-31 04:00:00+03:00,,0.03,chunk_0071.json,POST /v1/generation/data/dpp-bulk,2026-05-31 21:45:55.473713+00:00,3222270,EMRES RES,103261,2026-05-31T04:00:00+03:00,04:00
40W000003222270S,EMRES RES,unknown,2026-05-31 05:00:00+03:00,,0.03,chunk_0071.json,POST /v1/generation/data/dpp-bulk,2026-05-31 21:45:55.473713+00:00,3222270,EMRES RES,103261,2026-05-31T05:00:00+03:00,05:00
40W000003222270S,EMRES RES,unknown,2026-05-31 06:00:00+03:00,,0.04,chunk_0071.json,POST /v1/generation/data/dpp-bulk,2026-05-31 21:45:55.473713+00:00,3222270,EMRES RES,103261,2026-05-31T06:00:00+03:00,06:00
40W000003222270S,EMRES RES,unknown,2026-05-31 07:00:00+03:00,,0.03,chunk_0071.json,POST /v1/generation/data/dpp-bulk,2026-05-31 21:45:55.473713+00:00,3222270,EMRES RES,103261,2026-05-31T07:00:00+03:00,07:00
40W000003222270S,EMRES RES,unknown,2026-05-31 08:00:00+03:00,,0.02,chunk_0071.json,POST /v1/generation/data/dpp-bulk,2026-05-31 21:45:55.473713+00:00,3222270,EMRES RES,103261,2026-05-31T08:00:00+03:00,08:00
40W000003222270S,EMRES RES,unknown,2026-05-31 09:00:00+03:00,,0.01,chunk_0071.json,POST /v1/generation/data/dpp-bulk,2026-05-31 21:45:55.473713+00:00,3222270,EMRES RES,103261,2026-05-31T09:00:00+03:00,09:00
40W000003222270S,EMRES RES,unknown,2026-05-31 10:00:00+03:00,,0.01,chunk_0071.json,POST /v1/generation/data/dpp-bulk,2026-05-31 21:45:55.473713+00:00,3222270,EMRES RES,103261,2026-05-31T10:00:00+03:00,10:00
40W000003222270S,EMRES RES,unknown,2026-05-31 11:00:00+03:00,,0.01,chunk_0071.json,POST /v1/generation/data/dpp-bulk,2026-05-31 21:45:55.473713+00:00,3222270,EMRES RES,103261,2026-05-31T11:00:00+03:00,11:00
40W000003222270S,EMRES RES,unknown,2026-05-31 12:00:00+03:00,,0.01,chunk_0071.json,POST /v1/generation/data/dpp-bulk,2026-05-31 21:45:55.473713+00:00,3222270,EMRES RES,103261,2026-05-31T12:00:00+03:00,12:00
40W000003222270S,EMRES RES,unknown,2026-05-31 13:00:00+03:00,,0.02,chunk_0071.json,POST /v1/generation/data/dpp-bulk,2026-05-31 21:45:55.473713+00:00,3222270,EMRES RES,103261,2026-05-31T13:00:00+03:00,13:00
40W000003222270S,EMRES RES,unknown,2026-05-31 14:00:00+03:00,,0.04,chunk_0071.json,POST /v1/generation/data/dpp-bulk,2026-05-31 21:45:55.473713+00:00,3222270,EMRES RES,103261,2026-05-31T14:00:00+03:00,14:00
40W000003222270S,EMRES RES,unknown,2026-05-31 15:00:00+03:00,,0.07,chunk_0071.json,POST /v1/generation/data/dpp-bulk,2026-05-31 21:45:55.473713+00:00,3222270,EMRES RES,103261,2026-05-31T15:00:00+03:00,15:00
40W000003222270S,EMRES RES,unknown,2026-05-31 16:00:00+03:00,,0.08,chunk_0071.json,POST /v1/generation/data/dpp-bulk,2026-05-31 21:45:55.473713+00:00,3222270,EMRES RES,103261,2026-05-31T16:00:00+03:00,16:00
40W000003222270S,EMRES RES,unknown,2026-05-31 17:00:00+03:00,,0.08,chunk_0071.json,POST /v1/generation/data/dpp-bulk,2026-05-31 21:45:55.473713+00:00,3222270,EMRES RES,103261,2026-05-31T17:00:00+03:00,17:00
40W000003222270S,EMRES RES,unknown,2026-05-31 18:00:00+03:00,,0.06,chunk_0071.json,POST /v1/generation/data/dpp-bulk,2026-05-31 21:45:55.473713+00:00,3222270,EMRES RES,103261,2026-05-31T18:00:00+03:00,18:00
40W000003222270S,EMRES RES,unknown,2026-05-31 19:00:00+03:00,,0.04,chunk_0071.json,POST /v1/generation/data/dpp-bulk,2026-05-31 21:45:55.473713+00:00,3222270,EMRES RES,103261,2026-05-31T19:00:00+03:00,19:00
40W000003222270S,EMRES RES,unknown,2026-05-31 20:00:00+03:00,,0.03,chunk_0071.json,POST /v1/generation/data/dpp-bulk,2026-05-31 21:45:55.473713+00:00,3222270,EMRES RES,103261,2026-05-31T20:00:00+03:00,20:00
40W000003222270S,EMRES RES,unknown,2026-05-31 21:00:00+03:00,,0.03,chunk_0071.json,POST /v1/generation/data/dpp-bulk,2026-05-31 21:45:55.473713+00:00,3222270,EMRES RES,103261,2026-05-31T21:00:00+03:00,21:00
40W000003222270S,EMRES RES,unknown,2026-05-31 22:00:00+03:00,,0.04,chunk_0071.json,POST /v1/generation/data/dpp-bulk,2026-05-31 21:45:55.473713+00:00,3222270,EMRES RES,103261,2026-05-31T22:00:00+03:00,22:00
40W000003222270S,EMRES RES,unknown,2026-05-31 23:00:00+03:00,,0.05,chunk_0071.json,POST /v1/generation/data/dpp-bulk,2026-05-31 21:45:55.473713+00:00,3222270,EMRES RES,103261,2026-05-31T23:00:00+03:00,23:00
40W000003221393H,SİLOPİ GES,unknown,2026-05-31 00:00:00+03:00,,0.0,chunk_0071.json,POST /v1/generation/data/dpp-bulk,2026-05-31 21:45:55.473713+00:00,3221393,SİLOPİ GES,103420,2026-05-31T00:00:00+03:00,00:00
40W000003221393H,SİLOPİ GES,unknown,2026-05-31 01:00:00+03:00,,0.0,chunk_0071.json,POST /v1/generation/data/dpp-bulk,2026-05-31 21:45:55.473713+00:00,3221393,SİLOPİ GES,103420,2026-05-31T01:00:00+03:00,01:00
40W000003221393H,SİLOPİ GES,unknown,2026-05-31 02:00:00+03:00,,0.0,chunk_0071.json,POST /v1/generation/data/dpp-bulk,2026-05-31 21:45:55.473713+00:00,3221393,SİLOPİ GES,103420,2026-05-31T02:00:00+03:00,02:00
40W000003221393H,SİLOPİ GES,unknown,2026-05-31 03:00:00+03:00,,0.0,chunk_0071.json,POST /v1/generation/data/dpp-bulk,2026-05-31 21:45:55.473713+00:00,3221393,SİLOPİ GES,103420,2026-05-31T03:00:00+03:00,03:00
40W000003221393H,SİLOPİ GES,unknown,2026-05-31 04:00:00+03:00,,0.0,chunk_0071.json,POST /v1/generation/data/dpp-bulk,2026-05-31 21:45:55.473713+00:00,3221393,SİLOPİ GES,103420,2026-05-31T04:00:00+03:00,04:00
40W000003221393H,SİLOPİ GES,unknown,2026-05-31 05:00:00+03:00,,0.0,chunk_0071.json,POST /v1/generation/data/dpp-bulk,2026-05-31 21:45:55.473713+00:00,3221393,SİLOPİ GES,103420,2026-05-31T05:00:00+03:00,05:00
40W000003221393H,SİLOPİ GES,unknown,2026-05-31 06:00:00+03:00,,0.8,chunk_0071.json,POST /v1/generation/data/dpp-bulk,2026-05-31 21:45:55.473713+00:00,3221393,SİLOPİ GES,103420,2026-05-31T06:00:00+03:00,06:00
40W000003221393H,SİLOPİ GES,unknown,2026-05-31 07:00:00+03:00,,3.0,chunk_0071.json,POST /v1/generation/data/dpp-bulk,2026-05-31 21:45:55.473713+00:00,3221393,SİLOPİ GES,103420,2026-05-31T07:00:00+03:00,07:00
40W000003221393H,SİLOPİ GES,unknown,2026-05-31 08:00:00+03:00,,4.8,chunk_0071.json,POST /v1/generation/data/dpp-bulk,2026-05-31 21:45:55.473713+00:00,3221393,SİLOPİ GES,103420,2026-05-31T08:00:00+03:00,08:00
40W000003221393H,SİLOPİ GES,unknown,2026-05-31 09:00:00+03:00,,6.0,chunk_0071.json,POST /v1/generation/data/dpp-bulk,2026-05-31 21:45:55.473713+00:00,3221393,SİLOPİ GES,103420,2026-05-31T09:00:00+03:00,09:00
40W000003221393H,SİLOPİ GES,unknown,2026-05-31 10:00:00+03:00,,6.8,chunk_0071.json,POST /v1/generation/data/dpp-bulk,2026-05-31 21:45:55.473713+00:00,3221393,SİLOPİ GES,103420,2026-05-31T10:00:00+03:00,10:00
40W000003221393H,SİLOPİ GES,unknown,2026-05-31 11:00:00+03:00,,6.8,chunk_0071.json,POST /v1/generation/data/dpp-bulk,2026-05-31 21:45:55.473713+00:00,3221393,SİLOPİ GES,103420,2026-05-31T11:00:00+03:00,11:00
40W000003221393H,SİLOPİ GES,unknown,2026-05-31 12:00:00+03:00,,6.8,chunk_0071.json,POST /v1/generation/data/dpp-bulk,2026-05-31 21:45:55.473713+00:00,3221393,SİLOPİ GES,103420,2026-05-31T12:00:00+03:00,12:00
40W000003221393H,SİLOPİ GES,unknown,2026-05-31 13:00:00+03:00,,6.8,chunk_0071.json,POST /v1/generation/data/dpp-bulk,2026-05-31 21:45:55.473713+00:00,3221393,SİLOPİ GES,103420,2026-05-31T13:00:00+03:00,13:00
40W000003221393H,SİLOPİ GES,unknown,2026-05-31 14:00:00+03:00,,6.1,chunk_0071.json,POST /v1/generation/data/dpp-bulk,2026-05-31 21:45:55.473713+00:00,3221393,SİLOPİ GES,103420,2026-05-31T14:00:00+03:00,14:00
40W000003221393H,SİLOPİ GES,unknown,2026-05-31 15:00:00+03:00,,4.6,chunk_0071.json,POST /v1/generation/data/dpp-bulk,2026-05-31 21:45:55.473713+00:00,3221393,SİLOPİ GES,103420,2026-05-31T15:00:00+03:00,15:00
40W000003221393H,SİLOPİ GES,unknown,2026-05-31 16:00:00+03:00,,3.4,chunk_0071.json,POST /v1/generation/data/dpp-bulk,2026-05-31 21:45:55.473713+00:00,3221393,SİLOPİ GES,103420,2026-05-31T16:00:00+03:00,16:00
40W000003221393H,SİLOPİ GES,unknown,2026-05-31 17:00:00+03:00,,1.8,chunk_0071.json,POST /v1/generation/data/dpp-bulk,2026-05-31 21:45:55.473713+00:00,3221393,SİLOPİ GES,103420,2026-05-31T17:00:00+03:00,17:00
40W000003221393H,SİLOPİ GES,unknown,2026-05-31 18:00:00+03:00,,0.3,chunk_0071.json,POST /v1/generation/data/dpp-bulk,2026-05-31 21:45:55.473713+00:00,3221393,SİLOPİ GES,103420,2026-05-31T18:00:00+03:00,18:00
40W000003221393H,SİLOPİ GES,unknown,2026-05-31 19:00:00+03:00,,0.0,chunk_0071.json,POST /v1/generation/data/dpp-bulk,2026-05-31 21:45:55.473713+00:00,3221393,SİLOPİ GES,103420,2026-05-31T19:00:00+03:00,19:00
40W000003221393H,SİLOPİ GES,unknown,2026-05-31 20:00:00+03:00,,0.0,chunk_0071.json,POST /v1/generation/data/dpp-bulk,2026-05-31 21:45:55.473713+00:00,3221393,SİLOPİ GES,103420,2026-05-31T20:00:00+03:00,20:00
40W000003221393H,SİLOPİ GES,unknown,2026-05-31 21:00:00+03:00,,0.0,chunk_0071.json,POST /v1/generation/data/dpp-bulk,2026-05-31 21:45:55.473713+00:00,3221393,SİLOPİ GES,103420,2026-05-31T21:00:00+03:00,21:00
40W000003221393H,SİLOPİ GES,unknown,2026-05-31 22:00:00+03:00,,0.0,chunk_0071.json,POST /v1/generation/data/dpp-bulk,2026-05-31 21:45:55.473713+00:00,3221393,SİLOPİ GES,103420,2026-05-31T22:00:00+03:00,22:00
40W000003221393H,SİLOPİ GES,unknown,2026-05-31 23:00:00+03:00,,0.0,chunk_0071.json,POST /v1/generation/data/dpp-bulk,2026-05-31 21:45:55.473713+00:00,3221393,SİLOPİ GES,103420,2026-05-31T23:00:00+03:00,23:00
40W0000032221501,ALINYAYLA REGÜLATÖRÜ VE HES,unknown,2026-05-31 00:00:00+03:00,,8.0,chunk_0071.json,POST /v1/generation/data/dpp-bulk,2026-05-31 21:45:55.473713+00:00,3222150,ALINYAYLA REGÜLATÖRÜ VE HES,103420,2026-05-31T00:00:00+03:00,00:00
40W0000032221501,ALINYAYLA REGÜLATÖRÜ VE HES,unknown,2026-05-31 01:00:00+03:00,,8.0,chunk_0071.json,POST /v1/generation/data/dpp-bulk,2026-05-31 21:45:55.473713+00:00,3222150,ALINYAYLA REGÜLATÖRÜ VE HES,103420,2026-05-31T01:00:00+03:00,01:00
40W0000032221501,ALINYAYLA REGÜLATÖRÜ VE HES,unknown,2026-05-31 02:00:00+03:00,,8.0,chunk_0071.json,POST /v1/generation/data/dpp-bulk,2026-05-31 21:45:55.473713+00:00,3222150,ALINYAYLA REGÜLATÖRÜ VE HES,103420,2026-05-31T02:00:00+03:00,02:00
40W0000032221501,ALINYAYLA REGÜLATÖRÜ VE HES,unknown,2026-05-31 03:00:00+03:00,,8.0,chunk_0071.json,POST /v1/generation/data/dpp-bulk,2026-05-31 21:45:55.473713+00:00,3222150,ALINYAYLA REGÜLATÖRÜ VE HES,103420,2026-05-31T03:00:00+03:00,03:00
40W0000032221501,ALINYAYLA REGÜLATÖRÜ VE HES,unknown,2026-05-31 04:00:00+03:00,,8.0,chunk_0071.json,POST /v1/generation/data/dpp-bulk,2026-05-31 21:45:55.473713+00:00,3222150,ALINYAYLA REGÜLATÖRÜ VE HES,103420,2026-05-31T04:00:00+03:00,04:00
40W0000032221501,ALINYAYLA REGÜLATÖRÜ VE HES,unknown,2026-05-31 05:00:00+03:00,,8.0,chunk_0071.json,POST /v1/generation/data/dpp-bulk,2026-05-31 21:45:55.473713+00:00,3222150,ALINYAYLA REGÜLATÖRÜ VE HES,103420,2026-05-31T05:00:00+03:00,05:00
40W0000032221501,ALINYAYLA REGÜLATÖRÜ VE HES,unknown,2026-05-31 06:00:00+03:00,,8.0,chunk_0071.json,POST /v1/generation/data/dpp-bulk,2026-05-31 21:45:55.473713+00:00,3222150,ALINYAYLA REGÜLATÖRÜ VE HES,103420,2026-05-31T06:00:00+03:00,06:00
40W0000032221501,ALINYAYLA REGÜLATÖRÜ VE HES,unknown,2026-05-31 07:00:00+03:00,,8.0,chunk_0071.json,POST /v1/generation/data/dpp-bulk,2026-05-31 21:45:55.473713+00:00,3222150,ALINYAYLA REGÜLATÖRÜ VE HES,103420,2026-05-31T07:00:00+03:00,07:00
40W0000032221501,ALINYAYLA REGÜLATÖRÜ VE HES,unknown,2026-05-31 08:00:00+03:00,,8.0,chunk_0071.json,POST /v1/generation/data/dpp-bulk,2026-05-31 21:45:55.473713+00:00,3222150,ALINYAYLA REGÜLATÖRÜ VE HES,103420,2026-05-31T08:00:00+03:00,08:00
40W0000032221501,ALINYAYLA REGÜLATÖRÜ VE HES,unknown,2026-05-31 09:00:00+03:00,,8.0,chunk_0071.json,POST /v1/generation/data/dpp-bulk,2026-05-31 21:45:55.473713+00:00,3222150,ALINYAYLA REGÜLATÖRÜ VE HES,103420,2026-05-31T09:00:00+03:00,09:00
40W0000032221501,ALINYAYLA REGÜLATÖRÜ VE HES,unknown,2026-05-31 10:00:00+03:00,,8.0,chunk_0071.json,POST /v1/generation/data/dpp-bulk,2026-05-31 21:45:55.473713+00:00,3222150,ALINYAYLA REGÜLATÖRÜ VE HES,103420,2026-05-31T10:00:00+03:00,10:00
40W0000032221501,ALINYAYLA REGÜLATÖRÜ VE HES,unknown,2026-05-31 11:00:00+03:00,,8.0,chunk_0071.json,POST /v1/generation/data/dpp-bulk,2026-05-31 21:45:55.473713+00:00,3222150,ALINYAYLA REGÜLATÖRÜ VE HES,103420,2026-05-31T11:00:00+03:00,11:00
40W0000032221501,ALINYAYLA REGÜLATÖRÜ VE HES,unknown,2026-05-31 12:00:00+03:00,,8.0,chunk_0071.json,POST /v1/generation/data/dpp-bulk,2026-05-31 21:45:55.473713+00:00,3222150,ALINYAYLA REGÜLATÖRÜ VE HES,103420,2026-05-31T12:00:00+03:00,12:00
40W0000032221501,ALINYAYLA REGÜLATÖRÜ VE HES,unknown,2026-05-31 13:00:00+03:00,,8.0,chunk_0071.json,POST /v1/generation/data/dpp-bulk,2026-05-31 21:45:55.473713+00:00,3222150,ALINYAYLA REGÜLATÖRÜ VE HES,103420,2026-05-31T13:00:00+03:00,13:00
40W0000032221501,ALINYAYLA REGÜLATÖRÜ VE HES,unknown,2026-05-31 14:00:00+03:00,,8.0,chunk_0071.json,POST /v1/generation/data/dpp-bulk,2026-05-31 21:45:55.473713+00:00,3222150,ALINYAYLA REGÜLATÖRÜ VE HES,103420,2026-05-31T14:00:00+03:00,14:00
40W0000032221501,ALINYAYLA REGÜLATÖRÜ VE HES,unknown,2026-05-31 15:00:00+03:00,,8.0,chunk_0071.json,POST /v1/generation/data/dpp-bulk,2026-05-31 21:45:55.473713+00:00,3222150,ALINYAYLA REGÜLATÖRÜ VE HES,103420,2026-05-31T15:00:00+03:00,15:00
40W0000032221501,ALINYAYLA REGÜLATÖRÜ VE HES,unknown,2026-05-31 16:00:00+03:00,,8.0,chunk_0071.json,POST /v1/generation/data/dpp-bulk,2026-05-31 21:45:55.473713+00:00,3222150,ALINYAYLA REGÜLATÖRÜ VE HES,103420,2026-05-31T16:00:00+03:00,16:00
40W0000032221501,ALINYAYLA REGÜLATÖRÜ VE HES,unknown,2026-05-31 17:00:00+03:00,,8.0,chunk_0071.json,POST /v1/generation/data/dpp-bulk,2026-05-31 21:45:55.473713+00:00,3222150,ALINYAYLA REGÜLATÖRÜ VE HES,103420,2026-05-31T17:00:00+03:00,17:00
40W0000032221501,ALINYAYLA REGÜLATÖRÜ VE HES,unknown,2026-05-31 18:00:00+03:00,,8.0,chunk_0071.json,POST /v1/generation/data/dpp-bulk,2026-05-31 21:45:55.473713+00:00,3222150,ALINYAYLA REGÜLATÖRÜ VE HES,103420,2026-05-31T18:00:00+03:00,18:00
40W0000032221501,ALINYAYLA REGÜLATÖRÜ VE HES,unknown,2026-05-31 19:00:00+03:00,,8.0,chunk_0071.json,POST /v1/generation/data/dpp-bulk,2026-05-31 21:45:55.473713+00:00,3222150,ALINYAYLA REGÜLATÖRÜ VE HES,103420,2026-05-31T19:00:00+03:00,19:00
40W0000032221501,ALINYAYLA REGÜLATÖRÜ VE HES,unknown,2026-05-31 20:00:00+03:00,,8.0,chunk_0071.json,POST /v1/generation/data/dpp-bulk,2026-05-31 21:45:55.473713+00:00,3222150,ALINYAYLA REGÜLATÖRÜ VE HES,103420,2026-05-31T20:00:00+03:00,20:00
40W0000032221501,ALINYAYLA REGÜLATÖRÜ VE HES,unknown,2026-05-31 21:00:00+03:00,,8.0,chunk_0071.json,POST /v1/generation/data/dpp-bulk,2026-05-31 21:45:55.473713+00:00,3222150,ALINYAYLA REGÜLATÖRÜ VE HES,103420,2026-05-31T21:00:00+03:00,21:00
40W0000032221501,ALINYAYLA REGÜLATÖRÜ VE HES,unknown,2026-05-31 22:00:00+03:00,,8.0,chunk_0071.json,POST /v1/generation/data/dpp-bulk,2026-05-31 21:45:55.473713+00:00,3222150,ALINYAYLA REGÜLATÖRÜ VE HES,103420,2026-05-31T22:00:00+03:00,22:00
40W0000032221501,ALINYAYLA REGÜLATÖRÜ VE HES,unknown,2026-05-31 23:00:00+03:00,,8.0,chunk_0071.json,POST /v1/generation/data/dpp-bulk,2026-05-31 21:45:55.473713+00:00,3222150,ALINYAYLA REGÜLATÖRÜ VE HES,103420,2026-05-31T23:00:00+03:00,23:00
40W000003220970A,GİRLEVİK II MERCAN HES,unknown,2026-05-31 00:00:00+03:00,,7.3,chunk_0071.json,POST /v1/generation/data/dpp-bulk,2026-05-31 21:45:55.473713+00:00,3220970,GİRLEVİK II MERCAN HES,103820,2026-05-31T00:00:00+03:00,00:00
40W000003220970A,GİRLEVİK II MERCAN HES,unknown,2026-05-31 01:00:00+03:00,,7.3,chunk_0071.json,POST /v1/generation/data/dpp-bulk,2026-05-31 21:45:55.473713+00:00,3220970,GİRLEVİK II MERCAN HES,103820,2026-05-31T01:00:00+03:00,01:00
40W000003220970A,GİRLEVİK II MERCAN HES,unknown,2026-05-31 02:00:00+03:00,,7.3,chunk_0071.json,POST /v1/generation/data/dpp-bulk,2026-05-31 21:45:55.473713+00:00,3220970,GİRLEVİK II MERCAN HES,103820,2026-05-31T02:00:00+03:00,02:00
40W000003220970A,GİRLEVİK II MERCAN HES,unknown,2026-05-31 03:00:00+03:00,,0.0,chunk_0071.json,POST /v1/generation/data/dpp-bulk,2026-05-31 21:45:55.473713+00:00,3220970,GİRLEVİK II MERCAN HES,103820,2026-05-31T03:00:00+03:00,03:00
40W000003220970A,GİRLEVİK II MERCAN HES,unknown,2026-05-31 04:00:00+03:00,,0.0,chunk_0071.json,POST /v1/generation/data/dpp-bulk,2026-05-31 21:45:55.473713+00:00,3220970,GİRLEVİK II MERCAN HES,103820,2026-05-31T04:00:00+03:00,04:00
40W000003220970A,GİRLEVİK II MERCAN HES,unknown,2026-05-31 05:00:00+03:00,,0.0,chunk_0071.json,POST /v1/generation/data/dpp-bulk,2026-05-31 21:45:55.473713+00:00,3220970,GİRLEVİK II MERCAN HES,103820,2026-05-31T05:00:00+03:00,05:00
40W000003220970A,GİRLEVİK II MERCAN HES,unknown,2026-05-31 06:00:00+03:00,,0.0,chunk_0071.json,POST /v1/generation/data/dpp-bulk,2026-05-31 21:45:55.473713+00:00,3220970,GİRLEVİK II MERCAN HES,103820,2026-05-31T06:00:00+03:00,06:00
40W000003220970A,GİRLEVİK II MERCAN HES,unknown,2026-05-31 07:00:00+03:00,,0.0,chunk_0071.json,POST /v1/generation/data/dpp-bulk,2026-05-31 21:45:55.473713+00:00,3220970,GİRLEVİK II MERCAN HES,103820,2026-05-31T07:00:00+03:00,07:00
40W000003220970A,GİRLEVİK II MERCAN HES,unknown,2026-05-31 08:00:00+03:00,,0.0,chunk_0071.json,POST /v1/generation/data/dpp-bulk,2026-05-31 21:45:55.473713+00:00,3220970,GİRLEVİK II MERCAN HES,103820,2026-05-31T08:00:00+03:00,08:00
40W000003220970A,GİRLEVİK II MERCAN HES,unknown,2026-05-31 09:00:00+03:00,,0.0,chunk_0071.json,POST /v1/generation/data/dpp-bulk,2026-05-31 21:45:55.473713+00:00,3220970,GİRLEVİK II MERCAN HES,103820,2026-05-31T09:00:00+03:00,09:00
40W000003220970A,GİRLEVİK II MERCAN HES,unknown,2026-05-31 10:00:00+03:00,,0.0,chunk_0071.json,POST /v1/generation/data/dpp-bulk,2026-05-31 21:45:55.473713+00:00,3220970,GİRLEVİK II MERCAN HES,103820,2026-05-31T10:00:00+03:00,10:00
40W000003220970A,GİRLEVİK II MERCAN HES,unknown,2026-05-31 11:00:00+03:00,,0.0,chunk_0071.json,POST /v1/generation/data/dpp-bulk,2026-05-31 21:45:55.473713+00:00,3220970,GİRLEVİK II MERCAN HES,103820,2026-05-31T11:00:00+03:00,11:00
40W000003220970A,GİRLEVİK II MERCAN HES,unknown,2026-05-31 12:00:00+03:00,,0.0,chunk_0071.json,POST /v1/generation/data/dpp-bulk,2026-05-31 21:45:55.473713+00:00,3220970,GİRLEVİK II MERCAN HES,103820,2026-05-31T12:00:00+03:00,12:00
40W000003220970A,GİRLEVİK II MERCAN HES,unknown,2026-05-31 13:00:00+03:00,,0.0,chunk_0071.json,POST /v1/generation/data/dpp-bulk,2026-05-31 21:45:55.473713+00:00,3220970,GİRLEVİK II MERCAN HES,103820,2026-05-31T13:00:00+03:00,13:00
40W000003220970A,GİRLEVİK II MERCAN HES,unknown,2026-05-31 14:00:00+03:00,,0.0,chunk_0071.json,POST /v1/generation/data/dpp-bulk,2026-05-31 21:45:55.473713+00:00,3220970,GİRLEVİK II MERCAN HES,103820,2026-05-31T14:00:00+03:00,14:00
40W000003220970A,GİRLEVİK II MERCAN HES,unknown,2026-05-31 15:00:00+03:00,,0.0,chunk_0071.json,POST /v1/generation/data/dpp-bulk,2026-05-31 21:45:55.473713+00:00,3220970,GİRLEVİK II MERCAN HES,103820,2026-05-31T15:00:00+03:00,15:00
40W000003220970A,GİRLEVİK II MERCAN HES,unknown,2026-05-31 16:00:00+03:00,,0.0,chunk_0071.json,POST /v1/generation/data/dpp-bulk,2026-05-31 21:45:55.473713+00:00,3220970,GİRLEVİK II MERCAN HES,103820,2026-05-31T16:00:00+03:00,16:00
40W000003220970A,GİRLEVİK II MERCAN HES,unknown,2026-05-31 17:00:00+03:00,,0.0,chunk_0071.json,POST /v1/generation/data/dpp-bulk,2026-05-31 21:45:55.473713+00:00,3220970,GİRLEVİK II MERCAN HES,103820,2026-05-31T17:00:00+03:00,17:00
40W000003220970A,GİRLEVİK II MERCAN HES,unknown,2026-05-31 18:00:00+03:00,,0.0,chunk_0071.json,POST /v1/generation/data/dpp-bulk,2026-05-31 21:45:55.473713+00:00,3220970,GİRLEVİK II MERCAN HES,103820,2026-05-31T18:00:00+03:00,18:00
40W000003220970A,GİRLEVİK II MERCAN HES,unknown,2026-05-31 19:00:00+03:00,,7.3,chunk_0071.json,POST /v1/generation/data/dpp-bulk,2026-05-31 21:45:55.473713+00:00,3220970,GİRLEVİK II MERCAN HES,103820,2026-05-31T19:00:00+03:00,19:00
40W000003220970A,GİRLEVİK II MERCAN HES,unknown,2026-05-31 20:00:00+03:00,,8.0,chunk_0071.json,POST /v1/generation/data/dpp-bulk,2026-05-31 21:45:55.473713+00:00,3220970,GİRLEVİK II MERCAN HES,103820,2026-05-31T20:00:00+03:00,20:00
40W000003220970A,GİRLEVİK II MERCAN HES,unknown,2026-05-31 21:00:00+03:00,,8.0,chunk_0071.json,POST /v1/generation/data/dpp-bulk,2026-05-31 21:45:55.473713+00:00,3220970,GİRLEVİK II MERCAN HES,103820,2026-05-31T21:00:00+03:00,21:00
40W000003220970A,GİRLEVİK II MERCAN HES,unknown,2026-05-31 22:00:00+03:00,,8.0,chunk_0071.json,POST /v1/generation/data/dpp-bulk,2026-05-31 21:45:55.473713+00:00,3220970,GİRLEVİK II MERCAN HES,103820,2026-05-31T22:00:00+03:00,22:00
40W000003220970A,GİRLEVİK II MERCAN HES,unknown,2026-05-31 23:00:00+03:00,,7.3,chunk_0071.json,POST /v1/generation/data/dpp-bulk,2026-05-31 21:45:55.473713+00:00,3220970,GİRLEVİK II MERCAN HES,103820,2026-05-31T23:00:00+03:00,23:00
40W000003221110I,GANA REG. ve HES,unknown,2026-05-31 00:00:00+03:00,,3.7,chunk_0071.json,POST /v1/generation/data/dpp-bulk,2026-05-31 21:45:55.473713+00:00,3221110,GANA REG. ve HES,104381,2026-05-31T00:00:00+03:00,00:00
40W000003221110I,GANA REG. ve HES,unknown,2026-05-31 01:00:00+03:00,,3.7,chunk_0071.json,POST /v1/generation/data/dpp-bulk,2026-05-31 21:45:55.473713+00:00,3221110,GANA REG. ve HES,104381,2026-05-31T01:00:00+03:00,01:00
40W000003221110I,GANA REG. ve HES,unknown,2026-05-31 02:00:00+03:00,,3.7,chunk_0071.json,POST /v1/generation/data/dpp-bulk,2026-05-31 21:45:55.473713+00:00,3221110,GANA REG. ve HES,104381,2026-05-31T02:00:00+03:00,02:00
40W000003221110I,GANA REG. ve HES,unknown,2026-05-31 03:00:00+03:00,,3.7,chunk_0071.json,POST /v1/generation/data/dpp-bulk,2026-05-31 21:45:55.473713+00:00,3221110,GANA REG. ve HES,104381,2026-05-31T03:00:00+03:00,03:00
40W000003221110I,GANA REG. ve HES,unknown,2026-05-31 04:00:00+03:00,,3.7,chunk_0071.json,POST /v1/generation/data/dpp-bulk,2026-05-31 21:45:55.473713+00:00,3221110,GANA REG. ve HES,104381,2026-05-31T04:00:00+03:00,04:00
40W000003221110I,GANA REG. ve HES,unknown,2026-05-31 05:00:00+03:00,,3.7,chunk_0071.json,POST /v1/generation/data/dpp-bulk,2026-05-31 21:45:55.473713+00:00,3221110,GANA REG. ve HES,104381,2026-05-31T05:00:00+03:00,05:00
40W000003221110I,GANA REG. ve HES,unknown,2026-05-31 06:00:00+03:00,,3.7,chunk_0071.json,POST /v1/generation/data/dpp-bulk,2026-05-31 21:45:55.473713+00:00,3221110,GANA REG. ve HES,104381,2026-05-31T06:00:00+03:00,06:00
40W000003221110I,GANA REG. ve HES,unknown,2026-05-31 07:00:00+03:00,,3.7,chunk_0071.json,POST /v1/generation/data/dpp-bulk,2026-05-31 21:45:55.473713+00:00,3221110,GANA REG. ve HES,104381,2026-05-31T07:00:00+03:00,07:00
40W000003221110I,GANA REG. ve HES,unknown,2026-05-31 08:00:00+03:00,,3.7,chunk_0071.json,POST /v1/generation/data/dpp-bulk,2026-05-31 21:45:55.473713+00:00,3221110,GANA REG. ve HES,104381,2026-05-31T08:00:00+03:00,08:00
40W000003221110I,GANA REG. ve HES,unknown,2026-05-31 09:00:00+03:00,,3.7,chunk_0071.json,POST /v1/generation/data/dpp-bulk,2026-05-31 21:45:55.473713+00:00,3221110,GANA REG. ve HES,104381,2026-05-31T09:00:00+03:00,09:00
40W000003221110I,GANA REG. ve HES,unknown,2026-05-31 10:00:00+03:00,,3.7,chunk_0071.json,POST /v1/generation/data/dpp-bulk,2026-05-31 21:45:55.473713+00:00,3221110,GANA REG. ve HES,104381,2026-05-31T10:00:00+03:00,10:00
40W000003221110I,GANA REG. ve HES,unknown,2026-05-31 11:00:00+03:00,,3.7,chunk_0071.json,POST /v1/generation/data/dpp-bulk,2026-05-31 21:45:55.473713+00:00,3221110,GANA REG. ve HES,104381,2026-05-31T11:00:00+03:00,11:00
40W000003221110I,GANA REG. ve HES,unknown,2026-05-31 12:00:00+03:00,,3.7,chunk_0071.json,POST /v1/generation/data/dpp-bulk,2026-05-31 21:45:55.473713+00:00,3221110,GANA REG. ve HES,104381,2026-05-31T12:00:00+03:00,12:00
40W000003221110I,GANA REG. ve HES,unknown,2026-05-31 13:00:00+03:00,,3.7,chunk_0071.json,POST /v1/generation/data/dpp-bulk,2026-05-31 21:45:55.473713+00:00,3221110,GANA REG. ve HES,104381,2026-05-31T13:00:00+03:00,13:00
40W000003221110I,GANA REG. ve HES,unknown,2026-05-31 14:00:00+03:00,,3.7,chunk_0071.json,POST /v1/generation/data/dpp-bulk,2026-05-31 21:45:55.473713+00:00,3221110,GANA REG. ve HES,104381,2026-05-31T14:00:00+03:00,14:00
40W000003221110I,GANA REG. ve HES,unknown,2026-05-31 15:00:00+03:00,,3.7,chunk_0071.json,POST /v1/generation/data/dpp-bulk,2026-05-31 21:45:55.473713+00:00,3221110,GANA REG. ve HES,104381,2026-05-31T15:00:00+03:00,15:00
40W000003221110I,GANA REG. ve HES,unknown,2026-05-31 16:00:00+03:00,,3.7,chunk_0071.json,POST /v1/generation/data/dpp-bulk,2026-05-31 21:45:55.473713+00:00,3221110,GANA REG. ve HES,104381,2026-05-31T16:00:00+03:00,16:00
40W000003221110I,GANA REG. ve HES,unknown,2026-05-31 17:00:00+03:00,,3.7,chunk_0071.json,POST /v1/generation/data/dpp-bulk,2026-05-31 21:45:55.473713+00:00,3221110,GANA REG. ve HES,104381,2026-05-31T17:00:00+03:00,17:00
40W000003221110I,GANA REG. ve HES,unknown,2026-05-31 18:00:00+03:00,,3.7,chunk_0071.json,POST /v1/generation/data/dpp-bulk,2026-05-31 21:45:55.473713+00:00,3221110,GANA REG. ve HES,104381,2026-05-31T18:00:00+03:00,18:00
40W000003221110I,GANA REG. ve HES,unknown,2026-05-31 19:00:00+03:00,,3.7,chunk_0071.json,POST /v1/generation/data/dpp-bulk,2026-05-31 21:45:55.473713+00:00,3221110,GANA REG. ve HES,104381,2026-05-31T19:00:00+03:00,19:00
40W000003221110I,GANA REG. ve HES,unknown,2026-05-31 20:00:00+03:00,,3.7,chunk_0071.json,POST /v1/generation/data/dpp-bulk,2026-05-31 21:45:55.473713+00:00,3221110,GANA REG. ve HES,104381,2026-05-31T20:00:00+03:00,20:00
40W000003221110I,GANA REG. ve HES,unknown,2026-05-31 21:00:00+03:00,,3.7,chunk_0071.json,POST /v1/generation/data/dpp-bulk,2026-05-31 21:45:55.473713+00:00,3221110,GANA REG. ve HES,104381,2026-05-31T21:00:00+03:00,21:00
40W000003221110I,GANA REG. ve HES,unknown,2026-05-31 22:00:00+03:00,,3.7,chunk_0071.json,POST /v1/generation/data/dpp-bulk,2026-05-31 21:45:55.473713+00:00,3221110,GANA REG. ve HES,104381,2026-05-31T22:00:00+03:00,22:00
40W000003221110I,GANA REG. ve HES,unknown,2026-05-31 23:00:00+03:00,,3.7,chunk_0071.json,POST /v1/generation/data/dpp-bulk,2026-05-31 21:45:55.473713+00:00,3221110,GANA REG. ve HES,104381,2026-05-31T23:00:00+03:00,23:00
40W000003221590F,PAŞALI REG. ve HES,unknown,2026-05-31 00:00:00+03:00,,5.0,chunk_0071.json,POST /v1/generation/data/dpp-bulk,2026-05-31 21:45:55.473713+00:00,3221590,PAŞALI REG. ve HES,104381,2026-05-31T00:00:00+03:00,00:00
40W000003221590F,PAŞALI REG. ve HES,unknown,2026-05-31 01:00:00+03:00,,5.0,chunk_0071.json,POST /v1/generation/data/dpp-bulk,2026-05-31 21:45:55.473713+00:00,3221590,PAŞALI REG. ve HES,104381,2026-05-31T01:00:00+03:00,01:00
40W000003221590F,PAŞALI REG. ve HES,unknown,2026-05-31 02:00:00+03:00,,5.24,chunk_0071.json,POST /v1/generation/data/dpp-bulk,2026-05-31 21:45:55.473713+00:00,3221590,PAŞALI REG. ve HES,104381,2026-05-31T02:00:00+03:00,02:00
40W000003221590F,PAŞALI REG. ve HES,unknown,2026-05-31 03:00:00+03:00,,5.24,chunk_0071.json,POST /v1/generation/data/dpp-bulk,2026-05-31 21:45:55.473713+00:00,3221590,PAŞALI REG. ve HES,104381,2026-05-31T03:00:00+03:00,03:00
40W000003221590F,PAŞALI REG. ve HES,unknown,2026-05-31 04:00:00+03:00,,0.0,chunk_0071.json,POST /v1/generation/data/dpp-bulk,2026-05-31 21:45:55.473713+00:00,3221590,PAŞALI REG. ve HES,104381,2026-05-31T04:00:00+03:00,04:00
40W000003221590F,PAŞALI REG. ve HES,unknown,2026-05-31 05:00:00+03:00,,0.0,chunk_0071.json,POST /v1/generation/data/dpp-bulk,2026-05-31 21:45:55.473713+00:00,3221590,PAŞALI REG. ve HES,104381,2026-05-31T05:00:00+03:00,05:00
40W000003221590F,PAŞALI REG. ve HES,unknown,2026-05-31 06:00:00+03:00,,0.0,chunk_0071.json,POST /v1/generation/data/dpp-bulk,2026-05-31 21:45:55.473713+00:00,3221590,PAŞALI REG. ve HES,104381,2026-05-31T06:00:00+03:00,06:00
40W000003221590F,PAŞALI REG. ve HES,unknown,2026-05-31 07:00:00+03:00,,0.0,chunk_0071.json,POST /v1/generation/data/dpp-bulk,2026-05-31 21:45:55.473713+00:00,3221590,PAŞALI REG. ve HES,104381,2026-05-31T07:00:00+03:00,07:00
40W000003221590F,PAŞALI REG. ve HES,unknown,2026-05-31 08:00:00+03:00,,0.0,chunk_0071.json,POST /v1/generation/data/dpp-bulk,2026-05-31 21:45:55.473713+00:00,3221590,PAŞALI REG. ve HES,104381,2026-05-31T08:00:00+03:00,08:00
40W000003221590F,PAŞALI REG. ve HES,unknown,2026-05-31 09:00:00+03:00,,0.0,chunk_0071.json,POST /v1/generation/data/dpp-bulk,2026-05-31 21:45:55.473713+00:00,3221590,PAŞALI REG. ve HES,104381,2026-05-31T09:00:00+03:00,09:00
40W000003221590F,PAŞALI REG. ve HES,unknown,2026-05-31 10:00:00+03:00,,0.0,chunk_0071.json,POST /v1/generation/data/dpp-bulk,2026-05-31 21:45:55.473713+00:00,3221590,PAŞALI REG. ve HES,104381,2026-05-31T10:00:00+03:00,10:00
40W000003221590F,PAŞALI REG. ve HES,unknown,2026-05-31 11:00:00+03:00,,0.0,chunk_0071.json,POST /v1/generation/data/dpp-bulk,2026-05-31 21:45:55.473713+00:00,3221590,PAŞALI REG. ve HES,104381,2026-05-31T11:00:00+03:00,11:00
40W000003221590F,PAŞALI REG. ve HES,unknown,2026-05-31 12:00:00+03:00,,0.0,chunk_0071.json,POST /v1/generation/data/dpp-bulk,2026-05-31 21:45:55.473713+00:00,3221590,PAŞALI REG. ve HES,104381,2026-05-31T12:00:00+03:00,12:00
40W000003221590F,PAŞALI REG. ve HES,unknown,2026-05-31 13:00:00+03:00,,0.0,chunk_0071.json,POST /v1/generation/data/dpp-bulk,2026-05-31 21:45:55.473713+00:00,3221590,PAŞALI REG. ve HES,104381,2026-05-31T13:00:00+03:00,13:00
40W000003221590F,PAŞALI REG. ve HES,unknown,2026-05-31 14:00:00+03:00,,0.0,chunk_0071.json,POST /v1/generation/data/dpp-bulk,2026-05-31 21:45:55.473713+00:00,3221590,PAŞALI REG. ve HES,104381,2026-05-31T14:00:00+03:00,14:00
40W000003221590F,PAŞALI REG. ve HES,unknown,2026-05-31 15:00:00+03:00,,0.0,chunk_0071.json,POST /v1/generation/data/dpp-bulk,2026-05-31 21:45:55.473713+00:00,3221590,PAŞALI REG. ve HES,104381,2026-05-31T15:00:00+03:00,15:00
40W000003221590F,PAŞALI REG. ve HES,unknown,2026-05-31 16:00:00+03:00,,0.0,chunk_0071.json,POST /v1/generation/data/dpp-bulk,2026-05-31 21:45:55.473713+00:00,3221590,PAŞALI REG. ve HES,104381,2026-05-31T16:00:00+03:00,16:00
40W000003221590F,PAŞALI REG. ve HES,unknown,2026-05-31 17:00:00+03:00,,0.0,chunk_0071.json,POST /v1/generation/data/dpp-bulk,2026-05-31 21:45:55.473713+00:00,3221590,PAŞALI REG. ve HES,104381,2026-05-31T17:00:00+03:00,17:00
40W000003221590F,PAŞALI REG. ve HES,unknown,2026-05-31 18:00:00+03:00,,0.0,chunk_0071.json,POST /v1/generation/data/dpp-bulk,2026-05-31 21:45:55.473713+00:00,3221590,PAŞALI REG. ve HES,104381,2026-05-31T18:00:00+03:00,18:00
40W000003221590F,PAŞALI REG. ve HES,unknown,2026-05-31 19:00:00+03:00,,5.0,chunk_0071.json,POST /v1/generation/data/dpp-bulk,2026-05-31 21:45:55.473713+00:00,3221590,PAŞALI REG. ve HES,104381,2026-05-31T19:00:00+03:00,19:00
40W000003221590F,PAŞALI REG. ve HES,unknown,2026-05-31 20:00:00+03:00,,5.0,chunk_0071.json,POST /v1/generation/data/dpp-bulk,2026-05-31 21:45:55.473713+00:00,3221590,PAŞALI REG. ve HES,104381,2026-05-31T20:00:00+03:00,20:00
40W000003221590F,PAŞALI REG. ve HES,unknown,2026-05-31 21:00:00+03:00,,5.0,chunk_0071.json,POST /v1/generation/data/dpp-bulk,2026-05-31 21:45:55.473713+00:00,3221590,PAŞALI REG. ve HES,104381,2026-05-31T21:00:00+03:00,21:00
40W000003221590F,PAŞALI REG. ve HES,unknown,2026-05-31 22:00:00+03:00,,5.0,chunk_0071.json,POST /v1/generation/data/dpp-bulk,2026-05-31 21:45:55.473713+00:00,3221590,PAŞALI REG. ve HES,104381,2026-05-31T22:00:00+03:00,22:00
40W000003221590F,PAŞALI REG. ve HES,unknown,2026-05-31 23:00:00+03:00,,5.0,chunk_0071.json,POST /v1/generation/data/dpp-bulk,2026-05-31 21:45:55.473713+00:00,3221590,PAŞALI REG. ve HES,104381,2026-05-31T23:00:00+03:00,23:00
