entsoe_code,plant_name,fuel_type,delivery_hour,publication_timestamp,kgup_mwh,source_file,source_api,forecast_timestamp,uevcb_id,uevcb_name,org_id,date_raw,time_raw
40W000000004003H,KOYULHİSAR HES(AYDEM),unknown,2026-05-31 00:00:00+03:00,,37.2,chunk_0008.json,POST /v1/generation/data/dpp-bulk,2026-05-31 21:45:13.403990+00:00,4003,KOYULHİSAR HES(AYDEM),108,2026-05-31T00:00:00+03:00,00:00
40W000000004003H,KOYULHİSAR HES(AYDEM),unknown,2026-05-31 01:00:00+03:00,,37.2,chunk_0008.json,POST /v1/generation/data/dpp-bulk,2026-05-31 21:45:13.403990+00:00,4003,KOYULHİSAR HES(AYDEM),108,2026-05-31T01:00:00+03:00,01:00
40W000000004003H,KOYULHİSAR HES(AYDEM),unknown,2026-05-31 02:00:00+03:00,,37.2,chunk_0008.json,POST /v1/generation/data/dpp-bulk,2026-05-31 21:45:13.403990+00:00,4003,KOYULHİSAR HES(AYDEM),108,2026-05-31T02:00:00+03:00,02:00
40W000000004003H,KOYULHİSAR HES(AYDEM),unknown,2026-05-31 03:00:00+03:00,,37.2,chunk_0008.json,POST /v1/generation/data/dpp-bulk,2026-05-31 21:45:13.403990+00:00,4003,KOYULHİSAR HES(AYDEM),108,2026-05-31T03:00:00+03:00,03:00
40W000000004003H,KOYULHİSAR HES(AYDEM),unknown,2026-05-31 04:00:00+03:00,,37.2,chunk_0008.json,POST /v1/generation/data/dpp-bulk,2026-05-31 21:45:13.403990+00:00,4003,KOYULHİSAR HES(AYDEM),108,2026-05-31T04:00:00+03:00,04:00
40W000000004003H,KOYULHİSAR HES(AYDEM),unknown,2026-05-31 05:00:00+03:00,,37.2,chunk_0008.json,POST /v1/generation/data/dpp-bulk,2026-05-31 21:45:13.403990+00:00,4003,KOYULHİSAR HES(AYDEM),108,2026-05-31T05:00:00+03:00,05:00
40W000000004003H,KOYULHİSAR HES(AYDEM),unknown,2026-05-31 06:00:00+03:00,,0.0,chunk_0008.json,POST /v1/generation/data/dpp-bulk,2026-05-31 21:45:13.403990+00:00,4003,KOYULHİSAR HES(AYDEM),108,2026-05-31T06:00:00+03:00,06:00
40W000000004003H,KOYULHİSAR HES(AYDEM),unknown,2026-05-31 07:00:00+03:00,,0.0,chunk_0008.json,POST /v1/generation/data/dpp-bulk,2026-05-31 21:45:13.403990+00:00,4003,KOYULHİSAR HES(AYDEM),108,2026-05-31T07:00:00+03:00,07:00
40W000000004003H,KOYULHİSAR HES(AYDEM),unknown,2026-05-31 08:00:00+03:00,,0.0,chunk_0008.json,POST /v1/generation/data/dpp-bulk,2026-05-31 21:45:13.403990+00:00,4003,KOYULHİSAR HES(AYDEM),108,2026-05-31T08:00:00+03:00,08:00
40W000000004003H,KOYULHİSAR HES(AYDEM),unknown,2026-05-31 09:00:00+03:00,,0.0,chunk_0008.json,POST /v1/generation/data/dpp-bulk,2026-05-31 21:45:13.403990+00:00,4003,KOYULHİSAR HES(AYDEM),108,2026-05-31T09:00:00+03:00,09:00
40W000000004003H,KOYULHİSAR HES(AYDEM),unknown,2026-05-31 10:00:00+03:00,,0.0,chunk_0008.json,POST /v1/generation/data/dpp-bulk,2026-05-31 21:45:13.403990+00:00,4003,KOYULHİSAR HES(AYDEM),108,2026-05-31T10:00:00+03:00,10:00
40W000000004003H,KOYULHİSAR HES(AYDEM),unknown,2026-05-31 11:00:00+03:00,,0.0,chunk_0008.json,POST /v1/generation/data/dpp-bulk,2026-05-31 21:45:13.403990+00:00,4003,KOYULHİSAR HES(AYDEM),108,2026-05-31T11:00:00+03:00,11:00
40W000000004003H,KOYULHİSAR HES(AYDEM),unknown,2026-05-31 12:00:00+03:00,,0.0,chunk_0008.json,POST /v1/generation/data/dpp-bulk,2026-05-31 21:45:13.403990+00:00,4003,KOYULHİSAR HES(AYDEM),108,2026-05-31T12:00:00+03:00,12:00
40W000000004003H,KOYULHİSAR HES(AYDEM),unknown,2026-05-31 13:00:00+03:00,,0.0,chunk_0008.json,POST /v1/generation/data/dpp-bulk,2026-05-31 21:45:13.403990+00:00,4003,KOYULHİSAR HES(AYDEM),108,2026-05-31T13:00:00+03:00,13:00
40W000000004003H,KOYULHİSAR HES(AYDEM),unknown,2026-05-31 14:00:00+03:00,,0.0,chunk_0008.json,POST /v1/generation/data/dpp-bulk,2026-05-31 21:45:13.403990+00:00,4003,KOYULHİSAR HES(AYDEM),108,2026-05-31T14:00:00+03:00,14:00
40W000000004003H,KOYULHİSAR HES(AYDEM),unknown,2026-05-31 15:00:00+03:00,,0.0,chunk_0008.json,POST /v1/generation/data/dpp-bulk,2026-05-31 21:45:13.403990+00:00,4003,KOYULHİSAR HES(AYDEM),108,2026-05-31T15:00:00+03:00,15:00
40W000000004003H,KOYULHİSAR HES(AYDEM),unknown,2026-05-31 16:00:00+03:00,,0.0,chunk_0008.json,POST /v1/generation/data/dpp-bulk,2026-05-31 21:45:13.403990+00:00,4003,KOYULHİSAR HES(AYDEM),108,2026-05-31T16:00:00+03:00,16:00
40W000000004003H,KOYULHİSAR HES(AYDEM),unknown,2026-05-31 17:00:00+03:00,,0.0,chunk_0008.json,POST /v1/generation/data/dpp-bulk,2026-05-31 21:45:13.403990+00:00,4003,KOYULHİSAR HES(AYDEM),108,2026-05-31T17:00:00+03:00,17:00
40W000000004003H,KOYULHİSAR HES(AYDEM),unknown,2026-05-31 18:00:00+03:00,,35.0,chunk_0008.json,POST /v1/generation/data/dpp-bulk,2026-05-31 21:45:13.403990+00:00,4003,KOYULHİSAR HES(AYDEM),108,2026-05-31T18:00:00+03:00,18:00
40W000000004003H,KOYULHİSAR HES(AYDEM),unknown,2026-05-31 19:00:00+03:00,,37.2,chunk_0008.json,POST /v1/generation/data/dpp-bulk,2026-05-31 21:45:13.403990+00:00,4003,KOYULHİSAR HES(AYDEM),108,2026-05-31T19:00:00+03:00,19:00
40W000000004003H,KOYULHİSAR HES(AYDEM),unknown,2026-05-31 20:00:00+03:00,,37.2,chunk_0008.json,POST /v1/generation/data/dpp-bulk,2026-05-31 21:45:13.403990+00:00,4003,KOYULHİSAR HES(AYDEM),108,2026-05-31T20:00:00+03:00,20:00
40W000000004003H,KOYULHİSAR HES(AYDEM),unknown,2026-05-31 21:00:00+03:00,,37.2,chunk_0008.json,POST /v1/generation/data/dpp-bulk,2026-05-31 21:45:13.403990+00:00,4003,KOYULHİSAR HES(AYDEM),108,2026-05-31T21:00:00+03:00,21:00
40W000000004003H,KOYULHİSAR HES(AYDEM),unknown,2026-05-31 22:00:00+03:00,,37.2,chunk_0008.json,POST /v1/generation/data/dpp-bulk,2026-05-31 21:45:13.403990+00:00,4003,KOYULHİSAR HES(AYDEM),108,2026-05-31T22:00:00+03:00,22:00
40W000000004003H,KOYULHİSAR HES(AYDEM),unknown,2026-05-31 23:00:00+03:00,,37.2,chunk_0008.json,POST /v1/generation/data/dpp-bulk,2026-05-31 21:45:13.403990+00:00,4003,KOYULHİSAR HES(AYDEM),108,2026-05-31T23:00:00+03:00,23:00
40W000000003926B,OBRUK HES DB,unknown,2026-05-31 00:00:00+03:00,,37.0,chunk_0008.json,POST /v1/generation/data/dpp-bulk,2026-05-31 21:45:13.403990+00:00,3926,OBRUK HES DB,195,2026-05-31T00:00:00+03:00,00:00
40W000000003926B,OBRUK HES DB,unknown,2026-05-31 01:00:00+03:00,,37.0,chunk_0008.json,POST /v1/generation/data/dpp-bulk,2026-05-31 21:45:13.403990+00:00,3926,OBRUK HES DB,195,2026-05-31T01:00:00+03:00,01:00
40W000000003926B,OBRUK HES DB,unknown,2026-05-31 02:00:00+03:00,,37.0,chunk_0008.json,POST /v1/generation/data/dpp-bulk,2026-05-31 21:45:13.403990+00:00,3926,OBRUK HES DB,195,2026-05-31T02:00:00+03:00,02:00
40W000000003926B,OBRUK HES DB,unknown,2026-05-31 03:00:00+03:00,,37.0,chunk_0008.json,POST /v1/generation/data/dpp-bulk,2026-05-31 21:45:13.403990+00:00,3926,OBRUK HES DB,195,2026-05-31T03:00:00+03:00,03:00
40W000000003926B,OBRUK HES DB,unknown,2026-05-31 04:00:00+03:00,,37.0,chunk_0008.json,POST /v1/generation/data/dpp-bulk,2026-05-31 21:45:13.403990+00:00,3926,OBRUK HES DB,195,2026-05-31T04:00:00+03:00,04:00
40W000000003926B,OBRUK HES DB,unknown,2026-05-31 05:00:00+03:00,,37.0,chunk_0008.json,POST /v1/generation/data/dpp-bulk,2026-05-31 21:45:13.403990+00:00,3926,OBRUK HES DB,195,2026-05-31T05:00:00+03:00,05:00
40W000000003926B,OBRUK HES DB,unknown,2026-05-31 06:00:00+03:00,,37.0,chunk_0008.json,POST /v1/generation/data/dpp-bulk,2026-05-31 21:45:13.403990+00:00,3926,OBRUK HES DB,195,2026-05-31T06:00:00+03:00,06:00
40W000000003926B,OBRUK HES DB,unknown,2026-05-31 07:00:00+03:00,,37.0,chunk_0008.json,POST /v1/generation/data/dpp-bulk,2026-05-31 21:45:13.403990+00:00,3926,OBRUK HES DB,195,2026-05-31T07:00:00+03:00,07:00
40W000000003926B,OBRUK HES DB,unknown,2026-05-31 08:00:00+03:00,,37.0,chunk_0008.json,POST /v1/generation/data/dpp-bulk,2026-05-31 21:45:13.403990+00:00,3926,OBRUK HES DB,195,2026-05-31T08:00:00+03:00,08:00
40W000000003926B,OBRUK HES DB,unknown,2026-05-31 09:00:00+03:00,,0.0,chunk_0008.json,POST /v1/generation/data/dpp-bulk,2026-05-31 21:45:13.403990+00:00,3926,OBRUK HES DB,195,2026-05-31T09:00:00+03:00,09:00
40W000000003926B,OBRUK HES DB,unknown,2026-05-31 10:00:00+03:00,,0.0,chunk_0008.json,POST /v1/generation/data/dpp-bulk,2026-05-31 21:45:13.403990+00:00,3926,OBRUK HES DB,195,2026-05-31T10:00:00+03:00,10:00
40W000000003926B,OBRUK HES DB,unknown,2026-05-31 11:00:00+03:00,,0.0,chunk_0008.json,POST /v1/generation/data/dpp-bulk,2026-05-31 21:45:13.403990+00:00,3926,OBRUK HES DB,195,2026-05-31T11:00:00+03:00,11:00
40W000000003926B,OBRUK HES DB,unknown,2026-05-31 12:00:00+03:00,,0.0,chunk_0008.json,POST /v1/generation/data/dpp-bulk,2026-05-31 21:45:13.403990+00:00,3926,OBRUK HES DB,195,2026-05-31T12:00:00+03:00,12:00
40W000000003926B,OBRUK HES DB,unknown,2026-05-31 13:00:00+03:00,,0.0,chunk_0008.json,POST /v1/generation/data/dpp-bulk,2026-05-31 21:45:13.403990+00:00,3926,OBRUK HES DB,195,2026-05-31T13:00:00+03:00,13:00
40W000000003926B,OBRUK HES DB,unknown,2026-05-31 14:00:00+03:00,,0.0,chunk_0008.json,POST /v1/generation/data/dpp-bulk,2026-05-31 21:45:13.403990+00:00,3926,OBRUK HES DB,195,2026-05-31T14:00:00+03:00,14:00
40W000000003926B,OBRUK HES DB,unknown,2026-05-31 15:00:00+03:00,,37.0,chunk_0008.json,POST /v1/generation/data/dpp-bulk,2026-05-31 21:45:13.403990+00:00,3926,OBRUK HES DB,195,2026-05-31T15:00:00+03:00,15:00
40W000000003926B,OBRUK HES DB,unknown,2026-05-31 16:00:00+03:00,,37.0,chunk_0008.json,POST /v1/generation/data/dpp-bulk,2026-05-31 21:45:13.403990+00:00,3926,OBRUK HES DB,195,2026-05-31T16:00:00+03:00,16:00
40W000000003926B,OBRUK HES DB,unknown,2026-05-31 17:00:00+03:00,,37.0,chunk_0008.json,POST /v1/generation/data/dpp-bulk,2026-05-31 21:45:13.403990+00:00,3926,OBRUK HES DB,195,2026-05-31T17:00:00+03:00,17:00
40W000000003926B,OBRUK HES DB,unknown,2026-05-31 18:00:00+03:00,,37.0,chunk_0008.json,POST /v1/generation/data/dpp-bulk,2026-05-31 21:45:13.403990+00:00,3926,OBRUK HES DB,195,2026-05-31T18:00:00+03:00,18:00
40W000000003926B,OBRUK HES DB,unknown,2026-05-31 19:00:00+03:00,,37.0,chunk_0008.json,POST /v1/generation/data/dpp-bulk,2026-05-31 21:45:13.403990+00:00,3926,OBRUK HES DB,195,2026-05-31T19:00:00+03:00,19:00
40W000000003926B,OBRUK HES DB,unknown,2026-05-31 20:00:00+03:00,,37.0,chunk_0008.json,POST /v1/generation/data/dpp-bulk,2026-05-31 21:45:13.403990+00:00,3926,OBRUK HES DB,195,2026-05-31T20:00:00+03:00,20:00
40W000000003926B,OBRUK HES DB,unknown,2026-05-31 21:00:00+03:00,,37.0,chunk_0008.json,POST /v1/generation/data/dpp-bulk,2026-05-31 21:45:13.403990+00:00,3926,OBRUK HES DB,195,2026-05-31T21:00:00+03:00,21:00
40W000000003926B,OBRUK HES DB,unknown,2026-05-31 22:00:00+03:00,,37.0,chunk_0008.json,POST /v1/generation/data/dpp-bulk,2026-05-31 21:45:13.403990+00:00,3926,OBRUK HES DB,195,2026-05-31T22:00:00+03:00,22:00
40W000000003926B,OBRUK HES DB,unknown,2026-05-31 23:00:00+03:00,,37.0,chunk_0008.json,POST /v1/generation/data/dpp-bulk,2026-05-31 21:45:13.403990+00:00,3926,OBRUK HES DB,195,2026-05-31T23:00:00+03:00,23:00
40W0000000040702,MAZI-3 RÜZGAR ENERJİSİ SANTRALİ,unknown,2026-05-31 00:00:00+03:00,,0.0,chunk_0008.json,POST /v1/generation/data/dpp-bulk,2026-05-31 21:45:13.403990+00:00,4070,MAZI-3 RÜZGAR ENERJİSİ SANTRALİ,294,2026-05-31T00:00:00+03:00,00:00
40W0000000040702,MAZI-3 RÜZGAR ENERJİSİ SANTRALİ,unknown,2026-05-31 01:00:00+03:00,,0.0,chunk_0008.json,POST /v1/generation/data/dpp-bulk,2026-05-31 21:45:13.403990+00:00,4070,MAZI-3 RÜZGAR ENERJİSİ SANTRALİ,294,2026-05-31T01:00:00+03:00,01:00
40W0000000040702,MAZI-3 RÜZGAR ENERJİSİ SANTRALİ,unknown,2026-05-31 02:00:00+03:00,,0.0,chunk_0008.json,POST /v1/generation/data/dpp-bulk,2026-05-31 21:45:13.403990+00:00,4070,MAZI-3 RÜZGAR ENERJİSİ SANTRALİ,294,2026-05-31T02:00:00+03:00,02:00
40W0000000040702,MAZI-3 RÜZGAR ENERJİSİ SANTRALİ,unknown,2026-05-31 03:00:00+03:00,,0.0,chunk_0008.json,POST /v1/generation/data/dpp-bulk,2026-05-31 21:45:13.403990+00:00,4070,MAZI-3 RÜZGAR ENERJİSİ SANTRALİ,294,2026-05-31T03:00:00+03:00,03:00
40W0000000040702,MAZI-3 RÜZGAR ENERJİSİ SANTRALİ,unknown,2026-05-31 04:00:00+03:00,,0.0,chunk_0008.json,POST /v1/generation/data/dpp-bulk,2026-05-31 21:45:13.403990+00:00,4070,MAZI-3 RÜZGAR ENERJİSİ SANTRALİ,294,2026-05-31T04:00:00+03:00,04:00
40W0000000040702,MAZI-3 RÜZGAR ENERJİSİ SANTRALİ,unknown,2026-05-31 05:00:00+03:00,,0.0,chunk_0008.json,POST /v1/generation/data/dpp-bulk,2026-05-31 21:45:13.403990+00:00,4070,MAZI-3 RÜZGAR ENERJİSİ SANTRALİ,294,2026-05-31T05:00:00+03:00,05:00
40W0000000040702,MAZI-3 RÜZGAR ENERJİSİ SANTRALİ,unknown,2026-05-31 06:00:00+03:00,,0.0,chunk_0008.json,POST /v1/generation/data/dpp-bulk,2026-05-31 21:45:13.403990+00:00,4070,MAZI-3 RÜZGAR ENERJİSİ SANTRALİ,294,2026-05-31T06:00:00+03:00,06:00
40W0000000040702,MAZI-3 RÜZGAR ENERJİSİ SANTRALİ,unknown,2026-05-31 07:00:00+03:00,,0.0,chunk_0008.json,POST /v1/generation/data/dpp-bulk,2026-05-31 21:45:13.403990+00:00,4070,MAZI-3 RÜZGAR ENERJİSİ SANTRALİ,294,2026-05-31T07:00:00+03:00,07:00
40W0000000040702,MAZI-3 RÜZGAR ENERJİSİ SANTRALİ,unknown,2026-05-31 08:00:00+03:00,,0.0,chunk_0008.json,POST /v1/generation/data/dpp-bulk,2026-05-31 21:45:13.403990+00:00,4070,MAZI-3 RÜZGAR ENERJİSİ SANTRALİ,294,2026-05-31T08:00:00+03:00,08:00
40W0000000040702,MAZI-3 RÜZGAR ENERJİSİ SANTRALİ,unknown,2026-05-31 09:00:00+03:00,,0.0,chunk_0008.json,POST /v1/generation/data/dpp-bulk,2026-05-31 21:45:13.403990+00:00,4070,MAZI-3 RÜZGAR ENERJİSİ SANTRALİ,294,2026-05-31T09:00:00+03:00,09:00
40W0000000040702,MAZI-3 RÜZGAR ENERJİSİ SANTRALİ,unknown,2026-05-31 10:00:00+03:00,,0.0,chunk_0008.json,POST /v1/generation/data/dpp-bulk,2026-05-31 21:45:13.403990+00:00,4070,MAZI-3 RÜZGAR ENERJİSİ SANTRALİ,294,2026-05-31T10:00:00+03:00,10:00
40W0000000040702,MAZI-3 RÜZGAR ENERJİSİ SANTRALİ,unknown,2026-05-31 11:00:00+03:00,,0.0,chunk_0008.json,POST /v1/generation/data/dpp-bulk,2026-05-31 21:45:13.403990+00:00,4070,MAZI-3 RÜZGAR ENERJİSİ SANTRALİ,294,2026-05-31T11:00:00+03:00,11:00
40W0000000040702,MAZI-3 RÜZGAR ENERJİSİ SANTRALİ,unknown,2026-05-31 12:00:00+03:00,,0.0,chunk_0008.json,POST /v1/generation/data/dpp-bulk,2026-05-31 21:45:13.403990+00:00,4070,MAZI-3 RÜZGAR ENERJİSİ SANTRALİ,294,2026-05-31T12:00:00+03:00,12:00
40W0000000040702,MAZI-3 RÜZGAR ENERJİSİ SANTRALİ,unknown,2026-05-31 13:00:00+03:00,,0.0,chunk_0008.json,POST /v1/generation/data/dpp-bulk,2026-05-31 21:45:13.403990+00:00,4070,MAZI-3 RÜZGAR ENERJİSİ SANTRALİ,294,2026-05-31T13:00:00+03:00,13:00
40W0000000040702,MAZI-3 RÜZGAR ENERJİSİ SANTRALİ,unknown,2026-05-31 14:00:00+03:00,,0.0,chunk_0008.json,POST /v1/generation/data/dpp-bulk,2026-05-31 21:45:13.403990+00:00,4070,MAZI-3 RÜZGAR ENERJİSİ SANTRALİ,294,2026-05-31T14:00:00+03:00,14:00
40W0000000040702,MAZI-3 RÜZGAR ENERJİSİ SANTRALİ,unknown,2026-05-31 15:00:00+03:00,,0.0,chunk_0008.json,POST /v1/generation/data/dpp-bulk,2026-05-31 21:45:13.403990+00:00,4070,MAZI-3 RÜZGAR ENERJİSİ SANTRALİ,294,2026-05-31T15:00:00+03:00,15:00
40W0000000040702,MAZI-3 RÜZGAR ENERJİSİ SANTRALİ,unknown,2026-05-31 16:00:00+03:00,,0.0,chunk_0008.json,POST /v1/generation/data/dpp-bulk,2026-05-31 21:45:13.403990+00:00,4070,MAZI-3 RÜZGAR ENERJİSİ SANTRALİ,294,2026-05-31T16:00:00+03:00,16:00
40W0000000040702,MAZI-3 RÜZGAR ENERJİSİ SANTRALİ,unknown,2026-05-31 17:00:00+03:00,,0.0,chunk_0008.json,POST /v1/generation/data/dpp-bulk,2026-05-31 21:45:13.403990+00:00,4070,MAZI-3 RÜZGAR ENERJİSİ SANTRALİ,294,2026-05-31T17:00:00+03:00,17:00
40W0000000040702,MAZI-3 RÜZGAR ENERJİSİ SANTRALİ,unknown,2026-05-31 18:00:00+03:00,,0.0,chunk_0008.json,POST /v1/generation/data/dpp-bulk,2026-05-31 21:45:13.403990+00:00,4070,MAZI-3 RÜZGAR ENERJİSİ SANTRALİ,294,2026-05-31T18:00:00+03:00,18:00
40W0000000040702,MAZI-3 RÜZGAR ENERJİSİ SANTRALİ,unknown,2026-05-31 19:00:00+03:00,,0.0,chunk_0008.json,POST /v1/generation/data/dpp-bulk,2026-05-31 21:45:13.403990+00:00,4070,MAZI-3 RÜZGAR ENERJİSİ SANTRALİ,294,2026-05-31T19:00:00+03:00,19:00
40W0000000040702,MAZI-3 RÜZGAR ENERJİSİ SANTRALİ,unknown,2026-05-31 20:00:00+03:00,,0.0,chunk_0008.json,POST /v1/generation/data/dpp-bulk,2026-05-31 21:45:13.403990+00:00,4070,MAZI-3 RÜZGAR ENERJİSİ SANTRALİ,294,2026-05-31T20:00:00+03:00,20:00
40W0000000040702,MAZI-3 RÜZGAR ENERJİSİ SANTRALİ,unknown,2026-05-31 21:00:00+03:00,,0.0,chunk_0008.json,POST /v1/generation/data/dpp-bulk,2026-05-31 21:45:13.403990+00:00,4070,MAZI-3 RÜZGAR ENERJİSİ SANTRALİ,294,2026-05-31T21:00:00+03:00,21:00
40W0000000040702,MAZI-3 RÜZGAR ENERJİSİ SANTRALİ,unknown,2026-05-31 22:00:00+03:00,,0.0,chunk_0008.json,POST /v1/generation/data/dpp-bulk,2026-05-31 21:45:13.403990+00:00,4070,MAZI-3 RÜZGAR ENERJİSİ SANTRALİ,294,2026-05-31T22:00:00+03:00,22:00
40W0000000040702,MAZI-3 RÜZGAR ENERJİSİ SANTRALİ,unknown,2026-05-31 23:00:00+03:00,,0.0,chunk_0008.json,POST /v1/generation/data/dpp-bulk,2026-05-31 21:45:13.403990+00:00,4070,MAZI-3 RÜZGAR ENERJİSİ SANTRALİ,294,2026-05-31T23:00:00+03:00,23:00
40W0000000040540,İÇDAŞ BİGA TERMİK SANTRALİ_ 2,unknown,2026-05-31 00:00:00+03:00,,0.0,chunk_0008.json,POST /v1/generation/data/dpp-bulk,2026-05-31 21:45:13.403990+00:00,4054,İÇDAŞ BİGA TERMİK SANTRALİ_ 2,369,2026-05-31T00:00:00+03:00,00:00
40W0000000040540,İÇDAŞ BİGA TERMİK SANTRALİ_ 2,unknown,2026-05-31 01:00:00+03:00,,0.0,chunk_0008.json,POST /v1/generation/data/dpp-bulk,2026-05-31 21:45:13.403990+00:00,4054,İÇDAŞ BİGA TERMİK SANTRALİ_ 2,369,2026-05-31T01:00:00+03:00,01:00
40W0000000040540,İÇDAŞ BİGA TERMİK SANTRALİ_ 2,unknown,2026-05-31 02:00:00+03:00,,0.0,chunk_0008.json,POST /v1/generation/data/dpp-bulk,2026-05-31 21:45:13.403990+00:00,4054,İÇDAŞ BİGA TERMİK SANTRALİ_ 2,369,2026-05-31T02:00:00+03:00,02:00
40W0000000040540,İÇDAŞ BİGA TERMİK SANTRALİ_ 2,unknown,2026-05-31 03:00:00+03:00,,0.0,chunk_0008.json,POST /v1/generation/data/dpp-bulk,2026-05-31 21:45:13.403990+00:00,4054,İÇDAŞ BİGA TERMİK SANTRALİ_ 2,369,2026-05-31T03:00:00+03:00,03:00
40W0000000040540,İÇDAŞ BİGA TERMİK SANTRALİ_ 2,unknown,2026-05-31 04:00:00+03:00,,0.0,chunk_0008.json,POST /v1/generation/data/dpp-bulk,2026-05-31 21:45:13.403990+00:00,4054,İÇDAŞ BİGA TERMİK SANTRALİ_ 2,369,2026-05-31T04:00:00+03:00,04:00
40W0000000040540,İÇDAŞ BİGA TERMİK SANTRALİ_ 2,unknown,2026-05-31 05:00:00+03:00,,0.0,chunk_0008.json,POST /v1/generation/data/dpp-bulk,2026-05-31 21:45:13.403990+00:00,4054,İÇDAŞ BİGA TERMİK SANTRALİ_ 2,369,2026-05-31T05:00:00+03:00,05:00
40W0000000040540,İÇDAŞ BİGA TERMİK SANTRALİ_ 2,unknown,2026-05-31 06:00:00+03:00,,0.0,chunk_0008.json,POST /v1/generation/data/dpp-bulk,2026-05-31 21:45:13.403990+00:00,4054,İÇDAŞ BİGA TERMİK SANTRALİ_ 2,369,2026-05-31T06:00:00+03:00,06:00
40W0000000040540,İÇDAŞ BİGA TERMİK SANTRALİ_ 2,unknown,2026-05-31 07:00:00+03:00,,0.0,chunk_0008.json,POST /v1/generation/data/dpp-bulk,2026-05-31 21:45:13.403990+00:00,4054,İÇDAŞ BİGA TERMİK SANTRALİ_ 2,369,2026-05-31T07:00:00+03:00,07:00
40W0000000040540,İÇDAŞ BİGA TERMİK SANTRALİ_ 2,unknown,2026-05-31 08:00:00+03:00,,0.0,chunk_0008.json,POST /v1/generation/data/dpp-bulk,2026-05-31 21:45:13.403990+00:00,4054,İÇDAŞ BİGA TERMİK SANTRALİ_ 2,369,2026-05-31T08:00:00+03:00,08:00
40W0000000040540,İÇDAŞ BİGA TERMİK SANTRALİ_ 2,unknown,2026-05-31 09:00:00+03:00,,0.0,chunk_0008.json,POST /v1/generation/data/dpp-bulk,2026-05-31 21:45:13.403990+00:00,4054,İÇDAŞ BİGA TERMİK SANTRALİ_ 2,369,2026-05-31T09:00:00+03:00,09:00
40W0000000040540,İÇDAŞ BİGA TERMİK SANTRALİ_ 2,unknown,2026-05-31 10:00:00+03:00,,0.0,chunk_0008.json,POST /v1/generation/data/dpp-bulk,2026-05-31 21:45:13.403990+00:00,4054,İÇDAŞ BİGA TERMİK SANTRALİ_ 2,369,2026-05-31T10:00:00+03:00,10:00
40W0000000040540,İÇDAŞ BİGA TERMİK SANTRALİ_ 2,unknown,2026-05-31 11:00:00+03:00,,0.0,chunk_0008.json,POST /v1/generation/data/dpp-bulk,2026-05-31 21:45:13.403990+00:00,4054,İÇDAŞ BİGA TERMİK SANTRALİ_ 2,369,2026-05-31T11:00:00+03:00,11:00
40W0000000040540,İÇDAŞ BİGA TERMİK SANTRALİ_ 2,unknown,2026-05-31 12:00:00+03:00,,0.0,chunk_0008.json,POST /v1/generation/data/dpp-bulk,2026-05-31 21:45:13.403990+00:00,4054,İÇDAŞ BİGA TERMİK SANTRALİ_ 2,369,2026-05-31T12:00:00+03:00,12:00
40W0000000040540,İÇDAŞ BİGA TERMİK SANTRALİ_ 2,unknown,2026-05-31 13:00:00+03:00,,0.0,chunk_0008.json,POST /v1/generation/data/dpp-bulk,2026-05-31 21:45:13.403990+00:00,4054,İÇDAŞ BİGA TERMİK SANTRALİ_ 2,369,2026-05-31T13:00:00+03:00,13:00
40W0000000040540,İÇDAŞ BİGA TERMİK SANTRALİ_ 2,unknown,2026-05-31 14:00:00+03:00,,0.0,chunk_0008.json,POST /v1/generation/data/dpp-bulk,2026-05-31 21:45:13.403990+00:00,4054,İÇDAŞ BİGA TERMİK SANTRALİ_ 2,369,2026-05-31T14:00:00+03:00,14:00
40W0000000040540,İÇDAŞ BİGA TERMİK SANTRALİ_ 2,unknown,2026-05-31 15:00:00+03:00,,0.0,chunk_0008.json,POST /v1/generation/data/dpp-bulk,2026-05-31 21:45:13.403990+00:00,4054,İÇDAŞ BİGA TERMİK SANTRALİ_ 2,369,2026-05-31T15:00:00+03:00,15:00
40W0000000040540,İÇDAŞ BİGA TERMİK SANTRALİ_ 2,unknown,2026-05-31 16:00:00+03:00,,0.0,chunk_0008.json,POST /v1/generation/data/dpp-bulk,2026-05-31 21:45:13.403990+00:00,4054,İÇDAŞ BİGA TERMİK SANTRALİ_ 2,369,2026-05-31T16:00:00+03:00,16:00
40W0000000040540,İÇDAŞ BİGA TERMİK SANTRALİ_ 2,unknown,2026-05-31 17:00:00+03:00,,0.0,chunk_0008.json,POST /v1/generation/data/dpp-bulk,2026-05-31 21:45:13.403990+00:00,4054,İÇDAŞ BİGA TERMİK SANTRALİ_ 2,369,2026-05-31T17:00:00+03:00,17:00
40W0000000040540,İÇDAŞ BİGA TERMİK SANTRALİ_ 2,unknown,2026-05-31 18:00:00+03:00,,0.0,chunk_0008.json,POST /v1/generation/data/dpp-bulk,2026-05-31 21:45:13.403990+00:00,4054,İÇDAŞ BİGA TERMİK SANTRALİ_ 2,369,2026-05-31T18:00:00+03:00,18:00
40W0000000040540,İÇDAŞ BİGA TERMİK SANTRALİ_ 2,unknown,2026-05-31 19:00:00+03:00,,0.0,chunk_0008.json,POST /v1/generation/data/dpp-bulk,2026-05-31 21:45:13.403990+00:00,4054,İÇDAŞ BİGA TERMİK SANTRALİ_ 2,369,2026-05-31T19:00:00+03:00,19:00
40W0000000040540,İÇDAŞ BİGA TERMİK SANTRALİ_ 2,unknown,2026-05-31 20:00:00+03:00,,0.0,chunk_0008.json,POST /v1/generation/data/dpp-bulk,2026-05-31 21:45:13.403990+00:00,4054,İÇDAŞ BİGA TERMİK SANTRALİ_ 2,369,2026-05-31T20:00:00+03:00,20:00
40W0000000040540,İÇDAŞ BİGA TERMİK SANTRALİ_ 2,unknown,2026-05-31 21:00:00+03:00,,0.0,chunk_0008.json,POST /v1/generation/data/dpp-bulk,2026-05-31 21:45:13.403990+00:00,4054,İÇDAŞ BİGA TERMİK SANTRALİ_ 2,369,2026-05-31T21:00:00+03:00,21:00
40W0000000040540,İÇDAŞ BİGA TERMİK SANTRALİ_ 2,unknown,2026-05-31 22:00:00+03:00,,0.0,chunk_0008.json,POST /v1/generation/data/dpp-bulk,2026-05-31 21:45:13.403990+00:00,4054,İÇDAŞ BİGA TERMİK SANTRALİ_ 2,369,2026-05-31T22:00:00+03:00,22:00
40W0000000040540,İÇDAŞ BİGA TERMİK SANTRALİ_ 2,unknown,2026-05-31 23:00:00+03:00,,0.0,chunk_0008.json,POST /v1/generation/data/dpp-bulk,2026-05-31 21:45:13.403990+00:00,4054,İÇDAŞ BİGA TERMİK SANTRALİ_ 2,369,2026-05-31T23:00:00+03:00,23:00
40W0000000040346,MAURİ MAYA BANDIRMA KOJENERASYON SANTRALİ,unknown,2026-05-31 00:00:00+03:00,,0.0,chunk_0008.json,POST /v1/generation/data/dpp-bulk,2026-05-31 21:45:13.403990+00:00,4034,MAURİ MAYA BANDIRMA KOJENERASYON SANTRALİ,387,2026-05-31T00:00:00+03:00,00:00
40W0000000040346,MAURİ MAYA BANDIRMA KOJENERASYON SANTRALİ,unknown,2026-05-31 01:00:00+03:00,,0.0,chunk_0008.json,POST /v1/generation/data/dpp-bulk,2026-05-31 21:45:13.403990+00:00,4034,MAURİ MAYA BANDIRMA KOJENERASYON SANTRALİ,387,2026-05-31T01:00:00+03:00,01:00
40W0000000040346,MAURİ MAYA BANDIRMA KOJENERASYON SANTRALİ,unknown,2026-05-31 02:00:00+03:00,,0.0,chunk_0008.json,POST /v1/generation/data/dpp-bulk,2026-05-31 21:45:13.403990+00:00,4034,MAURİ MAYA BANDIRMA KOJENERASYON SANTRALİ,387,2026-05-31T02:00:00+03:00,02:00
40W0000000040346,MAURİ MAYA BANDIRMA KOJENERASYON SANTRALİ,unknown,2026-05-31 03:00:00+03:00,,0.0,chunk_0008.json,POST /v1/generation/data/dpp-bulk,2026-05-31 21:45:13.403990+00:00,4034,MAURİ MAYA BANDIRMA KOJENERASYON SANTRALİ,387,2026-05-31T03:00:00+03:00,03:00
40W0000000040346,MAURİ MAYA BANDIRMA KOJENERASYON SANTRALİ,unknown,2026-05-31 04:00:00+03:00,,0.0,chunk_0008.json,POST /v1/generation/data/dpp-bulk,2026-05-31 21:45:13.403990+00:00,4034,MAURİ MAYA BANDIRMA KOJENERASYON SANTRALİ,387,2026-05-31T04:00:00+03:00,04:00
40W0000000040346,MAURİ MAYA BANDIRMA KOJENERASYON SANTRALİ,unknown,2026-05-31 05:00:00+03:00,,0.0,chunk_0008.json,POST /v1/generation/data/dpp-bulk,2026-05-31 21:45:13.403990+00:00,4034,MAURİ MAYA BANDIRMA KOJENERASYON SANTRALİ,387,2026-05-31T05:00:00+03:00,05:00
40W0000000040346,MAURİ MAYA BANDIRMA KOJENERASYON SANTRALİ,unknown,2026-05-31 06:00:00+03:00,,0.0,chunk_0008.json,POST /v1/generation/data/dpp-bulk,2026-05-31 21:45:13.403990+00:00,4034,MAURİ MAYA BANDIRMA KOJENERASYON SANTRALİ,387,2026-05-31T06:00:00+03:00,06:00
40W0000000040346,MAURİ MAYA BANDIRMA KOJENERASYON SANTRALİ,unknown,2026-05-31 07:00:00+03:00,,0.0,chunk_0008.json,POST /v1/generation/data/dpp-bulk,2026-05-31 21:45:13.403990+00:00,4034,MAURİ MAYA BANDIRMA KOJENERASYON SANTRALİ,387,2026-05-31T07:00:00+03:00,07:00
40W0000000040346,MAURİ MAYA BANDIRMA KOJENERASYON SANTRALİ,unknown,2026-05-31 08:00:00+03:00,,0.0,chunk_0008.json,POST /v1/generation/data/dpp-bulk,2026-05-31 21:45:13.403990+00:00,4034,MAURİ MAYA BANDIRMA KOJENERASYON SANTRALİ,387,2026-05-31T08:00:00+03:00,08:00
40W0000000040346,MAURİ MAYA BANDIRMA KOJENERASYON SANTRALİ,unknown,2026-05-31 09:00:00+03:00,,0.0,chunk_0008.json,POST /v1/generation/data/dpp-bulk,2026-05-31 21:45:13.403990+00:00,4034,MAURİ MAYA BANDIRMA KOJENERASYON SANTRALİ,387,2026-05-31T09:00:00+03:00,09:00
40W0000000040346,MAURİ MAYA BANDIRMA KOJENERASYON SANTRALİ,unknown,2026-05-31 10:00:00+03:00,,0.0,chunk_0008.json,POST /v1/generation/data/dpp-bulk,2026-05-31 21:45:13.403990+00:00,4034,MAURİ MAYA BANDIRMA KOJENERASYON SANTRALİ,387,2026-05-31T10:00:00+03:00,10:00
40W0000000040346,MAURİ MAYA BANDIRMA KOJENERASYON SANTRALİ,unknown,2026-05-31 11:00:00+03:00,,0.0,chunk_0008.json,POST /v1/generation/data/dpp-bulk,2026-05-31 21:45:13.403990+00:00,4034,MAURİ MAYA BANDIRMA KOJENERASYON SANTRALİ,387,2026-05-31T11:00:00+03:00,11:00
40W0000000040346,MAURİ MAYA BANDIRMA KOJENERASYON SANTRALİ,unknown,2026-05-31 12:00:00+03:00,,0.0,chunk_0008.json,POST /v1/generation/data/dpp-bulk,2026-05-31 21:45:13.403990+00:00,4034,MAURİ MAYA BANDIRMA KOJENERASYON SANTRALİ,387,2026-05-31T12:00:00+03:00,12:00
40W0000000040346,MAURİ MAYA BANDIRMA KOJENERASYON SANTRALİ,unknown,2026-05-31 13:00:00+03:00,,0.0,chunk_0008.json,POST /v1/generation/data/dpp-bulk,2026-05-31 21:45:13.403990+00:00,4034,MAURİ MAYA BANDIRMA KOJENERASYON SANTRALİ,387,2026-05-31T13:00:00+03:00,13:00
40W0000000040346,MAURİ MAYA BANDIRMA KOJENERASYON SANTRALİ,unknown,2026-05-31 14:00:00+03:00,,0.0,chunk_0008.json,POST /v1/generation/data/dpp-bulk,2026-05-31 21:45:13.403990+00:00,4034,MAURİ MAYA BANDIRMA KOJENERASYON SANTRALİ,387,2026-05-31T14:00:00+03:00,14:00
40W0000000040346,MAURİ MAYA BANDIRMA KOJENERASYON SANTRALİ,unknown,2026-05-31 15:00:00+03:00,,0.0,chunk_0008.json,POST /v1/generation/data/dpp-bulk,2026-05-31 21:45:13.403990+00:00,4034,MAURİ MAYA BANDIRMA KOJENERASYON SANTRALİ,387,2026-05-31T15:00:00+03:00,15:00
40W0000000040346,MAURİ MAYA BANDIRMA KOJENERASYON SANTRALİ,unknown,2026-05-31 16:00:00+03:00,,0.0,chunk_0008.json,POST /v1/generation/data/dpp-bulk,2026-05-31 21:45:13.403990+00:00,4034,MAURİ MAYA BANDIRMA KOJENERASYON SANTRALİ,387,2026-05-31T16:00:00+03:00,16:00
40W0000000040346,MAURİ MAYA BANDIRMA KOJENERASYON SANTRALİ,unknown,2026-05-31 17:00:00+03:00,,0.0,chunk_0008.json,POST /v1/generation/data/dpp-bulk,2026-05-31 21:45:13.403990+00:00,4034,MAURİ MAYA BANDIRMA KOJENERASYON SANTRALİ,387,2026-05-31T17:00:00+03:00,17:00
40W0000000040346,MAURİ MAYA BANDIRMA KOJENERASYON SANTRALİ,unknown,2026-05-31 18:00:00+03:00,,0.0,chunk_0008.json,POST /v1/generation/data/dpp-bulk,2026-05-31 21:45:13.403990+00:00,4034,MAURİ MAYA BANDIRMA KOJENERASYON SANTRALİ,387,2026-05-31T18:00:00+03:00,18:00
40W0000000040346,MAURİ MAYA BANDIRMA KOJENERASYON SANTRALİ,unknown,2026-05-31 19:00:00+03:00,,0.0,chunk_0008.json,POST /v1/generation/data/dpp-bulk,2026-05-31 21:45:13.403990+00:00,4034,MAURİ MAYA BANDIRMA KOJENERASYON SANTRALİ,387,2026-05-31T19:00:00+03:00,19:00
40W0000000040346,MAURİ MAYA BANDIRMA KOJENERASYON SANTRALİ,unknown,2026-05-31 20:00:00+03:00,,0.0,chunk_0008.json,POST /v1/generation/data/dpp-bulk,2026-05-31 21:45:13.403990+00:00,4034,MAURİ MAYA BANDIRMA KOJENERASYON SANTRALİ,387,2026-05-31T20:00:00+03:00,20:00
40W0000000040346,MAURİ MAYA BANDIRMA KOJENERASYON SANTRALİ,unknown,2026-05-31 21:00:00+03:00,,0.0,chunk_0008.json,POST /v1/generation/data/dpp-bulk,2026-05-31 21:45:13.403990+00:00,4034,MAURİ MAYA BANDIRMA KOJENERASYON SANTRALİ,387,2026-05-31T21:00:00+03:00,21:00
40W0000000040346,MAURİ MAYA BANDIRMA KOJENERASYON SANTRALİ,unknown,2026-05-31 22:00:00+03:00,,0.0,chunk_0008.json,POST /v1/generation/data/dpp-bulk,2026-05-31 21:45:13.403990+00:00,4034,MAURİ MAYA BANDIRMA KOJENERASYON SANTRALİ,387,2026-05-31T22:00:00+03:00,22:00
40W0000000040346,MAURİ MAYA BANDIRMA KOJENERASYON SANTRALİ,unknown,2026-05-31 23:00:00+03:00,,0.0,chunk_0008.json,POST /v1/generation/data/dpp-bulk,2026-05-31 21:45:13.403990+00:00,4034,MAURİ MAYA BANDIRMA KOJENERASYON SANTRALİ,387,2026-05-31T23:00:00+03:00,23:00
40W000000004055Z,ITC-KA Sincan Biyokütle Santali,unknown,2026-05-31 00:00:00+03:00,,7.8,chunk_0008.json,POST /v1/generation/data/dpp-bulk,2026-05-31 21:45:13.403990+00:00,4055,ITC-KA Sincan Biyokütle Santali,420,2026-05-31T00:00:00+03:00,00:00
40W000000004055Z,ITC-KA Sincan Biyokütle Santali,unknown,2026-05-31 01:00:00+03:00,,7.8,chunk_0008.json,POST /v1/generation/data/dpp-bulk,2026-05-31 21:45:13.403990+00:00,4055,ITC-KA Sincan Biyokütle Santali,420,2026-05-31T01:00:00+03:00,01:00
40W000000004055Z,ITC-KA Sincan Biyokütle Santali,unknown,2026-05-31 02:00:00+03:00,,7.79,chunk_0008.json,POST /v1/generation/data/dpp-bulk,2026-05-31 21:45:13.403990+00:00,4055,ITC-KA Sincan Biyokütle Santali,420,2026-05-31T02:00:00+03:00,02:00
40W000000004055Z,ITC-KA Sincan Biyokütle Santali,unknown,2026-05-31 03:00:00+03:00,,7.8,chunk_0008.json,POST /v1/generation/data/dpp-bulk,2026-05-31 21:45:13.403990+00:00,4055,ITC-KA Sincan Biyokütle Santali,420,2026-05-31T03:00:00+03:00,03:00
40W000000004055Z,ITC-KA Sincan Biyokütle Santali,unknown,2026-05-31 04:00:00+03:00,,8.1,chunk_0008.json,POST /v1/generation/data/dpp-bulk,2026-05-31 21:45:13.403990+00:00,4055,ITC-KA Sincan Biyokütle Santali,420,2026-05-31T04:00:00+03:00,04:00
40W000000004055Z,ITC-KA Sincan Biyokütle Santali,unknown,2026-05-31 05:00:00+03:00,,7.8,chunk_0008.json,POST /v1/generation/data/dpp-bulk,2026-05-31 21:45:13.403990+00:00,4055,ITC-KA Sincan Biyokütle Santali,420,2026-05-31T05:00:00+03:00,05:00
40W000000004055Z,ITC-KA Sincan Biyokütle Santali,unknown,2026-05-31 06:00:00+03:00,,7.8,chunk_0008.json,POST /v1/generation/data/dpp-bulk,2026-05-31 21:45:13.403990+00:00,4055,ITC-KA Sincan Biyokütle Santali,420,2026-05-31T06:00:00+03:00,06:00
40W000000004055Z,ITC-KA Sincan Biyokütle Santali,unknown,2026-05-31 07:00:00+03:00,,7.8,chunk_0008.json,POST /v1/generation/data/dpp-bulk,2026-05-31 21:45:13.403990+00:00,4055,ITC-KA Sincan Biyokütle Santali,420,2026-05-31T07:00:00+03:00,07:00
40W000000004055Z,ITC-KA Sincan Biyokütle Santali,unknown,2026-05-31 08:00:00+03:00,,7.8,chunk_0008.json,POST /v1/generation/data/dpp-bulk,2026-05-31 21:45:13.403990+00:00,4055,ITC-KA Sincan Biyokütle Santali,420,2026-05-31T08:00:00+03:00,08:00
40W000000004055Z,ITC-KA Sincan Biyokütle Santali,unknown,2026-05-31 09:00:00+03:00,,7.8,chunk_0008.json,POST /v1/generation/data/dpp-bulk,2026-05-31 21:45:13.403990+00:00,4055,ITC-KA Sincan Biyokütle Santali,420,2026-05-31T09:00:00+03:00,09:00
40W000000004055Z,ITC-KA Sincan Biyokütle Santali,unknown,2026-05-31 10:00:00+03:00,,7.8,chunk_0008.json,POST /v1/generation/data/dpp-bulk,2026-05-31 21:45:13.403990+00:00,4055,ITC-KA Sincan Biyokütle Santali,420,2026-05-31T10:00:00+03:00,10:00
40W000000004055Z,ITC-KA Sincan Biyokütle Santali,unknown,2026-05-31 11:00:00+03:00,,7.8,chunk_0008.json,POST /v1/generation/data/dpp-bulk,2026-05-31 21:45:13.403990+00:00,4055,ITC-KA Sincan Biyokütle Santali,420,2026-05-31T11:00:00+03:00,11:00
40W000000004055Z,ITC-KA Sincan Biyokütle Santali,unknown,2026-05-31 12:00:00+03:00,,8.1,chunk_0008.json,POST /v1/generation/data/dpp-bulk,2026-05-31 21:45:13.403990+00:00,4055,ITC-KA Sincan Biyokütle Santali,420,2026-05-31T12:00:00+03:00,12:00
40W000000004055Z,ITC-KA Sincan Biyokütle Santali,unknown,2026-05-31 13:00:00+03:00,,7.8,chunk_0008.json,POST /v1/generation/data/dpp-bulk,2026-05-31 21:45:13.403990+00:00,4055,ITC-KA Sincan Biyokütle Santali,420,2026-05-31T13:00:00+03:00,13:00
40W000000004055Z,ITC-KA Sincan Biyokütle Santali,unknown,2026-05-31 14:00:00+03:00,,7.8,chunk_0008.json,POST /v1/generation/data/dpp-bulk,2026-05-31 21:45:13.403990+00:00,4055,ITC-KA Sincan Biyokütle Santali,420,2026-05-31T14:00:00+03:00,14:00
40W000000004055Z,ITC-KA Sincan Biyokütle Santali,unknown,2026-05-31 15:00:00+03:00,,7.8,chunk_0008.json,POST /v1/generation/data/dpp-bulk,2026-05-31 21:45:13.403990+00:00,4055,ITC-KA Sincan Biyokütle Santali,420,2026-05-31T15:00:00+03:00,15:00
40W000000004055Z,ITC-KA Sincan Biyokütle Santali,unknown,2026-05-31 16:00:00+03:00,,7.8,chunk_0008.json,POST /v1/generation/data/dpp-bulk,2026-05-31 21:45:13.403990+00:00,4055,ITC-KA Sincan Biyokütle Santali,420,2026-05-31T16:00:00+03:00,16:00
40W000000004055Z,ITC-KA Sincan Biyokütle Santali,unknown,2026-05-31 17:00:00+03:00,,7.8,chunk_0008.json,POST /v1/generation/data/dpp-bulk,2026-05-31 21:45:13.403990+00:00,4055,ITC-KA Sincan Biyokütle Santali,420,2026-05-31T17:00:00+03:00,17:00
40W000000004055Z,ITC-KA Sincan Biyokütle Santali,unknown,2026-05-31 18:00:00+03:00,,7.79,chunk_0008.json,POST /v1/generation/data/dpp-bulk,2026-05-31 21:45:13.403990+00:00,4055,ITC-KA Sincan Biyokütle Santali,420,2026-05-31T18:00:00+03:00,18:00
40W000000004055Z,ITC-KA Sincan Biyokütle Santali,unknown,2026-05-31 19:00:00+03:00,,21.29,chunk_0008.json,POST /v1/generation/data/dpp-bulk,2026-05-31 21:45:13.403990+00:00,4055,ITC-KA Sincan Biyokütle Santali,420,2026-05-31T19:00:00+03:00,19:00
40W000000004055Z,ITC-KA Sincan Biyokütle Santali,unknown,2026-05-31 20:00:00+03:00,,21.3,chunk_0008.json,POST /v1/generation/data/dpp-bulk,2026-05-31 21:45:13.403990+00:00,4055,ITC-KA Sincan Biyokütle Santali,420,2026-05-31T20:00:00+03:00,20:00
40W000000004055Z,ITC-KA Sincan Biyokütle Santali,unknown,2026-05-31 21:00:00+03:00,,20.99,chunk_0008.json,POST /v1/generation/data/dpp-bulk,2026-05-31 21:45:13.403990+00:00,4055,ITC-KA Sincan Biyokütle Santali,420,2026-05-31T21:00:00+03:00,21:00
40W000000004055Z,ITC-KA Sincan Biyokütle Santali,unknown,2026-05-31 22:00:00+03:00,,20.99,chunk_0008.json,POST /v1/generation/data/dpp-bulk,2026-05-31 21:45:13.403990+00:00,4055,ITC-KA Sincan Biyokütle Santali,420,2026-05-31T22:00:00+03:00,22:00
40W000000004055Z,ITC-KA Sincan Biyokütle Santali,unknown,2026-05-31 23:00:00+03:00,,21.0,chunk_0008.json,POST /v1/generation/data/dpp-bulk,2026-05-31 21:45:13.403990+00:00,4055,ITC-KA Sincan Biyokütle Santali,420,2026-05-31T23:00:00+03:00,23:00
40W0000000039643,SİLOPİ TES 154kV,unknown,2026-05-31 00:00:00+03:00,,89.0,chunk_0008.json,POST /v1/generation/data/dpp-bulk,2026-05-31 21:45:13.403990+00:00,3964,SİLOPİ TES 154kV,601,2026-05-31T00:00:00+03:00,00:00
40W0000000039643,SİLOPİ TES 154kV,unknown,2026-05-31 01:00:00+03:00,,89.0,chunk_0008.json,POST /v1/generation/data/dpp-bulk,2026-05-31 21:45:13.403990+00:00,3964,SİLOPİ TES 154kV,601,2026-05-31T01:00:00+03:00,01:00
40W0000000039643,SİLOPİ TES 154kV,unknown,2026-05-31 02:00:00+03:00,,89.0,chunk_0008.json,POST /v1/generation/data/dpp-bulk,2026-05-31 21:45:13.403990+00:00,3964,SİLOPİ TES 154kV,601,2026-05-31T02:00:00+03:00,02:00
40W0000000039643,SİLOPİ TES 154kV,unknown,2026-05-31 03:00:00+03:00,,89.0,chunk_0008.json,POST /v1/generation/data/dpp-bulk,2026-05-31 21:45:13.403990+00:00,3964,SİLOPİ TES 154kV,601,2026-05-31T03:00:00+03:00,03:00
40W0000000039643,SİLOPİ TES 154kV,unknown,2026-05-31 04:00:00+03:00,,89.0,chunk_0008.json,POST /v1/generation/data/dpp-bulk,2026-05-31 21:45:13.403990+00:00,3964,SİLOPİ TES 154kV,601,2026-05-31T04:00:00+03:00,04:00
40W0000000039643,SİLOPİ TES 154kV,unknown,2026-05-31 05:00:00+03:00,,89.0,chunk_0008.json,POST /v1/generation/data/dpp-bulk,2026-05-31 21:45:13.403990+00:00,3964,SİLOPİ TES 154kV,601,2026-05-31T05:00:00+03:00,05:00
40W0000000039643,SİLOPİ TES 154kV,unknown,2026-05-31 06:00:00+03:00,,89.0,chunk_0008.json,POST /v1/generation/data/dpp-bulk,2026-05-31 21:45:13.403990+00:00,3964,SİLOPİ TES 154kV,601,2026-05-31T06:00:00+03:00,06:00
40W0000000039643,SİLOPİ TES 154kV,unknown,2026-05-31 07:00:00+03:00,,89.0,chunk_0008.json,POST /v1/generation/data/dpp-bulk,2026-05-31 21:45:13.403990+00:00,3964,SİLOPİ TES 154kV,601,2026-05-31T07:00:00+03:00,07:00
40W0000000039643,SİLOPİ TES 154kV,unknown,2026-05-31 08:00:00+03:00,,89.0,chunk_0008.json,POST /v1/generation/data/dpp-bulk,2026-05-31 21:45:13.403990+00:00,3964,SİLOPİ TES 154kV,601,2026-05-31T08:00:00+03:00,08:00
40W0000000039643,SİLOPİ TES 154kV,unknown,2026-05-31 09:00:00+03:00,,89.0,chunk_0008.json,POST /v1/generation/data/dpp-bulk,2026-05-31 21:45:13.403990+00:00,3964,SİLOPİ TES 154kV,601,2026-05-31T09:00:00+03:00,09:00
40W0000000039643,SİLOPİ TES 154kV,unknown,2026-05-31 10:00:00+03:00,,89.0,chunk_0008.json,POST /v1/generation/data/dpp-bulk,2026-05-31 21:45:13.403990+00:00,3964,SİLOPİ TES 154kV,601,2026-05-31T10:00:00+03:00,10:00
40W0000000039643,SİLOPİ TES 154kV,unknown,2026-05-31 11:00:00+03:00,,89.0,chunk_0008.json,POST /v1/generation/data/dpp-bulk,2026-05-31 21:45:13.403990+00:00,3964,SİLOPİ TES 154kV,601,2026-05-31T11:00:00+03:00,11:00
40W0000000039643,SİLOPİ TES 154kV,unknown,2026-05-31 12:00:00+03:00,,89.0,chunk_0008.json,POST /v1/generation/data/dpp-bulk,2026-05-31 21:45:13.403990+00:00,3964,SİLOPİ TES 154kV,601,2026-05-31T12:00:00+03:00,12:00
40W0000000039643,SİLOPİ TES 154kV,unknown,2026-05-31 13:00:00+03:00,,89.0,chunk_0008.json,POST /v1/generation/data/dpp-bulk,2026-05-31 21:45:13.403990+00:00,3964,SİLOPİ TES 154kV,601,2026-05-31T13:00:00+03:00,13:00
40W0000000039643,SİLOPİ TES 154kV,unknown,2026-05-31 14:00:00+03:00,,89.0,chunk_0008.json,POST /v1/generation/data/dpp-bulk,2026-05-31 21:45:13.403990+00:00,3964,SİLOPİ TES 154kV,601,2026-05-31T14:00:00+03:00,14:00
40W0000000039643,SİLOPİ TES 154kV,unknown,2026-05-31 15:00:00+03:00,,89.0,chunk_0008.json,POST /v1/generation/data/dpp-bulk,2026-05-31 21:45:13.403990+00:00,3964,SİLOPİ TES 154kV,601,2026-05-31T15:00:00+03:00,15:00
40W0000000039643,SİLOPİ TES 154kV,unknown,2026-05-31 16:00:00+03:00,,89.0,chunk_0008.json,POST /v1/generation/data/dpp-bulk,2026-05-31 21:45:13.403990+00:00,3964,SİLOPİ TES 154kV,601,2026-05-31T16:00:00+03:00,16:00
40W0000000039643,SİLOPİ TES 154kV,unknown,2026-05-31 17:00:00+03:00,,89.0,chunk_0008.json,POST /v1/generation/data/dpp-bulk,2026-05-31 21:45:13.403990+00:00,3964,SİLOPİ TES 154kV,601,2026-05-31T17:00:00+03:00,17:00
40W0000000039643,SİLOPİ TES 154kV,unknown,2026-05-31 18:00:00+03:00,,89.0,chunk_0008.json,POST /v1/generation/data/dpp-bulk,2026-05-31 21:45:13.403990+00:00,3964,SİLOPİ TES 154kV,601,2026-05-31T18:00:00+03:00,18:00
40W0000000039643,SİLOPİ TES 154kV,unknown,2026-05-31 19:00:00+03:00,,89.0,chunk_0008.json,POST /v1/generation/data/dpp-bulk,2026-05-31 21:45:13.403990+00:00,3964,SİLOPİ TES 154kV,601,2026-05-31T19:00:00+03:00,19:00
40W0000000039643,SİLOPİ TES 154kV,unknown,2026-05-31 20:00:00+03:00,,89.0,chunk_0008.json,POST /v1/generation/data/dpp-bulk,2026-05-31 21:45:13.403990+00:00,3964,SİLOPİ TES 154kV,601,2026-05-31T20:00:00+03:00,20:00
40W0000000039643,SİLOPİ TES 154kV,unknown,2026-05-31 21:00:00+03:00,,89.0,chunk_0008.json,POST /v1/generation/data/dpp-bulk,2026-05-31 21:45:13.403990+00:00,3964,SİLOPİ TES 154kV,601,2026-05-31T21:00:00+03:00,21:00
40W0000000039643,SİLOPİ TES 154kV,unknown,2026-05-31 22:00:00+03:00,,89.0,chunk_0008.json,POST /v1/generation/data/dpp-bulk,2026-05-31 21:45:13.403990+00:00,3964,SİLOPİ TES 154kV,601,2026-05-31T22:00:00+03:00,22:00
40W0000000039643,SİLOPİ TES 154kV,unknown,2026-05-31 23:00:00+03:00,,89.0,chunk_0008.json,POST /v1/generation/data/dpp-bulk,2026-05-31 21:45:13.403990+00:00,3964,SİLOPİ TES 154kV,601,2026-05-31T23:00:00+03:00,23:00
40W0000000039562,GALİP HOCA JES,unknown,2026-05-31 00:00:00+03:00,,22.7,chunk_0008.json,POST /v1/generation/data/dpp-bulk,2026-05-31 21:45:13.403990+00:00,3956,GALİP HOCA JES,620,2026-05-31T00:00:00+03:00,00:00
40W0000000039562,GALİP HOCA JES,unknown,2026-05-31 01:00:00+03:00,,22.7,chunk_0008.json,POST /v1/generation/data/dpp-bulk,2026-05-31 21:45:13.403990+00:00,3956,GALİP HOCA JES,620,2026-05-31T01:00:00+03:00,01:00
40W0000000039562,GALİP HOCA JES,unknown,2026-05-31 02:00:00+03:00,,22.7,chunk_0008.json,POST /v1/generation/data/dpp-bulk,2026-05-31 21:45:13.403990+00:00,3956,GALİP HOCA JES,620,2026-05-31T02:00:00+03:00,02:00
40W0000000039562,GALİP HOCA JES,unknown,2026-05-31 03:00:00+03:00,,22.9,chunk_0008.json,POST /v1/generation/data/dpp-bulk,2026-05-31 21:45:13.403990+00:00,3956,GALİP HOCA JES,620,2026-05-31T03:00:00+03:00,03:00
40W0000000039562,GALİP HOCA JES,unknown,2026-05-31 04:00:00+03:00,,23.3,chunk_0008.json,POST /v1/generation/data/dpp-bulk,2026-05-31 21:45:13.403990+00:00,3956,GALİP HOCA JES,620,2026-05-31T04:00:00+03:00,04:00
40W0000000039562,GALİP HOCA JES,unknown,2026-05-31 05:00:00+03:00,,23.4,chunk_0008.json,POST /v1/generation/data/dpp-bulk,2026-05-31 21:45:13.403990+00:00,3956,GALİP HOCA JES,620,2026-05-31T05:00:00+03:00,05:00
40W0000000039562,GALİP HOCA JES,unknown,2026-05-31 06:00:00+03:00,,23.5,chunk_0008.json,POST /v1/generation/data/dpp-bulk,2026-05-31 21:45:13.403990+00:00,3956,GALİP HOCA JES,620,2026-05-31T06:00:00+03:00,06:00
40W0000000039562,GALİP HOCA JES,unknown,2026-05-31 07:00:00+03:00,,23.3,chunk_0008.json,POST /v1/generation/data/dpp-bulk,2026-05-31 21:45:13.403990+00:00,3956,GALİP HOCA JES,620,2026-05-31T07:00:00+03:00,07:00
40W0000000039562,GALİP HOCA JES,unknown,2026-05-31 08:00:00+03:00,,23.3,chunk_0008.json,POST /v1/generation/data/dpp-bulk,2026-05-31 21:45:13.403990+00:00,3956,GALİP HOCA JES,620,2026-05-31T08:00:00+03:00,08:00
40W0000000039562,GALİP HOCA JES,unknown,2026-05-31 09:00:00+03:00,,22.7,chunk_0008.json,POST /v1/generation/data/dpp-bulk,2026-05-31 21:45:13.403990+00:00,3956,GALİP HOCA JES,620,2026-05-31T09:00:00+03:00,09:00
40W0000000039562,GALİP HOCA JES,unknown,2026-05-31 10:00:00+03:00,,22.7,chunk_0008.json,POST /v1/generation/data/dpp-bulk,2026-05-31 21:45:13.403990+00:00,3956,GALİP HOCA JES,620,2026-05-31T10:00:00+03:00,10:00
40W0000000039562,GALİP HOCA JES,unknown,2026-05-31 11:00:00+03:00,,22.7,chunk_0008.json,POST /v1/generation/data/dpp-bulk,2026-05-31 21:45:13.403990+00:00,3956,GALİP HOCA JES,620,2026-05-31T11:00:00+03:00,11:00
40W0000000039562,GALİP HOCA JES,unknown,2026-05-31 12:00:00+03:00,,22.6,chunk_0008.json,POST /v1/generation/data/dpp-bulk,2026-05-31 21:45:13.403990+00:00,3956,GALİP HOCA JES,620,2026-05-31T12:00:00+03:00,12:00
40W0000000039562,GALİP HOCA JES,unknown,2026-05-31 13:00:00+03:00,,22.5,chunk_0008.json,POST /v1/generation/data/dpp-bulk,2026-05-31 21:45:13.403990+00:00,3956,GALİP HOCA JES,620,2026-05-31T13:00:00+03:00,13:00
40W0000000039562,GALİP HOCA JES,unknown,2026-05-31 14:00:00+03:00,,22.5,chunk_0008.json,POST /v1/generation/data/dpp-bulk,2026-05-31 21:45:13.403990+00:00,3956,GALİP HOCA JES,620,2026-05-31T14:00:00+03:00,14:00
40W0000000039562,GALİP HOCA JES,unknown,2026-05-31 15:00:00+03:00,,22.5,chunk_0008.json,POST /v1/generation/data/dpp-bulk,2026-05-31 21:45:13.403990+00:00,3956,GALİP HOCA JES,620,2026-05-31T15:00:00+03:00,15:00
40W0000000039562,GALİP HOCA JES,unknown,2026-05-31 16:00:00+03:00,,22.5,chunk_0008.json,POST /v1/generation/data/dpp-bulk,2026-05-31 21:45:13.403990+00:00,3956,GALİP HOCA JES,620,2026-05-31T16:00:00+03:00,16:00
40W0000000039562,GALİP HOCA JES,unknown,2026-05-31 17:00:00+03:00,,22.5,chunk_0008.json,POST /v1/generation/data/dpp-bulk,2026-05-31 21:45:13.403990+00:00,3956,GALİP HOCA JES,620,2026-05-31T17:00:00+03:00,17:00
40W0000000039562,GALİP HOCA JES,unknown,2026-05-31 18:00:00+03:00,,22.6,chunk_0008.json,POST /v1/generation/data/dpp-bulk,2026-05-31 21:45:13.403990+00:00,3956,GALİP HOCA JES,620,2026-05-31T18:00:00+03:00,18:00
40W0000000039562,GALİP HOCA JES,unknown,2026-05-31 19:00:00+03:00,,22.7,chunk_0008.json,POST /v1/generation/data/dpp-bulk,2026-05-31 21:45:13.403990+00:00,3956,GALİP HOCA JES,620,2026-05-31T19:00:00+03:00,19:00
40W0000000039562,GALİP HOCA JES,unknown,2026-05-31 20:00:00+03:00,,22.8,chunk_0008.json,POST /v1/generation/data/dpp-bulk,2026-05-31 21:45:13.403990+00:00,3956,GALİP HOCA JES,620,2026-05-31T20:00:00+03:00,20:00
40W0000000039562,GALİP HOCA JES,unknown,2026-05-31 21:00:00+03:00,,23.0,chunk_0008.json,POST /v1/generation/data/dpp-bulk,2026-05-31 21:45:13.403990+00:00,3956,GALİP HOCA JES,620,2026-05-31T21:00:00+03:00,21:00
40W0000000039562,GALİP HOCA JES,unknown,2026-05-31 22:00:00+03:00,,23.0,chunk_0008.json,POST /v1/generation/data/dpp-bulk,2026-05-31 21:45:13.403990+00:00,3956,GALİP HOCA JES,620,2026-05-31T22:00:00+03:00,22:00
40W0000000039562,GALİP HOCA JES,unknown,2026-05-31 23:00:00+03:00,,23.0,chunk_0008.json,POST /v1/generation/data/dpp-bulk,2026-05-31 21:45:13.403990+00:00,3956,GALİP HOCA JES,620,2026-05-31T23:00:00+03:00,23:00
40W000000003987S,GÜNEŞLİ HES(ÖZYAKUT ENR.),unknown,2026-05-31 00:00:00+03:00,,0.0,chunk_0008.json,POST /v1/generation/data/dpp-bulk,2026-05-31 21:45:13.403990+00:00,3987,GÜNEŞLİ HES(ÖZYAKUT ENR.),634,2026-05-31T00:00:00+03:00,00:00
40W000000003987S,GÜNEŞLİ HES(ÖZYAKUT ENR.),unknown,2026-05-31 01:00:00+03:00,,0.0,chunk_0008.json,POST /v1/generation/data/dpp-bulk,2026-05-31 21:45:13.403990+00:00,3987,GÜNEŞLİ HES(ÖZYAKUT ENR.),634,2026-05-31T01:00:00+03:00,01:00
40W000000003987S,GÜNEŞLİ HES(ÖZYAKUT ENR.),unknown,2026-05-31 02:00:00+03:00,,0.0,chunk_0008.json,POST /v1/generation/data/dpp-bulk,2026-05-31 21:45:13.403990+00:00,3987,GÜNEŞLİ HES(ÖZYAKUT ENR.),634,2026-05-31T02:00:00+03:00,02:00
40W000000003987S,GÜNEŞLİ HES(ÖZYAKUT ENR.),unknown,2026-05-31 03:00:00+03:00,,0.0,chunk_0008.json,POST /v1/generation/data/dpp-bulk,2026-05-31 21:45:13.403990+00:00,3987,GÜNEŞLİ HES(ÖZYAKUT ENR.),634,2026-05-31T03:00:00+03:00,03:00
40W000000003987S,GÜNEŞLİ HES(ÖZYAKUT ENR.),unknown,2026-05-31 04:00:00+03:00,,0.0,chunk_0008.json,POST /v1/generation/data/dpp-bulk,2026-05-31 21:45:13.403990+00:00,3987,GÜNEŞLİ HES(ÖZYAKUT ENR.),634,2026-05-31T04:00:00+03:00,04:00
40W000000003987S,GÜNEŞLİ HES(ÖZYAKUT ENR.),unknown,2026-05-31 05:00:00+03:00,,0.0,chunk_0008.json,POST /v1/generation/data/dpp-bulk,2026-05-31 21:45:13.403990+00:00,3987,GÜNEŞLİ HES(ÖZYAKUT ENR.),634,2026-05-31T05:00:00+03:00,05:00
40W000000003987S,GÜNEŞLİ HES(ÖZYAKUT ENR.),unknown,2026-05-31 06:00:00+03:00,,0.0,chunk_0008.json,POST /v1/generation/data/dpp-bulk,2026-05-31 21:45:13.403990+00:00,3987,GÜNEŞLİ HES(ÖZYAKUT ENR.),634,2026-05-31T06:00:00+03:00,06:00
40W000000003987S,GÜNEŞLİ HES(ÖZYAKUT ENR.),unknown,2026-05-31 07:00:00+03:00,,0.0,chunk_0008.json,POST /v1/generation/data/dpp-bulk,2026-05-31 21:45:13.403990+00:00,3987,GÜNEŞLİ HES(ÖZYAKUT ENR.),634,2026-05-31T07:00:00+03:00,07:00
40W000000003987S,GÜNEŞLİ HES(ÖZYAKUT ENR.),unknown,2026-05-31 08:00:00+03:00,,0.0,chunk_0008.json,POST /v1/generation/data/dpp-bulk,2026-05-31 21:45:13.403990+00:00,3987,GÜNEŞLİ HES(ÖZYAKUT ENR.),634,2026-05-31T08:00:00+03:00,08:00
40W000000003987S,GÜNEŞLİ HES(ÖZYAKUT ENR.),unknown,2026-05-31 09:00:00+03:00,,0.0,chunk_0008.json,POST /v1/generation/data/dpp-bulk,2026-05-31 21:45:13.403990+00:00,3987,GÜNEŞLİ HES(ÖZYAKUT ENR.),634,2026-05-31T09:00:00+03:00,09:00
40W000000003987S,GÜNEŞLİ HES(ÖZYAKUT ENR.),unknown,2026-05-31 10:00:00+03:00,,0.0,chunk_0008.json,POST /v1/generation/data/dpp-bulk,2026-05-31 21:45:13.403990+00:00,3987,GÜNEŞLİ HES(ÖZYAKUT ENR.),634,2026-05-31T10:00:00+03:00,10:00
40W000000003987S,GÜNEŞLİ HES(ÖZYAKUT ENR.),unknown,2026-05-31 11:00:00+03:00,,0.0,chunk_0008.json,POST /v1/generation/data/dpp-bulk,2026-05-31 21:45:13.403990+00:00,3987,GÜNEŞLİ HES(ÖZYAKUT ENR.),634,2026-05-31T11:00:00+03:00,11:00
40W000000003987S,GÜNEŞLİ HES(ÖZYAKUT ENR.),unknown,2026-05-31 12:00:00+03:00,,0.0,chunk_0008.json,POST /v1/generation/data/dpp-bulk,2026-05-31 21:45:13.403990+00:00,3987,GÜNEŞLİ HES(ÖZYAKUT ENR.),634,2026-05-31T12:00:00+03:00,12:00
40W000000003987S,GÜNEŞLİ HES(ÖZYAKUT ENR.),unknown,2026-05-31 13:00:00+03:00,,0.0,chunk_0008.json,POST /v1/generation/data/dpp-bulk,2026-05-31 21:45:13.403990+00:00,3987,GÜNEŞLİ HES(ÖZYAKUT ENR.),634,2026-05-31T13:00:00+03:00,13:00
40W000000003987S,GÜNEŞLİ HES(ÖZYAKUT ENR.),unknown,2026-05-31 14:00:00+03:00,,0.0,chunk_0008.json,POST /v1/generation/data/dpp-bulk,2026-05-31 21:45:13.403990+00:00,3987,GÜNEŞLİ HES(ÖZYAKUT ENR.),634,2026-05-31T14:00:00+03:00,14:00
40W000000003987S,GÜNEŞLİ HES(ÖZYAKUT ENR.),unknown,2026-05-31 15:00:00+03:00,,0.0,chunk_0008.json,POST /v1/generation/data/dpp-bulk,2026-05-31 21:45:13.403990+00:00,3987,GÜNEŞLİ HES(ÖZYAKUT ENR.),634,2026-05-31T15:00:00+03:00,15:00
40W000000003987S,GÜNEŞLİ HES(ÖZYAKUT ENR.),unknown,2026-05-31 16:00:00+03:00,,0.0,chunk_0008.json,POST /v1/generation/data/dpp-bulk,2026-05-31 21:45:13.403990+00:00,3987,GÜNEŞLİ HES(ÖZYAKUT ENR.),634,2026-05-31T16:00:00+03:00,16:00
40W000000003987S,GÜNEŞLİ HES(ÖZYAKUT ENR.),unknown,2026-05-31 17:00:00+03:00,,0.0,chunk_0008.json,POST /v1/generation/data/dpp-bulk,2026-05-31 21:45:13.403990+00:00,3987,GÜNEŞLİ HES(ÖZYAKUT ENR.),634,2026-05-31T17:00:00+03:00,17:00
40W000000003987S,GÜNEŞLİ HES(ÖZYAKUT ENR.),unknown,2026-05-31 18:00:00+03:00,,0.0,chunk_0008.json,POST /v1/generation/data/dpp-bulk,2026-05-31 21:45:13.403990+00:00,3987,GÜNEŞLİ HES(ÖZYAKUT ENR.),634,2026-05-31T18:00:00+03:00,18:00
40W000000003987S,GÜNEŞLİ HES(ÖZYAKUT ENR.),unknown,2026-05-31 19:00:00+03:00,,0.0,chunk_0008.json,POST /v1/generation/data/dpp-bulk,2026-05-31 21:45:13.403990+00:00,3987,GÜNEŞLİ HES(ÖZYAKUT ENR.),634,2026-05-31T19:00:00+03:00,19:00
40W000000003987S,GÜNEŞLİ HES(ÖZYAKUT ENR.),unknown,2026-05-31 20:00:00+03:00,,0.0,chunk_0008.json,POST /v1/generation/data/dpp-bulk,2026-05-31 21:45:13.403990+00:00,3987,GÜNEŞLİ HES(ÖZYAKUT ENR.),634,2026-05-31T20:00:00+03:00,20:00
40W000000003987S,GÜNEŞLİ HES(ÖZYAKUT ENR.),unknown,2026-05-31 21:00:00+03:00,,0.0,chunk_0008.json,POST /v1/generation/data/dpp-bulk,2026-05-31 21:45:13.403990+00:00,3987,GÜNEŞLİ HES(ÖZYAKUT ENR.),634,2026-05-31T21:00:00+03:00,21:00
40W000000003987S,GÜNEŞLİ HES(ÖZYAKUT ENR.),unknown,2026-05-31 22:00:00+03:00,,0.0,chunk_0008.json,POST /v1/generation/data/dpp-bulk,2026-05-31 21:45:13.403990+00:00,3987,GÜNEŞLİ HES(ÖZYAKUT ENR.),634,2026-05-31T22:00:00+03:00,22:00
40W000000003987S,GÜNEŞLİ HES(ÖZYAKUT ENR.),unknown,2026-05-31 23:00:00+03:00,,0.0,chunk_0008.json,POST /v1/generation/data/dpp-bulk,2026-05-31 21:45:13.403990+00:00,3987,GÜNEŞLİ HES(ÖZYAKUT ENR.),634,2026-05-31T23:00:00+03:00,23:00
40W000000003975Z,BAYBURT ENERJİ ÜRETİM VE TİC. A.Ş.,unknown,2026-05-31 00:00:00+03:00,,14.0,chunk_0008.json,POST /v1/generation/data/dpp-bulk,2026-05-31 21:45:13.403990+00:00,3975,BAYBURT ENERJİ ÜRETİM VE TİC. A.Ş.,638,2026-05-31T00:00:00+03:00,00:00
40W000000003975Z,BAYBURT ENERJİ ÜRETİM VE TİC. A.Ş.,unknown,2026-05-31 01:00:00+03:00,,14.0,chunk_0008.json,POST /v1/generation/data/dpp-bulk,2026-05-31 21:45:13.403990+00:00,3975,BAYBURT ENERJİ ÜRETİM VE TİC. A.Ş.,638,2026-05-31T01:00:00+03:00,01:00
40W000000003975Z,BAYBURT ENERJİ ÜRETİM VE TİC. A.Ş.,unknown,2026-05-31 02:00:00+03:00,,14.0,chunk_0008.json,POST /v1/generation/data/dpp-bulk,2026-05-31 21:45:13.403990+00:00,3975,BAYBURT ENERJİ ÜRETİM VE TİC. A.Ş.,638,2026-05-31T02:00:00+03:00,02:00
40W000000003975Z,BAYBURT ENERJİ ÜRETİM VE TİC. A.Ş.,unknown,2026-05-31 03:00:00+03:00,,14.0,chunk_0008.json,POST /v1/generation/data/dpp-bulk,2026-05-31 21:45:13.403990+00:00,3975,BAYBURT ENERJİ ÜRETİM VE TİC. A.Ş.,638,2026-05-31T03:00:00+03:00,03:00
40W000000003975Z,BAYBURT ENERJİ ÜRETİM VE TİC. A.Ş.,unknown,2026-05-31 04:00:00+03:00,,14.0,chunk_0008.json,POST /v1/generation/data/dpp-bulk,2026-05-31 21:45:13.403990+00:00,3975,BAYBURT ENERJİ ÜRETİM VE TİC. A.Ş.,638,2026-05-31T04:00:00+03:00,04:00
40W000000003975Z,BAYBURT ENERJİ ÜRETİM VE TİC. A.Ş.,unknown,2026-05-31 05:00:00+03:00,,14.0,chunk_0008.json,POST /v1/generation/data/dpp-bulk,2026-05-31 21:45:13.403990+00:00,3975,BAYBURT ENERJİ ÜRETİM VE TİC. A.Ş.,638,2026-05-31T05:00:00+03:00,05:00
40W000000003975Z,BAYBURT ENERJİ ÜRETİM VE TİC. A.Ş.,unknown,2026-05-31 06:00:00+03:00,,4.0,chunk_0008.json,POST /v1/generation/data/dpp-bulk,2026-05-31 21:45:13.403990+00:00,3975,BAYBURT ENERJİ ÜRETİM VE TİC. A.Ş.,638,2026-05-31T06:00:00+03:00,06:00
40W000000003975Z,BAYBURT ENERJİ ÜRETİM VE TİC. A.Ş.,unknown,2026-05-31 07:00:00+03:00,,4.0,chunk_0008.json,POST /v1/generation/data/dpp-bulk,2026-05-31 21:45:13.403990+00:00,3975,BAYBURT ENERJİ ÜRETİM VE TİC. A.Ş.,638,2026-05-31T07:00:00+03:00,07:00
40W000000003975Z,BAYBURT ENERJİ ÜRETİM VE TİC. A.Ş.,unknown,2026-05-31 08:00:00+03:00,,4.0,chunk_0008.json,POST /v1/generation/data/dpp-bulk,2026-05-31 21:45:13.403990+00:00,3975,BAYBURT ENERJİ ÜRETİM VE TİC. A.Ş.,638,2026-05-31T08:00:00+03:00,08:00
40W000000003975Z,BAYBURT ENERJİ ÜRETİM VE TİC. A.Ş.,unknown,2026-05-31 09:00:00+03:00,,4.0,chunk_0008.json,POST /v1/generation/data/dpp-bulk,2026-05-31 21:45:13.403990+00:00,3975,BAYBURT ENERJİ ÜRETİM VE TİC. A.Ş.,638,2026-05-31T09:00:00+03:00,09:00
40W000000003975Z,BAYBURT ENERJİ ÜRETİM VE TİC. A.Ş.,unknown,2026-05-31 10:00:00+03:00,,4.0,chunk_0008.json,POST /v1/generation/data/dpp-bulk,2026-05-31 21:45:13.403990+00:00,3975,BAYBURT ENERJİ ÜRETİM VE TİC. A.Ş.,638,2026-05-31T10:00:00+03:00,10:00
40W000000003975Z,BAYBURT ENERJİ ÜRETİM VE TİC. A.Ş.,unknown,2026-05-31 11:00:00+03:00,,4.0,chunk_0008.json,POST /v1/generation/data/dpp-bulk,2026-05-31 21:45:13.403990+00:00,3975,BAYBURT ENERJİ ÜRETİM VE TİC. A.Ş.,638,2026-05-31T11:00:00+03:00,11:00
40W000000003975Z,BAYBURT ENERJİ ÜRETİM VE TİC. A.Ş.,unknown,2026-05-31 12:00:00+03:00,,4.0,chunk_0008.json,POST /v1/generation/data/dpp-bulk,2026-05-31 21:45:13.403990+00:00,3975,BAYBURT ENERJİ ÜRETİM VE TİC. A.Ş.,638,2026-05-31T12:00:00+03:00,12:00
40W000000003975Z,BAYBURT ENERJİ ÜRETİM VE TİC. A.Ş.,unknown,2026-05-31 13:00:00+03:00,,4.0,chunk_0008.json,POST /v1/generation/data/dpp-bulk,2026-05-31 21:45:13.403990+00:00,3975,BAYBURT ENERJİ ÜRETİM VE TİC. A.Ş.,638,2026-05-31T13:00:00+03:00,13:00
40W000000003975Z,BAYBURT ENERJİ ÜRETİM VE TİC. A.Ş.,unknown,2026-05-31 14:00:00+03:00,,4.0,chunk_0008.json,POST /v1/generation/data/dpp-bulk,2026-05-31 21:45:13.403990+00:00,3975,BAYBURT ENERJİ ÜRETİM VE TİC. A.Ş.,638,2026-05-31T14:00:00+03:00,14:00
40W000000003975Z,BAYBURT ENERJİ ÜRETİM VE TİC. A.Ş.,unknown,2026-05-31 15:00:00+03:00,,4.0,chunk_0008.json,POST /v1/generation/data/dpp-bulk,2026-05-31 21:45:13.403990+00:00,3975,BAYBURT ENERJİ ÜRETİM VE TİC. A.Ş.,638,2026-05-31T15:00:00+03:00,15:00
40W000000003975Z,BAYBURT ENERJİ ÜRETİM VE TİC. A.Ş.,unknown,2026-05-31 16:00:00+03:00,,4.0,chunk_0008.json,POST /v1/generation/data/dpp-bulk,2026-05-31 21:45:13.403990+00:00,3975,BAYBURT ENERJİ ÜRETİM VE TİC. A.Ş.,638,2026-05-31T16:00:00+03:00,16:00
40W000000003975Z,BAYBURT ENERJİ ÜRETİM VE TİC. A.Ş.,unknown,2026-05-31 17:00:00+03:00,,4.0,chunk_0008.json,POST /v1/generation/data/dpp-bulk,2026-05-31 21:45:13.403990+00:00,3975,BAYBURT ENERJİ ÜRETİM VE TİC. A.Ş.,638,2026-05-31T17:00:00+03:00,17:00
40W000000003975Z,BAYBURT ENERJİ ÜRETİM VE TİC. A.Ş.,unknown,2026-05-31 18:00:00+03:00,,14.0,chunk_0008.json,POST /v1/generation/data/dpp-bulk,2026-05-31 21:45:13.403990+00:00,3975,BAYBURT ENERJİ ÜRETİM VE TİC. A.Ş.,638,2026-05-31T18:00:00+03:00,18:00
40W000000003975Z,BAYBURT ENERJİ ÜRETİM VE TİC. A.Ş.,unknown,2026-05-31 19:00:00+03:00,,14.0,chunk_0008.json,POST /v1/generation/data/dpp-bulk,2026-05-31 21:45:13.403990+00:00,3975,BAYBURT ENERJİ ÜRETİM VE TİC. A.Ş.,638,2026-05-31T19:00:00+03:00,19:00
40W000000003975Z,BAYBURT ENERJİ ÜRETİM VE TİC. A.Ş.,unknown,2026-05-31 20:00:00+03:00,,14.0,chunk_0008.json,POST /v1/generation/data/dpp-bulk,2026-05-31 21:45:13.403990+00:00,3975,BAYBURT ENERJİ ÜRETİM VE TİC. A.Ş.,638,2026-05-31T20:00:00+03:00,20:00
40W000000003975Z,BAYBURT ENERJİ ÜRETİM VE TİC. A.Ş.,unknown,2026-05-31 21:00:00+03:00,,14.0,chunk_0008.json,POST /v1/generation/data/dpp-bulk,2026-05-31 21:45:13.403990+00:00,3975,BAYBURT ENERJİ ÜRETİM VE TİC. A.Ş.,638,2026-05-31T21:00:00+03:00,21:00
40W000000003975Z,BAYBURT ENERJİ ÜRETİM VE TİC. A.Ş.,unknown,2026-05-31 22:00:00+03:00,,14.0,chunk_0008.json,POST /v1/generation/data/dpp-bulk,2026-05-31 21:45:13.403990+00:00,3975,BAYBURT ENERJİ ÜRETİM VE TİC. A.Ş.,638,2026-05-31T22:00:00+03:00,22:00
40W000000003975Z,BAYBURT ENERJİ ÜRETİM VE TİC. A.Ş.,unknown,2026-05-31 23:00:00+03:00,,14.0,chunk_0008.json,POST /v1/generation/data/dpp-bulk,2026-05-31 21:45:13.403990+00:00,3975,BAYBURT ENERJİ ÜRETİM VE TİC. A.Ş.,638,2026-05-31T23:00:00+03:00,23:00
40W0000000040516,YAZI HES,unknown,2026-05-31 00:00:00+03:00,,0.25,chunk_0008.json,POST /v1/generation/data/dpp-bulk,2026-05-31 21:45:13.403990+00:00,4051,YAZI HES,676,2026-05-31T00:00:00+03:00,00:00
40W0000000040516,YAZI HES,unknown,2026-05-31 01:00:00+03:00,,0.25,chunk_0008.json,POST /v1/generation/data/dpp-bulk,2026-05-31 21:45:13.403990+00:00,4051,YAZI HES,676,2026-05-31T01:00:00+03:00,01:00
40W0000000040516,YAZI HES,unknown,2026-05-31 02:00:00+03:00,,0.25,chunk_0008.json,POST /v1/generation/data/dpp-bulk,2026-05-31 21:45:13.403990+00:00,4051,YAZI HES,676,2026-05-31T02:00:00+03:00,02:00
40W0000000040516,YAZI HES,unknown,2026-05-31 03:00:00+03:00,,0.25,chunk_0008.json,POST /v1/generation/data/dpp-bulk,2026-05-31 21:45:13.403990+00:00,4051,YAZI HES,676,2026-05-31T03:00:00+03:00,03:00
40W0000000040516,YAZI HES,unknown,2026-05-31 04:00:00+03:00,,0.25,chunk_0008.json,POST /v1/generation/data/dpp-bulk,2026-05-31 21:45:13.403990+00:00,4051,YAZI HES,676,2026-05-31T04:00:00+03:00,04:00
40W0000000040516,YAZI HES,unknown,2026-05-31 05:00:00+03:00,,0.25,chunk_0008.json,POST /v1/generation/data/dpp-bulk,2026-05-31 21:45:13.403990+00:00,4051,YAZI HES,676,2026-05-31T05:00:00+03:00,05:00
40W0000000040516,YAZI HES,unknown,2026-05-31 06:00:00+03:00,,0.25,chunk_0008.json,POST /v1/generation/data/dpp-bulk,2026-05-31 21:45:13.403990+00:00,4051,YAZI HES,676,2026-05-31T06:00:00+03:00,06:00
40W0000000040516,YAZI HES,unknown,2026-05-31 07:00:00+03:00,,0.25,chunk_0008.json,POST /v1/generation/data/dpp-bulk,2026-05-31 21:45:13.403990+00:00,4051,YAZI HES,676,2026-05-31T07:00:00+03:00,07:00
40W0000000040516,YAZI HES,unknown,2026-05-31 08:00:00+03:00,,0.25,chunk_0008.json,POST /v1/generation/data/dpp-bulk,2026-05-31 21:45:13.403990+00:00,4051,YAZI HES,676,2026-05-31T08:00:00+03:00,08:00
40W0000000040516,YAZI HES,unknown,2026-05-31 09:00:00+03:00,,0.25,chunk_0008.json,POST /v1/generation/data/dpp-bulk,2026-05-31 21:45:13.403990+00:00,4051,YAZI HES,676,2026-05-31T09:00:00+03:00,09:00
40W0000000040516,YAZI HES,unknown,2026-05-31 10:00:00+03:00,,0.25,chunk_0008.json,POST /v1/generation/data/dpp-bulk,2026-05-31 21:45:13.403990+00:00,4051,YAZI HES,676,2026-05-31T10:00:00+03:00,10:00
40W0000000040516,YAZI HES,unknown,2026-05-31 11:00:00+03:00,,0.25,chunk_0008.json,POST /v1/generation/data/dpp-bulk,2026-05-31 21:45:13.403990+00:00,4051,YAZI HES,676,2026-05-31T11:00:00+03:00,11:00
40W0000000040516,YAZI HES,unknown,2026-05-31 12:00:00+03:00,,0.25,chunk_0008.json,POST /v1/generation/data/dpp-bulk,2026-05-31 21:45:13.403990+00:00,4051,YAZI HES,676,2026-05-31T12:00:00+03:00,12:00
40W0000000040516,YAZI HES,unknown,2026-05-31 13:00:00+03:00,,0.25,chunk_0008.json,POST /v1/generation/data/dpp-bulk,2026-05-31 21:45:13.403990+00:00,4051,YAZI HES,676,2026-05-31T13:00:00+03:00,13:00
40W0000000040516,YAZI HES,unknown,2026-05-31 14:00:00+03:00,,0.25,chunk_0008.json,POST /v1/generation/data/dpp-bulk,2026-05-31 21:45:13.403990+00:00,4051,YAZI HES,676,2026-05-31T14:00:00+03:00,14:00
40W0000000040516,YAZI HES,unknown,2026-05-31 15:00:00+03:00,,0.25,chunk_0008.json,POST /v1/generation/data/dpp-bulk,2026-05-31 21:45:13.403990+00:00,4051,YAZI HES,676,2026-05-31T15:00:00+03:00,15:00
40W0000000040516,YAZI HES,unknown,2026-05-31 16:00:00+03:00,,0.25,chunk_0008.json,POST /v1/generation/data/dpp-bulk,2026-05-31 21:45:13.403990+00:00,4051,YAZI HES,676,2026-05-31T16:00:00+03:00,16:00
40W0000000040516,YAZI HES,unknown,2026-05-31 17:00:00+03:00,,0.25,chunk_0008.json,POST /v1/generation/data/dpp-bulk,2026-05-31 21:45:13.403990+00:00,4051,YAZI HES,676,2026-05-31T17:00:00+03:00,17:00
40W0000000040516,YAZI HES,unknown,2026-05-31 18:00:00+03:00,,0.25,chunk_0008.json,POST /v1/generation/data/dpp-bulk,2026-05-31 21:45:13.403990+00:00,4051,YAZI HES,676,2026-05-31T18:00:00+03:00,18:00
40W0000000040516,YAZI HES,unknown,2026-05-31 19:00:00+03:00,,0.25,chunk_0008.json,POST /v1/generation/data/dpp-bulk,2026-05-31 21:45:13.403990+00:00,4051,YAZI HES,676,2026-05-31T19:00:00+03:00,19:00
40W0000000040516,YAZI HES,unknown,2026-05-31 20:00:00+03:00,,0.25,chunk_0008.json,POST /v1/generation/data/dpp-bulk,2026-05-31 21:45:13.403990+00:00,4051,YAZI HES,676,2026-05-31T20:00:00+03:00,20:00
40W0000000040516,YAZI HES,unknown,2026-05-31 21:00:00+03:00,,0.25,chunk_0008.json,POST /v1/generation/data/dpp-bulk,2026-05-31 21:45:13.403990+00:00,4051,YAZI HES,676,2026-05-31T21:00:00+03:00,21:00
40W0000000040516,YAZI HES,unknown,2026-05-31 22:00:00+03:00,,0.25,chunk_0008.json,POST /v1/generation/data/dpp-bulk,2026-05-31 21:45:13.403990+00:00,4051,YAZI HES,676,2026-05-31T22:00:00+03:00,22:00
40W0000000040516,YAZI HES,unknown,2026-05-31 23:00:00+03:00,,0.25,chunk_0008.json,POST /v1/generation/data/dpp-bulk,2026-05-31 21:45:13.403990+00:00,4051,YAZI HES,676,2026-05-31T23:00:00+03:00,23:00
40W100000003966N,KASAR VE DUAL TEKSTİL SAN. A.Ş,unknown,2026-05-31 00:00:00+03:00,,0.0,chunk_0008.json,POST /v1/generation/data/dpp-bulk,2026-05-31 21:45:13.403990+00:00,3966,KASAR VE DUAL TEKSTİL SAN. A.Ş,103060,2026-05-31T00:00:00+03:00,00:00
40W100000003966N,KASAR VE DUAL TEKSTİL SAN. A.Ş,unknown,2026-05-31 01:00:00+03:00,,0.0,chunk_0008.json,POST /v1/generation/data/dpp-bulk,2026-05-31 21:45:13.403990+00:00,3966,KASAR VE DUAL TEKSTİL SAN. A.Ş,103060,2026-05-31T01:00:00+03:00,01:00
40W100000003966N,KASAR VE DUAL TEKSTİL SAN. A.Ş,unknown,2026-05-31 02:00:00+03:00,,0.0,chunk_0008.json,POST /v1/generation/data/dpp-bulk,2026-05-31 21:45:13.403990+00:00,3966,KASAR VE DUAL TEKSTİL SAN. A.Ş,103060,2026-05-31T02:00:00+03:00,02:00
40W100000003966N,KASAR VE DUAL TEKSTİL SAN. A.Ş,unknown,2026-05-31 03:00:00+03:00,,0.0,chunk_0008.json,POST /v1/generation/data/dpp-bulk,2026-05-31 21:45:13.403990+00:00,3966,KASAR VE DUAL TEKSTİL SAN. A.Ş,103060,2026-05-31T03:00:00+03:00,03:00
40W100000003966N,KASAR VE DUAL TEKSTİL SAN. A.Ş,unknown,2026-05-31 04:00:00+03:00,,0.0,chunk_0008.json,POST /v1/generation/data/dpp-bulk,2026-05-31 21:45:13.403990+00:00,3966,KASAR VE DUAL TEKSTİL SAN. A.Ş,103060,2026-05-31T04:00:00+03:00,04:00
40W100000003966N,KASAR VE DUAL TEKSTİL SAN. A.Ş,unknown,2026-05-31 05:00:00+03:00,,0.0,chunk_0008.json,POST /v1/generation/data/dpp-bulk,2026-05-31 21:45:13.403990+00:00,3966,KASAR VE DUAL TEKSTİL SAN. A.Ş,103060,2026-05-31T05:00:00+03:00,05:00
40W100000003966N,KASAR VE DUAL TEKSTİL SAN. A.Ş,unknown,2026-05-31 06:00:00+03:00,,0.0,chunk_0008.json,POST /v1/generation/data/dpp-bulk,2026-05-31 21:45:13.403990+00:00,3966,KASAR VE DUAL TEKSTİL SAN. A.Ş,103060,2026-05-31T06:00:00+03:00,06:00
40W100000003966N,KASAR VE DUAL TEKSTİL SAN. A.Ş,unknown,2026-05-31 07:00:00+03:00,,0.0,chunk_0008.json,POST /v1/generation/data/dpp-bulk,2026-05-31 21:45:13.403990+00:00,3966,KASAR VE DUAL TEKSTİL SAN. A.Ş,103060,2026-05-31T07:00:00+03:00,07:00
40W100000003966N,KASAR VE DUAL TEKSTİL SAN. A.Ş,unknown,2026-05-31 08:00:00+03:00,,0.0,chunk_0008.json,POST /v1/generation/data/dpp-bulk,2026-05-31 21:45:13.403990+00:00,3966,KASAR VE DUAL TEKSTİL SAN. A.Ş,103060,2026-05-31T08:00:00+03:00,08:00
40W100000003966N,KASAR VE DUAL TEKSTİL SAN. A.Ş,unknown,2026-05-31 09:00:00+03:00,,0.0,chunk_0008.json,POST /v1/generation/data/dpp-bulk,2026-05-31 21:45:13.403990+00:00,3966,KASAR VE DUAL TEKSTİL SAN. A.Ş,103060,2026-05-31T09:00:00+03:00,09:00
40W100000003966N,KASAR VE DUAL TEKSTİL SAN. A.Ş,unknown,2026-05-31 10:00:00+03:00,,0.0,chunk_0008.json,POST /v1/generation/data/dpp-bulk,2026-05-31 21:45:13.403990+00:00,3966,KASAR VE DUAL TEKSTİL SAN. A.Ş,103060,2026-05-31T10:00:00+03:00,10:00
40W100000003966N,KASAR VE DUAL TEKSTİL SAN. A.Ş,unknown,2026-05-31 11:00:00+03:00,,0.0,chunk_0008.json,POST /v1/generation/data/dpp-bulk,2026-05-31 21:45:13.403990+00:00,3966,KASAR VE DUAL TEKSTİL SAN. A.Ş,103060,2026-05-31T11:00:00+03:00,11:00
40W100000003966N,KASAR VE DUAL TEKSTİL SAN. A.Ş,unknown,2026-05-31 12:00:00+03:00,,0.0,chunk_0008.json,POST /v1/generation/data/dpp-bulk,2026-05-31 21:45:13.403990+00:00,3966,KASAR VE DUAL TEKSTİL SAN. A.Ş,103060,2026-05-31T12:00:00+03:00,12:00
40W100000003966N,KASAR VE DUAL TEKSTİL SAN. A.Ş,unknown,2026-05-31 13:00:00+03:00,,0.0,chunk_0008.json,POST /v1/generation/data/dpp-bulk,2026-05-31 21:45:13.403990+00:00,3966,KASAR VE DUAL TEKSTİL SAN. A.Ş,103060,2026-05-31T13:00:00+03:00,13:00
40W100000003966N,KASAR VE DUAL TEKSTİL SAN. A.Ş,unknown,2026-05-31 14:00:00+03:00,,0.0,chunk_0008.json,POST /v1/generation/data/dpp-bulk,2026-05-31 21:45:13.403990+00:00,3966,KASAR VE DUAL TEKSTİL SAN. A.Ş,103060,2026-05-31T14:00:00+03:00,14:00
40W100000003966N,KASAR VE DUAL TEKSTİL SAN. A.Ş,unknown,2026-05-31 15:00:00+03:00,,0.0,chunk_0008.json,POST /v1/generation/data/dpp-bulk,2026-05-31 21:45:13.403990+00:00,3966,KASAR VE DUAL TEKSTİL SAN. A.Ş,103060,2026-05-31T15:00:00+03:00,15:00
40W100000003966N,KASAR VE DUAL TEKSTİL SAN. A.Ş,unknown,2026-05-31 16:00:00+03:00,,0.0,chunk_0008.json,POST /v1/generation/data/dpp-bulk,2026-05-31 21:45:13.403990+00:00,3966,KASAR VE DUAL TEKSTİL SAN. A.Ş,103060,2026-05-31T16:00:00+03:00,16:00
40W100000003966N,KASAR VE DUAL TEKSTİL SAN. A.Ş,unknown,2026-05-31 17:00:00+03:00,,0.0,chunk_0008.json,POST /v1/generation/data/dpp-bulk,2026-05-31 21:45:13.403990+00:00,3966,KASAR VE DUAL TEKSTİL SAN. A.Ş,103060,2026-05-31T17:00:00+03:00,17:00
40W100000003966N,KASAR VE DUAL TEKSTİL SAN. A.Ş,unknown,2026-05-31 18:00:00+03:00,,0.0,chunk_0008.json,POST /v1/generation/data/dpp-bulk,2026-05-31 21:45:13.403990+00:00,3966,KASAR VE DUAL TEKSTİL SAN. A.Ş,103060,2026-05-31T18:00:00+03:00,18:00
40W100000003966N,KASAR VE DUAL TEKSTİL SAN. A.Ş,unknown,2026-05-31 19:00:00+03:00,,0.0,chunk_0008.json,POST /v1/generation/data/dpp-bulk,2026-05-31 21:45:13.403990+00:00,3966,KASAR VE DUAL TEKSTİL SAN. A.Ş,103060,2026-05-31T19:00:00+03:00,19:00
40W100000003966N,KASAR VE DUAL TEKSTİL SAN. A.Ş,unknown,2026-05-31 20:00:00+03:00,,0.0,chunk_0008.json,POST /v1/generation/data/dpp-bulk,2026-05-31 21:45:13.403990+00:00,3966,KASAR VE DUAL TEKSTİL SAN. A.Ş,103060,2026-05-31T20:00:00+03:00,20:00
40W100000003966N,KASAR VE DUAL TEKSTİL SAN. A.Ş,unknown,2026-05-31 21:00:00+03:00,,0.0,chunk_0008.json,POST /v1/generation/data/dpp-bulk,2026-05-31 21:45:13.403990+00:00,3966,KASAR VE DUAL TEKSTİL SAN. A.Ş,103060,2026-05-31T21:00:00+03:00,21:00
40W100000003966N,KASAR VE DUAL TEKSTİL SAN. A.Ş,unknown,2026-05-31 22:00:00+03:00,,0.0,chunk_0008.json,POST /v1/generation/data/dpp-bulk,2026-05-31 21:45:13.403990+00:00,3966,KASAR VE DUAL TEKSTİL SAN. A.Ş,103060,2026-05-31T22:00:00+03:00,22:00
40W100000003966N,KASAR VE DUAL TEKSTİL SAN. A.Ş,unknown,2026-05-31 23:00:00+03:00,,0.0,chunk_0008.json,POST /v1/generation/data/dpp-bulk,2026-05-31 21:45:13.403990+00:00,3966,KASAR VE DUAL TEKSTİL SAN. A.Ş,103060,2026-05-31T23:00:00+03:00,23:00
40W000000003969U,KOZAK BENDİ VE HES,unknown,2026-05-31 00:00:00+03:00,,0.0,chunk_0008.json,POST /v1/generation/data/dpp-bulk,2026-05-31 21:45:13.403990+00:00,3969,KOZAK BENDİ VE HES,103261,2026-05-31T00:00:00+03:00,00:00
40W000000003969U,KOZAK BENDİ VE HES,unknown,2026-05-31 01:00:00+03:00,,0.0,chunk_0008.json,POST /v1/generation/data/dpp-bulk,2026-05-31 21:45:13.403990+00:00,3969,KOZAK BENDİ VE HES,103261,2026-05-31T01:00:00+03:00,01:00
40W000000003969U,KOZAK BENDİ VE HES,unknown,2026-05-31 02:00:00+03:00,,0.0,chunk_0008.json,POST /v1/generation/data/dpp-bulk,2026-05-31 21:45:13.403990+00:00,3969,KOZAK BENDİ VE HES,103261,2026-05-31T02:00:00+03:00,02:00
40W000000003969U,KOZAK BENDİ VE HES,unknown,2026-05-31 03:00:00+03:00,,0.0,chunk_0008.json,POST /v1/generation/data/dpp-bulk,2026-05-31 21:45:13.403990+00:00,3969,KOZAK BENDİ VE HES,103261,2026-05-31T03:00:00+03:00,03:00
40W000000003969U,KOZAK BENDİ VE HES,unknown,2026-05-31 04:00:00+03:00,,0.0,chunk_0008.json,POST /v1/generation/data/dpp-bulk,2026-05-31 21:45:13.403990+00:00,3969,KOZAK BENDİ VE HES,103261,2026-05-31T04:00:00+03:00,04:00
40W000000003969U,KOZAK BENDİ VE HES,unknown,2026-05-31 05:00:00+03:00,,0.0,chunk_0008.json,POST /v1/generation/data/dpp-bulk,2026-05-31 21:45:13.403990+00:00,3969,KOZAK BENDİ VE HES,103261,2026-05-31T05:00:00+03:00,05:00
40W000000003969U,KOZAK BENDİ VE HES,unknown,2026-05-31 06:00:00+03:00,,0.0,chunk_0008.json,POST /v1/generation/data/dpp-bulk,2026-05-31 21:45:13.403990+00:00,3969,KOZAK BENDİ VE HES,103261,2026-05-31T06:00:00+03:00,06:00
40W000000003969U,KOZAK BENDİ VE HES,unknown,2026-05-31 07:00:00+03:00,,0.0,chunk_0008.json,POST /v1/generation/data/dpp-bulk,2026-05-31 21:45:13.403990+00:00,3969,KOZAK BENDİ VE HES,103261,2026-05-31T07:00:00+03:00,07:00
40W000000003969U,KOZAK BENDİ VE HES,unknown,2026-05-31 08:00:00+03:00,,0.0,chunk_0008.json,POST /v1/generation/data/dpp-bulk,2026-05-31 21:45:13.403990+00:00,3969,KOZAK BENDİ VE HES,103261,2026-05-31T08:00:00+03:00,08:00
40W000000003969U,KOZAK BENDİ VE HES,unknown,2026-05-31 09:00:00+03:00,,0.0,chunk_0008.json,POST /v1/generation/data/dpp-bulk,2026-05-31 21:45:13.403990+00:00,3969,KOZAK BENDİ VE HES,103261,2026-05-31T09:00:00+03:00,09:00
40W000000003969U,KOZAK BENDİ VE HES,unknown,2026-05-31 10:00:00+03:00,,0.0,chunk_0008.json,POST /v1/generation/data/dpp-bulk,2026-05-31 21:45:13.403990+00:00,3969,KOZAK BENDİ VE HES,103261,2026-05-31T10:00:00+03:00,10:00
40W000000003969U,KOZAK BENDİ VE HES,unknown,2026-05-31 11:00:00+03:00,,0.0,chunk_0008.json,POST /v1/generation/data/dpp-bulk,2026-05-31 21:45:13.403990+00:00,3969,KOZAK BENDİ VE HES,103261,2026-05-31T11:00:00+03:00,11:00
40W000000003969U,KOZAK BENDİ VE HES,unknown,2026-05-31 12:00:00+03:00,,0.0,chunk_0008.json,POST /v1/generation/data/dpp-bulk,2026-05-31 21:45:13.403990+00:00,3969,KOZAK BENDİ VE HES,103261,2026-05-31T12:00:00+03:00,12:00
40W000000003969U,KOZAK BENDİ VE HES,unknown,2026-05-31 13:00:00+03:00,,0.0,chunk_0008.json,POST /v1/generation/data/dpp-bulk,2026-05-31 21:45:13.403990+00:00,3969,KOZAK BENDİ VE HES,103261,2026-05-31T13:00:00+03:00,13:00
40W000000003969U,KOZAK BENDİ VE HES,unknown,2026-05-31 14:00:00+03:00,,0.0,chunk_0008.json,POST /v1/generation/data/dpp-bulk,2026-05-31 21:45:13.403990+00:00,3969,KOZAK BENDİ VE HES,103261,2026-05-31T14:00:00+03:00,14:00
40W000000003969U,KOZAK BENDİ VE HES,unknown,2026-05-31 15:00:00+03:00,,0.0,chunk_0008.json,POST /v1/generation/data/dpp-bulk,2026-05-31 21:45:13.403990+00:00,3969,KOZAK BENDİ VE HES,103261,2026-05-31T15:00:00+03:00,15:00
40W000000003969U,KOZAK BENDİ VE HES,unknown,2026-05-31 16:00:00+03:00,,0.0,chunk_0008.json,POST /v1/generation/data/dpp-bulk,2026-05-31 21:45:13.403990+00:00,3969,KOZAK BENDİ VE HES,103261,2026-05-31T16:00:00+03:00,16:00
40W000000003969U,KOZAK BENDİ VE HES,unknown,2026-05-31 17:00:00+03:00,,0.0,chunk_0008.json,POST /v1/generation/data/dpp-bulk,2026-05-31 21:45:13.403990+00:00,3969,KOZAK BENDİ VE HES,103261,2026-05-31T17:00:00+03:00,17:00
40W000000003969U,KOZAK BENDİ VE HES,unknown,2026-05-31 18:00:00+03:00,,0.0,chunk_0008.json,POST /v1/generation/data/dpp-bulk,2026-05-31 21:45:13.403990+00:00,3969,KOZAK BENDİ VE HES,103261,2026-05-31T18:00:00+03:00,18:00
40W000000003969U,KOZAK BENDİ VE HES,unknown,2026-05-31 19:00:00+03:00,,0.0,chunk_0008.json,POST /v1/generation/data/dpp-bulk,2026-05-31 21:45:13.403990+00:00,3969,KOZAK BENDİ VE HES,103261,2026-05-31T19:00:00+03:00,19:00
40W000000003969U,KOZAK BENDİ VE HES,unknown,2026-05-31 20:00:00+03:00,,0.0,chunk_0008.json,POST /v1/generation/data/dpp-bulk,2026-05-31 21:45:13.403990+00:00,3969,KOZAK BENDİ VE HES,103261,2026-05-31T20:00:00+03:00,20:00
40W000000003969U,KOZAK BENDİ VE HES,unknown,2026-05-31 21:00:00+03:00,,0.0,chunk_0008.json,POST /v1/generation/data/dpp-bulk,2026-05-31 21:45:13.403990+00:00,3969,KOZAK BENDİ VE HES,103261,2026-05-31T21:00:00+03:00,21:00
40W000000003969U,KOZAK BENDİ VE HES,unknown,2026-05-31 22:00:00+03:00,,0.0,chunk_0008.json,POST /v1/generation/data/dpp-bulk,2026-05-31 21:45:13.403990+00:00,3969,KOZAK BENDİ VE HES,103261,2026-05-31T22:00:00+03:00,22:00
40W000000003969U,KOZAK BENDİ VE HES,unknown,2026-05-31 23:00:00+03:00,,0.0,chunk_0008.json,POST /v1/generation/data/dpp-bulk,2026-05-31 21:45:13.403990+00:00,3969,KOZAK BENDİ VE HES,103261,2026-05-31T23:00:00+03:00,23:00
40W000000003988Q,ÇAMSEKİ RES,unknown,2026-05-31 00:00:00+03:00,,0.42,chunk_0008.json,POST /v1/generation/data/dpp-bulk,2026-05-31 21:45:13.403990+00:00,3988,ÇAMSEKİ RES,103261,2026-05-31T00:00:00+03:00,00:00
40W000000003988Q,ÇAMSEKİ RES,unknown,2026-05-31 01:00:00+03:00,,0.36,chunk_0008.json,POST /v1/generation/data/dpp-bulk,2026-05-31 21:45:13.403990+00:00,3988,ÇAMSEKİ RES,103261,2026-05-31T01:00:00+03:00,01:00
40W000000003988Q,ÇAMSEKİ RES,unknown,2026-05-31 02:00:00+03:00,,0.24,chunk_0008.json,POST /v1/generation/data/dpp-bulk,2026-05-31 21:45:13.403990+00:00,3988,ÇAMSEKİ RES,103261,2026-05-31T02:00:00+03:00,02:00
40W000000003988Q,ÇAMSEKİ RES,unknown,2026-05-31 03:00:00+03:00,,0.22,chunk_0008.json,POST /v1/generation/data/dpp-bulk,2026-05-31 21:45:13.403990+00:00,3988,ÇAMSEKİ RES,103261,2026-05-31T03:00:00+03:00,03:00
40W000000003988Q,ÇAMSEKİ RES,unknown,2026-05-31 04:00:00+03:00,,0.46,chunk_0008.json,POST /v1/generation/data/dpp-bulk,2026-05-31 21:45:13.403990+00:00,3988,ÇAMSEKİ RES,103261,2026-05-31T04:00:00+03:00,04:00
40W000000003988Q,ÇAMSEKİ RES,unknown,2026-05-31 05:00:00+03:00,,2.0,chunk_0008.json,POST /v1/generation/data/dpp-bulk,2026-05-31 21:45:13.403990+00:00,3988,ÇAMSEKİ RES,103261,2026-05-31T05:00:00+03:00,05:00
40W000000003988Q,ÇAMSEKİ RES,unknown,2026-05-31 06:00:00+03:00,,2.0,chunk_0008.json,POST /v1/generation/data/dpp-bulk,2026-05-31 21:45:13.403990+00:00,3988,ÇAMSEKİ RES,103261,2026-05-31T06:00:00+03:00,06:00
40W000000003988Q,ÇAMSEKİ RES,unknown,2026-05-31 07:00:00+03:00,,2.0,chunk_0008.json,POST /v1/generation/data/dpp-bulk,2026-05-31 21:45:13.403990+00:00,3988,ÇAMSEKİ RES,103261,2026-05-31T07:00:00+03:00,07:00
40W000000003988Q,ÇAMSEKİ RES,unknown,2026-05-31 08:00:00+03:00,,2.0,chunk_0008.json,POST /v1/generation/data/dpp-bulk,2026-05-31 21:45:13.403990+00:00,3988,ÇAMSEKİ RES,103261,2026-05-31T08:00:00+03:00,08:00
40W000000003988Q,ÇAMSEKİ RES,unknown,2026-05-31 09:00:00+03:00,,2.0,chunk_0008.json,POST /v1/generation/data/dpp-bulk,2026-05-31 21:45:13.403990+00:00,3988,ÇAMSEKİ RES,103261,2026-05-31T09:00:00+03:00,09:00
40W000000003988Q,ÇAMSEKİ RES,unknown,2026-05-31 10:00:00+03:00,,2.0,chunk_0008.json,POST /v1/generation/data/dpp-bulk,2026-05-31 21:45:13.403990+00:00,3988,ÇAMSEKİ RES,103261,2026-05-31T10:00:00+03:00,10:00
40W000000003988Q,ÇAMSEKİ RES,unknown,2026-05-31 11:00:00+03:00,,2.0,chunk_0008.json,POST /v1/generation/data/dpp-bulk,2026-05-31 21:45:13.403990+00:00,3988,ÇAMSEKİ RES,103261,2026-05-31T11:00:00+03:00,11:00
40W000000003988Q,ÇAMSEKİ RES,unknown,2026-05-31 12:00:00+03:00,,2.0,chunk_0008.json,POST /v1/generation/data/dpp-bulk,2026-05-31 21:45:13.403990+00:00,3988,ÇAMSEKİ RES,103261,2026-05-31T12:00:00+03:00,12:00
40W000000003988Q,ÇAMSEKİ RES,unknown,2026-05-31 13:00:00+03:00,,2.0,chunk_0008.json,POST /v1/generation/data/dpp-bulk,2026-05-31 21:45:13.403990+00:00,3988,ÇAMSEKİ RES,103261,2026-05-31T13:00:00+03:00,13:00
40W000000003988Q,ÇAMSEKİ RES,unknown,2026-05-31 14:00:00+03:00,,2.0,chunk_0008.json,POST /v1/generation/data/dpp-bulk,2026-05-31 21:45:13.403990+00:00,3988,ÇAMSEKİ RES,103261,2026-05-31T14:00:00+03:00,14:00
40W000000003988Q,ÇAMSEKİ RES,unknown,2026-05-31 15:00:00+03:00,,2.0,chunk_0008.json,POST /v1/generation/data/dpp-bulk,2026-05-31 21:45:13.403990+00:00,3988,ÇAMSEKİ RES,103261,2026-05-31T15:00:00+03:00,15:00
40W000000003988Q,ÇAMSEKİ RES,unknown,2026-05-31 16:00:00+03:00,,2.0,chunk_0008.json,POST /v1/generation/data/dpp-bulk,2026-05-31 21:45:13.403990+00:00,3988,ÇAMSEKİ RES,103261,2026-05-31T16:00:00+03:00,16:00
40W000000003988Q,ÇAMSEKİ RES,unknown,2026-05-31 17:00:00+03:00,,2.0,chunk_0008.json,POST /v1/generation/data/dpp-bulk,2026-05-31 21:45:13.403990+00:00,3988,ÇAMSEKİ RES,103261,2026-05-31T17:00:00+03:00,17:00
40W000000003988Q,ÇAMSEKİ RES,unknown,2026-05-31 18:00:00+03:00,,3.78,chunk_0008.json,POST /v1/generation/data/dpp-bulk,2026-05-31 21:45:13.403990+00:00,3988,ÇAMSEKİ RES,103261,2026-05-31T18:00:00+03:00,18:00
40W000000003988Q,ÇAMSEKİ RES,unknown,2026-05-31 19:00:00+03:00,,2.6,chunk_0008.json,POST /v1/generation/data/dpp-bulk,2026-05-31 21:45:13.403990+00:00,3988,ÇAMSEKİ RES,103261,2026-05-31T19:00:00+03:00,19:00
40W000000003988Q,ÇAMSEKİ RES,unknown,2026-05-31 20:00:00+03:00,,1.85,chunk_0008.json,POST /v1/generation/data/dpp-bulk,2026-05-31 21:45:13.403990+00:00,3988,ÇAMSEKİ RES,103261,2026-05-31T20:00:00+03:00,20:00
40W000000003988Q,ÇAMSEKİ RES,unknown,2026-05-31 21:00:00+03:00,,1.07,chunk_0008.json,POST /v1/generation/data/dpp-bulk,2026-05-31 21:45:13.403990+00:00,3988,ÇAMSEKİ RES,103261,2026-05-31T21:00:00+03:00,21:00
40W000000003988Q,ÇAMSEKİ RES,unknown,2026-05-31 22:00:00+03:00,,1.83,chunk_0008.json,POST /v1/generation/data/dpp-bulk,2026-05-31 21:45:13.403990+00:00,3988,ÇAMSEKİ RES,103261,2026-05-31T22:00:00+03:00,22:00
40W000000003988Q,ÇAMSEKİ RES,unknown,2026-05-31 23:00:00+03:00,,2.1,chunk_0008.json,POST /v1/generation/data/dpp-bulk,2026-05-31 21:45:13.403990+00:00,3988,ÇAMSEKİ RES,103261,2026-05-31T23:00:00+03:00,23:00
40W000000003989O,KELTEPE RES,unknown,2026-05-31 00:00:00+03:00,,0.33,chunk_0008.json,POST /v1/generation/data/dpp-bulk,2026-05-31 21:45:13.403990+00:00,3989,KELTEPE RES,103261,2026-05-31T00:00:00+03:00,00:00
40W000000003989O,KELTEPE RES,unknown,2026-05-31 01:00:00+03:00,,0.26,chunk_0008.json,POST /v1/generation/data/dpp-bulk,2026-05-31 21:45:13.403990+00:00,3989,KELTEPE RES,103261,2026-05-31T01:00:00+03:00,01:00
40W000000003989O,KELTEPE RES,unknown,2026-05-31 02:00:00+03:00,,0.23,chunk_0008.json,POST /v1/generation/data/dpp-bulk,2026-05-31 21:45:13.403990+00:00,3989,KELTEPE RES,103261,2026-05-31T02:00:00+03:00,02:00
40W000000003989O,KELTEPE RES,unknown,2026-05-31 03:00:00+03:00,,2.0,chunk_0008.json,POST /v1/generation/data/dpp-bulk,2026-05-31 21:45:13.403990+00:00,3989,KELTEPE RES,103261,2026-05-31T03:00:00+03:00,03:00
40W000000003989O,KELTEPE RES,unknown,2026-05-31 04:00:00+03:00,,2.0,chunk_0008.json,POST /v1/generation/data/dpp-bulk,2026-05-31 21:45:13.403990+00:00,3989,KELTEPE RES,103261,2026-05-31T04:00:00+03:00,04:00
40W000000003989O,KELTEPE RES,unknown,2026-05-31 05:00:00+03:00,,2.0,chunk_0008.json,POST /v1/generation/data/dpp-bulk,2026-05-31 21:45:13.403990+00:00,3989,KELTEPE RES,103261,2026-05-31T05:00:00+03:00,05:00
40W000000003989O,KELTEPE RES,unknown,2026-05-31 06:00:00+03:00,,2.0,chunk_0008.json,POST /v1/generation/data/dpp-bulk,2026-05-31 21:45:13.403990+00:00,3989,KELTEPE RES,103261,2026-05-31T06:00:00+03:00,06:00
40W000000003989O,KELTEPE RES,unknown,2026-05-31 07:00:00+03:00,,2.0,chunk_0008.json,POST /v1/generation/data/dpp-bulk,2026-05-31 21:45:13.403990+00:00,3989,KELTEPE RES,103261,2026-05-31T07:00:00+03:00,07:00
40W000000003989O,KELTEPE RES,unknown,2026-05-31 08:00:00+03:00,,2.0,chunk_0008.json,POST /v1/generation/data/dpp-bulk,2026-05-31 21:45:13.403990+00:00,3989,KELTEPE RES,103261,2026-05-31T08:00:00+03:00,08:00
40W000000003989O,KELTEPE RES,unknown,2026-05-31 09:00:00+03:00,,2.0,chunk_0008.json,POST /v1/generation/data/dpp-bulk,2026-05-31 21:45:13.403990+00:00,3989,KELTEPE RES,103261,2026-05-31T09:00:00+03:00,09:00
40W000000003989O,KELTEPE RES,unknown,2026-05-31 10:00:00+03:00,,2.0,chunk_0008.json,POST /v1/generation/data/dpp-bulk,2026-05-31 21:45:13.403990+00:00,3989,KELTEPE RES,103261,2026-05-31T10:00:00+03:00,10:00
40W000000003989O,KELTEPE RES,unknown,2026-05-31 11:00:00+03:00,,2.0,chunk_0008.json,POST /v1/generation/data/dpp-bulk,2026-05-31 21:45:13.403990+00:00,3989,KELTEPE RES,103261,2026-05-31T11:00:00+03:00,11:00
40W000000003989O,KELTEPE RES,unknown,2026-05-31 12:00:00+03:00,,2.0,chunk_0008.json,POST /v1/generation/data/dpp-bulk,2026-05-31 21:45:13.403990+00:00,3989,KELTEPE RES,103261,2026-05-31T12:00:00+03:00,12:00
40W000000003989O,KELTEPE RES,unknown,2026-05-31 13:00:00+03:00,,2.0,chunk_0008.json,POST /v1/generation/data/dpp-bulk,2026-05-31 21:45:13.403990+00:00,3989,KELTEPE RES,103261,2026-05-31T13:00:00+03:00,13:00
40W000000003989O,KELTEPE RES,unknown,2026-05-31 14:00:00+03:00,,2.0,chunk_0008.json,POST /v1/generation/data/dpp-bulk,2026-05-31 21:45:13.403990+00:00,3989,KELTEPE RES,103261,2026-05-31T14:00:00+03:00,14:00
40W000000003989O,KELTEPE RES,unknown,2026-05-31 15:00:00+03:00,,2.0,chunk_0008.json,POST /v1/generation/data/dpp-bulk,2026-05-31 21:45:13.403990+00:00,3989,KELTEPE RES,103261,2026-05-31T15:00:00+03:00,15:00
40W000000003989O,KELTEPE RES,unknown,2026-05-31 16:00:00+03:00,,2.0,chunk_0008.json,POST /v1/generation/data/dpp-bulk,2026-05-31 21:45:13.403990+00:00,3989,KELTEPE RES,103261,2026-05-31T16:00:00+03:00,16:00
40W000000003989O,KELTEPE RES,unknown,2026-05-31 17:00:00+03:00,,2.0,chunk_0008.json,POST /v1/generation/data/dpp-bulk,2026-05-31 21:45:13.403990+00:00,3989,KELTEPE RES,103261,2026-05-31T17:00:00+03:00,17:00
40W000000003989O,KELTEPE RES,unknown,2026-05-31 18:00:00+03:00,,2.0,chunk_0008.json,POST /v1/generation/data/dpp-bulk,2026-05-31 21:45:13.403990+00:00,3989,KELTEPE RES,103261,2026-05-31T18:00:00+03:00,18:00
40W000000003989O,KELTEPE RES,unknown,2026-05-31 19:00:00+03:00,,1.89,chunk_0008.json,POST /v1/generation/data/dpp-bulk,2026-05-31 21:45:13.403990+00:00,3989,KELTEPE RES,103261,2026-05-31T19:00:00+03:00,19:00
40W000000003989O,KELTEPE RES,unknown,2026-05-31 20:00:00+03:00,,1.67,chunk_0008.json,POST /v1/generation/data/dpp-bulk,2026-05-31 21:45:13.403990+00:00,3989,KELTEPE RES,103261,2026-05-31T20:00:00+03:00,20:00
40W000000003989O,KELTEPE RES,unknown,2026-05-31 21:00:00+03:00,,9.82,chunk_0008.json,POST /v1/generation/data/dpp-bulk,2026-05-31 21:45:13.403990+00:00,3989,KELTEPE RES,103261,2026-05-31T21:00:00+03:00,21:00
40W000000003989O,KELTEPE RES,unknown,2026-05-31 22:00:00+03:00,,1.31,chunk_0008.json,POST /v1/generation/data/dpp-bulk,2026-05-31 21:45:13.403990+00:00,3989,KELTEPE RES,103261,2026-05-31T22:00:00+03:00,22:00
40W000000003989O,KELTEPE RES,unknown,2026-05-31 23:00:00+03:00,,1.45,chunk_0008.json,POST /v1/generation/data/dpp-bulk,2026-05-31 21:45:13.403990+00:00,3989,KELTEPE RES,103261,2026-05-31T23:00:00+03:00,23:00
40W000000004049U,YAYLABEL HES,unknown,2026-05-31 00:00:00+03:00,,4.85,chunk_0008.json,POST /v1/generation/data/dpp-bulk,2026-05-31 21:45:13.403990+00:00,4049,YAYLABEL HES,103261,2026-05-31T00:00:00+03:00,00:00
40W000000004049U,YAYLABEL HES,unknown,2026-05-31 01:00:00+03:00,,4.85,chunk_0008.json,POST /v1/generation/data/dpp-bulk,2026-05-31 21:45:13.403990+00:00,4049,YAYLABEL HES,103261,2026-05-31T01:00:00+03:00,01:00
40W000000004049U,YAYLABEL HES,unknown,2026-05-31 02:00:00+03:00,,4.85,chunk_0008.json,POST /v1/generation/data/dpp-bulk,2026-05-31 21:45:13.403990+00:00,4049,YAYLABEL HES,103261,2026-05-31T02:00:00+03:00,02:00
40W000000004049U,YAYLABEL HES,unknown,2026-05-31 03:00:00+03:00,,0.0,chunk_0008.json,POST /v1/generation/data/dpp-bulk,2026-05-31 21:45:13.403990+00:00,4049,YAYLABEL HES,103261,2026-05-31T03:00:00+03:00,03:00
40W000000004049U,YAYLABEL HES,unknown,2026-05-31 04:00:00+03:00,,0.0,chunk_0008.json,POST /v1/generation/data/dpp-bulk,2026-05-31 21:45:13.403990+00:00,4049,YAYLABEL HES,103261,2026-05-31T04:00:00+03:00,04:00
40W000000004049U,YAYLABEL HES,unknown,2026-05-31 05:00:00+03:00,,0.0,chunk_0008.json,POST /v1/generation/data/dpp-bulk,2026-05-31 21:45:13.403990+00:00,4049,YAYLABEL HES,103261,2026-05-31T05:00:00+03:00,05:00
40W000000004049U,YAYLABEL HES,unknown,2026-05-31 06:00:00+03:00,,0.0,chunk_0008.json,POST /v1/generation/data/dpp-bulk,2026-05-31 21:45:13.403990+00:00,4049,YAYLABEL HES,103261,2026-05-31T06:00:00+03:00,06:00
40W000000004049U,YAYLABEL HES,unknown,2026-05-31 07:00:00+03:00,,0.0,chunk_0008.json,POST /v1/generation/data/dpp-bulk,2026-05-31 21:45:13.403990+00:00,4049,YAYLABEL HES,103261,2026-05-31T07:00:00+03:00,07:00
40W000000004049U,YAYLABEL HES,unknown,2026-05-31 08:00:00+03:00,,0.0,chunk_0008.json,POST /v1/generation/data/dpp-bulk,2026-05-31 21:45:13.403990+00:00,4049,YAYLABEL HES,103261,2026-05-31T08:00:00+03:00,08:00
40W000000004049U,YAYLABEL HES,unknown,2026-05-31 09:00:00+03:00,,0.0,chunk_0008.json,POST /v1/generation/data/dpp-bulk,2026-05-31 21:45:13.403990+00:00,4049,YAYLABEL HES,103261,2026-05-31T09:00:00+03:00,09:00
40W000000004049U,YAYLABEL HES,unknown,2026-05-31 10:00:00+03:00,,0.0,chunk_0008.json,POST /v1/generation/data/dpp-bulk,2026-05-31 21:45:13.403990+00:00,4049,YAYLABEL HES,103261,2026-05-31T10:00:00+03:00,10:00
40W000000004049U,YAYLABEL HES,unknown,2026-05-31 11:00:00+03:00,,0.0,chunk_0008.json,POST /v1/generation/data/dpp-bulk,2026-05-31 21:45:13.403990+00:00,4049,YAYLABEL HES,103261,2026-05-31T11:00:00+03:00,11:00
40W000000004049U,YAYLABEL HES,unknown,2026-05-31 12:00:00+03:00,,0.0,chunk_0008.json,POST /v1/generation/data/dpp-bulk,2026-05-31 21:45:13.403990+00:00,4049,YAYLABEL HES,103261,2026-05-31T12:00:00+03:00,12:00
40W000000004049U,YAYLABEL HES,unknown,2026-05-31 13:00:00+03:00,,0.0,chunk_0008.json,POST /v1/generation/data/dpp-bulk,2026-05-31 21:45:13.403990+00:00,4049,YAYLABEL HES,103261,2026-05-31T13:00:00+03:00,13:00
40W000000004049U,YAYLABEL HES,unknown,2026-05-31 14:00:00+03:00,,0.0,chunk_0008.json,POST /v1/generation/data/dpp-bulk,2026-05-31 21:45:13.403990+00:00,4049,YAYLABEL HES,103261,2026-05-31T14:00:00+03:00,14:00
40W000000004049U,YAYLABEL HES,unknown,2026-05-31 15:00:00+03:00,,0.0,chunk_0008.json,POST /v1/generation/data/dpp-bulk,2026-05-31 21:45:13.403990+00:00,4049,YAYLABEL HES,103261,2026-05-31T15:00:00+03:00,15:00
40W000000004049U,YAYLABEL HES,unknown,2026-05-31 16:00:00+03:00,,0.0,chunk_0008.json,POST /v1/generation/data/dpp-bulk,2026-05-31 21:45:13.403990+00:00,4049,YAYLABEL HES,103261,2026-05-31T16:00:00+03:00,16:00
40W000000004049U,YAYLABEL HES,unknown,2026-05-31 17:00:00+03:00,,0.0,chunk_0008.json,POST /v1/generation/data/dpp-bulk,2026-05-31 21:45:13.403990+00:00,4049,YAYLABEL HES,103261,2026-05-31T17:00:00+03:00,17:00
40W000000004049U,YAYLABEL HES,unknown,2026-05-31 18:00:00+03:00,,0.0,chunk_0008.json,POST /v1/generation/data/dpp-bulk,2026-05-31 21:45:13.403990+00:00,4049,YAYLABEL HES,103261,2026-05-31T18:00:00+03:00,18:00
40W000000004049U,YAYLABEL HES,unknown,2026-05-31 19:00:00+03:00,,4.85,chunk_0008.json,POST /v1/generation/data/dpp-bulk,2026-05-31 21:45:13.403990+00:00,4049,YAYLABEL HES,103261,2026-05-31T19:00:00+03:00,19:00
40W000000004049U,YAYLABEL HES,unknown,2026-05-31 20:00:00+03:00,,4.85,chunk_0008.json,POST /v1/generation/data/dpp-bulk,2026-05-31 21:45:13.403990+00:00,4049,YAYLABEL HES,103261,2026-05-31T20:00:00+03:00,20:00
40W000000004049U,YAYLABEL HES,unknown,2026-05-31 21:00:00+03:00,,4.85,chunk_0008.json,POST /v1/generation/data/dpp-bulk,2026-05-31 21:45:13.403990+00:00,4049,YAYLABEL HES,103261,2026-05-31T21:00:00+03:00,21:00
40W000000004049U,YAYLABEL HES,unknown,2026-05-31 22:00:00+03:00,,4.85,chunk_0008.json,POST /v1/generation/data/dpp-bulk,2026-05-31 21:45:13.403990+00:00,4049,YAYLABEL HES,103261,2026-05-31T22:00:00+03:00,22:00
40W000000004049U,YAYLABEL HES,unknown,2026-05-31 23:00:00+03:00,,4.85,chunk_0008.json,POST /v1/generation/data/dpp-bulk,2026-05-31 21:45:13.403990+00:00,4049,YAYLABEL HES,103261,2026-05-31T23:00:00+03:00,23:00
40W0000000040710,Ütopya Elektrik Üretim San. ve Tic. A.Ş.(Düzova RES),unknown,2026-05-31 00:00:00+03:00,,0.51,chunk_0008.json,POST /v1/generation/data/dpp-bulk,2026-05-31 21:45:13.403990+00:00,4071,Ütopya Elektrik Üretim San. ve Tic. A.Ş.(Düzova RES),103261,2026-05-31T00:00:00+03:00,00:00
40W0000000040710,Ütopya Elektrik Üretim San. ve Tic. A.Ş.(Düzova RES),unknown,2026-05-31 01:00:00+03:00,,0.59,chunk_0008.json,POST /v1/generation/data/dpp-bulk,2026-05-31 21:45:13.403990+00:00,4071,Ütopya Elektrik Üretim San. ve Tic. A.Ş.(Düzova RES),103261,2026-05-31T01:00:00+03:00,01:00
40W0000000040710,Ütopya Elektrik Üretim San. ve Tic. A.Ş.(Düzova RES),unknown,2026-05-31 02:00:00+03:00,,1.02,chunk_0008.json,POST /v1/generation/data/dpp-bulk,2026-05-31 21:45:13.403990+00:00,4071,Ütopya Elektrik Üretim San. ve Tic. A.Ş.(Düzova RES),103261,2026-05-31T02:00:00+03:00,02:00
40W0000000040710,Ütopya Elektrik Üretim San. ve Tic. A.Ş.(Düzova RES),unknown,2026-05-31 03:00:00+03:00,,1.83,chunk_0008.json,POST /v1/generation/data/dpp-bulk,2026-05-31 21:45:13.403990+00:00,4071,Ütopya Elektrik Üretim San. ve Tic. A.Ş.(Düzova RES),103261,2026-05-31T03:00:00+03:00,03:00
40W0000000040710,Ütopya Elektrik Üretim San. ve Tic. A.Ş.(Düzova RES),unknown,2026-05-31 04:00:00+03:00,,3.07,chunk_0008.json,POST /v1/generation/data/dpp-bulk,2026-05-31 21:45:13.403990+00:00,4071,Ütopya Elektrik Üretim San. ve Tic. A.Ş.(Düzova RES),103261,2026-05-31T04:00:00+03:00,04:00
40W0000000040710,Ütopya Elektrik Üretim San. ve Tic. A.Ş.(Düzova RES),unknown,2026-05-31 05:00:00+03:00,,4.02,chunk_0008.json,POST /v1/generation/data/dpp-bulk,2026-05-31 21:45:13.403990+00:00,4071,Ütopya Elektrik Üretim San. ve Tic. A.Ş.(Düzova RES),103261,2026-05-31T05:00:00+03:00,05:00
40W0000000040710,Ütopya Elektrik Üretim San. ve Tic. A.Ş.(Düzova RES),unknown,2026-05-31 06:00:00+03:00,,4.42,chunk_0008.json,POST /v1/generation/data/dpp-bulk,2026-05-31 21:45:13.403990+00:00,4071,Ütopya Elektrik Üretim San. ve Tic. A.Ş.(Düzova RES),103261,2026-05-31T06:00:00+03:00,06:00
40W0000000040710,Ütopya Elektrik Üretim San. ve Tic. A.Ş.(Düzova RES),unknown,2026-05-31 07:00:00+03:00,,4.26,chunk_0008.json,POST /v1/generation/data/dpp-bulk,2026-05-31 21:45:13.403990+00:00,4071,Ütopya Elektrik Üretim San. ve Tic. A.Ş.(Düzova RES),103261,2026-05-31T07:00:00+03:00,07:00
40W0000000040710,Ütopya Elektrik Üretim San. ve Tic. A.Ş.(Düzova RES),unknown,2026-05-31 08:00:00+03:00,,2.54,chunk_0008.json,POST /v1/generation/data/dpp-bulk,2026-05-31 21:45:13.403990+00:00,4071,Ütopya Elektrik Üretim San. ve Tic. A.Ş.(Düzova RES),103261,2026-05-31T08:00:00+03:00,08:00
40W0000000040710,Ütopya Elektrik Üretim San. ve Tic. A.Ş.(Düzova RES),unknown,2026-05-31 09:00:00+03:00,,1.1,chunk_0008.json,POST /v1/generation/data/dpp-bulk,2026-05-31 21:45:13.403990+00:00,4071,Ütopya Elektrik Üretim San. ve Tic. A.Ş.(Düzova RES),103261,2026-05-31T09:00:00+03:00,09:00
40W0000000040710,Ütopya Elektrik Üretim San. ve Tic. A.Ş.(Düzova RES),unknown,2026-05-31 10:00:00+03:00,,0.37,chunk_0008.json,POST /v1/generation/data/dpp-bulk,2026-05-31 21:45:13.403990+00:00,4071,Ütopya Elektrik Üretim San. ve Tic. A.Ş.(Düzova RES),103261,2026-05-31T10:00:00+03:00,10:00
40W0000000040710,Ütopya Elektrik Üretim San. ve Tic. A.Ş.(Düzova RES),unknown,2026-05-31 11:00:00+03:00,,0.29,chunk_0008.json,POST /v1/generation/data/dpp-bulk,2026-05-31 21:45:13.403990+00:00,4071,Ütopya Elektrik Üretim San. ve Tic. A.Ş.(Düzova RES),103261,2026-05-31T11:00:00+03:00,11:00
40W0000000040710,Ütopya Elektrik Üretim San. ve Tic. A.Ş.(Düzova RES),unknown,2026-05-31 12:00:00+03:00,,0.81,chunk_0008.json,POST /v1/generation/data/dpp-bulk,2026-05-31 21:45:13.403990+00:00,4071,Ütopya Elektrik Üretim San. ve Tic. A.Ş.(Düzova RES),103261,2026-05-31T12:00:00+03:00,12:00
40W0000000040710,Ütopya Elektrik Üretim San. ve Tic. A.Ş.(Düzova RES),unknown,2026-05-31 13:00:00+03:00,,3.01,chunk_0008.json,POST /v1/generation/data/dpp-bulk,2026-05-31 21:45:13.403990+00:00,4071,Ütopya Elektrik Üretim San. ve Tic. A.Ş.(Düzova RES),103261,2026-05-31T13:00:00+03:00,13:00
40W0000000040710,Ütopya Elektrik Üretim San. ve Tic. A.Ş.(Düzova RES),unknown,2026-05-31 14:00:00+03:00,,3.56,chunk_0008.json,POST /v1/generation/data/dpp-bulk,2026-05-31 21:45:13.403990+00:00,4071,Ütopya Elektrik Üretim San. ve Tic. A.Ş.(Düzova RES),103261,2026-05-31T14:00:00+03:00,14:00
40W0000000040710,Ütopya Elektrik Üretim San. ve Tic. A.Ş.(Düzova RES),unknown,2026-05-31 15:00:00+03:00,,8.65,chunk_0008.json,POST /v1/generation/data/dpp-bulk,2026-05-31 21:45:13.403990+00:00,4071,Ütopya Elektrik Üretim San. ve Tic. A.Ş.(Düzova RES),103261,2026-05-31T15:00:00+03:00,15:00
40W0000000040710,Ütopya Elektrik Üretim San. ve Tic. A.Ş.(Düzova RES),unknown,2026-05-31 16:00:00+03:00,,8.76,chunk_0008.json,POST /v1/generation/data/dpp-bulk,2026-05-31 21:45:13.403990+00:00,4071,Ütopya Elektrik Üretim San. ve Tic. A.Ş.(Düzova RES),103261,2026-05-31T16:00:00+03:00,16:00
40W0000000040710,Ütopya Elektrik Üretim San. ve Tic. A.Ş.(Düzova RES),unknown,2026-05-31 17:00:00+03:00,,7.91,chunk_0008.json,POST /v1/generation/data/dpp-bulk,2026-05-31 21:45:13.403990+00:00,4071,Ütopya Elektrik Üretim San. ve Tic. A.Ş.(Düzova RES),103261,2026-05-31T17:00:00+03:00,17:00
40W0000000040710,Ütopya Elektrik Üretim San. ve Tic. A.Ş.(Düzova RES),unknown,2026-05-31 18:00:00+03:00,,4.98,chunk_0008.json,POST /v1/generation/data/dpp-bulk,2026-05-31 21:45:13.403990+00:00,4071,Ütopya Elektrik Üretim San. ve Tic. A.Ş.(Düzova RES),103261,2026-05-31T18:00:00+03:00,18:00
40W0000000040710,Ütopya Elektrik Üretim San. ve Tic. A.Ş.(Düzova RES),unknown,2026-05-31 19:00:00+03:00,,2.67,chunk_0008.json,POST /v1/generation/data/dpp-bulk,2026-05-31 21:45:13.403990+00:00,4071,Ütopya Elektrik Üretim San. ve Tic. A.Ş.(Düzova RES),103261,2026-05-31T19:00:00+03:00,19:00
40W0000000040710,Ütopya Elektrik Üretim San. ve Tic. A.Ş.(Düzova RES),unknown,2026-05-31 20:00:00+03:00,,2.12,chunk_0008.json,POST /v1/generation/data/dpp-bulk,2026-05-31 21:45:13.403990+00:00,4071,Ütopya Elektrik Üretim San. ve Tic. A.Ş.(Düzova RES),103261,2026-05-31T20:00:00+03:00,20:00
40W0000000040710,Ütopya Elektrik Üretim San. ve Tic. A.Ş.(Düzova RES),unknown,2026-05-31 21:00:00+03:00,,0.85,chunk_0008.json,POST /v1/generation/data/dpp-bulk,2026-05-31 21:45:13.403990+00:00,4071,Ütopya Elektrik Üretim San. ve Tic. A.Ş.(Düzova RES),103261,2026-05-31T21:00:00+03:00,21:00
40W0000000040710,Ütopya Elektrik Üretim San. ve Tic. A.Ş.(Düzova RES),unknown,2026-05-31 22:00:00+03:00,,0.51,chunk_0008.json,POST /v1/generation/data/dpp-bulk,2026-05-31 21:45:13.403990+00:00,4071,Ütopya Elektrik Üretim San. ve Tic. A.Ş.(Düzova RES),103261,2026-05-31T22:00:00+03:00,22:00
40W0000000040710,Ütopya Elektrik Üretim San. ve Tic. A.Ş.(Düzova RES),unknown,2026-05-31 23:00:00+03:00,,0.32,chunk_0008.json,POST /v1/generation/data/dpp-bulk,2026-05-31 21:45:13.403990+00:00,4071,Ütopya Elektrik Üretim San. ve Tic. A.Ş.(Düzova RES),103261,2026-05-31T23:00:00+03:00,23:00
40W000000004020H,Akçay HES,unknown,2026-05-31 00:00:00+03:00,,0.0,chunk_0008.json,POST /v1/generation/data/dpp-bulk,2026-05-31 21:45:13.403990+00:00,4020,Akçay HES,103340,2026-05-31T00:00:00+03:00,00:00
40W000000004020H,Akçay HES,unknown,2026-05-31 01:00:00+03:00,,0.0,chunk_0008.json,POST /v1/generation/data/dpp-bulk,2026-05-31 21:45:13.403990+00:00,4020,Akçay HES,103340,2026-05-31T01:00:00+03:00,01:00
40W000000004020H,Akçay HES,unknown,2026-05-31 02:00:00+03:00,,0.0,chunk_0008.json,POST /v1/generation/data/dpp-bulk,2026-05-31 21:45:13.403990+00:00,4020,Akçay HES,103340,2026-05-31T02:00:00+03:00,02:00
40W000000004020H,Akçay HES,unknown,2026-05-31 03:00:00+03:00,,0.0,chunk_0008.json,POST /v1/generation/data/dpp-bulk,2026-05-31 21:45:13.403990+00:00,4020,Akçay HES,103340,2026-05-31T03:00:00+03:00,03:00
40W000000004020H,Akçay HES,unknown,2026-05-31 04:00:00+03:00,,0.0,chunk_0008.json,POST /v1/generation/data/dpp-bulk,2026-05-31 21:45:13.403990+00:00,4020,Akçay HES,103340,2026-05-31T04:00:00+03:00,04:00
40W000000004020H,Akçay HES,unknown,2026-05-31 05:00:00+03:00,,0.0,chunk_0008.json,POST /v1/generation/data/dpp-bulk,2026-05-31 21:45:13.403990+00:00,4020,Akçay HES,103340,2026-05-31T05:00:00+03:00,05:00
40W000000004020H,Akçay HES,unknown,2026-05-31 06:00:00+03:00,,0.0,chunk_0008.json,POST /v1/generation/data/dpp-bulk,2026-05-31 21:45:13.403990+00:00,4020,Akçay HES,103340,2026-05-31T06:00:00+03:00,06:00
40W000000004020H,Akçay HES,unknown,2026-05-31 07:00:00+03:00,,0.0,chunk_0008.json,POST /v1/generation/data/dpp-bulk,2026-05-31 21:45:13.403990+00:00,4020,Akçay HES,103340,2026-05-31T07:00:00+03:00,07:00
40W000000004020H,Akçay HES,unknown,2026-05-31 08:00:00+03:00,,0.0,chunk_0008.json,POST /v1/generation/data/dpp-bulk,2026-05-31 21:45:13.403990+00:00,4020,Akçay HES,103340,2026-05-31T08:00:00+03:00,08:00
40W000000004020H,Akçay HES,unknown,2026-05-31 09:00:00+03:00,,0.0,chunk_0008.json,POST /v1/generation/data/dpp-bulk,2026-05-31 21:45:13.403990+00:00,4020,Akçay HES,103340,2026-05-31T09:00:00+03:00,09:00
40W000000004020H,Akçay HES,unknown,2026-05-31 10:00:00+03:00,,0.0,chunk_0008.json,POST /v1/generation/data/dpp-bulk,2026-05-31 21:45:13.403990+00:00,4020,Akçay HES,103340,2026-05-31T10:00:00+03:00,10:00
40W000000004020H,Akçay HES,unknown,2026-05-31 11:00:00+03:00,,0.0,chunk_0008.json,POST /v1/generation/data/dpp-bulk,2026-05-31 21:45:13.403990+00:00,4020,Akçay HES,103340,2026-05-31T11:00:00+03:00,11:00
40W000000004020H,Akçay HES,unknown,2026-05-31 12:00:00+03:00,,0.0,chunk_0008.json,POST /v1/generation/data/dpp-bulk,2026-05-31 21:45:13.403990+00:00,4020,Akçay HES,103340,2026-05-31T12:00:00+03:00,12:00
40W000000004020H,Akçay HES,unknown,2026-05-31 13:00:00+03:00,,0.0,chunk_0008.json,POST /v1/generation/data/dpp-bulk,2026-05-31 21:45:13.403990+00:00,4020,Akçay HES,103340,2026-05-31T13:00:00+03:00,13:00
40W000000004020H,Akçay HES,unknown,2026-05-31 14:00:00+03:00,,0.0,chunk_0008.json,POST /v1/generation/data/dpp-bulk,2026-05-31 21:45:13.403990+00:00,4020,Akçay HES,103340,2026-05-31T14:00:00+03:00,14:00
40W000000004020H,Akçay HES,unknown,2026-05-31 15:00:00+03:00,,0.0,chunk_0008.json,POST /v1/generation/data/dpp-bulk,2026-05-31 21:45:13.403990+00:00,4020,Akçay HES,103340,2026-05-31T15:00:00+03:00,15:00
40W000000004020H,Akçay HES,unknown,2026-05-31 16:00:00+03:00,,0.0,chunk_0008.json,POST /v1/generation/data/dpp-bulk,2026-05-31 21:45:13.403990+00:00,4020,Akçay HES,103340,2026-05-31T16:00:00+03:00,16:00
40W000000004020H,Akçay HES,unknown,2026-05-31 17:00:00+03:00,,0.0,chunk_0008.json,POST /v1/generation/data/dpp-bulk,2026-05-31 21:45:13.403990+00:00,4020,Akçay HES,103340,2026-05-31T17:00:00+03:00,17:00
40W000000004020H,Akçay HES,unknown,2026-05-31 18:00:00+03:00,,0.0,chunk_0008.json,POST /v1/generation/data/dpp-bulk,2026-05-31 21:45:13.403990+00:00,4020,Akçay HES,103340,2026-05-31T18:00:00+03:00,18:00
40W000000004020H,Akçay HES,unknown,2026-05-31 19:00:00+03:00,,0.0,chunk_0008.json,POST /v1/generation/data/dpp-bulk,2026-05-31 21:45:13.403990+00:00,4020,Akçay HES,103340,2026-05-31T19:00:00+03:00,19:00
40W000000004020H,Akçay HES,unknown,2026-05-31 20:00:00+03:00,,0.0,chunk_0008.json,POST /v1/generation/data/dpp-bulk,2026-05-31 21:45:13.403990+00:00,4020,Akçay HES,103340,2026-05-31T20:00:00+03:00,20:00
40W000000004020H,Akçay HES,unknown,2026-05-31 21:00:00+03:00,,0.0,chunk_0008.json,POST /v1/generation/data/dpp-bulk,2026-05-31 21:45:13.403990+00:00,4020,Akçay HES,103340,2026-05-31T21:00:00+03:00,21:00
40W000000004020H,Akçay HES,unknown,2026-05-31 22:00:00+03:00,,0.0,chunk_0008.json,POST /v1/generation/data/dpp-bulk,2026-05-31 21:45:13.403990+00:00,4020,Akçay HES,103340,2026-05-31T22:00:00+03:00,22:00
40W000000004020H,Akçay HES,unknown,2026-05-31 23:00:00+03:00,,0.0,chunk_0008.json,POST /v1/generation/data/dpp-bulk,2026-05-31 21:45:13.403990+00:00,4020,Akçay HES,103340,2026-05-31T23:00:00+03:00,23:00
40W0000000040273,KALETEPE HES,unknown,2026-05-31 00:00:00+03:00,,10.0,chunk_0008.json,POST /v1/generation/data/dpp-bulk,2026-05-31 21:45:13.403990+00:00,4027,KALETEPE HES,103402,2026-05-31T00:00:00+03:00,00:00
40W0000000040273,KALETEPE HES,unknown,2026-05-31 01:00:00+03:00,,10.0,chunk_0008.json,POST /v1/generation/data/dpp-bulk,2026-05-31 21:45:13.403990+00:00,4027,KALETEPE HES,103402,2026-05-31T01:00:00+03:00,01:00
40W0000000040273,KALETEPE HES,unknown,2026-05-31 02:00:00+03:00,,5.0,chunk_0008.json,POST /v1/generation/data/dpp-bulk,2026-05-31 21:45:13.403990+00:00,4027,KALETEPE HES,103402,2026-05-31T02:00:00+03:00,02:00
40W0000000040273,KALETEPE HES,unknown,2026-05-31 03:00:00+03:00,,0.0,chunk_0008.json,POST /v1/generation/data/dpp-bulk,2026-05-31 21:45:13.403990+00:00,4027,KALETEPE HES,103402,2026-05-31T03:00:00+03:00,03:00
40W0000000040273,KALETEPE HES,unknown,2026-05-31 04:00:00+03:00,,0.0,chunk_0008.json,POST /v1/generation/data/dpp-bulk,2026-05-31 21:45:13.403990+00:00,4027,KALETEPE HES,103402,2026-05-31T04:00:00+03:00,04:00
40W0000000040273,KALETEPE HES,unknown,2026-05-31 05:00:00+03:00,,0.0,chunk_0008.json,POST /v1/generation/data/dpp-bulk,2026-05-31 21:45:13.403990+00:00,4027,KALETEPE HES,103402,2026-05-31T05:00:00+03:00,05:00
40W0000000040273,KALETEPE HES,unknown,2026-05-31 06:00:00+03:00,,0.0,chunk_0008.json,POST /v1/generation/data/dpp-bulk,2026-05-31 21:45:13.403990+00:00,4027,KALETEPE HES,103402,2026-05-31T06:00:00+03:00,06:00
40W0000000040273,KALETEPE HES,unknown,2026-05-31 07:00:00+03:00,,0.0,chunk_0008.json,POST /v1/generation/data/dpp-bulk,2026-05-31 21:45:13.403990+00:00,4027,KALETEPE HES,103402,2026-05-31T07:00:00+03:00,07:00
40W0000000040273,KALETEPE HES,unknown,2026-05-31 08:00:00+03:00,,0.0,chunk_0008.json,POST /v1/generation/data/dpp-bulk,2026-05-31 21:45:13.403990+00:00,4027,KALETEPE HES,103402,2026-05-31T08:00:00+03:00,08:00
40W0000000040273,KALETEPE HES,unknown,2026-05-31 09:00:00+03:00,,0.0,chunk_0008.json,POST /v1/generation/data/dpp-bulk,2026-05-31 21:45:13.403990+00:00,4027,KALETEPE HES,103402,2026-05-31T09:00:00+03:00,09:00
40W0000000040273,KALETEPE HES,unknown,2026-05-31 10:00:00+03:00,,0.0,chunk_0008.json,POST /v1/generation/data/dpp-bulk,2026-05-31 21:45:13.403990+00:00,4027,KALETEPE HES,103402,2026-05-31T10:00:00+03:00,10:00
40W0000000040273,KALETEPE HES,unknown,2026-05-31 11:00:00+03:00,,0.0,chunk_0008.json,POST /v1/generation/data/dpp-bulk,2026-05-31 21:45:13.403990+00:00,4027,KALETEPE HES,103402,2026-05-31T11:00:00+03:00,11:00
40W0000000040273,KALETEPE HES,unknown,2026-05-31 12:00:00+03:00,,0.0,chunk_0008.json,POST /v1/generation/data/dpp-bulk,2026-05-31 21:45:13.403990+00:00,4027,KALETEPE HES,103402,2026-05-31T12:00:00+03:00,12:00
40W0000000040273,KALETEPE HES,unknown,2026-05-31 13:00:00+03:00,,0.0,chunk_0008.json,POST /v1/generation/data/dpp-bulk,2026-05-31 21:45:13.403990+00:00,4027,KALETEPE HES,103402,2026-05-31T13:00:00+03:00,13:00
40W0000000040273,KALETEPE HES,unknown,2026-05-31 14:00:00+03:00,,0.0,chunk_0008.json,POST /v1/generation/data/dpp-bulk,2026-05-31 21:45:13.403990+00:00,4027,KALETEPE HES,103402,2026-05-31T14:00:00+03:00,14:00
40W0000000040273,KALETEPE HES,unknown,2026-05-31 15:00:00+03:00,,0.0,chunk_0008.json,POST /v1/generation/data/dpp-bulk,2026-05-31 21:45:13.403990+00:00,4027,KALETEPE HES,103402,2026-05-31T15:00:00+03:00,15:00
40W0000000040273,KALETEPE HES,unknown,2026-05-31 16:00:00+03:00,,0.0,chunk_0008.json,POST /v1/generation/data/dpp-bulk,2026-05-31 21:45:13.403990+00:00,4027,KALETEPE HES,103402,2026-05-31T16:00:00+03:00,16:00
40W0000000040273,KALETEPE HES,unknown,2026-05-31 17:00:00+03:00,,0.0,chunk_0008.json,POST /v1/generation/data/dpp-bulk,2026-05-31 21:45:13.403990+00:00,4027,KALETEPE HES,103402,2026-05-31T17:00:00+03:00,17:00
40W0000000040273,KALETEPE HES,unknown,2026-05-31 18:00:00+03:00,,0.0,chunk_0008.json,POST /v1/generation/data/dpp-bulk,2026-05-31 21:45:13.403990+00:00,4027,KALETEPE HES,103402,2026-05-31T18:00:00+03:00,18:00
40W0000000040273,KALETEPE HES,unknown,2026-05-31 19:00:00+03:00,,10.1,chunk_0008.json,POST /v1/generation/data/dpp-bulk,2026-05-31 21:45:13.403990+00:00,4027,KALETEPE HES,103402,2026-05-31T19:00:00+03:00,19:00
40W0000000040273,KALETEPE HES,unknown,2026-05-31 20:00:00+03:00,,10.0,chunk_0008.json,POST /v1/generation/data/dpp-bulk,2026-05-31 21:45:13.403990+00:00,4027,KALETEPE HES,103402,2026-05-31T20:00:00+03:00,20:00
40W0000000040273,KALETEPE HES,unknown,2026-05-31 21:00:00+03:00,,10.0,chunk_0008.json,POST /v1/generation/data/dpp-bulk,2026-05-31 21:45:13.403990+00:00,4027,KALETEPE HES,103402,2026-05-31T21:00:00+03:00,21:00
40W0000000040273,KALETEPE HES,unknown,2026-05-31 22:00:00+03:00,,10.0,chunk_0008.json,POST /v1/generation/data/dpp-bulk,2026-05-31 21:45:13.403990+00:00,4027,KALETEPE HES,103402,2026-05-31T22:00:00+03:00,22:00
40W0000000040273,KALETEPE HES,unknown,2026-05-31 23:00:00+03:00,,10.0,chunk_0008.json,POST /v1/generation/data/dpp-bulk,2026-05-31 21:45:13.403990+00:00,4027,KALETEPE HES,103402,2026-05-31T23:00:00+03:00,23:00
40W0000000039813,LAMAS III-IV HES,unknown,2026-05-31 00:00:00+03:00,,3.5,chunk_0008.json,POST /v1/generation/data/dpp-bulk,2026-05-31 21:45:13.403990+00:00,3981,LAMAS III-IV HES,103600,2026-05-31T00:00:00+03:00,00:00
40W0000000039813,LAMAS III-IV HES,unknown,2026-05-31 01:00:00+03:00,,3.5,chunk_0008.json,POST /v1/generation/data/dpp-bulk,2026-05-31 21:45:13.403990+00:00,3981,LAMAS III-IV HES,103600,2026-05-31T01:00:00+03:00,01:00
40W0000000039813,LAMAS III-IV HES,unknown,2026-05-31 02:00:00+03:00,,3.5,chunk_0008.json,POST /v1/generation/data/dpp-bulk,2026-05-31 21:45:13.403990+00:00,3981,LAMAS III-IV HES,103600,2026-05-31T02:00:00+03:00,02:00
40W0000000039813,LAMAS III-IV HES,unknown,2026-05-31 03:00:00+03:00,,0.0,chunk_0008.json,POST /v1/generation/data/dpp-bulk,2026-05-31 21:45:13.403990+00:00,3981,LAMAS III-IV HES,103600,2026-05-31T03:00:00+03:00,03:00
40W0000000039813,LAMAS III-IV HES,unknown,2026-05-31 04:00:00+03:00,,0.0,chunk_0008.json,POST /v1/generation/data/dpp-bulk,2026-05-31 21:45:13.403990+00:00,3981,LAMAS III-IV HES,103600,2026-05-31T04:00:00+03:00,04:00
40W0000000039813,LAMAS III-IV HES,unknown,2026-05-31 05:00:00+03:00,,0.0,chunk_0008.json,POST /v1/generation/data/dpp-bulk,2026-05-31 21:45:13.403990+00:00,3981,LAMAS III-IV HES,103600,2026-05-31T05:00:00+03:00,05:00
40W0000000039813,LAMAS III-IV HES,unknown,2026-05-31 06:00:00+03:00,,0.0,chunk_0008.json,POST /v1/generation/data/dpp-bulk,2026-05-31 21:45:13.403990+00:00,3981,LAMAS III-IV HES,103600,2026-05-31T06:00:00+03:00,06:00
40W0000000039813,LAMAS III-IV HES,unknown,2026-05-31 07:00:00+03:00,,0.0,chunk_0008.json,POST /v1/generation/data/dpp-bulk,2026-05-31 21:45:13.403990+00:00,3981,LAMAS III-IV HES,103600,2026-05-31T07:00:00+03:00,07:00
40W0000000039813,LAMAS III-IV HES,unknown,2026-05-31 08:00:00+03:00,,0.0,chunk_0008.json,POST /v1/generation/data/dpp-bulk,2026-05-31 21:45:13.403990+00:00,3981,LAMAS III-IV HES,103600,2026-05-31T08:00:00+03:00,08:00
40W0000000039813,LAMAS III-IV HES,unknown,2026-05-31 09:00:00+03:00,,0.0,chunk_0008.json,POST /v1/generation/data/dpp-bulk,2026-05-31 21:45:13.403990+00:00,3981,LAMAS III-IV HES,103600,2026-05-31T09:00:00+03:00,09:00
40W0000000039813,LAMAS III-IV HES,unknown,2026-05-31 10:00:00+03:00,,0.0,chunk_0008.json,POST /v1/generation/data/dpp-bulk,2026-05-31 21:45:13.403990+00:00,3981,LAMAS III-IV HES,103600,2026-05-31T10:00:00+03:00,10:00
40W0000000039813,LAMAS III-IV HES,unknown,2026-05-31 11:00:00+03:00,,0.0,chunk_0008.json,POST /v1/generation/data/dpp-bulk,2026-05-31 21:45:13.403990+00:00,3981,LAMAS III-IV HES,103600,2026-05-31T11:00:00+03:00,11:00
40W0000000039813,LAMAS III-IV HES,unknown,2026-05-31 12:00:00+03:00,,0.0,chunk_0008.json,POST /v1/generation/data/dpp-bulk,2026-05-31 21:45:13.403990+00:00,3981,LAMAS III-IV HES,103600,2026-05-31T12:00:00+03:00,12:00
40W0000000039813,LAMAS III-IV HES,unknown,2026-05-31 13:00:00+03:00,,0.0,chunk_0008.json,POST /v1/generation/data/dpp-bulk,2026-05-31 21:45:13.403990+00:00,3981,LAMAS III-IV HES,103600,2026-05-31T13:00:00+03:00,13:00
40W0000000039813,LAMAS III-IV HES,unknown,2026-05-31 14:00:00+03:00,,0.0,chunk_0008.json,POST /v1/generation/data/dpp-bulk,2026-05-31 21:45:13.403990+00:00,3981,LAMAS III-IV HES,103600,2026-05-31T14:00:00+03:00,14:00
40W0000000039813,LAMAS III-IV HES,unknown,2026-05-31 15:00:00+03:00,,0.0,chunk_0008.json,POST /v1/generation/data/dpp-bulk,2026-05-31 21:45:13.403990+00:00,3981,LAMAS III-IV HES,103600,2026-05-31T15:00:00+03:00,15:00
40W0000000039813,LAMAS III-IV HES,unknown,2026-05-31 16:00:00+03:00,,0.0,chunk_0008.json,POST /v1/generation/data/dpp-bulk,2026-05-31 21:45:13.403990+00:00,3981,LAMAS III-IV HES,103600,2026-05-31T16:00:00+03:00,16:00
40W0000000039813,LAMAS III-IV HES,unknown,2026-05-31 17:00:00+03:00,,0.0,chunk_0008.json,POST /v1/generation/data/dpp-bulk,2026-05-31 21:45:13.403990+00:00,3981,LAMAS III-IV HES,103600,2026-05-31T17:00:00+03:00,17:00
40W0000000039813,LAMAS III-IV HES,unknown,2026-05-31 18:00:00+03:00,,0.0,chunk_0008.json,POST /v1/generation/data/dpp-bulk,2026-05-31 21:45:13.403990+00:00,3981,LAMAS III-IV HES,103600,2026-05-31T18:00:00+03:00,18:00
40W0000000039813,LAMAS III-IV HES,unknown,2026-05-31 19:00:00+03:00,,4.49,chunk_0008.json,POST /v1/generation/data/dpp-bulk,2026-05-31 21:45:13.403990+00:00,3981,LAMAS III-IV HES,103600,2026-05-31T19:00:00+03:00,19:00
40W0000000039813,LAMAS III-IV HES,unknown,2026-05-31 20:00:00+03:00,,3.88,chunk_0008.json,POST /v1/generation/data/dpp-bulk,2026-05-31 21:45:13.403990+00:00,3981,LAMAS III-IV HES,103600,2026-05-31T20:00:00+03:00,20:00
40W0000000039813,LAMAS III-IV HES,unknown,2026-05-31 21:00:00+03:00,,3.5,chunk_0008.json,POST /v1/generation/data/dpp-bulk,2026-05-31 21:45:13.403990+00:00,3981,LAMAS III-IV HES,103600,2026-05-31T21:00:00+03:00,21:00
40W0000000039813,LAMAS III-IV HES,unknown,2026-05-31 22:00:00+03:00,,3.5,chunk_0008.json,POST /v1/generation/data/dpp-bulk,2026-05-31 21:45:13.403990+00:00,3981,LAMAS III-IV HES,103600,2026-05-31T22:00:00+03:00,22:00
40W0000000039813,LAMAS III-IV HES,unknown,2026-05-31 23:00:00+03:00,,3.5,chunk_0008.json,POST /v1/generation/data/dpp-bulk,2026-05-31 21:45:13.403990+00:00,3981,LAMAS III-IV HES,103600,2026-05-31T23:00:00+03:00,23:00
40W000000004066U,ÇAKIRLAR HES,unknown,2026-05-31 00:00:00+03:00,,14.0,chunk_0008.json,POST /v1/generation/data/dpp-bulk,2026-05-31 21:45:13.403990+00:00,4066,ÇAKIRLAR HES,103600,2026-05-31T00:00:00+03:00,00:00
40W000000004066U,ÇAKIRLAR HES,unknown,2026-05-31 01:00:00+03:00,,14.0,chunk_0008.json,POST /v1/generation/data/dpp-bulk,2026-05-31 21:45:13.403990+00:00,4066,ÇAKIRLAR HES,103600,2026-05-31T01:00:00+03:00,01:00
40W000000004066U,ÇAKIRLAR HES,unknown,2026-05-31 02:00:00+03:00,,14.0,chunk_0008.json,POST /v1/generation/data/dpp-bulk,2026-05-31 21:45:13.403990+00:00,4066,ÇAKIRLAR HES,103600,2026-05-31T02:00:00+03:00,02:00
40W000000004066U,ÇAKIRLAR HES,unknown,2026-05-31 03:00:00+03:00,,14.0,chunk_0008.json,POST /v1/generation/data/dpp-bulk,2026-05-31 21:45:13.403990+00:00,4066,ÇAKIRLAR HES,103600,2026-05-31T03:00:00+03:00,03:00
40W000000004066U,ÇAKIRLAR HES,unknown,2026-05-31 04:00:00+03:00,,14.0,chunk_0008.json,POST /v1/generation/data/dpp-bulk,2026-05-31 21:45:13.403990+00:00,4066,ÇAKIRLAR HES,103600,2026-05-31T04:00:00+03:00,04:00
40W000000004066U,ÇAKIRLAR HES,unknown,2026-05-31 05:00:00+03:00,,14.0,chunk_0008.json,POST /v1/generation/data/dpp-bulk,2026-05-31 21:45:13.403990+00:00,4066,ÇAKIRLAR HES,103600,2026-05-31T05:00:00+03:00,05:00
40W000000004066U,ÇAKIRLAR HES,unknown,2026-05-31 06:00:00+03:00,,0.0,chunk_0008.json,POST /v1/generation/data/dpp-bulk,2026-05-31 21:45:13.403990+00:00,4066,ÇAKIRLAR HES,103600,2026-05-31T06:00:00+03:00,06:00
40W000000004066U,ÇAKIRLAR HES,unknown,2026-05-31 07:00:00+03:00,,0.0,chunk_0008.json,POST /v1/generation/data/dpp-bulk,2026-05-31 21:45:13.403990+00:00,4066,ÇAKIRLAR HES,103600,2026-05-31T07:00:00+03:00,07:00
40W000000004066U,ÇAKIRLAR HES,unknown,2026-05-31 08:00:00+03:00,,0.0,chunk_0008.json,POST /v1/generation/data/dpp-bulk,2026-05-31 21:45:13.403990+00:00,4066,ÇAKIRLAR HES,103600,2026-05-31T08:00:00+03:00,08:00
40W000000004066U,ÇAKIRLAR HES,unknown,2026-05-31 09:00:00+03:00,,0.0,chunk_0008.json,POST /v1/generation/data/dpp-bulk,2026-05-31 21:45:13.403990+00:00,4066,ÇAKIRLAR HES,103600,2026-05-31T09:00:00+03:00,09:00
40W000000004066U,ÇAKIRLAR HES,unknown,2026-05-31 10:00:00+03:00,,0.0,chunk_0008.json,POST /v1/generation/data/dpp-bulk,2026-05-31 21:45:13.403990+00:00,4066,ÇAKIRLAR HES,103600,2026-05-31T10:00:00+03:00,10:00
40W000000004066U,ÇAKIRLAR HES,unknown,2026-05-31 11:00:00+03:00,,0.0,chunk_0008.json,POST /v1/generation/data/dpp-bulk,2026-05-31 21:45:13.403990+00:00,4066,ÇAKIRLAR HES,103600,2026-05-31T11:00:00+03:00,11:00
40W000000004066U,ÇAKIRLAR HES,unknown,2026-05-31 12:00:00+03:00,,0.0,chunk_0008.json,POST /v1/generation/data/dpp-bulk,2026-05-31 21:45:13.403990+00:00,4066,ÇAKIRLAR HES,103600,2026-05-31T12:00:00+03:00,12:00
40W000000004066U,ÇAKIRLAR HES,unknown,2026-05-31 13:00:00+03:00,,0.0,chunk_0008.json,POST /v1/generation/data/dpp-bulk,2026-05-31 21:45:13.403990+00:00,4066,ÇAKIRLAR HES,103600,2026-05-31T13:00:00+03:00,13:00
40W000000004066U,ÇAKIRLAR HES,unknown,2026-05-31 14:00:00+03:00,,0.0,chunk_0008.json,POST /v1/generation/data/dpp-bulk,2026-05-31 21:45:13.403990+00:00,4066,ÇAKIRLAR HES,103600,2026-05-31T14:00:00+03:00,14:00
40W000000004066U,ÇAKIRLAR HES,unknown,2026-05-31 15:00:00+03:00,,0.0,chunk_0008.json,POST /v1/generation/data/dpp-bulk,2026-05-31 21:45:13.403990+00:00,4066,ÇAKIRLAR HES,103600,2026-05-31T15:00:00+03:00,15:00
40W000000004066U,ÇAKIRLAR HES,unknown,2026-05-31 16:00:00+03:00,,0.0,chunk_0008.json,POST /v1/generation/data/dpp-bulk,2026-05-31 21:45:13.403990+00:00,4066,ÇAKIRLAR HES,103600,2026-05-31T16:00:00+03:00,16:00
40W000000004066U,ÇAKIRLAR HES,unknown,2026-05-31 17:00:00+03:00,,0.0,chunk_0008.json,POST /v1/generation/data/dpp-bulk,2026-05-31 21:45:13.403990+00:00,4066,ÇAKIRLAR HES,103600,2026-05-31T17:00:00+03:00,17:00
40W000000004066U,ÇAKIRLAR HES,unknown,2026-05-31 18:00:00+03:00,,14.49,chunk_0008.json,POST /v1/generation/data/dpp-bulk,2026-05-31 21:45:13.403990+00:00,4066,ÇAKIRLAR HES,103600,2026-05-31T18:00:00+03:00,18:00
40W000000004066U,ÇAKIRLAR HES,unknown,2026-05-31 19:00:00+03:00,,14.0,chunk_0008.json,POST /v1/generation/data/dpp-bulk,2026-05-31 21:45:13.403990+00:00,4066,ÇAKIRLAR HES,103600,2026-05-31T19:00:00+03:00,19:00
40W000000004066U,ÇAKIRLAR HES,unknown,2026-05-31 20:00:00+03:00,,14.0,chunk_0008.json,POST /v1/generation/data/dpp-bulk,2026-05-31 21:45:13.403990+00:00,4066,ÇAKIRLAR HES,103600,2026-05-31T20:00:00+03:00,20:00
40W000000004066U,ÇAKIRLAR HES,unknown,2026-05-31 21:00:00+03:00,,14.0,chunk_0008.json,POST /v1/generation/data/dpp-bulk,2026-05-31 21:45:13.403990+00:00,4066,ÇAKIRLAR HES,103600,2026-05-31T21:00:00+03:00,21:00
40W000000004066U,ÇAKIRLAR HES,unknown,2026-05-31 22:00:00+03:00,,13.59,chunk_0008.json,POST /v1/generation/data/dpp-bulk,2026-05-31 21:45:13.403990+00:00,4066,ÇAKIRLAR HES,103600,2026-05-31T22:00:00+03:00,22:00
40W000000004066U,ÇAKIRLAR HES,unknown,2026-05-31 23:00:00+03:00,,14.0,chunk_0008.json,POST /v1/generation/data/dpp-bulk,2026-05-31 21:45:13.403990+00:00,4066,ÇAKIRLAR HES,103600,2026-05-31T23:00:00+03:00,23:00
40W0000000040281,KÖMÜRCÜODA ÇÖP GAZI SANTRALİ,unknown,2026-05-31 00:00:00+03:00,,0.0,chunk_0008.json,POST /v1/generation/data/dpp-bulk,2026-05-31 21:45:13.403990+00:00,4028,KÖMÜRCÜODA ÇÖP GAZI SANTRALİ,103940,2026-05-31T00:00:00+03:00,00:00
40W0000000040281,KÖMÜRCÜODA ÇÖP GAZI SANTRALİ,unknown,2026-05-31 01:00:00+03:00,,0.0,chunk_0008.json,POST /v1/generation/data/dpp-bulk,2026-05-31 21:45:13.403990+00:00,4028,KÖMÜRCÜODA ÇÖP GAZI SANTRALİ,103940,2026-05-31T01:00:00+03:00,01:00
40W0000000040281,KÖMÜRCÜODA ÇÖP GAZI SANTRALİ,unknown,2026-05-31 02:00:00+03:00,,0.0,chunk_0008.json,POST /v1/generation/data/dpp-bulk,2026-05-31 21:45:13.403990+00:00,4028,KÖMÜRCÜODA ÇÖP GAZI SANTRALİ,103940,2026-05-31T02:00:00+03:00,02:00
40W0000000040281,KÖMÜRCÜODA ÇÖP GAZI SANTRALİ,unknown,2026-05-31 03:00:00+03:00,,0.0,chunk_0008.json,POST /v1/generation/data/dpp-bulk,2026-05-31 21:45:13.403990+00:00,4028,KÖMÜRCÜODA ÇÖP GAZI SANTRALİ,103940,2026-05-31T03:00:00+03:00,03:00
40W0000000040281,KÖMÜRCÜODA ÇÖP GAZI SANTRALİ,unknown,2026-05-31 04:00:00+03:00,,0.0,chunk_0008.json,POST /v1/generation/data/dpp-bulk,2026-05-31 21:45:13.403990+00:00,4028,KÖMÜRCÜODA ÇÖP GAZI SANTRALİ,103940,2026-05-31T04:00:00+03:00,04:00
40W0000000040281,KÖMÜRCÜODA ÇÖP GAZI SANTRALİ,unknown,2026-05-31 05:00:00+03:00,,0.0,chunk_0008.json,POST /v1/generation/data/dpp-bulk,2026-05-31 21:45:13.403990+00:00,4028,KÖMÜRCÜODA ÇÖP GAZI SANTRALİ,103940,2026-05-31T05:00:00+03:00,05:00
40W0000000040281,KÖMÜRCÜODA ÇÖP GAZI SANTRALİ,unknown,2026-05-31 06:00:00+03:00,,0.0,chunk_0008.json,POST /v1/generation/data/dpp-bulk,2026-05-31 21:45:13.403990+00:00,4028,KÖMÜRCÜODA ÇÖP GAZI SANTRALİ,103940,2026-05-31T06:00:00+03:00,06:00
40W0000000040281,KÖMÜRCÜODA ÇÖP GAZI SANTRALİ,unknown,2026-05-31 07:00:00+03:00,,0.0,chunk_0008.json,POST /v1/generation/data/dpp-bulk,2026-05-31 21:45:13.403990+00:00,4028,KÖMÜRCÜODA ÇÖP GAZI SANTRALİ,103940,2026-05-31T07:00:00+03:00,07:00
40W0000000040281,KÖMÜRCÜODA ÇÖP GAZI SANTRALİ,unknown,2026-05-31 08:00:00+03:00,,0.0,chunk_0008.json,POST /v1/generation/data/dpp-bulk,2026-05-31 21:45:13.403990+00:00,4028,KÖMÜRCÜODA ÇÖP GAZI SANTRALİ,103940,2026-05-31T08:00:00+03:00,08:00
40W0000000040281,KÖMÜRCÜODA ÇÖP GAZI SANTRALİ,unknown,2026-05-31 09:00:00+03:00,,0.0,chunk_0008.json,POST /v1/generation/data/dpp-bulk,2026-05-31 21:45:13.403990+00:00,4028,KÖMÜRCÜODA ÇÖP GAZI SANTRALİ,103940,2026-05-31T09:00:00+03:00,09:00
40W0000000040281,KÖMÜRCÜODA ÇÖP GAZI SANTRALİ,unknown,2026-05-31 10:00:00+03:00,,0.0,chunk_0008.json,POST /v1/generation/data/dpp-bulk,2026-05-31 21:45:13.403990+00:00,4028,KÖMÜRCÜODA ÇÖP GAZI SANTRALİ,103940,2026-05-31T10:00:00+03:00,10:00
40W0000000040281,KÖMÜRCÜODA ÇÖP GAZI SANTRALİ,unknown,2026-05-31 11:00:00+03:00,,0.0,chunk_0008.json,POST /v1/generation/data/dpp-bulk,2026-05-31 21:45:13.403990+00:00,4028,KÖMÜRCÜODA ÇÖP GAZI SANTRALİ,103940,2026-05-31T11:00:00+03:00,11:00
40W0000000040281,KÖMÜRCÜODA ÇÖP GAZI SANTRALİ,unknown,2026-05-31 12:00:00+03:00,,0.0,chunk_0008.json,POST /v1/generation/data/dpp-bulk,2026-05-31 21:45:13.403990+00:00,4028,KÖMÜRCÜODA ÇÖP GAZI SANTRALİ,103940,2026-05-31T12:00:00+03:00,12:00
40W0000000040281,KÖMÜRCÜODA ÇÖP GAZI SANTRALİ,unknown,2026-05-31 13:00:00+03:00,,0.0,chunk_0008.json,POST /v1/generation/data/dpp-bulk,2026-05-31 21:45:13.403990+00:00,4028,KÖMÜRCÜODA ÇÖP GAZI SANTRALİ,103940,2026-05-31T13:00:00+03:00,13:00
40W0000000040281,KÖMÜRCÜODA ÇÖP GAZI SANTRALİ,unknown,2026-05-31 14:00:00+03:00,,0.0,chunk_0008.json,POST /v1/generation/data/dpp-bulk,2026-05-31 21:45:13.403990+00:00,4028,KÖMÜRCÜODA ÇÖP GAZI SANTRALİ,103940,2026-05-31T14:00:00+03:00,14:00
40W0000000040281,KÖMÜRCÜODA ÇÖP GAZI SANTRALİ,unknown,2026-05-31 15:00:00+03:00,,0.0,chunk_0008.json,POST /v1/generation/data/dpp-bulk,2026-05-31 21:45:13.403990+00:00,4028,KÖMÜRCÜODA ÇÖP GAZI SANTRALİ,103940,2026-05-31T15:00:00+03:00,15:00
40W0000000040281,KÖMÜRCÜODA ÇÖP GAZI SANTRALİ,unknown,2026-05-31 16:00:00+03:00,,0.0,chunk_0008.json,POST /v1/generation/data/dpp-bulk,2026-05-31 21:45:13.403990+00:00,4028,KÖMÜRCÜODA ÇÖP GAZI SANTRALİ,103940,2026-05-31T16:00:00+03:00,16:00
40W0000000040281,KÖMÜRCÜODA ÇÖP GAZI SANTRALİ,unknown,2026-05-31 17:00:00+03:00,,0.0,chunk_0008.json,POST /v1/generation/data/dpp-bulk,2026-05-31 21:45:13.403990+00:00,4028,KÖMÜRCÜODA ÇÖP GAZI SANTRALİ,103940,2026-05-31T17:00:00+03:00,17:00
40W0000000040281,KÖMÜRCÜODA ÇÖP GAZI SANTRALİ,unknown,2026-05-31 18:00:00+03:00,,0.0,chunk_0008.json,POST /v1/generation/data/dpp-bulk,2026-05-31 21:45:13.403990+00:00,4028,KÖMÜRCÜODA ÇÖP GAZI SANTRALİ,103940,2026-05-31T18:00:00+03:00,18:00
40W0000000040281,KÖMÜRCÜODA ÇÖP GAZI SANTRALİ,unknown,2026-05-31 19:00:00+03:00,,0.0,chunk_0008.json,POST /v1/generation/data/dpp-bulk,2026-05-31 21:45:13.403990+00:00,4028,KÖMÜRCÜODA ÇÖP GAZI SANTRALİ,103940,2026-05-31T19:00:00+03:00,19:00
40W0000000040281,KÖMÜRCÜODA ÇÖP GAZI SANTRALİ,unknown,2026-05-31 20:00:00+03:00,,0.0,chunk_0008.json,POST /v1/generation/data/dpp-bulk,2026-05-31 21:45:13.403990+00:00,4028,KÖMÜRCÜODA ÇÖP GAZI SANTRALİ,103940,2026-05-31T20:00:00+03:00,20:00
40W0000000040281,KÖMÜRCÜODA ÇÖP GAZI SANTRALİ,unknown,2026-05-31 21:00:00+03:00,,0.0,chunk_0008.json,POST /v1/generation/data/dpp-bulk,2026-05-31 21:45:13.403990+00:00,4028,KÖMÜRCÜODA ÇÖP GAZI SANTRALİ,103940,2026-05-31T21:00:00+03:00,21:00
40W0000000040281,KÖMÜRCÜODA ÇÖP GAZI SANTRALİ,unknown,2026-05-31 22:00:00+03:00,,0.0,chunk_0008.json,POST /v1/generation/data/dpp-bulk,2026-05-31 21:45:13.403990+00:00,4028,KÖMÜRCÜODA ÇÖP GAZI SANTRALİ,103940,2026-05-31T22:00:00+03:00,22:00
40W0000000040281,KÖMÜRCÜODA ÇÖP GAZI SANTRALİ,unknown,2026-05-31 23:00:00+03:00,,0.0,chunk_0008.json,POST /v1/generation/data/dpp-bulk,2026-05-31 21:45:13.403990+00:00,4028,KÖMÜRCÜODA ÇÖP GAZI SANTRALİ,103940,2026-05-31T23:00:00+03:00,23:00
40W0000000039287,Cindere Hidroelektrik Santralı,unknown,2026-05-31 00:00:00+03:00,,0.0,chunk_0008.json,POST /v1/generation/data/dpp-bulk,2026-05-31 21:45:13.403990+00:00,3928,Cindere Hidroelektrik Santralı,104381,2026-05-31T00:00:00+03:00,00:00
40W0000000039287,Cindere Hidroelektrik Santralı,unknown,2026-05-31 01:00:00+03:00,,0.0,chunk_0008.json,POST /v1/generation/data/dpp-bulk,2026-05-31 21:45:13.403990+00:00,3928,Cindere Hidroelektrik Santralı,104381,2026-05-31T01:00:00+03:00,01:00
40W0000000039287,Cindere Hidroelektrik Santralı,unknown,2026-05-31 02:00:00+03:00,,0.0,chunk_0008.json,POST /v1/generation/data/dpp-bulk,2026-05-31 21:45:13.403990+00:00,3928,Cindere Hidroelektrik Santralı,104381,2026-05-31T02:00:00+03:00,02:00
40W0000000039287,Cindere Hidroelektrik Santralı,unknown,2026-05-31 03:00:00+03:00,,0.0,chunk_0008.json,POST /v1/generation/data/dpp-bulk,2026-05-31 21:45:13.403990+00:00,3928,Cindere Hidroelektrik Santralı,104381,2026-05-31T03:00:00+03:00,03:00
40W0000000039287,Cindere Hidroelektrik Santralı,unknown,2026-05-31 04:00:00+03:00,,0.0,chunk_0008.json,POST /v1/generation/data/dpp-bulk,2026-05-31 21:45:13.403990+00:00,3928,Cindere Hidroelektrik Santralı,104381,2026-05-31T04:00:00+03:00,04:00
40W0000000039287,Cindere Hidroelektrik Santralı,unknown,2026-05-31 05:00:00+03:00,,0.0,chunk_0008.json,POST /v1/generation/data/dpp-bulk,2026-05-31 21:45:13.403990+00:00,3928,Cindere Hidroelektrik Santralı,104381,2026-05-31T05:00:00+03:00,05:00
40W0000000039287,Cindere Hidroelektrik Santralı,unknown,2026-05-31 06:00:00+03:00,,0.0,chunk_0008.json,POST /v1/generation/data/dpp-bulk,2026-05-31 21:45:13.403990+00:00,3928,Cindere Hidroelektrik Santralı,104381,2026-05-31T06:00:00+03:00,06:00
40W0000000039287,Cindere Hidroelektrik Santralı,unknown,2026-05-31 07:00:00+03:00,,0.0,chunk_0008.json,POST /v1/generation/data/dpp-bulk,2026-05-31 21:45:13.403990+00:00,3928,Cindere Hidroelektrik Santralı,104381,2026-05-31T07:00:00+03:00,07:00
40W0000000039287,Cindere Hidroelektrik Santralı,unknown,2026-05-31 08:00:00+03:00,,0.0,chunk_0008.json,POST /v1/generation/data/dpp-bulk,2026-05-31 21:45:13.403990+00:00,3928,Cindere Hidroelektrik Santralı,104381,2026-05-31T08:00:00+03:00,08:00
40W0000000039287,Cindere Hidroelektrik Santralı,unknown,2026-05-31 09:00:00+03:00,,0.0,chunk_0008.json,POST /v1/generation/data/dpp-bulk,2026-05-31 21:45:13.403990+00:00,3928,Cindere Hidroelektrik Santralı,104381,2026-05-31T09:00:00+03:00,09:00
40W0000000039287,Cindere Hidroelektrik Santralı,unknown,2026-05-31 10:00:00+03:00,,0.0,chunk_0008.json,POST /v1/generation/data/dpp-bulk,2026-05-31 21:45:13.403990+00:00,3928,Cindere Hidroelektrik Santralı,104381,2026-05-31T10:00:00+03:00,10:00
40W0000000039287,Cindere Hidroelektrik Santralı,unknown,2026-05-31 11:00:00+03:00,,0.0,chunk_0008.json,POST /v1/generation/data/dpp-bulk,2026-05-31 21:45:13.403990+00:00,3928,Cindere Hidroelektrik Santralı,104381,2026-05-31T11:00:00+03:00,11:00
40W0000000039287,Cindere Hidroelektrik Santralı,unknown,2026-05-31 12:00:00+03:00,,0.0,chunk_0008.json,POST /v1/generation/data/dpp-bulk,2026-05-31 21:45:13.403990+00:00,3928,Cindere Hidroelektrik Santralı,104381,2026-05-31T12:00:00+03:00,12:00
40W0000000039287,Cindere Hidroelektrik Santralı,unknown,2026-05-31 13:00:00+03:00,,0.0,chunk_0008.json,POST /v1/generation/data/dpp-bulk,2026-05-31 21:45:13.403990+00:00,3928,Cindere Hidroelektrik Santralı,104381,2026-05-31T13:00:00+03:00,13:00
40W0000000039287,Cindere Hidroelektrik Santralı,unknown,2026-05-31 14:00:00+03:00,,0.0,chunk_0008.json,POST /v1/generation/data/dpp-bulk,2026-05-31 21:45:13.403990+00:00,3928,Cindere Hidroelektrik Santralı,104381,2026-05-31T14:00:00+03:00,14:00
40W0000000039287,Cindere Hidroelektrik Santralı,unknown,2026-05-31 15:00:00+03:00,,0.0,chunk_0008.json,POST /v1/generation/data/dpp-bulk,2026-05-31 21:45:13.403990+00:00,3928,Cindere Hidroelektrik Santralı,104381,2026-05-31T15:00:00+03:00,15:00
40W0000000039287,Cindere Hidroelektrik Santralı,unknown,2026-05-31 16:00:00+03:00,,0.0,chunk_0008.json,POST /v1/generation/data/dpp-bulk,2026-05-31 21:45:13.403990+00:00,3928,Cindere Hidroelektrik Santralı,104381,2026-05-31T16:00:00+03:00,16:00
40W0000000039287,Cindere Hidroelektrik Santralı,unknown,2026-05-31 17:00:00+03:00,,0.0,chunk_0008.json,POST /v1/generation/data/dpp-bulk,2026-05-31 21:45:13.403990+00:00,3928,Cindere Hidroelektrik Santralı,104381,2026-05-31T17:00:00+03:00,17:00
40W0000000039287,Cindere Hidroelektrik Santralı,unknown,2026-05-31 18:00:00+03:00,,0.0,chunk_0008.json,POST /v1/generation/data/dpp-bulk,2026-05-31 21:45:13.403990+00:00,3928,Cindere Hidroelektrik Santralı,104381,2026-05-31T18:00:00+03:00,18:00
40W0000000039287,Cindere Hidroelektrik Santralı,unknown,2026-05-31 19:00:00+03:00,,0.0,chunk_0008.json,POST /v1/generation/data/dpp-bulk,2026-05-31 21:45:13.403990+00:00,3928,Cindere Hidroelektrik Santralı,104381,2026-05-31T19:00:00+03:00,19:00
40W0000000039287,Cindere Hidroelektrik Santralı,unknown,2026-05-31 20:00:00+03:00,,0.0,chunk_0008.json,POST /v1/generation/data/dpp-bulk,2026-05-31 21:45:13.403990+00:00,3928,Cindere Hidroelektrik Santralı,104381,2026-05-31T20:00:00+03:00,20:00
40W0000000039287,Cindere Hidroelektrik Santralı,unknown,2026-05-31 21:00:00+03:00,,0.0,chunk_0008.json,POST /v1/generation/data/dpp-bulk,2026-05-31 21:45:13.403990+00:00,3928,Cindere Hidroelektrik Santralı,104381,2026-05-31T21:00:00+03:00,21:00
40W0000000039287,Cindere Hidroelektrik Santralı,unknown,2026-05-31 22:00:00+03:00,,0.0,chunk_0008.json,POST /v1/generation/data/dpp-bulk,2026-05-31 21:45:13.403990+00:00,3928,Cindere Hidroelektrik Santralı,104381,2026-05-31T22:00:00+03:00,22:00
40W0000000039287,Cindere Hidroelektrik Santralı,unknown,2026-05-31 23:00:00+03:00,,0.0,chunk_0008.json,POST /v1/generation/data/dpp-bulk,2026-05-31 21:45:13.403990+00:00,3928,Cindere Hidroelektrik Santralı,104381,2026-05-31T23:00:00+03:00,23:00
40W000000004048W,Akua Enerji Üretim A.Ş.,unknown,2026-05-31 00:00:00+03:00,,0.0,chunk_0008.json,POST /v1/generation/data/dpp-bulk,2026-05-31 21:45:13.403990+00:00,4048,Akua Enerji Üretim A.Ş.,104381,2026-05-31T00:00:00+03:00,00:00
40W000000004048W,Akua Enerji Üretim A.Ş.,unknown,2026-05-31 01:00:00+03:00,,0.0,chunk_0008.json,POST /v1/generation/data/dpp-bulk,2026-05-31 21:45:13.403990+00:00,4048,Akua Enerji Üretim A.Ş.,104381,2026-05-31T01:00:00+03:00,01:00
40W000000004048W,Akua Enerji Üretim A.Ş.,unknown,2026-05-31 02:00:00+03:00,,0.0,chunk_0008.json,POST /v1/generation/data/dpp-bulk,2026-05-31 21:45:13.403990+00:00,4048,Akua Enerji Üretim A.Ş.,104381,2026-05-31T02:00:00+03:00,02:00
40W000000004048W,Akua Enerji Üretim A.Ş.,unknown,2026-05-31 03:00:00+03:00,,0.0,chunk_0008.json,POST /v1/generation/data/dpp-bulk,2026-05-31 21:45:13.403990+00:00,4048,Akua Enerji Üretim A.Ş.,104381,2026-05-31T03:00:00+03:00,03:00
40W000000004048W,Akua Enerji Üretim A.Ş.,unknown,2026-05-31 04:00:00+03:00,,0.0,chunk_0008.json,POST /v1/generation/data/dpp-bulk,2026-05-31 21:45:13.403990+00:00,4048,Akua Enerji Üretim A.Ş.,104381,2026-05-31T04:00:00+03:00,04:00
40W000000004048W,Akua Enerji Üretim A.Ş.,unknown,2026-05-31 05:00:00+03:00,,0.0,chunk_0008.json,POST /v1/generation/data/dpp-bulk,2026-05-31 21:45:13.403990+00:00,4048,Akua Enerji Üretim A.Ş.,104381,2026-05-31T05:00:00+03:00,05:00
40W000000004048W,Akua Enerji Üretim A.Ş.,unknown,2026-05-31 06:00:00+03:00,,0.0,chunk_0008.json,POST /v1/generation/data/dpp-bulk,2026-05-31 21:45:13.403990+00:00,4048,Akua Enerji Üretim A.Ş.,104381,2026-05-31T06:00:00+03:00,06:00
40W000000004048W,Akua Enerji Üretim A.Ş.,unknown,2026-05-31 07:00:00+03:00,,0.0,chunk_0008.json,POST /v1/generation/data/dpp-bulk,2026-05-31 21:45:13.403990+00:00,4048,Akua Enerji Üretim A.Ş.,104381,2026-05-31T07:00:00+03:00,07:00
40W000000004048W,Akua Enerji Üretim A.Ş.,unknown,2026-05-31 08:00:00+03:00,,0.0,chunk_0008.json,POST /v1/generation/data/dpp-bulk,2026-05-31 21:45:13.403990+00:00,4048,Akua Enerji Üretim A.Ş.,104381,2026-05-31T08:00:00+03:00,08:00
40W000000004048W,Akua Enerji Üretim A.Ş.,unknown,2026-05-31 09:00:00+03:00,,0.0,chunk_0008.json,POST /v1/generation/data/dpp-bulk,2026-05-31 21:45:13.403990+00:00,4048,Akua Enerji Üretim A.Ş.,104381,2026-05-31T09:00:00+03:00,09:00
40W000000004048W,Akua Enerji Üretim A.Ş.,unknown,2026-05-31 10:00:00+03:00,,0.0,chunk_0008.json,POST /v1/generation/data/dpp-bulk,2026-05-31 21:45:13.403990+00:00,4048,Akua Enerji Üretim A.Ş.,104381,2026-05-31T10:00:00+03:00,10:00
40W000000004048W,Akua Enerji Üretim A.Ş.,unknown,2026-05-31 11:00:00+03:00,,0.0,chunk_0008.json,POST /v1/generation/data/dpp-bulk,2026-05-31 21:45:13.403990+00:00,4048,Akua Enerji Üretim A.Ş.,104381,2026-05-31T11:00:00+03:00,11:00
40W000000004048W,Akua Enerji Üretim A.Ş.,unknown,2026-05-31 12:00:00+03:00,,0.0,chunk_0008.json,POST /v1/generation/data/dpp-bulk,2026-05-31 21:45:13.403990+00:00,4048,Akua Enerji Üretim A.Ş.,104381,2026-05-31T12:00:00+03:00,12:00
40W000000004048W,Akua Enerji Üretim A.Ş.,unknown,2026-05-31 13:00:00+03:00,,0.0,chunk_0008.json,POST /v1/generation/data/dpp-bulk,2026-05-31 21:45:13.403990+00:00,4048,Akua Enerji Üretim A.Ş.,104381,2026-05-31T13:00:00+03:00,13:00
40W000000004048W,Akua Enerji Üretim A.Ş.,unknown,2026-05-31 14:00:00+03:00,,0.0,chunk_0008.json,POST /v1/generation/data/dpp-bulk,2026-05-31 21:45:13.403990+00:00,4048,Akua Enerji Üretim A.Ş.,104381,2026-05-31T14:00:00+03:00,14:00
40W000000004048W,Akua Enerji Üretim A.Ş.,unknown,2026-05-31 15:00:00+03:00,,0.0,chunk_0008.json,POST /v1/generation/data/dpp-bulk,2026-05-31 21:45:13.403990+00:00,4048,Akua Enerji Üretim A.Ş.,104381,2026-05-31T15:00:00+03:00,15:00
40W000000004048W,Akua Enerji Üretim A.Ş.,unknown,2026-05-31 16:00:00+03:00,,0.0,chunk_0008.json,POST /v1/generation/data/dpp-bulk,2026-05-31 21:45:13.403990+00:00,4048,Akua Enerji Üretim A.Ş.,104381,2026-05-31T16:00:00+03:00,16:00
40W000000004048W,Akua Enerji Üretim A.Ş.,unknown,2026-05-31 17:00:00+03:00,,0.0,chunk_0008.json,POST /v1/generation/data/dpp-bulk,2026-05-31 21:45:13.403990+00:00,4048,Akua Enerji Üretim A.Ş.,104381,2026-05-31T17:00:00+03:00,17:00
40W000000004048W,Akua Enerji Üretim A.Ş.,unknown,2026-05-31 18:00:00+03:00,,0.0,chunk_0008.json,POST /v1/generation/data/dpp-bulk,2026-05-31 21:45:13.403990+00:00,4048,Akua Enerji Üretim A.Ş.,104381,2026-05-31T18:00:00+03:00,18:00
40W000000004048W,Akua Enerji Üretim A.Ş.,unknown,2026-05-31 19:00:00+03:00,,0.0,chunk_0008.json,POST /v1/generation/data/dpp-bulk,2026-05-31 21:45:13.403990+00:00,4048,Akua Enerji Üretim A.Ş.,104381,2026-05-31T19:00:00+03:00,19:00
40W000000004048W,Akua Enerji Üretim A.Ş.,unknown,2026-05-31 20:00:00+03:00,,0.0,chunk_0008.json,POST /v1/generation/data/dpp-bulk,2026-05-31 21:45:13.403990+00:00,4048,Akua Enerji Üretim A.Ş.,104381,2026-05-31T20:00:00+03:00,20:00
40W000000004048W,Akua Enerji Üretim A.Ş.,unknown,2026-05-31 21:00:00+03:00,,0.0,chunk_0008.json,POST /v1/generation/data/dpp-bulk,2026-05-31 21:45:13.403990+00:00,4048,Akua Enerji Üretim A.Ş.,104381,2026-05-31T21:00:00+03:00,21:00
40W000000004048W,Akua Enerji Üretim A.Ş.,unknown,2026-05-31 22:00:00+03:00,,0.0,chunk_0008.json,POST /v1/generation/data/dpp-bulk,2026-05-31 21:45:13.403990+00:00,4048,Akua Enerji Üretim A.Ş.,104381,2026-05-31T22:00:00+03:00,22:00
40W000000004048W,Akua Enerji Üretim A.Ş.,unknown,2026-05-31 23:00:00+03:00,,0.0,chunk_0008.json,POST /v1/generation/data/dpp-bulk,2026-05-31 21:45:13.403990+00:00,4048,Akua Enerji Üretim A.Ş.,104381,2026-05-31T23:00:00+03:00,23:00
40W100000004063N,GÖKÇEDAĞ RES,unknown,2026-05-31 00:00:00+03:00,,43.5,chunk_0008.json,POST /v1/generation/data/dpp-bulk,2026-05-31 21:45:13.403990+00:00,4063,GÖKÇEDAĞ RES,104662,2026-05-31T00:00:00+03:00,00:00
40W100000004063N,GÖKÇEDAĞ RES,unknown,2026-05-31 01:00:00+03:00,,45.0,chunk_0008.json,POST /v1/generation/data/dpp-bulk,2026-05-31 21:45:13.403990+00:00,4063,GÖKÇEDAĞ RES,104662,2026-05-31T01:00:00+03:00,01:00
40W100000004063N,GÖKÇEDAĞ RES,unknown,2026-05-31 02:00:00+03:00,,41.5,chunk_0008.json,POST /v1/generation/data/dpp-bulk,2026-05-31 21:45:13.403990+00:00,4063,GÖKÇEDAĞ RES,104662,2026-05-31T02:00:00+03:00,02:00
40W100000004063N,GÖKÇEDAĞ RES,unknown,2026-05-31 03:00:00+03:00,,43.8,chunk_0008.json,POST /v1/generation/data/dpp-bulk,2026-05-31 21:45:13.403990+00:00,4063,GÖKÇEDAĞ RES,104662,2026-05-31T03:00:00+03:00,03:00
40W100000004063N,GÖKÇEDAĞ RES,unknown,2026-05-31 04:00:00+03:00,,19.2,chunk_0008.json,POST /v1/generation/data/dpp-bulk,2026-05-31 21:45:13.403990+00:00,4063,GÖKÇEDAĞ RES,104662,2026-05-31T04:00:00+03:00,04:00
40W100000004063N,GÖKÇEDAĞ RES,unknown,2026-05-31 05:00:00+03:00,,5.0,chunk_0008.json,POST /v1/generation/data/dpp-bulk,2026-05-31 21:45:13.403990+00:00,4063,GÖKÇEDAĞ RES,104662,2026-05-31T05:00:00+03:00,05:00
40W100000004063N,GÖKÇEDAĞ RES,unknown,2026-05-31 06:00:00+03:00,,5.0,chunk_0008.json,POST /v1/generation/data/dpp-bulk,2026-05-31 21:45:13.403990+00:00,4063,GÖKÇEDAĞ RES,104662,2026-05-31T06:00:00+03:00,06:00
40W100000004063N,GÖKÇEDAĞ RES,unknown,2026-05-31 07:00:00+03:00,,5.0,chunk_0008.json,POST /v1/generation/data/dpp-bulk,2026-05-31 21:45:13.403990+00:00,4063,GÖKÇEDAĞ RES,104662,2026-05-31T07:00:00+03:00,07:00
40W100000004063N,GÖKÇEDAĞ RES,unknown,2026-05-31 08:00:00+03:00,,2.9,chunk_0008.json,POST /v1/generation/data/dpp-bulk,2026-05-31 21:45:13.403990+00:00,4063,GÖKÇEDAĞ RES,104662,2026-05-31T08:00:00+03:00,08:00
40W100000004063N,GÖKÇEDAĞ RES,unknown,2026-05-31 09:00:00+03:00,,1.1,chunk_0008.json,POST /v1/generation/data/dpp-bulk,2026-05-31 21:45:13.403990+00:00,4063,GÖKÇEDAĞ RES,104662,2026-05-31T09:00:00+03:00,09:00
40W100000004063N,GÖKÇEDAĞ RES,unknown,2026-05-31 10:00:00+03:00,,0.7,chunk_0008.json,POST /v1/generation/data/dpp-bulk,2026-05-31 21:45:13.403990+00:00,4063,GÖKÇEDAĞ RES,104662,2026-05-31T10:00:00+03:00,10:00
40W100000004063N,GÖKÇEDAĞ RES,unknown,2026-05-31 11:00:00+03:00,,0.8,chunk_0008.json,POST /v1/generation/data/dpp-bulk,2026-05-31 21:45:13.403990+00:00,4063,GÖKÇEDAĞ RES,104662,2026-05-31T11:00:00+03:00,11:00
40W100000004063N,GÖKÇEDAĞ RES,unknown,2026-05-31 12:00:00+03:00,,1.6,chunk_0008.json,POST /v1/generation/data/dpp-bulk,2026-05-31 21:45:13.403990+00:00,4063,GÖKÇEDAĞ RES,104662,2026-05-31T12:00:00+03:00,12:00
40W100000004063N,GÖKÇEDAĞ RES,unknown,2026-05-31 13:00:00+03:00,,4.4,chunk_0008.json,POST /v1/generation/data/dpp-bulk,2026-05-31 21:45:13.403990+00:00,4063,GÖKÇEDAĞ RES,104662,2026-05-31T13:00:00+03:00,13:00
40W100000004063N,GÖKÇEDAĞ RES,unknown,2026-05-31 14:00:00+03:00,,5.0,chunk_0008.json,POST /v1/generation/data/dpp-bulk,2026-05-31 21:45:13.403990+00:00,4063,GÖKÇEDAĞ RES,104662,2026-05-31T14:00:00+03:00,14:00
40W100000004063N,GÖKÇEDAĞ RES,unknown,2026-05-31 15:00:00+03:00,,5.0,chunk_0008.json,POST /v1/generation/data/dpp-bulk,2026-05-31 21:45:13.403990+00:00,4063,GÖKÇEDAĞ RES,104662,2026-05-31T15:00:00+03:00,15:00
40W100000004063N,GÖKÇEDAĞ RES,unknown,2026-05-31 16:00:00+03:00,,5.0,chunk_0008.json,POST /v1/generation/data/dpp-bulk,2026-05-31 21:45:13.403990+00:00,4063,GÖKÇEDAĞ RES,104662,2026-05-31T16:00:00+03:00,16:00
40W100000004063N,GÖKÇEDAĞ RES,unknown,2026-05-31 17:00:00+03:00,,5.0,chunk_0008.json,POST /v1/generation/data/dpp-bulk,2026-05-31 21:45:13.403990+00:00,4063,GÖKÇEDAĞ RES,104662,2026-05-31T17:00:00+03:00,17:00
40W100000004063N,GÖKÇEDAĞ RES,unknown,2026-05-31 18:00:00+03:00,,26.6,chunk_0008.json,POST /v1/generation/data/dpp-bulk,2026-05-31 21:45:13.403990+00:00,4063,GÖKÇEDAĞ RES,104662,2026-05-31T18:00:00+03:00,18:00
40W100000004063N,GÖKÇEDAĞ RES,unknown,2026-05-31 19:00:00+03:00,,26.4,chunk_0008.json,POST /v1/generation/data/dpp-bulk,2026-05-31 21:45:13.403990+00:00,4063,GÖKÇEDAĞ RES,104662,2026-05-31T19:00:00+03:00,19:00
40W100000004063N,GÖKÇEDAĞ RES,unknown,2026-05-31 20:00:00+03:00,,25.4,chunk_0008.json,POST /v1/generation/data/dpp-bulk,2026-05-31 21:45:13.403990+00:00,4063,GÖKÇEDAĞ RES,104662,2026-05-31T20:00:00+03:00,20:00
40W100000004063N,GÖKÇEDAĞ RES,unknown,2026-05-31 21:00:00+03:00,,25.0,chunk_0008.json,POST /v1/generation/data/dpp-bulk,2026-05-31 21:45:13.403990+00:00,4063,GÖKÇEDAĞ RES,104662,2026-05-31T21:00:00+03:00,21:00
40W100000004063N,GÖKÇEDAĞ RES,unknown,2026-05-31 22:00:00+03:00,,24.0,chunk_0008.json,POST /v1/generation/data/dpp-bulk,2026-05-31 21:45:13.403990+00:00,4063,GÖKÇEDAĞ RES,104662,2026-05-31T22:00:00+03:00,22:00
40W100000004063N,GÖKÇEDAĞ RES,unknown,2026-05-31 23:00:00+03:00,,17.8,chunk_0008.json,POST /v1/generation/data/dpp-bulk,2026-05-31 21:45:13.403990+00:00,4063,GÖKÇEDAĞ RES,104662,2026-05-31T23:00:00+03:00,23:00
