entsoe_code,plant_name,fuel_type,delivery_hour,publication_timestamp,kgup_mwh,source_file,source_api,forecast_timestamp,uevcb_id,uevcb_name,org_id,date_raw,time_raw
40W000000049245I,SEFAKÖY HES,unknown,2026-05-31 00:00:00+03:00,,28.0,chunk_0014.json,POST /v1/generation/data/dpp-bulk,2026-05-31 21:45:15.946013+00:00,49245,SEFAKÖY HES,488,2026-05-31T00:00:00+03:00,00:00
40W000000049245I,SEFAKÖY HES,unknown,2026-05-31 01:00:00+03:00,,28.0,chunk_0014.json,POST /v1/generation/data/dpp-bulk,2026-05-31 21:45:15.946013+00:00,49245,SEFAKÖY HES,488,2026-05-31T01:00:00+03:00,01:00
40W000000049245I,SEFAKÖY HES,unknown,2026-05-31 02:00:00+03:00,,0.0,chunk_0014.json,POST /v1/generation/data/dpp-bulk,2026-05-31 21:45:15.946013+00:00,49245,SEFAKÖY HES,488,2026-05-31T02:00:00+03:00,02:00
40W000000049245I,SEFAKÖY HES,unknown,2026-05-31 03:00:00+03:00,,0.0,chunk_0014.json,POST /v1/generation/data/dpp-bulk,2026-05-31 21:45:15.946013+00:00,49245,SEFAKÖY HES,488,2026-05-31T03:00:00+03:00,03:00
40W000000049245I,SEFAKÖY HES,unknown,2026-05-31 04:00:00+03:00,,0.0,chunk_0014.json,POST /v1/generation/data/dpp-bulk,2026-05-31 21:45:15.946013+00:00,49245,SEFAKÖY HES,488,2026-05-31T04:00:00+03:00,04:00
40W000000049245I,SEFAKÖY HES,unknown,2026-05-31 05:00:00+03:00,,0.0,chunk_0014.json,POST /v1/generation/data/dpp-bulk,2026-05-31 21:45:15.946013+00:00,49245,SEFAKÖY HES,488,2026-05-31T05:00:00+03:00,05:00
40W000000049245I,SEFAKÖY HES,unknown,2026-05-31 06:00:00+03:00,,0.0,chunk_0014.json,POST /v1/generation/data/dpp-bulk,2026-05-31 21:45:15.946013+00:00,49245,SEFAKÖY HES,488,2026-05-31T06:00:00+03:00,06:00
40W000000049245I,SEFAKÖY HES,unknown,2026-05-31 07:00:00+03:00,,0.0,chunk_0014.json,POST /v1/generation/data/dpp-bulk,2026-05-31 21:45:15.946013+00:00,49245,SEFAKÖY HES,488,2026-05-31T07:00:00+03:00,07:00
40W000000049245I,SEFAKÖY HES,unknown,2026-05-31 08:00:00+03:00,,0.0,chunk_0014.json,POST /v1/generation/data/dpp-bulk,2026-05-31 21:45:15.946013+00:00,49245,SEFAKÖY HES,488,2026-05-31T08:00:00+03:00,08:00
40W000000049245I,SEFAKÖY HES,unknown,2026-05-31 09:00:00+03:00,,0.0,chunk_0014.json,POST /v1/generation/data/dpp-bulk,2026-05-31 21:45:15.946013+00:00,49245,SEFAKÖY HES,488,2026-05-31T09:00:00+03:00,09:00
40W000000049245I,SEFAKÖY HES,unknown,2026-05-31 10:00:00+03:00,,0.0,chunk_0014.json,POST /v1/generation/data/dpp-bulk,2026-05-31 21:45:15.946013+00:00,49245,SEFAKÖY HES,488,2026-05-31T10:00:00+03:00,10:00
40W000000049245I,SEFAKÖY HES,unknown,2026-05-31 11:00:00+03:00,,0.0,chunk_0014.json,POST /v1/generation/data/dpp-bulk,2026-05-31 21:45:15.946013+00:00,49245,SEFAKÖY HES,488,2026-05-31T11:00:00+03:00,11:00
40W000000049245I,SEFAKÖY HES,unknown,2026-05-31 12:00:00+03:00,,0.0,chunk_0014.json,POST /v1/generation/data/dpp-bulk,2026-05-31 21:45:15.946013+00:00,49245,SEFAKÖY HES,488,2026-05-31T12:00:00+03:00,12:00
40W000000049245I,SEFAKÖY HES,unknown,2026-05-31 13:00:00+03:00,,0.0,chunk_0014.json,POST /v1/generation/data/dpp-bulk,2026-05-31 21:45:15.946013+00:00,49245,SEFAKÖY HES,488,2026-05-31T13:00:00+03:00,13:00
40W000000049245I,SEFAKÖY HES,unknown,2026-05-31 14:00:00+03:00,,0.0,chunk_0014.json,POST /v1/generation/data/dpp-bulk,2026-05-31 21:45:15.946013+00:00,49245,SEFAKÖY HES,488,2026-05-31T14:00:00+03:00,14:00
40W000000049245I,SEFAKÖY HES,unknown,2026-05-31 15:00:00+03:00,,0.0,chunk_0014.json,POST /v1/generation/data/dpp-bulk,2026-05-31 21:45:15.946013+00:00,49245,SEFAKÖY HES,488,2026-05-31T15:00:00+03:00,15:00
40W000000049245I,SEFAKÖY HES,unknown,2026-05-31 16:00:00+03:00,,0.0,chunk_0014.json,POST /v1/generation/data/dpp-bulk,2026-05-31 21:45:15.946013+00:00,49245,SEFAKÖY HES,488,2026-05-31T16:00:00+03:00,16:00
40W000000049245I,SEFAKÖY HES,unknown,2026-05-31 17:00:00+03:00,,0.0,chunk_0014.json,POST /v1/generation/data/dpp-bulk,2026-05-31 21:45:15.946013+00:00,49245,SEFAKÖY HES,488,2026-05-31T17:00:00+03:00,17:00
40W000000049245I,SEFAKÖY HES,unknown,2026-05-31 18:00:00+03:00,,0.0,chunk_0014.json,POST /v1/generation/data/dpp-bulk,2026-05-31 21:45:15.946013+00:00,49245,SEFAKÖY HES,488,2026-05-31T18:00:00+03:00,18:00
40W000000049245I,SEFAKÖY HES,unknown,2026-05-31 19:00:00+03:00,,28.0,chunk_0014.json,POST /v1/generation/data/dpp-bulk,2026-05-31 21:45:15.946013+00:00,49245,SEFAKÖY HES,488,2026-05-31T19:00:00+03:00,19:00
40W000000049245I,SEFAKÖY HES,unknown,2026-05-31 20:00:00+03:00,,28.0,chunk_0014.json,POST /v1/generation/data/dpp-bulk,2026-05-31 21:45:15.946013+00:00,49245,SEFAKÖY HES,488,2026-05-31T20:00:00+03:00,20:00
40W000000049245I,SEFAKÖY HES,unknown,2026-05-31 21:00:00+03:00,,28.0,chunk_0014.json,POST /v1/generation/data/dpp-bulk,2026-05-31 21:45:15.946013+00:00,49245,SEFAKÖY HES,488,2026-05-31T21:00:00+03:00,21:00
40W000000049245I,SEFAKÖY HES,unknown,2026-05-31 22:00:00+03:00,,28.0,chunk_0014.json,POST /v1/generation/data/dpp-bulk,2026-05-31 21:45:15.946013+00:00,49245,SEFAKÖY HES,488,2026-05-31T22:00:00+03:00,22:00
40W000000049245I,SEFAKÖY HES,unknown,2026-05-31 23:00:00+03:00,,28.0,chunk_0014.json,POST /v1/generation/data/dpp-bulk,2026-05-31 21:45:15.946013+00:00,49245,SEFAKÖY HES,488,2026-05-31T23:00:00+03:00,23:00
40W000000038378A,ŞAH RES,unknown,2026-05-31 00:00:00+03:00,,2.59,chunk_0014.json,POST /v1/generation/data/dpp-bulk,2026-05-31 21:45:15.946013+00:00,38378,ŞAH RES,588,2026-05-31T00:00:00+03:00,00:00
40W000000038378A,ŞAH RES,unknown,2026-05-31 01:00:00+03:00,,1.3,chunk_0014.json,POST /v1/generation/data/dpp-bulk,2026-05-31 21:45:15.946013+00:00,38378,ŞAH RES,588,2026-05-31T01:00:00+03:00,01:00
40W000000038378A,ŞAH RES,unknown,2026-05-31 02:00:00+03:00,,1.2,chunk_0014.json,POST /v1/generation/data/dpp-bulk,2026-05-31 21:45:15.946013+00:00,38378,ŞAH RES,588,2026-05-31T02:00:00+03:00,02:00
40W000000038378A,ŞAH RES,unknown,2026-05-31 03:00:00+03:00,,0.9,chunk_0014.json,POST /v1/generation/data/dpp-bulk,2026-05-31 21:45:15.946013+00:00,38378,ŞAH RES,588,2026-05-31T03:00:00+03:00,03:00
40W000000038378A,ŞAH RES,unknown,2026-05-31 04:00:00+03:00,,0.52,chunk_0014.json,POST /v1/generation/data/dpp-bulk,2026-05-31 21:45:15.946013+00:00,38378,ŞAH RES,588,2026-05-31T04:00:00+03:00,04:00
40W000000038378A,ŞAH RES,unknown,2026-05-31 05:00:00+03:00,,1.03,chunk_0014.json,POST /v1/generation/data/dpp-bulk,2026-05-31 21:45:15.946013+00:00,38378,ŞAH RES,588,2026-05-31T05:00:00+03:00,05:00
40W000000038378A,ŞAH RES,unknown,2026-05-31 06:00:00+03:00,,0.0,chunk_0014.json,POST /v1/generation/data/dpp-bulk,2026-05-31 21:45:15.946013+00:00,38378,ŞAH RES,588,2026-05-31T06:00:00+03:00,06:00
40W000000038378A,ŞAH RES,unknown,2026-05-31 07:00:00+03:00,,0.0,chunk_0014.json,POST /v1/generation/data/dpp-bulk,2026-05-31 21:45:15.946013+00:00,38378,ŞAH RES,588,2026-05-31T07:00:00+03:00,07:00
40W000000038378A,ŞAH RES,unknown,2026-05-31 08:00:00+03:00,,0.0,chunk_0014.json,POST /v1/generation/data/dpp-bulk,2026-05-31 21:45:15.946013+00:00,38378,ŞAH RES,588,2026-05-31T08:00:00+03:00,08:00
40W000000038378A,ŞAH RES,unknown,2026-05-31 09:00:00+03:00,,0.0,chunk_0014.json,POST /v1/generation/data/dpp-bulk,2026-05-31 21:45:15.946013+00:00,38378,ŞAH RES,588,2026-05-31T09:00:00+03:00,09:00
40W000000038378A,ŞAH RES,unknown,2026-05-31 10:00:00+03:00,,0.0,chunk_0014.json,POST /v1/generation/data/dpp-bulk,2026-05-31 21:45:15.946013+00:00,38378,ŞAH RES,588,2026-05-31T10:00:00+03:00,10:00
40W000000038378A,ŞAH RES,unknown,2026-05-31 11:00:00+03:00,,0.0,chunk_0014.json,POST /v1/generation/data/dpp-bulk,2026-05-31 21:45:15.946013+00:00,38378,ŞAH RES,588,2026-05-31T11:00:00+03:00,11:00
40W000000038378A,ŞAH RES,unknown,2026-05-31 12:00:00+03:00,,0.0,chunk_0014.json,POST /v1/generation/data/dpp-bulk,2026-05-31 21:45:15.946013+00:00,38378,ŞAH RES,588,2026-05-31T12:00:00+03:00,12:00
40W000000038378A,ŞAH RES,unknown,2026-05-31 13:00:00+03:00,,0.0,chunk_0014.json,POST /v1/generation/data/dpp-bulk,2026-05-31 21:45:15.946013+00:00,38378,ŞAH RES,588,2026-05-31T13:00:00+03:00,13:00
40W000000038378A,ŞAH RES,unknown,2026-05-31 14:00:00+03:00,,0.0,chunk_0014.json,POST /v1/generation/data/dpp-bulk,2026-05-31 21:45:15.946013+00:00,38378,ŞAH RES,588,2026-05-31T14:00:00+03:00,14:00
40W000000038378A,ŞAH RES,unknown,2026-05-31 15:00:00+03:00,,0.0,chunk_0014.json,POST /v1/generation/data/dpp-bulk,2026-05-31 21:45:15.946013+00:00,38378,ŞAH RES,588,2026-05-31T15:00:00+03:00,15:00
40W000000038378A,ŞAH RES,unknown,2026-05-31 16:00:00+03:00,,0.0,chunk_0014.json,POST /v1/generation/data/dpp-bulk,2026-05-31 21:45:15.946013+00:00,38378,ŞAH RES,588,2026-05-31T16:00:00+03:00,16:00
40W000000038378A,ŞAH RES,unknown,2026-05-31 17:00:00+03:00,,0.0,chunk_0014.json,POST /v1/generation/data/dpp-bulk,2026-05-31 21:45:15.946013+00:00,38378,ŞAH RES,588,2026-05-31T17:00:00+03:00,17:00
40W000000038378A,ŞAH RES,unknown,2026-05-31 18:00:00+03:00,,4.49,chunk_0014.json,POST /v1/generation/data/dpp-bulk,2026-05-31 21:45:15.946013+00:00,38378,ŞAH RES,588,2026-05-31T18:00:00+03:00,18:00
40W000000038378A,ŞAH RES,unknown,2026-05-31 19:00:00+03:00,,3.85,chunk_0014.json,POST /v1/generation/data/dpp-bulk,2026-05-31 21:45:15.946013+00:00,38378,ŞAH RES,588,2026-05-31T19:00:00+03:00,19:00
40W000000038378A,ŞAH RES,unknown,2026-05-31 20:00:00+03:00,,4.28,chunk_0014.json,POST /v1/generation/data/dpp-bulk,2026-05-31 21:45:15.946013+00:00,38378,ŞAH RES,588,2026-05-31T20:00:00+03:00,20:00
40W000000038378A,ŞAH RES,unknown,2026-05-31 21:00:00+03:00,,4.62,chunk_0014.json,POST /v1/generation/data/dpp-bulk,2026-05-31 21:45:15.946013+00:00,38378,ŞAH RES,588,2026-05-31T21:00:00+03:00,21:00
40W000000038378A,ŞAH RES,unknown,2026-05-31 22:00:00+03:00,,3.3,chunk_0014.json,POST /v1/generation/data/dpp-bulk,2026-05-31 21:45:15.946013+00:00,38378,ŞAH RES,588,2026-05-31T22:00:00+03:00,22:00
40W000000038378A,ŞAH RES,unknown,2026-05-31 23:00:00+03:00,,5.1,chunk_0014.json,POST /v1/generation/data/dpp-bulk,2026-05-31 21:45:15.946013+00:00,38378,ŞAH RES,588,2026-05-31T23:00:00+03:00,23:00
40W000000049246G,ALDAŞ ALT.YÖN.DAN.ELEK.EN.ÜRE.HİZ. İNŞ. TAAH. SAN.VE TİC.A.Ş.,unknown,2026-05-31 00:00:00+03:00,,0.0,chunk_0014.json,POST /v1/generation/data/dpp-bulk,2026-05-31 21:45:15.946013+00:00,49246,ALDAŞ ALT.YÖN.DAN.ELEK.EN.ÜRE.HİZ. İNŞ. TAAH. SAN.VE TİC.A.Ş.,3847,2026-05-31T00:00:00+03:00,00:00
40W000000049246G,ALDAŞ ALT.YÖN.DAN.ELEK.EN.ÜRE.HİZ. İNŞ. TAAH. SAN.VE TİC.A.Ş.,unknown,2026-05-31 01:00:00+03:00,,0.0,chunk_0014.json,POST /v1/generation/data/dpp-bulk,2026-05-31 21:45:15.946013+00:00,49246,ALDAŞ ALT.YÖN.DAN.ELEK.EN.ÜRE.HİZ. İNŞ. TAAH. SAN.VE TİC.A.Ş.,3847,2026-05-31T01:00:00+03:00,01:00
40W000000049246G,ALDAŞ ALT.YÖN.DAN.ELEK.EN.ÜRE.HİZ. İNŞ. TAAH. SAN.VE TİC.A.Ş.,unknown,2026-05-31 02:00:00+03:00,,0.0,chunk_0014.json,POST /v1/generation/data/dpp-bulk,2026-05-31 21:45:15.946013+00:00,49246,ALDAŞ ALT.YÖN.DAN.ELEK.EN.ÜRE.HİZ. İNŞ. TAAH. SAN.VE TİC.A.Ş.,3847,2026-05-31T02:00:00+03:00,02:00
40W000000049246G,ALDAŞ ALT.YÖN.DAN.ELEK.EN.ÜRE.HİZ. İNŞ. TAAH. SAN.VE TİC.A.Ş.,unknown,2026-05-31 03:00:00+03:00,,0.0,chunk_0014.json,POST /v1/generation/data/dpp-bulk,2026-05-31 21:45:15.946013+00:00,49246,ALDAŞ ALT.YÖN.DAN.ELEK.EN.ÜRE.HİZ. İNŞ. TAAH. SAN.VE TİC.A.Ş.,3847,2026-05-31T03:00:00+03:00,03:00
40W000000049246G,ALDAŞ ALT.YÖN.DAN.ELEK.EN.ÜRE.HİZ. İNŞ. TAAH. SAN.VE TİC.A.Ş.,unknown,2026-05-31 04:00:00+03:00,,0.0,chunk_0014.json,POST /v1/generation/data/dpp-bulk,2026-05-31 21:45:15.946013+00:00,49246,ALDAŞ ALT.YÖN.DAN.ELEK.EN.ÜRE.HİZ. İNŞ. TAAH. SAN.VE TİC.A.Ş.,3847,2026-05-31T04:00:00+03:00,04:00
40W000000049246G,ALDAŞ ALT.YÖN.DAN.ELEK.EN.ÜRE.HİZ. İNŞ. TAAH. SAN.VE TİC.A.Ş.,unknown,2026-05-31 05:00:00+03:00,,0.0,chunk_0014.json,POST /v1/generation/data/dpp-bulk,2026-05-31 21:45:15.946013+00:00,49246,ALDAŞ ALT.YÖN.DAN.ELEK.EN.ÜRE.HİZ. İNŞ. TAAH. SAN.VE TİC.A.Ş.,3847,2026-05-31T05:00:00+03:00,05:00
40W000000049246G,ALDAŞ ALT.YÖN.DAN.ELEK.EN.ÜRE.HİZ. İNŞ. TAAH. SAN.VE TİC.A.Ş.,unknown,2026-05-31 06:00:00+03:00,,0.0,chunk_0014.json,POST /v1/generation/data/dpp-bulk,2026-05-31 21:45:15.946013+00:00,49246,ALDAŞ ALT.YÖN.DAN.ELEK.EN.ÜRE.HİZ. İNŞ. TAAH. SAN.VE TİC.A.Ş.,3847,2026-05-31T06:00:00+03:00,06:00
40W000000049246G,ALDAŞ ALT.YÖN.DAN.ELEK.EN.ÜRE.HİZ. İNŞ. TAAH. SAN.VE TİC.A.Ş.,unknown,2026-05-31 07:00:00+03:00,,0.0,chunk_0014.json,POST /v1/generation/data/dpp-bulk,2026-05-31 21:45:15.946013+00:00,49246,ALDAŞ ALT.YÖN.DAN.ELEK.EN.ÜRE.HİZ. İNŞ. TAAH. SAN.VE TİC.A.Ş.,3847,2026-05-31T07:00:00+03:00,07:00
40W000000049246G,ALDAŞ ALT.YÖN.DAN.ELEK.EN.ÜRE.HİZ. İNŞ. TAAH. SAN.VE TİC.A.Ş.,unknown,2026-05-31 08:00:00+03:00,,0.0,chunk_0014.json,POST /v1/generation/data/dpp-bulk,2026-05-31 21:45:15.946013+00:00,49246,ALDAŞ ALT.YÖN.DAN.ELEK.EN.ÜRE.HİZ. İNŞ. TAAH. SAN.VE TİC.A.Ş.,3847,2026-05-31T08:00:00+03:00,08:00
40W000000049246G,ALDAŞ ALT.YÖN.DAN.ELEK.EN.ÜRE.HİZ. İNŞ. TAAH. SAN.VE TİC.A.Ş.,unknown,2026-05-31 09:00:00+03:00,,0.0,chunk_0014.json,POST /v1/generation/data/dpp-bulk,2026-05-31 21:45:15.946013+00:00,49246,ALDAŞ ALT.YÖN.DAN.ELEK.EN.ÜRE.HİZ. İNŞ. TAAH. SAN.VE TİC.A.Ş.,3847,2026-05-31T09:00:00+03:00,09:00
40W000000049246G,ALDAŞ ALT.YÖN.DAN.ELEK.EN.ÜRE.HİZ. İNŞ. TAAH. SAN.VE TİC.A.Ş.,unknown,2026-05-31 10:00:00+03:00,,0.0,chunk_0014.json,POST /v1/generation/data/dpp-bulk,2026-05-31 21:45:15.946013+00:00,49246,ALDAŞ ALT.YÖN.DAN.ELEK.EN.ÜRE.HİZ. İNŞ. TAAH. SAN.VE TİC.A.Ş.,3847,2026-05-31T10:00:00+03:00,10:00
40W000000049246G,ALDAŞ ALT.YÖN.DAN.ELEK.EN.ÜRE.HİZ. İNŞ. TAAH. SAN.VE TİC.A.Ş.,unknown,2026-05-31 11:00:00+03:00,,0.0,chunk_0014.json,POST /v1/generation/data/dpp-bulk,2026-05-31 21:45:15.946013+00:00,49246,ALDAŞ ALT.YÖN.DAN.ELEK.EN.ÜRE.HİZ. İNŞ. TAAH. SAN.VE TİC.A.Ş.,3847,2026-05-31T11:00:00+03:00,11:00
40W000000049246G,ALDAŞ ALT.YÖN.DAN.ELEK.EN.ÜRE.HİZ. İNŞ. TAAH. SAN.VE TİC.A.Ş.,unknown,2026-05-31 12:00:00+03:00,,0.0,chunk_0014.json,POST /v1/generation/data/dpp-bulk,2026-05-31 21:45:15.946013+00:00,49246,ALDAŞ ALT.YÖN.DAN.ELEK.EN.ÜRE.HİZ. İNŞ. TAAH. SAN.VE TİC.A.Ş.,3847,2026-05-31T12:00:00+03:00,12:00
40W000000049246G,ALDAŞ ALT.YÖN.DAN.ELEK.EN.ÜRE.HİZ. İNŞ. TAAH. SAN.VE TİC.A.Ş.,unknown,2026-05-31 13:00:00+03:00,,0.0,chunk_0014.json,POST /v1/generation/data/dpp-bulk,2026-05-31 21:45:15.946013+00:00,49246,ALDAŞ ALT.YÖN.DAN.ELEK.EN.ÜRE.HİZ. İNŞ. TAAH. SAN.VE TİC.A.Ş.,3847,2026-05-31T13:00:00+03:00,13:00
40W000000049246G,ALDAŞ ALT.YÖN.DAN.ELEK.EN.ÜRE.HİZ. İNŞ. TAAH. SAN.VE TİC.A.Ş.,unknown,2026-05-31 14:00:00+03:00,,0.0,chunk_0014.json,POST /v1/generation/data/dpp-bulk,2026-05-31 21:45:15.946013+00:00,49246,ALDAŞ ALT.YÖN.DAN.ELEK.EN.ÜRE.HİZ. İNŞ. TAAH. SAN.VE TİC.A.Ş.,3847,2026-05-31T14:00:00+03:00,14:00
40W000000049246G,ALDAŞ ALT.YÖN.DAN.ELEK.EN.ÜRE.HİZ. İNŞ. TAAH. SAN.VE TİC.A.Ş.,unknown,2026-05-31 15:00:00+03:00,,0.0,chunk_0014.json,POST /v1/generation/data/dpp-bulk,2026-05-31 21:45:15.946013+00:00,49246,ALDAŞ ALT.YÖN.DAN.ELEK.EN.ÜRE.HİZ. İNŞ. TAAH. SAN.VE TİC.A.Ş.,3847,2026-05-31T15:00:00+03:00,15:00
40W000000049246G,ALDAŞ ALT.YÖN.DAN.ELEK.EN.ÜRE.HİZ. İNŞ. TAAH. SAN.VE TİC.A.Ş.,unknown,2026-05-31 16:00:00+03:00,,0.0,chunk_0014.json,POST /v1/generation/data/dpp-bulk,2026-05-31 21:45:15.946013+00:00,49246,ALDAŞ ALT.YÖN.DAN.ELEK.EN.ÜRE.HİZ. İNŞ. TAAH. SAN.VE TİC.A.Ş.,3847,2026-05-31T16:00:00+03:00,16:00
40W000000049246G,ALDAŞ ALT.YÖN.DAN.ELEK.EN.ÜRE.HİZ. İNŞ. TAAH. SAN.VE TİC.A.Ş.,unknown,2026-05-31 17:00:00+03:00,,0.0,chunk_0014.json,POST /v1/generation/data/dpp-bulk,2026-05-31 21:45:15.946013+00:00,49246,ALDAŞ ALT.YÖN.DAN.ELEK.EN.ÜRE.HİZ. İNŞ. TAAH. SAN.VE TİC.A.Ş.,3847,2026-05-31T17:00:00+03:00,17:00
40W000000049246G,ALDAŞ ALT.YÖN.DAN.ELEK.EN.ÜRE.HİZ. İNŞ. TAAH. SAN.VE TİC.A.Ş.,unknown,2026-05-31 18:00:00+03:00,,0.0,chunk_0014.json,POST /v1/generation/data/dpp-bulk,2026-05-31 21:45:15.946013+00:00,49246,ALDAŞ ALT.YÖN.DAN.ELEK.EN.ÜRE.HİZ. İNŞ. TAAH. SAN.VE TİC.A.Ş.,3847,2026-05-31T18:00:00+03:00,18:00
40W000000049246G,ALDAŞ ALT.YÖN.DAN.ELEK.EN.ÜRE.HİZ. İNŞ. TAAH. SAN.VE TİC.A.Ş.,unknown,2026-05-31 19:00:00+03:00,,0.0,chunk_0014.json,POST /v1/generation/data/dpp-bulk,2026-05-31 21:45:15.946013+00:00,49246,ALDAŞ ALT.YÖN.DAN.ELEK.EN.ÜRE.HİZ. İNŞ. TAAH. SAN.VE TİC.A.Ş.,3847,2026-05-31T19:00:00+03:00,19:00
40W000000049246G,ALDAŞ ALT.YÖN.DAN.ELEK.EN.ÜRE.HİZ. İNŞ. TAAH. SAN.VE TİC.A.Ş.,unknown,2026-05-31 20:00:00+03:00,,0.0,chunk_0014.json,POST /v1/generation/data/dpp-bulk,2026-05-31 21:45:15.946013+00:00,49246,ALDAŞ ALT.YÖN.DAN.ELEK.EN.ÜRE.HİZ. İNŞ. TAAH. SAN.VE TİC.A.Ş.,3847,2026-05-31T20:00:00+03:00,20:00
40W000000049246G,ALDAŞ ALT.YÖN.DAN.ELEK.EN.ÜRE.HİZ. İNŞ. TAAH. SAN.VE TİC.A.Ş.,unknown,2026-05-31 21:00:00+03:00,,0.0,chunk_0014.json,POST /v1/generation/data/dpp-bulk,2026-05-31 21:45:15.946013+00:00,49246,ALDAŞ ALT.YÖN.DAN.ELEK.EN.ÜRE.HİZ. İNŞ. TAAH. SAN.VE TİC.A.Ş.,3847,2026-05-31T21:00:00+03:00,21:00
40W000000049246G,ALDAŞ ALT.YÖN.DAN.ELEK.EN.ÜRE.HİZ. İNŞ. TAAH. SAN.VE TİC.A.Ş.,unknown,2026-05-31 22:00:00+03:00,,0.0,chunk_0014.json,POST /v1/generation/data/dpp-bulk,2026-05-31 21:45:15.946013+00:00,49246,ALDAŞ ALT.YÖN.DAN.ELEK.EN.ÜRE.HİZ. İNŞ. TAAH. SAN.VE TİC.A.Ş.,3847,2026-05-31T22:00:00+03:00,22:00
40W000000049246G,ALDAŞ ALT.YÖN.DAN.ELEK.EN.ÜRE.HİZ. İNŞ. TAAH. SAN.VE TİC.A.Ş.,unknown,2026-05-31 23:00:00+03:00,,0.0,chunk_0014.json,POST /v1/generation/data/dpp-bulk,2026-05-31 21:45:15.946013+00:00,49246,ALDAŞ ALT.YÖN.DAN.ELEK.EN.ÜRE.HİZ. İNŞ. TAAH. SAN.VE TİC.A.Ş.,3847,2026-05-31T23:00:00+03:00,23:00
40W0000000526501,BALKODU I HES,unknown,2026-05-31 00:00:00+03:00,,9.1,chunk_0014.json,POST /v1/generation/data/dpp-bulk,2026-05-31 21:45:15.946013+00:00,52650,BALKODU I HES,4148,2026-05-31T00:00:00+03:00,00:00
40W0000000526501,BALKODU I HES,unknown,2026-05-31 01:00:00+03:00,,9.1,chunk_0014.json,POST /v1/generation/data/dpp-bulk,2026-05-31 21:45:15.946013+00:00,52650,BALKODU I HES,4148,2026-05-31T01:00:00+03:00,01:00
40W0000000526501,BALKODU I HES,unknown,2026-05-31 02:00:00+03:00,,9.1,chunk_0014.json,POST /v1/generation/data/dpp-bulk,2026-05-31 21:45:15.946013+00:00,52650,BALKODU I HES,4148,2026-05-31T02:00:00+03:00,02:00
40W0000000526501,BALKODU I HES,unknown,2026-05-31 03:00:00+03:00,,9.1,chunk_0014.json,POST /v1/generation/data/dpp-bulk,2026-05-31 21:45:15.946013+00:00,52650,BALKODU I HES,4148,2026-05-31T03:00:00+03:00,03:00
40W0000000526501,BALKODU I HES,unknown,2026-05-31 04:00:00+03:00,,4.6,chunk_0014.json,POST /v1/generation/data/dpp-bulk,2026-05-31 21:45:15.946013+00:00,52650,BALKODU I HES,4148,2026-05-31T04:00:00+03:00,04:00
40W0000000526501,BALKODU I HES,unknown,2026-05-31 05:00:00+03:00,,0.0,chunk_0014.json,POST /v1/generation/data/dpp-bulk,2026-05-31 21:45:15.946013+00:00,52650,BALKODU I HES,4148,2026-05-31T05:00:00+03:00,05:00
40W0000000526501,BALKODU I HES,unknown,2026-05-31 06:00:00+03:00,,0.0,chunk_0014.json,POST /v1/generation/data/dpp-bulk,2026-05-31 21:45:15.946013+00:00,52650,BALKODU I HES,4148,2026-05-31T06:00:00+03:00,06:00
40W0000000526501,BALKODU I HES,unknown,2026-05-31 07:00:00+03:00,,0.0,chunk_0014.json,POST /v1/generation/data/dpp-bulk,2026-05-31 21:45:15.946013+00:00,52650,BALKODU I HES,4148,2026-05-31T07:00:00+03:00,07:00
40W0000000526501,BALKODU I HES,unknown,2026-05-31 08:00:00+03:00,,0.0,chunk_0014.json,POST /v1/generation/data/dpp-bulk,2026-05-31 21:45:15.946013+00:00,52650,BALKODU I HES,4148,2026-05-31T08:00:00+03:00,08:00
40W0000000526501,BALKODU I HES,unknown,2026-05-31 09:00:00+03:00,,0.0,chunk_0014.json,POST /v1/generation/data/dpp-bulk,2026-05-31 21:45:15.946013+00:00,52650,BALKODU I HES,4148,2026-05-31T09:00:00+03:00,09:00
40W0000000526501,BALKODU I HES,unknown,2026-05-31 10:00:00+03:00,,0.0,chunk_0014.json,POST /v1/generation/data/dpp-bulk,2026-05-31 21:45:15.946013+00:00,52650,BALKODU I HES,4148,2026-05-31T10:00:00+03:00,10:00
40W0000000526501,BALKODU I HES,unknown,2026-05-31 11:00:00+03:00,,0.0,chunk_0014.json,POST /v1/generation/data/dpp-bulk,2026-05-31 21:45:15.946013+00:00,52650,BALKODU I HES,4148,2026-05-31T11:00:00+03:00,11:00
40W0000000526501,BALKODU I HES,unknown,2026-05-31 12:00:00+03:00,,0.0,chunk_0014.json,POST /v1/generation/data/dpp-bulk,2026-05-31 21:45:15.946013+00:00,52650,BALKODU I HES,4148,2026-05-31T12:00:00+03:00,12:00
40W0000000526501,BALKODU I HES,unknown,2026-05-31 13:00:00+03:00,,0.0,chunk_0014.json,POST /v1/generation/data/dpp-bulk,2026-05-31 21:45:15.946013+00:00,52650,BALKODU I HES,4148,2026-05-31T13:00:00+03:00,13:00
40W0000000526501,BALKODU I HES,unknown,2026-05-31 14:00:00+03:00,,0.0,chunk_0014.json,POST /v1/generation/data/dpp-bulk,2026-05-31 21:45:15.946013+00:00,52650,BALKODU I HES,4148,2026-05-31T14:00:00+03:00,14:00
40W0000000526501,BALKODU I HES,unknown,2026-05-31 15:00:00+03:00,,0.0,chunk_0014.json,POST /v1/generation/data/dpp-bulk,2026-05-31 21:45:15.946013+00:00,52650,BALKODU I HES,4148,2026-05-31T15:00:00+03:00,15:00
40W0000000526501,BALKODU I HES,unknown,2026-05-31 16:00:00+03:00,,0.0,chunk_0014.json,POST /v1/generation/data/dpp-bulk,2026-05-31 21:45:15.946013+00:00,52650,BALKODU I HES,4148,2026-05-31T16:00:00+03:00,16:00
40W0000000526501,BALKODU I HES,unknown,2026-05-31 17:00:00+03:00,,0.0,chunk_0014.json,POST /v1/generation/data/dpp-bulk,2026-05-31 21:45:15.946013+00:00,52650,BALKODU I HES,4148,2026-05-31T17:00:00+03:00,17:00
40W0000000526501,BALKODU I HES,unknown,2026-05-31 18:00:00+03:00,,4.5,chunk_0014.json,POST /v1/generation/data/dpp-bulk,2026-05-31 21:45:15.946013+00:00,52650,BALKODU I HES,4148,2026-05-31T18:00:00+03:00,18:00
40W0000000526501,BALKODU I HES,unknown,2026-05-31 19:00:00+03:00,,9.1,chunk_0014.json,POST /v1/generation/data/dpp-bulk,2026-05-31 21:45:15.946013+00:00,52650,BALKODU I HES,4148,2026-05-31T19:00:00+03:00,19:00
40W0000000526501,BALKODU I HES,unknown,2026-05-31 20:00:00+03:00,,9.1,chunk_0014.json,POST /v1/generation/data/dpp-bulk,2026-05-31 21:45:15.946013+00:00,52650,BALKODU I HES,4148,2026-05-31T20:00:00+03:00,20:00
40W0000000526501,BALKODU I HES,unknown,2026-05-31 21:00:00+03:00,,9.1,chunk_0014.json,POST /v1/generation/data/dpp-bulk,2026-05-31 21:45:15.946013+00:00,52650,BALKODU I HES,4148,2026-05-31T21:00:00+03:00,21:00
40W0000000526501,BALKODU I HES,unknown,2026-05-31 22:00:00+03:00,,9.1,chunk_0014.json,POST /v1/generation/data/dpp-bulk,2026-05-31 21:45:15.946013+00:00,52650,BALKODU I HES,4148,2026-05-31T22:00:00+03:00,22:00
40W0000000526501,BALKODU I HES,unknown,2026-05-31 23:00:00+03:00,,9.1,chunk_0014.json,POST /v1/generation/data/dpp-bulk,2026-05-31 21:45:15.946013+00:00,52650,BALKODU I HES,4148,2026-05-31T23:00:00+03:00,23:00
40W000000049247E,TUZTAŞI HES,unknown,2026-05-31 00:00:00+03:00,,0.0,chunk_0014.json,POST /v1/generation/data/dpp-bulk,2026-05-31 21:45:15.946013+00:00,49247,TUZTAŞI HES,4490,2026-05-31T00:00:00+03:00,00:00
40W000000049247E,TUZTAŞI HES,unknown,2026-05-31 01:00:00+03:00,,0.0,chunk_0014.json,POST /v1/generation/data/dpp-bulk,2026-05-31 21:45:15.946013+00:00,49247,TUZTAŞI HES,4490,2026-05-31T01:00:00+03:00,01:00
40W000000049247E,TUZTAŞI HES,unknown,2026-05-31 02:00:00+03:00,,0.0,chunk_0014.json,POST /v1/generation/data/dpp-bulk,2026-05-31 21:45:15.946013+00:00,49247,TUZTAŞI HES,4490,2026-05-31T02:00:00+03:00,02:00
40W000000049247E,TUZTAŞI HES,unknown,2026-05-31 03:00:00+03:00,,0.0,chunk_0014.json,POST /v1/generation/data/dpp-bulk,2026-05-31 21:45:15.946013+00:00,49247,TUZTAŞI HES,4490,2026-05-31T03:00:00+03:00,03:00
40W000000049247E,TUZTAŞI HES,unknown,2026-05-31 04:00:00+03:00,,0.0,chunk_0014.json,POST /v1/generation/data/dpp-bulk,2026-05-31 21:45:15.946013+00:00,49247,TUZTAŞI HES,4490,2026-05-31T04:00:00+03:00,04:00
40W000000049247E,TUZTAŞI HES,unknown,2026-05-31 05:00:00+03:00,,0.0,chunk_0014.json,POST /v1/generation/data/dpp-bulk,2026-05-31 21:45:15.946013+00:00,49247,TUZTAŞI HES,4490,2026-05-31T05:00:00+03:00,05:00
40W000000049247E,TUZTAŞI HES,unknown,2026-05-31 06:00:00+03:00,,0.0,chunk_0014.json,POST /v1/generation/data/dpp-bulk,2026-05-31 21:45:15.946013+00:00,49247,TUZTAŞI HES,4490,2026-05-31T06:00:00+03:00,06:00
40W000000049247E,TUZTAŞI HES,unknown,2026-05-31 07:00:00+03:00,,0.0,chunk_0014.json,POST /v1/generation/data/dpp-bulk,2026-05-31 21:45:15.946013+00:00,49247,TUZTAŞI HES,4490,2026-05-31T07:00:00+03:00,07:00
40W000000049247E,TUZTAŞI HES,unknown,2026-05-31 08:00:00+03:00,,0.0,chunk_0014.json,POST /v1/generation/data/dpp-bulk,2026-05-31 21:45:15.946013+00:00,49247,TUZTAŞI HES,4490,2026-05-31T08:00:00+03:00,08:00
40W000000049247E,TUZTAŞI HES,unknown,2026-05-31 09:00:00+03:00,,0.0,chunk_0014.json,POST /v1/generation/data/dpp-bulk,2026-05-31 21:45:15.946013+00:00,49247,TUZTAŞI HES,4490,2026-05-31T09:00:00+03:00,09:00
40W000000049247E,TUZTAŞI HES,unknown,2026-05-31 10:00:00+03:00,,0.0,chunk_0014.json,POST /v1/generation/data/dpp-bulk,2026-05-31 21:45:15.946013+00:00,49247,TUZTAŞI HES,4490,2026-05-31T10:00:00+03:00,10:00
40W000000049247E,TUZTAŞI HES,unknown,2026-05-31 11:00:00+03:00,,0.0,chunk_0014.json,POST /v1/generation/data/dpp-bulk,2026-05-31 21:45:15.946013+00:00,49247,TUZTAŞI HES,4490,2026-05-31T11:00:00+03:00,11:00
40W000000049247E,TUZTAŞI HES,unknown,2026-05-31 12:00:00+03:00,,0.0,chunk_0014.json,POST /v1/generation/data/dpp-bulk,2026-05-31 21:45:15.946013+00:00,49247,TUZTAŞI HES,4490,2026-05-31T12:00:00+03:00,12:00
40W000000049247E,TUZTAŞI HES,unknown,2026-05-31 13:00:00+03:00,,0.0,chunk_0014.json,POST /v1/generation/data/dpp-bulk,2026-05-31 21:45:15.946013+00:00,49247,TUZTAŞI HES,4490,2026-05-31T13:00:00+03:00,13:00
40W000000049247E,TUZTAŞI HES,unknown,2026-05-31 14:00:00+03:00,,0.0,chunk_0014.json,POST /v1/generation/data/dpp-bulk,2026-05-31 21:45:15.946013+00:00,49247,TUZTAŞI HES,4490,2026-05-31T14:00:00+03:00,14:00
40W000000049247E,TUZTAŞI HES,unknown,2026-05-31 15:00:00+03:00,,0.0,chunk_0014.json,POST /v1/generation/data/dpp-bulk,2026-05-31 21:45:15.946013+00:00,49247,TUZTAŞI HES,4490,2026-05-31T15:00:00+03:00,15:00
40W000000049247E,TUZTAŞI HES,unknown,2026-05-31 16:00:00+03:00,,0.0,chunk_0014.json,POST /v1/generation/data/dpp-bulk,2026-05-31 21:45:15.946013+00:00,49247,TUZTAŞI HES,4490,2026-05-31T16:00:00+03:00,16:00
40W000000049247E,TUZTAŞI HES,unknown,2026-05-31 17:00:00+03:00,,0.0,chunk_0014.json,POST /v1/generation/data/dpp-bulk,2026-05-31 21:45:15.946013+00:00,49247,TUZTAŞI HES,4490,2026-05-31T17:00:00+03:00,17:00
40W000000049247E,TUZTAŞI HES,unknown,2026-05-31 18:00:00+03:00,,0.0,chunk_0014.json,POST /v1/generation/data/dpp-bulk,2026-05-31 21:45:15.946013+00:00,49247,TUZTAŞI HES,4490,2026-05-31T18:00:00+03:00,18:00
40W000000049247E,TUZTAŞI HES,unknown,2026-05-31 19:00:00+03:00,,0.0,chunk_0014.json,POST /v1/generation/data/dpp-bulk,2026-05-31 21:45:15.946013+00:00,49247,TUZTAŞI HES,4490,2026-05-31T19:00:00+03:00,19:00
40W000000049247E,TUZTAŞI HES,unknown,2026-05-31 20:00:00+03:00,,0.0,chunk_0014.json,POST /v1/generation/data/dpp-bulk,2026-05-31 21:45:15.946013+00:00,49247,TUZTAŞI HES,4490,2026-05-31T20:00:00+03:00,20:00
40W000000049247E,TUZTAŞI HES,unknown,2026-05-31 21:00:00+03:00,,0.0,chunk_0014.json,POST /v1/generation/data/dpp-bulk,2026-05-31 21:45:15.946013+00:00,49247,TUZTAŞI HES,4490,2026-05-31T21:00:00+03:00,21:00
40W000000049247E,TUZTAŞI HES,unknown,2026-05-31 22:00:00+03:00,,0.0,chunk_0014.json,POST /v1/generation/data/dpp-bulk,2026-05-31 21:45:15.946013+00:00,49247,TUZTAŞI HES,4490,2026-05-31T22:00:00+03:00,22:00
40W000000049247E,TUZTAŞI HES,unknown,2026-05-31 23:00:00+03:00,,0.0,chunk_0014.json,POST /v1/generation/data/dpp-bulk,2026-05-31 21:45:15.946013+00:00,49247,TUZTAŞI HES,4490,2026-05-31T23:00:00+03:00,23:00
40W000000041404R,ÖREN REG. ve HES,unknown,2026-05-31 00:00:00+03:00,,0.0,chunk_0014.json,POST /v1/generation/data/dpp-bulk,2026-05-31 21:45:15.946013+00:00,41404,ÖREN REG. ve HES,4494,2026-05-31T00:00:00+03:00,00:00
40W000000041404R,ÖREN REG. ve HES,unknown,2026-05-31 01:00:00+03:00,,0.0,chunk_0014.json,POST /v1/generation/data/dpp-bulk,2026-05-31 21:45:15.946013+00:00,41404,ÖREN REG. ve HES,4494,2026-05-31T01:00:00+03:00,01:00
40W000000041404R,ÖREN REG. ve HES,unknown,2026-05-31 02:00:00+03:00,,0.0,chunk_0014.json,POST /v1/generation/data/dpp-bulk,2026-05-31 21:45:15.946013+00:00,41404,ÖREN REG. ve HES,4494,2026-05-31T02:00:00+03:00,02:00
40W000000041404R,ÖREN REG. ve HES,unknown,2026-05-31 03:00:00+03:00,,0.0,chunk_0014.json,POST /v1/generation/data/dpp-bulk,2026-05-31 21:45:15.946013+00:00,41404,ÖREN REG. ve HES,4494,2026-05-31T03:00:00+03:00,03:00
40W000000041404R,ÖREN REG. ve HES,unknown,2026-05-31 04:00:00+03:00,,0.0,chunk_0014.json,POST /v1/generation/data/dpp-bulk,2026-05-31 21:45:15.946013+00:00,41404,ÖREN REG. ve HES,4494,2026-05-31T04:00:00+03:00,04:00
40W000000041404R,ÖREN REG. ve HES,unknown,2026-05-31 05:00:00+03:00,,0.0,chunk_0014.json,POST /v1/generation/data/dpp-bulk,2026-05-31 21:45:15.946013+00:00,41404,ÖREN REG. ve HES,4494,2026-05-31T05:00:00+03:00,05:00
40W000000041404R,ÖREN REG. ve HES,unknown,2026-05-31 06:00:00+03:00,,0.0,chunk_0014.json,POST /v1/generation/data/dpp-bulk,2026-05-31 21:45:15.946013+00:00,41404,ÖREN REG. ve HES,4494,2026-05-31T06:00:00+03:00,06:00
40W000000041404R,ÖREN REG. ve HES,unknown,2026-05-31 07:00:00+03:00,,0.0,chunk_0014.json,POST /v1/generation/data/dpp-bulk,2026-05-31 21:45:15.946013+00:00,41404,ÖREN REG. ve HES,4494,2026-05-31T07:00:00+03:00,07:00
40W000000041404R,ÖREN REG. ve HES,unknown,2026-05-31 08:00:00+03:00,,0.0,chunk_0014.json,POST /v1/generation/data/dpp-bulk,2026-05-31 21:45:15.946013+00:00,41404,ÖREN REG. ve HES,4494,2026-05-31T08:00:00+03:00,08:00
40W000000041404R,ÖREN REG. ve HES,unknown,2026-05-31 09:00:00+03:00,,0.0,chunk_0014.json,POST /v1/generation/data/dpp-bulk,2026-05-31 21:45:15.946013+00:00,41404,ÖREN REG. ve HES,4494,2026-05-31T09:00:00+03:00,09:00
40W000000041404R,ÖREN REG. ve HES,unknown,2026-05-31 10:00:00+03:00,,0.0,chunk_0014.json,POST /v1/generation/data/dpp-bulk,2026-05-31 21:45:15.946013+00:00,41404,ÖREN REG. ve HES,4494,2026-05-31T10:00:00+03:00,10:00
40W000000041404R,ÖREN REG. ve HES,unknown,2026-05-31 11:00:00+03:00,,0.0,chunk_0014.json,POST /v1/generation/data/dpp-bulk,2026-05-31 21:45:15.946013+00:00,41404,ÖREN REG. ve HES,4494,2026-05-31T11:00:00+03:00,11:00
40W000000041404R,ÖREN REG. ve HES,unknown,2026-05-31 12:00:00+03:00,,0.0,chunk_0014.json,POST /v1/generation/data/dpp-bulk,2026-05-31 21:45:15.946013+00:00,41404,ÖREN REG. ve HES,4494,2026-05-31T12:00:00+03:00,12:00
40W000000041404R,ÖREN REG. ve HES,unknown,2026-05-31 13:00:00+03:00,,0.0,chunk_0014.json,POST /v1/generation/data/dpp-bulk,2026-05-31 21:45:15.946013+00:00,41404,ÖREN REG. ve HES,4494,2026-05-31T13:00:00+03:00,13:00
40W000000041404R,ÖREN REG. ve HES,unknown,2026-05-31 14:00:00+03:00,,0.0,chunk_0014.json,POST /v1/generation/data/dpp-bulk,2026-05-31 21:45:15.946013+00:00,41404,ÖREN REG. ve HES,4494,2026-05-31T14:00:00+03:00,14:00
40W000000041404R,ÖREN REG. ve HES,unknown,2026-05-31 15:00:00+03:00,,0.0,chunk_0014.json,POST /v1/generation/data/dpp-bulk,2026-05-31 21:45:15.946013+00:00,41404,ÖREN REG. ve HES,4494,2026-05-31T15:00:00+03:00,15:00
40W000000041404R,ÖREN REG. ve HES,unknown,2026-05-31 16:00:00+03:00,,0.0,chunk_0014.json,POST /v1/generation/data/dpp-bulk,2026-05-31 21:45:15.946013+00:00,41404,ÖREN REG. ve HES,4494,2026-05-31T16:00:00+03:00,16:00
40W000000041404R,ÖREN REG. ve HES,unknown,2026-05-31 17:00:00+03:00,,0.0,chunk_0014.json,POST /v1/generation/data/dpp-bulk,2026-05-31 21:45:15.946013+00:00,41404,ÖREN REG. ve HES,4494,2026-05-31T17:00:00+03:00,17:00
40W000000041404R,ÖREN REG. ve HES,unknown,2026-05-31 18:00:00+03:00,,0.0,chunk_0014.json,POST /v1/generation/data/dpp-bulk,2026-05-31 21:45:15.946013+00:00,41404,ÖREN REG. ve HES,4494,2026-05-31T18:00:00+03:00,18:00
40W000000041404R,ÖREN REG. ve HES,unknown,2026-05-31 19:00:00+03:00,,26.0,chunk_0014.json,POST /v1/generation/data/dpp-bulk,2026-05-31 21:45:15.946013+00:00,41404,ÖREN REG. ve HES,4494,2026-05-31T19:00:00+03:00,19:00
40W000000041404R,ÖREN REG. ve HES,unknown,2026-05-31 20:00:00+03:00,,26.0,chunk_0014.json,POST /v1/generation/data/dpp-bulk,2026-05-31 21:45:15.946013+00:00,41404,ÖREN REG. ve HES,4494,2026-05-31T20:00:00+03:00,20:00
40W000000041404R,ÖREN REG. ve HES,unknown,2026-05-31 21:00:00+03:00,,19.6,chunk_0014.json,POST /v1/generation/data/dpp-bulk,2026-05-31 21:45:15.946013+00:00,41404,ÖREN REG. ve HES,4494,2026-05-31T21:00:00+03:00,21:00
40W000000041404R,ÖREN REG. ve HES,unknown,2026-05-31 22:00:00+03:00,,19.6,chunk_0014.json,POST /v1/generation/data/dpp-bulk,2026-05-31 21:45:15.946013+00:00,41404,ÖREN REG. ve HES,4494,2026-05-31T22:00:00+03:00,22:00
40W000000041404R,ÖREN REG. ve HES,unknown,2026-05-31 23:00:00+03:00,,19.6,chunk_0014.json,POST /v1/generation/data/dpp-bulk,2026-05-31 21:45:15.946013+00:00,41404,ÖREN REG. ve HES,4494,2026-05-31T23:00:00+03:00,23:00
40W000000039848V,KAYADİBİ HES,unknown,2026-05-31 00:00:00+03:00,,4.5,chunk_0014.json,POST /v1/generation/data/dpp-bulk,2026-05-31 21:45:15.946013+00:00,39848,KAYADİBİ HES,4509,2026-05-31T00:00:00+03:00,00:00
40W000000039848V,KAYADİBİ HES,unknown,2026-05-31 01:00:00+03:00,,0.0,chunk_0014.json,POST /v1/generation/data/dpp-bulk,2026-05-31 21:45:15.946013+00:00,39848,KAYADİBİ HES,4509,2026-05-31T01:00:00+03:00,01:00
40W000000039848V,KAYADİBİ HES,unknown,2026-05-31 02:00:00+03:00,,0.0,chunk_0014.json,POST /v1/generation/data/dpp-bulk,2026-05-31 21:45:15.946013+00:00,39848,KAYADİBİ HES,4509,2026-05-31T02:00:00+03:00,02:00
40W000000039848V,KAYADİBİ HES,unknown,2026-05-31 03:00:00+03:00,,0.0,chunk_0014.json,POST /v1/generation/data/dpp-bulk,2026-05-31 21:45:15.946013+00:00,39848,KAYADİBİ HES,4509,2026-05-31T03:00:00+03:00,03:00
40W000000039848V,KAYADİBİ HES,unknown,2026-05-31 04:00:00+03:00,,0.0,chunk_0014.json,POST /v1/generation/data/dpp-bulk,2026-05-31 21:45:15.946013+00:00,39848,KAYADİBİ HES,4509,2026-05-31T04:00:00+03:00,04:00
40W000000039848V,KAYADİBİ HES,unknown,2026-05-31 05:00:00+03:00,,0.0,chunk_0014.json,POST /v1/generation/data/dpp-bulk,2026-05-31 21:45:15.946013+00:00,39848,KAYADİBİ HES,4509,2026-05-31T05:00:00+03:00,05:00
40W000000039848V,KAYADİBİ HES,unknown,2026-05-31 06:00:00+03:00,,0.0,chunk_0014.json,POST /v1/generation/data/dpp-bulk,2026-05-31 21:45:15.946013+00:00,39848,KAYADİBİ HES,4509,2026-05-31T06:00:00+03:00,06:00
40W000000039848V,KAYADİBİ HES,unknown,2026-05-31 07:00:00+03:00,,0.0,chunk_0014.json,POST /v1/generation/data/dpp-bulk,2026-05-31 21:45:15.946013+00:00,39848,KAYADİBİ HES,4509,2026-05-31T07:00:00+03:00,07:00
40W000000039848V,KAYADİBİ HES,unknown,2026-05-31 08:00:00+03:00,,0.0,chunk_0014.json,POST /v1/generation/data/dpp-bulk,2026-05-31 21:45:15.946013+00:00,39848,KAYADİBİ HES,4509,2026-05-31T08:00:00+03:00,08:00
40W000000039848V,KAYADİBİ HES,unknown,2026-05-31 09:00:00+03:00,,0.0,chunk_0014.json,POST /v1/generation/data/dpp-bulk,2026-05-31 21:45:15.946013+00:00,39848,KAYADİBİ HES,4509,2026-05-31T09:00:00+03:00,09:00
40W000000039848V,KAYADİBİ HES,unknown,2026-05-31 10:00:00+03:00,,0.0,chunk_0014.json,POST /v1/generation/data/dpp-bulk,2026-05-31 21:45:15.946013+00:00,39848,KAYADİBİ HES,4509,2026-05-31T10:00:00+03:00,10:00
40W000000039848V,KAYADİBİ HES,unknown,2026-05-31 11:00:00+03:00,,0.0,chunk_0014.json,POST /v1/generation/data/dpp-bulk,2026-05-31 21:45:15.946013+00:00,39848,KAYADİBİ HES,4509,2026-05-31T11:00:00+03:00,11:00
40W000000039848V,KAYADİBİ HES,unknown,2026-05-31 12:00:00+03:00,,0.0,chunk_0014.json,POST /v1/generation/data/dpp-bulk,2026-05-31 21:45:15.946013+00:00,39848,KAYADİBİ HES,4509,2026-05-31T12:00:00+03:00,12:00
40W000000039848V,KAYADİBİ HES,unknown,2026-05-31 13:00:00+03:00,,0.0,chunk_0014.json,POST /v1/generation/data/dpp-bulk,2026-05-31 21:45:15.946013+00:00,39848,KAYADİBİ HES,4509,2026-05-31T13:00:00+03:00,13:00
40W000000039848V,KAYADİBİ HES,unknown,2026-05-31 14:00:00+03:00,,0.0,chunk_0014.json,POST /v1/generation/data/dpp-bulk,2026-05-31 21:45:15.946013+00:00,39848,KAYADİBİ HES,4509,2026-05-31T14:00:00+03:00,14:00
40W000000039848V,KAYADİBİ HES,unknown,2026-05-31 15:00:00+03:00,,0.0,chunk_0014.json,POST /v1/generation/data/dpp-bulk,2026-05-31 21:45:15.946013+00:00,39848,KAYADİBİ HES,4509,2026-05-31T15:00:00+03:00,15:00
40W000000039848V,KAYADİBİ HES,unknown,2026-05-31 16:00:00+03:00,,0.0,chunk_0014.json,POST /v1/generation/data/dpp-bulk,2026-05-31 21:45:15.946013+00:00,39848,KAYADİBİ HES,4509,2026-05-31T16:00:00+03:00,16:00
40W000000039848V,KAYADİBİ HES,unknown,2026-05-31 17:00:00+03:00,,0.0,chunk_0014.json,POST /v1/generation/data/dpp-bulk,2026-05-31 21:45:15.946013+00:00,39848,KAYADİBİ HES,4509,2026-05-31T17:00:00+03:00,17:00
40W000000039848V,KAYADİBİ HES,unknown,2026-05-31 18:00:00+03:00,,0.0,chunk_0014.json,POST /v1/generation/data/dpp-bulk,2026-05-31 21:45:15.946013+00:00,39848,KAYADİBİ HES,4509,2026-05-31T18:00:00+03:00,18:00
40W000000039848V,KAYADİBİ HES,unknown,2026-05-31 19:00:00+03:00,,7.0,chunk_0014.json,POST /v1/generation/data/dpp-bulk,2026-05-31 21:45:15.946013+00:00,39848,KAYADİBİ HES,4509,2026-05-31T19:00:00+03:00,19:00
40W000000039848V,KAYADİBİ HES,unknown,2026-05-31 20:00:00+03:00,,13.0,chunk_0014.json,POST /v1/generation/data/dpp-bulk,2026-05-31 21:45:15.946013+00:00,39848,KAYADİBİ HES,4509,2026-05-31T20:00:00+03:00,20:00
40W000000039848V,KAYADİBİ HES,unknown,2026-05-31 21:00:00+03:00,,11.0,chunk_0014.json,POST /v1/generation/data/dpp-bulk,2026-05-31 21:45:15.946013+00:00,39848,KAYADİBİ HES,4509,2026-05-31T21:00:00+03:00,21:00
40W000000039848V,KAYADİBİ HES,unknown,2026-05-31 22:00:00+03:00,,10.0,chunk_0014.json,POST /v1/generation/data/dpp-bulk,2026-05-31 21:45:15.946013+00:00,39848,KAYADİBİ HES,4509,2026-05-31T22:00:00+03:00,22:00
40W000000039848V,KAYADİBİ HES,unknown,2026-05-31 23:00:00+03:00,,7.0,chunk_0014.json,POST /v1/generation/data/dpp-bulk,2026-05-31 21:45:15.946013+00:00,39848,KAYADİBİ HES,4509,2026-05-31T23:00:00+03:00,23:00
40W000000049136N,ÜZÜMLÜ HES,unknown,2026-05-31 00:00:00+03:00,,6.2,chunk_0014.json,POST /v1/generation/data/dpp-bulk,2026-05-31 21:45:15.946013+00:00,49136,ÜZÜMLÜ HES,4571,2026-05-31T00:00:00+03:00,00:00
40W000000049136N,ÜZÜMLÜ HES,unknown,2026-05-31 01:00:00+03:00,,6.2,chunk_0014.json,POST /v1/generation/data/dpp-bulk,2026-05-31 21:45:15.946013+00:00,49136,ÜZÜMLÜ HES,4571,2026-05-31T01:00:00+03:00,01:00
40W000000049136N,ÜZÜMLÜ HES,unknown,2026-05-31 02:00:00+03:00,,6.2,chunk_0014.json,POST /v1/generation/data/dpp-bulk,2026-05-31 21:45:15.946013+00:00,49136,ÜZÜMLÜ HES,4571,2026-05-31T02:00:00+03:00,02:00
40W000000049136N,ÜZÜMLÜ HES,unknown,2026-05-31 03:00:00+03:00,,6.2,chunk_0014.json,POST /v1/generation/data/dpp-bulk,2026-05-31 21:45:15.946013+00:00,49136,ÜZÜMLÜ HES,4571,2026-05-31T03:00:00+03:00,03:00
40W000000049136N,ÜZÜMLÜ HES,unknown,2026-05-31 04:00:00+03:00,,6.2,chunk_0014.json,POST /v1/generation/data/dpp-bulk,2026-05-31 21:45:15.946013+00:00,49136,ÜZÜMLÜ HES,4571,2026-05-31T04:00:00+03:00,04:00
40W000000049136N,ÜZÜMLÜ HES,unknown,2026-05-31 05:00:00+03:00,,6.2,chunk_0014.json,POST /v1/generation/data/dpp-bulk,2026-05-31 21:45:15.946013+00:00,49136,ÜZÜMLÜ HES,4571,2026-05-31T05:00:00+03:00,05:00
40W000000049136N,ÜZÜMLÜ HES,unknown,2026-05-31 06:00:00+03:00,,2.5,chunk_0014.json,POST /v1/generation/data/dpp-bulk,2026-05-31 21:45:15.946013+00:00,49136,ÜZÜMLÜ HES,4571,2026-05-31T06:00:00+03:00,06:00
40W000000049136N,ÜZÜMLÜ HES,unknown,2026-05-31 07:00:00+03:00,,2.5,chunk_0014.json,POST /v1/generation/data/dpp-bulk,2026-05-31 21:45:15.946013+00:00,49136,ÜZÜMLÜ HES,4571,2026-05-31T07:00:00+03:00,07:00
40W000000049136N,ÜZÜMLÜ HES,unknown,2026-05-31 08:00:00+03:00,,2.5,chunk_0014.json,POST /v1/generation/data/dpp-bulk,2026-05-31 21:45:15.946013+00:00,49136,ÜZÜMLÜ HES,4571,2026-05-31T08:00:00+03:00,08:00
40W000000049136N,ÜZÜMLÜ HES,unknown,2026-05-31 09:00:00+03:00,,2.5,chunk_0014.json,POST /v1/generation/data/dpp-bulk,2026-05-31 21:45:15.946013+00:00,49136,ÜZÜMLÜ HES,4571,2026-05-31T09:00:00+03:00,09:00
40W000000049136N,ÜZÜMLÜ HES,unknown,2026-05-31 10:00:00+03:00,,2.5,chunk_0014.json,POST /v1/generation/data/dpp-bulk,2026-05-31 21:45:15.946013+00:00,49136,ÜZÜMLÜ HES,4571,2026-05-31T10:00:00+03:00,10:00
40W000000049136N,ÜZÜMLÜ HES,unknown,2026-05-31 11:00:00+03:00,,2.5,chunk_0014.json,POST /v1/generation/data/dpp-bulk,2026-05-31 21:45:15.946013+00:00,49136,ÜZÜMLÜ HES,4571,2026-05-31T11:00:00+03:00,11:00
40W000000049136N,ÜZÜMLÜ HES,unknown,2026-05-31 12:00:00+03:00,,2.5,chunk_0014.json,POST /v1/generation/data/dpp-bulk,2026-05-31 21:45:15.946013+00:00,49136,ÜZÜMLÜ HES,4571,2026-05-31T12:00:00+03:00,12:00
40W000000049136N,ÜZÜMLÜ HES,unknown,2026-05-31 13:00:00+03:00,,2.5,chunk_0014.json,POST /v1/generation/data/dpp-bulk,2026-05-31 21:45:15.946013+00:00,49136,ÜZÜMLÜ HES,4571,2026-05-31T13:00:00+03:00,13:00
40W000000049136N,ÜZÜMLÜ HES,unknown,2026-05-31 14:00:00+03:00,,2.5,chunk_0014.json,POST /v1/generation/data/dpp-bulk,2026-05-31 21:45:15.946013+00:00,49136,ÜZÜMLÜ HES,4571,2026-05-31T14:00:00+03:00,14:00
40W000000049136N,ÜZÜMLÜ HES,unknown,2026-05-31 15:00:00+03:00,,2.5,chunk_0014.json,POST /v1/generation/data/dpp-bulk,2026-05-31 21:45:15.946013+00:00,49136,ÜZÜMLÜ HES,4571,2026-05-31T15:00:00+03:00,15:00
40W000000049136N,ÜZÜMLÜ HES,unknown,2026-05-31 16:00:00+03:00,,2.5,chunk_0014.json,POST /v1/generation/data/dpp-bulk,2026-05-31 21:45:15.946013+00:00,49136,ÜZÜMLÜ HES,4571,2026-05-31T16:00:00+03:00,16:00
40W000000049136N,ÜZÜMLÜ HES,unknown,2026-05-31 17:00:00+03:00,,10.0,chunk_0014.json,POST /v1/generation/data/dpp-bulk,2026-05-31 21:45:15.946013+00:00,49136,ÜZÜMLÜ HES,4571,2026-05-31T17:00:00+03:00,17:00
40W000000049136N,ÜZÜMLÜ HES,unknown,2026-05-31 18:00:00+03:00,,10.0,chunk_0014.json,POST /v1/generation/data/dpp-bulk,2026-05-31 21:45:15.946013+00:00,49136,ÜZÜMLÜ HES,4571,2026-05-31T18:00:00+03:00,18:00
40W000000049136N,ÜZÜMLÜ HES,unknown,2026-05-31 19:00:00+03:00,,10.0,chunk_0014.json,POST /v1/generation/data/dpp-bulk,2026-05-31 21:45:15.946013+00:00,49136,ÜZÜMLÜ HES,4571,2026-05-31T19:00:00+03:00,19:00
40W000000049136N,ÜZÜMLÜ HES,unknown,2026-05-31 20:00:00+03:00,,10.0,chunk_0014.json,POST /v1/generation/data/dpp-bulk,2026-05-31 21:45:15.946013+00:00,49136,ÜZÜMLÜ HES,4571,2026-05-31T20:00:00+03:00,20:00
40W000000049136N,ÜZÜMLÜ HES,unknown,2026-05-31 21:00:00+03:00,,10.0,chunk_0014.json,POST /v1/generation/data/dpp-bulk,2026-05-31 21:45:15.946013+00:00,49136,ÜZÜMLÜ HES,4571,2026-05-31T21:00:00+03:00,21:00
40W000000049136N,ÜZÜMLÜ HES,unknown,2026-05-31 22:00:00+03:00,,10.0,chunk_0014.json,POST /v1/generation/data/dpp-bulk,2026-05-31 21:45:15.946013+00:00,49136,ÜZÜMLÜ HES,4571,2026-05-31T22:00:00+03:00,22:00
40W000000049136N,ÜZÜMLÜ HES,unknown,2026-05-31 23:00:00+03:00,,10.0,chunk_0014.json,POST /v1/generation/data/dpp-bulk,2026-05-31 21:45:15.946013+00:00,49136,ÜZÜMLÜ HES,4571,2026-05-31T23:00:00+03:00,23:00
40W000000060594Q,Nil Örme Çorlu Kojenerasyon Tesisi,unknown,2026-05-31 00:00:00+03:00,,0.0,chunk_0014.json,POST /v1/generation/data/dpp-bulk,2026-05-31 21:45:15.946013+00:00,60594,Nil Örme Çorlu Kojenerasyon Tesisi,4572,2026-05-31T00:00:00+03:00,00:00
40W000000060594Q,Nil Örme Çorlu Kojenerasyon Tesisi,unknown,2026-05-31 01:00:00+03:00,,0.0,chunk_0014.json,POST /v1/generation/data/dpp-bulk,2026-05-31 21:45:15.946013+00:00,60594,Nil Örme Çorlu Kojenerasyon Tesisi,4572,2026-05-31T01:00:00+03:00,01:00
40W000000060594Q,Nil Örme Çorlu Kojenerasyon Tesisi,unknown,2026-05-31 02:00:00+03:00,,0.0,chunk_0014.json,POST /v1/generation/data/dpp-bulk,2026-05-31 21:45:15.946013+00:00,60594,Nil Örme Çorlu Kojenerasyon Tesisi,4572,2026-05-31T02:00:00+03:00,02:00
40W000000060594Q,Nil Örme Çorlu Kojenerasyon Tesisi,unknown,2026-05-31 03:00:00+03:00,,0.0,chunk_0014.json,POST /v1/generation/data/dpp-bulk,2026-05-31 21:45:15.946013+00:00,60594,Nil Örme Çorlu Kojenerasyon Tesisi,4572,2026-05-31T03:00:00+03:00,03:00
40W000000060594Q,Nil Örme Çorlu Kojenerasyon Tesisi,unknown,2026-05-31 04:00:00+03:00,,0.0,chunk_0014.json,POST /v1/generation/data/dpp-bulk,2026-05-31 21:45:15.946013+00:00,60594,Nil Örme Çorlu Kojenerasyon Tesisi,4572,2026-05-31T04:00:00+03:00,04:00
40W000000060594Q,Nil Örme Çorlu Kojenerasyon Tesisi,unknown,2026-05-31 05:00:00+03:00,,0.0,chunk_0014.json,POST /v1/generation/data/dpp-bulk,2026-05-31 21:45:15.946013+00:00,60594,Nil Örme Çorlu Kojenerasyon Tesisi,4572,2026-05-31T05:00:00+03:00,05:00
40W000000060594Q,Nil Örme Çorlu Kojenerasyon Tesisi,unknown,2026-05-31 06:00:00+03:00,,0.0,chunk_0014.json,POST /v1/generation/data/dpp-bulk,2026-05-31 21:45:15.946013+00:00,60594,Nil Örme Çorlu Kojenerasyon Tesisi,4572,2026-05-31T06:00:00+03:00,06:00
40W000000060594Q,Nil Örme Çorlu Kojenerasyon Tesisi,unknown,2026-05-31 07:00:00+03:00,,0.0,chunk_0014.json,POST /v1/generation/data/dpp-bulk,2026-05-31 21:45:15.946013+00:00,60594,Nil Örme Çorlu Kojenerasyon Tesisi,4572,2026-05-31T07:00:00+03:00,07:00
40W000000060594Q,Nil Örme Çorlu Kojenerasyon Tesisi,unknown,2026-05-31 08:00:00+03:00,,0.0,chunk_0014.json,POST /v1/generation/data/dpp-bulk,2026-05-31 21:45:15.946013+00:00,60594,Nil Örme Çorlu Kojenerasyon Tesisi,4572,2026-05-31T08:00:00+03:00,08:00
40W000000060594Q,Nil Örme Çorlu Kojenerasyon Tesisi,unknown,2026-05-31 09:00:00+03:00,,0.0,chunk_0014.json,POST /v1/generation/data/dpp-bulk,2026-05-31 21:45:15.946013+00:00,60594,Nil Örme Çorlu Kojenerasyon Tesisi,4572,2026-05-31T09:00:00+03:00,09:00
40W000000060594Q,Nil Örme Çorlu Kojenerasyon Tesisi,unknown,2026-05-31 10:00:00+03:00,,0.0,chunk_0014.json,POST /v1/generation/data/dpp-bulk,2026-05-31 21:45:15.946013+00:00,60594,Nil Örme Çorlu Kojenerasyon Tesisi,4572,2026-05-31T10:00:00+03:00,10:00
40W000000060594Q,Nil Örme Çorlu Kojenerasyon Tesisi,unknown,2026-05-31 11:00:00+03:00,,0.0,chunk_0014.json,POST /v1/generation/data/dpp-bulk,2026-05-31 21:45:15.946013+00:00,60594,Nil Örme Çorlu Kojenerasyon Tesisi,4572,2026-05-31T11:00:00+03:00,11:00
40W000000060594Q,Nil Örme Çorlu Kojenerasyon Tesisi,unknown,2026-05-31 12:00:00+03:00,,0.0,chunk_0014.json,POST /v1/generation/data/dpp-bulk,2026-05-31 21:45:15.946013+00:00,60594,Nil Örme Çorlu Kojenerasyon Tesisi,4572,2026-05-31T12:00:00+03:00,12:00
40W000000060594Q,Nil Örme Çorlu Kojenerasyon Tesisi,unknown,2026-05-31 13:00:00+03:00,,0.0,chunk_0014.json,POST /v1/generation/data/dpp-bulk,2026-05-31 21:45:15.946013+00:00,60594,Nil Örme Çorlu Kojenerasyon Tesisi,4572,2026-05-31T13:00:00+03:00,13:00
40W000000060594Q,Nil Örme Çorlu Kojenerasyon Tesisi,unknown,2026-05-31 14:00:00+03:00,,0.0,chunk_0014.json,POST /v1/generation/data/dpp-bulk,2026-05-31 21:45:15.946013+00:00,60594,Nil Örme Çorlu Kojenerasyon Tesisi,4572,2026-05-31T14:00:00+03:00,14:00
40W000000060594Q,Nil Örme Çorlu Kojenerasyon Tesisi,unknown,2026-05-31 15:00:00+03:00,,0.0,chunk_0014.json,POST /v1/generation/data/dpp-bulk,2026-05-31 21:45:15.946013+00:00,60594,Nil Örme Çorlu Kojenerasyon Tesisi,4572,2026-05-31T15:00:00+03:00,15:00
40W000000060594Q,Nil Örme Çorlu Kojenerasyon Tesisi,unknown,2026-05-31 16:00:00+03:00,,0.0,chunk_0014.json,POST /v1/generation/data/dpp-bulk,2026-05-31 21:45:15.946013+00:00,60594,Nil Örme Çorlu Kojenerasyon Tesisi,4572,2026-05-31T16:00:00+03:00,16:00
40W000000060594Q,Nil Örme Çorlu Kojenerasyon Tesisi,unknown,2026-05-31 17:00:00+03:00,,0.0,chunk_0014.json,POST /v1/generation/data/dpp-bulk,2026-05-31 21:45:15.946013+00:00,60594,Nil Örme Çorlu Kojenerasyon Tesisi,4572,2026-05-31T17:00:00+03:00,17:00
40W000000060594Q,Nil Örme Çorlu Kojenerasyon Tesisi,unknown,2026-05-31 18:00:00+03:00,,0.0,chunk_0014.json,POST /v1/generation/data/dpp-bulk,2026-05-31 21:45:15.946013+00:00,60594,Nil Örme Çorlu Kojenerasyon Tesisi,4572,2026-05-31T18:00:00+03:00,18:00
40W000000060594Q,Nil Örme Çorlu Kojenerasyon Tesisi,unknown,2026-05-31 19:00:00+03:00,,0.0,chunk_0014.json,POST /v1/generation/data/dpp-bulk,2026-05-31 21:45:15.946013+00:00,60594,Nil Örme Çorlu Kojenerasyon Tesisi,4572,2026-05-31T19:00:00+03:00,19:00
40W000000060594Q,Nil Örme Çorlu Kojenerasyon Tesisi,unknown,2026-05-31 20:00:00+03:00,,0.0,chunk_0014.json,POST /v1/generation/data/dpp-bulk,2026-05-31 21:45:15.946013+00:00,60594,Nil Örme Çorlu Kojenerasyon Tesisi,4572,2026-05-31T20:00:00+03:00,20:00
40W000000060594Q,Nil Örme Çorlu Kojenerasyon Tesisi,unknown,2026-05-31 21:00:00+03:00,,0.0,chunk_0014.json,POST /v1/generation/data/dpp-bulk,2026-05-31 21:45:15.946013+00:00,60594,Nil Örme Çorlu Kojenerasyon Tesisi,4572,2026-05-31T21:00:00+03:00,21:00
40W000000060594Q,Nil Örme Çorlu Kojenerasyon Tesisi,unknown,2026-05-31 22:00:00+03:00,,0.0,chunk_0014.json,POST /v1/generation/data/dpp-bulk,2026-05-31 21:45:15.946013+00:00,60594,Nil Örme Çorlu Kojenerasyon Tesisi,4572,2026-05-31T22:00:00+03:00,22:00
40W000000060594Q,Nil Örme Çorlu Kojenerasyon Tesisi,unknown,2026-05-31 23:00:00+03:00,,0.0,chunk_0014.json,POST /v1/generation/data/dpp-bulk,2026-05-31 21:45:15.946013+00:00,60594,Nil Örme Çorlu Kojenerasyon Tesisi,4572,2026-05-31T23:00:00+03:00,23:00
40W000000053016K,KİLLİK RES,unknown,2026-05-31 00:00:00+03:00,,48.61,chunk_0014.json,POST /v1/generation/data/dpp-bulk,2026-05-31 21:45:15.946013+00:00,53016,KİLLİK RES,4711,2026-05-31T00:00:00+03:00,00:00
40W000000053016K,KİLLİK RES,unknown,2026-05-31 01:00:00+03:00,,45.64,chunk_0014.json,POST /v1/generation/data/dpp-bulk,2026-05-31 21:45:15.946013+00:00,53016,KİLLİK RES,4711,2026-05-31T01:00:00+03:00,01:00
40W000000053016K,KİLLİK RES,unknown,2026-05-31 02:00:00+03:00,,42.85,chunk_0014.json,POST /v1/generation/data/dpp-bulk,2026-05-31 21:45:15.946013+00:00,53016,KİLLİK RES,4711,2026-05-31T02:00:00+03:00,02:00
40W000000053016K,KİLLİK RES,unknown,2026-05-31 03:00:00+03:00,,50.66,chunk_0014.json,POST /v1/generation/data/dpp-bulk,2026-05-31 21:45:15.946013+00:00,53016,KİLLİK RES,4711,2026-05-31T03:00:00+03:00,03:00
40W000000053016K,KİLLİK RES,unknown,2026-05-31 04:00:00+03:00,,32.86,chunk_0014.json,POST /v1/generation/data/dpp-bulk,2026-05-31 21:45:15.946013+00:00,53016,KİLLİK RES,4711,2026-05-31T04:00:00+03:00,04:00
40W000000053016K,KİLLİK RES,unknown,2026-05-31 05:00:00+03:00,,29.15,chunk_0014.json,POST /v1/generation/data/dpp-bulk,2026-05-31 21:45:15.946013+00:00,53016,KİLLİK RES,4711,2026-05-31T05:00:00+03:00,05:00
40W000000053016K,KİLLİK RES,unknown,2026-05-31 06:00:00+03:00,,0.0,chunk_0014.json,POST /v1/generation/data/dpp-bulk,2026-05-31 21:45:15.946013+00:00,53016,KİLLİK RES,4711,2026-05-31T06:00:00+03:00,06:00
40W000000053016K,KİLLİK RES,unknown,2026-05-31 07:00:00+03:00,,0.0,chunk_0014.json,POST /v1/generation/data/dpp-bulk,2026-05-31 21:45:15.946013+00:00,53016,KİLLİK RES,4711,2026-05-31T07:00:00+03:00,07:00
40W000000053016K,KİLLİK RES,unknown,2026-05-31 08:00:00+03:00,,0.0,chunk_0014.json,POST /v1/generation/data/dpp-bulk,2026-05-31 21:45:15.946013+00:00,53016,KİLLİK RES,4711,2026-05-31T08:00:00+03:00,08:00
40W000000053016K,KİLLİK RES,unknown,2026-05-31 09:00:00+03:00,,0.0,chunk_0014.json,POST /v1/generation/data/dpp-bulk,2026-05-31 21:45:15.946013+00:00,53016,KİLLİK RES,4711,2026-05-31T09:00:00+03:00,09:00
40W000000053016K,KİLLİK RES,unknown,2026-05-31 10:00:00+03:00,,0.0,chunk_0014.json,POST /v1/generation/data/dpp-bulk,2026-05-31 21:45:15.946013+00:00,53016,KİLLİK RES,4711,2026-05-31T10:00:00+03:00,10:00
40W000000053016K,KİLLİK RES,unknown,2026-05-31 11:00:00+03:00,,0.0,chunk_0014.json,POST /v1/generation/data/dpp-bulk,2026-05-31 21:45:15.946013+00:00,53016,KİLLİK RES,4711,2026-05-31T11:00:00+03:00,11:00
40W000000053016K,KİLLİK RES,unknown,2026-05-31 12:00:00+03:00,,0.0,chunk_0014.json,POST /v1/generation/data/dpp-bulk,2026-05-31 21:45:15.946013+00:00,53016,KİLLİK RES,4711,2026-05-31T12:00:00+03:00,12:00
40W000000053016K,KİLLİK RES,unknown,2026-05-31 13:00:00+03:00,,0.0,chunk_0014.json,POST /v1/generation/data/dpp-bulk,2026-05-31 21:45:15.946013+00:00,53016,KİLLİK RES,4711,2026-05-31T13:00:00+03:00,13:00
40W000000053016K,KİLLİK RES,unknown,2026-05-31 14:00:00+03:00,,0.0,chunk_0014.json,POST /v1/generation/data/dpp-bulk,2026-05-31 21:45:15.946013+00:00,53016,KİLLİK RES,4711,2026-05-31T14:00:00+03:00,14:00
40W000000053016K,KİLLİK RES,unknown,2026-05-31 15:00:00+03:00,,0.0,chunk_0014.json,POST /v1/generation/data/dpp-bulk,2026-05-31 21:45:15.946013+00:00,53016,KİLLİK RES,4711,2026-05-31T15:00:00+03:00,15:00
40W000000053016K,KİLLİK RES,unknown,2026-05-31 16:00:00+03:00,,0.0,chunk_0014.json,POST /v1/generation/data/dpp-bulk,2026-05-31 21:45:15.946013+00:00,53016,KİLLİK RES,4711,2026-05-31T16:00:00+03:00,16:00
40W000000053016K,KİLLİK RES,unknown,2026-05-31 17:00:00+03:00,,0.0,chunk_0014.json,POST /v1/generation/data/dpp-bulk,2026-05-31 21:45:15.946013+00:00,53016,KİLLİK RES,4711,2026-05-31T17:00:00+03:00,17:00
40W000000053016K,KİLLİK RES,unknown,2026-05-31 18:00:00+03:00,,3.69,chunk_0014.json,POST /v1/generation/data/dpp-bulk,2026-05-31 21:45:15.946013+00:00,53016,KİLLİK RES,4711,2026-05-31T18:00:00+03:00,18:00
40W000000053016K,KİLLİK RES,unknown,2026-05-31 19:00:00+03:00,,4.61,chunk_0014.json,POST /v1/generation/data/dpp-bulk,2026-05-31 21:45:15.946013+00:00,53016,KİLLİK RES,4711,2026-05-31T19:00:00+03:00,19:00
40W000000053016K,KİLLİK RES,unknown,2026-05-31 20:00:00+03:00,,2.94,chunk_0014.json,POST /v1/generation/data/dpp-bulk,2026-05-31 21:45:15.946013+00:00,53016,KİLLİK RES,4711,2026-05-31T20:00:00+03:00,20:00
40W000000053016K,KİLLİK RES,unknown,2026-05-31 21:00:00+03:00,,11.58,chunk_0014.json,POST /v1/generation/data/dpp-bulk,2026-05-31 21:45:15.946013+00:00,53016,KİLLİK RES,4711,2026-05-31T21:00:00+03:00,21:00
40W000000053016K,KİLLİK RES,unknown,2026-05-31 22:00:00+03:00,,20.83,chunk_0014.json,POST /v1/generation/data/dpp-bulk,2026-05-31 21:45:15.946013+00:00,53016,KİLLİK RES,4711,2026-05-31T22:00:00+03:00,22:00
40W000000053016K,KİLLİK RES,unknown,2026-05-31 23:00:00+03:00,,23.54,chunk_0014.json,POST /v1/generation/data/dpp-bulk,2026-05-31 21:45:15.946013+00:00,53016,KİLLİK RES,4711,2026-05-31T23:00:00+03:00,23:00
40W0000000605541,Selva Gıda Sanayi Anonim Şirketi,unknown,2026-05-31 00:00:00+03:00,,0.0,chunk_0014.json,POST /v1/generation/data/dpp-bulk,2026-05-31 21:45:15.946013+00:00,60554,Selva Gıda Sanayi Anonim Şirketi,4769,2026-05-31T00:00:00+03:00,00:00
40W0000000605541,Selva Gıda Sanayi Anonim Şirketi,unknown,2026-05-31 01:00:00+03:00,,0.0,chunk_0014.json,POST /v1/generation/data/dpp-bulk,2026-05-31 21:45:15.946013+00:00,60554,Selva Gıda Sanayi Anonim Şirketi,4769,2026-05-31T01:00:00+03:00,01:00
40W0000000605541,Selva Gıda Sanayi Anonim Şirketi,unknown,2026-05-31 02:00:00+03:00,,0.0,chunk_0014.json,POST /v1/generation/data/dpp-bulk,2026-05-31 21:45:15.946013+00:00,60554,Selva Gıda Sanayi Anonim Şirketi,4769,2026-05-31T02:00:00+03:00,02:00
40W0000000605541,Selva Gıda Sanayi Anonim Şirketi,unknown,2026-05-31 03:00:00+03:00,,0.0,chunk_0014.json,POST /v1/generation/data/dpp-bulk,2026-05-31 21:45:15.946013+00:00,60554,Selva Gıda Sanayi Anonim Şirketi,4769,2026-05-31T03:00:00+03:00,03:00
40W0000000605541,Selva Gıda Sanayi Anonim Şirketi,unknown,2026-05-31 04:00:00+03:00,,0.0,chunk_0014.json,POST /v1/generation/data/dpp-bulk,2026-05-31 21:45:15.946013+00:00,60554,Selva Gıda Sanayi Anonim Şirketi,4769,2026-05-31T04:00:00+03:00,04:00
40W0000000605541,Selva Gıda Sanayi Anonim Şirketi,unknown,2026-05-31 05:00:00+03:00,,0.0,chunk_0014.json,POST /v1/generation/data/dpp-bulk,2026-05-31 21:45:15.946013+00:00,60554,Selva Gıda Sanayi Anonim Şirketi,4769,2026-05-31T05:00:00+03:00,05:00
40W0000000605541,Selva Gıda Sanayi Anonim Şirketi,unknown,2026-05-31 06:00:00+03:00,,0.0,chunk_0014.json,POST /v1/generation/data/dpp-bulk,2026-05-31 21:45:15.946013+00:00,60554,Selva Gıda Sanayi Anonim Şirketi,4769,2026-05-31T06:00:00+03:00,06:00
40W0000000605541,Selva Gıda Sanayi Anonim Şirketi,unknown,2026-05-31 07:00:00+03:00,,0.0,chunk_0014.json,POST /v1/generation/data/dpp-bulk,2026-05-31 21:45:15.946013+00:00,60554,Selva Gıda Sanayi Anonim Şirketi,4769,2026-05-31T07:00:00+03:00,07:00
40W0000000605541,Selva Gıda Sanayi Anonim Şirketi,unknown,2026-05-31 08:00:00+03:00,,0.0,chunk_0014.json,POST /v1/generation/data/dpp-bulk,2026-05-31 21:45:15.946013+00:00,60554,Selva Gıda Sanayi Anonim Şirketi,4769,2026-05-31T08:00:00+03:00,08:00
40W0000000605541,Selva Gıda Sanayi Anonim Şirketi,unknown,2026-05-31 09:00:00+03:00,,0.0,chunk_0014.json,POST /v1/generation/data/dpp-bulk,2026-05-31 21:45:15.946013+00:00,60554,Selva Gıda Sanayi Anonim Şirketi,4769,2026-05-31T09:00:00+03:00,09:00
40W0000000605541,Selva Gıda Sanayi Anonim Şirketi,unknown,2026-05-31 10:00:00+03:00,,0.0,chunk_0014.json,POST /v1/generation/data/dpp-bulk,2026-05-31 21:45:15.946013+00:00,60554,Selva Gıda Sanayi Anonim Şirketi,4769,2026-05-31T10:00:00+03:00,10:00
40W0000000605541,Selva Gıda Sanayi Anonim Şirketi,unknown,2026-05-31 11:00:00+03:00,,0.0,chunk_0014.json,POST /v1/generation/data/dpp-bulk,2026-05-31 21:45:15.946013+00:00,60554,Selva Gıda Sanayi Anonim Şirketi,4769,2026-05-31T11:00:00+03:00,11:00
40W0000000605541,Selva Gıda Sanayi Anonim Şirketi,unknown,2026-05-31 12:00:00+03:00,,0.0,chunk_0014.json,POST /v1/generation/data/dpp-bulk,2026-05-31 21:45:15.946013+00:00,60554,Selva Gıda Sanayi Anonim Şirketi,4769,2026-05-31T12:00:00+03:00,12:00
40W0000000605541,Selva Gıda Sanayi Anonim Şirketi,unknown,2026-05-31 13:00:00+03:00,,0.0,chunk_0014.json,POST /v1/generation/data/dpp-bulk,2026-05-31 21:45:15.946013+00:00,60554,Selva Gıda Sanayi Anonim Şirketi,4769,2026-05-31T13:00:00+03:00,13:00
40W0000000605541,Selva Gıda Sanayi Anonim Şirketi,unknown,2026-05-31 14:00:00+03:00,,0.0,chunk_0014.json,POST /v1/generation/data/dpp-bulk,2026-05-31 21:45:15.946013+00:00,60554,Selva Gıda Sanayi Anonim Şirketi,4769,2026-05-31T14:00:00+03:00,14:00
40W0000000605541,Selva Gıda Sanayi Anonim Şirketi,unknown,2026-05-31 15:00:00+03:00,,0.0,chunk_0014.json,POST /v1/generation/data/dpp-bulk,2026-05-31 21:45:15.946013+00:00,60554,Selva Gıda Sanayi Anonim Şirketi,4769,2026-05-31T15:00:00+03:00,15:00
40W0000000605541,Selva Gıda Sanayi Anonim Şirketi,unknown,2026-05-31 16:00:00+03:00,,0.0,chunk_0014.json,POST /v1/generation/data/dpp-bulk,2026-05-31 21:45:15.946013+00:00,60554,Selva Gıda Sanayi Anonim Şirketi,4769,2026-05-31T16:00:00+03:00,16:00
40W0000000605541,Selva Gıda Sanayi Anonim Şirketi,unknown,2026-05-31 17:00:00+03:00,,0.0,chunk_0014.json,POST /v1/generation/data/dpp-bulk,2026-05-31 21:45:15.946013+00:00,60554,Selva Gıda Sanayi Anonim Şirketi,4769,2026-05-31T17:00:00+03:00,17:00
40W0000000605541,Selva Gıda Sanayi Anonim Şirketi,unknown,2026-05-31 18:00:00+03:00,,0.0,chunk_0014.json,POST /v1/generation/data/dpp-bulk,2026-05-31 21:45:15.946013+00:00,60554,Selva Gıda Sanayi Anonim Şirketi,4769,2026-05-31T18:00:00+03:00,18:00
40W0000000605541,Selva Gıda Sanayi Anonim Şirketi,unknown,2026-05-31 19:00:00+03:00,,0.0,chunk_0014.json,POST /v1/generation/data/dpp-bulk,2026-05-31 21:45:15.946013+00:00,60554,Selva Gıda Sanayi Anonim Şirketi,4769,2026-05-31T19:00:00+03:00,19:00
40W0000000605541,Selva Gıda Sanayi Anonim Şirketi,unknown,2026-05-31 20:00:00+03:00,,0.0,chunk_0014.json,POST /v1/generation/data/dpp-bulk,2026-05-31 21:45:15.946013+00:00,60554,Selva Gıda Sanayi Anonim Şirketi,4769,2026-05-31T20:00:00+03:00,20:00
40W0000000605541,Selva Gıda Sanayi Anonim Şirketi,unknown,2026-05-31 21:00:00+03:00,,0.0,chunk_0014.json,POST /v1/generation/data/dpp-bulk,2026-05-31 21:45:15.946013+00:00,60554,Selva Gıda Sanayi Anonim Şirketi,4769,2026-05-31T21:00:00+03:00,21:00
40W0000000605541,Selva Gıda Sanayi Anonim Şirketi,unknown,2026-05-31 22:00:00+03:00,,0.0,chunk_0014.json,POST /v1/generation/data/dpp-bulk,2026-05-31 21:45:15.946013+00:00,60554,Selva Gıda Sanayi Anonim Şirketi,4769,2026-05-31T22:00:00+03:00,22:00
40W0000000605541,Selva Gıda Sanayi Anonim Şirketi,unknown,2026-05-31 23:00:00+03:00,,0.0,chunk_0014.json,POST /v1/generation/data/dpp-bulk,2026-05-31 21:45:15.946013+00:00,60554,Selva Gıda Sanayi Anonim Şirketi,4769,2026-05-31T23:00:00+03:00,23:00
40W0000000606343,MURATLI REG. ve HES(ARMAHES ELK.),unknown,2026-05-31 00:00:00+03:00,,34.0,chunk_0014.json,POST /v1/generation/data/dpp-bulk,2026-05-31 21:45:15.946013+00:00,60634,MURATLI REG. ve HES(ARMAHES ELK.),4792,2026-05-31T00:00:00+03:00,00:00
40W0000000606343,MURATLI REG. ve HES(ARMAHES ELK.),unknown,2026-05-31 01:00:00+03:00,,34.0,chunk_0014.json,POST /v1/generation/data/dpp-bulk,2026-05-31 21:45:15.946013+00:00,60634,MURATLI REG. ve HES(ARMAHES ELK.),4792,2026-05-31T01:00:00+03:00,01:00
40W0000000606343,MURATLI REG. ve HES(ARMAHES ELK.),unknown,2026-05-31 02:00:00+03:00,,34.0,chunk_0014.json,POST /v1/generation/data/dpp-bulk,2026-05-31 21:45:15.946013+00:00,60634,MURATLI REG. ve HES(ARMAHES ELK.),4792,2026-05-31T02:00:00+03:00,02:00
40W0000000606343,MURATLI REG. ve HES(ARMAHES ELK.),unknown,2026-05-31 03:00:00+03:00,,20.0,chunk_0014.json,POST /v1/generation/data/dpp-bulk,2026-05-31 21:45:15.946013+00:00,60634,MURATLI REG. ve HES(ARMAHES ELK.),4792,2026-05-31T03:00:00+03:00,03:00
40W0000000606343,MURATLI REG. ve HES(ARMAHES ELK.),unknown,2026-05-31 04:00:00+03:00,,0.0,chunk_0014.json,POST /v1/generation/data/dpp-bulk,2026-05-31 21:45:15.946013+00:00,60634,MURATLI REG. ve HES(ARMAHES ELK.),4792,2026-05-31T04:00:00+03:00,04:00
40W0000000606343,MURATLI REG. ve HES(ARMAHES ELK.),unknown,2026-05-31 05:00:00+03:00,,0.0,chunk_0014.json,POST /v1/generation/data/dpp-bulk,2026-05-31 21:45:15.946013+00:00,60634,MURATLI REG. ve HES(ARMAHES ELK.),4792,2026-05-31T05:00:00+03:00,05:00
40W0000000606343,MURATLI REG. ve HES(ARMAHES ELK.),unknown,2026-05-31 06:00:00+03:00,,0.0,chunk_0014.json,POST /v1/generation/data/dpp-bulk,2026-05-31 21:45:15.946013+00:00,60634,MURATLI REG. ve HES(ARMAHES ELK.),4792,2026-05-31T06:00:00+03:00,06:00
40W0000000606343,MURATLI REG. ve HES(ARMAHES ELK.),unknown,2026-05-31 07:00:00+03:00,,0.0,chunk_0014.json,POST /v1/generation/data/dpp-bulk,2026-05-31 21:45:15.946013+00:00,60634,MURATLI REG. ve HES(ARMAHES ELK.),4792,2026-05-31T07:00:00+03:00,07:00
40W0000000606343,MURATLI REG. ve HES(ARMAHES ELK.),unknown,2026-05-31 08:00:00+03:00,,0.0,chunk_0014.json,POST /v1/generation/data/dpp-bulk,2026-05-31 21:45:15.946013+00:00,60634,MURATLI REG. ve HES(ARMAHES ELK.),4792,2026-05-31T08:00:00+03:00,08:00
40W0000000606343,MURATLI REG. ve HES(ARMAHES ELK.),unknown,2026-05-31 09:00:00+03:00,,0.0,chunk_0014.json,POST /v1/generation/data/dpp-bulk,2026-05-31 21:45:15.946013+00:00,60634,MURATLI REG. ve HES(ARMAHES ELK.),4792,2026-05-31T09:00:00+03:00,09:00
40W0000000606343,MURATLI REG. ve HES(ARMAHES ELK.),unknown,2026-05-31 10:00:00+03:00,,0.0,chunk_0014.json,POST /v1/generation/data/dpp-bulk,2026-05-31 21:45:15.946013+00:00,60634,MURATLI REG. ve HES(ARMAHES ELK.),4792,2026-05-31T10:00:00+03:00,10:00
40W0000000606343,MURATLI REG. ve HES(ARMAHES ELK.),unknown,2026-05-31 11:00:00+03:00,,0.0,chunk_0014.json,POST /v1/generation/data/dpp-bulk,2026-05-31 21:45:15.946013+00:00,60634,MURATLI REG. ve HES(ARMAHES ELK.),4792,2026-05-31T11:00:00+03:00,11:00
40W0000000606343,MURATLI REG. ve HES(ARMAHES ELK.),unknown,2026-05-31 12:00:00+03:00,,0.0,chunk_0014.json,POST /v1/generation/data/dpp-bulk,2026-05-31 21:45:15.946013+00:00,60634,MURATLI REG. ve HES(ARMAHES ELK.),4792,2026-05-31T12:00:00+03:00,12:00
40W0000000606343,MURATLI REG. ve HES(ARMAHES ELK.),unknown,2026-05-31 13:00:00+03:00,,0.0,chunk_0014.json,POST /v1/generation/data/dpp-bulk,2026-05-31 21:45:15.946013+00:00,60634,MURATLI REG. ve HES(ARMAHES ELK.),4792,2026-05-31T13:00:00+03:00,13:00
40W0000000606343,MURATLI REG. ve HES(ARMAHES ELK.),unknown,2026-05-31 14:00:00+03:00,,0.0,chunk_0014.json,POST /v1/generation/data/dpp-bulk,2026-05-31 21:45:15.946013+00:00,60634,MURATLI REG. ve HES(ARMAHES ELK.),4792,2026-05-31T14:00:00+03:00,14:00
40W0000000606343,MURATLI REG. ve HES(ARMAHES ELK.),unknown,2026-05-31 15:00:00+03:00,,0.0,chunk_0014.json,POST /v1/generation/data/dpp-bulk,2026-05-31 21:45:15.946013+00:00,60634,MURATLI REG. ve HES(ARMAHES ELK.),4792,2026-05-31T15:00:00+03:00,15:00
40W0000000606343,MURATLI REG. ve HES(ARMAHES ELK.),unknown,2026-05-31 16:00:00+03:00,,0.0,chunk_0014.json,POST /v1/generation/data/dpp-bulk,2026-05-31 21:45:15.946013+00:00,60634,MURATLI REG. ve HES(ARMAHES ELK.),4792,2026-05-31T16:00:00+03:00,16:00
40W0000000606343,MURATLI REG. ve HES(ARMAHES ELK.),unknown,2026-05-31 17:00:00+03:00,,0.0,chunk_0014.json,POST /v1/generation/data/dpp-bulk,2026-05-31 21:45:15.946013+00:00,60634,MURATLI REG. ve HES(ARMAHES ELK.),4792,2026-05-31T17:00:00+03:00,17:00
40W0000000606343,MURATLI REG. ve HES(ARMAHES ELK.),unknown,2026-05-31 18:00:00+03:00,,0.0,chunk_0014.json,POST /v1/generation/data/dpp-bulk,2026-05-31 21:45:15.946013+00:00,60634,MURATLI REG. ve HES(ARMAHES ELK.),4792,2026-05-31T18:00:00+03:00,18:00
40W0000000606343,MURATLI REG. ve HES(ARMAHES ELK.),unknown,2026-05-31 19:00:00+03:00,,18.0,chunk_0014.json,POST /v1/generation/data/dpp-bulk,2026-05-31 21:45:15.946013+00:00,60634,MURATLI REG. ve HES(ARMAHES ELK.),4792,2026-05-31T19:00:00+03:00,19:00
40W0000000606343,MURATLI REG. ve HES(ARMAHES ELK.),unknown,2026-05-31 20:00:00+03:00,,34.0,chunk_0014.json,POST /v1/generation/data/dpp-bulk,2026-05-31 21:45:15.946013+00:00,60634,MURATLI REG. ve HES(ARMAHES ELK.),4792,2026-05-31T20:00:00+03:00,20:00
40W0000000606343,MURATLI REG. ve HES(ARMAHES ELK.),unknown,2026-05-31 21:00:00+03:00,,34.0,chunk_0014.json,POST /v1/generation/data/dpp-bulk,2026-05-31 21:45:15.946013+00:00,60634,MURATLI REG. ve HES(ARMAHES ELK.),4792,2026-05-31T21:00:00+03:00,21:00
40W0000000606343,MURATLI REG. ve HES(ARMAHES ELK.),unknown,2026-05-31 22:00:00+03:00,,34.0,chunk_0014.json,POST /v1/generation/data/dpp-bulk,2026-05-31 21:45:15.946013+00:00,60634,MURATLI REG. ve HES(ARMAHES ELK.),4792,2026-05-31T22:00:00+03:00,22:00
40W0000000606343,MURATLI REG. ve HES(ARMAHES ELK.),unknown,2026-05-31 23:00:00+03:00,,34.0,chunk_0014.json,POST /v1/generation/data/dpp-bulk,2026-05-31 21:45:15.946013+00:00,60634,MURATLI REG. ve HES(ARMAHES ELK.),4792,2026-05-31T23:00:00+03:00,23:00
40W000000060679I,KNAUF AHİBOZ-2,unknown,2026-05-31 00:00:00+03:00,,0.0,chunk_0014.json,POST /v1/generation/data/dpp-bulk,2026-05-31 21:45:15.946013+00:00,60679,KNAUF AHİBOZ-2,4811,2026-05-31T00:00:00+03:00,00:00
40W000000060679I,KNAUF AHİBOZ-2,unknown,2026-05-31 01:00:00+03:00,,0.0,chunk_0014.json,POST /v1/generation/data/dpp-bulk,2026-05-31 21:45:15.946013+00:00,60679,KNAUF AHİBOZ-2,4811,2026-05-31T01:00:00+03:00,01:00
40W000000060679I,KNAUF AHİBOZ-2,unknown,2026-05-31 02:00:00+03:00,,0.0,chunk_0014.json,POST /v1/generation/data/dpp-bulk,2026-05-31 21:45:15.946013+00:00,60679,KNAUF AHİBOZ-2,4811,2026-05-31T02:00:00+03:00,02:00
40W000000060679I,KNAUF AHİBOZ-2,unknown,2026-05-31 03:00:00+03:00,,0.0,chunk_0014.json,POST /v1/generation/data/dpp-bulk,2026-05-31 21:45:15.946013+00:00,60679,KNAUF AHİBOZ-2,4811,2026-05-31T03:00:00+03:00,03:00
40W000000060679I,KNAUF AHİBOZ-2,unknown,2026-05-31 04:00:00+03:00,,0.0,chunk_0014.json,POST /v1/generation/data/dpp-bulk,2026-05-31 21:45:15.946013+00:00,60679,KNAUF AHİBOZ-2,4811,2026-05-31T04:00:00+03:00,04:00
40W000000060679I,KNAUF AHİBOZ-2,unknown,2026-05-31 05:00:00+03:00,,0.0,chunk_0014.json,POST /v1/generation/data/dpp-bulk,2026-05-31 21:45:15.946013+00:00,60679,KNAUF AHİBOZ-2,4811,2026-05-31T05:00:00+03:00,05:00
40W000000060679I,KNAUF AHİBOZ-2,unknown,2026-05-31 06:00:00+03:00,,0.0,chunk_0014.json,POST /v1/generation/data/dpp-bulk,2026-05-31 21:45:15.946013+00:00,60679,KNAUF AHİBOZ-2,4811,2026-05-31T06:00:00+03:00,06:00
40W000000060679I,KNAUF AHİBOZ-2,unknown,2026-05-31 07:00:00+03:00,,0.0,chunk_0014.json,POST /v1/generation/data/dpp-bulk,2026-05-31 21:45:15.946013+00:00,60679,KNAUF AHİBOZ-2,4811,2026-05-31T07:00:00+03:00,07:00
40W000000060679I,KNAUF AHİBOZ-2,unknown,2026-05-31 08:00:00+03:00,,0.0,chunk_0014.json,POST /v1/generation/data/dpp-bulk,2026-05-31 21:45:15.946013+00:00,60679,KNAUF AHİBOZ-2,4811,2026-05-31T08:00:00+03:00,08:00
40W000000060679I,KNAUF AHİBOZ-2,unknown,2026-05-31 09:00:00+03:00,,0.0,chunk_0014.json,POST /v1/generation/data/dpp-bulk,2026-05-31 21:45:15.946013+00:00,60679,KNAUF AHİBOZ-2,4811,2026-05-31T09:00:00+03:00,09:00
40W000000060679I,KNAUF AHİBOZ-2,unknown,2026-05-31 10:00:00+03:00,,0.0,chunk_0014.json,POST /v1/generation/data/dpp-bulk,2026-05-31 21:45:15.946013+00:00,60679,KNAUF AHİBOZ-2,4811,2026-05-31T10:00:00+03:00,10:00
40W000000060679I,KNAUF AHİBOZ-2,unknown,2026-05-31 11:00:00+03:00,,0.0,chunk_0014.json,POST /v1/generation/data/dpp-bulk,2026-05-31 21:45:15.946013+00:00,60679,KNAUF AHİBOZ-2,4811,2026-05-31T11:00:00+03:00,11:00
40W000000060679I,KNAUF AHİBOZ-2,unknown,2026-05-31 12:00:00+03:00,,0.0,chunk_0014.json,POST /v1/generation/data/dpp-bulk,2026-05-31 21:45:15.946013+00:00,60679,KNAUF AHİBOZ-2,4811,2026-05-31T12:00:00+03:00,12:00
40W000000060679I,KNAUF AHİBOZ-2,unknown,2026-05-31 13:00:00+03:00,,0.0,chunk_0014.json,POST /v1/generation/data/dpp-bulk,2026-05-31 21:45:15.946013+00:00,60679,KNAUF AHİBOZ-2,4811,2026-05-31T13:00:00+03:00,13:00
40W000000060679I,KNAUF AHİBOZ-2,unknown,2026-05-31 14:00:00+03:00,,0.0,chunk_0014.json,POST /v1/generation/data/dpp-bulk,2026-05-31 21:45:15.946013+00:00,60679,KNAUF AHİBOZ-2,4811,2026-05-31T14:00:00+03:00,14:00
40W000000060679I,KNAUF AHİBOZ-2,unknown,2026-05-31 15:00:00+03:00,,0.0,chunk_0014.json,POST /v1/generation/data/dpp-bulk,2026-05-31 21:45:15.946013+00:00,60679,KNAUF AHİBOZ-2,4811,2026-05-31T15:00:00+03:00,15:00
40W000000060679I,KNAUF AHİBOZ-2,unknown,2026-05-31 16:00:00+03:00,,0.0,chunk_0014.json,POST /v1/generation/data/dpp-bulk,2026-05-31 21:45:15.946013+00:00,60679,KNAUF AHİBOZ-2,4811,2026-05-31T16:00:00+03:00,16:00
40W000000060679I,KNAUF AHİBOZ-2,unknown,2026-05-31 17:00:00+03:00,,0.0,chunk_0014.json,POST /v1/generation/data/dpp-bulk,2026-05-31 21:45:15.946013+00:00,60679,KNAUF AHİBOZ-2,4811,2026-05-31T17:00:00+03:00,17:00
40W000000060679I,KNAUF AHİBOZ-2,unknown,2026-05-31 18:00:00+03:00,,0.0,chunk_0014.json,POST /v1/generation/data/dpp-bulk,2026-05-31 21:45:15.946013+00:00,60679,KNAUF AHİBOZ-2,4811,2026-05-31T18:00:00+03:00,18:00
40W000000060679I,KNAUF AHİBOZ-2,unknown,2026-05-31 19:00:00+03:00,,0.0,chunk_0014.json,POST /v1/generation/data/dpp-bulk,2026-05-31 21:45:15.946013+00:00,60679,KNAUF AHİBOZ-2,4811,2026-05-31T19:00:00+03:00,19:00
40W000000060679I,KNAUF AHİBOZ-2,unknown,2026-05-31 20:00:00+03:00,,0.0,chunk_0014.json,POST /v1/generation/data/dpp-bulk,2026-05-31 21:45:15.946013+00:00,60679,KNAUF AHİBOZ-2,4811,2026-05-31T20:00:00+03:00,20:00
40W000000060679I,KNAUF AHİBOZ-2,unknown,2026-05-31 21:00:00+03:00,,0.0,chunk_0014.json,POST /v1/generation/data/dpp-bulk,2026-05-31 21:45:15.946013+00:00,60679,KNAUF AHİBOZ-2,4811,2026-05-31T21:00:00+03:00,21:00
40W000000060679I,KNAUF AHİBOZ-2,unknown,2026-05-31 22:00:00+03:00,,0.0,chunk_0014.json,POST /v1/generation/data/dpp-bulk,2026-05-31 21:45:15.946013+00:00,60679,KNAUF AHİBOZ-2,4811,2026-05-31T22:00:00+03:00,22:00
40W000000060679I,KNAUF AHİBOZ-2,unknown,2026-05-31 23:00:00+03:00,,0.0,chunk_0014.json,POST /v1/generation/data/dpp-bulk,2026-05-31 21:45:15.946013+00:00,60679,KNAUF AHİBOZ-2,4811,2026-05-31T23:00:00+03:00,23:00
40W000000052384X,ÇANAKÇI REG. ve HES,unknown,2026-05-31 00:00:00+03:00,,6.0,chunk_0014.json,POST /v1/generation/data/dpp-bulk,2026-05-31 21:45:15.946013+00:00,52384,ÇANAKÇI REG. ve HES,7842,2026-05-31T00:00:00+03:00,00:00
40W000000052384X,ÇANAKÇI REG. ve HES,unknown,2026-05-31 01:00:00+03:00,,6.0,chunk_0014.json,POST /v1/generation/data/dpp-bulk,2026-05-31 21:45:15.946013+00:00,52384,ÇANAKÇI REG. ve HES,7842,2026-05-31T01:00:00+03:00,01:00
40W000000052384X,ÇANAKÇI REG. ve HES,unknown,2026-05-31 02:00:00+03:00,,0.0,chunk_0014.json,POST /v1/generation/data/dpp-bulk,2026-05-31 21:45:15.946013+00:00,52384,ÇANAKÇI REG. ve HES,7842,2026-05-31T02:00:00+03:00,02:00
40W000000052384X,ÇANAKÇI REG. ve HES,unknown,2026-05-31 03:00:00+03:00,,0.0,chunk_0014.json,POST /v1/generation/data/dpp-bulk,2026-05-31 21:45:15.946013+00:00,52384,ÇANAKÇI REG. ve HES,7842,2026-05-31T03:00:00+03:00,03:00
40W000000052384X,ÇANAKÇI REG. ve HES,unknown,2026-05-31 04:00:00+03:00,,0.0,chunk_0014.json,POST /v1/generation/data/dpp-bulk,2026-05-31 21:45:15.946013+00:00,52384,ÇANAKÇI REG. ve HES,7842,2026-05-31T04:00:00+03:00,04:00
40W000000052384X,ÇANAKÇI REG. ve HES,unknown,2026-05-31 05:00:00+03:00,,0.0,chunk_0014.json,POST /v1/generation/data/dpp-bulk,2026-05-31 21:45:15.946013+00:00,52384,ÇANAKÇI REG. ve HES,7842,2026-05-31T05:00:00+03:00,05:00
40W000000052384X,ÇANAKÇI REG. ve HES,unknown,2026-05-31 06:00:00+03:00,,0.0,chunk_0014.json,POST /v1/generation/data/dpp-bulk,2026-05-31 21:45:15.946013+00:00,52384,ÇANAKÇI REG. ve HES,7842,2026-05-31T06:00:00+03:00,06:00
40W000000052384X,ÇANAKÇI REG. ve HES,unknown,2026-05-31 07:00:00+03:00,,0.0,chunk_0014.json,POST /v1/generation/data/dpp-bulk,2026-05-31 21:45:15.946013+00:00,52384,ÇANAKÇI REG. ve HES,7842,2026-05-31T07:00:00+03:00,07:00
40W000000052384X,ÇANAKÇI REG. ve HES,unknown,2026-05-31 08:00:00+03:00,,0.0,chunk_0014.json,POST /v1/generation/data/dpp-bulk,2026-05-31 21:45:15.946013+00:00,52384,ÇANAKÇI REG. ve HES,7842,2026-05-31T08:00:00+03:00,08:00
40W000000052384X,ÇANAKÇI REG. ve HES,unknown,2026-05-31 09:00:00+03:00,,0.0,chunk_0014.json,POST /v1/generation/data/dpp-bulk,2026-05-31 21:45:15.946013+00:00,52384,ÇANAKÇI REG. ve HES,7842,2026-05-31T09:00:00+03:00,09:00
40W000000052384X,ÇANAKÇI REG. ve HES,unknown,2026-05-31 10:00:00+03:00,,0.0,chunk_0014.json,POST /v1/generation/data/dpp-bulk,2026-05-31 21:45:15.946013+00:00,52384,ÇANAKÇI REG. ve HES,7842,2026-05-31T10:00:00+03:00,10:00
40W000000052384X,ÇANAKÇI REG. ve HES,unknown,2026-05-31 11:00:00+03:00,,0.0,chunk_0014.json,POST /v1/generation/data/dpp-bulk,2026-05-31 21:45:15.946013+00:00,52384,ÇANAKÇI REG. ve HES,7842,2026-05-31T11:00:00+03:00,11:00
40W000000052384X,ÇANAKÇI REG. ve HES,unknown,2026-05-31 12:00:00+03:00,,0.0,chunk_0014.json,POST /v1/generation/data/dpp-bulk,2026-05-31 21:45:15.946013+00:00,52384,ÇANAKÇI REG. ve HES,7842,2026-05-31T12:00:00+03:00,12:00
40W000000052384X,ÇANAKÇI REG. ve HES,unknown,2026-05-31 13:00:00+03:00,,0.0,chunk_0014.json,POST /v1/generation/data/dpp-bulk,2026-05-31 21:45:15.946013+00:00,52384,ÇANAKÇI REG. ve HES,7842,2026-05-31T13:00:00+03:00,13:00
40W000000052384X,ÇANAKÇI REG. ve HES,unknown,2026-05-31 14:00:00+03:00,,0.0,chunk_0014.json,POST /v1/generation/data/dpp-bulk,2026-05-31 21:45:15.946013+00:00,52384,ÇANAKÇI REG. ve HES,7842,2026-05-31T14:00:00+03:00,14:00
40W000000052384X,ÇANAKÇI REG. ve HES,unknown,2026-05-31 15:00:00+03:00,,0.0,chunk_0014.json,POST /v1/generation/data/dpp-bulk,2026-05-31 21:45:15.946013+00:00,52384,ÇANAKÇI REG. ve HES,7842,2026-05-31T15:00:00+03:00,15:00
40W000000052384X,ÇANAKÇI REG. ve HES,unknown,2026-05-31 16:00:00+03:00,,0.0,chunk_0014.json,POST /v1/generation/data/dpp-bulk,2026-05-31 21:45:15.946013+00:00,52384,ÇANAKÇI REG. ve HES,7842,2026-05-31T16:00:00+03:00,16:00
40W000000052384X,ÇANAKÇI REG. ve HES,unknown,2026-05-31 17:00:00+03:00,,0.0,chunk_0014.json,POST /v1/generation/data/dpp-bulk,2026-05-31 21:45:15.946013+00:00,52384,ÇANAKÇI REG. ve HES,7842,2026-05-31T17:00:00+03:00,17:00
40W000000052384X,ÇANAKÇI REG. ve HES,unknown,2026-05-31 18:00:00+03:00,,0.0,chunk_0014.json,POST /v1/generation/data/dpp-bulk,2026-05-31 21:45:15.946013+00:00,52384,ÇANAKÇI REG. ve HES,7842,2026-05-31T18:00:00+03:00,18:00
40W000000052384X,ÇANAKÇI REG. ve HES,unknown,2026-05-31 19:00:00+03:00,,6.0,chunk_0014.json,POST /v1/generation/data/dpp-bulk,2026-05-31 21:45:15.946013+00:00,52384,ÇANAKÇI REG. ve HES,7842,2026-05-31T19:00:00+03:00,19:00
40W000000052384X,ÇANAKÇI REG. ve HES,unknown,2026-05-31 20:00:00+03:00,,6.0,chunk_0014.json,POST /v1/generation/data/dpp-bulk,2026-05-31 21:45:15.946013+00:00,52384,ÇANAKÇI REG. ve HES,7842,2026-05-31T20:00:00+03:00,20:00
40W000000052384X,ÇANAKÇI REG. ve HES,unknown,2026-05-31 21:00:00+03:00,,8.9,chunk_0014.json,POST /v1/generation/data/dpp-bulk,2026-05-31 21:45:15.946013+00:00,52384,ÇANAKÇI REG. ve HES,7842,2026-05-31T21:00:00+03:00,21:00
40W000000052384X,ÇANAKÇI REG. ve HES,unknown,2026-05-31 22:00:00+03:00,,8.9,chunk_0014.json,POST /v1/generation/data/dpp-bulk,2026-05-31 21:45:15.946013+00:00,52384,ÇANAKÇI REG. ve HES,7842,2026-05-31T22:00:00+03:00,22:00
40W000000052384X,ÇANAKÇI REG. ve HES,unknown,2026-05-31 23:00:00+03:00,,8.9,chunk_0014.json,POST /v1/generation/data/dpp-bulk,2026-05-31 21:45:15.946013+00:00,52384,ÇANAKÇI REG. ve HES,7842,2026-05-31T23:00:00+03:00,23:00
40W000000051590Z,YEDİGÖL HES,unknown,2026-05-31 00:00:00+03:00,,21.7,chunk_0014.json,POST /v1/generation/data/dpp-bulk,2026-05-31 21:45:15.946013+00:00,51590,YEDİGÖL HES,20680,2026-05-31T00:00:00+03:00,00:00
40W000000051590Z,YEDİGÖL HES,unknown,2026-05-31 01:00:00+03:00,,21.7,chunk_0014.json,POST /v1/generation/data/dpp-bulk,2026-05-31 21:45:15.946013+00:00,51590,YEDİGÖL HES,20680,2026-05-31T01:00:00+03:00,01:00
40W000000051590Z,YEDİGÖL HES,unknown,2026-05-31 02:00:00+03:00,,21.7,chunk_0014.json,POST /v1/generation/data/dpp-bulk,2026-05-31 21:45:15.946013+00:00,51590,YEDİGÖL HES,20680,2026-05-31T02:00:00+03:00,02:00
40W000000051590Z,YEDİGÖL HES,unknown,2026-05-31 03:00:00+03:00,,21.7,chunk_0014.json,POST /v1/generation/data/dpp-bulk,2026-05-31 21:45:15.946013+00:00,51590,YEDİGÖL HES,20680,2026-05-31T03:00:00+03:00,03:00
40W000000051590Z,YEDİGÖL HES,unknown,2026-05-31 04:00:00+03:00,,21.7,chunk_0014.json,POST /v1/generation/data/dpp-bulk,2026-05-31 21:45:15.946013+00:00,51590,YEDİGÖL HES,20680,2026-05-31T04:00:00+03:00,04:00
40W000000051590Z,YEDİGÖL HES,unknown,2026-05-31 05:00:00+03:00,,21.8,chunk_0014.json,POST /v1/generation/data/dpp-bulk,2026-05-31 21:45:15.946013+00:00,51590,YEDİGÖL HES,20680,2026-05-31T05:00:00+03:00,05:00
40W000000051590Z,YEDİGÖL HES,unknown,2026-05-31 06:00:00+03:00,,10.0,chunk_0014.json,POST /v1/generation/data/dpp-bulk,2026-05-31 21:45:15.946013+00:00,51590,YEDİGÖL HES,20680,2026-05-31T06:00:00+03:00,06:00
40W000000051590Z,YEDİGÖL HES,unknown,2026-05-31 07:00:00+03:00,,9.5,chunk_0014.json,POST /v1/generation/data/dpp-bulk,2026-05-31 21:45:15.946013+00:00,51590,YEDİGÖL HES,20680,2026-05-31T07:00:00+03:00,07:00
40W000000051590Z,YEDİGÖL HES,unknown,2026-05-31 08:00:00+03:00,,8.8,chunk_0014.json,POST /v1/generation/data/dpp-bulk,2026-05-31 21:45:15.946013+00:00,51590,YEDİGÖL HES,20680,2026-05-31T08:00:00+03:00,08:00
40W000000051590Z,YEDİGÖL HES,unknown,2026-05-31 09:00:00+03:00,,8.2,chunk_0014.json,POST /v1/generation/data/dpp-bulk,2026-05-31 21:45:15.946013+00:00,51590,YEDİGÖL HES,20680,2026-05-31T09:00:00+03:00,09:00
40W000000051590Z,YEDİGÖL HES,unknown,2026-05-31 10:00:00+03:00,,7.9,chunk_0014.json,POST /v1/generation/data/dpp-bulk,2026-05-31 21:45:15.946013+00:00,51590,YEDİGÖL HES,20680,2026-05-31T10:00:00+03:00,10:00
40W000000051590Z,YEDİGÖL HES,unknown,2026-05-31 11:00:00+03:00,,7.8,chunk_0014.json,POST /v1/generation/data/dpp-bulk,2026-05-31 21:45:15.946013+00:00,51590,YEDİGÖL HES,20680,2026-05-31T11:00:00+03:00,11:00
40W000000051590Z,YEDİGÖL HES,unknown,2026-05-31 12:00:00+03:00,,7.7,chunk_0014.json,POST /v1/generation/data/dpp-bulk,2026-05-31 21:45:15.946013+00:00,51590,YEDİGÖL HES,20680,2026-05-31T12:00:00+03:00,12:00
40W000000051590Z,YEDİGÖL HES,unknown,2026-05-31 13:00:00+03:00,,7.7,chunk_0014.json,POST /v1/generation/data/dpp-bulk,2026-05-31 21:45:15.946013+00:00,51590,YEDİGÖL HES,20680,2026-05-31T13:00:00+03:00,13:00
40W000000051590Z,YEDİGÖL HES,unknown,2026-05-31 14:00:00+03:00,,7.7,chunk_0014.json,POST /v1/generation/data/dpp-bulk,2026-05-31 21:45:15.946013+00:00,51590,YEDİGÖL HES,20680,2026-05-31T14:00:00+03:00,14:00
40W000000051590Z,YEDİGÖL HES,unknown,2026-05-31 15:00:00+03:00,,7.9,chunk_0014.json,POST /v1/generation/data/dpp-bulk,2026-05-31 21:45:15.946013+00:00,51590,YEDİGÖL HES,20680,2026-05-31T15:00:00+03:00,15:00
40W000000051590Z,YEDİGÖL HES,unknown,2026-05-31 16:00:00+03:00,,8.5,chunk_0014.json,POST /v1/generation/data/dpp-bulk,2026-05-31 21:45:15.946013+00:00,51590,YEDİGÖL HES,20680,2026-05-31T16:00:00+03:00,16:00
40W000000051590Z,YEDİGÖL HES,unknown,2026-05-31 17:00:00+03:00,,10.0,chunk_0014.json,POST /v1/generation/data/dpp-bulk,2026-05-31 21:45:15.946013+00:00,51590,YEDİGÖL HES,20680,2026-05-31T17:00:00+03:00,17:00
40W000000051590Z,YEDİGÖL HES,unknown,2026-05-31 18:00:00+03:00,,10.0,chunk_0014.json,POST /v1/generation/data/dpp-bulk,2026-05-31 21:45:15.946013+00:00,51590,YEDİGÖL HES,20680,2026-05-31T18:00:00+03:00,18:00
40W000000051590Z,YEDİGÖL HES,unknown,2026-05-31 19:00:00+03:00,,21.7,chunk_0014.json,POST /v1/generation/data/dpp-bulk,2026-05-31 21:45:15.946013+00:00,51590,YEDİGÖL HES,20680,2026-05-31T19:00:00+03:00,19:00
40W000000051590Z,YEDİGÖL HES,unknown,2026-05-31 20:00:00+03:00,,21.7,chunk_0014.json,POST /v1/generation/data/dpp-bulk,2026-05-31 21:45:15.946013+00:00,51590,YEDİGÖL HES,20680,2026-05-31T20:00:00+03:00,20:00
40W000000051590Z,YEDİGÖL HES,unknown,2026-05-31 21:00:00+03:00,,21.7,chunk_0014.json,POST /v1/generation/data/dpp-bulk,2026-05-31 21:45:15.946013+00:00,51590,YEDİGÖL HES,20680,2026-05-31T21:00:00+03:00,21:00
40W000000051590Z,YEDİGÖL HES,unknown,2026-05-31 22:00:00+03:00,,21.7,chunk_0014.json,POST /v1/generation/data/dpp-bulk,2026-05-31 21:45:15.946013+00:00,51590,YEDİGÖL HES,20680,2026-05-31T22:00:00+03:00,22:00
40W000000051590Z,YEDİGÖL HES,unknown,2026-05-31 23:00:00+03:00,,21.7,chunk_0014.json,POST /v1/generation/data/dpp-bulk,2026-05-31 21:45:15.946013+00:00,51590,YEDİGÖL HES,20680,2026-05-31T23:00:00+03:00,23:00
40W000000049244K,KÖYOBASI HES,unknown,2026-05-31 00:00:00+03:00,,0.5,chunk_0014.json,POST /v1/generation/data/dpp-bulk,2026-05-31 21:45:15.946013+00:00,49244,KÖYOBASI HES,103261,2026-05-31T00:00:00+03:00,00:00
40W000000049244K,KÖYOBASI HES,unknown,2026-05-31 01:00:00+03:00,,0.5,chunk_0014.json,POST /v1/generation/data/dpp-bulk,2026-05-31 21:45:15.946013+00:00,49244,KÖYOBASI HES,103261,2026-05-31T01:00:00+03:00,01:00
40W000000049244K,KÖYOBASI HES,unknown,2026-05-31 02:00:00+03:00,,0.5,chunk_0014.json,POST /v1/generation/data/dpp-bulk,2026-05-31 21:45:15.946013+00:00,49244,KÖYOBASI HES,103261,2026-05-31T02:00:00+03:00,02:00
40W000000049244K,KÖYOBASI HES,unknown,2026-05-31 03:00:00+03:00,,0.0,chunk_0014.json,POST /v1/generation/data/dpp-bulk,2026-05-31 21:45:15.946013+00:00,49244,KÖYOBASI HES,103261,2026-05-31T03:00:00+03:00,03:00
40W000000049244K,KÖYOBASI HES,unknown,2026-05-31 04:00:00+03:00,,0.0,chunk_0014.json,POST /v1/generation/data/dpp-bulk,2026-05-31 21:45:15.946013+00:00,49244,KÖYOBASI HES,103261,2026-05-31T04:00:00+03:00,04:00
40W000000049244K,KÖYOBASI HES,unknown,2026-05-31 05:00:00+03:00,,0.0,chunk_0014.json,POST /v1/generation/data/dpp-bulk,2026-05-31 21:45:15.946013+00:00,49244,KÖYOBASI HES,103261,2026-05-31T05:00:00+03:00,05:00
40W000000049244K,KÖYOBASI HES,unknown,2026-05-31 06:00:00+03:00,,0.0,chunk_0014.json,POST /v1/generation/data/dpp-bulk,2026-05-31 21:45:15.946013+00:00,49244,KÖYOBASI HES,103261,2026-05-31T06:00:00+03:00,06:00
40W000000049244K,KÖYOBASI HES,unknown,2026-05-31 07:00:00+03:00,,0.0,chunk_0014.json,POST /v1/generation/data/dpp-bulk,2026-05-31 21:45:15.946013+00:00,49244,KÖYOBASI HES,103261,2026-05-31T07:00:00+03:00,07:00
40W000000049244K,KÖYOBASI HES,unknown,2026-05-31 08:00:00+03:00,,0.0,chunk_0014.json,POST /v1/generation/data/dpp-bulk,2026-05-31 21:45:15.946013+00:00,49244,KÖYOBASI HES,103261,2026-05-31T08:00:00+03:00,08:00
40W000000049244K,KÖYOBASI HES,unknown,2026-05-31 09:00:00+03:00,,0.0,chunk_0014.json,POST /v1/generation/data/dpp-bulk,2026-05-31 21:45:15.946013+00:00,49244,KÖYOBASI HES,103261,2026-05-31T09:00:00+03:00,09:00
40W000000049244K,KÖYOBASI HES,unknown,2026-05-31 10:00:00+03:00,,0.0,chunk_0014.json,POST /v1/generation/data/dpp-bulk,2026-05-31 21:45:15.946013+00:00,49244,KÖYOBASI HES,103261,2026-05-31T10:00:00+03:00,10:00
40W000000049244K,KÖYOBASI HES,unknown,2026-05-31 11:00:00+03:00,,0.0,chunk_0014.json,POST /v1/generation/data/dpp-bulk,2026-05-31 21:45:15.946013+00:00,49244,KÖYOBASI HES,103261,2026-05-31T11:00:00+03:00,11:00
40W000000049244K,KÖYOBASI HES,unknown,2026-05-31 12:00:00+03:00,,0.0,chunk_0014.json,POST /v1/generation/data/dpp-bulk,2026-05-31 21:45:15.946013+00:00,49244,KÖYOBASI HES,103261,2026-05-31T12:00:00+03:00,12:00
40W000000049244K,KÖYOBASI HES,unknown,2026-05-31 13:00:00+03:00,,0.0,chunk_0014.json,POST /v1/generation/data/dpp-bulk,2026-05-31 21:45:15.946013+00:00,49244,KÖYOBASI HES,103261,2026-05-31T13:00:00+03:00,13:00
40W000000049244K,KÖYOBASI HES,unknown,2026-05-31 14:00:00+03:00,,0.0,chunk_0014.json,POST /v1/generation/data/dpp-bulk,2026-05-31 21:45:15.946013+00:00,49244,KÖYOBASI HES,103261,2026-05-31T14:00:00+03:00,14:00
40W000000049244K,KÖYOBASI HES,unknown,2026-05-31 15:00:00+03:00,,0.0,chunk_0014.json,POST /v1/generation/data/dpp-bulk,2026-05-31 21:45:15.946013+00:00,49244,KÖYOBASI HES,103261,2026-05-31T15:00:00+03:00,15:00
40W000000049244K,KÖYOBASI HES,unknown,2026-05-31 16:00:00+03:00,,0.0,chunk_0014.json,POST /v1/generation/data/dpp-bulk,2026-05-31 21:45:15.946013+00:00,49244,KÖYOBASI HES,103261,2026-05-31T16:00:00+03:00,16:00
40W000000049244K,KÖYOBASI HES,unknown,2026-05-31 17:00:00+03:00,,0.0,chunk_0014.json,POST /v1/generation/data/dpp-bulk,2026-05-31 21:45:15.946013+00:00,49244,KÖYOBASI HES,103261,2026-05-31T17:00:00+03:00,17:00
40W000000049244K,KÖYOBASI HES,unknown,2026-05-31 18:00:00+03:00,,0.0,chunk_0014.json,POST /v1/generation/data/dpp-bulk,2026-05-31 21:45:15.946013+00:00,49244,KÖYOBASI HES,103261,2026-05-31T18:00:00+03:00,18:00
40W000000049244K,KÖYOBASI HES,unknown,2026-05-31 19:00:00+03:00,,0.0,chunk_0014.json,POST /v1/generation/data/dpp-bulk,2026-05-31 21:45:15.946013+00:00,49244,KÖYOBASI HES,103261,2026-05-31T19:00:00+03:00,19:00
40W000000049244K,KÖYOBASI HES,unknown,2026-05-31 20:00:00+03:00,,0.5,chunk_0014.json,POST /v1/generation/data/dpp-bulk,2026-05-31 21:45:15.946013+00:00,49244,KÖYOBASI HES,103261,2026-05-31T20:00:00+03:00,20:00
40W000000049244K,KÖYOBASI HES,unknown,2026-05-31 21:00:00+03:00,,0.5,chunk_0014.json,POST /v1/generation/data/dpp-bulk,2026-05-31 21:45:15.946013+00:00,49244,KÖYOBASI HES,103261,2026-05-31T21:00:00+03:00,21:00
40W000000049244K,KÖYOBASI HES,unknown,2026-05-31 22:00:00+03:00,,0.5,chunk_0014.json,POST /v1/generation/data/dpp-bulk,2026-05-31 21:45:15.946013+00:00,49244,KÖYOBASI HES,103261,2026-05-31T22:00:00+03:00,22:00
40W000000049244K,KÖYOBASI HES,unknown,2026-05-31 23:00:00+03:00,,0.5,chunk_0014.json,POST /v1/generation/data/dpp-bulk,2026-05-31 21:45:15.946013+00:00,49244,KÖYOBASI HES,103261,2026-05-31T23:00:00+03:00,23:00
40W000000042023Y,DARCA HES,unknown,2026-05-31 00:00:00+03:00,,2.0,chunk_0014.json,POST /v1/generation/data/dpp-bulk,2026-05-31 21:45:15.946013+00:00,42023,DARCA HES,103402,2026-05-31T00:00:00+03:00,00:00
40W000000042023Y,DARCA HES,unknown,2026-05-31 01:00:00+03:00,,0.0,chunk_0014.json,POST /v1/generation/data/dpp-bulk,2026-05-31 21:45:15.946013+00:00,42023,DARCA HES,103402,2026-05-31T01:00:00+03:00,01:00
40W000000042023Y,DARCA HES,unknown,2026-05-31 02:00:00+03:00,,0.0,chunk_0014.json,POST /v1/generation/data/dpp-bulk,2026-05-31 21:45:15.946013+00:00,42023,DARCA HES,103402,2026-05-31T02:00:00+03:00,02:00
40W000000042023Y,DARCA HES,unknown,2026-05-31 03:00:00+03:00,,0.0,chunk_0014.json,POST /v1/generation/data/dpp-bulk,2026-05-31 21:45:15.946013+00:00,42023,DARCA HES,103402,2026-05-31T03:00:00+03:00,03:00
40W000000042023Y,DARCA HES,unknown,2026-05-31 04:00:00+03:00,,0.0,chunk_0014.json,POST /v1/generation/data/dpp-bulk,2026-05-31 21:45:15.946013+00:00,42023,DARCA HES,103402,2026-05-31T04:00:00+03:00,04:00
40W000000042023Y,DARCA HES,unknown,2026-05-31 05:00:00+03:00,,0.0,chunk_0014.json,POST /v1/generation/data/dpp-bulk,2026-05-31 21:45:15.946013+00:00,42023,DARCA HES,103402,2026-05-31T05:00:00+03:00,05:00
40W000000042023Y,DARCA HES,unknown,2026-05-31 06:00:00+03:00,,0.0,chunk_0014.json,POST /v1/generation/data/dpp-bulk,2026-05-31 21:45:15.946013+00:00,42023,DARCA HES,103402,2026-05-31T06:00:00+03:00,06:00
40W000000042023Y,DARCA HES,unknown,2026-05-31 07:00:00+03:00,,0.0,chunk_0014.json,POST /v1/generation/data/dpp-bulk,2026-05-31 21:45:15.946013+00:00,42023,DARCA HES,103402,2026-05-31T07:00:00+03:00,07:00
40W000000042023Y,DARCA HES,unknown,2026-05-31 08:00:00+03:00,,0.0,chunk_0014.json,POST /v1/generation/data/dpp-bulk,2026-05-31 21:45:15.946013+00:00,42023,DARCA HES,103402,2026-05-31T08:00:00+03:00,08:00
40W000000042023Y,DARCA HES,unknown,2026-05-31 09:00:00+03:00,,0.0,chunk_0014.json,POST /v1/generation/data/dpp-bulk,2026-05-31 21:45:15.946013+00:00,42023,DARCA HES,103402,2026-05-31T09:00:00+03:00,09:00
40W000000042023Y,DARCA HES,unknown,2026-05-31 10:00:00+03:00,,0.0,chunk_0014.json,POST /v1/generation/data/dpp-bulk,2026-05-31 21:45:15.946013+00:00,42023,DARCA HES,103402,2026-05-31T10:00:00+03:00,10:00
40W000000042023Y,DARCA HES,unknown,2026-05-31 11:00:00+03:00,,0.0,chunk_0014.json,POST /v1/generation/data/dpp-bulk,2026-05-31 21:45:15.946013+00:00,42023,DARCA HES,103402,2026-05-31T11:00:00+03:00,11:00
40W000000042023Y,DARCA HES,unknown,2026-05-31 12:00:00+03:00,,0.0,chunk_0014.json,POST /v1/generation/data/dpp-bulk,2026-05-31 21:45:15.946013+00:00,42023,DARCA HES,103402,2026-05-31T12:00:00+03:00,12:00
40W000000042023Y,DARCA HES,unknown,2026-05-31 13:00:00+03:00,,0.0,chunk_0014.json,POST /v1/generation/data/dpp-bulk,2026-05-31 21:45:15.946013+00:00,42023,DARCA HES,103402,2026-05-31T13:00:00+03:00,13:00
40W000000042023Y,DARCA HES,unknown,2026-05-31 14:00:00+03:00,,0.0,chunk_0014.json,POST /v1/generation/data/dpp-bulk,2026-05-31 21:45:15.946013+00:00,42023,DARCA HES,103402,2026-05-31T14:00:00+03:00,14:00
40W000000042023Y,DARCA HES,unknown,2026-05-31 15:00:00+03:00,,0.0,chunk_0014.json,POST /v1/generation/data/dpp-bulk,2026-05-31 21:45:15.946013+00:00,42023,DARCA HES,103402,2026-05-31T15:00:00+03:00,15:00
40W000000042023Y,DARCA HES,unknown,2026-05-31 16:00:00+03:00,,0.0,chunk_0014.json,POST /v1/generation/data/dpp-bulk,2026-05-31 21:45:15.946013+00:00,42023,DARCA HES,103402,2026-05-31T16:00:00+03:00,16:00
40W000000042023Y,DARCA HES,unknown,2026-05-31 17:00:00+03:00,,0.0,chunk_0014.json,POST /v1/generation/data/dpp-bulk,2026-05-31 21:45:15.946013+00:00,42023,DARCA HES,103402,2026-05-31T17:00:00+03:00,17:00
40W000000042023Y,DARCA HES,unknown,2026-05-31 18:00:00+03:00,,0.0,chunk_0014.json,POST /v1/generation/data/dpp-bulk,2026-05-31 21:45:15.946013+00:00,42023,DARCA HES,103402,2026-05-31T18:00:00+03:00,18:00
40W000000042023Y,DARCA HES,unknown,2026-05-31 19:00:00+03:00,,2.0,chunk_0014.json,POST /v1/generation/data/dpp-bulk,2026-05-31 21:45:15.946013+00:00,42023,DARCA HES,103402,2026-05-31T19:00:00+03:00,19:00
40W000000042023Y,DARCA HES,unknown,2026-05-31 20:00:00+03:00,,2.0,chunk_0014.json,POST /v1/generation/data/dpp-bulk,2026-05-31 21:45:15.946013+00:00,42023,DARCA HES,103402,2026-05-31T20:00:00+03:00,20:00
40W000000042023Y,DARCA HES,unknown,2026-05-31 21:00:00+03:00,,2.0,chunk_0014.json,POST /v1/generation/data/dpp-bulk,2026-05-31 21:45:15.946013+00:00,42023,DARCA HES,103402,2026-05-31T21:00:00+03:00,21:00
40W000000042023Y,DARCA HES,unknown,2026-05-31 22:00:00+03:00,,2.0,chunk_0014.json,POST /v1/generation/data/dpp-bulk,2026-05-31 21:45:15.946013+00:00,42023,DARCA HES,103402,2026-05-31T22:00:00+03:00,22:00
40W000000042023Y,DARCA HES,unknown,2026-05-31 23:00:00+03:00,,2.0,chunk_0014.json,POST /v1/generation/data/dpp-bulk,2026-05-31 21:45:15.946013+00:00,42023,DARCA HES,103402,2026-05-31T23:00:00+03:00,23:00
40W0000000491015,Gökmen HES,unknown,2026-05-31 00:00:00+03:00,,0.0,chunk_0014.json,POST /v1/generation/data/dpp-bulk,2026-05-31 21:45:15.946013+00:00,49101,Gökmen HES,104280,2026-05-31T00:00:00+03:00,00:00
40W0000000491015,Gökmen HES,unknown,2026-05-31 01:00:00+03:00,,0.0,chunk_0014.json,POST /v1/generation/data/dpp-bulk,2026-05-31 21:45:15.946013+00:00,49101,Gökmen HES,104280,2026-05-31T01:00:00+03:00,01:00
40W0000000491015,Gökmen HES,unknown,2026-05-31 02:00:00+03:00,,0.0,chunk_0014.json,POST /v1/generation/data/dpp-bulk,2026-05-31 21:45:15.946013+00:00,49101,Gökmen HES,104280,2026-05-31T02:00:00+03:00,02:00
40W0000000491015,Gökmen HES,unknown,2026-05-31 03:00:00+03:00,,0.0,chunk_0014.json,POST /v1/generation/data/dpp-bulk,2026-05-31 21:45:15.946013+00:00,49101,Gökmen HES,104280,2026-05-31T03:00:00+03:00,03:00
40W0000000491015,Gökmen HES,unknown,2026-05-31 04:00:00+03:00,,0.0,chunk_0014.json,POST /v1/generation/data/dpp-bulk,2026-05-31 21:45:15.946013+00:00,49101,Gökmen HES,104280,2026-05-31T04:00:00+03:00,04:00
40W0000000491015,Gökmen HES,unknown,2026-05-31 05:00:00+03:00,,0.0,chunk_0014.json,POST /v1/generation/data/dpp-bulk,2026-05-31 21:45:15.946013+00:00,49101,Gökmen HES,104280,2026-05-31T05:00:00+03:00,05:00
40W0000000491015,Gökmen HES,unknown,2026-05-31 06:00:00+03:00,,0.0,chunk_0014.json,POST /v1/generation/data/dpp-bulk,2026-05-31 21:45:15.946013+00:00,49101,Gökmen HES,104280,2026-05-31T06:00:00+03:00,06:00
40W0000000491015,Gökmen HES,unknown,2026-05-31 07:00:00+03:00,,0.0,chunk_0014.json,POST /v1/generation/data/dpp-bulk,2026-05-31 21:45:15.946013+00:00,49101,Gökmen HES,104280,2026-05-31T07:00:00+03:00,07:00
40W0000000491015,Gökmen HES,unknown,2026-05-31 08:00:00+03:00,,1.5,chunk_0014.json,POST /v1/generation/data/dpp-bulk,2026-05-31 21:45:15.946013+00:00,49101,Gökmen HES,104280,2026-05-31T08:00:00+03:00,08:00
40W0000000491015,Gökmen HES,unknown,2026-05-31 09:00:00+03:00,,1.5,chunk_0014.json,POST /v1/generation/data/dpp-bulk,2026-05-31 21:45:15.946013+00:00,49101,Gökmen HES,104280,2026-05-31T09:00:00+03:00,09:00
40W0000000491015,Gökmen HES,unknown,2026-05-31 10:00:00+03:00,,1.5,chunk_0014.json,POST /v1/generation/data/dpp-bulk,2026-05-31 21:45:15.946013+00:00,49101,Gökmen HES,104280,2026-05-31T10:00:00+03:00,10:00
40W0000000491015,Gökmen HES,unknown,2026-05-31 11:00:00+03:00,,1.5,chunk_0014.json,POST /v1/generation/data/dpp-bulk,2026-05-31 21:45:15.946013+00:00,49101,Gökmen HES,104280,2026-05-31T11:00:00+03:00,11:00
40W0000000491015,Gökmen HES,unknown,2026-05-31 12:00:00+03:00,,1.5,chunk_0014.json,POST /v1/generation/data/dpp-bulk,2026-05-31 21:45:15.946013+00:00,49101,Gökmen HES,104280,2026-05-31T12:00:00+03:00,12:00
40W0000000491015,Gökmen HES,unknown,2026-05-31 13:00:00+03:00,,1.5,chunk_0014.json,POST /v1/generation/data/dpp-bulk,2026-05-31 21:45:15.946013+00:00,49101,Gökmen HES,104280,2026-05-31T13:00:00+03:00,13:00
40W0000000491015,Gökmen HES,unknown,2026-05-31 14:00:00+03:00,,1.5,chunk_0014.json,POST /v1/generation/data/dpp-bulk,2026-05-31 21:45:15.946013+00:00,49101,Gökmen HES,104280,2026-05-31T14:00:00+03:00,14:00
40W0000000491015,Gökmen HES,unknown,2026-05-31 15:00:00+03:00,,1.5,chunk_0014.json,POST /v1/generation/data/dpp-bulk,2026-05-31 21:45:15.946013+00:00,49101,Gökmen HES,104280,2026-05-31T15:00:00+03:00,15:00
40W0000000491015,Gökmen HES,unknown,2026-05-31 16:00:00+03:00,,1.5,chunk_0014.json,POST /v1/generation/data/dpp-bulk,2026-05-31 21:45:15.946013+00:00,49101,Gökmen HES,104280,2026-05-31T16:00:00+03:00,16:00
40W0000000491015,Gökmen HES,unknown,2026-05-31 17:00:00+03:00,,1.5,chunk_0014.json,POST /v1/generation/data/dpp-bulk,2026-05-31 21:45:15.946013+00:00,49101,Gökmen HES,104280,2026-05-31T17:00:00+03:00,17:00
40W0000000491015,Gökmen HES,unknown,2026-05-31 18:00:00+03:00,,1.5,chunk_0014.json,POST /v1/generation/data/dpp-bulk,2026-05-31 21:45:15.946013+00:00,49101,Gökmen HES,104280,2026-05-31T18:00:00+03:00,18:00
40W0000000491015,Gökmen HES,unknown,2026-05-31 19:00:00+03:00,,1.5,chunk_0014.json,POST /v1/generation/data/dpp-bulk,2026-05-31 21:45:15.946013+00:00,49101,Gökmen HES,104280,2026-05-31T19:00:00+03:00,19:00
40W0000000491015,Gökmen HES,unknown,2026-05-31 20:00:00+03:00,,1.5,chunk_0014.json,POST /v1/generation/data/dpp-bulk,2026-05-31 21:45:15.946013+00:00,49101,Gökmen HES,104280,2026-05-31T20:00:00+03:00,20:00
40W0000000491015,Gökmen HES,unknown,2026-05-31 21:00:00+03:00,,1.5,chunk_0014.json,POST /v1/generation/data/dpp-bulk,2026-05-31 21:45:15.946013+00:00,49101,Gökmen HES,104280,2026-05-31T21:00:00+03:00,21:00
40W0000000491015,Gökmen HES,unknown,2026-05-31 22:00:00+03:00,,1.5,chunk_0014.json,POST /v1/generation/data/dpp-bulk,2026-05-31 21:45:15.946013+00:00,49101,Gökmen HES,104280,2026-05-31T22:00:00+03:00,22:00
40W0000000491015,Gökmen HES,unknown,2026-05-31 23:00:00+03:00,,1.5,chunk_0014.json,POST /v1/generation/data/dpp-bulk,2026-05-31 21:45:15.946013+00:00,49101,Gökmen HES,104280,2026-05-31T23:00:00+03:00,23:00
40W000000040270R,Karasu-1 HES,unknown,2026-05-31 00:00:00+03:00,,0.0,chunk_0014.json,POST /v1/generation/data/dpp-bulk,2026-05-31 21:45:15.946013+00:00,40270,Karasu-1 HES,104341,2026-05-31T00:00:00+03:00,00:00
40W000000040270R,Karasu-1 HES,unknown,2026-05-31 01:00:00+03:00,,0.0,chunk_0014.json,POST /v1/generation/data/dpp-bulk,2026-05-31 21:45:15.946013+00:00,40270,Karasu-1 HES,104341,2026-05-31T01:00:00+03:00,01:00
40W000000040270R,Karasu-1 HES,unknown,2026-05-31 02:00:00+03:00,,0.0,chunk_0014.json,POST /v1/generation/data/dpp-bulk,2026-05-31 21:45:15.946013+00:00,40270,Karasu-1 HES,104341,2026-05-31T02:00:00+03:00,02:00
40W000000040270R,Karasu-1 HES,unknown,2026-05-31 03:00:00+03:00,,0.0,chunk_0014.json,POST /v1/generation/data/dpp-bulk,2026-05-31 21:45:15.946013+00:00,40270,Karasu-1 HES,104341,2026-05-31T03:00:00+03:00,03:00
40W000000040270R,Karasu-1 HES,unknown,2026-05-31 04:00:00+03:00,,0.0,chunk_0014.json,POST /v1/generation/data/dpp-bulk,2026-05-31 21:45:15.946013+00:00,40270,Karasu-1 HES,104341,2026-05-31T04:00:00+03:00,04:00
40W000000040270R,Karasu-1 HES,unknown,2026-05-31 05:00:00+03:00,,0.0,chunk_0014.json,POST /v1/generation/data/dpp-bulk,2026-05-31 21:45:15.946013+00:00,40270,Karasu-1 HES,104341,2026-05-31T05:00:00+03:00,05:00
40W000000040270R,Karasu-1 HES,unknown,2026-05-31 06:00:00+03:00,,0.0,chunk_0014.json,POST /v1/generation/data/dpp-bulk,2026-05-31 21:45:15.946013+00:00,40270,Karasu-1 HES,104341,2026-05-31T06:00:00+03:00,06:00
40W000000040270R,Karasu-1 HES,unknown,2026-05-31 07:00:00+03:00,,0.0,chunk_0014.json,POST /v1/generation/data/dpp-bulk,2026-05-31 21:45:15.946013+00:00,40270,Karasu-1 HES,104341,2026-05-31T07:00:00+03:00,07:00
40W000000040270R,Karasu-1 HES,unknown,2026-05-31 08:00:00+03:00,,0.0,chunk_0014.json,POST /v1/generation/data/dpp-bulk,2026-05-31 21:45:15.946013+00:00,40270,Karasu-1 HES,104341,2026-05-31T08:00:00+03:00,08:00
40W000000040270R,Karasu-1 HES,unknown,2026-05-31 09:00:00+03:00,,0.0,chunk_0014.json,POST /v1/generation/data/dpp-bulk,2026-05-31 21:45:15.946013+00:00,40270,Karasu-1 HES,104341,2026-05-31T09:00:00+03:00,09:00
40W000000040270R,Karasu-1 HES,unknown,2026-05-31 10:00:00+03:00,,0.0,chunk_0014.json,POST /v1/generation/data/dpp-bulk,2026-05-31 21:45:15.946013+00:00,40270,Karasu-1 HES,104341,2026-05-31T10:00:00+03:00,10:00
40W000000040270R,Karasu-1 HES,unknown,2026-05-31 11:00:00+03:00,,0.0,chunk_0014.json,POST /v1/generation/data/dpp-bulk,2026-05-31 21:45:15.946013+00:00,40270,Karasu-1 HES,104341,2026-05-31T11:00:00+03:00,11:00
40W000000040270R,Karasu-1 HES,unknown,2026-05-31 12:00:00+03:00,,0.0,chunk_0014.json,POST /v1/generation/data/dpp-bulk,2026-05-31 21:45:15.946013+00:00,40270,Karasu-1 HES,104341,2026-05-31T12:00:00+03:00,12:00
40W000000040270R,Karasu-1 HES,unknown,2026-05-31 13:00:00+03:00,,0.0,chunk_0014.json,POST /v1/generation/data/dpp-bulk,2026-05-31 21:45:15.946013+00:00,40270,Karasu-1 HES,104341,2026-05-31T13:00:00+03:00,13:00
40W000000040270R,Karasu-1 HES,unknown,2026-05-31 14:00:00+03:00,,0.0,chunk_0014.json,POST /v1/generation/data/dpp-bulk,2026-05-31 21:45:15.946013+00:00,40270,Karasu-1 HES,104341,2026-05-31T14:00:00+03:00,14:00
40W000000040270R,Karasu-1 HES,unknown,2026-05-31 15:00:00+03:00,,0.0,chunk_0014.json,POST /v1/generation/data/dpp-bulk,2026-05-31 21:45:15.946013+00:00,40270,Karasu-1 HES,104341,2026-05-31T15:00:00+03:00,15:00
40W000000040270R,Karasu-1 HES,unknown,2026-05-31 16:00:00+03:00,,0.0,chunk_0014.json,POST /v1/generation/data/dpp-bulk,2026-05-31 21:45:15.946013+00:00,40270,Karasu-1 HES,104341,2026-05-31T16:00:00+03:00,16:00
40W000000040270R,Karasu-1 HES,unknown,2026-05-31 17:00:00+03:00,,0.0,chunk_0014.json,POST /v1/generation/data/dpp-bulk,2026-05-31 21:45:15.946013+00:00,40270,Karasu-1 HES,104341,2026-05-31T17:00:00+03:00,17:00
40W000000040270R,Karasu-1 HES,unknown,2026-05-31 18:00:00+03:00,,0.0,chunk_0014.json,POST /v1/generation/data/dpp-bulk,2026-05-31 21:45:15.946013+00:00,40270,Karasu-1 HES,104341,2026-05-31T18:00:00+03:00,18:00
40W000000040270R,Karasu-1 HES,unknown,2026-05-31 19:00:00+03:00,,0.0,chunk_0014.json,POST /v1/generation/data/dpp-bulk,2026-05-31 21:45:15.946013+00:00,40270,Karasu-1 HES,104341,2026-05-31T19:00:00+03:00,19:00
40W000000040270R,Karasu-1 HES,unknown,2026-05-31 20:00:00+03:00,,3.2,chunk_0014.json,POST /v1/generation/data/dpp-bulk,2026-05-31 21:45:15.946013+00:00,40270,Karasu-1 HES,104341,2026-05-31T20:00:00+03:00,20:00
40W000000040270R,Karasu-1 HES,unknown,2026-05-31 21:00:00+03:00,,3.2,chunk_0014.json,POST /v1/generation/data/dpp-bulk,2026-05-31 21:45:15.946013+00:00,40270,Karasu-1 HES,104341,2026-05-31T21:00:00+03:00,21:00
40W000000040270R,Karasu-1 HES,unknown,2026-05-31 22:00:00+03:00,,3.2,chunk_0014.json,POST /v1/generation/data/dpp-bulk,2026-05-31 21:45:15.946013+00:00,40270,Karasu-1 HES,104341,2026-05-31T22:00:00+03:00,22:00
40W000000040270R,Karasu-1 HES,unknown,2026-05-31 23:00:00+03:00,,3.2,chunk_0014.json,POST /v1/generation/data/dpp-bulk,2026-05-31 21:45:15.946013+00:00,40270,Karasu-1 HES,104341,2026-05-31T23:00:00+03:00,23:00
40W0000000477628,Karasu-2 HES,unknown,2026-05-31 00:00:00+03:00,,0.0,chunk_0014.json,POST /v1/generation/data/dpp-bulk,2026-05-31 21:45:15.946013+00:00,47762,Karasu-2 HES,104341,2026-05-31T00:00:00+03:00,00:00
40W0000000477628,Karasu-2 HES,unknown,2026-05-31 01:00:00+03:00,,0.0,chunk_0014.json,POST /v1/generation/data/dpp-bulk,2026-05-31 21:45:15.946013+00:00,47762,Karasu-2 HES,104341,2026-05-31T01:00:00+03:00,01:00
40W0000000477628,Karasu-2 HES,unknown,2026-05-31 02:00:00+03:00,,0.0,chunk_0014.json,POST /v1/generation/data/dpp-bulk,2026-05-31 21:45:15.946013+00:00,47762,Karasu-2 HES,104341,2026-05-31T02:00:00+03:00,02:00
40W0000000477628,Karasu-2 HES,unknown,2026-05-31 03:00:00+03:00,,0.0,chunk_0014.json,POST /v1/generation/data/dpp-bulk,2026-05-31 21:45:15.946013+00:00,47762,Karasu-2 HES,104341,2026-05-31T03:00:00+03:00,03:00
40W0000000477628,Karasu-2 HES,unknown,2026-05-31 04:00:00+03:00,,0.0,chunk_0014.json,POST /v1/generation/data/dpp-bulk,2026-05-31 21:45:15.946013+00:00,47762,Karasu-2 HES,104341,2026-05-31T04:00:00+03:00,04:00
40W0000000477628,Karasu-2 HES,unknown,2026-05-31 05:00:00+03:00,,0.0,chunk_0014.json,POST /v1/generation/data/dpp-bulk,2026-05-31 21:45:15.946013+00:00,47762,Karasu-2 HES,104341,2026-05-31T05:00:00+03:00,05:00
40W0000000477628,Karasu-2 HES,unknown,2026-05-31 06:00:00+03:00,,0.0,chunk_0014.json,POST /v1/generation/data/dpp-bulk,2026-05-31 21:45:15.946013+00:00,47762,Karasu-2 HES,104341,2026-05-31T06:00:00+03:00,06:00
40W0000000477628,Karasu-2 HES,unknown,2026-05-31 07:00:00+03:00,,0.0,chunk_0014.json,POST /v1/generation/data/dpp-bulk,2026-05-31 21:45:15.946013+00:00,47762,Karasu-2 HES,104341,2026-05-31T07:00:00+03:00,07:00
40W0000000477628,Karasu-2 HES,unknown,2026-05-31 08:00:00+03:00,,0.0,chunk_0014.json,POST /v1/generation/data/dpp-bulk,2026-05-31 21:45:15.946013+00:00,47762,Karasu-2 HES,104341,2026-05-31T08:00:00+03:00,08:00
40W0000000477628,Karasu-2 HES,unknown,2026-05-31 09:00:00+03:00,,0.0,chunk_0014.json,POST /v1/generation/data/dpp-bulk,2026-05-31 21:45:15.946013+00:00,47762,Karasu-2 HES,104341,2026-05-31T09:00:00+03:00,09:00
40W0000000477628,Karasu-2 HES,unknown,2026-05-31 10:00:00+03:00,,0.0,chunk_0014.json,POST /v1/generation/data/dpp-bulk,2026-05-31 21:45:15.946013+00:00,47762,Karasu-2 HES,104341,2026-05-31T10:00:00+03:00,10:00
40W0000000477628,Karasu-2 HES,unknown,2026-05-31 11:00:00+03:00,,0.0,chunk_0014.json,POST /v1/generation/data/dpp-bulk,2026-05-31 21:45:15.946013+00:00,47762,Karasu-2 HES,104341,2026-05-31T11:00:00+03:00,11:00
40W0000000477628,Karasu-2 HES,unknown,2026-05-31 12:00:00+03:00,,0.0,chunk_0014.json,POST /v1/generation/data/dpp-bulk,2026-05-31 21:45:15.946013+00:00,47762,Karasu-2 HES,104341,2026-05-31T12:00:00+03:00,12:00
40W0000000477628,Karasu-2 HES,unknown,2026-05-31 13:00:00+03:00,,0.0,chunk_0014.json,POST /v1/generation/data/dpp-bulk,2026-05-31 21:45:15.946013+00:00,47762,Karasu-2 HES,104341,2026-05-31T13:00:00+03:00,13:00
40W0000000477628,Karasu-2 HES,unknown,2026-05-31 14:00:00+03:00,,0.0,chunk_0014.json,POST /v1/generation/data/dpp-bulk,2026-05-31 21:45:15.946013+00:00,47762,Karasu-2 HES,104341,2026-05-31T14:00:00+03:00,14:00
40W0000000477628,Karasu-2 HES,unknown,2026-05-31 15:00:00+03:00,,0.0,chunk_0014.json,POST /v1/generation/data/dpp-bulk,2026-05-31 21:45:15.946013+00:00,47762,Karasu-2 HES,104341,2026-05-31T15:00:00+03:00,15:00
40W0000000477628,Karasu-2 HES,unknown,2026-05-31 16:00:00+03:00,,0.0,chunk_0014.json,POST /v1/generation/data/dpp-bulk,2026-05-31 21:45:15.946013+00:00,47762,Karasu-2 HES,104341,2026-05-31T16:00:00+03:00,16:00
40W0000000477628,Karasu-2 HES,unknown,2026-05-31 17:00:00+03:00,,0.0,chunk_0014.json,POST /v1/generation/data/dpp-bulk,2026-05-31 21:45:15.946013+00:00,47762,Karasu-2 HES,104341,2026-05-31T17:00:00+03:00,17:00
40W0000000477628,Karasu-2 HES,unknown,2026-05-31 18:00:00+03:00,,0.0,chunk_0014.json,POST /v1/generation/data/dpp-bulk,2026-05-31 21:45:15.946013+00:00,47762,Karasu-2 HES,104341,2026-05-31T18:00:00+03:00,18:00
40W0000000477628,Karasu-2 HES,unknown,2026-05-31 19:00:00+03:00,,0.0,chunk_0014.json,POST /v1/generation/data/dpp-bulk,2026-05-31 21:45:15.946013+00:00,47762,Karasu-2 HES,104341,2026-05-31T19:00:00+03:00,19:00
40W0000000477628,Karasu-2 HES,unknown,2026-05-31 20:00:00+03:00,,2.5,chunk_0014.json,POST /v1/generation/data/dpp-bulk,2026-05-31 21:45:15.946013+00:00,47762,Karasu-2 HES,104341,2026-05-31T20:00:00+03:00,20:00
40W0000000477628,Karasu-2 HES,unknown,2026-05-31 21:00:00+03:00,,2.5,chunk_0014.json,POST /v1/generation/data/dpp-bulk,2026-05-31 21:45:15.946013+00:00,47762,Karasu-2 HES,104341,2026-05-31T21:00:00+03:00,21:00
40W0000000477628,Karasu-2 HES,unknown,2026-05-31 22:00:00+03:00,,2.5,chunk_0014.json,POST /v1/generation/data/dpp-bulk,2026-05-31 21:45:15.946013+00:00,47762,Karasu-2 HES,104341,2026-05-31T22:00:00+03:00,22:00
40W0000000477628,Karasu-2 HES,unknown,2026-05-31 23:00:00+03:00,,2.5,chunk_0014.json,POST /v1/generation/data/dpp-bulk,2026-05-31 21:45:15.946013+00:00,47762,Karasu-2 HES,104341,2026-05-31T23:00:00+03:00,23:00
40W000000049231T,SEYİTALİ RES,unknown,2026-05-31 00:00:00+03:00,,0.29,chunk_0014.json,POST /v1/generation/data/dpp-bulk,2026-05-31 21:45:15.946013+00:00,49231,SEYİTALİ RES,104341,2026-05-31T00:00:00+03:00,00:00
40W000000049231T,SEYİTALİ RES,unknown,2026-05-31 01:00:00+03:00,,0.24,chunk_0014.json,POST /v1/generation/data/dpp-bulk,2026-05-31 21:45:15.946013+00:00,49231,SEYİTALİ RES,104341,2026-05-31T01:00:00+03:00,01:00
40W000000049231T,SEYİTALİ RES,unknown,2026-05-31 02:00:00+03:00,,0.19,chunk_0014.json,POST /v1/generation/data/dpp-bulk,2026-05-31 21:45:15.946013+00:00,49231,SEYİTALİ RES,104341,2026-05-31T02:00:00+03:00,02:00
40W000000049231T,SEYİTALİ RES,unknown,2026-05-31 03:00:00+03:00,,0.16,chunk_0014.json,POST /v1/generation/data/dpp-bulk,2026-05-31 21:45:15.946013+00:00,49231,SEYİTALİ RES,104341,2026-05-31T03:00:00+03:00,03:00
40W000000049231T,SEYİTALİ RES,unknown,2026-05-31 04:00:00+03:00,,0.12,chunk_0014.json,POST /v1/generation/data/dpp-bulk,2026-05-31 21:45:15.946013+00:00,49231,SEYİTALİ RES,104341,2026-05-31T04:00:00+03:00,04:00
40W000000049231T,SEYİTALİ RES,unknown,2026-05-31 05:00:00+03:00,,0.1,chunk_0014.json,POST /v1/generation/data/dpp-bulk,2026-05-31 21:45:15.946013+00:00,49231,SEYİTALİ RES,104341,2026-05-31T05:00:00+03:00,05:00
40W000000049231T,SEYİTALİ RES,unknown,2026-05-31 06:00:00+03:00,,0.0,chunk_0014.json,POST /v1/generation/data/dpp-bulk,2026-05-31 21:45:15.946013+00:00,49231,SEYİTALİ RES,104341,2026-05-31T06:00:00+03:00,06:00
40W000000049231T,SEYİTALİ RES,unknown,2026-05-31 07:00:00+03:00,,0.0,chunk_0014.json,POST /v1/generation/data/dpp-bulk,2026-05-31 21:45:15.946013+00:00,49231,SEYİTALİ RES,104341,2026-05-31T07:00:00+03:00,07:00
40W000000049231T,SEYİTALİ RES,unknown,2026-05-31 08:00:00+03:00,,0.0,chunk_0014.json,POST /v1/generation/data/dpp-bulk,2026-05-31 21:45:15.946013+00:00,49231,SEYİTALİ RES,104341,2026-05-31T08:00:00+03:00,08:00
40W000000049231T,SEYİTALİ RES,unknown,2026-05-31 09:00:00+03:00,,0.0,chunk_0014.json,POST /v1/generation/data/dpp-bulk,2026-05-31 21:45:15.946013+00:00,49231,SEYİTALİ RES,104341,2026-05-31T09:00:00+03:00,09:00
40W000000049231T,SEYİTALİ RES,unknown,2026-05-31 10:00:00+03:00,,0.0,chunk_0014.json,POST /v1/generation/data/dpp-bulk,2026-05-31 21:45:15.946013+00:00,49231,SEYİTALİ RES,104341,2026-05-31T10:00:00+03:00,10:00
40W000000049231T,SEYİTALİ RES,unknown,2026-05-31 11:00:00+03:00,,0.0,chunk_0014.json,POST /v1/generation/data/dpp-bulk,2026-05-31 21:45:15.946013+00:00,49231,SEYİTALİ RES,104341,2026-05-31T11:00:00+03:00,11:00
40W000000049231T,SEYİTALİ RES,unknown,2026-05-31 12:00:00+03:00,,0.0,chunk_0014.json,POST /v1/generation/data/dpp-bulk,2026-05-31 21:45:15.946013+00:00,49231,SEYİTALİ RES,104341,2026-05-31T12:00:00+03:00,12:00
40W000000049231T,SEYİTALİ RES,unknown,2026-05-31 13:00:00+03:00,,0.0,chunk_0014.json,POST /v1/generation/data/dpp-bulk,2026-05-31 21:45:15.946013+00:00,49231,SEYİTALİ RES,104341,2026-05-31T13:00:00+03:00,13:00
40W000000049231T,SEYİTALİ RES,unknown,2026-05-31 14:00:00+03:00,,0.0,chunk_0014.json,POST /v1/generation/data/dpp-bulk,2026-05-31 21:45:15.946013+00:00,49231,SEYİTALİ RES,104341,2026-05-31T14:00:00+03:00,14:00
40W000000049231T,SEYİTALİ RES,unknown,2026-05-31 15:00:00+03:00,,0.0,chunk_0014.json,POST /v1/generation/data/dpp-bulk,2026-05-31 21:45:15.946013+00:00,49231,SEYİTALİ RES,104341,2026-05-31T15:00:00+03:00,15:00
40W000000049231T,SEYİTALİ RES,unknown,2026-05-31 16:00:00+03:00,,0.0,chunk_0014.json,POST /v1/generation/data/dpp-bulk,2026-05-31 21:45:15.946013+00:00,49231,SEYİTALİ RES,104341,2026-05-31T16:00:00+03:00,16:00
40W000000049231T,SEYİTALİ RES,unknown,2026-05-31 17:00:00+03:00,,0.0,chunk_0014.json,POST /v1/generation/data/dpp-bulk,2026-05-31 21:45:15.946013+00:00,49231,SEYİTALİ RES,104341,2026-05-31T17:00:00+03:00,17:00
40W000000049231T,SEYİTALİ RES,unknown,2026-05-31 18:00:00+03:00,,1.46,chunk_0014.json,POST /v1/generation/data/dpp-bulk,2026-05-31 21:45:15.946013+00:00,49231,SEYİTALİ RES,104341,2026-05-31T18:00:00+03:00,18:00
40W000000049231T,SEYİTALİ RES,unknown,2026-05-31 19:00:00+03:00,,1.6,chunk_0014.json,POST /v1/generation/data/dpp-bulk,2026-05-31 21:45:15.946013+00:00,49231,SEYİTALİ RES,104341,2026-05-31T19:00:00+03:00,19:00
40W000000049231T,SEYİTALİ RES,unknown,2026-05-31 20:00:00+03:00,,1.71,chunk_0014.json,POST /v1/generation/data/dpp-bulk,2026-05-31 21:45:15.946013+00:00,49231,SEYİTALİ RES,104341,2026-05-31T20:00:00+03:00,20:00
40W000000049231T,SEYİTALİ RES,unknown,2026-05-31 21:00:00+03:00,,1.52,chunk_0014.json,POST /v1/generation/data/dpp-bulk,2026-05-31 21:45:15.946013+00:00,49231,SEYİTALİ RES,104341,2026-05-31T21:00:00+03:00,21:00
40W000000049231T,SEYİTALİ RES,unknown,2026-05-31 22:00:00+03:00,,1.08,chunk_0014.json,POST /v1/generation/data/dpp-bulk,2026-05-31 21:45:15.946013+00:00,49231,SEYİTALİ RES,104341,2026-05-31T22:00:00+03:00,22:00
40W000000049231T,SEYİTALİ RES,unknown,2026-05-31 23:00:00+03:00,,1.02,chunk_0014.json,POST /v1/generation/data/dpp-bulk,2026-05-31 21:45:15.946013+00:00,49231,SEYİTALİ RES,104341,2026-05-31T23:00:00+03:00,23:00
40W0000000495391,Karasu-5 HES,unknown,2026-05-31 00:00:00+03:00,,0.0,chunk_0014.json,POST /v1/generation/data/dpp-bulk,2026-05-31 21:45:15.946013+00:00,49539,Karasu-5 HES,104341,2026-05-31T00:00:00+03:00,00:00
40W0000000495391,Karasu-5 HES,unknown,2026-05-31 01:00:00+03:00,,0.0,chunk_0014.json,POST /v1/generation/data/dpp-bulk,2026-05-31 21:45:15.946013+00:00,49539,Karasu-5 HES,104341,2026-05-31T01:00:00+03:00,01:00
40W0000000495391,Karasu-5 HES,unknown,2026-05-31 02:00:00+03:00,,0.0,chunk_0014.json,POST /v1/generation/data/dpp-bulk,2026-05-31 21:45:15.946013+00:00,49539,Karasu-5 HES,104341,2026-05-31T02:00:00+03:00,02:00
40W0000000495391,Karasu-5 HES,unknown,2026-05-31 03:00:00+03:00,,0.0,chunk_0014.json,POST /v1/generation/data/dpp-bulk,2026-05-31 21:45:15.946013+00:00,49539,Karasu-5 HES,104341,2026-05-31T03:00:00+03:00,03:00
40W0000000495391,Karasu-5 HES,unknown,2026-05-31 04:00:00+03:00,,0.0,chunk_0014.json,POST /v1/generation/data/dpp-bulk,2026-05-31 21:45:15.946013+00:00,49539,Karasu-5 HES,104341,2026-05-31T04:00:00+03:00,04:00
40W0000000495391,Karasu-5 HES,unknown,2026-05-31 05:00:00+03:00,,0.0,chunk_0014.json,POST /v1/generation/data/dpp-bulk,2026-05-31 21:45:15.946013+00:00,49539,Karasu-5 HES,104341,2026-05-31T05:00:00+03:00,05:00
40W0000000495391,Karasu-5 HES,unknown,2026-05-31 06:00:00+03:00,,0.0,chunk_0014.json,POST /v1/generation/data/dpp-bulk,2026-05-31 21:45:15.946013+00:00,49539,Karasu-5 HES,104341,2026-05-31T06:00:00+03:00,06:00
40W0000000495391,Karasu-5 HES,unknown,2026-05-31 07:00:00+03:00,,0.0,chunk_0014.json,POST /v1/generation/data/dpp-bulk,2026-05-31 21:45:15.946013+00:00,49539,Karasu-5 HES,104341,2026-05-31T07:00:00+03:00,07:00
40W0000000495391,Karasu-5 HES,unknown,2026-05-31 08:00:00+03:00,,0.0,chunk_0014.json,POST /v1/generation/data/dpp-bulk,2026-05-31 21:45:15.946013+00:00,49539,Karasu-5 HES,104341,2026-05-31T08:00:00+03:00,08:00
40W0000000495391,Karasu-5 HES,unknown,2026-05-31 09:00:00+03:00,,0.0,chunk_0014.json,POST /v1/generation/data/dpp-bulk,2026-05-31 21:45:15.946013+00:00,49539,Karasu-5 HES,104341,2026-05-31T09:00:00+03:00,09:00
40W0000000495391,Karasu-5 HES,unknown,2026-05-31 10:00:00+03:00,,0.0,chunk_0014.json,POST /v1/generation/data/dpp-bulk,2026-05-31 21:45:15.946013+00:00,49539,Karasu-5 HES,104341,2026-05-31T10:00:00+03:00,10:00
40W0000000495391,Karasu-5 HES,unknown,2026-05-31 11:00:00+03:00,,0.0,chunk_0014.json,POST /v1/generation/data/dpp-bulk,2026-05-31 21:45:15.946013+00:00,49539,Karasu-5 HES,104341,2026-05-31T11:00:00+03:00,11:00
40W0000000495391,Karasu-5 HES,unknown,2026-05-31 12:00:00+03:00,,0.0,chunk_0014.json,POST /v1/generation/data/dpp-bulk,2026-05-31 21:45:15.946013+00:00,49539,Karasu-5 HES,104341,2026-05-31T12:00:00+03:00,12:00
40W0000000495391,Karasu-5 HES,unknown,2026-05-31 13:00:00+03:00,,0.0,chunk_0014.json,POST /v1/generation/data/dpp-bulk,2026-05-31 21:45:15.946013+00:00,49539,Karasu-5 HES,104341,2026-05-31T13:00:00+03:00,13:00
40W0000000495391,Karasu-5 HES,unknown,2026-05-31 14:00:00+03:00,,0.0,chunk_0014.json,POST /v1/generation/data/dpp-bulk,2026-05-31 21:45:15.946013+00:00,49539,Karasu-5 HES,104341,2026-05-31T14:00:00+03:00,14:00
40W0000000495391,Karasu-5 HES,unknown,2026-05-31 15:00:00+03:00,,0.0,chunk_0014.json,POST /v1/generation/data/dpp-bulk,2026-05-31 21:45:15.946013+00:00,49539,Karasu-5 HES,104341,2026-05-31T15:00:00+03:00,15:00
40W0000000495391,Karasu-5 HES,unknown,2026-05-31 16:00:00+03:00,,0.0,chunk_0014.json,POST /v1/generation/data/dpp-bulk,2026-05-31 21:45:15.946013+00:00,49539,Karasu-5 HES,104341,2026-05-31T16:00:00+03:00,16:00
40W0000000495391,Karasu-5 HES,unknown,2026-05-31 17:00:00+03:00,,0.0,chunk_0014.json,POST /v1/generation/data/dpp-bulk,2026-05-31 21:45:15.946013+00:00,49539,Karasu-5 HES,104341,2026-05-31T17:00:00+03:00,17:00
40W0000000495391,Karasu-5 HES,unknown,2026-05-31 18:00:00+03:00,,0.0,chunk_0014.json,POST /v1/generation/data/dpp-bulk,2026-05-31 21:45:15.946013+00:00,49539,Karasu-5 HES,104341,2026-05-31T18:00:00+03:00,18:00
40W0000000495391,Karasu-5 HES,unknown,2026-05-31 19:00:00+03:00,,2.29,chunk_0014.json,POST /v1/generation/data/dpp-bulk,2026-05-31 21:45:15.946013+00:00,49539,Karasu-5 HES,104341,2026-05-31T19:00:00+03:00,19:00
40W0000000495391,Karasu-5 HES,unknown,2026-05-31 20:00:00+03:00,,3.5,chunk_0014.json,POST /v1/generation/data/dpp-bulk,2026-05-31 21:45:15.946013+00:00,49539,Karasu-5 HES,104341,2026-05-31T20:00:00+03:00,20:00
40W0000000495391,Karasu-5 HES,unknown,2026-05-31 21:00:00+03:00,,3.5,chunk_0014.json,POST /v1/generation/data/dpp-bulk,2026-05-31 21:45:15.946013+00:00,49539,Karasu-5 HES,104341,2026-05-31T21:00:00+03:00,21:00
40W0000000495391,Karasu-5 HES,unknown,2026-05-31 22:00:00+03:00,,3.5,chunk_0014.json,POST /v1/generation/data/dpp-bulk,2026-05-31 21:45:15.946013+00:00,49539,Karasu-5 HES,104341,2026-05-31T22:00:00+03:00,22:00
40W0000000495391,Karasu-5 HES,unknown,2026-05-31 23:00:00+03:00,,3.5,chunk_0014.json,POST /v1/generation/data/dpp-bulk,2026-05-31 21:45:15.946013+00:00,49539,Karasu-5 HES,104341,2026-05-31T23:00:00+03:00,23:00
40W000000049542C,Karasu-4.3 HES,unknown,2026-05-31 00:00:00+03:00,,0.0,chunk_0014.json,POST /v1/generation/data/dpp-bulk,2026-05-31 21:45:15.946013+00:00,49542,Karasu-4.3 HES,104341,2026-05-31T00:00:00+03:00,00:00
40W000000049542C,Karasu-4.3 HES,unknown,2026-05-31 01:00:00+03:00,,0.0,chunk_0014.json,POST /v1/generation/data/dpp-bulk,2026-05-31 21:45:15.946013+00:00,49542,Karasu-4.3 HES,104341,2026-05-31T01:00:00+03:00,01:00
40W000000049542C,Karasu-4.3 HES,unknown,2026-05-31 02:00:00+03:00,,0.0,chunk_0014.json,POST /v1/generation/data/dpp-bulk,2026-05-31 21:45:15.946013+00:00,49542,Karasu-4.3 HES,104341,2026-05-31T02:00:00+03:00,02:00
40W000000049542C,Karasu-4.3 HES,unknown,2026-05-31 03:00:00+03:00,,0.0,chunk_0014.json,POST /v1/generation/data/dpp-bulk,2026-05-31 21:45:15.946013+00:00,49542,Karasu-4.3 HES,104341,2026-05-31T03:00:00+03:00,03:00
40W000000049542C,Karasu-4.3 HES,unknown,2026-05-31 04:00:00+03:00,,0.0,chunk_0014.json,POST /v1/generation/data/dpp-bulk,2026-05-31 21:45:15.946013+00:00,49542,Karasu-4.3 HES,104341,2026-05-31T04:00:00+03:00,04:00
40W000000049542C,Karasu-4.3 HES,unknown,2026-05-31 05:00:00+03:00,,0.0,chunk_0014.json,POST /v1/generation/data/dpp-bulk,2026-05-31 21:45:15.946013+00:00,49542,Karasu-4.3 HES,104341,2026-05-31T05:00:00+03:00,05:00
40W000000049542C,Karasu-4.3 HES,unknown,2026-05-31 06:00:00+03:00,,0.0,chunk_0014.json,POST /v1/generation/data/dpp-bulk,2026-05-31 21:45:15.946013+00:00,49542,Karasu-4.3 HES,104341,2026-05-31T06:00:00+03:00,06:00
40W000000049542C,Karasu-4.3 HES,unknown,2026-05-31 07:00:00+03:00,,0.0,chunk_0014.json,POST /v1/generation/data/dpp-bulk,2026-05-31 21:45:15.946013+00:00,49542,Karasu-4.3 HES,104341,2026-05-31T07:00:00+03:00,07:00
40W000000049542C,Karasu-4.3 HES,unknown,2026-05-31 08:00:00+03:00,,0.0,chunk_0014.json,POST /v1/generation/data/dpp-bulk,2026-05-31 21:45:15.946013+00:00,49542,Karasu-4.3 HES,104341,2026-05-31T08:00:00+03:00,08:00
40W000000049542C,Karasu-4.3 HES,unknown,2026-05-31 09:00:00+03:00,,0.0,chunk_0014.json,POST /v1/generation/data/dpp-bulk,2026-05-31 21:45:15.946013+00:00,49542,Karasu-4.3 HES,104341,2026-05-31T09:00:00+03:00,09:00
40W000000049542C,Karasu-4.3 HES,unknown,2026-05-31 10:00:00+03:00,,0.0,chunk_0014.json,POST /v1/generation/data/dpp-bulk,2026-05-31 21:45:15.946013+00:00,49542,Karasu-4.3 HES,104341,2026-05-31T10:00:00+03:00,10:00
40W000000049542C,Karasu-4.3 HES,unknown,2026-05-31 11:00:00+03:00,,0.0,chunk_0014.json,POST /v1/generation/data/dpp-bulk,2026-05-31 21:45:15.946013+00:00,49542,Karasu-4.3 HES,104341,2026-05-31T11:00:00+03:00,11:00
40W000000049542C,Karasu-4.3 HES,unknown,2026-05-31 12:00:00+03:00,,0.0,chunk_0014.json,POST /v1/generation/data/dpp-bulk,2026-05-31 21:45:15.946013+00:00,49542,Karasu-4.3 HES,104341,2026-05-31T12:00:00+03:00,12:00
40W000000049542C,Karasu-4.3 HES,unknown,2026-05-31 13:00:00+03:00,,0.0,chunk_0014.json,POST /v1/generation/data/dpp-bulk,2026-05-31 21:45:15.946013+00:00,49542,Karasu-4.3 HES,104341,2026-05-31T13:00:00+03:00,13:00
40W000000049542C,Karasu-4.3 HES,unknown,2026-05-31 14:00:00+03:00,,0.0,chunk_0014.json,POST /v1/generation/data/dpp-bulk,2026-05-31 21:45:15.946013+00:00,49542,Karasu-4.3 HES,104341,2026-05-31T14:00:00+03:00,14:00
40W000000049542C,Karasu-4.3 HES,unknown,2026-05-31 15:00:00+03:00,,0.0,chunk_0014.json,POST /v1/generation/data/dpp-bulk,2026-05-31 21:45:15.946013+00:00,49542,Karasu-4.3 HES,104341,2026-05-31T15:00:00+03:00,15:00
40W000000049542C,Karasu-4.3 HES,unknown,2026-05-31 16:00:00+03:00,,0.0,chunk_0014.json,POST /v1/generation/data/dpp-bulk,2026-05-31 21:45:15.946013+00:00,49542,Karasu-4.3 HES,104341,2026-05-31T16:00:00+03:00,16:00
40W000000049542C,Karasu-4.3 HES,unknown,2026-05-31 17:00:00+03:00,,0.0,chunk_0014.json,POST /v1/generation/data/dpp-bulk,2026-05-31 21:45:15.946013+00:00,49542,Karasu-4.3 HES,104341,2026-05-31T17:00:00+03:00,17:00
40W000000049542C,Karasu-4.3 HES,unknown,2026-05-31 18:00:00+03:00,,0.0,chunk_0014.json,POST /v1/generation/data/dpp-bulk,2026-05-31 21:45:15.946013+00:00,49542,Karasu-4.3 HES,104341,2026-05-31T18:00:00+03:00,18:00
40W000000049542C,Karasu-4.3 HES,unknown,2026-05-31 19:00:00+03:00,,0.0,chunk_0014.json,POST /v1/generation/data/dpp-bulk,2026-05-31 21:45:15.946013+00:00,49542,Karasu-4.3 HES,104341,2026-05-31T19:00:00+03:00,19:00
40W000000049542C,Karasu-4.3 HES,unknown,2026-05-31 20:00:00+03:00,,1.6,chunk_0014.json,POST /v1/generation/data/dpp-bulk,2026-05-31 21:45:15.946013+00:00,49542,Karasu-4.3 HES,104341,2026-05-31T20:00:00+03:00,20:00
40W000000049542C,Karasu-4.3 HES,unknown,2026-05-31 21:00:00+03:00,,0.6,chunk_0014.json,POST /v1/generation/data/dpp-bulk,2026-05-31 21:45:15.946013+00:00,49542,Karasu-4.3 HES,104341,2026-05-31T21:00:00+03:00,21:00
40W000000049542C,Karasu-4.3 HES,unknown,2026-05-31 22:00:00+03:00,,1.6,chunk_0014.json,POST /v1/generation/data/dpp-bulk,2026-05-31 21:45:15.946013+00:00,49542,Karasu-4.3 HES,104341,2026-05-31T22:00:00+03:00,22:00
40W000000049542C,Karasu-4.3 HES,unknown,2026-05-31 23:00:00+03:00,,1.6,chunk_0014.json,POST /v1/generation/data/dpp-bulk,2026-05-31 21:45:15.946013+00:00,49542,Karasu-4.3 HES,104341,2026-05-31T23:00:00+03:00,23:00
40W0000000605525,POYRAZ HES,unknown,2026-05-31 00:00:00+03:00,,0.0,chunk_0014.json,POST /v1/generation/data/dpp-bulk,2026-05-31 21:45:15.946013+00:00,60552,POYRAZ HES,104523,2026-05-31T00:00:00+03:00,00:00
40W0000000605525,POYRAZ HES,unknown,2026-05-31 01:00:00+03:00,,0.0,chunk_0014.json,POST /v1/generation/data/dpp-bulk,2026-05-31 21:45:15.946013+00:00,60552,POYRAZ HES,104523,2026-05-31T01:00:00+03:00,01:00
40W0000000605525,POYRAZ HES,unknown,2026-05-31 02:00:00+03:00,,0.0,chunk_0014.json,POST /v1/generation/data/dpp-bulk,2026-05-31 21:45:15.946013+00:00,60552,POYRAZ HES,104523,2026-05-31T02:00:00+03:00,02:00
40W0000000605525,POYRAZ HES,unknown,2026-05-31 03:00:00+03:00,,0.0,chunk_0014.json,POST /v1/generation/data/dpp-bulk,2026-05-31 21:45:15.946013+00:00,60552,POYRAZ HES,104523,2026-05-31T03:00:00+03:00,03:00
40W0000000605525,POYRAZ HES,unknown,2026-05-31 04:00:00+03:00,,0.0,chunk_0014.json,POST /v1/generation/data/dpp-bulk,2026-05-31 21:45:15.946013+00:00,60552,POYRAZ HES,104523,2026-05-31T04:00:00+03:00,04:00
40W0000000605525,POYRAZ HES,unknown,2026-05-31 05:00:00+03:00,,0.0,chunk_0014.json,POST /v1/generation/data/dpp-bulk,2026-05-31 21:45:15.946013+00:00,60552,POYRAZ HES,104523,2026-05-31T05:00:00+03:00,05:00
40W0000000605525,POYRAZ HES,unknown,2026-05-31 06:00:00+03:00,,0.0,chunk_0014.json,POST /v1/generation/data/dpp-bulk,2026-05-31 21:45:15.946013+00:00,60552,POYRAZ HES,104523,2026-05-31T06:00:00+03:00,06:00
40W0000000605525,POYRAZ HES,unknown,2026-05-31 07:00:00+03:00,,0.0,chunk_0014.json,POST /v1/generation/data/dpp-bulk,2026-05-31 21:45:15.946013+00:00,60552,POYRAZ HES,104523,2026-05-31T07:00:00+03:00,07:00
40W0000000605525,POYRAZ HES,unknown,2026-05-31 08:00:00+03:00,,0.0,chunk_0014.json,POST /v1/generation/data/dpp-bulk,2026-05-31 21:45:15.946013+00:00,60552,POYRAZ HES,104523,2026-05-31T08:00:00+03:00,08:00
40W0000000605525,POYRAZ HES,unknown,2026-05-31 09:00:00+03:00,,0.0,chunk_0014.json,POST /v1/generation/data/dpp-bulk,2026-05-31 21:45:15.946013+00:00,60552,POYRAZ HES,104523,2026-05-31T09:00:00+03:00,09:00
40W0000000605525,POYRAZ HES,unknown,2026-05-31 10:00:00+03:00,,0.0,chunk_0014.json,POST /v1/generation/data/dpp-bulk,2026-05-31 21:45:15.946013+00:00,60552,POYRAZ HES,104523,2026-05-31T10:00:00+03:00,10:00
40W0000000605525,POYRAZ HES,unknown,2026-05-31 11:00:00+03:00,,0.0,chunk_0014.json,POST /v1/generation/data/dpp-bulk,2026-05-31 21:45:15.946013+00:00,60552,POYRAZ HES,104523,2026-05-31T11:00:00+03:00,11:00
40W0000000605525,POYRAZ HES,unknown,2026-05-31 12:00:00+03:00,,0.0,chunk_0014.json,POST /v1/generation/data/dpp-bulk,2026-05-31 21:45:15.946013+00:00,60552,POYRAZ HES,104523,2026-05-31T12:00:00+03:00,12:00
40W0000000605525,POYRAZ HES,unknown,2026-05-31 13:00:00+03:00,,0.0,chunk_0014.json,POST /v1/generation/data/dpp-bulk,2026-05-31 21:45:15.946013+00:00,60552,POYRAZ HES,104523,2026-05-31T13:00:00+03:00,13:00
40W0000000605525,POYRAZ HES,unknown,2026-05-31 14:00:00+03:00,,0.0,chunk_0014.json,POST /v1/generation/data/dpp-bulk,2026-05-31 21:45:15.946013+00:00,60552,POYRAZ HES,104523,2026-05-31T14:00:00+03:00,14:00
40W0000000605525,POYRAZ HES,unknown,2026-05-31 15:00:00+03:00,,0.0,chunk_0014.json,POST /v1/generation/data/dpp-bulk,2026-05-31 21:45:15.946013+00:00,60552,POYRAZ HES,104523,2026-05-31T15:00:00+03:00,15:00
40W0000000605525,POYRAZ HES,unknown,2026-05-31 16:00:00+03:00,,0.0,chunk_0014.json,POST /v1/generation/data/dpp-bulk,2026-05-31 21:45:15.946013+00:00,60552,POYRAZ HES,104523,2026-05-31T16:00:00+03:00,16:00
40W0000000605525,POYRAZ HES,unknown,2026-05-31 17:00:00+03:00,,0.0,chunk_0014.json,POST /v1/generation/data/dpp-bulk,2026-05-31 21:45:15.946013+00:00,60552,POYRAZ HES,104523,2026-05-31T17:00:00+03:00,17:00
40W0000000605525,POYRAZ HES,unknown,2026-05-31 18:00:00+03:00,,0.0,chunk_0014.json,POST /v1/generation/data/dpp-bulk,2026-05-31 21:45:15.946013+00:00,60552,POYRAZ HES,104523,2026-05-31T18:00:00+03:00,18:00
40W0000000605525,POYRAZ HES,unknown,2026-05-31 19:00:00+03:00,,0.0,chunk_0014.json,POST /v1/generation/data/dpp-bulk,2026-05-31 21:45:15.946013+00:00,60552,POYRAZ HES,104523,2026-05-31T19:00:00+03:00,19:00
40W0000000605525,POYRAZ HES,unknown,2026-05-31 20:00:00+03:00,,0.0,chunk_0014.json,POST /v1/generation/data/dpp-bulk,2026-05-31 21:45:15.946013+00:00,60552,POYRAZ HES,104523,2026-05-31T20:00:00+03:00,20:00
40W0000000605525,POYRAZ HES,unknown,2026-05-31 21:00:00+03:00,,0.0,chunk_0014.json,POST /v1/generation/data/dpp-bulk,2026-05-31 21:45:15.946013+00:00,60552,POYRAZ HES,104523,2026-05-31T21:00:00+03:00,21:00
40W0000000605525,POYRAZ HES,unknown,2026-05-31 22:00:00+03:00,,0.0,chunk_0014.json,POST /v1/generation/data/dpp-bulk,2026-05-31 21:45:15.946013+00:00,60552,POYRAZ HES,104523,2026-05-31T22:00:00+03:00,22:00
40W0000000605525,POYRAZ HES,unknown,2026-05-31 23:00:00+03:00,,0.0,chunk_0014.json,POST /v1/generation/data/dpp-bulk,2026-05-31 21:45:15.946013+00:00,60552,POYRAZ HES,104523,2026-05-31T23:00:00+03:00,23:00
