entsoe_code,plant_name,fuel_type,delivery_hour,publication_timestamp,kgup_mwh,source_file,source_api,forecast_timestamp,uevcb_id,uevcb_name,org_id,date_raw,time_raw
40W000002061039X,ENERJİSA YAMANLI II HES,unknown,2026-05-31 00:00:00+03:00,,54.0,chunk_0027.json,POST /v1/generation/data/dpp-bulk,2026-05-31 21:45:36.599110+00:00,2061039,ENERJİSA YAMANLI II HES,282,2026-05-31T00:00:00+03:00,00:00
40W000002061039X,ENERJİSA YAMANLI II HES,unknown,2026-05-31 01:00:00+03:00,,54.0,chunk_0027.json,POST /v1/generation/data/dpp-bulk,2026-05-31 21:45:36.599110+00:00,2061039,ENERJİSA YAMANLI II HES,282,2026-05-31T01:00:00+03:00,01:00
40W000002061039X,ENERJİSA YAMANLI II HES,unknown,2026-05-31 02:00:00+03:00,,56.0,chunk_0027.json,POST /v1/generation/data/dpp-bulk,2026-05-31 21:45:36.599110+00:00,2061039,ENERJİSA YAMANLI II HES,282,2026-05-31T02:00:00+03:00,02:00
40W000002061039X,ENERJİSA YAMANLI II HES,unknown,2026-05-31 03:00:00+03:00,,56.0,chunk_0027.json,POST /v1/generation/data/dpp-bulk,2026-05-31 21:45:36.599110+00:00,2061039,ENERJİSA YAMANLI II HES,282,2026-05-31T03:00:00+03:00,03:00
40W000002061039X,ENERJİSA YAMANLI II HES,unknown,2026-05-31 04:00:00+03:00,,58.0,chunk_0027.json,POST /v1/generation/data/dpp-bulk,2026-05-31 21:45:36.599110+00:00,2061039,ENERJİSA YAMANLI II HES,282,2026-05-31T04:00:00+03:00,04:00
40W000002061039X,ENERJİSA YAMANLI II HES,unknown,2026-05-31 05:00:00+03:00,,0.0,chunk_0027.json,POST /v1/generation/data/dpp-bulk,2026-05-31 21:45:36.599110+00:00,2061039,ENERJİSA YAMANLI II HES,282,2026-05-31T05:00:00+03:00,05:00
40W000002061039X,ENERJİSA YAMANLI II HES,unknown,2026-05-31 06:00:00+03:00,,0.0,chunk_0027.json,POST /v1/generation/data/dpp-bulk,2026-05-31 21:45:36.599110+00:00,2061039,ENERJİSA YAMANLI II HES,282,2026-05-31T06:00:00+03:00,06:00
40W000002061039X,ENERJİSA YAMANLI II HES,unknown,2026-05-31 07:00:00+03:00,,0.0,chunk_0027.json,POST /v1/generation/data/dpp-bulk,2026-05-31 21:45:36.599110+00:00,2061039,ENERJİSA YAMANLI II HES,282,2026-05-31T07:00:00+03:00,07:00
40W000002061039X,ENERJİSA YAMANLI II HES,unknown,2026-05-31 08:00:00+03:00,,0.0,chunk_0027.json,POST /v1/generation/data/dpp-bulk,2026-05-31 21:45:36.599110+00:00,2061039,ENERJİSA YAMANLI II HES,282,2026-05-31T08:00:00+03:00,08:00
40W000002061039X,ENERJİSA YAMANLI II HES,unknown,2026-05-31 09:00:00+03:00,,0.0,chunk_0027.json,POST /v1/generation/data/dpp-bulk,2026-05-31 21:45:36.599110+00:00,2061039,ENERJİSA YAMANLI II HES,282,2026-05-31T09:00:00+03:00,09:00
40W000002061039X,ENERJİSA YAMANLI II HES,unknown,2026-05-31 10:00:00+03:00,,0.0,chunk_0027.json,POST /v1/generation/data/dpp-bulk,2026-05-31 21:45:36.599110+00:00,2061039,ENERJİSA YAMANLI II HES,282,2026-05-31T10:00:00+03:00,10:00
40W000002061039X,ENERJİSA YAMANLI II HES,unknown,2026-05-31 11:00:00+03:00,,0.0,chunk_0027.json,POST /v1/generation/data/dpp-bulk,2026-05-31 21:45:36.599110+00:00,2061039,ENERJİSA YAMANLI II HES,282,2026-05-31T11:00:00+03:00,11:00
40W000002061039X,ENERJİSA YAMANLI II HES,unknown,2026-05-31 12:00:00+03:00,,0.0,chunk_0027.json,POST /v1/generation/data/dpp-bulk,2026-05-31 21:45:36.599110+00:00,2061039,ENERJİSA YAMANLI II HES,282,2026-05-31T12:00:00+03:00,12:00
40W000002061039X,ENERJİSA YAMANLI II HES,unknown,2026-05-31 13:00:00+03:00,,0.0,chunk_0027.json,POST /v1/generation/data/dpp-bulk,2026-05-31 21:45:36.599110+00:00,2061039,ENERJİSA YAMANLI II HES,282,2026-05-31T13:00:00+03:00,13:00
40W000002061039X,ENERJİSA YAMANLI II HES,unknown,2026-05-31 14:00:00+03:00,,0.0,chunk_0027.json,POST /v1/generation/data/dpp-bulk,2026-05-31 21:45:36.599110+00:00,2061039,ENERJİSA YAMANLI II HES,282,2026-05-31T14:00:00+03:00,14:00
40W000002061039X,ENERJİSA YAMANLI II HES,unknown,2026-05-31 15:00:00+03:00,,0.0,chunk_0027.json,POST /v1/generation/data/dpp-bulk,2026-05-31 21:45:36.599110+00:00,2061039,ENERJİSA YAMANLI II HES,282,2026-05-31T15:00:00+03:00,15:00
40W000002061039X,ENERJİSA YAMANLI II HES,unknown,2026-05-31 16:00:00+03:00,,0.0,chunk_0027.json,POST /v1/generation/data/dpp-bulk,2026-05-31 21:45:36.599110+00:00,2061039,ENERJİSA YAMANLI II HES,282,2026-05-31T16:00:00+03:00,16:00
40W000002061039X,ENERJİSA YAMANLI II HES,unknown,2026-05-31 17:00:00+03:00,,0.0,chunk_0027.json,POST /v1/generation/data/dpp-bulk,2026-05-31 21:45:36.599110+00:00,2061039,ENERJİSA YAMANLI II HES,282,2026-05-31T17:00:00+03:00,17:00
40W000002061039X,ENERJİSA YAMANLI II HES,unknown,2026-05-31 18:00:00+03:00,,58.0,chunk_0027.json,POST /v1/generation/data/dpp-bulk,2026-05-31 21:45:36.599110+00:00,2061039,ENERJİSA YAMANLI II HES,282,2026-05-31T18:00:00+03:00,18:00
40W000002061039X,ENERJİSA YAMANLI II HES,unknown,2026-05-31 19:00:00+03:00,,58.0,chunk_0027.json,POST /v1/generation/data/dpp-bulk,2026-05-31 21:45:36.599110+00:00,2061039,ENERJİSA YAMANLI II HES,282,2026-05-31T19:00:00+03:00,19:00
40W000002061039X,ENERJİSA YAMANLI II HES,unknown,2026-05-31 20:00:00+03:00,,58.0,chunk_0027.json,POST /v1/generation/data/dpp-bulk,2026-05-31 21:45:36.599110+00:00,2061039,ENERJİSA YAMANLI II HES,282,2026-05-31T20:00:00+03:00,20:00
40W000002061039X,ENERJİSA YAMANLI II HES,unknown,2026-05-31 21:00:00+03:00,,58.0,chunk_0027.json,POST /v1/generation/data/dpp-bulk,2026-05-31 21:45:36.599110+00:00,2061039,ENERJİSA YAMANLI II HES,282,2026-05-31T21:00:00+03:00,21:00
40W000002061039X,ENERJİSA YAMANLI II HES,unknown,2026-05-31 22:00:00+03:00,,58.0,chunk_0027.json,POST /v1/generation/data/dpp-bulk,2026-05-31 21:45:36.599110+00:00,2061039,ENERJİSA YAMANLI II HES,282,2026-05-31T22:00:00+03:00,22:00
40W000002061039X,ENERJİSA YAMANLI II HES,unknown,2026-05-31 23:00:00+03:00,,58.0,chunk_0027.json,POST /v1/generation/data/dpp-bulk,2026-05-31 21:45:36.599110+00:00,2061039,ENERJİSA YAMANLI II HES,282,2026-05-31T23:00:00+03:00,23:00
40W0000020609562,Bucakkışla HES,unknown,2026-05-31 00:00:00+03:00,,39.0,chunk_0027.json,POST /v1/generation/data/dpp-bulk,2026-05-31 21:45:36.599110+00:00,2060956,Bucakkışla HES,294,2026-05-31T00:00:00+03:00,00:00
40W0000020609562,Bucakkışla HES,unknown,2026-05-31 01:00:00+03:00,,39.0,chunk_0027.json,POST /v1/generation/data/dpp-bulk,2026-05-31 21:45:36.599110+00:00,2060956,Bucakkışla HES,294,2026-05-31T01:00:00+03:00,01:00
40W0000020609562,Bucakkışla HES,unknown,2026-05-31 02:00:00+03:00,,39.0,chunk_0027.json,POST /v1/generation/data/dpp-bulk,2026-05-31 21:45:36.599110+00:00,2060956,Bucakkışla HES,294,2026-05-31T02:00:00+03:00,02:00
40W0000020609562,Bucakkışla HES,unknown,2026-05-31 03:00:00+03:00,,0.0,chunk_0027.json,POST /v1/generation/data/dpp-bulk,2026-05-31 21:45:36.599110+00:00,2060956,Bucakkışla HES,294,2026-05-31T03:00:00+03:00,03:00
40W0000020609562,Bucakkışla HES,unknown,2026-05-31 04:00:00+03:00,,0.0,chunk_0027.json,POST /v1/generation/data/dpp-bulk,2026-05-31 21:45:36.599110+00:00,2060956,Bucakkışla HES,294,2026-05-31T04:00:00+03:00,04:00
40W0000020609562,Bucakkışla HES,unknown,2026-05-31 05:00:00+03:00,,0.0,chunk_0027.json,POST /v1/generation/data/dpp-bulk,2026-05-31 21:45:36.599110+00:00,2060956,Bucakkışla HES,294,2026-05-31T05:00:00+03:00,05:00
40W0000020609562,Bucakkışla HES,unknown,2026-05-31 06:00:00+03:00,,0.0,chunk_0027.json,POST /v1/generation/data/dpp-bulk,2026-05-31 21:45:36.599110+00:00,2060956,Bucakkışla HES,294,2026-05-31T06:00:00+03:00,06:00
40W0000020609562,Bucakkışla HES,unknown,2026-05-31 07:00:00+03:00,,0.0,chunk_0027.json,POST /v1/generation/data/dpp-bulk,2026-05-31 21:45:36.599110+00:00,2060956,Bucakkışla HES,294,2026-05-31T07:00:00+03:00,07:00
40W0000020609562,Bucakkışla HES,unknown,2026-05-31 08:00:00+03:00,,0.0,chunk_0027.json,POST /v1/generation/data/dpp-bulk,2026-05-31 21:45:36.599110+00:00,2060956,Bucakkışla HES,294,2026-05-31T08:00:00+03:00,08:00
40W0000020609562,Bucakkışla HES,unknown,2026-05-31 09:00:00+03:00,,0.0,chunk_0027.json,POST /v1/generation/data/dpp-bulk,2026-05-31 21:45:36.599110+00:00,2060956,Bucakkışla HES,294,2026-05-31T09:00:00+03:00,09:00
40W0000020609562,Bucakkışla HES,unknown,2026-05-31 10:00:00+03:00,,0.0,chunk_0027.json,POST /v1/generation/data/dpp-bulk,2026-05-31 21:45:36.599110+00:00,2060956,Bucakkışla HES,294,2026-05-31T10:00:00+03:00,10:00
40W0000020609562,Bucakkışla HES,unknown,2026-05-31 11:00:00+03:00,,0.0,chunk_0027.json,POST /v1/generation/data/dpp-bulk,2026-05-31 21:45:36.599110+00:00,2060956,Bucakkışla HES,294,2026-05-31T11:00:00+03:00,11:00
40W0000020609562,Bucakkışla HES,unknown,2026-05-31 12:00:00+03:00,,0.0,chunk_0027.json,POST /v1/generation/data/dpp-bulk,2026-05-31 21:45:36.599110+00:00,2060956,Bucakkışla HES,294,2026-05-31T12:00:00+03:00,12:00
40W0000020609562,Bucakkışla HES,unknown,2026-05-31 13:00:00+03:00,,0.0,chunk_0027.json,POST /v1/generation/data/dpp-bulk,2026-05-31 21:45:36.599110+00:00,2060956,Bucakkışla HES,294,2026-05-31T13:00:00+03:00,13:00
40W0000020609562,Bucakkışla HES,unknown,2026-05-31 14:00:00+03:00,,0.0,chunk_0027.json,POST /v1/generation/data/dpp-bulk,2026-05-31 21:45:36.599110+00:00,2060956,Bucakkışla HES,294,2026-05-31T14:00:00+03:00,14:00
40W0000020609562,Bucakkışla HES,unknown,2026-05-31 15:00:00+03:00,,0.0,chunk_0027.json,POST /v1/generation/data/dpp-bulk,2026-05-31 21:45:36.599110+00:00,2060956,Bucakkışla HES,294,2026-05-31T15:00:00+03:00,15:00
40W0000020609562,Bucakkışla HES,unknown,2026-05-31 16:00:00+03:00,,0.0,chunk_0027.json,POST /v1/generation/data/dpp-bulk,2026-05-31 21:45:36.599110+00:00,2060956,Bucakkışla HES,294,2026-05-31T16:00:00+03:00,16:00
40W0000020609562,Bucakkışla HES,unknown,2026-05-31 17:00:00+03:00,,0.0,chunk_0027.json,POST /v1/generation/data/dpp-bulk,2026-05-31 21:45:36.599110+00:00,2060956,Bucakkışla HES,294,2026-05-31T17:00:00+03:00,17:00
40W0000020609562,Bucakkışla HES,unknown,2026-05-31 18:00:00+03:00,,0.0,chunk_0027.json,POST /v1/generation/data/dpp-bulk,2026-05-31 21:45:36.599110+00:00,2060956,Bucakkışla HES,294,2026-05-31T18:00:00+03:00,18:00
40W0000020609562,Bucakkışla HES,unknown,2026-05-31 19:00:00+03:00,,39.0,chunk_0027.json,POST /v1/generation/data/dpp-bulk,2026-05-31 21:45:36.599110+00:00,2060956,Bucakkışla HES,294,2026-05-31T19:00:00+03:00,19:00
40W0000020609562,Bucakkışla HES,unknown,2026-05-31 20:00:00+03:00,,39.0,chunk_0027.json,POST /v1/generation/data/dpp-bulk,2026-05-31 21:45:36.599110+00:00,2060956,Bucakkışla HES,294,2026-05-31T20:00:00+03:00,20:00
40W0000020609562,Bucakkışla HES,unknown,2026-05-31 21:00:00+03:00,,39.0,chunk_0027.json,POST /v1/generation/data/dpp-bulk,2026-05-31 21:45:36.599110+00:00,2060956,Bucakkışla HES,294,2026-05-31T21:00:00+03:00,21:00
40W0000020609562,Bucakkışla HES,unknown,2026-05-31 22:00:00+03:00,,39.0,chunk_0027.json,POST /v1/generation/data/dpp-bulk,2026-05-31 21:45:36.599110+00:00,2060956,Bucakkışla HES,294,2026-05-31T22:00:00+03:00,22:00
40W0000020609562,Bucakkışla HES,unknown,2026-05-31 23:00:00+03:00,,39.0,chunk_0027.json,POST /v1/generation/data/dpp-bulk,2026-05-31 21:45:36.599110+00:00,2060956,Bucakkışla HES,294,2026-05-31T23:00:00+03:00,23:00
40W0000020609295,PEMBELİK HES,unknown,2026-05-31 00:00:00+03:00,,79.0,chunk_0027.json,POST /v1/generation/data/dpp-bulk,2026-05-31 21:45:36.599110+00:00,2060929,PEMBELİK HES,577,2026-05-31T00:00:00+03:00,00:00
40W0000020609295,PEMBELİK HES,unknown,2026-05-31 01:00:00+03:00,,79.0,chunk_0027.json,POST /v1/generation/data/dpp-bulk,2026-05-31 21:45:36.599110+00:00,2060929,PEMBELİK HES,577,2026-05-31T01:00:00+03:00,01:00
40W0000020609295,PEMBELİK HES,unknown,2026-05-31 02:00:00+03:00,,79.0,chunk_0027.json,POST /v1/generation/data/dpp-bulk,2026-05-31 21:45:36.599110+00:00,2060929,PEMBELİK HES,577,2026-05-31T02:00:00+03:00,02:00
40W0000020609295,PEMBELİK HES,unknown,2026-05-31 03:00:00+03:00,,79.0,chunk_0027.json,POST /v1/generation/data/dpp-bulk,2026-05-31 21:45:36.599110+00:00,2060929,PEMBELİK HES,577,2026-05-31T03:00:00+03:00,03:00
40W0000020609295,PEMBELİK HES,unknown,2026-05-31 04:00:00+03:00,,79.0,chunk_0027.json,POST /v1/generation/data/dpp-bulk,2026-05-31 21:45:36.599110+00:00,2060929,PEMBELİK HES,577,2026-05-31T04:00:00+03:00,04:00
40W0000020609295,PEMBELİK HES,unknown,2026-05-31 05:00:00+03:00,,79.0,chunk_0027.json,POST /v1/generation/data/dpp-bulk,2026-05-31 21:45:36.599110+00:00,2060929,PEMBELİK HES,577,2026-05-31T05:00:00+03:00,05:00
40W0000020609295,PEMBELİK HES,unknown,2026-05-31 06:00:00+03:00,,79.0,chunk_0027.json,POST /v1/generation/data/dpp-bulk,2026-05-31 21:45:36.599110+00:00,2060929,PEMBELİK HES,577,2026-05-31T06:00:00+03:00,06:00
40W0000020609295,PEMBELİK HES,unknown,2026-05-31 07:00:00+03:00,,79.0,chunk_0027.json,POST /v1/generation/data/dpp-bulk,2026-05-31 21:45:36.599110+00:00,2060929,PEMBELİK HES,577,2026-05-31T07:00:00+03:00,07:00
40W0000020609295,PEMBELİK HES,unknown,2026-05-31 08:00:00+03:00,,79.0,chunk_0027.json,POST /v1/generation/data/dpp-bulk,2026-05-31 21:45:36.599110+00:00,2060929,PEMBELİK HES,577,2026-05-31T08:00:00+03:00,08:00
40W0000020609295,PEMBELİK HES,unknown,2026-05-31 09:00:00+03:00,,79.0,chunk_0027.json,POST /v1/generation/data/dpp-bulk,2026-05-31 21:45:36.599110+00:00,2060929,PEMBELİK HES,577,2026-05-31T09:00:00+03:00,09:00
40W0000020609295,PEMBELİK HES,unknown,2026-05-31 10:00:00+03:00,,79.0,chunk_0027.json,POST /v1/generation/data/dpp-bulk,2026-05-31 21:45:36.599110+00:00,2060929,PEMBELİK HES,577,2026-05-31T10:00:00+03:00,10:00
40W0000020609295,PEMBELİK HES,unknown,2026-05-31 11:00:00+03:00,,79.0,chunk_0027.json,POST /v1/generation/data/dpp-bulk,2026-05-31 21:45:36.599110+00:00,2060929,PEMBELİK HES,577,2026-05-31T11:00:00+03:00,11:00
40W0000020609295,PEMBELİK HES,unknown,2026-05-31 12:00:00+03:00,,79.0,chunk_0027.json,POST /v1/generation/data/dpp-bulk,2026-05-31 21:45:36.599110+00:00,2060929,PEMBELİK HES,577,2026-05-31T12:00:00+03:00,12:00
40W0000020609295,PEMBELİK HES,unknown,2026-05-31 13:00:00+03:00,,79.0,chunk_0027.json,POST /v1/generation/data/dpp-bulk,2026-05-31 21:45:36.599110+00:00,2060929,PEMBELİK HES,577,2026-05-31T13:00:00+03:00,13:00
40W0000020609295,PEMBELİK HES,unknown,2026-05-31 14:00:00+03:00,,79.0,chunk_0027.json,POST /v1/generation/data/dpp-bulk,2026-05-31 21:45:36.599110+00:00,2060929,PEMBELİK HES,577,2026-05-31T14:00:00+03:00,14:00
40W0000020609295,PEMBELİK HES,unknown,2026-05-31 15:00:00+03:00,,79.0,chunk_0027.json,POST /v1/generation/data/dpp-bulk,2026-05-31 21:45:36.599110+00:00,2060929,PEMBELİK HES,577,2026-05-31T15:00:00+03:00,15:00
40W0000020609295,PEMBELİK HES,unknown,2026-05-31 16:00:00+03:00,,79.0,chunk_0027.json,POST /v1/generation/data/dpp-bulk,2026-05-31 21:45:36.599110+00:00,2060929,PEMBELİK HES,577,2026-05-31T16:00:00+03:00,16:00
40W0000020609295,PEMBELİK HES,unknown,2026-05-31 17:00:00+03:00,,79.0,chunk_0027.json,POST /v1/generation/data/dpp-bulk,2026-05-31 21:45:36.599110+00:00,2060929,PEMBELİK HES,577,2026-05-31T17:00:00+03:00,17:00
40W0000020609295,PEMBELİK HES,unknown,2026-05-31 18:00:00+03:00,,78.0,chunk_0027.json,POST /v1/generation/data/dpp-bulk,2026-05-31 21:45:36.599110+00:00,2060929,PEMBELİK HES,577,2026-05-31T18:00:00+03:00,18:00
40W0000020609295,PEMBELİK HES,unknown,2026-05-31 19:00:00+03:00,,125.0,chunk_0027.json,POST /v1/generation/data/dpp-bulk,2026-05-31 21:45:36.599110+00:00,2060929,PEMBELİK HES,577,2026-05-31T19:00:00+03:00,19:00
40W0000020609295,PEMBELİK HES,unknown,2026-05-31 20:00:00+03:00,,125.0,chunk_0027.json,POST /v1/generation/data/dpp-bulk,2026-05-31 21:45:36.599110+00:00,2060929,PEMBELİK HES,577,2026-05-31T20:00:00+03:00,20:00
40W0000020609295,PEMBELİK HES,unknown,2026-05-31 21:00:00+03:00,,78.0,chunk_0027.json,POST /v1/generation/data/dpp-bulk,2026-05-31 21:45:36.599110+00:00,2060929,PEMBELİK HES,577,2026-05-31T21:00:00+03:00,21:00
40W0000020609295,PEMBELİK HES,unknown,2026-05-31 22:00:00+03:00,,78.0,chunk_0027.json,POST /v1/generation/data/dpp-bulk,2026-05-31 21:45:36.599110+00:00,2060929,PEMBELİK HES,577,2026-05-31T22:00:00+03:00,22:00
40W0000020609295,PEMBELİK HES,unknown,2026-05-31 23:00:00+03:00,,78.0,chunk_0027.json,POST /v1/generation/data/dpp-bulk,2026-05-31 21:45:36.599110+00:00,2060929,PEMBELİK HES,577,2026-05-31T23:00:00+03:00,23:00
40W000001930383N,ÜÇGEN HES,unknown,2026-05-31 00:00:00+03:00,,0.0,chunk_0027.json,POST /v1/generation/data/dpp-bulk,2026-05-31 21:45:36.599110+00:00,1930383,ÜÇGEN HES,7041,2026-05-31T00:00:00+03:00,00:00
40W000001930383N,ÜÇGEN HES,unknown,2026-05-31 01:00:00+03:00,,0.0,chunk_0027.json,POST /v1/generation/data/dpp-bulk,2026-05-31 21:45:36.599110+00:00,1930383,ÜÇGEN HES,7041,2026-05-31T01:00:00+03:00,01:00
40W000001930383N,ÜÇGEN HES,unknown,2026-05-31 02:00:00+03:00,,0.0,chunk_0027.json,POST /v1/generation/data/dpp-bulk,2026-05-31 21:45:36.599110+00:00,1930383,ÜÇGEN HES,7041,2026-05-31T02:00:00+03:00,02:00
40W000001930383N,ÜÇGEN HES,unknown,2026-05-31 03:00:00+03:00,,0.0,chunk_0027.json,POST /v1/generation/data/dpp-bulk,2026-05-31 21:45:36.599110+00:00,1930383,ÜÇGEN HES,7041,2026-05-31T03:00:00+03:00,03:00
40W000001930383N,ÜÇGEN HES,unknown,2026-05-31 04:00:00+03:00,,0.0,chunk_0027.json,POST /v1/generation/data/dpp-bulk,2026-05-31 21:45:36.599110+00:00,1930383,ÜÇGEN HES,7041,2026-05-31T04:00:00+03:00,04:00
40W000001930383N,ÜÇGEN HES,unknown,2026-05-31 05:00:00+03:00,,0.0,chunk_0027.json,POST /v1/generation/data/dpp-bulk,2026-05-31 21:45:36.599110+00:00,1930383,ÜÇGEN HES,7041,2026-05-31T05:00:00+03:00,05:00
40W000001930383N,ÜÇGEN HES,unknown,2026-05-31 06:00:00+03:00,,0.0,chunk_0027.json,POST /v1/generation/data/dpp-bulk,2026-05-31 21:45:36.599110+00:00,1930383,ÜÇGEN HES,7041,2026-05-31T06:00:00+03:00,06:00
40W000001930383N,ÜÇGEN HES,unknown,2026-05-31 07:00:00+03:00,,0.0,chunk_0027.json,POST /v1/generation/data/dpp-bulk,2026-05-31 21:45:36.599110+00:00,1930383,ÜÇGEN HES,7041,2026-05-31T07:00:00+03:00,07:00
40W000001930383N,ÜÇGEN HES,unknown,2026-05-31 08:00:00+03:00,,0.0,chunk_0027.json,POST /v1/generation/data/dpp-bulk,2026-05-31 21:45:36.599110+00:00,1930383,ÜÇGEN HES,7041,2026-05-31T08:00:00+03:00,08:00
40W000001930383N,ÜÇGEN HES,unknown,2026-05-31 09:00:00+03:00,,0.0,chunk_0027.json,POST /v1/generation/data/dpp-bulk,2026-05-31 21:45:36.599110+00:00,1930383,ÜÇGEN HES,7041,2026-05-31T09:00:00+03:00,09:00
40W000001930383N,ÜÇGEN HES,unknown,2026-05-31 10:00:00+03:00,,0.0,chunk_0027.json,POST /v1/generation/data/dpp-bulk,2026-05-31 21:45:36.599110+00:00,1930383,ÜÇGEN HES,7041,2026-05-31T10:00:00+03:00,10:00
40W000001930383N,ÜÇGEN HES,unknown,2026-05-31 11:00:00+03:00,,0.0,chunk_0027.json,POST /v1/generation/data/dpp-bulk,2026-05-31 21:45:36.599110+00:00,1930383,ÜÇGEN HES,7041,2026-05-31T11:00:00+03:00,11:00
40W000001930383N,ÜÇGEN HES,unknown,2026-05-31 12:00:00+03:00,,0.0,chunk_0027.json,POST /v1/generation/data/dpp-bulk,2026-05-31 21:45:36.599110+00:00,1930383,ÜÇGEN HES,7041,2026-05-31T12:00:00+03:00,12:00
40W000001930383N,ÜÇGEN HES,unknown,2026-05-31 13:00:00+03:00,,0.0,chunk_0027.json,POST /v1/generation/data/dpp-bulk,2026-05-31 21:45:36.599110+00:00,1930383,ÜÇGEN HES,7041,2026-05-31T13:00:00+03:00,13:00
40W000001930383N,ÜÇGEN HES,unknown,2026-05-31 14:00:00+03:00,,0.0,chunk_0027.json,POST /v1/generation/data/dpp-bulk,2026-05-31 21:45:36.599110+00:00,1930383,ÜÇGEN HES,7041,2026-05-31T14:00:00+03:00,14:00
40W000001930383N,ÜÇGEN HES,unknown,2026-05-31 15:00:00+03:00,,0.0,chunk_0027.json,POST /v1/generation/data/dpp-bulk,2026-05-31 21:45:36.599110+00:00,1930383,ÜÇGEN HES,7041,2026-05-31T15:00:00+03:00,15:00
40W000001930383N,ÜÇGEN HES,unknown,2026-05-31 16:00:00+03:00,,0.0,chunk_0027.json,POST /v1/generation/data/dpp-bulk,2026-05-31 21:45:36.599110+00:00,1930383,ÜÇGEN HES,7041,2026-05-31T16:00:00+03:00,16:00
40W000001930383N,ÜÇGEN HES,unknown,2026-05-31 17:00:00+03:00,,0.0,chunk_0027.json,POST /v1/generation/data/dpp-bulk,2026-05-31 21:45:36.599110+00:00,1930383,ÜÇGEN HES,7041,2026-05-31T17:00:00+03:00,17:00
40W000001930383N,ÜÇGEN HES,unknown,2026-05-31 18:00:00+03:00,,0.0,chunk_0027.json,POST /v1/generation/data/dpp-bulk,2026-05-31 21:45:36.599110+00:00,1930383,ÜÇGEN HES,7041,2026-05-31T18:00:00+03:00,18:00
40W000001930383N,ÜÇGEN HES,unknown,2026-05-31 19:00:00+03:00,,0.0,chunk_0027.json,POST /v1/generation/data/dpp-bulk,2026-05-31 21:45:36.599110+00:00,1930383,ÜÇGEN HES,7041,2026-05-31T19:00:00+03:00,19:00
40W000001930383N,ÜÇGEN HES,unknown,2026-05-31 20:00:00+03:00,,0.0,chunk_0027.json,POST /v1/generation/data/dpp-bulk,2026-05-31 21:45:36.599110+00:00,1930383,ÜÇGEN HES,7041,2026-05-31T20:00:00+03:00,20:00
40W000001930383N,ÜÇGEN HES,unknown,2026-05-31 21:00:00+03:00,,0.0,chunk_0027.json,POST /v1/generation/data/dpp-bulk,2026-05-31 21:45:36.599110+00:00,1930383,ÜÇGEN HES,7041,2026-05-31T21:00:00+03:00,21:00
40W000001930383N,ÜÇGEN HES,unknown,2026-05-31 22:00:00+03:00,,0.0,chunk_0027.json,POST /v1/generation/data/dpp-bulk,2026-05-31 21:45:36.599110+00:00,1930383,ÜÇGEN HES,7041,2026-05-31T22:00:00+03:00,22:00
40W000001930383N,ÜÇGEN HES,unknown,2026-05-31 23:00:00+03:00,,0.0,chunk_0027.json,POST /v1/generation/data/dpp-bulk,2026-05-31 21:45:36.599110+00:00,1930383,ÜÇGEN HES,7041,2026-05-31T23:00:00+03:00,23:00
40W000001849265M,GÖKBOYUN HES,unknown,2026-05-31 00:00:00+03:00,,2.0,chunk_0027.json,POST /v1/generation/data/dpp-bulk,2026-05-31 21:45:36.599110+00:00,1849265,GÖKBOYUN HES,7580,2026-05-31T00:00:00+03:00,00:00
40W000001849265M,GÖKBOYUN HES,unknown,2026-05-31 01:00:00+03:00,,2.0,chunk_0027.json,POST /v1/generation/data/dpp-bulk,2026-05-31 21:45:36.599110+00:00,1849265,GÖKBOYUN HES,7580,2026-05-31T01:00:00+03:00,01:00
40W000001849265M,GÖKBOYUN HES,unknown,2026-05-31 02:00:00+03:00,,2.0,chunk_0027.json,POST /v1/generation/data/dpp-bulk,2026-05-31 21:45:36.599110+00:00,1849265,GÖKBOYUN HES,7580,2026-05-31T02:00:00+03:00,02:00
40W000001849265M,GÖKBOYUN HES,unknown,2026-05-31 03:00:00+03:00,,2.0,chunk_0027.json,POST /v1/generation/data/dpp-bulk,2026-05-31 21:45:36.599110+00:00,1849265,GÖKBOYUN HES,7580,2026-05-31T03:00:00+03:00,03:00
40W000001849265M,GÖKBOYUN HES,unknown,2026-05-31 04:00:00+03:00,,2.0,chunk_0027.json,POST /v1/generation/data/dpp-bulk,2026-05-31 21:45:36.599110+00:00,1849265,GÖKBOYUN HES,7580,2026-05-31T04:00:00+03:00,04:00
40W000001849265M,GÖKBOYUN HES,unknown,2026-05-31 05:00:00+03:00,,2.0,chunk_0027.json,POST /v1/generation/data/dpp-bulk,2026-05-31 21:45:36.599110+00:00,1849265,GÖKBOYUN HES,7580,2026-05-31T05:00:00+03:00,05:00
40W000001849265M,GÖKBOYUN HES,unknown,2026-05-31 06:00:00+03:00,,2.0,chunk_0027.json,POST /v1/generation/data/dpp-bulk,2026-05-31 21:45:36.599110+00:00,1849265,GÖKBOYUN HES,7580,2026-05-31T06:00:00+03:00,06:00
40W000001849265M,GÖKBOYUN HES,unknown,2026-05-31 07:00:00+03:00,,2.0,chunk_0027.json,POST /v1/generation/data/dpp-bulk,2026-05-31 21:45:36.599110+00:00,1849265,GÖKBOYUN HES,7580,2026-05-31T07:00:00+03:00,07:00
40W000001849265M,GÖKBOYUN HES,unknown,2026-05-31 08:00:00+03:00,,2.0,chunk_0027.json,POST /v1/generation/data/dpp-bulk,2026-05-31 21:45:36.599110+00:00,1849265,GÖKBOYUN HES,7580,2026-05-31T08:00:00+03:00,08:00
40W000001849265M,GÖKBOYUN HES,unknown,2026-05-31 09:00:00+03:00,,2.0,chunk_0027.json,POST /v1/generation/data/dpp-bulk,2026-05-31 21:45:36.599110+00:00,1849265,GÖKBOYUN HES,7580,2026-05-31T09:00:00+03:00,09:00
40W000001849265M,GÖKBOYUN HES,unknown,2026-05-31 10:00:00+03:00,,2.0,chunk_0027.json,POST /v1/generation/data/dpp-bulk,2026-05-31 21:45:36.599110+00:00,1849265,GÖKBOYUN HES,7580,2026-05-31T10:00:00+03:00,10:00
40W000001849265M,GÖKBOYUN HES,unknown,2026-05-31 11:00:00+03:00,,2.0,chunk_0027.json,POST /v1/generation/data/dpp-bulk,2026-05-31 21:45:36.599110+00:00,1849265,GÖKBOYUN HES,7580,2026-05-31T11:00:00+03:00,11:00
40W000001849265M,GÖKBOYUN HES,unknown,2026-05-31 12:00:00+03:00,,2.0,chunk_0027.json,POST /v1/generation/data/dpp-bulk,2026-05-31 21:45:36.599110+00:00,1849265,GÖKBOYUN HES,7580,2026-05-31T12:00:00+03:00,12:00
40W000001849265M,GÖKBOYUN HES,unknown,2026-05-31 13:00:00+03:00,,2.0,chunk_0027.json,POST /v1/generation/data/dpp-bulk,2026-05-31 21:45:36.599110+00:00,1849265,GÖKBOYUN HES,7580,2026-05-31T13:00:00+03:00,13:00
40W000001849265M,GÖKBOYUN HES,unknown,2026-05-31 14:00:00+03:00,,2.0,chunk_0027.json,POST /v1/generation/data/dpp-bulk,2026-05-31 21:45:36.599110+00:00,1849265,GÖKBOYUN HES,7580,2026-05-31T14:00:00+03:00,14:00
40W000001849265M,GÖKBOYUN HES,unknown,2026-05-31 15:00:00+03:00,,2.0,chunk_0027.json,POST /v1/generation/data/dpp-bulk,2026-05-31 21:45:36.599110+00:00,1849265,GÖKBOYUN HES,7580,2026-05-31T15:00:00+03:00,15:00
40W000001849265M,GÖKBOYUN HES,unknown,2026-05-31 16:00:00+03:00,,2.0,chunk_0027.json,POST /v1/generation/data/dpp-bulk,2026-05-31 21:45:36.599110+00:00,1849265,GÖKBOYUN HES,7580,2026-05-31T16:00:00+03:00,16:00
40W000001849265M,GÖKBOYUN HES,unknown,2026-05-31 17:00:00+03:00,,2.0,chunk_0027.json,POST /v1/generation/data/dpp-bulk,2026-05-31 21:45:36.599110+00:00,1849265,GÖKBOYUN HES,7580,2026-05-31T17:00:00+03:00,17:00
40W000001849265M,GÖKBOYUN HES,unknown,2026-05-31 18:00:00+03:00,,2.0,chunk_0027.json,POST /v1/generation/data/dpp-bulk,2026-05-31 21:45:36.599110+00:00,1849265,GÖKBOYUN HES,7580,2026-05-31T18:00:00+03:00,18:00
40W000001849265M,GÖKBOYUN HES,unknown,2026-05-31 19:00:00+03:00,,2.0,chunk_0027.json,POST /v1/generation/data/dpp-bulk,2026-05-31 21:45:36.599110+00:00,1849265,GÖKBOYUN HES,7580,2026-05-31T19:00:00+03:00,19:00
40W000001849265M,GÖKBOYUN HES,unknown,2026-05-31 20:00:00+03:00,,2.0,chunk_0027.json,POST /v1/generation/data/dpp-bulk,2026-05-31 21:45:36.599110+00:00,1849265,GÖKBOYUN HES,7580,2026-05-31T20:00:00+03:00,20:00
40W000001849265M,GÖKBOYUN HES,unknown,2026-05-31 21:00:00+03:00,,2.0,chunk_0027.json,POST /v1/generation/data/dpp-bulk,2026-05-31 21:45:36.599110+00:00,1849265,GÖKBOYUN HES,7580,2026-05-31T21:00:00+03:00,21:00
40W000001849265M,GÖKBOYUN HES,unknown,2026-05-31 22:00:00+03:00,,2.0,chunk_0027.json,POST /v1/generation/data/dpp-bulk,2026-05-31 21:45:36.599110+00:00,1849265,GÖKBOYUN HES,7580,2026-05-31T22:00:00+03:00,22:00
40W000001849265M,GÖKBOYUN HES,unknown,2026-05-31 23:00:00+03:00,,2.0,chunk_0027.json,POST /v1/generation/data/dpp-bulk,2026-05-31 21:45:36.599110+00:00,1849265,GÖKBOYUN HES,7580,2026-05-31T23:00:00+03:00,23:00
40W000001930398A,YAKINCA REG.ve HES,unknown,2026-05-31 00:00:00+03:00,,17.5,chunk_0027.json,POST /v1/generation/data/dpp-bulk,2026-05-31 21:45:36.599110+00:00,1930398,YAKINCA REG.ve HES,7899,2026-05-31T00:00:00+03:00,00:00
40W000001930398A,YAKINCA REG.ve HES,unknown,2026-05-31 01:00:00+03:00,,17.5,chunk_0027.json,POST /v1/generation/data/dpp-bulk,2026-05-31 21:45:36.599110+00:00,1930398,YAKINCA REG.ve HES,7899,2026-05-31T01:00:00+03:00,01:00
40W000001930398A,YAKINCA REG.ve HES,unknown,2026-05-31 02:00:00+03:00,,17.5,chunk_0027.json,POST /v1/generation/data/dpp-bulk,2026-05-31 21:45:36.599110+00:00,1930398,YAKINCA REG.ve HES,7899,2026-05-31T02:00:00+03:00,02:00
40W000001930398A,YAKINCA REG.ve HES,unknown,2026-05-31 03:00:00+03:00,,17.5,chunk_0027.json,POST /v1/generation/data/dpp-bulk,2026-05-31 21:45:36.599110+00:00,1930398,YAKINCA REG.ve HES,7899,2026-05-31T03:00:00+03:00,03:00
40W000001930398A,YAKINCA REG.ve HES,unknown,2026-05-31 04:00:00+03:00,,0.0,chunk_0027.json,POST /v1/generation/data/dpp-bulk,2026-05-31 21:45:36.599110+00:00,1930398,YAKINCA REG.ve HES,7899,2026-05-31T04:00:00+03:00,04:00
40W000001930398A,YAKINCA REG.ve HES,unknown,2026-05-31 05:00:00+03:00,,0.0,chunk_0027.json,POST /v1/generation/data/dpp-bulk,2026-05-31 21:45:36.599110+00:00,1930398,YAKINCA REG.ve HES,7899,2026-05-31T05:00:00+03:00,05:00
40W000001930398A,YAKINCA REG.ve HES,unknown,2026-05-31 06:00:00+03:00,,0.0,chunk_0027.json,POST /v1/generation/data/dpp-bulk,2026-05-31 21:45:36.599110+00:00,1930398,YAKINCA REG.ve HES,7899,2026-05-31T06:00:00+03:00,06:00
40W000001930398A,YAKINCA REG.ve HES,unknown,2026-05-31 07:00:00+03:00,,0.0,chunk_0027.json,POST /v1/generation/data/dpp-bulk,2026-05-31 21:45:36.599110+00:00,1930398,YAKINCA REG.ve HES,7899,2026-05-31T07:00:00+03:00,07:00
40W000001930398A,YAKINCA REG.ve HES,unknown,2026-05-31 08:00:00+03:00,,0.0,chunk_0027.json,POST /v1/generation/data/dpp-bulk,2026-05-31 21:45:36.599110+00:00,1930398,YAKINCA REG.ve HES,7899,2026-05-31T08:00:00+03:00,08:00
40W000001930398A,YAKINCA REG.ve HES,unknown,2026-05-31 09:00:00+03:00,,0.0,chunk_0027.json,POST /v1/generation/data/dpp-bulk,2026-05-31 21:45:36.599110+00:00,1930398,YAKINCA REG.ve HES,7899,2026-05-31T09:00:00+03:00,09:00
40W000001930398A,YAKINCA REG.ve HES,unknown,2026-05-31 10:00:00+03:00,,0.0,chunk_0027.json,POST /v1/generation/data/dpp-bulk,2026-05-31 21:45:36.599110+00:00,1930398,YAKINCA REG.ve HES,7899,2026-05-31T10:00:00+03:00,10:00
40W000001930398A,YAKINCA REG.ve HES,unknown,2026-05-31 11:00:00+03:00,,0.0,chunk_0027.json,POST /v1/generation/data/dpp-bulk,2026-05-31 21:45:36.599110+00:00,1930398,YAKINCA REG.ve HES,7899,2026-05-31T11:00:00+03:00,11:00
40W000001930398A,YAKINCA REG.ve HES,unknown,2026-05-31 12:00:00+03:00,,0.0,chunk_0027.json,POST /v1/generation/data/dpp-bulk,2026-05-31 21:45:36.599110+00:00,1930398,YAKINCA REG.ve HES,7899,2026-05-31T12:00:00+03:00,12:00
40W000001930398A,YAKINCA REG.ve HES,unknown,2026-05-31 13:00:00+03:00,,0.0,chunk_0027.json,POST /v1/generation/data/dpp-bulk,2026-05-31 21:45:36.599110+00:00,1930398,YAKINCA REG.ve HES,7899,2026-05-31T13:00:00+03:00,13:00
40W000001930398A,YAKINCA REG.ve HES,unknown,2026-05-31 14:00:00+03:00,,0.0,chunk_0027.json,POST /v1/generation/data/dpp-bulk,2026-05-31 21:45:36.599110+00:00,1930398,YAKINCA REG.ve HES,7899,2026-05-31T14:00:00+03:00,14:00
40W000001930398A,YAKINCA REG.ve HES,unknown,2026-05-31 15:00:00+03:00,,0.0,chunk_0027.json,POST /v1/generation/data/dpp-bulk,2026-05-31 21:45:36.599110+00:00,1930398,YAKINCA REG.ve HES,7899,2026-05-31T15:00:00+03:00,15:00
40W000001930398A,YAKINCA REG.ve HES,unknown,2026-05-31 16:00:00+03:00,,0.0,chunk_0027.json,POST /v1/generation/data/dpp-bulk,2026-05-31 21:45:36.599110+00:00,1930398,YAKINCA REG.ve HES,7899,2026-05-31T16:00:00+03:00,16:00
40W000001930398A,YAKINCA REG.ve HES,unknown,2026-05-31 17:00:00+03:00,,0.0,chunk_0027.json,POST /v1/generation/data/dpp-bulk,2026-05-31 21:45:36.599110+00:00,1930398,YAKINCA REG.ve HES,7899,2026-05-31T17:00:00+03:00,17:00
40W000001930398A,YAKINCA REG.ve HES,unknown,2026-05-31 18:00:00+03:00,,0.0,chunk_0027.json,POST /v1/generation/data/dpp-bulk,2026-05-31 21:45:36.599110+00:00,1930398,YAKINCA REG.ve HES,7899,2026-05-31T18:00:00+03:00,18:00
40W000001930398A,YAKINCA REG.ve HES,unknown,2026-05-31 19:00:00+03:00,,16.0,chunk_0027.json,POST /v1/generation/data/dpp-bulk,2026-05-31 21:45:36.599110+00:00,1930398,YAKINCA REG.ve HES,7899,2026-05-31T19:00:00+03:00,19:00
40W000001930398A,YAKINCA REG.ve HES,unknown,2026-05-31 20:00:00+03:00,,17.5,chunk_0027.json,POST /v1/generation/data/dpp-bulk,2026-05-31 21:45:36.599110+00:00,1930398,YAKINCA REG.ve HES,7899,2026-05-31T20:00:00+03:00,20:00
40W000001930398A,YAKINCA REG.ve HES,unknown,2026-05-31 21:00:00+03:00,,17.5,chunk_0027.json,POST /v1/generation/data/dpp-bulk,2026-05-31 21:45:36.599110+00:00,1930398,YAKINCA REG.ve HES,7899,2026-05-31T21:00:00+03:00,21:00
40W000001930398A,YAKINCA REG.ve HES,unknown,2026-05-31 22:00:00+03:00,,17.5,chunk_0027.json,POST /v1/generation/data/dpp-bulk,2026-05-31 21:45:36.599110+00:00,1930398,YAKINCA REG.ve HES,7899,2026-05-31T22:00:00+03:00,22:00
40W000001930398A,YAKINCA REG.ve HES,unknown,2026-05-31 23:00:00+03:00,,17.5,chunk_0027.json,POST /v1/generation/data/dpp-bulk,2026-05-31 21:45:36.599110+00:00,1930398,YAKINCA REG.ve HES,7899,2026-05-31T23:00:00+03:00,23:00
40W0000018110110,POLATLI BES,unknown,2026-05-31 00:00:00+03:00,,0.0,chunk_0027.json,POST /v1/generation/data/dpp-bulk,2026-05-31 21:45:36.599110+00:00,1811011,POLATLI BES,7979,2026-05-31T00:00:00+03:00,00:00
40W0000018110110,POLATLI BES,unknown,2026-05-31 01:00:00+03:00,,0.0,chunk_0027.json,POST /v1/generation/data/dpp-bulk,2026-05-31 21:45:36.599110+00:00,1811011,POLATLI BES,7979,2026-05-31T01:00:00+03:00,01:00
40W0000018110110,POLATLI BES,unknown,2026-05-31 02:00:00+03:00,,0.0,chunk_0027.json,POST /v1/generation/data/dpp-bulk,2026-05-31 21:45:36.599110+00:00,1811011,POLATLI BES,7979,2026-05-31T02:00:00+03:00,02:00
40W0000018110110,POLATLI BES,unknown,2026-05-31 03:00:00+03:00,,0.0,chunk_0027.json,POST /v1/generation/data/dpp-bulk,2026-05-31 21:45:36.599110+00:00,1811011,POLATLI BES,7979,2026-05-31T03:00:00+03:00,03:00
40W0000018110110,POLATLI BES,unknown,2026-05-31 04:00:00+03:00,,0.0,chunk_0027.json,POST /v1/generation/data/dpp-bulk,2026-05-31 21:45:36.599110+00:00,1811011,POLATLI BES,7979,2026-05-31T04:00:00+03:00,04:00
40W0000018110110,POLATLI BES,unknown,2026-05-31 05:00:00+03:00,,0.0,chunk_0027.json,POST /v1/generation/data/dpp-bulk,2026-05-31 21:45:36.599110+00:00,1811011,POLATLI BES,7979,2026-05-31T05:00:00+03:00,05:00
40W0000018110110,POLATLI BES,unknown,2026-05-31 06:00:00+03:00,,0.0,chunk_0027.json,POST /v1/generation/data/dpp-bulk,2026-05-31 21:45:36.599110+00:00,1811011,POLATLI BES,7979,2026-05-31T06:00:00+03:00,06:00
40W0000018110110,POLATLI BES,unknown,2026-05-31 07:00:00+03:00,,0.0,chunk_0027.json,POST /v1/generation/data/dpp-bulk,2026-05-31 21:45:36.599110+00:00,1811011,POLATLI BES,7979,2026-05-31T07:00:00+03:00,07:00
40W0000018110110,POLATLI BES,unknown,2026-05-31 08:00:00+03:00,,0.0,chunk_0027.json,POST /v1/generation/data/dpp-bulk,2026-05-31 21:45:36.599110+00:00,1811011,POLATLI BES,7979,2026-05-31T08:00:00+03:00,08:00
40W0000018110110,POLATLI BES,unknown,2026-05-31 09:00:00+03:00,,0.0,chunk_0027.json,POST /v1/generation/data/dpp-bulk,2026-05-31 21:45:36.599110+00:00,1811011,POLATLI BES,7979,2026-05-31T09:00:00+03:00,09:00
40W0000018110110,POLATLI BES,unknown,2026-05-31 10:00:00+03:00,,0.0,chunk_0027.json,POST /v1/generation/data/dpp-bulk,2026-05-31 21:45:36.599110+00:00,1811011,POLATLI BES,7979,2026-05-31T10:00:00+03:00,10:00
40W0000018110110,POLATLI BES,unknown,2026-05-31 11:00:00+03:00,,0.0,chunk_0027.json,POST /v1/generation/data/dpp-bulk,2026-05-31 21:45:36.599110+00:00,1811011,POLATLI BES,7979,2026-05-31T11:00:00+03:00,11:00
40W0000018110110,POLATLI BES,unknown,2026-05-31 12:00:00+03:00,,0.0,chunk_0027.json,POST /v1/generation/data/dpp-bulk,2026-05-31 21:45:36.599110+00:00,1811011,POLATLI BES,7979,2026-05-31T12:00:00+03:00,12:00
40W0000018110110,POLATLI BES,unknown,2026-05-31 13:00:00+03:00,,0.0,chunk_0027.json,POST /v1/generation/data/dpp-bulk,2026-05-31 21:45:36.599110+00:00,1811011,POLATLI BES,7979,2026-05-31T13:00:00+03:00,13:00
40W0000018110110,POLATLI BES,unknown,2026-05-31 14:00:00+03:00,,0.0,chunk_0027.json,POST /v1/generation/data/dpp-bulk,2026-05-31 21:45:36.599110+00:00,1811011,POLATLI BES,7979,2026-05-31T14:00:00+03:00,14:00
40W0000018110110,POLATLI BES,unknown,2026-05-31 15:00:00+03:00,,0.0,chunk_0027.json,POST /v1/generation/data/dpp-bulk,2026-05-31 21:45:36.599110+00:00,1811011,POLATLI BES,7979,2026-05-31T15:00:00+03:00,15:00
40W0000018110110,POLATLI BES,unknown,2026-05-31 16:00:00+03:00,,0.0,chunk_0027.json,POST /v1/generation/data/dpp-bulk,2026-05-31 21:45:36.599110+00:00,1811011,POLATLI BES,7979,2026-05-31T16:00:00+03:00,16:00
40W0000018110110,POLATLI BES,unknown,2026-05-31 17:00:00+03:00,,0.0,chunk_0027.json,POST /v1/generation/data/dpp-bulk,2026-05-31 21:45:36.599110+00:00,1811011,POLATLI BES,7979,2026-05-31T17:00:00+03:00,17:00
40W0000018110110,POLATLI BES,unknown,2026-05-31 18:00:00+03:00,,0.0,chunk_0027.json,POST /v1/generation/data/dpp-bulk,2026-05-31 21:45:36.599110+00:00,1811011,POLATLI BES,7979,2026-05-31T18:00:00+03:00,18:00
40W0000018110110,POLATLI BES,unknown,2026-05-31 19:00:00+03:00,,0.0,chunk_0027.json,POST /v1/generation/data/dpp-bulk,2026-05-31 21:45:36.599110+00:00,1811011,POLATLI BES,7979,2026-05-31T19:00:00+03:00,19:00
40W0000018110110,POLATLI BES,unknown,2026-05-31 20:00:00+03:00,,0.0,chunk_0027.json,POST /v1/generation/data/dpp-bulk,2026-05-31 21:45:36.599110+00:00,1811011,POLATLI BES,7979,2026-05-31T20:00:00+03:00,20:00
40W0000018110110,POLATLI BES,unknown,2026-05-31 21:00:00+03:00,,0.0,chunk_0027.json,POST /v1/generation/data/dpp-bulk,2026-05-31 21:45:36.599110+00:00,1811011,POLATLI BES,7979,2026-05-31T21:00:00+03:00,21:00
40W0000018110110,POLATLI BES,unknown,2026-05-31 22:00:00+03:00,,0.0,chunk_0027.json,POST /v1/generation/data/dpp-bulk,2026-05-31 21:45:36.599110+00:00,1811011,POLATLI BES,7979,2026-05-31T22:00:00+03:00,22:00
40W0000018110110,POLATLI BES,unknown,2026-05-31 23:00:00+03:00,,0.0,chunk_0027.json,POST /v1/generation/data/dpp-bulk,2026-05-31 21:45:36.599110+00:00,1811011,POLATLI BES,7979,2026-05-31T23:00:00+03:00,23:00
40W000001811028K,AFYON  BİYOGAZ ENERJİ SANTRALİ,unknown,2026-05-31 00:00:00+03:00,,0.9,chunk_0027.json,POST /v1/generation/data/dpp-bulk,2026-05-31 21:45:36.599110+00:00,1811028,AFYON  BİYOGAZ ENERJİ SANTRALİ,8041,2026-05-31T00:00:00+03:00,00:00
40W000001811028K,AFYON  BİYOGAZ ENERJİ SANTRALİ,unknown,2026-05-31 01:00:00+03:00,,0.9,chunk_0027.json,POST /v1/generation/data/dpp-bulk,2026-05-31 21:45:36.599110+00:00,1811028,AFYON  BİYOGAZ ENERJİ SANTRALİ,8041,2026-05-31T01:00:00+03:00,01:00
40W000001811028K,AFYON  BİYOGAZ ENERJİ SANTRALİ,unknown,2026-05-31 02:00:00+03:00,,0.9,chunk_0027.json,POST /v1/generation/data/dpp-bulk,2026-05-31 21:45:36.599110+00:00,1811028,AFYON  BİYOGAZ ENERJİ SANTRALİ,8041,2026-05-31T02:00:00+03:00,02:00
40W000001811028K,AFYON  BİYOGAZ ENERJİ SANTRALİ,unknown,2026-05-31 03:00:00+03:00,,0.9,chunk_0027.json,POST /v1/generation/data/dpp-bulk,2026-05-31 21:45:36.599110+00:00,1811028,AFYON  BİYOGAZ ENERJİ SANTRALİ,8041,2026-05-31T03:00:00+03:00,03:00
40W000001811028K,AFYON  BİYOGAZ ENERJİ SANTRALİ,unknown,2026-05-31 04:00:00+03:00,,0.9,chunk_0027.json,POST /v1/generation/data/dpp-bulk,2026-05-31 21:45:36.599110+00:00,1811028,AFYON  BİYOGAZ ENERJİ SANTRALİ,8041,2026-05-31T04:00:00+03:00,04:00
40W000001811028K,AFYON  BİYOGAZ ENERJİ SANTRALİ,unknown,2026-05-31 05:00:00+03:00,,0.9,chunk_0027.json,POST /v1/generation/data/dpp-bulk,2026-05-31 21:45:36.599110+00:00,1811028,AFYON  BİYOGAZ ENERJİ SANTRALİ,8041,2026-05-31T05:00:00+03:00,05:00
40W000001811028K,AFYON  BİYOGAZ ENERJİ SANTRALİ,unknown,2026-05-31 06:00:00+03:00,,0.9,chunk_0027.json,POST /v1/generation/data/dpp-bulk,2026-05-31 21:45:36.599110+00:00,1811028,AFYON  BİYOGAZ ENERJİ SANTRALİ,8041,2026-05-31T06:00:00+03:00,06:00
40W000001811028K,AFYON  BİYOGAZ ENERJİ SANTRALİ,unknown,2026-05-31 07:00:00+03:00,,0.9,chunk_0027.json,POST /v1/generation/data/dpp-bulk,2026-05-31 21:45:36.599110+00:00,1811028,AFYON  BİYOGAZ ENERJİ SANTRALİ,8041,2026-05-31T07:00:00+03:00,07:00
40W000001811028K,AFYON  BİYOGAZ ENERJİ SANTRALİ,unknown,2026-05-31 08:00:00+03:00,,0.9,chunk_0027.json,POST /v1/generation/data/dpp-bulk,2026-05-31 21:45:36.599110+00:00,1811028,AFYON  BİYOGAZ ENERJİ SANTRALİ,8041,2026-05-31T08:00:00+03:00,08:00
40W000001811028K,AFYON  BİYOGAZ ENERJİ SANTRALİ,unknown,2026-05-31 09:00:00+03:00,,0.9,chunk_0027.json,POST /v1/generation/data/dpp-bulk,2026-05-31 21:45:36.599110+00:00,1811028,AFYON  BİYOGAZ ENERJİ SANTRALİ,8041,2026-05-31T09:00:00+03:00,09:00
40W000001811028K,AFYON  BİYOGAZ ENERJİ SANTRALİ,unknown,2026-05-31 10:00:00+03:00,,0.9,chunk_0027.json,POST /v1/generation/data/dpp-bulk,2026-05-31 21:45:36.599110+00:00,1811028,AFYON  BİYOGAZ ENERJİ SANTRALİ,8041,2026-05-31T10:00:00+03:00,10:00
40W000001811028K,AFYON  BİYOGAZ ENERJİ SANTRALİ,unknown,2026-05-31 11:00:00+03:00,,0.9,chunk_0027.json,POST /v1/generation/data/dpp-bulk,2026-05-31 21:45:36.599110+00:00,1811028,AFYON  BİYOGAZ ENERJİ SANTRALİ,8041,2026-05-31T11:00:00+03:00,11:00
40W000001811028K,AFYON  BİYOGAZ ENERJİ SANTRALİ,unknown,2026-05-31 12:00:00+03:00,,0.9,chunk_0027.json,POST /v1/generation/data/dpp-bulk,2026-05-31 21:45:36.599110+00:00,1811028,AFYON  BİYOGAZ ENERJİ SANTRALİ,8041,2026-05-31T12:00:00+03:00,12:00
40W000001811028K,AFYON  BİYOGAZ ENERJİ SANTRALİ,unknown,2026-05-31 13:00:00+03:00,,0.9,chunk_0027.json,POST /v1/generation/data/dpp-bulk,2026-05-31 21:45:36.599110+00:00,1811028,AFYON  BİYOGAZ ENERJİ SANTRALİ,8041,2026-05-31T13:00:00+03:00,13:00
40W000001811028K,AFYON  BİYOGAZ ENERJİ SANTRALİ,unknown,2026-05-31 14:00:00+03:00,,0.9,chunk_0027.json,POST /v1/generation/data/dpp-bulk,2026-05-31 21:45:36.599110+00:00,1811028,AFYON  BİYOGAZ ENERJİ SANTRALİ,8041,2026-05-31T14:00:00+03:00,14:00
40W000001811028K,AFYON  BİYOGAZ ENERJİ SANTRALİ,unknown,2026-05-31 15:00:00+03:00,,0.9,chunk_0027.json,POST /v1/generation/data/dpp-bulk,2026-05-31 21:45:36.599110+00:00,1811028,AFYON  BİYOGAZ ENERJİ SANTRALİ,8041,2026-05-31T15:00:00+03:00,15:00
40W000001811028K,AFYON  BİYOGAZ ENERJİ SANTRALİ,unknown,2026-05-31 16:00:00+03:00,,0.9,chunk_0027.json,POST /v1/generation/data/dpp-bulk,2026-05-31 21:45:36.599110+00:00,1811028,AFYON  BİYOGAZ ENERJİ SANTRALİ,8041,2026-05-31T16:00:00+03:00,16:00
40W000001811028K,AFYON  BİYOGAZ ENERJİ SANTRALİ,unknown,2026-05-31 17:00:00+03:00,,0.9,chunk_0027.json,POST /v1/generation/data/dpp-bulk,2026-05-31 21:45:36.599110+00:00,1811028,AFYON  BİYOGAZ ENERJİ SANTRALİ,8041,2026-05-31T17:00:00+03:00,17:00
40W000001811028K,AFYON  BİYOGAZ ENERJİ SANTRALİ,unknown,2026-05-31 18:00:00+03:00,,0.9,chunk_0027.json,POST /v1/generation/data/dpp-bulk,2026-05-31 21:45:36.599110+00:00,1811028,AFYON  BİYOGAZ ENERJİ SANTRALİ,8041,2026-05-31T18:00:00+03:00,18:00
40W000001811028K,AFYON  BİYOGAZ ENERJİ SANTRALİ,unknown,2026-05-31 19:00:00+03:00,,0.9,chunk_0027.json,POST /v1/generation/data/dpp-bulk,2026-05-31 21:45:36.599110+00:00,1811028,AFYON  BİYOGAZ ENERJİ SANTRALİ,8041,2026-05-31T19:00:00+03:00,19:00
40W000001811028K,AFYON  BİYOGAZ ENERJİ SANTRALİ,unknown,2026-05-31 20:00:00+03:00,,0.9,chunk_0027.json,POST /v1/generation/data/dpp-bulk,2026-05-31 21:45:36.599110+00:00,1811028,AFYON  BİYOGAZ ENERJİ SANTRALİ,8041,2026-05-31T20:00:00+03:00,20:00
40W000001811028K,AFYON  BİYOGAZ ENERJİ SANTRALİ,unknown,2026-05-31 21:00:00+03:00,,0.9,chunk_0027.json,POST /v1/generation/data/dpp-bulk,2026-05-31 21:45:36.599110+00:00,1811028,AFYON  BİYOGAZ ENERJİ SANTRALİ,8041,2026-05-31T21:00:00+03:00,21:00
40W000001811028K,AFYON  BİYOGAZ ENERJİ SANTRALİ,unknown,2026-05-31 22:00:00+03:00,,0.9,chunk_0027.json,POST /v1/generation/data/dpp-bulk,2026-05-31 21:45:36.599110+00:00,1811028,AFYON  BİYOGAZ ENERJİ SANTRALİ,8041,2026-05-31T22:00:00+03:00,22:00
40W000001811028K,AFYON  BİYOGAZ ENERJİ SANTRALİ,unknown,2026-05-31 23:00:00+03:00,,0.9,chunk_0027.json,POST /v1/generation/data/dpp-bulk,2026-05-31 21:45:36.599110+00:00,1811028,AFYON  BİYOGAZ ENERJİ SANTRALİ,8041,2026-05-31T23:00:00+03:00,23:00
40W000001930843F,EKİNCİK REGÜLATÖRÜ VE HES,unknown,2026-05-31 00:00:00+03:00,,4.0,chunk_0027.json,POST /v1/generation/data/dpp-bulk,2026-05-31 21:45:36.599110+00:00,1930843,EKİNCİK REGÜLATÖRÜ VE HES,8242,2026-05-31T00:00:00+03:00,00:00
40W000001930843F,EKİNCİK REGÜLATÖRÜ VE HES,unknown,2026-05-31 01:00:00+03:00,,4.0,chunk_0027.json,POST /v1/generation/data/dpp-bulk,2026-05-31 21:45:36.599110+00:00,1930843,EKİNCİK REGÜLATÖRÜ VE HES,8242,2026-05-31T01:00:00+03:00,01:00
40W000001930843F,EKİNCİK REGÜLATÖRÜ VE HES,unknown,2026-05-31 02:00:00+03:00,,4.0,chunk_0027.json,POST /v1/generation/data/dpp-bulk,2026-05-31 21:45:36.599110+00:00,1930843,EKİNCİK REGÜLATÖRÜ VE HES,8242,2026-05-31T02:00:00+03:00,02:00
40W000001930843F,EKİNCİK REGÜLATÖRÜ VE HES,unknown,2026-05-31 03:00:00+03:00,,4.0,chunk_0027.json,POST /v1/generation/data/dpp-bulk,2026-05-31 21:45:36.599110+00:00,1930843,EKİNCİK REGÜLATÖRÜ VE HES,8242,2026-05-31T03:00:00+03:00,03:00
40W000001930843F,EKİNCİK REGÜLATÖRÜ VE HES,unknown,2026-05-31 04:00:00+03:00,,4.0,chunk_0027.json,POST /v1/generation/data/dpp-bulk,2026-05-31 21:45:36.599110+00:00,1930843,EKİNCİK REGÜLATÖRÜ VE HES,8242,2026-05-31T04:00:00+03:00,04:00
40W000001930843F,EKİNCİK REGÜLATÖRÜ VE HES,unknown,2026-05-31 05:00:00+03:00,,4.0,chunk_0027.json,POST /v1/generation/data/dpp-bulk,2026-05-31 21:45:36.599110+00:00,1930843,EKİNCİK REGÜLATÖRÜ VE HES,8242,2026-05-31T05:00:00+03:00,05:00
40W000001930843F,EKİNCİK REGÜLATÖRÜ VE HES,unknown,2026-05-31 06:00:00+03:00,,4.0,chunk_0027.json,POST /v1/generation/data/dpp-bulk,2026-05-31 21:45:36.599110+00:00,1930843,EKİNCİK REGÜLATÖRÜ VE HES,8242,2026-05-31T06:00:00+03:00,06:00
40W000001930843F,EKİNCİK REGÜLATÖRÜ VE HES,unknown,2026-05-31 07:00:00+03:00,,4.0,chunk_0027.json,POST /v1/generation/data/dpp-bulk,2026-05-31 21:45:36.599110+00:00,1930843,EKİNCİK REGÜLATÖRÜ VE HES,8242,2026-05-31T07:00:00+03:00,07:00
40W000001930843F,EKİNCİK REGÜLATÖRÜ VE HES,unknown,2026-05-31 08:00:00+03:00,,4.0,chunk_0027.json,POST /v1/generation/data/dpp-bulk,2026-05-31 21:45:36.599110+00:00,1930843,EKİNCİK REGÜLATÖRÜ VE HES,8242,2026-05-31T08:00:00+03:00,08:00
40W000001930843F,EKİNCİK REGÜLATÖRÜ VE HES,unknown,2026-05-31 09:00:00+03:00,,4.0,chunk_0027.json,POST /v1/generation/data/dpp-bulk,2026-05-31 21:45:36.599110+00:00,1930843,EKİNCİK REGÜLATÖRÜ VE HES,8242,2026-05-31T09:00:00+03:00,09:00
40W000001930843F,EKİNCİK REGÜLATÖRÜ VE HES,unknown,2026-05-31 10:00:00+03:00,,4.0,chunk_0027.json,POST /v1/generation/data/dpp-bulk,2026-05-31 21:45:36.599110+00:00,1930843,EKİNCİK REGÜLATÖRÜ VE HES,8242,2026-05-31T10:00:00+03:00,10:00
40W000001930843F,EKİNCİK REGÜLATÖRÜ VE HES,unknown,2026-05-31 11:00:00+03:00,,4.0,chunk_0027.json,POST /v1/generation/data/dpp-bulk,2026-05-31 21:45:36.599110+00:00,1930843,EKİNCİK REGÜLATÖRÜ VE HES,8242,2026-05-31T11:00:00+03:00,11:00
40W000001930843F,EKİNCİK REGÜLATÖRÜ VE HES,unknown,2026-05-31 12:00:00+03:00,,4.0,chunk_0027.json,POST /v1/generation/data/dpp-bulk,2026-05-31 21:45:36.599110+00:00,1930843,EKİNCİK REGÜLATÖRÜ VE HES,8242,2026-05-31T12:00:00+03:00,12:00
40W000001930843F,EKİNCİK REGÜLATÖRÜ VE HES,unknown,2026-05-31 13:00:00+03:00,,4.0,chunk_0027.json,POST /v1/generation/data/dpp-bulk,2026-05-31 21:45:36.599110+00:00,1930843,EKİNCİK REGÜLATÖRÜ VE HES,8242,2026-05-31T13:00:00+03:00,13:00
40W000001930843F,EKİNCİK REGÜLATÖRÜ VE HES,unknown,2026-05-31 14:00:00+03:00,,4.0,chunk_0027.json,POST /v1/generation/data/dpp-bulk,2026-05-31 21:45:36.599110+00:00,1930843,EKİNCİK REGÜLATÖRÜ VE HES,8242,2026-05-31T14:00:00+03:00,14:00
40W000001930843F,EKİNCİK REGÜLATÖRÜ VE HES,unknown,2026-05-31 15:00:00+03:00,,4.0,chunk_0027.json,POST /v1/generation/data/dpp-bulk,2026-05-31 21:45:36.599110+00:00,1930843,EKİNCİK REGÜLATÖRÜ VE HES,8242,2026-05-31T15:00:00+03:00,15:00
40W000001930843F,EKİNCİK REGÜLATÖRÜ VE HES,unknown,2026-05-31 16:00:00+03:00,,4.0,chunk_0027.json,POST /v1/generation/data/dpp-bulk,2026-05-31 21:45:36.599110+00:00,1930843,EKİNCİK REGÜLATÖRÜ VE HES,8242,2026-05-31T16:00:00+03:00,16:00
40W000001930843F,EKİNCİK REGÜLATÖRÜ VE HES,unknown,2026-05-31 17:00:00+03:00,,4.0,chunk_0027.json,POST /v1/generation/data/dpp-bulk,2026-05-31 21:45:36.599110+00:00,1930843,EKİNCİK REGÜLATÖRÜ VE HES,8242,2026-05-31T17:00:00+03:00,17:00
40W000001930843F,EKİNCİK REGÜLATÖRÜ VE HES,unknown,2026-05-31 18:00:00+03:00,,4.0,chunk_0027.json,POST /v1/generation/data/dpp-bulk,2026-05-31 21:45:36.599110+00:00,1930843,EKİNCİK REGÜLATÖRÜ VE HES,8242,2026-05-31T18:00:00+03:00,18:00
40W000001930843F,EKİNCİK REGÜLATÖRÜ VE HES,unknown,2026-05-31 19:00:00+03:00,,4.0,chunk_0027.json,POST /v1/generation/data/dpp-bulk,2026-05-31 21:45:36.599110+00:00,1930843,EKİNCİK REGÜLATÖRÜ VE HES,8242,2026-05-31T19:00:00+03:00,19:00
40W000001930843F,EKİNCİK REGÜLATÖRÜ VE HES,unknown,2026-05-31 20:00:00+03:00,,4.0,chunk_0027.json,POST /v1/generation/data/dpp-bulk,2026-05-31 21:45:36.599110+00:00,1930843,EKİNCİK REGÜLATÖRÜ VE HES,8242,2026-05-31T20:00:00+03:00,20:00
40W000001930843F,EKİNCİK REGÜLATÖRÜ VE HES,unknown,2026-05-31 21:00:00+03:00,,4.0,chunk_0027.json,POST /v1/generation/data/dpp-bulk,2026-05-31 21:45:36.599110+00:00,1930843,EKİNCİK REGÜLATÖRÜ VE HES,8242,2026-05-31T21:00:00+03:00,21:00
40W000001930843F,EKİNCİK REGÜLATÖRÜ VE HES,unknown,2026-05-31 22:00:00+03:00,,4.0,chunk_0027.json,POST /v1/generation/data/dpp-bulk,2026-05-31 21:45:36.599110+00:00,1930843,EKİNCİK REGÜLATÖRÜ VE HES,8242,2026-05-31T22:00:00+03:00,22:00
40W000001930843F,EKİNCİK REGÜLATÖRÜ VE HES,unknown,2026-05-31 23:00:00+03:00,,4.0,chunk_0027.json,POST /v1/generation/data/dpp-bulk,2026-05-31 21:45:36.599110+00:00,1930843,EKİNCİK REGÜLATÖRÜ VE HES,8242,2026-05-31T23:00:00+03:00,23:00
40W000002038066D,ÇAĞLAYAN REG. ve HES(ATE),unknown,2026-05-31 00:00:00+03:00,,0.0,chunk_0027.json,POST /v1/generation/data/dpp-bulk,2026-05-31 21:45:36.599110+00:00,2038066,ÇAĞLAYAN REG. ve HES(ATE),8247,2026-05-31T00:00:00+03:00,00:00
40W000002038066D,ÇAĞLAYAN REG. ve HES(ATE),unknown,2026-05-31 01:00:00+03:00,,0.0,chunk_0027.json,POST /v1/generation/data/dpp-bulk,2026-05-31 21:45:36.599110+00:00,2038066,ÇAĞLAYAN REG. ve HES(ATE),8247,2026-05-31T01:00:00+03:00,01:00
40W000002038066D,ÇAĞLAYAN REG. ve HES(ATE),unknown,2026-05-31 02:00:00+03:00,,0.0,chunk_0027.json,POST /v1/generation/data/dpp-bulk,2026-05-31 21:45:36.599110+00:00,2038066,ÇAĞLAYAN REG. ve HES(ATE),8247,2026-05-31T02:00:00+03:00,02:00
40W000002038066D,ÇAĞLAYAN REG. ve HES(ATE),unknown,2026-05-31 03:00:00+03:00,,0.0,chunk_0027.json,POST /v1/generation/data/dpp-bulk,2026-05-31 21:45:36.599110+00:00,2038066,ÇAĞLAYAN REG. ve HES(ATE),8247,2026-05-31T03:00:00+03:00,03:00
40W000002038066D,ÇAĞLAYAN REG. ve HES(ATE),unknown,2026-05-31 04:00:00+03:00,,0.0,chunk_0027.json,POST /v1/generation/data/dpp-bulk,2026-05-31 21:45:36.599110+00:00,2038066,ÇAĞLAYAN REG. ve HES(ATE),8247,2026-05-31T04:00:00+03:00,04:00
40W000002038066D,ÇAĞLAYAN REG. ve HES(ATE),unknown,2026-05-31 05:00:00+03:00,,0.0,chunk_0027.json,POST /v1/generation/data/dpp-bulk,2026-05-31 21:45:36.599110+00:00,2038066,ÇAĞLAYAN REG. ve HES(ATE),8247,2026-05-31T05:00:00+03:00,05:00
40W000002038066D,ÇAĞLAYAN REG. ve HES(ATE),unknown,2026-05-31 06:00:00+03:00,,0.0,chunk_0027.json,POST /v1/generation/data/dpp-bulk,2026-05-31 21:45:36.599110+00:00,2038066,ÇAĞLAYAN REG. ve HES(ATE),8247,2026-05-31T06:00:00+03:00,06:00
40W000002038066D,ÇAĞLAYAN REG. ve HES(ATE),unknown,2026-05-31 07:00:00+03:00,,0.0,chunk_0027.json,POST /v1/generation/data/dpp-bulk,2026-05-31 21:45:36.599110+00:00,2038066,ÇAĞLAYAN REG. ve HES(ATE),8247,2026-05-31T07:00:00+03:00,07:00
40W000002038066D,ÇAĞLAYAN REG. ve HES(ATE),unknown,2026-05-31 08:00:00+03:00,,0.0,chunk_0027.json,POST /v1/generation/data/dpp-bulk,2026-05-31 21:45:36.599110+00:00,2038066,ÇAĞLAYAN REG. ve HES(ATE),8247,2026-05-31T08:00:00+03:00,08:00
40W000002038066D,ÇAĞLAYAN REG. ve HES(ATE),unknown,2026-05-31 09:00:00+03:00,,0.0,chunk_0027.json,POST /v1/generation/data/dpp-bulk,2026-05-31 21:45:36.599110+00:00,2038066,ÇAĞLAYAN REG. ve HES(ATE),8247,2026-05-31T09:00:00+03:00,09:00
40W000002038066D,ÇAĞLAYAN REG. ve HES(ATE),unknown,2026-05-31 10:00:00+03:00,,0.0,chunk_0027.json,POST /v1/generation/data/dpp-bulk,2026-05-31 21:45:36.599110+00:00,2038066,ÇAĞLAYAN REG. ve HES(ATE),8247,2026-05-31T10:00:00+03:00,10:00
40W000002038066D,ÇAĞLAYAN REG. ve HES(ATE),unknown,2026-05-31 11:00:00+03:00,,0.0,chunk_0027.json,POST /v1/generation/data/dpp-bulk,2026-05-31 21:45:36.599110+00:00,2038066,ÇAĞLAYAN REG. ve HES(ATE),8247,2026-05-31T11:00:00+03:00,11:00
40W000002038066D,ÇAĞLAYAN REG. ve HES(ATE),unknown,2026-05-31 12:00:00+03:00,,0.0,chunk_0027.json,POST /v1/generation/data/dpp-bulk,2026-05-31 21:45:36.599110+00:00,2038066,ÇAĞLAYAN REG. ve HES(ATE),8247,2026-05-31T12:00:00+03:00,12:00
40W000002038066D,ÇAĞLAYAN REG. ve HES(ATE),unknown,2026-05-31 13:00:00+03:00,,0.0,chunk_0027.json,POST /v1/generation/data/dpp-bulk,2026-05-31 21:45:36.599110+00:00,2038066,ÇAĞLAYAN REG. ve HES(ATE),8247,2026-05-31T13:00:00+03:00,13:00
40W000002038066D,ÇAĞLAYAN REG. ve HES(ATE),unknown,2026-05-31 14:00:00+03:00,,0.0,chunk_0027.json,POST /v1/generation/data/dpp-bulk,2026-05-31 21:45:36.599110+00:00,2038066,ÇAĞLAYAN REG. ve HES(ATE),8247,2026-05-31T14:00:00+03:00,14:00
40W000002038066D,ÇAĞLAYAN REG. ve HES(ATE),unknown,2026-05-31 15:00:00+03:00,,0.0,chunk_0027.json,POST /v1/generation/data/dpp-bulk,2026-05-31 21:45:36.599110+00:00,2038066,ÇAĞLAYAN REG. ve HES(ATE),8247,2026-05-31T15:00:00+03:00,15:00
40W000002038066D,ÇAĞLAYAN REG. ve HES(ATE),unknown,2026-05-31 16:00:00+03:00,,0.0,chunk_0027.json,POST /v1/generation/data/dpp-bulk,2026-05-31 21:45:36.599110+00:00,2038066,ÇAĞLAYAN REG. ve HES(ATE),8247,2026-05-31T16:00:00+03:00,16:00
40W000002038066D,ÇAĞLAYAN REG. ve HES(ATE),unknown,2026-05-31 17:00:00+03:00,,0.0,chunk_0027.json,POST /v1/generation/data/dpp-bulk,2026-05-31 21:45:36.599110+00:00,2038066,ÇAĞLAYAN REG. ve HES(ATE),8247,2026-05-31T17:00:00+03:00,17:00
40W000002038066D,ÇAĞLAYAN REG. ve HES(ATE),unknown,2026-05-31 18:00:00+03:00,,0.0,chunk_0027.json,POST /v1/generation/data/dpp-bulk,2026-05-31 21:45:36.599110+00:00,2038066,ÇAĞLAYAN REG. ve HES(ATE),8247,2026-05-31T18:00:00+03:00,18:00
40W000002038066D,ÇAĞLAYAN REG. ve HES(ATE),unknown,2026-05-31 19:00:00+03:00,,8.0,chunk_0027.json,POST /v1/generation/data/dpp-bulk,2026-05-31 21:45:36.599110+00:00,2038066,ÇAĞLAYAN REG. ve HES(ATE),8247,2026-05-31T19:00:00+03:00,19:00
40W000002038066D,ÇAĞLAYAN REG. ve HES(ATE),unknown,2026-05-31 20:00:00+03:00,,11.9,chunk_0027.json,POST /v1/generation/data/dpp-bulk,2026-05-31 21:45:36.599110+00:00,2038066,ÇAĞLAYAN REG. ve HES(ATE),8247,2026-05-31T20:00:00+03:00,20:00
40W000002038066D,ÇAĞLAYAN REG. ve HES(ATE),unknown,2026-05-31 21:00:00+03:00,,11.9,chunk_0027.json,POST /v1/generation/data/dpp-bulk,2026-05-31 21:45:36.599110+00:00,2038066,ÇAĞLAYAN REG. ve HES(ATE),8247,2026-05-31T21:00:00+03:00,21:00
40W000002038066D,ÇAĞLAYAN REG. ve HES(ATE),unknown,2026-05-31 22:00:00+03:00,,11.9,chunk_0027.json,POST /v1/generation/data/dpp-bulk,2026-05-31 21:45:36.599110+00:00,2038066,ÇAĞLAYAN REG. ve HES(ATE),8247,2026-05-31T22:00:00+03:00,22:00
40W000002038066D,ÇAĞLAYAN REG. ve HES(ATE),unknown,2026-05-31 23:00:00+03:00,,11.9,chunk_0027.json,POST /v1/generation/data/dpp-bulk,2026-05-31 21:45:36.599110+00:00,2038066,ÇAĞLAYAN REG. ve HES(ATE),8247,2026-05-31T23:00:00+03:00,23:00
40W0000020609546,KEMERKÖY TES_GRUP1,unknown,2026-05-31 00:00:00+03:00,,179.0,chunk_0027.json,POST /v1/generation/data/dpp-bulk,2026-05-31 21:45:36.599110+00:00,2060954,KEMERKÖY TES_GRUP1,8339,2026-05-31T00:00:00+03:00,00:00
40W0000020609546,KEMERKÖY TES_GRUP1,unknown,2026-05-31 01:00:00+03:00,,179.0,chunk_0027.json,POST /v1/generation/data/dpp-bulk,2026-05-31 21:45:36.599110+00:00,2060954,KEMERKÖY TES_GRUP1,8339,2026-05-31T01:00:00+03:00,01:00
40W0000020609546,KEMERKÖY TES_GRUP1,unknown,2026-05-31 02:00:00+03:00,,179.0,chunk_0027.json,POST /v1/generation/data/dpp-bulk,2026-05-31 21:45:36.599110+00:00,2060954,KEMERKÖY TES_GRUP1,8339,2026-05-31T02:00:00+03:00,02:00
40W0000020609546,KEMERKÖY TES_GRUP1,unknown,2026-05-31 03:00:00+03:00,,167.0,chunk_0027.json,POST /v1/generation/data/dpp-bulk,2026-05-31 21:45:36.599110+00:00,2060954,KEMERKÖY TES_GRUP1,8339,2026-05-31T03:00:00+03:00,03:00
40W0000020609546,KEMERKÖY TES_GRUP1,unknown,2026-05-31 04:00:00+03:00,,167.0,chunk_0027.json,POST /v1/generation/data/dpp-bulk,2026-05-31 21:45:36.599110+00:00,2060954,KEMERKÖY TES_GRUP1,8339,2026-05-31T04:00:00+03:00,04:00
40W0000020609546,KEMERKÖY TES_GRUP1,unknown,2026-05-31 05:00:00+03:00,,167.0,chunk_0027.json,POST /v1/generation/data/dpp-bulk,2026-05-31 21:45:36.599110+00:00,2060954,KEMERKÖY TES_GRUP1,8339,2026-05-31T05:00:00+03:00,05:00
40W0000020609546,KEMERKÖY TES_GRUP1,unknown,2026-05-31 06:00:00+03:00,,167.0,chunk_0027.json,POST /v1/generation/data/dpp-bulk,2026-05-31 21:45:36.599110+00:00,2060954,KEMERKÖY TES_GRUP1,8339,2026-05-31T06:00:00+03:00,06:00
40W0000020609546,KEMERKÖY TES_GRUP1,unknown,2026-05-31 07:00:00+03:00,,167.0,chunk_0027.json,POST /v1/generation/data/dpp-bulk,2026-05-31 21:45:36.599110+00:00,2060954,KEMERKÖY TES_GRUP1,8339,2026-05-31T07:00:00+03:00,07:00
40W0000020609546,KEMERKÖY TES_GRUP1,unknown,2026-05-31 08:00:00+03:00,,167.0,chunk_0027.json,POST /v1/generation/data/dpp-bulk,2026-05-31 21:45:36.599110+00:00,2060954,KEMERKÖY TES_GRUP1,8339,2026-05-31T08:00:00+03:00,08:00
40W0000020609546,KEMERKÖY TES_GRUP1,unknown,2026-05-31 09:00:00+03:00,,167.0,chunk_0027.json,POST /v1/generation/data/dpp-bulk,2026-05-31 21:45:36.599110+00:00,2060954,KEMERKÖY TES_GRUP1,8339,2026-05-31T09:00:00+03:00,09:00
40W0000020609546,KEMERKÖY TES_GRUP1,unknown,2026-05-31 10:00:00+03:00,,167.0,chunk_0027.json,POST /v1/generation/data/dpp-bulk,2026-05-31 21:45:36.599110+00:00,2060954,KEMERKÖY TES_GRUP1,8339,2026-05-31T10:00:00+03:00,10:00
40W0000020609546,KEMERKÖY TES_GRUP1,unknown,2026-05-31 11:00:00+03:00,,167.0,chunk_0027.json,POST /v1/generation/data/dpp-bulk,2026-05-31 21:45:36.599110+00:00,2060954,KEMERKÖY TES_GRUP1,8339,2026-05-31T11:00:00+03:00,11:00
40W0000020609546,KEMERKÖY TES_GRUP1,unknown,2026-05-31 12:00:00+03:00,,167.0,chunk_0027.json,POST /v1/generation/data/dpp-bulk,2026-05-31 21:45:36.599110+00:00,2060954,KEMERKÖY TES_GRUP1,8339,2026-05-31T12:00:00+03:00,12:00
40W0000020609546,KEMERKÖY TES_GRUP1,unknown,2026-05-31 13:00:00+03:00,,167.0,chunk_0027.json,POST /v1/generation/data/dpp-bulk,2026-05-31 21:45:36.599110+00:00,2060954,KEMERKÖY TES_GRUP1,8339,2026-05-31T13:00:00+03:00,13:00
40W0000020609546,KEMERKÖY TES_GRUP1,unknown,2026-05-31 14:00:00+03:00,,167.0,chunk_0027.json,POST /v1/generation/data/dpp-bulk,2026-05-31 21:45:36.599110+00:00,2060954,KEMERKÖY TES_GRUP1,8339,2026-05-31T14:00:00+03:00,14:00
40W0000020609546,KEMERKÖY TES_GRUP1,unknown,2026-05-31 15:00:00+03:00,,167.0,chunk_0027.json,POST /v1/generation/data/dpp-bulk,2026-05-31 21:45:36.599110+00:00,2060954,KEMERKÖY TES_GRUP1,8339,2026-05-31T15:00:00+03:00,15:00
40W0000020609546,KEMERKÖY TES_GRUP1,unknown,2026-05-31 16:00:00+03:00,,167.0,chunk_0027.json,POST /v1/generation/data/dpp-bulk,2026-05-31 21:45:36.599110+00:00,2060954,KEMERKÖY TES_GRUP1,8339,2026-05-31T16:00:00+03:00,16:00
40W0000020609546,KEMERKÖY TES_GRUP1,unknown,2026-05-31 17:00:00+03:00,,167.0,chunk_0027.json,POST /v1/generation/data/dpp-bulk,2026-05-31 21:45:36.599110+00:00,2060954,KEMERKÖY TES_GRUP1,8339,2026-05-31T17:00:00+03:00,17:00
40W0000020609546,KEMERKÖY TES_GRUP1,unknown,2026-05-31 18:00:00+03:00,,179.0,chunk_0027.json,POST /v1/generation/data/dpp-bulk,2026-05-31 21:45:36.599110+00:00,2060954,KEMERKÖY TES_GRUP1,8339,2026-05-31T18:00:00+03:00,18:00
40W0000020609546,KEMERKÖY TES_GRUP1,unknown,2026-05-31 19:00:00+03:00,,179.0,chunk_0027.json,POST /v1/generation/data/dpp-bulk,2026-05-31 21:45:36.599110+00:00,2060954,KEMERKÖY TES_GRUP1,8339,2026-05-31T19:00:00+03:00,19:00
40W0000020609546,KEMERKÖY TES_GRUP1,unknown,2026-05-31 20:00:00+03:00,,189.0,chunk_0027.json,POST /v1/generation/data/dpp-bulk,2026-05-31 21:45:36.599110+00:00,2060954,KEMERKÖY TES_GRUP1,8339,2026-05-31T20:00:00+03:00,20:00
40W0000020609546,KEMERKÖY TES_GRUP1,unknown,2026-05-31 21:00:00+03:00,,201.0,chunk_0027.json,POST /v1/generation/data/dpp-bulk,2026-05-31 21:45:36.599110+00:00,2060954,KEMERKÖY TES_GRUP1,8339,2026-05-31T21:00:00+03:00,21:00
40W0000020609546,KEMERKÖY TES_GRUP1,unknown,2026-05-31 22:00:00+03:00,,201.0,chunk_0027.json,POST /v1/generation/data/dpp-bulk,2026-05-31 21:45:36.599110+00:00,2060954,KEMERKÖY TES_GRUP1,8339,2026-05-31T22:00:00+03:00,22:00
40W0000020609546,KEMERKÖY TES_GRUP1,unknown,2026-05-31 23:00:00+03:00,,167.0,chunk_0027.json,POST /v1/generation/data/dpp-bulk,2026-05-31 21:45:36.599110+00:00,2060954,KEMERKÖY TES_GRUP1,8339,2026-05-31T23:00:00+03:00,23:00
40W0000020609554,YENİKÖY TES,unknown,2026-05-31 00:00:00+03:00,,290.0,chunk_0027.json,POST /v1/generation/data/dpp-bulk,2026-05-31 21:45:36.599110+00:00,2060955,YENİKÖY TES,8339,2026-05-31T00:00:00+03:00,00:00
40W0000020609554,YENİKÖY TES,unknown,2026-05-31 01:00:00+03:00,,290.0,chunk_0027.json,POST /v1/generation/data/dpp-bulk,2026-05-31 21:45:36.599110+00:00,2060955,YENİKÖY TES,8339,2026-05-31T01:00:00+03:00,01:00
40W0000020609554,YENİKÖY TES,unknown,2026-05-31 02:00:00+03:00,,290.0,chunk_0027.json,POST /v1/generation/data/dpp-bulk,2026-05-31 21:45:36.599110+00:00,2060955,YENİKÖY TES,8339,2026-05-31T02:00:00+03:00,02:00
40W0000020609554,YENİKÖY TES,unknown,2026-05-31 03:00:00+03:00,,290.0,chunk_0027.json,POST /v1/generation/data/dpp-bulk,2026-05-31 21:45:36.599110+00:00,2060955,YENİKÖY TES,8339,2026-05-31T03:00:00+03:00,03:00
40W0000020609554,YENİKÖY TES,unknown,2026-05-31 04:00:00+03:00,,290.0,chunk_0027.json,POST /v1/generation/data/dpp-bulk,2026-05-31 21:45:36.599110+00:00,2060955,YENİKÖY TES,8339,2026-05-31T04:00:00+03:00,04:00
40W0000020609554,YENİKÖY TES,unknown,2026-05-31 05:00:00+03:00,,290.0,chunk_0027.json,POST /v1/generation/data/dpp-bulk,2026-05-31 21:45:36.599110+00:00,2060955,YENİKÖY TES,8339,2026-05-31T05:00:00+03:00,05:00
40W0000020609554,YENİKÖY TES,unknown,2026-05-31 06:00:00+03:00,,290.0,chunk_0027.json,POST /v1/generation/data/dpp-bulk,2026-05-31 21:45:36.599110+00:00,2060955,YENİKÖY TES,8339,2026-05-31T06:00:00+03:00,06:00
40W0000020609554,YENİKÖY TES,unknown,2026-05-31 07:00:00+03:00,,290.0,chunk_0027.json,POST /v1/generation/data/dpp-bulk,2026-05-31 21:45:36.599110+00:00,2060955,YENİKÖY TES,8339,2026-05-31T07:00:00+03:00,07:00
40W0000020609554,YENİKÖY TES,unknown,2026-05-31 08:00:00+03:00,,290.0,chunk_0027.json,POST /v1/generation/data/dpp-bulk,2026-05-31 21:45:36.599110+00:00,2060955,YENİKÖY TES,8339,2026-05-31T08:00:00+03:00,08:00
40W0000020609554,YENİKÖY TES,unknown,2026-05-31 09:00:00+03:00,,290.0,chunk_0027.json,POST /v1/generation/data/dpp-bulk,2026-05-31 21:45:36.599110+00:00,2060955,YENİKÖY TES,8339,2026-05-31T09:00:00+03:00,09:00
40W0000020609554,YENİKÖY TES,unknown,2026-05-31 10:00:00+03:00,,290.0,chunk_0027.json,POST /v1/generation/data/dpp-bulk,2026-05-31 21:45:36.599110+00:00,2060955,YENİKÖY TES,8339,2026-05-31T10:00:00+03:00,10:00
40W0000020609554,YENİKÖY TES,unknown,2026-05-31 11:00:00+03:00,,290.0,chunk_0027.json,POST /v1/generation/data/dpp-bulk,2026-05-31 21:45:36.599110+00:00,2060955,YENİKÖY TES,8339,2026-05-31T11:00:00+03:00,11:00
40W0000020609554,YENİKÖY TES,unknown,2026-05-31 12:00:00+03:00,,290.0,chunk_0027.json,POST /v1/generation/data/dpp-bulk,2026-05-31 21:45:36.599110+00:00,2060955,YENİKÖY TES,8339,2026-05-31T12:00:00+03:00,12:00
40W0000020609554,YENİKÖY TES,unknown,2026-05-31 13:00:00+03:00,,290.0,chunk_0027.json,POST /v1/generation/data/dpp-bulk,2026-05-31 21:45:36.599110+00:00,2060955,YENİKÖY TES,8339,2026-05-31T13:00:00+03:00,13:00
40W0000020609554,YENİKÖY TES,unknown,2026-05-31 14:00:00+03:00,,290.0,chunk_0027.json,POST /v1/generation/data/dpp-bulk,2026-05-31 21:45:36.599110+00:00,2060955,YENİKÖY TES,8339,2026-05-31T14:00:00+03:00,14:00
40W0000020609554,YENİKÖY TES,unknown,2026-05-31 15:00:00+03:00,,290.0,chunk_0027.json,POST /v1/generation/data/dpp-bulk,2026-05-31 21:45:36.599110+00:00,2060955,YENİKÖY TES,8339,2026-05-31T15:00:00+03:00,15:00
40W0000020609554,YENİKÖY TES,unknown,2026-05-31 16:00:00+03:00,,290.0,chunk_0027.json,POST /v1/generation/data/dpp-bulk,2026-05-31 21:45:36.599110+00:00,2060955,YENİKÖY TES,8339,2026-05-31T16:00:00+03:00,16:00
40W0000020609554,YENİKÖY TES,unknown,2026-05-31 17:00:00+03:00,,290.0,chunk_0027.json,POST /v1/generation/data/dpp-bulk,2026-05-31 21:45:36.599110+00:00,2060955,YENİKÖY TES,8339,2026-05-31T17:00:00+03:00,17:00
40W0000020609554,YENİKÖY TES,unknown,2026-05-31 18:00:00+03:00,,290.0,chunk_0027.json,POST /v1/generation/data/dpp-bulk,2026-05-31 21:45:36.599110+00:00,2060955,YENİKÖY TES,8339,2026-05-31T18:00:00+03:00,18:00
40W0000020609554,YENİKÖY TES,unknown,2026-05-31 19:00:00+03:00,,290.0,chunk_0027.json,POST /v1/generation/data/dpp-bulk,2026-05-31 21:45:36.599110+00:00,2060955,YENİKÖY TES,8339,2026-05-31T19:00:00+03:00,19:00
40W0000020609554,YENİKÖY TES,unknown,2026-05-31 20:00:00+03:00,,344.0,chunk_0027.json,POST /v1/generation/data/dpp-bulk,2026-05-31 21:45:36.599110+00:00,2060955,YENİKÖY TES,8339,2026-05-31T20:00:00+03:00,20:00
40W0000020609554,YENİKÖY TES,unknown,2026-05-31 21:00:00+03:00,,344.0,chunk_0027.json,POST /v1/generation/data/dpp-bulk,2026-05-31 21:45:36.599110+00:00,2060955,YENİKÖY TES,8339,2026-05-31T21:00:00+03:00,21:00
40W0000020609554,YENİKÖY TES,unknown,2026-05-31 22:00:00+03:00,,344.0,chunk_0027.json,POST /v1/generation/data/dpp-bulk,2026-05-31 21:45:36.599110+00:00,2060955,YENİKÖY TES,8339,2026-05-31T22:00:00+03:00,22:00
40W0000020609554,YENİKÖY TES,unknown,2026-05-31 23:00:00+03:00,,290.0,chunk_0027.json,POST /v1/generation/data/dpp-bulk,2026-05-31 21:45:36.599110+00:00,2060955,YENİKÖY TES,8339,2026-05-31T23:00:00+03:00,23:00
40W0000020610508,ÇATALAĞZI TES 1,unknown,2026-05-31 00:00:00+03:00,,0.0,chunk_0027.json,POST /v1/generation/data/dpp-bulk,2026-05-31 21:45:36.599110+00:00,2061050,ÇATALAĞZI TES 1,8360,2026-05-31T00:00:00+03:00,00:00
40W0000020610508,ÇATALAĞZI TES 1,unknown,2026-05-31 01:00:00+03:00,,0.0,chunk_0027.json,POST /v1/generation/data/dpp-bulk,2026-05-31 21:45:36.599110+00:00,2061050,ÇATALAĞZI TES 1,8360,2026-05-31T01:00:00+03:00,01:00
40W0000020610508,ÇATALAĞZI TES 1,unknown,2026-05-31 02:00:00+03:00,,0.0,chunk_0027.json,POST /v1/generation/data/dpp-bulk,2026-05-31 21:45:36.599110+00:00,2061050,ÇATALAĞZI TES 1,8360,2026-05-31T02:00:00+03:00,02:00
40W0000020610508,ÇATALAĞZI TES 1,unknown,2026-05-31 03:00:00+03:00,,0.0,chunk_0027.json,POST /v1/generation/data/dpp-bulk,2026-05-31 21:45:36.599110+00:00,2061050,ÇATALAĞZI TES 1,8360,2026-05-31T03:00:00+03:00,03:00
40W0000020610508,ÇATALAĞZI TES 1,unknown,2026-05-31 04:00:00+03:00,,0.0,chunk_0027.json,POST /v1/generation/data/dpp-bulk,2026-05-31 21:45:36.599110+00:00,2061050,ÇATALAĞZI TES 1,8360,2026-05-31T04:00:00+03:00,04:00
40W0000020610508,ÇATALAĞZI TES 1,unknown,2026-05-31 05:00:00+03:00,,0.0,chunk_0027.json,POST /v1/generation/data/dpp-bulk,2026-05-31 21:45:36.599110+00:00,2061050,ÇATALAĞZI TES 1,8360,2026-05-31T05:00:00+03:00,05:00
40W0000020610508,ÇATALAĞZI TES 1,unknown,2026-05-31 06:00:00+03:00,,0.0,chunk_0027.json,POST /v1/generation/data/dpp-bulk,2026-05-31 21:45:36.599110+00:00,2061050,ÇATALAĞZI TES 1,8360,2026-05-31T06:00:00+03:00,06:00
40W0000020610508,ÇATALAĞZI TES 1,unknown,2026-05-31 07:00:00+03:00,,0.0,chunk_0027.json,POST /v1/generation/data/dpp-bulk,2026-05-31 21:45:36.599110+00:00,2061050,ÇATALAĞZI TES 1,8360,2026-05-31T07:00:00+03:00,07:00
40W0000020610508,ÇATALAĞZI TES 1,unknown,2026-05-31 08:00:00+03:00,,0.0,chunk_0027.json,POST /v1/generation/data/dpp-bulk,2026-05-31 21:45:36.599110+00:00,2061050,ÇATALAĞZI TES 1,8360,2026-05-31T08:00:00+03:00,08:00
40W0000020610508,ÇATALAĞZI TES 1,unknown,2026-05-31 09:00:00+03:00,,0.0,chunk_0027.json,POST /v1/generation/data/dpp-bulk,2026-05-31 21:45:36.599110+00:00,2061050,ÇATALAĞZI TES 1,8360,2026-05-31T09:00:00+03:00,09:00
40W0000020610508,ÇATALAĞZI TES 1,unknown,2026-05-31 10:00:00+03:00,,0.0,chunk_0027.json,POST /v1/generation/data/dpp-bulk,2026-05-31 21:45:36.599110+00:00,2061050,ÇATALAĞZI TES 1,8360,2026-05-31T10:00:00+03:00,10:00
40W0000020610508,ÇATALAĞZI TES 1,unknown,2026-05-31 11:00:00+03:00,,0.0,chunk_0027.json,POST /v1/generation/data/dpp-bulk,2026-05-31 21:45:36.599110+00:00,2061050,ÇATALAĞZI TES 1,8360,2026-05-31T11:00:00+03:00,11:00
40W0000020610508,ÇATALAĞZI TES 1,unknown,2026-05-31 12:00:00+03:00,,0.0,chunk_0027.json,POST /v1/generation/data/dpp-bulk,2026-05-31 21:45:36.599110+00:00,2061050,ÇATALAĞZI TES 1,8360,2026-05-31T12:00:00+03:00,12:00
40W0000020610508,ÇATALAĞZI TES 1,unknown,2026-05-31 13:00:00+03:00,,0.0,chunk_0027.json,POST /v1/generation/data/dpp-bulk,2026-05-31 21:45:36.599110+00:00,2061050,ÇATALAĞZI TES 1,8360,2026-05-31T13:00:00+03:00,13:00
40W0000020610508,ÇATALAĞZI TES 1,unknown,2026-05-31 14:00:00+03:00,,0.0,chunk_0027.json,POST /v1/generation/data/dpp-bulk,2026-05-31 21:45:36.599110+00:00,2061050,ÇATALAĞZI TES 1,8360,2026-05-31T14:00:00+03:00,14:00
40W0000020610508,ÇATALAĞZI TES 1,unknown,2026-05-31 15:00:00+03:00,,0.0,chunk_0027.json,POST /v1/generation/data/dpp-bulk,2026-05-31 21:45:36.599110+00:00,2061050,ÇATALAĞZI TES 1,8360,2026-05-31T15:00:00+03:00,15:00
40W0000020610508,ÇATALAĞZI TES 1,unknown,2026-05-31 16:00:00+03:00,,0.0,chunk_0027.json,POST /v1/generation/data/dpp-bulk,2026-05-31 21:45:36.599110+00:00,2061050,ÇATALAĞZI TES 1,8360,2026-05-31T16:00:00+03:00,16:00
40W0000020610508,ÇATALAĞZI TES 1,unknown,2026-05-31 17:00:00+03:00,,0.0,chunk_0027.json,POST /v1/generation/data/dpp-bulk,2026-05-31 21:45:36.599110+00:00,2061050,ÇATALAĞZI TES 1,8360,2026-05-31T17:00:00+03:00,17:00
40W0000020610508,ÇATALAĞZI TES 1,unknown,2026-05-31 18:00:00+03:00,,0.0,chunk_0027.json,POST /v1/generation/data/dpp-bulk,2026-05-31 21:45:36.599110+00:00,2061050,ÇATALAĞZI TES 1,8360,2026-05-31T18:00:00+03:00,18:00
40W0000020610508,ÇATALAĞZI TES 1,unknown,2026-05-31 19:00:00+03:00,,0.0,chunk_0027.json,POST /v1/generation/data/dpp-bulk,2026-05-31 21:45:36.599110+00:00,2061050,ÇATALAĞZI TES 1,8360,2026-05-31T19:00:00+03:00,19:00
40W0000020610508,ÇATALAĞZI TES 1,unknown,2026-05-31 20:00:00+03:00,,0.0,chunk_0027.json,POST /v1/generation/data/dpp-bulk,2026-05-31 21:45:36.599110+00:00,2061050,ÇATALAĞZI TES 1,8360,2026-05-31T20:00:00+03:00,20:00
40W0000020610508,ÇATALAĞZI TES 1,unknown,2026-05-31 21:00:00+03:00,,0.0,chunk_0027.json,POST /v1/generation/data/dpp-bulk,2026-05-31 21:45:36.599110+00:00,2061050,ÇATALAĞZI TES 1,8360,2026-05-31T21:00:00+03:00,21:00
40W0000020610508,ÇATALAĞZI TES 1,unknown,2026-05-31 22:00:00+03:00,,0.0,chunk_0027.json,POST /v1/generation/data/dpp-bulk,2026-05-31 21:45:36.599110+00:00,2061050,ÇATALAĞZI TES 1,8360,2026-05-31T22:00:00+03:00,22:00
40W0000020610508,ÇATALAĞZI TES 1,unknown,2026-05-31 23:00:00+03:00,,0.0,chunk_0027.json,POST /v1/generation/data/dpp-bulk,2026-05-31 21:45:36.599110+00:00,2061050,ÇATALAĞZI TES 1,8360,2026-05-31T23:00:00+03:00,23:00
40W000002215429G,DERE HES,unknown,2026-05-31 00:00:00+03:00,,0.0,chunk_0027.json,POST /v1/generation/data/dpp-bulk,2026-05-31 21:45:36.599110+00:00,2215429,DERE HES,8399,2026-05-31T00:00:00+03:00,00:00
40W000002215429G,DERE HES,unknown,2026-05-31 01:00:00+03:00,,0.0,chunk_0027.json,POST /v1/generation/data/dpp-bulk,2026-05-31 21:45:36.599110+00:00,2215429,DERE HES,8399,2026-05-31T01:00:00+03:00,01:00
40W000002215429G,DERE HES,unknown,2026-05-31 02:00:00+03:00,,0.0,chunk_0027.json,POST /v1/generation/data/dpp-bulk,2026-05-31 21:45:36.599110+00:00,2215429,DERE HES,8399,2026-05-31T02:00:00+03:00,02:00
40W000002215429G,DERE HES,unknown,2026-05-31 03:00:00+03:00,,0.0,chunk_0027.json,POST /v1/generation/data/dpp-bulk,2026-05-31 21:45:36.599110+00:00,2215429,DERE HES,8399,2026-05-31T03:00:00+03:00,03:00
40W000002215429G,DERE HES,unknown,2026-05-31 04:00:00+03:00,,0.0,chunk_0027.json,POST /v1/generation/data/dpp-bulk,2026-05-31 21:45:36.599110+00:00,2215429,DERE HES,8399,2026-05-31T04:00:00+03:00,04:00
40W000002215429G,DERE HES,unknown,2026-05-31 05:00:00+03:00,,0.0,chunk_0027.json,POST /v1/generation/data/dpp-bulk,2026-05-31 21:45:36.599110+00:00,2215429,DERE HES,8399,2026-05-31T05:00:00+03:00,05:00
40W000002215429G,DERE HES,unknown,2026-05-31 06:00:00+03:00,,0.0,chunk_0027.json,POST /v1/generation/data/dpp-bulk,2026-05-31 21:45:36.599110+00:00,2215429,DERE HES,8399,2026-05-31T06:00:00+03:00,06:00
40W000002215429G,DERE HES,unknown,2026-05-31 07:00:00+03:00,,0.0,chunk_0027.json,POST /v1/generation/data/dpp-bulk,2026-05-31 21:45:36.599110+00:00,2215429,DERE HES,8399,2026-05-31T07:00:00+03:00,07:00
40W000002215429G,DERE HES,unknown,2026-05-31 08:00:00+03:00,,0.0,chunk_0027.json,POST /v1/generation/data/dpp-bulk,2026-05-31 21:45:36.599110+00:00,2215429,DERE HES,8399,2026-05-31T08:00:00+03:00,08:00
40W000002215429G,DERE HES,unknown,2026-05-31 09:00:00+03:00,,0.0,chunk_0027.json,POST /v1/generation/data/dpp-bulk,2026-05-31 21:45:36.599110+00:00,2215429,DERE HES,8399,2026-05-31T09:00:00+03:00,09:00
40W000002215429G,DERE HES,unknown,2026-05-31 10:00:00+03:00,,0.0,chunk_0027.json,POST /v1/generation/data/dpp-bulk,2026-05-31 21:45:36.599110+00:00,2215429,DERE HES,8399,2026-05-31T10:00:00+03:00,10:00
40W000002215429G,DERE HES,unknown,2026-05-31 11:00:00+03:00,,0.0,chunk_0027.json,POST /v1/generation/data/dpp-bulk,2026-05-31 21:45:36.599110+00:00,2215429,DERE HES,8399,2026-05-31T11:00:00+03:00,11:00
40W000002215429G,DERE HES,unknown,2026-05-31 12:00:00+03:00,,0.0,chunk_0027.json,POST /v1/generation/data/dpp-bulk,2026-05-31 21:45:36.599110+00:00,2215429,DERE HES,8399,2026-05-31T12:00:00+03:00,12:00
40W000002215429G,DERE HES,unknown,2026-05-31 13:00:00+03:00,,0.0,chunk_0027.json,POST /v1/generation/data/dpp-bulk,2026-05-31 21:45:36.599110+00:00,2215429,DERE HES,8399,2026-05-31T13:00:00+03:00,13:00
40W000002215429G,DERE HES,unknown,2026-05-31 14:00:00+03:00,,0.0,chunk_0027.json,POST /v1/generation/data/dpp-bulk,2026-05-31 21:45:36.599110+00:00,2215429,DERE HES,8399,2026-05-31T14:00:00+03:00,14:00
40W000002215429G,DERE HES,unknown,2026-05-31 15:00:00+03:00,,0.0,chunk_0027.json,POST /v1/generation/data/dpp-bulk,2026-05-31 21:45:36.599110+00:00,2215429,DERE HES,8399,2026-05-31T15:00:00+03:00,15:00
40W000002215429G,DERE HES,unknown,2026-05-31 16:00:00+03:00,,0.0,chunk_0027.json,POST /v1/generation/data/dpp-bulk,2026-05-31 21:45:36.599110+00:00,2215429,DERE HES,8399,2026-05-31T16:00:00+03:00,16:00
40W000002215429G,DERE HES,unknown,2026-05-31 17:00:00+03:00,,0.0,chunk_0027.json,POST /v1/generation/data/dpp-bulk,2026-05-31 21:45:36.599110+00:00,2215429,DERE HES,8399,2026-05-31T17:00:00+03:00,17:00
40W000002215429G,DERE HES,unknown,2026-05-31 18:00:00+03:00,,0.0,chunk_0027.json,POST /v1/generation/data/dpp-bulk,2026-05-31 21:45:36.599110+00:00,2215429,DERE HES,8399,2026-05-31T18:00:00+03:00,18:00
40W000002215429G,DERE HES,unknown,2026-05-31 19:00:00+03:00,,0.0,chunk_0027.json,POST /v1/generation/data/dpp-bulk,2026-05-31 21:45:36.599110+00:00,2215429,DERE HES,8399,2026-05-31T19:00:00+03:00,19:00
40W000002215429G,DERE HES,unknown,2026-05-31 20:00:00+03:00,,0.0,chunk_0027.json,POST /v1/generation/data/dpp-bulk,2026-05-31 21:45:36.599110+00:00,2215429,DERE HES,8399,2026-05-31T20:00:00+03:00,20:00
40W000002215429G,DERE HES,unknown,2026-05-31 21:00:00+03:00,,0.0,chunk_0027.json,POST /v1/generation/data/dpp-bulk,2026-05-31 21:45:36.599110+00:00,2215429,DERE HES,8399,2026-05-31T21:00:00+03:00,21:00
40W000002215429G,DERE HES,unknown,2026-05-31 22:00:00+03:00,,0.0,chunk_0027.json,POST /v1/generation/data/dpp-bulk,2026-05-31 21:45:36.599110+00:00,2215429,DERE HES,8399,2026-05-31T22:00:00+03:00,22:00
40W000002215429G,DERE HES,unknown,2026-05-31 23:00:00+03:00,,0.0,chunk_0027.json,POST /v1/generation/data/dpp-bulk,2026-05-31 21:45:36.599110+00:00,2215429,DERE HES,8399,2026-05-31T23:00:00+03:00,23:00
40W0000022154791,İVRİZ HES,unknown,2026-05-31 00:00:00+03:00,,0.0,chunk_0027.json,POST /v1/generation/data/dpp-bulk,2026-05-31 21:45:36.599110+00:00,2215479,İVRİZ HES,8399,2026-05-31T00:00:00+03:00,00:00
40W0000022154791,İVRİZ HES,unknown,2026-05-31 01:00:00+03:00,,0.0,chunk_0027.json,POST /v1/generation/data/dpp-bulk,2026-05-31 21:45:36.599110+00:00,2215479,İVRİZ HES,8399,2026-05-31T01:00:00+03:00,01:00
40W0000022154791,İVRİZ HES,unknown,2026-05-31 02:00:00+03:00,,0.0,chunk_0027.json,POST /v1/generation/data/dpp-bulk,2026-05-31 21:45:36.599110+00:00,2215479,İVRİZ HES,8399,2026-05-31T02:00:00+03:00,02:00
40W0000022154791,İVRİZ HES,unknown,2026-05-31 03:00:00+03:00,,0.0,chunk_0027.json,POST /v1/generation/data/dpp-bulk,2026-05-31 21:45:36.599110+00:00,2215479,İVRİZ HES,8399,2026-05-31T03:00:00+03:00,03:00
40W0000022154791,İVRİZ HES,unknown,2026-05-31 04:00:00+03:00,,0.0,chunk_0027.json,POST /v1/generation/data/dpp-bulk,2026-05-31 21:45:36.599110+00:00,2215479,İVRİZ HES,8399,2026-05-31T04:00:00+03:00,04:00
40W0000022154791,İVRİZ HES,unknown,2026-05-31 05:00:00+03:00,,0.0,chunk_0027.json,POST /v1/generation/data/dpp-bulk,2026-05-31 21:45:36.599110+00:00,2215479,İVRİZ HES,8399,2026-05-31T05:00:00+03:00,05:00
40W0000022154791,İVRİZ HES,unknown,2026-05-31 06:00:00+03:00,,0.0,chunk_0027.json,POST /v1/generation/data/dpp-bulk,2026-05-31 21:45:36.599110+00:00,2215479,İVRİZ HES,8399,2026-05-31T06:00:00+03:00,06:00
40W0000022154791,İVRİZ HES,unknown,2026-05-31 07:00:00+03:00,,0.0,chunk_0027.json,POST /v1/generation/data/dpp-bulk,2026-05-31 21:45:36.599110+00:00,2215479,İVRİZ HES,8399,2026-05-31T07:00:00+03:00,07:00
40W0000022154791,İVRİZ HES,unknown,2026-05-31 08:00:00+03:00,,0.0,chunk_0027.json,POST /v1/generation/data/dpp-bulk,2026-05-31 21:45:36.599110+00:00,2215479,İVRİZ HES,8399,2026-05-31T08:00:00+03:00,08:00
40W0000022154791,İVRİZ HES,unknown,2026-05-31 09:00:00+03:00,,0.0,chunk_0027.json,POST /v1/generation/data/dpp-bulk,2026-05-31 21:45:36.599110+00:00,2215479,İVRİZ HES,8399,2026-05-31T09:00:00+03:00,09:00
40W0000022154791,İVRİZ HES,unknown,2026-05-31 10:00:00+03:00,,0.0,chunk_0027.json,POST /v1/generation/data/dpp-bulk,2026-05-31 21:45:36.599110+00:00,2215479,İVRİZ HES,8399,2026-05-31T10:00:00+03:00,10:00
40W0000022154791,İVRİZ HES,unknown,2026-05-31 11:00:00+03:00,,0.0,chunk_0027.json,POST /v1/generation/data/dpp-bulk,2026-05-31 21:45:36.599110+00:00,2215479,İVRİZ HES,8399,2026-05-31T11:00:00+03:00,11:00
40W0000022154791,İVRİZ HES,unknown,2026-05-31 12:00:00+03:00,,0.0,chunk_0027.json,POST /v1/generation/data/dpp-bulk,2026-05-31 21:45:36.599110+00:00,2215479,İVRİZ HES,8399,2026-05-31T12:00:00+03:00,12:00
40W0000022154791,İVRİZ HES,unknown,2026-05-31 13:00:00+03:00,,0.0,chunk_0027.json,POST /v1/generation/data/dpp-bulk,2026-05-31 21:45:36.599110+00:00,2215479,İVRİZ HES,8399,2026-05-31T13:00:00+03:00,13:00
40W0000022154791,İVRİZ HES,unknown,2026-05-31 14:00:00+03:00,,0.0,chunk_0027.json,POST /v1/generation/data/dpp-bulk,2026-05-31 21:45:36.599110+00:00,2215479,İVRİZ HES,8399,2026-05-31T14:00:00+03:00,14:00
40W0000022154791,İVRİZ HES,unknown,2026-05-31 15:00:00+03:00,,0.0,chunk_0027.json,POST /v1/generation/data/dpp-bulk,2026-05-31 21:45:36.599110+00:00,2215479,İVRİZ HES,8399,2026-05-31T15:00:00+03:00,15:00
40W0000022154791,İVRİZ HES,unknown,2026-05-31 16:00:00+03:00,,0.0,chunk_0027.json,POST /v1/generation/data/dpp-bulk,2026-05-31 21:45:36.599110+00:00,2215479,İVRİZ HES,8399,2026-05-31T16:00:00+03:00,16:00
40W0000022154791,İVRİZ HES,unknown,2026-05-31 17:00:00+03:00,,0.0,chunk_0027.json,POST /v1/generation/data/dpp-bulk,2026-05-31 21:45:36.599110+00:00,2215479,İVRİZ HES,8399,2026-05-31T17:00:00+03:00,17:00
40W0000022154791,İVRİZ HES,unknown,2026-05-31 18:00:00+03:00,,0.0,chunk_0027.json,POST /v1/generation/data/dpp-bulk,2026-05-31 21:45:36.599110+00:00,2215479,İVRİZ HES,8399,2026-05-31T18:00:00+03:00,18:00
40W0000022154791,İVRİZ HES,unknown,2026-05-31 19:00:00+03:00,,0.0,chunk_0027.json,POST /v1/generation/data/dpp-bulk,2026-05-31 21:45:36.599110+00:00,2215479,İVRİZ HES,8399,2026-05-31T19:00:00+03:00,19:00
40W0000022154791,İVRİZ HES,unknown,2026-05-31 20:00:00+03:00,,0.0,chunk_0027.json,POST /v1/generation/data/dpp-bulk,2026-05-31 21:45:36.599110+00:00,2215479,İVRİZ HES,8399,2026-05-31T20:00:00+03:00,20:00
40W0000022154791,İVRİZ HES,unknown,2026-05-31 21:00:00+03:00,,0.0,chunk_0027.json,POST /v1/generation/data/dpp-bulk,2026-05-31 21:45:36.599110+00:00,2215479,İVRİZ HES,8399,2026-05-31T21:00:00+03:00,21:00
40W0000022154791,İVRİZ HES,unknown,2026-05-31 22:00:00+03:00,,0.0,chunk_0027.json,POST /v1/generation/data/dpp-bulk,2026-05-31 21:45:36.599110+00:00,2215479,İVRİZ HES,8399,2026-05-31T22:00:00+03:00,22:00
40W0000022154791,İVRİZ HES,unknown,2026-05-31 23:00:00+03:00,,0.0,chunk_0027.json,POST /v1/generation/data/dpp-bulk,2026-05-31 21:45:36.599110+00:00,2215479,İVRİZ HES,8399,2026-05-31T23:00:00+03:00,23:00
40W000002204813Q,ÇAYKARA HES,unknown,2026-05-31 00:00:00+03:00,,0.0,chunk_0027.json,POST /v1/generation/data/dpp-bulk,2026-05-31 21:45:36.599110+00:00,2204813,ÇAYKARA HES,101940,2026-05-31T00:00:00+03:00,00:00
40W000002204813Q,ÇAYKARA HES,unknown,2026-05-31 01:00:00+03:00,,0.0,chunk_0027.json,POST /v1/generation/data/dpp-bulk,2026-05-31 21:45:36.599110+00:00,2204813,ÇAYKARA HES,101940,2026-05-31T01:00:00+03:00,01:00
40W000002204813Q,ÇAYKARA HES,unknown,2026-05-31 02:00:00+03:00,,0.0,chunk_0027.json,POST /v1/generation/data/dpp-bulk,2026-05-31 21:45:36.599110+00:00,2204813,ÇAYKARA HES,101940,2026-05-31T02:00:00+03:00,02:00
40W000002204813Q,ÇAYKARA HES,unknown,2026-05-31 03:00:00+03:00,,0.0,chunk_0027.json,POST /v1/generation/data/dpp-bulk,2026-05-31 21:45:36.599110+00:00,2204813,ÇAYKARA HES,101940,2026-05-31T03:00:00+03:00,03:00
40W000002204813Q,ÇAYKARA HES,unknown,2026-05-31 04:00:00+03:00,,0.0,chunk_0027.json,POST /v1/generation/data/dpp-bulk,2026-05-31 21:45:36.599110+00:00,2204813,ÇAYKARA HES,101940,2026-05-31T04:00:00+03:00,04:00
40W000002204813Q,ÇAYKARA HES,unknown,2026-05-31 05:00:00+03:00,,0.0,chunk_0027.json,POST /v1/generation/data/dpp-bulk,2026-05-31 21:45:36.599110+00:00,2204813,ÇAYKARA HES,101940,2026-05-31T05:00:00+03:00,05:00
40W000002204813Q,ÇAYKARA HES,unknown,2026-05-31 06:00:00+03:00,,0.0,chunk_0027.json,POST /v1/generation/data/dpp-bulk,2026-05-31 21:45:36.599110+00:00,2204813,ÇAYKARA HES,101940,2026-05-31T06:00:00+03:00,06:00
40W000002204813Q,ÇAYKARA HES,unknown,2026-05-31 07:00:00+03:00,,0.0,chunk_0027.json,POST /v1/generation/data/dpp-bulk,2026-05-31 21:45:36.599110+00:00,2204813,ÇAYKARA HES,101940,2026-05-31T07:00:00+03:00,07:00
40W000002204813Q,ÇAYKARA HES,unknown,2026-05-31 08:00:00+03:00,,0.0,chunk_0027.json,POST /v1/generation/data/dpp-bulk,2026-05-31 21:45:36.599110+00:00,2204813,ÇAYKARA HES,101940,2026-05-31T08:00:00+03:00,08:00
40W000002204813Q,ÇAYKARA HES,unknown,2026-05-31 09:00:00+03:00,,0.0,chunk_0027.json,POST /v1/generation/data/dpp-bulk,2026-05-31 21:45:36.599110+00:00,2204813,ÇAYKARA HES,101940,2026-05-31T09:00:00+03:00,09:00
40W000002204813Q,ÇAYKARA HES,unknown,2026-05-31 10:00:00+03:00,,0.0,chunk_0027.json,POST /v1/generation/data/dpp-bulk,2026-05-31 21:45:36.599110+00:00,2204813,ÇAYKARA HES,101940,2026-05-31T10:00:00+03:00,10:00
40W000002204813Q,ÇAYKARA HES,unknown,2026-05-31 11:00:00+03:00,,0.0,chunk_0027.json,POST /v1/generation/data/dpp-bulk,2026-05-31 21:45:36.599110+00:00,2204813,ÇAYKARA HES,101940,2026-05-31T11:00:00+03:00,11:00
40W000002204813Q,ÇAYKARA HES,unknown,2026-05-31 12:00:00+03:00,,0.0,chunk_0027.json,POST /v1/generation/data/dpp-bulk,2026-05-31 21:45:36.599110+00:00,2204813,ÇAYKARA HES,101940,2026-05-31T12:00:00+03:00,12:00
40W000002204813Q,ÇAYKARA HES,unknown,2026-05-31 13:00:00+03:00,,0.0,chunk_0027.json,POST /v1/generation/data/dpp-bulk,2026-05-31 21:45:36.599110+00:00,2204813,ÇAYKARA HES,101940,2026-05-31T13:00:00+03:00,13:00
40W000002204813Q,ÇAYKARA HES,unknown,2026-05-31 14:00:00+03:00,,0.0,chunk_0027.json,POST /v1/generation/data/dpp-bulk,2026-05-31 21:45:36.599110+00:00,2204813,ÇAYKARA HES,101940,2026-05-31T14:00:00+03:00,14:00
40W000002204813Q,ÇAYKARA HES,unknown,2026-05-31 15:00:00+03:00,,0.0,chunk_0027.json,POST /v1/generation/data/dpp-bulk,2026-05-31 21:45:36.599110+00:00,2204813,ÇAYKARA HES,101940,2026-05-31T15:00:00+03:00,15:00
40W000002204813Q,ÇAYKARA HES,unknown,2026-05-31 16:00:00+03:00,,0.0,chunk_0027.json,POST /v1/generation/data/dpp-bulk,2026-05-31 21:45:36.599110+00:00,2204813,ÇAYKARA HES,101940,2026-05-31T16:00:00+03:00,16:00
40W000002204813Q,ÇAYKARA HES,unknown,2026-05-31 17:00:00+03:00,,0.0,chunk_0027.json,POST /v1/generation/data/dpp-bulk,2026-05-31 21:45:36.599110+00:00,2204813,ÇAYKARA HES,101940,2026-05-31T17:00:00+03:00,17:00
40W000002204813Q,ÇAYKARA HES,unknown,2026-05-31 18:00:00+03:00,,0.0,chunk_0027.json,POST /v1/generation/data/dpp-bulk,2026-05-31 21:45:36.599110+00:00,2204813,ÇAYKARA HES,101940,2026-05-31T18:00:00+03:00,18:00
40W000002204813Q,ÇAYKARA HES,unknown,2026-05-31 19:00:00+03:00,,0.0,chunk_0027.json,POST /v1/generation/data/dpp-bulk,2026-05-31 21:45:36.599110+00:00,2204813,ÇAYKARA HES,101940,2026-05-31T19:00:00+03:00,19:00
40W000002204813Q,ÇAYKARA HES,unknown,2026-05-31 20:00:00+03:00,,24.0,chunk_0027.json,POST /v1/generation/data/dpp-bulk,2026-05-31 21:45:36.599110+00:00,2204813,ÇAYKARA HES,101940,2026-05-31T20:00:00+03:00,20:00
40W000002204813Q,ÇAYKARA HES,unknown,2026-05-31 21:00:00+03:00,,25.0,chunk_0027.json,POST /v1/generation/data/dpp-bulk,2026-05-31 21:45:36.599110+00:00,2204813,ÇAYKARA HES,101940,2026-05-31T21:00:00+03:00,21:00
40W000002204813Q,ÇAYKARA HES,unknown,2026-05-31 22:00:00+03:00,,25.0,chunk_0027.json,POST /v1/generation/data/dpp-bulk,2026-05-31 21:45:36.599110+00:00,2204813,ÇAYKARA HES,101940,2026-05-31T22:00:00+03:00,22:00
40W000002204813Q,ÇAYKARA HES,unknown,2026-05-31 23:00:00+03:00,,25.0,chunk_0027.json,POST /v1/generation/data/dpp-bulk,2026-05-31 21:45:36.599110+00:00,2204813,ÇAYKARA HES,101940,2026-05-31T23:00:00+03:00,23:00
40W000001810208N,KARACABEY-2 BİYOGAZ SANTRALI,unknown,2026-05-31 00:00:00+03:00,,0.0,chunk_0027.json,POST /v1/generation/data/dpp-bulk,2026-05-31 21:45:36.599110+00:00,1810208,KARACABEY-2 BİYOGAZ SANTRALI,103060,2026-05-31T00:00:00+03:00,00:00
40W000001810208N,KARACABEY-2 BİYOGAZ SANTRALI,unknown,2026-05-31 01:00:00+03:00,,0.0,chunk_0027.json,POST /v1/generation/data/dpp-bulk,2026-05-31 21:45:36.599110+00:00,1810208,KARACABEY-2 BİYOGAZ SANTRALI,103060,2026-05-31T01:00:00+03:00,01:00
40W000001810208N,KARACABEY-2 BİYOGAZ SANTRALI,unknown,2026-05-31 02:00:00+03:00,,0.0,chunk_0027.json,POST /v1/generation/data/dpp-bulk,2026-05-31 21:45:36.599110+00:00,1810208,KARACABEY-2 BİYOGAZ SANTRALI,103060,2026-05-31T02:00:00+03:00,02:00
40W000001810208N,KARACABEY-2 BİYOGAZ SANTRALI,unknown,2026-05-31 03:00:00+03:00,,0.54,chunk_0027.json,POST /v1/generation/data/dpp-bulk,2026-05-31 21:45:36.599110+00:00,1810208,KARACABEY-2 BİYOGAZ SANTRALI,103060,2026-05-31T03:00:00+03:00,03:00
40W000001810208N,KARACABEY-2 BİYOGAZ SANTRALI,unknown,2026-05-31 04:00:00+03:00,,0.0,chunk_0027.json,POST /v1/generation/data/dpp-bulk,2026-05-31 21:45:36.599110+00:00,1810208,KARACABEY-2 BİYOGAZ SANTRALI,103060,2026-05-31T04:00:00+03:00,04:00
40W000001810208N,KARACABEY-2 BİYOGAZ SANTRALI,unknown,2026-05-31 05:00:00+03:00,,0.0,chunk_0027.json,POST /v1/generation/data/dpp-bulk,2026-05-31 21:45:36.599110+00:00,1810208,KARACABEY-2 BİYOGAZ SANTRALI,103060,2026-05-31T05:00:00+03:00,05:00
40W000001810208N,KARACABEY-2 BİYOGAZ SANTRALI,unknown,2026-05-31 06:00:00+03:00,,0.0,chunk_0027.json,POST /v1/generation/data/dpp-bulk,2026-05-31 21:45:36.599110+00:00,1810208,KARACABEY-2 BİYOGAZ SANTRALI,103060,2026-05-31T06:00:00+03:00,06:00
40W000001810208N,KARACABEY-2 BİYOGAZ SANTRALI,unknown,2026-05-31 07:00:00+03:00,,0.0,chunk_0027.json,POST /v1/generation/data/dpp-bulk,2026-05-31 21:45:36.599110+00:00,1810208,KARACABEY-2 BİYOGAZ SANTRALI,103060,2026-05-31T07:00:00+03:00,07:00
40W000001810208N,KARACABEY-2 BİYOGAZ SANTRALI,unknown,2026-05-31 08:00:00+03:00,,0.0,chunk_0027.json,POST /v1/generation/data/dpp-bulk,2026-05-31 21:45:36.599110+00:00,1810208,KARACABEY-2 BİYOGAZ SANTRALI,103060,2026-05-31T08:00:00+03:00,08:00
40W000001810208N,KARACABEY-2 BİYOGAZ SANTRALI,unknown,2026-05-31 09:00:00+03:00,,0.0,chunk_0027.json,POST /v1/generation/data/dpp-bulk,2026-05-31 21:45:36.599110+00:00,1810208,KARACABEY-2 BİYOGAZ SANTRALI,103060,2026-05-31T09:00:00+03:00,09:00
40W000001810208N,KARACABEY-2 BİYOGAZ SANTRALI,unknown,2026-05-31 10:00:00+03:00,,0.0,chunk_0027.json,POST /v1/generation/data/dpp-bulk,2026-05-31 21:45:36.599110+00:00,1810208,KARACABEY-2 BİYOGAZ SANTRALI,103060,2026-05-31T10:00:00+03:00,10:00
40W000001810208N,KARACABEY-2 BİYOGAZ SANTRALI,unknown,2026-05-31 11:00:00+03:00,,0.0,chunk_0027.json,POST /v1/generation/data/dpp-bulk,2026-05-31 21:45:36.599110+00:00,1810208,KARACABEY-2 BİYOGAZ SANTRALI,103060,2026-05-31T11:00:00+03:00,11:00
40W000001810208N,KARACABEY-2 BİYOGAZ SANTRALI,unknown,2026-05-31 12:00:00+03:00,,0.0,chunk_0027.json,POST /v1/generation/data/dpp-bulk,2026-05-31 21:45:36.599110+00:00,1810208,KARACABEY-2 BİYOGAZ SANTRALI,103060,2026-05-31T12:00:00+03:00,12:00
40W000001810208N,KARACABEY-2 BİYOGAZ SANTRALI,unknown,2026-05-31 13:00:00+03:00,,0.0,chunk_0027.json,POST /v1/generation/data/dpp-bulk,2026-05-31 21:45:36.599110+00:00,1810208,KARACABEY-2 BİYOGAZ SANTRALI,103060,2026-05-31T13:00:00+03:00,13:00
40W000001810208N,KARACABEY-2 BİYOGAZ SANTRALI,unknown,2026-05-31 14:00:00+03:00,,0.0,chunk_0027.json,POST /v1/generation/data/dpp-bulk,2026-05-31 21:45:36.599110+00:00,1810208,KARACABEY-2 BİYOGAZ SANTRALI,103060,2026-05-31T14:00:00+03:00,14:00
40W000001810208N,KARACABEY-2 BİYOGAZ SANTRALI,unknown,2026-05-31 15:00:00+03:00,,0.0,chunk_0027.json,POST /v1/generation/data/dpp-bulk,2026-05-31 21:45:36.599110+00:00,1810208,KARACABEY-2 BİYOGAZ SANTRALI,103060,2026-05-31T15:00:00+03:00,15:00
40W000001810208N,KARACABEY-2 BİYOGAZ SANTRALI,unknown,2026-05-31 16:00:00+03:00,,0.0,chunk_0027.json,POST /v1/generation/data/dpp-bulk,2026-05-31 21:45:36.599110+00:00,1810208,KARACABEY-2 BİYOGAZ SANTRALI,103060,2026-05-31T16:00:00+03:00,16:00
40W000001810208N,KARACABEY-2 BİYOGAZ SANTRALI,unknown,2026-05-31 17:00:00+03:00,,0.0,chunk_0027.json,POST /v1/generation/data/dpp-bulk,2026-05-31 21:45:36.599110+00:00,1810208,KARACABEY-2 BİYOGAZ SANTRALI,103060,2026-05-31T17:00:00+03:00,17:00
40W000001810208N,KARACABEY-2 BİYOGAZ SANTRALI,unknown,2026-05-31 18:00:00+03:00,,0.05,chunk_0027.json,POST /v1/generation/data/dpp-bulk,2026-05-31 21:45:36.599110+00:00,1810208,KARACABEY-2 BİYOGAZ SANTRALI,103060,2026-05-31T18:00:00+03:00,18:00
40W000001810208N,KARACABEY-2 BİYOGAZ SANTRALI,unknown,2026-05-31 19:00:00+03:00,,0.0,chunk_0027.json,POST /v1/generation/data/dpp-bulk,2026-05-31 21:45:36.599110+00:00,1810208,KARACABEY-2 BİYOGAZ SANTRALI,103060,2026-05-31T19:00:00+03:00,19:00
40W000001810208N,KARACABEY-2 BİYOGAZ SANTRALI,unknown,2026-05-31 20:00:00+03:00,,0.94,chunk_0027.json,POST /v1/generation/data/dpp-bulk,2026-05-31 21:45:36.599110+00:00,1810208,KARACABEY-2 BİYOGAZ SANTRALI,103060,2026-05-31T20:00:00+03:00,20:00
40W000001810208N,KARACABEY-2 BİYOGAZ SANTRALI,unknown,2026-05-31 21:00:00+03:00,,0.94,chunk_0027.json,POST /v1/generation/data/dpp-bulk,2026-05-31 21:45:36.599110+00:00,1810208,KARACABEY-2 BİYOGAZ SANTRALI,103060,2026-05-31T21:00:00+03:00,21:00
40W000001810208N,KARACABEY-2 BİYOGAZ SANTRALI,unknown,2026-05-31 22:00:00+03:00,,0.94,chunk_0027.json,POST /v1/generation/data/dpp-bulk,2026-05-31 21:45:36.599110+00:00,1810208,KARACABEY-2 BİYOGAZ SANTRALI,103060,2026-05-31T22:00:00+03:00,22:00
40W000001810208N,KARACABEY-2 BİYOGAZ SANTRALI,unknown,2026-05-31 23:00:00+03:00,,0.54,chunk_0027.json,POST /v1/generation/data/dpp-bulk,2026-05-31 21:45:36.599110+00:00,1810208,KARACABEY-2 BİYOGAZ SANTRALI,103060,2026-05-31T23:00:00+03:00,23:00
40W000001808518B,İNCESU RES(TAMYELİ),unknown,2026-05-31 00:00:00+03:00,,2.87,chunk_0027.json,POST /v1/generation/data/dpp-bulk,2026-05-31 21:45:36.599110+00:00,1808518,İNCESU RES(TAMYELİ),103261,2026-05-31T00:00:00+03:00,00:00
40W000001808518B,İNCESU RES(TAMYELİ),unknown,2026-05-31 01:00:00+03:00,,3.32,chunk_0027.json,POST /v1/generation/data/dpp-bulk,2026-05-31 21:45:36.599110+00:00,1808518,İNCESU RES(TAMYELİ),103261,2026-05-31T01:00:00+03:00,01:00
40W000001808518B,İNCESU RES(TAMYELİ),unknown,2026-05-31 02:00:00+03:00,,4.13,chunk_0027.json,POST /v1/generation/data/dpp-bulk,2026-05-31 21:45:36.599110+00:00,1808518,İNCESU RES(TAMYELİ),103261,2026-05-31T02:00:00+03:00,02:00
40W000001808518B,İNCESU RES(TAMYELİ),unknown,2026-05-31 03:00:00+03:00,,0.0,chunk_0027.json,POST /v1/generation/data/dpp-bulk,2026-05-31 21:45:36.599110+00:00,1808518,İNCESU RES(TAMYELİ),103261,2026-05-31T03:00:00+03:00,03:00
40W000001808518B,İNCESU RES(TAMYELİ),unknown,2026-05-31 04:00:00+03:00,,0.0,chunk_0027.json,POST /v1/generation/data/dpp-bulk,2026-05-31 21:45:36.599110+00:00,1808518,İNCESU RES(TAMYELİ),103261,2026-05-31T04:00:00+03:00,04:00
40W000001808518B,İNCESU RES(TAMYELİ),unknown,2026-05-31 05:00:00+03:00,,0.0,chunk_0027.json,POST /v1/generation/data/dpp-bulk,2026-05-31 21:45:36.599110+00:00,1808518,İNCESU RES(TAMYELİ),103261,2026-05-31T05:00:00+03:00,05:00
40W000001808518B,İNCESU RES(TAMYELİ),unknown,2026-05-31 06:00:00+03:00,,0.0,chunk_0027.json,POST /v1/generation/data/dpp-bulk,2026-05-31 21:45:36.599110+00:00,1808518,İNCESU RES(TAMYELİ),103261,2026-05-31T06:00:00+03:00,06:00
40W000001808518B,İNCESU RES(TAMYELİ),unknown,2026-05-31 07:00:00+03:00,,0.0,chunk_0027.json,POST /v1/generation/data/dpp-bulk,2026-05-31 21:45:36.599110+00:00,1808518,İNCESU RES(TAMYELİ),103261,2026-05-31T07:00:00+03:00,07:00
40W000001808518B,İNCESU RES(TAMYELİ),unknown,2026-05-31 08:00:00+03:00,,0.0,chunk_0027.json,POST /v1/generation/data/dpp-bulk,2026-05-31 21:45:36.599110+00:00,1808518,İNCESU RES(TAMYELİ),103261,2026-05-31T08:00:00+03:00,08:00
40W000001808518B,İNCESU RES(TAMYELİ),unknown,2026-05-31 09:00:00+03:00,,0.0,chunk_0027.json,POST /v1/generation/data/dpp-bulk,2026-05-31 21:45:36.599110+00:00,1808518,İNCESU RES(TAMYELİ),103261,2026-05-31T09:00:00+03:00,09:00
40W000001808518B,İNCESU RES(TAMYELİ),unknown,2026-05-31 10:00:00+03:00,,0.0,chunk_0027.json,POST /v1/generation/data/dpp-bulk,2026-05-31 21:45:36.599110+00:00,1808518,İNCESU RES(TAMYELİ),103261,2026-05-31T10:00:00+03:00,10:00
40W000001808518B,İNCESU RES(TAMYELİ),unknown,2026-05-31 11:00:00+03:00,,0.0,chunk_0027.json,POST /v1/generation/data/dpp-bulk,2026-05-31 21:45:36.599110+00:00,1808518,İNCESU RES(TAMYELİ),103261,2026-05-31T11:00:00+03:00,11:00
40W000001808518B,İNCESU RES(TAMYELİ),unknown,2026-05-31 12:00:00+03:00,,0.0,chunk_0027.json,POST /v1/generation/data/dpp-bulk,2026-05-31 21:45:36.599110+00:00,1808518,İNCESU RES(TAMYELİ),103261,2026-05-31T12:00:00+03:00,12:00
40W000001808518B,İNCESU RES(TAMYELİ),unknown,2026-05-31 13:00:00+03:00,,0.0,chunk_0027.json,POST /v1/generation/data/dpp-bulk,2026-05-31 21:45:36.599110+00:00,1808518,İNCESU RES(TAMYELİ),103261,2026-05-31T13:00:00+03:00,13:00
40W000001808518B,İNCESU RES(TAMYELİ),unknown,2026-05-31 14:00:00+03:00,,0.0,chunk_0027.json,POST /v1/generation/data/dpp-bulk,2026-05-31 21:45:36.599110+00:00,1808518,İNCESU RES(TAMYELİ),103261,2026-05-31T14:00:00+03:00,14:00
40W000001808518B,İNCESU RES(TAMYELİ),unknown,2026-05-31 15:00:00+03:00,,0.0,chunk_0027.json,POST /v1/generation/data/dpp-bulk,2026-05-31 21:45:36.599110+00:00,1808518,İNCESU RES(TAMYELİ),103261,2026-05-31T15:00:00+03:00,15:00
40W000001808518B,İNCESU RES(TAMYELİ),unknown,2026-05-31 16:00:00+03:00,,0.0,chunk_0027.json,POST /v1/generation/data/dpp-bulk,2026-05-31 21:45:36.599110+00:00,1808518,İNCESU RES(TAMYELİ),103261,2026-05-31T16:00:00+03:00,16:00
40W000001808518B,İNCESU RES(TAMYELİ),unknown,2026-05-31 17:00:00+03:00,,0.0,chunk_0027.json,POST /v1/generation/data/dpp-bulk,2026-05-31 21:45:36.599110+00:00,1808518,İNCESU RES(TAMYELİ),103261,2026-05-31T17:00:00+03:00,17:00
40W000001808518B,İNCESU RES(TAMYELİ),unknown,2026-05-31 18:00:00+03:00,,0.0,chunk_0027.json,POST /v1/generation/data/dpp-bulk,2026-05-31 21:45:36.599110+00:00,1808518,İNCESU RES(TAMYELİ),103261,2026-05-31T18:00:00+03:00,18:00
40W000001808518B,İNCESU RES(TAMYELİ),unknown,2026-05-31 19:00:00+03:00,,5.26,chunk_0027.json,POST /v1/generation/data/dpp-bulk,2026-05-31 21:45:36.599110+00:00,1808518,İNCESU RES(TAMYELİ),103261,2026-05-31T19:00:00+03:00,19:00
40W000001808518B,İNCESU RES(TAMYELİ),unknown,2026-05-31 20:00:00+03:00,,4.32,chunk_0027.json,POST /v1/generation/data/dpp-bulk,2026-05-31 21:45:36.599110+00:00,1808518,İNCESU RES(TAMYELİ),103261,2026-05-31T20:00:00+03:00,20:00
40W000001808518B,İNCESU RES(TAMYELİ),unknown,2026-05-31 21:00:00+03:00,,2.75,chunk_0027.json,POST /v1/generation/data/dpp-bulk,2026-05-31 21:45:36.599110+00:00,1808518,İNCESU RES(TAMYELİ),103261,2026-05-31T21:00:00+03:00,21:00
40W000001808518B,İNCESU RES(TAMYELİ),unknown,2026-05-31 22:00:00+03:00,,1.8,chunk_0027.json,POST /v1/generation/data/dpp-bulk,2026-05-31 21:45:36.599110+00:00,1808518,İNCESU RES(TAMYELİ),103261,2026-05-31T22:00:00+03:00,22:00
40W000001808518B,İNCESU RES(TAMYELİ),unknown,2026-05-31 23:00:00+03:00,,1.4,chunk_0027.json,POST /v1/generation/data/dpp-bulk,2026-05-31 21:45:36.599110+00:00,1808518,İNCESU RES(TAMYELİ),103261,2026-05-31T23:00:00+03:00,23:00
40W000001930390Q,BEYPAZARI BİYOGAZ TESİSİ BİYOKÜTLE PROJESİ ÜRETİM SANTRALİ,unknown,2026-05-31 00:00:00+03:00,,0.0,chunk_0027.json,POST /v1/generation/data/dpp-bulk,2026-05-31 21:45:36.599110+00:00,1930390,BEYPAZARI BİYOGAZ TESİSİ BİYOKÜTLE PROJESİ ÜRETİM SANTRALİ,103261,2026-05-31T00:00:00+03:00,00:00
40W000001930390Q,BEYPAZARI BİYOGAZ TESİSİ BİYOKÜTLE PROJESİ ÜRETİM SANTRALİ,unknown,2026-05-31 01:00:00+03:00,,0.0,chunk_0027.json,POST /v1/generation/data/dpp-bulk,2026-05-31 21:45:36.599110+00:00,1930390,BEYPAZARI BİYOGAZ TESİSİ BİYOKÜTLE PROJESİ ÜRETİM SANTRALİ,103261,2026-05-31T01:00:00+03:00,01:00
40W000001930390Q,BEYPAZARI BİYOGAZ TESİSİ BİYOKÜTLE PROJESİ ÜRETİM SANTRALİ,unknown,2026-05-31 02:00:00+03:00,,0.0,chunk_0027.json,POST /v1/generation/data/dpp-bulk,2026-05-31 21:45:36.599110+00:00,1930390,BEYPAZARI BİYOGAZ TESİSİ BİYOKÜTLE PROJESİ ÜRETİM SANTRALİ,103261,2026-05-31T02:00:00+03:00,02:00
40W000001930390Q,BEYPAZARI BİYOGAZ TESİSİ BİYOKÜTLE PROJESİ ÜRETİM SANTRALİ,unknown,2026-05-31 03:00:00+03:00,,0.0,chunk_0027.json,POST /v1/generation/data/dpp-bulk,2026-05-31 21:45:36.599110+00:00,1930390,BEYPAZARI BİYOGAZ TESİSİ BİYOKÜTLE PROJESİ ÜRETİM SANTRALİ,103261,2026-05-31T03:00:00+03:00,03:00
40W000001930390Q,BEYPAZARI BİYOGAZ TESİSİ BİYOKÜTLE PROJESİ ÜRETİM SANTRALİ,unknown,2026-05-31 04:00:00+03:00,,0.0,chunk_0027.json,POST /v1/generation/data/dpp-bulk,2026-05-31 21:45:36.599110+00:00,1930390,BEYPAZARI BİYOGAZ TESİSİ BİYOKÜTLE PROJESİ ÜRETİM SANTRALİ,103261,2026-05-31T04:00:00+03:00,04:00
40W000001930390Q,BEYPAZARI BİYOGAZ TESİSİ BİYOKÜTLE PROJESİ ÜRETİM SANTRALİ,unknown,2026-05-31 05:00:00+03:00,,0.0,chunk_0027.json,POST /v1/generation/data/dpp-bulk,2026-05-31 21:45:36.599110+00:00,1930390,BEYPAZARI BİYOGAZ TESİSİ BİYOKÜTLE PROJESİ ÜRETİM SANTRALİ,103261,2026-05-31T05:00:00+03:00,05:00
40W000001930390Q,BEYPAZARI BİYOGAZ TESİSİ BİYOKÜTLE PROJESİ ÜRETİM SANTRALİ,unknown,2026-05-31 06:00:00+03:00,,0.0,chunk_0027.json,POST /v1/generation/data/dpp-bulk,2026-05-31 21:45:36.599110+00:00,1930390,BEYPAZARI BİYOGAZ TESİSİ BİYOKÜTLE PROJESİ ÜRETİM SANTRALİ,103261,2026-05-31T06:00:00+03:00,06:00
40W000001930390Q,BEYPAZARI BİYOGAZ TESİSİ BİYOKÜTLE PROJESİ ÜRETİM SANTRALİ,unknown,2026-05-31 07:00:00+03:00,,0.0,chunk_0027.json,POST /v1/generation/data/dpp-bulk,2026-05-31 21:45:36.599110+00:00,1930390,BEYPAZARI BİYOGAZ TESİSİ BİYOKÜTLE PROJESİ ÜRETİM SANTRALİ,103261,2026-05-31T07:00:00+03:00,07:00
40W000001930390Q,BEYPAZARI BİYOGAZ TESİSİ BİYOKÜTLE PROJESİ ÜRETİM SANTRALİ,unknown,2026-05-31 08:00:00+03:00,,0.0,chunk_0027.json,POST /v1/generation/data/dpp-bulk,2026-05-31 21:45:36.599110+00:00,1930390,BEYPAZARI BİYOGAZ TESİSİ BİYOKÜTLE PROJESİ ÜRETİM SANTRALİ,103261,2026-05-31T08:00:00+03:00,08:00
40W000001930390Q,BEYPAZARI BİYOGAZ TESİSİ BİYOKÜTLE PROJESİ ÜRETİM SANTRALİ,unknown,2026-05-31 09:00:00+03:00,,0.0,chunk_0027.json,POST /v1/generation/data/dpp-bulk,2026-05-31 21:45:36.599110+00:00,1930390,BEYPAZARI BİYOGAZ TESİSİ BİYOKÜTLE PROJESİ ÜRETİM SANTRALİ,103261,2026-05-31T09:00:00+03:00,09:00
40W000001930390Q,BEYPAZARI BİYOGAZ TESİSİ BİYOKÜTLE PROJESİ ÜRETİM SANTRALİ,unknown,2026-05-31 10:00:00+03:00,,0.0,chunk_0027.json,POST /v1/generation/data/dpp-bulk,2026-05-31 21:45:36.599110+00:00,1930390,BEYPAZARI BİYOGAZ TESİSİ BİYOKÜTLE PROJESİ ÜRETİM SANTRALİ,103261,2026-05-31T10:00:00+03:00,10:00
40W000001930390Q,BEYPAZARI BİYOGAZ TESİSİ BİYOKÜTLE PROJESİ ÜRETİM SANTRALİ,unknown,2026-05-31 11:00:00+03:00,,0.0,chunk_0027.json,POST /v1/generation/data/dpp-bulk,2026-05-31 21:45:36.599110+00:00,1930390,BEYPAZARI BİYOGAZ TESİSİ BİYOKÜTLE PROJESİ ÜRETİM SANTRALİ,103261,2026-05-31T11:00:00+03:00,11:00
40W000001930390Q,BEYPAZARI BİYOGAZ TESİSİ BİYOKÜTLE PROJESİ ÜRETİM SANTRALİ,unknown,2026-05-31 12:00:00+03:00,,0.0,chunk_0027.json,POST /v1/generation/data/dpp-bulk,2026-05-31 21:45:36.599110+00:00,1930390,BEYPAZARI BİYOGAZ TESİSİ BİYOKÜTLE PROJESİ ÜRETİM SANTRALİ,103261,2026-05-31T12:00:00+03:00,12:00
40W000001930390Q,BEYPAZARI BİYOGAZ TESİSİ BİYOKÜTLE PROJESİ ÜRETİM SANTRALİ,unknown,2026-05-31 13:00:00+03:00,,0.0,chunk_0027.json,POST /v1/generation/data/dpp-bulk,2026-05-31 21:45:36.599110+00:00,1930390,BEYPAZARI BİYOGAZ TESİSİ BİYOKÜTLE PROJESİ ÜRETİM SANTRALİ,103261,2026-05-31T13:00:00+03:00,13:00
40W000001930390Q,BEYPAZARI BİYOGAZ TESİSİ BİYOKÜTLE PROJESİ ÜRETİM SANTRALİ,unknown,2026-05-31 14:00:00+03:00,,0.0,chunk_0027.json,POST /v1/generation/data/dpp-bulk,2026-05-31 21:45:36.599110+00:00,1930390,BEYPAZARI BİYOGAZ TESİSİ BİYOKÜTLE PROJESİ ÜRETİM SANTRALİ,103261,2026-05-31T14:00:00+03:00,14:00
40W000001930390Q,BEYPAZARI BİYOGAZ TESİSİ BİYOKÜTLE PROJESİ ÜRETİM SANTRALİ,unknown,2026-05-31 15:00:00+03:00,,0.0,chunk_0027.json,POST /v1/generation/data/dpp-bulk,2026-05-31 21:45:36.599110+00:00,1930390,BEYPAZARI BİYOGAZ TESİSİ BİYOKÜTLE PROJESİ ÜRETİM SANTRALİ,103261,2026-05-31T15:00:00+03:00,15:00
40W000001930390Q,BEYPAZARI BİYOGAZ TESİSİ BİYOKÜTLE PROJESİ ÜRETİM SANTRALİ,unknown,2026-05-31 16:00:00+03:00,,0.0,chunk_0027.json,POST /v1/generation/data/dpp-bulk,2026-05-31 21:45:36.599110+00:00,1930390,BEYPAZARI BİYOGAZ TESİSİ BİYOKÜTLE PROJESİ ÜRETİM SANTRALİ,103261,2026-05-31T16:00:00+03:00,16:00
40W000001930390Q,BEYPAZARI BİYOGAZ TESİSİ BİYOKÜTLE PROJESİ ÜRETİM SANTRALİ,unknown,2026-05-31 17:00:00+03:00,,0.0,chunk_0027.json,POST /v1/generation/data/dpp-bulk,2026-05-31 21:45:36.599110+00:00,1930390,BEYPAZARI BİYOGAZ TESİSİ BİYOKÜTLE PROJESİ ÜRETİM SANTRALİ,103261,2026-05-31T17:00:00+03:00,17:00
40W000001930390Q,BEYPAZARI BİYOGAZ TESİSİ BİYOKÜTLE PROJESİ ÜRETİM SANTRALİ,unknown,2026-05-31 18:00:00+03:00,,0.0,chunk_0027.json,POST /v1/generation/data/dpp-bulk,2026-05-31 21:45:36.599110+00:00,1930390,BEYPAZARI BİYOGAZ TESİSİ BİYOKÜTLE PROJESİ ÜRETİM SANTRALİ,103261,2026-05-31T18:00:00+03:00,18:00
40W000001930390Q,BEYPAZARI BİYOGAZ TESİSİ BİYOKÜTLE PROJESİ ÜRETİM SANTRALİ,unknown,2026-05-31 19:00:00+03:00,,0.0,chunk_0027.json,POST /v1/generation/data/dpp-bulk,2026-05-31 21:45:36.599110+00:00,1930390,BEYPAZARI BİYOGAZ TESİSİ BİYOKÜTLE PROJESİ ÜRETİM SANTRALİ,103261,2026-05-31T19:00:00+03:00,19:00
40W000001930390Q,BEYPAZARI BİYOGAZ TESİSİ BİYOKÜTLE PROJESİ ÜRETİM SANTRALİ,unknown,2026-05-31 20:00:00+03:00,,0.0,chunk_0027.json,POST /v1/generation/data/dpp-bulk,2026-05-31 21:45:36.599110+00:00,1930390,BEYPAZARI BİYOGAZ TESİSİ BİYOKÜTLE PROJESİ ÜRETİM SANTRALİ,103261,2026-05-31T20:00:00+03:00,20:00
40W000001930390Q,BEYPAZARI BİYOGAZ TESİSİ BİYOKÜTLE PROJESİ ÜRETİM SANTRALİ,unknown,2026-05-31 21:00:00+03:00,,0.0,chunk_0027.json,POST /v1/generation/data/dpp-bulk,2026-05-31 21:45:36.599110+00:00,1930390,BEYPAZARI BİYOGAZ TESİSİ BİYOKÜTLE PROJESİ ÜRETİM SANTRALİ,103261,2026-05-31T21:00:00+03:00,21:00
40W000001930390Q,BEYPAZARI BİYOGAZ TESİSİ BİYOKÜTLE PROJESİ ÜRETİM SANTRALİ,unknown,2026-05-31 22:00:00+03:00,,0.0,chunk_0027.json,POST /v1/generation/data/dpp-bulk,2026-05-31 21:45:36.599110+00:00,1930390,BEYPAZARI BİYOGAZ TESİSİ BİYOKÜTLE PROJESİ ÜRETİM SANTRALİ,103261,2026-05-31T22:00:00+03:00,22:00
40W000001930390Q,BEYPAZARI BİYOGAZ TESİSİ BİYOKÜTLE PROJESİ ÜRETİM SANTRALİ,unknown,2026-05-31 23:00:00+03:00,,0.0,chunk_0027.json,POST /v1/generation/data/dpp-bulk,2026-05-31 21:45:36.599110+00:00,1930390,BEYPAZARI BİYOGAZ TESİSİ BİYOKÜTLE PROJESİ ÜRETİM SANTRALİ,103261,2026-05-31T23:00:00+03:00,23:00
40W000001949409H,MURATHES,unknown,2026-05-31 00:00:00+03:00,,10.0,chunk_0027.json,POST /v1/generation/data/dpp-bulk,2026-05-31 21:45:36.599110+00:00,1949409,MURATHES,103261,2026-05-31T00:00:00+03:00,00:00
40W000001949409H,MURATHES,unknown,2026-05-31 01:00:00+03:00,,10.0,chunk_0027.json,POST /v1/generation/data/dpp-bulk,2026-05-31 21:45:36.599110+00:00,1949409,MURATHES,103261,2026-05-31T01:00:00+03:00,01:00
40W000001949409H,MURATHES,unknown,2026-05-31 02:00:00+03:00,,10.0,chunk_0027.json,POST /v1/generation/data/dpp-bulk,2026-05-31 21:45:36.599110+00:00,1949409,MURATHES,103261,2026-05-31T02:00:00+03:00,02:00
40W000001949409H,MURATHES,unknown,2026-05-31 03:00:00+03:00,,0.0,chunk_0027.json,POST /v1/generation/data/dpp-bulk,2026-05-31 21:45:36.599110+00:00,1949409,MURATHES,103261,2026-05-31T03:00:00+03:00,03:00
40W000001949409H,MURATHES,unknown,2026-05-31 04:00:00+03:00,,0.0,chunk_0027.json,POST /v1/generation/data/dpp-bulk,2026-05-31 21:45:36.599110+00:00,1949409,MURATHES,103261,2026-05-31T04:00:00+03:00,04:00
40W000001949409H,MURATHES,unknown,2026-05-31 05:00:00+03:00,,0.0,chunk_0027.json,POST /v1/generation/data/dpp-bulk,2026-05-31 21:45:36.599110+00:00,1949409,MURATHES,103261,2026-05-31T05:00:00+03:00,05:00
40W000001949409H,MURATHES,unknown,2026-05-31 06:00:00+03:00,,0.0,chunk_0027.json,POST /v1/generation/data/dpp-bulk,2026-05-31 21:45:36.599110+00:00,1949409,MURATHES,103261,2026-05-31T06:00:00+03:00,06:00
40W000001949409H,MURATHES,unknown,2026-05-31 07:00:00+03:00,,0.0,chunk_0027.json,POST /v1/generation/data/dpp-bulk,2026-05-31 21:45:36.599110+00:00,1949409,MURATHES,103261,2026-05-31T07:00:00+03:00,07:00
40W000001949409H,MURATHES,unknown,2026-05-31 08:00:00+03:00,,0.0,chunk_0027.json,POST /v1/generation/data/dpp-bulk,2026-05-31 21:45:36.599110+00:00,1949409,MURATHES,103261,2026-05-31T08:00:00+03:00,08:00
40W000001949409H,MURATHES,unknown,2026-05-31 09:00:00+03:00,,0.0,chunk_0027.json,POST /v1/generation/data/dpp-bulk,2026-05-31 21:45:36.599110+00:00,1949409,MURATHES,103261,2026-05-31T09:00:00+03:00,09:00
40W000001949409H,MURATHES,unknown,2026-05-31 10:00:00+03:00,,0.0,chunk_0027.json,POST /v1/generation/data/dpp-bulk,2026-05-31 21:45:36.599110+00:00,1949409,MURATHES,103261,2026-05-31T10:00:00+03:00,10:00
40W000001949409H,MURATHES,unknown,2026-05-31 11:00:00+03:00,,0.0,chunk_0027.json,POST /v1/generation/data/dpp-bulk,2026-05-31 21:45:36.599110+00:00,1949409,MURATHES,103261,2026-05-31T11:00:00+03:00,11:00
40W000001949409H,MURATHES,unknown,2026-05-31 12:00:00+03:00,,0.0,chunk_0027.json,POST /v1/generation/data/dpp-bulk,2026-05-31 21:45:36.599110+00:00,1949409,MURATHES,103261,2026-05-31T12:00:00+03:00,12:00
40W000001949409H,MURATHES,unknown,2026-05-31 13:00:00+03:00,,0.0,chunk_0027.json,POST /v1/generation/data/dpp-bulk,2026-05-31 21:45:36.599110+00:00,1949409,MURATHES,103261,2026-05-31T13:00:00+03:00,13:00
40W000001949409H,MURATHES,unknown,2026-05-31 14:00:00+03:00,,0.0,chunk_0027.json,POST /v1/generation/data/dpp-bulk,2026-05-31 21:45:36.599110+00:00,1949409,MURATHES,103261,2026-05-31T14:00:00+03:00,14:00
40W000001949409H,MURATHES,unknown,2026-05-31 15:00:00+03:00,,0.0,chunk_0027.json,POST /v1/generation/data/dpp-bulk,2026-05-31 21:45:36.599110+00:00,1949409,MURATHES,103261,2026-05-31T15:00:00+03:00,15:00
40W000001949409H,MURATHES,unknown,2026-05-31 16:00:00+03:00,,0.0,chunk_0027.json,POST /v1/generation/data/dpp-bulk,2026-05-31 21:45:36.599110+00:00,1949409,MURATHES,103261,2026-05-31T16:00:00+03:00,16:00
40W000001949409H,MURATHES,unknown,2026-05-31 17:00:00+03:00,,0.0,chunk_0027.json,POST /v1/generation/data/dpp-bulk,2026-05-31 21:45:36.599110+00:00,1949409,MURATHES,103261,2026-05-31T17:00:00+03:00,17:00
40W000001949409H,MURATHES,unknown,2026-05-31 18:00:00+03:00,,0.0,chunk_0027.json,POST /v1/generation/data/dpp-bulk,2026-05-31 21:45:36.599110+00:00,1949409,MURATHES,103261,2026-05-31T18:00:00+03:00,18:00
40W000001949409H,MURATHES,unknown,2026-05-31 19:00:00+03:00,,10.0,chunk_0027.json,POST /v1/generation/data/dpp-bulk,2026-05-31 21:45:36.599110+00:00,1949409,MURATHES,103261,2026-05-31T19:00:00+03:00,19:00
40W000001949409H,MURATHES,unknown,2026-05-31 20:00:00+03:00,,10.0,chunk_0027.json,POST /v1/generation/data/dpp-bulk,2026-05-31 21:45:36.599110+00:00,1949409,MURATHES,103261,2026-05-31T20:00:00+03:00,20:00
40W000001949409H,MURATHES,unknown,2026-05-31 21:00:00+03:00,,10.0,chunk_0027.json,POST /v1/generation/data/dpp-bulk,2026-05-31 21:45:36.599110+00:00,1949409,MURATHES,103261,2026-05-31T21:00:00+03:00,21:00
40W000001949409H,MURATHES,unknown,2026-05-31 22:00:00+03:00,,10.0,chunk_0027.json,POST /v1/generation/data/dpp-bulk,2026-05-31 21:45:36.599110+00:00,1949409,MURATHES,103261,2026-05-31T22:00:00+03:00,22:00
40W000001949409H,MURATHES,unknown,2026-05-31 23:00:00+03:00,,10.0,chunk_0027.json,POST /v1/generation/data/dpp-bulk,2026-05-31 21:45:36.599110+00:00,1949409,MURATHES,103261,2026-05-31T23:00:00+03:00,23:00
40W000001930401A,Esendal,unknown,2026-05-31 00:00:00+03:00,,0.29,chunk_0027.json,POST /v1/generation/data/dpp-bulk,2026-05-31 21:45:36.599110+00:00,1930401,Esendal,103600,2026-05-31T00:00:00+03:00,00:00
40W000001930401A,Esendal,unknown,2026-05-31 01:00:00+03:00,,0.29,chunk_0027.json,POST /v1/generation/data/dpp-bulk,2026-05-31 21:45:36.599110+00:00,1930401,Esendal,103600,2026-05-31T01:00:00+03:00,01:00
40W000001930401A,Esendal,unknown,2026-05-31 02:00:00+03:00,,0.29,chunk_0027.json,POST /v1/generation/data/dpp-bulk,2026-05-31 21:45:36.599110+00:00,1930401,Esendal,103600,2026-05-31T02:00:00+03:00,02:00
40W000001930401A,Esendal,unknown,2026-05-31 03:00:00+03:00,,0.29,chunk_0027.json,POST /v1/generation/data/dpp-bulk,2026-05-31 21:45:36.599110+00:00,1930401,Esendal,103600,2026-05-31T03:00:00+03:00,03:00
40W000001930401A,Esendal,unknown,2026-05-31 04:00:00+03:00,,0.26,chunk_0027.json,POST /v1/generation/data/dpp-bulk,2026-05-31 21:45:36.599110+00:00,1930401,Esendal,103600,2026-05-31T04:00:00+03:00,04:00
40W000001930401A,Esendal,unknown,2026-05-31 05:00:00+03:00,,0.29,chunk_0027.json,POST /v1/generation/data/dpp-bulk,2026-05-31 21:45:36.599110+00:00,1930401,Esendal,103600,2026-05-31T05:00:00+03:00,05:00
40W000001930401A,Esendal,unknown,2026-05-31 06:00:00+03:00,,0.29,chunk_0027.json,POST /v1/generation/data/dpp-bulk,2026-05-31 21:45:36.599110+00:00,1930401,Esendal,103600,2026-05-31T06:00:00+03:00,06:00
40W000001930401A,Esendal,unknown,2026-05-31 07:00:00+03:00,,0.0,chunk_0027.json,POST /v1/generation/data/dpp-bulk,2026-05-31 21:45:36.599110+00:00,1930401,Esendal,103600,2026-05-31T07:00:00+03:00,07:00
40W000001930401A,Esendal,unknown,2026-05-31 08:00:00+03:00,,0.0,chunk_0027.json,POST /v1/generation/data/dpp-bulk,2026-05-31 21:45:36.599110+00:00,1930401,Esendal,103600,2026-05-31T08:00:00+03:00,08:00
40W000001930401A,Esendal,unknown,2026-05-31 09:00:00+03:00,,0.0,chunk_0027.json,POST /v1/generation/data/dpp-bulk,2026-05-31 21:45:36.599110+00:00,1930401,Esendal,103600,2026-05-31T09:00:00+03:00,09:00
40W000001930401A,Esendal,unknown,2026-05-31 10:00:00+03:00,,0.02,chunk_0027.json,POST /v1/generation/data/dpp-bulk,2026-05-31 21:45:36.599110+00:00,1930401,Esendal,103600,2026-05-31T10:00:00+03:00,10:00
40W000001930401A,Esendal,unknown,2026-05-31 11:00:00+03:00,,0.01,chunk_0027.json,POST /v1/generation/data/dpp-bulk,2026-05-31 21:45:36.599110+00:00,1930401,Esendal,103600,2026-05-31T11:00:00+03:00,11:00
40W000001930401A,Esendal,unknown,2026-05-31 12:00:00+03:00,,0.0,chunk_0027.json,POST /v1/generation/data/dpp-bulk,2026-05-31 21:45:36.599110+00:00,1930401,Esendal,103600,2026-05-31T12:00:00+03:00,12:00
40W000001930401A,Esendal,unknown,2026-05-31 13:00:00+03:00,,0.0,chunk_0027.json,POST /v1/generation/data/dpp-bulk,2026-05-31 21:45:36.599110+00:00,1930401,Esendal,103600,2026-05-31T13:00:00+03:00,13:00
40W000001930401A,Esendal,unknown,2026-05-31 14:00:00+03:00,,0.0,chunk_0027.json,POST /v1/generation/data/dpp-bulk,2026-05-31 21:45:36.599110+00:00,1930401,Esendal,103600,2026-05-31T14:00:00+03:00,14:00
40W000001930401A,Esendal,unknown,2026-05-31 15:00:00+03:00,,0.0,chunk_0027.json,POST /v1/generation/data/dpp-bulk,2026-05-31 21:45:36.599110+00:00,1930401,Esendal,103600,2026-05-31T15:00:00+03:00,15:00
40W000001930401A,Esendal,unknown,2026-05-31 16:00:00+03:00,,0.0,chunk_0027.json,POST /v1/generation/data/dpp-bulk,2026-05-31 21:45:36.599110+00:00,1930401,Esendal,103600,2026-05-31T16:00:00+03:00,16:00
40W000001930401A,Esendal,unknown,2026-05-31 17:00:00+03:00,,0.01,chunk_0027.json,POST /v1/generation/data/dpp-bulk,2026-05-31 21:45:36.599110+00:00,1930401,Esendal,103600,2026-05-31T17:00:00+03:00,17:00
40W000001930401A,Esendal,unknown,2026-05-31 18:00:00+03:00,,0.29,chunk_0027.json,POST /v1/generation/data/dpp-bulk,2026-05-31 21:45:36.599110+00:00,1930401,Esendal,103600,2026-05-31T18:00:00+03:00,18:00
40W000001930401A,Esendal,unknown,2026-05-31 19:00:00+03:00,,0.29,chunk_0027.json,POST /v1/generation/data/dpp-bulk,2026-05-31 21:45:36.599110+00:00,1930401,Esendal,103600,2026-05-31T19:00:00+03:00,19:00
40W000001930401A,Esendal,unknown,2026-05-31 20:00:00+03:00,,0.29,chunk_0027.json,POST /v1/generation/data/dpp-bulk,2026-05-31 21:45:36.599110+00:00,1930401,Esendal,103600,2026-05-31T20:00:00+03:00,20:00
40W000001930401A,Esendal,unknown,2026-05-31 21:00:00+03:00,,0.28,chunk_0027.json,POST /v1/generation/data/dpp-bulk,2026-05-31 21:45:36.599110+00:00,1930401,Esendal,103600,2026-05-31T21:00:00+03:00,21:00
40W000001930401A,Esendal,unknown,2026-05-31 22:00:00+03:00,,0.28,chunk_0027.json,POST /v1/generation/data/dpp-bulk,2026-05-31 21:45:36.599110+00:00,1930401,Esendal,103600,2026-05-31T22:00:00+03:00,22:00
40W000001930401A,Esendal,unknown,2026-05-31 23:00:00+03:00,,0.29,chunk_0027.json,POST /v1/generation/data/dpp-bulk,2026-05-31 21:45:36.599110+00:00,1930401,Esendal,103600,2026-05-31T23:00:00+03:00,23:00
40W0000019304028,IŞIKLAR,unknown,2026-05-31 00:00:00+03:00,,0.65,chunk_0027.json,POST /v1/generation/data/dpp-bulk,2026-05-31 21:45:36.599110+00:00,1930402,IŞIKLAR,103600,2026-05-31T00:00:00+03:00,00:00
40W0000019304028,IŞIKLAR,unknown,2026-05-31 01:00:00+03:00,,0.65,chunk_0027.json,POST /v1/generation/data/dpp-bulk,2026-05-31 21:45:36.599110+00:00,1930402,IŞIKLAR,103600,2026-05-31T01:00:00+03:00,01:00
40W0000019304028,IŞIKLAR,unknown,2026-05-31 02:00:00+03:00,,0.65,chunk_0027.json,POST /v1/generation/data/dpp-bulk,2026-05-31 21:45:36.599110+00:00,1930402,IŞIKLAR,103600,2026-05-31T02:00:00+03:00,02:00
40W0000019304028,IŞIKLAR,unknown,2026-05-31 03:00:00+03:00,,0.0,chunk_0027.json,POST /v1/generation/data/dpp-bulk,2026-05-31 21:45:36.599110+00:00,1930402,IŞIKLAR,103600,2026-05-31T03:00:00+03:00,03:00
40W0000019304028,IŞIKLAR,unknown,2026-05-31 04:00:00+03:00,,0.0,chunk_0027.json,POST /v1/generation/data/dpp-bulk,2026-05-31 21:45:36.599110+00:00,1930402,IŞIKLAR,103600,2026-05-31T04:00:00+03:00,04:00
40W0000019304028,IŞIKLAR,unknown,2026-05-31 05:00:00+03:00,,0.0,chunk_0027.json,POST /v1/generation/data/dpp-bulk,2026-05-31 21:45:36.599110+00:00,1930402,IŞIKLAR,103600,2026-05-31T05:00:00+03:00,05:00
40W0000019304028,IŞIKLAR,unknown,2026-05-31 06:00:00+03:00,,0.0,chunk_0027.json,POST /v1/generation/data/dpp-bulk,2026-05-31 21:45:36.599110+00:00,1930402,IŞIKLAR,103600,2026-05-31T06:00:00+03:00,06:00
40W0000019304028,IŞIKLAR,unknown,2026-05-31 07:00:00+03:00,,0.0,chunk_0027.json,POST /v1/generation/data/dpp-bulk,2026-05-31 21:45:36.599110+00:00,1930402,IŞIKLAR,103600,2026-05-31T07:00:00+03:00,07:00
40W0000019304028,IŞIKLAR,unknown,2026-05-31 08:00:00+03:00,,0.0,chunk_0027.json,POST /v1/generation/data/dpp-bulk,2026-05-31 21:45:36.599110+00:00,1930402,IŞIKLAR,103600,2026-05-31T08:00:00+03:00,08:00
40W0000019304028,IŞIKLAR,unknown,2026-05-31 09:00:00+03:00,,0.0,chunk_0027.json,POST /v1/generation/data/dpp-bulk,2026-05-31 21:45:36.599110+00:00,1930402,IŞIKLAR,103600,2026-05-31T09:00:00+03:00,09:00
40W0000019304028,IŞIKLAR,unknown,2026-05-31 10:00:00+03:00,,0.0,chunk_0027.json,POST /v1/generation/data/dpp-bulk,2026-05-31 21:45:36.599110+00:00,1930402,IŞIKLAR,103600,2026-05-31T10:00:00+03:00,10:00
40W0000019304028,IŞIKLAR,unknown,2026-05-31 11:00:00+03:00,,0.0,chunk_0027.json,POST /v1/generation/data/dpp-bulk,2026-05-31 21:45:36.599110+00:00,1930402,IŞIKLAR,103600,2026-05-31T11:00:00+03:00,11:00
40W0000019304028,IŞIKLAR,unknown,2026-05-31 12:00:00+03:00,,0.0,chunk_0027.json,POST /v1/generation/data/dpp-bulk,2026-05-31 21:45:36.599110+00:00,1930402,IŞIKLAR,103600,2026-05-31T12:00:00+03:00,12:00
40W0000019304028,IŞIKLAR,unknown,2026-05-31 13:00:00+03:00,,0.0,chunk_0027.json,POST /v1/generation/data/dpp-bulk,2026-05-31 21:45:36.599110+00:00,1930402,IŞIKLAR,103600,2026-05-31T13:00:00+03:00,13:00
40W0000019304028,IŞIKLAR,unknown,2026-05-31 14:00:00+03:00,,0.0,chunk_0027.json,POST /v1/generation/data/dpp-bulk,2026-05-31 21:45:36.599110+00:00,1930402,IŞIKLAR,103600,2026-05-31T14:00:00+03:00,14:00
40W0000019304028,IŞIKLAR,unknown,2026-05-31 15:00:00+03:00,,0.0,chunk_0027.json,POST /v1/generation/data/dpp-bulk,2026-05-31 21:45:36.599110+00:00,1930402,IŞIKLAR,103600,2026-05-31T15:00:00+03:00,15:00
40W0000019304028,IŞIKLAR,unknown,2026-05-31 16:00:00+03:00,,0.0,chunk_0027.json,POST /v1/generation/data/dpp-bulk,2026-05-31 21:45:36.599110+00:00,1930402,IŞIKLAR,103600,2026-05-31T16:00:00+03:00,16:00
40W0000019304028,IŞIKLAR,unknown,2026-05-31 17:00:00+03:00,,0.0,chunk_0027.json,POST /v1/generation/data/dpp-bulk,2026-05-31 21:45:36.599110+00:00,1930402,IŞIKLAR,103600,2026-05-31T17:00:00+03:00,17:00
40W0000019304028,IŞIKLAR,unknown,2026-05-31 18:00:00+03:00,,0.0,chunk_0027.json,POST /v1/generation/data/dpp-bulk,2026-05-31 21:45:36.599110+00:00,1930402,IŞIKLAR,103600,2026-05-31T18:00:00+03:00,18:00
40W0000019304028,IŞIKLAR,unknown,2026-05-31 19:00:00+03:00,,0.65,chunk_0027.json,POST /v1/generation/data/dpp-bulk,2026-05-31 21:45:36.599110+00:00,1930402,IŞIKLAR,103600,2026-05-31T19:00:00+03:00,19:00
40W0000019304028,IŞIKLAR,unknown,2026-05-31 20:00:00+03:00,,0.27,chunk_0027.json,POST /v1/generation/data/dpp-bulk,2026-05-31 21:45:36.599110+00:00,1930402,IŞIKLAR,103600,2026-05-31T20:00:00+03:00,20:00
40W0000019304028,IŞIKLAR,unknown,2026-05-31 21:00:00+03:00,,0.0,chunk_0027.json,POST /v1/generation/data/dpp-bulk,2026-05-31 21:45:36.599110+00:00,1930402,IŞIKLAR,103600,2026-05-31T21:00:00+03:00,21:00
40W0000019304028,IŞIKLAR,unknown,2026-05-31 22:00:00+03:00,,0.0,chunk_0027.json,POST /v1/generation/data/dpp-bulk,2026-05-31 21:45:36.599110+00:00,1930402,IŞIKLAR,103600,2026-05-31T22:00:00+03:00,22:00
40W0000019304028,IŞIKLAR,unknown,2026-05-31 23:00:00+03:00,,0.0,chunk_0027.json,POST /v1/generation/data/dpp-bulk,2026-05-31 21:45:36.599110+00:00,1930402,IŞIKLAR,103600,2026-05-31T23:00:00+03:00,23:00
40W000002060941F,ARAKLI-3 REG. VE HES,unknown,2026-05-31 00:00:00+03:00,,0.5,chunk_0027.json,POST /v1/generation/data/dpp-bulk,2026-05-31 21:45:36.599110+00:00,2060941,ARAKLI-3 REG. VE HES,104381,2026-05-31T00:00:00+03:00,00:00
40W000002060941F,ARAKLI-3 REG. VE HES,unknown,2026-05-31 01:00:00+03:00,,0.5,chunk_0027.json,POST /v1/generation/data/dpp-bulk,2026-05-31 21:45:36.599110+00:00,2060941,ARAKLI-3 REG. VE HES,104381,2026-05-31T01:00:00+03:00,01:00
40W000002060941F,ARAKLI-3 REG. VE HES,unknown,2026-05-31 02:00:00+03:00,,0.57,chunk_0027.json,POST /v1/generation/data/dpp-bulk,2026-05-31 21:45:36.599110+00:00,2060941,ARAKLI-3 REG. VE HES,104381,2026-05-31T02:00:00+03:00,02:00
40W000002060941F,ARAKLI-3 REG. VE HES,unknown,2026-05-31 03:00:00+03:00,,0.57,chunk_0027.json,POST /v1/generation/data/dpp-bulk,2026-05-31 21:45:36.599110+00:00,2060941,ARAKLI-3 REG. VE HES,104381,2026-05-31T03:00:00+03:00,03:00
40W000002060941F,ARAKLI-3 REG. VE HES,unknown,2026-05-31 04:00:00+03:00,,0.0,chunk_0027.json,POST /v1/generation/data/dpp-bulk,2026-05-31 21:45:36.599110+00:00,2060941,ARAKLI-3 REG. VE HES,104381,2026-05-31T04:00:00+03:00,04:00
40W000002060941F,ARAKLI-3 REG. VE HES,unknown,2026-05-31 05:00:00+03:00,,0.0,chunk_0027.json,POST /v1/generation/data/dpp-bulk,2026-05-31 21:45:36.599110+00:00,2060941,ARAKLI-3 REG. VE HES,104381,2026-05-31T05:00:00+03:00,05:00
40W000002060941F,ARAKLI-3 REG. VE HES,unknown,2026-05-31 06:00:00+03:00,,0.0,chunk_0027.json,POST /v1/generation/data/dpp-bulk,2026-05-31 21:45:36.599110+00:00,2060941,ARAKLI-3 REG. VE HES,104381,2026-05-31T06:00:00+03:00,06:00
40W000002060941F,ARAKLI-3 REG. VE HES,unknown,2026-05-31 07:00:00+03:00,,0.0,chunk_0027.json,POST /v1/generation/data/dpp-bulk,2026-05-31 21:45:36.599110+00:00,2060941,ARAKLI-3 REG. VE HES,104381,2026-05-31T07:00:00+03:00,07:00
40W000002060941F,ARAKLI-3 REG. VE HES,unknown,2026-05-31 08:00:00+03:00,,0.0,chunk_0027.json,POST /v1/generation/data/dpp-bulk,2026-05-31 21:45:36.599110+00:00,2060941,ARAKLI-3 REG. VE HES,104381,2026-05-31T08:00:00+03:00,08:00
40W000002060941F,ARAKLI-3 REG. VE HES,unknown,2026-05-31 09:00:00+03:00,,0.0,chunk_0027.json,POST /v1/generation/data/dpp-bulk,2026-05-31 21:45:36.599110+00:00,2060941,ARAKLI-3 REG. VE HES,104381,2026-05-31T09:00:00+03:00,09:00
40W000002060941F,ARAKLI-3 REG. VE HES,unknown,2026-05-31 10:00:00+03:00,,0.0,chunk_0027.json,POST /v1/generation/data/dpp-bulk,2026-05-31 21:45:36.599110+00:00,2060941,ARAKLI-3 REG. VE HES,104381,2026-05-31T10:00:00+03:00,10:00
40W000002060941F,ARAKLI-3 REG. VE HES,unknown,2026-05-31 11:00:00+03:00,,0.0,chunk_0027.json,POST /v1/generation/data/dpp-bulk,2026-05-31 21:45:36.599110+00:00,2060941,ARAKLI-3 REG. VE HES,104381,2026-05-31T11:00:00+03:00,11:00
40W000002060941F,ARAKLI-3 REG. VE HES,unknown,2026-05-31 12:00:00+03:00,,0.0,chunk_0027.json,POST /v1/generation/data/dpp-bulk,2026-05-31 21:45:36.599110+00:00,2060941,ARAKLI-3 REG. VE HES,104381,2026-05-31T12:00:00+03:00,12:00
40W000002060941F,ARAKLI-3 REG. VE HES,unknown,2026-05-31 13:00:00+03:00,,0.0,chunk_0027.json,POST /v1/generation/data/dpp-bulk,2026-05-31 21:45:36.599110+00:00,2060941,ARAKLI-3 REG. VE HES,104381,2026-05-31T13:00:00+03:00,13:00
40W000002060941F,ARAKLI-3 REG. VE HES,unknown,2026-05-31 14:00:00+03:00,,0.0,chunk_0027.json,POST /v1/generation/data/dpp-bulk,2026-05-31 21:45:36.599110+00:00,2060941,ARAKLI-3 REG. VE HES,104381,2026-05-31T14:00:00+03:00,14:00
40W000002060941F,ARAKLI-3 REG. VE HES,unknown,2026-05-31 15:00:00+03:00,,0.0,chunk_0027.json,POST /v1/generation/data/dpp-bulk,2026-05-31 21:45:36.599110+00:00,2060941,ARAKLI-3 REG. VE HES,104381,2026-05-31T15:00:00+03:00,15:00
40W000002060941F,ARAKLI-3 REG. VE HES,unknown,2026-05-31 16:00:00+03:00,,0.0,chunk_0027.json,POST /v1/generation/data/dpp-bulk,2026-05-31 21:45:36.599110+00:00,2060941,ARAKLI-3 REG. VE HES,104381,2026-05-31T16:00:00+03:00,16:00
40W000002060941F,ARAKLI-3 REG. VE HES,unknown,2026-05-31 17:00:00+03:00,,0.0,chunk_0027.json,POST /v1/generation/data/dpp-bulk,2026-05-31 21:45:36.599110+00:00,2060941,ARAKLI-3 REG. VE HES,104381,2026-05-31T17:00:00+03:00,17:00
40W000002060941F,ARAKLI-3 REG. VE HES,unknown,2026-05-31 18:00:00+03:00,,0.0,chunk_0027.json,POST /v1/generation/data/dpp-bulk,2026-05-31 21:45:36.599110+00:00,2060941,ARAKLI-3 REG. VE HES,104381,2026-05-31T18:00:00+03:00,18:00
40W000002060941F,ARAKLI-3 REG. VE HES,unknown,2026-05-31 19:00:00+03:00,,0.5,chunk_0027.json,POST /v1/generation/data/dpp-bulk,2026-05-31 21:45:36.599110+00:00,2060941,ARAKLI-3 REG. VE HES,104381,2026-05-31T19:00:00+03:00,19:00
40W000002060941F,ARAKLI-3 REG. VE HES,unknown,2026-05-31 20:00:00+03:00,,0.5,chunk_0027.json,POST /v1/generation/data/dpp-bulk,2026-05-31 21:45:36.599110+00:00,2060941,ARAKLI-3 REG. VE HES,104381,2026-05-31T20:00:00+03:00,20:00
40W000002060941F,ARAKLI-3 REG. VE HES,unknown,2026-05-31 21:00:00+03:00,,0.5,chunk_0027.json,POST /v1/generation/data/dpp-bulk,2026-05-31 21:45:36.599110+00:00,2060941,ARAKLI-3 REG. VE HES,104381,2026-05-31T21:00:00+03:00,21:00
40W000002060941F,ARAKLI-3 REG. VE HES,unknown,2026-05-31 22:00:00+03:00,,0.42,chunk_0027.json,POST /v1/generation/data/dpp-bulk,2026-05-31 21:45:36.599110+00:00,2060941,ARAKLI-3 REG. VE HES,104381,2026-05-31T22:00:00+03:00,22:00
40W000002060941F,ARAKLI-3 REG. VE HES,unknown,2026-05-31 23:00:00+03:00,,0.5,chunk_0027.json,POST /v1/generation/data/dpp-bulk,2026-05-31 21:45:36.599110+00:00,2060941,ARAKLI-3 REG. VE HES,104381,2026-05-31T23:00:00+03:00,23:00
40W0000020609538,Yazılı I-II-III HES,unknown,2026-05-31 00:00:00+03:00,,3.7,chunk_0027.json,POST /v1/generation/data/dpp-bulk,2026-05-31 21:45:36.599110+00:00,2060953,Yazılı I-II-III HES,104381,2026-05-31T00:00:00+03:00,00:00
40W0000020609538,Yazılı I-II-III HES,unknown,2026-05-31 01:00:00+03:00,,3.7,chunk_0027.json,POST /v1/generation/data/dpp-bulk,2026-05-31 21:45:36.599110+00:00,2060953,Yazılı I-II-III HES,104381,2026-05-31T01:00:00+03:00,01:00
40W0000020609538,Yazılı I-II-III HES,unknown,2026-05-31 02:00:00+03:00,,3.7,chunk_0027.json,POST /v1/generation/data/dpp-bulk,2026-05-31 21:45:36.599110+00:00,2060953,Yazılı I-II-III HES,104381,2026-05-31T02:00:00+03:00,02:00
40W0000020609538,Yazılı I-II-III HES,unknown,2026-05-31 03:00:00+03:00,,3.7,chunk_0027.json,POST /v1/generation/data/dpp-bulk,2026-05-31 21:45:36.599110+00:00,2060953,Yazılı I-II-III HES,104381,2026-05-31T03:00:00+03:00,03:00
40W0000020609538,Yazılı I-II-III HES,unknown,2026-05-31 04:00:00+03:00,,3.7,chunk_0027.json,POST /v1/generation/data/dpp-bulk,2026-05-31 21:45:36.599110+00:00,2060953,Yazılı I-II-III HES,104381,2026-05-31T04:00:00+03:00,04:00
40W0000020609538,Yazılı I-II-III HES,unknown,2026-05-31 05:00:00+03:00,,3.7,chunk_0027.json,POST /v1/generation/data/dpp-bulk,2026-05-31 21:45:36.599110+00:00,2060953,Yazılı I-II-III HES,104381,2026-05-31T05:00:00+03:00,05:00
40W0000020609538,Yazılı I-II-III HES,unknown,2026-05-31 06:00:00+03:00,,0.63,chunk_0027.json,POST /v1/generation/data/dpp-bulk,2026-05-31 21:45:36.599110+00:00,2060953,Yazılı I-II-III HES,104381,2026-05-31T06:00:00+03:00,06:00
40W0000020609538,Yazılı I-II-III HES,unknown,2026-05-31 07:00:00+03:00,,0.63,chunk_0027.json,POST /v1/generation/data/dpp-bulk,2026-05-31 21:45:36.599110+00:00,2060953,Yazılı I-II-III HES,104381,2026-05-31T07:00:00+03:00,07:00
40W0000020609538,Yazılı I-II-III HES,unknown,2026-05-31 08:00:00+03:00,,0.63,chunk_0027.json,POST /v1/generation/data/dpp-bulk,2026-05-31 21:45:36.599110+00:00,2060953,Yazılı I-II-III HES,104381,2026-05-31T08:00:00+03:00,08:00
40W0000020609538,Yazılı I-II-III HES,unknown,2026-05-31 09:00:00+03:00,,0.63,chunk_0027.json,POST /v1/generation/data/dpp-bulk,2026-05-31 21:45:36.599110+00:00,2060953,Yazılı I-II-III HES,104381,2026-05-31T09:00:00+03:00,09:00
40W0000020609538,Yazılı I-II-III HES,unknown,2026-05-31 10:00:00+03:00,,0.63,chunk_0027.json,POST /v1/generation/data/dpp-bulk,2026-05-31 21:45:36.599110+00:00,2060953,Yazılı I-II-III HES,104381,2026-05-31T10:00:00+03:00,10:00
40W0000020609538,Yazılı I-II-III HES,unknown,2026-05-31 11:00:00+03:00,,0.63,chunk_0027.json,POST /v1/generation/data/dpp-bulk,2026-05-31 21:45:36.599110+00:00,2060953,Yazılı I-II-III HES,104381,2026-05-31T11:00:00+03:00,11:00
40W0000020609538,Yazılı I-II-III HES,unknown,2026-05-31 12:00:00+03:00,,0.63,chunk_0027.json,POST /v1/generation/data/dpp-bulk,2026-05-31 21:45:36.599110+00:00,2060953,Yazılı I-II-III HES,104381,2026-05-31T12:00:00+03:00,12:00
40W0000020609538,Yazılı I-II-III HES,unknown,2026-05-31 13:00:00+03:00,,0.63,chunk_0027.json,POST /v1/generation/data/dpp-bulk,2026-05-31 21:45:36.599110+00:00,2060953,Yazılı I-II-III HES,104381,2026-05-31T13:00:00+03:00,13:00
40W0000020609538,Yazılı I-II-III HES,unknown,2026-05-31 14:00:00+03:00,,0.63,chunk_0027.json,POST /v1/generation/data/dpp-bulk,2026-05-31 21:45:36.599110+00:00,2060953,Yazılı I-II-III HES,104381,2026-05-31T14:00:00+03:00,14:00
40W0000020609538,Yazılı I-II-III HES,unknown,2026-05-31 15:00:00+03:00,,0.7,chunk_0027.json,POST /v1/generation/data/dpp-bulk,2026-05-31 21:45:36.599110+00:00,2060953,Yazılı I-II-III HES,104381,2026-05-31T15:00:00+03:00,15:00
40W0000020609538,Yazılı I-II-III HES,unknown,2026-05-31 16:00:00+03:00,,0.7,chunk_0027.json,POST /v1/generation/data/dpp-bulk,2026-05-31 21:45:36.599110+00:00,2060953,Yazılı I-II-III HES,104381,2026-05-31T16:00:00+03:00,16:00
40W0000020609538,Yazılı I-II-III HES,unknown,2026-05-31 17:00:00+03:00,,0.7,chunk_0027.json,POST /v1/generation/data/dpp-bulk,2026-05-31 21:45:36.599110+00:00,2060953,Yazılı I-II-III HES,104381,2026-05-31T17:00:00+03:00,17:00
40W0000020609538,Yazılı I-II-III HES,unknown,2026-05-31 18:00:00+03:00,,3.7,chunk_0027.json,POST /v1/generation/data/dpp-bulk,2026-05-31 21:45:36.599110+00:00,2060953,Yazılı I-II-III HES,104381,2026-05-31T18:00:00+03:00,18:00
40W0000020609538,Yazılı I-II-III HES,unknown,2026-05-31 19:00:00+03:00,,3.7,chunk_0027.json,POST /v1/generation/data/dpp-bulk,2026-05-31 21:45:36.599110+00:00,2060953,Yazılı I-II-III HES,104381,2026-05-31T19:00:00+03:00,19:00
40W0000020609538,Yazılı I-II-III HES,unknown,2026-05-31 20:00:00+03:00,,3.7,chunk_0027.json,POST /v1/generation/data/dpp-bulk,2026-05-31 21:45:36.599110+00:00,2060953,Yazılı I-II-III HES,104381,2026-05-31T20:00:00+03:00,20:00
40W0000020609538,Yazılı I-II-III HES,unknown,2026-05-31 21:00:00+03:00,,3.7,chunk_0027.json,POST /v1/generation/data/dpp-bulk,2026-05-31 21:45:36.599110+00:00,2060953,Yazılı I-II-III HES,104381,2026-05-31T21:00:00+03:00,21:00
40W0000020609538,Yazılı I-II-III HES,unknown,2026-05-31 22:00:00+03:00,,3.7,chunk_0027.json,POST /v1/generation/data/dpp-bulk,2026-05-31 21:45:36.599110+00:00,2060953,Yazılı I-II-III HES,104381,2026-05-31T22:00:00+03:00,22:00
40W0000020609538,Yazılı I-II-III HES,unknown,2026-05-31 23:00:00+03:00,,3.7,chunk_0027.json,POST /v1/generation/data/dpp-bulk,2026-05-31 21:45:36.599110+00:00,2060953,Yazılı I-II-III HES,104381,2026-05-31T23:00:00+03:00,23:00
40W0000019301541,KAYAKÖY HES,unknown,2026-05-31 00:00:00+03:00,,1.3,chunk_0027.json,POST /v1/generation/data/dpp-bulk,2026-05-31 21:45:36.599110+00:00,1930154,KAYAKÖY HES,104523,2026-05-31T00:00:00+03:00,00:00
40W0000019301541,KAYAKÖY HES,unknown,2026-05-31 01:00:00+03:00,,1.3,chunk_0027.json,POST /v1/generation/data/dpp-bulk,2026-05-31 21:45:36.599110+00:00,1930154,KAYAKÖY HES,104523,2026-05-31T01:00:00+03:00,01:00
40W0000019301541,KAYAKÖY HES,unknown,2026-05-31 02:00:00+03:00,,1.3,chunk_0027.json,POST /v1/generation/data/dpp-bulk,2026-05-31 21:45:36.599110+00:00,1930154,KAYAKÖY HES,104523,2026-05-31T02:00:00+03:00,02:00
40W0000019301541,KAYAKÖY HES,unknown,2026-05-31 03:00:00+03:00,,1.3,chunk_0027.json,POST /v1/generation/data/dpp-bulk,2026-05-31 21:45:36.599110+00:00,1930154,KAYAKÖY HES,104523,2026-05-31T03:00:00+03:00,03:00
40W0000019301541,KAYAKÖY HES,unknown,2026-05-31 04:00:00+03:00,,1.3,chunk_0027.json,POST /v1/generation/data/dpp-bulk,2026-05-31 21:45:36.599110+00:00,1930154,KAYAKÖY HES,104523,2026-05-31T04:00:00+03:00,04:00
40W0000019301541,KAYAKÖY HES,unknown,2026-05-31 05:00:00+03:00,,1.3,chunk_0027.json,POST /v1/generation/data/dpp-bulk,2026-05-31 21:45:36.599110+00:00,1930154,KAYAKÖY HES,104523,2026-05-31T05:00:00+03:00,05:00
40W0000019301541,KAYAKÖY HES,unknown,2026-05-31 06:00:00+03:00,,1.3,chunk_0027.json,POST /v1/generation/data/dpp-bulk,2026-05-31 21:45:36.599110+00:00,1930154,KAYAKÖY HES,104523,2026-05-31T06:00:00+03:00,06:00
40W0000019301541,KAYAKÖY HES,unknown,2026-05-31 07:00:00+03:00,,1.3,chunk_0027.json,POST /v1/generation/data/dpp-bulk,2026-05-31 21:45:36.599110+00:00,1930154,KAYAKÖY HES,104523,2026-05-31T07:00:00+03:00,07:00
40W0000019301541,KAYAKÖY HES,unknown,2026-05-31 08:00:00+03:00,,1.3,chunk_0027.json,POST /v1/generation/data/dpp-bulk,2026-05-31 21:45:36.599110+00:00,1930154,KAYAKÖY HES,104523,2026-05-31T08:00:00+03:00,08:00
40W0000019301541,KAYAKÖY HES,unknown,2026-05-31 09:00:00+03:00,,1.8,chunk_0027.json,POST /v1/generation/data/dpp-bulk,2026-05-31 21:45:36.599110+00:00,1930154,KAYAKÖY HES,104523,2026-05-31T09:00:00+03:00,09:00
40W0000019301541,KAYAKÖY HES,unknown,2026-05-31 10:00:00+03:00,,1.8,chunk_0027.json,POST /v1/generation/data/dpp-bulk,2026-05-31 21:45:36.599110+00:00,1930154,KAYAKÖY HES,104523,2026-05-31T10:00:00+03:00,10:00
40W0000019301541,KAYAKÖY HES,unknown,2026-05-31 11:00:00+03:00,,1.8,chunk_0027.json,POST /v1/generation/data/dpp-bulk,2026-05-31 21:45:36.599110+00:00,1930154,KAYAKÖY HES,104523,2026-05-31T11:00:00+03:00,11:00
40W0000019301541,KAYAKÖY HES,unknown,2026-05-31 12:00:00+03:00,,1.8,chunk_0027.json,POST /v1/generation/data/dpp-bulk,2026-05-31 21:45:36.599110+00:00,1930154,KAYAKÖY HES,104523,2026-05-31T12:00:00+03:00,12:00
40W0000019301541,KAYAKÖY HES,unknown,2026-05-31 13:00:00+03:00,,1.8,chunk_0027.json,POST /v1/generation/data/dpp-bulk,2026-05-31 21:45:36.599110+00:00,1930154,KAYAKÖY HES,104523,2026-05-31T13:00:00+03:00,13:00
40W0000019301541,KAYAKÖY HES,unknown,2026-05-31 14:00:00+03:00,,1.8,chunk_0027.json,POST /v1/generation/data/dpp-bulk,2026-05-31 21:45:36.599110+00:00,1930154,KAYAKÖY HES,104523,2026-05-31T14:00:00+03:00,14:00
40W0000019301541,KAYAKÖY HES,unknown,2026-05-31 15:00:00+03:00,,1.8,chunk_0027.json,POST /v1/generation/data/dpp-bulk,2026-05-31 21:45:36.599110+00:00,1930154,KAYAKÖY HES,104523,2026-05-31T15:00:00+03:00,15:00
40W0000019301541,KAYAKÖY HES,unknown,2026-05-31 16:00:00+03:00,,1.8,chunk_0027.json,POST /v1/generation/data/dpp-bulk,2026-05-31 21:45:36.599110+00:00,1930154,KAYAKÖY HES,104523,2026-05-31T16:00:00+03:00,16:00
40W0000019301541,KAYAKÖY HES,unknown,2026-05-31 17:00:00+03:00,,1.8,chunk_0027.json,POST /v1/generation/data/dpp-bulk,2026-05-31 21:45:36.599110+00:00,1930154,KAYAKÖY HES,104523,2026-05-31T17:00:00+03:00,17:00
40W0000019301541,KAYAKÖY HES,unknown,2026-05-31 18:00:00+03:00,,1.8,chunk_0027.json,POST /v1/generation/data/dpp-bulk,2026-05-31 21:45:36.599110+00:00,1930154,KAYAKÖY HES,104523,2026-05-31T18:00:00+03:00,18:00
40W0000019301541,KAYAKÖY HES,unknown,2026-05-31 19:00:00+03:00,,1.8,chunk_0027.json,POST /v1/generation/data/dpp-bulk,2026-05-31 21:45:36.599110+00:00,1930154,KAYAKÖY HES,104523,2026-05-31T19:00:00+03:00,19:00
40W0000019301541,KAYAKÖY HES,unknown,2026-05-31 20:00:00+03:00,,1.3,chunk_0027.json,POST /v1/generation/data/dpp-bulk,2026-05-31 21:45:36.599110+00:00,1930154,KAYAKÖY HES,104523,2026-05-31T20:00:00+03:00,20:00
40W0000019301541,KAYAKÖY HES,unknown,2026-05-31 21:00:00+03:00,,1.3,chunk_0027.json,POST /v1/generation/data/dpp-bulk,2026-05-31 21:45:36.599110+00:00,1930154,KAYAKÖY HES,104523,2026-05-31T21:00:00+03:00,21:00
40W0000019301541,KAYAKÖY HES,unknown,2026-05-31 22:00:00+03:00,,1.3,chunk_0027.json,POST /v1/generation/data/dpp-bulk,2026-05-31 21:45:36.599110+00:00,1930154,KAYAKÖY HES,104523,2026-05-31T22:00:00+03:00,22:00
40W0000019301541,KAYAKÖY HES,unknown,2026-05-31 23:00:00+03:00,,1.3,chunk_0027.json,POST /v1/generation/data/dpp-bulk,2026-05-31 21:45:36.599110+00:00,1930154,KAYAKÖY HES,104523,2026-05-31T23:00:00+03:00,23:00
