entsoe_code,plant_name,fuel_type,delivery_hour,publication_timestamp,kgup_mwh,source_file,source_api,forecast_timestamp,uevcb_id,uevcb_name,org_id,date_raw,time_raw
40W000003219590I,ETİ BAKIR MAZIDAĞI TES,unknown,2026-05-31 00:00:00+03:00,,0.0,chunk_0069.json,POST /v1/generation/data/dpp-bulk,2026-05-31 21:45:54.617221+00:00,3219590,ETİ BAKIR MAZIDAĞI TES,415,2026-05-31T00:00:00+03:00,00:00
40W000003219590I,ETİ BAKIR MAZIDAĞI TES,unknown,2026-05-31 01:00:00+03:00,,0.0,chunk_0069.json,POST /v1/generation/data/dpp-bulk,2026-05-31 21:45:54.617221+00:00,3219590,ETİ BAKIR MAZIDAĞI TES,415,2026-05-31T01:00:00+03:00,01:00
40W000003219590I,ETİ BAKIR MAZIDAĞI TES,unknown,2026-05-31 02:00:00+03:00,,0.0,chunk_0069.json,POST /v1/generation/data/dpp-bulk,2026-05-31 21:45:54.617221+00:00,3219590,ETİ BAKIR MAZIDAĞI TES,415,2026-05-31T02:00:00+03:00,02:00
40W000003219590I,ETİ BAKIR MAZIDAĞI TES,unknown,2026-05-31 03:00:00+03:00,,0.0,chunk_0069.json,POST /v1/generation/data/dpp-bulk,2026-05-31 21:45:54.617221+00:00,3219590,ETİ BAKIR MAZIDAĞI TES,415,2026-05-31T03:00:00+03:00,03:00
40W000003219590I,ETİ BAKIR MAZIDAĞI TES,unknown,2026-05-31 04:00:00+03:00,,0.0,chunk_0069.json,POST /v1/generation/data/dpp-bulk,2026-05-31 21:45:54.617221+00:00,3219590,ETİ BAKIR MAZIDAĞI TES,415,2026-05-31T04:00:00+03:00,04:00
40W000003219590I,ETİ BAKIR MAZIDAĞI TES,unknown,2026-05-31 05:00:00+03:00,,0.0,chunk_0069.json,POST /v1/generation/data/dpp-bulk,2026-05-31 21:45:54.617221+00:00,3219590,ETİ BAKIR MAZIDAĞI TES,415,2026-05-31T05:00:00+03:00,05:00
40W000003219590I,ETİ BAKIR MAZIDAĞI TES,unknown,2026-05-31 06:00:00+03:00,,0.0,chunk_0069.json,POST /v1/generation/data/dpp-bulk,2026-05-31 21:45:54.617221+00:00,3219590,ETİ BAKIR MAZIDAĞI TES,415,2026-05-31T06:00:00+03:00,06:00
40W000003219590I,ETİ BAKIR MAZIDAĞI TES,unknown,2026-05-31 07:00:00+03:00,,0.0,chunk_0069.json,POST /v1/generation/data/dpp-bulk,2026-05-31 21:45:54.617221+00:00,3219590,ETİ BAKIR MAZIDAĞI TES,415,2026-05-31T07:00:00+03:00,07:00
40W000003219590I,ETİ BAKIR MAZIDAĞI TES,unknown,2026-05-31 08:00:00+03:00,,0.0,chunk_0069.json,POST /v1/generation/data/dpp-bulk,2026-05-31 21:45:54.617221+00:00,3219590,ETİ BAKIR MAZIDAĞI TES,415,2026-05-31T08:00:00+03:00,08:00
40W000003219590I,ETİ BAKIR MAZIDAĞI TES,unknown,2026-05-31 09:00:00+03:00,,0.0,chunk_0069.json,POST /v1/generation/data/dpp-bulk,2026-05-31 21:45:54.617221+00:00,3219590,ETİ BAKIR MAZIDAĞI TES,415,2026-05-31T09:00:00+03:00,09:00
40W000003219590I,ETİ BAKIR MAZIDAĞI TES,unknown,2026-05-31 10:00:00+03:00,,0.0,chunk_0069.json,POST /v1/generation/data/dpp-bulk,2026-05-31 21:45:54.617221+00:00,3219590,ETİ BAKIR MAZIDAĞI TES,415,2026-05-31T10:00:00+03:00,10:00
40W000003219590I,ETİ BAKIR MAZIDAĞI TES,unknown,2026-05-31 11:00:00+03:00,,0.0,chunk_0069.json,POST /v1/generation/data/dpp-bulk,2026-05-31 21:45:54.617221+00:00,3219590,ETİ BAKIR MAZIDAĞI TES,415,2026-05-31T11:00:00+03:00,11:00
40W000003219590I,ETİ BAKIR MAZIDAĞI TES,unknown,2026-05-31 12:00:00+03:00,,0.0,chunk_0069.json,POST /v1/generation/data/dpp-bulk,2026-05-31 21:45:54.617221+00:00,3219590,ETİ BAKIR MAZIDAĞI TES,415,2026-05-31T12:00:00+03:00,12:00
40W000003219590I,ETİ BAKIR MAZIDAĞI TES,unknown,2026-05-31 13:00:00+03:00,,0.0,chunk_0069.json,POST /v1/generation/data/dpp-bulk,2026-05-31 21:45:54.617221+00:00,3219590,ETİ BAKIR MAZIDAĞI TES,415,2026-05-31T13:00:00+03:00,13:00
40W000003219590I,ETİ BAKIR MAZIDAĞI TES,unknown,2026-05-31 14:00:00+03:00,,0.0,chunk_0069.json,POST /v1/generation/data/dpp-bulk,2026-05-31 21:45:54.617221+00:00,3219590,ETİ BAKIR MAZIDAĞI TES,415,2026-05-31T14:00:00+03:00,14:00
40W000003219590I,ETİ BAKIR MAZIDAĞI TES,unknown,2026-05-31 15:00:00+03:00,,0.0,chunk_0069.json,POST /v1/generation/data/dpp-bulk,2026-05-31 21:45:54.617221+00:00,3219590,ETİ BAKIR MAZIDAĞI TES,415,2026-05-31T15:00:00+03:00,15:00
40W000003219590I,ETİ BAKIR MAZIDAĞI TES,unknown,2026-05-31 16:00:00+03:00,,0.0,chunk_0069.json,POST /v1/generation/data/dpp-bulk,2026-05-31 21:45:54.617221+00:00,3219590,ETİ BAKIR MAZIDAĞI TES,415,2026-05-31T16:00:00+03:00,16:00
40W000003219590I,ETİ BAKIR MAZIDAĞI TES,unknown,2026-05-31 17:00:00+03:00,,0.0,chunk_0069.json,POST /v1/generation/data/dpp-bulk,2026-05-31 21:45:54.617221+00:00,3219590,ETİ BAKIR MAZIDAĞI TES,415,2026-05-31T17:00:00+03:00,17:00
40W000003219590I,ETİ BAKIR MAZIDAĞI TES,unknown,2026-05-31 18:00:00+03:00,,0.0,chunk_0069.json,POST /v1/generation/data/dpp-bulk,2026-05-31 21:45:54.617221+00:00,3219590,ETİ BAKIR MAZIDAĞI TES,415,2026-05-31T18:00:00+03:00,18:00
40W000003219590I,ETİ BAKIR MAZIDAĞI TES,unknown,2026-05-31 19:00:00+03:00,,0.0,chunk_0069.json,POST /v1/generation/data/dpp-bulk,2026-05-31 21:45:54.617221+00:00,3219590,ETİ BAKIR MAZIDAĞI TES,415,2026-05-31T19:00:00+03:00,19:00
40W000003219590I,ETİ BAKIR MAZIDAĞI TES,unknown,2026-05-31 20:00:00+03:00,,0.0,chunk_0069.json,POST /v1/generation/data/dpp-bulk,2026-05-31 21:45:54.617221+00:00,3219590,ETİ BAKIR MAZIDAĞI TES,415,2026-05-31T20:00:00+03:00,20:00
40W000003219590I,ETİ BAKIR MAZIDAĞI TES,unknown,2026-05-31 21:00:00+03:00,,0.0,chunk_0069.json,POST /v1/generation/data/dpp-bulk,2026-05-31 21:45:54.617221+00:00,3219590,ETİ BAKIR MAZIDAĞI TES,415,2026-05-31T21:00:00+03:00,21:00
40W000003219590I,ETİ BAKIR MAZIDAĞI TES,unknown,2026-05-31 22:00:00+03:00,,0.0,chunk_0069.json,POST /v1/generation/data/dpp-bulk,2026-05-31 21:45:54.617221+00:00,3219590,ETİ BAKIR MAZIDAĞI TES,415,2026-05-31T22:00:00+03:00,22:00
40W000003219590I,ETİ BAKIR MAZIDAĞI TES,unknown,2026-05-31 23:00:00+03:00,,0.0,chunk_0069.json,POST /v1/generation/data/dpp-bulk,2026-05-31 21:45:54.617221+00:00,3219590,ETİ BAKIR MAZIDAĞI TES,415,2026-05-31T23:00:00+03:00,23:00
40W0000032196101,ULUDAĞ ITC ENERJİ ÜRETİM TESİSİ,unknown,2026-05-31 00:00:00+03:00,,7.3,chunk_0069.json,POST /v1/generation/data/dpp-bulk,2026-05-31 21:45:54.617221+00:00,3219610,ULUDAĞ ITC ENERJİ ÜRETİM TESİSİ,420,2026-05-31T00:00:00+03:00,00:00
40W0000032196101,ULUDAĞ ITC ENERJİ ÜRETİM TESİSİ,unknown,2026-05-31 01:00:00+03:00,,7.3,chunk_0069.json,POST /v1/generation/data/dpp-bulk,2026-05-31 21:45:54.617221+00:00,3219610,ULUDAĞ ITC ENERJİ ÜRETİM TESİSİ,420,2026-05-31T01:00:00+03:00,01:00
40W0000032196101,ULUDAĞ ITC ENERJİ ÜRETİM TESİSİ,unknown,2026-05-31 02:00:00+03:00,,7.3,chunk_0069.json,POST /v1/generation/data/dpp-bulk,2026-05-31 21:45:54.617221+00:00,3219610,ULUDAĞ ITC ENERJİ ÜRETİM TESİSİ,420,2026-05-31T02:00:00+03:00,02:00
40W0000032196101,ULUDAĞ ITC ENERJİ ÜRETİM TESİSİ,unknown,2026-05-31 03:00:00+03:00,,7.3,chunk_0069.json,POST /v1/generation/data/dpp-bulk,2026-05-31 21:45:54.617221+00:00,3219610,ULUDAĞ ITC ENERJİ ÜRETİM TESİSİ,420,2026-05-31T03:00:00+03:00,03:00
40W0000032196101,ULUDAĞ ITC ENERJİ ÜRETİM TESİSİ,unknown,2026-05-31 04:00:00+03:00,,7.3,chunk_0069.json,POST /v1/generation/data/dpp-bulk,2026-05-31 21:45:54.617221+00:00,3219610,ULUDAĞ ITC ENERJİ ÜRETİM TESİSİ,420,2026-05-31T04:00:00+03:00,04:00
40W0000032196101,ULUDAĞ ITC ENERJİ ÜRETİM TESİSİ,unknown,2026-05-31 05:00:00+03:00,,7.3,chunk_0069.json,POST /v1/generation/data/dpp-bulk,2026-05-31 21:45:54.617221+00:00,3219610,ULUDAĞ ITC ENERJİ ÜRETİM TESİSİ,420,2026-05-31T05:00:00+03:00,05:00
40W0000032196101,ULUDAĞ ITC ENERJİ ÜRETİM TESİSİ,unknown,2026-05-31 06:00:00+03:00,,7.3,chunk_0069.json,POST /v1/generation/data/dpp-bulk,2026-05-31 21:45:54.617221+00:00,3219610,ULUDAĞ ITC ENERJİ ÜRETİM TESİSİ,420,2026-05-31T06:00:00+03:00,06:00
40W0000032196101,ULUDAĞ ITC ENERJİ ÜRETİM TESİSİ,unknown,2026-05-31 07:00:00+03:00,,7.3,chunk_0069.json,POST /v1/generation/data/dpp-bulk,2026-05-31 21:45:54.617221+00:00,3219610,ULUDAĞ ITC ENERJİ ÜRETİM TESİSİ,420,2026-05-31T07:00:00+03:00,07:00
40W0000032196101,ULUDAĞ ITC ENERJİ ÜRETİM TESİSİ,unknown,2026-05-31 08:00:00+03:00,,7.3,chunk_0069.json,POST /v1/generation/data/dpp-bulk,2026-05-31 21:45:54.617221+00:00,3219610,ULUDAĞ ITC ENERJİ ÜRETİM TESİSİ,420,2026-05-31T08:00:00+03:00,08:00
40W0000032196101,ULUDAĞ ITC ENERJİ ÜRETİM TESİSİ,unknown,2026-05-31 09:00:00+03:00,,7.3,chunk_0069.json,POST /v1/generation/data/dpp-bulk,2026-05-31 21:45:54.617221+00:00,3219610,ULUDAĞ ITC ENERJİ ÜRETİM TESİSİ,420,2026-05-31T09:00:00+03:00,09:00
40W0000032196101,ULUDAĞ ITC ENERJİ ÜRETİM TESİSİ,unknown,2026-05-31 10:00:00+03:00,,7.3,chunk_0069.json,POST /v1/generation/data/dpp-bulk,2026-05-31 21:45:54.617221+00:00,3219610,ULUDAĞ ITC ENERJİ ÜRETİM TESİSİ,420,2026-05-31T10:00:00+03:00,10:00
40W0000032196101,ULUDAĞ ITC ENERJİ ÜRETİM TESİSİ,unknown,2026-05-31 11:00:00+03:00,,7.3,chunk_0069.json,POST /v1/generation/data/dpp-bulk,2026-05-31 21:45:54.617221+00:00,3219610,ULUDAĞ ITC ENERJİ ÜRETİM TESİSİ,420,2026-05-31T11:00:00+03:00,11:00
40W0000032196101,ULUDAĞ ITC ENERJİ ÜRETİM TESİSİ,unknown,2026-05-31 12:00:00+03:00,,7.3,chunk_0069.json,POST /v1/generation/data/dpp-bulk,2026-05-31 21:45:54.617221+00:00,3219610,ULUDAĞ ITC ENERJİ ÜRETİM TESİSİ,420,2026-05-31T12:00:00+03:00,12:00
40W0000032196101,ULUDAĞ ITC ENERJİ ÜRETİM TESİSİ,unknown,2026-05-31 13:00:00+03:00,,7.3,chunk_0069.json,POST /v1/generation/data/dpp-bulk,2026-05-31 21:45:54.617221+00:00,3219610,ULUDAĞ ITC ENERJİ ÜRETİM TESİSİ,420,2026-05-31T13:00:00+03:00,13:00
40W0000032196101,ULUDAĞ ITC ENERJİ ÜRETİM TESİSİ,unknown,2026-05-31 14:00:00+03:00,,7.3,chunk_0069.json,POST /v1/generation/data/dpp-bulk,2026-05-31 21:45:54.617221+00:00,3219610,ULUDAĞ ITC ENERJİ ÜRETİM TESİSİ,420,2026-05-31T14:00:00+03:00,14:00
40W0000032196101,ULUDAĞ ITC ENERJİ ÜRETİM TESİSİ,unknown,2026-05-31 15:00:00+03:00,,7.3,chunk_0069.json,POST /v1/generation/data/dpp-bulk,2026-05-31 21:45:54.617221+00:00,3219610,ULUDAĞ ITC ENERJİ ÜRETİM TESİSİ,420,2026-05-31T15:00:00+03:00,15:00
40W0000032196101,ULUDAĞ ITC ENERJİ ÜRETİM TESİSİ,unknown,2026-05-31 16:00:00+03:00,,7.3,chunk_0069.json,POST /v1/generation/data/dpp-bulk,2026-05-31 21:45:54.617221+00:00,3219610,ULUDAĞ ITC ENERJİ ÜRETİM TESİSİ,420,2026-05-31T16:00:00+03:00,16:00
40W0000032196101,ULUDAĞ ITC ENERJİ ÜRETİM TESİSİ,unknown,2026-05-31 17:00:00+03:00,,7.3,chunk_0069.json,POST /v1/generation/data/dpp-bulk,2026-05-31 21:45:54.617221+00:00,3219610,ULUDAĞ ITC ENERJİ ÜRETİM TESİSİ,420,2026-05-31T17:00:00+03:00,17:00
40W0000032196101,ULUDAĞ ITC ENERJİ ÜRETİM TESİSİ,unknown,2026-05-31 18:00:00+03:00,,7.3,chunk_0069.json,POST /v1/generation/data/dpp-bulk,2026-05-31 21:45:54.617221+00:00,3219610,ULUDAĞ ITC ENERJİ ÜRETİM TESİSİ,420,2026-05-31T18:00:00+03:00,18:00
40W0000032196101,ULUDAĞ ITC ENERJİ ÜRETİM TESİSİ,unknown,2026-05-31 19:00:00+03:00,,7.3,chunk_0069.json,POST /v1/generation/data/dpp-bulk,2026-05-31 21:45:54.617221+00:00,3219610,ULUDAĞ ITC ENERJİ ÜRETİM TESİSİ,420,2026-05-31T19:00:00+03:00,19:00
40W0000032196101,ULUDAĞ ITC ENERJİ ÜRETİM TESİSİ,unknown,2026-05-31 20:00:00+03:00,,7.3,chunk_0069.json,POST /v1/generation/data/dpp-bulk,2026-05-31 21:45:54.617221+00:00,3219610,ULUDAĞ ITC ENERJİ ÜRETİM TESİSİ,420,2026-05-31T20:00:00+03:00,20:00
40W0000032196101,ULUDAĞ ITC ENERJİ ÜRETİM TESİSİ,unknown,2026-05-31 21:00:00+03:00,,7.3,chunk_0069.json,POST /v1/generation/data/dpp-bulk,2026-05-31 21:45:54.617221+00:00,3219610,ULUDAĞ ITC ENERJİ ÜRETİM TESİSİ,420,2026-05-31T21:00:00+03:00,21:00
40W0000032196101,ULUDAĞ ITC ENERJİ ÜRETİM TESİSİ,unknown,2026-05-31 22:00:00+03:00,,7.3,chunk_0069.json,POST /v1/generation/data/dpp-bulk,2026-05-31 21:45:54.617221+00:00,3219610,ULUDAĞ ITC ENERJİ ÜRETİM TESİSİ,420,2026-05-31T22:00:00+03:00,22:00
40W0000032196101,ULUDAĞ ITC ENERJİ ÜRETİM TESİSİ,unknown,2026-05-31 23:00:00+03:00,,7.3,chunk_0069.json,POST /v1/generation/data/dpp-bulk,2026-05-31 21:45:54.617221+00:00,3219610,ULUDAĞ ITC ENERJİ ÜRETİM TESİSİ,420,2026-05-31T23:00:00+03:00,23:00
40W000003219630W,ITC BURSA HAMİTLER TESİSİ,unknown,2026-05-31 00:00:00+03:00,,0.0,chunk_0069.json,POST /v1/generation/data/dpp-bulk,2026-05-31 21:45:54.617221+00:00,3219630,ITC BURSA HAMİTLER TESİSİ,420,2026-05-31T00:00:00+03:00,00:00
40W000003219630W,ITC BURSA HAMİTLER TESİSİ,unknown,2026-05-31 01:00:00+03:00,,0.0,chunk_0069.json,POST /v1/generation/data/dpp-bulk,2026-05-31 21:45:54.617221+00:00,3219630,ITC BURSA HAMİTLER TESİSİ,420,2026-05-31T01:00:00+03:00,01:00
40W000003219630W,ITC BURSA HAMİTLER TESİSİ,unknown,2026-05-31 02:00:00+03:00,,0.0,chunk_0069.json,POST /v1/generation/data/dpp-bulk,2026-05-31 21:45:54.617221+00:00,3219630,ITC BURSA HAMİTLER TESİSİ,420,2026-05-31T02:00:00+03:00,02:00
40W000003219630W,ITC BURSA HAMİTLER TESİSİ,unknown,2026-05-31 03:00:00+03:00,,0.0,chunk_0069.json,POST /v1/generation/data/dpp-bulk,2026-05-31 21:45:54.617221+00:00,3219630,ITC BURSA HAMİTLER TESİSİ,420,2026-05-31T03:00:00+03:00,03:00
40W000003219630W,ITC BURSA HAMİTLER TESİSİ,unknown,2026-05-31 04:00:00+03:00,,0.0,chunk_0069.json,POST /v1/generation/data/dpp-bulk,2026-05-31 21:45:54.617221+00:00,3219630,ITC BURSA HAMİTLER TESİSİ,420,2026-05-31T04:00:00+03:00,04:00
40W000003219630W,ITC BURSA HAMİTLER TESİSİ,unknown,2026-05-31 05:00:00+03:00,,0.0,chunk_0069.json,POST /v1/generation/data/dpp-bulk,2026-05-31 21:45:54.617221+00:00,3219630,ITC BURSA HAMİTLER TESİSİ,420,2026-05-31T05:00:00+03:00,05:00
40W000003219630W,ITC BURSA HAMİTLER TESİSİ,unknown,2026-05-31 06:00:00+03:00,,0.0,chunk_0069.json,POST /v1/generation/data/dpp-bulk,2026-05-31 21:45:54.617221+00:00,3219630,ITC BURSA HAMİTLER TESİSİ,420,2026-05-31T06:00:00+03:00,06:00
40W000003219630W,ITC BURSA HAMİTLER TESİSİ,unknown,2026-05-31 07:00:00+03:00,,0.0,chunk_0069.json,POST /v1/generation/data/dpp-bulk,2026-05-31 21:45:54.617221+00:00,3219630,ITC BURSA HAMİTLER TESİSİ,420,2026-05-31T07:00:00+03:00,07:00
40W000003219630W,ITC BURSA HAMİTLER TESİSİ,unknown,2026-05-31 08:00:00+03:00,,0.0,chunk_0069.json,POST /v1/generation/data/dpp-bulk,2026-05-31 21:45:54.617221+00:00,3219630,ITC BURSA HAMİTLER TESİSİ,420,2026-05-31T08:00:00+03:00,08:00
40W000003219630W,ITC BURSA HAMİTLER TESİSİ,unknown,2026-05-31 09:00:00+03:00,,0.0,chunk_0069.json,POST /v1/generation/data/dpp-bulk,2026-05-31 21:45:54.617221+00:00,3219630,ITC BURSA HAMİTLER TESİSİ,420,2026-05-31T09:00:00+03:00,09:00
40W000003219630W,ITC BURSA HAMİTLER TESİSİ,unknown,2026-05-31 10:00:00+03:00,,0.0,chunk_0069.json,POST /v1/generation/data/dpp-bulk,2026-05-31 21:45:54.617221+00:00,3219630,ITC BURSA HAMİTLER TESİSİ,420,2026-05-31T10:00:00+03:00,10:00
40W000003219630W,ITC BURSA HAMİTLER TESİSİ,unknown,2026-05-31 11:00:00+03:00,,0.0,chunk_0069.json,POST /v1/generation/data/dpp-bulk,2026-05-31 21:45:54.617221+00:00,3219630,ITC BURSA HAMİTLER TESİSİ,420,2026-05-31T11:00:00+03:00,11:00
40W000003219630W,ITC BURSA HAMİTLER TESİSİ,unknown,2026-05-31 12:00:00+03:00,,0.0,chunk_0069.json,POST /v1/generation/data/dpp-bulk,2026-05-31 21:45:54.617221+00:00,3219630,ITC BURSA HAMİTLER TESİSİ,420,2026-05-31T12:00:00+03:00,12:00
40W000003219630W,ITC BURSA HAMİTLER TESİSİ,unknown,2026-05-31 13:00:00+03:00,,0.0,chunk_0069.json,POST /v1/generation/data/dpp-bulk,2026-05-31 21:45:54.617221+00:00,3219630,ITC BURSA HAMİTLER TESİSİ,420,2026-05-31T13:00:00+03:00,13:00
40W000003219630W,ITC BURSA HAMİTLER TESİSİ,unknown,2026-05-31 14:00:00+03:00,,0.0,chunk_0069.json,POST /v1/generation/data/dpp-bulk,2026-05-31 21:45:54.617221+00:00,3219630,ITC BURSA HAMİTLER TESİSİ,420,2026-05-31T14:00:00+03:00,14:00
40W000003219630W,ITC BURSA HAMİTLER TESİSİ,unknown,2026-05-31 15:00:00+03:00,,0.0,chunk_0069.json,POST /v1/generation/data/dpp-bulk,2026-05-31 21:45:54.617221+00:00,3219630,ITC BURSA HAMİTLER TESİSİ,420,2026-05-31T15:00:00+03:00,15:00
40W000003219630W,ITC BURSA HAMİTLER TESİSİ,unknown,2026-05-31 16:00:00+03:00,,0.0,chunk_0069.json,POST /v1/generation/data/dpp-bulk,2026-05-31 21:45:54.617221+00:00,3219630,ITC BURSA HAMİTLER TESİSİ,420,2026-05-31T16:00:00+03:00,16:00
40W000003219630W,ITC BURSA HAMİTLER TESİSİ,unknown,2026-05-31 17:00:00+03:00,,0.0,chunk_0069.json,POST /v1/generation/data/dpp-bulk,2026-05-31 21:45:54.617221+00:00,3219630,ITC BURSA HAMİTLER TESİSİ,420,2026-05-31T17:00:00+03:00,17:00
40W000003219630W,ITC BURSA HAMİTLER TESİSİ,unknown,2026-05-31 18:00:00+03:00,,0.0,chunk_0069.json,POST /v1/generation/data/dpp-bulk,2026-05-31 21:45:54.617221+00:00,3219630,ITC BURSA HAMİTLER TESİSİ,420,2026-05-31T18:00:00+03:00,18:00
40W000003219630W,ITC BURSA HAMİTLER TESİSİ,unknown,2026-05-31 19:00:00+03:00,,1.9,chunk_0069.json,POST /v1/generation/data/dpp-bulk,2026-05-31 21:45:54.617221+00:00,3219630,ITC BURSA HAMİTLER TESİSİ,420,2026-05-31T19:00:00+03:00,19:00
40W000003219630W,ITC BURSA HAMİTLER TESİSİ,unknown,2026-05-31 20:00:00+03:00,,1.7,chunk_0069.json,POST /v1/generation/data/dpp-bulk,2026-05-31 21:45:54.617221+00:00,3219630,ITC BURSA HAMİTLER TESİSİ,420,2026-05-31T20:00:00+03:00,20:00
40W000003219630W,ITC BURSA HAMİTLER TESİSİ,unknown,2026-05-31 21:00:00+03:00,,1.7,chunk_0069.json,POST /v1/generation/data/dpp-bulk,2026-05-31 21:45:54.617221+00:00,3219630,ITC BURSA HAMİTLER TESİSİ,420,2026-05-31T21:00:00+03:00,21:00
40W000003219630W,ITC BURSA HAMİTLER TESİSİ,unknown,2026-05-31 22:00:00+03:00,,1.9,chunk_0069.json,POST /v1/generation/data/dpp-bulk,2026-05-31 21:45:54.617221+00:00,3219630,ITC BURSA HAMİTLER TESİSİ,420,2026-05-31T22:00:00+03:00,22:00
40W000003219630W,ITC BURSA HAMİTLER TESİSİ,unknown,2026-05-31 23:00:00+03:00,,1.7,chunk_0069.json,POST /v1/generation/data/dpp-bulk,2026-05-31 21:45:54.617221+00:00,3219630,ITC BURSA HAMİTLER TESİSİ,420,2026-05-31T23:00:00+03:00,23:00
40W000003219732O,OSMANGAZİ_LÜY_SAATLİK MAHSUP_GES_MESKEN_OG,unknown,2026-05-31 00:00:00+03:00,,0.0,chunk_0069.json,POST /v1/generation/data/dpp-bulk,2026-05-31 21:45:54.617221+00:00,3219732,OSMANGAZİ_LÜY_SAATLİK MAHSUP_GES_MESKEN_OG,10930,2026-05-31T00:00:00+03:00,00:00
40W000003219732O,OSMANGAZİ_LÜY_SAATLİK MAHSUP_GES_MESKEN_OG,unknown,2026-05-31 01:00:00+03:00,,0.0,chunk_0069.json,POST /v1/generation/data/dpp-bulk,2026-05-31 21:45:54.617221+00:00,3219732,OSMANGAZİ_LÜY_SAATLİK MAHSUP_GES_MESKEN_OG,10930,2026-05-31T01:00:00+03:00,01:00
40W000003219732O,OSMANGAZİ_LÜY_SAATLİK MAHSUP_GES_MESKEN_OG,unknown,2026-05-31 02:00:00+03:00,,0.0,chunk_0069.json,POST /v1/generation/data/dpp-bulk,2026-05-31 21:45:54.617221+00:00,3219732,OSMANGAZİ_LÜY_SAATLİK MAHSUP_GES_MESKEN_OG,10930,2026-05-31T02:00:00+03:00,02:00
40W000003219732O,OSMANGAZİ_LÜY_SAATLİK MAHSUP_GES_MESKEN_OG,unknown,2026-05-31 03:00:00+03:00,,0.0,chunk_0069.json,POST /v1/generation/data/dpp-bulk,2026-05-31 21:45:54.617221+00:00,3219732,OSMANGAZİ_LÜY_SAATLİK MAHSUP_GES_MESKEN_OG,10930,2026-05-31T03:00:00+03:00,03:00
40W000003219732O,OSMANGAZİ_LÜY_SAATLİK MAHSUP_GES_MESKEN_OG,unknown,2026-05-31 04:00:00+03:00,,0.0,chunk_0069.json,POST /v1/generation/data/dpp-bulk,2026-05-31 21:45:54.617221+00:00,3219732,OSMANGAZİ_LÜY_SAATLİK MAHSUP_GES_MESKEN_OG,10930,2026-05-31T04:00:00+03:00,04:00
40W000003219732O,OSMANGAZİ_LÜY_SAATLİK MAHSUP_GES_MESKEN_OG,unknown,2026-05-31 05:00:00+03:00,,0.0,chunk_0069.json,POST /v1/generation/data/dpp-bulk,2026-05-31 21:45:54.617221+00:00,3219732,OSMANGAZİ_LÜY_SAATLİK MAHSUP_GES_MESKEN_OG,10930,2026-05-31T05:00:00+03:00,05:00
40W000003219732O,OSMANGAZİ_LÜY_SAATLİK MAHSUP_GES_MESKEN_OG,unknown,2026-05-31 06:00:00+03:00,,0.0,chunk_0069.json,POST /v1/generation/data/dpp-bulk,2026-05-31 21:45:54.617221+00:00,3219732,OSMANGAZİ_LÜY_SAATLİK MAHSUP_GES_MESKEN_OG,10930,2026-05-31T06:00:00+03:00,06:00
40W000003219732O,OSMANGAZİ_LÜY_SAATLİK MAHSUP_GES_MESKEN_OG,unknown,2026-05-31 07:00:00+03:00,,0.0,chunk_0069.json,POST /v1/generation/data/dpp-bulk,2026-05-31 21:45:54.617221+00:00,3219732,OSMANGAZİ_LÜY_SAATLİK MAHSUP_GES_MESKEN_OG,10930,2026-05-31T07:00:00+03:00,07:00
40W000003219732O,OSMANGAZİ_LÜY_SAATLİK MAHSUP_GES_MESKEN_OG,unknown,2026-05-31 08:00:00+03:00,,0.0,chunk_0069.json,POST /v1/generation/data/dpp-bulk,2026-05-31 21:45:54.617221+00:00,3219732,OSMANGAZİ_LÜY_SAATLİK MAHSUP_GES_MESKEN_OG,10930,2026-05-31T08:00:00+03:00,08:00
40W000003219732O,OSMANGAZİ_LÜY_SAATLİK MAHSUP_GES_MESKEN_OG,unknown,2026-05-31 09:00:00+03:00,,0.0,chunk_0069.json,POST /v1/generation/data/dpp-bulk,2026-05-31 21:45:54.617221+00:00,3219732,OSMANGAZİ_LÜY_SAATLİK MAHSUP_GES_MESKEN_OG,10930,2026-05-31T09:00:00+03:00,09:00
40W000003219732O,OSMANGAZİ_LÜY_SAATLİK MAHSUP_GES_MESKEN_OG,unknown,2026-05-31 10:00:00+03:00,,0.0,chunk_0069.json,POST /v1/generation/data/dpp-bulk,2026-05-31 21:45:54.617221+00:00,3219732,OSMANGAZİ_LÜY_SAATLİK MAHSUP_GES_MESKEN_OG,10930,2026-05-31T10:00:00+03:00,10:00
40W000003219732O,OSMANGAZİ_LÜY_SAATLİK MAHSUP_GES_MESKEN_OG,unknown,2026-05-31 11:00:00+03:00,,0.0,chunk_0069.json,POST /v1/generation/data/dpp-bulk,2026-05-31 21:45:54.617221+00:00,3219732,OSMANGAZİ_LÜY_SAATLİK MAHSUP_GES_MESKEN_OG,10930,2026-05-31T11:00:00+03:00,11:00
40W000003219732O,OSMANGAZİ_LÜY_SAATLİK MAHSUP_GES_MESKEN_OG,unknown,2026-05-31 12:00:00+03:00,,0.0,chunk_0069.json,POST /v1/generation/data/dpp-bulk,2026-05-31 21:45:54.617221+00:00,3219732,OSMANGAZİ_LÜY_SAATLİK MAHSUP_GES_MESKEN_OG,10930,2026-05-31T12:00:00+03:00,12:00
40W000003219732O,OSMANGAZİ_LÜY_SAATLİK MAHSUP_GES_MESKEN_OG,unknown,2026-05-31 13:00:00+03:00,,0.0,chunk_0069.json,POST /v1/generation/data/dpp-bulk,2026-05-31 21:45:54.617221+00:00,3219732,OSMANGAZİ_LÜY_SAATLİK MAHSUP_GES_MESKEN_OG,10930,2026-05-31T13:00:00+03:00,13:00
40W000003219732O,OSMANGAZİ_LÜY_SAATLİK MAHSUP_GES_MESKEN_OG,unknown,2026-05-31 14:00:00+03:00,,0.0,chunk_0069.json,POST /v1/generation/data/dpp-bulk,2026-05-31 21:45:54.617221+00:00,3219732,OSMANGAZİ_LÜY_SAATLİK MAHSUP_GES_MESKEN_OG,10930,2026-05-31T14:00:00+03:00,14:00
40W000003219732O,OSMANGAZİ_LÜY_SAATLİK MAHSUP_GES_MESKEN_OG,unknown,2026-05-31 15:00:00+03:00,,0.0,chunk_0069.json,POST /v1/generation/data/dpp-bulk,2026-05-31 21:45:54.617221+00:00,3219732,OSMANGAZİ_LÜY_SAATLİK MAHSUP_GES_MESKEN_OG,10930,2026-05-31T15:00:00+03:00,15:00
40W000003219732O,OSMANGAZİ_LÜY_SAATLİK MAHSUP_GES_MESKEN_OG,unknown,2026-05-31 16:00:00+03:00,,0.0,chunk_0069.json,POST /v1/generation/data/dpp-bulk,2026-05-31 21:45:54.617221+00:00,3219732,OSMANGAZİ_LÜY_SAATLİK MAHSUP_GES_MESKEN_OG,10930,2026-05-31T16:00:00+03:00,16:00
40W000003219732O,OSMANGAZİ_LÜY_SAATLİK MAHSUP_GES_MESKEN_OG,unknown,2026-05-31 17:00:00+03:00,,0.0,chunk_0069.json,POST /v1/generation/data/dpp-bulk,2026-05-31 21:45:54.617221+00:00,3219732,OSMANGAZİ_LÜY_SAATLİK MAHSUP_GES_MESKEN_OG,10930,2026-05-31T17:00:00+03:00,17:00
40W000003219732O,OSMANGAZİ_LÜY_SAATLİK MAHSUP_GES_MESKEN_OG,unknown,2026-05-31 18:00:00+03:00,,0.0,chunk_0069.json,POST /v1/generation/data/dpp-bulk,2026-05-31 21:45:54.617221+00:00,3219732,OSMANGAZİ_LÜY_SAATLİK MAHSUP_GES_MESKEN_OG,10930,2026-05-31T18:00:00+03:00,18:00
40W000003219732O,OSMANGAZİ_LÜY_SAATLİK MAHSUP_GES_MESKEN_OG,unknown,2026-05-31 19:00:00+03:00,,0.0,chunk_0069.json,POST /v1/generation/data/dpp-bulk,2026-05-31 21:45:54.617221+00:00,3219732,OSMANGAZİ_LÜY_SAATLİK MAHSUP_GES_MESKEN_OG,10930,2026-05-31T19:00:00+03:00,19:00
40W000003219732O,OSMANGAZİ_LÜY_SAATLİK MAHSUP_GES_MESKEN_OG,unknown,2026-05-31 20:00:00+03:00,,0.0,chunk_0069.json,POST /v1/generation/data/dpp-bulk,2026-05-31 21:45:54.617221+00:00,3219732,OSMANGAZİ_LÜY_SAATLİK MAHSUP_GES_MESKEN_OG,10930,2026-05-31T20:00:00+03:00,20:00
40W000003219732O,OSMANGAZİ_LÜY_SAATLİK MAHSUP_GES_MESKEN_OG,unknown,2026-05-31 21:00:00+03:00,,0.0,chunk_0069.json,POST /v1/generation/data/dpp-bulk,2026-05-31 21:45:54.617221+00:00,3219732,OSMANGAZİ_LÜY_SAATLİK MAHSUP_GES_MESKEN_OG,10930,2026-05-31T21:00:00+03:00,21:00
40W000003219732O,OSMANGAZİ_LÜY_SAATLİK MAHSUP_GES_MESKEN_OG,unknown,2026-05-31 22:00:00+03:00,,0.0,chunk_0069.json,POST /v1/generation/data/dpp-bulk,2026-05-31 21:45:54.617221+00:00,3219732,OSMANGAZİ_LÜY_SAATLİK MAHSUP_GES_MESKEN_OG,10930,2026-05-31T22:00:00+03:00,22:00
40W000003219732O,OSMANGAZİ_LÜY_SAATLİK MAHSUP_GES_MESKEN_OG,unknown,2026-05-31 23:00:00+03:00,,0.0,chunk_0069.json,POST /v1/generation/data/dpp-bulk,2026-05-31 21:45:54.617221+00:00,3219732,OSMANGAZİ_LÜY_SAATLİK MAHSUP_GES_MESKEN_OG,10930,2026-05-31T23:00:00+03:00,23:00
40W000003219550U,SAATLİK MAHSUP_GES_MESKEN_AG_KADEME-2,unknown,2026-05-31 00:00:00+03:00,,0.0,chunk_0069.json,POST /v1/generation/data/dpp-bulk,2026-05-31 21:45:54.617221+00:00,3219550,SAATLİK MAHSUP_GES_MESKEN_AG_KADEME-2,10933,2026-05-31T00:00:00+03:00,00:00
40W000003219550U,SAATLİK MAHSUP_GES_MESKEN_AG_KADEME-2,unknown,2026-05-31 01:00:00+03:00,,0.0,chunk_0069.json,POST /v1/generation/data/dpp-bulk,2026-05-31 21:45:54.617221+00:00,3219550,SAATLİK MAHSUP_GES_MESKEN_AG_KADEME-2,10933,2026-05-31T01:00:00+03:00,01:00
40W000003219550U,SAATLİK MAHSUP_GES_MESKEN_AG_KADEME-2,unknown,2026-05-31 02:00:00+03:00,,0.0,chunk_0069.json,POST /v1/generation/data/dpp-bulk,2026-05-31 21:45:54.617221+00:00,3219550,SAATLİK MAHSUP_GES_MESKEN_AG_KADEME-2,10933,2026-05-31T02:00:00+03:00,02:00
40W000003219550U,SAATLİK MAHSUP_GES_MESKEN_AG_KADEME-2,unknown,2026-05-31 03:00:00+03:00,,0.0,chunk_0069.json,POST /v1/generation/data/dpp-bulk,2026-05-31 21:45:54.617221+00:00,3219550,SAATLİK MAHSUP_GES_MESKEN_AG_KADEME-2,10933,2026-05-31T03:00:00+03:00,03:00
40W000003219550U,SAATLİK MAHSUP_GES_MESKEN_AG_KADEME-2,unknown,2026-05-31 04:00:00+03:00,,0.0,chunk_0069.json,POST /v1/generation/data/dpp-bulk,2026-05-31 21:45:54.617221+00:00,3219550,SAATLİK MAHSUP_GES_MESKEN_AG_KADEME-2,10933,2026-05-31T04:00:00+03:00,04:00
40W000003219550U,SAATLİK MAHSUP_GES_MESKEN_AG_KADEME-2,unknown,2026-05-31 05:00:00+03:00,,0.0,chunk_0069.json,POST /v1/generation/data/dpp-bulk,2026-05-31 21:45:54.617221+00:00,3219550,SAATLİK MAHSUP_GES_MESKEN_AG_KADEME-2,10933,2026-05-31T05:00:00+03:00,05:00
40W000003219550U,SAATLİK MAHSUP_GES_MESKEN_AG_KADEME-2,unknown,2026-05-31 06:00:00+03:00,,0.0,chunk_0069.json,POST /v1/generation/data/dpp-bulk,2026-05-31 21:45:54.617221+00:00,3219550,SAATLİK MAHSUP_GES_MESKEN_AG_KADEME-2,10933,2026-05-31T06:00:00+03:00,06:00
40W000003219550U,SAATLİK MAHSUP_GES_MESKEN_AG_KADEME-2,unknown,2026-05-31 07:00:00+03:00,,0.01,chunk_0069.json,POST /v1/generation/data/dpp-bulk,2026-05-31 21:45:54.617221+00:00,3219550,SAATLİK MAHSUP_GES_MESKEN_AG_KADEME-2,10933,2026-05-31T07:00:00+03:00,07:00
40W000003219550U,SAATLİK MAHSUP_GES_MESKEN_AG_KADEME-2,unknown,2026-05-31 08:00:00+03:00,,0.02,chunk_0069.json,POST /v1/generation/data/dpp-bulk,2026-05-31 21:45:54.617221+00:00,3219550,SAATLİK MAHSUP_GES_MESKEN_AG_KADEME-2,10933,2026-05-31T08:00:00+03:00,08:00
40W000003219550U,SAATLİK MAHSUP_GES_MESKEN_AG_KADEME-2,unknown,2026-05-31 09:00:00+03:00,,0.03,chunk_0069.json,POST /v1/generation/data/dpp-bulk,2026-05-31 21:45:54.617221+00:00,3219550,SAATLİK MAHSUP_GES_MESKEN_AG_KADEME-2,10933,2026-05-31T09:00:00+03:00,09:00
40W000003219550U,SAATLİK MAHSUP_GES_MESKEN_AG_KADEME-2,unknown,2026-05-31 10:00:00+03:00,,0.03,chunk_0069.json,POST /v1/generation/data/dpp-bulk,2026-05-31 21:45:54.617221+00:00,3219550,SAATLİK MAHSUP_GES_MESKEN_AG_KADEME-2,10933,2026-05-31T10:00:00+03:00,10:00
40W000003219550U,SAATLİK MAHSUP_GES_MESKEN_AG_KADEME-2,unknown,2026-05-31 11:00:00+03:00,,0.03,chunk_0069.json,POST /v1/generation/data/dpp-bulk,2026-05-31 21:45:54.617221+00:00,3219550,SAATLİK MAHSUP_GES_MESKEN_AG_KADEME-2,10933,2026-05-31T11:00:00+03:00,11:00
40W000003219550U,SAATLİK MAHSUP_GES_MESKEN_AG_KADEME-2,unknown,2026-05-31 12:00:00+03:00,,0.03,chunk_0069.json,POST /v1/generation/data/dpp-bulk,2026-05-31 21:45:54.617221+00:00,3219550,SAATLİK MAHSUP_GES_MESKEN_AG_KADEME-2,10933,2026-05-31T12:00:00+03:00,12:00
40W000003219550U,SAATLİK MAHSUP_GES_MESKEN_AG_KADEME-2,unknown,2026-05-31 13:00:00+03:00,,0.03,chunk_0069.json,POST /v1/generation/data/dpp-bulk,2026-05-31 21:45:54.617221+00:00,3219550,SAATLİK MAHSUP_GES_MESKEN_AG_KADEME-2,10933,2026-05-31T13:00:00+03:00,13:00
40W000003219550U,SAATLİK MAHSUP_GES_MESKEN_AG_KADEME-2,unknown,2026-05-31 14:00:00+03:00,,0.03,chunk_0069.json,POST /v1/generation/data/dpp-bulk,2026-05-31 21:45:54.617221+00:00,3219550,SAATLİK MAHSUP_GES_MESKEN_AG_KADEME-2,10933,2026-05-31T14:00:00+03:00,14:00
40W000003219550U,SAATLİK MAHSUP_GES_MESKEN_AG_KADEME-2,unknown,2026-05-31 15:00:00+03:00,,0.02,chunk_0069.json,POST /v1/generation/data/dpp-bulk,2026-05-31 21:45:54.617221+00:00,3219550,SAATLİK MAHSUP_GES_MESKEN_AG_KADEME-2,10933,2026-05-31T15:00:00+03:00,15:00
40W000003219550U,SAATLİK MAHSUP_GES_MESKEN_AG_KADEME-2,unknown,2026-05-31 16:00:00+03:00,,0.02,chunk_0069.json,POST /v1/generation/data/dpp-bulk,2026-05-31 21:45:54.617221+00:00,3219550,SAATLİK MAHSUP_GES_MESKEN_AG_KADEME-2,10933,2026-05-31T16:00:00+03:00,16:00
40W000003219550U,SAATLİK MAHSUP_GES_MESKEN_AG_KADEME-2,unknown,2026-05-31 17:00:00+03:00,,0.01,chunk_0069.json,POST /v1/generation/data/dpp-bulk,2026-05-31 21:45:54.617221+00:00,3219550,SAATLİK MAHSUP_GES_MESKEN_AG_KADEME-2,10933,2026-05-31T17:00:00+03:00,17:00
40W000003219550U,SAATLİK MAHSUP_GES_MESKEN_AG_KADEME-2,unknown,2026-05-31 18:00:00+03:00,,0.0,chunk_0069.json,POST /v1/generation/data/dpp-bulk,2026-05-31 21:45:54.617221+00:00,3219550,SAATLİK MAHSUP_GES_MESKEN_AG_KADEME-2,10933,2026-05-31T18:00:00+03:00,18:00
40W000003219550U,SAATLİK MAHSUP_GES_MESKEN_AG_KADEME-2,unknown,2026-05-31 19:00:00+03:00,,0.0,chunk_0069.json,POST /v1/generation/data/dpp-bulk,2026-05-31 21:45:54.617221+00:00,3219550,SAATLİK MAHSUP_GES_MESKEN_AG_KADEME-2,10933,2026-05-31T19:00:00+03:00,19:00
40W000003219550U,SAATLİK MAHSUP_GES_MESKEN_AG_KADEME-2,unknown,2026-05-31 20:00:00+03:00,,0.0,chunk_0069.json,POST /v1/generation/data/dpp-bulk,2026-05-31 21:45:54.617221+00:00,3219550,SAATLİK MAHSUP_GES_MESKEN_AG_KADEME-2,10933,2026-05-31T20:00:00+03:00,20:00
40W000003219550U,SAATLİK MAHSUP_GES_MESKEN_AG_KADEME-2,unknown,2026-05-31 21:00:00+03:00,,0.0,chunk_0069.json,POST /v1/generation/data/dpp-bulk,2026-05-31 21:45:54.617221+00:00,3219550,SAATLİK MAHSUP_GES_MESKEN_AG_KADEME-2,10933,2026-05-31T21:00:00+03:00,21:00
40W000003219550U,SAATLİK MAHSUP_GES_MESKEN_AG_KADEME-2,unknown,2026-05-31 22:00:00+03:00,,0.0,chunk_0069.json,POST /v1/generation/data/dpp-bulk,2026-05-31 21:45:54.617221+00:00,3219550,SAATLİK MAHSUP_GES_MESKEN_AG_KADEME-2,10933,2026-05-31T22:00:00+03:00,22:00
40W000003219550U,SAATLİK MAHSUP_GES_MESKEN_AG_KADEME-2,unknown,2026-05-31 23:00:00+03:00,,0.0,chunk_0069.json,POST /v1/generation/data/dpp-bulk,2026-05-31 21:45:54.617221+00:00,3219550,SAATLİK MAHSUP_GES_MESKEN_AG_KADEME-2,10933,2026-05-31T23:00:00+03:00,23:00
40W000003219570O,SAATLİK MAHSUP_GES_MESKEN_AG_KADEME-2,unknown,2026-05-31 00:00:00+03:00,,0.0,chunk_0069.json,POST /v1/generation/data/dpp-bulk,2026-05-31 21:45:54.617221+00:00,3219570,SAATLİK MAHSUP_GES_MESKEN_AG_KADEME-2,10935,2026-05-31T00:00:00+03:00,00:00
40W000003219570O,SAATLİK MAHSUP_GES_MESKEN_AG_KADEME-2,unknown,2026-05-31 01:00:00+03:00,,0.0,chunk_0069.json,POST /v1/generation/data/dpp-bulk,2026-05-31 21:45:54.617221+00:00,3219570,SAATLİK MAHSUP_GES_MESKEN_AG_KADEME-2,10935,2026-05-31T01:00:00+03:00,01:00
40W000003219570O,SAATLİK MAHSUP_GES_MESKEN_AG_KADEME-2,unknown,2026-05-31 02:00:00+03:00,,0.0,chunk_0069.json,POST /v1/generation/data/dpp-bulk,2026-05-31 21:45:54.617221+00:00,3219570,SAATLİK MAHSUP_GES_MESKEN_AG_KADEME-2,10935,2026-05-31T02:00:00+03:00,02:00
40W000003219570O,SAATLİK MAHSUP_GES_MESKEN_AG_KADEME-2,unknown,2026-05-31 03:00:00+03:00,,0.0,chunk_0069.json,POST /v1/generation/data/dpp-bulk,2026-05-31 21:45:54.617221+00:00,3219570,SAATLİK MAHSUP_GES_MESKEN_AG_KADEME-2,10935,2026-05-31T03:00:00+03:00,03:00
40W000003219570O,SAATLİK MAHSUP_GES_MESKEN_AG_KADEME-2,unknown,2026-05-31 04:00:00+03:00,,0.0,chunk_0069.json,POST /v1/generation/data/dpp-bulk,2026-05-31 21:45:54.617221+00:00,3219570,SAATLİK MAHSUP_GES_MESKEN_AG_KADEME-2,10935,2026-05-31T04:00:00+03:00,04:00
40W000003219570O,SAATLİK MAHSUP_GES_MESKEN_AG_KADEME-2,unknown,2026-05-31 05:00:00+03:00,,0.0,chunk_0069.json,POST /v1/generation/data/dpp-bulk,2026-05-31 21:45:54.617221+00:00,3219570,SAATLİK MAHSUP_GES_MESKEN_AG_KADEME-2,10935,2026-05-31T05:00:00+03:00,05:00
40W000003219570O,SAATLİK MAHSUP_GES_MESKEN_AG_KADEME-2,unknown,2026-05-31 06:00:00+03:00,,0.0,chunk_0069.json,POST /v1/generation/data/dpp-bulk,2026-05-31 21:45:54.617221+00:00,3219570,SAATLİK MAHSUP_GES_MESKEN_AG_KADEME-2,10935,2026-05-31T06:00:00+03:00,06:00
40W000003219570O,SAATLİK MAHSUP_GES_MESKEN_AG_KADEME-2,unknown,2026-05-31 07:00:00+03:00,,0.0,chunk_0069.json,POST /v1/generation/data/dpp-bulk,2026-05-31 21:45:54.617221+00:00,3219570,SAATLİK MAHSUP_GES_MESKEN_AG_KADEME-2,10935,2026-05-31T07:00:00+03:00,07:00
40W000003219570O,SAATLİK MAHSUP_GES_MESKEN_AG_KADEME-2,unknown,2026-05-31 08:00:00+03:00,,0.0,chunk_0069.json,POST /v1/generation/data/dpp-bulk,2026-05-31 21:45:54.617221+00:00,3219570,SAATLİK MAHSUP_GES_MESKEN_AG_KADEME-2,10935,2026-05-31T08:00:00+03:00,08:00
40W000003219570O,SAATLİK MAHSUP_GES_MESKEN_AG_KADEME-2,unknown,2026-05-31 09:00:00+03:00,,0.01,chunk_0069.json,POST /v1/generation/data/dpp-bulk,2026-05-31 21:45:54.617221+00:00,3219570,SAATLİK MAHSUP_GES_MESKEN_AG_KADEME-2,10935,2026-05-31T09:00:00+03:00,09:00
40W000003219570O,SAATLİK MAHSUP_GES_MESKEN_AG_KADEME-2,unknown,2026-05-31 10:00:00+03:00,,0.01,chunk_0069.json,POST /v1/generation/data/dpp-bulk,2026-05-31 21:45:54.617221+00:00,3219570,SAATLİK MAHSUP_GES_MESKEN_AG_KADEME-2,10935,2026-05-31T10:00:00+03:00,10:00
40W000003219570O,SAATLİK MAHSUP_GES_MESKEN_AG_KADEME-2,unknown,2026-05-31 11:00:00+03:00,,0.01,chunk_0069.json,POST /v1/generation/data/dpp-bulk,2026-05-31 21:45:54.617221+00:00,3219570,SAATLİK MAHSUP_GES_MESKEN_AG_KADEME-2,10935,2026-05-31T11:00:00+03:00,11:00
40W000003219570O,SAATLİK MAHSUP_GES_MESKEN_AG_KADEME-2,unknown,2026-05-31 12:00:00+03:00,,0.01,chunk_0069.json,POST /v1/generation/data/dpp-bulk,2026-05-31 21:45:54.617221+00:00,3219570,SAATLİK MAHSUP_GES_MESKEN_AG_KADEME-2,10935,2026-05-31T12:00:00+03:00,12:00
40W000003219570O,SAATLİK MAHSUP_GES_MESKEN_AG_KADEME-2,unknown,2026-05-31 13:00:00+03:00,,0.01,chunk_0069.json,POST /v1/generation/data/dpp-bulk,2026-05-31 21:45:54.617221+00:00,3219570,SAATLİK MAHSUP_GES_MESKEN_AG_KADEME-2,10935,2026-05-31T13:00:00+03:00,13:00
40W000003219570O,SAATLİK MAHSUP_GES_MESKEN_AG_KADEME-2,unknown,2026-05-31 14:00:00+03:00,,0.01,chunk_0069.json,POST /v1/generation/data/dpp-bulk,2026-05-31 21:45:54.617221+00:00,3219570,SAATLİK MAHSUP_GES_MESKEN_AG_KADEME-2,10935,2026-05-31T14:00:00+03:00,14:00
40W000003219570O,SAATLİK MAHSUP_GES_MESKEN_AG_KADEME-2,unknown,2026-05-31 15:00:00+03:00,,0.01,chunk_0069.json,POST /v1/generation/data/dpp-bulk,2026-05-31 21:45:54.617221+00:00,3219570,SAATLİK MAHSUP_GES_MESKEN_AG_KADEME-2,10935,2026-05-31T15:00:00+03:00,15:00
40W000003219570O,SAATLİK MAHSUP_GES_MESKEN_AG_KADEME-2,unknown,2026-05-31 16:00:00+03:00,,0.01,chunk_0069.json,POST /v1/generation/data/dpp-bulk,2026-05-31 21:45:54.617221+00:00,3219570,SAATLİK MAHSUP_GES_MESKEN_AG_KADEME-2,10935,2026-05-31T16:00:00+03:00,16:00
40W000003219570O,SAATLİK MAHSUP_GES_MESKEN_AG_KADEME-2,unknown,2026-05-31 17:00:00+03:00,,0.0,chunk_0069.json,POST /v1/generation/data/dpp-bulk,2026-05-31 21:45:54.617221+00:00,3219570,SAATLİK MAHSUP_GES_MESKEN_AG_KADEME-2,10935,2026-05-31T17:00:00+03:00,17:00
40W000003219570O,SAATLİK MAHSUP_GES_MESKEN_AG_KADEME-2,unknown,2026-05-31 18:00:00+03:00,,0.0,chunk_0069.json,POST /v1/generation/data/dpp-bulk,2026-05-31 21:45:54.617221+00:00,3219570,SAATLİK MAHSUP_GES_MESKEN_AG_KADEME-2,10935,2026-05-31T18:00:00+03:00,18:00
40W000003219570O,SAATLİK MAHSUP_GES_MESKEN_AG_KADEME-2,unknown,2026-05-31 19:00:00+03:00,,0.0,chunk_0069.json,POST /v1/generation/data/dpp-bulk,2026-05-31 21:45:54.617221+00:00,3219570,SAATLİK MAHSUP_GES_MESKEN_AG_KADEME-2,10935,2026-05-31T19:00:00+03:00,19:00
40W000003219570O,SAATLİK MAHSUP_GES_MESKEN_AG_KADEME-2,unknown,2026-05-31 20:00:00+03:00,,0.0,chunk_0069.json,POST /v1/generation/data/dpp-bulk,2026-05-31 21:45:54.617221+00:00,3219570,SAATLİK MAHSUP_GES_MESKEN_AG_KADEME-2,10935,2026-05-31T20:00:00+03:00,20:00
40W000003219570O,SAATLİK MAHSUP_GES_MESKEN_AG_KADEME-2,unknown,2026-05-31 21:00:00+03:00,,0.0,chunk_0069.json,POST /v1/generation/data/dpp-bulk,2026-05-31 21:45:54.617221+00:00,3219570,SAATLİK MAHSUP_GES_MESKEN_AG_KADEME-2,10935,2026-05-31T21:00:00+03:00,21:00
40W000003219570O,SAATLİK MAHSUP_GES_MESKEN_AG_KADEME-2,unknown,2026-05-31 22:00:00+03:00,,0.0,chunk_0069.json,POST /v1/generation/data/dpp-bulk,2026-05-31 21:45:54.617221+00:00,3219570,SAATLİK MAHSUP_GES_MESKEN_AG_KADEME-2,10935,2026-05-31T22:00:00+03:00,22:00
40W000003219570O,SAATLİK MAHSUP_GES_MESKEN_AG_KADEME-2,unknown,2026-05-31 23:00:00+03:00,,0.0,chunk_0069.json,POST /v1/generation/data/dpp-bulk,2026-05-31 21:45:54.617221+00:00,3219570,SAATLİK MAHSUP_GES_MESKEN_AG_KADEME-2,10935,2026-05-31T23:00:00+03:00,23:00
40W000003219576C,SAATLİK MAHSUP_GES_MESKEN_AG_KADEME-2,unknown,2026-05-31 00:00:00+03:00,,0.0,chunk_0069.json,POST /v1/generation/data/dpp-bulk,2026-05-31 21:45:54.617221+00:00,3219576,SAATLİK MAHSUP_GES_MESKEN_AG_KADEME-2,10939,2026-05-31T00:00:00+03:00,00:00
40W000003219576C,SAATLİK MAHSUP_GES_MESKEN_AG_KADEME-2,unknown,2026-05-31 01:00:00+03:00,,0.0,chunk_0069.json,POST /v1/generation/data/dpp-bulk,2026-05-31 21:45:54.617221+00:00,3219576,SAATLİK MAHSUP_GES_MESKEN_AG_KADEME-2,10939,2026-05-31T01:00:00+03:00,01:00
40W000003219576C,SAATLİK MAHSUP_GES_MESKEN_AG_KADEME-2,unknown,2026-05-31 02:00:00+03:00,,0.0,chunk_0069.json,POST /v1/generation/data/dpp-bulk,2026-05-31 21:45:54.617221+00:00,3219576,SAATLİK MAHSUP_GES_MESKEN_AG_KADEME-2,10939,2026-05-31T02:00:00+03:00,02:00
40W000003219576C,SAATLİK MAHSUP_GES_MESKEN_AG_KADEME-2,unknown,2026-05-31 03:00:00+03:00,,0.0,chunk_0069.json,POST /v1/generation/data/dpp-bulk,2026-05-31 21:45:54.617221+00:00,3219576,SAATLİK MAHSUP_GES_MESKEN_AG_KADEME-2,10939,2026-05-31T03:00:00+03:00,03:00
40W000003219576C,SAATLİK MAHSUP_GES_MESKEN_AG_KADEME-2,unknown,2026-05-31 04:00:00+03:00,,0.0,chunk_0069.json,POST /v1/generation/data/dpp-bulk,2026-05-31 21:45:54.617221+00:00,3219576,SAATLİK MAHSUP_GES_MESKEN_AG_KADEME-2,10939,2026-05-31T04:00:00+03:00,04:00
40W000003219576C,SAATLİK MAHSUP_GES_MESKEN_AG_KADEME-2,unknown,2026-05-31 05:00:00+03:00,,0.0,chunk_0069.json,POST /v1/generation/data/dpp-bulk,2026-05-31 21:45:54.617221+00:00,3219576,SAATLİK MAHSUP_GES_MESKEN_AG_KADEME-2,10939,2026-05-31T05:00:00+03:00,05:00
40W000003219576C,SAATLİK MAHSUP_GES_MESKEN_AG_KADEME-2,unknown,2026-05-31 06:00:00+03:00,,0.0,chunk_0069.json,POST /v1/generation/data/dpp-bulk,2026-05-31 21:45:54.617221+00:00,3219576,SAATLİK MAHSUP_GES_MESKEN_AG_KADEME-2,10939,2026-05-31T06:00:00+03:00,06:00
40W000003219576C,SAATLİK MAHSUP_GES_MESKEN_AG_KADEME-2,unknown,2026-05-31 07:00:00+03:00,,0.0,chunk_0069.json,POST /v1/generation/data/dpp-bulk,2026-05-31 21:45:54.617221+00:00,3219576,SAATLİK MAHSUP_GES_MESKEN_AG_KADEME-2,10939,2026-05-31T07:00:00+03:00,07:00
40W000003219576C,SAATLİK MAHSUP_GES_MESKEN_AG_KADEME-2,unknown,2026-05-31 08:00:00+03:00,,0.0,chunk_0069.json,POST /v1/generation/data/dpp-bulk,2026-05-31 21:45:54.617221+00:00,3219576,SAATLİK MAHSUP_GES_MESKEN_AG_KADEME-2,10939,2026-05-31T08:00:00+03:00,08:00
40W000003219576C,SAATLİK MAHSUP_GES_MESKEN_AG_KADEME-2,unknown,2026-05-31 09:00:00+03:00,,0.0,chunk_0069.json,POST /v1/generation/data/dpp-bulk,2026-05-31 21:45:54.617221+00:00,3219576,SAATLİK MAHSUP_GES_MESKEN_AG_KADEME-2,10939,2026-05-31T09:00:00+03:00,09:00
40W000003219576C,SAATLİK MAHSUP_GES_MESKEN_AG_KADEME-2,unknown,2026-05-31 10:00:00+03:00,,0.0,chunk_0069.json,POST /v1/generation/data/dpp-bulk,2026-05-31 21:45:54.617221+00:00,3219576,SAATLİK MAHSUP_GES_MESKEN_AG_KADEME-2,10939,2026-05-31T10:00:00+03:00,10:00
40W000003219576C,SAATLİK MAHSUP_GES_MESKEN_AG_KADEME-2,unknown,2026-05-31 11:00:00+03:00,,0.0,chunk_0069.json,POST /v1/generation/data/dpp-bulk,2026-05-31 21:45:54.617221+00:00,3219576,SAATLİK MAHSUP_GES_MESKEN_AG_KADEME-2,10939,2026-05-31T11:00:00+03:00,11:00
40W000003219576C,SAATLİK MAHSUP_GES_MESKEN_AG_KADEME-2,unknown,2026-05-31 12:00:00+03:00,,0.0,chunk_0069.json,POST /v1/generation/data/dpp-bulk,2026-05-31 21:45:54.617221+00:00,3219576,SAATLİK MAHSUP_GES_MESKEN_AG_KADEME-2,10939,2026-05-31T12:00:00+03:00,12:00
40W000003219576C,SAATLİK MAHSUP_GES_MESKEN_AG_KADEME-2,unknown,2026-05-31 13:00:00+03:00,,0.0,chunk_0069.json,POST /v1/generation/data/dpp-bulk,2026-05-31 21:45:54.617221+00:00,3219576,SAATLİK MAHSUP_GES_MESKEN_AG_KADEME-2,10939,2026-05-31T13:00:00+03:00,13:00
40W000003219576C,SAATLİK MAHSUP_GES_MESKEN_AG_KADEME-2,unknown,2026-05-31 14:00:00+03:00,,0.0,chunk_0069.json,POST /v1/generation/data/dpp-bulk,2026-05-31 21:45:54.617221+00:00,3219576,SAATLİK MAHSUP_GES_MESKEN_AG_KADEME-2,10939,2026-05-31T14:00:00+03:00,14:00
40W000003219576C,SAATLİK MAHSUP_GES_MESKEN_AG_KADEME-2,unknown,2026-05-31 15:00:00+03:00,,0.0,chunk_0069.json,POST /v1/generation/data/dpp-bulk,2026-05-31 21:45:54.617221+00:00,3219576,SAATLİK MAHSUP_GES_MESKEN_AG_KADEME-2,10939,2026-05-31T15:00:00+03:00,15:00
40W000003219576C,SAATLİK MAHSUP_GES_MESKEN_AG_KADEME-2,unknown,2026-05-31 16:00:00+03:00,,0.0,chunk_0069.json,POST /v1/generation/data/dpp-bulk,2026-05-31 21:45:54.617221+00:00,3219576,SAATLİK MAHSUP_GES_MESKEN_AG_KADEME-2,10939,2026-05-31T16:00:00+03:00,16:00
40W000003219576C,SAATLİK MAHSUP_GES_MESKEN_AG_KADEME-2,unknown,2026-05-31 17:00:00+03:00,,0.0,chunk_0069.json,POST /v1/generation/data/dpp-bulk,2026-05-31 21:45:54.617221+00:00,3219576,SAATLİK MAHSUP_GES_MESKEN_AG_KADEME-2,10939,2026-05-31T17:00:00+03:00,17:00
40W000003219576C,SAATLİK MAHSUP_GES_MESKEN_AG_KADEME-2,unknown,2026-05-31 18:00:00+03:00,,0.0,chunk_0069.json,POST /v1/generation/data/dpp-bulk,2026-05-31 21:45:54.617221+00:00,3219576,SAATLİK MAHSUP_GES_MESKEN_AG_KADEME-2,10939,2026-05-31T18:00:00+03:00,18:00
40W000003219576C,SAATLİK MAHSUP_GES_MESKEN_AG_KADEME-2,unknown,2026-05-31 19:00:00+03:00,,0.0,chunk_0069.json,POST /v1/generation/data/dpp-bulk,2026-05-31 21:45:54.617221+00:00,3219576,SAATLİK MAHSUP_GES_MESKEN_AG_KADEME-2,10939,2026-05-31T19:00:00+03:00,19:00
40W000003219576C,SAATLİK MAHSUP_GES_MESKEN_AG_KADEME-2,unknown,2026-05-31 20:00:00+03:00,,0.0,chunk_0069.json,POST /v1/generation/data/dpp-bulk,2026-05-31 21:45:54.617221+00:00,3219576,SAATLİK MAHSUP_GES_MESKEN_AG_KADEME-2,10939,2026-05-31T20:00:00+03:00,20:00
40W000003219576C,SAATLİK MAHSUP_GES_MESKEN_AG_KADEME-2,unknown,2026-05-31 21:00:00+03:00,,0.0,chunk_0069.json,POST /v1/generation/data/dpp-bulk,2026-05-31 21:45:54.617221+00:00,3219576,SAATLİK MAHSUP_GES_MESKEN_AG_KADEME-2,10939,2026-05-31T21:00:00+03:00,21:00
40W000003219576C,SAATLİK MAHSUP_GES_MESKEN_AG_KADEME-2,unknown,2026-05-31 22:00:00+03:00,,0.0,chunk_0069.json,POST /v1/generation/data/dpp-bulk,2026-05-31 21:45:54.617221+00:00,3219576,SAATLİK MAHSUP_GES_MESKEN_AG_KADEME-2,10939,2026-05-31T22:00:00+03:00,22:00
40W000003219576C,SAATLİK MAHSUP_GES_MESKEN_AG_KADEME-2,unknown,2026-05-31 23:00:00+03:00,,0.0,chunk_0069.json,POST /v1/generation/data/dpp-bulk,2026-05-31 21:45:54.617221+00:00,3219576,SAATLİK MAHSUP_GES_MESKEN_AG_KADEME-2,10939,2026-05-31T23:00:00+03:00,23:00
40W0000032200725,SAATLİK MAHSUP_GES_TİC._AG__KADEME-2,unknown,2026-05-31 00:00:00+03:00,,0.0,chunk_0069.json,POST /v1/generation/data/dpp-bulk,2026-05-31 21:45:54.617221+00:00,3220072,SAATLİK MAHSUP_GES_TİC._AG__KADEME-2,10943,2026-05-31T00:00:00+03:00,00:00
40W0000032200725,SAATLİK MAHSUP_GES_TİC._AG__KADEME-2,unknown,2026-05-31 01:00:00+03:00,,0.0,chunk_0069.json,POST /v1/generation/data/dpp-bulk,2026-05-31 21:45:54.617221+00:00,3220072,SAATLİK MAHSUP_GES_TİC._AG__KADEME-2,10943,2026-05-31T01:00:00+03:00,01:00
40W0000032200725,SAATLİK MAHSUP_GES_TİC._AG__KADEME-2,unknown,2026-05-31 02:00:00+03:00,,0.0,chunk_0069.json,POST /v1/generation/data/dpp-bulk,2026-05-31 21:45:54.617221+00:00,3220072,SAATLİK MAHSUP_GES_TİC._AG__KADEME-2,10943,2026-05-31T02:00:00+03:00,02:00
40W0000032200725,SAATLİK MAHSUP_GES_TİC._AG__KADEME-2,unknown,2026-05-31 03:00:00+03:00,,0.0,chunk_0069.json,POST /v1/generation/data/dpp-bulk,2026-05-31 21:45:54.617221+00:00,3220072,SAATLİK MAHSUP_GES_TİC._AG__KADEME-2,10943,2026-05-31T03:00:00+03:00,03:00
40W0000032200725,SAATLİK MAHSUP_GES_TİC._AG__KADEME-2,unknown,2026-05-31 04:00:00+03:00,,0.0,chunk_0069.json,POST /v1/generation/data/dpp-bulk,2026-05-31 21:45:54.617221+00:00,3220072,SAATLİK MAHSUP_GES_TİC._AG__KADEME-2,10943,2026-05-31T04:00:00+03:00,04:00
40W0000032200725,SAATLİK MAHSUP_GES_TİC._AG__KADEME-2,unknown,2026-05-31 05:00:00+03:00,,0.0,chunk_0069.json,POST /v1/generation/data/dpp-bulk,2026-05-31 21:45:54.617221+00:00,3220072,SAATLİK MAHSUP_GES_TİC._AG__KADEME-2,10943,2026-05-31T05:00:00+03:00,05:00
40W0000032200725,SAATLİK MAHSUP_GES_TİC._AG__KADEME-2,unknown,2026-05-31 06:00:00+03:00,,0.0,chunk_0069.json,POST /v1/generation/data/dpp-bulk,2026-05-31 21:45:54.617221+00:00,3220072,SAATLİK MAHSUP_GES_TİC._AG__KADEME-2,10943,2026-05-31T06:00:00+03:00,06:00
40W0000032200725,SAATLİK MAHSUP_GES_TİC._AG__KADEME-2,unknown,2026-05-31 07:00:00+03:00,,0.0,chunk_0069.json,POST /v1/generation/data/dpp-bulk,2026-05-31 21:45:54.617221+00:00,3220072,SAATLİK MAHSUP_GES_TİC._AG__KADEME-2,10943,2026-05-31T07:00:00+03:00,07:00
40W0000032200725,SAATLİK MAHSUP_GES_TİC._AG__KADEME-2,unknown,2026-05-31 08:00:00+03:00,,0.0,chunk_0069.json,POST /v1/generation/data/dpp-bulk,2026-05-31 21:45:54.617221+00:00,3220072,SAATLİK MAHSUP_GES_TİC._AG__KADEME-2,10943,2026-05-31T08:00:00+03:00,08:00
40W0000032200725,SAATLİK MAHSUP_GES_TİC._AG__KADEME-2,unknown,2026-05-31 09:00:00+03:00,,0.0,chunk_0069.json,POST /v1/generation/data/dpp-bulk,2026-05-31 21:45:54.617221+00:00,3220072,SAATLİK MAHSUP_GES_TİC._AG__KADEME-2,10943,2026-05-31T09:00:00+03:00,09:00
40W0000032200725,SAATLİK MAHSUP_GES_TİC._AG__KADEME-2,unknown,2026-05-31 10:00:00+03:00,,0.0,chunk_0069.json,POST /v1/generation/data/dpp-bulk,2026-05-31 21:45:54.617221+00:00,3220072,SAATLİK MAHSUP_GES_TİC._AG__KADEME-2,10943,2026-05-31T10:00:00+03:00,10:00
40W0000032200725,SAATLİK MAHSUP_GES_TİC._AG__KADEME-2,unknown,2026-05-31 11:00:00+03:00,,0.0,chunk_0069.json,POST /v1/generation/data/dpp-bulk,2026-05-31 21:45:54.617221+00:00,3220072,SAATLİK MAHSUP_GES_TİC._AG__KADEME-2,10943,2026-05-31T11:00:00+03:00,11:00
40W0000032200725,SAATLİK MAHSUP_GES_TİC._AG__KADEME-2,unknown,2026-05-31 12:00:00+03:00,,0.0,chunk_0069.json,POST /v1/generation/data/dpp-bulk,2026-05-31 21:45:54.617221+00:00,3220072,SAATLİK MAHSUP_GES_TİC._AG__KADEME-2,10943,2026-05-31T12:00:00+03:00,12:00
40W0000032200725,SAATLİK MAHSUP_GES_TİC._AG__KADEME-2,unknown,2026-05-31 13:00:00+03:00,,0.0,chunk_0069.json,POST /v1/generation/data/dpp-bulk,2026-05-31 21:45:54.617221+00:00,3220072,SAATLİK MAHSUP_GES_TİC._AG__KADEME-2,10943,2026-05-31T13:00:00+03:00,13:00
40W0000032200725,SAATLİK MAHSUP_GES_TİC._AG__KADEME-2,unknown,2026-05-31 14:00:00+03:00,,0.0,chunk_0069.json,POST /v1/generation/data/dpp-bulk,2026-05-31 21:45:54.617221+00:00,3220072,SAATLİK MAHSUP_GES_TİC._AG__KADEME-2,10943,2026-05-31T14:00:00+03:00,14:00
40W0000032200725,SAATLİK MAHSUP_GES_TİC._AG__KADEME-2,unknown,2026-05-31 15:00:00+03:00,,0.0,chunk_0069.json,POST /v1/generation/data/dpp-bulk,2026-05-31 21:45:54.617221+00:00,3220072,SAATLİK MAHSUP_GES_TİC._AG__KADEME-2,10943,2026-05-31T15:00:00+03:00,15:00
40W0000032200725,SAATLİK MAHSUP_GES_TİC._AG__KADEME-2,unknown,2026-05-31 16:00:00+03:00,,0.0,chunk_0069.json,POST /v1/generation/data/dpp-bulk,2026-05-31 21:45:54.617221+00:00,3220072,SAATLİK MAHSUP_GES_TİC._AG__KADEME-2,10943,2026-05-31T16:00:00+03:00,16:00
40W0000032200725,SAATLİK MAHSUP_GES_TİC._AG__KADEME-2,unknown,2026-05-31 17:00:00+03:00,,0.0,chunk_0069.json,POST /v1/generation/data/dpp-bulk,2026-05-31 21:45:54.617221+00:00,3220072,SAATLİK MAHSUP_GES_TİC._AG__KADEME-2,10943,2026-05-31T17:00:00+03:00,17:00
40W0000032200725,SAATLİK MAHSUP_GES_TİC._AG__KADEME-2,unknown,2026-05-31 18:00:00+03:00,,0.0,chunk_0069.json,POST /v1/generation/data/dpp-bulk,2026-05-31 21:45:54.617221+00:00,3220072,SAATLİK MAHSUP_GES_TİC._AG__KADEME-2,10943,2026-05-31T18:00:00+03:00,18:00
40W0000032200725,SAATLİK MAHSUP_GES_TİC._AG__KADEME-2,unknown,2026-05-31 19:00:00+03:00,,0.0,chunk_0069.json,POST /v1/generation/data/dpp-bulk,2026-05-31 21:45:54.617221+00:00,3220072,SAATLİK MAHSUP_GES_TİC._AG__KADEME-2,10943,2026-05-31T19:00:00+03:00,19:00
40W0000032200725,SAATLİK MAHSUP_GES_TİC._AG__KADEME-2,unknown,2026-05-31 20:00:00+03:00,,0.0,chunk_0069.json,POST /v1/generation/data/dpp-bulk,2026-05-31 21:45:54.617221+00:00,3220072,SAATLİK MAHSUP_GES_TİC._AG__KADEME-2,10943,2026-05-31T20:00:00+03:00,20:00
40W0000032200725,SAATLİK MAHSUP_GES_TİC._AG__KADEME-2,unknown,2026-05-31 21:00:00+03:00,,0.0,chunk_0069.json,POST /v1/generation/data/dpp-bulk,2026-05-31 21:45:54.617221+00:00,3220072,SAATLİK MAHSUP_GES_TİC._AG__KADEME-2,10943,2026-05-31T21:00:00+03:00,21:00
40W0000032200725,SAATLİK MAHSUP_GES_TİC._AG__KADEME-2,unknown,2026-05-31 22:00:00+03:00,,0.0,chunk_0069.json,POST /v1/generation/data/dpp-bulk,2026-05-31 21:45:54.617221+00:00,3220072,SAATLİK MAHSUP_GES_TİC._AG__KADEME-2,10943,2026-05-31T22:00:00+03:00,22:00
40W0000032200725,SAATLİK MAHSUP_GES_TİC._AG__KADEME-2,unknown,2026-05-31 23:00:00+03:00,,0.0,chunk_0069.json,POST /v1/generation/data/dpp-bulk,2026-05-31 21:45:54.617221+00:00,3220072,SAATLİK MAHSUP_GES_TİC._AG__KADEME-2,10943,2026-05-31T23:00:00+03:00,23:00
40W000003219450Y,BASKENT_LUY_SAATLİK MAHSUP_GES_SAN._OG,unknown,2026-05-31 00:00:00+03:00,,0.0,chunk_0069.json,POST /v1/generation/data/dpp-bulk,2026-05-31 21:45:54.617221+00:00,3219450,BASKENT_LUY_SAATLİK MAHSUP_GES_SAN._OG,10944,2026-05-31T00:00:00+03:00,00:00
40W000003219450Y,BASKENT_LUY_SAATLİK MAHSUP_GES_SAN._OG,unknown,2026-05-31 01:00:00+03:00,,0.0,chunk_0069.json,POST /v1/generation/data/dpp-bulk,2026-05-31 21:45:54.617221+00:00,3219450,BASKENT_LUY_SAATLİK MAHSUP_GES_SAN._OG,10944,2026-05-31T01:00:00+03:00,01:00
40W000003219450Y,BASKENT_LUY_SAATLİK MAHSUP_GES_SAN._OG,unknown,2026-05-31 02:00:00+03:00,,0.0,chunk_0069.json,POST /v1/generation/data/dpp-bulk,2026-05-31 21:45:54.617221+00:00,3219450,BASKENT_LUY_SAATLİK MAHSUP_GES_SAN._OG,10944,2026-05-31T02:00:00+03:00,02:00
40W000003219450Y,BASKENT_LUY_SAATLİK MAHSUP_GES_SAN._OG,unknown,2026-05-31 03:00:00+03:00,,0.0,chunk_0069.json,POST /v1/generation/data/dpp-bulk,2026-05-31 21:45:54.617221+00:00,3219450,BASKENT_LUY_SAATLİK MAHSUP_GES_SAN._OG,10944,2026-05-31T03:00:00+03:00,03:00
40W000003219450Y,BASKENT_LUY_SAATLİK MAHSUP_GES_SAN._OG,unknown,2026-05-31 04:00:00+03:00,,0.0,chunk_0069.json,POST /v1/generation/data/dpp-bulk,2026-05-31 21:45:54.617221+00:00,3219450,BASKENT_LUY_SAATLİK MAHSUP_GES_SAN._OG,10944,2026-05-31T04:00:00+03:00,04:00
40W000003219450Y,BASKENT_LUY_SAATLİK MAHSUP_GES_SAN._OG,unknown,2026-05-31 05:00:00+03:00,,0.0,chunk_0069.json,POST /v1/generation/data/dpp-bulk,2026-05-31 21:45:54.617221+00:00,3219450,BASKENT_LUY_SAATLİK MAHSUP_GES_SAN._OG,10944,2026-05-31T05:00:00+03:00,05:00
40W000003219450Y,BASKENT_LUY_SAATLİK MAHSUP_GES_SAN._OG,unknown,2026-05-31 06:00:00+03:00,,0.03,chunk_0069.json,POST /v1/generation/data/dpp-bulk,2026-05-31 21:45:54.617221+00:00,3219450,BASKENT_LUY_SAATLİK MAHSUP_GES_SAN._OG,10944,2026-05-31T06:00:00+03:00,06:00
40W000003219450Y,BASKENT_LUY_SAATLİK MAHSUP_GES_SAN._OG,unknown,2026-05-31 07:00:00+03:00,,0.09,chunk_0069.json,POST /v1/generation/data/dpp-bulk,2026-05-31 21:45:54.617221+00:00,3219450,BASKENT_LUY_SAATLİK MAHSUP_GES_SAN._OG,10944,2026-05-31T07:00:00+03:00,07:00
40W000003219450Y,BASKENT_LUY_SAATLİK MAHSUP_GES_SAN._OG,unknown,2026-05-31 08:00:00+03:00,,0.16,chunk_0069.json,POST /v1/generation/data/dpp-bulk,2026-05-31 21:45:54.617221+00:00,3219450,BASKENT_LUY_SAATLİK MAHSUP_GES_SAN._OG,10944,2026-05-31T08:00:00+03:00,08:00
40W000003219450Y,BASKENT_LUY_SAATLİK MAHSUP_GES_SAN._OG,unknown,2026-05-31 09:00:00+03:00,,0.22,chunk_0069.json,POST /v1/generation/data/dpp-bulk,2026-05-31 21:45:54.617221+00:00,3219450,BASKENT_LUY_SAATLİK MAHSUP_GES_SAN._OG,10944,2026-05-31T09:00:00+03:00,09:00
40W000003219450Y,BASKENT_LUY_SAATLİK MAHSUP_GES_SAN._OG,unknown,2026-05-31 10:00:00+03:00,,0.26,chunk_0069.json,POST /v1/generation/data/dpp-bulk,2026-05-31 21:45:54.617221+00:00,3219450,BASKENT_LUY_SAATLİK MAHSUP_GES_SAN._OG,10944,2026-05-31T10:00:00+03:00,10:00
40W000003219450Y,BASKENT_LUY_SAATLİK MAHSUP_GES_SAN._OG,unknown,2026-05-31 11:00:00+03:00,,0.28,chunk_0069.json,POST /v1/generation/data/dpp-bulk,2026-05-31 21:45:54.617221+00:00,3219450,BASKENT_LUY_SAATLİK MAHSUP_GES_SAN._OG,10944,2026-05-31T11:00:00+03:00,11:00
40W000003219450Y,BASKENT_LUY_SAATLİK MAHSUP_GES_SAN._OG,unknown,2026-05-31 12:00:00+03:00,,0.28,chunk_0069.json,POST /v1/generation/data/dpp-bulk,2026-05-31 21:45:54.617221+00:00,3219450,BASKENT_LUY_SAATLİK MAHSUP_GES_SAN._OG,10944,2026-05-31T12:00:00+03:00,12:00
40W000003219450Y,BASKENT_LUY_SAATLİK MAHSUP_GES_SAN._OG,unknown,2026-05-31 13:00:00+03:00,,0.26,chunk_0069.json,POST /v1/generation/data/dpp-bulk,2026-05-31 21:45:54.617221+00:00,3219450,BASKENT_LUY_SAATLİK MAHSUP_GES_SAN._OG,10944,2026-05-31T13:00:00+03:00,13:00
40W000003219450Y,BASKENT_LUY_SAATLİK MAHSUP_GES_SAN._OG,unknown,2026-05-31 14:00:00+03:00,,0.23,chunk_0069.json,POST /v1/generation/data/dpp-bulk,2026-05-31 21:45:54.617221+00:00,3219450,BASKENT_LUY_SAATLİK MAHSUP_GES_SAN._OG,10944,2026-05-31T14:00:00+03:00,14:00
40W000003219450Y,BASKENT_LUY_SAATLİK MAHSUP_GES_SAN._OG,unknown,2026-05-31 15:00:00+03:00,,0.19,chunk_0069.json,POST /v1/generation/data/dpp-bulk,2026-05-31 21:45:54.617221+00:00,3219450,BASKENT_LUY_SAATLİK MAHSUP_GES_SAN._OG,10944,2026-05-31T15:00:00+03:00,15:00
40W000003219450Y,BASKENT_LUY_SAATLİK MAHSUP_GES_SAN._OG,unknown,2026-05-31 16:00:00+03:00,,0.14,chunk_0069.json,POST /v1/generation/data/dpp-bulk,2026-05-31 21:45:54.617221+00:00,3219450,BASKENT_LUY_SAATLİK MAHSUP_GES_SAN._OG,10944,2026-05-31T16:00:00+03:00,16:00
40W000003219450Y,BASKENT_LUY_SAATLİK MAHSUP_GES_SAN._OG,unknown,2026-05-31 17:00:00+03:00,,0.09,chunk_0069.json,POST /v1/generation/data/dpp-bulk,2026-05-31 21:45:54.617221+00:00,3219450,BASKENT_LUY_SAATLİK MAHSUP_GES_SAN._OG,10944,2026-05-31T17:00:00+03:00,17:00
40W000003219450Y,BASKENT_LUY_SAATLİK MAHSUP_GES_SAN._OG,unknown,2026-05-31 18:00:00+03:00,,0.04,chunk_0069.json,POST /v1/generation/data/dpp-bulk,2026-05-31 21:45:54.617221+00:00,3219450,BASKENT_LUY_SAATLİK MAHSUP_GES_SAN._OG,10944,2026-05-31T18:00:00+03:00,18:00
40W000003219450Y,BASKENT_LUY_SAATLİK MAHSUP_GES_SAN._OG,unknown,2026-05-31 19:00:00+03:00,,0.0,chunk_0069.json,POST /v1/generation/data/dpp-bulk,2026-05-31 21:45:54.617221+00:00,3219450,BASKENT_LUY_SAATLİK MAHSUP_GES_SAN._OG,10944,2026-05-31T19:00:00+03:00,19:00
40W000003219450Y,BASKENT_LUY_SAATLİK MAHSUP_GES_SAN._OG,unknown,2026-05-31 20:00:00+03:00,,0.0,chunk_0069.json,POST /v1/generation/data/dpp-bulk,2026-05-31 21:45:54.617221+00:00,3219450,BASKENT_LUY_SAATLİK MAHSUP_GES_SAN._OG,10944,2026-05-31T20:00:00+03:00,20:00
40W000003219450Y,BASKENT_LUY_SAATLİK MAHSUP_GES_SAN._OG,unknown,2026-05-31 21:00:00+03:00,,0.0,chunk_0069.json,POST /v1/generation/data/dpp-bulk,2026-05-31 21:45:54.617221+00:00,3219450,BASKENT_LUY_SAATLİK MAHSUP_GES_SAN._OG,10944,2026-05-31T21:00:00+03:00,21:00
40W000003219450Y,BASKENT_LUY_SAATLİK MAHSUP_GES_SAN._OG,unknown,2026-05-31 22:00:00+03:00,,0.0,chunk_0069.json,POST /v1/generation/data/dpp-bulk,2026-05-31 21:45:54.617221+00:00,3219450,BASKENT_LUY_SAATLİK MAHSUP_GES_SAN._OG,10944,2026-05-31T22:00:00+03:00,22:00
40W000003219450Y,BASKENT_LUY_SAATLİK MAHSUP_GES_SAN._OG,unknown,2026-05-31 23:00:00+03:00,,0.0,chunk_0069.json,POST /v1/generation/data/dpp-bulk,2026-05-31 21:45:54.617221+00:00,3219450,BASKENT_LUY_SAATLİK MAHSUP_GES_SAN._OG,10944,2026-05-31T23:00:00+03:00,23:00
40W000003219564J,SAATLİK MAHSUP_GES_MESKEN_AG_KADEME-2,unknown,2026-05-31 00:00:00+03:00,,0.0,chunk_0069.json,POST /v1/generation/data/dpp-bulk,2026-05-31 21:45:54.617221+00:00,3219564,SAATLİK MAHSUP_GES_MESKEN_AG_KADEME-2,10945,2026-05-31T00:00:00+03:00,00:00
40W000003219564J,SAATLİK MAHSUP_GES_MESKEN_AG_KADEME-2,unknown,2026-05-31 01:00:00+03:00,,0.0,chunk_0069.json,POST /v1/generation/data/dpp-bulk,2026-05-31 21:45:54.617221+00:00,3219564,SAATLİK MAHSUP_GES_MESKEN_AG_KADEME-2,10945,2026-05-31T01:00:00+03:00,01:00
40W000003219564J,SAATLİK MAHSUP_GES_MESKEN_AG_KADEME-2,unknown,2026-05-31 02:00:00+03:00,,0.0,chunk_0069.json,POST /v1/generation/data/dpp-bulk,2026-05-31 21:45:54.617221+00:00,3219564,SAATLİK MAHSUP_GES_MESKEN_AG_KADEME-2,10945,2026-05-31T02:00:00+03:00,02:00
40W000003219564J,SAATLİK MAHSUP_GES_MESKEN_AG_KADEME-2,unknown,2026-05-31 03:00:00+03:00,,0.0,chunk_0069.json,POST /v1/generation/data/dpp-bulk,2026-05-31 21:45:54.617221+00:00,3219564,SAATLİK MAHSUP_GES_MESKEN_AG_KADEME-2,10945,2026-05-31T03:00:00+03:00,03:00
40W000003219564J,SAATLİK MAHSUP_GES_MESKEN_AG_KADEME-2,unknown,2026-05-31 04:00:00+03:00,,0.0,chunk_0069.json,POST /v1/generation/data/dpp-bulk,2026-05-31 21:45:54.617221+00:00,3219564,SAATLİK MAHSUP_GES_MESKEN_AG_KADEME-2,10945,2026-05-31T04:00:00+03:00,04:00
40W000003219564J,SAATLİK MAHSUP_GES_MESKEN_AG_KADEME-2,unknown,2026-05-31 05:00:00+03:00,,0.0,chunk_0069.json,POST /v1/generation/data/dpp-bulk,2026-05-31 21:45:54.617221+00:00,3219564,SAATLİK MAHSUP_GES_MESKEN_AG_KADEME-2,10945,2026-05-31T05:00:00+03:00,05:00
40W000003219564J,SAATLİK MAHSUP_GES_MESKEN_AG_KADEME-2,unknown,2026-05-31 06:00:00+03:00,,0.0,chunk_0069.json,POST /v1/generation/data/dpp-bulk,2026-05-31 21:45:54.617221+00:00,3219564,SAATLİK MAHSUP_GES_MESKEN_AG_KADEME-2,10945,2026-05-31T06:00:00+03:00,06:00
40W000003219564J,SAATLİK MAHSUP_GES_MESKEN_AG_KADEME-2,unknown,2026-05-31 07:00:00+03:00,,0.0,chunk_0069.json,POST /v1/generation/data/dpp-bulk,2026-05-31 21:45:54.617221+00:00,3219564,SAATLİK MAHSUP_GES_MESKEN_AG_KADEME-2,10945,2026-05-31T07:00:00+03:00,07:00
40W000003219564J,SAATLİK MAHSUP_GES_MESKEN_AG_KADEME-2,unknown,2026-05-31 08:00:00+03:00,,0.01,chunk_0069.json,POST /v1/generation/data/dpp-bulk,2026-05-31 21:45:54.617221+00:00,3219564,SAATLİK MAHSUP_GES_MESKEN_AG_KADEME-2,10945,2026-05-31T08:00:00+03:00,08:00
40W000003219564J,SAATLİK MAHSUP_GES_MESKEN_AG_KADEME-2,unknown,2026-05-31 09:00:00+03:00,,0.01,chunk_0069.json,POST /v1/generation/data/dpp-bulk,2026-05-31 21:45:54.617221+00:00,3219564,SAATLİK MAHSUP_GES_MESKEN_AG_KADEME-2,10945,2026-05-31T09:00:00+03:00,09:00
40W000003219564J,SAATLİK MAHSUP_GES_MESKEN_AG_KADEME-2,unknown,2026-05-31 10:00:00+03:00,,0.02,chunk_0069.json,POST /v1/generation/data/dpp-bulk,2026-05-31 21:45:54.617221+00:00,3219564,SAATLİK MAHSUP_GES_MESKEN_AG_KADEME-2,10945,2026-05-31T10:00:00+03:00,10:00
40W000003219564J,SAATLİK MAHSUP_GES_MESKEN_AG_KADEME-2,unknown,2026-05-31 11:00:00+03:00,,0.02,chunk_0069.json,POST /v1/generation/data/dpp-bulk,2026-05-31 21:45:54.617221+00:00,3219564,SAATLİK MAHSUP_GES_MESKEN_AG_KADEME-2,10945,2026-05-31T11:00:00+03:00,11:00
40W000003219564J,SAATLİK MAHSUP_GES_MESKEN_AG_KADEME-2,unknown,2026-05-31 12:00:00+03:00,,0.02,chunk_0069.json,POST /v1/generation/data/dpp-bulk,2026-05-31 21:45:54.617221+00:00,3219564,SAATLİK MAHSUP_GES_MESKEN_AG_KADEME-2,10945,2026-05-31T12:00:00+03:00,12:00
40W000003219564J,SAATLİK MAHSUP_GES_MESKEN_AG_KADEME-2,unknown,2026-05-31 13:00:00+03:00,,0.02,chunk_0069.json,POST /v1/generation/data/dpp-bulk,2026-05-31 21:45:54.617221+00:00,3219564,SAATLİK MAHSUP_GES_MESKEN_AG_KADEME-2,10945,2026-05-31T13:00:00+03:00,13:00
40W000003219564J,SAATLİK MAHSUP_GES_MESKEN_AG_KADEME-2,unknown,2026-05-31 14:00:00+03:00,,0.01,chunk_0069.json,POST /v1/generation/data/dpp-bulk,2026-05-31 21:45:54.617221+00:00,3219564,SAATLİK MAHSUP_GES_MESKEN_AG_KADEME-2,10945,2026-05-31T14:00:00+03:00,14:00
40W000003219564J,SAATLİK MAHSUP_GES_MESKEN_AG_KADEME-2,unknown,2026-05-31 15:00:00+03:00,,0.01,chunk_0069.json,POST /v1/generation/data/dpp-bulk,2026-05-31 21:45:54.617221+00:00,3219564,SAATLİK MAHSUP_GES_MESKEN_AG_KADEME-2,10945,2026-05-31T15:00:00+03:00,15:00
40W000003219564J,SAATLİK MAHSUP_GES_MESKEN_AG_KADEME-2,unknown,2026-05-31 16:00:00+03:00,,0.01,chunk_0069.json,POST /v1/generation/data/dpp-bulk,2026-05-31 21:45:54.617221+00:00,3219564,SAATLİK MAHSUP_GES_MESKEN_AG_KADEME-2,10945,2026-05-31T16:00:00+03:00,16:00
40W000003219564J,SAATLİK MAHSUP_GES_MESKEN_AG_KADEME-2,unknown,2026-05-31 17:00:00+03:00,,0.0,chunk_0069.json,POST /v1/generation/data/dpp-bulk,2026-05-31 21:45:54.617221+00:00,3219564,SAATLİK MAHSUP_GES_MESKEN_AG_KADEME-2,10945,2026-05-31T17:00:00+03:00,17:00
40W000003219564J,SAATLİK MAHSUP_GES_MESKEN_AG_KADEME-2,unknown,2026-05-31 18:00:00+03:00,,0.0,chunk_0069.json,POST /v1/generation/data/dpp-bulk,2026-05-31 21:45:54.617221+00:00,3219564,SAATLİK MAHSUP_GES_MESKEN_AG_KADEME-2,10945,2026-05-31T18:00:00+03:00,18:00
40W000003219564J,SAATLİK MAHSUP_GES_MESKEN_AG_KADEME-2,unknown,2026-05-31 19:00:00+03:00,,0.0,chunk_0069.json,POST /v1/generation/data/dpp-bulk,2026-05-31 21:45:54.617221+00:00,3219564,SAATLİK MAHSUP_GES_MESKEN_AG_KADEME-2,10945,2026-05-31T19:00:00+03:00,19:00
40W000003219564J,SAATLİK MAHSUP_GES_MESKEN_AG_KADEME-2,unknown,2026-05-31 20:00:00+03:00,,0.0,chunk_0069.json,POST /v1/generation/data/dpp-bulk,2026-05-31 21:45:54.617221+00:00,3219564,SAATLİK MAHSUP_GES_MESKEN_AG_KADEME-2,10945,2026-05-31T20:00:00+03:00,20:00
40W000003219564J,SAATLİK MAHSUP_GES_MESKEN_AG_KADEME-2,unknown,2026-05-31 21:00:00+03:00,,0.0,chunk_0069.json,POST /v1/generation/data/dpp-bulk,2026-05-31 21:45:54.617221+00:00,3219564,SAATLİK MAHSUP_GES_MESKEN_AG_KADEME-2,10945,2026-05-31T21:00:00+03:00,21:00
40W000003219564J,SAATLİK MAHSUP_GES_MESKEN_AG_KADEME-2,unknown,2026-05-31 22:00:00+03:00,,0.0,chunk_0069.json,POST /v1/generation/data/dpp-bulk,2026-05-31 21:45:54.617221+00:00,3219564,SAATLİK MAHSUP_GES_MESKEN_AG_KADEME-2,10945,2026-05-31T22:00:00+03:00,22:00
40W000003219564J,SAATLİK MAHSUP_GES_MESKEN_AG_KADEME-2,unknown,2026-05-31 23:00:00+03:00,,0.0,chunk_0069.json,POST /v1/generation/data/dpp-bulk,2026-05-31 21:45:54.617221+00:00,3219564,SAATLİK MAHSUP_GES_MESKEN_AG_KADEME-2,10945,2026-05-31T23:00:00+03:00,23:00
40W000003219670K,ÇIRAĞAN SARAYI KOJENERASYON TESİSİ,unknown,2026-05-31 00:00:00+03:00,,0.0,chunk_0069.json,POST /v1/generation/data/dpp-bulk,2026-05-31 21:45:54.617221+00:00,3219670,ÇIRAĞAN SARAYI KOJENERASYON TESİSİ,18479,2026-05-31T00:00:00+03:00,00:00
40W000003219670K,ÇIRAĞAN SARAYI KOJENERASYON TESİSİ,unknown,2026-05-31 01:00:00+03:00,,0.0,chunk_0069.json,POST /v1/generation/data/dpp-bulk,2026-05-31 21:45:54.617221+00:00,3219670,ÇIRAĞAN SARAYI KOJENERASYON TESİSİ,18479,2026-05-31T01:00:00+03:00,01:00
40W000003219670K,ÇIRAĞAN SARAYI KOJENERASYON TESİSİ,unknown,2026-05-31 02:00:00+03:00,,0.0,chunk_0069.json,POST /v1/generation/data/dpp-bulk,2026-05-31 21:45:54.617221+00:00,3219670,ÇIRAĞAN SARAYI KOJENERASYON TESİSİ,18479,2026-05-31T02:00:00+03:00,02:00
40W000003219670K,ÇIRAĞAN SARAYI KOJENERASYON TESİSİ,unknown,2026-05-31 03:00:00+03:00,,0.0,chunk_0069.json,POST /v1/generation/data/dpp-bulk,2026-05-31 21:45:54.617221+00:00,3219670,ÇIRAĞAN SARAYI KOJENERASYON TESİSİ,18479,2026-05-31T03:00:00+03:00,03:00
40W000003219670K,ÇIRAĞAN SARAYI KOJENERASYON TESİSİ,unknown,2026-05-31 04:00:00+03:00,,0.0,chunk_0069.json,POST /v1/generation/data/dpp-bulk,2026-05-31 21:45:54.617221+00:00,3219670,ÇIRAĞAN SARAYI KOJENERASYON TESİSİ,18479,2026-05-31T04:00:00+03:00,04:00
40W000003219670K,ÇIRAĞAN SARAYI KOJENERASYON TESİSİ,unknown,2026-05-31 05:00:00+03:00,,0.0,chunk_0069.json,POST /v1/generation/data/dpp-bulk,2026-05-31 21:45:54.617221+00:00,3219670,ÇIRAĞAN SARAYI KOJENERASYON TESİSİ,18479,2026-05-31T05:00:00+03:00,05:00
40W000003219670K,ÇIRAĞAN SARAYI KOJENERASYON TESİSİ,unknown,2026-05-31 06:00:00+03:00,,0.0,chunk_0069.json,POST /v1/generation/data/dpp-bulk,2026-05-31 21:45:54.617221+00:00,3219670,ÇIRAĞAN SARAYI KOJENERASYON TESİSİ,18479,2026-05-31T06:00:00+03:00,06:00
40W000003219670K,ÇIRAĞAN SARAYI KOJENERASYON TESİSİ,unknown,2026-05-31 07:00:00+03:00,,0.0,chunk_0069.json,POST /v1/generation/data/dpp-bulk,2026-05-31 21:45:54.617221+00:00,3219670,ÇIRAĞAN SARAYI KOJENERASYON TESİSİ,18479,2026-05-31T07:00:00+03:00,07:00
40W000003219670K,ÇIRAĞAN SARAYI KOJENERASYON TESİSİ,unknown,2026-05-31 08:00:00+03:00,,0.0,chunk_0069.json,POST /v1/generation/data/dpp-bulk,2026-05-31 21:45:54.617221+00:00,3219670,ÇIRAĞAN SARAYI KOJENERASYON TESİSİ,18479,2026-05-31T08:00:00+03:00,08:00
40W000003219670K,ÇIRAĞAN SARAYI KOJENERASYON TESİSİ,unknown,2026-05-31 09:00:00+03:00,,0.0,chunk_0069.json,POST /v1/generation/data/dpp-bulk,2026-05-31 21:45:54.617221+00:00,3219670,ÇIRAĞAN SARAYI KOJENERASYON TESİSİ,18479,2026-05-31T09:00:00+03:00,09:00
40W000003219670K,ÇIRAĞAN SARAYI KOJENERASYON TESİSİ,unknown,2026-05-31 10:00:00+03:00,,0.0,chunk_0069.json,POST /v1/generation/data/dpp-bulk,2026-05-31 21:45:54.617221+00:00,3219670,ÇIRAĞAN SARAYI KOJENERASYON TESİSİ,18479,2026-05-31T10:00:00+03:00,10:00
40W000003219670K,ÇIRAĞAN SARAYI KOJENERASYON TESİSİ,unknown,2026-05-31 11:00:00+03:00,,0.0,chunk_0069.json,POST /v1/generation/data/dpp-bulk,2026-05-31 21:45:54.617221+00:00,3219670,ÇIRAĞAN SARAYI KOJENERASYON TESİSİ,18479,2026-05-31T11:00:00+03:00,11:00
40W000003219670K,ÇIRAĞAN SARAYI KOJENERASYON TESİSİ,unknown,2026-05-31 12:00:00+03:00,,0.0,chunk_0069.json,POST /v1/generation/data/dpp-bulk,2026-05-31 21:45:54.617221+00:00,3219670,ÇIRAĞAN SARAYI KOJENERASYON TESİSİ,18479,2026-05-31T12:00:00+03:00,12:00
40W000003219670K,ÇIRAĞAN SARAYI KOJENERASYON TESİSİ,unknown,2026-05-31 13:00:00+03:00,,0.0,chunk_0069.json,POST /v1/generation/data/dpp-bulk,2026-05-31 21:45:54.617221+00:00,3219670,ÇIRAĞAN SARAYI KOJENERASYON TESİSİ,18479,2026-05-31T13:00:00+03:00,13:00
40W000003219670K,ÇIRAĞAN SARAYI KOJENERASYON TESİSİ,unknown,2026-05-31 14:00:00+03:00,,0.0,chunk_0069.json,POST /v1/generation/data/dpp-bulk,2026-05-31 21:45:54.617221+00:00,3219670,ÇIRAĞAN SARAYI KOJENERASYON TESİSİ,18479,2026-05-31T14:00:00+03:00,14:00
40W000003219670K,ÇIRAĞAN SARAYI KOJENERASYON TESİSİ,unknown,2026-05-31 15:00:00+03:00,,0.0,chunk_0069.json,POST /v1/generation/data/dpp-bulk,2026-05-31 21:45:54.617221+00:00,3219670,ÇIRAĞAN SARAYI KOJENERASYON TESİSİ,18479,2026-05-31T15:00:00+03:00,15:00
40W000003219670K,ÇIRAĞAN SARAYI KOJENERASYON TESİSİ,unknown,2026-05-31 16:00:00+03:00,,0.0,chunk_0069.json,POST /v1/generation/data/dpp-bulk,2026-05-31 21:45:54.617221+00:00,3219670,ÇIRAĞAN SARAYI KOJENERASYON TESİSİ,18479,2026-05-31T16:00:00+03:00,16:00
40W000003219670K,ÇIRAĞAN SARAYI KOJENERASYON TESİSİ,unknown,2026-05-31 17:00:00+03:00,,0.0,chunk_0069.json,POST /v1/generation/data/dpp-bulk,2026-05-31 21:45:54.617221+00:00,3219670,ÇIRAĞAN SARAYI KOJENERASYON TESİSİ,18479,2026-05-31T17:00:00+03:00,17:00
40W000003219670K,ÇIRAĞAN SARAYI KOJENERASYON TESİSİ,unknown,2026-05-31 18:00:00+03:00,,0.0,chunk_0069.json,POST /v1/generation/data/dpp-bulk,2026-05-31 21:45:54.617221+00:00,3219670,ÇIRAĞAN SARAYI KOJENERASYON TESİSİ,18479,2026-05-31T18:00:00+03:00,18:00
40W000003219670K,ÇIRAĞAN SARAYI KOJENERASYON TESİSİ,unknown,2026-05-31 19:00:00+03:00,,0.0,chunk_0069.json,POST /v1/generation/data/dpp-bulk,2026-05-31 21:45:54.617221+00:00,3219670,ÇIRAĞAN SARAYI KOJENERASYON TESİSİ,18479,2026-05-31T19:00:00+03:00,19:00
40W000003219670K,ÇIRAĞAN SARAYI KOJENERASYON TESİSİ,unknown,2026-05-31 20:00:00+03:00,,0.0,chunk_0069.json,POST /v1/generation/data/dpp-bulk,2026-05-31 21:45:54.617221+00:00,3219670,ÇIRAĞAN SARAYI KOJENERASYON TESİSİ,18479,2026-05-31T20:00:00+03:00,20:00
40W000003219670K,ÇIRAĞAN SARAYI KOJENERASYON TESİSİ,unknown,2026-05-31 21:00:00+03:00,,0.0,chunk_0069.json,POST /v1/generation/data/dpp-bulk,2026-05-31 21:45:54.617221+00:00,3219670,ÇIRAĞAN SARAYI KOJENERASYON TESİSİ,18479,2026-05-31T21:00:00+03:00,21:00
40W000003219670K,ÇIRAĞAN SARAYI KOJENERASYON TESİSİ,unknown,2026-05-31 22:00:00+03:00,,0.0,chunk_0069.json,POST /v1/generation/data/dpp-bulk,2026-05-31 21:45:54.617221+00:00,3219670,ÇIRAĞAN SARAYI KOJENERASYON TESİSİ,18479,2026-05-31T22:00:00+03:00,22:00
40W000003219670K,ÇIRAĞAN SARAYI KOJENERASYON TESİSİ,unknown,2026-05-31 23:00:00+03:00,,0.0,chunk_0069.json,POST /v1/generation/data/dpp-bulk,2026-05-31 21:45:54.617221+00:00,3219670,ÇIRAĞAN SARAYI KOJENERASYON TESİSİ,18479,2026-05-31T23:00:00+03:00,23:00
40W000003219930K,ELAZIĞ HİBRİT BES/GES,unknown,2026-05-31 00:00:00+03:00,,0.0,chunk_0069.json,POST /v1/generation/data/dpp-bulk,2026-05-31 21:45:54.617221+00:00,3219930,ELAZIĞ HİBRİT BES/GES,18559,2026-05-31T00:00:00+03:00,00:00
40W000003219930K,ELAZIĞ HİBRİT BES/GES,unknown,2026-05-31 01:00:00+03:00,,0.0,chunk_0069.json,POST /v1/generation/data/dpp-bulk,2026-05-31 21:45:54.617221+00:00,3219930,ELAZIĞ HİBRİT BES/GES,18559,2026-05-31T01:00:00+03:00,01:00
40W000003219930K,ELAZIĞ HİBRİT BES/GES,unknown,2026-05-31 02:00:00+03:00,,0.0,chunk_0069.json,POST /v1/generation/data/dpp-bulk,2026-05-31 21:45:54.617221+00:00,3219930,ELAZIĞ HİBRİT BES/GES,18559,2026-05-31T02:00:00+03:00,02:00
40W000003219930K,ELAZIĞ HİBRİT BES/GES,unknown,2026-05-31 03:00:00+03:00,,0.0,chunk_0069.json,POST /v1/generation/data/dpp-bulk,2026-05-31 21:45:54.617221+00:00,3219930,ELAZIĞ HİBRİT BES/GES,18559,2026-05-31T03:00:00+03:00,03:00
40W000003219930K,ELAZIĞ HİBRİT BES/GES,unknown,2026-05-31 04:00:00+03:00,,0.0,chunk_0069.json,POST /v1/generation/data/dpp-bulk,2026-05-31 21:45:54.617221+00:00,3219930,ELAZIĞ HİBRİT BES/GES,18559,2026-05-31T04:00:00+03:00,04:00
40W000003219930K,ELAZIĞ HİBRİT BES/GES,unknown,2026-05-31 05:00:00+03:00,,0.0,chunk_0069.json,POST /v1/generation/data/dpp-bulk,2026-05-31 21:45:54.617221+00:00,3219930,ELAZIĞ HİBRİT BES/GES,18559,2026-05-31T05:00:00+03:00,05:00
40W000003219930K,ELAZIĞ HİBRİT BES/GES,unknown,2026-05-31 06:00:00+03:00,,0.0,chunk_0069.json,POST /v1/generation/data/dpp-bulk,2026-05-31 21:45:54.617221+00:00,3219930,ELAZIĞ HİBRİT BES/GES,18559,2026-05-31T06:00:00+03:00,06:00
40W000003219930K,ELAZIĞ HİBRİT BES/GES,unknown,2026-05-31 07:00:00+03:00,,0.0,chunk_0069.json,POST /v1/generation/data/dpp-bulk,2026-05-31 21:45:54.617221+00:00,3219930,ELAZIĞ HİBRİT BES/GES,18559,2026-05-31T07:00:00+03:00,07:00
40W000003219930K,ELAZIĞ HİBRİT BES/GES,unknown,2026-05-31 08:00:00+03:00,,0.0,chunk_0069.json,POST /v1/generation/data/dpp-bulk,2026-05-31 21:45:54.617221+00:00,3219930,ELAZIĞ HİBRİT BES/GES,18559,2026-05-31T08:00:00+03:00,08:00
40W000003219930K,ELAZIĞ HİBRİT BES/GES,unknown,2026-05-31 09:00:00+03:00,,0.0,chunk_0069.json,POST /v1/generation/data/dpp-bulk,2026-05-31 21:45:54.617221+00:00,3219930,ELAZIĞ HİBRİT BES/GES,18559,2026-05-31T09:00:00+03:00,09:00
40W000003219930K,ELAZIĞ HİBRİT BES/GES,unknown,2026-05-31 10:00:00+03:00,,0.0,chunk_0069.json,POST /v1/generation/data/dpp-bulk,2026-05-31 21:45:54.617221+00:00,3219930,ELAZIĞ HİBRİT BES/GES,18559,2026-05-31T10:00:00+03:00,10:00
40W000003219930K,ELAZIĞ HİBRİT BES/GES,unknown,2026-05-31 11:00:00+03:00,,0.0,chunk_0069.json,POST /v1/generation/data/dpp-bulk,2026-05-31 21:45:54.617221+00:00,3219930,ELAZIĞ HİBRİT BES/GES,18559,2026-05-31T11:00:00+03:00,11:00
40W000003219930K,ELAZIĞ HİBRİT BES/GES,unknown,2026-05-31 12:00:00+03:00,,0.0,chunk_0069.json,POST /v1/generation/data/dpp-bulk,2026-05-31 21:45:54.617221+00:00,3219930,ELAZIĞ HİBRİT BES/GES,18559,2026-05-31T12:00:00+03:00,12:00
40W000003219930K,ELAZIĞ HİBRİT BES/GES,unknown,2026-05-31 13:00:00+03:00,,0.0,chunk_0069.json,POST /v1/generation/data/dpp-bulk,2026-05-31 21:45:54.617221+00:00,3219930,ELAZIĞ HİBRİT BES/GES,18559,2026-05-31T13:00:00+03:00,13:00
40W000003219930K,ELAZIĞ HİBRİT BES/GES,unknown,2026-05-31 14:00:00+03:00,,0.0,chunk_0069.json,POST /v1/generation/data/dpp-bulk,2026-05-31 21:45:54.617221+00:00,3219930,ELAZIĞ HİBRİT BES/GES,18559,2026-05-31T14:00:00+03:00,14:00
40W000003219930K,ELAZIĞ HİBRİT BES/GES,unknown,2026-05-31 15:00:00+03:00,,0.0,chunk_0069.json,POST /v1/generation/data/dpp-bulk,2026-05-31 21:45:54.617221+00:00,3219930,ELAZIĞ HİBRİT BES/GES,18559,2026-05-31T15:00:00+03:00,15:00
40W000003219930K,ELAZIĞ HİBRİT BES/GES,unknown,2026-05-31 16:00:00+03:00,,0.0,chunk_0069.json,POST /v1/generation/data/dpp-bulk,2026-05-31 21:45:54.617221+00:00,3219930,ELAZIĞ HİBRİT BES/GES,18559,2026-05-31T16:00:00+03:00,16:00
40W000003219930K,ELAZIĞ HİBRİT BES/GES,unknown,2026-05-31 17:00:00+03:00,,0.0,chunk_0069.json,POST /v1/generation/data/dpp-bulk,2026-05-31 21:45:54.617221+00:00,3219930,ELAZIĞ HİBRİT BES/GES,18559,2026-05-31T17:00:00+03:00,17:00
40W000003219930K,ELAZIĞ HİBRİT BES/GES,unknown,2026-05-31 18:00:00+03:00,,0.0,chunk_0069.json,POST /v1/generation/data/dpp-bulk,2026-05-31 21:45:54.617221+00:00,3219930,ELAZIĞ HİBRİT BES/GES,18559,2026-05-31T18:00:00+03:00,18:00
40W000003219930K,ELAZIĞ HİBRİT BES/GES,unknown,2026-05-31 19:00:00+03:00,,0.0,chunk_0069.json,POST /v1/generation/data/dpp-bulk,2026-05-31 21:45:54.617221+00:00,3219930,ELAZIĞ HİBRİT BES/GES,18559,2026-05-31T19:00:00+03:00,19:00
40W000003219930K,ELAZIĞ HİBRİT BES/GES,unknown,2026-05-31 20:00:00+03:00,,0.0,chunk_0069.json,POST /v1/generation/data/dpp-bulk,2026-05-31 21:45:54.617221+00:00,3219930,ELAZIĞ HİBRİT BES/GES,18559,2026-05-31T20:00:00+03:00,20:00
40W000003219930K,ELAZIĞ HİBRİT BES/GES,unknown,2026-05-31 21:00:00+03:00,,0.0,chunk_0069.json,POST /v1/generation/data/dpp-bulk,2026-05-31 21:45:54.617221+00:00,3219930,ELAZIĞ HİBRİT BES/GES,18559,2026-05-31T21:00:00+03:00,21:00
40W000003219930K,ELAZIĞ HİBRİT BES/GES,unknown,2026-05-31 22:00:00+03:00,,0.0,chunk_0069.json,POST /v1/generation/data/dpp-bulk,2026-05-31 21:45:54.617221+00:00,3219930,ELAZIĞ HİBRİT BES/GES,18559,2026-05-31T22:00:00+03:00,22:00
40W000003219930K,ELAZIĞ HİBRİT BES/GES,unknown,2026-05-31 23:00:00+03:00,,0.0,chunk_0069.json,POST /v1/generation/data/dpp-bulk,2026-05-31 21:45:54.617221+00:00,3219930,ELAZIĞ HİBRİT BES/GES,18559,2026-05-31T23:00:00+03:00,23:00
40W000003220010R,GÖLMARMARA HES,unknown,2026-05-31 00:00:00+03:00,,0.0,chunk_0069.json,POST /v1/generation/data/dpp-bulk,2026-05-31 21:45:54.617221+00:00,3220010,GÖLMARMARA HES,18840,2026-05-31T00:00:00+03:00,00:00
40W000003220010R,GÖLMARMARA HES,unknown,2026-05-31 01:00:00+03:00,,0.0,chunk_0069.json,POST /v1/generation/data/dpp-bulk,2026-05-31 21:45:54.617221+00:00,3220010,GÖLMARMARA HES,18840,2026-05-31T01:00:00+03:00,01:00
40W000003220010R,GÖLMARMARA HES,unknown,2026-05-31 02:00:00+03:00,,0.0,chunk_0069.json,POST /v1/generation/data/dpp-bulk,2026-05-31 21:45:54.617221+00:00,3220010,GÖLMARMARA HES,18840,2026-05-31T02:00:00+03:00,02:00
40W000003220010R,GÖLMARMARA HES,unknown,2026-05-31 03:00:00+03:00,,0.0,chunk_0069.json,POST /v1/generation/data/dpp-bulk,2026-05-31 21:45:54.617221+00:00,3220010,GÖLMARMARA HES,18840,2026-05-31T03:00:00+03:00,03:00
40W000003220010R,GÖLMARMARA HES,unknown,2026-05-31 04:00:00+03:00,,0.0,chunk_0069.json,POST /v1/generation/data/dpp-bulk,2026-05-31 21:45:54.617221+00:00,3220010,GÖLMARMARA HES,18840,2026-05-31T04:00:00+03:00,04:00
40W000003220010R,GÖLMARMARA HES,unknown,2026-05-31 05:00:00+03:00,,0.0,chunk_0069.json,POST /v1/generation/data/dpp-bulk,2026-05-31 21:45:54.617221+00:00,3220010,GÖLMARMARA HES,18840,2026-05-31T05:00:00+03:00,05:00
40W000003220010R,GÖLMARMARA HES,unknown,2026-05-31 06:00:00+03:00,,0.0,chunk_0069.json,POST /v1/generation/data/dpp-bulk,2026-05-31 21:45:54.617221+00:00,3220010,GÖLMARMARA HES,18840,2026-05-31T06:00:00+03:00,06:00
40W000003220010R,GÖLMARMARA HES,unknown,2026-05-31 07:00:00+03:00,,0.0,chunk_0069.json,POST /v1/generation/data/dpp-bulk,2026-05-31 21:45:54.617221+00:00,3220010,GÖLMARMARA HES,18840,2026-05-31T07:00:00+03:00,07:00
40W000003220010R,GÖLMARMARA HES,unknown,2026-05-31 08:00:00+03:00,,0.0,chunk_0069.json,POST /v1/generation/data/dpp-bulk,2026-05-31 21:45:54.617221+00:00,3220010,GÖLMARMARA HES,18840,2026-05-31T08:00:00+03:00,08:00
40W000003220010R,GÖLMARMARA HES,unknown,2026-05-31 09:00:00+03:00,,0.0,chunk_0069.json,POST /v1/generation/data/dpp-bulk,2026-05-31 21:45:54.617221+00:00,3220010,GÖLMARMARA HES,18840,2026-05-31T09:00:00+03:00,09:00
40W000003220010R,GÖLMARMARA HES,unknown,2026-05-31 10:00:00+03:00,,0.0,chunk_0069.json,POST /v1/generation/data/dpp-bulk,2026-05-31 21:45:54.617221+00:00,3220010,GÖLMARMARA HES,18840,2026-05-31T10:00:00+03:00,10:00
40W000003220010R,GÖLMARMARA HES,unknown,2026-05-31 11:00:00+03:00,,0.0,chunk_0069.json,POST /v1/generation/data/dpp-bulk,2026-05-31 21:45:54.617221+00:00,3220010,GÖLMARMARA HES,18840,2026-05-31T11:00:00+03:00,11:00
40W000003220010R,GÖLMARMARA HES,unknown,2026-05-31 12:00:00+03:00,,0.0,chunk_0069.json,POST /v1/generation/data/dpp-bulk,2026-05-31 21:45:54.617221+00:00,3220010,GÖLMARMARA HES,18840,2026-05-31T12:00:00+03:00,12:00
40W000003220010R,GÖLMARMARA HES,unknown,2026-05-31 13:00:00+03:00,,0.0,chunk_0069.json,POST /v1/generation/data/dpp-bulk,2026-05-31 21:45:54.617221+00:00,3220010,GÖLMARMARA HES,18840,2026-05-31T13:00:00+03:00,13:00
40W000003220010R,GÖLMARMARA HES,unknown,2026-05-31 14:00:00+03:00,,0.0,chunk_0069.json,POST /v1/generation/data/dpp-bulk,2026-05-31 21:45:54.617221+00:00,3220010,GÖLMARMARA HES,18840,2026-05-31T14:00:00+03:00,14:00
40W000003220010R,GÖLMARMARA HES,unknown,2026-05-31 15:00:00+03:00,,0.0,chunk_0069.json,POST /v1/generation/data/dpp-bulk,2026-05-31 21:45:54.617221+00:00,3220010,GÖLMARMARA HES,18840,2026-05-31T15:00:00+03:00,15:00
40W000003220010R,GÖLMARMARA HES,unknown,2026-05-31 16:00:00+03:00,,0.0,chunk_0069.json,POST /v1/generation/data/dpp-bulk,2026-05-31 21:45:54.617221+00:00,3220010,GÖLMARMARA HES,18840,2026-05-31T16:00:00+03:00,16:00
40W000003220010R,GÖLMARMARA HES,unknown,2026-05-31 17:00:00+03:00,,0.0,chunk_0069.json,POST /v1/generation/data/dpp-bulk,2026-05-31 21:45:54.617221+00:00,3220010,GÖLMARMARA HES,18840,2026-05-31T17:00:00+03:00,17:00
40W000003220010R,GÖLMARMARA HES,unknown,2026-05-31 18:00:00+03:00,,0.0,chunk_0069.json,POST /v1/generation/data/dpp-bulk,2026-05-31 21:45:54.617221+00:00,3220010,GÖLMARMARA HES,18840,2026-05-31T18:00:00+03:00,18:00
40W000003220010R,GÖLMARMARA HES,unknown,2026-05-31 19:00:00+03:00,,0.0,chunk_0069.json,POST /v1/generation/data/dpp-bulk,2026-05-31 21:45:54.617221+00:00,3220010,GÖLMARMARA HES,18840,2026-05-31T19:00:00+03:00,19:00
40W000003220010R,GÖLMARMARA HES,unknown,2026-05-31 20:00:00+03:00,,0.0,chunk_0069.json,POST /v1/generation/data/dpp-bulk,2026-05-31 21:45:54.617221+00:00,3220010,GÖLMARMARA HES,18840,2026-05-31T20:00:00+03:00,20:00
40W000003220010R,GÖLMARMARA HES,unknown,2026-05-31 21:00:00+03:00,,0.0,chunk_0069.json,POST /v1/generation/data/dpp-bulk,2026-05-31 21:45:54.617221+00:00,3220010,GÖLMARMARA HES,18840,2026-05-31T21:00:00+03:00,21:00
40W000003220010R,GÖLMARMARA HES,unknown,2026-05-31 22:00:00+03:00,,0.0,chunk_0069.json,POST /v1/generation/data/dpp-bulk,2026-05-31 21:45:54.617221+00:00,3220010,GÖLMARMARA HES,18840,2026-05-31T22:00:00+03:00,22:00
40W000003220010R,GÖLMARMARA HES,unknown,2026-05-31 23:00:00+03:00,,0.0,chunk_0069.json,POST /v1/generation/data/dpp-bulk,2026-05-31 21:45:54.617221+00:00,3220010,GÖLMARMARA HES,18840,2026-05-31T23:00:00+03:00,23:00
40W000003219690E,UZUNBURUN BİYOGAZ TESİSİ,unknown,2026-05-31 00:00:00+03:00,,6.4,chunk_0069.json,POST /v1/generation/data/dpp-bulk,2026-05-31 21:45:54.617221+00:00,3219690,UZUNBURUN BİYOGAZ TESİSİ,18880,2026-05-31T00:00:00+03:00,00:00
40W000003219690E,UZUNBURUN BİYOGAZ TESİSİ,unknown,2026-05-31 01:00:00+03:00,,6.4,chunk_0069.json,POST /v1/generation/data/dpp-bulk,2026-05-31 21:45:54.617221+00:00,3219690,UZUNBURUN BİYOGAZ TESİSİ,18880,2026-05-31T01:00:00+03:00,01:00
40W000003219690E,UZUNBURUN BİYOGAZ TESİSİ,unknown,2026-05-31 02:00:00+03:00,,5.2,chunk_0069.json,POST /v1/generation/data/dpp-bulk,2026-05-31 21:45:54.617221+00:00,3219690,UZUNBURUN BİYOGAZ TESİSİ,18880,2026-05-31T02:00:00+03:00,02:00
40W000003219690E,UZUNBURUN BİYOGAZ TESİSİ,unknown,2026-05-31 03:00:00+03:00,,5.2,chunk_0069.json,POST /v1/generation/data/dpp-bulk,2026-05-31 21:45:54.617221+00:00,3219690,UZUNBURUN BİYOGAZ TESİSİ,18880,2026-05-31T03:00:00+03:00,03:00
40W000003219690E,UZUNBURUN BİYOGAZ TESİSİ,unknown,2026-05-31 04:00:00+03:00,,5.2,chunk_0069.json,POST /v1/generation/data/dpp-bulk,2026-05-31 21:45:54.617221+00:00,3219690,UZUNBURUN BİYOGAZ TESİSİ,18880,2026-05-31T04:00:00+03:00,04:00
40W000003219690E,UZUNBURUN BİYOGAZ TESİSİ,unknown,2026-05-31 05:00:00+03:00,,5.2,chunk_0069.json,POST /v1/generation/data/dpp-bulk,2026-05-31 21:45:54.617221+00:00,3219690,UZUNBURUN BİYOGAZ TESİSİ,18880,2026-05-31T05:00:00+03:00,05:00
40W000003219690E,UZUNBURUN BİYOGAZ TESİSİ,unknown,2026-05-31 06:00:00+03:00,,5.2,chunk_0069.json,POST /v1/generation/data/dpp-bulk,2026-05-31 21:45:54.617221+00:00,3219690,UZUNBURUN BİYOGAZ TESİSİ,18880,2026-05-31T06:00:00+03:00,06:00
40W000003219690E,UZUNBURUN BİYOGAZ TESİSİ,unknown,2026-05-31 07:00:00+03:00,,5.2,chunk_0069.json,POST /v1/generation/data/dpp-bulk,2026-05-31 21:45:54.617221+00:00,3219690,UZUNBURUN BİYOGAZ TESİSİ,18880,2026-05-31T07:00:00+03:00,07:00
40W000003219690E,UZUNBURUN BİYOGAZ TESİSİ,unknown,2026-05-31 08:00:00+03:00,,5.2,chunk_0069.json,POST /v1/generation/data/dpp-bulk,2026-05-31 21:45:54.617221+00:00,3219690,UZUNBURUN BİYOGAZ TESİSİ,18880,2026-05-31T08:00:00+03:00,08:00
40W000003219690E,UZUNBURUN BİYOGAZ TESİSİ,unknown,2026-05-31 09:00:00+03:00,,5.2,chunk_0069.json,POST /v1/generation/data/dpp-bulk,2026-05-31 21:45:54.617221+00:00,3219690,UZUNBURUN BİYOGAZ TESİSİ,18880,2026-05-31T09:00:00+03:00,09:00
40W000003219690E,UZUNBURUN BİYOGAZ TESİSİ,unknown,2026-05-31 10:00:00+03:00,,5.2,chunk_0069.json,POST /v1/generation/data/dpp-bulk,2026-05-31 21:45:54.617221+00:00,3219690,UZUNBURUN BİYOGAZ TESİSİ,18880,2026-05-31T10:00:00+03:00,10:00
40W000003219690E,UZUNBURUN BİYOGAZ TESİSİ,unknown,2026-05-31 11:00:00+03:00,,5.2,chunk_0069.json,POST /v1/generation/data/dpp-bulk,2026-05-31 21:45:54.617221+00:00,3219690,UZUNBURUN BİYOGAZ TESİSİ,18880,2026-05-31T11:00:00+03:00,11:00
40W000003219690E,UZUNBURUN BİYOGAZ TESİSİ,unknown,2026-05-31 12:00:00+03:00,,5.2,chunk_0069.json,POST /v1/generation/data/dpp-bulk,2026-05-31 21:45:54.617221+00:00,3219690,UZUNBURUN BİYOGAZ TESİSİ,18880,2026-05-31T12:00:00+03:00,12:00
40W000003219690E,UZUNBURUN BİYOGAZ TESİSİ,unknown,2026-05-31 13:00:00+03:00,,5.2,chunk_0069.json,POST /v1/generation/data/dpp-bulk,2026-05-31 21:45:54.617221+00:00,3219690,UZUNBURUN BİYOGAZ TESİSİ,18880,2026-05-31T13:00:00+03:00,13:00
40W000003219690E,UZUNBURUN BİYOGAZ TESİSİ,unknown,2026-05-31 14:00:00+03:00,,5.2,chunk_0069.json,POST /v1/generation/data/dpp-bulk,2026-05-31 21:45:54.617221+00:00,3219690,UZUNBURUN BİYOGAZ TESİSİ,18880,2026-05-31T14:00:00+03:00,14:00
40W000003219690E,UZUNBURUN BİYOGAZ TESİSİ,unknown,2026-05-31 15:00:00+03:00,,5.2,chunk_0069.json,POST /v1/generation/data/dpp-bulk,2026-05-31 21:45:54.617221+00:00,3219690,UZUNBURUN BİYOGAZ TESİSİ,18880,2026-05-31T15:00:00+03:00,15:00
40W000003219690E,UZUNBURUN BİYOGAZ TESİSİ,unknown,2026-05-31 16:00:00+03:00,,5.2,chunk_0069.json,POST /v1/generation/data/dpp-bulk,2026-05-31 21:45:54.617221+00:00,3219690,UZUNBURUN BİYOGAZ TESİSİ,18880,2026-05-31T16:00:00+03:00,16:00
40W000003219690E,UZUNBURUN BİYOGAZ TESİSİ,unknown,2026-05-31 17:00:00+03:00,,5.2,chunk_0069.json,POST /v1/generation/data/dpp-bulk,2026-05-31 21:45:54.617221+00:00,3219690,UZUNBURUN BİYOGAZ TESİSİ,18880,2026-05-31T17:00:00+03:00,17:00
40W000003219690E,UZUNBURUN BİYOGAZ TESİSİ,unknown,2026-05-31 18:00:00+03:00,,5.2,chunk_0069.json,POST /v1/generation/data/dpp-bulk,2026-05-31 21:45:54.617221+00:00,3219690,UZUNBURUN BİYOGAZ TESİSİ,18880,2026-05-31T18:00:00+03:00,18:00
40W000003219690E,UZUNBURUN BİYOGAZ TESİSİ,unknown,2026-05-31 19:00:00+03:00,,5.2,chunk_0069.json,POST /v1/generation/data/dpp-bulk,2026-05-31 21:45:54.617221+00:00,3219690,UZUNBURUN BİYOGAZ TESİSİ,18880,2026-05-31T19:00:00+03:00,19:00
40W000003219690E,UZUNBURUN BİYOGAZ TESİSİ,unknown,2026-05-31 20:00:00+03:00,,5.2,chunk_0069.json,POST /v1/generation/data/dpp-bulk,2026-05-31 21:45:54.617221+00:00,3219690,UZUNBURUN BİYOGAZ TESİSİ,18880,2026-05-31T20:00:00+03:00,20:00
40W000003219690E,UZUNBURUN BİYOGAZ TESİSİ,unknown,2026-05-31 21:00:00+03:00,,5.2,chunk_0069.json,POST /v1/generation/data/dpp-bulk,2026-05-31 21:45:54.617221+00:00,3219690,UZUNBURUN BİYOGAZ TESİSİ,18880,2026-05-31T21:00:00+03:00,21:00
40W000003219690E,UZUNBURUN BİYOGAZ TESİSİ,unknown,2026-05-31 22:00:00+03:00,,5.2,chunk_0069.json,POST /v1/generation/data/dpp-bulk,2026-05-31 21:45:54.617221+00:00,3219690,UZUNBURUN BİYOGAZ TESİSİ,18880,2026-05-31T22:00:00+03:00,22:00
40W000003219690E,UZUNBURUN BİYOGAZ TESİSİ,unknown,2026-05-31 23:00:00+03:00,,5.2,chunk_0069.json,POST /v1/generation/data/dpp-bulk,2026-05-31 21:45:54.617221+00:00,3219690,UZUNBURUN BİYOGAZ TESİSİ,18880,2026-05-31T23:00:00+03:00,23:00
40W000003219910Q,BAYBURT HES,unknown,2026-05-31 00:00:00+03:00,,0.0,chunk_0069.json,POST /v1/generation/data/dpp-bulk,2026-05-31 21:45:54.617221+00:00,3219910,BAYBURT HES,18901,2026-05-31T00:00:00+03:00,00:00
40W000003219910Q,BAYBURT HES,unknown,2026-05-31 01:00:00+03:00,,0.0,chunk_0069.json,POST /v1/generation/data/dpp-bulk,2026-05-31 21:45:54.617221+00:00,3219910,BAYBURT HES,18901,2026-05-31T01:00:00+03:00,01:00
40W000003219910Q,BAYBURT HES,unknown,2026-05-31 02:00:00+03:00,,0.0,chunk_0069.json,POST /v1/generation/data/dpp-bulk,2026-05-31 21:45:54.617221+00:00,3219910,BAYBURT HES,18901,2026-05-31T02:00:00+03:00,02:00
40W000003219910Q,BAYBURT HES,unknown,2026-05-31 03:00:00+03:00,,0.0,chunk_0069.json,POST /v1/generation/data/dpp-bulk,2026-05-31 21:45:54.617221+00:00,3219910,BAYBURT HES,18901,2026-05-31T03:00:00+03:00,03:00
40W000003219910Q,BAYBURT HES,unknown,2026-05-31 04:00:00+03:00,,0.0,chunk_0069.json,POST /v1/generation/data/dpp-bulk,2026-05-31 21:45:54.617221+00:00,3219910,BAYBURT HES,18901,2026-05-31T04:00:00+03:00,04:00
40W000003219910Q,BAYBURT HES,unknown,2026-05-31 05:00:00+03:00,,0.0,chunk_0069.json,POST /v1/generation/data/dpp-bulk,2026-05-31 21:45:54.617221+00:00,3219910,BAYBURT HES,18901,2026-05-31T05:00:00+03:00,05:00
40W000003219910Q,BAYBURT HES,unknown,2026-05-31 06:00:00+03:00,,0.0,chunk_0069.json,POST /v1/generation/data/dpp-bulk,2026-05-31 21:45:54.617221+00:00,3219910,BAYBURT HES,18901,2026-05-31T06:00:00+03:00,06:00
40W000003219910Q,BAYBURT HES,unknown,2026-05-31 07:00:00+03:00,,0.0,chunk_0069.json,POST /v1/generation/data/dpp-bulk,2026-05-31 21:45:54.617221+00:00,3219910,BAYBURT HES,18901,2026-05-31T07:00:00+03:00,07:00
40W000003219910Q,BAYBURT HES,unknown,2026-05-31 08:00:00+03:00,,0.0,chunk_0069.json,POST /v1/generation/data/dpp-bulk,2026-05-31 21:45:54.617221+00:00,3219910,BAYBURT HES,18901,2026-05-31T08:00:00+03:00,08:00
40W000003219910Q,BAYBURT HES,unknown,2026-05-31 09:00:00+03:00,,0.0,chunk_0069.json,POST /v1/generation/data/dpp-bulk,2026-05-31 21:45:54.617221+00:00,3219910,BAYBURT HES,18901,2026-05-31T09:00:00+03:00,09:00
40W000003219910Q,BAYBURT HES,unknown,2026-05-31 10:00:00+03:00,,0.0,chunk_0069.json,POST /v1/generation/data/dpp-bulk,2026-05-31 21:45:54.617221+00:00,3219910,BAYBURT HES,18901,2026-05-31T10:00:00+03:00,10:00
40W000003219910Q,BAYBURT HES,unknown,2026-05-31 11:00:00+03:00,,0.0,chunk_0069.json,POST /v1/generation/data/dpp-bulk,2026-05-31 21:45:54.617221+00:00,3219910,BAYBURT HES,18901,2026-05-31T11:00:00+03:00,11:00
40W000003219910Q,BAYBURT HES,unknown,2026-05-31 12:00:00+03:00,,0.0,chunk_0069.json,POST /v1/generation/data/dpp-bulk,2026-05-31 21:45:54.617221+00:00,3219910,BAYBURT HES,18901,2026-05-31T12:00:00+03:00,12:00
40W000003219910Q,BAYBURT HES,unknown,2026-05-31 13:00:00+03:00,,0.0,chunk_0069.json,POST /v1/generation/data/dpp-bulk,2026-05-31 21:45:54.617221+00:00,3219910,BAYBURT HES,18901,2026-05-31T13:00:00+03:00,13:00
40W000003219910Q,BAYBURT HES,unknown,2026-05-31 14:00:00+03:00,,0.0,chunk_0069.json,POST /v1/generation/data/dpp-bulk,2026-05-31 21:45:54.617221+00:00,3219910,BAYBURT HES,18901,2026-05-31T14:00:00+03:00,14:00
40W000003219910Q,BAYBURT HES,unknown,2026-05-31 15:00:00+03:00,,0.0,chunk_0069.json,POST /v1/generation/data/dpp-bulk,2026-05-31 21:45:54.617221+00:00,3219910,BAYBURT HES,18901,2026-05-31T15:00:00+03:00,15:00
40W000003219910Q,BAYBURT HES,unknown,2026-05-31 16:00:00+03:00,,0.0,chunk_0069.json,POST /v1/generation/data/dpp-bulk,2026-05-31 21:45:54.617221+00:00,3219910,BAYBURT HES,18901,2026-05-31T16:00:00+03:00,16:00
40W000003219910Q,BAYBURT HES,unknown,2026-05-31 17:00:00+03:00,,0.0,chunk_0069.json,POST /v1/generation/data/dpp-bulk,2026-05-31 21:45:54.617221+00:00,3219910,BAYBURT HES,18901,2026-05-31T17:00:00+03:00,17:00
40W000003219910Q,BAYBURT HES,unknown,2026-05-31 18:00:00+03:00,,0.0,chunk_0069.json,POST /v1/generation/data/dpp-bulk,2026-05-31 21:45:54.617221+00:00,3219910,BAYBURT HES,18901,2026-05-31T18:00:00+03:00,18:00
40W000003219910Q,BAYBURT HES,unknown,2026-05-31 19:00:00+03:00,,0.0,chunk_0069.json,POST /v1/generation/data/dpp-bulk,2026-05-31 21:45:54.617221+00:00,3219910,BAYBURT HES,18901,2026-05-31T19:00:00+03:00,19:00
40W000003219910Q,BAYBURT HES,unknown,2026-05-31 20:00:00+03:00,,0.0,chunk_0069.json,POST /v1/generation/data/dpp-bulk,2026-05-31 21:45:54.617221+00:00,3219910,BAYBURT HES,18901,2026-05-31T20:00:00+03:00,20:00
40W000003219910Q,BAYBURT HES,unknown,2026-05-31 21:00:00+03:00,,0.0,chunk_0069.json,POST /v1/generation/data/dpp-bulk,2026-05-31 21:45:54.617221+00:00,3219910,BAYBURT HES,18901,2026-05-31T21:00:00+03:00,21:00
40W000003219910Q,BAYBURT HES,unknown,2026-05-31 22:00:00+03:00,,0.0,chunk_0069.json,POST /v1/generation/data/dpp-bulk,2026-05-31 21:45:54.617221+00:00,3219910,BAYBURT HES,18901,2026-05-31T22:00:00+03:00,22:00
40W000003219910Q,BAYBURT HES,unknown,2026-05-31 23:00:00+03:00,,0.0,chunk_0069.json,POST /v1/generation/data/dpp-bulk,2026-05-31 21:45:54.617221+00:00,3219910,BAYBURT HES,18901,2026-05-31T23:00:00+03:00,23:00
40W000003219870C,ÇAL HES,unknown,2026-05-31 00:00:00+03:00,,0.0,chunk_0069.json,POST /v1/generation/data/dpp-bulk,2026-05-31 21:45:54.617221+00:00,3219870,ÇAL HES,18941,2026-05-31T00:00:00+03:00,00:00
40W000003219870C,ÇAL HES,unknown,2026-05-31 01:00:00+03:00,,0.0,chunk_0069.json,POST /v1/generation/data/dpp-bulk,2026-05-31 21:45:54.617221+00:00,3219870,ÇAL HES,18941,2026-05-31T01:00:00+03:00,01:00
40W000003219870C,ÇAL HES,unknown,2026-05-31 02:00:00+03:00,,0.0,chunk_0069.json,POST /v1/generation/data/dpp-bulk,2026-05-31 21:45:54.617221+00:00,3219870,ÇAL HES,18941,2026-05-31T02:00:00+03:00,02:00
40W000003219870C,ÇAL HES,unknown,2026-05-31 03:00:00+03:00,,0.0,chunk_0069.json,POST /v1/generation/data/dpp-bulk,2026-05-31 21:45:54.617221+00:00,3219870,ÇAL HES,18941,2026-05-31T03:00:00+03:00,03:00
40W000003219870C,ÇAL HES,unknown,2026-05-31 04:00:00+03:00,,0.0,chunk_0069.json,POST /v1/generation/data/dpp-bulk,2026-05-31 21:45:54.617221+00:00,3219870,ÇAL HES,18941,2026-05-31T04:00:00+03:00,04:00
40W000003219870C,ÇAL HES,unknown,2026-05-31 05:00:00+03:00,,0.0,chunk_0069.json,POST /v1/generation/data/dpp-bulk,2026-05-31 21:45:54.617221+00:00,3219870,ÇAL HES,18941,2026-05-31T05:00:00+03:00,05:00
40W000003219870C,ÇAL HES,unknown,2026-05-31 06:00:00+03:00,,0.0,chunk_0069.json,POST /v1/generation/data/dpp-bulk,2026-05-31 21:45:54.617221+00:00,3219870,ÇAL HES,18941,2026-05-31T06:00:00+03:00,06:00
40W000003219870C,ÇAL HES,unknown,2026-05-31 07:00:00+03:00,,0.0,chunk_0069.json,POST /v1/generation/data/dpp-bulk,2026-05-31 21:45:54.617221+00:00,3219870,ÇAL HES,18941,2026-05-31T07:00:00+03:00,07:00
40W000003219870C,ÇAL HES,unknown,2026-05-31 08:00:00+03:00,,0.0,chunk_0069.json,POST /v1/generation/data/dpp-bulk,2026-05-31 21:45:54.617221+00:00,3219870,ÇAL HES,18941,2026-05-31T08:00:00+03:00,08:00
40W000003219870C,ÇAL HES,unknown,2026-05-31 09:00:00+03:00,,0.0,chunk_0069.json,POST /v1/generation/data/dpp-bulk,2026-05-31 21:45:54.617221+00:00,3219870,ÇAL HES,18941,2026-05-31T09:00:00+03:00,09:00
40W000003219870C,ÇAL HES,unknown,2026-05-31 10:00:00+03:00,,0.0,chunk_0069.json,POST /v1/generation/data/dpp-bulk,2026-05-31 21:45:54.617221+00:00,3219870,ÇAL HES,18941,2026-05-31T10:00:00+03:00,10:00
40W000003219870C,ÇAL HES,unknown,2026-05-31 11:00:00+03:00,,0.0,chunk_0069.json,POST /v1/generation/data/dpp-bulk,2026-05-31 21:45:54.617221+00:00,3219870,ÇAL HES,18941,2026-05-31T11:00:00+03:00,11:00
40W000003219870C,ÇAL HES,unknown,2026-05-31 12:00:00+03:00,,0.0,chunk_0069.json,POST /v1/generation/data/dpp-bulk,2026-05-31 21:45:54.617221+00:00,3219870,ÇAL HES,18941,2026-05-31T12:00:00+03:00,12:00
40W000003219870C,ÇAL HES,unknown,2026-05-31 13:00:00+03:00,,0.0,chunk_0069.json,POST /v1/generation/data/dpp-bulk,2026-05-31 21:45:54.617221+00:00,3219870,ÇAL HES,18941,2026-05-31T13:00:00+03:00,13:00
40W000003219870C,ÇAL HES,unknown,2026-05-31 14:00:00+03:00,,0.0,chunk_0069.json,POST /v1/generation/data/dpp-bulk,2026-05-31 21:45:54.617221+00:00,3219870,ÇAL HES,18941,2026-05-31T14:00:00+03:00,14:00
40W000003219870C,ÇAL HES,unknown,2026-05-31 15:00:00+03:00,,0.0,chunk_0069.json,POST /v1/generation/data/dpp-bulk,2026-05-31 21:45:54.617221+00:00,3219870,ÇAL HES,18941,2026-05-31T15:00:00+03:00,15:00
40W000003219870C,ÇAL HES,unknown,2026-05-31 16:00:00+03:00,,0.0,chunk_0069.json,POST /v1/generation/data/dpp-bulk,2026-05-31 21:45:54.617221+00:00,3219870,ÇAL HES,18941,2026-05-31T16:00:00+03:00,16:00
40W000003219870C,ÇAL HES,unknown,2026-05-31 17:00:00+03:00,,0.0,chunk_0069.json,POST /v1/generation/data/dpp-bulk,2026-05-31 21:45:54.617221+00:00,3219870,ÇAL HES,18941,2026-05-31T17:00:00+03:00,17:00
40W000003219870C,ÇAL HES,unknown,2026-05-31 18:00:00+03:00,,0.0,chunk_0069.json,POST /v1/generation/data/dpp-bulk,2026-05-31 21:45:54.617221+00:00,3219870,ÇAL HES,18941,2026-05-31T18:00:00+03:00,18:00
40W000003219870C,ÇAL HES,unknown,2026-05-31 19:00:00+03:00,,0.0,chunk_0069.json,POST /v1/generation/data/dpp-bulk,2026-05-31 21:45:54.617221+00:00,3219870,ÇAL HES,18941,2026-05-31T19:00:00+03:00,19:00
40W000003219870C,ÇAL HES,unknown,2026-05-31 20:00:00+03:00,,0.0,chunk_0069.json,POST /v1/generation/data/dpp-bulk,2026-05-31 21:45:54.617221+00:00,3219870,ÇAL HES,18941,2026-05-31T20:00:00+03:00,20:00
40W000003219870C,ÇAL HES,unknown,2026-05-31 21:00:00+03:00,,0.0,chunk_0069.json,POST /v1/generation/data/dpp-bulk,2026-05-31 21:45:54.617221+00:00,3219870,ÇAL HES,18941,2026-05-31T21:00:00+03:00,21:00
40W000003219870C,ÇAL HES,unknown,2026-05-31 22:00:00+03:00,,0.0,chunk_0069.json,POST /v1/generation/data/dpp-bulk,2026-05-31 21:45:54.617221+00:00,3219870,ÇAL HES,18941,2026-05-31T22:00:00+03:00,22:00
40W000003219870C,ÇAL HES,unknown,2026-05-31 23:00:00+03:00,,0.0,chunk_0069.json,POST /v1/generation/data/dpp-bulk,2026-05-31 21:45:54.617221+00:00,3219870,ÇAL HES,18941,2026-05-31T23:00:00+03:00,23:00
40W000003219453S,SİSTEM TES,unknown,2026-05-31 00:00:00+03:00,,0.0,chunk_0069.json,POST /v1/generation/data/dpp-bulk,2026-05-31 21:45:54.617221+00:00,3219453,SİSTEM TES,103060,2026-05-31T00:00:00+03:00,00:00
40W000003219453S,SİSTEM TES,unknown,2026-05-31 01:00:00+03:00,,0.0,chunk_0069.json,POST /v1/generation/data/dpp-bulk,2026-05-31 21:45:54.617221+00:00,3219453,SİSTEM TES,103060,2026-05-31T01:00:00+03:00,01:00
40W000003219453S,SİSTEM TES,unknown,2026-05-31 02:00:00+03:00,,0.0,chunk_0069.json,POST /v1/generation/data/dpp-bulk,2026-05-31 21:45:54.617221+00:00,3219453,SİSTEM TES,103060,2026-05-31T02:00:00+03:00,02:00
40W000003219453S,SİSTEM TES,unknown,2026-05-31 03:00:00+03:00,,0.0,chunk_0069.json,POST /v1/generation/data/dpp-bulk,2026-05-31 21:45:54.617221+00:00,3219453,SİSTEM TES,103060,2026-05-31T03:00:00+03:00,03:00
40W000003219453S,SİSTEM TES,unknown,2026-05-31 04:00:00+03:00,,0.0,chunk_0069.json,POST /v1/generation/data/dpp-bulk,2026-05-31 21:45:54.617221+00:00,3219453,SİSTEM TES,103060,2026-05-31T04:00:00+03:00,04:00
40W000003219453S,SİSTEM TES,unknown,2026-05-31 05:00:00+03:00,,0.0,chunk_0069.json,POST /v1/generation/data/dpp-bulk,2026-05-31 21:45:54.617221+00:00,3219453,SİSTEM TES,103060,2026-05-31T05:00:00+03:00,05:00
40W000003219453S,SİSTEM TES,unknown,2026-05-31 06:00:00+03:00,,0.0,chunk_0069.json,POST /v1/generation/data/dpp-bulk,2026-05-31 21:45:54.617221+00:00,3219453,SİSTEM TES,103060,2026-05-31T06:00:00+03:00,06:00
40W000003219453S,SİSTEM TES,unknown,2026-05-31 07:00:00+03:00,,0.0,chunk_0069.json,POST /v1/generation/data/dpp-bulk,2026-05-31 21:45:54.617221+00:00,3219453,SİSTEM TES,103060,2026-05-31T07:00:00+03:00,07:00
40W000003219453S,SİSTEM TES,unknown,2026-05-31 08:00:00+03:00,,0.0,chunk_0069.json,POST /v1/generation/data/dpp-bulk,2026-05-31 21:45:54.617221+00:00,3219453,SİSTEM TES,103060,2026-05-31T08:00:00+03:00,08:00
40W000003219453S,SİSTEM TES,unknown,2026-05-31 09:00:00+03:00,,0.0,chunk_0069.json,POST /v1/generation/data/dpp-bulk,2026-05-31 21:45:54.617221+00:00,3219453,SİSTEM TES,103060,2026-05-31T09:00:00+03:00,09:00
40W000003219453S,SİSTEM TES,unknown,2026-05-31 10:00:00+03:00,,0.0,chunk_0069.json,POST /v1/generation/data/dpp-bulk,2026-05-31 21:45:54.617221+00:00,3219453,SİSTEM TES,103060,2026-05-31T10:00:00+03:00,10:00
40W000003219453S,SİSTEM TES,unknown,2026-05-31 11:00:00+03:00,,0.0,chunk_0069.json,POST /v1/generation/data/dpp-bulk,2026-05-31 21:45:54.617221+00:00,3219453,SİSTEM TES,103060,2026-05-31T11:00:00+03:00,11:00
40W000003219453S,SİSTEM TES,unknown,2026-05-31 12:00:00+03:00,,0.0,chunk_0069.json,POST /v1/generation/data/dpp-bulk,2026-05-31 21:45:54.617221+00:00,3219453,SİSTEM TES,103060,2026-05-31T12:00:00+03:00,12:00
40W000003219453S,SİSTEM TES,unknown,2026-05-31 13:00:00+03:00,,0.0,chunk_0069.json,POST /v1/generation/data/dpp-bulk,2026-05-31 21:45:54.617221+00:00,3219453,SİSTEM TES,103060,2026-05-31T13:00:00+03:00,13:00
40W000003219453S,SİSTEM TES,unknown,2026-05-31 14:00:00+03:00,,0.0,chunk_0069.json,POST /v1/generation/data/dpp-bulk,2026-05-31 21:45:54.617221+00:00,3219453,SİSTEM TES,103060,2026-05-31T14:00:00+03:00,14:00
40W000003219453S,SİSTEM TES,unknown,2026-05-31 15:00:00+03:00,,0.0,chunk_0069.json,POST /v1/generation/data/dpp-bulk,2026-05-31 21:45:54.617221+00:00,3219453,SİSTEM TES,103060,2026-05-31T15:00:00+03:00,15:00
40W000003219453S,SİSTEM TES,unknown,2026-05-31 16:00:00+03:00,,0.0,chunk_0069.json,POST /v1/generation/data/dpp-bulk,2026-05-31 21:45:54.617221+00:00,3219453,SİSTEM TES,103060,2026-05-31T16:00:00+03:00,16:00
40W000003219453S,SİSTEM TES,unknown,2026-05-31 17:00:00+03:00,,0.0,chunk_0069.json,POST /v1/generation/data/dpp-bulk,2026-05-31 21:45:54.617221+00:00,3219453,SİSTEM TES,103060,2026-05-31T17:00:00+03:00,17:00
40W000003219453S,SİSTEM TES,unknown,2026-05-31 18:00:00+03:00,,0.0,chunk_0069.json,POST /v1/generation/data/dpp-bulk,2026-05-31 21:45:54.617221+00:00,3219453,SİSTEM TES,103060,2026-05-31T18:00:00+03:00,18:00
40W000003219453S,SİSTEM TES,unknown,2026-05-31 19:00:00+03:00,,0.0,chunk_0069.json,POST /v1/generation/data/dpp-bulk,2026-05-31 21:45:54.617221+00:00,3219453,SİSTEM TES,103060,2026-05-31T19:00:00+03:00,19:00
40W000003219453S,SİSTEM TES,unknown,2026-05-31 20:00:00+03:00,,0.0,chunk_0069.json,POST /v1/generation/data/dpp-bulk,2026-05-31 21:45:54.617221+00:00,3219453,SİSTEM TES,103060,2026-05-31T20:00:00+03:00,20:00
40W000003219453S,SİSTEM TES,unknown,2026-05-31 21:00:00+03:00,,0.0,chunk_0069.json,POST /v1/generation/data/dpp-bulk,2026-05-31 21:45:54.617221+00:00,3219453,SİSTEM TES,103060,2026-05-31T21:00:00+03:00,21:00
40W000003219453S,SİSTEM TES,unknown,2026-05-31 22:00:00+03:00,,0.0,chunk_0069.json,POST /v1/generation/data/dpp-bulk,2026-05-31 21:45:54.617221+00:00,3219453,SİSTEM TES,103060,2026-05-31T22:00:00+03:00,22:00
40W000003219453S,SİSTEM TES,unknown,2026-05-31 23:00:00+03:00,,0.0,chunk_0069.json,POST /v1/generation/data/dpp-bulk,2026-05-31 21:45:54.617221+00:00,3219453,SİSTEM TES,103060,2026-05-31T23:00:00+03:00,23:00
40W0000032194400,KIY HES,unknown,2026-05-31 00:00:00+03:00,,0.0,chunk_0069.json,POST /v1/generation/data/dpp-bulk,2026-05-31 21:45:54.617221+00:00,3219440,KIY HES,103340,2026-05-31T00:00:00+03:00,00:00
40W0000032194400,KIY HES,unknown,2026-05-31 01:00:00+03:00,,0.0,chunk_0069.json,POST /v1/generation/data/dpp-bulk,2026-05-31 21:45:54.617221+00:00,3219440,KIY HES,103340,2026-05-31T01:00:00+03:00,01:00
40W0000032194400,KIY HES,unknown,2026-05-31 02:00:00+03:00,,0.0,chunk_0069.json,POST /v1/generation/data/dpp-bulk,2026-05-31 21:45:54.617221+00:00,3219440,KIY HES,103340,2026-05-31T02:00:00+03:00,02:00
40W0000032194400,KIY HES,unknown,2026-05-31 03:00:00+03:00,,0.0,chunk_0069.json,POST /v1/generation/data/dpp-bulk,2026-05-31 21:45:54.617221+00:00,3219440,KIY HES,103340,2026-05-31T03:00:00+03:00,03:00
40W0000032194400,KIY HES,unknown,2026-05-31 04:00:00+03:00,,0.0,chunk_0069.json,POST /v1/generation/data/dpp-bulk,2026-05-31 21:45:54.617221+00:00,3219440,KIY HES,103340,2026-05-31T04:00:00+03:00,04:00
40W0000032194400,KIY HES,unknown,2026-05-31 05:00:00+03:00,,0.0,chunk_0069.json,POST /v1/generation/data/dpp-bulk,2026-05-31 21:45:54.617221+00:00,3219440,KIY HES,103340,2026-05-31T05:00:00+03:00,05:00
40W0000032194400,KIY HES,unknown,2026-05-31 06:00:00+03:00,,0.0,chunk_0069.json,POST /v1/generation/data/dpp-bulk,2026-05-31 21:45:54.617221+00:00,3219440,KIY HES,103340,2026-05-31T06:00:00+03:00,06:00
40W0000032194400,KIY HES,unknown,2026-05-31 07:00:00+03:00,,0.0,chunk_0069.json,POST /v1/generation/data/dpp-bulk,2026-05-31 21:45:54.617221+00:00,3219440,KIY HES,103340,2026-05-31T07:00:00+03:00,07:00
40W0000032194400,KIY HES,unknown,2026-05-31 08:00:00+03:00,,0.0,chunk_0069.json,POST /v1/generation/data/dpp-bulk,2026-05-31 21:45:54.617221+00:00,3219440,KIY HES,103340,2026-05-31T08:00:00+03:00,08:00
40W0000032194400,KIY HES,unknown,2026-05-31 09:00:00+03:00,,0.0,chunk_0069.json,POST /v1/generation/data/dpp-bulk,2026-05-31 21:45:54.617221+00:00,3219440,KIY HES,103340,2026-05-31T09:00:00+03:00,09:00
40W0000032194400,KIY HES,unknown,2026-05-31 10:00:00+03:00,,0.0,chunk_0069.json,POST /v1/generation/data/dpp-bulk,2026-05-31 21:45:54.617221+00:00,3219440,KIY HES,103340,2026-05-31T10:00:00+03:00,10:00
40W0000032194400,KIY HES,unknown,2026-05-31 11:00:00+03:00,,0.0,chunk_0069.json,POST /v1/generation/data/dpp-bulk,2026-05-31 21:45:54.617221+00:00,3219440,KIY HES,103340,2026-05-31T11:00:00+03:00,11:00
40W0000032194400,KIY HES,unknown,2026-05-31 12:00:00+03:00,,0.0,chunk_0069.json,POST /v1/generation/data/dpp-bulk,2026-05-31 21:45:54.617221+00:00,3219440,KIY HES,103340,2026-05-31T12:00:00+03:00,12:00
40W0000032194400,KIY HES,unknown,2026-05-31 13:00:00+03:00,,0.0,chunk_0069.json,POST /v1/generation/data/dpp-bulk,2026-05-31 21:45:54.617221+00:00,3219440,KIY HES,103340,2026-05-31T13:00:00+03:00,13:00
40W0000032194400,KIY HES,unknown,2026-05-31 14:00:00+03:00,,0.0,chunk_0069.json,POST /v1/generation/data/dpp-bulk,2026-05-31 21:45:54.617221+00:00,3219440,KIY HES,103340,2026-05-31T14:00:00+03:00,14:00
40W0000032194400,KIY HES,unknown,2026-05-31 15:00:00+03:00,,0.0,chunk_0069.json,POST /v1/generation/data/dpp-bulk,2026-05-31 21:45:54.617221+00:00,3219440,KIY HES,103340,2026-05-31T15:00:00+03:00,15:00
40W0000032194400,KIY HES,unknown,2026-05-31 16:00:00+03:00,,0.0,chunk_0069.json,POST /v1/generation/data/dpp-bulk,2026-05-31 21:45:54.617221+00:00,3219440,KIY HES,103340,2026-05-31T16:00:00+03:00,16:00
40W0000032194400,KIY HES,unknown,2026-05-31 17:00:00+03:00,,0.0,chunk_0069.json,POST /v1/generation/data/dpp-bulk,2026-05-31 21:45:54.617221+00:00,3219440,KIY HES,103340,2026-05-31T17:00:00+03:00,17:00
40W0000032194400,KIY HES,unknown,2026-05-31 18:00:00+03:00,,0.0,chunk_0069.json,POST /v1/generation/data/dpp-bulk,2026-05-31 21:45:54.617221+00:00,3219440,KIY HES,103340,2026-05-31T18:00:00+03:00,18:00
40W0000032194400,KIY HES,unknown,2026-05-31 19:00:00+03:00,,16.0,chunk_0069.json,POST /v1/generation/data/dpp-bulk,2026-05-31 21:45:54.617221+00:00,3219440,KIY HES,103340,2026-05-31T19:00:00+03:00,19:00
40W0000032194400,KIY HES,unknown,2026-05-31 20:00:00+03:00,,18.0,chunk_0069.json,POST /v1/generation/data/dpp-bulk,2026-05-31 21:45:54.617221+00:00,3219440,KIY HES,103340,2026-05-31T20:00:00+03:00,20:00
40W0000032194400,KIY HES,unknown,2026-05-31 21:00:00+03:00,,18.0,chunk_0069.json,POST /v1/generation/data/dpp-bulk,2026-05-31 21:45:54.617221+00:00,3219440,KIY HES,103340,2026-05-31T21:00:00+03:00,21:00
40W0000032194400,KIY HES,unknown,2026-05-31 22:00:00+03:00,,18.0,chunk_0069.json,POST /v1/generation/data/dpp-bulk,2026-05-31 21:45:54.617221+00:00,3219440,KIY HES,103340,2026-05-31T22:00:00+03:00,22:00
40W0000032194400,KIY HES,unknown,2026-05-31 23:00:00+03:00,,16.0,chunk_0069.json,POST /v1/generation/data/dpp-bulk,2026-05-31 21:45:54.617221+00:00,3219440,KIY HES,103340,2026-05-31T23:00:00+03:00,23:00
40W000003219441Z,KAYAKÖPRÜ HES,unknown,2026-05-31 00:00:00+03:00,,0.0,chunk_0069.json,POST /v1/generation/data/dpp-bulk,2026-05-31 21:45:54.617221+00:00,3219441,KAYAKÖPRÜ HES,103340,2026-05-31T00:00:00+03:00,00:00
40W000003219441Z,KAYAKÖPRÜ HES,unknown,2026-05-31 01:00:00+03:00,,0.0,chunk_0069.json,POST /v1/generation/data/dpp-bulk,2026-05-31 21:45:54.617221+00:00,3219441,KAYAKÖPRÜ HES,103340,2026-05-31T01:00:00+03:00,01:00
40W000003219441Z,KAYAKÖPRÜ HES,unknown,2026-05-31 02:00:00+03:00,,0.0,chunk_0069.json,POST /v1/generation/data/dpp-bulk,2026-05-31 21:45:54.617221+00:00,3219441,KAYAKÖPRÜ HES,103340,2026-05-31T02:00:00+03:00,02:00
40W000003219441Z,KAYAKÖPRÜ HES,unknown,2026-05-31 03:00:00+03:00,,0.0,chunk_0069.json,POST /v1/generation/data/dpp-bulk,2026-05-31 21:45:54.617221+00:00,3219441,KAYAKÖPRÜ HES,103340,2026-05-31T03:00:00+03:00,03:00
40W000003219441Z,KAYAKÖPRÜ HES,unknown,2026-05-31 04:00:00+03:00,,0.0,chunk_0069.json,POST /v1/generation/data/dpp-bulk,2026-05-31 21:45:54.617221+00:00,3219441,KAYAKÖPRÜ HES,103340,2026-05-31T04:00:00+03:00,04:00
40W000003219441Z,KAYAKÖPRÜ HES,unknown,2026-05-31 05:00:00+03:00,,0.0,chunk_0069.json,POST /v1/generation/data/dpp-bulk,2026-05-31 21:45:54.617221+00:00,3219441,KAYAKÖPRÜ HES,103340,2026-05-31T05:00:00+03:00,05:00
40W000003219441Z,KAYAKÖPRÜ HES,unknown,2026-05-31 06:00:00+03:00,,0.0,chunk_0069.json,POST /v1/generation/data/dpp-bulk,2026-05-31 21:45:54.617221+00:00,3219441,KAYAKÖPRÜ HES,103340,2026-05-31T06:00:00+03:00,06:00
40W000003219441Z,KAYAKÖPRÜ HES,unknown,2026-05-31 07:00:00+03:00,,0.0,chunk_0069.json,POST /v1/generation/data/dpp-bulk,2026-05-31 21:45:54.617221+00:00,3219441,KAYAKÖPRÜ HES,103340,2026-05-31T07:00:00+03:00,07:00
40W000003219441Z,KAYAKÖPRÜ HES,unknown,2026-05-31 08:00:00+03:00,,0.0,chunk_0069.json,POST /v1/generation/data/dpp-bulk,2026-05-31 21:45:54.617221+00:00,3219441,KAYAKÖPRÜ HES,103340,2026-05-31T08:00:00+03:00,08:00
40W000003219441Z,KAYAKÖPRÜ HES,unknown,2026-05-31 09:00:00+03:00,,0.0,chunk_0069.json,POST /v1/generation/data/dpp-bulk,2026-05-31 21:45:54.617221+00:00,3219441,KAYAKÖPRÜ HES,103340,2026-05-31T09:00:00+03:00,09:00
40W000003219441Z,KAYAKÖPRÜ HES,unknown,2026-05-31 10:00:00+03:00,,0.0,chunk_0069.json,POST /v1/generation/data/dpp-bulk,2026-05-31 21:45:54.617221+00:00,3219441,KAYAKÖPRÜ HES,103340,2026-05-31T10:00:00+03:00,10:00
40W000003219441Z,KAYAKÖPRÜ HES,unknown,2026-05-31 11:00:00+03:00,,0.0,chunk_0069.json,POST /v1/generation/data/dpp-bulk,2026-05-31 21:45:54.617221+00:00,3219441,KAYAKÖPRÜ HES,103340,2026-05-31T11:00:00+03:00,11:00
40W000003219441Z,KAYAKÖPRÜ HES,unknown,2026-05-31 12:00:00+03:00,,0.0,chunk_0069.json,POST /v1/generation/data/dpp-bulk,2026-05-31 21:45:54.617221+00:00,3219441,KAYAKÖPRÜ HES,103340,2026-05-31T12:00:00+03:00,12:00
40W000003219441Z,KAYAKÖPRÜ HES,unknown,2026-05-31 13:00:00+03:00,,0.0,chunk_0069.json,POST /v1/generation/data/dpp-bulk,2026-05-31 21:45:54.617221+00:00,3219441,KAYAKÖPRÜ HES,103340,2026-05-31T13:00:00+03:00,13:00
40W000003219441Z,KAYAKÖPRÜ HES,unknown,2026-05-31 14:00:00+03:00,,0.0,chunk_0069.json,POST /v1/generation/data/dpp-bulk,2026-05-31 21:45:54.617221+00:00,3219441,KAYAKÖPRÜ HES,103340,2026-05-31T14:00:00+03:00,14:00
40W000003219441Z,KAYAKÖPRÜ HES,unknown,2026-05-31 15:00:00+03:00,,0.0,chunk_0069.json,POST /v1/generation/data/dpp-bulk,2026-05-31 21:45:54.617221+00:00,3219441,KAYAKÖPRÜ HES,103340,2026-05-31T15:00:00+03:00,15:00
40W000003219441Z,KAYAKÖPRÜ HES,unknown,2026-05-31 16:00:00+03:00,,0.0,chunk_0069.json,POST /v1/generation/data/dpp-bulk,2026-05-31 21:45:54.617221+00:00,3219441,KAYAKÖPRÜ HES,103340,2026-05-31T16:00:00+03:00,16:00
40W000003219441Z,KAYAKÖPRÜ HES,unknown,2026-05-31 17:00:00+03:00,,0.0,chunk_0069.json,POST /v1/generation/data/dpp-bulk,2026-05-31 21:45:54.617221+00:00,3219441,KAYAKÖPRÜ HES,103340,2026-05-31T17:00:00+03:00,17:00
40W000003219441Z,KAYAKÖPRÜ HES,unknown,2026-05-31 18:00:00+03:00,,0.0,chunk_0069.json,POST /v1/generation/data/dpp-bulk,2026-05-31 21:45:54.617221+00:00,3219441,KAYAKÖPRÜ HES,103340,2026-05-31T18:00:00+03:00,18:00
40W000003219441Z,KAYAKÖPRÜ HES,unknown,2026-05-31 19:00:00+03:00,,35.0,chunk_0069.json,POST /v1/generation/data/dpp-bulk,2026-05-31 21:45:54.617221+00:00,3219441,KAYAKÖPRÜ HES,103340,2026-05-31T19:00:00+03:00,19:00
40W000003219441Z,KAYAKÖPRÜ HES,unknown,2026-05-31 20:00:00+03:00,,38.6,chunk_0069.json,POST /v1/generation/data/dpp-bulk,2026-05-31 21:45:54.617221+00:00,3219441,KAYAKÖPRÜ HES,103340,2026-05-31T20:00:00+03:00,20:00
40W000003219441Z,KAYAKÖPRÜ HES,unknown,2026-05-31 21:00:00+03:00,,38.6,chunk_0069.json,POST /v1/generation/data/dpp-bulk,2026-05-31 21:45:54.617221+00:00,3219441,KAYAKÖPRÜ HES,103340,2026-05-31T21:00:00+03:00,21:00
40W000003219441Z,KAYAKÖPRÜ HES,unknown,2026-05-31 22:00:00+03:00,,38.6,chunk_0069.json,POST /v1/generation/data/dpp-bulk,2026-05-31 21:45:54.617221+00:00,3219441,KAYAKÖPRÜ HES,103340,2026-05-31T22:00:00+03:00,22:00
40W000003219441Z,KAYAKÖPRÜ HES,unknown,2026-05-31 23:00:00+03:00,,38.6,chunk_0069.json,POST /v1/generation/data/dpp-bulk,2026-05-31 21:45:54.617221+00:00,3219441,KAYAKÖPRÜ HES,103340,2026-05-31T23:00:00+03:00,23:00
40W000003219442X,KIRAN HES,unknown,2026-05-31 00:00:00+03:00,,9.5,chunk_0069.json,POST /v1/generation/data/dpp-bulk,2026-05-31 21:45:54.617221+00:00,3219442,KIRAN HES,103340,2026-05-31T00:00:00+03:00,00:00
40W000003219442X,KIRAN HES,unknown,2026-05-31 01:00:00+03:00,,9.5,chunk_0069.json,POST /v1/generation/data/dpp-bulk,2026-05-31 21:45:54.617221+00:00,3219442,KIRAN HES,103340,2026-05-31T01:00:00+03:00,01:00
40W000003219442X,KIRAN HES,unknown,2026-05-31 02:00:00+03:00,,0.0,chunk_0069.json,POST /v1/generation/data/dpp-bulk,2026-05-31 21:45:54.617221+00:00,3219442,KIRAN HES,103340,2026-05-31T02:00:00+03:00,02:00
40W000003219442X,KIRAN HES,unknown,2026-05-31 03:00:00+03:00,,0.0,chunk_0069.json,POST /v1/generation/data/dpp-bulk,2026-05-31 21:45:54.617221+00:00,3219442,KIRAN HES,103340,2026-05-31T03:00:00+03:00,03:00
40W000003219442X,KIRAN HES,unknown,2026-05-31 04:00:00+03:00,,0.0,chunk_0069.json,POST /v1/generation/data/dpp-bulk,2026-05-31 21:45:54.617221+00:00,3219442,KIRAN HES,103340,2026-05-31T04:00:00+03:00,04:00
40W000003219442X,KIRAN HES,unknown,2026-05-31 05:00:00+03:00,,0.0,chunk_0069.json,POST /v1/generation/data/dpp-bulk,2026-05-31 21:45:54.617221+00:00,3219442,KIRAN HES,103340,2026-05-31T05:00:00+03:00,05:00
40W000003219442X,KIRAN HES,unknown,2026-05-31 06:00:00+03:00,,0.0,chunk_0069.json,POST /v1/generation/data/dpp-bulk,2026-05-31 21:45:54.617221+00:00,3219442,KIRAN HES,103340,2026-05-31T06:00:00+03:00,06:00
40W000003219442X,KIRAN HES,unknown,2026-05-31 07:00:00+03:00,,0.0,chunk_0069.json,POST /v1/generation/data/dpp-bulk,2026-05-31 21:45:54.617221+00:00,3219442,KIRAN HES,103340,2026-05-31T07:00:00+03:00,07:00
40W000003219442X,KIRAN HES,unknown,2026-05-31 08:00:00+03:00,,0.0,chunk_0069.json,POST /v1/generation/data/dpp-bulk,2026-05-31 21:45:54.617221+00:00,3219442,KIRAN HES,103340,2026-05-31T08:00:00+03:00,08:00
40W000003219442X,KIRAN HES,unknown,2026-05-31 09:00:00+03:00,,0.0,chunk_0069.json,POST /v1/generation/data/dpp-bulk,2026-05-31 21:45:54.617221+00:00,3219442,KIRAN HES,103340,2026-05-31T09:00:00+03:00,09:00
40W000003219442X,KIRAN HES,unknown,2026-05-31 10:00:00+03:00,,0.0,chunk_0069.json,POST /v1/generation/data/dpp-bulk,2026-05-31 21:45:54.617221+00:00,3219442,KIRAN HES,103340,2026-05-31T10:00:00+03:00,10:00
40W000003219442X,KIRAN HES,unknown,2026-05-31 11:00:00+03:00,,0.0,chunk_0069.json,POST /v1/generation/data/dpp-bulk,2026-05-31 21:45:54.617221+00:00,3219442,KIRAN HES,103340,2026-05-31T11:00:00+03:00,11:00
40W000003219442X,KIRAN HES,unknown,2026-05-31 12:00:00+03:00,,0.0,chunk_0069.json,POST /v1/generation/data/dpp-bulk,2026-05-31 21:45:54.617221+00:00,3219442,KIRAN HES,103340,2026-05-31T12:00:00+03:00,12:00
40W000003219442X,KIRAN HES,unknown,2026-05-31 13:00:00+03:00,,0.0,chunk_0069.json,POST /v1/generation/data/dpp-bulk,2026-05-31 21:45:54.617221+00:00,3219442,KIRAN HES,103340,2026-05-31T13:00:00+03:00,13:00
40W000003219442X,KIRAN HES,unknown,2026-05-31 14:00:00+03:00,,0.0,chunk_0069.json,POST /v1/generation/data/dpp-bulk,2026-05-31 21:45:54.617221+00:00,3219442,KIRAN HES,103340,2026-05-31T14:00:00+03:00,14:00
40W000003219442X,KIRAN HES,unknown,2026-05-31 15:00:00+03:00,,0.0,chunk_0069.json,POST /v1/generation/data/dpp-bulk,2026-05-31 21:45:54.617221+00:00,3219442,KIRAN HES,103340,2026-05-31T15:00:00+03:00,15:00
40W000003219442X,KIRAN HES,unknown,2026-05-31 16:00:00+03:00,,0.0,chunk_0069.json,POST /v1/generation/data/dpp-bulk,2026-05-31 21:45:54.617221+00:00,3219442,KIRAN HES,103340,2026-05-31T16:00:00+03:00,16:00
40W000003219442X,KIRAN HES,unknown,2026-05-31 17:00:00+03:00,,0.0,chunk_0069.json,POST /v1/generation/data/dpp-bulk,2026-05-31 21:45:54.617221+00:00,3219442,KIRAN HES,103340,2026-05-31T17:00:00+03:00,17:00
40W000003219442X,KIRAN HES,unknown,2026-05-31 18:00:00+03:00,,0.0,chunk_0069.json,POST /v1/generation/data/dpp-bulk,2026-05-31 21:45:54.617221+00:00,3219442,KIRAN HES,103340,2026-05-31T18:00:00+03:00,18:00
40W000003219442X,KIRAN HES,unknown,2026-05-31 19:00:00+03:00,,9.5,chunk_0069.json,POST /v1/generation/data/dpp-bulk,2026-05-31 21:45:54.617221+00:00,3219442,KIRAN HES,103340,2026-05-31T19:00:00+03:00,19:00
40W000003219442X,KIRAN HES,unknown,2026-05-31 20:00:00+03:00,,9.5,chunk_0069.json,POST /v1/generation/data/dpp-bulk,2026-05-31 21:45:54.617221+00:00,3219442,KIRAN HES,103340,2026-05-31T20:00:00+03:00,20:00
40W000003219442X,KIRAN HES,unknown,2026-05-31 21:00:00+03:00,,9.5,chunk_0069.json,POST /v1/generation/data/dpp-bulk,2026-05-31 21:45:54.617221+00:00,3219442,KIRAN HES,103340,2026-05-31T21:00:00+03:00,21:00
40W000003219442X,KIRAN HES,unknown,2026-05-31 22:00:00+03:00,,9.5,chunk_0069.json,POST /v1/generation/data/dpp-bulk,2026-05-31 21:45:54.617221+00:00,3219442,KIRAN HES,103340,2026-05-31T22:00:00+03:00,22:00
40W000003219442X,KIRAN HES,unknown,2026-05-31 23:00:00+03:00,,9.5,chunk_0069.json,POST /v1/generation/data/dpp-bulk,2026-05-31 21:45:54.617221+00:00,3219442,KIRAN HES,103340,2026-05-31T23:00:00+03:00,23:00
40W000003219443V,HORYAN REG. ve HES,unknown,2026-05-31 00:00:00+03:00,,5.0,chunk_0069.json,POST /v1/generation/data/dpp-bulk,2026-05-31 21:45:54.617221+00:00,3219443,HORYAN REG. ve HES,103340,2026-05-31T00:00:00+03:00,00:00
40W000003219443V,HORYAN REG. ve HES,unknown,2026-05-31 01:00:00+03:00,,4.8,chunk_0069.json,POST /v1/generation/data/dpp-bulk,2026-05-31 21:45:54.617221+00:00,3219443,HORYAN REG. ve HES,103340,2026-05-31T01:00:00+03:00,01:00
40W000003219443V,HORYAN REG. ve HES,unknown,2026-05-31 02:00:00+03:00,,4.5,chunk_0069.json,POST /v1/generation/data/dpp-bulk,2026-05-31 21:45:54.617221+00:00,3219443,HORYAN REG. ve HES,103340,2026-05-31T02:00:00+03:00,02:00
40W000003219443V,HORYAN REG. ve HES,unknown,2026-05-31 03:00:00+03:00,,0.0,chunk_0069.json,POST /v1/generation/data/dpp-bulk,2026-05-31 21:45:54.617221+00:00,3219443,HORYAN REG. ve HES,103340,2026-05-31T03:00:00+03:00,03:00
40W000003219443V,HORYAN REG. ve HES,unknown,2026-05-31 04:00:00+03:00,,0.0,chunk_0069.json,POST /v1/generation/data/dpp-bulk,2026-05-31 21:45:54.617221+00:00,3219443,HORYAN REG. ve HES,103340,2026-05-31T04:00:00+03:00,04:00
40W000003219443V,HORYAN REG. ve HES,unknown,2026-05-31 05:00:00+03:00,,0.0,chunk_0069.json,POST /v1/generation/data/dpp-bulk,2026-05-31 21:45:54.617221+00:00,3219443,HORYAN REG. ve HES,103340,2026-05-31T05:00:00+03:00,05:00
40W000003219443V,HORYAN REG. ve HES,unknown,2026-05-31 06:00:00+03:00,,0.0,chunk_0069.json,POST /v1/generation/data/dpp-bulk,2026-05-31 21:45:54.617221+00:00,3219443,HORYAN REG. ve HES,103340,2026-05-31T06:00:00+03:00,06:00
40W000003219443V,HORYAN REG. ve HES,unknown,2026-05-31 07:00:00+03:00,,0.0,chunk_0069.json,POST /v1/generation/data/dpp-bulk,2026-05-31 21:45:54.617221+00:00,3219443,HORYAN REG. ve HES,103340,2026-05-31T07:00:00+03:00,07:00
40W000003219443V,HORYAN REG. ve HES,unknown,2026-05-31 08:00:00+03:00,,0.0,chunk_0069.json,POST /v1/generation/data/dpp-bulk,2026-05-31 21:45:54.617221+00:00,3219443,HORYAN REG. ve HES,103340,2026-05-31T08:00:00+03:00,08:00
40W000003219443V,HORYAN REG. ve HES,unknown,2026-05-31 09:00:00+03:00,,0.0,chunk_0069.json,POST /v1/generation/data/dpp-bulk,2026-05-31 21:45:54.617221+00:00,3219443,HORYAN REG. ve HES,103340,2026-05-31T09:00:00+03:00,09:00
40W000003219443V,HORYAN REG. ve HES,unknown,2026-05-31 10:00:00+03:00,,0.0,chunk_0069.json,POST /v1/generation/data/dpp-bulk,2026-05-31 21:45:54.617221+00:00,3219443,HORYAN REG. ve HES,103340,2026-05-31T10:00:00+03:00,10:00
40W000003219443V,HORYAN REG. ve HES,unknown,2026-05-31 11:00:00+03:00,,0.0,chunk_0069.json,POST /v1/generation/data/dpp-bulk,2026-05-31 21:45:54.617221+00:00,3219443,HORYAN REG. ve HES,103340,2026-05-31T11:00:00+03:00,11:00
40W000003219443V,HORYAN REG. ve HES,unknown,2026-05-31 12:00:00+03:00,,0.0,chunk_0069.json,POST /v1/generation/data/dpp-bulk,2026-05-31 21:45:54.617221+00:00,3219443,HORYAN REG. ve HES,103340,2026-05-31T12:00:00+03:00,12:00
40W000003219443V,HORYAN REG. ve HES,unknown,2026-05-31 13:00:00+03:00,,0.0,chunk_0069.json,POST /v1/generation/data/dpp-bulk,2026-05-31 21:45:54.617221+00:00,3219443,HORYAN REG. ve HES,103340,2026-05-31T13:00:00+03:00,13:00
40W000003219443V,HORYAN REG. ve HES,unknown,2026-05-31 14:00:00+03:00,,0.0,chunk_0069.json,POST /v1/generation/data/dpp-bulk,2026-05-31 21:45:54.617221+00:00,3219443,HORYAN REG. ve HES,103340,2026-05-31T14:00:00+03:00,14:00
40W000003219443V,HORYAN REG. ve HES,unknown,2026-05-31 15:00:00+03:00,,0.0,chunk_0069.json,POST /v1/generation/data/dpp-bulk,2026-05-31 21:45:54.617221+00:00,3219443,HORYAN REG. ve HES,103340,2026-05-31T15:00:00+03:00,15:00
40W000003219443V,HORYAN REG. ve HES,unknown,2026-05-31 16:00:00+03:00,,0.0,chunk_0069.json,POST /v1/generation/data/dpp-bulk,2026-05-31 21:45:54.617221+00:00,3219443,HORYAN REG. ve HES,103340,2026-05-31T16:00:00+03:00,16:00
40W000003219443V,HORYAN REG. ve HES,unknown,2026-05-31 17:00:00+03:00,,0.0,chunk_0069.json,POST /v1/generation/data/dpp-bulk,2026-05-31 21:45:54.617221+00:00,3219443,HORYAN REG. ve HES,103340,2026-05-31T17:00:00+03:00,17:00
40W000003219443V,HORYAN REG. ve HES,unknown,2026-05-31 18:00:00+03:00,,0.0,chunk_0069.json,POST /v1/generation/data/dpp-bulk,2026-05-31 21:45:54.617221+00:00,3219443,HORYAN REG. ve HES,103340,2026-05-31T18:00:00+03:00,18:00
40W000003219443V,HORYAN REG. ve HES,unknown,2026-05-31 19:00:00+03:00,,4.5,chunk_0069.json,POST /v1/generation/data/dpp-bulk,2026-05-31 21:45:54.617221+00:00,3219443,HORYAN REG. ve HES,103340,2026-05-31T19:00:00+03:00,19:00
40W000003219443V,HORYAN REG. ve HES,unknown,2026-05-31 20:00:00+03:00,,4.5,chunk_0069.json,POST /v1/generation/data/dpp-bulk,2026-05-31 21:45:54.617221+00:00,3219443,HORYAN REG. ve HES,103340,2026-05-31T20:00:00+03:00,20:00
40W000003219443V,HORYAN REG. ve HES,unknown,2026-05-31 21:00:00+03:00,,4.5,chunk_0069.json,POST /v1/generation/data/dpp-bulk,2026-05-31 21:45:54.617221+00:00,3219443,HORYAN REG. ve HES,103340,2026-05-31T21:00:00+03:00,21:00
40W000003219443V,HORYAN REG. ve HES,unknown,2026-05-31 22:00:00+03:00,,4.5,chunk_0069.json,POST /v1/generation/data/dpp-bulk,2026-05-31 21:45:54.617221+00:00,3219443,HORYAN REG. ve HES,103340,2026-05-31T22:00:00+03:00,22:00
40W000003219443V,HORYAN REG. ve HES,unknown,2026-05-31 23:00:00+03:00,,4.5,chunk_0069.json,POST /v1/generation/data/dpp-bulk,2026-05-31 21:45:54.617221+00:00,3219443,HORYAN REG. ve HES,103340,2026-05-31T23:00:00+03:00,23:00
40W000003219444T,SOĞUKPINAR HES,unknown,2026-05-31 00:00:00+03:00,,0.0,chunk_0069.json,POST /v1/generation/data/dpp-bulk,2026-05-31 21:45:54.617221+00:00,3219444,SOĞUKPINAR HES,103340,2026-05-31T00:00:00+03:00,00:00
40W000003219444T,SOĞUKPINAR HES,unknown,2026-05-31 01:00:00+03:00,,0.0,chunk_0069.json,POST /v1/generation/data/dpp-bulk,2026-05-31 21:45:54.617221+00:00,3219444,SOĞUKPINAR HES,103340,2026-05-31T01:00:00+03:00,01:00
40W000003219444T,SOĞUKPINAR HES,unknown,2026-05-31 02:00:00+03:00,,0.0,chunk_0069.json,POST /v1/generation/data/dpp-bulk,2026-05-31 21:45:54.617221+00:00,3219444,SOĞUKPINAR HES,103340,2026-05-31T02:00:00+03:00,02:00
40W000003219444T,SOĞUKPINAR HES,unknown,2026-05-31 03:00:00+03:00,,0.0,chunk_0069.json,POST /v1/generation/data/dpp-bulk,2026-05-31 21:45:54.617221+00:00,3219444,SOĞUKPINAR HES,103340,2026-05-31T03:00:00+03:00,03:00
40W000003219444T,SOĞUKPINAR HES,unknown,2026-05-31 04:00:00+03:00,,0.0,chunk_0069.json,POST /v1/generation/data/dpp-bulk,2026-05-31 21:45:54.617221+00:00,3219444,SOĞUKPINAR HES,103340,2026-05-31T04:00:00+03:00,04:00
40W000003219444T,SOĞUKPINAR HES,unknown,2026-05-31 05:00:00+03:00,,0.0,chunk_0069.json,POST /v1/generation/data/dpp-bulk,2026-05-31 21:45:54.617221+00:00,3219444,SOĞUKPINAR HES,103340,2026-05-31T05:00:00+03:00,05:00
40W000003219444T,SOĞUKPINAR HES,unknown,2026-05-31 06:00:00+03:00,,0.0,chunk_0069.json,POST /v1/generation/data/dpp-bulk,2026-05-31 21:45:54.617221+00:00,3219444,SOĞUKPINAR HES,103340,2026-05-31T06:00:00+03:00,06:00
40W000003219444T,SOĞUKPINAR HES,unknown,2026-05-31 07:00:00+03:00,,0.0,chunk_0069.json,POST /v1/generation/data/dpp-bulk,2026-05-31 21:45:54.617221+00:00,3219444,SOĞUKPINAR HES,103340,2026-05-31T07:00:00+03:00,07:00
40W000003219444T,SOĞUKPINAR HES,unknown,2026-05-31 08:00:00+03:00,,0.0,chunk_0069.json,POST /v1/generation/data/dpp-bulk,2026-05-31 21:45:54.617221+00:00,3219444,SOĞUKPINAR HES,103340,2026-05-31T08:00:00+03:00,08:00
40W000003219444T,SOĞUKPINAR HES,unknown,2026-05-31 09:00:00+03:00,,0.0,chunk_0069.json,POST /v1/generation/data/dpp-bulk,2026-05-31 21:45:54.617221+00:00,3219444,SOĞUKPINAR HES,103340,2026-05-31T09:00:00+03:00,09:00
40W000003219444T,SOĞUKPINAR HES,unknown,2026-05-31 10:00:00+03:00,,0.0,chunk_0069.json,POST /v1/generation/data/dpp-bulk,2026-05-31 21:45:54.617221+00:00,3219444,SOĞUKPINAR HES,103340,2026-05-31T10:00:00+03:00,10:00
40W000003219444T,SOĞUKPINAR HES,unknown,2026-05-31 11:00:00+03:00,,0.0,chunk_0069.json,POST /v1/generation/data/dpp-bulk,2026-05-31 21:45:54.617221+00:00,3219444,SOĞUKPINAR HES,103340,2026-05-31T11:00:00+03:00,11:00
40W000003219444T,SOĞUKPINAR HES,unknown,2026-05-31 12:00:00+03:00,,0.0,chunk_0069.json,POST /v1/generation/data/dpp-bulk,2026-05-31 21:45:54.617221+00:00,3219444,SOĞUKPINAR HES,103340,2026-05-31T12:00:00+03:00,12:00
40W000003219444T,SOĞUKPINAR HES,unknown,2026-05-31 13:00:00+03:00,,0.0,chunk_0069.json,POST /v1/generation/data/dpp-bulk,2026-05-31 21:45:54.617221+00:00,3219444,SOĞUKPINAR HES,103340,2026-05-31T13:00:00+03:00,13:00
40W000003219444T,SOĞUKPINAR HES,unknown,2026-05-31 14:00:00+03:00,,0.0,chunk_0069.json,POST /v1/generation/data/dpp-bulk,2026-05-31 21:45:54.617221+00:00,3219444,SOĞUKPINAR HES,103340,2026-05-31T14:00:00+03:00,14:00
40W000003219444T,SOĞUKPINAR HES,unknown,2026-05-31 15:00:00+03:00,,0.0,chunk_0069.json,POST /v1/generation/data/dpp-bulk,2026-05-31 21:45:54.617221+00:00,3219444,SOĞUKPINAR HES,103340,2026-05-31T15:00:00+03:00,15:00
40W000003219444T,SOĞUKPINAR HES,unknown,2026-05-31 16:00:00+03:00,,0.0,chunk_0069.json,POST /v1/generation/data/dpp-bulk,2026-05-31 21:45:54.617221+00:00,3219444,SOĞUKPINAR HES,103340,2026-05-31T16:00:00+03:00,16:00
40W000003219444T,SOĞUKPINAR HES,unknown,2026-05-31 17:00:00+03:00,,0.0,chunk_0069.json,POST /v1/generation/data/dpp-bulk,2026-05-31 21:45:54.617221+00:00,3219444,SOĞUKPINAR HES,103340,2026-05-31T17:00:00+03:00,17:00
40W000003219444T,SOĞUKPINAR HES,unknown,2026-05-31 18:00:00+03:00,,1.0,chunk_0069.json,POST /v1/generation/data/dpp-bulk,2026-05-31 21:45:54.617221+00:00,3219444,SOĞUKPINAR HES,103340,2026-05-31T18:00:00+03:00,18:00
40W000003219444T,SOĞUKPINAR HES,unknown,2026-05-31 19:00:00+03:00,,8.7,chunk_0069.json,POST /v1/generation/data/dpp-bulk,2026-05-31 21:45:54.617221+00:00,3219444,SOĞUKPINAR HES,103340,2026-05-31T19:00:00+03:00,19:00
40W000003219444T,SOĞUKPINAR HES,unknown,2026-05-31 20:00:00+03:00,,8.7,chunk_0069.json,POST /v1/generation/data/dpp-bulk,2026-05-31 21:45:54.617221+00:00,3219444,SOĞUKPINAR HES,103340,2026-05-31T20:00:00+03:00,20:00
40W000003219444T,SOĞUKPINAR HES,unknown,2026-05-31 21:00:00+03:00,,8.7,chunk_0069.json,POST /v1/generation/data/dpp-bulk,2026-05-31 21:45:54.617221+00:00,3219444,SOĞUKPINAR HES,103340,2026-05-31T21:00:00+03:00,21:00
40W000003219444T,SOĞUKPINAR HES,unknown,2026-05-31 22:00:00+03:00,,8.7,chunk_0069.json,POST /v1/generation/data/dpp-bulk,2026-05-31 21:45:54.617221+00:00,3219444,SOĞUKPINAR HES,103340,2026-05-31T22:00:00+03:00,22:00
40W000003219444T,SOĞUKPINAR HES,unknown,2026-05-31 23:00:00+03:00,,8.7,chunk_0069.json,POST /v1/generation/data/dpp-bulk,2026-05-31 21:45:54.617221+00:00,3219444,SOĞUKPINAR HES,103340,2026-05-31T23:00:00+03:00,23:00
40W000003219445R,KÖPRÜBAŞI REG. ve HES,unknown,2026-05-31 00:00:00+03:00,,14.5,chunk_0069.json,POST /v1/generation/data/dpp-bulk,2026-05-31 21:45:54.617221+00:00,3219445,KÖPRÜBAŞI REG. ve HES,103340,2026-05-31T00:00:00+03:00,00:00
40W000003219445R,KÖPRÜBAŞI REG. ve HES,unknown,2026-05-31 01:00:00+03:00,,14.5,chunk_0069.json,POST /v1/generation/data/dpp-bulk,2026-05-31 21:45:54.617221+00:00,3219445,KÖPRÜBAŞI REG. ve HES,103340,2026-05-31T01:00:00+03:00,01:00
40W000003219445R,KÖPRÜBAŞI REG. ve HES,unknown,2026-05-31 02:00:00+03:00,,14.5,chunk_0069.json,POST /v1/generation/data/dpp-bulk,2026-05-31 21:45:54.617221+00:00,3219445,KÖPRÜBAŞI REG. ve HES,103340,2026-05-31T02:00:00+03:00,02:00
40W000003219445R,KÖPRÜBAŞI REG. ve HES,unknown,2026-05-31 03:00:00+03:00,,0.0,chunk_0069.json,POST /v1/generation/data/dpp-bulk,2026-05-31 21:45:54.617221+00:00,3219445,KÖPRÜBAŞI REG. ve HES,103340,2026-05-31T03:00:00+03:00,03:00
40W000003219445R,KÖPRÜBAŞI REG. ve HES,unknown,2026-05-31 04:00:00+03:00,,0.0,chunk_0069.json,POST /v1/generation/data/dpp-bulk,2026-05-31 21:45:54.617221+00:00,3219445,KÖPRÜBAŞI REG. ve HES,103340,2026-05-31T04:00:00+03:00,04:00
40W000003219445R,KÖPRÜBAŞI REG. ve HES,unknown,2026-05-31 05:00:00+03:00,,0.0,chunk_0069.json,POST /v1/generation/data/dpp-bulk,2026-05-31 21:45:54.617221+00:00,3219445,KÖPRÜBAŞI REG. ve HES,103340,2026-05-31T05:00:00+03:00,05:00
40W000003219445R,KÖPRÜBAŞI REG. ve HES,unknown,2026-05-31 06:00:00+03:00,,0.0,chunk_0069.json,POST /v1/generation/data/dpp-bulk,2026-05-31 21:45:54.617221+00:00,3219445,KÖPRÜBAŞI REG. ve HES,103340,2026-05-31T06:00:00+03:00,06:00
40W000003219445R,KÖPRÜBAŞI REG. ve HES,unknown,2026-05-31 07:00:00+03:00,,0.0,chunk_0069.json,POST /v1/generation/data/dpp-bulk,2026-05-31 21:45:54.617221+00:00,3219445,KÖPRÜBAŞI REG. ve HES,103340,2026-05-31T07:00:00+03:00,07:00
40W000003219445R,KÖPRÜBAŞI REG. ve HES,unknown,2026-05-31 08:00:00+03:00,,0.0,chunk_0069.json,POST /v1/generation/data/dpp-bulk,2026-05-31 21:45:54.617221+00:00,3219445,KÖPRÜBAŞI REG. ve HES,103340,2026-05-31T08:00:00+03:00,08:00
40W000003219445R,KÖPRÜBAŞI REG. ve HES,unknown,2026-05-31 09:00:00+03:00,,0.0,chunk_0069.json,POST /v1/generation/data/dpp-bulk,2026-05-31 21:45:54.617221+00:00,3219445,KÖPRÜBAŞI REG. ve HES,103340,2026-05-31T09:00:00+03:00,09:00
40W000003219445R,KÖPRÜBAŞI REG. ve HES,unknown,2026-05-31 10:00:00+03:00,,0.0,chunk_0069.json,POST /v1/generation/data/dpp-bulk,2026-05-31 21:45:54.617221+00:00,3219445,KÖPRÜBAŞI REG. ve HES,103340,2026-05-31T10:00:00+03:00,10:00
40W000003219445R,KÖPRÜBAŞI REG. ve HES,unknown,2026-05-31 11:00:00+03:00,,0.0,chunk_0069.json,POST /v1/generation/data/dpp-bulk,2026-05-31 21:45:54.617221+00:00,3219445,KÖPRÜBAŞI REG. ve HES,103340,2026-05-31T11:00:00+03:00,11:00
40W000003219445R,KÖPRÜBAŞI REG. ve HES,unknown,2026-05-31 12:00:00+03:00,,0.0,chunk_0069.json,POST /v1/generation/data/dpp-bulk,2026-05-31 21:45:54.617221+00:00,3219445,KÖPRÜBAŞI REG. ve HES,103340,2026-05-31T12:00:00+03:00,12:00
40W000003219445R,KÖPRÜBAŞI REG. ve HES,unknown,2026-05-31 13:00:00+03:00,,0.0,chunk_0069.json,POST /v1/generation/data/dpp-bulk,2026-05-31 21:45:54.617221+00:00,3219445,KÖPRÜBAŞI REG. ve HES,103340,2026-05-31T13:00:00+03:00,13:00
40W000003219445R,KÖPRÜBAŞI REG. ve HES,unknown,2026-05-31 14:00:00+03:00,,0.0,chunk_0069.json,POST /v1/generation/data/dpp-bulk,2026-05-31 21:45:54.617221+00:00,3219445,KÖPRÜBAŞI REG. ve HES,103340,2026-05-31T14:00:00+03:00,14:00
40W000003219445R,KÖPRÜBAŞI REG. ve HES,unknown,2026-05-31 15:00:00+03:00,,0.0,chunk_0069.json,POST /v1/generation/data/dpp-bulk,2026-05-31 21:45:54.617221+00:00,3219445,KÖPRÜBAŞI REG. ve HES,103340,2026-05-31T15:00:00+03:00,15:00
40W000003219445R,KÖPRÜBAŞI REG. ve HES,unknown,2026-05-31 16:00:00+03:00,,0.0,chunk_0069.json,POST /v1/generation/data/dpp-bulk,2026-05-31 21:45:54.617221+00:00,3219445,KÖPRÜBAŞI REG. ve HES,103340,2026-05-31T16:00:00+03:00,16:00
40W000003219445R,KÖPRÜBAŞI REG. ve HES,unknown,2026-05-31 17:00:00+03:00,,0.0,chunk_0069.json,POST /v1/generation/data/dpp-bulk,2026-05-31 21:45:54.617221+00:00,3219445,KÖPRÜBAŞI REG. ve HES,103340,2026-05-31T17:00:00+03:00,17:00
40W000003219445R,KÖPRÜBAŞI REG. ve HES,unknown,2026-05-31 18:00:00+03:00,,0.0,chunk_0069.json,POST /v1/generation/data/dpp-bulk,2026-05-31 21:45:54.617221+00:00,3219445,KÖPRÜBAŞI REG. ve HES,103340,2026-05-31T18:00:00+03:00,18:00
40W000003219445R,KÖPRÜBAŞI REG. ve HES,unknown,2026-05-31 19:00:00+03:00,,14.5,chunk_0069.json,POST /v1/generation/data/dpp-bulk,2026-05-31 21:45:54.617221+00:00,3219445,KÖPRÜBAŞI REG. ve HES,103340,2026-05-31T19:00:00+03:00,19:00
40W000003219445R,KÖPRÜBAŞI REG. ve HES,unknown,2026-05-31 20:00:00+03:00,,14.5,chunk_0069.json,POST /v1/generation/data/dpp-bulk,2026-05-31 21:45:54.617221+00:00,3219445,KÖPRÜBAŞI REG. ve HES,103340,2026-05-31T20:00:00+03:00,20:00
40W000003219445R,KÖPRÜBAŞI REG. ve HES,unknown,2026-05-31 21:00:00+03:00,,14.5,chunk_0069.json,POST /v1/generation/data/dpp-bulk,2026-05-31 21:45:54.617221+00:00,3219445,KÖPRÜBAŞI REG. ve HES,103340,2026-05-31T21:00:00+03:00,21:00
40W000003219445R,KÖPRÜBAŞI REG. ve HES,unknown,2026-05-31 22:00:00+03:00,,14.5,chunk_0069.json,POST /v1/generation/data/dpp-bulk,2026-05-31 21:45:54.617221+00:00,3219445,KÖPRÜBAŞI REG. ve HES,103340,2026-05-31T22:00:00+03:00,22:00
40W000003219445R,KÖPRÜBAŞI REG. ve HES,unknown,2026-05-31 23:00:00+03:00,,14.5,chunk_0069.json,POST /v1/generation/data/dpp-bulk,2026-05-31 21:45:54.617221+00:00,3219445,KÖPRÜBAŞI REG. ve HES,103340,2026-05-31T23:00:00+03:00,23:00
40W000003219472O,BAYRA REG. ve HES,unknown,2026-05-31 00:00:00+03:00,,7.2,chunk_0069.json,POST /v1/generation/data/dpp-bulk,2026-05-31 21:45:54.617221+00:00,3219472,BAYRA REG. ve HES,103340,2026-05-31T00:00:00+03:00,00:00
40W000003219472O,BAYRA REG. ve HES,unknown,2026-05-31 01:00:00+03:00,,7.2,chunk_0069.json,POST /v1/generation/data/dpp-bulk,2026-05-31 21:45:54.617221+00:00,3219472,BAYRA REG. ve HES,103340,2026-05-31T01:00:00+03:00,01:00
40W000003219472O,BAYRA REG. ve HES,unknown,2026-05-31 02:00:00+03:00,,7.2,chunk_0069.json,POST /v1/generation/data/dpp-bulk,2026-05-31 21:45:54.617221+00:00,3219472,BAYRA REG. ve HES,103340,2026-05-31T02:00:00+03:00,02:00
40W000003219472O,BAYRA REG. ve HES,unknown,2026-05-31 03:00:00+03:00,,7.2,chunk_0069.json,POST /v1/generation/data/dpp-bulk,2026-05-31 21:45:54.617221+00:00,3219472,BAYRA REG. ve HES,103340,2026-05-31T03:00:00+03:00,03:00
40W000003219472O,BAYRA REG. ve HES,unknown,2026-05-31 04:00:00+03:00,,7.2,chunk_0069.json,POST /v1/generation/data/dpp-bulk,2026-05-31 21:45:54.617221+00:00,3219472,BAYRA REG. ve HES,103340,2026-05-31T04:00:00+03:00,04:00
40W000003219472O,BAYRA REG. ve HES,unknown,2026-05-31 05:00:00+03:00,,7.2,chunk_0069.json,POST /v1/generation/data/dpp-bulk,2026-05-31 21:45:54.617221+00:00,3219472,BAYRA REG. ve HES,103340,2026-05-31T05:00:00+03:00,05:00
40W000003219472O,BAYRA REG. ve HES,unknown,2026-05-31 06:00:00+03:00,,7.2,chunk_0069.json,POST /v1/generation/data/dpp-bulk,2026-05-31 21:45:54.617221+00:00,3219472,BAYRA REG. ve HES,103340,2026-05-31T06:00:00+03:00,06:00
40W000003219472O,BAYRA REG. ve HES,unknown,2026-05-31 07:00:00+03:00,,7.8,chunk_0069.json,POST /v1/generation/data/dpp-bulk,2026-05-31 21:45:54.617221+00:00,3219472,BAYRA REG. ve HES,103340,2026-05-31T07:00:00+03:00,07:00
40W000003219472O,BAYRA REG. ve HES,unknown,2026-05-31 08:00:00+03:00,,7.8,chunk_0069.json,POST /v1/generation/data/dpp-bulk,2026-05-31 21:45:54.617221+00:00,3219472,BAYRA REG. ve HES,103340,2026-05-31T08:00:00+03:00,08:00
40W000003219472O,BAYRA REG. ve HES,unknown,2026-05-31 09:00:00+03:00,,8.4,chunk_0069.json,POST /v1/generation/data/dpp-bulk,2026-05-31 21:45:54.617221+00:00,3219472,BAYRA REG. ve HES,103340,2026-05-31T09:00:00+03:00,09:00
40W000003219472O,BAYRA REG. ve HES,unknown,2026-05-31 10:00:00+03:00,,8.4,chunk_0069.json,POST /v1/generation/data/dpp-bulk,2026-05-31 21:45:54.617221+00:00,3219472,BAYRA REG. ve HES,103340,2026-05-31T10:00:00+03:00,10:00
40W000003219472O,BAYRA REG. ve HES,unknown,2026-05-31 11:00:00+03:00,,8.4,chunk_0069.json,POST /v1/generation/data/dpp-bulk,2026-05-31 21:45:54.617221+00:00,3219472,BAYRA REG. ve HES,103340,2026-05-31T11:00:00+03:00,11:00
40W000003219472O,BAYRA REG. ve HES,unknown,2026-05-31 12:00:00+03:00,,8.4,chunk_0069.json,POST /v1/generation/data/dpp-bulk,2026-05-31 21:45:54.617221+00:00,3219472,BAYRA REG. ve HES,103340,2026-05-31T12:00:00+03:00,12:00
40W000003219472O,BAYRA REG. ve HES,unknown,2026-05-31 13:00:00+03:00,,8.4,chunk_0069.json,POST /v1/generation/data/dpp-bulk,2026-05-31 21:45:54.617221+00:00,3219472,BAYRA REG. ve HES,103340,2026-05-31T13:00:00+03:00,13:00
40W000003219472O,BAYRA REG. ve HES,unknown,2026-05-31 14:00:00+03:00,,8.4,chunk_0069.json,POST /v1/generation/data/dpp-bulk,2026-05-31 21:45:54.617221+00:00,3219472,BAYRA REG. ve HES,103340,2026-05-31T14:00:00+03:00,14:00
40W000003219472O,BAYRA REG. ve HES,unknown,2026-05-31 15:00:00+03:00,,8.4,chunk_0069.json,POST /v1/generation/data/dpp-bulk,2026-05-31 21:45:54.617221+00:00,3219472,BAYRA REG. ve HES,103340,2026-05-31T15:00:00+03:00,15:00
40W000003219472O,BAYRA REG. ve HES,unknown,2026-05-31 16:00:00+03:00,,7.8,chunk_0069.json,POST /v1/generation/data/dpp-bulk,2026-05-31 21:45:54.617221+00:00,3219472,BAYRA REG. ve HES,103340,2026-05-31T16:00:00+03:00,16:00
40W000003219472O,BAYRA REG. ve HES,unknown,2026-05-31 17:00:00+03:00,,7.8,chunk_0069.json,POST /v1/generation/data/dpp-bulk,2026-05-31 21:45:54.617221+00:00,3219472,BAYRA REG. ve HES,103340,2026-05-31T17:00:00+03:00,17:00
40W000003219472O,BAYRA REG. ve HES,unknown,2026-05-31 18:00:00+03:00,,7.2,chunk_0069.json,POST /v1/generation/data/dpp-bulk,2026-05-31 21:45:54.617221+00:00,3219472,BAYRA REG. ve HES,103340,2026-05-31T18:00:00+03:00,18:00
40W000003219472O,BAYRA REG. ve HES,unknown,2026-05-31 19:00:00+03:00,,7.2,chunk_0069.json,POST /v1/generation/data/dpp-bulk,2026-05-31 21:45:54.617221+00:00,3219472,BAYRA REG. ve HES,103340,2026-05-31T19:00:00+03:00,19:00
40W000003219472O,BAYRA REG. ve HES,unknown,2026-05-31 20:00:00+03:00,,7.2,chunk_0069.json,POST /v1/generation/data/dpp-bulk,2026-05-31 21:45:54.617221+00:00,3219472,BAYRA REG. ve HES,103340,2026-05-31T20:00:00+03:00,20:00
40W000003219472O,BAYRA REG. ve HES,unknown,2026-05-31 21:00:00+03:00,,7.2,chunk_0069.json,POST /v1/generation/data/dpp-bulk,2026-05-31 21:45:54.617221+00:00,3219472,BAYRA REG. ve HES,103340,2026-05-31T21:00:00+03:00,21:00
40W000003219472O,BAYRA REG. ve HES,unknown,2026-05-31 22:00:00+03:00,,7.2,chunk_0069.json,POST /v1/generation/data/dpp-bulk,2026-05-31 21:45:54.617221+00:00,3219472,BAYRA REG. ve HES,103340,2026-05-31T22:00:00+03:00,22:00
40W000003219472O,BAYRA REG. ve HES,unknown,2026-05-31 23:00:00+03:00,,7.2,chunk_0069.json,POST /v1/generation/data/dpp-bulk,2026-05-31 21:45:54.617221+00:00,3219472,BAYRA REG. ve HES,103340,2026-05-31T23:00:00+03:00,23:00
40W000003219370W,MORGEDİK HES,unknown,2026-05-31 00:00:00+03:00,,2.03,chunk_0069.json,POST /v1/generation/data/dpp-bulk,2026-05-31 21:45:54.617221+00:00,3219370,MORGEDİK HES,103840,2026-05-31T00:00:00+03:00,00:00
40W000003219370W,MORGEDİK HES,unknown,2026-05-31 01:00:00+03:00,,2.03,chunk_0069.json,POST /v1/generation/data/dpp-bulk,2026-05-31 21:45:54.617221+00:00,3219370,MORGEDİK HES,103840,2026-05-31T01:00:00+03:00,01:00
40W000003219370W,MORGEDİK HES,unknown,2026-05-31 02:00:00+03:00,,2.03,chunk_0069.json,POST /v1/generation/data/dpp-bulk,2026-05-31 21:45:54.617221+00:00,3219370,MORGEDİK HES,103840,2026-05-31T02:00:00+03:00,02:00
40W000003219370W,MORGEDİK HES,unknown,2026-05-31 03:00:00+03:00,,2.03,chunk_0069.json,POST /v1/generation/data/dpp-bulk,2026-05-31 21:45:54.617221+00:00,3219370,MORGEDİK HES,103840,2026-05-31T03:00:00+03:00,03:00
40W000003219370W,MORGEDİK HES,unknown,2026-05-31 04:00:00+03:00,,2.03,chunk_0069.json,POST /v1/generation/data/dpp-bulk,2026-05-31 21:45:54.617221+00:00,3219370,MORGEDİK HES,103840,2026-05-31T04:00:00+03:00,04:00
40W000003219370W,MORGEDİK HES,unknown,2026-05-31 05:00:00+03:00,,2.03,chunk_0069.json,POST /v1/generation/data/dpp-bulk,2026-05-31 21:45:54.617221+00:00,3219370,MORGEDİK HES,103840,2026-05-31T05:00:00+03:00,05:00
40W000003219370W,MORGEDİK HES,unknown,2026-05-31 06:00:00+03:00,,2.03,chunk_0069.json,POST /v1/generation/data/dpp-bulk,2026-05-31 21:45:54.617221+00:00,3219370,MORGEDİK HES,103840,2026-05-31T06:00:00+03:00,06:00
40W000003219370W,MORGEDİK HES,unknown,2026-05-31 07:00:00+03:00,,2.03,chunk_0069.json,POST /v1/generation/data/dpp-bulk,2026-05-31 21:45:54.617221+00:00,3219370,MORGEDİK HES,103840,2026-05-31T07:00:00+03:00,07:00
40W000003219370W,MORGEDİK HES,unknown,2026-05-31 08:00:00+03:00,,2.03,chunk_0069.json,POST /v1/generation/data/dpp-bulk,2026-05-31 21:45:54.617221+00:00,3219370,MORGEDİK HES,103840,2026-05-31T08:00:00+03:00,08:00
40W000003219370W,MORGEDİK HES,unknown,2026-05-31 09:00:00+03:00,,2.03,chunk_0069.json,POST /v1/generation/data/dpp-bulk,2026-05-31 21:45:54.617221+00:00,3219370,MORGEDİK HES,103840,2026-05-31T09:00:00+03:00,09:00
40W000003219370W,MORGEDİK HES,unknown,2026-05-31 10:00:00+03:00,,2.03,chunk_0069.json,POST /v1/generation/data/dpp-bulk,2026-05-31 21:45:54.617221+00:00,3219370,MORGEDİK HES,103840,2026-05-31T10:00:00+03:00,10:00
40W000003219370W,MORGEDİK HES,unknown,2026-05-31 11:00:00+03:00,,2.03,chunk_0069.json,POST /v1/generation/data/dpp-bulk,2026-05-31 21:45:54.617221+00:00,3219370,MORGEDİK HES,103840,2026-05-31T11:00:00+03:00,11:00
40W000003219370W,MORGEDİK HES,unknown,2026-05-31 12:00:00+03:00,,2.03,chunk_0069.json,POST /v1/generation/data/dpp-bulk,2026-05-31 21:45:54.617221+00:00,3219370,MORGEDİK HES,103840,2026-05-31T12:00:00+03:00,12:00
40W000003219370W,MORGEDİK HES,unknown,2026-05-31 13:00:00+03:00,,2.03,chunk_0069.json,POST /v1/generation/data/dpp-bulk,2026-05-31 21:45:54.617221+00:00,3219370,MORGEDİK HES,103840,2026-05-31T13:00:00+03:00,13:00
40W000003219370W,MORGEDİK HES,unknown,2026-05-31 14:00:00+03:00,,2.03,chunk_0069.json,POST /v1/generation/data/dpp-bulk,2026-05-31 21:45:54.617221+00:00,3219370,MORGEDİK HES,103840,2026-05-31T14:00:00+03:00,14:00
40W000003219370W,MORGEDİK HES,unknown,2026-05-31 15:00:00+03:00,,2.03,chunk_0069.json,POST /v1/generation/data/dpp-bulk,2026-05-31 21:45:54.617221+00:00,3219370,MORGEDİK HES,103840,2026-05-31T15:00:00+03:00,15:00
40W000003219370W,MORGEDİK HES,unknown,2026-05-31 16:00:00+03:00,,2.03,chunk_0069.json,POST /v1/generation/data/dpp-bulk,2026-05-31 21:45:54.617221+00:00,3219370,MORGEDİK HES,103840,2026-05-31T16:00:00+03:00,16:00
40W000003219370W,MORGEDİK HES,unknown,2026-05-31 17:00:00+03:00,,2.03,chunk_0069.json,POST /v1/generation/data/dpp-bulk,2026-05-31 21:45:54.617221+00:00,3219370,MORGEDİK HES,103840,2026-05-31T17:00:00+03:00,17:00
40W000003219370W,MORGEDİK HES,unknown,2026-05-31 18:00:00+03:00,,2.03,chunk_0069.json,POST /v1/generation/data/dpp-bulk,2026-05-31 21:45:54.617221+00:00,3219370,MORGEDİK HES,103840,2026-05-31T18:00:00+03:00,18:00
40W000003219370W,MORGEDİK HES,unknown,2026-05-31 19:00:00+03:00,,2.03,chunk_0069.json,POST /v1/generation/data/dpp-bulk,2026-05-31 21:45:54.617221+00:00,3219370,MORGEDİK HES,103840,2026-05-31T19:00:00+03:00,19:00
40W000003219370W,MORGEDİK HES,unknown,2026-05-31 20:00:00+03:00,,2.03,chunk_0069.json,POST /v1/generation/data/dpp-bulk,2026-05-31 21:45:54.617221+00:00,3219370,MORGEDİK HES,103840,2026-05-31T20:00:00+03:00,20:00
40W000003219370W,MORGEDİK HES,unknown,2026-05-31 21:00:00+03:00,,2.03,chunk_0069.json,POST /v1/generation/data/dpp-bulk,2026-05-31 21:45:54.617221+00:00,3219370,MORGEDİK HES,103840,2026-05-31T21:00:00+03:00,21:00
40W000003219370W,MORGEDİK HES,unknown,2026-05-31 22:00:00+03:00,,2.03,chunk_0069.json,POST /v1/generation/data/dpp-bulk,2026-05-31 21:45:54.617221+00:00,3219370,MORGEDİK HES,103840,2026-05-31T22:00:00+03:00,22:00
40W000003219370W,MORGEDİK HES,unknown,2026-05-31 23:00:00+03:00,,2.03,chunk_0069.json,POST /v1/generation/data/dpp-bulk,2026-05-31 21:45:54.617221+00:00,3219370,MORGEDİK HES,103840,2026-05-31T23:00:00+03:00,23:00
