entsoe_code,plant_name,fuel_type,delivery_hour,publication_timestamp,kgup_mwh,source_file,source_api,forecast_timestamp,uevcb_id,uevcb_name,org_id,date_raw,time_raw
40W0000031989490,PETKİM RES,unknown,2026-05-31 00:00:00+03:00,,0.09,chunk_0035.json,POST /v1/generation/data/dpp-bulk,2026-05-31 21:45:40.033131+00:00,3198949,PETKİM RES,173,2026-05-31T00:00:00+03:00,00:00
40W0000031989490,PETKİM RES,unknown,2026-05-31 01:00:00+03:00,,0.12,chunk_0035.json,POST /v1/generation/data/dpp-bulk,2026-05-31 21:45:40.033131+00:00,3198949,PETKİM RES,173,2026-05-31T01:00:00+03:00,01:00
40W0000031989490,PETKİM RES,unknown,2026-05-31 02:00:00+03:00,,0.29,chunk_0035.json,POST /v1/generation/data/dpp-bulk,2026-05-31 21:45:40.033131+00:00,3198949,PETKİM RES,173,2026-05-31T02:00:00+03:00,02:00
40W0000031989490,PETKİM RES,unknown,2026-05-31 03:00:00+03:00,,0.31,chunk_0035.json,POST /v1/generation/data/dpp-bulk,2026-05-31 21:45:40.033131+00:00,3198949,PETKİM RES,173,2026-05-31T03:00:00+03:00,03:00
40W0000031989490,PETKİM RES,unknown,2026-05-31 04:00:00+03:00,,0.28,chunk_0035.json,POST /v1/generation/data/dpp-bulk,2026-05-31 21:45:40.033131+00:00,3198949,PETKİM RES,173,2026-05-31T04:00:00+03:00,04:00
40W0000031989490,PETKİM RES,unknown,2026-05-31 05:00:00+03:00,,0.29,chunk_0035.json,POST /v1/generation/data/dpp-bulk,2026-05-31 21:45:40.033131+00:00,3198949,PETKİM RES,173,2026-05-31T05:00:00+03:00,05:00
40W0000031989490,PETKİM RES,unknown,2026-05-31 06:00:00+03:00,,0.4,chunk_0035.json,POST /v1/generation/data/dpp-bulk,2026-05-31 21:45:40.033131+00:00,3198949,PETKİM RES,173,2026-05-31T06:00:00+03:00,06:00
40W0000031989490,PETKİM RES,unknown,2026-05-31 07:00:00+03:00,,0.22,chunk_0035.json,POST /v1/generation/data/dpp-bulk,2026-05-31 21:45:40.033131+00:00,3198949,PETKİM RES,173,2026-05-31T07:00:00+03:00,07:00
40W0000031989490,PETKİM RES,unknown,2026-05-31 08:00:00+03:00,,0.09,chunk_0035.json,POST /v1/generation/data/dpp-bulk,2026-05-31 21:45:40.033131+00:00,3198949,PETKİM RES,173,2026-05-31T08:00:00+03:00,08:00
40W0000031989490,PETKİM RES,unknown,2026-05-31 09:00:00+03:00,,0.09,chunk_0035.json,POST /v1/generation/data/dpp-bulk,2026-05-31 21:45:40.033131+00:00,3198949,PETKİM RES,173,2026-05-31T09:00:00+03:00,09:00
40W0000031989490,PETKİM RES,unknown,2026-05-31 10:00:00+03:00,,0.04,chunk_0035.json,POST /v1/generation/data/dpp-bulk,2026-05-31 21:45:40.033131+00:00,3198949,PETKİM RES,173,2026-05-31T10:00:00+03:00,10:00
40W0000031989490,PETKİM RES,unknown,2026-05-31 11:00:00+03:00,,0.07,chunk_0035.json,POST /v1/generation/data/dpp-bulk,2026-05-31 21:45:40.033131+00:00,3198949,PETKİM RES,173,2026-05-31T11:00:00+03:00,11:00
40W0000031989490,PETKİM RES,unknown,2026-05-31 12:00:00+03:00,,0.28,chunk_0035.json,POST /v1/generation/data/dpp-bulk,2026-05-31 21:45:40.033131+00:00,3198949,PETKİM RES,173,2026-05-31T12:00:00+03:00,12:00
40W0000031989490,PETKİM RES,unknown,2026-05-31 13:00:00+03:00,,0.96,chunk_0035.json,POST /v1/generation/data/dpp-bulk,2026-05-31 21:45:40.033131+00:00,3198949,PETKİM RES,173,2026-05-31T13:00:00+03:00,13:00
40W0000031989490,PETKİM RES,unknown,2026-05-31 14:00:00+03:00,,2.07,chunk_0035.json,POST /v1/generation/data/dpp-bulk,2026-05-31 21:45:40.033131+00:00,3198949,PETKİM RES,173,2026-05-31T14:00:00+03:00,14:00
40W0000031989490,PETKİM RES,unknown,2026-05-31 15:00:00+03:00,,3.73,chunk_0035.json,POST /v1/generation/data/dpp-bulk,2026-05-31 21:45:40.033131+00:00,3198949,PETKİM RES,173,2026-05-31T15:00:00+03:00,15:00
40W0000031989490,PETKİM RES,unknown,2026-05-31 16:00:00+03:00,,5.7,chunk_0035.json,POST /v1/generation/data/dpp-bulk,2026-05-31 21:45:40.033131+00:00,3198949,PETKİM RES,173,2026-05-31T16:00:00+03:00,16:00
40W0000031989490,PETKİM RES,unknown,2026-05-31 17:00:00+03:00,,7.52,chunk_0035.json,POST /v1/generation/data/dpp-bulk,2026-05-31 21:45:40.033131+00:00,3198949,PETKİM RES,173,2026-05-31T17:00:00+03:00,17:00
40W0000031989490,PETKİM RES,unknown,2026-05-31 18:00:00+03:00,,6.81,chunk_0035.json,POST /v1/generation/data/dpp-bulk,2026-05-31 21:45:40.033131+00:00,3198949,PETKİM RES,173,2026-05-31T18:00:00+03:00,18:00
40W0000031989490,PETKİM RES,unknown,2026-05-31 19:00:00+03:00,,3.08,chunk_0035.json,POST /v1/generation/data/dpp-bulk,2026-05-31 21:45:40.033131+00:00,3198949,PETKİM RES,173,2026-05-31T19:00:00+03:00,19:00
40W0000031989490,PETKİM RES,unknown,2026-05-31 20:00:00+03:00,,1.51,chunk_0035.json,POST /v1/generation/data/dpp-bulk,2026-05-31 21:45:40.033131+00:00,3198949,PETKİM RES,173,2026-05-31T20:00:00+03:00,20:00
40W0000031989490,PETKİM RES,unknown,2026-05-31 21:00:00+03:00,,1.2,chunk_0035.json,POST /v1/generation/data/dpp-bulk,2026-05-31 21:45:40.033131+00:00,3198949,PETKİM RES,173,2026-05-31T21:00:00+03:00,21:00
40W0000031989490,PETKİM RES,unknown,2026-05-31 22:00:00+03:00,,1.31,chunk_0035.json,POST /v1/generation/data/dpp-bulk,2026-05-31 21:45:40.033131+00:00,3198949,PETKİM RES,173,2026-05-31T22:00:00+03:00,22:00
40W0000031989490,PETKİM RES,unknown,2026-05-31 23:00:00+03:00,,1.25,chunk_0035.json,POST /v1/generation/data/dpp-bulk,2026-05-31 21:45:40.033131+00:00,3198949,PETKİM RES,173,2026-05-31T23:00:00+03:00,23:00
40W0000031969880,KASIMLAR BARAJI ve HES,unknown,2026-05-31 00:00:00+03:00,,36.0,chunk_0035.json,POST /v1/generation/data/dpp-bulk,2026-05-31 21:45:40.033131+00:00,3196988,KASIMLAR BARAJI ve HES,488,2026-05-31T00:00:00+03:00,00:00
40W0000031969880,KASIMLAR BARAJI ve HES,unknown,2026-05-31 01:00:00+03:00,,25.0,chunk_0035.json,POST /v1/generation/data/dpp-bulk,2026-05-31 21:45:40.033131+00:00,3196988,KASIMLAR BARAJI ve HES,488,2026-05-31T01:00:00+03:00,01:00
40W0000031969880,KASIMLAR BARAJI ve HES,unknown,2026-05-31 02:00:00+03:00,,0.0,chunk_0035.json,POST /v1/generation/data/dpp-bulk,2026-05-31 21:45:40.033131+00:00,3196988,KASIMLAR BARAJI ve HES,488,2026-05-31T02:00:00+03:00,02:00
40W0000031969880,KASIMLAR BARAJI ve HES,unknown,2026-05-31 03:00:00+03:00,,0.0,chunk_0035.json,POST /v1/generation/data/dpp-bulk,2026-05-31 21:45:40.033131+00:00,3196988,KASIMLAR BARAJI ve HES,488,2026-05-31T03:00:00+03:00,03:00
40W0000031969880,KASIMLAR BARAJI ve HES,unknown,2026-05-31 04:00:00+03:00,,0.0,chunk_0035.json,POST /v1/generation/data/dpp-bulk,2026-05-31 21:45:40.033131+00:00,3196988,KASIMLAR BARAJI ve HES,488,2026-05-31T04:00:00+03:00,04:00
40W0000031969880,KASIMLAR BARAJI ve HES,unknown,2026-05-31 05:00:00+03:00,,0.0,chunk_0035.json,POST /v1/generation/data/dpp-bulk,2026-05-31 21:45:40.033131+00:00,3196988,KASIMLAR BARAJI ve HES,488,2026-05-31T05:00:00+03:00,05:00
40W0000031969880,KASIMLAR BARAJI ve HES,unknown,2026-05-31 06:00:00+03:00,,0.0,chunk_0035.json,POST /v1/generation/data/dpp-bulk,2026-05-31 21:45:40.033131+00:00,3196988,KASIMLAR BARAJI ve HES,488,2026-05-31T06:00:00+03:00,06:00
40W0000031969880,KASIMLAR BARAJI ve HES,unknown,2026-05-31 07:00:00+03:00,,0.0,chunk_0035.json,POST /v1/generation/data/dpp-bulk,2026-05-31 21:45:40.033131+00:00,3196988,KASIMLAR BARAJI ve HES,488,2026-05-31T07:00:00+03:00,07:00
40W0000031969880,KASIMLAR BARAJI ve HES,unknown,2026-05-31 08:00:00+03:00,,0.0,chunk_0035.json,POST /v1/generation/data/dpp-bulk,2026-05-31 21:45:40.033131+00:00,3196988,KASIMLAR BARAJI ve HES,488,2026-05-31T08:00:00+03:00,08:00
40W0000031969880,KASIMLAR BARAJI ve HES,unknown,2026-05-31 09:00:00+03:00,,0.0,chunk_0035.json,POST /v1/generation/data/dpp-bulk,2026-05-31 21:45:40.033131+00:00,3196988,KASIMLAR BARAJI ve HES,488,2026-05-31T09:00:00+03:00,09:00
40W0000031969880,KASIMLAR BARAJI ve HES,unknown,2026-05-31 10:00:00+03:00,,0.0,chunk_0035.json,POST /v1/generation/data/dpp-bulk,2026-05-31 21:45:40.033131+00:00,3196988,KASIMLAR BARAJI ve HES,488,2026-05-31T10:00:00+03:00,10:00
40W0000031969880,KASIMLAR BARAJI ve HES,unknown,2026-05-31 11:00:00+03:00,,0.0,chunk_0035.json,POST /v1/generation/data/dpp-bulk,2026-05-31 21:45:40.033131+00:00,3196988,KASIMLAR BARAJI ve HES,488,2026-05-31T11:00:00+03:00,11:00
40W0000031969880,KASIMLAR BARAJI ve HES,unknown,2026-05-31 12:00:00+03:00,,0.0,chunk_0035.json,POST /v1/generation/data/dpp-bulk,2026-05-31 21:45:40.033131+00:00,3196988,KASIMLAR BARAJI ve HES,488,2026-05-31T12:00:00+03:00,12:00
40W0000031969880,KASIMLAR BARAJI ve HES,unknown,2026-05-31 13:00:00+03:00,,0.0,chunk_0035.json,POST /v1/generation/data/dpp-bulk,2026-05-31 21:45:40.033131+00:00,3196988,KASIMLAR BARAJI ve HES,488,2026-05-31T13:00:00+03:00,13:00
40W0000031969880,KASIMLAR BARAJI ve HES,unknown,2026-05-31 14:00:00+03:00,,0.0,chunk_0035.json,POST /v1/generation/data/dpp-bulk,2026-05-31 21:45:40.033131+00:00,3196988,KASIMLAR BARAJI ve HES,488,2026-05-31T14:00:00+03:00,14:00
40W0000031969880,KASIMLAR BARAJI ve HES,unknown,2026-05-31 15:00:00+03:00,,0.0,chunk_0035.json,POST /v1/generation/data/dpp-bulk,2026-05-31 21:45:40.033131+00:00,3196988,KASIMLAR BARAJI ve HES,488,2026-05-31T15:00:00+03:00,15:00
40W0000031969880,KASIMLAR BARAJI ve HES,unknown,2026-05-31 16:00:00+03:00,,0.0,chunk_0035.json,POST /v1/generation/data/dpp-bulk,2026-05-31 21:45:40.033131+00:00,3196988,KASIMLAR BARAJI ve HES,488,2026-05-31T16:00:00+03:00,16:00
40W0000031969880,KASIMLAR BARAJI ve HES,unknown,2026-05-31 17:00:00+03:00,,0.0,chunk_0035.json,POST /v1/generation/data/dpp-bulk,2026-05-31 21:45:40.033131+00:00,3196988,KASIMLAR BARAJI ve HES,488,2026-05-31T17:00:00+03:00,17:00
40W0000031969880,KASIMLAR BARAJI ve HES,unknown,2026-05-31 18:00:00+03:00,,30.0,chunk_0035.json,POST /v1/generation/data/dpp-bulk,2026-05-31 21:45:40.033131+00:00,3196988,KASIMLAR BARAJI ve HES,488,2026-05-31T18:00:00+03:00,18:00
40W0000031969880,KASIMLAR BARAJI ve HES,unknown,2026-05-31 19:00:00+03:00,,30.0,chunk_0035.json,POST /v1/generation/data/dpp-bulk,2026-05-31 21:45:40.033131+00:00,3196988,KASIMLAR BARAJI ve HES,488,2026-05-31T19:00:00+03:00,19:00
40W0000031969880,KASIMLAR BARAJI ve HES,unknown,2026-05-31 20:00:00+03:00,,30.0,chunk_0035.json,POST /v1/generation/data/dpp-bulk,2026-05-31 21:45:40.033131+00:00,3196988,KASIMLAR BARAJI ve HES,488,2026-05-31T20:00:00+03:00,20:00
40W0000031969880,KASIMLAR BARAJI ve HES,unknown,2026-05-31 21:00:00+03:00,,0.0,chunk_0035.json,POST /v1/generation/data/dpp-bulk,2026-05-31 21:45:40.033131+00:00,3196988,KASIMLAR BARAJI ve HES,488,2026-05-31T21:00:00+03:00,21:00
40W0000031969880,KASIMLAR BARAJI ve HES,unknown,2026-05-31 22:00:00+03:00,,0.0,chunk_0035.json,POST /v1/generation/data/dpp-bulk,2026-05-31 21:45:40.033131+00:00,3196988,KASIMLAR BARAJI ve HES,488,2026-05-31T22:00:00+03:00,22:00
40W0000031969880,KASIMLAR BARAJI ve HES,unknown,2026-05-31 23:00:00+03:00,,0.0,chunk_0035.json,POST /v1/generation/data/dpp-bulk,2026-05-31 21:45:40.033131+00:00,3196988,KASIMLAR BARAJI ve HES,488,2026-05-31T23:00:00+03:00,23:00
40W000003197648J,BARBAROS RES,unknown,2026-05-31 00:00:00+03:00,,2.1,chunk_0035.json,POST /v1/generation/data/dpp-bulk,2026-05-31 21:45:40.033131+00:00,3197648,BARBAROS RES,9533,2026-05-31T00:00:00+03:00,00:00
40W000003197648J,BARBAROS RES,unknown,2026-05-31 01:00:00+03:00,,1.0,chunk_0035.json,POST /v1/generation/data/dpp-bulk,2026-05-31 21:45:40.033131+00:00,3197648,BARBAROS RES,9533,2026-05-31T01:00:00+03:00,01:00
40W000003197648J,BARBAROS RES,unknown,2026-05-31 02:00:00+03:00,,0.7,chunk_0035.json,POST /v1/generation/data/dpp-bulk,2026-05-31 21:45:40.033131+00:00,3197648,BARBAROS RES,9533,2026-05-31T02:00:00+03:00,02:00
40W000003197648J,BARBAROS RES,unknown,2026-05-31 03:00:00+03:00,,0.25,chunk_0035.json,POST /v1/generation/data/dpp-bulk,2026-05-31 21:45:40.033131+00:00,3197648,BARBAROS RES,9533,2026-05-31T03:00:00+03:00,03:00
40W000003197648J,BARBAROS RES,unknown,2026-05-31 04:00:00+03:00,,0.14,chunk_0035.json,POST /v1/generation/data/dpp-bulk,2026-05-31 21:45:40.033131+00:00,3197648,BARBAROS RES,9533,2026-05-31T04:00:00+03:00,04:00
40W000003197648J,BARBAROS RES,unknown,2026-05-31 05:00:00+03:00,,0.12,chunk_0035.json,POST /v1/generation/data/dpp-bulk,2026-05-31 21:45:40.033131+00:00,3197648,BARBAROS RES,9533,2026-05-31T05:00:00+03:00,05:00
40W000003197648J,BARBAROS RES,unknown,2026-05-31 06:00:00+03:00,,0.14,chunk_0035.json,POST /v1/generation/data/dpp-bulk,2026-05-31 21:45:40.033131+00:00,3197648,BARBAROS RES,9533,2026-05-31T06:00:00+03:00,06:00
40W000003197648J,BARBAROS RES,unknown,2026-05-31 07:00:00+03:00,,0.28,chunk_0035.json,POST /v1/generation/data/dpp-bulk,2026-05-31 21:45:40.033131+00:00,3197648,BARBAROS RES,9533,2026-05-31T07:00:00+03:00,07:00
40W000003197648J,BARBAROS RES,unknown,2026-05-31 08:00:00+03:00,,0.3,chunk_0035.json,POST /v1/generation/data/dpp-bulk,2026-05-31 21:45:40.033131+00:00,3197648,BARBAROS RES,9533,2026-05-31T08:00:00+03:00,08:00
40W000003197648J,BARBAROS RES,unknown,2026-05-31 09:00:00+03:00,,0.22,chunk_0035.json,POST /v1/generation/data/dpp-bulk,2026-05-31 21:45:40.033131+00:00,3197648,BARBAROS RES,9533,2026-05-31T09:00:00+03:00,09:00
40W000003197648J,BARBAROS RES,unknown,2026-05-31 10:00:00+03:00,,0.2,chunk_0035.json,POST /v1/generation/data/dpp-bulk,2026-05-31 21:45:40.033131+00:00,3197648,BARBAROS RES,9533,2026-05-31T10:00:00+03:00,10:00
40W000003197648J,BARBAROS RES,unknown,2026-05-31 11:00:00+03:00,,0.3,chunk_0035.json,POST /v1/generation/data/dpp-bulk,2026-05-31 21:45:40.033131+00:00,3197648,BARBAROS RES,9533,2026-05-31T11:00:00+03:00,11:00
40W000003197648J,BARBAROS RES,unknown,2026-05-31 12:00:00+03:00,,0.4,chunk_0035.json,POST /v1/generation/data/dpp-bulk,2026-05-31 21:45:40.033131+00:00,3197648,BARBAROS RES,9533,2026-05-31T12:00:00+03:00,12:00
40W000003197648J,BARBAROS RES,unknown,2026-05-31 13:00:00+03:00,,0.3,chunk_0035.json,POST /v1/generation/data/dpp-bulk,2026-05-31 21:45:40.033131+00:00,3197648,BARBAROS RES,9533,2026-05-31T13:00:00+03:00,13:00
40W000003197648J,BARBAROS RES,unknown,2026-05-31 14:00:00+03:00,,0.39,chunk_0035.json,POST /v1/generation/data/dpp-bulk,2026-05-31 21:45:40.033131+00:00,3197648,BARBAROS RES,9533,2026-05-31T14:00:00+03:00,14:00
40W000003197648J,BARBAROS RES,unknown,2026-05-31 15:00:00+03:00,,0.9,chunk_0035.json,POST /v1/generation/data/dpp-bulk,2026-05-31 21:45:40.033131+00:00,3197648,BARBAROS RES,9533,2026-05-31T15:00:00+03:00,15:00
40W000003197648J,BARBAROS RES,unknown,2026-05-31 16:00:00+03:00,,1.9,chunk_0035.json,POST /v1/generation/data/dpp-bulk,2026-05-31 21:45:40.033131+00:00,3197648,BARBAROS RES,9533,2026-05-31T16:00:00+03:00,16:00
40W000003197648J,BARBAROS RES,unknown,2026-05-31 17:00:00+03:00,,4.1,chunk_0035.json,POST /v1/generation/data/dpp-bulk,2026-05-31 21:45:40.033131+00:00,3197648,BARBAROS RES,9533,2026-05-31T17:00:00+03:00,17:00
40W000003197648J,BARBAROS RES,unknown,2026-05-31 18:00:00+03:00,,5.9,chunk_0035.json,POST /v1/generation/data/dpp-bulk,2026-05-31 21:45:40.033131+00:00,3197648,BARBAROS RES,9533,2026-05-31T18:00:00+03:00,18:00
40W000003197648J,BARBAROS RES,unknown,2026-05-31 19:00:00+03:00,,5.7,chunk_0035.json,POST /v1/generation/data/dpp-bulk,2026-05-31 21:45:40.033131+00:00,3197648,BARBAROS RES,9533,2026-05-31T19:00:00+03:00,19:00
40W000003197648J,BARBAROS RES,unknown,2026-05-31 20:00:00+03:00,,5.38,chunk_0035.json,POST /v1/generation/data/dpp-bulk,2026-05-31 21:45:40.033131+00:00,3197648,BARBAROS RES,9533,2026-05-31T20:00:00+03:00,20:00
40W000003197648J,BARBAROS RES,unknown,2026-05-31 21:00:00+03:00,,4.6,chunk_0035.json,POST /v1/generation/data/dpp-bulk,2026-05-31 21:45:40.033131+00:00,3197648,BARBAROS RES,9533,2026-05-31T21:00:00+03:00,21:00
40W000003197648J,BARBAROS RES,unknown,2026-05-31 22:00:00+03:00,,3.64,chunk_0035.json,POST /v1/generation/data/dpp-bulk,2026-05-31 21:45:40.033131+00:00,3197648,BARBAROS RES,9533,2026-05-31T22:00:00+03:00,22:00
40W000003197648J,BARBAROS RES,unknown,2026-05-31 23:00:00+03:00,,3.5,chunk_0035.json,POST /v1/generation/data/dpp-bulk,2026-05-31 21:45:40.033131+00:00,3197648,BARBAROS RES,9533,2026-05-31T23:00:00+03:00,23:00
40W000003196990D,MELİKOM REG. VE HES,unknown,2026-05-31 00:00:00+03:00,,7.3,chunk_0035.json,POST /v1/generation/data/dpp-bulk,2026-05-31 21:45:40.033131+00:00,3196990,MELİKOM REG. VE HES,9709,2026-05-31T00:00:00+03:00,00:00
40W000003196990D,MELİKOM REG. VE HES,unknown,2026-05-31 01:00:00+03:00,,7.3,chunk_0035.json,POST /v1/generation/data/dpp-bulk,2026-05-31 21:45:40.033131+00:00,3196990,MELİKOM REG. VE HES,9709,2026-05-31T01:00:00+03:00,01:00
40W000003196990D,MELİKOM REG. VE HES,unknown,2026-05-31 02:00:00+03:00,,7.3,chunk_0035.json,POST /v1/generation/data/dpp-bulk,2026-05-31 21:45:40.033131+00:00,3196990,MELİKOM REG. VE HES,9709,2026-05-31T02:00:00+03:00,02:00
40W000003196990D,MELİKOM REG. VE HES,unknown,2026-05-31 03:00:00+03:00,,7.3,chunk_0035.json,POST /v1/generation/data/dpp-bulk,2026-05-31 21:45:40.033131+00:00,3196990,MELİKOM REG. VE HES,9709,2026-05-31T03:00:00+03:00,03:00
40W000003196990D,MELİKOM REG. VE HES,unknown,2026-05-31 04:00:00+03:00,,7.3,chunk_0035.json,POST /v1/generation/data/dpp-bulk,2026-05-31 21:45:40.033131+00:00,3196990,MELİKOM REG. VE HES,9709,2026-05-31T04:00:00+03:00,04:00
40W000003196990D,MELİKOM REG. VE HES,unknown,2026-05-31 05:00:00+03:00,,7.3,chunk_0035.json,POST /v1/generation/data/dpp-bulk,2026-05-31 21:45:40.033131+00:00,3196990,MELİKOM REG. VE HES,9709,2026-05-31T05:00:00+03:00,05:00
40W000003196990D,MELİKOM REG. VE HES,unknown,2026-05-31 06:00:00+03:00,,7.3,chunk_0035.json,POST /v1/generation/data/dpp-bulk,2026-05-31 21:45:40.033131+00:00,3196990,MELİKOM REG. VE HES,9709,2026-05-31T06:00:00+03:00,06:00
40W000003196990D,MELİKOM REG. VE HES,unknown,2026-05-31 07:00:00+03:00,,7.3,chunk_0035.json,POST /v1/generation/data/dpp-bulk,2026-05-31 21:45:40.033131+00:00,3196990,MELİKOM REG. VE HES,9709,2026-05-31T07:00:00+03:00,07:00
40W000003196990D,MELİKOM REG. VE HES,unknown,2026-05-31 08:00:00+03:00,,7.3,chunk_0035.json,POST /v1/generation/data/dpp-bulk,2026-05-31 21:45:40.033131+00:00,3196990,MELİKOM REG. VE HES,9709,2026-05-31T08:00:00+03:00,08:00
40W000003196990D,MELİKOM REG. VE HES,unknown,2026-05-31 09:00:00+03:00,,7.3,chunk_0035.json,POST /v1/generation/data/dpp-bulk,2026-05-31 21:45:40.033131+00:00,3196990,MELİKOM REG. VE HES,9709,2026-05-31T09:00:00+03:00,09:00
40W000003196990D,MELİKOM REG. VE HES,unknown,2026-05-31 10:00:00+03:00,,7.3,chunk_0035.json,POST /v1/generation/data/dpp-bulk,2026-05-31 21:45:40.033131+00:00,3196990,MELİKOM REG. VE HES,9709,2026-05-31T10:00:00+03:00,10:00
40W000003196990D,MELİKOM REG. VE HES,unknown,2026-05-31 11:00:00+03:00,,7.3,chunk_0035.json,POST /v1/generation/data/dpp-bulk,2026-05-31 21:45:40.033131+00:00,3196990,MELİKOM REG. VE HES,9709,2026-05-31T11:00:00+03:00,11:00
40W000003196990D,MELİKOM REG. VE HES,unknown,2026-05-31 12:00:00+03:00,,7.3,chunk_0035.json,POST /v1/generation/data/dpp-bulk,2026-05-31 21:45:40.033131+00:00,3196990,MELİKOM REG. VE HES,9709,2026-05-31T12:00:00+03:00,12:00
40W000003196990D,MELİKOM REG. VE HES,unknown,2026-05-31 13:00:00+03:00,,7.3,chunk_0035.json,POST /v1/generation/data/dpp-bulk,2026-05-31 21:45:40.033131+00:00,3196990,MELİKOM REG. VE HES,9709,2026-05-31T13:00:00+03:00,13:00
40W000003196990D,MELİKOM REG. VE HES,unknown,2026-05-31 14:00:00+03:00,,7.3,chunk_0035.json,POST /v1/generation/data/dpp-bulk,2026-05-31 21:45:40.033131+00:00,3196990,MELİKOM REG. VE HES,9709,2026-05-31T14:00:00+03:00,14:00
40W000003196990D,MELİKOM REG. VE HES,unknown,2026-05-31 15:00:00+03:00,,7.3,chunk_0035.json,POST /v1/generation/data/dpp-bulk,2026-05-31 21:45:40.033131+00:00,3196990,MELİKOM REG. VE HES,9709,2026-05-31T15:00:00+03:00,15:00
40W000003196990D,MELİKOM REG. VE HES,unknown,2026-05-31 16:00:00+03:00,,7.3,chunk_0035.json,POST /v1/generation/data/dpp-bulk,2026-05-31 21:45:40.033131+00:00,3196990,MELİKOM REG. VE HES,9709,2026-05-31T16:00:00+03:00,16:00
40W000003196990D,MELİKOM REG. VE HES,unknown,2026-05-31 17:00:00+03:00,,7.3,chunk_0035.json,POST /v1/generation/data/dpp-bulk,2026-05-31 21:45:40.033131+00:00,3196990,MELİKOM REG. VE HES,9709,2026-05-31T17:00:00+03:00,17:00
40W000003196990D,MELİKOM REG. VE HES,unknown,2026-05-31 18:00:00+03:00,,7.3,chunk_0035.json,POST /v1/generation/data/dpp-bulk,2026-05-31 21:45:40.033131+00:00,3196990,MELİKOM REG. VE HES,9709,2026-05-31T18:00:00+03:00,18:00
40W000003196990D,MELİKOM REG. VE HES,unknown,2026-05-31 19:00:00+03:00,,7.3,chunk_0035.json,POST /v1/generation/data/dpp-bulk,2026-05-31 21:45:40.033131+00:00,3196990,MELİKOM REG. VE HES,9709,2026-05-31T19:00:00+03:00,19:00
40W000003196990D,MELİKOM REG. VE HES,unknown,2026-05-31 20:00:00+03:00,,7.3,chunk_0035.json,POST /v1/generation/data/dpp-bulk,2026-05-31 21:45:40.033131+00:00,3196990,MELİKOM REG. VE HES,9709,2026-05-31T20:00:00+03:00,20:00
40W000003196990D,MELİKOM REG. VE HES,unknown,2026-05-31 21:00:00+03:00,,7.3,chunk_0035.json,POST /v1/generation/data/dpp-bulk,2026-05-31 21:45:40.033131+00:00,3196990,MELİKOM REG. VE HES,9709,2026-05-31T21:00:00+03:00,21:00
40W000003196990D,MELİKOM REG. VE HES,unknown,2026-05-31 22:00:00+03:00,,7.3,chunk_0035.json,POST /v1/generation/data/dpp-bulk,2026-05-31 21:45:40.033131+00:00,3196990,MELİKOM REG. VE HES,9709,2026-05-31T22:00:00+03:00,22:00
40W000003196990D,MELİKOM REG. VE HES,unknown,2026-05-31 23:00:00+03:00,,7.3,chunk_0035.json,POST /v1/generation/data/dpp-bulk,2026-05-31 21:45:40.033131+00:00,3196990,MELİKOM REG. VE HES,9709,2026-05-31T23:00:00+03:00,23:00
40W000003197427Z,ÇİĞDEM REG. ve HES,unknown,2026-05-31 00:00:00+03:00,,5.0,chunk_0035.json,POST /v1/generation/data/dpp-bulk,2026-05-31 21:45:40.033131+00:00,3197427,ÇİĞDEM REG. ve HES,9888,2026-05-31T00:00:00+03:00,00:00
40W000003197427Z,ÇİĞDEM REG. ve HES,unknown,2026-05-31 01:00:00+03:00,,5.0,chunk_0035.json,POST /v1/generation/data/dpp-bulk,2026-05-31 21:45:40.033131+00:00,3197427,ÇİĞDEM REG. ve HES,9888,2026-05-31T01:00:00+03:00,01:00
40W000003197427Z,ÇİĞDEM REG. ve HES,unknown,2026-05-31 02:00:00+03:00,,5.0,chunk_0035.json,POST /v1/generation/data/dpp-bulk,2026-05-31 21:45:40.033131+00:00,3197427,ÇİĞDEM REG. ve HES,9888,2026-05-31T02:00:00+03:00,02:00
40W000003197427Z,ÇİĞDEM REG. ve HES,unknown,2026-05-31 03:00:00+03:00,,5.0,chunk_0035.json,POST /v1/generation/data/dpp-bulk,2026-05-31 21:45:40.033131+00:00,3197427,ÇİĞDEM REG. ve HES,9888,2026-05-31T03:00:00+03:00,03:00
40W000003197427Z,ÇİĞDEM REG. ve HES,unknown,2026-05-31 04:00:00+03:00,,5.8,chunk_0035.json,POST /v1/generation/data/dpp-bulk,2026-05-31 21:45:40.033131+00:00,3197427,ÇİĞDEM REG. ve HES,9888,2026-05-31T04:00:00+03:00,04:00
40W000003197427Z,ÇİĞDEM REG. ve HES,unknown,2026-05-31 05:00:00+03:00,,5.8,chunk_0035.json,POST /v1/generation/data/dpp-bulk,2026-05-31 21:45:40.033131+00:00,3197427,ÇİĞDEM REG. ve HES,9888,2026-05-31T05:00:00+03:00,05:00
40W000003197427Z,ÇİĞDEM REG. ve HES,unknown,2026-05-31 06:00:00+03:00,,5.8,chunk_0035.json,POST /v1/generation/data/dpp-bulk,2026-05-31 21:45:40.033131+00:00,3197427,ÇİĞDEM REG. ve HES,9888,2026-05-31T06:00:00+03:00,06:00
40W000003197427Z,ÇİĞDEM REG. ve HES,unknown,2026-05-31 07:00:00+03:00,,5.0,chunk_0035.json,POST /v1/generation/data/dpp-bulk,2026-05-31 21:45:40.033131+00:00,3197427,ÇİĞDEM REG. ve HES,9888,2026-05-31T07:00:00+03:00,07:00
40W000003197427Z,ÇİĞDEM REG. ve HES,unknown,2026-05-31 08:00:00+03:00,,5.0,chunk_0035.json,POST /v1/generation/data/dpp-bulk,2026-05-31 21:45:40.033131+00:00,3197427,ÇİĞDEM REG. ve HES,9888,2026-05-31T08:00:00+03:00,08:00
40W000003197427Z,ÇİĞDEM REG. ve HES,unknown,2026-05-31 09:00:00+03:00,,5.0,chunk_0035.json,POST /v1/generation/data/dpp-bulk,2026-05-31 21:45:40.033131+00:00,3197427,ÇİĞDEM REG. ve HES,9888,2026-05-31T09:00:00+03:00,09:00
40W000003197427Z,ÇİĞDEM REG. ve HES,unknown,2026-05-31 10:00:00+03:00,,5.0,chunk_0035.json,POST /v1/generation/data/dpp-bulk,2026-05-31 21:45:40.033131+00:00,3197427,ÇİĞDEM REG. ve HES,9888,2026-05-31T10:00:00+03:00,10:00
40W000003197427Z,ÇİĞDEM REG. ve HES,unknown,2026-05-31 11:00:00+03:00,,5.0,chunk_0035.json,POST /v1/generation/data/dpp-bulk,2026-05-31 21:45:40.033131+00:00,3197427,ÇİĞDEM REG. ve HES,9888,2026-05-31T11:00:00+03:00,11:00
40W000003197427Z,ÇİĞDEM REG. ve HES,unknown,2026-05-31 12:00:00+03:00,,5.0,chunk_0035.json,POST /v1/generation/data/dpp-bulk,2026-05-31 21:45:40.033131+00:00,3197427,ÇİĞDEM REG. ve HES,9888,2026-05-31T12:00:00+03:00,12:00
40W000003197427Z,ÇİĞDEM REG. ve HES,unknown,2026-05-31 13:00:00+03:00,,5.0,chunk_0035.json,POST /v1/generation/data/dpp-bulk,2026-05-31 21:45:40.033131+00:00,3197427,ÇİĞDEM REG. ve HES,9888,2026-05-31T13:00:00+03:00,13:00
40W000003197427Z,ÇİĞDEM REG. ve HES,unknown,2026-05-31 14:00:00+03:00,,5.0,chunk_0035.json,POST /v1/generation/data/dpp-bulk,2026-05-31 21:45:40.033131+00:00,3197427,ÇİĞDEM REG. ve HES,9888,2026-05-31T14:00:00+03:00,14:00
40W000003197427Z,ÇİĞDEM REG. ve HES,unknown,2026-05-31 15:00:00+03:00,,5.0,chunk_0035.json,POST /v1/generation/data/dpp-bulk,2026-05-31 21:45:40.033131+00:00,3197427,ÇİĞDEM REG. ve HES,9888,2026-05-31T15:00:00+03:00,15:00
40W000003197427Z,ÇİĞDEM REG. ve HES,unknown,2026-05-31 16:00:00+03:00,,5.0,chunk_0035.json,POST /v1/generation/data/dpp-bulk,2026-05-31 21:45:40.033131+00:00,3197427,ÇİĞDEM REG. ve HES,9888,2026-05-31T16:00:00+03:00,16:00
40W000003197427Z,ÇİĞDEM REG. ve HES,unknown,2026-05-31 17:00:00+03:00,,5.0,chunk_0035.json,POST /v1/generation/data/dpp-bulk,2026-05-31 21:45:40.033131+00:00,3197427,ÇİĞDEM REG. ve HES,9888,2026-05-31T17:00:00+03:00,17:00
40W000003197427Z,ÇİĞDEM REG. ve HES,unknown,2026-05-31 18:00:00+03:00,,5.0,chunk_0035.json,POST /v1/generation/data/dpp-bulk,2026-05-31 21:45:40.033131+00:00,3197427,ÇİĞDEM REG. ve HES,9888,2026-05-31T18:00:00+03:00,18:00
40W000003197427Z,ÇİĞDEM REG. ve HES,unknown,2026-05-31 19:00:00+03:00,,5.0,chunk_0035.json,POST /v1/generation/data/dpp-bulk,2026-05-31 21:45:40.033131+00:00,3197427,ÇİĞDEM REG. ve HES,9888,2026-05-31T19:00:00+03:00,19:00
40W000003197427Z,ÇİĞDEM REG. ve HES,unknown,2026-05-31 20:00:00+03:00,,5.0,chunk_0035.json,POST /v1/generation/data/dpp-bulk,2026-05-31 21:45:40.033131+00:00,3197427,ÇİĞDEM REG. ve HES,9888,2026-05-31T20:00:00+03:00,20:00
40W000003197427Z,ÇİĞDEM REG. ve HES,unknown,2026-05-31 21:00:00+03:00,,5.0,chunk_0035.json,POST /v1/generation/data/dpp-bulk,2026-05-31 21:45:40.033131+00:00,3197427,ÇİĞDEM REG. ve HES,9888,2026-05-31T21:00:00+03:00,21:00
40W000003197427Z,ÇİĞDEM REG. ve HES,unknown,2026-05-31 22:00:00+03:00,,5.0,chunk_0035.json,POST /v1/generation/data/dpp-bulk,2026-05-31 21:45:40.033131+00:00,3197427,ÇİĞDEM REG. ve HES,9888,2026-05-31T22:00:00+03:00,22:00
40W000003197427Z,ÇİĞDEM REG. ve HES,unknown,2026-05-31 23:00:00+03:00,,5.0,chunk_0035.json,POST /v1/generation/data/dpp-bulk,2026-05-31 21:45:40.033131+00:00,3197427,ÇİĞDEM REG. ve HES,9888,2026-05-31T23:00:00+03:00,23:00
40W000003198989P,ÇAYHAN II REG. ve HES,unknown,2026-05-31 00:00:00+03:00,,6.18,chunk_0035.json,POST /v1/generation/data/dpp-bulk,2026-05-31 21:45:40.033131+00:00,3198989,ÇAYHAN II REG. ve HES,10330,2026-05-31T00:00:00+03:00,00:00
40W000003198989P,ÇAYHAN II REG. ve HES,unknown,2026-05-31 01:00:00+03:00,,6.18,chunk_0035.json,POST /v1/generation/data/dpp-bulk,2026-05-31 21:45:40.033131+00:00,3198989,ÇAYHAN II REG. ve HES,10330,2026-05-31T01:00:00+03:00,01:00
40W000003198989P,ÇAYHAN II REG. ve HES,unknown,2026-05-31 02:00:00+03:00,,6.18,chunk_0035.json,POST /v1/generation/data/dpp-bulk,2026-05-31 21:45:40.033131+00:00,3198989,ÇAYHAN II REG. ve HES,10330,2026-05-31T02:00:00+03:00,02:00
40W000003198989P,ÇAYHAN II REG. ve HES,unknown,2026-05-31 03:00:00+03:00,,6.18,chunk_0035.json,POST /v1/generation/data/dpp-bulk,2026-05-31 21:45:40.033131+00:00,3198989,ÇAYHAN II REG. ve HES,10330,2026-05-31T03:00:00+03:00,03:00
40W000003198989P,ÇAYHAN II REG. ve HES,unknown,2026-05-31 04:00:00+03:00,,6.18,chunk_0035.json,POST /v1/generation/data/dpp-bulk,2026-05-31 21:45:40.033131+00:00,3198989,ÇAYHAN II REG. ve HES,10330,2026-05-31T04:00:00+03:00,04:00
40W000003198989P,ÇAYHAN II REG. ve HES,unknown,2026-05-31 05:00:00+03:00,,6.18,chunk_0035.json,POST /v1/generation/data/dpp-bulk,2026-05-31 21:45:40.033131+00:00,3198989,ÇAYHAN II REG. ve HES,10330,2026-05-31T05:00:00+03:00,05:00
40W000003198989P,ÇAYHAN II REG. ve HES,unknown,2026-05-31 06:00:00+03:00,,6.18,chunk_0035.json,POST /v1/generation/data/dpp-bulk,2026-05-31 21:45:40.033131+00:00,3198989,ÇAYHAN II REG. ve HES,10330,2026-05-31T06:00:00+03:00,06:00
40W000003198989P,ÇAYHAN II REG. ve HES,unknown,2026-05-31 07:00:00+03:00,,6.18,chunk_0035.json,POST /v1/generation/data/dpp-bulk,2026-05-31 21:45:40.033131+00:00,3198989,ÇAYHAN II REG. ve HES,10330,2026-05-31T07:00:00+03:00,07:00
40W000003198989P,ÇAYHAN II REG. ve HES,unknown,2026-05-31 08:00:00+03:00,,6.18,chunk_0035.json,POST /v1/generation/data/dpp-bulk,2026-05-31 21:45:40.033131+00:00,3198989,ÇAYHAN II REG. ve HES,10330,2026-05-31T08:00:00+03:00,08:00
40W000003198989P,ÇAYHAN II REG. ve HES,unknown,2026-05-31 09:00:00+03:00,,6.18,chunk_0035.json,POST /v1/generation/data/dpp-bulk,2026-05-31 21:45:40.033131+00:00,3198989,ÇAYHAN II REG. ve HES,10330,2026-05-31T09:00:00+03:00,09:00
40W000003198989P,ÇAYHAN II REG. ve HES,unknown,2026-05-31 10:00:00+03:00,,6.18,chunk_0035.json,POST /v1/generation/data/dpp-bulk,2026-05-31 21:45:40.033131+00:00,3198989,ÇAYHAN II REG. ve HES,10330,2026-05-31T10:00:00+03:00,10:00
40W000003198989P,ÇAYHAN II REG. ve HES,unknown,2026-05-31 11:00:00+03:00,,6.18,chunk_0035.json,POST /v1/generation/data/dpp-bulk,2026-05-31 21:45:40.033131+00:00,3198989,ÇAYHAN II REG. ve HES,10330,2026-05-31T11:00:00+03:00,11:00
40W000003198989P,ÇAYHAN II REG. ve HES,unknown,2026-05-31 12:00:00+03:00,,6.18,chunk_0035.json,POST /v1/generation/data/dpp-bulk,2026-05-31 21:45:40.033131+00:00,3198989,ÇAYHAN II REG. ve HES,10330,2026-05-31T12:00:00+03:00,12:00
40W000003198989P,ÇAYHAN II REG. ve HES,unknown,2026-05-31 13:00:00+03:00,,6.18,chunk_0035.json,POST /v1/generation/data/dpp-bulk,2026-05-31 21:45:40.033131+00:00,3198989,ÇAYHAN II REG. ve HES,10330,2026-05-31T13:00:00+03:00,13:00
40W000003198989P,ÇAYHAN II REG. ve HES,unknown,2026-05-31 14:00:00+03:00,,6.18,chunk_0035.json,POST /v1/generation/data/dpp-bulk,2026-05-31 21:45:40.033131+00:00,3198989,ÇAYHAN II REG. ve HES,10330,2026-05-31T14:00:00+03:00,14:00
40W000003198989P,ÇAYHAN II REG. ve HES,unknown,2026-05-31 15:00:00+03:00,,6.18,chunk_0035.json,POST /v1/generation/data/dpp-bulk,2026-05-31 21:45:40.033131+00:00,3198989,ÇAYHAN II REG. ve HES,10330,2026-05-31T15:00:00+03:00,15:00
40W000003198989P,ÇAYHAN II REG. ve HES,unknown,2026-05-31 16:00:00+03:00,,6.18,chunk_0035.json,POST /v1/generation/data/dpp-bulk,2026-05-31 21:45:40.033131+00:00,3198989,ÇAYHAN II REG. ve HES,10330,2026-05-31T16:00:00+03:00,16:00
40W000003198989P,ÇAYHAN II REG. ve HES,unknown,2026-05-31 17:00:00+03:00,,6.18,chunk_0035.json,POST /v1/generation/data/dpp-bulk,2026-05-31 21:45:40.033131+00:00,3198989,ÇAYHAN II REG. ve HES,10330,2026-05-31T17:00:00+03:00,17:00
40W000003198989P,ÇAYHAN II REG. ve HES,unknown,2026-05-31 18:00:00+03:00,,6.18,chunk_0035.json,POST /v1/generation/data/dpp-bulk,2026-05-31 21:45:40.033131+00:00,3198989,ÇAYHAN II REG. ve HES,10330,2026-05-31T18:00:00+03:00,18:00
40W000003198989P,ÇAYHAN II REG. ve HES,unknown,2026-05-31 19:00:00+03:00,,6.18,chunk_0035.json,POST /v1/generation/data/dpp-bulk,2026-05-31 21:45:40.033131+00:00,3198989,ÇAYHAN II REG. ve HES,10330,2026-05-31T19:00:00+03:00,19:00
40W000003198989P,ÇAYHAN II REG. ve HES,unknown,2026-05-31 20:00:00+03:00,,6.18,chunk_0035.json,POST /v1/generation/data/dpp-bulk,2026-05-31 21:45:40.033131+00:00,3198989,ÇAYHAN II REG. ve HES,10330,2026-05-31T20:00:00+03:00,20:00
40W000003198989P,ÇAYHAN II REG. ve HES,unknown,2026-05-31 21:00:00+03:00,,6.18,chunk_0035.json,POST /v1/generation/data/dpp-bulk,2026-05-31 21:45:40.033131+00:00,3198989,ÇAYHAN II REG. ve HES,10330,2026-05-31T21:00:00+03:00,21:00
40W000003198989P,ÇAYHAN II REG. ve HES,unknown,2026-05-31 22:00:00+03:00,,6.18,chunk_0035.json,POST /v1/generation/data/dpp-bulk,2026-05-31 21:45:40.033131+00:00,3198989,ÇAYHAN II REG. ve HES,10330,2026-05-31T22:00:00+03:00,22:00
40W000003198989P,ÇAYHAN II REG. ve HES,unknown,2026-05-31 23:00:00+03:00,,6.18,chunk_0035.json,POST /v1/generation/data/dpp-bulk,2026-05-31 21:45:40.033131+00:00,3198989,ÇAYHAN II REG. ve HES,10330,2026-05-31T23:00:00+03:00,23:00
40W0000031969864,MAS 1 YENİLENEBİLİR E.Ü.T.,unknown,2026-05-31 00:00:00+03:00,,0.0,chunk_0035.json,POST /v1/generation/data/dpp-bulk,2026-05-31 21:45:40.033131+00:00,3196986,MAS 1 YENİLENEBİLİR E.Ü.T.,10352,2026-05-31T00:00:00+03:00,00:00
40W0000031969864,MAS 1 YENİLENEBİLİR E.Ü.T.,unknown,2026-05-31 01:00:00+03:00,,0.0,chunk_0035.json,POST /v1/generation/data/dpp-bulk,2026-05-31 21:45:40.033131+00:00,3196986,MAS 1 YENİLENEBİLİR E.Ü.T.,10352,2026-05-31T01:00:00+03:00,01:00
40W0000031969864,MAS 1 YENİLENEBİLİR E.Ü.T.,unknown,2026-05-31 02:00:00+03:00,,0.0,chunk_0035.json,POST /v1/generation/data/dpp-bulk,2026-05-31 21:45:40.033131+00:00,3196986,MAS 1 YENİLENEBİLİR E.Ü.T.,10352,2026-05-31T02:00:00+03:00,02:00
40W0000031969864,MAS 1 YENİLENEBİLİR E.Ü.T.,unknown,2026-05-31 03:00:00+03:00,,0.0,chunk_0035.json,POST /v1/generation/data/dpp-bulk,2026-05-31 21:45:40.033131+00:00,3196986,MAS 1 YENİLENEBİLİR E.Ü.T.,10352,2026-05-31T03:00:00+03:00,03:00
40W0000031969864,MAS 1 YENİLENEBİLİR E.Ü.T.,unknown,2026-05-31 04:00:00+03:00,,0.0,chunk_0035.json,POST /v1/generation/data/dpp-bulk,2026-05-31 21:45:40.033131+00:00,3196986,MAS 1 YENİLENEBİLİR E.Ü.T.,10352,2026-05-31T04:00:00+03:00,04:00
40W0000031969864,MAS 1 YENİLENEBİLİR E.Ü.T.,unknown,2026-05-31 05:00:00+03:00,,0.0,chunk_0035.json,POST /v1/generation/data/dpp-bulk,2026-05-31 21:45:40.033131+00:00,3196986,MAS 1 YENİLENEBİLİR E.Ü.T.,10352,2026-05-31T05:00:00+03:00,05:00
40W0000031969864,MAS 1 YENİLENEBİLİR E.Ü.T.,unknown,2026-05-31 06:00:00+03:00,,0.0,chunk_0035.json,POST /v1/generation/data/dpp-bulk,2026-05-31 21:45:40.033131+00:00,3196986,MAS 1 YENİLENEBİLİR E.Ü.T.,10352,2026-05-31T06:00:00+03:00,06:00
40W0000031969864,MAS 1 YENİLENEBİLİR E.Ü.T.,unknown,2026-05-31 07:00:00+03:00,,0.0,chunk_0035.json,POST /v1/generation/data/dpp-bulk,2026-05-31 21:45:40.033131+00:00,3196986,MAS 1 YENİLENEBİLİR E.Ü.T.,10352,2026-05-31T07:00:00+03:00,07:00
40W0000031969864,MAS 1 YENİLENEBİLİR E.Ü.T.,unknown,2026-05-31 08:00:00+03:00,,0.0,chunk_0035.json,POST /v1/generation/data/dpp-bulk,2026-05-31 21:45:40.033131+00:00,3196986,MAS 1 YENİLENEBİLİR E.Ü.T.,10352,2026-05-31T08:00:00+03:00,08:00
40W0000031969864,MAS 1 YENİLENEBİLİR E.Ü.T.,unknown,2026-05-31 09:00:00+03:00,,0.0,chunk_0035.json,POST /v1/generation/data/dpp-bulk,2026-05-31 21:45:40.033131+00:00,3196986,MAS 1 YENİLENEBİLİR E.Ü.T.,10352,2026-05-31T09:00:00+03:00,09:00
40W0000031969864,MAS 1 YENİLENEBİLİR E.Ü.T.,unknown,2026-05-31 10:00:00+03:00,,0.0,chunk_0035.json,POST /v1/generation/data/dpp-bulk,2026-05-31 21:45:40.033131+00:00,3196986,MAS 1 YENİLENEBİLİR E.Ü.T.,10352,2026-05-31T10:00:00+03:00,10:00
40W0000031969864,MAS 1 YENİLENEBİLİR E.Ü.T.,unknown,2026-05-31 11:00:00+03:00,,0.0,chunk_0035.json,POST /v1/generation/data/dpp-bulk,2026-05-31 21:45:40.033131+00:00,3196986,MAS 1 YENİLENEBİLİR E.Ü.T.,10352,2026-05-31T11:00:00+03:00,11:00
40W0000031969864,MAS 1 YENİLENEBİLİR E.Ü.T.,unknown,2026-05-31 12:00:00+03:00,,0.0,chunk_0035.json,POST /v1/generation/data/dpp-bulk,2026-05-31 21:45:40.033131+00:00,3196986,MAS 1 YENİLENEBİLİR E.Ü.T.,10352,2026-05-31T12:00:00+03:00,12:00
40W0000031969864,MAS 1 YENİLENEBİLİR E.Ü.T.,unknown,2026-05-31 13:00:00+03:00,,0.0,chunk_0035.json,POST /v1/generation/data/dpp-bulk,2026-05-31 21:45:40.033131+00:00,3196986,MAS 1 YENİLENEBİLİR E.Ü.T.,10352,2026-05-31T13:00:00+03:00,13:00
40W0000031969864,MAS 1 YENİLENEBİLİR E.Ü.T.,unknown,2026-05-31 14:00:00+03:00,,0.0,chunk_0035.json,POST /v1/generation/data/dpp-bulk,2026-05-31 21:45:40.033131+00:00,3196986,MAS 1 YENİLENEBİLİR E.Ü.T.,10352,2026-05-31T14:00:00+03:00,14:00
40W0000031969864,MAS 1 YENİLENEBİLİR E.Ü.T.,unknown,2026-05-31 15:00:00+03:00,,0.0,chunk_0035.json,POST /v1/generation/data/dpp-bulk,2026-05-31 21:45:40.033131+00:00,3196986,MAS 1 YENİLENEBİLİR E.Ü.T.,10352,2026-05-31T15:00:00+03:00,15:00
40W0000031969864,MAS 1 YENİLENEBİLİR E.Ü.T.,unknown,2026-05-31 16:00:00+03:00,,0.0,chunk_0035.json,POST /v1/generation/data/dpp-bulk,2026-05-31 21:45:40.033131+00:00,3196986,MAS 1 YENİLENEBİLİR E.Ü.T.,10352,2026-05-31T16:00:00+03:00,16:00
40W0000031969864,MAS 1 YENİLENEBİLİR E.Ü.T.,unknown,2026-05-31 17:00:00+03:00,,0.0,chunk_0035.json,POST /v1/generation/data/dpp-bulk,2026-05-31 21:45:40.033131+00:00,3196986,MAS 1 YENİLENEBİLİR E.Ü.T.,10352,2026-05-31T17:00:00+03:00,17:00
40W0000031969864,MAS 1 YENİLENEBİLİR E.Ü.T.,unknown,2026-05-31 18:00:00+03:00,,0.0,chunk_0035.json,POST /v1/generation/data/dpp-bulk,2026-05-31 21:45:40.033131+00:00,3196986,MAS 1 YENİLENEBİLİR E.Ü.T.,10352,2026-05-31T18:00:00+03:00,18:00
40W0000031969864,MAS 1 YENİLENEBİLİR E.Ü.T.,unknown,2026-05-31 19:00:00+03:00,,0.0,chunk_0035.json,POST /v1/generation/data/dpp-bulk,2026-05-31 21:45:40.033131+00:00,3196986,MAS 1 YENİLENEBİLİR E.Ü.T.,10352,2026-05-31T19:00:00+03:00,19:00
40W0000031969864,MAS 1 YENİLENEBİLİR E.Ü.T.,unknown,2026-05-31 20:00:00+03:00,,0.0,chunk_0035.json,POST /v1/generation/data/dpp-bulk,2026-05-31 21:45:40.033131+00:00,3196986,MAS 1 YENİLENEBİLİR E.Ü.T.,10352,2026-05-31T20:00:00+03:00,20:00
40W0000031969864,MAS 1 YENİLENEBİLİR E.Ü.T.,unknown,2026-05-31 21:00:00+03:00,,0.0,chunk_0035.json,POST /v1/generation/data/dpp-bulk,2026-05-31 21:45:40.033131+00:00,3196986,MAS 1 YENİLENEBİLİR E.Ü.T.,10352,2026-05-31T21:00:00+03:00,21:00
40W0000031969864,MAS 1 YENİLENEBİLİR E.Ü.T.,unknown,2026-05-31 22:00:00+03:00,,0.0,chunk_0035.json,POST /v1/generation/data/dpp-bulk,2026-05-31 21:45:40.033131+00:00,3196986,MAS 1 YENİLENEBİLİR E.Ü.T.,10352,2026-05-31T22:00:00+03:00,22:00
40W0000031969864,MAS 1 YENİLENEBİLİR E.Ü.T.,unknown,2026-05-31 23:00:00+03:00,,0.0,chunk_0035.json,POST /v1/generation/data/dpp-bulk,2026-05-31 21:45:40.033131+00:00,3196986,MAS 1 YENİLENEBİLİR E.Ü.T.,10352,2026-05-31T23:00:00+03:00,23:00
40W000003196989Z,AHMETLİ HES,unknown,2026-05-31 00:00:00+03:00,,11.0,chunk_0035.json,POST /v1/generation/data/dpp-bulk,2026-05-31 21:45:40.033131+00:00,3196989,AHMETLİ HES,10354,2026-05-31T00:00:00+03:00,00:00
40W000003196989Z,AHMETLİ HES,unknown,2026-05-31 01:00:00+03:00,,11.0,chunk_0035.json,POST /v1/generation/data/dpp-bulk,2026-05-31 21:45:40.033131+00:00,3196989,AHMETLİ HES,10354,2026-05-31T01:00:00+03:00,01:00
40W000003196989Z,AHMETLİ HES,unknown,2026-05-31 02:00:00+03:00,,11.0,chunk_0035.json,POST /v1/generation/data/dpp-bulk,2026-05-31 21:45:40.033131+00:00,3196989,AHMETLİ HES,10354,2026-05-31T02:00:00+03:00,02:00
40W000003196989Z,AHMETLİ HES,unknown,2026-05-31 03:00:00+03:00,,11.0,chunk_0035.json,POST /v1/generation/data/dpp-bulk,2026-05-31 21:45:40.033131+00:00,3196989,AHMETLİ HES,10354,2026-05-31T03:00:00+03:00,03:00
40W000003196989Z,AHMETLİ HES,unknown,2026-05-31 04:00:00+03:00,,11.0,chunk_0035.json,POST /v1/generation/data/dpp-bulk,2026-05-31 21:45:40.033131+00:00,3196989,AHMETLİ HES,10354,2026-05-31T04:00:00+03:00,04:00
40W000003196989Z,AHMETLİ HES,unknown,2026-05-31 05:00:00+03:00,,11.0,chunk_0035.json,POST /v1/generation/data/dpp-bulk,2026-05-31 21:45:40.033131+00:00,3196989,AHMETLİ HES,10354,2026-05-31T05:00:00+03:00,05:00
40W000003196989Z,AHMETLİ HES,unknown,2026-05-31 06:00:00+03:00,,11.0,chunk_0035.json,POST /v1/generation/data/dpp-bulk,2026-05-31 21:45:40.033131+00:00,3196989,AHMETLİ HES,10354,2026-05-31T06:00:00+03:00,06:00
40W000003196989Z,AHMETLİ HES,unknown,2026-05-31 07:00:00+03:00,,11.0,chunk_0035.json,POST /v1/generation/data/dpp-bulk,2026-05-31 21:45:40.033131+00:00,3196989,AHMETLİ HES,10354,2026-05-31T07:00:00+03:00,07:00
40W000003196989Z,AHMETLİ HES,unknown,2026-05-31 08:00:00+03:00,,11.0,chunk_0035.json,POST /v1/generation/data/dpp-bulk,2026-05-31 21:45:40.033131+00:00,3196989,AHMETLİ HES,10354,2026-05-31T08:00:00+03:00,08:00
40W000003196989Z,AHMETLİ HES,unknown,2026-05-31 09:00:00+03:00,,11.0,chunk_0035.json,POST /v1/generation/data/dpp-bulk,2026-05-31 21:45:40.033131+00:00,3196989,AHMETLİ HES,10354,2026-05-31T09:00:00+03:00,09:00
40W000003196989Z,AHMETLİ HES,unknown,2026-05-31 10:00:00+03:00,,11.0,chunk_0035.json,POST /v1/generation/data/dpp-bulk,2026-05-31 21:45:40.033131+00:00,3196989,AHMETLİ HES,10354,2026-05-31T10:00:00+03:00,10:00
40W000003196989Z,AHMETLİ HES,unknown,2026-05-31 11:00:00+03:00,,11.0,chunk_0035.json,POST /v1/generation/data/dpp-bulk,2026-05-31 21:45:40.033131+00:00,3196989,AHMETLİ HES,10354,2026-05-31T11:00:00+03:00,11:00
40W000003196989Z,AHMETLİ HES,unknown,2026-05-31 12:00:00+03:00,,11.0,chunk_0035.json,POST /v1/generation/data/dpp-bulk,2026-05-31 21:45:40.033131+00:00,3196989,AHMETLİ HES,10354,2026-05-31T12:00:00+03:00,12:00
40W000003196989Z,AHMETLİ HES,unknown,2026-05-31 13:00:00+03:00,,11.0,chunk_0035.json,POST /v1/generation/data/dpp-bulk,2026-05-31 21:45:40.033131+00:00,3196989,AHMETLİ HES,10354,2026-05-31T13:00:00+03:00,13:00
40W000003196989Z,AHMETLİ HES,unknown,2026-05-31 14:00:00+03:00,,11.0,chunk_0035.json,POST /v1/generation/data/dpp-bulk,2026-05-31 21:45:40.033131+00:00,3196989,AHMETLİ HES,10354,2026-05-31T14:00:00+03:00,14:00
40W000003196989Z,AHMETLİ HES,unknown,2026-05-31 15:00:00+03:00,,11.0,chunk_0035.json,POST /v1/generation/data/dpp-bulk,2026-05-31 21:45:40.033131+00:00,3196989,AHMETLİ HES,10354,2026-05-31T15:00:00+03:00,15:00
40W000003196989Z,AHMETLİ HES,unknown,2026-05-31 16:00:00+03:00,,11.0,chunk_0035.json,POST /v1/generation/data/dpp-bulk,2026-05-31 21:45:40.033131+00:00,3196989,AHMETLİ HES,10354,2026-05-31T16:00:00+03:00,16:00
40W000003196989Z,AHMETLİ HES,unknown,2026-05-31 17:00:00+03:00,,11.0,chunk_0035.json,POST /v1/generation/data/dpp-bulk,2026-05-31 21:45:40.033131+00:00,3196989,AHMETLİ HES,10354,2026-05-31T17:00:00+03:00,17:00
40W000003196989Z,AHMETLİ HES,unknown,2026-05-31 18:00:00+03:00,,11.0,chunk_0035.json,POST /v1/generation/data/dpp-bulk,2026-05-31 21:45:40.033131+00:00,3196989,AHMETLİ HES,10354,2026-05-31T18:00:00+03:00,18:00
40W000003196989Z,AHMETLİ HES,unknown,2026-05-31 19:00:00+03:00,,11.0,chunk_0035.json,POST /v1/generation/data/dpp-bulk,2026-05-31 21:45:40.033131+00:00,3196989,AHMETLİ HES,10354,2026-05-31T19:00:00+03:00,19:00
40W000003196989Z,AHMETLİ HES,unknown,2026-05-31 20:00:00+03:00,,11.0,chunk_0035.json,POST /v1/generation/data/dpp-bulk,2026-05-31 21:45:40.033131+00:00,3196989,AHMETLİ HES,10354,2026-05-31T20:00:00+03:00,20:00
40W000003196989Z,AHMETLİ HES,unknown,2026-05-31 21:00:00+03:00,,11.0,chunk_0035.json,POST /v1/generation/data/dpp-bulk,2026-05-31 21:45:40.033131+00:00,3196989,AHMETLİ HES,10354,2026-05-31T21:00:00+03:00,21:00
40W000003196989Z,AHMETLİ HES,unknown,2026-05-31 22:00:00+03:00,,11.0,chunk_0035.json,POST /v1/generation/data/dpp-bulk,2026-05-31 21:45:40.033131+00:00,3196989,AHMETLİ HES,10354,2026-05-31T22:00:00+03:00,22:00
40W000003196989Z,AHMETLİ HES,unknown,2026-05-31 23:00:00+03:00,,11.0,chunk_0035.json,POST /v1/generation/data/dpp-bulk,2026-05-31 21:45:40.033131+00:00,3196989,AHMETLİ HES,10354,2026-05-31T23:00:00+03:00,23:00
40W000003197267V,ACWA POWER KIRIKKALE DGKÇS,unknown,2026-05-31 00:00:00+03:00,,0.0,chunk_0035.json,POST /v1/generation/data/dpp-bulk,2026-05-31 21:45:40.033131+00:00,3197267,ACWA POWER KIRIKKALE DGKÇS,10372,2026-05-31T00:00:00+03:00,00:00
40W000003197267V,ACWA POWER KIRIKKALE DGKÇS,unknown,2026-05-31 01:00:00+03:00,,0.0,chunk_0035.json,POST /v1/generation/data/dpp-bulk,2026-05-31 21:45:40.033131+00:00,3197267,ACWA POWER KIRIKKALE DGKÇS,10372,2026-05-31T01:00:00+03:00,01:00
40W000003197267V,ACWA POWER KIRIKKALE DGKÇS,unknown,2026-05-31 02:00:00+03:00,,0.0,chunk_0035.json,POST /v1/generation/data/dpp-bulk,2026-05-31 21:45:40.033131+00:00,3197267,ACWA POWER KIRIKKALE DGKÇS,10372,2026-05-31T02:00:00+03:00,02:00
40W000003197267V,ACWA POWER KIRIKKALE DGKÇS,unknown,2026-05-31 03:00:00+03:00,,0.0,chunk_0035.json,POST /v1/generation/data/dpp-bulk,2026-05-31 21:45:40.033131+00:00,3197267,ACWA POWER KIRIKKALE DGKÇS,10372,2026-05-31T03:00:00+03:00,03:00
40W000003197267V,ACWA POWER KIRIKKALE DGKÇS,unknown,2026-05-31 04:00:00+03:00,,0.0,chunk_0035.json,POST /v1/generation/data/dpp-bulk,2026-05-31 21:45:40.033131+00:00,3197267,ACWA POWER KIRIKKALE DGKÇS,10372,2026-05-31T04:00:00+03:00,04:00
40W000003197267V,ACWA POWER KIRIKKALE DGKÇS,unknown,2026-05-31 05:00:00+03:00,,0.0,chunk_0035.json,POST /v1/generation/data/dpp-bulk,2026-05-31 21:45:40.033131+00:00,3197267,ACWA POWER KIRIKKALE DGKÇS,10372,2026-05-31T05:00:00+03:00,05:00
40W000003197267V,ACWA POWER KIRIKKALE DGKÇS,unknown,2026-05-31 06:00:00+03:00,,0.0,chunk_0035.json,POST /v1/generation/data/dpp-bulk,2026-05-31 21:45:40.033131+00:00,3197267,ACWA POWER KIRIKKALE DGKÇS,10372,2026-05-31T06:00:00+03:00,06:00
40W000003197267V,ACWA POWER KIRIKKALE DGKÇS,unknown,2026-05-31 07:00:00+03:00,,0.0,chunk_0035.json,POST /v1/generation/data/dpp-bulk,2026-05-31 21:45:40.033131+00:00,3197267,ACWA POWER KIRIKKALE DGKÇS,10372,2026-05-31T07:00:00+03:00,07:00
40W000003197267V,ACWA POWER KIRIKKALE DGKÇS,unknown,2026-05-31 08:00:00+03:00,,0.0,chunk_0035.json,POST /v1/generation/data/dpp-bulk,2026-05-31 21:45:40.033131+00:00,3197267,ACWA POWER KIRIKKALE DGKÇS,10372,2026-05-31T08:00:00+03:00,08:00
40W000003197267V,ACWA POWER KIRIKKALE DGKÇS,unknown,2026-05-31 09:00:00+03:00,,0.0,chunk_0035.json,POST /v1/generation/data/dpp-bulk,2026-05-31 21:45:40.033131+00:00,3197267,ACWA POWER KIRIKKALE DGKÇS,10372,2026-05-31T09:00:00+03:00,09:00
40W000003197267V,ACWA POWER KIRIKKALE DGKÇS,unknown,2026-05-31 10:00:00+03:00,,0.0,chunk_0035.json,POST /v1/generation/data/dpp-bulk,2026-05-31 21:45:40.033131+00:00,3197267,ACWA POWER KIRIKKALE DGKÇS,10372,2026-05-31T10:00:00+03:00,10:00
40W000003197267V,ACWA POWER KIRIKKALE DGKÇS,unknown,2026-05-31 11:00:00+03:00,,0.0,chunk_0035.json,POST /v1/generation/data/dpp-bulk,2026-05-31 21:45:40.033131+00:00,3197267,ACWA POWER KIRIKKALE DGKÇS,10372,2026-05-31T11:00:00+03:00,11:00
40W000003197267V,ACWA POWER KIRIKKALE DGKÇS,unknown,2026-05-31 12:00:00+03:00,,0.0,chunk_0035.json,POST /v1/generation/data/dpp-bulk,2026-05-31 21:45:40.033131+00:00,3197267,ACWA POWER KIRIKKALE DGKÇS,10372,2026-05-31T12:00:00+03:00,12:00
40W000003197267V,ACWA POWER KIRIKKALE DGKÇS,unknown,2026-05-31 13:00:00+03:00,,0.0,chunk_0035.json,POST /v1/generation/data/dpp-bulk,2026-05-31 21:45:40.033131+00:00,3197267,ACWA POWER KIRIKKALE DGKÇS,10372,2026-05-31T13:00:00+03:00,13:00
40W000003197267V,ACWA POWER KIRIKKALE DGKÇS,unknown,2026-05-31 14:00:00+03:00,,0.0,chunk_0035.json,POST /v1/generation/data/dpp-bulk,2026-05-31 21:45:40.033131+00:00,3197267,ACWA POWER KIRIKKALE DGKÇS,10372,2026-05-31T14:00:00+03:00,14:00
40W000003197267V,ACWA POWER KIRIKKALE DGKÇS,unknown,2026-05-31 15:00:00+03:00,,0.0,chunk_0035.json,POST /v1/generation/data/dpp-bulk,2026-05-31 21:45:40.033131+00:00,3197267,ACWA POWER KIRIKKALE DGKÇS,10372,2026-05-31T15:00:00+03:00,15:00
40W000003197267V,ACWA POWER KIRIKKALE DGKÇS,unknown,2026-05-31 16:00:00+03:00,,0.0,chunk_0035.json,POST /v1/generation/data/dpp-bulk,2026-05-31 21:45:40.033131+00:00,3197267,ACWA POWER KIRIKKALE DGKÇS,10372,2026-05-31T16:00:00+03:00,16:00
40W000003197267V,ACWA POWER KIRIKKALE DGKÇS,unknown,2026-05-31 17:00:00+03:00,,0.0,chunk_0035.json,POST /v1/generation/data/dpp-bulk,2026-05-31 21:45:40.033131+00:00,3197267,ACWA POWER KIRIKKALE DGKÇS,10372,2026-05-31T17:00:00+03:00,17:00
40W000003197267V,ACWA POWER KIRIKKALE DGKÇS,unknown,2026-05-31 18:00:00+03:00,,0.0,chunk_0035.json,POST /v1/generation/data/dpp-bulk,2026-05-31 21:45:40.033131+00:00,3197267,ACWA POWER KIRIKKALE DGKÇS,10372,2026-05-31T18:00:00+03:00,18:00
40W000003197267V,ACWA POWER KIRIKKALE DGKÇS,unknown,2026-05-31 19:00:00+03:00,,0.0,chunk_0035.json,POST /v1/generation/data/dpp-bulk,2026-05-31 21:45:40.033131+00:00,3197267,ACWA POWER KIRIKKALE DGKÇS,10372,2026-05-31T19:00:00+03:00,19:00
40W000003197267V,ACWA POWER KIRIKKALE DGKÇS,unknown,2026-05-31 20:00:00+03:00,,0.0,chunk_0035.json,POST /v1/generation/data/dpp-bulk,2026-05-31 21:45:40.033131+00:00,3197267,ACWA POWER KIRIKKALE DGKÇS,10372,2026-05-31T20:00:00+03:00,20:00
40W000003197267V,ACWA POWER KIRIKKALE DGKÇS,unknown,2026-05-31 21:00:00+03:00,,0.0,chunk_0035.json,POST /v1/generation/data/dpp-bulk,2026-05-31 21:45:40.033131+00:00,3197267,ACWA POWER KIRIKKALE DGKÇS,10372,2026-05-31T21:00:00+03:00,21:00
40W000003197267V,ACWA POWER KIRIKKALE DGKÇS,unknown,2026-05-31 22:00:00+03:00,,0.0,chunk_0035.json,POST /v1/generation/data/dpp-bulk,2026-05-31 21:45:40.033131+00:00,3197267,ACWA POWER KIRIKKALE DGKÇS,10372,2026-05-31T22:00:00+03:00,22:00
40W000003197267V,ACWA POWER KIRIKKALE DGKÇS,unknown,2026-05-31 23:00:00+03:00,,0.0,chunk_0035.json,POST /v1/generation/data/dpp-bulk,2026-05-31 21:45:40.033131+00:00,3197267,ACWA POWER KIRIKKALE DGKÇS,10372,2026-05-31T23:00:00+03:00,23:00
40W000003197167Z,SULTANHİSAR JES,unknown,2026-05-31 00:00:00+03:00,,2.6,chunk_0035.json,POST /v1/generation/data/dpp-bulk,2026-05-31 21:45:40.033131+00:00,3197167,SULTANHİSAR JES,10375,2026-05-31T00:00:00+03:00,00:00
40W000003197167Z,SULTANHİSAR JES,unknown,2026-05-31 01:00:00+03:00,,2.8,chunk_0035.json,POST /v1/generation/data/dpp-bulk,2026-05-31 21:45:40.033131+00:00,3197167,SULTANHİSAR JES,10375,2026-05-31T01:00:00+03:00,01:00
40W000003197167Z,SULTANHİSAR JES,unknown,2026-05-31 02:00:00+03:00,,2.8,chunk_0035.json,POST /v1/generation/data/dpp-bulk,2026-05-31 21:45:40.033131+00:00,3197167,SULTANHİSAR JES,10375,2026-05-31T02:00:00+03:00,02:00
40W000003197167Z,SULTANHİSAR JES,unknown,2026-05-31 03:00:00+03:00,,3.0,chunk_0035.json,POST /v1/generation/data/dpp-bulk,2026-05-31 21:45:40.033131+00:00,3197167,SULTANHİSAR JES,10375,2026-05-31T03:00:00+03:00,03:00
40W000003197167Z,SULTANHİSAR JES,unknown,2026-05-31 04:00:00+03:00,,3.0,chunk_0035.json,POST /v1/generation/data/dpp-bulk,2026-05-31 21:45:40.033131+00:00,3197167,SULTANHİSAR JES,10375,2026-05-31T04:00:00+03:00,04:00
40W000003197167Z,SULTANHİSAR JES,unknown,2026-05-31 05:00:00+03:00,,3.2,chunk_0035.json,POST /v1/generation/data/dpp-bulk,2026-05-31 21:45:40.033131+00:00,3197167,SULTANHİSAR JES,10375,2026-05-31T05:00:00+03:00,05:00
40W000003197167Z,SULTANHİSAR JES,unknown,2026-05-31 06:00:00+03:00,,3.2,chunk_0035.json,POST /v1/generation/data/dpp-bulk,2026-05-31 21:45:40.033131+00:00,3197167,SULTANHİSAR JES,10375,2026-05-31T06:00:00+03:00,06:00
40W000003197167Z,SULTANHİSAR JES,unknown,2026-05-31 07:00:00+03:00,,2.8,chunk_0035.json,POST /v1/generation/data/dpp-bulk,2026-05-31 21:45:40.033131+00:00,3197167,SULTANHİSAR JES,10375,2026-05-31T07:00:00+03:00,07:00
40W000003197167Z,SULTANHİSAR JES,unknown,2026-05-31 08:00:00+03:00,,2.6,chunk_0035.json,POST /v1/generation/data/dpp-bulk,2026-05-31 21:45:40.033131+00:00,3197167,SULTANHİSAR JES,10375,2026-05-31T08:00:00+03:00,08:00
40W000003197167Z,SULTANHİSAR JES,unknown,2026-05-31 09:00:00+03:00,,2.4,chunk_0035.json,POST /v1/generation/data/dpp-bulk,2026-05-31 21:45:40.033131+00:00,3197167,SULTANHİSAR JES,10375,2026-05-31T09:00:00+03:00,09:00
40W000003197167Z,SULTANHİSAR JES,unknown,2026-05-31 10:00:00+03:00,,2.2,chunk_0035.json,POST /v1/generation/data/dpp-bulk,2026-05-31 21:45:40.033131+00:00,3197167,SULTANHİSAR JES,10375,2026-05-31T10:00:00+03:00,10:00
40W000003197167Z,SULTANHİSAR JES,unknown,2026-05-31 11:00:00+03:00,,1.8,chunk_0035.json,POST /v1/generation/data/dpp-bulk,2026-05-31 21:45:40.033131+00:00,3197167,SULTANHİSAR JES,10375,2026-05-31T11:00:00+03:00,11:00
40W000003197167Z,SULTANHİSAR JES,unknown,2026-05-31 12:00:00+03:00,,1.4,chunk_0035.json,POST /v1/generation/data/dpp-bulk,2026-05-31 21:45:40.033131+00:00,3197167,SULTANHİSAR JES,10375,2026-05-31T12:00:00+03:00,12:00
40W000003197167Z,SULTANHİSAR JES,unknown,2026-05-31 13:00:00+03:00,,1.0,chunk_0035.json,POST /v1/generation/data/dpp-bulk,2026-05-31 21:45:40.033131+00:00,3197167,SULTANHİSAR JES,10375,2026-05-31T13:00:00+03:00,13:00
40W000003197167Z,SULTANHİSAR JES,unknown,2026-05-31 14:00:00+03:00,,0.8,chunk_0035.json,POST /v1/generation/data/dpp-bulk,2026-05-31 21:45:40.033131+00:00,3197167,SULTANHİSAR JES,10375,2026-05-31T14:00:00+03:00,14:00
40W000003197167Z,SULTANHİSAR JES,unknown,2026-05-31 15:00:00+03:00,,0.6,chunk_0035.json,POST /v1/generation/data/dpp-bulk,2026-05-31 21:45:40.033131+00:00,3197167,SULTANHİSAR JES,10375,2026-05-31T15:00:00+03:00,15:00
40W000003197167Z,SULTANHİSAR JES,unknown,2026-05-31 16:00:00+03:00,,0.6,chunk_0035.json,POST /v1/generation/data/dpp-bulk,2026-05-31 21:45:40.033131+00:00,3197167,SULTANHİSAR JES,10375,2026-05-31T16:00:00+03:00,16:00
40W000003197167Z,SULTANHİSAR JES,unknown,2026-05-31 17:00:00+03:00,,0.6,chunk_0035.json,POST /v1/generation/data/dpp-bulk,2026-05-31 21:45:40.033131+00:00,3197167,SULTANHİSAR JES,10375,2026-05-31T17:00:00+03:00,17:00
40W000003197167Z,SULTANHİSAR JES,unknown,2026-05-31 18:00:00+03:00,,0.8,chunk_0035.json,POST /v1/generation/data/dpp-bulk,2026-05-31 21:45:40.033131+00:00,3197167,SULTANHİSAR JES,10375,2026-05-31T18:00:00+03:00,18:00
40W000003197167Z,SULTANHİSAR JES,unknown,2026-05-31 19:00:00+03:00,,1.0,chunk_0035.json,POST /v1/generation/data/dpp-bulk,2026-05-31 21:45:40.033131+00:00,3197167,SULTANHİSAR JES,10375,2026-05-31T19:00:00+03:00,19:00
40W000003197167Z,SULTANHİSAR JES,unknown,2026-05-31 20:00:00+03:00,,1.4,chunk_0035.json,POST /v1/generation/data/dpp-bulk,2026-05-31 21:45:40.033131+00:00,3197167,SULTANHİSAR JES,10375,2026-05-31T20:00:00+03:00,20:00
40W000003197167Z,SULTANHİSAR JES,unknown,2026-05-31 21:00:00+03:00,,1.8,chunk_0035.json,POST /v1/generation/data/dpp-bulk,2026-05-31 21:45:40.033131+00:00,3197167,SULTANHİSAR JES,10375,2026-05-31T21:00:00+03:00,21:00
40W000003197167Z,SULTANHİSAR JES,unknown,2026-05-31 22:00:00+03:00,,2.2,chunk_0035.json,POST /v1/generation/data/dpp-bulk,2026-05-31 21:45:40.033131+00:00,3197167,SULTANHİSAR JES,10375,2026-05-31T22:00:00+03:00,22:00
40W000003197167Z,SULTANHİSAR JES,unknown,2026-05-31 23:00:00+03:00,,2.4,chunk_0035.json,POST /v1/generation/data/dpp-bulk,2026-05-31 21:45:40.033131+00:00,3197167,SULTANHİSAR JES,10375,2026-05-31T23:00:00+03:00,23:00
40W000003197347X,KUBİLAY JES,unknown,2026-05-31 00:00:00+03:00,,13.0,chunk_0035.json,POST /v1/generation/data/dpp-bulk,2026-05-31 21:45:40.033131+00:00,3197347,KUBİLAY JES,10380,2026-05-31T00:00:00+03:00,00:00
40W000003197347X,KUBİLAY JES,unknown,2026-05-31 01:00:00+03:00,,13.5,chunk_0035.json,POST /v1/generation/data/dpp-bulk,2026-05-31 21:45:40.033131+00:00,3197347,KUBİLAY JES,10380,2026-05-31T01:00:00+03:00,01:00
40W000003197347X,KUBİLAY JES,unknown,2026-05-31 02:00:00+03:00,,13.0,chunk_0035.json,POST /v1/generation/data/dpp-bulk,2026-05-31 21:45:40.033131+00:00,3197347,KUBİLAY JES,10380,2026-05-31T02:00:00+03:00,02:00
40W000003197347X,KUBİLAY JES,unknown,2026-05-31 03:00:00+03:00,,12.5,chunk_0035.json,POST /v1/generation/data/dpp-bulk,2026-05-31 21:45:40.033131+00:00,3197347,KUBİLAY JES,10380,2026-05-31T03:00:00+03:00,03:00
40W000003197347X,KUBİLAY JES,unknown,2026-05-31 04:00:00+03:00,,13.0,chunk_0035.json,POST /v1/generation/data/dpp-bulk,2026-05-31 21:45:40.033131+00:00,3197347,KUBİLAY JES,10380,2026-05-31T04:00:00+03:00,04:00
40W000003197347X,KUBİLAY JES,unknown,2026-05-31 05:00:00+03:00,,13.5,chunk_0035.json,POST /v1/generation/data/dpp-bulk,2026-05-31 21:45:40.033131+00:00,3197347,KUBİLAY JES,10380,2026-05-31T05:00:00+03:00,05:00
40W000003197347X,KUBİLAY JES,unknown,2026-05-31 06:00:00+03:00,,13.5,chunk_0035.json,POST /v1/generation/data/dpp-bulk,2026-05-31 21:45:40.033131+00:00,3197347,KUBİLAY JES,10380,2026-05-31T06:00:00+03:00,06:00
40W000003197347X,KUBİLAY JES,unknown,2026-05-31 07:00:00+03:00,,13.5,chunk_0035.json,POST /v1/generation/data/dpp-bulk,2026-05-31 21:45:40.033131+00:00,3197347,KUBİLAY JES,10380,2026-05-31T07:00:00+03:00,07:00
40W000003197347X,KUBİLAY JES,unknown,2026-05-31 08:00:00+03:00,,12.5,chunk_0035.json,POST /v1/generation/data/dpp-bulk,2026-05-31 21:45:40.033131+00:00,3197347,KUBİLAY JES,10380,2026-05-31T08:00:00+03:00,08:00
40W000003197347X,KUBİLAY JES,unknown,2026-05-31 09:00:00+03:00,,11.5,chunk_0035.json,POST /v1/generation/data/dpp-bulk,2026-05-31 21:45:40.033131+00:00,3197347,KUBİLAY JES,10380,2026-05-31T09:00:00+03:00,09:00
40W000003197347X,KUBİLAY JES,unknown,2026-05-31 10:00:00+03:00,,10.5,chunk_0035.json,POST /v1/generation/data/dpp-bulk,2026-05-31 21:45:40.033131+00:00,3197347,KUBİLAY JES,10380,2026-05-31T10:00:00+03:00,10:00
40W000003197347X,KUBİLAY JES,unknown,2026-05-31 11:00:00+03:00,,10.0,chunk_0035.json,POST /v1/generation/data/dpp-bulk,2026-05-31 21:45:40.033131+00:00,3197347,KUBİLAY JES,10380,2026-05-31T11:00:00+03:00,11:00
40W000003197347X,KUBİLAY JES,unknown,2026-05-31 12:00:00+03:00,,9.5,chunk_0035.json,POST /v1/generation/data/dpp-bulk,2026-05-31 21:45:40.033131+00:00,3197347,KUBİLAY JES,10380,2026-05-31T12:00:00+03:00,12:00
40W000003197347X,KUBİLAY JES,unknown,2026-05-31 13:00:00+03:00,,9.0,chunk_0035.json,POST /v1/generation/data/dpp-bulk,2026-05-31 21:45:40.033131+00:00,3197347,KUBİLAY JES,10380,2026-05-31T13:00:00+03:00,13:00
40W000003197347X,KUBİLAY JES,unknown,2026-05-31 14:00:00+03:00,,9.0,chunk_0035.json,POST /v1/generation/data/dpp-bulk,2026-05-31 21:45:40.033131+00:00,3197347,KUBİLAY JES,10380,2026-05-31T14:00:00+03:00,14:00
40W000003197347X,KUBİLAY JES,unknown,2026-05-31 15:00:00+03:00,,9.0,chunk_0035.json,POST /v1/generation/data/dpp-bulk,2026-05-31 21:45:40.033131+00:00,3197347,KUBİLAY JES,10380,2026-05-31T15:00:00+03:00,15:00
40W000003197347X,KUBİLAY JES,unknown,2026-05-31 16:00:00+03:00,,9.0,chunk_0035.json,POST /v1/generation/data/dpp-bulk,2026-05-31 21:45:40.033131+00:00,3197347,KUBİLAY JES,10380,2026-05-31T16:00:00+03:00,16:00
40W000003197347X,KUBİLAY JES,unknown,2026-05-31 17:00:00+03:00,,9.0,chunk_0035.json,POST /v1/generation/data/dpp-bulk,2026-05-31 21:45:40.033131+00:00,3197347,KUBİLAY JES,10380,2026-05-31T17:00:00+03:00,17:00
40W000003197347X,KUBİLAY JES,unknown,2026-05-31 18:00:00+03:00,,9.5,chunk_0035.json,POST /v1/generation/data/dpp-bulk,2026-05-31 21:45:40.033131+00:00,3197347,KUBİLAY JES,10380,2026-05-31T18:00:00+03:00,18:00
40W000003197347X,KUBİLAY JES,unknown,2026-05-31 19:00:00+03:00,,10.0,chunk_0035.json,POST /v1/generation/data/dpp-bulk,2026-05-31 21:45:40.033131+00:00,3197347,KUBİLAY JES,10380,2026-05-31T19:00:00+03:00,19:00
40W000003197347X,KUBİLAY JES,unknown,2026-05-31 20:00:00+03:00,,11.0,chunk_0035.json,POST /v1/generation/data/dpp-bulk,2026-05-31 21:45:40.033131+00:00,3197347,KUBİLAY JES,10380,2026-05-31T20:00:00+03:00,20:00
40W000003197347X,KUBİLAY JES,unknown,2026-05-31 21:00:00+03:00,,11.5,chunk_0035.json,POST /v1/generation/data/dpp-bulk,2026-05-31 21:45:40.033131+00:00,3197347,KUBİLAY JES,10380,2026-05-31T21:00:00+03:00,21:00
40W000003197347X,KUBİLAY JES,unknown,2026-05-31 22:00:00+03:00,,12.0,chunk_0035.json,POST /v1/generation/data/dpp-bulk,2026-05-31 21:45:40.033131+00:00,3197347,KUBİLAY JES,10380,2026-05-31T22:00:00+03:00,22:00
40W000003197347X,KUBİLAY JES,unknown,2026-05-31 23:00:00+03:00,,12.5,chunk_0035.json,POST /v1/generation/data/dpp-bulk,2026-05-31 21:45:40.033131+00:00,3197347,KUBİLAY JES,10380,2026-05-31T23:00:00+03:00,23:00
40W000003197568H,AİRRES-4 RES,unknown,2026-05-31 00:00:00+03:00,,9.38,chunk_0035.json,POST /v1/generation/data/dpp-bulk,2026-05-31 21:45:40.033131+00:00,3197568,AİRRES-4 RES,10412,2026-05-31T00:00:00+03:00,00:00
40W000003197568H,AİRRES-4 RES,unknown,2026-05-31 01:00:00+03:00,,11.96,chunk_0035.json,POST /v1/generation/data/dpp-bulk,2026-05-31 21:45:40.033131+00:00,3197568,AİRRES-4 RES,10412,2026-05-31T01:00:00+03:00,01:00
40W000003197568H,AİRRES-4 RES,unknown,2026-05-31 02:00:00+03:00,,14.22,chunk_0035.json,POST /v1/generation/data/dpp-bulk,2026-05-31 21:45:40.033131+00:00,3197568,AİRRES-4 RES,10412,2026-05-31T02:00:00+03:00,02:00
40W000003197568H,AİRRES-4 RES,unknown,2026-05-31 03:00:00+03:00,,14.67,chunk_0035.json,POST /v1/generation/data/dpp-bulk,2026-05-31 21:45:40.033131+00:00,3197568,AİRRES-4 RES,10412,2026-05-31T03:00:00+03:00,03:00
40W000003197568H,AİRRES-4 RES,unknown,2026-05-31 04:00:00+03:00,,17.85,chunk_0035.json,POST /v1/generation/data/dpp-bulk,2026-05-31 21:45:40.033131+00:00,3197568,AİRRES-4 RES,10412,2026-05-31T04:00:00+03:00,04:00
40W000003197568H,AİRRES-4 RES,unknown,2026-05-31 05:00:00+03:00,,23.44,chunk_0035.json,POST /v1/generation/data/dpp-bulk,2026-05-31 21:45:40.033131+00:00,3197568,AİRRES-4 RES,10412,2026-05-31T05:00:00+03:00,05:00
40W000003197568H,AİRRES-4 RES,unknown,2026-05-31 06:00:00+03:00,,24.98,chunk_0035.json,POST /v1/generation/data/dpp-bulk,2026-05-31 21:45:40.033131+00:00,3197568,AİRRES-4 RES,10412,2026-05-31T06:00:00+03:00,06:00
40W000003197568H,AİRRES-4 RES,unknown,2026-05-31 07:00:00+03:00,,27.45,chunk_0035.json,POST /v1/generation/data/dpp-bulk,2026-05-31 21:45:40.033131+00:00,3197568,AİRRES-4 RES,10412,2026-05-31T07:00:00+03:00,07:00
40W000003197568H,AİRRES-4 RES,unknown,2026-05-31 08:00:00+03:00,,24.91,chunk_0035.json,POST /v1/generation/data/dpp-bulk,2026-05-31 21:45:40.033131+00:00,3197568,AİRRES-4 RES,10412,2026-05-31T08:00:00+03:00,08:00
40W000003197568H,AİRRES-4 RES,unknown,2026-05-31 09:00:00+03:00,,22.09,chunk_0035.json,POST /v1/generation/data/dpp-bulk,2026-05-31 21:45:40.033131+00:00,3197568,AİRRES-4 RES,10412,2026-05-31T09:00:00+03:00,09:00
40W000003197568H,AİRRES-4 RES,unknown,2026-05-31 10:00:00+03:00,,21.63,chunk_0035.json,POST /v1/generation/data/dpp-bulk,2026-05-31 21:45:40.033131+00:00,3197568,AİRRES-4 RES,10412,2026-05-31T10:00:00+03:00,10:00
40W000003197568H,AİRRES-4 RES,unknown,2026-05-31 11:00:00+03:00,,25.51,chunk_0035.json,POST /v1/generation/data/dpp-bulk,2026-05-31 21:45:40.033131+00:00,3197568,AİRRES-4 RES,10412,2026-05-31T11:00:00+03:00,11:00
40W000003197568H,AİRRES-4 RES,unknown,2026-05-31 12:00:00+03:00,,22.63,chunk_0035.json,POST /v1/generation/data/dpp-bulk,2026-05-31 21:45:40.033131+00:00,3197568,AİRRES-4 RES,10412,2026-05-31T12:00:00+03:00,12:00
40W000003197568H,AİRRES-4 RES,unknown,2026-05-31 13:00:00+03:00,,31.06,chunk_0035.json,POST /v1/generation/data/dpp-bulk,2026-05-31 21:45:40.033131+00:00,3197568,AİRRES-4 RES,10412,2026-05-31T13:00:00+03:00,13:00
40W000003197568H,AİRRES-4 RES,unknown,2026-05-31 14:00:00+03:00,,37.41,chunk_0035.json,POST /v1/generation/data/dpp-bulk,2026-05-31 21:45:40.033131+00:00,3197568,AİRRES-4 RES,10412,2026-05-31T14:00:00+03:00,14:00
40W000003197568H,AİRRES-4 RES,unknown,2026-05-31 15:00:00+03:00,,35.69,chunk_0035.json,POST /v1/generation/data/dpp-bulk,2026-05-31 21:45:40.033131+00:00,3197568,AİRRES-4 RES,10412,2026-05-31T15:00:00+03:00,15:00
40W000003197568H,AİRRES-4 RES,unknown,2026-05-31 16:00:00+03:00,,38.87,chunk_0035.json,POST /v1/generation/data/dpp-bulk,2026-05-31 21:45:40.033131+00:00,3197568,AİRRES-4 RES,10412,2026-05-31T16:00:00+03:00,16:00
40W000003197568H,AİRRES-4 RES,unknown,2026-05-31 17:00:00+03:00,,31.58,chunk_0035.json,POST /v1/generation/data/dpp-bulk,2026-05-31 21:45:40.033131+00:00,3197568,AİRRES-4 RES,10412,2026-05-31T17:00:00+03:00,17:00
40W000003197568H,AİRRES-4 RES,unknown,2026-05-31 18:00:00+03:00,,27.33,chunk_0035.json,POST /v1/generation/data/dpp-bulk,2026-05-31 21:45:40.033131+00:00,3197568,AİRRES-4 RES,10412,2026-05-31T18:00:00+03:00,18:00
40W000003197568H,AİRRES-4 RES,unknown,2026-05-31 19:00:00+03:00,,24.95,chunk_0035.json,POST /v1/generation/data/dpp-bulk,2026-05-31 21:45:40.033131+00:00,3197568,AİRRES-4 RES,10412,2026-05-31T19:00:00+03:00,19:00
40W000003197568H,AİRRES-4 RES,unknown,2026-05-31 20:00:00+03:00,,34.91,chunk_0035.json,POST /v1/generation/data/dpp-bulk,2026-05-31 21:45:40.033131+00:00,3197568,AİRRES-4 RES,10412,2026-05-31T20:00:00+03:00,20:00
40W000003197568H,AİRRES-4 RES,unknown,2026-05-31 21:00:00+03:00,,34.03,chunk_0035.json,POST /v1/generation/data/dpp-bulk,2026-05-31 21:45:40.033131+00:00,3197568,AİRRES-4 RES,10412,2026-05-31T21:00:00+03:00,21:00
40W000003197568H,AİRRES-4 RES,unknown,2026-05-31 22:00:00+03:00,,30.45,chunk_0035.json,POST /v1/generation/data/dpp-bulk,2026-05-31 21:45:40.033131+00:00,3197568,AİRRES-4 RES,10412,2026-05-31T22:00:00+03:00,22:00
40W000003197568H,AİRRES-4 RES,unknown,2026-05-31 23:00:00+03:00,,43.56,chunk_0035.json,POST /v1/generation/data/dpp-bulk,2026-05-31 21:45:40.033131+00:00,3197568,AİRRES-4 RES,10412,2026-05-31T23:00:00+03:00,23:00
40W0000031989903,KARGI BARAJI VE HES,unknown,2026-05-31 00:00:00+03:00,,63.8,chunk_0035.json,POST /v1/generation/data/dpp-bulk,2026-05-31 21:45:40.033131+00:00,3198990,KARGI BARAJI VE HES,10532,2026-05-31T00:00:00+03:00,00:00
40W0000031989903,KARGI BARAJI VE HES,unknown,2026-05-31 01:00:00+03:00,,63.8,chunk_0035.json,POST /v1/generation/data/dpp-bulk,2026-05-31 21:45:40.033131+00:00,3198990,KARGI BARAJI VE HES,10532,2026-05-31T01:00:00+03:00,01:00
40W0000031989903,KARGI BARAJI VE HES,unknown,2026-05-31 02:00:00+03:00,,63.8,chunk_0035.json,POST /v1/generation/data/dpp-bulk,2026-05-31 21:45:40.033131+00:00,3198990,KARGI BARAJI VE HES,10532,2026-05-31T02:00:00+03:00,02:00
40W0000031989903,KARGI BARAJI VE HES,unknown,2026-05-31 03:00:00+03:00,,63.8,chunk_0035.json,POST /v1/generation/data/dpp-bulk,2026-05-31 21:45:40.033131+00:00,3198990,KARGI BARAJI VE HES,10532,2026-05-31T03:00:00+03:00,03:00
40W0000031989903,KARGI BARAJI VE HES,unknown,2026-05-31 04:00:00+03:00,,63.8,chunk_0035.json,POST /v1/generation/data/dpp-bulk,2026-05-31 21:45:40.033131+00:00,3198990,KARGI BARAJI VE HES,10532,2026-05-31T04:00:00+03:00,04:00
40W0000031989903,KARGI BARAJI VE HES,unknown,2026-05-31 05:00:00+03:00,,63.8,chunk_0035.json,POST /v1/generation/data/dpp-bulk,2026-05-31 21:45:40.033131+00:00,3198990,KARGI BARAJI VE HES,10532,2026-05-31T05:00:00+03:00,05:00
40W0000031989903,KARGI BARAJI VE HES,unknown,2026-05-31 06:00:00+03:00,,63.8,chunk_0035.json,POST /v1/generation/data/dpp-bulk,2026-05-31 21:45:40.033131+00:00,3198990,KARGI BARAJI VE HES,10532,2026-05-31T06:00:00+03:00,06:00
40W0000031989903,KARGI BARAJI VE HES,unknown,2026-05-31 07:00:00+03:00,,0.0,chunk_0035.json,POST /v1/generation/data/dpp-bulk,2026-05-31 21:45:40.033131+00:00,3198990,KARGI BARAJI VE HES,10532,2026-05-31T07:00:00+03:00,07:00
40W0000031989903,KARGI BARAJI VE HES,unknown,2026-05-31 08:00:00+03:00,,0.0,chunk_0035.json,POST /v1/generation/data/dpp-bulk,2026-05-31 21:45:40.033131+00:00,3198990,KARGI BARAJI VE HES,10532,2026-05-31T08:00:00+03:00,08:00
40W0000031989903,KARGI BARAJI VE HES,unknown,2026-05-31 09:00:00+03:00,,0.0,chunk_0035.json,POST /v1/generation/data/dpp-bulk,2026-05-31 21:45:40.033131+00:00,3198990,KARGI BARAJI VE HES,10532,2026-05-31T09:00:00+03:00,09:00
40W0000031989903,KARGI BARAJI VE HES,unknown,2026-05-31 10:00:00+03:00,,0.0,chunk_0035.json,POST /v1/generation/data/dpp-bulk,2026-05-31 21:45:40.033131+00:00,3198990,KARGI BARAJI VE HES,10532,2026-05-31T10:00:00+03:00,10:00
40W0000031989903,KARGI BARAJI VE HES,unknown,2026-05-31 11:00:00+03:00,,0.0,chunk_0035.json,POST /v1/generation/data/dpp-bulk,2026-05-31 21:45:40.033131+00:00,3198990,KARGI BARAJI VE HES,10532,2026-05-31T11:00:00+03:00,11:00
40W0000031989903,KARGI BARAJI VE HES,unknown,2026-05-31 12:00:00+03:00,,0.0,chunk_0035.json,POST /v1/generation/data/dpp-bulk,2026-05-31 21:45:40.033131+00:00,3198990,KARGI BARAJI VE HES,10532,2026-05-31T12:00:00+03:00,12:00
40W0000031989903,KARGI BARAJI VE HES,unknown,2026-05-31 13:00:00+03:00,,0.0,chunk_0035.json,POST /v1/generation/data/dpp-bulk,2026-05-31 21:45:40.033131+00:00,3198990,KARGI BARAJI VE HES,10532,2026-05-31T13:00:00+03:00,13:00
40W0000031989903,KARGI BARAJI VE HES,unknown,2026-05-31 14:00:00+03:00,,0.0,chunk_0035.json,POST /v1/generation/data/dpp-bulk,2026-05-31 21:45:40.033131+00:00,3198990,KARGI BARAJI VE HES,10532,2026-05-31T14:00:00+03:00,14:00
40W0000031989903,KARGI BARAJI VE HES,unknown,2026-05-31 15:00:00+03:00,,0.0,chunk_0035.json,POST /v1/generation/data/dpp-bulk,2026-05-31 21:45:40.033131+00:00,3198990,KARGI BARAJI VE HES,10532,2026-05-31T15:00:00+03:00,15:00
40W0000031989903,KARGI BARAJI VE HES,unknown,2026-05-31 16:00:00+03:00,,0.0,chunk_0035.json,POST /v1/generation/data/dpp-bulk,2026-05-31 21:45:40.033131+00:00,3198990,KARGI BARAJI VE HES,10532,2026-05-31T16:00:00+03:00,16:00
40W0000031989903,KARGI BARAJI VE HES,unknown,2026-05-31 17:00:00+03:00,,0.0,chunk_0035.json,POST /v1/generation/data/dpp-bulk,2026-05-31 21:45:40.033131+00:00,3198990,KARGI BARAJI VE HES,10532,2026-05-31T17:00:00+03:00,17:00
40W0000031989903,KARGI BARAJI VE HES,unknown,2026-05-31 18:00:00+03:00,,0.0,chunk_0035.json,POST /v1/generation/data/dpp-bulk,2026-05-31 21:45:40.033131+00:00,3198990,KARGI BARAJI VE HES,10532,2026-05-31T18:00:00+03:00,18:00
40W0000031989903,KARGI BARAJI VE HES,unknown,2026-05-31 19:00:00+03:00,,0.0,chunk_0035.json,POST /v1/generation/data/dpp-bulk,2026-05-31 21:45:40.033131+00:00,3198990,KARGI BARAJI VE HES,10532,2026-05-31T19:00:00+03:00,19:00
40W0000031989903,KARGI BARAJI VE HES,unknown,2026-05-31 20:00:00+03:00,,0.0,chunk_0035.json,POST /v1/generation/data/dpp-bulk,2026-05-31 21:45:40.033131+00:00,3198990,KARGI BARAJI VE HES,10532,2026-05-31T20:00:00+03:00,20:00
40W0000031989903,KARGI BARAJI VE HES,unknown,2026-05-31 21:00:00+03:00,,63.8,chunk_0035.json,POST /v1/generation/data/dpp-bulk,2026-05-31 21:45:40.033131+00:00,3198990,KARGI BARAJI VE HES,10532,2026-05-31T21:00:00+03:00,21:00
40W0000031989903,KARGI BARAJI VE HES,unknown,2026-05-31 22:00:00+03:00,,63.8,chunk_0035.json,POST /v1/generation/data/dpp-bulk,2026-05-31 21:45:40.033131+00:00,3198990,KARGI BARAJI VE HES,10532,2026-05-31T22:00:00+03:00,22:00
40W0000031989903,KARGI BARAJI VE HES,unknown,2026-05-31 23:00:00+03:00,,63.8,chunk_0035.json,POST /v1/generation/data/dpp-bulk,2026-05-31 21:45:40.033131+00:00,3198990,KARGI BARAJI VE HES,10532,2026-05-31T23:00:00+03:00,23:00
40W000003197629N,ÖZMEN 1 JES,unknown,2026-05-31 00:00:00+03:00,,5.7,chunk_0035.json,POST /v1/generation/data/dpp-bulk,2026-05-31 21:45:40.033131+00:00,3197629,ÖZMEN 1 JES,10593,2026-05-31T00:00:00+03:00,00:00
40W000003197629N,ÖZMEN 1 JES,unknown,2026-05-31 01:00:00+03:00,,5.7,chunk_0035.json,POST /v1/generation/data/dpp-bulk,2026-05-31 21:45:40.033131+00:00,3197629,ÖZMEN 1 JES,10593,2026-05-31T01:00:00+03:00,01:00
40W000003197629N,ÖZMEN 1 JES,unknown,2026-05-31 02:00:00+03:00,,5.7,chunk_0035.json,POST /v1/generation/data/dpp-bulk,2026-05-31 21:45:40.033131+00:00,3197629,ÖZMEN 1 JES,10593,2026-05-31T02:00:00+03:00,02:00
40W000003197629N,ÖZMEN 1 JES,unknown,2026-05-31 03:00:00+03:00,,5.7,chunk_0035.json,POST /v1/generation/data/dpp-bulk,2026-05-31 21:45:40.033131+00:00,3197629,ÖZMEN 1 JES,10593,2026-05-31T03:00:00+03:00,03:00
40W000003197629N,ÖZMEN 1 JES,unknown,2026-05-31 04:00:00+03:00,,5.7,chunk_0035.json,POST /v1/generation/data/dpp-bulk,2026-05-31 21:45:40.033131+00:00,3197629,ÖZMEN 1 JES,10593,2026-05-31T04:00:00+03:00,04:00
40W000003197629N,ÖZMEN 1 JES,unknown,2026-05-31 05:00:00+03:00,,5.7,chunk_0035.json,POST /v1/generation/data/dpp-bulk,2026-05-31 21:45:40.033131+00:00,3197629,ÖZMEN 1 JES,10593,2026-05-31T05:00:00+03:00,05:00
40W000003197629N,ÖZMEN 1 JES,unknown,2026-05-31 06:00:00+03:00,,5.7,chunk_0035.json,POST /v1/generation/data/dpp-bulk,2026-05-31 21:45:40.033131+00:00,3197629,ÖZMEN 1 JES,10593,2026-05-31T06:00:00+03:00,06:00
40W000003197629N,ÖZMEN 1 JES,unknown,2026-05-31 07:00:00+03:00,,5.7,chunk_0035.json,POST /v1/generation/data/dpp-bulk,2026-05-31 21:45:40.033131+00:00,3197629,ÖZMEN 1 JES,10593,2026-05-31T07:00:00+03:00,07:00
40W000003197629N,ÖZMEN 1 JES,unknown,2026-05-31 08:00:00+03:00,,5.7,chunk_0035.json,POST /v1/generation/data/dpp-bulk,2026-05-31 21:45:40.033131+00:00,3197629,ÖZMEN 1 JES,10593,2026-05-31T08:00:00+03:00,08:00
40W000003197629N,ÖZMEN 1 JES,unknown,2026-05-31 09:00:00+03:00,,5.5,chunk_0035.json,POST /v1/generation/data/dpp-bulk,2026-05-31 21:45:40.033131+00:00,3197629,ÖZMEN 1 JES,10593,2026-05-31T09:00:00+03:00,09:00
40W000003197629N,ÖZMEN 1 JES,unknown,2026-05-31 10:00:00+03:00,,5.5,chunk_0035.json,POST /v1/generation/data/dpp-bulk,2026-05-31 21:45:40.033131+00:00,3197629,ÖZMEN 1 JES,10593,2026-05-31T10:00:00+03:00,10:00
40W000003197629N,ÖZMEN 1 JES,unknown,2026-05-31 11:00:00+03:00,,5.0,chunk_0035.json,POST /v1/generation/data/dpp-bulk,2026-05-31 21:45:40.033131+00:00,3197629,ÖZMEN 1 JES,10593,2026-05-31T11:00:00+03:00,11:00
40W000003197629N,ÖZMEN 1 JES,unknown,2026-05-31 12:00:00+03:00,,5.0,chunk_0035.json,POST /v1/generation/data/dpp-bulk,2026-05-31 21:45:40.033131+00:00,3197629,ÖZMEN 1 JES,10593,2026-05-31T12:00:00+03:00,12:00
40W000003197629N,ÖZMEN 1 JES,unknown,2026-05-31 13:00:00+03:00,,5.0,chunk_0035.json,POST /v1/generation/data/dpp-bulk,2026-05-31 21:45:40.033131+00:00,3197629,ÖZMEN 1 JES,10593,2026-05-31T13:00:00+03:00,13:00
40W000003197629N,ÖZMEN 1 JES,unknown,2026-05-31 14:00:00+03:00,,5.0,chunk_0035.json,POST /v1/generation/data/dpp-bulk,2026-05-31 21:45:40.033131+00:00,3197629,ÖZMEN 1 JES,10593,2026-05-31T14:00:00+03:00,14:00
40W000003197629N,ÖZMEN 1 JES,unknown,2026-05-31 15:00:00+03:00,,5.0,chunk_0035.json,POST /v1/generation/data/dpp-bulk,2026-05-31 21:45:40.033131+00:00,3197629,ÖZMEN 1 JES,10593,2026-05-31T15:00:00+03:00,15:00
40W000003197629N,ÖZMEN 1 JES,unknown,2026-05-31 16:00:00+03:00,,5.0,chunk_0035.json,POST /v1/generation/data/dpp-bulk,2026-05-31 21:45:40.033131+00:00,3197629,ÖZMEN 1 JES,10593,2026-05-31T16:00:00+03:00,16:00
40W000003197629N,ÖZMEN 1 JES,unknown,2026-05-31 17:00:00+03:00,,5.0,chunk_0035.json,POST /v1/generation/data/dpp-bulk,2026-05-31 21:45:40.033131+00:00,3197629,ÖZMEN 1 JES,10593,2026-05-31T17:00:00+03:00,17:00
40W000003197629N,ÖZMEN 1 JES,unknown,2026-05-31 18:00:00+03:00,,5.0,chunk_0035.json,POST /v1/generation/data/dpp-bulk,2026-05-31 21:45:40.033131+00:00,3197629,ÖZMEN 1 JES,10593,2026-05-31T18:00:00+03:00,18:00
40W000003197629N,ÖZMEN 1 JES,unknown,2026-05-31 19:00:00+03:00,,5.2,chunk_0035.json,POST /v1/generation/data/dpp-bulk,2026-05-31 21:45:40.033131+00:00,3197629,ÖZMEN 1 JES,10593,2026-05-31T19:00:00+03:00,19:00
40W000003197629N,ÖZMEN 1 JES,unknown,2026-05-31 20:00:00+03:00,,5.2,chunk_0035.json,POST /v1/generation/data/dpp-bulk,2026-05-31 21:45:40.033131+00:00,3197629,ÖZMEN 1 JES,10593,2026-05-31T20:00:00+03:00,20:00
40W000003197629N,ÖZMEN 1 JES,unknown,2026-05-31 21:00:00+03:00,,5.2,chunk_0035.json,POST /v1/generation/data/dpp-bulk,2026-05-31 21:45:40.033131+00:00,3197629,ÖZMEN 1 JES,10593,2026-05-31T21:00:00+03:00,21:00
40W000003197629N,ÖZMEN 1 JES,unknown,2026-05-31 22:00:00+03:00,,5.2,chunk_0035.json,POST /v1/generation/data/dpp-bulk,2026-05-31 21:45:40.033131+00:00,3197629,ÖZMEN 1 JES,10593,2026-05-31T22:00:00+03:00,22:00
40W000003197629N,ÖZMEN 1 JES,unknown,2026-05-31 23:00:00+03:00,,5.2,chunk_0035.json,POST /v1/generation/data/dpp-bulk,2026-05-31 21:45:40.033131+00:00,3197629,ÖZMEN 1 JES,10593,2026-05-31T23:00:00+03:00,23:00
40W000003197107G,ALPERTEKS KOJENERASYON SANTRALİ,unknown,2026-05-31 00:00:00+03:00,,0.0,chunk_0035.json,POST /v1/generation/data/dpp-bulk,2026-05-31 21:45:40.033131+00:00,3197107,ALPERTEKS KOJENERASYON SANTRALİ,103060,2026-05-31T00:00:00+03:00,00:00
40W000003197107G,ALPERTEKS KOJENERASYON SANTRALİ,unknown,2026-05-31 01:00:00+03:00,,0.0,chunk_0035.json,POST /v1/generation/data/dpp-bulk,2026-05-31 21:45:40.033131+00:00,3197107,ALPERTEKS KOJENERASYON SANTRALİ,103060,2026-05-31T01:00:00+03:00,01:00
40W000003197107G,ALPERTEKS KOJENERASYON SANTRALİ,unknown,2026-05-31 02:00:00+03:00,,0.0,chunk_0035.json,POST /v1/generation/data/dpp-bulk,2026-05-31 21:45:40.033131+00:00,3197107,ALPERTEKS KOJENERASYON SANTRALİ,103060,2026-05-31T02:00:00+03:00,02:00
40W000003197107G,ALPERTEKS KOJENERASYON SANTRALİ,unknown,2026-05-31 03:00:00+03:00,,0.0,chunk_0035.json,POST /v1/generation/data/dpp-bulk,2026-05-31 21:45:40.033131+00:00,3197107,ALPERTEKS KOJENERASYON SANTRALİ,103060,2026-05-31T03:00:00+03:00,03:00
40W000003197107G,ALPERTEKS KOJENERASYON SANTRALİ,unknown,2026-05-31 04:00:00+03:00,,0.0,chunk_0035.json,POST /v1/generation/data/dpp-bulk,2026-05-31 21:45:40.033131+00:00,3197107,ALPERTEKS KOJENERASYON SANTRALİ,103060,2026-05-31T04:00:00+03:00,04:00
40W000003197107G,ALPERTEKS KOJENERASYON SANTRALİ,unknown,2026-05-31 05:00:00+03:00,,0.0,chunk_0035.json,POST /v1/generation/data/dpp-bulk,2026-05-31 21:45:40.033131+00:00,3197107,ALPERTEKS KOJENERASYON SANTRALİ,103060,2026-05-31T05:00:00+03:00,05:00
40W000003197107G,ALPERTEKS KOJENERASYON SANTRALİ,unknown,2026-05-31 06:00:00+03:00,,0.0,chunk_0035.json,POST /v1/generation/data/dpp-bulk,2026-05-31 21:45:40.033131+00:00,3197107,ALPERTEKS KOJENERASYON SANTRALİ,103060,2026-05-31T06:00:00+03:00,06:00
40W000003197107G,ALPERTEKS KOJENERASYON SANTRALİ,unknown,2026-05-31 07:00:00+03:00,,0.0,chunk_0035.json,POST /v1/generation/data/dpp-bulk,2026-05-31 21:45:40.033131+00:00,3197107,ALPERTEKS KOJENERASYON SANTRALİ,103060,2026-05-31T07:00:00+03:00,07:00
40W000003197107G,ALPERTEKS KOJENERASYON SANTRALİ,unknown,2026-05-31 08:00:00+03:00,,0.0,chunk_0035.json,POST /v1/generation/data/dpp-bulk,2026-05-31 21:45:40.033131+00:00,3197107,ALPERTEKS KOJENERASYON SANTRALİ,103060,2026-05-31T08:00:00+03:00,08:00
40W000003197107G,ALPERTEKS KOJENERASYON SANTRALİ,unknown,2026-05-31 09:00:00+03:00,,0.0,chunk_0035.json,POST /v1/generation/data/dpp-bulk,2026-05-31 21:45:40.033131+00:00,3197107,ALPERTEKS KOJENERASYON SANTRALİ,103060,2026-05-31T09:00:00+03:00,09:00
40W000003197107G,ALPERTEKS KOJENERASYON SANTRALİ,unknown,2026-05-31 10:00:00+03:00,,0.0,chunk_0035.json,POST /v1/generation/data/dpp-bulk,2026-05-31 21:45:40.033131+00:00,3197107,ALPERTEKS KOJENERASYON SANTRALİ,103060,2026-05-31T10:00:00+03:00,10:00
40W000003197107G,ALPERTEKS KOJENERASYON SANTRALİ,unknown,2026-05-31 11:00:00+03:00,,0.0,chunk_0035.json,POST /v1/generation/data/dpp-bulk,2026-05-31 21:45:40.033131+00:00,3197107,ALPERTEKS KOJENERASYON SANTRALİ,103060,2026-05-31T11:00:00+03:00,11:00
40W000003197107G,ALPERTEKS KOJENERASYON SANTRALİ,unknown,2026-05-31 12:00:00+03:00,,0.0,chunk_0035.json,POST /v1/generation/data/dpp-bulk,2026-05-31 21:45:40.033131+00:00,3197107,ALPERTEKS KOJENERASYON SANTRALİ,103060,2026-05-31T12:00:00+03:00,12:00
40W000003197107G,ALPERTEKS KOJENERASYON SANTRALİ,unknown,2026-05-31 13:00:00+03:00,,0.0,chunk_0035.json,POST /v1/generation/data/dpp-bulk,2026-05-31 21:45:40.033131+00:00,3197107,ALPERTEKS KOJENERASYON SANTRALİ,103060,2026-05-31T13:00:00+03:00,13:00
40W000003197107G,ALPERTEKS KOJENERASYON SANTRALİ,unknown,2026-05-31 14:00:00+03:00,,0.0,chunk_0035.json,POST /v1/generation/data/dpp-bulk,2026-05-31 21:45:40.033131+00:00,3197107,ALPERTEKS KOJENERASYON SANTRALİ,103060,2026-05-31T14:00:00+03:00,14:00
40W000003197107G,ALPERTEKS KOJENERASYON SANTRALİ,unknown,2026-05-31 15:00:00+03:00,,0.0,chunk_0035.json,POST /v1/generation/data/dpp-bulk,2026-05-31 21:45:40.033131+00:00,3197107,ALPERTEKS KOJENERASYON SANTRALİ,103060,2026-05-31T15:00:00+03:00,15:00
40W000003197107G,ALPERTEKS KOJENERASYON SANTRALİ,unknown,2026-05-31 16:00:00+03:00,,0.0,chunk_0035.json,POST /v1/generation/data/dpp-bulk,2026-05-31 21:45:40.033131+00:00,3197107,ALPERTEKS KOJENERASYON SANTRALİ,103060,2026-05-31T16:00:00+03:00,16:00
40W000003197107G,ALPERTEKS KOJENERASYON SANTRALİ,unknown,2026-05-31 17:00:00+03:00,,0.0,chunk_0035.json,POST /v1/generation/data/dpp-bulk,2026-05-31 21:45:40.033131+00:00,3197107,ALPERTEKS KOJENERASYON SANTRALİ,103060,2026-05-31T17:00:00+03:00,17:00
40W000003197107G,ALPERTEKS KOJENERASYON SANTRALİ,unknown,2026-05-31 18:00:00+03:00,,0.0,chunk_0035.json,POST /v1/generation/data/dpp-bulk,2026-05-31 21:45:40.033131+00:00,3197107,ALPERTEKS KOJENERASYON SANTRALİ,103060,2026-05-31T18:00:00+03:00,18:00
40W000003197107G,ALPERTEKS KOJENERASYON SANTRALİ,unknown,2026-05-31 19:00:00+03:00,,0.0,chunk_0035.json,POST /v1/generation/data/dpp-bulk,2026-05-31 21:45:40.033131+00:00,3197107,ALPERTEKS KOJENERASYON SANTRALİ,103060,2026-05-31T19:00:00+03:00,19:00
40W000003197107G,ALPERTEKS KOJENERASYON SANTRALİ,unknown,2026-05-31 20:00:00+03:00,,0.0,chunk_0035.json,POST /v1/generation/data/dpp-bulk,2026-05-31 21:45:40.033131+00:00,3197107,ALPERTEKS KOJENERASYON SANTRALİ,103060,2026-05-31T20:00:00+03:00,20:00
40W000003197107G,ALPERTEKS KOJENERASYON SANTRALİ,unknown,2026-05-31 21:00:00+03:00,,0.0,chunk_0035.json,POST /v1/generation/data/dpp-bulk,2026-05-31 21:45:40.033131+00:00,3197107,ALPERTEKS KOJENERASYON SANTRALİ,103060,2026-05-31T21:00:00+03:00,21:00
40W000003197107G,ALPERTEKS KOJENERASYON SANTRALİ,unknown,2026-05-31 22:00:00+03:00,,0.0,chunk_0035.json,POST /v1/generation/data/dpp-bulk,2026-05-31 21:45:40.033131+00:00,3197107,ALPERTEKS KOJENERASYON SANTRALİ,103060,2026-05-31T22:00:00+03:00,22:00
40W000003197107G,ALPERTEKS KOJENERASYON SANTRALİ,unknown,2026-05-31 23:00:00+03:00,,0.0,chunk_0035.json,POST /v1/generation/data/dpp-bulk,2026-05-31 21:45:40.033131+00:00,3197107,ALPERTEKS KOJENERASYON SANTRALİ,103060,2026-05-31T23:00:00+03:00,23:00
40W000003197368P,TARABYA OTELİ DG TRİJENERASYON TESİSİ,unknown,2026-05-31 00:00:00+03:00,,0.0,chunk_0035.json,POST /v1/generation/data/dpp-bulk,2026-05-31 21:45:40.033131+00:00,3197368,TARABYA OTELİ DG TRİJENERASYON TESİSİ,103060,2026-05-31T00:00:00+03:00,00:00
40W000003197368P,TARABYA OTELİ DG TRİJENERASYON TESİSİ,unknown,2026-05-31 01:00:00+03:00,,0.0,chunk_0035.json,POST /v1/generation/data/dpp-bulk,2026-05-31 21:45:40.033131+00:00,3197368,TARABYA OTELİ DG TRİJENERASYON TESİSİ,103060,2026-05-31T01:00:00+03:00,01:00
40W000003197368P,TARABYA OTELİ DG TRİJENERASYON TESİSİ,unknown,2026-05-31 02:00:00+03:00,,0.0,chunk_0035.json,POST /v1/generation/data/dpp-bulk,2026-05-31 21:45:40.033131+00:00,3197368,TARABYA OTELİ DG TRİJENERASYON TESİSİ,103060,2026-05-31T02:00:00+03:00,02:00
40W000003197368P,TARABYA OTELİ DG TRİJENERASYON TESİSİ,unknown,2026-05-31 03:00:00+03:00,,0.0,chunk_0035.json,POST /v1/generation/data/dpp-bulk,2026-05-31 21:45:40.033131+00:00,3197368,TARABYA OTELİ DG TRİJENERASYON TESİSİ,103060,2026-05-31T03:00:00+03:00,03:00
40W000003197368P,TARABYA OTELİ DG TRİJENERASYON TESİSİ,unknown,2026-05-31 04:00:00+03:00,,0.0,chunk_0035.json,POST /v1/generation/data/dpp-bulk,2026-05-31 21:45:40.033131+00:00,3197368,TARABYA OTELİ DG TRİJENERASYON TESİSİ,103060,2026-05-31T04:00:00+03:00,04:00
40W000003197368P,TARABYA OTELİ DG TRİJENERASYON TESİSİ,unknown,2026-05-31 05:00:00+03:00,,0.0,chunk_0035.json,POST /v1/generation/data/dpp-bulk,2026-05-31 21:45:40.033131+00:00,3197368,TARABYA OTELİ DG TRİJENERASYON TESİSİ,103060,2026-05-31T05:00:00+03:00,05:00
40W000003197368P,TARABYA OTELİ DG TRİJENERASYON TESİSİ,unknown,2026-05-31 06:00:00+03:00,,0.0,chunk_0035.json,POST /v1/generation/data/dpp-bulk,2026-05-31 21:45:40.033131+00:00,3197368,TARABYA OTELİ DG TRİJENERASYON TESİSİ,103060,2026-05-31T06:00:00+03:00,06:00
40W000003197368P,TARABYA OTELİ DG TRİJENERASYON TESİSİ,unknown,2026-05-31 07:00:00+03:00,,0.0,chunk_0035.json,POST /v1/generation/data/dpp-bulk,2026-05-31 21:45:40.033131+00:00,3197368,TARABYA OTELİ DG TRİJENERASYON TESİSİ,103060,2026-05-31T07:00:00+03:00,07:00
40W000003197368P,TARABYA OTELİ DG TRİJENERASYON TESİSİ,unknown,2026-05-31 08:00:00+03:00,,0.0,chunk_0035.json,POST /v1/generation/data/dpp-bulk,2026-05-31 21:45:40.033131+00:00,3197368,TARABYA OTELİ DG TRİJENERASYON TESİSİ,103060,2026-05-31T08:00:00+03:00,08:00
40W000003197368P,TARABYA OTELİ DG TRİJENERASYON TESİSİ,unknown,2026-05-31 09:00:00+03:00,,0.0,chunk_0035.json,POST /v1/generation/data/dpp-bulk,2026-05-31 21:45:40.033131+00:00,3197368,TARABYA OTELİ DG TRİJENERASYON TESİSİ,103060,2026-05-31T09:00:00+03:00,09:00
40W000003197368P,TARABYA OTELİ DG TRİJENERASYON TESİSİ,unknown,2026-05-31 10:00:00+03:00,,0.0,chunk_0035.json,POST /v1/generation/data/dpp-bulk,2026-05-31 21:45:40.033131+00:00,3197368,TARABYA OTELİ DG TRİJENERASYON TESİSİ,103060,2026-05-31T10:00:00+03:00,10:00
40W000003197368P,TARABYA OTELİ DG TRİJENERASYON TESİSİ,unknown,2026-05-31 11:00:00+03:00,,0.0,chunk_0035.json,POST /v1/generation/data/dpp-bulk,2026-05-31 21:45:40.033131+00:00,3197368,TARABYA OTELİ DG TRİJENERASYON TESİSİ,103060,2026-05-31T11:00:00+03:00,11:00
40W000003197368P,TARABYA OTELİ DG TRİJENERASYON TESİSİ,unknown,2026-05-31 12:00:00+03:00,,0.0,chunk_0035.json,POST /v1/generation/data/dpp-bulk,2026-05-31 21:45:40.033131+00:00,3197368,TARABYA OTELİ DG TRİJENERASYON TESİSİ,103060,2026-05-31T12:00:00+03:00,12:00
40W000003197368P,TARABYA OTELİ DG TRİJENERASYON TESİSİ,unknown,2026-05-31 13:00:00+03:00,,0.0,chunk_0035.json,POST /v1/generation/data/dpp-bulk,2026-05-31 21:45:40.033131+00:00,3197368,TARABYA OTELİ DG TRİJENERASYON TESİSİ,103060,2026-05-31T13:00:00+03:00,13:00
40W000003197368P,TARABYA OTELİ DG TRİJENERASYON TESİSİ,unknown,2026-05-31 14:00:00+03:00,,0.0,chunk_0035.json,POST /v1/generation/data/dpp-bulk,2026-05-31 21:45:40.033131+00:00,3197368,TARABYA OTELİ DG TRİJENERASYON TESİSİ,103060,2026-05-31T14:00:00+03:00,14:00
40W000003197368P,TARABYA OTELİ DG TRİJENERASYON TESİSİ,unknown,2026-05-31 15:00:00+03:00,,0.0,chunk_0035.json,POST /v1/generation/data/dpp-bulk,2026-05-31 21:45:40.033131+00:00,3197368,TARABYA OTELİ DG TRİJENERASYON TESİSİ,103060,2026-05-31T15:00:00+03:00,15:00
40W000003197368P,TARABYA OTELİ DG TRİJENERASYON TESİSİ,unknown,2026-05-31 16:00:00+03:00,,0.0,chunk_0035.json,POST /v1/generation/data/dpp-bulk,2026-05-31 21:45:40.033131+00:00,3197368,TARABYA OTELİ DG TRİJENERASYON TESİSİ,103060,2026-05-31T16:00:00+03:00,16:00
40W000003197368P,TARABYA OTELİ DG TRİJENERASYON TESİSİ,unknown,2026-05-31 17:00:00+03:00,,0.0,chunk_0035.json,POST /v1/generation/data/dpp-bulk,2026-05-31 21:45:40.033131+00:00,3197368,TARABYA OTELİ DG TRİJENERASYON TESİSİ,103060,2026-05-31T17:00:00+03:00,17:00
40W000003197368P,TARABYA OTELİ DG TRİJENERASYON TESİSİ,unknown,2026-05-31 18:00:00+03:00,,0.0,chunk_0035.json,POST /v1/generation/data/dpp-bulk,2026-05-31 21:45:40.033131+00:00,3197368,TARABYA OTELİ DG TRİJENERASYON TESİSİ,103060,2026-05-31T18:00:00+03:00,18:00
40W000003197368P,TARABYA OTELİ DG TRİJENERASYON TESİSİ,unknown,2026-05-31 19:00:00+03:00,,0.0,chunk_0035.json,POST /v1/generation/data/dpp-bulk,2026-05-31 21:45:40.033131+00:00,3197368,TARABYA OTELİ DG TRİJENERASYON TESİSİ,103060,2026-05-31T19:00:00+03:00,19:00
40W000003197368P,TARABYA OTELİ DG TRİJENERASYON TESİSİ,unknown,2026-05-31 20:00:00+03:00,,0.0,chunk_0035.json,POST /v1/generation/data/dpp-bulk,2026-05-31 21:45:40.033131+00:00,3197368,TARABYA OTELİ DG TRİJENERASYON TESİSİ,103060,2026-05-31T20:00:00+03:00,20:00
40W000003197368P,TARABYA OTELİ DG TRİJENERASYON TESİSİ,unknown,2026-05-31 21:00:00+03:00,,0.0,chunk_0035.json,POST /v1/generation/data/dpp-bulk,2026-05-31 21:45:40.033131+00:00,3197368,TARABYA OTELİ DG TRİJENERASYON TESİSİ,103060,2026-05-31T21:00:00+03:00,21:00
40W000003197368P,TARABYA OTELİ DG TRİJENERASYON TESİSİ,unknown,2026-05-31 22:00:00+03:00,,0.0,chunk_0035.json,POST /v1/generation/data/dpp-bulk,2026-05-31 21:45:40.033131+00:00,3197368,TARABYA OTELİ DG TRİJENERASYON TESİSİ,103060,2026-05-31T22:00:00+03:00,22:00
40W000003197368P,TARABYA OTELİ DG TRİJENERASYON TESİSİ,unknown,2026-05-31 23:00:00+03:00,,0.0,chunk_0035.json,POST /v1/generation/data/dpp-bulk,2026-05-31 21:45:40.033131+00:00,3197368,TARABYA OTELİ DG TRİJENERASYON TESİSİ,103060,2026-05-31T23:00:00+03:00,23:00
40W000003198988R,BUPİLİÇ SANTRALİ,unknown,2026-05-31 00:00:00+03:00,,0.0,chunk_0035.json,POST /v1/generation/data/dpp-bulk,2026-05-31 21:45:40.033131+00:00,3198988,BUPİLİÇ SANTRALİ,103060,2026-05-31T00:00:00+03:00,00:00
40W000003198988R,BUPİLİÇ SANTRALİ,unknown,2026-05-31 01:00:00+03:00,,0.0,chunk_0035.json,POST /v1/generation/data/dpp-bulk,2026-05-31 21:45:40.033131+00:00,3198988,BUPİLİÇ SANTRALİ,103060,2026-05-31T01:00:00+03:00,01:00
40W000003198988R,BUPİLİÇ SANTRALİ,unknown,2026-05-31 02:00:00+03:00,,0.0,chunk_0035.json,POST /v1/generation/data/dpp-bulk,2026-05-31 21:45:40.033131+00:00,3198988,BUPİLİÇ SANTRALİ,103060,2026-05-31T02:00:00+03:00,02:00
40W000003198988R,BUPİLİÇ SANTRALİ,unknown,2026-05-31 03:00:00+03:00,,0.0,chunk_0035.json,POST /v1/generation/data/dpp-bulk,2026-05-31 21:45:40.033131+00:00,3198988,BUPİLİÇ SANTRALİ,103060,2026-05-31T03:00:00+03:00,03:00
40W000003198988R,BUPİLİÇ SANTRALİ,unknown,2026-05-31 04:00:00+03:00,,0.0,chunk_0035.json,POST /v1/generation/data/dpp-bulk,2026-05-31 21:45:40.033131+00:00,3198988,BUPİLİÇ SANTRALİ,103060,2026-05-31T04:00:00+03:00,04:00
40W000003198988R,BUPİLİÇ SANTRALİ,unknown,2026-05-31 05:00:00+03:00,,0.0,chunk_0035.json,POST /v1/generation/data/dpp-bulk,2026-05-31 21:45:40.033131+00:00,3198988,BUPİLİÇ SANTRALİ,103060,2026-05-31T05:00:00+03:00,05:00
40W000003198988R,BUPİLİÇ SANTRALİ,unknown,2026-05-31 06:00:00+03:00,,0.0,chunk_0035.json,POST /v1/generation/data/dpp-bulk,2026-05-31 21:45:40.033131+00:00,3198988,BUPİLİÇ SANTRALİ,103060,2026-05-31T06:00:00+03:00,06:00
40W000003198988R,BUPİLİÇ SANTRALİ,unknown,2026-05-31 07:00:00+03:00,,0.0,chunk_0035.json,POST /v1/generation/data/dpp-bulk,2026-05-31 21:45:40.033131+00:00,3198988,BUPİLİÇ SANTRALİ,103060,2026-05-31T07:00:00+03:00,07:00
40W000003198988R,BUPİLİÇ SANTRALİ,unknown,2026-05-31 08:00:00+03:00,,0.0,chunk_0035.json,POST /v1/generation/data/dpp-bulk,2026-05-31 21:45:40.033131+00:00,3198988,BUPİLİÇ SANTRALİ,103060,2026-05-31T08:00:00+03:00,08:00
40W000003198988R,BUPİLİÇ SANTRALİ,unknown,2026-05-31 09:00:00+03:00,,0.0,chunk_0035.json,POST /v1/generation/data/dpp-bulk,2026-05-31 21:45:40.033131+00:00,3198988,BUPİLİÇ SANTRALİ,103060,2026-05-31T09:00:00+03:00,09:00
40W000003198988R,BUPİLİÇ SANTRALİ,unknown,2026-05-31 10:00:00+03:00,,0.0,chunk_0035.json,POST /v1/generation/data/dpp-bulk,2026-05-31 21:45:40.033131+00:00,3198988,BUPİLİÇ SANTRALİ,103060,2026-05-31T10:00:00+03:00,10:00
40W000003198988R,BUPİLİÇ SANTRALİ,unknown,2026-05-31 11:00:00+03:00,,0.0,chunk_0035.json,POST /v1/generation/data/dpp-bulk,2026-05-31 21:45:40.033131+00:00,3198988,BUPİLİÇ SANTRALİ,103060,2026-05-31T11:00:00+03:00,11:00
40W000003198988R,BUPİLİÇ SANTRALİ,unknown,2026-05-31 12:00:00+03:00,,0.0,chunk_0035.json,POST /v1/generation/data/dpp-bulk,2026-05-31 21:45:40.033131+00:00,3198988,BUPİLİÇ SANTRALİ,103060,2026-05-31T12:00:00+03:00,12:00
40W000003198988R,BUPİLİÇ SANTRALİ,unknown,2026-05-31 13:00:00+03:00,,0.0,chunk_0035.json,POST /v1/generation/data/dpp-bulk,2026-05-31 21:45:40.033131+00:00,3198988,BUPİLİÇ SANTRALİ,103060,2026-05-31T13:00:00+03:00,13:00
40W000003198988R,BUPİLİÇ SANTRALİ,unknown,2026-05-31 14:00:00+03:00,,0.0,chunk_0035.json,POST /v1/generation/data/dpp-bulk,2026-05-31 21:45:40.033131+00:00,3198988,BUPİLİÇ SANTRALİ,103060,2026-05-31T14:00:00+03:00,14:00
40W000003198988R,BUPİLİÇ SANTRALİ,unknown,2026-05-31 15:00:00+03:00,,0.0,chunk_0035.json,POST /v1/generation/data/dpp-bulk,2026-05-31 21:45:40.033131+00:00,3198988,BUPİLİÇ SANTRALİ,103060,2026-05-31T15:00:00+03:00,15:00
40W000003198988R,BUPİLİÇ SANTRALİ,unknown,2026-05-31 16:00:00+03:00,,0.0,chunk_0035.json,POST /v1/generation/data/dpp-bulk,2026-05-31 21:45:40.033131+00:00,3198988,BUPİLİÇ SANTRALİ,103060,2026-05-31T16:00:00+03:00,16:00
40W000003198988R,BUPİLİÇ SANTRALİ,unknown,2026-05-31 17:00:00+03:00,,0.0,chunk_0035.json,POST /v1/generation/data/dpp-bulk,2026-05-31 21:45:40.033131+00:00,3198988,BUPİLİÇ SANTRALİ,103060,2026-05-31T17:00:00+03:00,17:00
40W000003198988R,BUPİLİÇ SANTRALİ,unknown,2026-05-31 18:00:00+03:00,,0.0,chunk_0035.json,POST /v1/generation/data/dpp-bulk,2026-05-31 21:45:40.033131+00:00,3198988,BUPİLİÇ SANTRALİ,103060,2026-05-31T18:00:00+03:00,18:00
40W000003198988R,BUPİLİÇ SANTRALİ,unknown,2026-05-31 19:00:00+03:00,,0.0,chunk_0035.json,POST /v1/generation/data/dpp-bulk,2026-05-31 21:45:40.033131+00:00,3198988,BUPİLİÇ SANTRALİ,103060,2026-05-31T19:00:00+03:00,19:00
40W000003198988R,BUPİLİÇ SANTRALİ,unknown,2026-05-31 20:00:00+03:00,,0.0,chunk_0035.json,POST /v1/generation/data/dpp-bulk,2026-05-31 21:45:40.033131+00:00,3198988,BUPİLİÇ SANTRALİ,103060,2026-05-31T20:00:00+03:00,20:00
40W000003198988R,BUPİLİÇ SANTRALİ,unknown,2026-05-31 21:00:00+03:00,,0.0,chunk_0035.json,POST /v1/generation/data/dpp-bulk,2026-05-31 21:45:40.033131+00:00,3198988,BUPİLİÇ SANTRALİ,103060,2026-05-31T21:00:00+03:00,21:00
40W000003198988R,BUPİLİÇ SANTRALİ,unknown,2026-05-31 22:00:00+03:00,,0.0,chunk_0035.json,POST /v1/generation/data/dpp-bulk,2026-05-31 21:45:40.033131+00:00,3198988,BUPİLİÇ SANTRALİ,103060,2026-05-31T22:00:00+03:00,22:00
40W000003198988R,BUPİLİÇ SANTRALİ,unknown,2026-05-31 23:00:00+03:00,,0.0,chunk_0035.json,POST /v1/generation/data/dpp-bulk,2026-05-31 21:45:40.033131+00:00,3198988,BUPİLİÇ SANTRALİ,103060,2026-05-31T23:00:00+03:00,23:00
40W0000031973272,MALATYA 1 ÇÖP GAZ ELK. ÜRT. TESİSİ,unknown,2026-05-31 00:00:00+03:00,,0.7,chunk_0035.json,POST /v1/generation/data/dpp-bulk,2026-05-31 21:45:40.033131+00:00,3197327,MALATYA 1 ÇÖP GAZ ELK. ÜRT. TESİSİ,103201,2026-05-31T00:00:00+03:00,00:00
40W0000031973272,MALATYA 1 ÇÖP GAZ ELK. ÜRT. TESİSİ,unknown,2026-05-31 01:00:00+03:00,,0.7,chunk_0035.json,POST /v1/generation/data/dpp-bulk,2026-05-31 21:45:40.033131+00:00,3197327,MALATYA 1 ÇÖP GAZ ELK. ÜRT. TESİSİ,103201,2026-05-31T01:00:00+03:00,01:00
40W0000031973272,MALATYA 1 ÇÖP GAZ ELK. ÜRT. TESİSİ,unknown,2026-05-31 02:00:00+03:00,,0.7,chunk_0035.json,POST /v1/generation/data/dpp-bulk,2026-05-31 21:45:40.033131+00:00,3197327,MALATYA 1 ÇÖP GAZ ELK. ÜRT. TESİSİ,103201,2026-05-31T02:00:00+03:00,02:00
40W0000031973272,MALATYA 1 ÇÖP GAZ ELK. ÜRT. TESİSİ,unknown,2026-05-31 03:00:00+03:00,,0.7,chunk_0035.json,POST /v1/generation/data/dpp-bulk,2026-05-31 21:45:40.033131+00:00,3197327,MALATYA 1 ÇÖP GAZ ELK. ÜRT. TESİSİ,103201,2026-05-31T03:00:00+03:00,03:00
40W0000031973272,MALATYA 1 ÇÖP GAZ ELK. ÜRT. TESİSİ,unknown,2026-05-31 04:00:00+03:00,,0.7,chunk_0035.json,POST /v1/generation/data/dpp-bulk,2026-05-31 21:45:40.033131+00:00,3197327,MALATYA 1 ÇÖP GAZ ELK. ÜRT. TESİSİ,103201,2026-05-31T04:00:00+03:00,04:00
40W0000031973272,MALATYA 1 ÇÖP GAZ ELK. ÜRT. TESİSİ,unknown,2026-05-31 05:00:00+03:00,,0.7,chunk_0035.json,POST /v1/generation/data/dpp-bulk,2026-05-31 21:45:40.033131+00:00,3197327,MALATYA 1 ÇÖP GAZ ELK. ÜRT. TESİSİ,103201,2026-05-31T05:00:00+03:00,05:00
40W0000031973272,MALATYA 1 ÇÖP GAZ ELK. ÜRT. TESİSİ,unknown,2026-05-31 06:00:00+03:00,,0.7,chunk_0035.json,POST /v1/generation/data/dpp-bulk,2026-05-31 21:45:40.033131+00:00,3197327,MALATYA 1 ÇÖP GAZ ELK. ÜRT. TESİSİ,103201,2026-05-31T06:00:00+03:00,06:00
40W0000031973272,MALATYA 1 ÇÖP GAZ ELK. ÜRT. TESİSİ,unknown,2026-05-31 07:00:00+03:00,,0.7,chunk_0035.json,POST /v1/generation/data/dpp-bulk,2026-05-31 21:45:40.033131+00:00,3197327,MALATYA 1 ÇÖP GAZ ELK. ÜRT. TESİSİ,103201,2026-05-31T07:00:00+03:00,07:00
40W0000031973272,MALATYA 1 ÇÖP GAZ ELK. ÜRT. TESİSİ,unknown,2026-05-31 08:00:00+03:00,,0.7,chunk_0035.json,POST /v1/generation/data/dpp-bulk,2026-05-31 21:45:40.033131+00:00,3197327,MALATYA 1 ÇÖP GAZ ELK. ÜRT. TESİSİ,103201,2026-05-31T08:00:00+03:00,08:00
40W0000031973272,MALATYA 1 ÇÖP GAZ ELK. ÜRT. TESİSİ,unknown,2026-05-31 09:00:00+03:00,,0.7,chunk_0035.json,POST /v1/generation/data/dpp-bulk,2026-05-31 21:45:40.033131+00:00,3197327,MALATYA 1 ÇÖP GAZ ELK. ÜRT. TESİSİ,103201,2026-05-31T09:00:00+03:00,09:00
40W0000031973272,MALATYA 1 ÇÖP GAZ ELK. ÜRT. TESİSİ,unknown,2026-05-31 10:00:00+03:00,,0.7,chunk_0035.json,POST /v1/generation/data/dpp-bulk,2026-05-31 21:45:40.033131+00:00,3197327,MALATYA 1 ÇÖP GAZ ELK. ÜRT. TESİSİ,103201,2026-05-31T10:00:00+03:00,10:00
40W0000031973272,MALATYA 1 ÇÖP GAZ ELK. ÜRT. TESİSİ,unknown,2026-05-31 11:00:00+03:00,,0.7,chunk_0035.json,POST /v1/generation/data/dpp-bulk,2026-05-31 21:45:40.033131+00:00,3197327,MALATYA 1 ÇÖP GAZ ELK. ÜRT. TESİSİ,103201,2026-05-31T11:00:00+03:00,11:00
40W0000031973272,MALATYA 1 ÇÖP GAZ ELK. ÜRT. TESİSİ,unknown,2026-05-31 12:00:00+03:00,,0.7,chunk_0035.json,POST /v1/generation/data/dpp-bulk,2026-05-31 21:45:40.033131+00:00,3197327,MALATYA 1 ÇÖP GAZ ELK. ÜRT. TESİSİ,103201,2026-05-31T12:00:00+03:00,12:00
40W0000031973272,MALATYA 1 ÇÖP GAZ ELK. ÜRT. TESİSİ,unknown,2026-05-31 13:00:00+03:00,,0.7,chunk_0035.json,POST /v1/generation/data/dpp-bulk,2026-05-31 21:45:40.033131+00:00,3197327,MALATYA 1 ÇÖP GAZ ELK. ÜRT. TESİSİ,103201,2026-05-31T13:00:00+03:00,13:00
40W0000031973272,MALATYA 1 ÇÖP GAZ ELK. ÜRT. TESİSİ,unknown,2026-05-31 14:00:00+03:00,,0.7,chunk_0035.json,POST /v1/generation/data/dpp-bulk,2026-05-31 21:45:40.033131+00:00,3197327,MALATYA 1 ÇÖP GAZ ELK. ÜRT. TESİSİ,103201,2026-05-31T14:00:00+03:00,14:00
40W0000031973272,MALATYA 1 ÇÖP GAZ ELK. ÜRT. TESİSİ,unknown,2026-05-31 15:00:00+03:00,,0.7,chunk_0035.json,POST /v1/generation/data/dpp-bulk,2026-05-31 21:45:40.033131+00:00,3197327,MALATYA 1 ÇÖP GAZ ELK. ÜRT. TESİSİ,103201,2026-05-31T15:00:00+03:00,15:00
40W0000031973272,MALATYA 1 ÇÖP GAZ ELK. ÜRT. TESİSİ,unknown,2026-05-31 16:00:00+03:00,,0.7,chunk_0035.json,POST /v1/generation/data/dpp-bulk,2026-05-31 21:45:40.033131+00:00,3197327,MALATYA 1 ÇÖP GAZ ELK. ÜRT. TESİSİ,103201,2026-05-31T16:00:00+03:00,16:00
40W0000031973272,MALATYA 1 ÇÖP GAZ ELK. ÜRT. TESİSİ,unknown,2026-05-31 17:00:00+03:00,,0.7,chunk_0035.json,POST /v1/generation/data/dpp-bulk,2026-05-31 21:45:40.033131+00:00,3197327,MALATYA 1 ÇÖP GAZ ELK. ÜRT. TESİSİ,103201,2026-05-31T17:00:00+03:00,17:00
40W0000031973272,MALATYA 1 ÇÖP GAZ ELK. ÜRT. TESİSİ,unknown,2026-05-31 18:00:00+03:00,,0.7,chunk_0035.json,POST /v1/generation/data/dpp-bulk,2026-05-31 21:45:40.033131+00:00,3197327,MALATYA 1 ÇÖP GAZ ELK. ÜRT. TESİSİ,103201,2026-05-31T18:00:00+03:00,18:00
40W0000031973272,MALATYA 1 ÇÖP GAZ ELK. ÜRT. TESİSİ,unknown,2026-05-31 19:00:00+03:00,,0.7,chunk_0035.json,POST /v1/generation/data/dpp-bulk,2026-05-31 21:45:40.033131+00:00,3197327,MALATYA 1 ÇÖP GAZ ELK. ÜRT. TESİSİ,103201,2026-05-31T19:00:00+03:00,19:00
40W0000031973272,MALATYA 1 ÇÖP GAZ ELK. ÜRT. TESİSİ,unknown,2026-05-31 20:00:00+03:00,,0.7,chunk_0035.json,POST /v1/generation/data/dpp-bulk,2026-05-31 21:45:40.033131+00:00,3197327,MALATYA 1 ÇÖP GAZ ELK. ÜRT. TESİSİ,103201,2026-05-31T20:00:00+03:00,20:00
40W0000031973272,MALATYA 1 ÇÖP GAZ ELK. ÜRT. TESİSİ,unknown,2026-05-31 21:00:00+03:00,,0.7,chunk_0035.json,POST /v1/generation/data/dpp-bulk,2026-05-31 21:45:40.033131+00:00,3197327,MALATYA 1 ÇÖP GAZ ELK. ÜRT. TESİSİ,103201,2026-05-31T21:00:00+03:00,21:00
40W0000031973272,MALATYA 1 ÇÖP GAZ ELK. ÜRT. TESİSİ,unknown,2026-05-31 22:00:00+03:00,,0.7,chunk_0035.json,POST /v1/generation/data/dpp-bulk,2026-05-31 21:45:40.033131+00:00,3197327,MALATYA 1 ÇÖP GAZ ELK. ÜRT. TESİSİ,103201,2026-05-31T22:00:00+03:00,22:00
40W0000031973272,MALATYA 1 ÇÖP GAZ ELK. ÜRT. TESİSİ,unknown,2026-05-31 23:00:00+03:00,,0.7,chunk_0035.json,POST /v1/generation/data/dpp-bulk,2026-05-31 21:45:40.033131+00:00,3197327,MALATYA 1 ÇÖP GAZ ELK. ÜRT. TESİSİ,103201,2026-05-31T23:00:00+03:00,23:00
40W000003197168X,YUMRUTEPE REG. VE HES,unknown,2026-05-31 00:00:00+03:00,,13.0,chunk_0035.json,POST /v1/generation/data/dpp-bulk,2026-05-31 21:45:40.033131+00:00,3197168,YUMRUTEPE REG. VE HES,103261,2026-05-31T00:00:00+03:00,00:00
40W000003197168X,YUMRUTEPE REG. VE HES,unknown,2026-05-31 01:00:00+03:00,,13.0,chunk_0035.json,POST /v1/generation/data/dpp-bulk,2026-05-31 21:45:40.033131+00:00,3197168,YUMRUTEPE REG. VE HES,103261,2026-05-31T01:00:00+03:00,01:00
40W000003197168X,YUMRUTEPE REG. VE HES,unknown,2026-05-31 02:00:00+03:00,,13.0,chunk_0035.json,POST /v1/generation/data/dpp-bulk,2026-05-31 21:45:40.033131+00:00,3197168,YUMRUTEPE REG. VE HES,103261,2026-05-31T02:00:00+03:00,02:00
40W000003197168X,YUMRUTEPE REG. VE HES,unknown,2026-05-31 03:00:00+03:00,,13.0,chunk_0035.json,POST /v1/generation/data/dpp-bulk,2026-05-31 21:45:40.033131+00:00,3197168,YUMRUTEPE REG. VE HES,103261,2026-05-31T03:00:00+03:00,03:00
40W000003197168X,YUMRUTEPE REG. VE HES,unknown,2026-05-31 04:00:00+03:00,,13.0,chunk_0035.json,POST /v1/generation/data/dpp-bulk,2026-05-31 21:45:40.033131+00:00,3197168,YUMRUTEPE REG. VE HES,103261,2026-05-31T04:00:00+03:00,04:00
40W000003197168X,YUMRUTEPE REG. VE HES,unknown,2026-05-31 05:00:00+03:00,,13.0,chunk_0035.json,POST /v1/generation/data/dpp-bulk,2026-05-31 21:45:40.033131+00:00,3197168,YUMRUTEPE REG. VE HES,103261,2026-05-31T05:00:00+03:00,05:00
40W000003197168X,YUMRUTEPE REG. VE HES,unknown,2026-05-31 06:00:00+03:00,,13.0,chunk_0035.json,POST /v1/generation/data/dpp-bulk,2026-05-31 21:45:40.033131+00:00,3197168,YUMRUTEPE REG. VE HES,103261,2026-05-31T06:00:00+03:00,06:00
40W000003197168X,YUMRUTEPE REG. VE HES,unknown,2026-05-31 07:00:00+03:00,,13.0,chunk_0035.json,POST /v1/generation/data/dpp-bulk,2026-05-31 21:45:40.033131+00:00,3197168,YUMRUTEPE REG. VE HES,103261,2026-05-31T07:00:00+03:00,07:00
40W000003197168X,YUMRUTEPE REG. VE HES,unknown,2026-05-31 08:00:00+03:00,,13.0,chunk_0035.json,POST /v1/generation/data/dpp-bulk,2026-05-31 21:45:40.033131+00:00,3197168,YUMRUTEPE REG. VE HES,103261,2026-05-31T08:00:00+03:00,08:00
40W000003197168X,YUMRUTEPE REG. VE HES,unknown,2026-05-31 09:00:00+03:00,,13.0,chunk_0035.json,POST /v1/generation/data/dpp-bulk,2026-05-31 21:45:40.033131+00:00,3197168,YUMRUTEPE REG. VE HES,103261,2026-05-31T09:00:00+03:00,09:00
40W000003197168X,YUMRUTEPE REG. VE HES,unknown,2026-05-31 10:00:00+03:00,,13.0,chunk_0035.json,POST /v1/generation/data/dpp-bulk,2026-05-31 21:45:40.033131+00:00,3197168,YUMRUTEPE REG. VE HES,103261,2026-05-31T10:00:00+03:00,10:00
40W000003197168X,YUMRUTEPE REG. VE HES,unknown,2026-05-31 11:00:00+03:00,,13.0,chunk_0035.json,POST /v1/generation/data/dpp-bulk,2026-05-31 21:45:40.033131+00:00,3197168,YUMRUTEPE REG. VE HES,103261,2026-05-31T11:00:00+03:00,11:00
40W000003197168X,YUMRUTEPE REG. VE HES,unknown,2026-05-31 12:00:00+03:00,,13.0,chunk_0035.json,POST /v1/generation/data/dpp-bulk,2026-05-31 21:45:40.033131+00:00,3197168,YUMRUTEPE REG. VE HES,103261,2026-05-31T12:00:00+03:00,12:00
40W000003197168X,YUMRUTEPE REG. VE HES,unknown,2026-05-31 13:00:00+03:00,,13.0,chunk_0035.json,POST /v1/generation/data/dpp-bulk,2026-05-31 21:45:40.033131+00:00,3197168,YUMRUTEPE REG. VE HES,103261,2026-05-31T13:00:00+03:00,13:00
40W000003197168X,YUMRUTEPE REG. VE HES,unknown,2026-05-31 14:00:00+03:00,,13.0,chunk_0035.json,POST /v1/generation/data/dpp-bulk,2026-05-31 21:45:40.033131+00:00,3197168,YUMRUTEPE REG. VE HES,103261,2026-05-31T14:00:00+03:00,14:00
40W000003197168X,YUMRUTEPE REG. VE HES,unknown,2026-05-31 15:00:00+03:00,,13.0,chunk_0035.json,POST /v1/generation/data/dpp-bulk,2026-05-31 21:45:40.033131+00:00,3197168,YUMRUTEPE REG. VE HES,103261,2026-05-31T15:00:00+03:00,15:00
40W000003197168X,YUMRUTEPE REG. VE HES,unknown,2026-05-31 16:00:00+03:00,,13.0,chunk_0035.json,POST /v1/generation/data/dpp-bulk,2026-05-31 21:45:40.033131+00:00,3197168,YUMRUTEPE REG. VE HES,103261,2026-05-31T16:00:00+03:00,16:00
40W000003197168X,YUMRUTEPE REG. VE HES,unknown,2026-05-31 17:00:00+03:00,,13.0,chunk_0035.json,POST /v1/generation/data/dpp-bulk,2026-05-31 21:45:40.033131+00:00,3197168,YUMRUTEPE REG. VE HES,103261,2026-05-31T17:00:00+03:00,17:00
40W000003197168X,YUMRUTEPE REG. VE HES,unknown,2026-05-31 18:00:00+03:00,,13.0,chunk_0035.json,POST /v1/generation/data/dpp-bulk,2026-05-31 21:45:40.033131+00:00,3197168,YUMRUTEPE REG. VE HES,103261,2026-05-31T18:00:00+03:00,18:00
40W000003197168X,YUMRUTEPE REG. VE HES,unknown,2026-05-31 19:00:00+03:00,,13.0,chunk_0035.json,POST /v1/generation/data/dpp-bulk,2026-05-31 21:45:40.033131+00:00,3197168,YUMRUTEPE REG. VE HES,103261,2026-05-31T19:00:00+03:00,19:00
40W000003197168X,YUMRUTEPE REG. VE HES,unknown,2026-05-31 20:00:00+03:00,,13.0,chunk_0035.json,POST /v1/generation/data/dpp-bulk,2026-05-31 21:45:40.033131+00:00,3197168,YUMRUTEPE REG. VE HES,103261,2026-05-31T20:00:00+03:00,20:00
40W000003197168X,YUMRUTEPE REG. VE HES,unknown,2026-05-31 21:00:00+03:00,,13.3,chunk_0035.json,POST /v1/generation/data/dpp-bulk,2026-05-31 21:45:40.033131+00:00,3197168,YUMRUTEPE REG. VE HES,103261,2026-05-31T21:00:00+03:00,21:00
40W000003197168X,YUMRUTEPE REG. VE HES,unknown,2026-05-31 22:00:00+03:00,,13.0,chunk_0035.json,POST /v1/generation/data/dpp-bulk,2026-05-31 21:45:40.033131+00:00,3197168,YUMRUTEPE REG. VE HES,103261,2026-05-31T22:00:00+03:00,22:00
40W000003197168X,YUMRUTEPE REG. VE HES,unknown,2026-05-31 23:00:00+03:00,,13.0,chunk_0035.json,POST /v1/generation/data/dpp-bulk,2026-05-31 21:45:40.033131+00:00,3197168,YUMRUTEPE REG. VE HES,103261,2026-05-31T23:00:00+03:00,23:00
40W0000031969856,ZEUS BİYOKÜTLE ENERJİSİNE DAYALI ELK. ÜRT. TESİSİ,unknown,2026-05-31 00:00:00+03:00,,10.11,chunk_0035.json,POST /v1/generation/data/dpp-bulk,2026-05-31 21:45:40.033131+00:00,3196985,ZEUS BİYOKÜTLE ENERJİSİNE DAYALI ELK. ÜRT. TESİSİ,103340,2026-05-31T00:00:00+03:00,00:00
40W0000031969856,ZEUS BİYOKÜTLE ENERJİSİNE DAYALI ELK. ÜRT. TESİSİ,unknown,2026-05-31 01:00:00+03:00,,10.11,chunk_0035.json,POST /v1/generation/data/dpp-bulk,2026-05-31 21:45:40.033131+00:00,3196985,ZEUS BİYOKÜTLE ENERJİSİNE DAYALI ELK. ÜRT. TESİSİ,103340,2026-05-31T01:00:00+03:00,01:00
40W0000031969856,ZEUS BİYOKÜTLE ENERJİSİNE DAYALI ELK. ÜRT. TESİSİ,unknown,2026-05-31 02:00:00+03:00,,10.11,chunk_0035.json,POST /v1/generation/data/dpp-bulk,2026-05-31 21:45:40.033131+00:00,3196985,ZEUS BİYOKÜTLE ENERJİSİNE DAYALI ELK. ÜRT. TESİSİ,103340,2026-05-31T02:00:00+03:00,02:00
40W0000031969856,ZEUS BİYOKÜTLE ENERJİSİNE DAYALI ELK. ÜRT. TESİSİ,unknown,2026-05-31 03:00:00+03:00,,10.11,chunk_0035.json,POST /v1/generation/data/dpp-bulk,2026-05-31 21:45:40.033131+00:00,3196985,ZEUS BİYOKÜTLE ENERJİSİNE DAYALI ELK. ÜRT. TESİSİ,103340,2026-05-31T03:00:00+03:00,03:00
40W0000031969856,ZEUS BİYOKÜTLE ENERJİSİNE DAYALI ELK. ÜRT. TESİSİ,unknown,2026-05-31 04:00:00+03:00,,10.11,chunk_0035.json,POST /v1/generation/data/dpp-bulk,2026-05-31 21:45:40.033131+00:00,3196985,ZEUS BİYOKÜTLE ENERJİSİNE DAYALI ELK. ÜRT. TESİSİ,103340,2026-05-31T04:00:00+03:00,04:00
40W0000031969856,ZEUS BİYOKÜTLE ENERJİSİNE DAYALI ELK. ÜRT. TESİSİ,unknown,2026-05-31 05:00:00+03:00,,10.11,chunk_0035.json,POST /v1/generation/data/dpp-bulk,2026-05-31 21:45:40.033131+00:00,3196985,ZEUS BİYOKÜTLE ENERJİSİNE DAYALI ELK. ÜRT. TESİSİ,103340,2026-05-31T05:00:00+03:00,05:00
40W0000031969856,ZEUS BİYOKÜTLE ENERJİSİNE DAYALI ELK. ÜRT. TESİSİ,unknown,2026-05-31 06:00:00+03:00,,10.11,chunk_0035.json,POST /v1/generation/data/dpp-bulk,2026-05-31 21:45:40.033131+00:00,3196985,ZEUS BİYOKÜTLE ENERJİSİNE DAYALI ELK. ÜRT. TESİSİ,103340,2026-05-31T06:00:00+03:00,06:00
40W0000031969856,ZEUS BİYOKÜTLE ENERJİSİNE DAYALI ELK. ÜRT. TESİSİ,unknown,2026-05-31 07:00:00+03:00,,10.11,chunk_0035.json,POST /v1/generation/data/dpp-bulk,2026-05-31 21:45:40.033131+00:00,3196985,ZEUS BİYOKÜTLE ENERJİSİNE DAYALI ELK. ÜRT. TESİSİ,103340,2026-05-31T07:00:00+03:00,07:00
40W0000031969856,ZEUS BİYOKÜTLE ENERJİSİNE DAYALI ELK. ÜRT. TESİSİ,unknown,2026-05-31 08:00:00+03:00,,10.11,chunk_0035.json,POST /v1/generation/data/dpp-bulk,2026-05-31 21:45:40.033131+00:00,3196985,ZEUS BİYOKÜTLE ENERJİSİNE DAYALI ELK. ÜRT. TESİSİ,103340,2026-05-31T08:00:00+03:00,08:00
40W0000031969856,ZEUS BİYOKÜTLE ENERJİSİNE DAYALI ELK. ÜRT. TESİSİ,unknown,2026-05-31 09:00:00+03:00,,10.11,chunk_0035.json,POST /v1/generation/data/dpp-bulk,2026-05-31 21:45:40.033131+00:00,3196985,ZEUS BİYOKÜTLE ENERJİSİNE DAYALI ELK. ÜRT. TESİSİ,103340,2026-05-31T09:00:00+03:00,09:00
40W0000031969856,ZEUS BİYOKÜTLE ENERJİSİNE DAYALI ELK. ÜRT. TESİSİ,unknown,2026-05-31 10:00:00+03:00,,10.11,chunk_0035.json,POST /v1/generation/data/dpp-bulk,2026-05-31 21:45:40.033131+00:00,3196985,ZEUS BİYOKÜTLE ENERJİSİNE DAYALI ELK. ÜRT. TESİSİ,103340,2026-05-31T10:00:00+03:00,10:00
40W0000031969856,ZEUS BİYOKÜTLE ENERJİSİNE DAYALI ELK. ÜRT. TESİSİ,unknown,2026-05-31 11:00:00+03:00,,10.11,chunk_0035.json,POST /v1/generation/data/dpp-bulk,2026-05-31 21:45:40.033131+00:00,3196985,ZEUS BİYOKÜTLE ENERJİSİNE DAYALI ELK. ÜRT. TESİSİ,103340,2026-05-31T11:00:00+03:00,11:00
40W0000031969856,ZEUS BİYOKÜTLE ENERJİSİNE DAYALI ELK. ÜRT. TESİSİ,unknown,2026-05-31 12:00:00+03:00,,10.11,chunk_0035.json,POST /v1/generation/data/dpp-bulk,2026-05-31 21:45:40.033131+00:00,3196985,ZEUS BİYOKÜTLE ENERJİSİNE DAYALI ELK. ÜRT. TESİSİ,103340,2026-05-31T12:00:00+03:00,12:00
40W0000031969856,ZEUS BİYOKÜTLE ENERJİSİNE DAYALI ELK. ÜRT. TESİSİ,unknown,2026-05-31 13:00:00+03:00,,10.11,chunk_0035.json,POST /v1/generation/data/dpp-bulk,2026-05-31 21:45:40.033131+00:00,3196985,ZEUS BİYOKÜTLE ENERJİSİNE DAYALI ELK. ÜRT. TESİSİ,103340,2026-05-31T13:00:00+03:00,13:00
40W0000031969856,ZEUS BİYOKÜTLE ENERJİSİNE DAYALI ELK. ÜRT. TESİSİ,unknown,2026-05-31 14:00:00+03:00,,10.11,chunk_0035.json,POST /v1/generation/data/dpp-bulk,2026-05-31 21:45:40.033131+00:00,3196985,ZEUS BİYOKÜTLE ENERJİSİNE DAYALI ELK. ÜRT. TESİSİ,103340,2026-05-31T14:00:00+03:00,14:00
40W0000031969856,ZEUS BİYOKÜTLE ENERJİSİNE DAYALI ELK. ÜRT. TESİSİ,unknown,2026-05-31 15:00:00+03:00,,10.11,chunk_0035.json,POST /v1/generation/data/dpp-bulk,2026-05-31 21:45:40.033131+00:00,3196985,ZEUS BİYOKÜTLE ENERJİSİNE DAYALI ELK. ÜRT. TESİSİ,103340,2026-05-31T15:00:00+03:00,15:00
40W0000031969856,ZEUS BİYOKÜTLE ENERJİSİNE DAYALI ELK. ÜRT. TESİSİ,unknown,2026-05-31 16:00:00+03:00,,10.11,chunk_0035.json,POST /v1/generation/data/dpp-bulk,2026-05-31 21:45:40.033131+00:00,3196985,ZEUS BİYOKÜTLE ENERJİSİNE DAYALI ELK. ÜRT. TESİSİ,103340,2026-05-31T16:00:00+03:00,16:00
40W0000031969856,ZEUS BİYOKÜTLE ENERJİSİNE DAYALI ELK. ÜRT. TESİSİ,unknown,2026-05-31 17:00:00+03:00,,10.11,chunk_0035.json,POST /v1/generation/data/dpp-bulk,2026-05-31 21:45:40.033131+00:00,3196985,ZEUS BİYOKÜTLE ENERJİSİNE DAYALI ELK. ÜRT. TESİSİ,103340,2026-05-31T17:00:00+03:00,17:00
40W0000031969856,ZEUS BİYOKÜTLE ENERJİSİNE DAYALI ELK. ÜRT. TESİSİ,unknown,2026-05-31 18:00:00+03:00,,10.11,chunk_0035.json,POST /v1/generation/data/dpp-bulk,2026-05-31 21:45:40.033131+00:00,3196985,ZEUS BİYOKÜTLE ENERJİSİNE DAYALI ELK. ÜRT. TESİSİ,103340,2026-05-31T18:00:00+03:00,18:00
40W0000031969856,ZEUS BİYOKÜTLE ENERJİSİNE DAYALI ELK. ÜRT. TESİSİ,unknown,2026-05-31 19:00:00+03:00,,10.11,chunk_0035.json,POST /v1/generation/data/dpp-bulk,2026-05-31 21:45:40.033131+00:00,3196985,ZEUS BİYOKÜTLE ENERJİSİNE DAYALI ELK. ÜRT. TESİSİ,103340,2026-05-31T19:00:00+03:00,19:00
40W0000031969856,ZEUS BİYOKÜTLE ENERJİSİNE DAYALI ELK. ÜRT. TESİSİ,unknown,2026-05-31 20:00:00+03:00,,10.11,chunk_0035.json,POST /v1/generation/data/dpp-bulk,2026-05-31 21:45:40.033131+00:00,3196985,ZEUS BİYOKÜTLE ENERJİSİNE DAYALI ELK. ÜRT. TESİSİ,103340,2026-05-31T20:00:00+03:00,20:00
40W0000031969856,ZEUS BİYOKÜTLE ENERJİSİNE DAYALI ELK. ÜRT. TESİSİ,unknown,2026-05-31 21:00:00+03:00,,10.11,chunk_0035.json,POST /v1/generation/data/dpp-bulk,2026-05-31 21:45:40.033131+00:00,3196985,ZEUS BİYOKÜTLE ENERJİSİNE DAYALI ELK. ÜRT. TESİSİ,103340,2026-05-31T21:00:00+03:00,21:00
40W0000031969856,ZEUS BİYOKÜTLE ENERJİSİNE DAYALI ELK. ÜRT. TESİSİ,unknown,2026-05-31 22:00:00+03:00,,10.11,chunk_0035.json,POST /v1/generation/data/dpp-bulk,2026-05-31 21:45:40.033131+00:00,3196985,ZEUS BİYOKÜTLE ENERJİSİNE DAYALI ELK. ÜRT. TESİSİ,103340,2026-05-31T22:00:00+03:00,22:00
40W0000031969856,ZEUS BİYOKÜTLE ENERJİSİNE DAYALI ELK. ÜRT. TESİSİ,unknown,2026-05-31 23:00:00+03:00,,10.11,chunk_0035.json,POST /v1/generation/data/dpp-bulk,2026-05-31 21:45:40.033131+00:00,3196985,ZEUS BİYOKÜTLE ENERJİSİNE DAYALI ELK. ÜRT. TESİSİ,103340,2026-05-31T23:00:00+03:00,23:00
40W000003197087X,KINIK RES(ESİNTİ),unknown,2026-05-31 00:00:00+03:00,,0.52,chunk_0035.json,POST /v1/generation/data/dpp-bulk,2026-05-31 21:45:40.033131+00:00,3197087,KINIK RES(ESİNTİ),103340,2026-05-31T00:00:00+03:00,00:00
40W000003197087X,KINIK RES(ESİNTİ),unknown,2026-05-31 01:00:00+03:00,,0.72,chunk_0035.json,POST /v1/generation/data/dpp-bulk,2026-05-31 21:45:40.033131+00:00,3197087,KINIK RES(ESİNTİ),103340,2026-05-31T01:00:00+03:00,01:00
40W000003197087X,KINIK RES(ESİNTİ),unknown,2026-05-31 02:00:00+03:00,,0.86,chunk_0035.json,POST /v1/generation/data/dpp-bulk,2026-05-31 21:45:40.033131+00:00,3197087,KINIK RES(ESİNTİ),103340,2026-05-31T02:00:00+03:00,02:00
40W000003197087X,KINIK RES(ESİNTİ),unknown,2026-05-31 03:00:00+03:00,,0.77,chunk_0035.json,POST /v1/generation/data/dpp-bulk,2026-05-31 21:45:40.033131+00:00,3197087,KINIK RES(ESİNTİ),103340,2026-05-31T03:00:00+03:00,03:00
40W000003197087X,KINIK RES(ESİNTİ),unknown,2026-05-31 04:00:00+03:00,,0.54,chunk_0035.json,POST /v1/generation/data/dpp-bulk,2026-05-31 21:45:40.033131+00:00,3197087,KINIK RES(ESİNTİ),103340,2026-05-31T04:00:00+03:00,04:00
40W000003197087X,KINIK RES(ESİNTİ),unknown,2026-05-31 05:00:00+03:00,,0.36,chunk_0035.json,POST /v1/generation/data/dpp-bulk,2026-05-31 21:45:40.033131+00:00,3197087,KINIK RES(ESİNTİ),103340,2026-05-31T05:00:00+03:00,05:00
40W000003197087X,KINIK RES(ESİNTİ),unknown,2026-05-31 06:00:00+03:00,,0.2,chunk_0035.json,POST /v1/generation/data/dpp-bulk,2026-05-31 21:45:40.033131+00:00,3197087,KINIK RES(ESİNTİ),103340,2026-05-31T06:00:00+03:00,06:00
40W000003197087X,KINIK RES(ESİNTİ),unknown,2026-05-31 07:00:00+03:00,,0.13,chunk_0035.json,POST /v1/generation/data/dpp-bulk,2026-05-31 21:45:40.033131+00:00,3197087,KINIK RES(ESİNTİ),103340,2026-05-31T07:00:00+03:00,07:00
40W000003197087X,KINIK RES(ESİNTİ),unknown,2026-05-31 08:00:00+03:00,,0.13,chunk_0035.json,POST /v1/generation/data/dpp-bulk,2026-05-31 21:45:40.033131+00:00,3197087,KINIK RES(ESİNTİ),103340,2026-05-31T08:00:00+03:00,08:00
40W000003197087X,KINIK RES(ESİNTİ),unknown,2026-05-31 09:00:00+03:00,,0.17,chunk_0035.json,POST /v1/generation/data/dpp-bulk,2026-05-31 21:45:40.033131+00:00,3197087,KINIK RES(ESİNTİ),103340,2026-05-31T09:00:00+03:00,09:00
40W000003197087X,KINIK RES(ESİNTİ),unknown,2026-05-31 10:00:00+03:00,,0.19,chunk_0035.json,POST /v1/generation/data/dpp-bulk,2026-05-31 21:45:40.033131+00:00,3197087,KINIK RES(ESİNTİ),103340,2026-05-31T10:00:00+03:00,10:00
40W000003197087X,KINIK RES(ESİNTİ),unknown,2026-05-31 11:00:00+03:00,,0.26,chunk_0035.json,POST /v1/generation/data/dpp-bulk,2026-05-31 21:45:40.033131+00:00,3197087,KINIK RES(ESİNTİ),103340,2026-05-31T11:00:00+03:00,11:00
40W000003197087X,KINIK RES(ESİNTİ),unknown,2026-05-31 12:00:00+03:00,,0.5,chunk_0035.json,POST /v1/generation/data/dpp-bulk,2026-05-31 21:45:40.033131+00:00,3197087,KINIK RES(ESİNTİ),103340,2026-05-31T12:00:00+03:00,12:00
40W000003197087X,KINIK RES(ESİNTİ),unknown,2026-05-31 13:00:00+03:00,,1.07,chunk_0035.json,POST /v1/generation/data/dpp-bulk,2026-05-31 21:45:40.033131+00:00,3197087,KINIK RES(ESİNTİ),103340,2026-05-31T13:00:00+03:00,13:00
40W000003197087X,KINIK RES(ESİNTİ),unknown,2026-05-31 14:00:00+03:00,,2.29,chunk_0035.json,POST /v1/generation/data/dpp-bulk,2026-05-31 21:45:40.033131+00:00,3197087,KINIK RES(ESİNTİ),103340,2026-05-31T14:00:00+03:00,14:00
40W000003197087X,KINIK RES(ESİNTİ),unknown,2026-05-31 15:00:00+03:00,,3.95,chunk_0035.json,POST /v1/generation/data/dpp-bulk,2026-05-31 21:45:40.033131+00:00,3197087,KINIK RES(ESİNTİ),103340,2026-05-31T15:00:00+03:00,15:00
40W000003197087X,KINIK RES(ESİNTİ),unknown,2026-05-31 16:00:00+03:00,,5.36,chunk_0035.json,POST /v1/generation/data/dpp-bulk,2026-05-31 21:45:40.033131+00:00,3197087,KINIK RES(ESİNTİ),103340,2026-05-31T16:00:00+03:00,16:00
40W000003197087X,KINIK RES(ESİNTİ),unknown,2026-05-31 17:00:00+03:00,,6.37,chunk_0035.json,POST /v1/generation/data/dpp-bulk,2026-05-31 21:45:40.033131+00:00,3197087,KINIK RES(ESİNTİ),103340,2026-05-31T17:00:00+03:00,17:00
40W000003197087X,KINIK RES(ESİNTİ),unknown,2026-05-31 18:00:00+03:00,,7.08,chunk_0035.json,POST /v1/generation/data/dpp-bulk,2026-05-31 21:45:40.033131+00:00,3197087,KINIK RES(ESİNTİ),103340,2026-05-31T18:00:00+03:00,18:00
40W000003197087X,KINIK RES(ESİNTİ),unknown,2026-05-31 19:00:00+03:00,,7.5,chunk_0035.json,POST /v1/generation/data/dpp-bulk,2026-05-31 21:45:40.033131+00:00,3197087,KINIK RES(ESİNTİ),103340,2026-05-31T19:00:00+03:00,19:00
40W000003197087X,KINIK RES(ESİNTİ),unknown,2026-05-31 20:00:00+03:00,,7.15,chunk_0035.json,POST /v1/generation/data/dpp-bulk,2026-05-31 21:45:40.033131+00:00,3197087,KINIK RES(ESİNTİ),103340,2026-05-31T20:00:00+03:00,20:00
40W000003197087X,KINIK RES(ESİNTİ),unknown,2026-05-31 21:00:00+03:00,,5.84,chunk_0035.json,POST /v1/generation/data/dpp-bulk,2026-05-31 21:45:40.033131+00:00,3197087,KINIK RES(ESİNTİ),103340,2026-05-31T21:00:00+03:00,21:00
40W000003197087X,KINIK RES(ESİNTİ),unknown,2026-05-31 22:00:00+03:00,,4.31,chunk_0035.json,POST /v1/generation/data/dpp-bulk,2026-05-31 21:45:40.033131+00:00,3197087,KINIK RES(ESİNTİ),103340,2026-05-31T22:00:00+03:00,22:00
40W000003197087X,KINIK RES(ESİNTİ),unknown,2026-05-31 23:00:00+03:00,,3.26,chunk_0035.json,POST /v1/generation/data/dpp-bulk,2026-05-31 21:45:40.033131+00:00,3197087,KINIK RES(ESİNTİ),103340,2026-05-31T23:00:00+03:00,23:00
40W000003197569F,BERGRES RES,unknown,2026-05-31 00:00:00+03:00,,1.04,chunk_0035.json,POST /v1/generation/data/dpp-bulk,2026-05-31 21:45:40.033131+00:00,3197569,BERGRES RES,103820,2026-05-31T00:00:00+03:00,00:00
40W000003197569F,BERGRES RES,unknown,2026-05-31 01:00:00+03:00,,0.78,chunk_0035.json,POST /v1/generation/data/dpp-bulk,2026-05-31 21:45:40.033131+00:00,3197569,BERGRES RES,103820,2026-05-31T01:00:00+03:00,01:00
40W000003197569F,BERGRES RES,unknown,2026-05-31 02:00:00+03:00,,0.62,chunk_0035.json,POST /v1/generation/data/dpp-bulk,2026-05-31 21:45:40.033131+00:00,3197569,BERGRES RES,103820,2026-05-31T02:00:00+03:00,02:00
40W000003197569F,BERGRES RES,unknown,2026-05-31 03:00:00+03:00,,0.46,chunk_0035.json,POST /v1/generation/data/dpp-bulk,2026-05-31 21:45:40.033131+00:00,3197569,BERGRES RES,103820,2026-05-31T03:00:00+03:00,03:00
40W000003197569F,BERGRES RES,unknown,2026-05-31 04:00:00+03:00,,0.3,chunk_0035.json,POST /v1/generation/data/dpp-bulk,2026-05-31 21:45:40.033131+00:00,3197569,BERGRES RES,103820,2026-05-31T04:00:00+03:00,04:00
40W000003197569F,BERGRES RES,unknown,2026-05-31 05:00:00+03:00,,0.25,chunk_0035.json,POST /v1/generation/data/dpp-bulk,2026-05-31 21:45:40.033131+00:00,3197569,BERGRES RES,103820,2026-05-31T05:00:00+03:00,05:00
40W000003197569F,BERGRES RES,unknown,2026-05-31 06:00:00+03:00,,0.01,chunk_0035.json,POST /v1/generation/data/dpp-bulk,2026-05-31 21:45:40.033131+00:00,3197569,BERGRES RES,103820,2026-05-31T06:00:00+03:00,06:00
40W000003197569F,BERGRES RES,unknown,2026-05-31 07:00:00+03:00,,0.0,chunk_0035.json,POST /v1/generation/data/dpp-bulk,2026-05-31 21:45:40.033131+00:00,3197569,BERGRES RES,103820,2026-05-31T07:00:00+03:00,07:00
40W000003197569F,BERGRES RES,unknown,2026-05-31 08:00:00+03:00,,0.01,chunk_0035.json,POST /v1/generation/data/dpp-bulk,2026-05-31 21:45:40.033131+00:00,3197569,BERGRES RES,103820,2026-05-31T08:00:00+03:00,08:00
40W000003197569F,BERGRES RES,unknown,2026-05-31 09:00:00+03:00,,0.02,chunk_0035.json,POST /v1/generation/data/dpp-bulk,2026-05-31 21:45:40.033131+00:00,3197569,BERGRES RES,103820,2026-05-31T09:00:00+03:00,09:00
40W000003197569F,BERGRES RES,unknown,2026-05-31 10:00:00+03:00,,0.01,chunk_0035.json,POST /v1/generation/data/dpp-bulk,2026-05-31 21:45:40.033131+00:00,3197569,BERGRES RES,103820,2026-05-31T10:00:00+03:00,10:00
40W000003197569F,BERGRES RES,unknown,2026-05-31 11:00:00+03:00,,0.06,chunk_0035.json,POST /v1/generation/data/dpp-bulk,2026-05-31 21:45:40.033131+00:00,3197569,BERGRES RES,103820,2026-05-31T11:00:00+03:00,11:00
40W000003197569F,BERGRES RES,unknown,2026-05-31 12:00:00+03:00,,0.37,chunk_0035.json,POST /v1/generation/data/dpp-bulk,2026-05-31 21:45:40.033131+00:00,3197569,BERGRES RES,103820,2026-05-31T12:00:00+03:00,12:00
40W000003197569F,BERGRES RES,unknown,2026-05-31 13:00:00+03:00,,1.64,chunk_0035.json,POST /v1/generation/data/dpp-bulk,2026-05-31 21:45:40.033131+00:00,3197569,BERGRES RES,103820,2026-05-31T13:00:00+03:00,13:00
40W000003197569F,BERGRES RES,unknown,2026-05-31 14:00:00+03:00,,3.79,chunk_0035.json,POST /v1/generation/data/dpp-bulk,2026-05-31 21:45:40.033131+00:00,3197569,BERGRES RES,103820,2026-05-31T14:00:00+03:00,14:00
40W000003197569F,BERGRES RES,unknown,2026-05-31 15:00:00+03:00,,6.33,chunk_0035.json,POST /v1/generation/data/dpp-bulk,2026-05-31 21:45:40.033131+00:00,3197569,BERGRES RES,103820,2026-05-31T15:00:00+03:00,15:00
40W000003197569F,BERGRES RES,unknown,2026-05-31 16:00:00+03:00,,9.17,chunk_0035.json,POST /v1/generation/data/dpp-bulk,2026-05-31 21:45:40.033131+00:00,3197569,BERGRES RES,103820,2026-05-31T16:00:00+03:00,16:00
40W000003197569F,BERGRES RES,unknown,2026-05-31 17:00:00+03:00,,10.05,chunk_0035.json,POST /v1/generation/data/dpp-bulk,2026-05-31 21:45:40.033131+00:00,3197569,BERGRES RES,103820,2026-05-31T17:00:00+03:00,17:00
40W000003197569F,BERGRES RES,unknown,2026-05-31 18:00:00+03:00,,9.5,chunk_0035.json,POST /v1/generation/data/dpp-bulk,2026-05-31 21:45:40.033131+00:00,3197569,BERGRES RES,103820,2026-05-31T18:00:00+03:00,18:00
40W000003197569F,BERGRES RES,unknown,2026-05-31 19:00:00+03:00,,8.53,chunk_0035.json,POST /v1/generation/data/dpp-bulk,2026-05-31 21:45:40.033131+00:00,3197569,BERGRES RES,103820,2026-05-31T19:00:00+03:00,19:00
40W000003197569F,BERGRES RES,unknown,2026-05-31 20:00:00+03:00,,7.09,chunk_0035.json,POST /v1/generation/data/dpp-bulk,2026-05-31 21:45:40.033131+00:00,3197569,BERGRES RES,103820,2026-05-31T20:00:00+03:00,20:00
40W000003197569F,BERGRES RES,unknown,2026-05-31 21:00:00+03:00,,6.53,chunk_0035.json,POST /v1/generation/data/dpp-bulk,2026-05-31 21:45:40.033131+00:00,3197569,BERGRES RES,103820,2026-05-31T21:00:00+03:00,21:00
40W000003197569F,BERGRES RES,unknown,2026-05-31 22:00:00+03:00,,5.31,chunk_0035.json,POST /v1/generation/data/dpp-bulk,2026-05-31 21:45:40.033131+00:00,3197569,BERGRES RES,103820,2026-05-31T22:00:00+03:00,22:00
40W000003197569F,BERGRES RES,unknown,2026-05-31 23:00:00+03:00,,4.29,chunk_0035.json,POST /v1/generation/data/dpp-bulk,2026-05-31 21:45:40.033131+00:00,3197569,BERGRES RES,103820,2026-05-31T23:00:00+03:00,23:00
40W0000031974074,SAMATLAR REG. ve HES,unknown,2026-05-31 00:00:00+03:00,,4.0,chunk_0035.json,POST /v1/generation/data/dpp-bulk,2026-05-31 21:45:40.033131+00:00,3197407,SAMATLAR REG. ve HES,104320,2026-05-31T00:00:00+03:00,00:00
40W0000031974074,SAMATLAR REG. ve HES,unknown,2026-05-31 01:00:00+03:00,,4.0,chunk_0035.json,POST /v1/generation/data/dpp-bulk,2026-05-31 21:45:40.033131+00:00,3197407,SAMATLAR REG. ve HES,104320,2026-05-31T01:00:00+03:00,01:00
40W0000031974074,SAMATLAR REG. ve HES,unknown,2026-05-31 02:00:00+03:00,,4.0,chunk_0035.json,POST /v1/generation/data/dpp-bulk,2026-05-31 21:45:40.033131+00:00,3197407,SAMATLAR REG. ve HES,104320,2026-05-31T02:00:00+03:00,02:00
40W0000031974074,SAMATLAR REG. ve HES,unknown,2026-05-31 03:00:00+03:00,,4.0,chunk_0035.json,POST /v1/generation/data/dpp-bulk,2026-05-31 21:45:40.033131+00:00,3197407,SAMATLAR REG. ve HES,104320,2026-05-31T03:00:00+03:00,03:00
40W0000031974074,SAMATLAR REG. ve HES,unknown,2026-05-31 04:00:00+03:00,,4.0,chunk_0035.json,POST /v1/generation/data/dpp-bulk,2026-05-31 21:45:40.033131+00:00,3197407,SAMATLAR REG. ve HES,104320,2026-05-31T04:00:00+03:00,04:00
40W0000031974074,SAMATLAR REG. ve HES,unknown,2026-05-31 05:00:00+03:00,,0.0,chunk_0035.json,POST /v1/generation/data/dpp-bulk,2026-05-31 21:45:40.033131+00:00,3197407,SAMATLAR REG. ve HES,104320,2026-05-31T05:00:00+03:00,05:00
40W0000031974074,SAMATLAR REG. ve HES,unknown,2026-05-31 06:00:00+03:00,,0.0,chunk_0035.json,POST /v1/generation/data/dpp-bulk,2026-05-31 21:45:40.033131+00:00,3197407,SAMATLAR REG. ve HES,104320,2026-05-31T06:00:00+03:00,06:00
40W0000031974074,SAMATLAR REG. ve HES,unknown,2026-05-31 07:00:00+03:00,,0.0,chunk_0035.json,POST /v1/generation/data/dpp-bulk,2026-05-31 21:45:40.033131+00:00,3197407,SAMATLAR REG. ve HES,104320,2026-05-31T07:00:00+03:00,07:00
40W0000031974074,SAMATLAR REG. ve HES,unknown,2026-05-31 08:00:00+03:00,,0.0,chunk_0035.json,POST /v1/generation/data/dpp-bulk,2026-05-31 21:45:40.033131+00:00,3197407,SAMATLAR REG. ve HES,104320,2026-05-31T08:00:00+03:00,08:00
40W0000031974074,SAMATLAR REG. ve HES,unknown,2026-05-31 09:00:00+03:00,,0.0,chunk_0035.json,POST /v1/generation/data/dpp-bulk,2026-05-31 21:45:40.033131+00:00,3197407,SAMATLAR REG. ve HES,104320,2026-05-31T09:00:00+03:00,09:00
40W0000031974074,SAMATLAR REG. ve HES,unknown,2026-05-31 10:00:00+03:00,,0.0,chunk_0035.json,POST /v1/generation/data/dpp-bulk,2026-05-31 21:45:40.033131+00:00,3197407,SAMATLAR REG. ve HES,104320,2026-05-31T10:00:00+03:00,10:00
40W0000031974074,SAMATLAR REG. ve HES,unknown,2026-05-31 11:00:00+03:00,,0.0,chunk_0035.json,POST /v1/generation/data/dpp-bulk,2026-05-31 21:45:40.033131+00:00,3197407,SAMATLAR REG. ve HES,104320,2026-05-31T11:00:00+03:00,11:00
40W0000031974074,SAMATLAR REG. ve HES,unknown,2026-05-31 12:00:00+03:00,,0.0,chunk_0035.json,POST /v1/generation/data/dpp-bulk,2026-05-31 21:45:40.033131+00:00,3197407,SAMATLAR REG. ve HES,104320,2026-05-31T12:00:00+03:00,12:00
40W0000031974074,SAMATLAR REG. ve HES,unknown,2026-05-31 13:00:00+03:00,,0.0,chunk_0035.json,POST /v1/generation/data/dpp-bulk,2026-05-31 21:45:40.033131+00:00,3197407,SAMATLAR REG. ve HES,104320,2026-05-31T13:00:00+03:00,13:00
40W0000031974074,SAMATLAR REG. ve HES,unknown,2026-05-31 14:00:00+03:00,,0.0,chunk_0035.json,POST /v1/generation/data/dpp-bulk,2026-05-31 21:45:40.033131+00:00,3197407,SAMATLAR REG. ve HES,104320,2026-05-31T14:00:00+03:00,14:00
40W0000031974074,SAMATLAR REG. ve HES,unknown,2026-05-31 15:00:00+03:00,,0.0,chunk_0035.json,POST /v1/generation/data/dpp-bulk,2026-05-31 21:45:40.033131+00:00,3197407,SAMATLAR REG. ve HES,104320,2026-05-31T15:00:00+03:00,15:00
40W0000031974074,SAMATLAR REG. ve HES,unknown,2026-05-31 16:00:00+03:00,,0.0,chunk_0035.json,POST /v1/generation/data/dpp-bulk,2026-05-31 21:45:40.033131+00:00,3197407,SAMATLAR REG. ve HES,104320,2026-05-31T16:00:00+03:00,16:00
40W0000031974074,SAMATLAR REG. ve HES,unknown,2026-05-31 17:00:00+03:00,,0.0,chunk_0035.json,POST /v1/generation/data/dpp-bulk,2026-05-31 21:45:40.033131+00:00,3197407,SAMATLAR REG. ve HES,104320,2026-05-31T17:00:00+03:00,17:00
40W0000031974074,SAMATLAR REG. ve HES,unknown,2026-05-31 18:00:00+03:00,,4.0,chunk_0035.json,POST /v1/generation/data/dpp-bulk,2026-05-31 21:45:40.033131+00:00,3197407,SAMATLAR REG. ve HES,104320,2026-05-31T18:00:00+03:00,18:00
40W0000031974074,SAMATLAR REG. ve HES,unknown,2026-05-31 19:00:00+03:00,,4.0,chunk_0035.json,POST /v1/generation/data/dpp-bulk,2026-05-31 21:45:40.033131+00:00,3197407,SAMATLAR REG. ve HES,104320,2026-05-31T19:00:00+03:00,19:00
40W0000031974074,SAMATLAR REG. ve HES,unknown,2026-05-31 20:00:00+03:00,,4.3,chunk_0035.json,POST /v1/generation/data/dpp-bulk,2026-05-31 21:45:40.033131+00:00,3197407,SAMATLAR REG. ve HES,104320,2026-05-31T20:00:00+03:00,20:00
40W0000031974074,SAMATLAR REG. ve HES,unknown,2026-05-31 21:00:00+03:00,,4.0,chunk_0035.json,POST /v1/generation/data/dpp-bulk,2026-05-31 21:45:40.033131+00:00,3197407,SAMATLAR REG. ve HES,104320,2026-05-31T21:00:00+03:00,21:00
40W0000031974074,SAMATLAR REG. ve HES,unknown,2026-05-31 22:00:00+03:00,,4.0,chunk_0035.json,POST /v1/generation/data/dpp-bulk,2026-05-31 21:45:40.033131+00:00,3197407,SAMATLAR REG. ve HES,104320,2026-05-31T22:00:00+03:00,22:00
40W0000031974074,SAMATLAR REG. ve HES,unknown,2026-05-31 23:00:00+03:00,,4.0,chunk_0035.json,POST /v1/generation/data/dpp-bulk,2026-05-31 21:45:40.033131+00:00,3197407,SAMATLAR REG. ve HES,104320,2026-05-31T23:00:00+03:00,23:00
40W100003198992N,GÜNEŞ HES(TİMSE ELK.),unknown,2026-05-31 00:00:00+03:00,,2.2,chunk_0035.json,POST /v1/generation/data/dpp-bulk,2026-05-31 21:45:40.033131+00:00,3198992,GÜNEŞ HES(TİMSE ELK.),104381,2026-05-31T00:00:00+03:00,00:00
40W100003198992N,GÜNEŞ HES(TİMSE ELK.),unknown,2026-05-31 01:00:00+03:00,,2.2,chunk_0035.json,POST /v1/generation/data/dpp-bulk,2026-05-31 21:45:40.033131+00:00,3198992,GÜNEŞ HES(TİMSE ELK.),104381,2026-05-31T01:00:00+03:00,01:00
40W100003198992N,GÜNEŞ HES(TİMSE ELK.),unknown,2026-05-31 02:00:00+03:00,,2.2,chunk_0035.json,POST /v1/generation/data/dpp-bulk,2026-05-31 21:45:40.033131+00:00,3198992,GÜNEŞ HES(TİMSE ELK.),104381,2026-05-31T02:00:00+03:00,02:00
40W100003198992N,GÜNEŞ HES(TİMSE ELK.),unknown,2026-05-31 03:00:00+03:00,,2.2,chunk_0035.json,POST /v1/generation/data/dpp-bulk,2026-05-31 21:45:40.033131+00:00,3198992,GÜNEŞ HES(TİMSE ELK.),104381,2026-05-31T03:00:00+03:00,03:00
40W100003198992N,GÜNEŞ HES(TİMSE ELK.),unknown,2026-05-31 04:00:00+03:00,,2.2,chunk_0035.json,POST /v1/generation/data/dpp-bulk,2026-05-31 21:45:40.033131+00:00,3198992,GÜNEŞ HES(TİMSE ELK.),104381,2026-05-31T04:00:00+03:00,04:00
40W100003198992N,GÜNEŞ HES(TİMSE ELK.),unknown,2026-05-31 05:00:00+03:00,,2.2,chunk_0035.json,POST /v1/generation/data/dpp-bulk,2026-05-31 21:45:40.033131+00:00,3198992,GÜNEŞ HES(TİMSE ELK.),104381,2026-05-31T05:00:00+03:00,05:00
40W100003198992N,GÜNEŞ HES(TİMSE ELK.),unknown,2026-05-31 06:00:00+03:00,,2.2,chunk_0035.json,POST /v1/generation/data/dpp-bulk,2026-05-31 21:45:40.033131+00:00,3198992,GÜNEŞ HES(TİMSE ELK.),104381,2026-05-31T06:00:00+03:00,06:00
40W100003198992N,GÜNEŞ HES(TİMSE ELK.),unknown,2026-05-31 07:00:00+03:00,,2.2,chunk_0035.json,POST /v1/generation/data/dpp-bulk,2026-05-31 21:45:40.033131+00:00,3198992,GÜNEŞ HES(TİMSE ELK.),104381,2026-05-31T07:00:00+03:00,07:00
40W100003198992N,GÜNEŞ HES(TİMSE ELK.),unknown,2026-05-31 08:00:00+03:00,,2.2,chunk_0035.json,POST /v1/generation/data/dpp-bulk,2026-05-31 21:45:40.033131+00:00,3198992,GÜNEŞ HES(TİMSE ELK.),104381,2026-05-31T08:00:00+03:00,08:00
40W100003198992N,GÜNEŞ HES(TİMSE ELK.),unknown,2026-05-31 09:00:00+03:00,,2.2,chunk_0035.json,POST /v1/generation/data/dpp-bulk,2026-05-31 21:45:40.033131+00:00,3198992,GÜNEŞ HES(TİMSE ELK.),104381,2026-05-31T09:00:00+03:00,09:00
40W100003198992N,GÜNEŞ HES(TİMSE ELK.),unknown,2026-05-31 10:00:00+03:00,,2.2,chunk_0035.json,POST /v1/generation/data/dpp-bulk,2026-05-31 21:45:40.033131+00:00,3198992,GÜNEŞ HES(TİMSE ELK.),104381,2026-05-31T10:00:00+03:00,10:00
40W100003198992N,GÜNEŞ HES(TİMSE ELK.),unknown,2026-05-31 11:00:00+03:00,,2.2,chunk_0035.json,POST /v1/generation/data/dpp-bulk,2026-05-31 21:45:40.033131+00:00,3198992,GÜNEŞ HES(TİMSE ELK.),104381,2026-05-31T11:00:00+03:00,11:00
40W100003198992N,GÜNEŞ HES(TİMSE ELK.),unknown,2026-05-31 12:00:00+03:00,,2.2,chunk_0035.json,POST /v1/generation/data/dpp-bulk,2026-05-31 21:45:40.033131+00:00,3198992,GÜNEŞ HES(TİMSE ELK.),104381,2026-05-31T12:00:00+03:00,12:00
40W100003198992N,GÜNEŞ HES(TİMSE ELK.),unknown,2026-05-31 13:00:00+03:00,,2.2,chunk_0035.json,POST /v1/generation/data/dpp-bulk,2026-05-31 21:45:40.033131+00:00,3198992,GÜNEŞ HES(TİMSE ELK.),104381,2026-05-31T13:00:00+03:00,13:00
40W100003198992N,GÜNEŞ HES(TİMSE ELK.),unknown,2026-05-31 14:00:00+03:00,,2.2,chunk_0035.json,POST /v1/generation/data/dpp-bulk,2026-05-31 21:45:40.033131+00:00,3198992,GÜNEŞ HES(TİMSE ELK.),104381,2026-05-31T14:00:00+03:00,14:00
40W100003198992N,GÜNEŞ HES(TİMSE ELK.),unknown,2026-05-31 15:00:00+03:00,,2.2,chunk_0035.json,POST /v1/generation/data/dpp-bulk,2026-05-31 21:45:40.033131+00:00,3198992,GÜNEŞ HES(TİMSE ELK.),104381,2026-05-31T15:00:00+03:00,15:00
40W100003198992N,GÜNEŞ HES(TİMSE ELK.),unknown,2026-05-31 16:00:00+03:00,,2.2,chunk_0035.json,POST /v1/generation/data/dpp-bulk,2026-05-31 21:45:40.033131+00:00,3198992,GÜNEŞ HES(TİMSE ELK.),104381,2026-05-31T16:00:00+03:00,16:00
40W100003198992N,GÜNEŞ HES(TİMSE ELK.),unknown,2026-05-31 17:00:00+03:00,,2.2,chunk_0035.json,POST /v1/generation/data/dpp-bulk,2026-05-31 21:45:40.033131+00:00,3198992,GÜNEŞ HES(TİMSE ELK.),104381,2026-05-31T17:00:00+03:00,17:00
40W100003198992N,GÜNEŞ HES(TİMSE ELK.),unknown,2026-05-31 18:00:00+03:00,,2.2,chunk_0035.json,POST /v1/generation/data/dpp-bulk,2026-05-31 21:45:40.033131+00:00,3198992,GÜNEŞ HES(TİMSE ELK.),104381,2026-05-31T18:00:00+03:00,18:00
40W100003198992N,GÜNEŞ HES(TİMSE ELK.),unknown,2026-05-31 19:00:00+03:00,,2.11,chunk_0035.json,POST /v1/generation/data/dpp-bulk,2026-05-31 21:45:40.033131+00:00,3198992,GÜNEŞ HES(TİMSE ELK.),104381,2026-05-31T19:00:00+03:00,19:00
40W100003198992N,GÜNEŞ HES(TİMSE ELK.),unknown,2026-05-31 20:00:00+03:00,,2.0,chunk_0035.json,POST /v1/generation/data/dpp-bulk,2026-05-31 21:45:40.033131+00:00,3198992,GÜNEŞ HES(TİMSE ELK.),104381,2026-05-31T20:00:00+03:00,20:00
40W100003198992N,GÜNEŞ HES(TİMSE ELK.),unknown,2026-05-31 21:00:00+03:00,,2.0,chunk_0035.json,POST /v1/generation/data/dpp-bulk,2026-05-31 21:45:40.033131+00:00,3198992,GÜNEŞ HES(TİMSE ELK.),104381,2026-05-31T21:00:00+03:00,21:00
40W100003198992N,GÜNEŞ HES(TİMSE ELK.),unknown,2026-05-31 22:00:00+03:00,,2.0,chunk_0035.json,POST /v1/generation/data/dpp-bulk,2026-05-31 21:45:40.033131+00:00,3198992,GÜNEŞ HES(TİMSE ELK.),104381,2026-05-31T22:00:00+03:00,22:00
40W100003198992N,GÜNEŞ HES(TİMSE ELK.),unknown,2026-05-31 23:00:00+03:00,,2.2,chunk_0035.json,POST /v1/generation/data/dpp-bulk,2026-05-31 21:45:40.033131+00:00,3198992,GÜNEŞ HES(TİMSE ELK.),104381,2026-05-31T23:00:00+03:00,23:00
40W0000031969872,MEHMETHAN JES,unknown,2026-05-31 00:00:00+03:00,,8.0,chunk_0035.json,POST /v1/generation/data/dpp-bulk,2026-05-31 21:45:40.033131+00:00,3196987,MEHMETHAN JES,105042,2026-05-31T00:00:00+03:00,00:00
40W0000031969872,MEHMETHAN JES,unknown,2026-05-31 01:00:00+03:00,,8.0,chunk_0035.json,POST /v1/generation/data/dpp-bulk,2026-05-31 21:45:40.033131+00:00,3196987,MEHMETHAN JES,105042,2026-05-31T01:00:00+03:00,01:00
40W0000031969872,MEHMETHAN JES,unknown,2026-05-31 02:00:00+03:00,,8.0,chunk_0035.json,POST /v1/generation/data/dpp-bulk,2026-05-31 21:45:40.033131+00:00,3196987,MEHMETHAN JES,105042,2026-05-31T02:00:00+03:00,02:00
40W0000031969872,MEHMETHAN JES,unknown,2026-05-31 03:00:00+03:00,,8.0,chunk_0035.json,POST /v1/generation/data/dpp-bulk,2026-05-31 21:45:40.033131+00:00,3196987,MEHMETHAN JES,105042,2026-05-31T03:00:00+03:00,03:00
40W0000031969872,MEHMETHAN JES,unknown,2026-05-31 04:00:00+03:00,,8.0,chunk_0035.json,POST /v1/generation/data/dpp-bulk,2026-05-31 21:45:40.033131+00:00,3196987,MEHMETHAN JES,105042,2026-05-31T04:00:00+03:00,04:00
40W0000031969872,MEHMETHAN JES,unknown,2026-05-31 05:00:00+03:00,,8.0,chunk_0035.json,POST /v1/generation/data/dpp-bulk,2026-05-31 21:45:40.033131+00:00,3196987,MEHMETHAN JES,105042,2026-05-31T05:00:00+03:00,05:00
40W0000031969872,MEHMETHAN JES,unknown,2026-05-31 06:00:00+03:00,,8.0,chunk_0035.json,POST /v1/generation/data/dpp-bulk,2026-05-31 21:45:40.033131+00:00,3196987,MEHMETHAN JES,105042,2026-05-31T06:00:00+03:00,06:00
40W0000031969872,MEHMETHAN JES,unknown,2026-05-31 07:00:00+03:00,,8.0,chunk_0035.json,POST /v1/generation/data/dpp-bulk,2026-05-31 21:45:40.033131+00:00,3196987,MEHMETHAN JES,105042,2026-05-31T07:00:00+03:00,07:00
40W0000031969872,MEHMETHAN JES,unknown,2026-05-31 08:00:00+03:00,,7.5,chunk_0035.json,POST /v1/generation/data/dpp-bulk,2026-05-31 21:45:40.033131+00:00,3196987,MEHMETHAN JES,105042,2026-05-31T08:00:00+03:00,08:00
40W0000031969872,MEHMETHAN JES,unknown,2026-05-31 09:00:00+03:00,,7.0,chunk_0035.json,POST /v1/generation/data/dpp-bulk,2026-05-31 21:45:40.033131+00:00,3196987,MEHMETHAN JES,105042,2026-05-31T09:00:00+03:00,09:00
40W0000031969872,MEHMETHAN JES,unknown,2026-05-31 10:00:00+03:00,,6.5,chunk_0035.json,POST /v1/generation/data/dpp-bulk,2026-05-31 21:45:40.033131+00:00,3196987,MEHMETHAN JES,105042,2026-05-31T10:00:00+03:00,10:00
40W0000031969872,MEHMETHAN JES,unknown,2026-05-31 11:00:00+03:00,,6.0,chunk_0035.json,POST /v1/generation/data/dpp-bulk,2026-05-31 21:45:40.033131+00:00,3196987,MEHMETHAN JES,105042,2026-05-31T11:00:00+03:00,11:00
40W0000031969872,MEHMETHAN JES,unknown,2026-05-31 12:00:00+03:00,,5.5,chunk_0035.json,POST /v1/generation/data/dpp-bulk,2026-05-31 21:45:40.033131+00:00,3196987,MEHMETHAN JES,105042,2026-05-31T12:00:00+03:00,12:00
40W0000031969872,MEHMETHAN JES,unknown,2026-05-31 13:00:00+03:00,,5.0,chunk_0035.json,POST /v1/generation/data/dpp-bulk,2026-05-31 21:45:40.033131+00:00,3196987,MEHMETHAN JES,105042,2026-05-31T13:00:00+03:00,13:00
40W0000031969872,MEHMETHAN JES,unknown,2026-05-31 14:00:00+03:00,,4.5,chunk_0035.json,POST /v1/generation/data/dpp-bulk,2026-05-31 21:45:40.033131+00:00,3196987,MEHMETHAN JES,105042,2026-05-31T14:00:00+03:00,14:00
40W0000031969872,MEHMETHAN JES,unknown,2026-05-31 15:00:00+03:00,,4.5,chunk_0035.json,POST /v1/generation/data/dpp-bulk,2026-05-31 21:45:40.033131+00:00,3196987,MEHMETHAN JES,105042,2026-05-31T15:00:00+03:00,15:00
40W0000031969872,MEHMETHAN JES,unknown,2026-05-31 16:00:00+03:00,,4.5,chunk_0035.json,POST /v1/generation/data/dpp-bulk,2026-05-31 21:45:40.033131+00:00,3196987,MEHMETHAN JES,105042,2026-05-31T16:00:00+03:00,16:00
40W0000031969872,MEHMETHAN JES,unknown,2026-05-31 17:00:00+03:00,,4.5,chunk_0035.json,POST /v1/generation/data/dpp-bulk,2026-05-31 21:45:40.033131+00:00,3196987,MEHMETHAN JES,105042,2026-05-31T17:00:00+03:00,17:00
40W0000031969872,MEHMETHAN JES,unknown,2026-05-31 18:00:00+03:00,,5.0,chunk_0035.json,POST /v1/generation/data/dpp-bulk,2026-05-31 21:45:40.033131+00:00,3196987,MEHMETHAN JES,105042,2026-05-31T18:00:00+03:00,18:00
40W0000031969872,MEHMETHAN JES,unknown,2026-05-31 19:00:00+03:00,,5.0,chunk_0035.json,POST /v1/generation/data/dpp-bulk,2026-05-31 21:45:40.033131+00:00,3196987,MEHMETHAN JES,105042,2026-05-31T19:00:00+03:00,19:00
40W0000031969872,MEHMETHAN JES,unknown,2026-05-31 20:00:00+03:00,,5.5,chunk_0035.json,POST /v1/generation/data/dpp-bulk,2026-05-31 21:45:40.033131+00:00,3196987,MEHMETHAN JES,105042,2026-05-31T20:00:00+03:00,20:00
40W0000031969872,MEHMETHAN JES,unknown,2026-05-31 21:00:00+03:00,,6.0,chunk_0035.json,POST /v1/generation/data/dpp-bulk,2026-05-31 21:45:40.033131+00:00,3196987,MEHMETHAN JES,105042,2026-05-31T21:00:00+03:00,21:00
40W0000031969872,MEHMETHAN JES,unknown,2026-05-31 22:00:00+03:00,,6.5,chunk_0035.json,POST /v1/generation/data/dpp-bulk,2026-05-31 21:45:40.033131+00:00,3196987,MEHMETHAN JES,105042,2026-05-31T22:00:00+03:00,22:00
40W0000031969872,MEHMETHAN JES,unknown,2026-05-31 23:00:00+03:00,,6.5,chunk_0035.json,POST /v1/generation/data/dpp-bulk,2026-05-31 21:45:40.033131+00:00,3196987,MEHMETHAN JES,105042,2026-05-31T23:00:00+03:00,23:00
