entsoe_code,plant_name,fuel_type,delivery_hour,publication_timestamp,kgup_mwh,source_file,source_api,forecast_timestamp,uevcb_id,uevcb_name,org_id,date_raw,time_raw
40W0000000816783,MENGE BARAJI ve HES,unknown,2026-05-31 00:00:00+03:00,,0.0,chunk_0015.json,POST /v1/generation/data/dpp-bulk,2026-05-31 21:45:16.354773+00:00,81678,MENGE BARAJI ve HES,282,2026-05-31T00:00:00+03:00,00:00
40W0000000816783,MENGE BARAJI ve HES,unknown,2026-05-31 01:00:00+03:00,,0.0,chunk_0015.json,POST /v1/generation/data/dpp-bulk,2026-05-31 21:45:16.354773+00:00,81678,MENGE BARAJI ve HES,282,2026-05-31T01:00:00+03:00,01:00
40W0000000816783,MENGE BARAJI ve HES,unknown,2026-05-31 02:00:00+03:00,,0.0,chunk_0015.json,POST /v1/generation/data/dpp-bulk,2026-05-31 21:45:16.354773+00:00,81678,MENGE BARAJI ve HES,282,2026-05-31T02:00:00+03:00,02:00
40W0000000816783,MENGE BARAJI ve HES,unknown,2026-05-31 03:00:00+03:00,,0.0,chunk_0015.json,POST /v1/generation/data/dpp-bulk,2026-05-31 21:45:16.354773+00:00,81678,MENGE BARAJI ve HES,282,2026-05-31T03:00:00+03:00,03:00
40W0000000816783,MENGE BARAJI ve HES,unknown,2026-05-31 04:00:00+03:00,,0.0,chunk_0015.json,POST /v1/generation/data/dpp-bulk,2026-05-31 21:45:16.354773+00:00,81678,MENGE BARAJI ve HES,282,2026-05-31T04:00:00+03:00,04:00
40W0000000816783,MENGE BARAJI ve HES,unknown,2026-05-31 05:00:00+03:00,,0.0,chunk_0015.json,POST /v1/generation/data/dpp-bulk,2026-05-31 21:45:16.354773+00:00,81678,MENGE BARAJI ve HES,282,2026-05-31T05:00:00+03:00,05:00
40W0000000816783,MENGE BARAJI ve HES,unknown,2026-05-31 06:00:00+03:00,,0.0,chunk_0015.json,POST /v1/generation/data/dpp-bulk,2026-05-31 21:45:16.354773+00:00,81678,MENGE BARAJI ve HES,282,2026-05-31T06:00:00+03:00,06:00
40W0000000816783,MENGE BARAJI ve HES,unknown,2026-05-31 07:00:00+03:00,,0.0,chunk_0015.json,POST /v1/generation/data/dpp-bulk,2026-05-31 21:45:16.354773+00:00,81678,MENGE BARAJI ve HES,282,2026-05-31T07:00:00+03:00,07:00
40W0000000816783,MENGE BARAJI ve HES,unknown,2026-05-31 08:00:00+03:00,,0.0,chunk_0015.json,POST /v1/generation/data/dpp-bulk,2026-05-31 21:45:16.354773+00:00,81678,MENGE BARAJI ve HES,282,2026-05-31T08:00:00+03:00,08:00
40W0000000816783,MENGE BARAJI ve HES,unknown,2026-05-31 09:00:00+03:00,,0.0,chunk_0015.json,POST /v1/generation/data/dpp-bulk,2026-05-31 21:45:16.354773+00:00,81678,MENGE BARAJI ve HES,282,2026-05-31T09:00:00+03:00,09:00
40W0000000816783,MENGE BARAJI ve HES,unknown,2026-05-31 10:00:00+03:00,,0.0,chunk_0015.json,POST /v1/generation/data/dpp-bulk,2026-05-31 21:45:16.354773+00:00,81678,MENGE BARAJI ve HES,282,2026-05-31T10:00:00+03:00,10:00
40W0000000816783,MENGE BARAJI ve HES,unknown,2026-05-31 11:00:00+03:00,,0.0,chunk_0015.json,POST /v1/generation/data/dpp-bulk,2026-05-31 21:45:16.354773+00:00,81678,MENGE BARAJI ve HES,282,2026-05-31T11:00:00+03:00,11:00
40W0000000816783,MENGE BARAJI ve HES,unknown,2026-05-31 12:00:00+03:00,,0.0,chunk_0015.json,POST /v1/generation/data/dpp-bulk,2026-05-31 21:45:16.354773+00:00,81678,MENGE BARAJI ve HES,282,2026-05-31T12:00:00+03:00,12:00
40W0000000816783,MENGE BARAJI ve HES,unknown,2026-05-31 13:00:00+03:00,,0.0,chunk_0015.json,POST /v1/generation/data/dpp-bulk,2026-05-31 21:45:16.354773+00:00,81678,MENGE BARAJI ve HES,282,2026-05-31T13:00:00+03:00,13:00
40W0000000816783,MENGE BARAJI ve HES,unknown,2026-05-31 14:00:00+03:00,,0.0,chunk_0015.json,POST /v1/generation/data/dpp-bulk,2026-05-31 21:45:16.354773+00:00,81678,MENGE BARAJI ve HES,282,2026-05-31T14:00:00+03:00,14:00
40W0000000816783,MENGE BARAJI ve HES,unknown,2026-05-31 15:00:00+03:00,,0.0,chunk_0015.json,POST /v1/generation/data/dpp-bulk,2026-05-31 21:45:16.354773+00:00,81678,MENGE BARAJI ve HES,282,2026-05-31T15:00:00+03:00,15:00
40W0000000816783,MENGE BARAJI ve HES,unknown,2026-05-31 16:00:00+03:00,,0.0,chunk_0015.json,POST /v1/generation/data/dpp-bulk,2026-05-31 21:45:16.354773+00:00,81678,MENGE BARAJI ve HES,282,2026-05-31T16:00:00+03:00,16:00
40W0000000816783,MENGE BARAJI ve HES,unknown,2026-05-31 17:00:00+03:00,,0.0,chunk_0015.json,POST /v1/generation/data/dpp-bulk,2026-05-31 21:45:16.354773+00:00,81678,MENGE BARAJI ve HES,282,2026-05-31T17:00:00+03:00,17:00
40W0000000816783,MENGE BARAJI ve HES,unknown,2026-05-31 18:00:00+03:00,,55.0,chunk_0015.json,POST /v1/generation/data/dpp-bulk,2026-05-31 21:45:16.354773+00:00,81678,MENGE BARAJI ve HES,282,2026-05-31T18:00:00+03:00,18:00
40W0000000816783,MENGE BARAJI ve HES,unknown,2026-05-31 19:00:00+03:00,,55.0,chunk_0015.json,POST /v1/generation/data/dpp-bulk,2026-05-31 21:45:16.354773+00:00,81678,MENGE BARAJI ve HES,282,2026-05-31T19:00:00+03:00,19:00
40W0000000816783,MENGE BARAJI ve HES,unknown,2026-05-31 20:00:00+03:00,,55.0,chunk_0015.json,POST /v1/generation/data/dpp-bulk,2026-05-31 21:45:16.354773+00:00,81678,MENGE BARAJI ve HES,282,2026-05-31T20:00:00+03:00,20:00
40W0000000816783,MENGE BARAJI ve HES,unknown,2026-05-31 21:00:00+03:00,,74.0,chunk_0015.json,POST /v1/generation/data/dpp-bulk,2026-05-31 21:45:16.354773+00:00,81678,MENGE BARAJI ve HES,282,2026-05-31T21:00:00+03:00,21:00
40W0000000816783,MENGE BARAJI ve HES,unknown,2026-05-31 22:00:00+03:00,,17.4,chunk_0015.json,POST /v1/generation/data/dpp-bulk,2026-05-31 21:45:16.354773+00:00,81678,MENGE BARAJI ve HES,282,2026-05-31T22:00:00+03:00,22:00
40W0000000816783,MENGE BARAJI ve HES,unknown,2026-05-31 23:00:00+03:00,,0.0,chunk_0015.json,POST /v1/generation/data/dpp-bulk,2026-05-31 21:45:16.354773+00:00,81678,MENGE BARAJI ve HES,282,2026-05-31T23:00:00+03:00,23:00
40W0000000817844,SARIHIDIR HES,unknown,2026-05-31 00:00:00+03:00,,3.6,chunk_0015.json,POST /v1/generation/data/dpp-bulk,2026-05-31 21:45:16.354773+00:00,81784,SARIHIDIR HES,354,2026-05-31T00:00:00+03:00,00:00
40W0000000817844,SARIHIDIR HES,unknown,2026-05-31 01:00:00+03:00,,3.6,chunk_0015.json,POST /v1/generation/data/dpp-bulk,2026-05-31 21:45:16.354773+00:00,81784,SARIHIDIR HES,354,2026-05-31T01:00:00+03:00,01:00
40W0000000817844,SARIHIDIR HES,unknown,2026-05-31 02:00:00+03:00,,3.6,chunk_0015.json,POST /v1/generation/data/dpp-bulk,2026-05-31 21:45:16.354773+00:00,81784,SARIHIDIR HES,354,2026-05-31T02:00:00+03:00,02:00
40W0000000817844,SARIHIDIR HES,unknown,2026-05-31 03:00:00+03:00,,3.6,chunk_0015.json,POST /v1/generation/data/dpp-bulk,2026-05-31 21:45:16.354773+00:00,81784,SARIHIDIR HES,354,2026-05-31T03:00:00+03:00,03:00
40W0000000817844,SARIHIDIR HES,unknown,2026-05-31 04:00:00+03:00,,3.6,chunk_0015.json,POST /v1/generation/data/dpp-bulk,2026-05-31 21:45:16.354773+00:00,81784,SARIHIDIR HES,354,2026-05-31T04:00:00+03:00,04:00
40W0000000817844,SARIHIDIR HES,unknown,2026-05-31 05:00:00+03:00,,3.8,chunk_0015.json,POST /v1/generation/data/dpp-bulk,2026-05-31 21:45:16.354773+00:00,81784,SARIHIDIR HES,354,2026-05-31T05:00:00+03:00,05:00
40W0000000817844,SARIHIDIR HES,unknown,2026-05-31 06:00:00+03:00,,4.2,chunk_0015.json,POST /v1/generation/data/dpp-bulk,2026-05-31 21:45:16.354773+00:00,81784,SARIHIDIR HES,354,2026-05-31T06:00:00+03:00,06:00
40W0000000817844,SARIHIDIR HES,unknown,2026-05-31 07:00:00+03:00,,4.0,chunk_0015.json,POST /v1/generation/data/dpp-bulk,2026-05-31 21:45:16.354773+00:00,81784,SARIHIDIR HES,354,2026-05-31T07:00:00+03:00,07:00
40W0000000817844,SARIHIDIR HES,unknown,2026-05-31 08:00:00+03:00,,4.0,chunk_0015.json,POST /v1/generation/data/dpp-bulk,2026-05-31 21:45:16.354773+00:00,81784,SARIHIDIR HES,354,2026-05-31T08:00:00+03:00,08:00
40W0000000817844,SARIHIDIR HES,unknown,2026-05-31 09:00:00+03:00,,4.0,chunk_0015.json,POST /v1/generation/data/dpp-bulk,2026-05-31 21:45:16.354773+00:00,81784,SARIHIDIR HES,354,2026-05-31T09:00:00+03:00,09:00
40W0000000817844,SARIHIDIR HES,unknown,2026-05-31 10:00:00+03:00,,4.0,chunk_0015.json,POST /v1/generation/data/dpp-bulk,2026-05-31 21:45:16.354773+00:00,81784,SARIHIDIR HES,354,2026-05-31T10:00:00+03:00,10:00
40W0000000817844,SARIHIDIR HES,unknown,2026-05-31 11:00:00+03:00,,4.0,chunk_0015.json,POST /v1/generation/data/dpp-bulk,2026-05-31 21:45:16.354773+00:00,81784,SARIHIDIR HES,354,2026-05-31T11:00:00+03:00,11:00
40W0000000817844,SARIHIDIR HES,unknown,2026-05-31 12:00:00+03:00,,4.0,chunk_0015.json,POST /v1/generation/data/dpp-bulk,2026-05-31 21:45:16.354773+00:00,81784,SARIHIDIR HES,354,2026-05-31T12:00:00+03:00,12:00
40W0000000817844,SARIHIDIR HES,unknown,2026-05-31 13:00:00+03:00,,4.0,chunk_0015.json,POST /v1/generation/data/dpp-bulk,2026-05-31 21:45:16.354773+00:00,81784,SARIHIDIR HES,354,2026-05-31T13:00:00+03:00,13:00
40W0000000817844,SARIHIDIR HES,unknown,2026-05-31 14:00:00+03:00,,4.0,chunk_0015.json,POST /v1/generation/data/dpp-bulk,2026-05-31 21:45:16.354773+00:00,81784,SARIHIDIR HES,354,2026-05-31T14:00:00+03:00,14:00
40W0000000817844,SARIHIDIR HES,unknown,2026-05-31 15:00:00+03:00,,4.0,chunk_0015.json,POST /v1/generation/data/dpp-bulk,2026-05-31 21:45:16.354773+00:00,81784,SARIHIDIR HES,354,2026-05-31T15:00:00+03:00,15:00
40W0000000817844,SARIHIDIR HES,unknown,2026-05-31 16:00:00+03:00,,4.0,chunk_0015.json,POST /v1/generation/data/dpp-bulk,2026-05-31 21:45:16.354773+00:00,81784,SARIHIDIR HES,354,2026-05-31T16:00:00+03:00,16:00
40W0000000817844,SARIHIDIR HES,unknown,2026-05-31 17:00:00+03:00,,4.0,chunk_0015.json,POST /v1/generation/data/dpp-bulk,2026-05-31 21:45:16.354773+00:00,81784,SARIHIDIR HES,354,2026-05-31T17:00:00+03:00,17:00
40W0000000817844,SARIHIDIR HES,unknown,2026-05-31 18:00:00+03:00,,4.0,chunk_0015.json,POST /v1/generation/data/dpp-bulk,2026-05-31 21:45:16.354773+00:00,81784,SARIHIDIR HES,354,2026-05-31T18:00:00+03:00,18:00
40W0000000817844,SARIHIDIR HES,unknown,2026-05-31 19:00:00+03:00,,4.1,chunk_0015.json,POST /v1/generation/data/dpp-bulk,2026-05-31 21:45:16.354773+00:00,81784,SARIHIDIR HES,354,2026-05-31T19:00:00+03:00,19:00
40W0000000817844,SARIHIDIR HES,unknown,2026-05-31 20:00:00+03:00,,3.6,chunk_0015.json,POST /v1/generation/data/dpp-bulk,2026-05-31 21:45:16.354773+00:00,81784,SARIHIDIR HES,354,2026-05-31T20:00:00+03:00,20:00
40W0000000817844,SARIHIDIR HES,unknown,2026-05-31 21:00:00+03:00,,3.6,chunk_0015.json,POST /v1/generation/data/dpp-bulk,2026-05-31 21:45:16.354773+00:00,81784,SARIHIDIR HES,354,2026-05-31T21:00:00+03:00,21:00
40W0000000817844,SARIHIDIR HES,unknown,2026-05-31 22:00:00+03:00,,3.6,chunk_0015.json,POST /v1/generation/data/dpp-bulk,2026-05-31 21:45:16.354773+00:00,81784,SARIHIDIR HES,354,2026-05-31T22:00:00+03:00,22:00
40W0000000817844,SARIHIDIR HES,unknown,2026-05-31 23:00:00+03:00,,3.6,chunk_0015.json,POST /v1/generation/data/dpp-bulk,2026-05-31 21:45:16.354773+00:00,81784,SARIHIDIR HES,354,2026-05-31T23:00:00+03:00,23:00
40W0000000625988,SAYAN REG. ve HES,unknown,2026-05-31 00:00:00+03:00,,0.0,chunk_0015.json,POST /v1/generation/data/dpp-bulk,2026-05-31 21:45:16.354773+00:00,62598,SAYAN REG. ve HES,357,2026-05-31T00:00:00+03:00,00:00
40W0000000625988,SAYAN REG. ve HES,unknown,2026-05-31 01:00:00+03:00,,0.0,chunk_0015.json,POST /v1/generation/data/dpp-bulk,2026-05-31 21:45:16.354773+00:00,62598,SAYAN REG. ve HES,357,2026-05-31T01:00:00+03:00,01:00
40W0000000625988,SAYAN REG. ve HES,unknown,2026-05-31 02:00:00+03:00,,0.0,chunk_0015.json,POST /v1/generation/data/dpp-bulk,2026-05-31 21:45:16.354773+00:00,62598,SAYAN REG. ve HES,357,2026-05-31T02:00:00+03:00,02:00
40W0000000625988,SAYAN REG. ve HES,unknown,2026-05-31 03:00:00+03:00,,0.0,chunk_0015.json,POST /v1/generation/data/dpp-bulk,2026-05-31 21:45:16.354773+00:00,62598,SAYAN REG. ve HES,357,2026-05-31T03:00:00+03:00,03:00
40W0000000625988,SAYAN REG. ve HES,unknown,2026-05-31 04:00:00+03:00,,0.0,chunk_0015.json,POST /v1/generation/data/dpp-bulk,2026-05-31 21:45:16.354773+00:00,62598,SAYAN REG. ve HES,357,2026-05-31T04:00:00+03:00,04:00
40W0000000625988,SAYAN REG. ve HES,unknown,2026-05-31 05:00:00+03:00,,0.0,chunk_0015.json,POST /v1/generation/data/dpp-bulk,2026-05-31 21:45:16.354773+00:00,62598,SAYAN REG. ve HES,357,2026-05-31T05:00:00+03:00,05:00
40W0000000625988,SAYAN REG. ve HES,unknown,2026-05-31 06:00:00+03:00,,0.0,chunk_0015.json,POST /v1/generation/data/dpp-bulk,2026-05-31 21:45:16.354773+00:00,62598,SAYAN REG. ve HES,357,2026-05-31T06:00:00+03:00,06:00
40W0000000625988,SAYAN REG. ve HES,unknown,2026-05-31 07:00:00+03:00,,0.0,chunk_0015.json,POST /v1/generation/data/dpp-bulk,2026-05-31 21:45:16.354773+00:00,62598,SAYAN REG. ve HES,357,2026-05-31T07:00:00+03:00,07:00
40W0000000625988,SAYAN REG. ve HES,unknown,2026-05-31 08:00:00+03:00,,0.0,chunk_0015.json,POST /v1/generation/data/dpp-bulk,2026-05-31 21:45:16.354773+00:00,62598,SAYAN REG. ve HES,357,2026-05-31T08:00:00+03:00,08:00
40W0000000625988,SAYAN REG. ve HES,unknown,2026-05-31 09:00:00+03:00,,0.0,chunk_0015.json,POST /v1/generation/data/dpp-bulk,2026-05-31 21:45:16.354773+00:00,62598,SAYAN REG. ve HES,357,2026-05-31T09:00:00+03:00,09:00
40W0000000625988,SAYAN REG. ve HES,unknown,2026-05-31 10:00:00+03:00,,0.0,chunk_0015.json,POST /v1/generation/data/dpp-bulk,2026-05-31 21:45:16.354773+00:00,62598,SAYAN REG. ve HES,357,2026-05-31T10:00:00+03:00,10:00
40W0000000625988,SAYAN REG. ve HES,unknown,2026-05-31 11:00:00+03:00,,0.0,chunk_0015.json,POST /v1/generation/data/dpp-bulk,2026-05-31 21:45:16.354773+00:00,62598,SAYAN REG. ve HES,357,2026-05-31T11:00:00+03:00,11:00
40W0000000625988,SAYAN REG. ve HES,unknown,2026-05-31 12:00:00+03:00,,0.0,chunk_0015.json,POST /v1/generation/data/dpp-bulk,2026-05-31 21:45:16.354773+00:00,62598,SAYAN REG. ve HES,357,2026-05-31T12:00:00+03:00,12:00
40W0000000625988,SAYAN REG. ve HES,unknown,2026-05-31 13:00:00+03:00,,0.0,chunk_0015.json,POST /v1/generation/data/dpp-bulk,2026-05-31 21:45:16.354773+00:00,62598,SAYAN REG. ve HES,357,2026-05-31T13:00:00+03:00,13:00
40W0000000625988,SAYAN REG. ve HES,unknown,2026-05-31 14:00:00+03:00,,0.0,chunk_0015.json,POST /v1/generation/data/dpp-bulk,2026-05-31 21:45:16.354773+00:00,62598,SAYAN REG. ve HES,357,2026-05-31T14:00:00+03:00,14:00
40W0000000625988,SAYAN REG. ve HES,unknown,2026-05-31 15:00:00+03:00,,0.0,chunk_0015.json,POST /v1/generation/data/dpp-bulk,2026-05-31 21:45:16.354773+00:00,62598,SAYAN REG. ve HES,357,2026-05-31T15:00:00+03:00,15:00
40W0000000625988,SAYAN REG. ve HES,unknown,2026-05-31 16:00:00+03:00,,0.0,chunk_0015.json,POST /v1/generation/data/dpp-bulk,2026-05-31 21:45:16.354773+00:00,62598,SAYAN REG. ve HES,357,2026-05-31T16:00:00+03:00,16:00
40W0000000625988,SAYAN REG. ve HES,unknown,2026-05-31 17:00:00+03:00,,0.0,chunk_0015.json,POST /v1/generation/data/dpp-bulk,2026-05-31 21:45:16.354773+00:00,62598,SAYAN REG. ve HES,357,2026-05-31T17:00:00+03:00,17:00
40W0000000625988,SAYAN REG. ve HES,unknown,2026-05-31 18:00:00+03:00,,0.0,chunk_0015.json,POST /v1/generation/data/dpp-bulk,2026-05-31 21:45:16.354773+00:00,62598,SAYAN REG. ve HES,357,2026-05-31T18:00:00+03:00,18:00
40W0000000625988,SAYAN REG. ve HES,unknown,2026-05-31 19:00:00+03:00,,14.7,chunk_0015.json,POST /v1/generation/data/dpp-bulk,2026-05-31 21:45:16.354773+00:00,62598,SAYAN REG. ve HES,357,2026-05-31T19:00:00+03:00,19:00
40W0000000625988,SAYAN REG. ve HES,unknown,2026-05-31 20:00:00+03:00,,14.7,chunk_0015.json,POST /v1/generation/data/dpp-bulk,2026-05-31 21:45:16.354773+00:00,62598,SAYAN REG. ve HES,357,2026-05-31T20:00:00+03:00,20:00
40W0000000625988,SAYAN REG. ve HES,unknown,2026-05-31 21:00:00+03:00,,14.7,chunk_0015.json,POST /v1/generation/data/dpp-bulk,2026-05-31 21:45:16.354773+00:00,62598,SAYAN REG. ve HES,357,2026-05-31T21:00:00+03:00,21:00
40W0000000625988,SAYAN REG. ve HES,unknown,2026-05-31 22:00:00+03:00,,14.7,chunk_0015.json,POST /v1/generation/data/dpp-bulk,2026-05-31 21:45:16.354773+00:00,62598,SAYAN REG. ve HES,357,2026-05-31T22:00:00+03:00,22:00
40W0000000625988,SAYAN REG. ve HES,unknown,2026-05-31 23:00:00+03:00,,14.7,chunk_0015.json,POST /v1/generation/data/dpp-bulk,2026-05-31 21:45:16.354773+00:00,62598,SAYAN REG. ve HES,357,2026-05-31T23:00:00+03:00,23:00
40W0000000784083,Kovada 1 HES,unknown,2026-05-31 00:00:00+03:00,,0.0,chunk_0015.json,POST /v1/generation/data/dpp-bulk,2026-05-31 21:45:16.354773+00:00,78408,Kovada 1 HES,507,2026-05-31T00:00:00+03:00,00:00
40W0000000784083,Kovada 1 HES,unknown,2026-05-31 01:00:00+03:00,,0.0,chunk_0015.json,POST /v1/generation/data/dpp-bulk,2026-05-31 21:45:16.354773+00:00,78408,Kovada 1 HES,507,2026-05-31T01:00:00+03:00,01:00
40W0000000784083,Kovada 1 HES,unknown,2026-05-31 02:00:00+03:00,,0.0,chunk_0015.json,POST /v1/generation/data/dpp-bulk,2026-05-31 21:45:16.354773+00:00,78408,Kovada 1 HES,507,2026-05-31T02:00:00+03:00,02:00
40W0000000784083,Kovada 1 HES,unknown,2026-05-31 03:00:00+03:00,,0.0,chunk_0015.json,POST /v1/generation/data/dpp-bulk,2026-05-31 21:45:16.354773+00:00,78408,Kovada 1 HES,507,2026-05-31T03:00:00+03:00,03:00
40W0000000784083,Kovada 1 HES,unknown,2026-05-31 04:00:00+03:00,,0.0,chunk_0015.json,POST /v1/generation/data/dpp-bulk,2026-05-31 21:45:16.354773+00:00,78408,Kovada 1 HES,507,2026-05-31T04:00:00+03:00,04:00
40W0000000784083,Kovada 1 HES,unknown,2026-05-31 05:00:00+03:00,,0.0,chunk_0015.json,POST /v1/generation/data/dpp-bulk,2026-05-31 21:45:16.354773+00:00,78408,Kovada 1 HES,507,2026-05-31T05:00:00+03:00,05:00
40W0000000784083,Kovada 1 HES,unknown,2026-05-31 06:00:00+03:00,,0.0,chunk_0015.json,POST /v1/generation/data/dpp-bulk,2026-05-31 21:45:16.354773+00:00,78408,Kovada 1 HES,507,2026-05-31T06:00:00+03:00,06:00
40W0000000784083,Kovada 1 HES,unknown,2026-05-31 07:00:00+03:00,,0.0,chunk_0015.json,POST /v1/generation/data/dpp-bulk,2026-05-31 21:45:16.354773+00:00,78408,Kovada 1 HES,507,2026-05-31T07:00:00+03:00,07:00
40W0000000784083,Kovada 1 HES,unknown,2026-05-31 08:00:00+03:00,,0.0,chunk_0015.json,POST /v1/generation/data/dpp-bulk,2026-05-31 21:45:16.354773+00:00,78408,Kovada 1 HES,507,2026-05-31T08:00:00+03:00,08:00
40W0000000784083,Kovada 1 HES,unknown,2026-05-31 09:00:00+03:00,,0.0,chunk_0015.json,POST /v1/generation/data/dpp-bulk,2026-05-31 21:45:16.354773+00:00,78408,Kovada 1 HES,507,2026-05-31T09:00:00+03:00,09:00
40W0000000784083,Kovada 1 HES,unknown,2026-05-31 10:00:00+03:00,,0.0,chunk_0015.json,POST /v1/generation/data/dpp-bulk,2026-05-31 21:45:16.354773+00:00,78408,Kovada 1 HES,507,2026-05-31T10:00:00+03:00,10:00
40W0000000784083,Kovada 1 HES,unknown,2026-05-31 11:00:00+03:00,,0.0,chunk_0015.json,POST /v1/generation/data/dpp-bulk,2026-05-31 21:45:16.354773+00:00,78408,Kovada 1 HES,507,2026-05-31T11:00:00+03:00,11:00
40W0000000784083,Kovada 1 HES,unknown,2026-05-31 12:00:00+03:00,,0.0,chunk_0015.json,POST /v1/generation/data/dpp-bulk,2026-05-31 21:45:16.354773+00:00,78408,Kovada 1 HES,507,2026-05-31T12:00:00+03:00,12:00
40W0000000784083,Kovada 1 HES,unknown,2026-05-31 13:00:00+03:00,,0.0,chunk_0015.json,POST /v1/generation/data/dpp-bulk,2026-05-31 21:45:16.354773+00:00,78408,Kovada 1 HES,507,2026-05-31T13:00:00+03:00,13:00
40W0000000784083,Kovada 1 HES,unknown,2026-05-31 14:00:00+03:00,,0.0,chunk_0015.json,POST /v1/generation/data/dpp-bulk,2026-05-31 21:45:16.354773+00:00,78408,Kovada 1 HES,507,2026-05-31T14:00:00+03:00,14:00
40W0000000784083,Kovada 1 HES,unknown,2026-05-31 15:00:00+03:00,,0.0,chunk_0015.json,POST /v1/generation/data/dpp-bulk,2026-05-31 21:45:16.354773+00:00,78408,Kovada 1 HES,507,2026-05-31T15:00:00+03:00,15:00
40W0000000784083,Kovada 1 HES,unknown,2026-05-31 16:00:00+03:00,,0.0,chunk_0015.json,POST /v1/generation/data/dpp-bulk,2026-05-31 21:45:16.354773+00:00,78408,Kovada 1 HES,507,2026-05-31T16:00:00+03:00,16:00
40W0000000784083,Kovada 1 HES,unknown,2026-05-31 17:00:00+03:00,,0.0,chunk_0015.json,POST /v1/generation/data/dpp-bulk,2026-05-31 21:45:16.354773+00:00,78408,Kovada 1 HES,507,2026-05-31T17:00:00+03:00,17:00
40W0000000784083,Kovada 1 HES,unknown,2026-05-31 18:00:00+03:00,,0.0,chunk_0015.json,POST /v1/generation/data/dpp-bulk,2026-05-31 21:45:16.354773+00:00,78408,Kovada 1 HES,507,2026-05-31T18:00:00+03:00,18:00
40W0000000784083,Kovada 1 HES,unknown,2026-05-31 19:00:00+03:00,,0.0,chunk_0015.json,POST /v1/generation/data/dpp-bulk,2026-05-31 21:45:16.354773+00:00,78408,Kovada 1 HES,507,2026-05-31T19:00:00+03:00,19:00
40W0000000784083,Kovada 1 HES,unknown,2026-05-31 20:00:00+03:00,,0.0,chunk_0015.json,POST /v1/generation/data/dpp-bulk,2026-05-31 21:45:16.354773+00:00,78408,Kovada 1 HES,507,2026-05-31T20:00:00+03:00,20:00
40W0000000784083,Kovada 1 HES,unknown,2026-05-31 21:00:00+03:00,,0.0,chunk_0015.json,POST /v1/generation/data/dpp-bulk,2026-05-31 21:45:16.354773+00:00,78408,Kovada 1 HES,507,2026-05-31T21:00:00+03:00,21:00
40W0000000784083,Kovada 1 HES,unknown,2026-05-31 22:00:00+03:00,,0.0,chunk_0015.json,POST /v1/generation/data/dpp-bulk,2026-05-31 21:45:16.354773+00:00,78408,Kovada 1 HES,507,2026-05-31T22:00:00+03:00,22:00
40W0000000784083,Kovada 1 HES,unknown,2026-05-31 23:00:00+03:00,,0.0,chunk_0015.json,POST /v1/generation/data/dpp-bulk,2026-05-31 21:45:16.354773+00:00,78408,Kovada 1 HES,507,2026-05-31T23:00:00+03:00,23:00
40W0000000784148,Kovada 2 HES,unknown,2026-05-31 00:00:00+03:00,,0.0,chunk_0015.json,POST /v1/generation/data/dpp-bulk,2026-05-31 21:45:16.354773+00:00,78414,Kovada 2 HES,507,2026-05-31T00:00:00+03:00,00:00
40W0000000784148,Kovada 2 HES,unknown,2026-05-31 01:00:00+03:00,,0.0,chunk_0015.json,POST /v1/generation/data/dpp-bulk,2026-05-31 21:45:16.354773+00:00,78414,Kovada 2 HES,507,2026-05-31T01:00:00+03:00,01:00
40W0000000784148,Kovada 2 HES,unknown,2026-05-31 02:00:00+03:00,,0.0,chunk_0015.json,POST /v1/generation/data/dpp-bulk,2026-05-31 21:45:16.354773+00:00,78414,Kovada 2 HES,507,2026-05-31T02:00:00+03:00,02:00
40W0000000784148,Kovada 2 HES,unknown,2026-05-31 03:00:00+03:00,,0.0,chunk_0015.json,POST /v1/generation/data/dpp-bulk,2026-05-31 21:45:16.354773+00:00,78414,Kovada 2 HES,507,2026-05-31T03:00:00+03:00,03:00
40W0000000784148,Kovada 2 HES,unknown,2026-05-31 04:00:00+03:00,,0.0,chunk_0015.json,POST /v1/generation/data/dpp-bulk,2026-05-31 21:45:16.354773+00:00,78414,Kovada 2 HES,507,2026-05-31T04:00:00+03:00,04:00
40W0000000784148,Kovada 2 HES,unknown,2026-05-31 05:00:00+03:00,,0.0,chunk_0015.json,POST /v1/generation/data/dpp-bulk,2026-05-31 21:45:16.354773+00:00,78414,Kovada 2 HES,507,2026-05-31T05:00:00+03:00,05:00
40W0000000784148,Kovada 2 HES,unknown,2026-05-31 06:00:00+03:00,,0.0,chunk_0015.json,POST /v1/generation/data/dpp-bulk,2026-05-31 21:45:16.354773+00:00,78414,Kovada 2 HES,507,2026-05-31T06:00:00+03:00,06:00
40W0000000784148,Kovada 2 HES,unknown,2026-05-31 07:00:00+03:00,,0.0,chunk_0015.json,POST /v1/generation/data/dpp-bulk,2026-05-31 21:45:16.354773+00:00,78414,Kovada 2 HES,507,2026-05-31T07:00:00+03:00,07:00
40W0000000784148,Kovada 2 HES,unknown,2026-05-31 08:00:00+03:00,,0.0,chunk_0015.json,POST /v1/generation/data/dpp-bulk,2026-05-31 21:45:16.354773+00:00,78414,Kovada 2 HES,507,2026-05-31T08:00:00+03:00,08:00
40W0000000784148,Kovada 2 HES,unknown,2026-05-31 09:00:00+03:00,,0.0,chunk_0015.json,POST /v1/generation/data/dpp-bulk,2026-05-31 21:45:16.354773+00:00,78414,Kovada 2 HES,507,2026-05-31T09:00:00+03:00,09:00
40W0000000784148,Kovada 2 HES,unknown,2026-05-31 10:00:00+03:00,,0.0,chunk_0015.json,POST /v1/generation/data/dpp-bulk,2026-05-31 21:45:16.354773+00:00,78414,Kovada 2 HES,507,2026-05-31T10:00:00+03:00,10:00
40W0000000784148,Kovada 2 HES,unknown,2026-05-31 11:00:00+03:00,,0.0,chunk_0015.json,POST /v1/generation/data/dpp-bulk,2026-05-31 21:45:16.354773+00:00,78414,Kovada 2 HES,507,2026-05-31T11:00:00+03:00,11:00
40W0000000784148,Kovada 2 HES,unknown,2026-05-31 12:00:00+03:00,,0.0,chunk_0015.json,POST /v1/generation/data/dpp-bulk,2026-05-31 21:45:16.354773+00:00,78414,Kovada 2 HES,507,2026-05-31T12:00:00+03:00,12:00
40W0000000784148,Kovada 2 HES,unknown,2026-05-31 13:00:00+03:00,,0.0,chunk_0015.json,POST /v1/generation/data/dpp-bulk,2026-05-31 21:45:16.354773+00:00,78414,Kovada 2 HES,507,2026-05-31T13:00:00+03:00,13:00
40W0000000784148,Kovada 2 HES,unknown,2026-05-31 14:00:00+03:00,,0.0,chunk_0015.json,POST /v1/generation/data/dpp-bulk,2026-05-31 21:45:16.354773+00:00,78414,Kovada 2 HES,507,2026-05-31T14:00:00+03:00,14:00
40W0000000784148,Kovada 2 HES,unknown,2026-05-31 15:00:00+03:00,,0.0,chunk_0015.json,POST /v1/generation/data/dpp-bulk,2026-05-31 21:45:16.354773+00:00,78414,Kovada 2 HES,507,2026-05-31T15:00:00+03:00,15:00
40W0000000784148,Kovada 2 HES,unknown,2026-05-31 16:00:00+03:00,,0.0,chunk_0015.json,POST /v1/generation/data/dpp-bulk,2026-05-31 21:45:16.354773+00:00,78414,Kovada 2 HES,507,2026-05-31T16:00:00+03:00,16:00
40W0000000784148,Kovada 2 HES,unknown,2026-05-31 17:00:00+03:00,,0.0,chunk_0015.json,POST /v1/generation/data/dpp-bulk,2026-05-31 21:45:16.354773+00:00,78414,Kovada 2 HES,507,2026-05-31T17:00:00+03:00,17:00
40W0000000784148,Kovada 2 HES,unknown,2026-05-31 18:00:00+03:00,,0.0,chunk_0015.json,POST /v1/generation/data/dpp-bulk,2026-05-31 21:45:16.354773+00:00,78414,Kovada 2 HES,507,2026-05-31T18:00:00+03:00,18:00
40W0000000784148,Kovada 2 HES,unknown,2026-05-31 19:00:00+03:00,,0.0,chunk_0015.json,POST /v1/generation/data/dpp-bulk,2026-05-31 21:45:16.354773+00:00,78414,Kovada 2 HES,507,2026-05-31T19:00:00+03:00,19:00
40W0000000784148,Kovada 2 HES,unknown,2026-05-31 20:00:00+03:00,,0.0,chunk_0015.json,POST /v1/generation/data/dpp-bulk,2026-05-31 21:45:16.354773+00:00,78414,Kovada 2 HES,507,2026-05-31T20:00:00+03:00,20:00
40W0000000784148,Kovada 2 HES,unknown,2026-05-31 21:00:00+03:00,,0.0,chunk_0015.json,POST /v1/generation/data/dpp-bulk,2026-05-31 21:45:16.354773+00:00,78414,Kovada 2 HES,507,2026-05-31T21:00:00+03:00,21:00
40W0000000784148,Kovada 2 HES,unknown,2026-05-31 22:00:00+03:00,,0.0,chunk_0015.json,POST /v1/generation/data/dpp-bulk,2026-05-31 21:45:16.354773+00:00,78414,Kovada 2 HES,507,2026-05-31T22:00:00+03:00,22:00
40W0000000784148,Kovada 2 HES,unknown,2026-05-31 23:00:00+03:00,,0.0,chunk_0015.json,POST /v1/generation/data/dpp-bulk,2026-05-31 21:45:16.354773+00:00,78414,Kovada 2 HES,507,2026-05-31T23:00:00+03:00,23:00
40W0000000833947,Güllübağ Ünite1,unknown,2026-05-31 00:00:00+03:00,,32.0,chunk_0015.json,POST /v1/generation/data/dpp-bulk,2026-05-31 21:45:16.354773+00:00,83394,Güllübağ Ünite1,609,2026-05-31T00:00:00+03:00,00:00
40W0000000833947,Güllübağ Ünite1,unknown,2026-05-31 01:00:00+03:00,,32.0,chunk_0015.json,POST /v1/generation/data/dpp-bulk,2026-05-31 21:45:16.354773+00:00,83394,Güllübağ Ünite1,609,2026-05-31T01:00:00+03:00,01:00
40W0000000833947,Güllübağ Ünite1,unknown,2026-05-31 02:00:00+03:00,,32.0,chunk_0015.json,POST /v1/generation/data/dpp-bulk,2026-05-31 21:45:16.354773+00:00,83394,Güllübağ Ünite1,609,2026-05-31T02:00:00+03:00,02:00
40W0000000833947,Güllübağ Ünite1,unknown,2026-05-31 03:00:00+03:00,,32.0,chunk_0015.json,POST /v1/generation/data/dpp-bulk,2026-05-31 21:45:16.354773+00:00,83394,Güllübağ Ünite1,609,2026-05-31T03:00:00+03:00,03:00
40W0000000833947,Güllübağ Ünite1,unknown,2026-05-31 04:00:00+03:00,,32.0,chunk_0015.json,POST /v1/generation/data/dpp-bulk,2026-05-31 21:45:16.354773+00:00,83394,Güllübağ Ünite1,609,2026-05-31T04:00:00+03:00,04:00
40W0000000833947,Güllübağ Ünite1,unknown,2026-05-31 05:00:00+03:00,,32.0,chunk_0015.json,POST /v1/generation/data/dpp-bulk,2026-05-31 21:45:16.354773+00:00,83394,Güllübağ Ünite1,609,2026-05-31T05:00:00+03:00,05:00
40W0000000833947,Güllübağ Ünite1,unknown,2026-05-31 06:00:00+03:00,,0.0,chunk_0015.json,POST /v1/generation/data/dpp-bulk,2026-05-31 21:45:16.354773+00:00,83394,Güllübağ Ünite1,609,2026-05-31T06:00:00+03:00,06:00
40W0000000833947,Güllübağ Ünite1,unknown,2026-05-31 07:00:00+03:00,,0.0,chunk_0015.json,POST /v1/generation/data/dpp-bulk,2026-05-31 21:45:16.354773+00:00,83394,Güllübağ Ünite1,609,2026-05-31T07:00:00+03:00,07:00
40W0000000833947,Güllübağ Ünite1,unknown,2026-05-31 08:00:00+03:00,,0.0,chunk_0015.json,POST /v1/generation/data/dpp-bulk,2026-05-31 21:45:16.354773+00:00,83394,Güllübağ Ünite1,609,2026-05-31T08:00:00+03:00,08:00
40W0000000833947,Güllübağ Ünite1,unknown,2026-05-31 09:00:00+03:00,,0.0,chunk_0015.json,POST /v1/generation/data/dpp-bulk,2026-05-31 21:45:16.354773+00:00,83394,Güllübağ Ünite1,609,2026-05-31T09:00:00+03:00,09:00
40W0000000833947,Güllübağ Ünite1,unknown,2026-05-31 10:00:00+03:00,,0.0,chunk_0015.json,POST /v1/generation/data/dpp-bulk,2026-05-31 21:45:16.354773+00:00,83394,Güllübağ Ünite1,609,2026-05-31T10:00:00+03:00,10:00
40W0000000833947,Güllübağ Ünite1,unknown,2026-05-31 11:00:00+03:00,,0.0,chunk_0015.json,POST /v1/generation/data/dpp-bulk,2026-05-31 21:45:16.354773+00:00,83394,Güllübağ Ünite1,609,2026-05-31T11:00:00+03:00,11:00
40W0000000833947,Güllübağ Ünite1,unknown,2026-05-31 12:00:00+03:00,,0.0,chunk_0015.json,POST /v1/generation/data/dpp-bulk,2026-05-31 21:45:16.354773+00:00,83394,Güllübağ Ünite1,609,2026-05-31T12:00:00+03:00,12:00
40W0000000833947,Güllübağ Ünite1,unknown,2026-05-31 13:00:00+03:00,,0.0,chunk_0015.json,POST /v1/generation/data/dpp-bulk,2026-05-31 21:45:16.354773+00:00,83394,Güllübağ Ünite1,609,2026-05-31T13:00:00+03:00,13:00
40W0000000833947,Güllübağ Ünite1,unknown,2026-05-31 14:00:00+03:00,,0.0,chunk_0015.json,POST /v1/generation/data/dpp-bulk,2026-05-31 21:45:16.354773+00:00,83394,Güllübağ Ünite1,609,2026-05-31T14:00:00+03:00,14:00
40W0000000833947,Güllübağ Ünite1,unknown,2026-05-31 15:00:00+03:00,,0.0,chunk_0015.json,POST /v1/generation/data/dpp-bulk,2026-05-31 21:45:16.354773+00:00,83394,Güllübağ Ünite1,609,2026-05-31T15:00:00+03:00,15:00
40W0000000833947,Güllübağ Ünite1,unknown,2026-05-31 16:00:00+03:00,,0.0,chunk_0015.json,POST /v1/generation/data/dpp-bulk,2026-05-31 21:45:16.354773+00:00,83394,Güllübağ Ünite1,609,2026-05-31T16:00:00+03:00,16:00
40W0000000833947,Güllübağ Ünite1,unknown,2026-05-31 17:00:00+03:00,,0.0,chunk_0015.json,POST /v1/generation/data/dpp-bulk,2026-05-31 21:45:16.354773+00:00,83394,Güllübağ Ünite1,609,2026-05-31T17:00:00+03:00,17:00
40W0000000833947,Güllübağ Ünite1,unknown,2026-05-31 18:00:00+03:00,,32.0,chunk_0015.json,POST /v1/generation/data/dpp-bulk,2026-05-31 21:45:16.354773+00:00,83394,Güllübağ Ünite1,609,2026-05-31T18:00:00+03:00,18:00
40W0000000833947,Güllübağ Ünite1,unknown,2026-05-31 19:00:00+03:00,,32.0,chunk_0015.json,POST /v1/generation/data/dpp-bulk,2026-05-31 21:45:16.354773+00:00,83394,Güllübağ Ünite1,609,2026-05-31T19:00:00+03:00,19:00
40W0000000833947,Güllübağ Ünite1,unknown,2026-05-31 20:00:00+03:00,,32.0,chunk_0015.json,POST /v1/generation/data/dpp-bulk,2026-05-31 21:45:16.354773+00:00,83394,Güllübağ Ünite1,609,2026-05-31T20:00:00+03:00,20:00
40W0000000833947,Güllübağ Ünite1,unknown,2026-05-31 21:00:00+03:00,,32.0,chunk_0015.json,POST /v1/generation/data/dpp-bulk,2026-05-31 21:45:16.354773+00:00,83394,Güllübağ Ünite1,609,2026-05-31T21:00:00+03:00,21:00
40W0000000833947,Güllübağ Ünite1,unknown,2026-05-31 22:00:00+03:00,,32.0,chunk_0015.json,POST /v1/generation/data/dpp-bulk,2026-05-31 21:45:16.354773+00:00,83394,Güllübağ Ünite1,609,2026-05-31T22:00:00+03:00,22:00
40W0000000833947,Güllübağ Ünite1,unknown,2026-05-31 23:00:00+03:00,,32.0,chunk_0015.json,POST /v1/generation/data/dpp-bulk,2026-05-31 21:45:16.354773+00:00,83394,Güllübağ Ünite1,609,2026-05-31T23:00:00+03:00,23:00
40W000000060701E,HASANLAR KANAL HES,unknown,2026-05-31 00:00:00+03:00,,0.0,chunk_0015.json,POST /v1/generation/data/dpp-bulk,2026-05-31 21:45:16.354773+00:00,60701,HASANLAR KANAL HES,612,2026-05-31T00:00:00+03:00,00:00
40W000000060701E,HASANLAR KANAL HES,unknown,2026-05-31 01:00:00+03:00,,0.0,chunk_0015.json,POST /v1/generation/data/dpp-bulk,2026-05-31 21:45:16.354773+00:00,60701,HASANLAR KANAL HES,612,2026-05-31T01:00:00+03:00,01:00
40W000000060701E,HASANLAR KANAL HES,unknown,2026-05-31 02:00:00+03:00,,0.0,chunk_0015.json,POST /v1/generation/data/dpp-bulk,2026-05-31 21:45:16.354773+00:00,60701,HASANLAR KANAL HES,612,2026-05-31T02:00:00+03:00,02:00
40W000000060701E,HASANLAR KANAL HES,unknown,2026-05-31 03:00:00+03:00,,0.0,chunk_0015.json,POST /v1/generation/data/dpp-bulk,2026-05-31 21:45:16.354773+00:00,60701,HASANLAR KANAL HES,612,2026-05-31T03:00:00+03:00,03:00
40W000000060701E,HASANLAR KANAL HES,unknown,2026-05-31 04:00:00+03:00,,0.0,chunk_0015.json,POST /v1/generation/data/dpp-bulk,2026-05-31 21:45:16.354773+00:00,60701,HASANLAR KANAL HES,612,2026-05-31T04:00:00+03:00,04:00
40W000000060701E,HASANLAR KANAL HES,unknown,2026-05-31 05:00:00+03:00,,0.0,chunk_0015.json,POST /v1/generation/data/dpp-bulk,2026-05-31 21:45:16.354773+00:00,60701,HASANLAR KANAL HES,612,2026-05-31T05:00:00+03:00,05:00
40W000000060701E,HASANLAR KANAL HES,unknown,2026-05-31 06:00:00+03:00,,0.0,chunk_0015.json,POST /v1/generation/data/dpp-bulk,2026-05-31 21:45:16.354773+00:00,60701,HASANLAR KANAL HES,612,2026-05-31T06:00:00+03:00,06:00
40W000000060701E,HASANLAR KANAL HES,unknown,2026-05-31 07:00:00+03:00,,0.0,chunk_0015.json,POST /v1/generation/data/dpp-bulk,2026-05-31 21:45:16.354773+00:00,60701,HASANLAR KANAL HES,612,2026-05-31T07:00:00+03:00,07:00
40W000000060701E,HASANLAR KANAL HES,unknown,2026-05-31 08:00:00+03:00,,0.0,chunk_0015.json,POST /v1/generation/data/dpp-bulk,2026-05-31 21:45:16.354773+00:00,60701,HASANLAR KANAL HES,612,2026-05-31T08:00:00+03:00,08:00
40W000000060701E,HASANLAR KANAL HES,unknown,2026-05-31 09:00:00+03:00,,0.0,chunk_0015.json,POST /v1/generation/data/dpp-bulk,2026-05-31 21:45:16.354773+00:00,60701,HASANLAR KANAL HES,612,2026-05-31T09:00:00+03:00,09:00
40W000000060701E,HASANLAR KANAL HES,unknown,2026-05-31 10:00:00+03:00,,0.0,chunk_0015.json,POST /v1/generation/data/dpp-bulk,2026-05-31 21:45:16.354773+00:00,60701,HASANLAR KANAL HES,612,2026-05-31T10:00:00+03:00,10:00
40W000000060701E,HASANLAR KANAL HES,unknown,2026-05-31 11:00:00+03:00,,0.0,chunk_0015.json,POST /v1/generation/data/dpp-bulk,2026-05-31 21:45:16.354773+00:00,60701,HASANLAR KANAL HES,612,2026-05-31T11:00:00+03:00,11:00
40W000000060701E,HASANLAR KANAL HES,unknown,2026-05-31 12:00:00+03:00,,0.0,chunk_0015.json,POST /v1/generation/data/dpp-bulk,2026-05-31 21:45:16.354773+00:00,60701,HASANLAR KANAL HES,612,2026-05-31T12:00:00+03:00,12:00
40W000000060701E,HASANLAR KANAL HES,unknown,2026-05-31 13:00:00+03:00,,0.0,chunk_0015.json,POST /v1/generation/data/dpp-bulk,2026-05-31 21:45:16.354773+00:00,60701,HASANLAR KANAL HES,612,2026-05-31T13:00:00+03:00,13:00
40W000000060701E,HASANLAR KANAL HES,unknown,2026-05-31 14:00:00+03:00,,0.0,chunk_0015.json,POST /v1/generation/data/dpp-bulk,2026-05-31 21:45:16.354773+00:00,60701,HASANLAR KANAL HES,612,2026-05-31T14:00:00+03:00,14:00
40W000000060701E,HASANLAR KANAL HES,unknown,2026-05-31 15:00:00+03:00,,0.0,chunk_0015.json,POST /v1/generation/data/dpp-bulk,2026-05-31 21:45:16.354773+00:00,60701,HASANLAR KANAL HES,612,2026-05-31T15:00:00+03:00,15:00
40W000000060701E,HASANLAR KANAL HES,unknown,2026-05-31 16:00:00+03:00,,0.0,chunk_0015.json,POST /v1/generation/data/dpp-bulk,2026-05-31 21:45:16.354773+00:00,60701,HASANLAR KANAL HES,612,2026-05-31T16:00:00+03:00,16:00
40W000000060701E,HASANLAR KANAL HES,unknown,2026-05-31 17:00:00+03:00,,0.0,chunk_0015.json,POST /v1/generation/data/dpp-bulk,2026-05-31 21:45:16.354773+00:00,60701,HASANLAR KANAL HES,612,2026-05-31T17:00:00+03:00,17:00
40W000000060701E,HASANLAR KANAL HES,unknown,2026-05-31 18:00:00+03:00,,0.0,chunk_0015.json,POST /v1/generation/data/dpp-bulk,2026-05-31 21:45:16.354773+00:00,60701,HASANLAR KANAL HES,612,2026-05-31T18:00:00+03:00,18:00
40W000000060701E,HASANLAR KANAL HES,unknown,2026-05-31 19:00:00+03:00,,2.4,chunk_0015.json,POST /v1/generation/data/dpp-bulk,2026-05-31 21:45:16.354773+00:00,60701,HASANLAR KANAL HES,612,2026-05-31T19:00:00+03:00,19:00
40W000000060701E,HASANLAR KANAL HES,unknown,2026-05-31 20:00:00+03:00,,4.1,chunk_0015.json,POST /v1/generation/data/dpp-bulk,2026-05-31 21:45:16.354773+00:00,60701,HASANLAR KANAL HES,612,2026-05-31T20:00:00+03:00,20:00
40W000000060701E,HASANLAR KANAL HES,unknown,2026-05-31 21:00:00+03:00,,4.1,chunk_0015.json,POST /v1/generation/data/dpp-bulk,2026-05-31 21:45:16.354773+00:00,60701,HASANLAR KANAL HES,612,2026-05-31T21:00:00+03:00,21:00
40W000000060701E,HASANLAR KANAL HES,unknown,2026-05-31 22:00:00+03:00,,4.1,chunk_0015.json,POST /v1/generation/data/dpp-bulk,2026-05-31 21:45:16.354773+00:00,60701,HASANLAR KANAL HES,612,2026-05-31T22:00:00+03:00,22:00
40W000000060701E,HASANLAR KANAL HES,unknown,2026-05-31 23:00:00+03:00,,4.1,chunk_0015.json,POST /v1/generation/data/dpp-bulk,2026-05-31 21:45:16.354773+00:00,60701,HASANLAR KANAL HES,612,2026-05-31T23:00:00+03:00,23:00
40W000000060847N,HER ENERJİ KAYSERİ BİYOGAZ SANTRALİ,unknown,2026-05-31 00:00:00+03:00,,0.0,chunk_0015.json,POST /v1/generation/data/dpp-bulk,2026-05-31 21:45:16.354773+00:00,60847,HER ENERJİ KAYSERİ BİYOGAZ SANTRALİ,4789,2026-05-31T00:00:00+03:00,00:00
40W000000060847N,HER ENERJİ KAYSERİ BİYOGAZ SANTRALİ,unknown,2026-05-31 01:00:00+03:00,,0.0,chunk_0015.json,POST /v1/generation/data/dpp-bulk,2026-05-31 21:45:16.354773+00:00,60847,HER ENERJİ KAYSERİ BİYOGAZ SANTRALİ,4789,2026-05-31T01:00:00+03:00,01:00
40W000000060847N,HER ENERJİ KAYSERİ BİYOGAZ SANTRALİ,unknown,2026-05-31 02:00:00+03:00,,0.0,chunk_0015.json,POST /v1/generation/data/dpp-bulk,2026-05-31 21:45:16.354773+00:00,60847,HER ENERJİ KAYSERİ BİYOGAZ SANTRALİ,4789,2026-05-31T02:00:00+03:00,02:00
40W000000060847N,HER ENERJİ KAYSERİ BİYOGAZ SANTRALİ,unknown,2026-05-31 03:00:00+03:00,,0.0,chunk_0015.json,POST /v1/generation/data/dpp-bulk,2026-05-31 21:45:16.354773+00:00,60847,HER ENERJİ KAYSERİ BİYOGAZ SANTRALİ,4789,2026-05-31T03:00:00+03:00,03:00
40W000000060847N,HER ENERJİ KAYSERİ BİYOGAZ SANTRALİ,unknown,2026-05-31 04:00:00+03:00,,0.0,chunk_0015.json,POST /v1/generation/data/dpp-bulk,2026-05-31 21:45:16.354773+00:00,60847,HER ENERJİ KAYSERİ BİYOGAZ SANTRALİ,4789,2026-05-31T04:00:00+03:00,04:00
40W000000060847N,HER ENERJİ KAYSERİ BİYOGAZ SANTRALİ,unknown,2026-05-31 05:00:00+03:00,,0.0,chunk_0015.json,POST /v1/generation/data/dpp-bulk,2026-05-31 21:45:16.354773+00:00,60847,HER ENERJİ KAYSERİ BİYOGAZ SANTRALİ,4789,2026-05-31T05:00:00+03:00,05:00
40W000000060847N,HER ENERJİ KAYSERİ BİYOGAZ SANTRALİ,unknown,2026-05-31 06:00:00+03:00,,0.0,chunk_0015.json,POST /v1/generation/data/dpp-bulk,2026-05-31 21:45:16.354773+00:00,60847,HER ENERJİ KAYSERİ BİYOGAZ SANTRALİ,4789,2026-05-31T06:00:00+03:00,06:00
40W000000060847N,HER ENERJİ KAYSERİ BİYOGAZ SANTRALİ,unknown,2026-05-31 07:00:00+03:00,,0.0,chunk_0015.json,POST /v1/generation/data/dpp-bulk,2026-05-31 21:45:16.354773+00:00,60847,HER ENERJİ KAYSERİ BİYOGAZ SANTRALİ,4789,2026-05-31T07:00:00+03:00,07:00
40W000000060847N,HER ENERJİ KAYSERİ BİYOGAZ SANTRALİ,unknown,2026-05-31 08:00:00+03:00,,0.0,chunk_0015.json,POST /v1/generation/data/dpp-bulk,2026-05-31 21:45:16.354773+00:00,60847,HER ENERJİ KAYSERİ BİYOGAZ SANTRALİ,4789,2026-05-31T08:00:00+03:00,08:00
40W000000060847N,HER ENERJİ KAYSERİ BİYOGAZ SANTRALİ,unknown,2026-05-31 09:00:00+03:00,,0.0,chunk_0015.json,POST /v1/generation/data/dpp-bulk,2026-05-31 21:45:16.354773+00:00,60847,HER ENERJİ KAYSERİ BİYOGAZ SANTRALİ,4789,2026-05-31T09:00:00+03:00,09:00
40W000000060847N,HER ENERJİ KAYSERİ BİYOGAZ SANTRALİ,unknown,2026-05-31 10:00:00+03:00,,0.0,chunk_0015.json,POST /v1/generation/data/dpp-bulk,2026-05-31 21:45:16.354773+00:00,60847,HER ENERJİ KAYSERİ BİYOGAZ SANTRALİ,4789,2026-05-31T10:00:00+03:00,10:00
40W000000060847N,HER ENERJİ KAYSERİ BİYOGAZ SANTRALİ,unknown,2026-05-31 11:00:00+03:00,,0.0,chunk_0015.json,POST /v1/generation/data/dpp-bulk,2026-05-31 21:45:16.354773+00:00,60847,HER ENERJİ KAYSERİ BİYOGAZ SANTRALİ,4789,2026-05-31T11:00:00+03:00,11:00
40W000000060847N,HER ENERJİ KAYSERİ BİYOGAZ SANTRALİ,unknown,2026-05-31 12:00:00+03:00,,0.0,chunk_0015.json,POST /v1/generation/data/dpp-bulk,2026-05-31 21:45:16.354773+00:00,60847,HER ENERJİ KAYSERİ BİYOGAZ SANTRALİ,4789,2026-05-31T12:00:00+03:00,12:00
40W000000060847N,HER ENERJİ KAYSERİ BİYOGAZ SANTRALİ,unknown,2026-05-31 13:00:00+03:00,,0.0,chunk_0015.json,POST /v1/generation/data/dpp-bulk,2026-05-31 21:45:16.354773+00:00,60847,HER ENERJİ KAYSERİ BİYOGAZ SANTRALİ,4789,2026-05-31T13:00:00+03:00,13:00
40W000000060847N,HER ENERJİ KAYSERİ BİYOGAZ SANTRALİ,unknown,2026-05-31 14:00:00+03:00,,0.0,chunk_0015.json,POST /v1/generation/data/dpp-bulk,2026-05-31 21:45:16.354773+00:00,60847,HER ENERJİ KAYSERİ BİYOGAZ SANTRALİ,4789,2026-05-31T14:00:00+03:00,14:00
40W000000060847N,HER ENERJİ KAYSERİ BİYOGAZ SANTRALİ,unknown,2026-05-31 15:00:00+03:00,,0.0,chunk_0015.json,POST /v1/generation/data/dpp-bulk,2026-05-31 21:45:16.354773+00:00,60847,HER ENERJİ KAYSERİ BİYOGAZ SANTRALİ,4789,2026-05-31T15:00:00+03:00,15:00
40W000000060847N,HER ENERJİ KAYSERİ BİYOGAZ SANTRALİ,unknown,2026-05-31 16:00:00+03:00,,0.0,chunk_0015.json,POST /v1/generation/data/dpp-bulk,2026-05-31 21:45:16.354773+00:00,60847,HER ENERJİ KAYSERİ BİYOGAZ SANTRALİ,4789,2026-05-31T16:00:00+03:00,16:00
40W000000060847N,HER ENERJİ KAYSERİ BİYOGAZ SANTRALİ,unknown,2026-05-31 17:00:00+03:00,,0.0,chunk_0015.json,POST /v1/generation/data/dpp-bulk,2026-05-31 21:45:16.354773+00:00,60847,HER ENERJİ KAYSERİ BİYOGAZ SANTRALİ,4789,2026-05-31T17:00:00+03:00,17:00
40W000000060847N,HER ENERJİ KAYSERİ BİYOGAZ SANTRALİ,unknown,2026-05-31 18:00:00+03:00,,0.0,chunk_0015.json,POST /v1/generation/data/dpp-bulk,2026-05-31 21:45:16.354773+00:00,60847,HER ENERJİ KAYSERİ BİYOGAZ SANTRALİ,4789,2026-05-31T18:00:00+03:00,18:00
40W000000060847N,HER ENERJİ KAYSERİ BİYOGAZ SANTRALİ,unknown,2026-05-31 19:00:00+03:00,,0.0,chunk_0015.json,POST /v1/generation/data/dpp-bulk,2026-05-31 21:45:16.354773+00:00,60847,HER ENERJİ KAYSERİ BİYOGAZ SANTRALİ,4789,2026-05-31T19:00:00+03:00,19:00
40W000000060847N,HER ENERJİ KAYSERİ BİYOGAZ SANTRALİ,unknown,2026-05-31 20:00:00+03:00,,0.0,chunk_0015.json,POST /v1/generation/data/dpp-bulk,2026-05-31 21:45:16.354773+00:00,60847,HER ENERJİ KAYSERİ BİYOGAZ SANTRALİ,4789,2026-05-31T20:00:00+03:00,20:00
40W000000060847N,HER ENERJİ KAYSERİ BİYOGAZ SANTRALİ,unknown,2026-05-31 21:00:00+03:00,,0.0,chunk_0015.json,POST /v1/generation/data/dpp-bulk,2026-05-31 21:45:16.354773+00:00,60847,HER ENERJİ KAYSERİ BİYOGAZ SANTRALİ,4789,2026-05-31T21:00:00+03:00,21:00
40W000000060847N,HER ENERJİ KAYSERİ BİYOGAZ SANTRALİ,unknown,2026-05-31 22:00:00+03:00,,0.0,chunk_0015.json,POST /v1/generation/data/dpp-bulk,2026-05-31 21:45:16.354773+00:00,60847,HER ENERJİ KAYSERİ BİYOGAZ SANTRALİ,4789,2026-05-31T22:00:00+03:00,22:00
40W000000060847N,HER ENERJİ KAYSERİ BİYOGAZ SANTRALİ,unknown,2026-05-31 23:00:00+03:00,,0.0,chunk_0015.json,POST /v1/generation/data/dpp-bulk,2026-05-31 21:45:16.354773+00:00,60847,HER ENERJİ KAYSERİ BİYOGAZ SANTRALİ,4789,2026-05-31T23:00:00+03:00,23:00
40W0000000826827,SAMSUN AVDAN BİYOGAZ TESİSİ,unknown,2026-05-31 00:00:00+03:00,,0.7,chunk_0015.json,POST /v1/generation/data/dpp-bulk,2026-05-31 21:45:16.354773+00:00,82682,SAMSUN AVDAN BİYOGAZ TESİSİ,4795,2026-05-31T00:00:00+03:00,00:00
40W0000000826827,SAMSUN AVDAN BİYOGAZ TESİSİ,unknown,2026-05-31 01:00:00+03:00,,0.7,chunk_0015.json,POST /v1/generation/data/dpp-bulk,2026-05-31 21:45:16.354773+00:00,82682,SAMSUN AVDAN BİYOGAZ TESİSİ,4795,2026-05-31T01:00:00+03:00,01:00
40W0000000826827,SAMSUN AVDAN BİYOGAZ TESİSİ,unknown,2026-05-31 02:00:00+03:00,,0.7,chunk_0015.json,POST /v1/generation/data/dpp-bulk,2026-05-31 21:45:16.354773+00:00,82682,SAMSUN AVDAN BİYOGAZ TESİSİ,4795,2026-05-31T02:00:00+03:00,02:00
40W0000000826827,SAMSUN AVDAN BİYOGAZ TESİSİ,unknown,2026-05-31 03:00:00+03:00,,0.7,chunk_0015.json,POST /v1/generation/data/dpp-bulk,2026-05-31 21:45:16.354773+00:00,82682,SAMSUN AVDAN BİYOGAZ TESİSİ,4795,2026-05-31T03:00:00+03:00,03:00
40W0000000826827,SAMSUN AVDAN BİYOGAZ TESİSİ,unknown,2026-05-31 04:00:00+03:00,,0.7,chunk_0015.json,POST /v1/generation/data/dpp-bulk,2026-05-31 21:45:16.354773+00:00,82682,SAMSUN AVDAN BİYOGAZ TESİSİ,4795,2026-05-31T04:00:00+03:00,04:00
40W0000000826827,SAMSUN AVDAN BİYOGAZ TESİSİ,unknown,2026-05-31 05:00:00+03:00,,0.7,chunk_0015.json,POST /v1/generation/data/dpp-bulk,2026-05-31 21:45:16.354773+00:00,82682,SAMSUN AVDAN BİYOGAZ TESİSİ,4795,2026-05-31T05:00:00+03:00,05:00
40W0000000826827,SAMSUN AVDAN BİYOGAZ TESİSİ,unknown,2026-05-31 06:00:00+03:00,,0.7,chunk_0015.json,POST /v1/generation/data/dpp-bulk,2026-05-31 21:45:16.354773+00:00,82682,SAMSUN AVDAN BİYOGAZ TESİSİ,4795,2026-05-31T06:00:00+03:00,06:00
40W0000000826827,SAMSUN AVDAN BİYOGAZ TESİSİ,unknown,2026-05-31 07:00:00+03:00,,0.7,chunk_0015.json,POST /v1/generation/data/dpp-bulk,2026-05-31 21:45:16.354773+00:00,82682,SAMSUN AVDAN BİYOGAZ TESİSİ,4795,2026-05-31T07:00:00+03:00,07:00
40W0000000826827,SAMSUN AVDAN BİYOGAZ TESİSİ,unknown,2026-05-31 08:00:00+03:00,,0.7,chunk_0015.json,POST /v1/generation/data/dpp-bulk,2026-05-31 21:45:16.354773+00:00,82682,SAMSUN AVDAN BİYOGAZ TESİSİ,4795,2026-05-31T08:00:00+03:00,08:00
40W0000000826827,SAMSUN AVDAN BİYOGAZ TESİSİ,unknown,2026-05-31 09:00:00+03:00,,0.7,chunk_0015.json,POST /v1/generation/data/dpp-bulk,2026-05-31 21:45:16.354773+00:00,82682,SAMSUN AVDAN BİYOGAZ TESİSİ,4795,2026-05-31T09:00:00+03:00,09:00
40W0000000826827,SAMSUN AVDAN BİYOGAZ TESİSİ,unknown,2026-05-31 10:00:00+03:00,,0.7,chunk_0015.json,POST /v1/generation/data/dpp-bulk,2026-05-31 21:45:16.354773+00:00,82682,SAMSUN AVDAN BİYOGAZ TESİSİ,4795,2026-05-31T10:00:00+03:00,10:00
40W0000000826827,SAMSUN AVDAN BİYOGAZ TESİSİ,unknown,2026-05-31 11:00:00+03:00,,0.7,chunk_0015.json,POST /v1/generation/data/dpp-bulk,2026-05-31 21:45:16.354773+00:00,82682,SAMSUN AVDAN BİYOGAZ TESİSİ,4795,2026-05-31T11:00:00+03:00,11:00
40W0000000826827,SAMSUN AVDAN BİYOGAZ TESİSİ,unknown,2026-05-31 12:00:00+03:00,,0.7,chunk_0015.json,POST /v1/generation/data/dpp-bulk,2026-05-31 21:45:16.354773+00:00,82682,SAMSUN AVDAN BİYOGAZ TESİSİ,4795,2026-05-31T12:00:00+03:00,12:00
40W0000000826827,SAMSUN AVDAN BİYOGAZ TESİSİ,unknown,2026-05-31 13:00:00+03:00,,0.7,chunk_0015.json,POST /v1/generation/data/dpp-bulk,2026-05-31 21:45:16.354773+00:00,82682,SAMSUN AVDAN BİYOGAZ TESİSİ,4795,2026-05-31T13:00:00+03:00,13:00
40W0000000826827,SAMSUN AVDAN BİYOGAZ TESİSİ,unknown,2026-05-31 14:00:00+03:00,,0.7,chunk_0015.json,POST /v1/generation/data/dpp-bulk,2026-05-31 21:45:16.354773+00:00,82682,SAMSUN AVDAN BİYOGAZ TESİSİ,4795,2026-05-31T14:00:00+03:00,14:00
40W0000000826827,SAMSUN AVDAN BİYOGAZ TESİSİ,unknown,2026-05-31 15:00:00+03:00,,0.7,chunk_0015.json,POST /v1/generation/data/dpp-bulk,2026-05-31 21:45:16.354773+00:00,82682,SAMSUN AVDAN BİYOGAZ TESİSİ,4795,2026-05-31T15:00:00+03:00,15:00
40W0000000826827,SAMSUN AVDAN BİYOGAZ TESİSİ,unknown,2026-05-31 16:00:00+03:00,,0.7,chunk_0015.json,POST /v1/generation/data/dpp-bulk,2026-05-31 21:45:16.354773+00:00,82682,SAMSUN AVDAN BİYOGAZ TESİSİ,4795,2026-05-31T16:00:00+03:00,16:00
40W0000000826827,SAMSUN AVDAN BİYOGAZ TESİSİ,unknown,2026-05-31 17:00:00+03:00,,0.7,chunk_0015.json,POST /v1/generation/data/dpp-bulk,2026-05-31 21:45:16.354773+00:00,82682,SAMSUN AVDAN BİYOGAZ TESİSİ,4795,2026-05-31T17:00:00+03:00,17:00
40W0000000826827,SAMSUN AVDAN BİYOGAZ TESİSİ,unknown,2026-05-31 18:00:00+03:00,,0.7,chunk_0015.json,POST /v1/generation/data/dpp-bulk,2026-05-31 21:45:16.354773+00:00,82682,SAMSUN AVDAN BİYOGAZ TESİSİ,4795,2026-05-31T18:00:00+03:00,18:00
40W0000000826827,SAMSUN AVDAN BİYOGAZ TESİSİ,unknown,2026-05-31 19:00:00+03:00,,0.7,chunk_0015.json,POST /v1/generation/data/dpp-bulk,2026-05-31 21:45:16.354773+00:00,82682,SAMSUN AVDAN BİYOGAZ TESİSİ,4795,2026-05-31T19:00:00+03:00,19:00
40W0000000826827,SAMSUN AVDAN BİYOGAZ TESİSİ,unknown,2026-05-31 20:00:00+03:00,,0.7,chunk_0015.json,POST /v1/generation/data/dpp-bulk,2026-05-31 21:45:16.354773+00:00,82682,SAMSUN AVDAN BİYOGAZ TESİSİ,4795,2026-05-31T20:00:00+03:00,20:00
40W0000000826827,SAMSUN AVDAN BİYOGAZ TESİSİ,unknown,2026-05-31 21:00:00+03:00,,0.7,chunk_0015.json,POST /v1/generation/data/dpp-bulk,2026-05-31 21:45:16.354773+00:00,82682,SAMSUN AVDAN BİYOGAZ TESİSİ,4795,2026-05-31T21:00:00+03:00,21:00
40W0000000826827,SAMSUN AVDAN BİYOGAZ TESİSİ,unknown,2026-05-31 22:00:00+03:00,,0.7,chunk_0015.json,POST /v1/generation/data/dpp-bulk,2026-05-31 21:45:16.354773+00:00,82682,SAMSUN AVDAN BİYOGAZ TESİSİ,4795,2026-05-31T22:00:00+03:00,22:00
40W0000000826827,SAMSUN AVDAN BİYOGAZ TESİSİ,unknown,2026-05-31 23:00:00+03:00,,0.7,chunk_0015.json,POST /v1/generation/data/dpp-bulk,2026-05-31 21:45:16.354773+00:00,82682,SAMSUN AVDAN BİYOGAZ TESİSİ,4795,2026-05-31T23:00:00+03:00,23:00
40W0000000619767,BEKİRLİ TERMİK SANTRALİ-1,unknown,2026-05-31 00:00:00+03:00,,0.0,chunk_0015.json,POST /v1/generation/data/dpp-bulk,2026-05-31 21:45:16.354773+00:00,61976,BEKİRLİ TERMİK SANTRALİ-1,4831,2026-05-31T00:00:00+03:00,00:00
40W0000000619767,BEKİRLİ TERMİK SANTRALİ-1,unknown,2026-05-31 01:00:00+03:00,,0.0,chunk_0015.json,POST /v1/generation/data/dpp-bulk,2026-05-31 21:45:16.354773+00:00,61976,BEKİRLİ TERMİK SANTRALİ-1,4831,2026-05-31T01:00:00+03:00,01:00
40W0000000619767,BEKİRLİ TERMİK SANTRALİ-1,unknown,2026-05-31 02:00:00+03:00,,0.0,chunk_0015.json,POST /v1/generation/data/dpp-bulk,2026-05-31 21:45:16.354773+00:00,61976,BEKİRLİ TERMİK SANTRALİ-1,4831,2026-05-31T02:00:00+03:00,02:00
40W0000000619767,BEKİRLİ TERMİK SANTRALİ-1,unknown,2026-05-31 03:00:00+03:00,,0.0,chunk_0015.json,POST /v1/generation/data/dpp-bulk,2026-05-31 21:45:16.354773+00:00,61976,BEKİRLİ TERMİK SANTRALİ-1,4831,2026-05-31T03:00:00+03:00,03:00
40W0000000619767,BEKİRLİ TERMİK SANTRALİ-1,unknown,2026-05-31 04:00:00+03:00,,0.0,chunk_0015.json,POST /v1/generation/data/dpp-bulk,2026-05-31 21:45:16.354773+00:00,61976,BEKİRLİ TERMİK SANTRALİ-1,4831,2026-05-31T04:00:00+03:00,04:00
40W0000000619767,BEKİRLİ TERMİK SANTRALİ-1,unknown,2026-05-31 05:00:00+03:00,,0.0,chunk_0015.json,POST /v1/generation/data/dpp-bulk,2026-05-31 21:45:16.354773+00:00,61976,BEKİRLİ TERMİK SANTRALİ-1,4831,2026-05-31T05:00:00+03:00,05:00
40W0000000619767,BEKİRLİ TERMİK SANTRALİ-1,unknown,2026-05-31 06:00:00+03:00,,0.0,chunk_0015.json,POST /v1/generation/data/dpp-bulk,2026-05-31 21:45:16.354773+00:00,61976,BEKİRLİ TERMİK SANTRALİ-1,4831,2026-05-31T06:00:00+03:00,06:00
40W0000000619767,BEKİRLİ TERMİK SANTRALİ-1,unknown,2026-05-31 07:00:00+03:00,,0.0,chunk_0015.json,POST /v1/generation/data/dpp-bulk,2026-05-31 21:45:16.354773+00:00,61976,BEKİRLİ TERMİK SANTRALİ-1,4831,2026-05-31T07:00:00+03:00,07:00
40W0000000619767,BEKİRLİ TERMİK SANTRALİ-1,unknown,2026-05-31 08:00:00+03:00,,0.0,chunk_0015.json,POST /v1/generation/data/dpp-bulk,2026-05-31 21:45:16.354773+00:00,61976,BEKİRLİ TERMİK SANTRALİ-1,4831,2026-05-31T08:00:00+03:00,08:00
40W0000000619767,BEKİRLİ TERMİK SANTRALİ-1,unknown,2026-05-31 09:00:00+03:00,,0.0,chunk_0015.json,POST /v1/generation/data/dpp-bulk,2026-05-31 21:45:16.354773+00:00,61976,BEKİRLİ TERMİK SANTRALİ-1,4831,2026-05-31T09:00:00+03:00,09:00
40W0000000619767,BEKİRLİ TERMİK SANTRALİ-1,unknown,2026-05-31 10:00:00+03:00,,0.0,chunk_0015.json,POST /v1/generation/data/dpp-bulk,2026-05-31 21:45:16.354773+00:00,61976,BEKİRLİ TERMİK SANTRALİ-1,4831,2026-05-31T10:00:00+03:00,10:00
40W0000000619767,BEKİRLİ TERMİK SANTRALİ-1,unknown,2026-05-31 11:00:00+03:00,,0.0,chunk_0015.json,POST /v1/generation/data/dpp-bulk,2026-05-31 21:45:16.354773+00:00,61976,BEKİRLİ TERMİK SANTRALİ-1,4831,2026-05-31T11:00:00+03:00,11:00
40W0000000619767,BEKİRLİ TERMİK SANTRALİ-1,unknown,2026-05-31 12:00:00+03:00,,0.0,chunk_0015.json,POST /v1/generation/data/dpp-bulk,2026-05-31 21:45:16.354773+00:00,61976,BEKİRLİ TERMİK SANTRALİ-1,4831,2026-05-31T12:00:00+03:00,12:00
40W0000000619767,BEKİRLİ TERMİK SANTRALİ-1,unknown,2026-05-31 13:00:00+03:00,,0.0,chunk_0015.json,POST /v1/generation/data/dpp-bulk,2026-05-31 21:45:16.354773+00:00,61976,BEKİRLİ TERMİK SANTRALİ-1,4831,2026-05-31T13:00:00+03:00,13:00
40W0000000619767,BEKİRLİ TERMİK SANTRALİ-1,unknown,2026-05-31 14:00:00+03:00,,0.0,chunk_0015.json,POST /v1/generation/data/dpp-bulk,2026-05-31 21:45:16.354773+00:00,61976,BEKİRLİ TERMİK SANTRALİ-1,4831,2026-05-31T14:00:00+03:00,14:00
40W0000000619767,BEKİRLİ TERMİK SANTRALİ-1,unknown,2026-05-31 15:00:00+03:00,,0.0,chunk_0015.json,POST /v1/generation/data/dpp-bulk,2026-05-31 21:45:16.354773+00:00,61976,BEKİRLİ TERMİK SANTRALİ-1,4831,2026-05-31T15:00:00+03:00,15:00
40W0000000619767,BEKİRLİ TERMİK SANTRALİ-1,unknown,2026-05-31 16:00:00+03:00,,0.0,chunk_0015.json,POST /v1/generation/data/dpp-bulk,2026-05-31 21:45:16.354773+00:00,61976,BEKİRLİ TERMİK SANTRALİ-1,4831,2026-05-31T16:00:00+03:00,16:00
40W0000000619767,BEKİRLİ TERMİK SANTRALİ-1,unknown,2026-05-31 17:00:00+03:00,,0.0,chunk_0015.json,POST /v1/generation/data/dpp-bulk,2026-05-31 21:45:16.354773+00:00,61976,BEKİRLİ TERMİK SANTRALİ-1,4831,2026-05-31T17:00:00+03:00,17:00
40W0000000619767,BEKİRLİ TERMİK SANTRALİ-1,unknown,2026-05-31 18:00:00+03:00,,0.0,chunk_0015.json,POST /v1/generation/data/dpp-bulk,2026-05-31 21:45:16.354773+00:00,61976,BEKİRLİ TERMİK SANTRALİ-1,4831,2026-05-31T18:00:00+03:00,18:00
40W0000000619767,BEKİRLİ TERMİK SANTRALİ-1,unknown,2026-05-31 19:00:00+03:00,,0.0,chunk_0015.json,POST /v1/generation/data/dpp-bulk,2026-05-31 21:45:16.354773+00:00,61976,BEKİRLİ TERMİK SANTRALİ-1,4831,2026-05-31T19:00:00+03:00,19:00
40W0000000619767,BEKİRLİ TERMİK SANTRALİ-1,unknown,2026-05-31 20:00:00+03:00,,0.0,chunk_0015.json,POST /v1/generation/data/dpp-bulk,2026-05-31 21:45:16.354773+00:00,61976,BEKİRLİ TERMİK SANTRALİ-1,4831,2026-05-31T20:00:00+03:00,20:00
40W0000000619767,BEKİRLİ TERMİK SANTRALİ-1,unknown,2026-05-31 21:00:00+03:00,,0.0,chunk_0015.json,POST /v1/generation/data/dpp-bulk,2026-05-31 21:45:16.354773+00:00,61976,BEKİRLİ TERMİK SANTRALİ-1,4831,2026-05-31T21:00:00+03:00,21:00
40W0000000619767,BEKİRLİ TERMİK SANTRALİ-1,unknown,2026-05-31 22:00:00+03:00,,0.0,chunk_0015.json,POST /v1/generation/data/dpp-bulk,2026-05-31 21:45:16.354773+00:00,61976,BEKİRLİ TERMİK SANTRALİ-1,4831,2026-05-31T22:00:00+03:00,22:00
40W0000000619767,BEKİRLİ TERMİK SANTRALİ-1,unknown,2026-05-31 23:00:00+03:00,,0.0,chunk_0015.json,POST /v1/generation/data/dpp-bulk,2026-05-31 21:45:16.354773+00:00,61976,BEKİRLİ TERMİK SANTRALİ-1,4831,2026-05-31T23:00:00+03:00,23:00
40W000000061530A,ÇUKURÇAYI HES,unknown,2026-05-31 00:00:00+03:00,,0.0,chunk_0015.json,POST /v1/generation/data/dpp-bulk,2026-05-31 21:45:16.354773+00:00,61530,ÇUKURÇAYI HES,4860,2026-05-31T00:00:00+03:00,00:00
40W000000061530A,ÇUKURÇAYI HES,unknown,2026-05-31 01:00:00+03:00,,0.0,chunk_0015.json,POST /v1/generation/data/dpp-bulk,2026-05-31 21:45:16.354773+00:00,61530,ÇUKURÇAYI HES,4860,2026-05-31T01:00:00+03:00,01:00
40W000000061530A,ÇUKURÇAYI HES,unknown,2026-05-31 02:00:00+03:00,,0.0,chunk_0015.json,POST /v1/generation/data/dpp-bulk,2026-05-31 21:45:16.354773+00:00,61530,ÇUKURÇAYI HES,4860,2026-05-31T02:00:00+03:00,02:00
40W000000061530A,ÇUKURÇAYI HES,unknown,2026-05-31 03:00:00+03:00,,0.0,chunk_0015.json,POST /v1/generation/data/dpp-bulk,2026-05-31 21:45:16.354773+00:00,61530,ÇUKURÇAYI HES,4860,2026-05-31T03:00:00+03:00,03:00
40W000000061530A,ÇUKURÇAYI HES,unknown,2026-05-31 04:00:00+03:00,,0.0,chunk_0015.json,POST /v1/generation/data/dpp-bulk,2026-05-31 21:45:16.354773+00:00,61530,ÇUKURÇAYI HES,4860,2026-05-31T04:00:00+03:00,04:00
40W000000061530A,ÇUKURÇAYI HES,unknown,2026-05-31 05:00:00+03:00,,0.0,chunk_0015.json,POST /v1/generation/data/dpp-bulk,2026-05-31 21:45:16.354773+00:00,61530,ÇUKURÇAYI HES,4860,2026-05-31T05:00:00+03:00,05:00
40W000000061530A,ÇUKURÇAYI HES,unknown,2026-05-31 06:00:00+03:00,,0.0,chunk_0015.json,POST /v1/generation/data/dpp-bulk,2026-05-31 21:45:16.354773+00:00,61530,ÇUKURÇAYI HES,4860,2026-05-31T06:00:00+03:00,06:00
40W000000061530A,ÇUKURÇAYI HES,unknown,2026-05-31 07:00:00+03:00,,0.0,chunk_0015.json,POST /v1/generation/data/dpp-bulk,2026-05-31 21:45:16.354773+00:00,61530,ÇUKURÇAYI HES,4860,2026-05-31T07:00:00+03:00,07:00
40W000000061530A,ÇUKURÇAYI HES,unknown,2026-05-31 08:00:00+03:00,,0.0,chunk_0015.json,POST /v1/generation/data/dpp-bulk,2026-05-31 21:45:16.354773+00:00,61530,ÇUKURÇAYI HES,4860,2026-05-31T08:00:00+03:00,08:00
40W000000061530A,ÇUKURÇAYI HES,unknown,2026-05-31 09:00:00+03:00,,0.0,chunk_0015.json,POST /v1/generation/data/dpp-bulk,2026-05-31 21:45:16.354773+00:00,61530,ÇUKURÇAYI HES,4860,2026-05-31T09:00:00+03:00,09:00
40W000000061530A,ÇUKURÇAYI HES,unknown,2026-05-31 10:00:00+03:00,,0.0,chunk_0015.json,POST /v1/generation/data/dpp-bulk,2026-05-31 21:45:16.354773+00:00,61530,ÇUKURÇAYI HES,4860,2026-05-31T10:00:00+03:00,10:00
40W000000061530A,ÇUKURÇAYI HES,unknown,2026-05-31 11:00:00+03:00,,0.0,chunk_0015.json,POST /v1/generation/data/dpp-bulk,2026-05-31 21:45:16.354773+00:00,61530,ÇUKURÇAYI HES,4860,2026-05-31T11:00:00+03:00,11:00
40W000000061530A,ÇUKURÇAYI HES,unknown,2026-05-31 12:00:00+03:00,,0.0,chunk_0015.json,POST /v1/generation/data/dpp-bulk,2026-05-31 21:45:16.354773+00:00,61530,ÇUKURÇAYI HES,4860,2026-05-31T12:00:00+03:00,12:00
40W000000061530A,ÇUKURÇAYI HES,unknown,2026-05-31 13:00:00+03:00,,0.0,chunk_0015.json,POST /v1/generation/data/dpp-bulk,2026-05-31 21:45:16.354773+00:00,61530,ÇUKURÇAYI HES,4860,2026-05-31T13:00:00+03:00,13:00
40W000000061530A,ÇUKURÇAYI HES,unknown,2026-05-31 14:00:00+03:00,,0.0,chunk_0015.json,POST /v1/generation/data/dpp-bulk,2026-05-31 21:45:16.354773+00:00,61530,ÇUKURÇAYI HES,4860,2026-05-31T14:00:00+03:00,14:00
40W000000061530A,ÇUKURÇAYI HES,unknown,2026-05-31 15:00:00+03:00,,0.0,chunk_0015.json,POST /v1/generation/data/dpp-bulk,2026-05-31 21:45:16.354773+00:00,61530,ÇUKURÇAYI HES,4860,2026-05-31T15:00:00+03:00,15:00
40W000000061530A,ÇUKURÇAYI HES,unknown,2026-05-31 16:00:00+03:00,,0.0,chunk_0015.json,POST /v1/generation/data/dpp-bulk,2026-05-31 21:45:16.354773+00:00,61530,ÇUKURÇAYI HES,4860,2026-05-31T16:00:00+03:00,16:00
40W000000061530A,ÇUKURÇAYI HES,unknown,2026-05-31 17:00:00+03:00,,0.0,chunk_0015.json,POST /v1/generation/data/dpp-bulk,2026-05-31 21:45:16.354773+00:00,61530,ÇUKURÇAYI HES,4860,2026-05-31T17:00:00+03:00,17:00
40W000000061530A,ÇUKURÇAYI HES,unknown,2026-05-31 18:00:00+03:00,,0.0,chunk_0015.json,POST /v1/generation/data/dpp-bulk,2026-05-31 21:45:16.354773+00:00,61530,ÇUKURÇAYI HES,4860,2026-05-31T18:00:00+03:00,18:00
40W000000061530A,ÇUKURÇAYI HES,unknown,2026-05-31 19:00:00+03:00,,0.0,chunk_0015.json,POST /v1/generation/data/dpp-bulk,2026-05-31 21:45:16.354773+00:00,61530,ÇUKURÇAYI HES,4860,2026-05-31T19:00:00+03:00,19:00
40W000000061530A,ÇUKURÇAYI HES,unknown,2026-05-31 20:00:00+03:00,,0.0,chunk_0015.json,POST /v1/generation/data/dpp-bulk,2026-05-31 21:45:16.354773+00:00,61530,ÇUKURÇAYI HES,4860,2026-05-31T20:00:00+03:00,20:00
40W000000061530A,ÇUKURÇAYI HES,unknown,2026-05-31 21:00:00+03:00,,0.0,chunk_0015.json,POST /v1/generation/data/dpp-bulk,2026-05-31 21:45:16.354773+00:00,61530,ÇUKURÇAYI HES,4860,2026-05-31T21:00:00+03:00,21:00
40W000000061530A,ÇUKURÇAYI HES,unknown,2026-05-31 22:00:00+03:00,,0.0,chunk_0015.json,POST /v1/generation/data/dpp-bulk,2026-05-31 21:45:16.354773+00:00,61530,ÇUKURÇAYI HES,4860,2026-05-31T22:00:00+03:00,22:00
40W000000061530A,ÇUKURÇAYI HES,unknown,2026-05-31 23:00:00+03:00,,0.0,chunk_0015.json,POST /v1/generation/data/dpp-bulk,2026-05-31 21:45:16.354773+00:00,61530,ÇUKURÇAYI HES,4860,2026-05-31T23:00:00+03:00,23:00
40W000000083087G,YEDİSU HES,unknown,2026-05-31 00:00:00+03:00,,17.5,chunk_0015.json,POST /v1/generation/data/dpp-bulk,2026-05-31 21:45:16.354773+00:00,83087,YEDİSU HES,4872,2026-05-31T00:00:00+03:00,00:00
40W000000083087G,YEDİSU HES,unknown,2026-05-31 01:00:00+03:00,,17.5,chunk_0015.json,POST /v1/generation/data/dpp-bulk,2026-05-31 21:45:16.354773+00:00,83087,YEDİSU HES,4872,2026-05-31T01:00:00+03:00,01:00
40W000000083087G,YEDİSU HES,unknown,2026-05-31 02:00:00+03:00,,0.0,chunk_0015.json,POST /v1/generation/data/dpp-bulk,2026-05-31 21:45:16.354773+00:00,83087,YEDİSU HES,4872,2026-05-31T02:00:00+03:00,02:00
40W000000083087G,YEDİSU HES,unknown,2026-05-31 03:00:00+03:00,,0.0,chunk_0015.json,POST /v1/generation/data/dpp-bulk,2026-05-31 21:45:16.354773+00:00,83087,YEDİSU HES,4872,2026-05-31T03:00:00+03:00,03:00
40W000000083087G,YEDİSU HES,unknown,2026-05-31 04:00:00+03:00,,0.0,chunk_0015.json,POST /v1/generation/data/dpp-bulk,2026-05-31 21:45:16.354773+00:00,83087,YEDİSU HES,4872,2026-05-31T04:00:00+03:00,04:00
40W000000083087G,YEDİSU HES,unknown,2026-05-31 05:00:00+03:00,,0.1,chunk_0015.json,POST /v1/generation/data/dpp-bulk,2026-05-31 21:45:16.354773+00:00,83087,YEDİSU HES,4872,2026-05-31T05:00:00+03:00,05:00
40W000000083087G,YEDİSU HES,unknown,2026-05-31 06:00:00+03:00,,0.1,chunk_0015.json,POST /v1/generation/data/dpp-bulk,2026-05-31 21:45:16.354773+00:00,83087,YEDİSU HES,4872,2026-05-31T06:00:00+03:00,06:00
40W000000083087G,YEDİSU HES,unknown,2026-05-31 07:00:00+03:00,,0.1,chunk_0015.json,POST /v1/generation/data/dpp-bulk,2026-05-31 21:45:16.354773+00:00,83087,YEDİSU HES,4872,2026-05-31T07:00:00+03:00,07:00
40W000000083087G,YEDİSU HES,unknown,2026-05-31 08:00:00+03:00,,0.1,chunk_0015.json,POST /v1/generation/data/dpp-bulk,2026-05-31 21:45:16.354773+00:00,83087,YEDİSU HES,4872,2026-05-31T08:00:00+03:00,08:00
40W000000083087G,YEDİSU HES,unknown,2026-05-31 09:00:00+03:00,,0.1,chunk_0015.json,POST /v1/generation/data/dpp-bulk,2026-05-31 21:45:16.354773+00:00,83087,YEDİSU HES,4872,2026-05-31T09:00:00+03:00,09:00
40W000000083087G,YEDİSU HES,unknown,2026-05-31 10:00:00+03:00,,0.1,chunk_0015.json,POST /v1/generation/data/dpp-bulk,2026-05-31 21:45:16.354773+00:00,83087,YEDİSU HES,4872,2026-05-31T10:00:00+03:00,10:00
40W000000083087G,YEDİSU HES,unknown,2026-05-31 11:00:00+03:00,,0.1,chunk_0015.json,POST /v1/generation/data/dpp-bulk,2026-05-31 21:45:16.354773+00:00,83087,YEDİSU HES,4872,2026-05-31T11:00:00+03:00,11:00
40W000000083087G,YEDİSU HES,unknown,2026-05-31 12:00:00+03:00,,0.1,chunk_0015.json,POST /v1/generation/data/dpp-bulk,2026-05-31 21:45:16.354773+00:00,83087,YEDİSU HES,4872,2026-05-31T12:00:00+03:00,12:00
40W000000083087G,YEDİSU HES,unknown,2026-05-31 13:00:00+03:00,,0.1,chunk_0015.json,POST /v1/generation/data/dpp-bulk,2026-05-31 21:45:16.354773+00:00,83087,YEDİSU HES,4872,2026-05-31T13:00:00+03:00,13:00
40W000000083087G,YEDİSU HES,unknown,2026-05-31 14:00:00+03:00,,0.1,chunk_0015.json,POST /v1/generation/data/dpp-bulk,2026-05-31 21:45:16.354773+00:00,83087,YEDİSU HES,4872,2026-05-31T14:00:00+03:00,14:00
40W000000083087G,YEDİSU HES,unknown,2026-05-31 15:00:00+03:00,,0.1,chunk_0015.json,POST /v1/generation/data/dpp-bulk,2026-05-31 21:45:16.354773+00:00,83087,YEDİSU HES,4872,2026-05-31T15:00:00+03:00,15:00
40W000000083087G,YEDİSU HES,unknown,2026-05-31 16:00:00+03:00,,0.1,chunk_0015.json,POST /v1/generation/data/dpp-bulk,2026-05-31 21:45:16.354773+00:00,83087,YEDİSU HES,4872,2026-05-31T16:00:00+03:00,16:00
40W000000083087G,YEDİSU HES,unknown,2026-05-31 17:00:00+03:00,,0.1,chunk_0015.json,POST /v1/generation/data/dpp-bulk,2026-05-31 21:45:16.354773+00:00,83087,YEDİSU HES,4872,2026-05-31T17:00:00+03:00,17:00
40W000000083087G,YEDİSU HES,unknown,2026-05-31 18:00:00+03:00,,0.1,chunk_0015.json,POST /v1/generation/data/dpp-bulk,2026-05-31 21:45:16.354773+00:00,83087,YEDİSU HES,4872,2026-05-31T18:00:00+03:00,18:00
40W000000083087G,YEDİSU HES,unknown,2026-05-31 19:00:00+03:00,,17.5,chunk_0015.json,POST /v1/generation/data/dpp-bulk,2026-05-31 21:45:16.354773+00:00,83087,YEDİSU HES,4872,2026-05-31T19:00:00+03:00,19:00
40W000000083087G,YEDİSU HES,unknown,2026-05-31 20:00:00+03:00,,17.5,chunk_0015.json,POST /v1/generation/data/dpp-bulk,2026-05-31 21:45:16.354773+00:00,83087,YEDİSU HES,4872,2026-05-31T20:00:00+03:00,20:00
40W000000083087G,YEDİSU HES,unknown,2026-05-31 21:00:00+03:00,,17.5,chunk_0015.json,POST /v1/generation/data/dpp-bulk,2026-05-31 21:45:16.354773+00:00,83087,YEDİSU HES,4872,2026-05-31T21:00:00+03:00,21:00
40W000000083087G,YEDİSU HES,unknown,2026-05-31 22:00:00+03:00,,17.5,chunk_0015.json,POST /v1/generation/data/dpp-bulk,2026-05-31 21:45:16.354773+00:00,83087,YEDİSU HES,4872,2026-05-31T22:00:00+03:00,22:00
40W000000083087G,YEDİSU HES,unknown,2026-05-31 23:00:00+03:00,,17.5,chunk_0015.json,POST /v1/generation/data/dpp-bulk,2026-05-31 21:45:16.354773+00:00,83087,YEDİSU HES,4872,2026-05-31T23:00:00+03:00,23:00
40W0000000818557,EĞER HES,unknown,2026-05-31 00:00:00+03:00,,0.0,chunk_0015.json,POST /v1/generation/data/dpp-bulk,2026-05-31 21:45:16.354773+00:00,81855,EĞER HES,4910,2026-05-31T00:00:00+03:00,00:00
40W0000000818557,EĞER HES,unknown,2026-05-31 01:00:00+03:00,,0.0,chunk_0015.json,POST /v1/generation/data/dpp-bulk,2026-05-31 21:45:16.354773+00:00,81855,EĞER HES,4910,2026-05-31T01:00:00+03:00,01:00
40W0000000818557,EĞER HES,unknown,2026-05-31 02:00:00+03:00,,0.0,chunk_0015.json,POST /v1/generation/data/dpp-bulk,2026-05-31 21:45:16.354773+00:00,81855,EĞER HES,4910,2026-05-31T02:00:00+03:00,02:00
40W0000000818557,EĞER HES,unknown,2026-05-31 03:00:00+03:00,,0.0,chunk_0015.json,POST /v1/generation/data/dpp-bulk,2026-05-31 21:45:16.354773+00:00,81855,EĞER HES,4910,2026-05-31T03:00:00+03:00,03:00
40W0000000818557,EĞER HES,unknown,2026-05-31 04:00:00+03:00,,0.0,chunk_0015.json,POST /v1/generation/data/dpp-bulk,2026-05-31 21:45:16.354773+00:00,81855,EĞER HES,4910,2026-05-31T04:00:00+03:00,04:00
40W0000000818557,EĞER HES,unknown,2026-05-31 05:00:00+03:00,,0.0,chunk_0015.json,POST /v1/generation/data/dpp-bulk,2026-05-31 21:45:16.354773+00:00,81855,EĞER HES,4910,2026-05-31T05:00:00+03:00,05:00
40W0000000818557,EĞER HES,unknown,2026-05-31 06:00:00+03:00,,0.0,chunk_0015.json,POST /v1/generation/data/dpp-bulk,2026-05-31 21:45:16.354773+00:00,81855,EĞER HES,4910,2026-05-31T06:00:00+03:00,06:00
40W0000000818557,EĞER HES,unknown,2026-05-31 07:00:00+03:00,,0.0,chunk_0015.json,POST /v1/generation/data/dpp-bulk,2026-05-31 21:45:16.354773+00:00,81855,EĞER HES,4910,2026-05-31T07:00:00+03:00,07:00
40W0000000818557,EĞER HES,unknown,2026-05-31 08:00:00+03:00,,0.0,chunk_0015.json,POST /v1/generation/data/dpp-bulk,2026-05-31 21:45:16.354773+00:00,81855,EĞER HES,4910,2026-05-31T08:00:00+03:00,08:00
40W0000000818557,EĞER HES,unknown,2026-05-31 09:00:00+03:00,,0.0,chunk_0015.json,POST /v1/generation/data/dpp-bulk,2026-05-31 21:45:16.354773+00:00,81855,EĞER HES,4910,2026-05-31T09:00:00+03:00,09:00
40W0000000818557,EĞER HES,unknown,2026-05-31 10:00:00+03:00,,0.0,chunk_0015.json,POST /v1/generation/data/dpp-bulk,2026-05-31 21:45:16.354773+00:00,81855,EĞER HES,4910,2026-05-31T10:00:00+03:00,10:00
40W0000000818557,EĞER HES,unknown,2026-05-31 11:00:00+03:00,,0.0,chunk_0015.json,POST /v1/generation/data/dpp-bulk,2026-05-31 21:45:16.354773+00:00,81855,EĞER HES,4910,2026-05-31T11:00:00+03:00,11:00
40W0000000818557,EĞER HES,unknown,2026-05-31 12:00:00+03:00,,0.0,chunk_0015.json,POST /v1/generation/data/dpp-bulk,2026-05-31 21:45:16.354773+00:00,81855,EĞER HES,4910,2026-05-31T12:00:00+03:00,12:00
40W0000000818557,EĞER HES,unknown,2026-05-31 13:00:00+03:00,,0.0,chunk_0015.json,POST /v1/generation/data/dpp-bulk,2026-05-31 21:45:16.354773+00:00,81855,EĞER HES,4910,2026-05-31T13:00:00+03:00,13:00
40W0000000818557,EĞER HES,unknown,2026-05-31 14:00:00+03:00,,0.0,chunk_0015.json,POST /v1/generation/data/dpp-bulk,2026-05-31 21:45:16.354773+00:00,81855,EĞER HES,4910,2026-05-31T14:00:00+03:00,14:00
40W0000000818557,EĞER HES,unknown,2026-05-31 15:00:00+03:00,,0.0,chunk_0015.json,POST /v1/generation/data/dpp-bulk,2026-05-31 21:45:16.354773+00:00,81855,EĞER HES,4910,2026-05-31T15:00:00+03:00,15:00
40W0000000818557,EĞER HES,unknown,2026-05-31 16:00:00+03:00,,0.0,chunk_0015.json,POST /v1/generation/data/dpp-bulk,2026-05-31 21:45:16.354773+00:00,81855,EĞER HES,4910,2026-05-31T16:00:00+03:00,16:00
40W0000000818557,EĞER HES,unknown,2026-05-31 17:00:00+03:00,,0.0,chunk_0015.json,POST /v1/generation/data/dpp-bulk,2026-05-31 21:45:16.354773+00:00,81855,EĞER HES,4910,2026-05-31T17:00:00+03:00,17:00
40W0000000818557,EĞER HES,unknown,2026-05-31 18:00:00+03:00,,0.0,chunk_0015.json,POST /v1/generation/data/dpp-bulk,2026-05-31 21:45:16.354773+00:00,81855,EĞER HES,4910,2026-05-31T18:00:00+03:00,18:00
40W0000000818557,EĞER HES,unknown,2026-05-31 19:00:00+03:00,,0.0,chunk_0015.json,POST /v1/generation/data/dpp-bulk,2026-05-31 21:45:16.354773+00:00,81855,EĞER HES,4910,2026-05-31T19:00:00+03:00,19:00
40W0000000818557,EĞER HES,unknown,2026-05-31 20:00:00+03:00,,0.0,chunk_0015.json,POST /v1/generation/data/dpp-bulk,2026-05-31 21:45:16.354773+00:00,81855,EĞER HES,4910,2026-05-31T20:00:00+03:00,20:00
40W0000000818557,EĞER HES,unknown,2026-05-31 21:00:00+03:00,,0.0,chunk_0015.json,POST /v1/generation/data/dpp-bulk,2026-05-31 21:45:16.354773+00:00,81855,EĞER HES,4910,2026-05-31T21:00:00+03:00,21:00
40W0000000818557,EĞER HES,unknown,2026-05-31 22:00:00+03:00,,0.0,chunk_0015.json,POST /v1/generation/data/dpp-bulk,2026-05-31 21:45:16.354773+00:00,81855,EĞER HES,4910,2026-05-31T22:00:00+03:00,22:00
40W0000000818557,EĞER HES,unknown,2026-05-31 23:00:00+03:00,,0.0,chunk_0015.json,POST /v1/generation/data/dpp-bulk,2026-05-31 21:45:16.354773+00:00,81855,EĞER HES,4910,2026-05-31T23:00:00+03:00,23:00
40W000000083166K,AKSU RES,unknown,2026-05-31 00:00:00+03:00,,6.2,chunk_0015.json,POST /v1/generation/data/dpp-bulk,2026-05-31 21:45:16.354773+00:00,83166,AKSU RES,5009,2026-05-31T00:00:00+03:00,00:00
40W000000083166K,AKSU RES,unknown,2026-05-31 01:00:00+03:00,,0.0,chunk_0015.json,POST /v1/generation/data/dpp-bulk,2026-05-31 21:45:16.354773+00:00,83166,AKSU RES,5009,2026-05-31T01:00:00+03:00,01:00
40W000000083166K,AKSU RES,unknown,2026-05-31 02:00:00+03:00,,0.0,chunk_0015.json,POST /v1/generation/data/dpp-bulk,2026-05-31 21:45:16.354773+00:00,83166,AKSU RES,5009,2026-05-31T02:00:00+03:00,02:00
40W000000083166K,AKSU RES,unknown,2026-05-31 03:00:00+03:00,,0.0,chunk_0015.json,POST /v1/generation/data/dpp-bulk,2026-05-31 21:45:16.354773+00:00,83166,AKSU RES,5009,2026-05-31T03:00:00+03:00,03:00
40W000000083166K,AKSU RES,unknown,2026-05-31 04:00:00+03:00,,0.0,chunk_0015.json,POST /v1/generation/data/dpp-bulk,2026-05-31 21:45:16.354773+00:00,83166,AKSU RES,5009,2026-05-31T04:00:00+03:00,04:00
40W000000083166K,AKSU RES,unknown,2026-05-31 05:00:00+03:00,,0.0,chunk_0015.json,POST /v1/generation/data/dpp-bulk,2026-05-31 21:45:16.354773+00:00,83166,AKSU RES,5009,2026-05-31T05:00:00+03:00,05:00
40W000000083166K,AKSU RES,unknown,2026-05-31 06:00:00+03:00,,0.0,chunk_0015.json,POST /v1/generation/data/dpp-bulk,2026-05-31 21:45:16.354773+00:00,83166,AKSU RES,5009,2026-05-31T06:00:00+03:00,06:00
40W000000083166K,AKSU RES,unknown,2026-05-31 07:00:00+03:00,,0.0,chunk_0015.json,POST /v1/generation/data/dpp-bulk,2026-05-31 21:45:16.354773+00:00,83166,AKSU RES,5009,2026-05-31T07:00:00+03:00,07:00
40W000000083166K,AKSU RES,unknown,2026-05-31 08:00:00+03:00,,0.0,chunk_0015.json,POST /v1/generation/data/dpp-bulk,2026-05-31 21:45:16.354773+00:00,83166,AKSU RES,5009,2026-05-31T08:00:00+03:00,08:00
40W000000083166K,AKSU RES,unknown,2026-05-31 09:00:00+03:00,,0.0,chunk_0015.json,POST /v1/generation/data/dpp-bulk,2026-05-31 21:45:16.354773+00:00,83166,AKSU RES,5009,2026-05-31T09:00:00+03:00,09:00
40W000000083166K,AKSU RES,unknown,2026-05-31 10:00:00+03:00,,0.0,chunk_0015.json,POST /v1/generation/data/dpp-bulk,2026-05-31 21:45:16.354773+00:00,83166,AKSU RES,5009,2026-05-31T10:00:00+03:00,10:00
40W000000083166K,AKSU RES,unknown,2026-05-31 11:00:00+03:00,,0.0,chunk_0015.json,POST /v1/generation/data/dpp-bulk,2026-05-31 21:45:16.354773+00:00,83166,AKSU RES,5009,2026-05-31T11:00:00+03:00,11:00
40W000000083166K,AKSU RES,unknown,2026-05-31 12:00:00+03:00,,0.0,chunk_0015.json,POST /v1/generation/data/dpp-bulk,2026-05-31 21:45:16.354773+00:00,83166,AKSU RES,5009,2026-05-31T12:00:00+03:00,12:00
40W000000083166K,AKSU RES,unknown,2026-05-31 13:00:00+03:00,,0.0,chunk_0015.json,POST /v1/generation/data/dpp-bulk,2026-05-31 21:45:16.354773+00:00,83166,AKSU RES,5009,2026-05-31T13:00:00+03:00,13:00
40W000000083166K,AKSU RES,unknown,2026-05-31 14:00:00+03:00,,0.0,chunk_0015.json,POST /v1/generation/data/dpp-bulk,2026-05-31 21:45:16.354773+00:00,83166,AKSU RES,5009,2026-05-31T14:00:00+03:00,14:00
40W000000083166K,AKSU RES,unknown,2026-05-31 15:00:00+03:00,,0.0,chunk_0015.json,POST /v1/generation/data/dpp-bulk,2026-05-31 21:45:16.354773+00:00,83166,AKSU RES,5009,2026-05-31T15:00:00+03:00,15:00
40W000000083166K,AKSU RES,unknown,2026-05-31 16:00:00+03:00,,0.0,chunk_0015.json,POST /v1/generation/data/dpp-bulk,2026-05-31 21:45:16.354773+00:00,83166,AKSU RES,5009,2026-05-31T16:00:00+03:00,16:00
40W000000083166K,AKSU RES,unknown,2026-05-31 17:00:00+03:00,,0.0,chunk_0015.json,POST /v1/generation/data/dpp-bulk,2026-05-31 21:45:16.354773+00:00,83166,AKSU RES,5009,2026-05-31T17:00:00+03:00,17:00
40W000000083166K,AKSU RES,unknown,2026-05-31 18:00:00+03:00,,11.12,chunk_0015.json,POST /v1/generation/data/dpp-bulk,2026-05-31 21:45:16.354773+00:00,83166,AKSU RES,5009,2026-05-31T18:00:00+03:00,18:00
40W000000083166K,AKSU RES,unknown,2026-05-31 19:00:00+03:00,,20.99,chunk_0015.json,POST /v1/generation/data/dpp-bulk,2026-05-31 21:45:16.354773+00:00,83166,AKSU RES,5009,2026-05-31T19:00:00+03:00,19:00
40W000000083166K,AKSU RES,unknown,2026-05-31 20:00:00+03:00,,17.12,chunk_0015.json,POST /v1/generation/data/dpp-bulk,2026-05-31 21:45:16.354773+00:00,83166,AKSU RES,5009,2026-05-31T20:00:00+03:00,20:00
40W000000083166K,AKSU RES,unknown,2026-05-31 21:00:00+03:00,,14.16,chunk_0015.json,POST /v1/generation/data/dpp-bulk,2026-05-31 21:45:16.354773+00:00,83166,AKSU RES,5009,2026-05-31T21:00:00+03:00,21:00
40W000000083166K,AKSU RES,unknown,2026-05-31 22:00:00+03:00,,11.19,chunk_0015.json,POST /v1/generation/data/dpp-bulk,2026-05-31 21:45:16.354773+00:00,83166,AKSU RES,5009,2026-05-31T22:00:00+03:00,22:00
40W000000083166K,AKSU RES,unknown,2026-05-31 23:00:00+03:00,,8.97,chunk_0015.json,POST /v1/generation/data/dpp-bulk,2026-05-31 21:45:16.354773+00:00,83166,AKSU RES,5009,2026-05-31T23:00:00+03:00,23:00
40W0000000816791,NİKSAR HES,unknown,2026-05-31 00:00:00+03:00,,0.0,chunk_0015.json,POST /v1/generation/data/dpp-bulk,2026-05-31 21:45:16.354773+00:00,81679,NİKSAR HES,7326,2026-05-31T00:00:00+03:00,00:00
40W0000000816791,NİKSAR HES,unknown,2026-05-31 01:00:00+03:00,,0.0,chunk_0015.json,POST /v1/generation/data/dpp-bulk,2026-05-31 21:45:16.354773+00:00,81679,NİKSAR HES,7326,2026-05-31T01:00:00+03:00,01:00
40W0000000816791,NİKSAR HES,unknown,2026-05-31 02:00:00+03:00,,0.0,chunk_0015.json,POST /v1/generation/data/dpp-bulk,2026-05-31 21:45:16.354773+00:00,81679,NİKSAR HES,7326,2026-05-31T02:00:00+03:00,02:00
40W0000000816791,NİKSAR HES,unknown,2026-05-31 03:00:00+03:00,,0.0,chunk_0015.json,POST /v1/generation/data/dpp-bulk,2026-05-31 21:45:16.354773+00:00,81679,NİKSAR HES,7326,2026-05-31T03:00:00+03:00,03:00
40W0000000816791,NİKSAR HES,unknown,2026-05-31 04:00:00+03:00,,0.0,chunk_0015.json,POST /v1/generation/data/dpp-bulk,2026-05-31 21:45:16.354773+00:00,81679,NİKSAR HES,7326,2026-05-31T04:00:00+03:00,04:00
40W0000000816791,NİKSAR HES,unknown,2026-05-31 05:00:00+03:00,,0.0,chunk_0015.json,POST /v1/generation/data/dpp-bulk,2026-05-31 21:45:16.354773+00:00,81679,NİKSAR HES,7326,2026-05-31T05:00:00+03:00,05:00
40W0000000816791,NİKSAR HES,unknown,2026-05-31 06:00:00+03:00,,0.0,chunk_0015.json,POST /v1/generation/data/dpp-bulk,2026-05-31 21:45:16.354773+00:00,81679,NİKSAR HES,7326,2026-05-31T06:00:00+03:00,06:00
40W0000000816791,NİKSAR HES,unknown,2026-05-31 07:00:00+03:00,,0.0,chunk_0015.json,POST /v1/generation/data/dpp-bulk,2026-05-31 21:45:16.354773+00:00,81679,NİKSAR HES,7326,2026-05-31T07:00:00+03:00,07:00
40W0000000816791,NİKSAR HES,unknown,2026-05-31 08:00:00+03:00,,0.0,chunk_0015.json,POST /v1/generation/data/dpp-bulk,2026-05-31 21:45:16.354773+00:00,81679,NİKSAR HES,7326,2026-05-31T08:00:00+03:00,08:00
40W0000000816791,NİKSAR HES,unknown,2026-05-31 09:00:00+03:00,,0.0,chunk_0015.json,POST /v1/generation/data/dpp-bulk,2026-05-31 21:45:16.354773+00:00,81679,NİKSAR HES,7326,2026-05-31T09:00:00+03:00,09:00
40W0000000816791,NİKSAR HES,unknown,2026-05-31 10:00:00+03:00,,0.0,chunk_0015.json,POST /v1/generation/data/dpp-bulk,2026-05-31 21:45:16.354773+00:00,81679,NİKSAR HES,7326,2026-05-31T10:00:00+03:00,10:00
40W0000000816791,NİKSAR HES,unknown,2026-05-31 11:00:00+03:00,,0.0,chunk_0015.json,POST /v1/generation/data/dpp-bulk,2026-05-31 21:45:16.354773+00:00,81679,NİKSAR HES,7326,2026-05-31T11:00:00+03:00,11:00
40W0000000816791,NİKSAR HES,unknown,2026-05-31 12:00:00+03:00,,0.0,chunk_0015.json,POST /v1/generation/data/dpp-bulk,2026-05-31 21:45:16.354773+00:00,81679,NİKSAR HES,7326,2026-05-31T12:00:00+03:00,12:00
40W0000000816791,NİKSAR HES,unknown,2026-05-31 13:00:00+03:00,,0.0,chunk_0015.json,POST /v1/generation/data/dpp-bulk,2026-05-31 21:45:16.354773+00:00,81679,NİKSAR HES,7326,2026-05-31T13:00:00+03:00,13:00
40W0000000816791,NİKSAR HES,unknown,2026-05-31 14:00:00+03:00,,0.0,chunk_0015.json,POST /v1/generation/data/dpp-bulk,2026-05-31 21:45:16.354773+00:00,81679,NİKSAR HES,7326,2026-05-31T14:00:00+03:00,14:00
40W0000000816791,NİKSAR HES,unknown,2026-05-31 15:00:00+03:00,,0.0,chunk_0015.json,POST /v1/generation/data/dpp-bulk,2026-05-31 21:45:16.354773+00:00,81679,NİKSAR HES,7326,2026-05-31T15:00:00+03:00,15:00
40W0000000816791,NİKSAR HES,unknown,2026-05-31 16:00:00+03:00,,0.0,chunk_0015.json,POST /v1/generation/data/dpp-bulk,2026-05-31 21:45:16.354773+00:00,81679,NİKSAR HES,7326,2026-05-31T16:00:00+03:00,16:00
40W0000000816791,NİKSAR HES,unknown,2026-05-31 17:00:00+03:00,,0.0,chunk_0015.json,POST /v1/generation/data/dpp-bulk,2026-05-31 21:45:16.354773+00:00,81679,NİKSAR HES,7326,2026-05-31T17:00:00+03:00,17:00
40W0000000816791,NİKSAR HES,unknown,2026-05-31 18:00:00+03:00,,0.0,chunk_0015.json,POST /v1/generation/data/dpp-bulk,2026-05-31 21:45:16.354773+00:00,81679,NİKSAR HES,7326,2026-05-31T18:00:00+03:00,18:00
40W0000000816791,NİKSAR HES,unknown,2026-05-31 19:00:00+03:00,,0.0,chunk_0015.json,POST /v1/generation/data/dpp-bulk,2026-05-31 21:45:16.354773+00:00,81679,NİKSAR HES,7326,2026-05-31T19:00:00+03:00,19:00
40W0000000816791,NİKSAR HES,unknown,2026-05-31 20:00:00+03:00,,0.0,chunk_0015.json,POST /v1/generation/data/dpp-bulk,2026-05-31 21:45:16.354773+00:00,81679,NİKSAR HES,7326,2026-05-31T20:00:00+03:00,20:00
40W0000000816791,NİKSAR HES,unknown,2026-05-31 21:00:00+03:00,,0.0,chunk_0015.json,POST /v1/generation/data/dpp-bulk,2026-05-31 21:45:16.354773+00:00,81679,NİKSAR HES,7326,2026-05-31T21:00:00+03:00,21:00
40W0000000816791,NİKSAR HES,unknown,2026-05-31 22:00:00+03:00,,0.0,chunk_0015.json,POST /v1/generation/data/dpp-bulk,2026-05-31 21:45:16.354773+00:00,81679,NİKSAR HES,7326,2026-05-31T22:00:00+03:00,22:00
40W0000000816791,NİKSAR HES,unknown,2026-05-31 23:00:00+03:00,,0.0,chunk_0015.json,POST /v1/generation/data/dpp-bulk,2026-05-31 21:45:16.354773+00:00,81679,NİKSAR HES,7326,2026-05-31T23:00:00+03:00,23:00
40W000000081732N,Küçüker Kojenerasyon,unknown,2026-05-31 00:00:00+03:00,,0.0,chunk_0015.json,POST /v1/generation/data/dpp-bulk,2026-05-31 21:45:16.354773+00:00,81732,Küçüker Kojenerasyon,103060,2026-05-31T00:00:00+03:00,00:00
40W000000081732N,Küçüker Kojenerasyon,unknown,2026-05-31 01:00:00+03:00,,0.0,chunk_0015.json,POST /v1/generation/data/dpp-bulk,2026-05-31 21:45:16.354773+00:00,81732,Küçüker Kojenerasyon,103060,2026-05-31T01:00:00+03:00,01:00
40W000000081732N,Küçüker Kojenerasyon,unknown,2026-05-31 02:00:00+03:00,,0.0,chunk_0015.json,POST /v1/generation/data/dpp-bulk,2026-05-31 21:45:16.354773+00:00,81732,Küçüker Kojenerasyon,103060,2026-05-31T02:00:00+03:00,02:00
40W000000081732N,Küçüker Kojenerasyon,unknown,2026-05-31 03:00:00+03:00,,0.0,chunk_0015.json,POST /v1/generation/data/dpp-bulk,2026-05-31 21:45:16.354773+00:00,81732,Küçüker Kojenerasyon,103060,2026-05-31T03:00:00+03:00,03:00
40W000000081732N,Küçüker Kojenerasyon,unknown,2026-05-31 04:00:00+03:00,,0.0,chunk_0015.json,POST /v1/generation/data/dpp-bulk,2026-05-31 21:45:16.354773+00:00,81732,Küçüker Kojenerasyon,103060,2026-05-31T04:00:00+03:00,04:00
40W000000081732N,Küçüker Kojenerasyon,unknown,2026-05-31 05:00:00+03:00,,0.0,chunk_0015.json,POST /v1/generation/data/dpp-bulk,2026-05-31 21:45:16.354773+00:00,81732,Küçüker Kojenerasyon,103060,2026-05-31T05:00:00+03:00,05:00
40W000000081732N,Küçüker Kojenerasyon,unknown,2026-05-31 06:00:00+03:00,,0.0,chunk_0015.json,POST /v1/generation/data/dpp-bulk,2026-05-31 21:45:16.354773+00:00,81732,Küçüker Kojenerasyon,103060,2026-05-31T06:00:00+03:00,06:00
40W000000081732N,Küçüker Kojenerasyon,unknown,2026-05-31 07:00:00+03:00,,0.0,chunk_0015.json,POST /v1/generation/data/dpp-bulk,2026-05-31 21:45:16.354773+00:00,81732,Küçüker Kojenerasyon,103060,2026-05-31T07:00:00+03:00,07:00
40W000000081732N,Küçüker Kojenerasyon,unknown,2026-05-31 08:00:00+03:00,,0.0,chunk_0015.json,POST /v1/generation/data/dpp-bulk,2026-05-31 21:45:16.354773+00:00,81732,Küçüker Kojenerasyon,103060,2026-05-31T08:00:00+03:00,08:00
40W000000081732N,Küçüker Kojenerasyon,unknown,2026-05-31 09:00:00+03:00,,0.0,chunk_0015.json,POST /v1/generation/data/dpp-bulk,2026-05-31 21:45:16.354773+00:00,81732,Küçüker Kojenerasyon,103060,2026-05-31T09:00:00+03:00,09:00
40W000000081732N,Küçüker Kojenerasyon,unknown,2026-05-31 10:00:00+03:00,,0.0,chunk_0015.json,POST /v1/generation/data/dpp-bulk,2026-05-31 21:45:16.354773+00:00,81732,Küçüker Kojenerasyon,103060,2026-05-31T10:00:00+03:00,10:00
40W000000081732N,Küçüker Kojenerasyon,unknown,2026-05-31 11:00:00+03:00,,0.0,chunk_0015.json,POST /v1/generation/data/dpp-bulk,2026-05-31 21:45:16.354773+00:00,81732,Küçüker Kojenerasyon,103060,2026-05-31T11:00:00+03:00,11:00
40W000000081732N,Küçüker Kojenerasyon,unknown,2026-05-31 12:00:00+03:00,,0.0,chunk_0015.json,POST /v1/generation/data/dpp-bulk,2026-05-31 21:45:16.354773+00:00,81732,Küçüker Kojenerasyon,103060,2026-05-31T12:00:00+03:00,12:00
40W000000081732N,Küçüker Kojenerasyon,unknown,2026-05-31 13:00:00+03:00,,0.0,chunk_0015.json,POST /v1/generation/data/dpp-bulk,2026-05-31 21:45:16.354773+00:00,81732,Küçüker Kojenerasyon,103060,2026-05-31T13:00:00+03:00,13:00
40W000000081732N,Küçüker Kojenerasyon,unknown,2026-05-31 14:00:00+03:00,,0.0,chunk_0015.json,POST /v1/generation/data/dpp-bulk,2026-05-31 21:45:16.354773+00:00,81732,Küçüker Kojenerasyon,103060,2026-05-31T14:00:00+03:00,14:00
40W000000081732N,Küçüker Kojenerasyon,unknown,2026-05-31 15:00:00+03:00,,0.0,chunk_0015.json,POST /v1/generation/data/dpp-bulk,2026-05-31 21:45:16.354773+00:00,81732,Küçüker Kojenerasyon,103060,2026-05-31T15:00:00+03:00,15:00
40W000000081732N,Küçüker Kojenerasyon,unknown,2026-05-31 16:00:00+03:00,,0.0,chunk_0015.json,POST /v1/generation/data/dpp-bulk,2026-05-31 21:45:16.354773+00:00,81732,Küçüker Kojenerasyon,103060,2026-05-31T16:00:00+03:00,16:00
40W000000081732N,Küçüker Kojenerasyon,unknown,2026-05-31 17:00:00+03:00,,0.0,chunk_0015.json,POST /v1/generation/data/dpp-bulk,2026-05-31 21:45:16.354773+00:00,81732,Küçüker Kojenerasyon,103060,2026-05-31T17:00:00+03:00,17:00
40W000000081732N,Küçüker Kojenerasyon,unknown,2026-05-31 18:00:00+03:00,,0.0,chunk_0015.json,POST /v1/generation/data/dpp-bulk,2026-05-31 21:45:16.354773+00:00,81732,Küçüker Kojenerasyon,103060,2026-05-31T18:00:00+03:00,18:00
40W000000081732N,Küçüker Kojenerasyon,unknown,2026-05-31 19:00:00+03:00,,0.0,chunk_0015.json,POST /v1/generation/data/dpp-bulk,2026-05-31 21:45:16.354773+00:00,81732,Küçüker Kojenerasyon,103060,2026-05-31T19:00:00+03:00,19:00
40W000000081732N,Küçüker Kojenerasyon,unknown,2026-05-31 20:00:00+03:00,,0.0,chunk_0015.json,POST /v1/generation/data/dpp-bulk,2026-05-31 21:45:16.354773+00:00,81732,Küçüker Kojenerasyon,103060,2026-05-31T20:00:00+03:00,20:00
40W000000081732N,Küçüker Kojenerasyon,unknown,2026-05-31 21:00:00+03:00,,0.0,chunk_0015.json,POST /v1/generation/data/dpp-bulk,2026-05-31 21:45:16.354773+00:00,81732,Küçüker Kojenerasyon,103060,2026-05-31T21:00:00+03:00,21:00
40W000000081732N,Küçüker Kojenerasyon,unknown,2026-05-31 22:00:00+03:00,,0.0,chunk_0015.json,POST /v1/generation/data/dpp-bulk,2026-05-31 21:45:16.354773+00:00,81732,Küçüker Kojenerasyon,103060,2026-05-31T22:00:00+03:00,22:00
40W000000081732N,Küçüker Kojenerasyon,unknown,2026-05-31 23:00:00+03:00,,0.0,chunk_0015.json,POST /v1/generation/data/dpp-bulk,2026-05-31 21:45:16.354773+00:00,81732,Küçüker Kojenerasyon,103060,2026-05-31T23:00:00+03:00,23:00
40W0000000817860,SÖKE-ÇATALBÜK RES,unknown,2026-05-31 00:00:00+03:00,,7.96,chunk_0015.json,POST /v1/generation/data/dpp-bulk,2026-05-31 21:45:16.354773+00:00,81786,SÖKE-ÇATALBÜK RES,103060,2026-05-31T00:00:00+03:00,00:00
40W0000000817860,SÖKE-ÇATALBÜK RES,unknown,2026-05-31 01:00:00+03:00,,6.75,chunk_0015.json,POST /v1/generation/data/dpp-bulk,2026-05-31 21:45:16.354773+00:00,81786,SÖKE-ÇATALBÜK RES,103060,2026-05-31T01:00:00+03:00,01:00
40W0000000817860,SÖKE-ÇATALBÜK RES,unknown,2026-05-31 02:00:00+03:00,,5.02,chunk_0015.json,POST /v1/generation/data/dpp-bulk,2026-05-31 21:45:16.354773+00:00,81786,SÖKE-ÇATALBÜK RES,103060,2026-05-31T02:00:00+03:00,02:00
40W0000000817860,SÖKE-ÇATALBÜK RES,unknown,2026-05-31 03:00:00+03:00,,3.18,chunk_0015.json,POST /v1/generation/data/dpp-bulk,2026-05-31 21:45:16.354773+00:00,81786,SÖKE-ÇATALBÜK RES,103060,2026-05-31T03:00:00+03:00,03:00
40W0000000817860,SÖKE-ÇATALBÜK RES,unknown,2026-05-31 04:00:00+03:00,,3.44,chunk_0015.json,POST /v1/generation/data/dpp-bulk,2026-05-31 21:45:16.354773+00:00,81786,SÖKE-ÇATALBÜK RES,103060,2026-05-31T04:00:00+03:00,04:00
40W0000000817860,SÖKE-ÇATALBÜK RES,unknown,2026-05-31 05:00:00+03:00,,2.66,chunk_0015.json,POST /v1/generation/data/dpp-bulk,2026-05-31 21:45:16.354773+00:00,81786,SÖKE-ÇATALBÜK RES,103060,2026-05-31T05:00:00+03:00,05:00
40W0000000817860,SÖKE-ÇATALBÜK RES,unknown,2026-05-31 06:00:00+03:00,,2.51,chunk_0015.json,POST /v1/generation/data/dpp-bulk,2026-05-31 21:45:16.354773+00:00,81786,SÖKE-ÇATALBÜK RES,103060,2026-05-31T06:00:00+03:00,06:00
40W0000000817860,SÖKE-ÇATALBÜK RES,unknown,2026-05-31 07:00:00+03:00,,3.36,chunk_0015.json,POST /v1/generation/data/dpp-bulk,2026-05-31 21:45:16.354773+00:00,81786,SÖKE-ÇATALBÜK RES,103060,2026-05-31T07:00:00+03:00,07:00
40W0000000817860,SÖKE-ÇATALBÜK RES,unknown,2026-05-31 08:00:00+03:00,,3.2,chunk_0015.json,POST /v1/generation/data/dpp-bulk,2026-05-31 21:45:16.354773+00:00,81786,SÖKE-ÇATALBÜK RES,103060,2026-05-31T08:00:00+03:00,08:00
40W0000000817860,SÖKE-ÇATALBÜK RES,unknown,2026-05-31 09:00:00+03:00,,3.43,chunk_0015.json,POST /v1/generation/data/dpp-bulk,2026-05-31 21:45:16.354773+00:00,81786,SÖKE-ÇATALBÜK RES,103060,2026-05-31T09:00:00+03:00,09:00
40W0000000817860,SÖKE-ÇATALBÜK RES,unknown,2026-05-31 10:00:00+03:00,,1.74,chunk_0015.json,POST /v1/generation/data/dpp-bulk,2026-05-31 21:45:16.354773+00:00,81786,SÖKE-ÇATALBÜK RES,103060,2026-05-31T10:00:00+03:00,10:00
40W0000000817860,SÖKE-ÇATALBÜK RES,unknown,2026-05-31 11:00:00+03:00,,0.56,chunk_0015.json,POST /v1/generation/data/dpp-bulk,2026-05-31 21:45:16.354773+00:00,81786,SÖKE-ÇATALBÜK RES,103060,2026-05-31T11:00:00+03:00,11:00
40W0000000817860,SÖKE-ÇATALBÜK RES,unknown,2026-05-31 12:00:00+03:00,,0.31,chunk_0015.json,POST /v1/generation/data/dpp-bulk,2026-05-31 21:45:16.354773+00:00,81786,SÖKE-ÇATALBÜK RES,103060,2026-05-31T12:00:00+03:00,12:00
40W0000000817860,SÖKE-ÇATALBÜK RES,unknown,2026-05-31 13:00:00+03:00,,0.4,chunk_0015.json,POST /v1/generation/data/dpp-bulk,2026-05-31 21:45:16.354773+00:00,81786,SÖKE-ÇATALBÜK RES,103060,2026-05-31T13:00:00+03:00,13:00
40W0000000817860,SÖKE-ÇATALBÜK RES,unknown,2026-05-31 14:00:00+03:00,,1.95,chunk_0015.json,POST /v1/generation/data/dpp-bulk,2026-05-31 21:45:16.354773+00:00,81786,SÖKE-ÇATALBÜK RES,103060,2026-05-31T14:00:00+03:00,14:00
40W0000000817860,SÖKE-ÇATALBÜK RES,unknown,2026-05-31 15:00:00+03:00,,4.64,chunk_0015.json,POST /v1/generation/data/dpp-bulk,2026-05-31 21:45:16.354773+00:00,81786,SÖKE-ÇATALBÜK RES,103060,2026-05-31T15:00:00+03:00,15:00
40W0000000817860,SÖKE-ÇATALBÜK RES,unknown,2026-05-31 16:00:00+03:00,,4.35,chunk_0015.json,POST /v1/generation/data/dpp-bulk,2026-05-31 21:45:16.354773+00:00,81786,SÖKE-ÇATALBÜK RES,103060,2026-05-31T16:00:00+03:00,16:00
40W0000000817860,SÖKE-ÇATALBÜK RES,unknown,2026-05-31 17:00:00+03:00,,3.66,chunk_0015.json,POST /v1/generation/data/dpp-bulk,2026-05-31 21:45:16.354773+00:00,81786,SÖKE-ÇATALBÜK RES,103060,2026-05-31T17:00:00+03:00,17:00
40W0000000817860,SÖKE-ÇATALBÜK RES,unknown,2026-05-31 18:00:00+03:00,,2.52,chunk_0015.json,POST /v1/generation/data/dpp-bulk,2026-05-31 21:45:16.354773+00:00,81786,SÖKE-ÇATALBÜK RES,103060,2026-05-31T18:00:00+03:00,18:00
40W0000000817860,SÖKE-ÇATALBÜK RES,unknown,2026-05-31 19:00:00+03:00,,1.02,chunk_0015.json,POST /v1/generation/data/dpp-bulk,2026-05-31 21:45:16.354773+00:00,81786,SÖKE-ÇATALBÜK RES,103060,2026-05-31T19:00:00+03:00,19:00
40W0000000817860,SÖKE-ÇATALBÜK RES,unknown,2026-05-31 20:00:00+03:00,,0.35,chunk_0015.json,POST /v1/generation/data/dpp-bulk,2026-05-31 21:45:16.354773+00:00,81786,SÖKE-ÇATALBÜK RES,103060,2026-05-31T20:00:00+03:00,20:00
40W0000000817860,SÖKE-ÇATALBÜK RES,unknown,2026-05-31 21:00:00+03:00,,0.13,chunk_0015.json,POST /v1/generation/data/dpp-bulk,2026-05-31 21:45:16.354773+00:00,81786,SÖKE-ÇATALBÜK RES,103060,2026-05-31T21:00:00+03:00,21:00
40W0000000817860,SÖKE-ÇATALBÜK RES,unknown,2026-05-31 22:00:00+03:00,,0.08,chunk_0015.json,POST /v1/generation/data/dpp-bulk,2026-05-31 21:45:16.354773+00:00,81786,SÖKE-ÇATALBÜK RES,103060,2026-05-31T22:00:00+03:00,22:00
40W0000000817860,SÖKE-ÇATALBÜK RES,unknown,2026-05-31 23:00:00+03:00,,0.05,chunk_0015.json,POST /v1/generation/data/dpp-bulk,2026-05-31 21:45:16.354773+00:00,81786,SÖKE-ÇATALBÜK RES,103060,2026-05-31T23:00:00+03:00,23:00
40W000000081822M,HORU HES,unknown,2026-05-31 00:00:00+03:00,,0.0,chunk_0015.json,POST /v1/generation/data/dpp-bulk,2026-05-31 21:45:16.354773+00:00,81822,HORU HES,103060,2026-05-31T00:00:00+03:00,00:00
40W000000081822M,HORU HES,unknown,2026-05-31 01:00:00+03:00,,0.0,chunk_0015.json,POST /v1/generation/data/dpp-bulk,2026-05-31 21:45:16.354773+00:00,81822,HORU HES,103060,2026-05-31T01:00:00+03:00,01:00
40W000000081822M,HORU HES,unknown,2026-05-31 02:00:00+03:00,,0.0,chunk_0015.json,POST /v1/generation/data/dpp-bulk,2026-05-31 21:45:16.354773+00:00,81822,HORU HES,103060,2026-05-31T02:00:00+03:00,02:00
40W000000081822M,HORU HES,unknown,2026-05-31 03:00:00+03:00,,0.0,chunk_0015.json,POST /v1/generation/data/dpp-bulk,2026-05-31 21:45:16.354773+00:00,81822,HORU HES,103060,2026-05-31T03:00:00+03:00,03:00
40W000000081822M,HORU HES,unknown,2026-05-31 04:00:00+03:00,,0.0,chunk_0015.json,POST /v1/generation/data/dpp-bulk,2026-05-31 21:45:16.354773+00:00,81822,HORU HES,103060,2026-05-31T04:00:00+03:00,04:00
40W000000081822M,HORU HES,unknown,2026-05-31 05:00:00+03:00,,0.0,chunk_0015.json,POST /v1/generation/data/dpp-bulk,2026-05-31 21:45:16.354773+00:00,81822,HORU HES,103060,2026-05-31T05:00:00+03:00,05:00
40W000000081822M,HORU HES,unknown,2026-05-31 06:00:00+03:00,,0.0,chunk_0015.json,POST /v1/generation/data/dpp-bulk,2026-05-31 21:45:16.354773+00:00,81822,HORU HES,103060,2026-05-31T06:00:00+03:00,06:00
40W000000081822M,HORU HES,unknown,2026-05-31 07:00:00+03:00,,0.0,chunk_0015.json,POST /v1/generation/data/dpp-bulk,2026-05-31 21:45:16.354773+00:00,81822,HORU HES,103060,2026-05-31T07:00:00+03:00,07:00
40W000000081822M,HORU HES,unknown,2026-05-31 08:00:00+03:00,,0.0,chunk_0015.json,POST /v1/generation/data/dpp-bulk,2026-05-31 21:45:16.354773+00:00,81822,HORU HES,103060,2026-05-31T08:00:00+03:00,08:00
40W000000081822M,HORU HES,unknown,2026-05-31 09:00:00+03:00,,0.0,chunk_0015.json,POST /v1/generation/data/dpp-bulk,2026-05-31 21:45:16.354773+00:00,81822,HORU HES,103060,2026-05-31T09:00:00+03:00,09:00
40W000000081822M,HORU HES,unknown,2026-05-31 10:00:00+03:00,,0.0,chunk_0015.json,POST /v1/generation/data/dpp-bulk,2026-05-31 21:45:16.354773+00:00,81822,HORU HES,103060,2026-05-31T10:00:00+03:00,10:00
40W000000081822M,HORU HES,unknown,2026-05-31 11:00:00+03:00,,0.0,chunk_0015.json,POST /v1/generation/data/dpp-bulk,2026-05-31 21:45:16.354773+00:00,81822,HORU HES,103060,2026-05-31T11:00:00+03:00,11:00
40W000000081822M,HORU HES,unknown,2026-05-31 12:00:00+03:00,,0.0,chunk_0015.json,POST /v1/generation/data/dpp-bulk,2026-05-31 21:45:16.354773+00:00,81822,HORU HES,103060,2026-05-31T12:00:00+03:00,12:00
40W000000081822M,HORU HES,unknown,2026-05-31 13:00:00+03:00,,0.0,chunk_0015.json,POST /v1/generation/data/dpp-bulk,2026-05-31 21:45:16.354773+00:00,81822,HORU HES,103060,2026-05-31T13:00:00+03:00,13:00
40W000000081822M,HORU HES,unknown,2026-05-31 14:00:00+03:00,,0.0,chunk_0015.json,POST /v1/generation/data/dpp-bulk,2026-05-31 21:45:16.354773+00:00,81822,HORU HES,103060,2026-05-31T14:00:00+03:00,14:00
40W000000081822M,HORU HES,unknown,2026-05-31 15:00:00+03:00,,0.0,chunk_0015.json,POST /v1/generation/data/dpp-bulk,2026-05-31 21:45:16.354773+00:00,81822,HORU HES,103060,2026-05-31T15:00:00+03:00,15:00
40W000000081822M,HORU HES,unknown,2026-05-31 16:00:00+03:00,,0.0,chunk_0015.json,POST /v1/generation/data/dpp-bulk,2026-05-31 21:45:16.354773+00:00,81822,HORU HES,103060,2026-05-31T16:00:00+03:00,16:00
40W000000081822M,HORU HES,unknown,2026-05-31 17:00:00+03:00,,0.0,chunk_0015.json,POST /v1/generation/data/dpp-bulk,2026-05-31 21:45:16.354773+00:00,81822,HORU HES,103060,2026-05-31T17:00:00+03:00,17:00
40W000000081822M,HORU HES,unknown,2026-05-31 18:00:00+03:00,,0.0,chunk_0015.json,POST /v1/generation/data/dpp-bulk,2026-05-31 21:45:16.354773+00:00,81822,HORU HES,103060,2026-05-31T18:00:00+03:00,18:00
40W000000081822M,HORU HES,unknown,2026-05-31 19:00:00+03:00,,0.0,chunk_0015.json,POST /v1/generation/data/dpp-bulk,2026-05-31 21:45:16.354773+00:00,81822,HORU HES,103060,2026-05-31T19:00:00+03:00,19:00
40W000000081822M,HORU HES,unknown,2026-05-31 20:00:00+03:00,,0.0,chunk_0015.json,POST /v1/generation/data/dpp-bulk,2026-05-31 21:45:16.354773+00:00,81822,HORU HES,103060,2026-05-31T20:00:00+03:00,20:00
40W000000081822M,HORU HES,unknown,2026-05-31 21:00:00+03:00,,0.0,chunk_0015.json,POST /v1/generation/data/dpp-bulk,2026-05-31 21:45:16.354773+00:00,81822,HORU HES,103060,2026-05-31T21:00:00+03:00,21:00
40W000000081822M,HORU HES,unknown,2026-05-31 22:00:00+03:00,,0.0,chunk_0015.json,POST /v1/generation/data/dpp-bulk,2026-05-31 21:45:16.354773+00:00,81822,HORU HES,103060,2026-05-31T22:00:00+03:00,22:00
40W000000081822M,HORU HES,unknown,2026-05-31 23:00:00+03:00,,0.0,chunk_0015.json,POST /v1/generation/data/dpp-bulk,2026-05-31 21:45:16.354773+00:00,81822,HORU HES,103060,2026-05-31T23:00:00+03:00,23:00
40W000000082779T,BEYPİ OTOPRODÜKTÖR SANTRALİ,unknown,2026-05-31 00:00:00+03:00,,0.0,chunk_0015.json,POST /v1/generation/data/dpp-bulk,2026-05-31 21:45:16.354773+00:00,82779,BEYPİ OTOPRODÜKTÖR SANTRALİ,103060,2026-05-31T00:00:00+03:00,00:00
40W000000082779T,BEYPİ OTOPRODÜKTÖR SANTRALİ,unknown,2026-05-31 01:00:00+03:00,,0.0,chunk_0015.json,POST /v1/generation/data/dpp-bulk,2026-05-31 21:45:16.354773+00:00,82779,BEYPİ OTOPRODÜKTÖR SANTRALİ,103060,2026-05-31T01:00:00+03:00,01:00
40W000000082779T,BEYPİ OTOPRODÜKTÖR SANTRALİ,unknown,2026-05-31 02:00:00+03:00,,0.0,chunk_0015.json,POST /v1/generation/data/dpp-bulk,2026-05-31 21:45:16.354773+00:00,82779,BEYPİ OTOPRODÜKTÖR SANTRALİ,103060,2026-05-31T02:00:00+03:00,02:00
40W000000082779T,BEYPİ OTOPRODÜKTÖR SANTRALİ,unknown,2026-05-31 03:00:00+03:00,,0.0,chunk_0015.json,POST /v1/generation/data/dpp-bulk,2026-05-31 21:45:16.354773+00:00,82779,BEYPİ OTOPRODÜKTÖR SANTRALİ,103060,2026-05-31T03:00:00+03:00,03:00
40W000000082779T,BEYPİ OTOPRODÜKTÖR SANTRALİ,unknown,2026-05-31 04:00:00+03:00,,0.0,chunk_0015.json,POST /v1/generation/data/dpp-bulk,2026-05-31 21:45:16.354773+00:00,82779,BEYPİ OTOPRODÜKTÖR SANTRALİ,103060,2026-05-31T04:00:00+03:00,04:00
40W000000082779T,BEYPİ OTOPRODÜKTÖR SANTRALİ,unknown,2026-05-31 05:00:00+03:00,,0.0,chunk_0015.json,POST /v1/generation/data/dpp-bulk,2026-05-31 21:45:16.354773+00:00,82779,BEYPİ OTOPRODÜKTÖR SANTRALİ,103060,2026-05-31T05:00:00+03:00,05:00
40W000000082779T,BEYPİ OTOPRODÜKTÖR SANTRALİ,unknown,2026-05-31 06:00:00+03:00,,0.0,chunk_0015.json,POST /v1/generation/data/dpp-bulk,2026-05-31 21:45:16.354773+00:00,82779,BEYPİ OTOPRODÜKTÖR SANTRALİ,103060,2026-05-31T06:00:00+03:00,06:00
40W000000082779T,BEYPİ OTOPRODÜKTÖR SANTRALİ,unknown,2026-05-31 07:00:00+03:00,,0.0,chunk_0015.json,POST /v1/generation/data/dpp-bulk,2026-05-31 21:45:16.354773+00:00,82779,BEYPİ OTOPRODÜKTÖR SANTRALİ,103060,2026-05-31T07:00:00+03:00,07:00
40W000000082779T,BEYPİ OTOPRODÜKTÖR SANTRALİ,unknown,2026-05-31 08:00:00+03:00,,0.0,chunk_0015.json,POST /v1/generation/data/dpp-bulk,2026-05-31 21:45:16.354773+00:00,82779,BEYPİ OTOPRODÜKTÖR SANTRALİ,103060,2026-05-31T08:00:00+03:00,08:00
40W000000082779T,BEYPİ OTOPRODÜKTÖR SANTRALİ,unknown,2026-05-31 09:00:00+03:00,,0.0,chunk_0015.json,POST /v1/generation/data/dpp-bulk,2026-05-31 21:45:16.354773+00:00,82779,BEYPİ OTOPRODÜKTÖR SANTRALİ,103060,2026-05-31T09:00:00+03:00,09:00
40W000000082779T,BEYPİ OTOPRODÜKTÖR SANTRALİ,unknown,2026-05-31 10:00:00+03:00,,0.0,chunk_0015.json,POST /v1/generation/data/dpp-bulk,2026-05-31 21:45:16.354773+00:00,82779,BEYPİ OTOPRODÜKTÖR SANTRALİ,103060,2026-05-31T10:00:00+03:00,10:00
40W000000082779T,BEYPİ OTOPRODÜKTÖR SANTRALİ,unknown,2026-05-31 11:00:00+03:00,,0.0,chunk_0015.json,POST /v1/generation/data/dpp-bulk,2026-05-31 21:45:16.354773+00:00,82779,BEYPİ OTOPRODÜKTÖR SANTRALİ,103060,2026-05-31T11:00:00+03:00,11:00
40W000000082779T,BEYPİ OTOPRODÜKTÖR SANTRALİ,unknown,2026-05-31 12:00:00+03:00,,0.0,chunk_0015.json,POST /v1/generation/data/dpp-bulk,2026-05-31 21:45:16.354773+00:00,82779,BEYPİ OTOPRODÜKTÖR SANTRALİ,103060,2026-05-31T12:00:00+03:00,12:00
40W000000082779T,BEYPİ OTOPRODÜKTÖR SANTRALİ,unknown,2026-05-31 13:00:00+03:00,,0.0,chunk_0015.json,POST /v1/generation/data/dpp-bulk,2026-05-31 21:45:16.354773+00:00,82779,BEYPİ OTOPRODÜKTÖR SANTRALİ,103060,2026-05-31T13:00:00+03:00,13:00
40W000000082779T,BEYPİ OTOPRODÜKTÖR SANTRALİ,unknown,2026-05-31 14:00:00+03:00,,0.0,chunk_0015.json,POST /v1/generation/data/dpp-bulk,2026-05-31 21:45:16.354773+00:00,82779,BEYPİ OTOPRODÜKTÖR SANTRALİ,103060,2026-05-31T14:00:00+03:00,14:00
40W000000082779T,BEYPİ OTOPRODÜKTÖR SANTRALİ,unknown,2026-05-31 15:00:00+03:00,,0.0,chunk_0015.json,POST /v1/generation/data/dpp-bulk,2026-05-31 21:45:16.354773+00:00,82779,BEYPİ OTOPRODÜKTÖR SANTRALİ,103060,2026-05-31T15:00:00+03:00,15:00
40W000000082779T,BEYPİ OTOPRODÜKTÖR SANTRALİ,unknown,2026-05-31 16:00:00+03:00,,0.0,chunk_0015.json,POST /v1/generation/data/dpp-bulk,2026-05-31 21:45:16.354773+00:00,82779,BEYPİ OTOPRODÜKTÖR SANTRALİ,103060,2026-05-31T16:00:00+03:00,16:00
40W000000082779T,BEYPİ OTOPRODÜKTÖR SANTRALİ,unknown,2026-05-31 17:00:00+03:00,,0.0,chunk_0015.json,POST /v1/generation/data/dpp-bulk,2026-05-31 21:45:16.354773+00:00,82779,BEYPİ OTOPRODÜKTÖR SANTRALİ,103060,2026-05-31T17:00:00+03:00,17:00
40W000000082779T,BEYPİ OTOPRODÜKTÖR SANTRALİ,unknown,2026-05-31 18:00:00+03:00,,0.0,chunk_0015.json,POST /v1/generation/data/dpp-bulk,2026-05-31 21:45:16.354773+00:00,82779,BEYPİ OTOPRODÜKTÖR SANTRALİ,103060,2026-05-31T18:00:00+03:00,18:00
40W000000082779T,BEYPİ OTOPRODÜKTÖR SANTRALİ,unknown,2026-05-31 19:00:00+03:00,,0.0,chunk_0015.json,POST /v1/generation/data/dpp-bulk,2026-05-31 21:45:16.354773+00:00,82779,BEYPİ OTOPRODÜKTÖR SANTRALİ,103060,2026-05-31T19:00:00+03:00,19:00
40W000000082779T,BEYPİ OTOPRODÜKTÖR SANTRALİ,unknown,2026-05-31 20:00:00+03:00,,0.0,chunk_0015.json,POST /v1/generation/data/dpp-bulk,2026-05-31 21:45:16.354773+00:00,82779,BEYPİ OTOPRODÜKTÖR SANTRALİ,103060,2026-05-31T20:00:00+03:00,20:00
40W000000082779T,BEYPİ OTOPRODÜKTÖR SANTRALİ,unknown,2026-05-31 21:00:00+03:00,,0.0,chunk_0015.json,POST /v1/generation/data/dpp-bulk,2026-05-31 21:45:16.354773+00:00,82779,BEYPİ OTOPRODÜKTÖR SANTRALİ,103060,2026-05-31T21:00:00+03:00,21:00
40W000000082779T,BEYPİ OTOPRODÜKTÖR SANTRALİ,unknown,2026-05-31 22:00:00+03:00,,0.0,chunk_0015.json,POST /v1/generation/data/dpp-bulk,2026-05-31 21:45:16.354773+00:00,82779,BEYPİ OTOPRODÜKTÖR SANTRALİ,103060,2026-05-31T22:00:00+03:00,22:00
40W000000082779T,BEYPİ OTOPRODÜKTÖR SANTRALİ,unknown,2026-05-31 23:00:00+03:00,,0.0,chunk_0015.json,POST /v1/generation/data/dpp-bulk,2026-05-31 21:45:16.354773+00:00,82779,BEYPİ OTOPRODÜKTÖR SANTRALİ,103060,2026-05-31T23:00:00+03:00,23:00
40W000000082717E,TUNA HES,unknown,2026-05-31 00:00:00+03:00,,36.0,chunk_0015.json,POST /v1/generation/data/dpp-bulk,2026-05-31 21:45:16.354773+00:00,82717,TUNA HES,103201,2026-05-31T00:00:00+03:00,00:00
40W000000082717E,TUNA HES,unknown,2026-05-31 01:00:00+03:00,,36.0,chunk_0015.json,POST /v1/generation/data/dpp-bulk,2026-05-31 21:45:16.354773+00:00,82717,TUNA HES,103201,2026-05-31T01:00:00+03:00,01:00
40W000000082717E,TUNA HES,unknown,2026-05-31 02:00:00+03:00,,36.0,chunk_0015.json,POST /v1/generation/data/dpp-bulk,2026-05-31 21:45:16.354773+00:00,82717,TUNA HES,103201,2026-05-31T02:00:00+03:00,02:00
40W000000082717E,TUNA HES,unknown,2026-05-31 03:00:00+03:00,,36.0,chunk_0015.json,POST /v1/generation/data/dpp-bulk,2026-05-31 21:45:16.354773+00:00,82717,TUNA HES,103201,2026-05-31T03:00:00+03:00,03:00
40W000000082717E,TUNA HES,unknown,2026-05-31 04:00:00+03:00,,0.0,chunk_0015.json,POST /v1/generation/data/dpp-bulk,2026-05-31 21:45:16.354773+00:00,82717,TUNA HES,103201,2026-05-31T04:00:00+03:00,04:00
40W000000082717E,TUNA HES,unknown,2026-05-31 05:00:00+03:00,,0.0,chunk_0015.json,POST /v1/generation/data/dpp-bulk,2026-05-31 21:45:16.354773+00:00,82717,TUNA HES,103201,2026-05-31T05:00:00+03:00,05:00
40W000000082717E,TUNA HES,unknown,2026-05-31 06:00:00+03:00,,0.0,chunk_0015.json,POST /v1/generation/data/dpp-bulk,2026-05-31 21:45:16.354773+00:00,82717,TUNA HES,103201,2026-05-31T06:00:00+03:00,06:00
40W000000082717E,TUNA HES,unknown,2026-05-31 07:00:00+03:00,,0.0,chunk_0015.json,POST /v1/generation/data/dpp-bulk,2026-05-31 21:45:16.354773+00:00,82717,TUNA HES,103201,2026-05-31T07:00:00+03:00,07:00
40W000000082717E,TUNA HES,unknown,2026-05-31 08:00:00+03:00,,0.0,chunk_0015.json,POST /v1/generation/data/dpp-bulk,2026-05-31 21:45:16.354773+00:00,82717,TUNA HES,103201,2026-05-31T08:00:00+03:00,08:00
40W000000082717E,TUNA HES,unknown,2026-05-31 09:00:00+03:00,,0.0,chunk_0015.json,POST /v1/generation/data/dpp-bulk,2026-05-31 21:45:16.354773+00:00,82717,TUNA HES,103201,2026-05-31T09:00:00+03:00,09:00
40W000000082717E,TUNA HES,unknown,2026-05-31 10:00:00+03:00,,0.0,chunk_0015.json,POST /v1/generation/data/dpp-bulk,2026-05-31 21:45:16.354773+00:00,82717,TUNA HES,103201,2026-05-31T10:00:00+03:00,10:00
40W000000082717E,TUNA HES,unknown,2026-05-31 11:00:00+03:00,,0.0,chunk_0015.json,POST /v1/generation/data/dpp-bulk,2026-05-31 21:45:16.354773+00:00,82717,TUNA HES,103201,2026-05-31T11:00:00+03:00,11:00
40W000000082717E,TUNA HES,unknown,2026-05-31 12:00:00+03:00,,0.0,chunk_0015.json,POST /v1/generation/data/dpp-bulk,2026-05-31 21:45:16.354773+00:00,82717,TUNA HES,103201,2026-05-31T12:00:00+03:00,12:00
40W000000082717E,TUNA HES,unknown,2026-05-31 13:00:00+03:00,,0.0,chunk_0015.json,POST /v1/generation/data/dpp-bulk,2026-05-31 21:45:16.354773+00:00,82717,TUNA HES,103201,2026-05-31T13:00:00+03:00,13:00
40W000000082717E,TUNA HES,unknown,2026-05-31 14:00:00+03:00,,0.0,chunk_0015.json,POST /v1/generation/data/dpp-bulk,2026-05-31 21:45:16.354773+00:00,82717,TUNA HES,103201,2026-05-31T14:00:00+03:00,14:00
40W000000082717E,TUNA HES,unknown,2026-05-31 15:00:00+03:00,,0.0,chunk_0015.json,POST /v1/generation/data/dpp-bulk,2026-05-31 21:45:16.354773+00:00,82717,TUNA HES,103201,2026-05-31T15:00:00+03:00,15:00
40W000000082717E,TUNA HES,unknown,2026-05-31 16:00:00+03:00,,0.0,chunk_0015.json,POST /v1/generation/data/dpp-bulk,2026-05-31 21:45:16.354773+00:00,82717,TUNA HES,103201,2026-05-31T16:00:00+03:00,16:00
40W000000082717E,TUNA HES,unknown,2026-05-31 17:00:00+03:00,,0.0,chunk_0015.json,POST /v1/generation/data/dpp-bulk,2026-05-31 21:45:16.354773+00:00,82717,TUNA HES,103201,2026-05-31T17:00:00+03:00,17:00
40W000000082717E,TUNA HES,unknown,2026-05-31 18:00:00+03:00,,0.0,chunk_0015.json,POST /v1/generation/data/dpp-bulk,2026-05-31 21:45:16.354773+00:00,82717,TUNA HES,103201,2026-05-31T18:00:00+03:00,18:00
40W000000082717E,TUNA HES,unknown,2026-05-31 19:00:00+03:00,,36.0,chunk_0015.json,POST /v1/generation/data/dpp-bulk,2026-05-31 21:45:16.354773+00:00,82717,TUNA HES,103201,2026-05-31T19:00:00+03:00,19:00
40W000000082717E,TUNA HES,unknown,2026-05-31 20:00:00+03:00,,36.0,chunk_0015.json,POST /v1/generation/data/dpp-bulk,2026-05-31 21:45:16.354773+00:00,82717,TUNA HES,103201,2026-05-31T20:00:00+03:00,20:00
40W000000082717E,TUNA HES,unknown,2026-05-31 21:00:00+03:00,,36.0,chunk_0015.json,POST /v1/generation/data/dpp-bulk,2026-05-31 21:45:16.354773+00:00,82717,TUNA HES,103201,2026-05-31T21:00:00+03:00,21:00
40W000000082717E,TUNA HES,unknown,2026-05-31 22:00:00+03:00,,36.0,chunk_0015.json,POST /v1/generation/data/dpp-bulk,2026-05-31 21:45:16.354773+00:00,82717,TUNA HES,103201,2026-05-31T22:00:00+03:00,22:00
40W000000082717E,TUNA HES,unknown,2026-05-31 23:00:00+03:00,,36.0,chunk_0015.json,POST /v1/generation/data/dpp-bulk,2026-05-31 21:45:16.354773+00:00,82717,TUNA HES,103201,2026-05-31T23:00:00+03:00,23:00
40W000000060855O,SEYİT ONBAŞI RES,unknown,2026-05-31 00:00:00+03:00,,0.2,chunk_0015.json,POST /v1/generation/data/dpp-bulk,2026-05-31 21:45:16.354773+00:00,60855,SEYİT ONBAŞI RES,103760,2026-05-31T00:00:00+03:00,00:00
40W000000060855O,SEYİT ONBAŞI RES,unknown,2026-05-31 01:00:00+03:00,,0.2,chunk_0015.json,POST /v1/generation/data/dpp-bulk,2026-05-31 21:45:16.354773+00:00,60855,SEYİT ONBAŞI RES,103760,2026-05-31T01:00:00+03:00,01:00
40W000000060855O,SEYİT ONBAŞI RES,unknown,2026-05-31 02:00:00+03:00,,0.1,chunk_0015.json,POST /v1/generation/data/dpp-bulk,2026-05-31 21:45:16.354773+00:00,60855,SEYİT ONBAŞI RES,103760,2026-05-31T02:00:00+03:00,02:00
40W000000060855O,SEYİT ONBAŞI RES,unknown,2026-05-31 03:00:00+03:00,,0.0,chunk_0015.json,POST /v1/generation/data/dpp-bulk,2026-05-31 21:45:16.354773+00:00,60855,SEYİT ONBAŞI RES,103760,2026-05-31T03:00:00+03:00,03:00
40W000000060855O,SEYİT ONBAŞI RES,unknown,2026-05-31 04:00:00+03:00,,0.0,chunk_0015.json,POST /v1/generation/data/dpp-bulk,2026-05-31 21:45:16.354773+00:00,60855,SEYİT ONBAŞI RES,103760,2026-05-31T04:00:00+03:00,04:00
40W000000060855O,SEYİT ONBAŞI RES,unknown,2026-05-31 05:00:00+03:00,,0.0,chunk_0015.json,POST /v1/generation/data/dpp-bulk,2026-05-31 21:45:16.354773+00:00,60855,SEYİT ONBAŞI RES,103760,2026-05-31T05:00:00+03:00,05:00
40W000000060855O,SEYİT ONBAŞI RES,unknown,2026-05-31 06:00:00+03:00,,0.0,chunk_0015.json,POST /v1/generation/data/dpp-bulk,2026-05-31 21:45:16.354773+00:00,60855,SEYİT ONBAŞI RES,103760,2026-05-31T06:00:00+03:00,06:00
40W000000060855O,SEYİT ONBAŞI RES,unknown,2026-05-31 07:00:00+03:00,,0.0,chunk_0015.json,POST /v1/generation/data/dpp-bulk,2026-05-31 21:45:16.354773+00:00,60855,SEYİT ONBAŞI RES,103760,2026-05-31T07:00:00+03:00,07:00
40W000000060855O,SEYİT ONBAŞI RES,unknown,2026-05-31 08:00:00+03:00,,0.0,chunk_0015.json,POST /v1/generation/data/dpp-bulk,2026-05-31 21:45:16.354773+00:00,60855,SEYİT ONBAŞI RES,103760,2026-05-31T08:00:00+03:00,08:00
40W000000060855O,SEYİT ONBAŞI RES,unknown,2026-05-31 09:00:00+03:00,,0.0,chunk_0015.json,POST /v1/generation/data/dpp-bulk,2026-05-31 21:45:16.354773+00:00,60855,SEYİT ONBAŞI RES,103760,2026-05-31T09:00:00+03:00,09:00
40W000000060855O,SEYİT ONBAŞI RES,unknown,2026-05-31 10:00:00+03:00,,0.0,chunk_0015.json,POST /v1/generation/data/dpp-bulk,2026-05-31 21:45:16.354773+00:00,60855,SEYİT ONBAŞI RES,103760,2026-05-31T10:00:00+03:00,10:00
40W000000060855O,SEYİT ONBAŞI RES,unknown,2026-05-31 11:00:00+03:00,,0.0,chunk_0015.json,POST /v1/generation/data/dpp-bulk,2026-05-31 21:45:16.354773+00:00,60855,SEYİT ONBAŞI RES,103760,2026-05-31T11:00:00+03:00,11:00
40W000000060855O,SEYİT ONBAŞI RES,unknown,2026-05-31 12:00:00+03:00,,0.0,chunk_0015.json,POST /v1/generation/data/dpp-bulk,2026-05-31 21:45:16.354773+00:00,60855,SEYİT ONBAŞI RES,103760,2026-05-31T12:00:00+03:00,12:00
40W000000060855O,SEYİT ONBAŞI RES,unknown,2026-05-31 13:00:00+03:00,,0.0,chunk_0015.json,POST /v1/generation/data/dpp-bulk,2026-05-31 21:45:16.354773+00:00,60855,SEYİT ONBAŞI RES,103760,2026-05-31T13:00:00+03:00,13:00
40W000000060855O,SEYİT ONBAŞI RES,unknown,2026-05-31 14:00:00+03:00,,0.0,chunk_0015.json,POST /v1/generation/data/dpp-bulk,2026-05-31 21:45:16.354773+00:00,60855,SEYİT ONBAŞI RES,103760,2026-05-31T14:00:00+03:00,14:00
40W000000060855O,SEYİT ONBAŞI RES,unknown,2026-05-31 15:00:00+03:00,,0.0,chunk_0015.json,POST /v1/generation/data/dpp-bulk,2026-05-31 21:45:16.354773+00:00,60855,SEYİT ONBAŞI RES,103760,2026-05-31T15:00:00+03:00,15:00
40W000000060855O,SEYİT ONBAŞI RES,unknown,2026-05-31 16:00:00+03:00,,0.0,chunk_0015.json,POST /v1/generation/data/dpp-bulk,2026-05-31 21:45:16.354773+00:00,60855,SEYİT ONBAŞI RES,103760,2026-05-31T16:00:00+03:00,16:00
40W000000060855O,SEYİT ONBAŞI RES,unknown,2026-05-31 17:00:00+03:00,,0.0,chunk_0015.json,POST /v1/generation/data/dpp-bulk,2026-05-31 21:45:16.354773+00:00,60855,SEYİT ONBAŞI RES,103760,2026-05-31T17:00:00+03:00,17:00
40W000000060855O,SEYİT ONBAŞI RES,unknown,2026-05-31 18:00:00+03:00,,0.0,chunk_0015.json,POST /v1/generation/data/dpp-bulk,2026-05-31 21:45:16.354773+00:00,60855,SEYİT ONBAŞI RES,103760,2026-05-31T18:00:00+03:00,18:00
40W000000060855O,SEYİT ONBAŞI RES,unknown,2026-05-31 19:00:00+03:00,,0.7,chunk_0015.json,POST /v1/generation/data/dpp-bulk,2026-05-31 21:45:16.354773+00:00,60855,SEYİT ONBAŞI RES,103760,2026-05-31T19:00:00+03:00,19:00
40W000000060855O,SEYİT ONBAŞI RES,unknown,2026-05-31 20:00:00+03:00,,0.6,chunk_0015.json,POST /v1/generation/data/dpp-bulk,2026-05-31 21:45:16.354773+00:00,60855,SEYİT ONBAŞI RES,103760,2026-05-31T20:00:00+03:00,20:00
40W000000060855O,SEYİT ONBAŞI RES,unknown,2026-05-31 21:00:00+03:00,,0.6,chunk_0015.json,POST /v1/generation/data/dpp-bulk,2026-05-31 21:45:16.354773+00:00,60855,SEYİT ONBAŞI RES,103760,2026-05-31T21:00:00+03:00,21:00
40W000000060855O,SEYİT ONBAŞI RES,unknown,2026-05-31 22:00:00+03:00,,0.7,chunk_0015.json,POST /v1/generation/data/dpp-bulk,2026-05-31 21:45:16.354773+00:00,60855,SEYİT ONBAŞI RES,103760,2026-05-31T22:00:00+03:00,22:00
40W000000060855O,SEYİT ONBAŞI RES,unknown,2026-05-31 23:00:00+03:00,,1.0,chunk_0015.json,POST /v1/generation/data/dpp-bulk,2026-05-31 21:45:16.354773+00:00,60855,SEYİT ONBAŞI RES,103760,2026-05-31T23:00:00+03:00,23:00
40W000000081722Q,ARPA HES,unknown,2026-05-31 00:00:00+03:00,,20.0,chunk_0015.json,POST /v1/generation/data/dpp-bulk,2026-05-31 21:45:16.354773+00:00,81722,ARPA HES,103760,2026-05-31T00:00:00+03:00,00:00
40W000000081722Q,ARPA HES,unknown,2026-05-31 01:00:00+03:00,,20.0,chunk_0015.json,POST /v1/generation/data/dpp-bulk,2026-05-31 21:45:16.354773+00:00,81722,ARPA HES,103760,2026-05-31T01:00:00+03:00,01:00
40W000000081722Q,ARPA HES,unknown,2026-05-31 02:00:00+03:00,,20.0,chunk_0015.json,POST /v1/generation/data/dpp-bulk,2026-05-31 21:45:16.354773+00:00,81722,ARPA HES,103760,2026-05-31T02:00:00+03:00,02:00
40W000000081722Q,ARPA HES,unknown,2026-05-31 03:00:00+03:00,,20.0,chunk_0015.json,POST /v1/generation/data/dpp-bulk,2026-05-31 21:45:16.354773+00:00,81722,ARPA HES,103760,2026-05-31T03:00:00+03:00,03:00
40W000000081722Q,ARPA HES,unknown,2026-05-31 04:00:00+03:00,,20.0,chunk_0015.json,POST /v1/generation/data/dpp-bulk,2026-05-31 21:45:16.354773+00:00,81722,ARPA HES,103760,2026-05-31T04:00:00+03:00,04:00
40W000000081722Q,ARPA HES,unknown,2026-05-31 05:00:00+03:00,,19.0,chunk_0015.json,POST /v1/generation/data/dpp-bulk,2026-05-31 21:45:16.354773+00:00,81722,ARPA HES,103760,2026-05-31T05:00:00+03:00,05:00
40W000000081722Q,ARPA HES,unknown,2026-05-31 06:00:00+03:00,,0.0,chunk_0015.json,POST /v1/generation/data/dpp-bulk,2026-05-31 21:45:16.354773+00:00,81722,ARPA HES,103760,2026-05-31T06:00:00+03:00,06:00
40W000000081722Q,ARPA HES,unknown,2026-05-31 07:00:00+03:00,,0.0,chunk_0015.json,POST /v1/generation/data/dpp-bulk,2026-05-31 21:45:16.354773+00:00,81722,ARPA HES,103760,2026-05-31T07:00:00+03:00,07:00
40W000000081722Q,ARPA HES,unknown,2026-05-31 08:00:00+03:00,,0.0,chunk_0015.json,POST /v1/generation/data/dpp-bulk,2026-05-31 21:45:16.354773+00:00,81722,ARPA HES,103760,2026-05-31T08:00:00+03:00,08:00
40W000000081722Q,ARPA HES,unknown,2026-05-31 09:00:00+03:00,,0.0,chunk_0015.json,POST /v1/generation/data/dpp-bulk,2026-05-31 21:45:16.354773+00:00,81722,ARPA HES,103760,2026-05-31T09:00:00+03:00,09:00
40W000000081722Q,ARPA HES,unknown,2026-05-31 10:00:00+03:00,,0.0,chunk_0015.json,POST /v1/generation/data/dpp-bulk,2026-05-31 21:45:16.354773+00:00,81722,ARPA HES,103760,2026-05-31T10:00:00+03:00,10:00
40W000000081722Q,ARPA HES,unknown,2026-05-31 11:00:00+03:00,,0.0,chunk_0015.json,POST /v1/generation/data/dpp-bulk,2026-05-31 21:45:16.354773+00:00,81722,ARPA HES,103760,2026-05-31T11:00:00+03:00,11:00
40W000000081722Q,ARPA HES,unknown,2026-05-31 12:00:00+03:00,,0.0,chunk_0015.json,POST /v1/generation/data/dpp-bulk,2026-05-31 21:45:16.354773+00:00,81722,ARPA HES,103760,2026-05-31T12:00:00+03:00,12:00
40W000000081722Q,ARPA HES,unknown,2026-05-31 13:00:00+03:00,,0.0,chunk_0015.json,POST /v1/generation/data/dpp-bulk,2026-05-31 21:45:16.354773+00:00,81722,ARPA HES,103760,2026-05-31T13:00:00+03:00,13:00
40W000000081722Q,ARPA HES,unknown,2026-05-31 14:00:00+03:00,,0.0,chunk_0015.json,POST /v1/generation/data/dpp-bulk,2026-05-31 21:45:16.354773+00:00,81722,ARPA HES,103760,2026-05-31T14:00:00+03:00,14:00
40W000000081722Q,ARPA HES,unknown,2026-05-31 15:00:00+03:00,,0.0,chunk_0015.json,POST /v1/generation/data/dpp-bulk,2026-05-31 21:45:16.354773+00:00,81722,ARPA HES,103760,2026-05-31T15:00:00+03:00,15:00
40W000000081722Q,ARPA HES,unknown,2026-05-31 16:00:00+03:00,,0.0,chunk_0015.json,POST /v1/generation/data/dpp-bulk,2026-05-31 21:45:16.354773+00:00,81722,ARPA HES,103760,2026-05-31T16:00:00+03:00,16:00
40W000000081722Q,ARPA HES,unknown,2026-05-31 17:00:00+03:00,,0.0,chunk_0015.json,POST /v1/generation/data/dpp-bulk,2026-05-31 21:45:16.354773+00:00,81722,ARPA HES,103760,2026-05-31T17:00:00+03:00,17:00
40W000000081722Q,ARPA HES,unknown,2026-05-31 18:00:00+03:00,,25.0,chunk_0015.json,POST /v1/generation/data/dpp-bulk,2026-05-31 21:45:16.354773+00:00,81722,ARPA HES,103760,2026-05-31T18:00:00+03:00,18:00
40W000000081722Q,ARPA HES,unknown,2026-05-31 19:00:00+03:00,,25.0,chunk_0015.json,POST /v1/generation/data/dpp-bulk,2026-05-31 21:45:16.354773+00:00,81722,ARPA HES,103760,2026-05-31T19:00:00+03:00,19:00
40W000000081722Q,ARPA HES,unknown,2026-05-31 20:00:00+03:00,,25.0,chunk_0015.json,POST /v1/generation/data/dpp-bulk,2026-05-31 21:45:16.354773+00:00,81722,ARPA HES,103760,2026-05-31T20:00:00+03:00,20:00
40W000000081722Q,ARPA HES,unknown,2026-05-31 21:00:00+03:00,,25.0,chunk_0015.json,POST /v1/generation/data/dpp-bulk,2026-05-31 21:45:16.354773+00:00,81722,ARPA HES,103760,2026-05-31T21:00:00+03:00,21:00
40W000000081722Q,ARPA HES,unknown,2026-05-31 22:00:00+03:00,,25.0,chunk_0015.json,POST /v1/generation/data/dpp-bulk,2026-05-31 21:45:16.354773+00:00,81722,ARPA HES,103760,2026-05-31T22:00:00+03:00,22:00
40W000000081722Q,ARPA HES,unknown,2026-05-31 23:00:00+03:00,,25.0,chunk_0015.json,POST /v1/generation/data/dpp-bulk,2026-05-31 21:45:16.354773+00:00,81722,ARPA HES,103760,2026-05-31T23:00:00+03:00,23:00
40W0000000640274,Karasu-4.2 Hidroelektrik Santrali,unknown,2026-05-31 00:00:00+03:00,,0.0,chunk_0015.json,POST /v1/generation/data/dpp-bulk,2026-05-31 21:45:16.354773+00:00,64027,Karasu-4.2 Hidroelektrik Santrali,104341,2026-05-31T00:00:00+03:00,00:00
40W0000000640274,Karasu-4.2 Hidroelektrik Santrali,unknown,2026-05-31 01:00:00+03:00,,0.0,chunk_0015.json,POST /v1/generation/data/dpp-bulk,2026-05-31 21:45:16.354773+00:00,64027,Karasu-4.2 Hidroelektrik Santrali,104341,2026-05-31T01:00:00+03:00,01:00
40W0000000640274,Karasu-4.2 Hidroelektrik Santrali,unknown,2026-05-31 02:00:00+03:00,,0.0,chunk_0015.json,POST /v1/generation/data/dpp-bulk,2026-05-31 21:45:16.354773+00:00,64027,Karasu-4.2 Hidroelektrik Santrali,104341,2026-05-31T02:00:00+03:00,02:00
40W0000000640274,Karasu-4.2 Hidroelektrik Santrali,unknown,2026-05-31 03:00:00+03:00,,0.0,chunk_0015.json,POST /v1/generation/data/dpp-bulk,2026-05-31 21:45:16.354773+00:00,64027,Karasu-4.2 Hidroelektrik Santrali,104341,2026-05-31T03:00:00+03:00,03:00
40W0000000640274,Karasu-4.2 Hidroelektrik Santrali,unknown,2026-05-31 04:00:00+03:00,,0.0,chunk_0015.json,POST /v1/generation/data/dpp-bulk,2026-05-31 21:45:16.354773+00:00,64027,Karasu-4.2 Hidroelektrik Santrali,104341,2026-05-31T04:00:00+03:00,04:00
40W0000000640274,Karasu-4.2 Hidroelektrik Santrali,unknown,2026-05-31 05:00:00+03:00,,0.0,chunk_0015.json,POST /v1/generation/data/dpp-bulk,2026-05-31 21:45:16.354773+00:00,64027,Karasu-4.2 Hidroelektrik Santrali,104341,2026-05-31T05:00:00+03:00,05:00
40W0000000640274,Karasu-4.2 Hidroelektrik Santrali,unknown,2026-05-31 06:00:00+03:00,,0.0,chunk_0015.json,POST /v1/generation/data/dpp-bulk,2026-05-31 21:45:16.354773+00:00,64027,Karasu-4.2 Hidroelektrik Santrali,104341,2026-05-31T06:00:00+03:00,06:00
40W0000000640274,Karasu-4.2 Hidroelektrik Santrali,unknown,2026-05-31 07:00:00+03:00,,0.0,chunk_0015.json,POST /v1/generation/data/dpp-bulk,2026-05-31 21:45:16.354773+00:00,64027,Karasu-4.2 Hidroelektrik Santrali,104341,2026-05-31T07:00:00+03:00,07:00
40W0000000640274,Karasu-4.2 Hidroelektrik Santrali,unknown,2026-05-31 08:00:00+03:00,,0.0,chunk_0015.json,POST /v1/generation/data/dpp-bulk,2026-05-31 21:45:16.354773+00:00,64027,Karasu-4.2 Hidroelektrik Santrali,104341,2026-05-31T08:00:00+03:00,08:00
40W0000000640274,Karasu-4.2 Hidroelektrik Santrali,unknown,2026-05-31 09:00:00+03:00,,0.0,chunk_0015.json,POST /v1/generation/data/dpp-bulk,2026-05-31 21:45:16.354773+00:00,64027,Karasu-4.2 Hidroelektrik Santrali,104341,2026-05-31T09:00:00+03:00,09:00
40W0000000640274,Karasu-4.2 Hidroelektrik Santrali,unknown,2026-05-31 10:00:00+03:00,,0.0,chunk_0015.json,POST /v1/generation/data/dpp-bulk,2026-05-31 21:45:16.354773+00:00,64027,Karasu-4.2 Hidroelektrik Santrali,104341,2026-05-31T10:00:00+03:00,10:00
40W0000000640274,Karasu-4.2 Hidroelektrik Santrali,unknown,2026-05-31 11:00:00+03:00,,0.0,chunk_0015.json,POST /v1/generation/data/dpp-bulk,2026-05-31 21:45:16.354773+00:00,64027,Karasu-4.2 Hidroelektrik Santrali,104341,2026-05-31T11:00:00+03:00,11:00
40W0000000640274,Karasu-4.2 Hidroelektrik Santrali,unknown,2026-05-31 12:00:00+03:00,,0.0,chunk_0015.json,POST /v1/generation/data/dpp-bulk,2026-05-31 21:45:16.354773+00:00,64027,Karasu-4.2 Hidroelektrik Santrali,104341,2026-05-31T12:00:00+03:00,12:00
40W0000000640274,Karasu-4.2 Hidroelektrik Santrali,unknown,2026-05-31 13:00:00+03:00,,0.0,chunk_0015.json,POST /v1/generation/data/dpp-bulk,2026-05-31 21:45:16.354773+00:00,64027,Karasu-4.2 Hidroelektrik Santrali,104341,2026-05-31T13:00:00+03:00,13:00
40W0000000640274,Karasu-4.2 Hidroelektrik Santrali,unknown,2026-05-31 14:00:00+03:00,,0.0,chunk_0015.json,POST /v1/generation/data/dpp-bulk,2026-05-31 21:45:16.354773+00:00,64027,Karasu-4.2 Hidroelektrik Santrali,104341,2026-05-31T14:00:00+03:00,14:00
40W0000000640274,Karasu-4.2 Hidroelektrik Santrali,unknown,2026-05-31 15:00:00+03:00,,0.0,chunk_0015.json,POST /v1/generation/data/dpp-bulk,2026-05-31 21:45:16.354773+00:00,64027,Karasu-4.2 Hidroelektrik Santrali,104341,2026-05-31T15:00:00+03:00,15:00
40W0000000640274,Karasu-4.2 Hidroelektrik Santrali,unknown,2026-05-31 16:00:00+03:00,,0.0,chunk_0015.json,POST /v1/generation/data/dpp-bulk,2026-05-31 21:45:16.354773+00:00,64027,Karasu-4.2 Hidroelektrik Santrali,104341,2026-05-31T16:00:00+03:00,16:00
40W0000000640274,Karasu-4.2 Hidroelektrik Santrali,unknown,2026-05-31 17:00:00+03:00,,0.0,chunk_0015.json,POST /v1/generation/data/dpp-bulk,2026-05-31 21:45:16.354773+00:00,64027,Karasu-4.2 Hidroelektrik Santrali,104341,2026-05-31T17:00:00+03:00,17:00
40W0000000640274,Karasu-4.2 Hidroelektrik Santrali,unknown,2026-05-31 18:00:00+03:00,,0.0,chunk_0015.json,POST /v1/generation/data/dpp-bulk,2026-05-31 21:45:16.354773+00:00,64027,Karasu-4.2 Hidroelektrik Santrali,104341,2026-05-31T18:00:00+03:00,18:00
40W0000000640274,Karasu-4.2 Hidroelektrik Santrali,unknown,2026-05-31 19:00:00+03:00,,8.5,chunk_0015.json,POST /v1/generation/data/dpp-bulk,2026-05-31 21:45:16.354773+00:00,64027,Karasu-4.2 Hidroelektrik Santrali,104341,2026-05-31T19:00:00+03:00,19:00
40W0000000640274,Karasu-4.2 Hidroelektrik Santrali,unknown,2026-05-31 20:00:00+03:00,,8.5,chunk_0015.json,POST /v1/generation/data/dpp-bulk,2026-05-31 21:45:16.354773+00:00,64027,Karasu-4.2 Hidroelektrik Santrali,104341,2026-05-31T20:00:00+03:00,20:00
40W0000000640274,Karasu-4.2 Hidroelektrik Santrali,unknown,2026-05-31 21:00:00+03:00,,8.5,chunk_0015.json,POST /v1/generation/data/dpp-bulk,2026-05-31 21:45:16.354773+00:00,64027,Karasu-4.2 Hidroelektrik Santrali,104341,2026-05-31T21:00:00+03:00,21:00
40W0000000640274,Karasu-4.2 Hidroelektrik Santrali,unknown,2026-05-31 22:00:00+03:00,,8.5,chunk_0015.json,POST /v1/generation/data/dpp-bulk,2026-05-31 21:45:16.354773+00:00,64027,Karasu-4.2 Hidroelektrik Santrali,104341,2026-05-31T22:00:00+03:00,22:00
40W0000000640274,Karasu-4.2 Hidroelektrik Santrali,unknown,2026-05-31 23:00:00+03:00,,8.5,chunk_0015.json,POST /v1/generation/data/dpp-bulk,2026-05-31 21:45:16.354773+00:00,64027,Karasu-4.2 Hidroelektrik Santrali,104341,2026-05-31T23:00:00+03:00,23:00
40W0000000816767,KIVANÇ TEKSTİL KOJENERASYON TESİSİ,unknown,2026-05-31 00:00:00+03:00,,0.0,chunk_0015.json,POST /v1/generation/data/dpp-bulk,2026-05-31 21:45:16.354773+00:00,81676,KIVANÇ TEKSTİL KOJENERASYON TESİSİ,104722,2026-05-31T00:00:00+03:00,00:00
40W0000000816767,KIVANÇ TEKSTİL KOJENERASYON TESİSİ,unknown,2026-05-31 01:00:00+03:00,,0.0,chunk_0015.json,POST /v1/generation/data/dpp-bulk,2026-05-31 21:45:16.354773+00:00,81676,KIVANÇ TEKSTİL KOJENERASYON TESİSİ,104722,2026-05-31T01:00:00+03:00,01:00
40W0000000816767,KIVANÇ TEKSTİL KOJENERASYON TESİSİ,unknown,2026-05-31 02:00:00+03:00,,0.0,chunk_0015.json,POST /v1/generation/data/dpp-bulk,2026-05-31 21:45:16.354773+00:00,81676,KIVANÇ TEKSTİL KOJENERASYON TESİSİ,104722,2026-05-31T02:00:00+03:00,02:00
40W0000000816767,KIVANÇ TEKSTİL KOJENERASYON TESİSİ,unknown,2026-05-31 03:00:00+03:00,,0.0,chunk_0015.json,POST /v1/generation/data/dpp-bulk,2026-05-31 21:45:16.354773+00:00,81676,KIVANÇ TEKSTİL KOJENERASYON TESİSİ,104722,2026-05-31T03:00:00+03:00,03:00
40W0000000816767,KIVANÇ TEKSTİL KOJENERASYON TESİSİ,unknown,2026-05-31 04:00:00+03:00,,0.0,chunk_0015.json,POST /v1/generation/data/dpp-bulk,2026-05-31 21:45:16.354773+00:00,81676,KIVANÇ TEKSTİL KOJENERASYON TESİSİ,104722,2026-05-31T04:00:00+03:00,04:00
40W0000000816767,KIVANÇ TEKSTİL KOJENERASYON TESİSİ,unknown,2026-05-31 05:00:00+03:00,,0.0,chunk_0015.json,POST /v1/generation/data/dpp-bulk,2026-05-31 21:45:16.354773+00:00,81676,KIVANÇ TEKSTİL KOJENERASYON TESİSİ,104722,2026-05-31T05:00:00+03:00,05:00
40W0000000816767,KIVANÇ TEKSTİL KOJENERASYON TESİSİ,unknown,2026-05-31 06:00:00+03:00,,0.0,chunk_0015.json,POST /v1/generation/data/dpp-bulk,2026-05-31 21:45:16.354773+00:00,81676,KIVANÇ TEKSTİL KOJENERASYON TESİSİ,104722,2026-05-31T06:00:00+03:00,06:00
40W0000000816767,KIVANÇ TEKSTİL KOJENERASYON TESİSİ,unknown,2026-05-31 07:00:00+03:00,,0.0,chunk_0015.json,POST /v1/generation/data/dpp-bulk,2026-05-31 21:45:16.354773+00:00,81676,KIVANÇ TEKSTİL KOJENERASYON TESİSİ,104722,2026-05-31T07:00:00+03:00,07:00
40W0000000816767,KIVANÇ TEKSTİL KOJENERASYON TESİSİ,unknown,2026-05-31 08:00:00+03:00,,0.0,chunk_0015.json,POST /v1/generation/data/dpp-bulk,2026-05-31 21:45:16.354773+00:00,81676,KIVANÇ TEKSTİL KOJENERASYON TESİSİ,104722,2026-05-31T08:00:00+03:00,08:00
40W0000000816767,KIVANÇ TEKSTİL KOJENERASYON TESİSİ,unknown,2026-05-31 09:00:00+03:00,,0.0,chunk_0015.json,POST /v1/generation/data/dpp-bulk,2026-05-31 21:45:16.354773+00:00,81676,KIVANÇ TEKSTİL KOJENERASYON TESİSİ,104722,2026-05-31T09:00:00+03:00,09:00
40W0000000816767,KIVANÇ TEKSTİL KOJENERASYON TESİSİ,unknown,2026-05-31 10:00:00+03:00,,0.0,chunk_0015.json,POST /v1/generation/data/dpp-bulk,2026-05-31 21:45:16.354773+00:00,81676,KIVANÇ TEKSTİL KOJENERASYON TESİSİ,104722,2026-05-31T10:00:00+03:00,10:00
40W0000000816767,KIVANÇ TEKSTİL KOJENERASYON TESİSİ,unknown,2026-05-31 11:00:00+03:00,,0.0,chunk_0015.json,POST /v1/generation/data/dpp-bulk,2026-05-31 21:45:16.354773+00:00,81676,KIVANÇ TEKSTİL KOJENERASYON TESİSİ,104722,2026-05-31T11:00:00+03:00,11:00
40W0000000816767,KIVANÇ TEKSTİL KOJENERASYON TESİSİ,unknown,2026-05-31 12:00:00+03:00,,0.0,chunk_0015.json,POST /v1/generation/data/dpp-bulk,2026-05-31 21:45:16.354773+00:00,81676,KIVANÇ TEKSTİL KOJENERASYON TESİSİ,104722,2026-05-31T12:00:00+03:00,12:00
40W0000000816767,KIVANÇ TEKSTİL KOJENERASYON TESİSİ,unknown,2026-05-31 13:00:00+03:00,,0.0,chunk_0015.json,POST /v1/generation/data/dpp-bulk,2026-05-31 21:45:16.354773+00:00,81676,KIVANÇ TEKSTİL KOJENERASYON TESİSİ,104722,2026-05-31T13:00:00+03:00,13:00
40W0000000816767,KIVANÇ TEKSTİL KOJENERASYON TESİSİ,unknown,2026-05-31 14:00:00+03:00,,0.0,chunk_0015.json,POST /v1/generation/data/dpp-bulk,2026-05-31 21:45:16.354773+00:00,81676,KIVANÇ TEKSTİL KOJENERASYON TESİSİ,104722,2026-05-31T14:00:00+03:00,14:00
40W0000000816767,KIVANÇ TEKSTİL KOJENERASYON TESİSİ,unknown,2026-05-31 15:00:00+03:00,,0.0,chunk_0015.json,POST /v1/generation/data/dpp-bulk,2026-05-31 21:45:16.354773+00:00,81676,KIVANÇ TEKSTİL KOJENERASYON TESİSİ,104722,2026-05-31T15:00:00+03:00,15:00
40W0000000816767,KIVANÇ TEKSTİL KOJENERASYON TESİSİ,unknown,2026-05-31 16:00:00+03:00,,0.0,chunk_0015.json,POST /v1/generation/data/dpp-bulk,2026-05-31 21:45:16.354773+00:00,81676,KIVANÇ TEKSTİL KOJENERASYON TESİSİ,104722,2026-05-31T16:00:00+03:00,16:00
40W0000000816767,KIVANÇ TEKSTİL KOJENERASYON TESİSİ,unknown,2026-05-31 17:00:00+03:00,,0.0,chunk_0015.json,POST /v1/generation/data/dpp-bulk,2026-05-31 21:45:16.354773+00:00,81676,KIVANÇ TEKSTİL KOJENERASYON TESİSİ,104722,2026-05-31T17:00:00+03:00,17:00
40W0000000816767,KIVANÇ TEKSTİL KOJENERASYON TESİSİ,unknown,2026-05-31 18:00:00+03:00,,0.0,chunk_0015.json,POST /v1/generation/data/dpp-bulk,2026-05-31 21:45:16.354773+00:00,81676,KIVANÇ TEKSTİL KOJENERASYON TESİSİ,104722,2026-05-31T18:00:00+03:00,18:00
40W0000000816767,KIVANÇ TEKSTİL KOJENERASYON TESİSİ,unknown,2026-05-31 19:00:00+03:00,,0.0,chunk_0015.json,POST /v1/generation/data/dpp-bulk,2026-05-31 21:45:16.354773+00:00,81676,KIVANÇ TEKSTİL KOJENERASYON TESİSİ,104722,2026-05-31T19:00:00+03:00,19:00
40W0000000816767,KIVANÇ TEKSTİL KOJENERASYON TESİSİ,unknown,2026-05-31 20:00:00+03:00,,0.0,chunk_0015.json,POST /v1/generation/data/dpp-bulk,2026-05-31 21:45:16.354773+00:00,81676,KIVANÇ TEKSTİL KOJENERASYON TESİSİ,104722,2026-05-31T20:00:00+03:00,20:00
40W0000000816767,KIVANÇ TEKSTİL KOJENERASYON TESİSİ,unknown,2026-05-31 21:00:00+03:00,,0.0,chunk_0015.json,POST /v1/generation/data/dpp-bulk,2026-05-31 21:45:16.354773+00:00,81676,KIVANÇ TEKSTİL KOJENERASYON TESİSİ,104722,2026-05-31T21:00:00+03:00,21:00
40W0000000816767,KIVANÇ TEKSTİL KOJENERASYON TESİSİ,unknown,2026-05-31 22:00:00+03:00,,0.0,chunk_0015.json,POST /v1/generation/data/dpp-bulk,2026-05-31 21:45:16.354773+00:00,81676,KIVANÇ TEKSTİL KOJENERASYON TESİSİ,104722,2026-05-31T22:00:00+03:00,22:00
40W0000000816767,KIVANÇ TEKSTİL KOJENERASYON TESİSİ,unknown,2026-05-31 23:00:00+03:00,,0.0,chunk_0015.json,POST /v1/generation/data/dpp-bulk,2026-05-31 21:45:16.354773+00:00,81676,KIVANÇ TEKSTİL KOJENERASYON TESİSİ,104722,2026-05-31T23:00:00+03:00,23:00
40W0000000619783,SİNEM-İREM JES,unknown,2026-05-31 00:00:00+03:00,,26.5,chunk_0015.json,POST /v1/generation/data/dpp-bulk,2026-05-31 21:45:16.354773+00:00,61978,SİNEM-İREM JES,105042,2026-05-31T00:00:00+03:00,00:00
40W0000000619783,SİNEM-İREM JES,unknown,2026-05-31 01:00:00+03:00,,26.5,chunk_0015.json,POST /v1/generation/data/dpp-bulk,2026-05-31 21:45:16.354773+00:00,61978,SİNEM-İREM JES,105042,2026-05-31T01:00:00+03:00,01:00
40W0000000619783,SİNEM-İREM JES,unknown,2026-05-31 02:00:00+03:00,,26.5,chunk_0015.json,POST /v1/generation/data/dpp-bulk,2026-05-31 21:45:16.354773+00:00,61978,SİNEM-İREM JES,105042,2026-05-31T02:00:00+03:00,02:00
40W0000000619783,SİNEM-İREM JES,unknown,2026-05-31 03:00:00+03:00,,26.5,chunk_0015.json,POST /v1/generation/data/dpp-bulk,2026-05-31 21:45:16.354773+00:00,61978,SİNEM-İREM JES,105042,2026-05-31T03:00:00+03:00,03:00
40W0000000619783,SİNEM-İREM JES,unknown,2026-05-31 04:00:00+03:00,,26.5,chunk_0015.json,POST /v1/generation/data/dpp-bulk,2026-05-31 21:45:16.354773+00:00,61978,SİNEM-İREM JES,105042,2026-05-31T04:00:00+03:00,04:00
40W0000000619783,SİNEM-İREM JES,unknown,2026-05-31 05:00:00+03:00,,26.5,chunk_0015.json,POST /v1/generation/data/dpp-bulk,2026-05-31 21:45:16.354773+00:00,61978,SİNEM-İREM JES,105042,2026-05-31T05:00:00+03:00,05:00
40W0000000619783,SİNEM-İREM JES,unknown,2026-05-31 06:00:00+03:00,,26.5,chunk_0015.json,POST /v1/generation/data/dpp-bulk,2026-05-31 21:45:16.354773+00:00,61978,SİNEM-İREM JES,105042,2026-05-31T06:00:00+03:00,06:00
40W0000000619783,SİNEM-İREM JES,unknown,2026-05-31 07:00:00+03:00,,26.5,chunk_0015.json,POST /v1/generation/data/dpp-bulk,2026-05-31 21:45:16.354773+00:00,61978,SİNEM-İREM JES,105042,2026-05-31T07:00:00+03:00,07:00
40W0000000619783,SİNEM-İREM JES,unknown,2026-05-31 08:00:00+03:00,,25.5,chunk_0015.json,POST /v1/generation/data/dpp-bulk,2026-05-31 21:45:16.354773+00:00,61978,SİNEM-İREM JES,105042,2026-05-31T08:00:00+03:00,08:00
40W0000000619783,SİNEM-İREM JES,unknown,2026-05-31 09:00:00+03:00,,24.5,chunk_0015.json,POST /v1/generation/data/dpp-bulk,2026-05-31 21:45:16.354773+00:00,61978,SİNEM-İREM JES,105042,2026-05-31T09:00:00+03:00,09:00
40W0000000619783,SİNEM-İREM JES,unknown,2026-05-31 10:00:00+03:00,,23.5,chunk_0015.json,POST /v1/generation/data/dpp-bulk,2026-05-31 21:45:16.354773+00:00,61978,SİNEM-İREM JES,105042,2026-05-31T10:00:00+03:00,10:00
40W0000000619783,SİNEM-İREM JES,unknown,2026-05-31 11:00:00+03:00,,22.5,chunk_0015.json,POST /v1/generation/data/dpp-bulk,2026-05-31 21:45:16.354773+00:00,61978,SİNEM-İREM JES,105042,2026-05-31T11:00:00+03:00,11:00
40W0000000619783,SİNEM-İREM JES,unknown,2026-05-31 12:00:00+03:00,,21.5,chunk_0015.json,POST /v1/generation/data/dpp-bulk,2026-05-31 21:45:16.354773+00:00,61978,SİNEM-İREM JES,105042,2026-05-31T12:00:00+03:00,12:00
40W0000000619783,SİNEM-İREM JES,unknown,2026-05-31 13:00:00+03:00,,21.0,chunk_0015.json,POST /v1/generation/data/dpp-bulk,2026-05-31 21:45:16.354773+00:00,61978,SİNEM-İREM JES,105042,2026-05-31T13:00:00+03:00,13:00
40W0000000619783,SİNEM-İREM JES,unknown,2026-05-31 14:00:00+03:00,,21.0,chunk_0015.json,POST /v1/generation/data/dpp-bulk,2026-05-31 21:45:16.354773+00:00,61978,SİNEM-İREM JES,105042,2026-05-31T14:00:00+03:00,14:00
40W0000000619783,SİNEM-İREM JES,unknown,2026-05-31 15:00:00+03:00,,21.0,chunk_0015.json,POST /v1/generation/data/dpp-bulk,2026-05-31 21:45:16.354773+00:00,61978,SİNEM-İREM JES,105042,2026-05-31T15:00:00+03:00,15:00
40W0000000619783,SİNEM-İREM JES,unknown,2026-05-31 16:00:00+03:00,,21.0,chunk_0015.json,POST /v1/generation/data/dpp-bulk,2026-05-31 21:45:16.354773+00:00,61978,SİNEM-İREM JES,105042,2026-05-31T16:00:00+03:00,16:00
40W0000000619783,SİNEM-İREM JES,unknown,2026-05-31 17:00:00+03:00,,21.0,chunk_0015.json,POST /v1/generation/data/dpp-bulk,2026-05-31 21:45:16.354773+00:00,61978,SİNEM-İREM JES,105042,2026-05-31T17:00:00+03:00,17:00
40W0000000619783,SİNEM-İREM JES,unknown,2026-05-31 18:00:00+03:00,,22.0,chunk_0015.json,POST /v1/generation/data/dpp-bulk,2026-05-31 21:45:16.354773+00:00,61978,SİNEM-İREM JES,105042,2026-05-31T18:00:00+03:00,18:00
40W0000000619783,SİNEM-İREM JES,unknown,2026-05-31 19:00:00+03:00,,22.5,chunk_0015.json,POST /v1/generation/data/dpp-bulk,2026-05-31 21:45:16.354773+00:00,61978,SİNEM-İREM JES,105042,2026-05-31T19:00:00+03:00,19:00
40W0000000619783,SİNEM-İREM JES,unknown,2026-05-31 20:00:00+03:00,,23.0,chunk_0015.json,POST /v1/generation/data/dpp-bulk,2026-05-31 21:45:16.354773+00:00,61978,SİNEM-İREM JES,105042,2026-05-31T20:00:00+03:00,20:00
40W0000000619783,SİNEM-İREM JES,unknown,2026-05-31 21:00:00+03:00,,23.5,chunk_0015.json,POST /v1/generation/data/dpp-bulk,2026-05-31 21:45:16.354773+00:00,61978,SİNEM-İREM JES,105042,2026-05-31T21:00:00+03:00,21:00
40W0000000619783,SİNEM-İREM JES,unknown,2026-05-31 22:00:00+03:00,,24.5,chunk_0015.json,POST /v1/generation/data/dpp-bulk,2026-05-31 21:45:16.354773+00:00,61978,SİNEM-İREM JES,105042,2026-05-31T22:00:00+03:00,22:00
40W0000000619783,SİNEM-İREM JES,unknown,2026-05-31 23:00:00+03:00,,24.5,chunk_0015.json,POST /v1/generation/data/dpp-bulk,2026-05-31 21:45:16.354773+00:00,61978,SİNEM-İREM JES,105042,2026-05-31T23:00:00+03:00,23:00
