entsoe_code,plant_name,fuel_type,delivery_hour,publication_timestamp,kgup_mwh,source_file,source_api,forecast_timestamp,uevcb_id,uevcb_name,org_id,date_raw,time_raw
40W000003216090G,İ.B.B. ATIK YAKMA ve ENERJİ ÜRETİM TESİSİ,unknown,2026-05-31 00:00:00+03:00,,74.0,chunk_0062.json,POST /v1/generation/data/dpp-bulk,2026-05-31 21:45:51.632977+00:00,3216090,İ.B.B. ATIK YAKMA ve ENERJİ ÜRETİM TESİSİ,148,2026-05-31T00:00:00+03:00,00:00
40W000003216090G,İ.B.B. ATIK YAKMA ve ENERJİ ÜRETİM TESİSİ,unknown,2026-05-31 01:00:00+03:00,,74.0,chunk_0062.json,POST /v1/generation/data/dpp-bulk,2026-05-31 21:45:51.632977+00:00,3216090,İ.B.B. ATIK YAKMA ve ENERJİ ÜRETİM TESİSİ,148,2026-05-31T01:00:00+03:00,01:00
40W000003216090G,İ.B.B. ATIK YAKMA ve ENERJİ ÜRETİM TESİSİ,unknown,2026-05-31 02:00:00+03:00,,74.0,chunk_0062.json,POST /v1/generation/data/dpp-bulk,2026-05-31 21:45:51.632977+00:00,3216090,İ.B.B. ATIK YAKMA ve ENERJİ ÜRETİM TESİSİ,148,2026-05-31T02:00:00+03:00,02:00
40W000003216090G,İ.B.B. ATIK YAKMA ve ENERJİ ÜRETİM TESİSİ,unknown,2026-05-31 03:00:00+03:00,,74.0,chunk_0062.json,POST /v1/generation/data/dpp-bulk,2026-05-31 21:45:51.632977+00:00,3216090,İ.B.B. ATIK YAKMA ve ENERJİ ÜRETİM TESİSİ,148,2026-05-31T03:00:00+03:00,03:00
40W000003216090G,İ.B.B. ATIK YAKMA ve ENERJİ ÜRETİM TESİSİ,unknown,2026-05-31 04:00:00+03:00,,74.0,chunk_0062.json,POST /v1/generation/data/dpp-bulk,2026-05-31 21:45:51.632977+00:00,3216090,İ.B.B. ATIK YAKMA ve ENERJİ ÜRETİM TESİSİ,148,2026-05-31T04:00:00+03:00,04:00
40W000003216090G,İ.B.B. ATIK YAKMA ve ENERJİ ÜRETİM TESİSİ,unknown,2026-05-31 05:00:00+03:00,,74.0,chunk_0062.json,POST /v1/generation/data/dpp-bulk,2026-05-31 21:45:51.632977+00:00,3216090,İ.B.B. ATIK YAKMA ve ENERJİ ÜRETİM TESİSİ,148,2026-05-31T05:00:00+03:00,05:00
40W000003216090G,İ.B.B. ATIK YAKMA ve ENERJİ ÜRETİM TESİSİ,unknown,2026-05-31 06:00:00+03:00,,74.0,chunk_0062.json,POST /v1/generation/data/dpp-bulk,2026-05-31 21:45:51.632977+00:00,3216090,İ.B.B. ATIK YAKMA ve ENERJİ ÜRETİM TESİSİ,148,2026-05-31T06:00:00+03:00,06:00
40W000003216090G,İ.B.B. ATIK YAKMA ve ENERJİ ÜRETİM TESİSİ,unknown,2026-05-31 07:00:00+03:00,,74.5,chunk_0062.json,POST /v1/generation/data/dpp-bulk,2026-05-31 21:45:51.632977+00:00,3216090,İ.B.B. ATIK YAKMA ve ENERJİ ÜRETİM TESİSİ,148,2026-05-31T07:00:00+03:00,07:00
40W000003216090G,İ.B.B. ATIK YAKMA ve ENERJİ ÜRETİM TESİSİ,unknown,2026-05-31 08:00:00+03:00,,74.5,chunk_0062.json,POST /v1/generation/data/dpp-bulk,2026-05-31 21:45:51.632977+00:00,3216090,İ.B.B. ATIK YAKMA ve ENERJİ ÜRETİM TESİSİ,148,2026-05-31T08:00:00+03:00,08:00
40W000003216090G,İ.B.B. ATIK YAKMA ve ENERJİ ÜRETİM TESİSİ,unknown,2026-05-31 09:00:00+03:00,,75.0,chunk_0062.json,POST /v1/generation/data/dpp-bulk,2026-05-31 21:45:51.632977+00:00,3216090,İ.B.B. ATIK YAKMA ve ENERJİ ÜRETİM TESİSİ,148,2026-05-31T09:00:00+03:00,09:00
40W000003216090G,İ.B.B. ATIK YAKMA ve ENERJİ ÜRETİM TESİSİ,unknown,2026-05-31 10:00:00+03:00,,75.0,chunk_0062.json,POST /v1/generation/data/dpp-bulk,2026-05-31 21:45:51.632977+00:00,3216090,İ.B.B. ATIK YAKMA ve ENERJİ ÜRETİM TESİSİ,148,2026-05-31T10:00:00+03:00,10:00
40W000003216090G,İ.B.B. ATIK YAKMA ve ENERJİ ÜRETİM TESİSİ,unknown,2026-05-31 11:00:00+03:00,,76.0,chunk_0062.json,POST /v1/generation/data/dpp-bulk,2026-05-31 21:45:51.632977+00:00,3216090,İ.B.B. ATIK YAKMA ve ENERJİ ÜRETİM TESİSİ,148,2026-05-31T11:00:00+03:00,11:00
40W000003216090G,İ.B.B. ATIK YAKMA ve ENERJİ ÜRETİM TESİSİ,unknown,2026-05-31 12:00:00+03:00,,76.0,chunk_0062.json,POST /v1/generation/data/dpp-bulk,2026-05-31 21:45:51.632977+00:00,3216090,İ.B.B. ATIK YAKMA ve ENERJİ ÜRETİM TESİSİ,148,2026-05-31T12:00:00+03:00,12:00
40W000003216090G,İ.B.B. ATIK YAKMA ve ENERJİ ÜRETİM TESİSİ,unknown,2026-05-31 13:00:00+03:00,,76.0,chunk_0062.json,POST /v1/generation/data/dpp-bulk,2026-05-31 21:45:51.632977+00:00,3216090,İ.B.B. ATIK YAKMA ve ENERJİ ÜRETİM TESİSİ,148,2026-05-31T13:00:00+03:00,13:00
40W000003216090G,İ.B.B. ATIK YAKMA ve ENERJİ ÜRETİM TESİSİ,unknown,2026-05-31 14:00:00+03:00,,76.0,chunk_0062.json,POST /v1/generation/data/dpp-bulk,2026-05-31 21:45:51.632977+00:00,3216090,İ.B.B. ATIK YAKMA ve ENERJİ ÜRETİM TESİSİ,148,2026-05-31T14:00:00+03:00,14:00
40W000003216090G,İ.B.B. ATIK YAKMA ve ENERJİ ÜRETİM TESİSİ,unknown,2026-05-31 15:00:00+03:00,,76.0,chunk_0062.json,POST /v1/generation/data/dpp-bulk,2026-05-31 21:45:51.632977+00:00,3216090,İ.B.B. ATIK YAKMA ve ENERJİ ÜRETİM TESİSİ,148,2026-05-31T15:00:00+03:00,15:00
40W000003216090G,İ.B.B. ATIK YAKMA ve ENERJİ ÜRETİM TESİSİ,unknown,2026-05-31 16:00:00+03:00,,76.0,chunk_0062.json,POST /v1/generation/data/dpp-bulk,2026-05-31 21:45:51.632977+00:00,3216090,İ.B.B. ATIK YAKMA ve ENERJİ ÜRETİM TESİSİ,148,2026-05-31T16:00:00+03:00,16:00
40W000003216090G,İ.B.B. ATIK YAKMA ve ENERJİ ÜRETİM TESİSİ,unknown,2026-05-31 17:00:00+03:00,,75.0,chunk_0062.json,POST /v1/generation/data/dpp-bulk,2026-05-31 21:45:51.632977+00:00,3216090,İ.B.B. ATIK YAKMA ve ENERJİ ÜRETİM TESİSİ,148,2026-05-31T17:00:00+03:00,17:00
40W000003216090G,İ.B.B. ATIK YAKMA ve ENERJİ ÜRETİM TESİSİ,unknown,2026-05-31 18:00:00+03:00,,74.5,chunk_0062.json,POST /v1/generation/data/dpp-bulk,2026-05-31 21:45:51.632977+00:00,3216090,İ.B.B. ATIK YAKMA ve ENERJİ ÜRETİM TESİSİ,148,2026-05-31T18:00:00+03:00,18:00
40W000003216090G,İ.B.B. ATIK YAKMA ve ENERJİ ÜRETİM TESİSİ,unknown,2026-05-31 19:00:00+03:00,,74.5,chunk_0062.json,POST /v1/generation/data/dpp-bulk,2026-05-31 21:45:51.632977+00:00,3216090,İ.B.B. ATIK YAKMA ve ENERJİ ÜRETİM TESİSİ,148,2026-05-31T19:00:00+03:00,19:00
40W000003216090G,İ.B.B. ATIK YAKMA ve ENERJİ ÜRETİM TESİSİ,unknown,2026-05-31 20:00:00+03:00,,74.0,chunk_0062.json,POST /v1/generation/data/dpp-bulk,2026-05-31 21:45:51.632977+00:00,3216090,İ.B.B. ATIK YAKMA ve ENERJİ ÜRETİM TESİSİ,148,2026-05-31T20:00:00+03:00,20:00
40W000003216090G,İ.B.B. ATIK YAKMA ve ENERJİ ÜRETİM TESİSİ,unknown,2026-05-31 21:00:00+03:00,,74.0,chunk_0062.json,POST /v1/generation/data/dpp-bulk,2026-05-31 21:45:51.632977+00:00,3216090,İ.B.B. ATIK YAKMA ve ENERJİ ÜRETİM TESİSİ,148,2026-05-31T21:00:00+03:00,21:00
40W000003216090G,İ.B.B. ATIK YAKMA ve ENERJİ ÜRETİM TESİSİ,unknown,2026-05-31 22:00:00+03:00,,74.0,chunk_0062.json,POST /v1/generation/data/dpp-bulk,2026-05-31 21:45:51.632977+00:00,3216090,İ.B.B. ATIK YAKMA ve ENERJİ ÜRETİM TESİSİ,148,2026-05-31T22:00:00+03:00,22:00
40W000003216090G,İ.B.B. ATIK YAKMA ve ENERJİ ÜRETİM TESİSİ,unknown,2026-05-31 23:00:00+03:00,,74.0,chunk_0062.json,POST /v1/generation/data/dpp-bulk,2026-05-31 21:45:51.632977+00:00,3216090,İ.B.B. ATIK YAKMA ve ENERJİ ÜRETİM TESİSİ,148,2026-05-31T23:00:00+03:00,23:00
40W000003216990H,ITC ADANUS ENERJİ ÜRETİM TESİSİ,unknown,2026-05-31 00:00:00+03:00,,15.4,chunk_0062.json,POST /v1/generation/data/dpp-bulk,2026-05-31 21:45:51.632977+00:00,3216990,ITC ADANUS ENERJİ ÜRETİM TESİSİ,420,2026-05-31T00:00:00+03:00,00:00
40W000003216990H,ITC ADANUS ENERJİ ÜRETİM TESİSİ,unknown,2026-05-31 01:00:00+03:00,,15.4,chunk_0062.json,POST /v1/generation/data/dpp-bulk,2026-05-31 21:45:51.632977+00:00,3216990,ITC ADANUS ENERJİ ÜRETİM TESİSİ,420,2026-05-31T01:00:00+03:00,01:00
40W000003216990H,ITC ADANUS ENERJİ ÜRETİM TESİSİ,unknown,2026-05-31 02:00:00+03:00,,15.39,chunk_0062.json,POST /v1/generation/data/dpp-bulk,2026-05-31 21:45:51.632977+00:00,3216990,ITC ADANUS ENERJİ ÜRETİM TESİSİ,420,2026-05-31T02:00:00+03:00,02:00
40W000003216990H,ITC ADANUS ENERJİ ÜRETİM TESİSİ,unknown,2026-05-31 03:00:00+03:00,,15.4,chunk_0062.json,POST /v1/generation/data/dpp-bulk,2026-05-31 21:45:51.632977+00:00,3216990,ITC ADANUS ENERJİ ÜRETİM TESİSİ,420,2026-05-31T03:00:00+03:00,03:00
40W000003216990H,ITC ADANUS ENERJİ ÜRETİM TESİSİ,unknown,2026-05-31 04:00:00+03:00,,15.4,chunk_0062.json,POST /v1/generation/data/dpp-bulk,2026-05-31 21:45:51.632977+00:00,3216990,ITC ADANUS ENERJİ ÜRETİM TESİSİ,420,2026-05-31T04:00:00+03:00,04:00
40W000003216990H,ITC ADANUS ENERJİ ÜRETİM TESİSİ,unknown,2026-05-31 05:00:00+03:00,,15.39,chunk_0062.json,POST /v1/generation/data/dpp-bulk,2026-05-31 21:45:51.632977+00:00,3216990,ITC ADANUS ENERJİ ÜRETİM TESİSİ,420,2026-05-31T05:00:00+03:00,05:00
40W000003216990H,ITC ADANUS ENERJİ ÜRETİM TESİSİ,unknown,2026-05-31 06:00:00+03:00,,15.39,chunk_0062.json,POST /v1/generation/data/dpp-bulk,2026-05-31 21:45:51.632977+00:00,3216990,ITC ADANUS ENERJİ ÜRETİM TESİSİ,420,2026-05-31T06:00:00+03:00,06:00
40W000003216990H,ITC ADANUS ENERJİ ÜRETİM TESİSİ,unknown,2026-05-31 07:00:00+03:00,,15.4,chunk_0062.json,POST /v1/generation/data/dpp-bulk,2026-05-31 21:45:51.632977+00:00,3216990,ITC ADANUS ENERJİ ÜRETİM TESİSİ,420,2026-05-31T07:00:00+03:00,07:00
40W000003216990H,ITC ADANUS ENERJİ ÜRETİM TESİSİ,unknown,2026-05-31 08:00:00+03:00,,15.4,chunk_0062.json,POST /v1/generation/data/dpp-bulk,2026-05-31 21:45:51.632977+00:00,3216990,ITC ADANUS ENERJİ ÜRETİM TESİSİ,420,2026-05-31T08:00:00+03:00,08:00
40W000003216990H,ITC ADANUS ENERJİ ÜRETİM TESİSİ,unknown,2026-05-31 09:00:00+03:00,,15.4,chunk_0062.json,POST /v1/generation/data/dpp-bulk,2026-05-31 21:45:51.632977+00:00,3216990,ITC ADANUS ENERJİ ÜRETİM TESİSİ,420,2026-05-31T09:00:00+03:00,09:00
40W000003216990H,ITC ADANUS ENERJİ ÜRETİM TESİSİ,unknown,2026-05-31 10:00:00+03:00,,15.4,chunk_0062.json,POST /v1/generation/data/dpp-bulk,2026-05-31 21:45:51.632977+00:00,3216990,ITC ADANUS ENERJİ ÜRETİM TESİSİ,420,2026-05-31T10:00:00+03:00,10:00
40W000003216990H,ITC ADANUS ENERJİ ÜRETİM TESİSİ,unknown,2026-05-31 11:00:00+03:00,,15.4,chunk_0062.json,POST /v1/generation/data/dpp-bulk,2026-05-31 21:45:51.632977+00:00,3216990,ITC ADANUS ENERJİ ÜRETİM TESİSİ,420,2026-05-31T11:00:00+03:00,11:00
40W000003216990H,ITC ADANUS ENERJİ ÜRETİM TESİSİ,unknown,2026-05-31 12:00:00+03:00,,15.4,chunk_0062.json,POST /v1/generation/data/dpp-bulk,2026-05-31 21:45:51.632977+00:00,3216990,ITC ADANUS ENERJİ ÜRETİM TESİSİ,420,2026-05-31T12:00:00+03:00,12:00
40W000003216990H,ITC ADANUS ENERJİ ÜRETİM TESİSİ,unknown,2026-05-31 13:00:00+03:00,,15.4,chunk_0062.json,POST /v1/generation/data/dpp-bulk,2026-05-31 21:45:51.632977+00:00,3216990,ITC ADANUS ENERJİ ÜRETİM TESİSİ,420,2026-05-31T13:00:00+03:00,13:00
40W000003216990H,ITC ADANUS ENERJİ ÜRETİM TESİSİ,unknown,2026-05-31 14:00:00+03:00,,15.4,chunk_0062.json,POST /v1/generation/data/dpp-bulk,2026-05-31 21:45:51.632977+00:00,3216990,ITC ADANUS ENERJİ ÜRETİM TESİSİ,420,2026-05-31T14:00:00+03:00,14:00
40W000003216990H,ITC ADANUS ENERJİ ÜRETİM TESİSİ,unknown,2026-05-31 15:00:00+03:00,,15.4,chunk_0062.json,POST /v1/generation/data/dpp-bulk,2026-05-31 21:45:51.632977+00:00,3216990,ITC ADANUS ENERJİ ÜRETİM TESİSİ,420,2026-05-31T15:00:00+03:00,15:00
40W000003216990H,ITC ADANUS ENERJİ ÜRETİM TESİSİ,unknown,2026-05-31 16:00:00+03:00,,15.4,chunk_0062.json,POST /v1/generation/data/dpp-bulk,2026-05-31 21:45:51.632977+00:00,3216990,ITC ADANUS ENERJİ ÜRETİM TESİSİ,420,2026-05-31T16:00:00+03:00,16:00
40W000003216990H,ITC ADANUS ENERJİ ÜRETİM TESİSİ,unknown,2026-05-31 17:00:00+03:00,,15.4,chunk_0062.json,POST /v1/generation/data/dpp-bulk,2026-05-31 21:45:51.632977+00:00,3216990,ITC ADANUS ENERJİ ÜRETİM TESİSİ,420,2026-05-31T17:00:00+03:00,17:00
40W000003216990H,ITC ADANUS ENERJİ ÜRETİM TESİSİ,unknown,2026-05-31 18:00:00+03:00,,15.39,chunk_0062.json,POST /v1/generation/data/dpp-bulk,2026-05-31 21:45:51.632977+00:00,3216990,ITC ADANUS ENERJİ ÜRETİM TESİSİ,420,2026-05-31T18:00:00+03:00,18:00
40W000003216990H,ITC ADANUS ENERJİ ÜRETİM TESİSİ,unknown,2026-05-31 19:00:00+03:00,,15.39,chunk_0062.json,POST /v1/generation/data/dpp-bulk,2026-05-31 21:45:51.632977+00:00,3216990,ITC ADANUS ENERJİ ÜRETİM TESİSİ,420,2026-05-31T19:00:00+03:00,19:00
40W000003216990H,ITC ADANUS ENERJİ ÜRETİM TESİSİ,unknown,2026-05-31 20:00:00+03:00,,15.4,chunk_0062.json,POST /v1/generation/data/dpp-bulk,2026-05-31 21:45:51.632977+00:00,3216990,ITC ADANUS ENERJİ ÜRETİM TESİSİ,420,2026-05-31T20:00:00+03:00,20:00
40W000003216990H,ITC ADANUS ENERJİ ÜRETİM TESİSİ,unknown,2026-05-31 21:00:00+03:00,,15.39,chunk_0062.json,POST /v1/generation/data/dpp-bulk,2026-05-31 21:45:51.632977+00:00,3216990,ITC ADANUS ENERJİ ÜRETİM TESİSİ,420,2026-05-31T21:00:00+03:00,21:00
40W000003216990H,ITC ADANUS ENERJİ ÜRETİM TESİSİ,unknown,2026-05-31 22:00:00+03:00,,15.4,chunk_0062.json,POST /v1/generation/data/dpp-bulk,2026-05-31 21:45:51.632977+00:00,3216990,ITC ADANUS ENERJİ ÜRETİM TESİSİ,420,2026-05-31T22:00:00+03:00,22:00
40W000003216990H,ITC ADANUS ENERJİ ÜRETİM TESİSİ,unknown,2026-05-31 23:00:00+03:00,,15.4,chunk_0062.json,POST /v1/generation/data/dpp-bulk,2026-05-31 21:45:51.632977+00:00,3216990,ITC ADANUS ENERJİ ÜRETİM TESİSİ,420,2026-05-31T23:00:00+03:00,23:00
40W000003216931X,DERYA II HES,unknown,2026-05-31 00:00:00+03:00,,12.0,chunk_0062.json,POST /v1/generation/data/dpp-bulk,2026-05-31 21:45:51.632977+00:00,3216931,DERYA II HES,4969,2026-05-31T00:00:00+03:00,00:00
40W000003216931X,DERYA II HES,unknown,2026-05-31 01:00:00+03:00,,12.0,chunk_0062.json,POST /v1/generation/data/dpp-bulk,2026-05-31 21:45:51.632977+00:00,3216931,DERYA II HES,4969,2026-05-31T01:00:00+03:00,01:00
40W000003216931X,DERYA II HES,unknown,2026-05-31 02:00:00+03:00,,12.0,chunk_0062.json,POST /v1/generation/data/dpp-bulk,2026-05-31 21:45:51.632977+00:00,3216931,DERYA II HES,4969,2026-05-31T02:00:00+03:00,02:00
40W000003216931X,DERYA II HES,unknown,2026-05-31 03:00:00+03:00,,12.0,chunk_0062.json,POST /v1/generation/data/dpp-bulk,2026-05-31 21:45:51.632977+00:00,3216931,DERYA II HES,4969,2026-05-31T03:00:00+03:00,03:00
40W000003216931X,DERYA II HES,unknown,2026-05-31 04:00:00+03:00,,12.0,chunk_0062.json,POST /v1/generation/data/dpp-bulk,2026-05-31 21:45:51.632977+00:00,3216931,DERYA II HES,4969,2026-05-31T04:00:00+03:00,04:00
40W000003216931X,DERYA II HES,unknown,2026-05-31 05:00:00+03:00,,12.0,chunk_0062.json,POST /v1/generation/data/dpp-bulk,2026-05-31 21:45:51.632977+00:00,3216931,DERYA II HES,4969,2026-05-31T05:00:00+03:00,05:00
40W000003216931X,DERYA II HES,unknown,2026-05-31 06:00:00+03:00,,12.0,chunk_0062.json,POST /v1/generation/data/dpp-bulk,2026-05-31 21:45:51.632977+00:00,3216931,DERYA II HES,4969,2026-05-31T06:00:00+03:00,06:00
40W000003216931X,DERYA II HES,unknown,2026-05-31 07:00:00+03:00,,12.0,chunk_0062.json,POST /v1/generation/data/dpp-bulk,2026-05-31 21:45:51.632977+00:00,3216931,DERYA II HES,4969,2026-05-31T07:00:00+03:00,07:00
40W000003216931X,DERYA II HES,unknown,2026-05-31 08:00:00+03:00,,12.0,chunk_0062.json,POST /v1/generation/data/dpp-bulk,2026-05-31 21:45:51.632977+00:00,3216931,DERYA II HES,4969,2026-05-31T08:00:00+03:00,08:00
40W000003216931X,DERYA II HES,unknown,2026-05-31 09:00:00+03:00,,12.0,chunk_0062.json,POST /v1/generation/data/dpp-bulk,2026-05-31 21:45:51.632977+00:00,3216931,DERYA II HES,4969,2026-05-31T09:00:00+03:00,09:00
40W000003216931X,DERYA II HES,unknown,2026-05-31 10:00:00+03:00,,12.0,chunk_0062.json,POST /v1/generation/data/dpp-bulk,2026-05-31 21:45:51.632977+00:00,3216931,DERYA II HES,4969,2026-05-31T10:00:00+03:00,10:00
40W000003216931X,DERYA II HES,unknown,2026-05-31 11:00:00+03:00,,12.0,chunk_0062.json,POST /v1/generation/data/dpp-bulk,2026-05-31 21:45:51.632977+00:00,3216931,DERYA II HES,4969,2026-05-31T11:00:00+03:00,11:00
40W000003216931X,DERYA II HES,unknown,2026-05-31 12:00:00+03:00,,12.0,chunk_0062.json,POST /v1/generation/data/dpp-bulk,2026-05-31 21:45:51.632977+00:00,3216931,DERYA II HES,4969,2026-05-31T12:00:00+03:00,12:00
40W000003216931X,DERYA II HES,unknown,2026-05-31 13:00:00+03:00,,12.0,chunk_0062.json,POST /v1/generation/data/dpp-bulk,2026-05-31 21:45:51.632977+00:00,3216931,DERYA II HES,4969,2026-05-31T13:00:00+03:00,13:00
40W000003216931X,DERYA II HES,unknown,2026-05-31 14:00:00+03:00,,12.0,chunk_0062.json,POST /v1/generation/data/dpp-bulk,2026-05-31 21:45:51.632977+00:00,3216931,DERYA II HES,4969,2026-05-31T14:00:00+03:00,14:00
40W000003216931X,DERYA II HES,unknown,2026-05-31 15:00:00+03:00,,12.0,chunk_0062.json,POST /v1/generation/data/dpp-bulk,2026-05-31 21:45:51.632977+00:00,3216931,DERYA II HES,4969,2026-05-31T15:00:00+03:00,15:00
40W000003216931X,DERYA II HES,unknown,2026-05-31 16:00:00+03:00,,12.0,chunk_0062.json,POST /v1/generation/data/dpp-bulk,2026-05-31 21:45:51.632977+00:00,3216931,DERYA II HES,4969,2026-05-31T16:00:00+03:00,16:00
40W000003216931X,DERYA II HES,unknown,2026-05-31 17:00:00+03:00,,12.0,chunk_0062.json,POST /v1/generation/data/dpp-bulk,2026-05-31 21:45:51.632977+00:00,3216931,DERYA II HES,4969,2026-05-31T17:00:00+03:00,17:00
40W000003216931X,DERYA II HES,unknown,2026-05-31 18:00:00+03:00,,12.0,chunk_0062.json,POST /v1/generation/data/dpp-bulk,2026-05-31 21:45:51.632977+00:00,3216931,DERYA II HES,4969,2026-05-31T18:00:00+03:00,18:00
40W000003216931X,DERYA II HES,unknown,2026-05-31 19:00:00+03:00,,12.0,chunk_0062.json,POST /v1/generation/data/dpp-bulk,2026-05-31 21:45:51.632977+00:00,3216931,DERYA II HES,4969,2026-05-31T19:00:00+03:00,19:00
40W000003216931X,DERYA II HES,unknown,2026-05-31 20:00:00+03:00,,12.0,chunk_0062.json,POST /v1/generation/data/dpp-bulk,2026-05-31 21:45:51.632977+00:00,3216931,DERYA II HES,4969,2026-05-31T20:00:00+03:00,20:00
40W000003216931X,DERYA II HES,unknown,2026-05-31 21:00:00+03:00,,12.0,chunk_0062.json,POST /v1/generation/data/dpp-bulk,2026-05-31 21:45:51.632977+00:00,3216931,DERYA II HES,4969,2026-05-31T21:00:00+03:00,21:00
40W000003216931X,DERYA II HES,unknown,2026-05-31 22:00:00+03:00,,12.0,chunk_0062.json,POST /v1/generation/data/dpp-bulk,2026-05-31 21:45:51.632977+00:00,3216931,DERYA II HES,4969,2026-05-31T22:00:00+03:00,22:00
40W000003216931X,DERYA II HES,unknown,2026-05-31 23:00:00+03:00,,12.0,chunk_0062.json,POST /v1/generation/data/dpp-bulk,2026-05-31 21:45:51.632977+00:00,3216931,DERYA II HES,4969,2026-05-31T23:00:00+03:00,23:00
40W000003216630A,KEMERKÖY TES_GRUP2,unknown,2026-05-31 00:00:00+03:00,,179.0,chunk_0062.json,POST /v1/generation/data/dpp-bulk,2026-05-31 21:45:51.632977+00:00,3216630,KEMERKÖY TES_GRUP2,8339,2026-05-31T00:00:00+03:00,00:00
40W000003216630A,KEMERKÖY TES_GRUP2,unknown,2026-05-31 01:00:00+03:00,,179.0,chunk_0062.json,POST /v1/generation/data/dpp-bulk,2026-05-31 21:45:51.632977+00:00,3216630,KEMERKÖY TES_GRUP2,8339,2026-05-31T01:00:00+03:00,01:00
40W000003216630A,KEMERKÖY TES_GRUP2,unknown,2026-05-31 02:00:00+03:00,,179.0,chunk_0062.json,POST /v1/generation/data/dpp-bulk,2026-05-31 21:45:51.632977+00:00,3216630,KEMERKÖY TES_GRUP2,8339,2026-05-31T02:00:00+03:00,02:00
40W000003216630A,KEMERKÖY TES_GRUP2,unknown,2026-05-31 03:00:00+03:00,,179.0,chunk_0062.json,POST /v1/generation/data/dpp-bulk,2026-05-31 21:45:51.632977+00:00,3216630,KEMERKÖY TES_GRUP2,8339,2026-05-31T03:00:00+03:00,03:00
40W000003216630A,KEMERKÖY TES_GRUP2,unknown,2026-05-31 04:00:00+03:00,,179.0,chunk_0062.json,POST /v1/generation/data/dpp-bulk,2026-05-31 21:45:51.632977+00:00,3216630,KEMERKÖY TES_GRUP2,8339,2026-05-31T04:00:00+03:00,04:00
40W000003216630A,KEMERKÖY TES_GRUP2,unknown,2026-05-31 05:00:00+03:00,,179.0,chunk_0062.json,POST /v1/generation/data/dpp-bulk,2026-05-31 21:45:51.632977+00:00,3216630,KEMERKÖY TES_GRUP2,8339,2026-05-31T05:00:00+03:00,05:00
40W000003216630A,KEMERKÖY TES_GRUP2,unknown,2026-05-31 06:00:00+03:00,,179.0,chunk_0062.json,POST /v1/generation/data/dpp-bulk,2026-05-31 21:45:51.632977+00:00,3216630,KEMERKÖY TES_GRUP2,8339,2026-05-31T06:00:00+03:00,06:00
40W000003216630A,KEMERKÖY TES_GRUP2,unknown,2026-05-31 07:00:00+03:00,,167.0,chunk_0062.json,POST /v1/generation/data/dpp-bulk,2026-05-31 21:45:51.632977+00:00,3216630,KEMERKÖY TES_GRUP2,8339,2026-05-31T07:00:00+03:00,07:00
40W000003216630A,KEMERKÖY TES_GRUP2,unknown,2026-05-31 08:00:00+03:00,,167.0,chunk_0062.json,POST /v1/generation/data/dpp-bulk,2026-05-31 21:45:51.632977+00:00,3216630,KEMERKÖY TES_GRUP2,8339,2026-05-31T08:00:00+03:00,08:00
40W000003216630A,KEMERKÖY TES_GRUP2,unknown,2026-05-31 09:00:00+03:00,,167.0,chunk_0062.json,POST /v1/generation/data/dpp-bulk,2026-05-31 21:45:51.632977+00:00,3216630,KEMERKÖY TES_GRUP2,8339,2026-05-31T09:00:00+03:00,09:00
40W000003216630A,KEMERKÖY TES_GRUP2,unknown,2026-05-31 10:00:00+03:00,,167.0,chunk_0062.json,POST /v1/generation/data/dpp-bulk,2026-05-31 21:45:51.632977+00:00,3216630,KEMERKÖY TES_GRUP2,8339,2026-05-31T10:00:00+03:00,10:00
40W000003216630A,KEMERKÖY TES_GRUP2,unknown,2026-05-31 11:00:00+03:00,,167.0,chunk_0062.json,POST /v1/generation/data/dpp-bulk,2026-05-31 21:45:51.632977+00:00,3216630,KEMERKÖY TES_GRUP2,8339,2026-05-31T11:00:00+03:00,11:00
40W000003216630A,KEMERKÖY TES_GRUP2,unknown,2026-05-31 12:00:00+03:00,,167.0,chunk_0062.json,POST /v1/generation/data/dpp-bulk,2026-05-31 21:45:51.632977+00:00,3216630,KEMERKÖY TES_GRUP2,8339,2026-05-31T12:00:00+03:00,12:00
40W000003216630A,KEMERKÖY TES_GRUP2,unknown,2026-05-31 13:00:00+03:00,,167.0,chunk_0062.json,POST /v1/generation/data/dpp-bulk,2026-05-31 21:45:51.632977+00:00,3216630,KEMERKÖY TES_GRUP2,8339,2026-05-31T13:00:00+03:00,13:00
40W000003216630A,KEMERKÖY TES_GRUP2,unknown,2026-05-31 14:00:00+03:00,,167.0,chunk_0062.json,POST /v1/generation/data/dpp-bulk,2026-05-31 21:45:51.632977+00:00,3216630,KEMERKÖY TES_GRUP2,8339,2026-05-31T14:00:00+03:00,14:00
40W000003216630A,KEMERKÖY TES_GRUP2,unknown,2026-05-31 15:00:00+03:00,,179.0,chunk_0062.json,POST /v1/generation/data/dpp-bulk,2026-05-31 21:45:51.632977+00:00,3216630,KEMERKÖY TES_GRUP2,8339,2026-05-31T15:00:00+03:00,15:00
40W000003216630A,KEMERKÖY TES_GRUP2,unknown,2026-05-31 16:00:00+03:00,,179.0,chunk_0062.json,POST /v1/generation/data/dpp-bulk,2026-05-31 21:45:51.632977+00:00,3216630,KEMERKÖY TES_GRUP2,8339,2026-05-31T16:00:00+03:00,16:00
40W000003216630A,KEMERKÖY TES_GRUP2,unknown,2026-05-31 17:00:00+03:00,,179.0,chunk_0062.json,POST /v1/generation/data/dpp-bulk,2026-05-31 21:45:51.632977+00:00,3216630,KEMERKÖY TES_GRUP2,8339,2026-05-31T17:00:00+03:00,17:00
40W000003216630A,KEMERKÖY TES_GRUP2,unknown,2026-05-31 18:00:00+03:00,,179.0,chunk_0062.json,POST /v1/generation/data/dpp-bulk,2026-05-31 21:45:51.632977+00:00,3216630,KEMERKÖY TES_GRUP2,8339,2026-05-31T18:00:00+03:00,18:00
40W000003216630A,KEMERKÖY TES_GRUP2,unknown,2026-05-31 19:00:00+03:00,,179.0,chunk_0062.json,POST /v1/generation/data/dpp-bulk,2026-05-31 21:45:51.632977+00:00,3216630,KEMERKÖY TES_GRUP2,8339,2026-05-31T19:00:00+03:00,19:00
40W000003216630A,KEMERKÖY TES_GRUP2,unknown,2026-05-31 20:00:00+03:00,,189.0,chunk_0062.json,POST /v1/generation/data/dpp-bulk,2026-05-31 21:45:51.632977+00:00,3216630,KEMERKÖY TES_GRUP2,8339,2026-05-31T20:00:00+03:00,20:00
40W000003216630A,KEMERKÖY TES_GRUP2,unknown,2026-05-31 21:00:00+03:00,,201.0,chunk_0062.json,POST /v1/generation/data/dpp-bulk,2026-05-31 21:45:51.632977+00:00,3216630,KEMERKÖY TES_GRUP2,8339,2026-05-31T21:00:00+03:00,21:00
40W000003216630A,KEMERKÖY TES_GRUP2,unknown,2026-05-31 22:00:00+03:00,,201.0,chunk_0062.json,POST /v1/generation/data/dpp-bulk,2026-05-31 21:45:51.632977+00:00,3216630,KEMERKÖY TES_GRUP2,8339,2026-05-31T22:00:00+03:00,22:00
40W000003216630A,KEMERKÖY TES_GRUP2,unknown,2026-05-31 23:00:00+03:00,,167.0,chunk_0062.json,POST /v1/generation/data/dpp-bulk,2026-05-31 21:45:51.632977+00:00,3216630,KEMERKÖY TES_GRUP2,8339,2026-05-31T23:00:00+03:00,23:00
40W0000032166318,KEMERKÖY TES_GRUP3,unknown,2026-05-31 00:00:00+03:00,,0.0,chunk_0062.json,POST /v1/generation/data/dpp-bulk,2026-05-31 21:45:51.632977+00:00,3216631,KEMERKÖY TES_GRUP3,8339,2026-05-31T00:00:00+03:00,00:00
40W0000032166318,KEMERKÖY TES_GRUP3,unknown,2026-05-31 01:00:00+03:00,,0.0,chunk_0062.json,POST /v1/generation/data/dpp-bulk,2026-05-31 21:45:51.632977+00:00,3216631,KEMERKÖY TES_GRUP3,8339,2026-05-31T01:00:00+03:00,01:00
40W0000032166318,KEMERKÖY TES_GRUP3,unknown,2026-05-31 02:00:00+03:00,,0.0,chunk_0062.json,POST /v1/generation/data/dpp-bulk,2026-05-31 21:45:51.632977+00:00,3216631,KEMERKÖY TES_GRUP3,8339,2026-05-31T02:00:00+03:00,02:00
40W0000032166318,KEMERKÖY TES_GRUP3,unknown,2026-05-31 03:00:00+03:00,,0.0,chunk_0062.json,POST /v1/generation/data/dpp-bulk,2026-05-31 21:45:51.632977+00:00,3216631,KEMERKÖY TES_GRUP3,8339,2026-05-31T03:00:00+03:00,03:00
40W0000032166318,KEMERKÖY TES_GRUP3,unknown,2026-05-31 04:00:00+03:00,,0.0,chunk_0062.json,POST /v1/generation/data/dpp-bulk,2026-05-31 21:45:51.632977+00:00,3216631,KEMERKÖY TES_GRUP3,8339,2026-05-31T04:00:00+03:00,04:00
40W0000032166318,KEMERKÖY TES_GRUP3,unknown,2026-05-31 05:00:00+03:00,,0.0,chunk_0062.json,POST /v1/generation/data/dpp-bulk,2026-05-31 21:45:51.632977+00:00,3216631,KEMERKÖY TES_GRUP3,8339,2026-05-31T05:00:00+03:00,05:00
40W0000032166318,KEMERKÖY TES_GRUP3,unknown,2026-05-31 06:00:00+03:00,,30.0,chunk_0062.json,POST /v1/generation/data/dpp-bulk,2026-05-31 21:45:51.632977+00:00,3216631,KEMERKÖY TES_GRUP3,8339,2026-05-31T06:00:00+03:00,06:00
40W0000032166318,KEMERKÖY TES_GRUP3,unknown,2026-05-31 07:00:00+03:00,,112.0,chunk_0062.json,POST /v1/generation/data/dpp-bulk,2026-05-31 21:45:51.632977+00:00,3216631,KEMERKÖY TES_GRUP3,8339,2026-05-31T07:00:00+03:00,07:00
40W0000032166318,KEMERKÖY TES_GRUP3,unknown,2026-05-31 08:00:00+03:00,,3.0,chunk_0062.json,POST /v1/generation/data/dpp-bulk,2026-05-31 21:45:51.632977+00:00,3216631,KEMERKÖY TES_GRUP3,8339,2026-05-31T08:00:00+03:00,08:00
40W0000032166318,KEMERKÖY TES_GRUP3,unknown,2026-05-31 09:00:00+03:00,,0.0,chunk_0062.json,POST /v1/generation/data/dpp-bulk,2026-05-31 21:45:51.632977+00:00,3216631,KEMERKÖY TES_GRUP3,8339,2026-05-31T09:00:00+03:00,09:00
40W0000032166318,KEMERKÖY TES_GRUP3,unknown,2026-05-31 10:00:00+03:00,,0.0,chunk_0062.json,POST /v1/generation/data/dpp-bulk,2026-05-31 21:45:51.632977+00:00,3216631,KEMERKÖY TES_GRUP3,8339,2026-05-31T10:00:00+03:00,10:00
40W0000032166318,KEMERKÖY TES_GRUP3,unknown,2026-05-31 11:00:00+03:00,,50.0,chunk_0062.json,POST /v1/generation/data/dpp-bulk,2026-05-31 21:45:51.632977+00:00,3216631,KEMERKÖY TES_GRUP3,8339,2026-05-31T11:00:00+03:00,11:00
40W0000032166318,KEMERKÖY TES_GRUP3,unknown,2026-05-31 12:00:00+03:00,,160.0,chunk_0062.json,POST /v1/generation/data/dpp-bulk,2026-05-31 21:45:51.632977+00:00,3216631,KEMERKÖY TES_GRUP3,8339,2026-05-31T12:00:00+03:00,12:00
40W0000032166318,KEMERKÖY TES_GRUP3,unknown,2026-05-31 13:00:00+03:00,,160.0,chunk_0062.json,POST /v1/generation/data/dpp-bulk,2026-05-31 21:45:51.632977+00:00,3216631,KEMERKÖY TES_GRUP3,8339,2026-05-31T13:00:00+03:00,13:00
40W0000032166318,KEMERKÖY TES_GRUP3,unknown,2026-05-31 14:00:00+03:00,,160.0,chunk_0062.json,POST /v1/generation/data/dpp-bulk,2026-05-31 21:45:51.632977+00:00,3216631,KEMERKÖY TES_GRUP3,8339,2026-05-31T14:00:00+03:00,14:00
40W0000032166318,KEMERKÖY TES_GRUP3,unknown,2026-05-31 15:00:00+03:00,,160.0,chunk_0062.json,POST /v1/generation/data/dpp-bulk,2026-05-31 21:45:51.632977+00:00,3216631,KEMERKÖY TES_GRUP3,8339,2026-05-31T15:00:00+03:00,15:00
40W0000032166318,KEMERKÖY TES_GRUP3,unknown,2026-05-31 16:00:00+03:00,,160.0,chunk_0062.json,POST /v1/generation/data/dpp-bulk,2026-05-31 21:45:51.632977+00:00,3216631,KEMERKÖY TES_GRUP3,8339,2026-05-31T16:00:00+03:00,16:00
40W0000032166318,KEMERKÖY TES_GRUP3,unknown,2026-05-31 17:00:00+03:00,,160.0,chunk_0062.json,POST /v1/generation/data/dpp-bulk,2026-05-31 21:45:51.632977+00:00,3216631,KEMERKÖY TES_GRUP3,8339,2026-05-31T17:00:00+03:00,17:00
40W0000032166318,KEMERKÖY TES_GRUP3,unknown,2026-05-31 18:00:00+03:00,,160.0,chunk_0062.json,POST /v1/generation/data/dpp-bulk,2026-05-31 21:45:51.632977+00:00,3216631,KEMERKÖY TES_GRUP3,8339,2026-05-31T18:00:00+03:00,18:00
40W0000032166318,KEMERKÖY TES_GRUP3,unknown,2026-05-31 19:00:00+03:00,,160.0,chunk_0062.json,POST /v1/generation/data/dpp-bulk,2026-05-31 21:45:51.632977+00:00,3216631,KEMERKÖY TES_GRUP3,8339,2026-05-31T19:00:00+03:00,19:00
40W0000032166318,KEMERKÖY TES_GRUP3,unknown,2026-05-31 20:00:00+03:00,,213.0,chunk_0062.json,POST /v1/generation/data/dpp-bulk,2026-05-31 21:45:51.632977+00:00,3216631,KEMERKÖY TES_GRUP3,8339,2026-05-31T20:00:00+03:00,20:00
40W0000032166318,KEMERKÖY TES_GRUP3,unknown,2026-05-31 21:00:00+03:00,,213.0,chunk_0062.json,POST /v1/generation/data/dpp-bulk,2026-05-31 21:45:51.632977+00:00,3216631,KEMERKÖY TES_GRUP3,8339,2026-05-31T21:00:00+03:00,21:00
40W0000032166318,KEMERKÖY TES_GRUP3,unknown,2026-05-31 22:00:00+03:00,,213.0,chunk_0062.json,POST /v1/generation/data/dpp-bulk,2026-05-31 21:45:51.632977+00:00,3216631,KEMERKÖY TES_GRUP3,8339,2026-05-31T22:00:00+03:00,22:00
40W0000032166318,KEMERKÖY TES_GRUP3,unknown,2026-05-31 23:00:00+03:00,,160.0,chunk_0062.json,POST /v1/generation/data/dpp-bulk,2026-05-31 21:45:51.632977+00:00,3216631,KEMERKÖY TES_GRUP3,8339,2026-05-31T23:00:00+03:00,23:00
40W0000032165532,ERA ERZİNCAN BİYOKÜTLE SANTRALİ TESİSİ-2,unknown,2026-05-31 00:00:00+03:00,,0.0,chunk_0062.json,POST /v1/generation/data/dpp-bulk,2026-05-31 21:45:51.632977+00:00,3216553,ERA ERZİNCAN BİYOKÜTLE SANTRALİ TESİSİ-2,11332,2026-05-31T00:00:00+03:00,00:00
40W0000032165532,ERA ERZİNCAN BİYOKÜTLE SANTRALİ TESİSİ-2,unknown,2026-05-31 01:00:00+03:00,,0.0,chunk_0062.json,POST /v1/generation/data/dpp-bulk,2026-05-31 21:45:51.632977+00:00,3216553,ERA ERZİNCAN BİYOKÜTLE SANTRALİ TESİSİ-2,11332,2026-05-31T01:00:00+03:00,01:00
40W0000032165532,ERA ERZİNCAN BİYOKÜTLE SANTRALİ TESİSİ-2,unknown,2026-05-31 02:00:00+03:00,,0.0,chunk_0062.json,POST /v1/generation/data/dpp-bulk,2026-05-31 21:45:51.632977+00:00,3216553,ERA ERZİNCAN BİYOKÜTLE SANTRALİ TESİSİ-2,11332,2026-05-31T02:00:00+03:00,02:00
40W0000032165532,ERA ERZİNCAN BİYOKÜTLE SANTRALİ TESİSİ-2,unknown,2026-05-31 03:00:00+03:00,,0.0,chunk_0062.json,POST /v1/generation/data/dpp-bulk,2026-05-31 21:45:51.632977+00:00,3216553,ERA ERZİNCAN BİYOKÜTLE SANTRALİ TESİSİ-2,11332,2026-05-31T03:00:00+03:00,03:00
40W0000032165532,ERA ERZİNCAN BİYOKÜTLE SANTRALİ TESİSİ-2,unknown,2026-05-31 04:00:00+03:00,,0.0,chunk_0062.json,POST /v1/generation/data/dpp-bulk,2026-05-31 21:45:51.632977+00:00,3216553,ERA ERZİNCAN BİYOKÜTLE SANTRALİ TESİSİ-2,11332,2026-05-31T04:00:00+03:00,04:00
40W0000032165532,ERA ERZİNCAN BİYOKÜTLE SANTRALİ TESİSİ-2,unknown,2026-05-31 05:00:00+03:00,,0.0,chunk_0062.json,POST /v1/generation/data/dpp-bulk,2026-05-31 21:45:51.632977+00:00,3216553,ERA ERZİNCAN BİYOKÜTLE SANTRALİ TESİSİ-2,11332,2026-05-31T05:00:00+03:00,05:00
40W0000032165532,ERA ERZİNCAN BİYOKÜTLE SANTRALİ TESİSİ-2,unknown,2026-05-31 06:00:00+03:00,,0.0,chunk_0062.json,POST /v1/generation/data/dpp-bulk,2026-05-31 21:45:51.632977+00:00,3216553,ERA ERZİNCAN BİYOKÜTLE SANTRALİ TESİSİ-2,11332,2026-05-31T06:00:00+03:00,06:00
40W0000032165532,ERA ERZİNCAN BİYOKÜTLE SANTRALİ TESİSİ-2,unknown,2026-05-31 07:00:00+03:00,,0.0,chunk_0062.json,POST /v1/generation/data/dpp-bulk,2026-05-31 21:45:51.632977+00:00,3216553,ERA ERZİNCAN BİYOKÜTLE SANTRALİ TESİSİ-2,11332,2026-05-31T07:00:00+03:00,07:00
40W0000032165532,ERA ERZİNCAN BİYOKÜTLE SANTRALİ TESİSİ-2,unknown,2026-05-31 08:00:00+03:00,,0.0,chunk_0062.json,POST /v1/generation/data/dpp-bulk,2026-05-31 21:45:51.632977+00:00,3216553,ERA ERZİNCAN BİYOKÜTLE SANTRALİ TESİSİ-2,11332,2026-05-31T08:00:00+03:00,08:00
40W0000032165532,ERA ERZİNCAN BİYOKÜTLE SANTRALİ TESİSİ-2,unknown,2026-05-31 09:00:00+03:00,,0.0,chunk_0062.json,POST /v1/generation/data/dpp-bulk,2026-05-31 21:45:51.632977+00:00,3216553,ERA ERZİNCAN BİYOKÜTLE SANTRALİ TESİSİ-2,11332,2026-05-31T09:00:00+03:00,09:00
40W0000032165532,ERA ERZİNCAN BİYOKÜTLE SANTRALİ TESİSİ-2,unknown,2026-05-31 10:00:00+03:00,,0.0,chunk_0062.json,POST /v1/generation/data/dpp-bulk,2026-05-31 21:45:51.632977+00:00,3216553,ERA ERZİNCAN BİYOKÜTLE SANTRALİ TESİSİ-2,11332,2026-05-31T10:00:00+03:00,10:00
40W0000032165532,ERA ERZİNCAN BİYOKÜTLE SANTRALİ TESİSİ-2,unknown,2026-05-31 11:00:00+03:00,,0.0,chunk_0062.json,POST /v1/generation/data/dpp-bulk,2026-05-31 21:45:51.632977+00:00,3216553,ERA ERZİNCAN BİYOKÜTLE SANTRALİ TESİSİ-2,11332,2026-05-31T11:00:00+03:00,11:00
40W0000032165532,ERA ERZİNCAN BİYOKÜTLE SANTRALİ TESİSİ-2,unknown,2026-05-31 12:00:00+03:00,,0.0,chunk_0062.json,POST /v1/generation/data/dpp-bulk,2026-05-31 21:45:51.632977+00:00,3216553,ERA ERZİNCAN BİYOKÜTLE SANTRALİ TESİSİ-2,11332,2026-05-31T12:00:00+03:00,12:00
40W0000032165532,ERA ERZİNCAN BİYOKÜTLE SANTRALİ TESİSİ-2,unknown,2026-05-31 13:00:00+03:00,,0.0,chunk_0062.json,POST /v1/generation/data/dpp-bulk,2026-05-31 21:45:51.632977+00:00,3216553,ERA ERZİNCAN BİYOKÜTLE SANTRALİ TESİSİ-2,11332,2026-05-31T13:00:00+03:00,13:00
40W0000032165532,ERA ERZİNCAN BİYOKÜTLE SANTRALİ TESİSİ-2,unknown,2026-05-31 14:00:00+03:00,,0.0,chunk_0062.json,POST /v1/generation/data/dpp-bulk,2026-05-31 21:45:51.632977+00:00,3216553,ERA ERZİNCAN BİYOKÜTLE SANTRALİ TESİSİ-2,11332,2026-05-31T14:00:00+03:00,14:00
40W0000032165532,ERA ERZİNCAN BİYOKÜTLE SANTRALİ TESİSİ-2,unknown,2026-05-31 15:00:00+03:00,,0.0,chunk_0062.json,POST /v1/generation/data/dpp-bulk,2026-05-31 21:45:51.632977+00:00,3216553,ERA ERZİNCAN BİYOKÜTLE SANTRALİ TESİSİ-2,11332,2026-05-31T15:00:00+03:00,15:00
40W0000032165532,ERA ERZİNCAN BİYOKÜTLE SANTRALİ TESİSİ-2,unknown,2026-05-31 16:00:00+03:00,,0.0,chunk_0062.json,POST /v1/generation/data/dpp-bulk,2026-05-31 21:45:51.632977+00:00,3216553,ERA ERZİNCAN BİYOKÜTLE SANTRALİ TESİSİ-2,11332,2026-05-31T16:00:00+03:00,16:00
40W0000032165532,ERA ERZİNCAN BİYOKÜTLE SANTRALİ TESİSİ-2,unknown,2026-05-31 17:00:00+03:00,,0.0,chunk_0062.json,POST /v1/generation/data/dpp-bulk,2026-05-31 21:45:51.632977+00:00,3216553,ERA ERZİNCAN BİYOKÜTLE SANTRALİ TESİSİ-2,11332,2026-05-31T17:00:00+03:00,17:00
40W0000032165532,ERA ERZİNCAN BİYOKÜTLE SANTRALİ TESİSİ-2,unknown,2026-05-31 18:00:00+03:00,,0.0,chunk_0062.json,POST /v1/generation/data/dpp-bulk,2026-05-31 21:45:51.632977+00:00,3216553,ERA ERZİNCAN BİYOKÜTLE SANTRALİ TESİSİ-2,11332,2026-05-31T18:00:00+03:00,18:00
40W0000032165532,ERA ERZİNCAN BİYOKÜTLE SANTRALİ TESİSİ-2,unknown,2026-05-31 19:00:00+03:00,,0.0,chunk_0062.json,POST /v1/generation/data/dpp-bulk,2026-05-31 21:45:51.632977+00:00,3216553,ERA ERZİNCAN BİYOKÜTLE SANTRALİ TESİSİ-2,11332,2026-05-31T19:00:00+03:00,19:00
40W0000032165532,ERA ERZİNCAN BİYOKÜTLE SANTRALİ TESİSİ-2,unknown,2026-05-31 20:00:00+03:00,,0.0,chunk_0062.json,POST /v1/generation/data/dpp-bulk,2026-05-31 21:45:51.632977+00:00,3216553,ERA ERZİNCAN BİYOKÜTLE SANTRALİ TESİSİ-2,11332,2026-05-31T20:00:00+03:00,20:00
40W0000032165532,ERA ERZİNCAN BİYOKÜTLE SANTRALİ TESİSİ-2,unknown,2026-05-31 21:00:00+03:00,,0.0,chunk_0062.json,POST /v1/generation/data/dpp-bulk,2026-05-31 21:45:51.632977+00:00,3216553,ERA ERZİNCAN BİYOKÜTLE SANTRALİ TESİSİ-2,11332,2026-05-31T21:00:00+03:00,21:00
40W0000032165532,ERA ERZİNCAN BİYOKÜTLE SANTRALİ TESİSİ-2,unknown,2026-05-31 22:00:00+03:00,,0.0,chunk_0062.json,POST /v1/generation/data/dpp-bulk,2026-05-31 21:45:51.632977+00:00,3216553,ERA ERZİNCAN BİYOKÜTLE SANTRALİ TESİSİ-2,11332,2026-05-31T22:00:00+03:00,22:00
40W0000032165532,ERA ERZİNCAN BİYOKÜTLE SANTRALİ TESİSİ-2,unknown,2026-05-31 23:00:00+03:00,,0.0,chunk_0062.json,POST /v1/generation/data/dpp-bulk,2026-05-31 21:45:51.632977+00:00,3216553,ERA ERZİNCAN BİYOKÜTLE SANTRALİ TESİSİ-2,11332,2026-05-31T23:00:00+03:00,23:00
40W000003216330M,KÖPRÜBAŞI REG. ve HES(EBY),unknown,2026-05-31 00:00:00+03:00,,5.3,chunk_0062.json,POST /v1/generation/data/dpp-bulk,2026-05-31 21:45:51.632977+00:00,3216330,KÖPRÜBAŞI REG. ve HES(EBY),16059,2026-05-31T00:00:00+03:00,00:00
40W000003216330M,KÖPRÜBAŞI REG. ve HES(EBY),unknown,2026-05-31 01:00:00+03:00,,5.3,chunk_0062.json,POST /v1/generation/data/dpp-bulk,2026-05-31 21:45:51.632977+00:00,3216330,KÖPRÜBAŞI REG. ve HES(EBY),16059,2026-05-31T01:00:00+03:00,01:00
40W000003216330M,KÖPRÜBAŞI REG. ve HES(EBY),unknown,2026-05-31 02:00:00+03:00,,5.3,chunk_0062.json,POST /v1/generation/data/dpp-bulk,2026-05-31 21:45:51.632977+00:00,3216330,KÖPRÜBAŞI REG. ve HES(EBY),16059,2026-05-31T02:00:00+03:00,02:00
40W000003216330M,KÖPRÜBAŞI REG. ve HES(EBY),unknown,2026-05-31 03:00:00+03:00,,5.3,chunk_0062.json,POST /v1/generation/data/dpp-bulk,2026-05-31 21:45:51.632977+00:00,3216330,KÖPRÜBAŞI REG. ve HES(EBY),16059,2026-05-31T03:00:00+03:00,03:00
40W000003216330M,KÖPRÜBAŞI REG. ve HES(EBY),unknown,2026-05-31 04:00:00+03:00,,5.3,chunk_0062.json,POST /v1/generation/data/dpp-bulk,2026-05-31 21:45:51.632977+00:00,3216330,KÖPRÜBAŞI REG. ve HES(EBY),16059,2026-05-31T04:00:00+03:00,04:00
40W000003216330M,KÖPRÜBAŞI REG. ve HES(EBY),unknown,2026-05-31 05:00:00+03:00,,5.3,chunk_0062.json,POST /v1/generation/data/dpp-bulk,2026-05-31 21:45:51.632977+00:00,3216330,KÖPRÜBAŞI REG. ve HES(EBY),16059,2026-05-31T05:00:00+03:00,05:00
40W000003216330M,KÖPRÜBAŞI REG. ve HES(EBY),unknown,2026-05-31 06:00:00+03:00,,5.3,chunk_0062.json,POST /v1/generation/data/dpp-bulk,2026-05-31 21:45:51.632977+00:00,3216330,KÖPRÜBAŞI REG. ve HES(EBY),16059,2026-05-31T06:00:00+03:00,06:00
40W000003216330M,KÖPRÜBAŞI REG. ve HES(EBY),unknown,2026-05-31 07:00:00+03:00,,5.3,chunk_0062.json,POST /v1/generation/data/dpp-bulk,2026-05-31 21:45:51.632977+00:00,3216330,KÖPRÜBAŞI REG. ve HES(EBY),16059,2026-05-31T07:00:00+03:00,07:00
40W000003216330M,KÖPRÜBAŞI REG. ve HES(EBY),unknown,2026-05-31 08:00:00+03:00,,5.3,chunk_0062.json,POST /v1/generation/data/dpp-bulk,2026-05-31 21:45:51.632977+00:00,3216330,KÖPRÜBAŞI REG. ve HES(EBY),16059,2026-05-31T08:00:00+03:00,08:00
40W000003216330M,KÖPRÜBAŞI REG. ve HES(EBY),unknown,2026-05-31 09:00:00+03:00,,5.3,chunk_0062.json,POST /v1/generation/data/dpp-bulk,2026-05-31 21:45:51.632977+00:00,3216330,KÖPRÜBAŞI REG. ve HES(EBY),16059,2026-05-31T09:00:00+03:00,09:00
40W000003216330M,KÖPRÜBAŞI REG. ve HES(EBY),unknown,2026-05-31 10:00:00+03:00,,5.3,chunk_0062.json,POST /v1/generation/data/dpp-bulk,2026-05-31 21:45:51.632977+00:00,3216330,KÖPRÜBAŞI REG. ve HES(EBY),16059,2026-05-31T10:00:00+03:00,10:00
40W000003216330M,KÖPRÜBAŞI REG. ve HES(EBY),unknown,2026-05-31 11:00:00+03:00,,5.3,chunk_0062.json,POST /v1/generation/data/dpp-bulk,2026-05-31 21:45:51.632977+00:00,3216330,KÖPRÜBAŞI REG. ve HES(EBY),16059,2026-05-31T11:00:00+03:00,11:00
40W000003216330M,KÖPRÜBAŞI REG. ve HES(EBY),unknown,2026-05-31 12:00:00+03:00,,5.3,chunk_0062.json,POST /v1/generation/data/dpp-bulk,2026-05-31 21:45:51.632977+00:00,3216330,KÖPRÜBAŞI REG. ve HES(EBY),16059,2026-05-31T12:00:00+03:00,12:00
40W000003216330M,KÖPRÜBAŞI REG. ve HES(EBY),unknown,2026-05-31 13:00:00+03:00,,5.3,chunk_0062.json,POST /v1/generation/data/dpp-bulk,2026-05-31 21:45:51.632977+00:00,3216330,KÖPRÜBAŞI REG. ve HES(EBY),16059,2026-05-31T13:00:00+03:00,13:00
40W000003216330M,KÖPRÜBAŞI REG. ve HES(EBY),unknown,2026-05-31 14:00:00+03:00,,5.3,chunk_0062.json,POST /v1/generation/data/dpp-bulk,2026-05-31 21:45:51.632977+00:00,3216330,KÖPRÜBAŞI REG. ve HES(EBY),16059,2026-05-31T14:00:00+03:00,14:00
40W000003216330M,KÖPRÜBAŞI REG. ve HES(EBY),unknown,2026-05-31 15:00:00+03:00,,5.3,chunk_0062.json,POST /v1/generation/data/dpp-bulk,2026-05-31 21:45:51.632977+00:00,3216330,KÖPRÜBAŞI REG. ve HES(EBY),16059,2026-05-31T15:00:00+03:00,15:00
40W000003216330M,KÖPRÜBAŞI REG. ve HES(EBY),unknown,2026-05-31 16:00:00+03:00,,5.3,chunk_0062.json,POST /v1/generation/data/dpp-bulk,2026-05-31 21:45:51.632977+00:00,3216330,KÖPRÜBAŞI REG. ve HES(EBY),16059,2026-05-31T16:00:00+03:00,16:00
40W000003216330M,KÖPRÜBAŞI REG. ve HES(EBY),unknown,2026-05-31 17:00:00+03:00,,5.3,chunk_0062.json,POST /v1/generation/data/dpp-bulk,2026-05-31 21:45:51.632977+00:00,3216330,KÖPRÜBAŞI REG. ve HES(EBY),16059,2026-05-31T17:00:00+03:00,17:00
40W000003216330M,KÖPRÜBAŞI REG. ve HES(EBY),unknown,2026-05-31 18:00:00+03:00,,5.3,chunk_0062.json,POST /v1/generation/data/dpp-bulk,2026-05-31 21:45:51.632977+00:00,3216330,KÖPRÜBAŞI REG. ve HES(EBY),16059,2026-05-31T18:00:00+03:00,18:00
40W000003216330M,KÖPRÜBAŞI REG. ve HES(EBY),unknown,2026-05-31 19:00:00+03:00,,5.3,chunk_0062.json,POST /v1/generation/data/dpp-bulk,2026-05-31 21:45:51.632977+00:00,3216330,KÖPRÜBAŞI REG. ve HES(EBY),16059,2026-05-31T19:00:00+03:00,19:00
40W000003216330M,KÖPRÜBAŞI REG. ve HES(EBY),unknown,2026-05-31 20:00:00+03:00,,5.3,chunk_0062.json,POST /v1/generation/data/dpp-bulk,2026-05-31 21:45:51.632977+00:00,3216330,KÖPRÜBAŞI REG. ve HES(EBY),16059,2026-05-31T20:00:00+03:00,20:00
40W000003216330M,KÖPRÜBAŞI REG. ve HES(EBY),unknown,2026-05-31 21:00:00+03:00,,5.3,chunk_0062.json,POST /v1/generation/data/dpp-bulk,2026-05-31 21:45:51.632977+00:00,3216330,KÖPRÜBAŞI REG. ve HES(EBY),16059,2026-05-31T21:00:00+03:00,21:00
40W000003216330M,KÖPRÜBAŞI REG. ve HES(EBY),unknown,2026-05-31 22:00:00+03:00,,5.3,chunk_0062.json,POST /v1/generation/data/dpp-bulk,2026-05-31 21:45:51.632977+00:00,3216330,KÖPRÜBAŞI REG. ve HES(EBY),16059,2026-05-31T22:00:00+03:00,22:00
40W000003216330M,KÖPRÜBAŞI REG. ve HES(EBY),unknown,2026-05-31 23:00:00+03:00,,5.3,chunk_0062.json,POST /v1/generation/data/dpp-bulk,2026-05-31 21:45:51.632977+00:00,3216330,KÖPRÜBAŞI REG. ve HES(EBY),16059,2026-05-31T23:00:00+03:00,23:00
40W0000032163904,RESPECT BİYOGAZ,unknown,2026-05-31 00:00:00+03:00,,1.1,chunk_0062.json,POST /v1/generation/data/dpp-bulk,2026-05-31 21:45:51.632977+00:00,3216390,RESPECT BİYOGAZ,16399,2026-05-31T00:00:00+03:00,00:00
40W0000032163904,RESPECT BİYOGAZ,unknown,2026-05-31 01:00:00+03:00,,1.1,chunk_0062.json,POST /v1/generation/data/dpp-bulk,2026-05-31 21:45:51.632977+00:00,3216390,RESPECT BİYOGAZ,16399,2026-05-31T01:00:00+03:00,01:00
40W0000032163904,RESPECT BİYOGAZ,unknown,2026-05-31 02:00:00+03:00,,1.1,chunk_0062.json,POST /v1/generation/data/dpp-bulk,2026-05-31 21:45:51.632977+00:00,3216390,RESPECT BİYOGAZ,16399,2026-05-31T02:00:00+03:00,02:00
40W0000032163904,RESPECT BİYOGAZ,unknown,2026-05-31 03:00:00+03:00,,0.0,chunk_0062.json,POST /v1/generation/data/dpp-bulk,2026-05-31 21:45:51.632977+00:00,3216390,RESPECT BİYOGAZ,16399,2026-05-31T03:00:00+03:00,03:00
40W0000032163904,RESPECT BİYOGAZ,unknown,2026-05-31 04:00:00+03:00,,0.0,chunk_0062.json,POST /v1/generation/data/dpp-bulk,2026-05-31 21:45:51.632977+00:00,3216390,RESPECT BİYOGAZ,16399,2026-05-31T04:00:00+03:00,04:00
40W0000032163904,RESPECT BİYOGAZ,unknown,2026-05-31 05:00:00+03:00,,1.1,chunk_0062.json,POST /v1/generation/data/dpp-bulk,2026-05-31 21:45:51.632977+00:00,3216390,RESPECT BİYOGAZ,16399,2026-05-31T05:00:00+03:00,05:00
40W0000032163904,RESPECT BİYOGAZ,unknown,2026-05-31 06:00:00+03:00,,1.1,chunk_0062.json,POST /v1/generation/data/dpp-bulk,2026-05-31 21:45:51.632977+00:00,3216390,RESPECT BİYOGAZ,16399,2026-05-31T06:00:00+03:00,06:00
40W0000032163904,RESPECT BİYOGAZ,unknown,2026-05-31 07:00:00+03:00,,1.1,chunk_0062.json,POST /v1/generation/data/dpp-bulk,2026-05-31 21:45:51.632977+00:00,3216390,RESPECT BİYOGAZ,16399,2026-05-31T07:00:00+03:00,07:00
40W0000032163904,RESPECT BİYOGAZ,unknown,2026-05-31 08:00:00+03:00,,1.1,chunk_0062.json,POST /v1/generation/data/dpp-bulk,2026-05-31 21:45:51.632977+00:00,3216390,RESPECT BİYOGAZ,16399,2026-05-31T08:00:00+03:00,08:00
40W0000032163904,RESPECT BİYOGAZ,unknown,2026-05-31 09:00:00+03:00,,1.1,chunk_0062.json,POST /v1/generation/data/dpp-bulk,2026-05-31 21:45:51.632977+00:00,3216390,RESPECT BİYOGAZ,16399,2026-05-31T09:00:00+03:00,09:00
40W0000032163904,RESPECT BİYOGAZ,unknown,2026-05-31 10:00:00+03:00,,1.1,chunk_0062.json,POST /v1/generation/data/dpp-bulk,2026-05-31 21:45:51.632977+00:00,3216390,RESPECT BİYOGAZ,16399,2026-05-31T10:00:00+03:00,10:00
40W0000032163904,RESPECT BİYOGAZ,unknown,2026-05-31 11:00:00+03:00,,1.2,chunk_0062.json,POST /v1/generation/data/dpp-bulk,2026-05-31 21:45:51.632977+00:00,3216390,RESPECT BİYOGAZ,16399,2026-05-31T11:00:00+03:00,11:00
40W0000032163904,RESPECT BİYOGAZ,unknown,2026-05-31 12:00:00+03:00,,1.2,chunk_0062.json,POST /v1/generation/data/dpp-bulk,2026-05-31 21:45:51.632977+00:00,3216390,RESPECT BİYOGAZ,16399,2026-05-31T12:00:00+03:00,12:00
40W0000032163904,RESPECT BİYOGAZ,unknown,2026-05-31 13:00:00+03:00,,0.0,chunk_0062.json,POST /v1/generation/data/dpp-bulk,2026-05-31 21:45:51.632977+00:00,3216390,RESPECT BİYOGAZ,16399,2026-05-31T13:00:00+03:00,13:00
40W0000032163904,RESPECT BİYOGAZ,unknown,2026-05-31 14:00:00+03:00,,0.0,chunk_0062.json,POST /v1/generation/data/dpp-bulk,2026-05-31 21:45:51.632977+00:00,3216390,RESPECT BİYOGAZ,16399,2026-05-31T14:00:00+03:00,14:00
40W0000032163904,RESPECT BİYOGAZ,unknown,2026-05-31 15:00:00+03:00,,1.1,chunk_0062.json,POST /v1/generation/data/dpp-bulk,2026-05-31 21:45:51.632977+00:00,3216390,RESPECT BİYOGAZ,16399,2026-05-31T15:00:00+03:00,15:00
40W0000032163904,RESPECT BİYOGAZ,unknown,2026-05-31 16:00:00+03:00,,1.1,chunk_0062.json,POST /v1/generation/data/dpp-bulk,2026-05-31 21:45:51.632977+00:00,3216390,RESPECT BİYOGAZ,16399,2026-05-31T16:00:00+03:00,16:00
40W0000032163904,RESPECT BİYOGAZ,unknown,2026-05-31 17:00:00+03:00,,1.1,chunk_0062.json,POST /v1/generation/data/dpp-bulk,2026-05-31 21:45:51.632977+00:00,3216390,RESPECT BİYOGAZ,16399,2026-05-31T17:00:00+03:00,17:00
40W0000032163904,RESPECT BİYOGAZ,unknown,2026-05-31 18:00:00+03:00,,1.1,chunk_0062.json,POST /v1/generation/data/dpp-bulk,2026-05-31 21:45:51.632977+00:00,3216390,RESPECT BİYOGAZ,16399,2026-05-31T18:00:00+03:00,18:00
40W0000032163904,RESPECT BİYOGAZ,unknown,2026-05-31 19:00:00+03:00,,1.2,chunk_0062.json,POST /v1/generation/data/dpp-bulk,2026-05-31 21:45:51.632977+00:00,3216390,RESPECT BİYOGAZ,16399,2026-05-31T19:00:00+03:00,19:00
40W0000032163904,RESPECT BİYOGAZ,unknown,2026-05-31 20:00:00+03:00,,1.2,chunk_0062.json,POST /v1/generation/data/dpp-bulk,2026-05-31 21:45:51.632977+00:00,3216390,RESPECT BİYOGAZ,16399,2026-05-31T20:00:00+03:00,20:00
40W0000032163904,RESPECT BİYOGAZ,unknown,2026-05-31 21:00:00+03:00,,1.2,chunk_0062.json,POST /v1/generation/data/dpp-bulk,2026-05-31 21:45:51.632977+00:00,3216390,RESPECT BİYOGAZ,16399,2026-05-31T21:00:00+03:00,21:00
40W0000032163904,RESPECT BİYOGAZ,unknown,2026-05-31 22:00:00+03:00,,1.2,chunk_0062.json,POST /v1/generation/data/dpp-bulk,2026-05-31 21:45:51.632977+00:00,3216390,RESPECT BİYOGAZ,16399,2026-05-31T22:00:00+03:00,22:00
40W0000032163904,RESPECT BİYOGAZ,unknown,2026-05-31 23:00:00+03:00,,1.2,chunk_0062.json,POST /v1/generation/data/dpp-bulk,2026-05-31 21:45:51.632977+00:00,3216390,RESPECT BİYOGAZ,16399,2026-05-31T23:00:00+03:00,23:00
40W000003216311Q,DIRAĞA REG. ve HES,unknown,2026-05-31 00:00:00+03:00,,5.37,chunk_0062.json,POST /v1/generation/data/dpp-bulk,2026-05-31 21:45:51.632977+00:00,3216311,DIRAĞA REG. ve HES,16539,2026-05-31T00:00:00+03:00,00:00
40W000003216311Q,DIRAĞA REG. ve HES,unknown,2026-05-31 01:00:00+03:00,,5.37,chunk_0062.json,POST /v1/generation/data/dpp-bulk,2026-05-31 21:45:51.632977+00:00,3216311,DIRAĞA REG. ve HES,16539,2026-05-31T01:00:00+03:00,01:00
40W000003216311Q,DIRAĞA REG. ve HES,unknown,2026-05-31 02:00:00+03:00,,5.37,chunk_0062.json,POST /v1/generation/data/dpp-bulk,2026-05-31 21:45:51.632977+00:00,3216311,DIRAĞA REG. ve HES,16539,2026-05-31T02:00:00+03:00,02:00
40W000003216311Q,DIRAĞA REG. ve HES,unknown,2026-05-31 03:00:00+03:00,,5.37,chunk_0062.json,POST /v1/generation/data/dpp-bulk,2026-05-31 21:45:51.632977+00:00,3216311,DIRAĞA REG. ve HES,16539,2026-05-31T03:00:00+03:00,03:00
40W000003216311Q,DIRAĞA REG. ve HES,unknown,2026-05-31 04:00:00+03:00,,5.37,chunk_0062.json,POST /v1/generation/data/dpp-bulk,2026-05-31 21:45:51.632977+00:00,3216311,DIRAĞA REG. ve HES,16539,2026-05-31T04:00:00+03:00,04:00
40W000003216311Q,DIRAĞA REG. ve HES,unknown,2026-05-31 05:00:00+03:00,,5.37,chunk_0062.json,POST /v1/generation/data/dpp-bulk,2026-05-31 21:45:51.632977+00:00,3216311,DIRAĞA REG. ve HES,16539,2026-05-31T05:00:00+03:00,05:00
40W000003216311Q,DIRAĞA REG. ve HES,unknown,2026-05-31 06:00:00+03:00,,5.37,chunk_0062.json,POST /v1/generation/data/dpp-bulk,2026-05-31 21:45:51.632977+00:00,3216311,DIRAĞA REG. ve HES,16539,2026-05-31T06:00:00+03:00,06:00
40W000003216311Q,DIRAĞA REG. ve HES,unknown,2026-05-31 07:00:00+03:00,,5.37,chunk_0062.json,POST /v1/generation/data/dpp-bulk,2026-05-31 21:45:51.632977+00:00,3216311,DIRAĞA REG. ve HES,16539,2026-05-31T07:00:00+03:00,07:00
40W000003216311Q,DIRAĞA REG. ve HES,unknown,2026-05-31 08:00:00+03:00,,5.37,chunk_0062.json,POST /v1/generation/data/dpp-bulk,2026-05-31 21:45:51.632977+00:00,3216311,DIRAĞA REG. ve HES,16539,2026-05-31T08:00:00+03:00,08:00
40W000003216311Q,DIRAĞA REG. ve HES,unknown,2026-05-31 09:00:00+03:00,,5.37,chunk_0062.json,POST /v1/generation/data/dpp-bulk,2026-05-31 21:45:51.632977+00:00,3216311,DIRAĞA REG. ve HES,16539,2026-05-31T09:00:00+03:00,09:00
40W000003216311Q,DIRAĞA REG. ve HES,unknown,2026-05-31 10:00:00+03:00,,5.37,chunk_0062.json,POST /v1/generation/data/dpp-bulk,2026-05-31 21:45:51.632977+00:00,3216311,DIRAĞA REG. ve HES,16539,2026-05-31T10:00:00+03:00,10:00
40W000003216311Q,DIRAĞA REG. ve HES,unknown,2026-05-31 11:00:00+03:00,,5.37,chunk_0062.json,POST /v1/generation/data/dpp-bulk,2026-05-31 21:45:51.632977+00:00,3216311,DIRAĞA REG. ve HES,16539,2026-05-31T11:00:00+03:00,11:00
40W000003216311Q,DIRAĞA REG. ve HES,unknown,2026-05-31 12:00:00+03:00,,5.37,chunk_0062.json,POST /v1/generation/data/dpp-bulk,2026-05-31 21:45:51.632977+00:00,3216311,DIRAĞA REG. ve HES,16539,2026-05-31T12:00:00+03:00,12:00
40W000003216311Q,DIRAĞA REG. ve HES,unknown,2026-05-31 13:00:00+03:00,,5.37,chunk_0062.json,POST /v1/generation/data/dpp-bulk,2026-05-31 21:45:51.632977+00:00,3216311,DIRAĞA REG. ve HES,16539,2026-05-31T13:00:00+03:00,13:00
40W000003216311Q,DIRAĞA REG. ve HES,unknown,2026-05-31 14:00:00+03:00,,5.37,chunk_0062.json,POST /v1/generation/data/dpp-bulk,2026-05-31 21:45:51.632977+00:00,3216311,DIRAĞA REG. ve HES,16539,2026-05-31T14:00:00+03:00,14:00
40W000003216311Q,DIRAĞA REG. ve HES,unknown,2026-05-31 15:00:00+03:00,,5.37,chunk_0062.json,POST /v1/generation/data/dpp-bulk,2026-05-31 21:45:51.632977+00:00,3216311,DIRAĞA REG. ve HES,16539,2026-05-31T15:00:00+03:00,15:00
40W000003216311Q,DIRAĞA REG. ve HES,unknown,2026-05-31 16:00:00+03:00,,5.37,chunk_0062.json,POST /v1/generation/data/dpp-bulk,2026-05-31 21:45:51.632977+00:00,3216311,DIRAĞA REG. ve HES,16539,2026-05-31T16:00:00+03:00,16:00
40W000003216311Q,DIRAĞA REG. ve HES,unknown,2026-05-31 17:00:00+03:00,,5.37,chunk_0062.json,POST /v1/generation/data/dpp-bulk,2026-05-31 21:45:51.632977+00:00,3216311,DIRAĞA REG. ve HES,16539,2026-05-31T17:00:00+03:00,17:00
40W000003216311Q,DIRAĞA REG. ve HES,unknown,2026-05-31 18:00:00+03:00,,5.37,chunk_0062.json,POST /v1/generation/data/dpp-bulk,2026-05-31 21:45:51.632977+00:00,3216311,DIRAĞA REG. ve HES,16539,2026-05-31T18:00:00+03:00,18:00
40W000003216311Q,DIRAĞA REG. ve HES,unknown,2026-05-31 19:00:00+03:00,,5.37,chunk_0062.json,POST /v1/generation/data/dpp-bulk,2026-05-31 21:45:51.632977+00:00,3216311,DIRAĞA REG. ve HES,16539,2026-05-31T19:00:00+03:00,19:00
40W000003216311Q,DIRAĞA REG. ve HES,unknown,2026-05-31 20:00:00+03:00,,5.37,chunk_0062.json,POST /v1/generation/data/dpp-bulk,2026-05-31 21:45:51.632977+00:00,3216311,DIRAĞA REG. ve HES,16539,2026-05-31T20:00:00+03:00,20:00
40W000003216311Q,DIRAĞA REG. ve HES,unknown,2026-05-31 21:00:00+03:00,,5.37,chunk_0062.json,POST /v1/generation/data/dpp-bulk,2026-05-31 21:45:51.632977+00:00,3216311,DIRAĞA REG. ve HES,16539,2026-05-31T21:00:00+03:00,21:00
40W000003216311Q,DIRAĞA REG. ve HES,unknown,2026-05-31 22:00:00+03:00,,5.37,chunk_0062.json,POST /v1/generation/data/dpp-bulk,2026-05-31 21:45:51.632977+00:00,3216311,DIRAĞA REG. ve HES,16539,2026-05-31T22:00:00+03:00,22:00
40W000003216311Q,DIRAĞA REG. ve HES,unknown,2026-05-31 23:00:00+03:00,,5.37,chunk_0062.json,POST /v1/generation/data/dpp-bulk,2026-05-31 21:45:51.632977+00:00,3216311,DIRAĞA REG. ve HES,16539,2026-05-31T23:00:00+03:00,23:00
40W000003216950T,ŞEREFLİKOÇHİSAR BİYOGAZ ELK. ÜRT.SANTRALİ,unknown,2026-05-31 00:00:00+03:00,,0.0,chunk_0062.json,POST /v1/generation/data/dpp-bulk,2026-05-31 21:45:51.632977+00:00,3216950,ŞEREFLİKOÇHİSAR BİYOGAZ ELK. ÜRT.SANTRALİ,16799,2026-05-31T00:00:00+03:00,00:00
40W000003216950T,ŞEREFLİKOÇHİSAR BİYOGAZ ELK. ÜRT.SANTRALİ,unknown,2026-05-31 01:00:00+03:00,,0.0,chunk_0062.json,POST /v1/generation/data/dpp-bulk,2026-05-31 21:45:51.632977+00:00,3216950,ŞEREFLİKOÇHİSAR BİYOGAZ ELK. ÜRT.SANTRALİ,16799,2026-05-31T01:00:00+03:00,01:00
40W000003216950T,ŞEREFLİKOÇHİSAR BİYOGAZ ELK. ÜRT.SANTRALİ,unknown,2026-05-31 02:00:00+03:00,,0.0,chunk_0062.json,POST /v1/generation/data/dpp-bulk,2026-05-31 21:45:51.632977+00:00,3216950,ŞEREFLİKOÇHİSAR BİYOGAZ ELK. ÜRT.SANTRALİ,16799,2026-05-31T02:00:00+03:00,02:00
40W000003216950T,ŞEREFLİKOÇHİSAR BİYOGAZ ELK. ÜRT.SANTRALİ,unknown,2026-05-31 03:00:00+03:00,,0.0,chunk_0062.json,POST /v1/generation/data/dpp-bulk,2026-05-31 21:45:51.632977+00:00,3216950,ŞEREFLİKOÇHİSAR BİYOGAZ ELK. ÜRT.SANTRALİ,16799,2026-05-31T03:00:00+03:00,03:00
40W000003216950T,ŞEREFLİKOÇHİSAR BİYOGAZ ELK. ÜRT.SANTRALİ,unknown,2026-05-31 04:00:00+03:00,,0.0,chunk_0062.json,POST /v1/generation/data/dpp-bulk,2026-05-31 21:45:51.632977+00:00,3216950,ŞEREFLİKOÇHİSAR BİYOGAZ ELK. ÜRT.SANTRALİ,16799,2026-05-31T04:00:00+03:00,04:00
40W000003216950T,ŞEREFLİKOÇHİSAR BİYOGAZ ELK. ÜRT.SANTRALİ,unknown,2026-05-31 05:00:00+03:00,,0.0,chunk_0062.json,POST /v1/generation/data/dpp-bulk,2026-05-31 21:45:51.632977+00:00,3216950,ŞEREFLİKOÇHİSAR BİYOGAZ ELK. ÜRT.SANTRALİ,16799,2026-05-31T05:00:00+03:00,05:00
40W000003216950T,ŞEREFLİKOÇHİSAR BİYOGAZ ELK. ÜRT.SANTRALİ,unknown,2026-05-31 06:00:00+03:00,,0.0,chunk_0062.json,POST /v1/generation/data/dpp-bulk,2026-05-31 21:45:51.632977+00:00,3216950,ŞEREFLİKOÇHİSAR BİYOGAZ ELK. ÜRT.SANTRALİ,16799,2026-05-31T06:00:00+03:00,06:00
40W000003216950T,ŞEREFLİKOÇHİSAR BİYOGAZ ELK. ÜRT.SANTRALİ,unknown,2026-05-31 07:00:00+03:00,,0.0,chunk_0062.json,POST /v1/generation/data/dpp-bulk,2026-05-31 21:45:51.632977+00:00,3216950,ŞEREFLİKOÇHİSAR BİYOGAZ ELK. ÜRT.SANTRALİ,16799,2026-05-31T07:00:00+03:00,07:00
40W000003216950T,ŞEREFLİKOÇHİSAR BİYOGAZ ELK. ÜRT.SANTRALİ,unknown,2026-05-31 08:00:00+03:00,,0.0,chunk_0062.json,POST /v1/generation/data/dpp-bulk,2026-05-31 21:45:51.632977+00:00,3216950,ŞEREFLİKOÇHİSAR BİYOGAZ ELK. ÜRT.SANTRALİ,16799,2026-05-31T08:00:00+03:00,08:00
40W000003216950T,ŞEREFLİKOÇHİSAR BİYOGAZ ELK. ÜRT.SANTRALİ,unknown,2026-05-31 09:00:00+03:00,,0.0,chunk_0062.json,POST /v1/generation/data/dpp-bulk,2026-05-31 21:45:51.632977+00:00,3216950,ŞEREFLİKOÇHİSAR BİYOGAZ ELK. ÜRT.SANTRALİ,16799,2026-05-31T09:00:00+03:00,09:00
40W000003216950T,ŞEREFLİKOÇHİSAR BİYOGAZ ELK. ÜRT.SANTRALİ,unknown,2026-05-31 10:00:00+03:00,,0.0,chunk_0062.json,POST /v1/generation/data/dpp-bulk,2026-05-31 21:45:51.632977+00:00,3216950,ŞEREFLİKOÇHİSAR BİYOGAZ ELK. ÜRT.SANTRALİ,16799,2026-05-31T10:00:00+03:00,10:00
40W000003216950T,ŞEREFLİKOÇHİSAR BİYOGAZ ELK. ÜRT.SANTRALİ,unknown,2026-05-31 11:00:00+03:00,,0.0,chunk_0062.json,POST /v1/generation/data/dpp-bulk,2026-05-31 21:45:51.632977+00:00,3216950,ŞEREFLİKOÇHİSAR BİYOGAZ ELK. ÜRT.SANTRALİ,16799,2026-05-31T11:00:00+03:00,11:00
40W000003216950T,ŞEREFLİKOÇHİSAR BİYOGAZ ELK. ÜRT.SANTRALİ,unknown,2026-05-31 12:00:00+03:00,,0.0,chunk_0062.json,POST /v1/generation/data/dpp-bulk,2026-05-31 21:45:51.632977+00:00,3216950,ŞEREFLİKOÇHİSAR BİYOGAZ ELK. ÜRT.SANTRALİ,16799,2026-05-31T12:00:00+03:00,12:00
40W000003216950T,ŞEREFLİKOÇHİSAR BİYOGAZ ELK. ÜRT.SANTRALİ,unknown,2026-05-31 13:00:00+03:00,,0.0,chunk_0062.json,POST /v1/generation/data/dpp-bulk,2026-05-31 21:45:51.632977+00:00,3216950,ŞEREFLİKOÇHİSAR BİYOGAZ ELK. ÜRT.SANTRALİ,16799,2026-05-31T13:00:00+03:00,13:00
40W000003216950T,ŞEREFLİKOÇHİSAR BİYOGAZ ELK. ÜRT.SANTRALİ,unknown,2026-05-31 14:00:00+03:00,,0.0,chunk_0062.json,POST /v1/generation/data/dpp-bulk,2026-05-31 21:45:51.632977+00:00,3216950,ŞEREFLİKOÇHİSAR BİYOGAZ ELK. ÜRT.SANTRALİ,16799,2026-05-31T14:00:00+03:00,14:00
40W000003216950T,ŞEREFLİKOÇHİSAR BİYOGAZ ELK. ÜRT.SANTRALİ,unknown,2026-05-31 15:00:00+03:00,,0.0,chunk_0062.json,POST /v1/generation/data/dpp-bulk,2026-05-31 21:45:51.632977+00:00,3216950,ŞEREFLİKOÇHİSAR BİYOGAZ ELK. ÜRT.SANTRALİ,16799,2026-05-31T15:00:00+03:00,15:00
40W000003216950T,ŞEREFLİKOÇHİSAR BİYOGAZ ELK. ÜRT.SANTRALİ,unknown,2026-05-31 16:00:00+03:00,,0.0,chunk_0062.json,POST /v1/generation/data/dpp-bulk,2026-05-31 21:45:51.632977+00:00,3216950,ŞEREFLİKOÇHİSAR BİYOGAZ ELK. ÜRT.SANTRALİ,16799,2026-05-31T16:00:00+03:00,16:00
40W000003216950T,ŞEREFLİKOÇHİSAR BİYOGAZ ELK. ÜRT.SANTRALİ,unknown,2026-05-31 17:00:00+03:00,,0.0,chunk_0062.json,POST /v1/generation/data/dpp-bulk,2026-05-31 21:45:51.632977+00:00,3216950,ŞEREFLİKOÇHİSAR BİYOGAZ ELK. ÜRT.SANTRALİ,16799,2026-05-31T17:00:00+03:00,17:00
40W000003216950T,ŞEREFLİKOÇHİSAR BİYOGAZ ELK. ÜRT.SANTRALİ,unknown,2026-05-31 18:00:00+03:00,,0.0,chunk_0062.json,POST /v1/generation/data/dpp-bulk,2026-05-31 21:45:51.632977+00:00,3216950,ŞEREFLİKOÇHİSAR BİYOGAZ ELK. ÜRT.SANTRALİ,16799,2026-05-31T18:00:00+03:00,18:00
40W000003216950T,ŞEREFLİKOÇHİSAR BİYOGAZ ELK. ÜRT.SANTRALİ,unknown,2026-05-31 19:00:00+03:00,,0.0,chunk_0062.json,POST /v1/generation/data/dpp-bulk,2026-05-31 21:45:51.632977+00:00,3216950,ŞEREFLİKOÇHİSAR BİYOGAZ ELK. ÜRT.SANTRALİ,16799,2026-05-31T19:00:00+03:00,19:00
40W000003216950T,ŞEREFLİKOÇHİSAR BİYOGAZ ELK. ÜRT.SANTRALİ,unknown,2026-05-31 20:00:00+03:00,,0.0,chunk_0062.json,POST /v1/generation/data/dpp-bulk,2026-05-31 21:45:51.632977+00:00,3216950,ŞEREFLİKOÇHİSAR BİYOGAZ ELK. ÜRT.SANTRALİ,16799,2026-05-31T20:00:00+03:00,20:00
40W000003216950T,ŞEREFLİKOÇHİSAR BİYOGAZ ELK. ÜRT.SANTRALİ,unknown,2026-05-31 21:00:00+03:00,,0.0,chunk_0062.json,POST /v1/generation/data/dpp-bulk,2026-05-31 21:45:51.632977+00:00,3216950,ŞEREFLİKOÇHİSAR BİYOGAZ ELK. ÜRT.SANTRALİ,16799,2026-05-31T21:00:00+03:00,21:00
40W000003216950T,ŞEREFLİKOÇHİSAR BİYOGAZ ELK. ÜRT.SANTRALİ,unknown,2026-05-31 22:00:00+03:00,,0.0,chunk_0062.json,POST /v1/generation/data/dpp-bulk,2026-05-31 21:45:51.632977+00:00,3216950,ŞEREFLİKOÇHİSAR BİYOGAZ ELK. ÜRT.SANTRALİ,16799,2026-05-31T22:00:00+03:00,22:00
40W000003216950T,ŞEREFLİKOÇHİSAR BİYOGAZ ELK. ÜRT.SANTRALİ,unknown,2026-05-31 23:00:00+03:00,,0.0,chunk_0062.json,POST /v1/generation/data/dpp-bulk,2026-05-31 21:45:51.632977+00:00,3216950,ŞEREFLİKOÇHİSAR BİYOGAZ ELK. ÜRT.SANTRALİ,16799,2026-05-31T23:00:00+03:00,23:00
40W000003216221R,ITC ANTALYA BİYOKÜTLE TESİSİ,unknown,2026-05-31 00:00:00+03:00,,24.3,chunk_0062.json,POST /v1/generation/data/dpp-bulk,2026-05-31 21:45:51.632977+00:00,3216221,ITC ANTALYA BİYOKÜTLE TESİSİ,16819,2026-05-31T00:00:00+03:00,00:00
40W000003216221R,ITC ANTALYA BİYOKÜTLE TESİSİ,unknown,2026-05-31 01:00:00+03:00,,24.3,chunk_0062.json,POST /v1/generation/data/dpp-bulk,2026-05-31 21:45:51.632977+00:00,3216221,ITC ANTALYA BİYOKÜTLE TESİSİ,16819,2026-05-31T01:00:00+03:00,01:00
40W000003216221R,ITC ANTALYA BİYOKÜTLE TESİSİ,unknown,2026-05-31 02:00:00+03:00,,24.3,chunk_0062.json,POST /v1/generation/data/dpp-bulk,2026-05-31 21:45:51.632977+00:00,3216221,ITC ANTALYA BİYOKÜTLE TESİSİ,16819,2026-05-31T02:00:00+03:00,02:00
40W000003216221R,ITC ANTALYA BİYOKÜTLE TESİSİ,unknown,2026-05-31 03:00:00+03:00,,24.3,chunk_0062.json,POST /v1/generation/data/dpp-bulk,2026-05-31 21:45:51.632977+00:00,3216221,ITC ANTALYA BİYOKÜTLE TESİSİ,16819,2026-05-31T03:00:00+03:00,03:00
40W000003216221R,ITC ANTALYA BİYOKÜTLE TESİSİ,unknown,2026-05-31 04:00:00+03:00,,24.3,chunk_0062.json,POST /v1/generation/data/dpp-bulk,2026-05-31 21:45:51.632977+00:00,3216221,ITC ANTALYA BİYOKÜTLE TESİSİ,16819,2026-05-31T04:00:00+03:00,04:00
40W000003216221R,ITC ANTALYA BİYOKÜTLE TESİSİ,unknown,2026-05-31 05:00:00+03:00,,24.3,chunk_0062.json,POST /v1/generation/data/dpp-bulk,2026-05-31 21:45:51.632977+00:00,3216221,ITC ANTALYA BİYOKÜTLE TESİSİ,16819,2026-05-31T05:00:00+03:00,05:00
40W000003216221R,ITC ANTALYA BİYOKÜTLE TESİSİ,unknown,2026-05-31 06:00:00+03:00,,24.3,chunk_0062.json,POST /v1/generation/data/dpp-bulk,2026-05-31 21:45:51.632977+00:00,3216221,ITC ANTALYA BİYOKÜTLE TESİSİ,16819,2026-05-31T06:00:00+03:00,06:00
40W000003216221R,ITC ANTALYA BİYOKÜTLE TESİSİ,unknown,2026-05-31 07:00:00+03:00,,24.3,chunk_0062.json,POST /v1/generation/data/dpp-bulk,2026-05-31 21:45:51.632977+00:00,3216221,ITC ANTALYA BİYOKÜTLE TESİSİ,16819,2026-05-31T07:00:00+03:00,07:00
40W000003216221R,ITC ANTALYA BİYOKÜTLE TESİSİ,unknown,2026-05-31 08:00:00+03:00,,24.3,chunk_0062.json,POST /v1/generation/data/dpp-bulk,2026-05-31 21:45:51.632977+00:00,3216221,ITC ANTALYA BİYOKÜTLE TESİSİ,16819,2026-05-31T08:00:00+03:00,08:00
40W000003216221R,ITC ANTALYA BİYOKÜTLE TESİSİ,unknown,2026-05-31 09:00:00+03:00,,25.8,chunk_0062.json,POST /v1/generation/data/dpp-bulk,2026-05-31 21:45:51.632977+00:00,3216221,ITC ANTALYA BİYOKÜTLE TESİSİ,16819,2026-05-31T09:00:00+03:00,09:00
40W000003216221R,ITC ANTALYA BİYOKÜTLE TESİSİ,unknown,2026-05-31 10:00:00+03:00,,25.8,chunk_0062.json,POST /v1/generation/data/dpp-bulk,2026-05-31 21:45:51.632977+00:00,3216221,ITC ANTALYA BİYOKÜTLE TESİSİ,16819,2026-05-31T10:00:00+03:00,10:00
40W000003216221R,ITC ANTALYA BİYOKÜTLE TESİSİ,unknown,2026-05-31 11:00:00+03:00,,25.8,chunk_0062.json,POST /v1/generation/data/dpp-bulk,2026-05-31 21:45:51.632977+00:00,3216221,ITC ANTALYA BİYOKÜTLE TESİSİ,16819,2026-05-31T11:00:00+03:00,11:00
40W000003216221R,ITC ANTALYA BİYOKÜTLE TESİSİ,unknown,2026-05-31 12:00:00+03:00,,27.2,chunk_0062.json,POST /v1/generation/data/dpp-bulk,2026-05-31 21:45:51.632977+00:00,3216221,ITC ANTALYA BİYOKÜTLE TESİSİ,16819,2026-05-31T12:00:00+03:00,12:00
40W000003216221R,ITC ANTALYA BİYOKÜTLE TESİSİ,unknown,2026-05-31 13:00:00+03:00,,27.2,chunk_0062.json,POST /v1/generation/data/dpp-bulk,2026-05-31 21:45:51.632977+00:00,3216221,ITC ANTALYA BİYOKÜTLE TESİSİ,16819,2026-05-31T13:00:00+03:00,13:00
40W000003216221R,ITC ANTALYA BİYOKÜTLE TESİSİ,unknown,2026-05-31 14:00:00+03:00,,27.2,chunk_0062.json,POST /v1/generation/data/dpp-bulk,2026-05-31 21:45:51.632977+00:00,3216221,ITC ANTALYA BİYOKÜTLE TESİSİ,16819,2026-05-31T14:00:00+03:00,14:00
40W000003216221R,ITC ANTALYA BİYOKÜTLE TESİSİ,unknown,2026-05-31 15:00:00+03:00,,27.2,chunk_0062.json,POST /v1/generation/data/dpp-bulk,2026-05-31 21:45:51.632977+00:00,3216221,ITC ANTALYA BİYOKÜTLE TESİSİ,16819,2026-05-31T15:00:00+03:00,15:00
40W000003216221R,ITC ANTALYA BİYOKÜTLE TESİSİ,unknown,2026-05-31 16:00:00+03:00,,27.2,chunk_0062.json,POST /v1/generation/data/dpp-bulk,2026-05-31 21:45:51.632977+00:00,3216221,ITC ANTALYA BİYOKÜTLE TESİSİ,16819,2026-05-31T16:00:00+03:00,16:00
40W000003216221R,ITC ANTALYA BİYOKÜTLE TESİSİ,unknown,2026-05-31 17:00:00+03:00,,27.8,chunk_0062.json,POST /v1/generation/data/dpp-bulk,2026-05-31 21:45:51.632977+00:00,3216221,ITC ANTALYA BİYOKÜTLE TESİSİ,16819,2026-05-31T17:00:00+03:00,17:00
40W000003216221R,ITC ANTALYA BİYOKÜTLE TESİSİ,unknown,2026-05-31 18:00:00+03:00,,27.8,chunk_0062.json,POST /v1/generation/data/dpp-bulk,2026-05-31 21:45:51.632977+00:00,3216221,ITC ANTALYA BİYOKÜTLE TESİSİ,16819,2026-05-31T18:00:00+03:00,18:00
40W000003216221R,ITC ANTALYA BİYOKÜTLE TESİSİ,unknown,2026-05-31 19:00:00+03:00,,27.8,chunk_0062.json,POST /v1/generation/data/dpp-bulk,2026-05-31 21:45:51.632977+00:00,3216221,ITC ANTALYA BİYOKÜTLE TESİSİ,16819,2026-05-31T19:00:00+03:00,19:00
40W000003216221R,ITC ANTALYA BİYOKÜTLE TESİSİ,unknown,2026-05-31 20:00:00+03:00,,27.8,chunk_0062.json,POST /v1/generation/data/dpp-bulk,2026-05-31 21:45:51.632977+00:00,3216221,ITC ANTALYA BİYOKÜTLE TESİSİ,16819,2026-05-31T20:00:00+03:00,20:00
40W000003216221R,ITC ANTALYA BİYOKÜTLE TESİSİ,unknown,2026-05-31 21:00:00+03:00,,27.8,chunk_0062.json,POST /v1/generation/data/dpp-bulk,2026-05-31 21:45:51.632977+00:00,3216221,ITC ANTALYA BİYOKÜTLE TESİSİ,16819,2026-05-31T21:00:00+03:00,21:00
40W000003216221R,ITC ANTALYA BİYOKÜTLE TESİSİ,unknown,2026-05-31 22:00:00+03:00,,27.8,chunk_0062.json,POST /v1/generation/data/dpp-bulk,2026-05-31 21:45:51.632977+00:00,3216221,ITC ANTALYA BİYOKÜTLE TESİSİ,16819,2026-05-31T22:00:00+03:00,22:00
40W000003216221R,ITC ANTALYA BİYOKÜTLE TESİSİ,unknown,2026-05-31 23:00:00+03:00,,27.8,chunk_0062.json,POST /v1/generation/data/dpp-bulk,2026-05-31 21:45:51.632977+00:00,3216221,ITC ANTALYA BİYOKÜTLE TESİSİ,16819,2026-05-31T23:00:00+03:00,23:00
40W0000032166504,TRANSMARK JEOTERMAL ENERJİ SANTRALİ,unknown,2026-05-31 00:00:00+03:00,,0.7,chunk_0062.json,POST /v1/generation/data/dpp-bulk,2026-05-31 21:45:51.632977+00:00,3216650,TRANSMARK JEOTERMAL ENERJİ SANTRALİ,16840,2026-05-31T00:00:00+03:00,00:00
40W0000032166504,TRANSMARK JEOTERMAL ENERJİ SANTRALİ,unknown,2026-05-31 01:00:00+03:00,,0.7,chunk_0062.json,POST /v1/generation/data/dpp-bulk,2026-05-31 21:45:51.632977+00:00,3216650,TRANSMARK JEOTERMAL ENERJİ SANTRALİ,16840,2026-05-31T01:00:00+03:00,01:00
40W0000032166504,TRANSMARK JEOTERMAL ENERJİ SANTRALİ,unknown,2026-05-31 02:00:00+03:00,,0.7,chunk_0062.json,POST /v1/generation/data/dpp-bulk,2026-05-31 21:45:51.632977+00:00,3216650,TRANSMARK JEOTERMAL ENERJİ SANTRALİ,16840,2026-05-31T02:00:00+03:00,02:00
40W0000032166504,TRANSMARK JEOTERMAL ENERJİ SANTRALİ,unknown,2026-05-31 03:00:00+03:00,,0.8,chunk_0062.json,POST /v1/generation/data/dpp-bulk,2026-05-31 21:45:51.632977+00:00,3216650,TRANSMARK JEOTERMAL ENERJİ SANTRALİ,16840,2026-05-31T03:00:00+03:00,03:00
40W0000032166504,TRANSMARK JEOTERMAL ENERJİ SANTRALİ,unknown,2026-05-31 04:00:00+03:00,,0.8,chunk_0062.json,POST /v1/generation/data/dpp-bulk,2026-05-31 21:45:51.632977+00:00,3216650,TRANSMARK JEOTERMAL ENERJİ SANTRALİ,16840,2026-05-31T04:00:00+03:00,04:00
40W0000032166504,TRANSMARK JEOTERMAL ENERJİ SANTRALİ,unknown,2026-05-31 05:00:00+03:00,,0.8,chunk_0062.json,POST /v1/generation/data/dpp-bulk,2026-05-31 21:45:51.632977+00:00,3216650,TRANSMARK JEOTERMAL ENERJİ SANTRALİ,16840,2026-05-31T05:00:00+03:00,05:00
40W0000032166504,TRANSMARK JEOTERMAL ENERJİ SANTRALİ,unknown,2026-05-31 06:00:00+03:00,,0.8,chunk_0062.json,POST /v1/generation/data/dpp-bulk,2026-05-31 21:45:51.632977+00:00,3216650,TRANSMARK JEOTERMAL ENERJİ SANTRALİ,16840,2026-05-31T06:00:00+03:00,06:00
40W0000032166504,TRANSMARK JEOTERMAL ENERJİ SANTRALİ,unknown,2026-05-31 07:00:00+03:00,,0.7,chunk_0062.json,POST /v1/generation/data/dpp-bulk,2026-05-31 21:45:51.632977+00:00,3216650,TRANSMARK JEOTERMAL ENERJİ SANTRALİ,16840,2026-05-31T07:00:00+03:00,07:00
40W0000032166504,TRANSMARK JEOTERMAL ENERJİ SANTRALİ,unknown,2026-05-31 08:00:00+03:00,,0.7,chunk_0062.json,POST /v1/generation/data/dpp-bulk,2026-05-31 21:45:51.632977+00:00,3216650,TRANSMARK JEOTERMAL ENERJİ SANTRALİ,16840,2026-05-31T08:00:00+03:00,08:00
40W0000032166504,TRANSMARK JEOTERMAL ENERJİ SANTRALİ,unknown,2026-05-31 09:00:00+03:00,,0.6,chunk_0062.json,POST /v1/generation/data/dpp-bulk,2026-05-31 21:45:51.632977+00:00,3216650,TRANSMARK JEOTERMAL ENERJİ SANTRALİ,16840,2026-05-31T09:00:00+03:00,09:00
40W0000032166504,TRANSMARK JEOTERMAL ENERJİ SANTRALİ,unknown,2026-05-31 10:00:00+03:00,,0.6,chunk_0062.json,POST /v1/generation/data/dpp-bulk,2026-05-31 21:45:51.632977+00:00,3216650,TRANSMARK JEOTERMAL ENERJİ SANTRALİ,16840,2026-05-31T10:00:00+03:00,10:00
40W0000032166504,TRANSMARK JEOTERMAL ENERJİ SANTRALİ,unknown,2026-05-31 11:00:00+03:00,,0.6,chunk_0062.json,POST /v1/generation/data/dpp-bulk,2026-05-31 21:45:51.632977+00:00,3216650,TRANSMARK JEOTERMAL ENERJİ SANTRALİ,16840,2026-05-31T11:00:00+03:00,11:00
40W0000032166504,TRANSMARK JEOTERMAL ENERJİ SANTRALİ,unknown,2026-05-31 12:00:00+03:00,,0.5,chunk_0062.json,POST /v1/generation/data/dpp-bulk,2026-05-31 21:45:51.632977+00:00,3216650,TRANSMARK JEOTERMAL ENERJİ SANTRALİ,16840,2026-05-31T12:00:00+03:00,12:00
40W0000032166504,TRANSMARK JEOTERMAL ENERJİ SANTRALİ,unknown,2026-05-31 13:00:00+03:00,,0.5,chunk_0062.json,POST /v1/generation/data/dpp-bulk,2026-05-31 21:45:51.632977+00:00,3216650,TRANSMARK JEOTERMAL ENERJİ SANTRALİ,16840,2026-05-31T13:00:00+03:00,13:00
40W0000032166504,TRANSMARK JEOTERMAL ENERJİ SANTRALİ,unknown,2026-05-31 14:00:00+03:00,,0.5,chunk_0062.json,POST /v1/generation/data/dpp-bulk,2026-05-31 21:45:51.632977+00:00,3216650,TRANSMARK JEOTERMAL ENERJİ SANTRALİ,16840,2026-05-31T14:00:00+03:00,14:00
40W0000032166504,TRANSMARK JEOTERMAL ENERJİ SANTRALİ,unknown,2026-05-31 15:00:00+03:00,,0.4,chunk_0062.json,POST /v1/generation/data/dpp-bulk,2026-05-31 21:45:51.632977+00:00,3216650,TRANSMARK JEOTERMAL ENERJİ SANTRALİ,16840,2026-05-31T15:00:00+03:00,15:00
40W0000032166504,TRANSMARK JEOTERMAL ENERJİ SANTRALİ,unknown,2026-05-31 16:00:00+03:00,,0.4,chunk_0062.json,POST /v1/generation/data/dpp-bulk,2026-05-31 21:45:51.632977+00:00,3216650,TRANSMARK JEOTERMAL ENERJİ SANTRALİ,16840,2026-05-31T16:00:00+03:00,16:00
40W0000032166504,TRANSMARK JEOTERMAL ENERJİ SANTRALİ,unknown,2026-05-31 17:00:00+03:00,,0.4,chunk_0062.json,POST /v1/generation/data/dpp-bulk,2026-05-31 21:45:51.632977+00:00,3216650,TRANSMARK JEOTERMAL ENERJİ SANTRALİ,16840,2026-05-31T17:00:00+03:00,17:00
40W0000032166504,TRANSMARK JEOTERMAL ENERJİ SANTRALİ,unknown,2026-05-31 18:00:00+03:00,,0.4,chunk_0062.json,POST /v1/generation/data/dpp-bulk,2026-05-31 21:45:51.632977+00:00,3216650,TRANSMARK JEOTERMAL ENERJİ SANTRALİ,16840,2026-05-31T18:00:00+03:00,18:00
40W0000032166504,TRANSMARK JEOTERMAL ENERJİ SANTRALİ,unknown,2026-05-31 19:00:00+03:00,,0.5,chunk_0062.json,POST /v1/generation/data/dpp-bulk,2026-05-31 21:45:51.632977+00:00,3216650,TRANSMARK JEOTERMAL ENERJİ SANTRALİ,16840,2026-05-31T19:00:00+03:00,19:00
40W0000032166504,TRANSMARK JEOTERMAL ENERJİ SANTRALİ,unknown,2026-05-31 20:00:00+03:00,,0.5,chunk_0062.json,POST /v1/generation/data/dpp-bulk,2026-05-31 21:45:51.632977+00:00,3216650,TRANSMARK JEOTERMAL ENERJİ SANTRALİ,16840,2026-05-31T20:00:00+03:00,20:00
40W0000032166504,TRANSMARK JEOTERMAL ENERJİ SANTRALİ,unknown,2026-05-31 21:00:00+03:00,,0.5,chunk_0062.json,POST /v1/generation/data/dpp-bulk,2026-05-31 21:45:51.632977+00:00,3216650,TRANSMARK JEOTERMAL ENERJİ SANTRALİ,16840,2026-05-31T21:00:00+03:00,21:00
40W0000032166504,TRANSMARK JEOTERMAL ENERJİ SANTRALİ,unknown,2026-05-31 22:00:00+03:00,,0.5,chunk_0062.json,POST /v1/generation/data/dpp-bulk,2026-05-31 21:45:51.632977+00:00,3216650,TRANSMARK JEOTERMAL ENERJİ SANTRALİ,16840,2026-05-31T22:00:00+03:00,22:00
40W0000032166504,TRANSMARK JEOTERMAL ENERJİ SANTRALİ,unknown,2026-05-31 23:00:00+03:00,,0.6,chunk_0062.json,POST /v1/generation/data/dpp-bulk,2026-05-31 21:45:51.632977+00:00,3216650,TRANSMARK JEOTERMAL ENERJİ SANTRALİ,16840,2026-05-31T23:00:00+03:00,23:00
40W0000032169104,BOZKIR HES,unknown,2026-05-31 00:00:00+03:00,,12.0,chunk_0062.json,POST /v1/generation/data/dpp-bulk,2026-05-31 21:45:51.632977+00:00,3216910,BOZKIR HES,17022,2026-05-31T00:00:00+03:00,00:00
40W0000032169104,BOZKIR HES,unknown,2026-05-31 01:00:00+03:00,,12.0,chunk_0062.json,POST /v1/generation/data/dpp-bulk,2026-05-31 21:45:51.632977+00:00,3216910,BOZKIR HES,17022,2026-05-31T01:00:00+03:00,01:00
40W0000032169104,BOZKIR HES,unknown,2026-05-31 02:00:00+03:00,,12.0,chunk_0062.json,POST /v1/generation/data/dpp-bulk,2026-05-31 21:45:51.632977+00:00,3216910,BOZKIR HES,17022,2026-05-31T02:00:00+03:00,02:00
40W0000032169104,BOZKIR HES,unknown,2026-05-31 03:00:00+03:00,,12.0,chunk_0062.json,POST /v1/generation/data/dpp-bulk,2026-05-31 21:45:51.632977+00:00,3216910,BOZKIR HES,17022,2026-05-31T03:00:00+03:00,03:00
40W0000032169104,BOZKIR HES,unknown,2026-05-31 04:00:00+03:00,,12.0,chunk_0062.json,POST /v1/generation/data/dpp-bulk,2026-05-31 21:45:51.632977+00:00,3216910,BOZKIR HES,17022,2026-05-31T04:00:00+03:00,04:00
40W0000032169104,BOZKIR HES,unknown,2026-05-31 05:00:00+03:00,,12.0,chunk_0062.json,POST /v1/generation/data/dpp-bulk,2026-05-31 21:45:51.632977+00:00,3216910,BOZKIR HES,17022,2026-05-31T05:00:00+03:00,05:00
40W0000032169104,BOZKIR HES,unknown,2026-05-31 06:00:00+03:00,,12.5,chunk_0062.json,POST /v1/generation/data/dpp-bulk,2026-05-31 21:45:51.632977+00:00,3216910,BOZKIR HES,17022,2026-05-31T06:00:00+03:00,06:00
40W0000032169104,BOZKIR HES,unknown,2026-05-31 07:00:00+03:00,,4.0,chunk_0062.json,POST /v1/generation/data/dpp-bulk,2026-05-31 21:45:51.632977+00:00,3216910,BOZKIR HES,17022,2026-05-31T07:00:00+03:00,07:00
40W0000032169104,BOZKIR HES,unknown,2026-05-31 08:00:00+03:00,,6.8,chunk_0062.json,POST /v1/generation/data/dpp-bulk,2026-05-31 21:45:51.632977+00:00,3216910,BOZKIR HES,17022,2026-05-31T08:00:00+03:00,08:00
40W0000032169104,BOZKIR HES,unknown,2026-05-31 09:00:00+03:00,,8.5,chunk_0062.json,POST /v1/generation/data/dpp-bulk,2026-05-31 21:45:51.632977+00:00,3216910,BOZKIR HES,17022,2026-05-31T09:00:00+03:00,09:00
40W0000032169104,BOZKIR HES,unknown,2026-05-31 10:00:00+03:00,,8.5,chunk_0062.json,POST /v1/generation/data/dpp-bulk,2026-05-31 21:45:51.632977+00:00,3216910,BOZKIR HES,17022,2026-05-31T10:00:00+03:00,10:00
40W0000032169104,BOZKIR HES,unknown,2026-05-31 11:00:00+03:00,,8.5,chunk_0062.json,POST /v1/generation/data/dpp-bulk,2026-05-31 21:45:51.632977+00:00,3216910,BOZKIR HES,17022,2026-05-31T11:00:00+03:00,11:00
40W0000032169104,BOZKIR HES,unknown,2026-05-31 12:00:00+03:00,,8.5,chunk_0062.json,POST /v1/generation/data/dpp-bulk,2026-05-31 21:45:51.632977+00:00,3216910,BOZKIR HES,17022,2026-05-31T12:00:00+03:00,12:00
40W0000032169104,BOZKIR HES,unknown,2026-05-31 13:00:00+03:00,,8.5,chunk_0062.json,POST /v1/generation/data/dpp-bulk,2026-05-31 21:45:51.632977+00:00,3216910,BOZKIR HES,17022,2026-05-31T13:00:00+03:00,13:00
40W0000032169104,BOZKIR HES,unknown,2026-05-31 14:00:00+03:00,,8.5,chunk_0062.json,POST /v1/generation/data/dpp-bulk,2026-05-31 21:45:51.632977+00:00,3216910,BOZKIR HES,17022,2026-05-31T14:00:00+03:00,14:00
40W0000032169104,BOZKIR HES,unknown,2026-05-31 15:00:00+03:00,,8.5,chunk_0062.json,POST /v1/generation/data/dpp-bulk,2026-05-31 21:45:51.632977+00:00,3216910,BOZKIR HES,17022,2026-05-31T15:00:00+03:00,15:00
40W0000032169104,BOZKIR HES,unknown,2026-05-31 16:00:00+03:00,,7.5,chunk_0062.json,POST /v1/generation/data/dpp-bulk,2026-05-31 21:45:51.632977+00:00,3216910,BOZKIR HES,17022,2026-05-31T16:00:00+03:00,16:00
40W0000032169104,BOZKIR HES,unknown,2026-05-31 17:00:00+03:00,,5.0,chunk_0062.json,POST /v1/generation/data/dpp-bulk,2026-05-31 21:45:51.632977+00:00,3216910,BOZKIR HES,17022,2026-05-31T17:00:00+03:00,17:00
40W0000032169104,BOZKIR HES,unknown,2026-05-31 18:00:00+03:00,,3.5,chunk_0062.json,POST /v1/generation/data/dpp-bulk,2026-05-31 21:45:51.632977+00:00,3216910,BOZKIR HES,17022,2026-05-31T18:00:00+03:00,18:00
40W0000032169104,BOZKIR HES,unknown,2026-05-31 19:00:00+03:00,,12.5,chunk_0062.json,POST /v1/generation/data/dpp-bulk,2026-05-31 21:45:51.632977+00:00,3216910,BOZKIR HES,17022,2026-05-31T19:00:00+03:00,19:00
40W0000032169104,BOZKIR HES,unknown,2026-05-31 20:00:00+03:00,,12.0,chunk_0062.json,POST /v1/generation/data/dpp-bulk,2026-05-31 21:45:51.632977+00:00,3216910,BOZKIR HES,17022,2026-05-31T20:00:00+03:00,20:00
40W0000032169104,BOZKIR HES,unknown,2026-05-31 21:00:00+03:00,,12.0,chunk_0062.json,POST /v1/generation/data/dpp-bulk,2026-05-31 21:45:51.632977+00:00,3216910,BOZKIR HES,17022,2026-05-31T21:00:00+03:00,21:00
40W0000032169104,BOZKIR HES,unknown,2026-05-31 22:00:00+03:00,,12.0,chunk_0062.json,POST /v1/generation/data/dpp-bulk,2026-05-31 21:45:51.632977+00:00,3216910,BOZKIR HES,17022,2026-05-31T22:00:00+03:00,22:00
40W0000032169104,BOZKIR HES,unknown,2026-05-31 23:00:00+03:00,,12.0,chunk_0062.json,POST /v1/generation/data/dpp-bulk,2026-05-31 21:45:51.632977+00:00,3216910,BOZKIR HES,17022,2026-05-31T23:00:00+03:00,23:00
40W000003216890L,BARUTÇUOĞLU BİYOKÜTLE ENERJİ SANTRALİ,unknown,2026-05-31 00:00:00+03:00,,1.1,chunk_0062.json,POST /v1/generation/data/dpp-bulk,2026-05-31 21:45:51.632977+00:00,3216890,BARUTÇUOĞLU BİYOKÜTLE ENERJİ SANTRALİ,17040,2026-05-31T00:00:00+03:00,00:00
40W000003216890L,BARUTÇUOĞLU BİYOKÜTLE ENERJİ SANTRALİ,unknown,2026-05-31 01:00:00+03:00,,1.1,chunk_0062.json,POST /v1/generation/data/dpp-bulk,2026-05-31 21:45:51.632977+00:00,3216890,BARUTÇUOĞLU BİYOKÜTLE ENERJİ SANTRALİ,17040,2026-05-31T01:00:00+03:00,01:00
40W000003216890L,BARUTÇUOĞLU BİYOKÜTLE ENERJİ SANTRALİ,unknown,2026-05-31 02:00:00+03:00,,1.1,chunk_0062.json,POST /v1/generation/data/dpp-bulk,2026-05-31 21:45:51.632977+00:00,3216890,BARUTÇUOĞLU BİYOKÜTLE ENERJİ SANTRALİ,17040,2026-05-31T02:00:00+03:00,02:00
40W000003216890L,BARUTÇUOĞLU BİYOKÜTLE ENERJİ SANTRALİ,unknown,2026-05-31 03:00:00+03:00,,1.1,chunk_0062.json,POST /v1/generation/data/dpp-bulk,2026-05-31 21:45:51.632977+00:00,3216890,BARUTÇUOĞLU BİYOKÜTLE ENERJİ SANTRALİ,17040,2026-05-31T03:00:00+03:00,03:00
40W000003216890L,BARUTÇUOĞLU BİYOKÜTLE ENERJİ SANTRALİ,unknown,2026-05-31 04:00:00+03:00,,1.1,chunk_0062.json,POST /v1/generation/data/dpp-bulk,2026-05-31 21:45:51.632977+00:00,3216890,BARUTÇUOĞLU BİYOKÜTLE ENERJİ SANTRALİ,17040,2026-05-31T04:00:00+03:00,04:00
40W000003216890L,BARUTÇUOĞLU BİYOKÜTLE ENERJİ SANTRALİ,unknown,2026-05-31 05:00:00+03:00,,1.1,chunk_0062.json,POST /v1/generation/data/dpp-bulk,2026-05-31 21:45:51.632977+00:00,3216890,BARUTÇUOĞLU BİYOKÜTLE ENERJİ SANTRALİ,17040,2026-05-31T05:00:00+03:00,05:00
40W000003216890L,BARUTÇUOĞLU BİYOKÜTLE ENERJİ SANTRALİ,unknown,2026-05-31 06:00:00+03:00,,1.1,chunk_0062.json,POST /v1/generation/data/dpp-bulk,2026-05-31 21:45:51.632977+00:00,3216890,BARUTÇUOĞLU BİYOKÜTLE ENERJİ SANTRALİ,17040,2026-05-31T06:00:00+03:00,06:00
40W000003216890L,BARUTÇUOĞLU BİYOKÜTLE ENERJİ SANTRALİ,unknown,2026-05-31 07:00:00+03:00,,1.1,chunk_0062.json,POST /v1/generation/data/dpp-bulk,2026-05-31 21:45:51.632977+00:00,3216890,BARUTÇUOĞLU BİYOKÜTLE ENERJİ SANTRALİ,17040,2026-05-31T07:00:00+03:00,07:00
40W000003216890L,BARUTÇUOĞLU BİYOKÜTLE ENERJİ SANTRALİ,unknown,2026-05-31 08:00:00+03:00,,1.1,chunk_0062.json,POST /v1/generation/data/dpp-bulk,2026-05-31 21:45:51.632977+00:00,3216890,BARUTÇUOĞLU BİYOKÜTLE ENERJİ SANTRALİ,17040,2026-05-31T08:00:00+03:00,08:00
40W000003216890L,BARUTÇUOĞLU BİYOKÜTLE ENERJİ SANTRALİ,unknown,2026-05-31 09:00:00+03:00,,1.1,chunk_0062.json,POST /v1/generation/data/dpp-bulk,2026-05-31 21:45:51.632977+00:00,3216890,BARUTÇUOĞLU BİYOKÜTLE ENERJİ SANTRALİ,17040,2026-05-31T09:00:00+03:00,09:00
40W000003216890L,BARUTÇUOĞLU BİYOKÜTLE ENERJİ SANTRALİ,unknown,2026-05-31 10:00:00+03:00,,1.1,chunk_0062.json,POST /v1/generation/data/dpp-bulk,2026-05-31 21:45:51.632977+00:00,3216890,BARUTÇUOĞLU BİYOKÜTLE ENERJİ SANTRALİ,17040,2026-05-31T10:00:00+03:00,10:00
40W000003216890L,BARUTÇUOĞLU BİYOKÜTLE ENERJİ SANTRALİ,unknown,2026-05-31 11:00:00+03:00,,1.1,chunk_0062.json,POST /v1/generation/data/dpp-bulk,2026-05-31 21:45:51.632977+00:00,3216890,BARUTÇUOĞLU BİYOKÜTLE ENERJİ SANTRALİ,17040,2026-05-31T11:00:00+03:00,11:00
40W000003216890L,BARUTÇUOĞLU BİYOKÜTLE ENERJİ SANTRALİ,unknown,2026-05-31 12:00:00+03:00,,1.1,chunk_0062.json,POST /v1/generation/data/dpp-bulk,2026-05-31 21:45:51.632977+00:00,3216890,BARUTÇUOĞLU BİYOKÜTLE ENERJİ SANTRALİ,17040,2026-05-31T12:00:00+03:00,12:00
40W000003216890L,BARUTÇUOĞLU BİYOKÜTLE ENERJİ SANTRALİ,unknown,2026-05-31 13:00:00+03:00,,1.1,chunk_0062.json,POST /v1/generation/data/dpp-bulk,2026-05-31 21:45:51.632977+00:00,3216890,BARUTÇUOĞLU BİYOKÜTLE ENERJİ SANTRALİ,17040,2026-05-31T13:00:00+03:00,13:00
40W000003216890L,BARUTÇUOĞLU BİYOKÜTLE ENERJİ SANTRALİ,unknown,2026-05-31 14:00:00+03:00,,1.1,chunk_0062.json,POST /v1/generation/data/dpp-bulk,2026-05-31 21:45:51.632977+00:00,3216890,BARUTÇUOĞLU BİYOKÜTLE ENERJİ SANTRALİ,17040,2026-05-31T14:00:00+03:00,14:00
40W000003216890L,BARUTÇUOĞLU BİYOKÜTLE ENERJİ SANTRALİ,unknown,2026-05-31 15:00:00+03:00,,0.0,chunk_0062.json,POST /v1/generation/data/dpp-bulk,2026-05-31 21:45:51.632977+00:00,3216890,BARUTÇUOĞLU BİYOKÜTLE ENERJİ SANTRALİ,17040,2026-05-31T15:00:00+03:00,15:00
40W000003216890L,BARUTÇUOĞLU BİYOKÜTLE ENERJİ SANTRALİ,unknown,2026-05-31 16:00:00+03:00,,0.0,chunk_0062.json,POST /v1/generation/data/dpp-bulk,2026-05-31 21:45:51.632977+00:00,3216890,BARUTÇUOĞLU BİYOKÜTLE ENERJİ SANTRALİ,17040,2026-05-31T16:00:00+03:00,16:00
40W000003216890L,BARUTÇUOĞLU BİYOKÜTLE ENERJİ SANTRALİ,unknown,2026-05-31 17:00:00+03:00,,0.0,chunk_0062.json,POST /v1/generation/data/dpp-bulk,2026-05-31 21:45:51.632977+00:00,3216890,BARUTÇUOĞLU BİYOKÜTLE ENERJİ SANTRALİ,17040,2026-05-31T17:00:00+03:00,17:00
40W000003216890L,BARUTÇUOĞLU BİYOKÜTLE ENERJİ SANTRALİ,unknown,2026-05-31 18:00:00+03:00,,1.1,chunk_0062.json,POST /v1/generation/data/dpp-bulk,2026-05-31 21:45:51.632977+00:00,3216890,BARUTÇUOĞLU BİYOKÜTLE ENERJİ SANTRALİ,17040,2026-05-31T18:00:00+03:00,18:00
40W000003216890L,BARUTÇUOĞLU BİYOKÜTLE ENERJİ SANTRALİ,unknown,2026-05-31 19:00:00+03:00,,1.1,chunk_0062.json,POST /v1/generation/data/dpp-bulk,2026-05-31 21:45:51.632977+00:00,3216890,BARUTÇUOĞLU BİYOKÜTLE ENERJİ SANTRALİ,17040,2026-05-31T19:00:00+03:00,19:00
40W000003216890L,BARUTÇUOĞLU BİYOKÜTLE ENERJİ SANTRALİ,unknown,2026-05-31 20:00:00+03:00,,1.1,chunk_0062.json,POST /v1/generation/data/dpp-bulk,2026-05-31 21:45:51.632977+00:00,3216890,BARUTÇUOĞLU BİYOKÜTLE ENERJİ SANTRALİ,17040,2026-05-31T20:00:00+03:00,20:00
40W000003216890L,BARUTÇUOĞLU BİYOKÜTLE ENERJİ SANTRALİ,unknown,2026-05-31 21:00:00+03:00,,1.1,chunk_0062.json,POST /v1/generation/data/dpp-bulk,2026-05-31 21:45:51.632977+00:00,3216890,BARUTÇUOĞLU BİYOKÜTLE ENERJİ SANTRALİ,17040,2026-05-31T21:00:00+03:00,21:00
40W000003216890L,BARUTÇUOĞLU BİYOKÜTLE ENERJİ SANTRALİ,unknown,2026-05-31 22:00:00+03:00,,1.1,chunk_0062.json,POST /v1/generation/data/dpp-bulk,2026-05-31 21:45:51.632977+00:00,3216890,BARUTÇUOĞLU BİYOKÜTLE ENERJİ SANTRALİ,17040,2026-05-31T22:00:00+03:00,22:00
40W000003216890L,BARUTÇUOĞLU BİYOKÜTLE ENERJİ SANTRALİ,unknown,2026-05-31 23:00:00+03:00,,1.1,chunk_0062.json,POST /v1/generation/data/dpp-bulk,2026-05-31 21:45:51.632977+00:00,3216890,BARUTÇUOĞLU BİYOKÜTLE ENERJİ SANTRALİ,17040,2026-05-31T23:00:00+03:00,23:00
40W000003216991F,ASLANDAĞI BEYYURDU ENERJİ GRUBU,unknown,2026-05-31 00:00:00+03:00,,17.6,chunk_0062.json,POST /v1/generation/data/dpp-bulk,2026-05-31 21:45:51.632977+00:00,3216991,ASLANDAĞI BEYYURDU ENERJİ GRUBU,103060,2026-05-31T00:00:00+03:00,00:00
40W000003216991F,ASLANDAĞI BEYYURDU ENERJİ GRUBU,unknown,2026-05-31 01:00:00+03:00,,17.6,chunk_0062.json,POST /v1/generation/data/dpp-bulk,2026-05-31 21:45:51.632977+00:00,3216991,ASLANDAĞI BEYYURDU ENERJİ GRUBU,103060,2026-05-31T01:00:00+03:00,01:00
40W000003216991F,ASLANDAĞI BEYYURDU ENERJİ GRUBU,unknown,2026-05-31 02:00:00+03:00,,17.6,chunk_0062.json,POST /v1/generation/data/dpp-bulk,2026-05-31 21:45:51.632977+00:00,3216991,ASLANDAĞI BEYYURDU ENERJİ GRUBU,103060,2026-05-31T02:00:00+03:00,02:00
40W000003216991F,ASLANDAĞI BEYYURDU ENERJİ GRUBU,unknown,2026-05-31 03:00:00+03:00,,17.6,chunk_0062.json,POST /v1/generation/data/dpp-bulk,2026-05-31 21:45:51.632977+00:00,3216991,ASLANDAĞI BEYYURDU ENERJİ GRUBU,103060,2026-05-31T03:00:00+03:00,03:00
40W000003216991F,ASLANDAĞI BEYYURDU ENERJİ GRUBU,unknown,2026-05-31 04:00:00+03:00,,17.6,chunk_0062.json,POST /v1/generation/data/dpp-bulk,2026-05-31 21:45:51.632977+00:00,3216991,ASLANDAĞI BEYYURDU ENERJİ GRUBU,103060,2026-05-31T04:00:00+03:00,04:00
40W000003216991F,ASLANDAĞI BEYYURDU ENERJİ GRUBU,unknown,2026-05-31 05:00:00+03:00,,17.6,chunk_0062.json,POST /v1/generation/data/dpp-bulk,2026-05-31 21:45:51.632977+00:00,3216991,ASLANDAĞI BEYYURDU ENERJİ GRUBU,103060,2026-05-31T05:00:00+03:00,05:00
40W000003216991F,ASLANDAĞI BEYYURDU ENERJİ GRUBU,unknown,2026-05-31 06:00:00+03:00,,17.6,chunk_0062.json,POST /v1/generation/data/dpp-bulk,2026-05-31 21:45:51.632977+00:00,3216991,ASLANDAĞI BEYYURDU ENERJİ GRUBU,103060,2026-05-31T06:00:00+03:00,06:00
40W000003216991F,ASLANDAĞI BEYYURDU ENERJİ GRUBU,unknown,2026-05-31 07:00:00+03:00,,17.6,chunk_0062.json,POST /v1/generation/data/dpp-bulk,2026-05-31 21:45:51.632977+00:00,3216991,ASLANDAĞI BEYYURDU ENERJİ GRUBU,103060,2026-05-31T07:00:00+03:00,07:00
40W000003216991F,ASLANDAĞI BEYYURDU ENERJİ GRUBU,unknown,2026-05-31 08:00:00+03:00,,17.6,chunk_0062.json,POST /v1/generation/data/dpp-bulk,2026-05-31 21:45:51.632977+00:00,3216991,ASLANDAĞI BEYYURDU ENERJİ GRUBU,103060,2026-05-31T08:00:00+03:00,08:00
40W000003216991F,ASLANDAĞI BEYYURDU ENERJİ GRUBU,unknown,2026-05-31 09:00:00+03:00,,17.6,chunk_0062.json,POST /v1/generation/data/dpp-bulk,2026-05-31 21:45:51.632977+00:00,3216991,ASLANDAĞI BEYYURDU ENERJİ GRUBU,103060,2026-05-31T09:00:00+03:00,09:00
40W000003216991F,ASLANDAĞI BEYYURDU ENERJİ GRUBU,unknown,2026-05-31 10:00:00+03:00,,17.6,chunk_0062.json,POST /v1/generation/data/dpp-bulk,2026-05-31 21:45:51.632977+00:00,3216991,ASLANDAĞI BEYYURDU ENERJİ GRUBU,103060,2026-05-31T10:00:00+03:00,10:00
40W000003216991F,ASLANDAĞI BEYYURDU ENERJİ GRUBU,unknown,2026-05-31 11:00:00+03:00,,17.6,chunk_0062.json,POST /v1/generation/data/dpp-bulk,2026-05-31 21:45:51.632977+00:00,3216991,ASLANDAĞI BEYYURDU ENERJİ GRUBU,103060,2026-05-31T11:00:00+03:00,11:00
40W000003216991F,ASLANDAĞI BEYYURDU ENERJİ GRUBU,unknown,2026-05-31 12:00:00+03:00,,17.6,chunk_0062.json,POST /v1/generation/data/dpp-bulk,2026-05-31 21:45:51.632977+00:00,3216991,ASLANDAĞI BEYYURDU ENERJİ GRUBU,103060,2026-05-31T12:00:00+03:00,12:00
40W000003216991F,ASLANDAĞI BEYYURDU ENERJİ GRUBU,unknown,2026-05-31 13:00:00+03:00,,17.6,chunk_0062.json,POST /v1/generation/data/dpp-bulk,2026-05-31 21:45:51.632977+00:00,3216991,ASLANDAĞI BEYYURDU ENERJİ GRUBU,103060,2026-05-31T13:00:00+03:00,13:00
40W000003216991F,ASLANDAĞI BEYYURDU ENERJİ GRUBU,unknown,2026-05-31 14:00:00+03:00,,17.6,chunk_0062.json,POST /v1/generation/data/dpp-bulk,2026-05-31 21:45:51.632977+00:00,3216991,ASLANDAĞI BEYYURDU ENERJİ GRUBU,103060,2026-05-31T14:00:00+03:00,14:00
40W000003216991F,ASLANDAĞI BEYYURDU ENERJİ GRUBU,unknown,2026-05-31 15:00:00+03:00,,17.6,chunk_0062.json,POST /v1/generation/data/dpp-bulk,2026-05-31 21:45:51.632977+00:00,3216991,ASLANDAĞI BEYYURDU ENERJİ GRUBU,103060,2026-05-31T15:00:00+03:00,15:00
40W000003216991F,ASLANDAĞI BEYYURDU ENERJİ GRUBU,unknown,2026-05-31 16:00:00+03:00,,17.6,chunk_0062.json,POST /v1/generation/data/dpp-bulk,2026-05-31 21:45:51.632977+00:00,3216991,ASLANDAĞI BEYYURDU ENERJİ GRUBU,103060,2026-05-31T16:00:00+03:00,16:00
40W000003216991F,ASLANDAĞI BEYYURDU ENERJİ GRUBU,unknown,2026-05-31 17:00:00+03:00,,17.6,chunk_0062.json,POST /v1/generation/data/dpp-bulk,2026-05-31 21:45:51.632977+00:00,3216991,ASLANDAĞI BEYYURDU ENERJİ GRUBU,103060,2026-05-31T17:00:00+03:00,17:00
40W000003216991F,ASLANDAĞI BEYYURDU ENERJİ GRUBU,unknown,2026-05-31 18:00:00+03:00,,17.6,chunk_0062.json,POST /v1/generation/data/dpp-bulk,2026-05-31 21:45:51.632977+00:00,3216991,ASLANDAĞI BEYYURDU ENERJİ GRUBU,103060,2026-05-31T18:00:00+03:00,18:00
40W000003216991F,ASLANDAĞI BEYYURDU ENERJİ GRUBU,unknown,2026-05-31 19:00:00+03:00,,17.6,chunk_0062.json,POST /v1/generation/data/dpp-bulk,2026-05-31 21:45:51.632977+00:00,3216991,ASLANDAĞI BEYYURDU ENERJİ GRUBU,103060,2026-05-31T19:00:00+03:00,19:00
40W000003216991F,ASLANDAĞI BEYYURDU ENERJİ GRUBU,unknown,2026-05-31 20:00:00+03:00,,17.6,chunk_0062.json,POST /v1/generation/data/dpp-bulk,2026-05-31 21:45:51.632977+00:00,3216991,ASLANDAĞI BEYYURDU ENERJİ GRUBU,103060,2026-05-31T20:00:00+03:00,20:00
40W000003216991F,ASLANDAĞI BEYYURDU ENERJİ GRUBU,unknown,2026-05-31 21:00:00+03:00,,17.6,chunk_0062.json,POST /v1/generation/data/dpp-bulk,2026-05-31 21:45:51.632977+00:00,3216991,ASLANDAĞI BEYYURDU ENERJİ GRUBU,103060,2026-05-31T21:00:00+03:00,21:00
40W000003216991F,ASLANDAĞI BEYYURDU ENERJİ GRUBU,unknown,2026-05-31 22:00:00+03:00,,17.6,chunk_0062.json,POST /v1/generation/data/dpp-bulk,2026-05-31 21:45:51.632977+00:00,3216991,ASLANDAĞI BEYYURDU ENERJİ GRUBU,103060,2026-05-31T22:00:00+03:00,22:00
40W000003216991F,ASLANDAĞI BEYYURDU ENERJİ GRUBU,unknown,2026-05-31 23:00:00+03:00,,17.6,chunk_0062.json,POST /v1/generation/data/dpp-bulk,2026-05-31 21:45:51.632977+00:00,3216991,ASLANDAĞI BEYYURDU ENERJİ GRUBU,103060,2026-05-31T23:00:00+03:00,23:00
40W000003216270E,DENİZLİ BİYOKÜTLE SANTRALİ,unknown,2026-05-31 00:00:00+03:00,,11.0,chunk_0062.json,POST /v1/generation/data/dpp-bulk,2026-05-31 21:45:51.632977+00:00,3216270,DENİZLİ BİYOKÜTLE SANTRALİ,103261,2026-05-31T00:00:00+03:00,00:00
40W000003216270E,DENİZLİ BİYOKÜTLE SANTRALİ,unknown,2026-05-31 01:00:00+03:00,,11.0,chunk_0062.json,POST /v1/generation/data/dpp-bulk,2026-05-31 21:45:51.632977+00:00,3216270,DENİZLİ BİYOKÜTLE SANTRALİ,103261,2026-05-31T01:00:00+03:00,01:00
40W000003216270E,DENİZLİ BİYOKÜTLE SANTRALİ,unknown,2026-05-31 02:00:00+03:00,,11.0,chunk_0062.json,POST /v1/generation/data/dpp-bulk,2026-05-31 21:45:51.632977+00:00,3216270,DENİZLİ BİYOKÜTLE SANTRALİ,103261,2026-05-31T02:00:00+03:00,02:00
40W000003216270E,DENİZLİ BİYOKÜTLE SANTRALİ,unknown,2026-05-31 03:00:00+03:00,,11.0,chunk_0062.json,POST /v1/generation/data/dpp-bulk,2026-05-31 21:45:51.632977+00:00,3216270,DENİZLİ BİYOKÜTLE SANTRALİ,103261,2026-05-31T03:00:00+03:00,03:00
40W000003216270E,DENİZLİ BİYOKÜTLE SANTRALİ,unknown,2026-05-31 04:00:00+03:00,,11.0,chunk_0062.json,POST /v1/generation/data/dpp-bulk,2026-05-31 21:45:51.632977+00:00,3216270,DENİZLİ BİYOKÜTLE SANTRALİ,103261,2026-05-31T04:00:00+03:00,04:00
40W000003216270E,DENİZLİ BİYOKÜTLE SANTRALİ,unknown,2026-05-31 05:00:00+03:00,,11.0,chunk_0062.json,POST /v1/generation/data/dpp-bulk,2026-05-31 21:45:51.632977+00:00,3216270,DENİZLİ BİYOKÜTLE SANTRALİ,103261,2026-05-31T05:00:00+03:00,05:00
40W000003216270E,DENİZLİ BİYOKÜTLE SANTRALİ,unknown,2026-05-31 06:00:00+03:00,,11.0,chunk_0062.json,POST /v1/generation/data/dpp-bulk,2026-05-31 21:45:51.632977+00:00,3216270,DENİZLİ BİYOKÜTLE SANTRALİ,103261,2026-05-31T06:00:00+03:00,06:00
40W000003216270E,DENİZLİ BİYOKÜTLE SANTRALİ,unknown,2026-05-31 07:00:00+03:00,,11.0,chunk_0062.json,POST /v1/generation/data/dpp-bulk,2026-05-31 21:45:51.632977+00:00,3216270,DENİZLİ BİYOKÜTLE SANTRALİ,103261,2026-05-31T07:00:00+03:00,07:00
40W000003216270E,DENİZLİ BİYOKÜTLE SANTRALİ,unknown,2026-05-31 08:00:00+03:00,,11.0,chunk_0062.json,POST /v1/generation/data/dpp-bulk,2026-05-31 21:45:51.632977+00:00,3216270,DENİZLİ BİYOKÜTLE SANTRALİ,103261,2026-05-31T08:00:00+03:00,08:00
40W000003216270E,DENİZLİ BİYOKÜTLE SANTRALİ,unknown,2026-05-31 09:00:00+03:00,,11.0,chunk_0062.json,POST /v1/generation/data/dpp-bulk,2026-05-31 21:45:51.632977+00:00,3216270,DENİZLİ BİYOKÜTLE SANTRALİ,103261,2026-05-31T09:00:00+03:00,09:00
40W000003216270E,DENİZLİ BİYOKÜTLE SANTRALİ,unknown,2026-05-31 10:00:00+03:00,,11.0,chunk_0062.json,POST /v1/generation/data/dpp-bulk,2026-05-31 21:45:51.632977+00:00,3216270,DENİZLİ BİYOKÜTLE SANTRALİ,103261,2026-05-31T10:00:00+03:00,10:00
40W000003216270E,DENİZLİ BİYOKÜTLE SANTRALİ,unknown,2026-05-31 11:00:00+03:00,,11.0,chunk_0062.json,POST /v1/generation/data/dpp-bulk,2026-05-31 21:45:51.632977+00:00,3216270,DENİZLİ BİYOKÜTLE SANTRALİ,103261,2026-05-31T11:00:00+03:00,11:00
40W000003216270E,DENİZLİ BİYOKÜTLE SANTRALİ,unknown,2026-05-31 12:00:00+03:00,,11.0,chunk_0062.json,POST /v1/generation/data/dpp-bulk,2026-05-31 21:45:51.632977+00:00,3216270,DENİZLİ BİYOKÜTLE SANTRALİ,103261,2026-05-31T12:00:00+03:00,12:00
40W000003216270E,DENİZLİ BİYOKÜTLE SANTRALİ,unknown,2026-05-31 13:00:00+03:00,,11.0,chunk_0062.json,POST /v1/generation/data/dpp-bulk,2026-05-31 21:45:51.632977+00:00,3216270,DENİZLİ BİYOKÜTLE SANTRALİ,103261,2026-05-31T13:00:00+03:00,13:00
40W000003216270E,DENİZLİ BİYOKÜTLE SANTRALİ,unknown,2026-05-31 14:00:00+03:00,,11.0,chunk_0062.json,POST /v1/generation/data/dpp-bulk,2026-05-31 21:45:51.632977+00:00,3216270,DENİZLİ BİYOKÜTLE SANTRALİ,103261,2026-05-31T14:00:00+03:00,14:00
40W000003216270E,DENİZLİ BİYOKÜTLE SANTRALİ,unknown,2026-05-31 15:00:00+03:00,,11.0,chunk_0062.json,POST /v1/generation/data/dpp-bulk,2026-05-31 21:45:51.632977+00:00,3216270,DENİZLİ BİYOKÜTLE SANTRALİ,103261,2026-05-31T15:00:00+03:00,15:00
40W000003216270E,DENİZLİ BİYOKÜTLE SANTRALİ,unknown,2026-05-31 16:00:00+03:00,,11.0,chunk_0062.json,POST /v1/generation/data/dpp-bulk,2026-05-31 21:45:51.632977+00:00,3216270,DENİZLİ BİYOKÜTLE SANTRALİ,103261,2026-05-31T16:00:00+03:00,16:00
40W000003216270E,DENİZLİ BİYOKÜTLE SANTRALİ,unknown,2026-05-31 17:00:00+03:00,,11.0,chunk_0062.json,POST /v1/generation/data/dpp-bulk,2026-05-31 21:45:51.632977+00:00,3216270,DENİZLİ BİYOKÜTLE SANTRALİ,103261,2026-05-31T17:00:00+03:00,17:00
40W000003216270E,DENİZLİ BİYOKÜTLE SANTRALİ,unknown,2026-05-31 18:00:00+03:00,,11.0,chunk_0062.json,POST /v1/generation/data/dpp-bulk,2026-05-31 21:45:51.632977+00:00,3216270,DENİZLİ BİYOKÜTLE SANTRALİ,103261,2026-05-31T18:00:00+03:00,18:00
40W000003216270E,DENİZLİ BİYOKÜTLE SANTRALİ,unknown,2026-05-31 19:00:00+03:00,,11.0,chunk_0062.json,POST /v1/generation/data/dpp-bulk,2026-05-31 21:45:51.632977+00:00,3216270,DENİZLİ BİYOKÜTLE SANTRALİ,103261,2026-05-31T19:00:00+03:00,19:00
40W000003216270E,DENİZLİ BİYOKÜTLE SANTRALİ,unknown,2026-05-31 20:00:00+03:00,,11.0,chunk_0062.json,POST /v1/generation/data/dpp-bulk,2026-05-31 21:45:51.632977+00:00,3216270,DENİZLİ BİYOKÜTLE SANTRALİ,103261,2026-05-31T20:00:00+03:00,20:00
40W000003216270E,DENİZLİ BİYOKÜTLE SANTRALİ,unknown,2026-05-31 21:00:00+03:00,,11.0,chunk_0062.json,POST /v1/generation/data/dpp-bulk,2026-05-31 21:45:51.632977+00:00,3216270,DENİZLİ BİYOKÜTLE SANTRALİ,103261,2026-05-31T21:00:00+03:00,21:00
40W000003216270E,DENİZLİ BİYOKÜTLE SANTRALİ,unknown,2026-05-31 22:00:00+03:00,,11.0,chunk_0062.json,POST /v1/generation/data/dpp-bulk,2026-05-31 21:45:51.632977+00:00,3216270,DENİZLİ BİYOKÜTLE SANTRALİ,103261,2026-05-31T22:00:00+03:00,22:00
40W000003216270E,DENİZLİ BİYOKÜTLE SANTRALİ,unknown,2026-05-31 23:00:00+03:00,,11.0,chunk_0062.json,POST /v1/generation/data/dpp-bulk,2026-05-31 21:45:51.632977+00:00,3216270,DENİZLİ BİYOKÜTLE SANTRALİ,103261,2026-05-31T23:00:00+03:00,23:00
40W000003216671X,DENİZLİ ENERJİ BİYOGAZ TESİSİ,unknown,2026-05-31 00:00:00+03:00,,1.3,chunk_0062.json,POST /v1/generation/data/dpp-bulk,2026-05-31 21:45:51.632977+00:00,3216671,DENİZLİ ENERJİ BİYOGAZ TESİSİ,103261,2026-05-31T00:00:00+03:00,00:00
40W000003216671X,DENİZLİ ENERJİ BİYOGAZ TESİSİ,unknown,2026-05-31 01:00:00+03:00,,1.3,chunk_0062.json,POST /v1/generation/data/dpp-bulk,2026-05-31 21:45:51.632977+00:00,3216671,DENİZLİ ENERJİ BİYOGAZ TESİSİ,103261,2026-05-31T01:00:00+03:00,01:00
40W000003216671X,DENİZLİ ENERJİ BİYOGAZ TESİSİ,unknown,2026-05-31 02:00:00+03:00,,1.3,chunk_0062.json,POST /v1/generation/data/dpp-bulk,2026-05-31 21:45:51.632977+00:00,3216671,DENİZLİ ENERJİ BİYOGAZ TESİSİ,103261,2026-05-31T02:00:00+03:00,02:00
40W000003216671X,DENİZLİ ENERJİ BİYOGAZ TESİSİ,unknown,2026-05-31 03:00:00+03:00,,1.3,chunk_0062.json,POST /v1/generation/data/dpp-bulk,2026-05-31 21:45:51.632977+00:00,3216671,DENİZLİ ENERJİ BİYOGAZ TESİSİ,103261,2026-05-31T03:00:00+03:00,03:00
40W000003216671X,DENİZLİ ENERJİ BİYOGAZ TESİSİ,unknown,2026-05-31 04:00:00+03:00,,1.3,chunk_0062.json,POST /v1/generation/data/dpp-bulk,2026-05-31 21:45:51.632977+00:00,3216671,DENİZLİ ENERJİ BİYOGAZ TESİSİ,103261,2026-05-31T04:00:00+03:00,04:00
40W000003216671X,DENİZLİ ENERJİ BİYOGAZ TESİSİ,unknown,2026-05-31 05:00:00+03:00,,1.3,chunk_0062.json,POST /v1/generation/data/dpp-bulk,2026-05-31 21:45:51.632977+00:00,3216671,DENİZLİ ENERJİ BİYOGAZ TESİSİ,103261,2026-05-31T05:00:00+03:00,05:00
40W000003216671X,DENİZLİ ENERJİ BİYOGAZ TESİSİ,unknown,2026-05-31 06:00:00+03:00,,1.3,chunk_0062.json,POST /v1/generation/data/dpp-bulk,2026-05-31 21:45:51.632977+00:00,3216671,DENİZLİ ENERJİ BİYOGAZ TESİSİ,103261,2026-05-31T06:00:00+03:00,06:00
40W000003216671X,DENİZLİ ENERJİ BİYOGAZ TESİSİ,unknown,2026-05-31 07:00:00+03:00,,1.4,chunk_0062.json,POST /v1/generation/data/dpp-bulk,2026-05-31 21:45:51.632977+00:00,3216671,DENİZLİ ENERJİ BİYOGAZ TESİSİ,103261,2026-05-31T07:00:00+03:00,07:00
40W000003216671X,DENİZLİ ENERJİ BİYOGAZ TESİSİ,unknown,2026-05-31 08:00:00+03:00,,1.4,chunk_0062.json,POST /v1/generation/data/dpp-bulk,2026-05-31 21:45:51.632977+00:00,3216671,DENİZLİ ENERJİ BİYOGAZ TESİSİ,103261,2026-05-31T08:00:00+03:00,08:00
40W000003216671X,DENİZLİ ENERJİ BİYOGAZ TESİSİ,unknown,2026-05-31 09:00:00+03:00,,1.4,chunk_0062.json,POST /v1/generation/data/dpp-bulk,2026-05-31 21:45:51.632977+00:00,3216671,DENİZLİ ENERJİ BİYOGAZ TESİSİ,103261,2026-05-31T09:00:00+03:00,09:00
40W000003216671X,DENİZLİ ENERJİ BİYOGAZ TESİSİ,unknown,2026-05-31 10:00:00+03:00,,1.4,chunk_0062.json,POST /v1/generation/data/dpp-bulk,2026-05-31 21:45:51.632977+00:00,3216671,DENİZLİ ENERJİ BİYOGAZ TESİSİ,103261,2026-05-31T10:00:00+03:00,10:00
40W000003216671X,DENİZLİ ENERJİ BİYOGAZ TESİSİ,unknown,2026-05-31 11:00:00+03:00,,1.4,chunk_0062.json,POST /v1/generation/data/dpp-bulk,2026-05-31 21:45:51.632977+00:00,3216671,DENİZLİ ENERJİ BİYOGAZ TESİSİ,103261,2026-05-31T11:00:00+03:00,11:00
40W000003216671X,DENİZLİ ENERJİ BİYOGAZ TESİSİ,unknown,2026-05-31 12:00:00+03:00,,1.4,chunk_0062.json,POST /v1/generation/data/dpp-bulk,2026-05-31 21:45:51.632977+00:00,3216671,DENİZLİ ENERJİ BİYOGAZ TESİSİ,103261,2026-05-31T12:00:00+03:00,12:00
40W000003216671X,DENİZLİ ENERJİ BİYOGAZ TESİSİ,unknown,2026-05-31 13:00:00+03:00,,1.4,chunk_0062.json,POST /v1/generation/data/dpp-bulk,2026-05-31 21:45:51.632977+00:00,3216671,DENİZLİ ENERJİ BİYOGAZ TESİSİ,103261,2026-05-31T13:00:00+03:00,13:00
40W000003216671X,DENİZLİ ENERJİ BİYOGAZ TESİSİ,unknown,2026-05-31 14:00:00+03:00,,1.4,chunk_0062.json,POST /v1/generation/data/dpp-bulk,2026-05-31 21:45:51.632977+00:00,3216671,DENİZLİ ENERJİ BİYOGAZ TESİSİ,103261,2026-05-31T14:00:00+03:00,14:00
40W000003216671X,DENİZLİ ENERJİ BİYOGAZ TESİSİ,unknown,2026-05-31 15:00:00+03:00,,1.4,chunk_0062.json,POST /v1/generation/data/dpp-bulk,2026-05-31 21:45:51.632977+00:00,3216671,DENİZLİ ENERJİ BİYOGAZ TESİSİ,103261,2026-05-31T15:00:00+03:00,15:00
40W000003216671X,DENİZLİ ENERJİ BİYOGAZ TESİSİ,unknown,2026-05-31 16:00:00+03:00,,1.4,chunk_0062.json,POST /v1/generation/data/dpp-bulk,2026-05-31 21:45:51.632977+00:00,3216671,DENİZLİ ENERJİ BİYOGAZ TESİSİ,103261,2026-05-31T16:00:00+03:00,16:00
40W000003216671X,DENİZLİ ENERJİ BİYOGAZ TESİSİ,unknown,2026-05-31 17:00:00+03:00,,1.4,chunk_0062.json,POST /v1/generation/data/dpp-bulk,2026-05-31 21:45:51.632977+00:00,3216671,DENİZLİ ENERJİ BİYOGAZ TESİSİ,103261,2026-05-31T17:00:00+03:00,17:00
40W000003216671X,DENİZLİ ENERJİ BİYOGAZ TESİSİ,unknown,2026-05-31 18:00:00+03:00,,1.3,chunk_0062.json,POST /v1/generation/data/dpp-bulk,2026-05-31 21:45:51.632977+00:00,3216671,DENİZLİ ENERJİ BİYOGAZ TESİSİ,103261,2026-05-31T18:00:00+03:00,18:00
40W000003216671X,DENİZLİ ENERJİ BİYOGAZ TESİSİ,unknown,2026-05-31 19:00:00+03:00,,1.3,chunk_0062.json,POST /v1/generation/data/dpp-bulk,2026-05-31 21:45:51.632977+00:00,3216671,DENİZLİ ENERJİ BİYOGAZ TESİSİ,103261,2026-05-31T19:00:00+03:00,19:00
40W000003216671X,DENİZLİ ENERJİ BİYOGAZ TESİSİ,unknown,2026-05-31 20:00:00+03:00,,1.3,chunk_0062.json,POST /v1/generation/data/dpp-bulk,2026-05-31 21:45:51.632977+00:00,3216671,DENİZLİ ENERJİ BİYOGAZ TESİSİ,103261,2026-05-31T20:00:00+03:00,20:00
40W000003216671X,DENİZLİ ENERJİ BİYOGAZ TESİSİ,unknown,2026-05-31 21:00:00+03:00,,1.3,chunk_0062.json,POST /v1/generation/data/dpp-bulk,2026-05-31 21:45:51.632977+00:00,3216671,DENİZLİ ENERJİ BİYOGAZ TESİSİ,103261,2026-05-31T21:00:00+03:00,21:00
40W000003216671X,DENİZLİ ENERJİ BİYOGAZ TESİSİ,unknown,2026-05-31 22:00:00+03:00,,1.3,chunk_0062.json,POST /v1/generation/data/dpp-bulk,2026-05-31 21:45:51.632977+00:00,3216671,DENİZLİ ENERJİ BİYOGAZ TESİSİ,103261,2026-05-31T22:00:00+03:00,22:00
40W000003216671X,DENİZLİ ENERJİ BİYOGAZ TESİSİ,unknown,2026-05-31 23:00:00+03:00,,1.3,chunk_0062.json,POST /v1/generation/data/dpp-bulk,2026-05-31 21:45:51.632977+00:00,3216671,DENİZLİ ENERJİ BİYOGAZ TESİSİ,103261,2026-05-31T23:00:00+03:00,23:00
40W0000032165508,BOZÜYÜK RES,unknown,2026-05-31 00:00:00+03:00,,23.77,chunk_0062.json,POST /v1/generation/data/dpp-bulk,2026-05-31 21:45:51.632977+00:00,3216550,BOZÜYÜK RES,103402,2026-05-31T00:00:00+03:00,00:00
40W0000032165508,BOZÜYÜK RES,unknown,2026-05-31 01:00:00+03:00,,19.89,chunk_0062.json,POST /v1/generation/data/dpp-bulk,2026-05-31 21:45:51.632977+00:00,3216550,BOZÜYÜK RES,103402,2026-05-31T01:00:00+03:00,01:00
40W0000032165508,BOZÜYÜK RES,unknown,2026-05-31 02:00:00+03:00,,16.32,chunk_0062.json,POST /v1/generation/data/dpp-bulk,2026-05-31 21:45:51.632977+00:00,3216550,BOZÜYÜK RES,103402,2026-05-31T02:00:00+03:00,02:00
40W0000032165508,BOZÜYÜK RES,unknown,2026-05-31 03:00:00+03:00,,9.82,chunk_0062.json,POST /v1/generation/data/dpp-bulk,2026-05-31 21:45:51.632977+00:00,3216550,BOZÜYÜK RES,103402,2026-05-31T03:00:00+03:00,03:00
40W0000032165508,BOZÜYÜK RES,unknown,2026-05-31 04:00:00+03:00,,6.27,chunk_0062.json,POST /v1/generation/data/dpp-bulk,2026-05-31 21:45:51.632977+00:00,3216550,BOZÜYÜK RES,103402,2026-05-31T04:00:00+03:00,04:00
40W0000032165508,BOZÜYÜK RES,unknown,2026-05-31 05:00:00+03:00,,4.04,chunk_0062.json,POST /v1/generation/data/dpp-bulk,2026-05-31 21:45:51.632977+00:00,3216550,BOZÜYÜK RES,103402,2026-05-31T05:00:00+03:00,05:00
40W0000032165508,BOZÜYÜK RES,unknown,2026-05-31 06:00:00+03:00,,3.01,chunk_0062.json,POST /v1/generation/data/dpp-bulk,2026-05-31 21:45:51.632977+00:00,3216550,BOZÜYÜK RES,103402,2026-05-31T06:00:00+03:00,06:00
40W0000032165508,BOZÜYÜK RES,unknown,2026-05-31 07:00:00+03:00,,1.8,chunk_0062.json,POST /v1/generation/data/dpp-bulk,2026-05-31 21:45:51.632977+00:00,3216550,BOZÜYÜK RES,103402,2026-05-31T07:00:00+03:00,07:00
40W0000032165508,BOZÜYÜK RES,unknown,2026-05-31 08:00:00+03:00,,1.13,chunk_0062.json,POST /v1/generation/data/dpp-bulk,2026-05-31 21:45:51.632977+00:00,3216550,BOZÜYÜK RES,103402,2026-05-31T08:00:00+03:00,08:00
40W0000032165508,BOZÜYÜK RES,unknown,2026-05-31 09:00:00+03:00,,1.58,chunk_0062.json,POST /v1/generation/data/dpp-bulk,2026-05-31 21:45:51.632977+00:00,3216550,BOZÜYÜK RES,103402,2026-05-31T09:00:00+03:00,09:00
40W0000032165508,BOZÜYÜK RES,unknown,2026-05-31 10:00:00+03:00,,2.03,chunk_0062.json,POST /v1/generation/data/dpp-bulk,2026-05-31 21:45:51.632977+00:00,3216550,BOZÜYÜK RES,103402,2026-05-31T10:00:00+03:00,10:00
40W0000032165508,BOZÜYÜK RES,unknown,2026-05-31 11:00:00+03:00,,1.39,chunk_0062.json,POST /v1/generation/data/dpp-bulk,2026-05-31 21:45:51.632977+00:00,3216550,BOZÜYÜK RES,103402,2026-05-31T11:00:00+03:00,11:00
40W0000032165508,BOZÜYÜK RES,unknown,2026-05-31 12:00:00+03:00,,2.26,chunk_0062.json,POST /v1/generation/data/dpp-bulk,2026-05-31 21:45:51.632977+00:00,3216550,BOZÜYÜK RES,103402,2026-05-31T12:00:00+03:00,12:00
40W0000032165508,BOZÜYÜK RES,unknown,2026-05-31 13:00:00+03:00,,3.25,chunk_0062.json,POST /v1/generation/data/dpp-bulk,2026-05-31 21:45:51.632977+00:00,3216550,BOZÜYÜK RES,103402,2026-05-31T13:00:00+03:00,13:00
40W0000032165508,BOZÜYÜK RES,unknown,2026-05-31 14:00:00+03:00,,4.17,chunk_0062.json,POST /v1/generation/data/dpp-bulk,2026-05-31 21:45:51.632977+00:00,3216550,BOZÜYÜK RES,103402,2026-05-31T14:00:00+03:00,14:00
40W0000032165508,BOZÜYÜK RES,unknown,2026-05-31 15:00:00+03:00,,6.77,chunk_0062.json,POST /v1/generation/data/dpp-bulk,2026-05-31 21:45:51.632977+00:00,3216550,BOZÜYÜK RES,103402,2026-05-31T15:00:00+03:00,15:00
40W0000032165508,BOZÜYÜK RES,unknown,2026-05-31 16:00:00+03:00,,8.29,chunk_0062.json,POST /v1/generation/data/dpp-bulk,2026-05-31 21:45:51.632977+00:00,3216550,BOZÜYÜK RES,103402,2026-05-31T16:00:00+03:00,16:00
40W0000032165508,BOZÜYÜK RES,unknown,2026-05-31 17:00:00+03:00,,8.55,chunk_0062.json,POST /v1/generation/data/dpp-bulk,2026-05-31 21:45:51.632977+00:00,3216550,BOZÜYÜK RES,103402,2026-05-31T17:00:00+03:00,17:00
40W0000032165508,BOZÜYÜK RES,unknown,2026-05-31 18:00:00+03:00,,8.83,chunk_0062.json,POST /v1/generation/data/dpp-bulk,2026-05-31 21:45:51.632977+00:00,3216550,BOZÜYÜK RES,103402,2026-05-31T18:00:00+03:00,18:00
40W0000032165508,BOZÜYÜK RES,unknown,2026-05-31 19:00:00+03:00,,10.27,chunk_0062.json,POST /v1/generation/data/dpp-bulk,2026-05-31 21:45:51.632977+00:00,3216550,BOZÜYÜK RES,103402,2026-05-31T19:00:00+03:00,19:00
40W0000032165508,BOZÜYÜK RES,unknown,2026-05-31 20:00:00+03:00,,8.68,chunk_0062.json,POST /v1/generation/data/dpp-bulk,2026-05-31 21:45:51.632977+00:00,3216550,BOZÜYÜK RES,103402,2026-05-31T20:00:00+03:00,20:00
40W0000032165508,BOZÜYÜK RES,unknown,2026-05-31 21:00:00+03:00,,6.88,chunk_0062.json,POST /v1/generation/data/dpp-bulk,2026-05-31 21:45:51.632977+00:00,3216550,BOZÜYÜK RES,103402,2026-05-31T21:00:00+03:00,21:00
40W0000032165508,BOZÜYÜK RES,unknown,2026-05-31 22:00:00+03:00,,11.63,chunk_0062.json,POST /v1/generation/data/dpp-bulk,2026-05-31 21:45:51.632977+00:00,3216550,BOZÜYÜK RES,103402,2026-05-31T22:00:00+03:00,22:00
40W0000032165508,BOZÜYÜK RES,unknown,2026-05-31 23:00:00+03:00,,13.71,chunk_0062.json,POST /v1/generation/data/dpp-bulk,2026-05-31 21:45:51.632977+00:00,3216550,BOZÜYÜK RES,103402,2026-05-31T23:00:00+03:00,23:00
40W100003216110N,VEGA HEREKO ENERJİ TESİSİ,unknown,2026-05-31 00:00:00+03:00,,7.0,chunk_0062.json,POST /v1/generation/data/dpp-bulk,2026-05-31 21:45:51.632977+00:00,3216110,VEGA HEREKO ENERJİ TESİSİ,103600,2026-05-31T00:00:00+03:00,00:00
40W100003216110N,VEGA HEREKO ENERJİ TESİSİ,unknown,2026-05-31 01:00:00+03:00,,7.0,chunk_0062.json,POST /v1/generation/data/dpp-bulk,2026-05-31 21:45:51.632977+00:00,3216110,VEGA HEREKO ENERJİ TESİSİ,103600,2026-05-31T01:00:00+03:00,01:00
40W100003216110N,VEGA HEREKO ENERJİ TESİSİ,unknown,2026-05-31 02:00:00+03:00,,7.0,chunk_0062.json,POST /v1/generation/data/dpp-bulk,2026-05-31 21:45:51.632977+00:00,3216110,VEGA HEREKO ENERJİ TESİSİ,103600,2026-05-31T02:00:00+03:00,02:00
40W100003216110N,VEGA HEREKO ENERJİ TESİSİ,unknown,2026-05-31 03:00:00+03:00,,7.0,chunk_0062.json,POST /v1/generation/data/dpp-bulk,2026-05-31 21:45:51.632977+00:00,3216110,VEGA HEREKO ENERJİ TESİSİ,103600,2026-05-31T03:00:00+03:00,03:00
40W100003216110N,VEGA HEREKO ENERJİ TESİSİ,unknown,2026-05-31 04:00:00+03:00,,7.0,chunk_0062.json,POST /v1/generation/data/dpp-bulk,2026-05-31 21:45:51.632977+00:00,3216110,VEGA HEREKO ENERJİ TESİSİ,103600,2026-05-31T04:00:00+03:00,04:00
40W100003216110N,VEGA HEREKO ENERJİ TESİSİ,unknown,2026-05-31 05:00:00+03:00,,7.0,chunk_0062.json,POST /v1/generation/data/dpp-bulk,2026-05-31 21:45:51.632977+00:00,3216110,VEGA HEREKO ENERJİ TESİSİ,103600,2026-05-31T05:00:00+03:00,05:00
40W100003216110N,VEGA HEREKO ENERJİ TESİSİ,unknown,2026-05-31 06:00:00+03:00,,7.0,chunk_0062.json,POST /v1/generation/data/dpp-bulk,2026-05-31 21:45:51.632977+00:00,3216110,VEGA HEREKO ENERJİ TESİSİ,103600,2026-05-31T06:00:00+03:00,06:00
40W100003216110N,VEGA HEREKO ENERJİ TESİSİ,unknown,2026-05-31 07:00:00+03:00,,7.0,chunk_0062.json,POST /v1/generation/data/dpp-bulk,2026-05-31 21:45:51.632977+00:00,3216110,VEGA HEREKO ENERJİ TESİSİ,103600,2026-05-31T07:00:00+03:00,07:00
40W100003216110N,VEGA HEREKO ENERJİ TESİSİ,unknown,2026-05-31 08:00:00+03:00,,7.0,chunk_0062.json,POST /v1/generation/data/dpp-bulk,2026-05-31 21:45:51.632977+00:00,3216110,VEGA HEREKO ENERJİ TESİSİ,103600,2026-05-31T08:00:00+03:00,08:00
40W100003216110N,VEGA HEREKO ENERJİ TESİSİ,unknown,2026-05-31 09:00:00+03:00,,7.0,chunk_0062.json,POST /v1/generation/data/dpp-bulk,2026-05-31 21:45:51.632977+00:00,3216110,VEGA HEREKO ENERJİ TESİSİ,103600,2026-05-31T09:00:00+03:00,09:00
40W100003216110N,VEGA HEREKO ENERJİ TESİSİ,unknown,2026-05-31 10:00:00+03:00,,7.2,chunk_0062.json,POST /v1/generation/data/dpp-bulk,2026-05-31 21:45:51.632977+00:00,3216110,VEGA HEREKO ENERJİ TESİSİ,103600,2026-05-31T10:00:00+03:00,10:00
40W100003216110N,VEGA HEREKO ENERJİ TESİSİ,unknown,2026-05-31 11:00:00+03:00,,7.2,chunk_0062.json,POST /v1/generation/data/dpp-bulk,2026-05-31 21:45:51.632977+00:00,3216110,VEGA HEREKO ENERJİ TESİSİ,103600,2026-05-31T11:00:00+03:00,11:00
40W100003216110N,VEGA HEREKO ENERJİ TESİSİ,unknown,2026-05-31 12:00:00+03:00,,7.2,chunk_0062.json,POST /v1/generation/data/dpp-bulk,2026-05-31 21:45:51.632977+00:00,3216110,VEGA HEREKO ENERJİ TESİSİ,103600,2026-05-31T12:00:00+03:00,12:00
40W100003216110N,VEGA HEREKO ENERJİ TESİSİ,unknown,2026-05-31 13:00:00+03:00,,7.2,chunk_0062.json,POST /v1/generation/data/dpp-bulk,2026-05-31 21:45:51.632977+00:00,3216110,VEGA HEREKO ENERJİ TESİSİ,103600,2026-05-31T13:00:00+03:00,13:00
40W100003216110N,VEGA HEREKO ENERJİ TESİSİ,unknown,2026-05-31 14:00:00+03:00,,5.7,chunk_0062.json,POST /v1/generation/data/dpp-bulk,2026-05-31 21:45:51.632977+00:00,3216110,VEGA HEREKO ENERJİ TESİSİ,103600,2026-05-31T14:00:00+03:00,14:00
40W100003216110N,VEGA HEREKO ENERJİ TESİSİ,unknown,2026-05-31 15:00:00+03:00,,5.7,chunk_0062.json,POST /v1/generation/data/dpp-bulk,2026-05-31 21:45:51.632977+00:00,3216110,VEGA HEREKO ENERJİ TESİSİ,103600,2026-05-31T15:00:00+03:00,15:00
40W100003216110N,VEGA HEREKO ENERJİ TESİSİ,unknown,2026-05-31 16:00:00+03:00,,5.7,chunk_0062.json,POST /v1/generation/data/dpp-bulk,2026-05-31 21:45:51.632977+00:00,3216110,VEGA HEREKO ENERJİ TESİSİ,103600,2026-05-31T16:00:00+03:00,16:00
40W100003216110N,VEGA HEREKO ENERJİ TESİSİ,unknown,2026-05-31 17:00:00+03:00,,6.04,chunk_0062.json,POST /v1/generation/data/dpp-bulk,2026-05-31 21:45:51.632977+00:00,3216110,VEGA HEREKO ENERJİ TESİSİ,103600,2026-05-31T17:00:00+03:00,17:00
40W100003216110N,VEGA HEREKO ENERJİ TESİSİ,unknown,2026-05-31 18:00:00+03:00,,7.2,chunk_0062.json,POST /v1/generation/data/dpp-bulk,2026-05-31 21:45:51.632977+00:00,3216110,VEGA HEREKO ENERJİ TESİSİ,103600,2026-05-31T18:00:00+03:00,18:00
40W100003216110N,VEGA HEREKO ENERJİ TESİSİ,unknown,2026-05-31 19:00:00+03:00,,7.2,chunk_0062.json,POST /v1/generation/data/dpp-bulk,2026-05-31 21:45:51.632977+00:00,3216110,VEGA HEREKO ENERJİ TESİSİ,103600,2026-05-31T19:00:00+03:00,19:00
40W100003216110N,VEGA HEREKO ENERJİ TESİSİ,unknown,2026-05-31 20:00:00+03:00,,7.2,chunk_0062.json,POST /v1/generation/data/dpp-bulk,2026-05-31 21:45:51.632977+00:00,3216110,VEGA HEREKO ENERJİ TESİSİ,103600,2026-05-31T20:00:00+03:00,20:00
40W100003216110N,VEGA HEREKO ENERJİ TESİSİ,unknown,2026-05-31 21:00:00+03:00,,7.2,chunk_0062.json,POST /v1/generation/data/dpp-bulk,2026-05-31 21:45:51.632977+00:00,3216110,VEGA HEREKO ENERJİ TESİSİ,103600,2026-05-31T21:00:00+03:00,21:00
40W100003216110N,VEGA HEREKO ENERJİ TESİSİ,unknown,2026-05-31 22:00:00+03:00,,5.74,chunk_0062.json,POST /v1/generation/data/dpp-bulk,2026-05-31 21:45:51.632977+00:00,3216110,VEGA HEREKO ENERJİ TESİSİ,103600,2026-05-31T22:00:00+03:00,22:00
40W100003216110N,VEGA HEREKO ENERJİ TESİSİ,unknown,2026-05-31 23:00:00+03:00,,7.2,chunk_0062.json,POST /v1/generation/data/dpp-bulk,2026-05-31 21:45:51.632977+00:00,3216110,VEGA HEREKO ENERJİ TESİSİ,103600,2026-05-31T23:00:00+03:00,23:00
40W000003216350G,EGE BİYOGAZ ENERJİ SANTRALİ,unknown,2026-05-31 00:00:00+03:00,,1.3,chunk_0062.json,POST /v1/generation/data/dpp-bulk,2026-05-31 21:45:51.632977+00:00,3216350,EGE BİYOGAZ ENERJİ SANTRALİ,103600,2026-05-31T00:00:00+03:00,00:00
40W000003216350G,EGE BİYOGAZ ENERJİ SANTRALİ,unknown,2026-05-31 01:00:00+03:00,,1.3,chunk_0062.json,POST /v1/generation/data/dpp-bulk,2026-05-31 21:45:51.632977+00:00,3216350,EGE BİYOGAZ ENERJİ SANTRALİ,103600,2026-05-31T01:00:00+03:00,01:00
40W000003216350G,EGE BİYOGAZ ENERJİ SANTRALİ,unknown,2026-05-31 02:00:00+03:00,,1.3,chunk_0062.json,POST /v1/generation/data/dpp-bulk,2026-05-31 21:45:51.632977+00:00,3216350,EGE BİYOGAZ ENERJİ SANTRALİ,103600,2026-05-31T02:00:00+03:00,02:00
40W000003216350G,EGE BİYOGAZ ENERJİ SANTRALİ,unknown,2026-05-31 03:00:00+03:00,,1.3,chunk_0062.json,POST /v1/generation/data/dpp-bulk,2026-05-31 21:45:51.632977+00:00,3216350,EGE BİYOGAZ ENERJİ SANTRALİ,103600,2026-05-31T03:00:00+03:00,03:00
40W000003216350G,EGE BİYOGAZ ENERJİ SANTRALİ,unknown,2026-05-31 04:00:00+03:00,,1.8,chunk_0062.json,POST /v1/generation/data/dpp-bulk,2026-05-31 21:45:51.632977+00:00,3216350,EGE BİYOGAZ ENERJİ SANTRALİ,103600,2026-05-31T04:00:00+03:00,04:00
40W000003216350G,EGE BİYOGAZ ENERJİ SANTRALİ,unknown,2026-05-31 05:00:00+03:00,,1.8,chunk_0062.json,POST /v1/generation/data/dpp-bulk,2026-05-31 21:45:51.632977+00:00,3216350,EGE BİYOGAZ ENERJİ SANTRALİ,103600,2026-05-31T05:00:00+03:00,05:00
40W000003216350G,EGE BİYOGAZ ENERJİ SANTRALİ,unknown,2026-05-31 06:00:00+03:00,,1.8,chunk_0062.json,POST /v1/generation/data/dpp-bulk,2026-05-31 21:45:51.632977+00:00,3216350,EGE BİYOGAZ ENERJİ SANTRALİ,103600,2026-05-31T06:00:00+03:00,06:00
40W000003216350G,EGE BİYOGAZ ENERJİ SANTRALİ,unknown,2026-05-31 07:00:00+03:00,,1.8,chunk_0062.json,POST /v1/generation/data/dpp-bulk,2026-05-31 21:45:51.632977+00:00,3216350,EGE BİYOGAZ ENERJİ SANTRALİ,103600,2026-05-31T07:00:00+03:00,07:00
40W000003216350G,EGE BİYOGAZ ENERJİ SANTRALİ,unknown,2026-05-31 08:00:00+03:00,,1.8,chunk_0062.json,POST /v1/generation/data/dpp-bulk,2026-05-31 21:45:51.632977+00:00,3216350,EGE BİYOGAZ ENERJİ SANTRALİ,103600,2026-05-31T08:00:00+03:00,08:00
40W000003216350G,EGE BİYOGAZ ENERJİ SANTRALİ,unknown,2026-05-31 09:00:00+03:00,,1.8,chunk_0062.json,POST /v1/generation/data/dpp-bulk,2026-05-31 21:45:51.632977+00:00,3216350,EGE BİYOGAZ ENERJİ SANTRALİ,103600,2026-05-31T09:00:00+03:00,09:00
40W000003216350G,EGE BİYOGAZ ENERJİ SANTRALİ,unknown,2026-05-31 10:00:00+03:00,,1.8,chunk_0062.json,POST /v1/generation/data/dpp-bulk,2026-05-31 21:45:51.632977+00:00,3216350,EGE BİYOGAZ ENERJİ SANTRALİ,103600,2026-05-31T10:00:00+03:00,10:00
40W000003216350G,EGE BİYOGAZ ENERJİ SANTRALİ,unknown,2026-05-31 11:00:00+03:00,,1.8,chunk_0062.json,POST /v1/generation/data/dpp-bulk,2026-05-31 21:45:51.632977+00:00,3216350,EGE BİYOGAZ ENERJİ SANTRALİ,103600,2026-05-31T11:00:00+03:00,11:00
40W000003216350G,EGE BİYOGAZ ENERJİ SANTRALİ,unknown,2026-05-31 12:00:00+03:00,,1.33,chunk_0062.json,POST /v1/generation/data/dpp-bulk,2026-05-31 21:45:51.632977+00:00,3216350,EGE BİYOGAZ ENERJİ SANTRALİ,103600,2026-05-31T12:00:00+03:00,12:00
40W000003216350G,EGE BİYOGAZ ENERJİ SANTRALİ,unknown,2026-05-31 13:00:00+03:00,,1.3,chunk_0062.json,POST /v1/generation/data/dpp-bulk,2026-05-31 21:45:51.632977+00:00,3216350,EGE BİYOGAZ ENERJİ SANTRALİ,103600,2026-05-31T13:00:00+03:00,13:00
40W000003216350G,EGE BİYOGAZ ENERJİ SANTRALİ,unknown,2026-05-31 14:00:00+03:00,,1.3,chunk_0062.json,POST /v1/generation/data/dpp-bulk,2026-05-31 21:45:51.632977+00:00,3216350,EGE BİYOGAZ ENERJİ SANTRALİ,103600,2026-05-31T14:00:00+03:00,14:00
40W000003216350G,EGE BİYOGAZ ENERJİ SANTRALİ,unknown,2026-05-31 15:00:00+03:00,,1.3,chunk_0062.json,POST /v1/generation/data/dpp-bulk,2026-05-31 21:45:51.632977+00:00,3216350,EGE BİYOGAZ ENERJİ SANTRALİ,103600,2026-05-31T15:00:00+03:00,15:00
40W000003216350G,EGE BİYOGAZ ENERJİ SANTRALİ,unknown,2026-05-31 16:00:00+03:00,,1.3,chunk_0062.json,POST /v1/generation/data/dpp-bulk,2026-05-31 21:45:51.632977+00:00,3216350,EGE BİYOGAZ ENERJİ SANTRALİ,103600,2026-05-31T16:00:00+03:00,16:00
40W000003216350G,EGE BİYOGAZ ENERJİ SANTRALİ,unknown,2026-05-31 17:00:00+03:00,,1.38,chunk_0062.json,POST /v1/generation/data/dpp-bulk,2026-05-31 21:45:51.632977+00:00,3216350,EGE BİYOGAZ ENERJİ SANTRALİ,103600,2026-05-31T17:00:00+03:00,17:00
40W000003216350G,EGE BİYOGAZ ENERJİ SANTRALİ,unknown,2026-05-31 18:00:00+03:00,,1.3,chunk_0062.json,POST /v1/generation/data/dpp-bulk,2026-05-31 21:45:51.632977+00:00,3216350,EGE BİYOGAZ ENERJİ SANTRALİ,103600,2026-05-31T18:00:00+03:00,18:00
40W000003216350G,EGE BİYOGAZ ENERJİ SANTRALİ,unknown,2026-05-31 19:00:00+03:00,,1.3,chunk_0062.json,POST /v1/generation/data/dpp-bulk,2026-05-31 21:45:51.632977+00:00,3216350,EGE BİYOGAZ ENERJİ SANTRALİ,103600,2026-05-31T19:00:00+03:00,19:00
40W000003216350G,EGE BİYOGAZ ENERJİ SANTRALİ,unknown,2026-05-31 20:00:00+03:00,,1.3,chunk_0062.json,POST /v1/generation/data/dpp-bulk,2026-05-31 21:45:51.632977+00:00,3216350,EGE BİYOGAZ ENERJİ SANTRALİ,103600,2026-05-31T20:00:00+03:00,20:00
40W000003216350G,EGE BİYOGAZ ENERJİ SANTRALİ,unknown,2026-05-31 21:00:00+03:00,,1.3,chunk_0062.json,POST /v1/generation/data/dpp-bulk,2026-05-31 21:45:51.632977+00:00,3216350,EGE BİYOGAZ ENERJİ SANTRALİ,103600,2026-05-31T21:00:00+03:00,21:00
40W000003216350G,EGE BİYOGAZ ENERJİ SANTRALİ,unknown,2026-05-31 22:00:00+03:00,,1.3,chunk_0062.json,POST /v1/generation/data/dpp-bulk,2026-05-31 21:45:51.632977+00:00,3216350,EGE BİYOGAZ ENERJİ SANTRALİ,103600,2026-05-31T22:00:00+03:00,22:00
40W000003216350G,EGE BİYOGAZ ENERJİ SANTRALİ,unknown,2026-05-31 23:00:00+03:00,,1.3,chunk_0062.json,POST /v1/generation/data/dpp-bulk,2026-05-31 21:45:51.632977+00:00,3216350,EGE BİYOGAZ ENERJİ SANTRALİ,103600,2026-05-31T23:00:00+03:00,23:00
40W0000032166512,CLS NİZİP BES,unknown,2026-05-31 00:00:00+03:00,,0.5,chunk_0062.json,POST /v1/generation/data/dpp-bulk,2026-05-31 21:45:51.632977+00:00,3216651,CLS NİZİP BES,103600,2026-05-31T00:00:00+03:00,00:00
40W0000032166512,CLS NİZİP BES,unknown,2026-05-31 01:00:00+03:00,,0.5,chunk_0062.json,POST /v1/generation/data/dpp-bulk,2026-05-31 21:45:51.632977+00:00,3216651,CLS NİZİP BES,103600,2026-05-31T01:00:00+03:00,01:00
40W0000032166512,CLS NİZİP BES,unknown,2026-05-31 02:00:00+03:00,,0.5,chunk_0062.json,POST /v1/generation/data/dpp-bulk,2026-05-31 21:45:51.632977+00:00,3216651,CLS NİZİP BES,103600,2026-05-31T02:00:00+03:00,02:00
40W0000032166512,CLS NİZİP BES,unknown,2026-05-31 03:00:00+03:00,,0.5,chunk_0062.json,POST /v1/generation/data/dpp-bulk,2026-05-31 21:45:51.632977+00:00,3216651,CLS NİZİP BES,103600,2026-05-31T03:00:00+03:00,03:00
40W0000032166512,CLS NİZİP BES,unknown,2026-05-31 04:00:00+03:00,,0.5,chunk_0062.json,POST /v1/generation/data/dpp-bulk,2026-05-31 21:45:51.632977+00:00,3216651,CLS NİZİP BES,103600,2026-05-31T04:00:00+03:00,04:00
40W0000032166512,CLS NİZİP BES,unknown,2026-05-31 05:00:00+03:00,,0.5,chunk_0062.json,POST /v1/generation/data/dpp-bulk,2026-05-31 21:45:51.632977+00:00,3216651,CLS NİZİP BES,103600,2026-05-31T05:00:00+03:00,05:00
40W0000032166512,CLS NİZİP BES,unknown,2026-05-31 06:00:00+03:00,,0.5,chunk_0062.json,POST /v1/generation/data/dpp-bulk,2026-05-31 21:45:51.632977+00:00,3216651,CLS NİZİP BES,103600,2026-05-31T06:00:00+03:00,06:00
40W0000032166512,CLS NİZİP BES,unknown,2026-05-31 07:00:00+03:00,,0.5,chunk_0062.json,POST /v1/generation/data/dpp-bulk,2026-05-31 21:45:51.632977+00:00,3216651,CLS NİZİP BES,103600,2026-05-31T07:00:00+03:00,07:00
40W0000032166512,CLS NİZİP BES,unknown,2026-05-31 08:00:00+03:00,,0.5,chunk_0062.json,POST /v1/generation/data/dpp-bulk,2026-05-31 21:45:51.632977+00:00,3216651,CLS NİZİP BES,103600,2026-05-31T08:00:00+03:00,08:00
40W0000032166512,CLS NİZİP BES,unknown,2026-05-31 09:00:00+03:00,,0.5,chunk_0062.json,POST /v1/generation/data/dpp-bulk,2026-05-31 21:45:51.632977+00:00,3216651,CLS NİZİP BES,103600,2026-05-31T09:00:00+03:00,09:00
40W0000032166512,CLS NİZİP BES,unknown,2026-05-31 10:00:00+03:00,,0.5,chunk_0062.json,POST /v1/generation/data/dpp-bulk,2026-05-31 21:45:51.632977+00:00,3216651,CLS NİZİP BES,103600,2026-05-31T10:00:00+03:00,10:00
40W0000032166512,CLS NİZİP BES,unknown,2026-05-31 11:00:00+03:00,,0.5,chunk_0062.json,POST /v1/generation/data/dpp-bulk,2026-05-31 21:45:51.632977+00:00,3216651,CLS NİZİP BES,103600,2026-05-31T11:00:00+03:00,11:00
40W0000032166512,CLS NİZİP BES,unknown,2026-05-31 12:00:00+03:00,,0.5,chunk_0062.json,POST /v1/generation/data/dpp-bulk,2026-05-31 21:45:51.632977+00:00,3216651,CLS NİZİP BES,103600,2026-05-31T12:00:00+03:00,12:00
40W0000032166512,CLS NİZİP BES,unknown,2026-05-31 13:00:00+03:00,,0.5,chunk_0062.json,POST /v1/generation/data/dpp-bulk,2026-05-31 21:45:51.632977+00:00,3216651,CLS NİZİP BES,103600,2026-05-31T13:00:00+03:00,13:00
40W0000032166512,CLS NİZİP BES,unknown,2026-05-31 14:00:00+03:00,,0.5,chunk_0062.json,POST /v1/generation/data/dpp-bulk,2026-05-31 21:45:51.632977+00:00,3216651,CLS NİZİP BES,103600,2026-05-31T14:00:00+03:00,14:00
40W0000032166512,CLS NİZİP BES,unknown,2026-05-31 15:00:00+03:00,,0.5,chunk_0062.json,POST /v1/generation/data/dpp-bulk,2026-05-31 21:45:51.632977+00:00,3216651,CLS NİZİP BES,103600,2026-05-31T15:00:00+03:00,15:00
40W0000032166512,CLS NİZİP BES,unknown,2026-05-31 16:00:00+03:00,,0.5,chunk_0062.json,POST /v1/generation/data/dpp-bulk,2026-05-31 21:45:51.632977+00:00,3216651,CLS NİZİP BES,103600,2026-05-31T16:00:00+03:00,16:00
40W0000032166512,CLS NİZİP BES,unknown,2026-05-31 17:00:00+03:00,,0.5,chunk_0062.json,POST /v1/generation/data/dpp-bulk,2026-05-31 21:45:51.632977+00:00,3216651,CLS NİZİP BES,103600,2026-05-31T17:00:00+03:00,17:00
40W0000032166512,CLS NİZİP BES,unknown,2026-05-31 18:00:00+03:00,,0.5,chunk_0062.json,POST /v1/generation/data/dpp-bulk,2026-05-31 21:45:51.632977+00:00,3216651,CLS NİZİP BES,103600,2026-05-31T18:00:00+03:00,18:00
40W0000032166512,CLS NİZİP BES,unknown,2026-05-31 19:00:00+03:00,,0.5,chunk_0062.json,POST /v1/generation/data/dpp-bulk,2026-05-31 21:45:51.632977+00:00,3216651,CLS NİZİP BES,103600,2026-05-31T19:00:00+03:00,19:00
40W0000032166512,CLS NİZİP BES,unknown,2026-05-31 20:00:00+03:00,,0.5,chunk_0062.json,POST /v1/generation/data/dpp-bulk,2026-05-31 21:45:51.632977+00:00,3216651,CLS NİZİP BES,103600,2026-05-31T20:00:00+03:00,20:00
40W0000032166512,CLS NİZİP BES,unknown,2026-05-31 21:00:00+03:00,,0.5,chunk_0062.json,POST /v1/generation/data/dpp-bulk,2026-05-31 21:45:51.632977+00:00,3216651,CLS NİZİP BES,103600,2026-05-31T21:00:00+03:00,21:00
40W0000032166512,CLS NİZİP BES,unknown,2026-05-31 22:00:00+03:00,,0.5,chunk_0062.json,POST /v1/generation/data/dpp-bulk,2026-05-31 21:45:51.632977+00:00,3216651,CLS NİZİP BES,103600,2026-05-31T22:00:00+03:00,22:00
40W0000032166512,CLS NİZİP BES,unknown,2026-05-31 23:00:00+03:00,,0.5,chunk_0062.json,POST /v1/generation/data/dpp-bulk,2026-05-31 21:45:51.632977+00:00,3216651,CLS NİZİP BES,103600,2026-05-31T23:00:00+03:00,23:00
40W000003216850X,PANAB ADIYAMAN ELEKTRİK SANTRALİ,unknown,2026-05-31 00:00:00+03:00,,1.3,chunk_0062.json,POST /v1/generation/data/dpp-bulk,2026-05-31 21:45:51.632977+00:00,3216850,PANAB ADIYAMAN ELEKTRİK SANTRALİ ,103600,2026-05-31T00:00:00+03:00,00:00
40W000003216850X,PANAB ADIYAMAN ELEKTRİK SANTRALİ,unknown,2026-05-31 01:00:00+03:00,,1.3,chunk_0062.json,POST /v1/generation/data/dpp-bulk,2026-05-31 21:45:51.632977+00:00,3216850,PANAB ADIYAMAN ELEKTRİK SANTRALİ ,103600,2026-05-31T01:00:00+03:00,01:00
40W000003216850X,PANAB ADIYAMAN ELEKTRİK SANTRALİ,unknown,2026-05-31 02:00:00+03:00,,1.3,chunk_0062.json,POST /v1/generation/data/dpp-bulk,2026-05-31 21:45:51.632977+00:00,3216850,PANAB ADIYAMAN ELEKTRİK SANTRALİ ,103600,2026-05-31T02:00:00+03:00,02:00
40W000003216850X,PANAB ADIYAMAN ELEKTRİK SANTRALİ,unknown,2026-05-31 03:00:00+03:00,,1.3,chunk_0062.json,POST /v1/generation/data/dpp-bulk,2026-05-31 21:45:51.632977+00:00,3216850,PANAB ADIYAMAN ELEKTRİK SANTRALİ ,103600,2026-05-31T03:00:00+03:00,03:00
40W000003216850X,PANAB ADIYAMAN ELEKTRİK SANTRALİ,unknown,2026-05-31 04:00:00+03:00,,1.3,chunk_0062.json,POST /v1/generation/data/dpp-bulk,2026-05-31 21:45:51.632977+00:00,3216850,PANAB ADIYAMAN ELEKTRİK SANTRALİ ,103600,2026-05-31T04:00:00+03:00,04:00
40W000003216850X,PANAB ADIYAMAN ELEKTRİK SANTRALİ,unknown,2026-05-31 05:00:00+03:00,,1.3,chunk_0062.json,POST /v1/generation/data/dpp-bulk,2026-05-31 21:45:51.632977+00:00,3216850,PANAB ADIYAMAN ELEKTRİK SANTRALİ ,103600,2026-05-31T05:00:00+03:00,05:00
40W000003216850X,PANAB ADIYAMAN ELEKTRİK SANTRALİ,unknown,2026-05-31 06:00:00+03:00,,1.3,chunk_0062.json,POST /v1/generation/data/dpp-bulk,2026-05-31 21:45:51.632977+00:00,3216850,PANAB ADIYAMAN ELEKTRİK SANTRALİ ,103600,2026-05-31T06:00:00+03:00,06:00
40W000003216850X,PANAB ADIYAMAN ELEKTRİK SANTRALİ,unknown,2026-05-31 07:00:00+03:00,,1.3,chunk_0062.json,POST /v1/generation/data/dpp-bulk,2026-05-31 21:45:51.632977+00:00,3216850,PANAB ADIYAMAN ELEKTRİK SANTRALİ ,103600,2026-05-31T07:00:00+03:00,07:00
40W000003216850X,PANAB ADIYAMAN ELEKTRİK SANTRALİ,unknown,2026-05-31 08:00:00+03:00,,1.3,chunk_0062.json,POST /v1/generation/data/dpp-bulk,2026-05-31 21:45:51.632977+00:00,3216850,PANAB ADIYAMAN ELEKTRİK SANTRALİ ,103600,2026-05-31T08:00:00+03:00,08:00
40W000003216850X,PANAB ADIYAMAN ELEKTRİK SANTRALİ,unknown,2026-05-31 09:00:00+03:00,,1.3,chunk_0062.json,POST /v1/generation/data/dpp-bulk,2026-05-31 21:45:51.632977+00:00,3216850,PANAB ADIYAMAN ELEKTRİK SANTRALİ ,103600,2026-05-31T09:00:00+03:00,09:00
40W000003216850X,PANAB ADIYAMAN ELEKTRİK SANTRALİ,unknown,2026-05-31 10:00:00+03:00,,1.3,chunk_0062.json,POST /v1/generation/data/dpp-bulk,2026-05-31 21:45:51.632977+00:00,3216850,PANAB ADIYAMAN ELEKTRİK SANTRALİ ,103600,2026-05-31T10:00:00+03:00,10:00
40W000003216850X,PANAB ADIYAMAN ELEKTRİK SANTRALİ,unknown,2026-05-31 11:00:00+03:00,,1.3,chunk_0062.json,POST /v1/generation/data/dpp-bulk,2026-05-31 21:45:51.632977+00:00,3216850,PANAB ADIYAMAN ELEKTRİK SANTRALİ ,103600,2026-05-31T11:00:00+03:00,11:00
40W000003216850X,PANAB ADIYAMAN ELEKTRİK SANTRALİ,unknown,2026-05-31 12:00:00+03:00,,1.3,chunk_0062.json,POST /v1/generation/data/dpp-bulk,2026-05-31 21:45:51.632977+00:00,3216850,PANAB ADIYAMAN ELEKTRİK SANTRALİ ,103600,2026-05-31T12:00:00+03:00,12:00
40W000003216850X,PANAB ADIYAMAN ELEKTRİK SANTRALİ,unknown,2026-05-31 13:00:00+03:00,,1.3,chunk_0062.json,POST /v1/generation/data/dpp-bulk,2026-05-31 21:45:51.632977+00:00,3216850,PANAB ADIYAMAN ELEKTRİK SANTRALİ ,103600,2026-05-31T13:00:00+03:00,13:00
40W000003216850X,PANAB ADIYAMAN ELEKTRİK SANTRALİ,unknown,2026-05-31 14:00:00+03:00,,1.3,chunk_0062.json,POST /v1/generation/data/dpp-bulk,2026-05-31 21:45:51.632977+00:00,3216850,PANAB ADIYAMAN ELEKTRİK SANTRALİ ,103600,2026-05-31T14:00:00+03:00,14:00
40W000003216850X,PANAB ADIYAMAN ELEKTRİK SANTRALİ,unknown,2026-05-31 15:00:00+03:00,,1.3,chunk_0062.json,POST /v1/generation/data/dpp-bulk,2026-05-31 21:45:51.632977+00:00,3216850,PANAB ADIYAMAN ELEKTRİK SANTRALİ ,103600,2026-05-31T15:00:00+03:00,15:00
40W000003216850X,PANAB ADIYAMAN ELEKTRİK SANTRALİ,unknown,2026-05-31 16:00:00+03:00,,1.3,chunk_0062.json,POST /v1/generation/data/dpp-bulk,2026-05-31 21:45:51.632977+00:00,3216850,PANAB ADIYAMAN ELEKTRİK SANTRALİ ,103600,2026-05-31T16:00:00+03:00,16:00
40W000003216850X,PANAB ADIYAMAN ELEKTRİK SANTRALİ,unknown,2026-05-31 17:00:00+03:00,,1.3,chunk_0062.json,POST /v1/generation/data/dpp-bulk,2026-05-31 21:45:51.632977+00:00,3216850,PANAB ADIYAMAN ELEKTRİK SANTRALİ ,103600,2026-05-31T17:00:00+03:00,17:00
40W000003216850X,PANAB ADIYAMAN ELEKTRİK SANTRALİ,unknown,2026-05-31 18:00:00+03:00,,1.3,chunk_0062.json,POST /v1/generation/data/dpp-bulk,2026-05-31 21:45:51.632977+00:00,3216850,PANAB ADIYAMAN ELEKTRİK SANTRALİ ,103600,2026-05-31T18:00:00+03:00,18:00
40W000003216850X,PANAB ADIYAMAN ELEKTRİK SANTRALİ,unknown,2026-05-31 19:00:00+03:00,,1.3,chunk_0062.json,POST /v1/generation/data/dpp-bulk,2026-05-31 21:45:51.632977+00:00,3216850,PANAB ADIYAMAN ELEKTRİK SANTRALİ ,103600,2026-05-31T19:00:00+03:00,19:00
40W000003216850X,PANAB ADIYAMAN ELEKTRİK SANTRALİ,unknown,2026-05-31 20:00:00+03:00,,1.3,chunk_0062.json,POST /v1/generation/data/dpp-bulk,2026-05-31 21:45:51.632977+00:00,3216850,PANAB ADIYAMAN ELEKTRİK SANTRALİ ,103600,2026-05-31T20:00:00+03:00,20:00
40W000003216850X,PANAB ADIYAMAN ELEKTRİK SANTRALİ,unknown,2026-05-31 21:00:00+03:00,,1.3,chunk_0062.json,POST /v1/generation/data/dpp-bulk,2026-05-31 21:45:51.632977+00:00,3216850,PANAB ADIYAMAN ELEKTRİK SANTRALİ ,103600,2026-05-31T21:00:00+03:00,21:00
40W000003216850X,PANAB ADIYAMAN ELEKTRİK SANTRALİ,unknown,2026-05-31 22:00:00+03:00,,1.3,chunk_0062.json,POST /v1/generation/data/dpp-bulk,2026-05-31 21:45:51.632977+00:00,3216850,PANAB ADIYAMAN ELEKTRİK SANTRALİ ,103600,2026-05-31T22:00:00+03:00,22:00
40W000003216850X,PANAB ADIYAMAN ELEKTRİK SANTRALİ,unknown,2026-05-31 23:00:00+03:00,,1.3,chunk_0062.json,POST /v1/generation/data/dpp-bulk,2026-05-31 21:45:51.632977+00:00,3216850,PANAB ADIYAMAN ELEKTRİK SANTRALİ ,103600,2026-05-31T23:00:00+03:00,23:00
40W000003216970N,AVCIKORU ÇÖP BİYOGAZ SANTRALİ,unknown,2026-05-31 00:00:00+03:00,,43.8,chunk_0062.json,POST /v1/generation/data/dpp-bulk,2026-05-31 21:45:51.632977+00:00,3216970,AVCIKORU ÇÖP BİYOGAZ SANTRALİ,103940,2026-05-31T00:00:00+03:00,00:00
40W000003216970N,AVCIKORU ÇÖP BİYOGAZ SANTRALİ,unknown,2026-05-31 01:00:00+03:00,,43.8,chunk_0062.json,POST /v1/generation/data/dpp-bulk,2026-05-31 21:45:51.632977+00:00,3216970,AVCIKORU ÇÖP BİYOGAZ SANTRALİ,103940,2026-05-31T01:00:00+03:00,01:00
40W000003216970N,AVCIKORU ÇÖP BİYOGAZ SANTRALİ,unknown,2026-05-31 02:00:00+03:00,,43.8,chunk_0062.json,POST /v1/generation/data/dpp-bulk,2026-05-31 21:45:51.632977+00:00,3216970,AVCIKORU ÇÖP BİYOGAZ SANTRALİ,103940,2026-05-31T02:00:00+03:00,02:00
40W000003216970N,AVCIKORU ÇÖP BİYOGAZ SANTRALİ,unknown,2026-05-31 03:00:00+03:00,,43.8,chunk_0062.json,POST /v1/generation/data/dpp-bulk,2026-05-31 21:45:51.632977+00:00,3216970,AVCIKORU ÇÖP BİYOGAZ SANTRALİ,103940,2026-05-31T03:00:00+03:00,03:00
40W000003216970N,AVCIKORU ÇÖP BİYOGAZ SANTRALİ,unknown,2026-05-31 04:00:00+03:00,,43.8,chunk_0062.json,POST /v1/generation/data/dpp-bulk,2026-05-31 21:45:51.632977+00:00,3216970,AVCIKORU ÇÖP BİYOGAZ SANTRALİ,103940,2026-05-31T04:00:00+03:00,04:00
40W000003216970N,AVCIKORU ÇÖP BİYOGAZ SANTRALİ,unknown,2026-05-31 05:00:00+03:00,,43.8,chunk_0062.json,POST /v1/generation/data/dpp-bulk,2026-05-31 21:45:51.632977+00:00,3216970,AVCIKORU ÇÖP BİYOGAZ SANTRALİ,103940,2026-05-31T05:00:00+03:00,05:00
40W000003216970N,AVCIKORU ÇÖP BİYOGAZ SANTRALİ,unknown,2026-05-31 06:00:00+03:00,,43.8,chunk_0062.json,POST /v1/generation/data/dpp-bulk,2026-05-31 21:45:51.632977+00:00,3216970,AVCIKORU ÇÖP BİYOGAZ SANTRALİ,103940,2026-05-31T06:00:00+03:00,06:00
40W000003216970N,AVCIKORU ÇÖP BİYOGAZ SANTRALİ,unknown,2026-05-31 07:00:00+03:00,,43.8,chunk_0062.json,POST /v1/generation/data/dpp-bulk,2026-05-31 21:45:51.632977+00:00,3216970,AVCIKORU ÇÖP BİYOGAZ SANTRALİ,103940,2026-05-31T07:00:00+03:00,07:00
40W000003216970N,AVCIKORU ÇÖP BİYOGAZ SANTRALİ,unknown,2026-05-31 08:00:00+03:00,,43.8,chunk_0062.json,POST /v1/generation/data/dpp-bulk,2026-05-31 21:45:51.632977+00:00,3216970,AVCIKORU ÇÖP BİYOGAZ SANTRALİ,103940,2026-05-31T08:00:00+03:00,08:00
40W000003216970N,AVCIKORU ÇÖP BİYOGAZ SANTRALİ,unknown,2026-05-31 09:00:00+03:00,,43.8,chunk_0062.json,POST /v1/generation/data/dpp-bulk,2026-05-31 21:45:51.632977+00:00,3216970,AVCIKORU ÇÖP BİYOGAZ SANTRALİ,103940,2026-05-31T09:00:00+03:00,09:00
40W000003216970N,AVCIKORU ÇÖP BİYOGAZ SANTRALİ,unknown,2026-05-31 10:00:00+03:00,,43.8,chunk_0062.json,POST /v1/generation/data/dpp-bulk,2026-05-31 21:45:51.632977+00:00,3216970,AVCIKORU ÇÖP BİYOGAZ SANTRALİ,103940,2026-05-31T10:00:00+03:00,10:00
40W000003216970N,AVCIKORU ÇÖP BİYOGAZ SANTRALİ,unknown,2026-05-31 11:00:00+03:00,,43.8,chunk_0062.json,POST /v1/generation/data/dpp-bulk,2026-05-31 21:45:51.632977+00:00,3216970,AVCIKORU ÇÖP BİYOGAZ SANTRALİ,103940,2026-05-31T11:00:00+03:00,11:00
40W000003216970N,AVCIKORU ÇÖP BİYOGAZ SANTRALİ,unknown,2026-05-31 12:00:00+03:00,,43.8,chunk_0062.json,POST /v1/generation/data/dpp-bulk,2026-05-31 21:45:51.632977+00:00,3216970,AVCIKORU ÇÖP BİYOGAZ SANTRALİ,103940,2026-05-31T12:00:00+03:00,12:00
40W000003216970N,AVCIKORU ÇÖP BİYOGAZ SANTRALİ,unknown,2026-05-31 13:00:00+03:00,,43.8,chunk_0062.json,POST /v1/generation/data/dpp-bulk,2026-05-31 21:45:51.632977+00:00,3216970,AVCIKORU ÇÖP BİYOGAZ SANTRALİ,103940,2026-05-31T13:00:00+03:00,13:00
40W000003216970N,AVCIKORU ÇÖP BİYOGAZ SANTRALİ,unknown,2026-05-31 14:00:00+03:00,,43.8,chunk_0062.json,POST /v1/generation/data/dpp-bulk,2026-05-31 21:45:51.632977+00:00,3216970,AVCIKORU ÇÖP BİYOGAZ SANTRALİ,103940,2026-05-31T14:00:00+03:00,14:00
40W000003216970N,AVCIKORU ÇÖP BİYOGAZ SANTRALİ,unknown,2026-05-31 15:00:00+03:00,,43.8,chunk_0062.json,POST /v1/generation/data/dpp-bulk,2026-05-31 21:45:51.632977+00:00,3216970,AVCIKORU ÇÖP BİYOGAZ SANTRALİ,103940,2026-05-31T15:00:00+03:00,15:00
40W000003216970N,AVCIKORU ÇÖP BİYOGAZ SANTRALİ,unknown,2026-05-31 16:00:00+03:00,,43.8,chunk_0062.json,POST /v1/generation/data/dpp-bulk,2026-05-31 21:45:51.632977+00:00,3216970,AVCIKORU ÇÖP BİYOGAZ SANTRALİ,103940,2026-05-31T16:00:00+03:00,16:00
40W000003216970N,AVCIKORU ÇÖP BİYOGAZ SANTRALİ,unknown,2026-05-31 17:00:00+03:00,,43.8,chunk_0062.json,POST /v1/generation/data/dpp-bulk,2026-05-31 21:45:51.632977+00:00,3216970,AVCIKORU ÇÖP BİYOGAZ SANTRALİ,103940,2026-05-31T17:00:00+03:00,17:00
40W000003216970N,AVCIKORU ÇÖP BİYOGAZ SANTRALİ,unknown,2026-05-31 18:00:00+03:00,,43.8,chunk_0062.json,POST /v1/generation/data/dpp-bulk,2026-05-31 21:45:51.632977+00:00,3216970,AVCIKORU ÇÖP BİYOGAZ SANTRALİ,103940,2026-05-31T18:00:00+03:00,18:00
40W000003216970N,AVCIKORU ÇÖP BİYOGAZ SANTRALİ,unknown,2026-05-31 19:00:00+03:00,,43.8,chunk_0062.json,POST /v1/generation/data/dpp-bulk,2026-05-31 21:45:51.632977+00:00,3216970,AVCIKORU ÇÖP BİYOGAZ SANTRALİ,103940,2026-05-31T19:00:00+03:00,19:00
40W000003216970N,AVCIKORU ÇÖP BİYOGAZ SANTRALİ,unknown,2026-05-31 20:00:00+03:00,,43.8,chunk_0062.json,POST /v1/generation/data/dpp-bulk,2026-05-31 21:45:51.632977+00:00,3216970,AVCIKORU ÇÖP BİYOGAZ SANTRALİ,103940,2026-05-31T20:00:00+03:00,20:00
40W000003216970N,AVCIKORU ÇÖP BİYOGAZ SANTRALİ,unknown,2026-05-31 21:00:00+03:00,,43.8,chunk_0062.json,POST /v1/generation/data/dpp-bulk,2026-05-31 21:45:51.632977+00:00,3216970,AVCIKORU ÇÖP BİYOGAZ SANTRALİ,103940,2026-05-31T21:00:00+03:00,21:00
40W000003216970N,AVCIKORU ÇÖP BİYOGAZ SANTRALİ,unknown,2026-05-31 22:00:00+03:00,,43.8,chunk_0062.json,POST /v1/generation/data/dpp-bulk,2026-05-31 21:45:51.632977+00:00,3216970,AVCIKORU ÇÖP BİYOGAZ SANTRALİ,103940,2026-05-31T22:00:00+03:00,22:00
40W000003216970N,AVCIKORU ÇÖP BİYOGAZ SANTRALİ,unknown,2026-05-31 23:00:00+03:00,,43.8,chunk_0062.json,POST /v1/generation/data/dpp-bulk,2026-05-31 21:45:51.632977+00:00,3216970,AVCIKORU ÇÖP BİYOGAZ SANTRALİ,103940,2026-05-31T23:00:00+03:00,23:00
40W000003216379T,AYDOS RES,unknown,2026-05-31 00:00:00+03:00,,4.8,chunk_0062.json,POST /v1/generation/data/dpp-bulk,2026-05-31 21:45:51.632977+00:00,3216379,AYDOS RES,104320,2026-05-31T00:00:00+03:00,00:00
40W000003216379T,AYDOS RES,unknown,2026-05-31 01:00:00+03:00,,3.4,chunk_0062.json,POST /v1/generation/data/dpp-bulk,2026-05-31 21:45:51.632977+00:00,3216379,AYDOS RES,104320,2026-05-31T01:00:00+03:00,01:00
40W000003216379T,AYDOS RES,unknown,2026-05-31 02:00:00+03:00,,2.7,chunk_0062.json,POST /v1/generation/data/dpp-bulk,2026-05-31 21:45:51.632977+00:00,3216379,AYDOS RES,104320,2026-05-31T02:00:00+03:00,02:00
40W000003216379T,AYDOS RES,unknown,2026-05-31 03:00:00+03:00,,3.28,chunk_0062.json,POST /v1/generation/data/dpp-bulk,2026-05-31 21:45:51.632977+00:00,3216379,AYDOS RES,104320,2026-05-31T03:00:00+03:00,03:00
40W000003216379T,AYDOS RES,unknown,2026-05-31 04:00:00+03:00,,3.2,chunk_0062.json,POST /v1/generation/data/dpp-bulk,2026-05-31 21:45:51.632977+00:00,3216379,AYDOS RES,104320,2026-05-31T04:00:00+03:00,04:00
40W000003216379T,AYDOS RES,unknown,2026-05-31 05:00:00+03:00,,2.26,chunk_0062.json,POST /v1/generation/data/dpp-bulk,2026-05-31 21:45:51.632977+00:00,3216379,AYDOS RES,104320,2026-05-31T05:00:00+03:00,05:00
40W000003216379T,AYDOS RES,unknown,2026-05-31 06:00:00+03:00,,3.7,chunk_0062.json,POST /v1/generation/data/dpp-bulk,2026-05-31 21:45:51.632977+00:00,3216379,AYDOS RES,104320,2026-05-31T06:00:00+03:00,06:00
40W000003216379T,AYDOS RES,unknown,2026-05-31 07:00:00+03:00,,3.7,chunk_0062.json,POST /v1/generation/data/dpp-bulk,2026-05-31 21:45:51.632977+00:00,3216379,AYDOS RES,104320,2026-05-31T07:00:00+03:00,07:00
40W000003216379T,AYDOS RES,unknown,2026-05-31 08:00:00+03:00,,3.4,chunk_0062.json,POST /v1/generation/data/dpp-bulk,2026-05-31 21:45:51.632977+00:00,3216379,AYDOS RES,104320,2026-05-31T08:00:00+03:00,08:00
40W000003216379T,AYDOS RES,unknown,2026-05-31 09:00:00+03:00,,3.1,chunk_0062.json,POST /v1/generation/data/dpp-bulk,2026-05-31 21:45:51.632977+00:00,3216379,AYDOS RES,104320,2026-05-31T09:00:00+03:00,09:00
40W000003216379T,AYDOS RES,unknown,2026-05-31 10:00:00+03:00,,3.3,chunk_0062.json,POST /v1/generation/data/dpp-bulk,2026-05-31 21:45:51.632977+00:00,3216379,AYDOS RES,104320,2026-05-31T10:00:00+03:00,10:00
40W000003216379T,AYDOS RES,unknown,2026-05-31 11:00:00+03:00,,4.1,chunk_0062.json,POST /v1/generation/data/dpp-bulk,2026-05-31 21:45:51.632977+00:00,3216379,AYDOS RES,104320,2026-05-31T11:00:00+03:00,11:00
40W000003216379T,AYDOS RES,unknown,2026-05-31 12:00:00+03:00,,5.1,chunk_0062.json,POST /v1/generation/data/dpp-bulk,2026-05-31 21:45:51.632977+00:00,3216379,AYDOS RES,104320,2026-05-31T12:00:00+03:00,12:00
40W000003216379T,AYDOS RES,unknown,2026-05-31 13:00:00+03:00,,5.4,chunk_0062.json,POST /v1/generation/data/dpp-bulk,2026-05-31 21:45:51.632977+00:00,3216379,AYDOS RES,104320,2026-05-31T13:00:00+03:00,13:00
40W000003216379T,AYDOS RES,unknown,2026-05-31 14:00:00+03:00,,5.0,chunk_0062.json,POST /v1/generation/data/dpp-bulk,2026-05-31 21:45:51.632977+00:00,3216379,AYDOS RES,104320,2026-05-31T14:00:00+03:00,14:00
40W000003216379T,AYDOS RES,unknown,2026-05-31 15:00:00+03:00,,4.4,chunk_0062.json,POST /v1/generation/data/dpp-bulk,2026-05-31 21:45:51.632977+00:00,3216379,AYDOS RES,104320,2026-05-31T15:00:00+03:00,15:00
40W000003216379T,AYDOS RES,unknown,2026-05-31 16:00:00+03:00,,3.71,chunk_0062.json,POST /v1/generation/data/dpp-bulk,2026-05-31 21:45:51.632977+00:00,3216379,AYDOS RES,104320,2026-05-31T16:00:00+03:00,16:00
40W000003216379T,AYDOS RES,unknown,2026-05-31 17:00:00+03:00,,2.09,chunk_0062.json,POST /v1/generation/data/dpp-bulk,2026-05-31 21:45:51.632977+00:00,3216379,AYDOS RES,104320,2026-05-31T17:00:00+03:00,17:00
40W000003216379T,AYDOS RES,unknown,2026-05-31 18:00:00+03:00,,1.65,chunk_0062.json,POST /v1/generation/data/dpp-bulk,2026-05-31 21:45:51.632977+00:00,3216379,AYDOS RES,104320,2026-05-31T18:00:00+03:00,18:00
40W000003216379T,AYDOS RES,unknown,2026-05-31 19:00:00+03:00,,1.48,chunk_0062.json,POST /v1/generation/data/dpp-bulk,2026-05-31 21:45:51.632977+00:00,3216379,AYDOS RES,104320,2026-05-31T19:00:00+03:00,19:00
40W000003216379T,AYDOS RES,unknown,2026-05-31 20:00:00+03:00,,3.1,chunk_0062.json,POST /v1/generation/data/dpp-bulk,2026-05-31 21:45:51.632977+00:00,3216379,AYDOS RES,104320,2026-05-31T20:00:00+03:00,20:00
40W000003216379T,AYDOS RES,unknown,2026-05-31 21:00:00+03:00,,2.6,chunk_0062.json,POST /v1/generation/data/dpp-bulk,2026-05-31 21:45:51.632977+00:00,3216379,AYDOS RES,104320,2026-05-31T21:00:00+03:00,21:00
40W000003216379T,AYDOS RES,unknown,2026-05-31 22:00:00+03:00,,2.8,chunk_0062.json,POST /v1/generation/data/dpp-bulk,2026-05-31 21:45:51.632977+00:00,3216379,AYDOS RES,104320,2026-05-31T22:00:00+03:00,22:00
40W000003216379T,AYDOS RES,unknown,2026-05-31 23:00:00+03:00,,3.8,chunk_0062.json,POST /v1/generation/data/dpp-bulk,2026-05-31 21:45:51.632977+00:00,3216379,AYDOS RES,104320,2026-05-31T23:00:00+03:00,23:00
40W000003216111Y,GİRESUN ÇÖP GAZ ELEKTRİK ÜRETİM TESİSİ,unknown,2026-05-31 00:00:00+03:00,,1.0,chunk_0062.json,POST /v1/generation/data/dpp-bulk,2026-05-31 21:45:51.632977+00:00,3216111,GİRESUN ÇÖP GAZ ELEKTRİK ÜRETİM TESİSİ,104523,2026-05-31T00:00:00+03:00,00:00
40W000003216111Y,GİRESUN ÇÖP GAZ ELEKTRİK ÜRETİM TESİSİ,unknown,2026-05-31 01:00:00+03:00,,1.0,chunk_0062.json,POST /v1/generation/data/dpp-bulk,2026-05-31 21:45:51.632977+00:00,3216111,GİRESUN ÇÖP GAZ ELEKTRİK ÜRETİM TESİSİ,104523,2026-05-31T01:00:00+03:00,01:00
40W000003216111Y,GİRESUN ÇÖP GAZ ELEKTRİK ÜRETİM TESİSİ,unknown,2026-05-31 02:00:00+03:00,,1.0,chunk_0062.json,POST /v1/generation/data/dpp-bulk,2026-05-31 21:45:51.632977+00:00,3216111,GİRESUN ÇÖP GAZ ELEKTRİK ÜRETİM TESİSİ,104523,2026-05-31T02:00:00+03:00,02:00
40W000003216111Y,GİRESUN ÇÖP GAZ ELEKTRİK ÜRETİM TESİSİ,unknown,2026-05-31 03:00:00+03:00,,1.0,chunk_0062.json,POST /v1/generation/data/dpp-bulk,2026-05-31 21:45:51.632977+00:00,3216111,GİRESUN ÇÖP GAZ ELEKTRİK ÜRETİM TESİSİ,104523,2026-05-31T03:00:00+03:00,03:00
40W000003216111Y,GİRESUN ÇÖP GAZ ELEKTRİK ÜRETİM TESİSİ,unknown,2026-05-31 04:00:00+03:00,,1.1,chunk_0062.json,POST /v1/generation/data/dpp-bulk,2026-05-31 21:45:51.632977+00:00,3216111,GİRESUN ÇÖP GAZ ELEKTRİK ÜRETİM TESİSİ,104523,2026-05-31T04:00:00+03:00,04:00
40W000003216111Y,GİRESUN ÇÖP GAZ ELEKTRİK ÜRETİM TESİSİ,unknown,2026-05-31 05:00:00+03:00,,1.1,chunk_0062.json,POST /v1/generation/data/dpp-bulk,2026-05-31 21:45:51.632977+00:00,3216111,GİRESUN ÇÖP GAZ ELEKTRİK ÜRETİM TESİSİ,104523,2026-05-31T05:00:00+03:00,05:00
40W000003216111Y,GİRESUN ÇÖP GAZ ELEKTRİK ÜRETİM TESİSİ,unknown,2026-05-31 06:00:00+03:00,,1.1,chunk_0062.json,POST /v1/generation/data/dpp-bulk,2026-05-31 21:45:51.632977+00:00,3216111,GİRESUN ÇÖP GAZ ELEKTRİK ÜRETİM TESİSİ,104523,2026-05-31T06:00:00+03:00,06:00
40W000003216111Y,GİRESUN ÇÖP GAZ ELEKTRİK ÜRETİM TESİSİ,unknown,2026-05-31 07:00:00+03:00,,1.1,chunk_0062.json,POST /v1/generation/data/dpp-bulk,2026-05-31 21:45:51.632977+00:00,3216111,GİRESUN ÇÖP GAZ ELEKTRİK ÜRETİM TESİSİ,104523,2026-05-31T07:00:00+03:00,07:00
40W000003216111Y,GİRESUN ÇÖP GAZ ELEKTRİK ÜRETİM TESİSİ,unknown,2026-05-31 08:00:00+03:00,,1.1,chunk_0062.json,POST /v1/generation/data/dpp-bulk,2026-05-31 21:45:51.632977+00:00,3216111,GİRESUN ÇÖP GAZ ELEKTRİK ÜRETİM TESİSİ,104523,2026-05-31T08:00:00+03:00,08:00
40W000003216111Y,GİRESUN ÇÖP GAZ ELEKTRİK ÜRETİM TESİSİ,unknown,2026-05-31 09:00:00+03:00,,1.1,chunk_0062.json,POST /v1/generation/data/dpp-bulk,2026-05-31 21:45:51.632977+00:00,3216111,GİRESUN ÇÖP GAZ ELEKTRİK ÜRETİM TESİSİ,104523,2026-05-31T09:00:00+03:00,09:00
40W000003216111Y,GİRESUN ÇÖP GAZ ELEKTRİK ÜRETİM TESİSİ,unknown,2026-05-31 10:00:00+03:00,,1.1,chunk_0062.json,POST /v1/generation/data/dpp-bulk,2026-05-31 21:45:51.632977+00:00,3216111,GİRESUN ÇÖP GAZ ELEKTRİK ÜRETİM TESİSİ,104523,2026-05-31T10:00:00+03:00,10:00
40W000003216111Y,GİRESUN ÇÖP GAZ ELEKTRİK ÜRETİM TESİSİ,unknown,2026-05-31 11:00:00+03:00,,1.1,chunk_0062.json,POST /v1/generation/data/dpp-bulk,2026-05-31 21:45:51.632977+00:00,3216111,GİRESUN ÇÖP GAZ ELEKTRİK ÜRETİM TESİSİ,104523,2026-05-31T11:00:00+03:00,11:00
40W000003216111Y,GİRESUN ÇÖP GAZ ELEKTRİK ÜRETİM TESİSİ,unknown,2026-05-31 12:00:00+03:00,,1.1,chunk_0062.json,POST /v1/generation/data/dpp-bulk,2026-05-31 21:45:51.632977+00:00,3216111,GİRESUN ÇÖP GAZ ELEKTRİK ÜRETİM TESİSİ,104523,2026-05-31T12:00:00+03:00,12:00
40W000003216111Y,GİRESUN ÇÖP GAZ ELEKTRİK ÜRETİM TESİSİ,unknown,2026-05-31 13:00:00+03:00,,1.1,chunk_0062.json,POST /v1/generation/data/dpp-bulk,2026-05-31 21:45:51.632977+00:00,3216111,GİRESUN ÇÖP GAZ ELEKTRİK ÜRETİM TESİSİ,104523,2026-05-31T13:00:00+03:00,13:00
40W000003216111Y,GİRESUN ÇÖP GAZ ELEKTRİK ÜRETİM TESİSİ,unknown,2026-05-31 14:00:00+03:00,,1.1,chunk_0062.json,POST /v1/generation/data/dpp-bulk,2026-05-31 21:45:51.632977+00:00,3216111,GİRESUN ÇÖP GAZ ELEKTRİK ÜRETİM TESİSİ,104523,2026-05-31T14:00:00+03:00,14:00
40W000003216111Y,GİRESUN ÇÖP GAZ ELEKTRİK ÜRETİM TESİSİ,unknown,2026-05-31 15:00:00+03:00,,1.1,chunk_0062.json,POST /v1/generation/data/dpp-bulk,2026-05-31 21:45:51.632977+00:00,3216111,GİRESUN ÇÖP GAZ ELEKTRİK ÜRETİM TESİSİ,104523,2026-05-31T15:00:00+03:00,15:00
40W000003216111Y,GİRESUN ÇÖP GAZ ELEKTRİK ÜRETİM TESİSİ,unknown,2026-05-31 16:00:00+03:00,,1.1,chunk_0062.json,POST /v1/generation/data/dpp-bulk,2026-05-31 21:45:51.632977+00:00,3216111,GİRESUN ÇÖP GAZ ELEKTRİK ÜRETİM TESİSİ,104523,2026-05-31T16:00:00+03:00,16:00
40W000003216111Y,GİRESUN ÇÖP GAZ ELEKTRİK ÜRETİM TESİSİ,unknown,2026-05-31 17:00:00+03:00,,1.1,chunk_0062.json,POST /v1/generation/data/dpp-bulk,2026-05-31 21:45:51.632977+00:00,3216111,GİRESUN ÇÖP GAZ ELEKTRİK ÜRETİM TESİSİ,104523,2026-05-31T17:00:00+03:00,17:00
40W000003216111Y,GİRESUN ÇÖP GAZ ELEKTRİK ÜRETİM TESİSİ,unknown,2026-05-31 18:00:00+03:00,,1.1,chunk_0062.json,POST /v1/generation/data/dpp-bulk,2026-05-31 21:45:51.632977+00:00,3216111,GİRESUN ÇÖP GAZ ELEKTRİK ÜRETİM TESİSİ,104523,2026-05-31T18:00:00+03:00,18:00
40W000003216111Y,GİRESUN ÇÖP GAZ ELEKTRİK ÜRETİM TESİSİ,unknown,2026-05-31 19:00:00+03:00,,1.1,chunk_0062.json,POST /v1/generation/data/dpp-bulk,2026-05-31 21:45:51.632977+00:00,3216111,GİRESUN ÇÖP GAZ ELEKTRİK ÜRETİM TESİSİ,104523,2026-05-31T19:00:00+03:00,19:00
40W000003216111Y,GİRESUN ÇÖP GAZ ELEKTRİK ÜRETİM TESİSİ,unknown,2026-05-31 20:00:00+03:00,,1.1,chunk_0062.json,POST /v1/generation/data/dpp-bulk,2026-05-31 21:45:51.632977+00:00,3216111,GİRESUN ÇÖP GAZ ELEKTRİK ÜRETİM TESİSİ,104523,2026-05-31T20:00:00+03:00,20:00
40W000003216111Y,GİRESUN ÇÖP GAZ ELEKTRİK ÜRETİM TESİSİ,unknown,2026-05-31 21:00:00+03:00,,1.1,chunk_0062.json,POST /v1/generation/data/dpp-bulk,2026-05-31 21:45:51.632977+00:00,3216111,GİRESUN ÇÖP GAZ ELEKTRİK ÜRETİM TESİSİ,104523,2026-05-31T21:00:00+03:00,21:00
40W000003216111Y,GİRESUN ÇÖP GAZ ELEKTRİK ÜRETİM TESİSİ,unknown,2026-05-31 22:00:00+03:00,,1.1,chunk_0062.json,POST /v1/generation/data/dpp-bulk,2026-05-31 21:45:51.632977+00:00,3216111,GİRESUN ÇÖP GAZ ELEKTRİK ÜRETİM TESİSİ,104523,2026-05-31T22:00:00+03:00,22:00
40W000003216111Y,GİRESUN ÇÖP GAZ ELEKTRİK ÜRETİM TESİSİ,unknown,2026-05-31 23:00:00+03:00,,1.1,chunk_0062.json,POST /v1/generation/data/dpp-bulk,2026-05-31 21:45:51.632977+00:00,3216111,GİRESUN ÇÖP GAZ ELEKTRİK ÜRETİM TESİSİ,104523,2026-05-31T23:00:00+03:00,23:00
