entsoe_code,plant_name,fuel_type,delivery_hour,publication_timestamp,kgup_mwh,source_file,source_api,forecast_timestamp,uevcb_id,uevcb_name,org_id,date_raw,time_raw
40W000003222610U,YILDIZ ENTEGRE UZUNBEY KOJENERASYON TESİSİ,unknown,2026-05-31 00:00:00+03:00,,0.0,chunk_0072.json,POST /v1/generation/data/dpp-bulk,2026-05-31 21:45:55.915231+00:00,3222610,YILDIZ ENTEGRE UZUNBEY KOJENERASYON TESİSİ,417,2026-05-31T00:00:00+03:00,00:00
40W000003222610U,YILDIZ ENTEGRE UZUNBEY KOJENERASYON TESİSİ,unknown,2026-05-31 01:00:00+03:00,,0.0,chunk_0072.json,POST /v1/generation/data/dpp-bulk,2026-05-31 21:45:55.915231+00:00,3222610,YILDIZ ENTEGRE UZUNBEY KOJENERASYON TESİSİ,417,2026-05-31T01:00:00+03:00,01:00
40W000003222610U,YILDIZ ENTEGRE UZUNBEY KOJENERASYON TESİSİ,unknown,2026-05-31 02:00:00+03:00,,0.0,chunk_0072.json,POST /v1/generation/data/dpp-bulk,2026-05-31 21:45:55.915231+00:00,3222610,YILDIZ ENTEGRE UZUNBEY KOJENERASYON TESİSİ,417,2026-05-31T02:00:00+03:00,02:00
40W000003222610U,YILDIZ ENTEGRE UZUNBEY KOJENERASYON TESİSİ,unknown,2026-05-31 03:00:00+03:00,,0.0,chunk_0072.json,POST /v1/generation/data/dpp-bulk,2026-05-31 21:45:55.915231+00:00,3222610,YILDIZ ENTEGRE UZUNBEY KOJENERASYON TESİSİ,417,2026-05-31T03:00:00+03:00,03:00
40W000003222610U,YILDIZ ENTEGRE UZUNBEY KOJENERASYON TESİSİ,unknown,2026-05-31 04:00:00+03:00,,0.0,chunk_0072.json,POST /v1/generation/data/dpp-bulk,2026-05-31 21:45:55.915231+00:00,3222610,YILDIZ ENTEGRE UZUNBEY KOJENERASYON TESİSİ,417,2026-05-31T04:00:00+03:00,04:00
40W000003222610U,YILDIZ ENTEGRE UZUNBEY KOJENERASYON TESİSİ,unknown,2026-05-31 05:00:00+03:00,,0.0,chunk_0072.json,POST /v1/generation/data/dpp-bulk,2026-05-31 21:45:55.915231+00:00,3222610,YILDIZ ENTEGRE UZUNBEY KOJENERASYON TESİSİ,417,2026-05-31T05:00:00+03:00,05:00
40W000003222610U,YILDIZ ENTEGRE UZUNBEY KOJENERASYON TESİSİ,unknown,2026-05-31 06:00:00+03:00,,0.0,chunk_0072.json,POST /v1/generation/data/dpp-bulk,2026-05-31 21:45:55.915231+00:00,3222610,YILDIZ ENTEGRE UZUNBEY KOJENERASYON TESİSİ,417,2026-05-31T06:00:00+03:00,06:00
40W000003222610U,YILDIZ ENTEGRE UZUNBEY KOJENERASYON TESİSİ,unknown,2026-05-31 07:00:00+03:00,,0.0,chunk_0072.json,POST /v1/generation/data/dpp-bulk,2026-05-31 21:45:55.915231+00:00,3222610,YILDIZ ENTEGRE UZUNBEY KOJENERASYON TESİSİ,417,2026-05-31T07:00:00+03:00,07:00
40W000003222610U,YILDIZ ENTEGRE UZUNBEY KOJENERASYON TESİSİ,unknown,2026-05-31 08:00:00+03:00,,0.0,chunk_0072.json,POST /v1/generation/data/dpp-bulk,2026-05-31 21:45:55.915231+00:00,3222610,YILDIZ ENTEGRE UZUNBEY KOJENERASYON TESİSİ,417,2026-05-31T08:00:00+03:00,08:00
40W000003222610U,YILDIZ ENTEGRE UZUNBEY KOJENERASYON TESİSİ,unknown,2026-05-31 09:00:00+03:00,,0.0,chunk_0072.json,POST /v1/generation/data/dpp-bulk,2026-05-31 21:45:55.915231+00:00,3222610,YILDIZ ENTEGRE UZUNBEY KOJENERASYON TESİSİ,417,2026-05-31T09:00:00+03:00,09:00
40W000003222610U,YILDIZ ENTEGRE UZUNBEY KOJENERASYON TESİSİ,unknown,2026-05-31 10:00:00+03:00,,0.0,chunk_0072.json,POST /v1/generation/data/dpp-bulk,2026-05-31 21:45:55.915231+00:00,3222610,YILDIZ ENTEGRE UZUNBEY KOJENERASYON TESİSİ,417,2026-05-31T10:00:00+03:00,10:00
40W000003222610U,YILDIZ ENTEGRE UZUNBEY KOJENERASYON TESİSİ,unknown,2026-05-31 11:00:00+03:00,,0.0,chunk_0072.json,POST /v1/generation/data/dpp-bulk,2026-05-31 21:45:55.915231+00:00,3222610,YILDIZ ENTEGRE UZUNBEY KOJENERASYON TESİSİ,417,2026-05-31T11:00:00+03:00,11:00
40W000003222610U,YILDIZ ENTEGRE UZUNBEY KOJENERASYON TESİSİ,unknown,2026-05-31 12:00:00+03:00,,0.0,chunk_0072.json,POST /v1/generation/data/dpp-bulk,2026-05-31 21:45:55.915231+00:00,3222610,YILDIZ ENTEGRE UZUNBEY KOJENERASYON TESİSİ,417,2026-05-31T12:00:00+03:00,12:00
40W000003222610U,YILDIZ ENTEGRE UZUNBEY KOJENERASYON TESİSİ,unknown,2026-05-31 13:00:00+03:00,,0.0,chunk_0072.json,POST /v1/generation/data/dpp-bulk,2026-05-31 21:45:55.915231+00:00,3222610,YILDIZ ENTEGRE UZUNBEY KOJENERASYON TESİSİ,417,2026-05-31T13:00:00+03:00,13:00
40W000003222610U,YILDIZ ENTEGRE UZUNBEY KOJENERASYON TESİSİ,unknown,2026-05-31 14:00:00+03:00,,0.0,chunk_0072.json,POST /v1/generation/data/dpp-bulk,2026-05-31 21:45:55.915231+00:00,3222610,YILDIZ ENTEGRE UZUNBEY KOJENERASYON TESİSİ,417,2026-05-31T14:00:00+03:00,14:00
40W000003222610U,YILDIZ ENTEGRE UZUNBEY KOJENERASYON TESİSİ,unknown,2026-05-31 15:00:00+03:00,,0.0,chunk_0072.json,POST /v1/generation/data/dpp-bulk,2026-05-31 21:45:55.915231+00:00,3222610,YILDIZ ENTEGRE UZUNBEY KOJENERASYON TESİSİ,417,2026-05-31T15:00:00+03:00,15:00
40W000003222610U,YILDIZ ENTEGRE UZUNBEY KOJENERASYON TESİSİ,unknown,2026-05-31 16:00:00+03:00,,0.0,chunk_0072.json,POST /v1/generation/data/dpp-bulk,2026-05-31 21:45:55.915231+00:00,3222610,YILDIZ ENTEGRE UZUNBEY KOJENERASYON TESİSİ,417,2026-05-31T16:00:00+03:00,16:00
40W000003222610U,YILDIZ ENTEGRE UZUNBEY KOJENERASYON TESİSİ,unknown,2026-05-31 17:00:00+03:00,,0.0,chunk_0072.json,POST /v1/generation/data/dpp-bulk,2026-05-31 21:45:55.915231+00:00,3222610,YILDIZ ENTEGRE UZUNBEY KOJENERASYON TESİSİ,417,2026-05-31T17:00:00+03:00,17:00
40W000003222610U,YILDIZ ENTEGRE UZUNBEY KOJENERASYON TESİSİ,unknown,2026-05-31 18:00:00+03:00,,0.0,chunk_0072.json,POST /v1/generation/data/dpp-bulk,2026-05-31 21:45:55.915231+00:00,3222610,YILDIZ ENTEGRE UZUNBEY KOJENERASYON TESİSİ,417,2026-05-31T18:00:00+03:00,18:00
40W000003222610U,YILDIZ ENTEGRE UZUNBEY KOJENERASYON TESİSİ,unknown,2026-05-31 19:00:00+03:00,,0.0,chunk_0072.json,POST /v1/generation/data/dpp-bulk,2026-05-31 21:45:55.915231+00:00,3222610,YILDIZ ENTEGRE UZUNBEY KOJENERASYON TESİSİ,417,2026-05-31T19:00:00+03:00,19:00
40W000003222610U,YILDIZ ENTEGRE UZUNBEY KOJENERASYON TESİSİ,unknown,2026-05-31 20:00:00+03:00,,0.0,chunk_0072.json,POST /v1/generation/data/dpp-bulk,2026-05-31 21:45:55.915231+00:00,3222610,YILDIZ ENTEGRE UZUNBEY KOJENERASYON TESİSİ,417,2026-05-31T20:00:00+03:00,20:00
40W000003222610U,YILDIZ ENTEGRE UZUNBEY KOJENERASYON TESİSİ,unknown,2026-05-31 21:00:00+03:00,,0.0,chunk_0072.json,POST /v1/generation/data/dpp-bulk,2026-05-31 21:45:55.915231+00:00,3222610,YILDIZ ENTEGRE UZUNBEY KOJENERASYON TESİSİ,417,2026-05-31T21:00:00+03:00,21:00
40W000003222610U,YILDIZ ENTEGRE UZUNBEY KOJENERASYON TESİSİ,unknown,2026-05-31 22:00:00+03:00,,0.0,chunk_0072.json,POST /v1/generation/data/dpp-bulk,2026-05-31 21:45:55.915231+00:00,3222610,YILDIZ ENTEGRE UZUNBEY KOJENERASYON TESİSİ,417,2026-05-31T22:00:00+03:00,22:00
40W000003222610U,YILDIZ ENTEGRE UZUNBEY KOJENERASYON TESİSİ,unknown,2026-05-31 23:00:00+03:00,,0.0,chunk_0072.json,POST /v1/generation/data/dpp-bulk,2026-05-31 21:45:55.915231+00:00,3222610,YILDIZ ENTEGRE UZUNBEY KOJENERASYON TESİSİ,417,2026-05-31T23:00:00+03:00,23:00
40W000003222550M,ITC ALANYA ENERJİ ÜRETİM TESİSİ,unknown,2026-05-31 00:00:00+03:00,,5.5,chunk_0072.json,POST /v1/generation/data/dpp-bulk,2026-05-31 21:45:55.915231+00:00,3222550,ITC ALANYA ENERJİ ÜRETİM TESİSİ,420,2026-05-31T00:00:00+03:00,00:00
40W000003222550M,ITC ALANYA ENERJİ ÜRETİM TESİSİ,unknown,2026-05-31 01:00:00+03:00,,5.5,chunk_0072.json,POST /v1/generation/data/dpp-bulk,2026-05-31 21:45:55.915231+00:00,3222550,ITC ALANYA ENERJİ ÜRETİM TESİSİ,420,2026-05-31T01:00:00+03:00,01:00
40W000003222550M,ITC ALANYA ENERJİ ÜRETİM TESİSİ,unknown,2026-05-31 02:00:00+03:00,,5.49,chunk_0072.json,POST /v1/generation/data/dpp-bulk,2026-05-31 21:45:55.915231+00:00,3222550,ITC ALANYA ENERJİ ÜRETİM TESİSİ,420,2026-05-31T02:00:00+03:00,02:00
40W000003222550M,ITC ALANYA ENERJİ ÜRETİM TESİSİ,unknown,2026-05-31 03:00:00+03:00,,5.5,chunk_0072.json,POST /v1/generation/data/dpp-bulk,2026-05-31 21:45:55.915231+00:00,3222550,ITC ALANYA ENERJİ ÜRETİM TESİSİ,420,2026-05-31T03:00:00+03:00,03:00
40W000003222550M,ITC ALANYA ENERJİ ÜRETİM TESİSİ,unknown,2026-05-31 04:00:00+03:00,,5.5,chunk_0072.json,POST /v1/generation/data/dpp-bulk,2026-05-31 21:45:55.915231+00:00,3222550,ITC ALANYA ENERJİ ÜRETİM TESİSİ,420,2026-05-31T04:00:00+03:00,04:00
40W000003222550M,ITC ALANYA ENERJİ ÜRETİM TESİSİ,unknown,2026-05-31 05:00:00+03:00,,5.49,chunk_0072.json,POST /v1/generation/data/dpp-bulk,2026-05-31 21:45:55.915231+00:00,3222550,ITC ALANYA ENERJİ ÜRETİM TESİSİ,420,2026-05-31T05:00:00+03:00,05:00
40W000003222550M,ITC ALANYA ENERJİ ÜRETİM TESİSİ,unknown,2026-05-31 06:00:00+03:00,,5.49,chunk_0072.json,POST /v1/generation/data/dpp-bulk,2026-05-31 21:45:55.915231+00:00,3222550,ITC ALANYA ENERJİ ÜRETİM TESİSİ,420,2026-05-31T06:00:00+03:00,06:00
40W000003222550M,ITC ALANYA ENERJİ ÜRETİM TESİSİ,unknown,2026-05-31 07:00:00+03:00,,5.5,chunk_0072.json,POST /v1/generation/data/dpp-bulk,2026-05-31 21:45:55.915231+00:00,3222550,ITC ALANYA ENERJİ ÜRETİM TESİSİ,420,2026-05-31T07:00:00+03:00,07:00
40W000003222550M,ITC ALANYA ENERJİ ÜRETİM TESİSİ,unknown,2026-05-31 08:00:00+03:00,,5.5,chunk_0072.json,POST /v1/generation/data/dpp-bulk,2026-05-31 21:45:55.915231+00:00,3222550,ITC ALANYA ENERJİ ÜRETİM TESİSİ,420,2026-05-31T08:00:00+03:00,08:00
40W000003222550M,ITC ALANYA ENERJİ ÜRETİM TESİSİ,unknown,2026-05-31 09:00:00+03:00,,5.5,chunk_0072.json,POST /v1/generation/data/dpp-bulk,2026-05-31 21:45:55.915231+00:00,3222550,ITC ALANYA ENERJİ ÜRETİM TESİSİ,420,2026-05-31T09:00:00+03:00,09:00
40W000003222550M,ITC ALANYA ENERJİ ÜRETİM TESİSİ,unknown,2026-05-31 10:00:00+03:00,,5.5,chunk_0072.json,POST /v1/generation/data/dpp-bulk,2026-05-31 21:45:55.915231+00:00,3222550,ITC ALANYA ENERJİ ÜRETİM TESİSİ,420,2026-05-31T10:00:00+03:00,10:00
40W000003222550M,ITC ALANYA ENERJİ ÜRETİM TESİSİ,unknown,2026-05-31 11:00:00+03:00,,5.5,chunk_0072.json,POST /v1/generation/data/dpp-bulk,2026-05-31 21:45:55.915231+00:00,3222550,ITC ALANYA ENERJİ ÜRETİM TESİSİ,420,2026-05-31T11:00:00+03:00,11:00
40W000003222550M,ITC ALANYA ENERJİ ÜRETİM TESİSİ,unknown,2026-05-31 12:00:00+03:00,,5.5,chunk_0072.json,POST /v1/generation/data/dpp-bulk,2026-05-31 21:45:55.915231+00:00,3222550,ITC ALANYA ENERJİ ÜRETİM TESİSİ,420,2026-05-31T12:00:00+03:00,12:00
40W000003222550M,ITC ALANYA ENERJİ ÜRETİM TESİSİ,unknown,2026-05-31 13:00:00+03:00,,5.5,chunk_0072.json,POST /v1/generation/data/dpp-bulk,2026-05-31 21:45:55.915231+00:00,3222550,ITC ALANYA ENERJİ ÜRETİM TESİSİ,420,2026-05-31T13:00:00+03:00,13:00
40W000003222550M,ITC ALANYA ENERJİ ÜRETİM TESİSİ,unknown,2026-05-31 14:00:00+03:00,,5.5,chunk_0072.json,POST /v1/generation/data/dpp-bulk,2026-05-31 21:45:55.915231+00:00,3222550,ITC ALANYA ENERJİ ÜRETİM TESİSİ,420,2026-05-31T14:00:00+03:00,14:00
40W000003222550M,ITC ALANYA ENERJİ ÜRETİM TESİSİ,unknown,2026-05-31 15:00:00+03:00,,5.5,chunk_0072.json,POST /v1/generation/data/dpp-bulk,2026-05-31 21:45:55.915231+00:00,3222550,ITC ALANYA ENERJİ ÜRETİM TESİSİ,420,2026-05-31T15:00:00+03:00,15:00
40W000003222550M,ITC ALANYA ENERJİ ÜRETİM TESİSİ,unknown,2026-05-31 16:00:00+03:00,,5.5,chunk_0072.json,POST /v1/generation/data/dpp-bulk,2026-05-31 21:45:55.915231+00:00,3222550,ITC ALANYA ENERJİ ÜRETİM TESİSİ,420,2026-05-31T16:00:00+03:00,16:00
40W000003222550M,ITC ALANYA ENERJİ ÜRETİM TESİSİ,unknown,2026-05-31 17:00:00+03:00,,5.5,chunk_0072.json,POST /v1/generation/data/dpp-bulk,2026-05-31 21:45:55.915231+00:00,3222550,ITC ALANYA ENERJİ ÜRETİM TESİSİ,420,2026-05-31T17:00:00+03:00,17:00
40W000003222550M,ITC ALANYA ENERJİ ÜRETİM TESİSİ,unknown,2026-05-31 18:00:00+03:00,,5.5,chunk_0072.json,POST /v1/generation/data/dpp-bulk,2026-05-31 21:45:55.915231+00:00,3222550,ITC ALANYA ENERJİ ÜRETİM TESİSİ,420,2026-05-31T18:00:00+03:00,18:00
40W000003222550M,ITC ALANYA ENERJİ ÜRETİM TESİSİ,unknown,2026-05-31 19:00:00+03:00,,5.49,chunk_0072.json,POST /v1/generation/data/dpp-bulk,2026-05-31 21:45:55.915231+00:00,3222550,ITC ALANYA ENERJİ ÜRETİM TESİSİ,420,2026-05-31T19:00:00+03:00,19:00
40W000003222550M,ITC ALANYA ENERJİ ÜRETİM TESİSİ,unknown,2026-05-31 20:00:00+03:00,,5.5,chunk_0072.json,POST /v1/generation/data/dpp-bulk,2026-05-31 21:45:55.915231+00:00,3222550,ITC ALANYA ENERJİ ÜRETİM TESİSİ,420,2026-05-31T20:00:00+03:00,20:00
40W000003222550M,ITC ALANYA ENERJİ ÜRETİM TESİSİ,unknown,2026-05-31 21:00:00+03:00,,5.49,chunk_0072.json,POST /v1/generation/data/dpp-bulk,2026-05-31 21:45:55.915231+00:00,3222550,ITC ALANYA ENERJİ ÜRETİM TESİSİ,420,2026-05-31T21:00:00+03:00,21:00
40W000003222550M,ITC ALANYA ENERJİ ÜRETİM TESİSİ,unknown,2026-05-31 22:00:00+03:00,,5.5,chunk_0072.json,POST /v1/generation/data/dpp-bulk,2026-05-31 21:45:55.915231+00:00,3222550,ITC ALANYA ENERJİ ÜRETİM TESİSİ,420,2026-05-31T22:00:00+03:00,22:00
40W000003222550M,ITC ALANYA ENERJİ ÜRETİM TESİSİ,unknown,2026-05-31 23:00:00+03:00,,5.5,chunk_0072.json,POST /v1/generation/data/dpp-bulk,2026-05-31 21:45:55.915231+00:00,3222550,ITC ALANYA ENERJİ ÜRETİM TESİSİ,420,2026-05-31T23:00:00+03:00,23:00
40W000003222931A,ESKİŞEHİR OSB ÜRETİMİ(SAATLİK)_105774965 İD,unknown,2026-05-31 00:00:00+03:00,,0.0,chunk_0072.json,POST /v1/generation/data/dpp-bulk,2026-05-31 21:45:55.915231+00:00,3222931,ESKİŞEHİR OSB ÜRETİMİ(SAATLİK)_105774965 İD,10930,2026-05-31T00:00:00+03:00,00:00
40W000003222931A,ESKİŞEHİR OSB ÜRETİMİ(SAATLİK)_105774965 İD,unknown,2026-05-31 01:00:00+03:00,,0.0,chunk_0072.json,POST /v1/generation/data/dpp-bulk,2026-05-31 21:45:55.915231+00:00,3222931,ESKİŞEHİR OSB ÜRETİMİ(SAATLİK)_105774965 İD,10930,2026-05-31T01:00:00+03:00,01:00
40W000003222931A,ESKİŞEHİR OSB ÜRETİMİ(SAATLİK)_105774965 İD,unknown,2026-05-31 02:00:00+03:00,,0.0,chunk_0072.json,POST /v1/generation/data/dpp-bulk,2026-05-31 21:45:55.915231+00:00,3222931,ESKİŞEHİR OSB ÜRETİMİ(SAATLİK)_105774965 İD,10930,2026-05-31T02:00:00+03:00,02:00
40W000003222931A,ESKİŞEHİR OSB ÜRETİMİ(SAATLİK)_105774965 İD,unknown,2026-05-31 03:00:00+03:00,,0.0,chunk_0072.json,POST /v1/generation/data/dpp-bulk,2026-05-31 21:45:55.915231+00:00,3222931,ESKİŞEHİR OSB ÜRETİMİ(SAATLİK)_105774965 İD,10930,2026-05-31T03:00:00+03:00,03:00
40W000003222931A,ESKİŞEHİR OSB ÜRETİMİ(SAATLİK)_105774965 İD,unknown,2026-05-31 04:00:00+03:00,,0.0,chunk_0072.json,POST /v1/generation/data/dpp-bulk,2026-05-31 21:45:55.915231+00:00,3222931,ESKİŞEHİR OSB ÜRETİMİ(SAATLİK)_105774965 İD,10930,2026-05-31T04:00:00+03:00,04:00
40W000003222931A,ESKİŞEHİR OSB ÜRETİMİ(SAATLİK)_105774965 İD,unknown,2026-05-31 05:00:00+03:00,,0.0,chunk_0072.json,POST /v1/generation/data/dpp-bulk,2026-05-31 21:45:55.915231+00:00,3222931,ESKİŞEHİR OSB ÜRETİMİ(SAATLİK)_105774965 İD,10930,2026-05-31T05:00:00+03:00,05:00
40W000003222931A,ESKİŞEHİR OSB ÜRETİMİ(SAATLİK)_105774965 İD,unknown,2026-05-31 06:00:00+03:00,,0.05,chunk_0072.json,POST /v1/generation/data/dpp-bulk,2026-05-31 21:45:55.915231+00:00,3222931,ESKİŞEHİR OSB ÜRETİMİ(SAATLİK)_105774965 İD,10930,2026-05-31T06:00:00+03:00,06:00
40W000003222931A,ESKİŞEHİR OSB ÜRETİMİ(SAATLİK)_105774965 İD,unknown,2026-05-31 07:00:00+03:00,,0.18,chunk_0072.json,POST /v1/generation/data/dpp-bulk,2026-05-31 21:45:55.915231+00:00,3222931,ESKİŞEHİR OSB ÜRETİMİ(SAATLİK)_105774965 İD,10930,2026-05-31T07:00:00+03:00,07:00
40W000003222931A,ESKİŞEHİR OSB ÜRETİMİ(SAATLİK)_105774965 İD,unknown,2026-05-31 08:00:00+03:00,,0.36,chunk_0072.json,POST /v1/generation/data/dpp-bulk,2026-05-31 21:45:55.915231+00:00,3222931,ESKİŞEHİR OSB ÜRETİMİ(SAATLİK)_105774965 İD,10930,2026-05-31T08:00:00+03:00,08:00
40W000003222931A,ESKİŞEHİR OSB ÜRETİMİ(SAATLİK)_105774965 İD,unknown,2026-05-31 09:00:00+03:00,,0.51,chunk_0072.json,POST /v1/generation/data/dpp-bulk,2026-05-31 21:45:55.915231+00:00,3222931,ESKİŞEHİR OSB ÜRETİMİ(SAATLİK)_105774965 İD,10930,2026-05-31T09:00:00+03:00,09:00
40W000003222931A,ESKİŞEHİR OSB ÜRETİMİ(SAATLİK)_105774965 İD,unknown,2026-05-31 10:00:00+03:00,,0.61,chunk_0072.json,POST /v1/generation/data/dpp-bulk,2026-05-31 21:45:55.915231+00:00,3222931,ESKİŞEHİR OSB ÜRETİMİ(SAATLİK)_105774965 İD,10930,2026-05-31T10:00:00+03:00,10:00
40W000003222931A,ESKİŞEHİR OSB ÜRETİMİ(SAATLİK)_105774965 İD,unknown,2026-05-31 11:00:00+03:00,,0.64,chunk_0072.json,POST /v1/generation/data/dpp-bulk,2026-05-31 21:45:55.915231+00:00,3222931,ESKİŞEHİR OSB ÜRETİMİ(SAATLİK)_105774965 İD,10930,2026-05-31T11:00:00+03:00,11:00
40W000003222931A,ESKİŞEHİR OSB ÜRETİMİ(SAATLİK)_105774965 İD,unknown,2026-05-31 12:00:00+03:00,,0.64,chunk_0072.json,POST /v1/generation/data/dpp-bulk,2026-05-31 21:45:55.915231+00:00,3222931,ESKİŞEHİR OSB ÜRETİMİ(SAATLİK)_105774965 İD,10930,2026-05-31T12:00:00+03:00,12:00
40W000003222931A,ESKİŞEHİR OSB ÜRETİMİ(SAATLİK)_105774965 İD,unknown,2026-05-31 13:00:00+03:00,,0.63,chunk_0072.json,POST /v1/generation/data/dpp-bulk,2026-05-31 21:45:55.915231+00:00,3222931,ESKİŞEHİR OSB ÜRETİMİ(SAATLİK)_105774965 İD,10930,2026-05-31T13:00:00+03:00,13:00
40W000003222931A,ESKİŞEHİR OSB ÜRETİMİ(SAATLİK)_105774965 İD,unknown,2026-05-31 14:00:00+03:00,,0.6,chunk_0072.json,POST /v1/generation/data/dpp-bulk,2026-05-31 21:45:55.915231+00:00,3222931,ESKİŞEHİR OSB ÜRETİMİ(SAATLİK)_105774965 İD,10930,2026-05-31T14:00:00+03:00,14:00
40W000003222931A,ESKİŞEHİR OSB ÜRETİMİ(SAATLİK)_105774965 İD,unknown,2026-05-31 15:00:00+03:00,,0.54,chunk_0072.json,POST /v1/generation/data/dpp-bulk,2026-05-31 21:45:55.915231+00:00,3222931,ESKİŞEHİR OSB ÜRETİMİ(SAATLİK)_105774965 İD,10930,2026-05-31T15:00:00+03:00,15:00
40W000003222931A,ESKİŞEHİR OSB ÜRETİMİ(SAATLİK)_105774965 İD,unknown,2026-05-31 16:00:00+03:00,,0.44,chunk_0072.json,POST /v1/generation/data/dpp-bulk,2026-05-31 21:45:55.915231+00:00,3222931,ESKİŞEHİR OSB ÜRETİMİ(SAATLİK)_105774965 İD,10930,2026-05-31T16:00:00+03:00,16:00
40W000003222931A,ESKİŞEHİR OSB ÜRETİMİ(SAATLİK)_105774965 İD,unknown,2026-05-31 17:00:00+03:00,,0.3,chunk_0072.json,POST /v1/generation/data/dpp-bulk,2026-05-31 21:45:55.915231+00:00,3222931,ESKİŞEHİR OSB ÜRETİMİ(SAATLİK)_105774965 İD,10930,2026-05-31T17:00:00+03:00,17:00
40W000003222931A,ESKİŞEHİR OSB ÜRETİMİ(SAATLİK)_105774965 İD,unknown,2026-05-31 18:00:00+03:00,,0.15,chunk_0072.json,POST /v1/generation/data/dpp-bulk,2026-05-31 21:45:55.915231+00:00,3222931,ESKİŞEHİR OSB ÜRETİMİ(SAATLİK)_105774965 İD,10930,2026-05-31T18:00:00+03:00,18:00
40W000003222931A,ESKİŞEHİR OSB ÜRETİMİ(SAATLİK)_105774965 İD,unknown,2026-05-31 19:00:00+03:00,,0.03,chunk_0072.json,POST /v1/generation/data/dpp-bulk,2026-05-31 21:45:55.915231+00:00,3222931,ESKİŞEHİR OSB ÜRETİMİ(SAATLİK)_105774965 İD,10930,2026-05-31T19:00:00+03:00,19:00
40W000003222931A,ESKİŞEHİR OSB ÜRETİMİ(SAATLİK)_105774965 İD,unknown,2026-05-31 20:00:00+03:00,,0.0,chunk_0072.json,POST /v1/generation/data/dpp-bulk,2026-05-31 21:45:55.915231+00:00,3222931,ESKİŞEHİR OSB ÜRETİMİ(SAATLİK)_105774965 İD,10930,2026-05-31T20:00:00+03:00,20:00
40W000003222931A,ESKİŞEHİR OSB ÜRETİMİ(SAATLİK)_105774965 İD,unknown,2026-05-31 21:00:00+03:00,,0.0,chunk_0072.json,POST /v1/generation/data/dpp-bulk,2026-05-31 21:45:55.915231+00:00,3222931,ESKİŞEHİR OSB ÜRETİMİ(SAATLİK)_105774965 İD,10930,2026-05-31T21:00:00+03:00,21:00
40W000003222931A,ESKİŞEHİR OSB ÜRETİMİ(SAATLİK)_105774965 İD,unknown,2026-05-31 22:00:00+03:00,,0.0,chunk_0072.json,POST /v1/generation/data/dpp-bulk,2026-05-31 21:45:55.915231+00:00,3222931,ESKİŞEHİR OSB ÜRETİMİ(SAATLİK)_105774965 İD,10930,2026-05-31T22:00:00+03:00,22:00
40W000003222931A,ESKİŞEHİR OSB ÜRETİMİ(SAATLİK)_105774965 İD,unknown,2026-05-31 23:00:00+03:00,,0.0,chunk_0072.json,POST /v1/generation/data/dpp-bulk,2026-05-31 21:45:55.915231+00:00,3222931,ESKİŞEHİR OSB ÜRETİMİ(SAATLİK)_105774965 İD,10930,2026-05-31T23:00:00+03:00,23:00
40W0000032229514,UŞAK OSB ÜRETİMİ(SAATLİK)_181575571 İD,unknown,2026-05-31 00:00:00+03:00,,0.0,chunk_0072.json,POST /v1/generation/data/dpp-bulk,2026-05-31 21:45:55.915231+00:00,3222951,UŞAK OSB ÜRETİMİ(SAATLİK)_181575571 İD,10930,2026-05-31T00:00:00+03:00,00:00
40W0000032229514,UŞAK OSB ÜRETİMİ(SAATLİK)_181575571 İD,unknown,2026-05-31 01:00:00+03:00,,0.0,chunk_0072.json,POST /v1/generation/data/dpp-bulk,2026-05-31 21:45:55.915231+00:00,3222951,UŞAK OSB ÜRETİMİ(SAATLİK)_181575571 İD,10930,2026-05-31T01:00:00+03:00,01:00
40W0000032229514,UŞAK OSB ÜRETİMİ(SAATLİK)_181575571 İD,unknown,2026-05-31 02:00:00+03:00,,0.0,chunk_0072.json,POST /v1/generation/data/dpp-bulk,2026-05-31 21:45:55.915231+00:00,3222951,UŞAK OSB ÜRETİMİ(SAATLİK)_181575571 İD,10930,2026-05-31T02:00:00+03:00,02:00
40W0000032229514,UŞAK OSB ÜRETİMİ(SAATLİK)_181575571 İD,unknown,2026-05-31 03:00:00+03:00,,0.0,chunk_0072.json,POST /v1/generation/data/dpp-bulk,2026-05-31 21:45:55.915231+00:00,3222951,UŞAK OSB ÜRETİMİ(SAATLİK)_181575571 İD,10930,2026-05-31T03:00:00+03:00,03:00
40W0000032229514,UŞAK OSB ÜRETİMİ(SAATLİK)_181575571 İD,unknown,2026-05-31 04:00:00+03:00,,0.0,chunk_0072.json,POST /v1/generation/data/dpp-bulk,2026-05-31 21:45:55.915231+00:00,3222951,UŞAK OSB ÜRETİMİ(SAATLİK)_181575571 İD,10930,2026-05-31T04:00:00+03:00,04:00
40W0000032229514,UŞAK OSB ÜRETİMİ(SAATLİK)_181575571 İD,unknown,2026-05-31 05:00:00+03:00,,0.0,chunk_0072.json,POST /v1/generation/data/dpp-bulk,2026-05-31 21:45:55.915231+00:00,3222951,UŞAK OSB ÜRETİMİ(SAATLİK)_181575571 İD,10930,2026-05-31T05:00:00+03:00,05:00
40W0000032229514,UŞAK OSB ÜRETİMİ(SAATLİK)_181575571 İD,unknown,2026-05-31 06:00:00+03:00,,0.01,chunk_0072.json,POST /v1/generation/data/dpp-bulk,2026-05-31 21:45:55.915231+00:00,3222951,UŞAK OSB ÜRETİMİ(SAATLİK)_181575571 İD,10930,2026-05-31T06:00:00+03:00,06:00
40W0000032229514,UŞAK OSB ÜRETİMİ(SAATLİK)_181575571 İD,unknown,2026-05-31 07:00:00+03:00,,0.05,chunk_0072.json,POST /v1/generation/data/dpp-bulk,2026-05-31 21:45:55.915231+00:00,3222951,UŞAK OSB ÜRETİMİ(SAATLİK)_181575571 İD,10930,2026-05-31T07:00:00+03:00,07:00
40W0000032229514,UŞAK OSB ÜRETİMİ(SAATLİK)_181575571 İD,unknown,2026-05-31 08:00:00+03:00,,0.1,chunk_0072.json,POST /v1/generation/data/dpp-bulk,2026-05-31 21:45:55.915231+00:00,3222951,UŞAK OSB ÜRETİMİ(SAATLİK)_181575571 İD,10930,2026-05-31T08:00:00+03:00,08:00
40W0000032229514,UŞAK OSB ÜRETİMİ(SAATLİK)_181575571 İD,unknown,2026-05-31 09:00:00+03:00,,0.15,chunk_0072.json,POST /v1/generation/data/dpp-bulk,2026-05-31 21:45:55.915231+00:00,3222951,UŞAK OSB ÜRETİMİ(SAATLİK)_181575571 İD,10930,2026-05-31T09:00:00+03:00,09:00
40W0000032229514,UŞAK OSB ÜRETİMİ(SAATLİK)_181575571 İD,unknown,2026-05-31 10:00:00+03:00,,0.18,chunk_0072.json,POST /v1/generation/data/dpp-bulk,2026-05-31 21:45:55.915231+00:00,3222951,UŞAK OSB ÜRETİMİ(SAATLİK)_181575571 İD,10930,2026-05-31T10:00:00+03:00,10:00
40W0000032229514,UŞAK OSB ÜRETİMİ(SAATLİK)_181575571 İD,unknown,2026-05-31 11:00:00+03:00,,0.19,chunk_0072.json,POST /v1/generation/data/dpp-bulk,2026-05-31 21:45:55.915231+00:00,3222951,UŞAK OSB ÜRETİMİ(SAATLİK)_181575571 İD,10930,2026-05-31T11:00:00+03:00,11:00
40W0000032229514,UŞAK OSB ÜRETİMİ(SAATLİK)_181575571 İD,unknown,2026-05-31 12:00:00+03:00,,0.19,chunk_0072.json,POST /v1/generation/data/dpp-bulk,2026-05-31 21:45:55.915231+00:00,3222951,UŞAK OSB ÜRETİMİ(SAATLİK)_181575571 İD,10930,2026-05-31T12:00:00+03:00,12:00
40W0000032229514,UŞAK OSB ÜRETİMİ(SAATLİK)_181575571 İD,unknown,2026-05-31 13:00:00+03:00,,0.19,chunk_0072.json,POST /v1/generation/data/dpp-bulk,2026-05-31 21:45:55.915231+00:00,3222951,UŞAK OSB ÜRETİMİ(SAATLİK)_181575571 İD,10930,2026-05-31T13:00:00+03:00,13:00
40W0000032229514,UŞAK OSB ÜRETİMİ(SAATLİK)_181575571 İD,unknown,2026-05-31 14:00:00+03:00,,0.18,chunk_0072.json,POST /v1/generation/data/dpp-bulk,2026-05-31 21:45:55.915231+00:00,3222951,UŞAK OSB ÜRETİMİ(SAATLİK)_181575571 İD,10930,2026-05-31T14:00:00+03:00,14:00
40W0000032229514,UŞAK OSB ÜRETİMİ(SAATLİK)_181575571 İD,unknown,2026-05-31 15:00:00+03:00,,0.16,chunk_0072.json,POST /v1/generation/data/dpp-bulk,2026-05-31 21:45:55.915231+00:00,3222951,UŞAK OSB ÜRETİMİ(SAATLİK)_181575571 İD,10930,2026-05-31T15:00:00+03:00,15:00
40W0000032229514,UŞAK OSB ÜRETİMİ(SAATLİK)_181575571 İD,unknown,2026-05-31 16:00:00+03:00,,0.13,chunk_0072.json,POST /v1/generation/data/dpp-bulk,2026-05-31 21:45:55.915231+00:00,3222951,UŞAK OSB ÜRETİMİ(SAATLİK)_181575571 İD,10930,2026-05-31T16:00:00+03:00,16:00
40W0000032229514,UŞAK OSB ÜRETİMİ(SAATLİK)_181575571 İD,unknown,2026-05-31 17:00:00+03:00,,0.09,chunk_0072.json,POST /v1/generation/data/dpp-bulk,2026-05-31 21:45:55.915231+00:00,3222951,UŞAK OSB ÜRETİMİ(SAATLİK)_181575571 İD,10930,2026-05-31T17:00:00+03:00,17:00
40W0000032229514,UŞAK OSB ÜRETİMİ(SAATLİK)_181575571 İD,unknown,2026-05-31 18:00:00+03:00,,0.04,chunk_0072.json,POST /v1/generation/data/dpp-bulk,2026-05-31 21:45:55.915231+00:00,3222951,UŞAK OSB ÜRETİMİ(SAATLİK)_181575571 İD,10930,2026-05-31T18:00:00+03:00,18:00
40W0000032229514,UŞAK OSB ÜRETİMİ(SAATLİK)_181575571 İD,unknown,2026-05-31 19:00:00+03:00,,0.01,chunk_0072.json,POST /v1/generation/data/dpp-bulk,2026-05-31 21:45:55.915231+00:00,3222951,UŞAK OSB ÜRETİMİ(SAATLİK)_181575571 İD,10930,2026-05-31T19:00:00+03:00,19:00
40W0000032229514,UŞAK OSB ÜRETİMİ(SAATLİK)_181575571 İD,unknown,2026-05-31 20:00:00+03:00,,0.0,chunk_0072.json,POST /v1/generation/data/dpp-bulk,2026-05-31 21:45:55.915231+00:00,3222951,UŞAK OSB ÜRETİMİ(SAATLİK)_181575571 İD,10930,2026-05-31T20:00:00+03:00,20:00
40W0000032229514,UŞAK OSB ÜRETİMİ(SAATLİK)_181575571 İD,unknown,2026-05-31 21:00:00+03:00,,0.0,chunk_0072.json,POST /v1/generation/data/dpp-bulk,2026-05-31 21:45:55.915231+00:00,3222951,UŞAK OSB ÜRETİMİ(SAATLİK)_181575571 İD,10930,2026-05-31T21:00:00+03:00,21:00
40W0000032229514,UŞAK OSB ÜRETİMİ(SAATLİK)_181575571 İD,unknown,2026-05-31 22:00:00+03:00,,0.0,chunk_0072.json,POST /v1/generation/data/dpp-bulk,2026-05-31 21:45:55.915231+00:00,3222951,UŞAK OSB ÜRETİMİ(SAATLİK)_181575571 İD,10930,2026-05-31T22:00:00+03:00,22:00
40W0000032229514,UŞAK OSB ÜRETİMİ(SAATLİK)_181575571 İD,unknown,2026-05-31 23:00:00+03:00,,0.0,chunk_0072.json,POST /v1/generation/data/dpp-bulk,2026-05-31 21:45:55.915231+00:00,3222951,UŞAK OSB ÜRETİMİ(SAATLİK)_181575571 İD,10930,2026-05-31T23:00:00+03:00,23:00
40W0000032229700,UŞAK OSB ÜRETİMİ(SAATLİK)_15776 İD,unknown,2026-05-31 00:00:00+03:00,,0.0,chunk_0072.json,POST /v1/generation/data/dpp-bulk,2026-05-31 21:45:55.915231+00:00,3222970,UŞAK OSB ÜRETİMİ(SAATLİK)_15776 İD,10930,2026-05-31T00:00:00+03:00,00:00
40W0000032229700,UŞAK OSB ÜRETİMİ(SAATLİK)_15776 İD,unknown,2026-05-31 01:00:00+03:00,,0.0,chunk_0072.json,POST /v1/generation/data/dpp-bulk,2026-05-31 21:45:55.915231+00:00,3222970,UŞAK OSB ÜRETİMİ(SAATLİK)_15776 İD,10930,2026-05-31T01:00:00+03:00,01:00
40W0000032229700,UŞAK OSB ÜRETİMİ(SAATLİK)_15776 İD,unknown,2026-05-31 02:00:00+03:00,,0.0,chunk_0072.json,POST /v1/generation/data/dpp-bulk,2026-05-31 21:45:55.915231+00:00,3222970,UŞAK OSB ÜRETİMİ(SAATLİK)_15776 İD,10930,2026-05-31T02:00:00+03:00,02:00
40W0000032229700,UŞAK OSB ÜRETİMİ(SAATLİK)_15776 İD,unknown,2026-05-31 03:00:00+03:00,,0.0,chunk_0072.json,POST /v1/generation/data/dpp-bulk,2026-05-31 21:45:55.915231+00:00,3222970,UŞAK OSB ÜRETİMİ(SAATLİK)_15776 İD,10930,2026-05-31T03:00:00+03:00,03:00
40W0000032229700,UŞAK OSB ÜRETİMİ(SAATLİK)_15776 İD,unknown,2026-05-31 04:00:00+03:00,,0.0,chunk_0072.json,POST /v1/generation/data/dpp-bulk,2026-05-31 21:45:55.915231+00:00,3222970,UŞAK OSB ÜRETİMİ(SAATLİK)_15776 İD,10930,2026-05-31T04:00:00+03:00,04:00
40W0000032229700,UŞAK OSB ÜRETİMİ(SAATLİK)_15776 İD,unknown,2026-05-31 05:00:00+03:00,,0.0,chunk_0072.json,POST /v1/generation/data/dpp-bulk,2026-05-31 21:45:55.915231+00:00,3222970,UŞAK OSB ÜRETİMİ(SAATLİK)_15776 İD,10930,2026-05-31T05:00:00+03:00,05:00
40W0000032229700,UŞAK OSB ÜRETİMİ(SAATLİK)_15776 İD,unknown,2026-05-31 06:00:00+03:00,,0.01,chunk_0072.json,POST /v1/generation/data/dpp-bulk,2026-05-31 21:45:55.915231+00:00,3222970,UŞAK OSB ÜRETİMİ(SAATLİK)_15776 İD,10930,2026-05-31T06:00:00+03:00,06:00
40W0000032229700,UŞAK OSB ÜRETİMİ(SAATLİK)_15776 İD,unknown,2026-05-31 07:00:00+03:00,,0.05,chunk_0072.json,POST /v1/generation/data/dpp-bulk,2026-05-31 21:45:55.915231+00:00,3222970,UŞAK OSB ÜRETİMİ(SAATLİK)_15776 İD,10930,2026-05-31T07:00:00+03:00,07:00
40W0000032229700,UŞAK OSB ÜRETİMİ(SAATLİK)_15776 İD,unknown,2026-05-31 08:00:00+03:00,,0.1,chunk_0072.json,POST /v1/generation/data/dpp-bulk,2026-05-31 21:45:55.915231+00:00,3222970,UŞAK OSB ÜRETİMİ(SAATLİK)_15776 İD,10930,2026-05-31T08:00:00+03:00,08:00
40W0000032229700,UŞAK OSB ÜRETİMİ(SAATLİK)_15776 İD,unknown,2026-05-31 09:00:00+03:00,,0.15,chunk_0072.json,POST /v1/generation/data/dpp-bulk,2026-05-31 21:45:55.915231+00:00,3222970,UŞAK OSB ÜRETİMİ(SAATLİK)_15776 İD,10930,2026-05-31T09:00:00+03:00,09:00
40W0000032229700,UŞAK OSB ÜRETİMİ(SAATLİK)_15776 İD,unknown,2026-05-31 10:00:00+03:00,,0.18,chunk_0072.json,POST /v1/generation/data/dpp-bulk,2026-05-31 21:45:55.915231+00:00,3222970,UŞAK OSB ÜRETİMİ(SAATLİK)_15776 İD,10930,2026-05-31T10:00:00+03:00,10:00
40W0000032229700,UŞAK OSB ÜRETİMİ(SAATLİK)_15776 İD,unknown,2026-05-31 11:00:00+03:00,,0.19,chunk_0072.json,POST /v1/generation/data/dpp-bulk,2026-05-31 21:45:55.915231+00:00,3222970,UŞAK OSB ÜRETİMİ(SAATLİK)_15776 İD,10930,2026-05-31T11:00:00+03:00,11:00
40W0000032229700,UŞAK OSB ÜRETİMİ(SAATLİK)_15776 İD,unknown,2026-05-31 12:00:00+03:00,,0.19,chunk_0072.json,POST /v1/generation/data/dpp-bulk,2026-05-31 21:45:55.915231+00:00,3222970,UŞAK OSB ÜRETİMİ(SAATLİK)_15776 İD,10930,2026-05-31T12:00:00+03:00,12:00
40W0000032229700,UŞAK OSB ÜRETİMİ(SAATLİK)_15776 İD,unknown,2026-05-31 13:00:00+03:00,,0.19,chunk_0072.json,POST /v1/generation/data/dpp-bulk,2026-05-31 21:45:55.915231+00:00,3222970,UŞAK OSB ÜRETİMİ(SAATLİK)_15776 İD,10930,2026-05-31T13:00:00+03:00,13:00
40W0000032229700,UŞAK OSB ÜRETİMİ(SAATLİK)_15776 İD,unknown,2026-05-31 14:00:00+03:00,,0.18,chunk_0072.json,POST /v1/generation/data/dpp-bulk,2026-05-31 21:45:55.915231+00:00,3222970,UŞAK OSB ÜRETİMİ(SAATLİK)_15776 İD,10930,2026-05-31T14:00:00+03:00,14:00
40W0000032229700,UŞAK OSB ÜRETİMİ(SAATLİK)_15776 İD,unknown,2026-05-31 15:00:00+03:00,,0.16,chunk_0072.json,POST /v1/generation/data/dpp-bulk,2026-05-31 21:45:55.915231+00:00,3222970,UŞAK OSB ÜRETİMİ(SAATLİK)_15776 İD,10930,2026-05-31T15:00:00+03:00,15:00
40W0000032229700,UŞAK OSB ÜRETİMİ(SAATLİK)_15776 İD,unknown,2026-05-31 16:00:00+03:00,,0.13,chunk_0072.json,POST /v1/generation/data/dpp-bulk,2026-05-31 21:45:55.915231+00:00,3222970,UŞAK OSB ÜRETİMİ(SAATLİK)_15776 İD,10930,2026-05-31T16:00:00+03:00,16:00
40W0000032229700,UŞAK OSB ÜRETİMİ(SAATLİK)_15776 İD,unknown,2026-05-31 17:00:00+03:00,,0.09,chunk_0072.json,POST /v1/generation/data/dpp-bulk,2026-05-31 21:45:55.915231+00:00,3222970,UŞAK OSB ÜRETİMİ(SAATLİK)_15776 İD,10930,2026-05-31T17:00:00+03:00,17:00
40W0000032229700,UŞAK OSB ÜRETİMİ(SAATLİK)_15776 İD,unknown,2026-05-31 18:00:00+03:00,,0.04,chunk_0072.json,POST /v1/generation/data/dpp-bulk,2026-05-31 21:45:55.915231+00:00,3222970,UŞAK OSB ÜRETİMİ(SAATLİK)_15776 İD,10930,2026-05-31T18:00:00+03:00,18:00
40W0000032229700,UŞAK OSB ÜRETİMİ(SAATLİK)_15776 İD,unknown,2026-05-31 19:00:00+03:00,,0.01,chunk_0072.json,POST /v1/generation/data/dpp-bulk,2026-05-31 21:45:55.915231+00:00,3222970,UŞAK OSB ÜRETİMİ(SAATLİK)_15776 İD,10930,2026-05-31T19:00:00+03:00,19:00
40W0000032229700,UŞAK OSB ÜRETİMİ(SAATLİK)_15776 İD,unknown,2026-05-31 20:00:00+03:00,,0.0,chunk_0072.json,POST /v1/generation/data/dpp-bulk,2026-05-31 21:45:55.915231+00:00,3222970,UŞAK OSB ÜRETİMİ(SAATLİK)_15776 İD,10930,2026-05-31T20:00:00+03:00,20:00
40W0000032229700,UŞAK OSB ÜRETİMİ(SAATLİK)_15776 İD,unknown,2026-05-31 21:00:00+03:00,,0.0,chunk_0072.json,POST /v1/generation/data/dpp-bulk,2026-05-31 21:45:55.915231+00:00,3222970,UŞAK OSB ÜRETİMİ(SAATLİK)_15776 İD,10930,2026-05-31T21:00:00+03:00,21:00
40W0000032229700,UŞAK OSB ÜRETİMİ(SAATLİK)_15776 İD,unknown,2026-05-31 22:00:00+03:00,,0.0,chunk_0072.json,POST /v1/generation/data/dpp-bulk,2026-05-31 21:45:55.915231+00:00,3222970,UŞAK OSB ÜRETİMİ(SAATLİK)_15776 İD,10930,2026-05-31T22:00:00+03:00,22:00
40W0000032229700,UŞAK OSB ÜRETİMİ(SAATLİK)_15776 İD,unknown,2026-05-31 23:00:00+03:00,,0.0,chunk_0072.json,POST /v1/generation/data/dpp-bulk,2026-05-31 21:45:55.915231+00:00,3222970,UŞAK OSB ÜRETİMİ(SAATLİK)_15776 İD,10930,2026-05-31T23:00:00+03:00,23:00
40W000003222954Z,KAYSERİ OSB ÜRETİMİ(SAATLİK)_2143324 İD,unknown,2026-05-31 00:00:00+03:00,,0.0,chunk_0072.json,POST /v1/generation/data/dpp-bulk,2026-05-31 21:45:55.915231+00:00,3222954,KAYSERİ OSB ÜRETİMİ(SAATLİK)_2143324 İD,10931,2026-05-31T00:00:00+03:00,00:00
40W000003222954Z,KAYSERİ OSB ÜRETİMİ(SAATLİK)_2143324 İD,unknown,2026-05-31 01:00:00+03:00,,0.0,chunk_0072.json,POST /v1/generation/data/dpp-bulk,2026-05-31 21:45:55.915231+00:00,3222954,KAYSERİ OSB ÜRETİMİ(SAATLİK)_2143324 İD,10931,2026-05-31T01:00:00+03:00,01:00
40W000003222954Z,KAYSERİ OSB ÜRETİMİ(SAATLİK)_2143324 İD,unknown,2026-05-31 02:00:00+03:00,,0.0,chunk_0072.json,POST /v1/generation/data/dpp-bulk,2026-05-31 21:45:55.915231+00:00,3222954,KAYSERİ OSB ÜRETİMİ(SAATLİK)_2143324 İD,10931,2026-05-31T02:00:00+03:00,02:00
40W000003222954Z,KAYSERİ OSB ÜRETİMİ(SAATLİK)_2143324 İD,unknown,2026-05-31 03:00:00+03:00,,0.0,chunk_0072.json,POST /v1/generation/data/dpp-bulk,2026-05-31 21:45:55.915231+00:00,3222954,KAYSERİ OSB ÜRETİMİ(SAATLİK)_2143324 İD,10931,2026-05-31T03:00:00+03:00,03:00
40W000003222954Z,KAYSERİ OSB ÜRETİMİ(SAATLİK)_2143324 İD,unknown,2026-05-31 04:00:00+03:00,,0.0,chunk_0072.json,POST /v1/generation/data/dpp-bulk,2026-05-31 21:45:55.915231+00:00,3222954,KAYSERİ OSB ÜRETİMİ(SAATLİK)_2143324 İD,10931,2026-05-31T04:00:00+03:00,04:00
40W000003222954Z,KAYSERİ OSB ÜRETİMİ(SAATLİK)_2143324 İD,unknown,2026-05-31 05:00:00+03:00,,0.0,chunk_0072.json,POST /v1/generation/data/dpp-bulk,2026-05-31 21:45:55.915231+00:00,3222954,KAYSERİ OSB ÜRETİMİ(SAATLİK)_2143324 İD,10931,2026-05-31T05:00:00+03:00,05:00
40W000003222954Z,KAYSERİ OSB ÜRETİMİ(SAATLİK)_2143324 İD,unknown,2026-05-31 06:00:00+03:00,,0.0,chunk_0072.json,POST /v1/generation/data/dpp-bulk,2026-05-31 21:45:55.915231+00:00,3222954,KAYSERİ OSB ÜRETİMİ(SAATLİK)_2143324 İD,10931,2026-05-31T06:00:00+03:00,06:00
40W000003222954Z,KAYSERİ OSB ÜRETİMİ(SAATLİK)_2143324 İD,unknown,2026-05-31 07:00:00+03:00,,0.0,chunk_0072.json,POST /v1/generation/data/dpp-bulk,2026-05-31 21:45:55.915231+00:00,3222954,KAYSERİ OSB ÜRETİMİ(SAATLİK)_2143324 İD,10931,2026-05-31T07:00:00+03:00,07:00
40W000003222954Z,KAYSERİ OSB ÜRETİMİ(SAATLİK)_2143324 İD,unknown,2026-05-31 08:00:00+03:00,,0.0,chunk_0072.json,POST /v1/generation/data/dpp-bulk,2026-05-31 21:45:55.915231+00:00,3222954,KAYSERİ OSB ÜRETİMİ(SAATLİK)_2143324 İD,10931,2026-05-31T08:00:00+03:00,08:00
40W000003222954Z,KAYSERİ OSB ÜRETİMİ(SAATLİK)_2143324 İD,unknown,2026-05-31 09:00:00+03:00,,0.0,chunk_0072.json,POST /v1/generation/data/dpp-bulk,2026-05-31 21:45:55.915231+00:00,3222954,KAYSERİ OSB ÜRETİMİ(SAATLİK)_2143324 İD,10931,2026-05-31T09:00:00+03:00,09:00
40W000003222954Z,KAYSERİ OSB ÜRETİMİ(SAATLİK)_2143324 İD,unknown,2026-05-31 10:00:00+03:00,,0.0,chunk_0072.json,POST /v1/generation/data/dpp-bulk,2026-05-31 21:45:55.915231+00:00,3222954,KAYSERİ OSB ÜRETİMİ(SAATLİK)_2143324 İD,10931,2026-05-31T10:00:00+03:00,10:00
40W000003222954Z,KAYSERİ OSB ÜRETİMİ(SAATLİK)_2143324 İD,unknown,2026-05-31 11:00:00+03:00,,0.0,chunk_0072.json,POST /v1/generation/data/dpp-bulk,2026-05-31 21:45:55.915231+00:00,3222954,KAYSERİ OSB ÜRETİMİ(SAATLİK)_2143324 İD,10931,2026-05-31T11:00:00+03:00,11:00
40W000003222954Z,KAYSERİ OSB ÜRETİMİ(SAATLİK)_2143324 İD,unknown,2026-05-31 12:00:00+03:00,,0.0,chunk_0072.json,POST /v1/generation/data/dpp-bulk,2026-05-31 21:45:55.915231+00:00,3222954,KAYSERİ OSB ÜRETİMİ(SAATLİK)_2143324 İD,10931,2026-05-31T12:00:00+03:00,12:00
40W000003222954Z,KAYSERİ OSB ÜRETİMİ(SAATLİK)_2143324 İD,unknown,2026-05-31 13:00:00+03:00,,0.0,chunk_0072.json,POST /v1/generation/data/dpp-bulk,2026-05-31 21:45:55.915231+00:00,3222954,KAYSERİ OSB ÜRETİMİ(SAATLİK)_2143324 İD,10931,2026-05-31T13:00:00+03:00,13:00
40W000003222954Z,KAYSERİ OSB ÜRETİMİ(SAATLİK)_2143324 İD,unknown,2026-05-31 14:00:00+03:00,,0.0,chunk_0072.json,POST /v1/generation/data/dpp-bulk,2026-05-31 21:45:55.915231+00:00,3222954,KAYSERİ OSB ÜRETİMİ(SAATLİK)_2143324 İD,10931,2026-05-31T14:00:00+03:00,14:00
40W000003222954Z,KAYSERİ OSB ÜRETİMİ(SAATLİK)_2143324 İD,unknown,2026-05-31 15:00:00+03:00,,0.0,chunk_0072.json,POST /v1/generation/data/dpp-bulk,2026-05-31 21:45:55.915231+00:00,3222954,KAYSERİ OSB ÜRETİMİ(SAATLİK)_2143324 İD,10931,2026-05-31T15:00:00+03:00,15:00
40W000003222954Z,KAYSERİ OSB ÜRETİMİ(SAATLİK)_2143324 İD,unknown,2026-05-31 16:00:00+03:00,,0.0,chunk_0072.json,POST /v1/generation/data/dpp-bulk,2026-05-31 21:45:55.915231+00:00,3222954,KAYSERİ OSB ÜRETİMİ(SAATLİK)_2143324 İD,10931,2026-05-31T16:00:00+03:00,16:00
40W000003222954Z,KAYSERİ OSB ÜRETİMİ(SAATLİK)_2143324 İD,unknown,2026-05-31 17:00:00+03:00,,0.0,chunk_0072.json,POST /v1/generation/data/dpp-bulk,2026-05-31 21:45:55.915231+00:00,3222954,KAYSERİ OSB ÜRETİMİ(SAATLİK)_2143324 İD,10931,2026-05-31T17:00:00+03:00,17:00
40W000003222954Z,KAYSERİ OSB ÜRETİMİ(SAATLİK)_2143324 İD,unknown,2026-05-31 18:00:00+03:00,,0.0,chunk_0072.json,POST /v1/generation/data/dpp-bulk,2026-05-31 21:45:55.915231+00:00,3222954,KAYSERİ OSB ÜRETİMİ(SAATLİK)_2143324 İD,10931,2026-05-31T18:00:00+03:00,18:00
40W000003222954Z,KAYSERİ OSB ÜRETİMİ(SAATLİK)_2143324 İD,unknown,2026-05-31 19:00:00+03:00,,0.0,chunk_0072.json,POST /v1/generation/data/dpp-bulk,2026-05-31 21:45:55.915231+00:00,3222954,KAYSERİ OSB ÜRETİMİ(SAATLİK)_2143324 İD,10931,2026-05-31T19:00:00+03:00,19:00
40W000003222954Z,KAYSERİ OSB ÜRETİMİ(SAATLİK)_2143324 İD,unknown,2026-05-31 20:00:00+03:00,,0.0,chunk_0072.json,POST /v1/generation/data/dpp-bulk,2026-05-31 21:45:55.915231+00:00,3222954,KAYSERİ OSB ÜRETİMİ(SAATLİK)_2143324 İD,10931,2026-05-31T20:00:00+03:00,20:00
40W000003222954Z,KAYSERİ OSB ÜRETİMİ(SAATLİK)_2143324 İD,unknown,2026-05-31 21:00:00+03:00,,0.0,chunk_0072.json,POST /v1/generation/data/dpp-bulk,2026-05-31 21:45:55.915231+00:00,3222954,KAYSERİ OSB ÜRETİMİ(SAATLİK)_2143324 İD,10931,2026-05-31T21:00:00+03:00,21:00
40W000003222954Z,KAYSERİ OSB ÜRETİMİ(SAATLİK)_2143324 İD,unknown,2026-05-31 22:00:00+03:00,,0.0,chunk_0072.json,POST /v1/generation/data/dpp-bulk,2026-05-31 21:45:55.915231+00:00,3222954,KAYSERİ OSB ÜRETİMİ(SAATLİK)_2143324 İD,10931,2026-05-31T22:00:00+03:00,22:00
40W000003222954Z,KAYSERİ OSB ÜRETİMİ(SAATLİK)_2143324 İD,unknown,2026-05-31 23:00:00+03:00,,0.0,chunk_0072.json,POST /v1/generation/data/dpp-bulk,2026-05-31 21:45:55.915231+00:00,3222954,KAYSERİ OSB ÜRETİMİ(SAATLİK)_2143324 İD,10931,2026-05-31T23:00:00+03:00,23:00
40W000003222955X,KAYSERİ OSB ÜRETİMİ(SAATLİK)_20402 İD,unknown,2026-05-31 00:00:00+03:00,,0.0,chunk_0072.json,POST /v1/generation/data/dpp-bulk,2026-05-31 21:45:55.915231+00:00,3222955,KAYSERİ OSB ÜRETİMİ(SAATLİK)_20402 İD,10931,2026-05-31T00:00:00+03:00,00:00
40W000003222955X,KAYSERİ OSB ÜRETİMİ(SAATLİK)_20402 İD,unknown,2026-05-31 01:00:00+03:00,,0.0,chunk_0072.json,POST /v1/generation/data/dpp-bulk,2026-05-31 21:45:55.915231+00:00,3222955,KAYSERİ OSB ÜRETİMİ(SAATLİK)_20402 İD,10931,2026-05-31T01:00:00+03:00,01:00
40W000003222955X,KAYSERİ OSB ÜRETİMİ(SAATLİK)_20402 İD,unknown,2026-05-31 02:00:00+03:00,,0.0,chunk_0072.json,POST /v1/generation/data/dpp-bulk,2026-05-31 21:45:55.915231+00:00,3222955,KAYSERİ OSB ÜRETİMİ(SAATLİK)_20402 İD,10931,2026-05-31T02:00:00+03:00,02:00
40W000003222955X,KAYSERİ OSB ÜRETİMİ(SAATLİK)_20402 İD,unknown,2026-05-31 03:00:00+03:00,,0.0,chunk_0072.json,POST /v1/generation/data/dpp-bulk,2026-05-31 21:45:55.915231+00:00,3222955,KAYSERİ OSB ÜRETİMİ(SAATLİK)_20402 İD,10931,2026-05-31T03:00:00+03:00,03:00
40W000003222955X,KAYSERİ OSB ÜRETİMİ(SAATLİK)_20402 İD,unknown,2026-05-31 04:00:00+03:00,,0.0,chunk_0072.json,POST /v1/generation/data/dpp-bulk,2026-05-31 21:45:55.915231+00:00,3222955,KAYSERİ OSB ÜRETİMİ(SAATLİK)_20402 İD,10931,2026-05-31T04:00:00+03:00,04:00
40W000003222955X,KAYSERİ OSB ÜRETİMİ(SAATLİK)_20402 İD,unknown,2026-05-31 05:00:00+03:00,,0.0,chunk_0072.json,POST /v1/generation/data/dpp-bulk,2026-05-31 21:45:55.915231+00:00,3222955,KAYSERİ OSB ÜRETİMİ(SAATLİK)_20402 İD,10931,2026-05-31T05:00:00+03:00,05:00
40W000003222955X,KAYSERİ OSB ÜRETİMİ(SAATLİK)_20402 İD,unknown,2026-05-31 06:00:00+03:00,,0.0,chunk_0072.json,POST /v1/generation/data/dpp-bulk,2026-05-31 21:45:55.915231+00:00,3222955,KAYSERİ OSB ÜRETİMİ(SAATLİK)_20402 İD,10931,2026-05-31T06:00:00+03:00,06:00
40W000003222955X,KAYSERİ OSB ÜRETİMİ(SAATLİK)_20402 İD,unknown,2026-05-31 07:00:00+03:00,,0.0,chunk_0072.json,POST /v1/generation/data/dpp-bulk,2026-05-31 21:45:55.915231+00:00,3222955,KAYSERİ OSB ÜRETİMİ(SAATLİK)_20402 İD,10931,2026-05-31T07:00:00+03:00,07:00
40W000003222955X,KAYSERİ OSB ÜRETİMİ(SAATLİK)_20402 İD,unknown,2026-05-31 08:00:00+03:00,,0.0,chunk_0072.json,POST /v1/generation/data/dpp-bulk,2026-05-31 21:45:55.915231+00:00,3222955,KAYSERİ OSB ÜRETİMİ(SAATLİK)_20402 İD,10931,2026-05-31T08:00:00+03:00,08:00
40W000003222955X,KAYSERİ OSB ÜRETİMİ(SAATLİK)_20402 İD,unknown,2026-05-31 09:00:00+03:00,,0.0,chunk_0072.json,POST /v1/generation/data/dpp-bulk,2026-05-31 21:45:55.915231+00:00,3222955,KAYSERİ OSB ÜRETİMİ(SAATLİK)_20402 İD,10931,2026-05-31T09:00:00+03:00,09:00
40W000003222955X,KAYSERİ OSB ÜRETİMİ(SAATLİK)_20402 İD,unknown,2026-05-31 10:00:00+03:00,,0.0,chunk_0072.json,POST /v1/generation/data/dpp-bulk,2026-05-31 21:45:55.915231+00:00,3222955,KAYSERİ OSB ÜRETİMİ(SAATLİK)_20402 İD,10931,2026-05-31T10:00:00+03:00,10:00
40W000003222955X,KAYSERİ OSB ÜRETİMİ(SAATLİK)_20402 İD,unknown,2026-05-31 11:00:00+03:00,,0.0,chunk_0072.json,POST /v1/generation/data/dpp-bulk,2026-05-31 21:45:55.915231+00:00,3222955,KAYSERİ OSB ÜRETİMİ(SAATLİK)_20402 İD,10931,2026-05-31T11:00:00+03:00,11:00
40W000003222955X,KAYSERİ OSB ÜRETİMİ(SAATLİK)_20402 İD,unknown,2026-05-31 12:00:00+03:00,,0.0,chunk_0072.json,POST /v1/generation/data/dpp-bulk,2026-05-31 21:45:55.915231+00:00,3222955,KAYSERİ OSB ÜRETİMİ(SAATLİK)_20402 İD,10931,2026-05-31T12:00:00+03:00,12:00
40W000003222955X,KAYSERİ OSB ÜRETİMİ(SAATLİK)_20402 İD,unknown,2026-05-31 13:00:00+03:00,,0.0,chunk_0072.json,POST /v1/generation/data/dpp-bulk,2026-05-31 21:45:55.915231+00:00,3222955,KAYSERİ OSB ÜRETİMİ(SAATLİK)_20402 İD,10931,2026-05-31T13:00:00+03:00,13:00
40W000003222955X,KAYSERİ OSB ÜRETİMİ(SAATLİK)_20402 İD,unknown,2026-05-31 14:00:00+03:00,,0.0,chunk_0072.json,POST /v1/generation/data/dpp-bulk,2026-05-31 21:45:55.915231+00:00,3222955,KAYSERİ OSB ÜRETİMİ(SAATLİK)_20402 İD,10931,2026-05-31T14:00:00+03:00,14:00
40W000003222955X,KAYSERİ OSB ÜRETİMİ(SAATLİK)_20402 İD,unknown,2026-05-31 15:00:00+03:00,,0.0,chunk_0072.json,POST /v1/generation/data/dpp-bulk,2026-05-31 21:45:55.915231+00:00,3222955,KAYSERİ OSB ÜRETİMİ(SAATLİK)_20402 İD,10931,2026-05-31T15:00:00+03:00,15:00
40W000003222955X,KAYSERİ OSB ÜRETİMİ(SAATLİK)_20402 İD,unknown,2026-05-31 16:00:00+03:00,,0.0,chunk_0072.json,POST /v1/generation/data/dpp-bulk,2026-05-31 21:45:55.915231+00:00,3222955,KAYSERİ OSB ÜRETİMİ(SAATLİK)_20402 İD,10931,2026-05-31T16:00:00+03:00,16:00
40W000003222955X,KAYSERİ OSB ÜRETİMİ(SAATLİK)_20402 İD,unknown,2026-05-31 17:00:00+03:00,,0.0,chunk_0072.json,POST /v1/generation/data/dpp-bulk,2026-05-31 21:45:55.915231+00:00,3222955,KAYSERİ OSB ÜRETİMİ(SAATLİK)_20402 İD,10931,2026-05-31T17:00:00+03:00,17:00
40W000003222955X,KAYSERİ OSB ÜRETİMİ(SAATLİK)_20402 İD,unknown,2026-05-31 18:00:00+03:00,,0.0,chunk_0072.json,POST /v1/generation/data/dpp-bulk,2026-05-31 21:45:55.915231+00:00,3222955,KAYSERİ OSB ÜRETİMİ(SAATLİK)_20402 İD,10931,2026-05-31T18:00:00+03:00,18:00
40W000003222955X,KAYSERİ OSB ÜRETİMİ(SAATLİK)_20402 İD,unknown,2026-05-31 19:00:00+03:00,,0.0,chunk_0072.json,POST /v1/generation/data/dpp-bulk,2026-05-31 21:45:55.915231+00:00,3222955,KAYSERİ OSB ÜRETİMİ(SAATLİK)_20402 İD,10931,2026-05-31T19:00:00+03:00,19:00
40W000003222955X,KAYSERİ OSB ÜRETİMİ(SAATLİK)_20402 İD,unknown,2026-05-31 20:00:00+03:00,,0.0,chunk_0072.json,POST /v1/generation/data/dpp-bulk,2026-05-31 21:45:55.915231+00:00,3222955,KAYSERİ OSB ÜRETİMİ(SAATLİK)_20402 İD,10931,2026-05-31T20:00:00+03:00,20:00
40W000003222955X,KAYSERİ OSB ÜRETİMİ(SAATLİK)_20402 İD,unknown,2026-05-31 21:00:00+03:00,,0.0,chunk_0072.json,POST /v1/generation/data/dpp-bulk,2026-05-31 21:45:55.915231+00:00,3222955,KAYSERİ OSB ÜRETİMİ(SAATLİK)_20402 İD,10931,2026-05-31T21:00:00+03:00,21:00
40W000003222955X,KAYSERİ OSB ÜRETİMİ(SAATLİK)_20402 İD,unknown,2026-05-31 22:00:00+03:00,,0.0,chunk_0072.json,POST /v1/generation/data/dpp-bulk,2026-05-31 21:45:55.915231+00:00,3222955,KAYSERİ OSB ÜRETİMİ(SAATLİK)_20402 İD,10931,2026-05-31T22:00:00+03:00,22:00
40W000003222955X,KAYSERİ OSB ÜRETİMİ(SAATLİK)_20402 İD,unknown,2026-05-31 23:00:00+03:00,,0.0,chunk_0072.json,POST /v1/generation/data/dpp-bulk,2026-05-31 21:45:55.915231+00:00,3222955,KAYSERİ OSB ÜRETİMİ(SAATLİK)_20402 İD,10931,2026-05-31T23:00:00+03:00,23:00
40W000003222956V,KAYSERİ OSB ÜRETİMİ(SAATLİK)_2143323 İD,unknown,2026-05-31 00:00:00+03:00,,0.0,chunk_0072.json,POST /v1/generation/data/dpp-bulk,2026-05-31 21:45:55.915231+00:00,3222956,KAYSERİ OSB ÜRETİMİ(SAATLİK)_2143323 İD,10931,2026-05-31T00:00:00+03:00,00:00
40W000003222956V,KAYSERİ OSB ÜRETİMİ(SAATLİK)_2143323 İD,unknown,2026-05-31 01:00:00+03:00,,0.0,chunk_0072.json,POST /v1/generation/data/dpp-bulk,2026-05-31 21:45:55.915231+00:00,3222956,KAYSERİ OSB ÜRETİMİ(SAATLİK)_2143323 İD,10931,2026-05-31T01:00:00+03:00,01:00
40W000003222956V,KAYSERİ OSB ÜRETİMİ(SAATLİK)_2143323 İD,unknown,2026-05-31 02:00:00+03:00,,0.0,chunk_0072.json,POST /v1/generation/data/dpp-bulk,2026-05-31 21:45:55.915231+00:00,3222956,KAYSERİ OSB ÜRETİMİ(SAATLİK)_2143323 İD,10931,2026-05-31T02:00:00+03:00,02:00
40W000003222956V,KAYSERİ OSB ÜRETİMİ(SAATLİK)_2143323 İD,unknown,2026-05-31 03:00:00+03:00,,0.0,chunk_0072.json,POST /v1/generation/data/dpp-bulk,2026-05-31 21:45:55.915231+00:00,3222956,KAYSERİ OSB ÜRETİMİ(SAATLİK)_2143323 İD,10931,2026-05-31T03:00:00+03:00,03:00
40W000003222956V,KAYSERİ OSB ÜRETİMİ(SAATLİK)_2143323 İD,unknown,2026-05-31 04:00:00+03:00,,0.0,chunk_0072.json,POST /v1/generation/data/dpp-bulk,2026-05-31 21:45:55.915231+00:00,3222956,KAYSERİ OSB ÜRETİMİ(SAATLİK)_2143323 İD,10931,2026-05-31T04:00:00+03:00,04:00
40W000003222956V,KAYSERİ OSB ÜRETİMİ(SAATLİK)_2143323 İD,unknown,2026-05-31 05:00:00+03:00,,0.0,chunk_0072.json,POST /v1/generation/data/dpp-bulk,2026-05-31 21:45:55.915231+00:00,3222956,KAYSERİ OSB ÜRETİMİ(SAATLİK)_2143323 İD,10931,2026-05-31T05:00:00+03:00,05:00
40W000003222956V,KAYSERİ OSB ÜRETİMİ(SAATLİK)_2143323 İD,unknown,2026-05-31 06:00:00+03:00,,0.0,chunk_0072.json,POST /v1/generation/data/dpp-bulk,2026-05-31 21:45:55.915231+00:00,3222956,KAYSERİ OSB ÜRETİMİ(SAATLİK)_2143323 İD,10931,2026-05-31T06:00:00+03:00,06:00
40W000003222956V,KAYSERİ OSB ÜRETİMİ(SAATLİK)_2143323 İD,unknown,2026-05-31 07:00:00+03:00,,0.0,chunk_0072.json,POST /v1/generation/data/dpp-bulk,2026-05-31 21:45:55.915231+00:00,3222956,KAYSERİ OSB ÜRETİMİ(SAATLİK)_2143323 İD,10931,2026-05-31T07:00:00+03:00,07:00
40W000003222956V,KAYSERİ OSB ÜRETİMİ(SAATLİK)_2143323 İD,unknown,2026-05-31 08:00:00+03:00,,0.0,chunk_0072.json,POST /v1/generation/data/dpp-bulk,2026-05-31 21:45:55.915231+00:00,3222956,KAYSERİ OSB ÜRETİMİ(SAATLİK)_2143323 İD,10931,2026-05-31T08:00:00+03:00,08:00
40W000003222956V,KAYSERİ OSB ÜRETİMİ(SAATLİK)_2143323 İD,unknown,2026-05-31 09:00:00+03:00,,0.0,chunk_0072.json,POST /v1/generation/data/dpp-bulk,2026-05-31 21:45:55.915231+00:00,3222956,KAYSERİ OSB ÜRETİMİ(SAATLİK)_2143323 İD,10931,2026-05-31T09:00:00+03:00,09:00
40W000003222956V,KAYSERİ OSB ÜRETİMİ(SAATLİK)_2143323 İD,unknown,2026-05-31 10:00:00+03:00,,0.0,chunk_0072.json,POST /v1/generation/data/dpp-bulk,2026-05-31 21:45:55.915231+00:00,3222956,KAYSERİ OSB ÜRETİMİ(SAATLİK)_2143323 İD,10931,2026-05-31T10:00:00+03:00,10:00
40W000003222956V,KAYSERİ OSB ÜRETİMİ(SAATLİK)_2143323 İD,unknown,2026-05-31 11:00:00+03:00,,0.0,chunk_0072.json,POST /v1/generation/data/dpp-bulk,2026-05-31 21:45:55.915231+00:00,3222956,KAYSERİ OSB ÜRETİMİ(SAATLİK)_2143323 İD,10931,2026-05-31T11:00:00+03:00,11:00
40W000003222956V,KAYSERİ OSB ÜRETİMİ(SAATLİK)_2143323 İD,unknown,2026-05-31 12:00:00+03:00,,0.0,chunk_0072.json,POST /v1/generation/data/dpp-bulk,2026-05-31 21:45:55.915231+00:00,3222956,KAYSERİ OSB ÜRETİMİ(SAATLİK)_2143323 İD,10931,2026-05-31T12:00:00+03:00,12:00
40W000003222956V,KAYSERİ OSB ÜRETİMİ(SAATLİK)_2143323 İD,unknown,2026-05-31 13:00:00+03:00,,0.0,chunk_0072.json,POST /v1/generation/data/dpp-bulk,2026-05-31 21:45:55.915231+00:00,3222956,KAYSERİ OSB ÜRETİMİ(SAATLİK)_2143323 İD,10931,2026-05-31T13:00:00+03:00,13:00
40W000003222956V,KAYSERİ OSB ÜRETİMİ(SAATLİK)_2143323 İD,unknown,2026-05-31 14:00:00+03:00,,0.0,chunk_0072.json,POST /v1/generation/data/dpp-bulk,2026-05-31 21:45:55.915231+00:00,3222956,KAYSERİ OSB ÜRETİMİ(SAATLİK)_2143323 İD,10931,2026-05-31T14:00:00+03:00,14:00
40W000003222956V,KAYSERİ OSB ÜRETİMİ(SAATLİK)_2143323 İD,unknown,2026-05-31 15:00:00+03:00,,0.0,chunk_0072.json,POST /v1/generation/data/dpp-bulk,2026-05-31 21:45:55.915231+00:00,3222956,KAYSERİ OSB ÜRETİMİ(SAATLİK)_2143323 İD,10931,2026-05-31T15:00:00+03:00,15:00
40W000003222956V,KAYSERİ OSB ÜRETİMİ(SAATLİK)_2143323 İD,unknown,2026-05-31 16:00:00+03:00,,0.0,chunk_0072.json,POST /v1/generation/data/dpp-bulk,2026-05-31 21:45:55.915231+00:00,3222956,KAYSERİ OSB ÜRETİMİ(SAATLİK)_2143323 İD,10931,2026-05-31T16:00:00+03:00,16:00
40W000003222956V,KAYSERİ OSB ÜRETİMİ(SAATLİK)_2143323 İD,unknown,2026-05-31 17:00:00+03:00,,0.0,chunk_0072.json,POST /v1/generation/data/dpp-bulk,2026-05-31 21:45:55.915231+00:00,3222956,KAYSERİ OSB ÜRETİMİ(SAATLİK)_2143323 İD,10931,2026-05-31T17:00:00+03:00,17:00
40W000003222956V,KAYSERİ OSB ÜRETİMİ(SAATLİK)_2143323 İD,unknown,2026-05-31 18:00:00+03:00,,0.0,chunk_0072.json,POST /v1/generation/data/dpp-bulk,2026-05-31 21:45:55.915231+00:00,3222956,KAYSERİ OSB ÜRETİMİ(SAATLİK)_2143323 İD,10931,2026-05-31T18:00:00+03:00,18:00
40W000003222956V,KAYSERİ OSB ÜRETİMİ(SAATLİK)_2143323 İD,unknown,2026-05-31 19:00:00+03:00,,0.0,chunk_0072.json,POST /v1/generation/data/dpp-bulk,2026-05-31 21:45:55.915231+00:00,3222956,KAYSERİ OSB ÜRETİMİ(SAATLİK)_2143323 İD,10931,2026-05-31T19:00:00+03:00,19:00
40W000003222956V,KAYSERİ OSB ÜRETİMİ(SAATLİK)_2143323 İD,unknown,2026-05-31 20:00:00+03:00,,0.0,chunk_0072.json,POST /v1/generation/data/dpp-bulk,2026-05-31 21:45:55.915231+00:00,3222956,KAYSERİ OSB ÜRETİMİ(SAATLİK)_2143323 İD,10931,2026-05-31T20:00:00+03:00,20:00
40W000003222956V,KAYSERİ OSB ÜRETİMİ(SAATLİK)_2143323 İD,unknown,2026-05-31 21:00:00+03:00,,0.0,chunk_0072.json,POST /v1/generation/data/dpp-bulk,2026-05-31 21:45:55.915231+00:00,3222956,KAYSERİ OSB ÜRETİMİ(SAATLİK)_2143323 İD,10931,2026-05-31T21:00:00+03:00,21:00
40W000003222956V,KAYSERİ OSB ÜRETİMİ(SAATLİK)_2143323 İD,unknown,2026-05-31 22:00:00+03:00,,0.0,chunk_0072.json,POST /v1/generation/data/dpp-bulk,2026-05-31 21:45:55.915231+00:00,3222956,KAYSERİ OSB ÜRETİMİ(SAATLİK)_2143323 İD,10931,2026-05-31T22:00:00+03:00,22:00
40W000003222956V,KAYSERİ OSB ÜRETİMİ(SAATLİK)_2143323 İD,unknown,2026-05-31 23:00:00+03:00,,0.0,chunk_0072.json,POST /v1/generation/data/dpp-bulk,2026-05-31 21:45:55.915231+00:00,3222956,KAYSERİ OSB ÜRETİMİ(SAATLİK)_2143323 İD,10931,2026-05-31T23:00:00+03:00,23:00
40W000003222972X,İNCESU OSB ÜRETİMİ(SAATLİK)_6685 İD,unknown,2026-05-31 00:00:00+03:00,,0.0,chunk_0072.json,POST /v1/generation/data/dpp-bulk,2026-05-31 21:45:55.915231+00:00,3222972,İNCESU OSB ÜRETİMİ(SAATLİK)_6685 İD,10931,2026-05-31T00:00:00+03:00,00:00
40W000003222972X,İNCESU OSB ÜRETİMİ(SAATLİK)_6685 İD,unknown,2026-05-31 01:00:00+03:00,,0.0,chunk_0072.json,POST /v1/generation/data/dpp-bulk,2026-05-31 21:45:55.915231+00:00,3222972,İNCESU OSB ÜRETİMİ(SAATLİK)_6685 İD,10931,2026-05-31T01:00:00+03:00,01:00
40W000003222972X,İNCESU OSB ÜRETİMİ(SAATLİK)_6685 İD,unknown,2026-05-31 02:00:00+03:00,,0.0,chunk_0072.json,POST /v1/generation/data/dpp-bulk,2026-05-31 21:45:55.915231+00:00,3222972,İNCESU OSB ÜRETİMİ(SAATLİK)_6685 İD,10931,2026-05-31T02:00:00+03:00,02:00
40W000003222972X,İNCESU OSB ÜRETİMİ(SAATLİK)_6685 İD,unknown,2026-05-31 03:00:00+03:00,,0.0,chunk_0072.json,POST /v1/generation/data/dpp-bulk,2026-05-31 21:45:55.915231+00:00,3222972,İNCESU OSB ÜRETİMİ(SAATLİK)_6685 İD,10931,2026-05-31T03:00:00+03:00,03:00
40W000003222972X,İNCESU OSB ÜRETİMİ(SAATLİK)_6685 İD,unknown,2026-05-31 04:00:00+03:00,,0.0,chunk_0072.json,POST /v1/generation/data/dpp-bulk,2026-05-31 21:45:55.915231+00:00,3222972,İNCESU OSB ÜRETİMİ(SAATLİK)_6685 İD,10931,2026-05-31T04:00:00+03:00,04:00
40W000003222972X,İNCESU OSB ÜRETİMİ(SAATLİK)_6685 İD,unknown,2026-05-31 05:00:00+03:00,,0.0,chunk_0072.json,POST /v1/generation/data/dpp-bulk,2026-05-31 21:45:55.915231+00:00,3222972,İNCESU OSB ÜRETİMİ(SAATLİK)_6685 İD,10931,2026-05-31T05:00:00+03:00,05:00
40W000003222972X,İNCESU OSB ÜRETİMİ(SAATLİK)_6685 İD,unknown,2026-05-31 06:00:00+03:00,,0.0,chunk_0072.json,POST /v1/generation/data/dpp-bulk,2026-05-31 21:45:55.915231+00:00,3222972,İNCESU OSB ÜRETİMİ(SAATLİK)_6685 İD,10931,2026-05-31T06:00:00+03:00,06:00
40W000003222972X,İNCESU OSB ÜRETİMİ(SAATLİK)_6685 İD,unknown,2026-05-31 07:00:00+03:00,,0.0,chunk_0072.json,POST /v1/generation/data/dpp-bulk,2026-05-31 21:45:55.915231+00:00,3222972,İNCESU OSB ÜRETİMİ(SAATLİK)_6685 İD,10931,2026-05-31T07:00:00+03:00,07:00
40W000003222972X,İNCESU OSB ÜRETİMİ(SAATLİK)_6685 İD,unknown,2026-05-31 08:00:00+03:00,,0.0,chunk_0072.json,POST /v1/generation/data/dpp-bulk,2026-05-31 21:45:55.915231+00:00,3222972,İNCESU OSB ÜRETİMİ(SAATLİK)_6685 İD,10931,2026-05-31T08:00:00+03:00,08:00
40W000003222972X,İNCESU OSB ÜRETİMİ(SAATLİK)_6685 İD,unknown,2026-05-31 09:00:00+03:00,,0.0,chunk_0072.json,POST /v1/generation/data/dpp-bulk,2026-05-31 21:45:55.915231+00:00,3222972,İNCESU OSB ÜRETİMİ(SAATLİK)_6685 İD,10931,2026-05-31T09:00:00+03:00,09:00
40W000003222972X,İNCESU OSB ÜRETİMİ(SAATLİK)_6685 İD,unknown,2026-05-31 10:00:00+03:00,,0.0,chunk_0072.json,POST /v1/generation/data/dpp-bulk,2026-05-31 21:45:55.915231+00:00,3222972,İNCESU OSB ÜRETİMİ(SAATLİK)_6685 İD,10931,2026-05-31T10:00:00+03:00,10:00
40W000003222972X,İNCESU OSB ÜRETİMİ(SAATLİK)_6685 İD,unknown,2026-05-31 11:00:00+03:00,,0.0,chunk_0072.json,POST /v1/generation/data/dpp-bulk,2026-05-31 21:45:55.915231+00:00,3222972,İNCESU OSB ÜRETİMİ(SAATLİK)_6685 İD,10931,2026-05-31T11:00:00+03:00,11:00
40W000003222972X,İNCESU OSB ÜRETİMİ(SAATLİK)_6685 İD,unknown,2026-05-31 12:00:00+03:00,,0.0,chunk_0072.json,POST /v1/generation/data/dpp-bulk,2026-05-31 21:45:55.915231+00:00,3222972,İNCESU OSB ÜRETİMİ(SAATLİK)_6685 İD,10931,2026-05-31T12:00:00+03:00,12:00
40W000003222972X,İNCESU OSB ÜRETİMİ(SAATLİK)_6685 İD,unknown,2026-05-31 13:00:00+03:00,,0.0,chunk_0072.json,POST /v1/generation/data/dpp-bulk,2026-05-31 21:45:55.915231+00:00,3222972,İNCESU OSB ÜRETİMİ(SAATLİK)_6685 İD,10931,2026-05-31T13:00:00+03:00,13:00
40W000003222972X,İNCESU OSB ÜRETİMİ(SAATLİK)_6685 İD,unknown,2026-05-31 14:00:00+03:00,,0.0,chunk_0072.json,POST /v1/generation/data/dpp-bulk,2026-05-31 21:45:55.915231+00:00,3222972,İNCESU OSB ÜRETİMİ(SAATLİK)_6685 İD,10931,2026-05-31T14:00:00+03:00,14:00
40W000003222972X,İNCESU OSB ÜRETİMİ(SAATLİK)_6685 İD,unknown,2026-05-31 15:00:00+03:00,,0.0,chunk_0072.json,POST /v1/generation/data/dpp-bulk,2026-05-31 21:45:55.915231+00:00,3222972,İNCESU OSB ÜRETİMİ(SAATLİK)_6685 İD,10931,2026-05-31T15:00:00+03:00,15:00
40W000003222972X,İNCESU OSB ÜRETİMİ(SAATLİK)_6685 İD,unknown,2026-05-31 16:00:00+03:00,,0.0,chunk_0072.json,POST /v1/generation/data/dpp-bulk,2026-05-31 21:45:55.915231+00:00,3222972,İNCESU OSB ÜRETİMİ(SAATLİK)_6685 İD,10931,2026-05-31T16:00:00+03:00,16:00
40W000003222972X,İNCESU OSB ÜRETİMİ(SAATLİK)_6685 İD,unknown,2026-05-31 17:00:00+03:00,,0.0,chunk_0072.json,POST /v1/generation/data/dpp-bulk,2026-05-31 21:45:55.915231+00:00,3222972,İNCESU OSB ÜRETİMİ(SAATLİK)_6685 İD,10931,2026-05-31T17:00:00+03:00,17:00
40W000003222972X,İNCESU OSB ÜRETİMİ(SAATLİK)_6685 İD,unknown,2026-05-31 18:00:00+03:00,,0.0,chunk_0072.json,POST /v1/generation/data/dpp-bulk,2026-05-31 21:45:55.915231+00:00,3222972,İNCESU OSB ÜRETİMİ(SAATLİK)_6685 İD,10931,2026-05-31T18:00:00+03:00,18:00
40W000003222972X,İNCESU OSB ÜRETİMİ(SAATLİK)_6685 İD,unknown,2026-05-31 19:00:00+03:00,,0.0,chunk_0072.json,POST /v1/generation/data/dpp-bulk,2026-05-31 21:45:55.915231+00:00,3222972,İNCESU OSB ÜRETİMİ(SAATLİK)_6685 İD,10931,2026-05-31T19:00:00+03:00,19:00
40W000003222972X,İNCESU OSB ÜRETİMİ(SAATLİK)_6685 İD,unknown,2026-05-31 20:00:00+03:00,,0.0,chunk_0072.json,POST /v1/generation/data/dpp-bulk,2026-05-31 21:45:55.915231+00:00,3222972,İNCESU OSB ÜRETİMİ(SAATLİK)_6685 İD,10931,2026-05-31T20:00:00+03:00,20:00
40W000003222972X,İNCESU OSB ÜRETİMİ(SAATLİK)_6685 İD,unknown,2026-05-31 21:00:00+03:00,,0.0,chunk_0072.json,POST /v1/generation/data/dpp-bulk,2026-05-31 21:45:55.915231+00:00,3222972,İNCESU OSB ÜRETİMİ(SAATLİK)_6685 İD,10931,2026-05-31T21:00:00+03:00,21:00
40W000003222972X,İNCESU OSB ÜRETİMİ(SAATLİK)_6685 İD,unknown,2026-05-31 22:00:00+03:00,,0.0,chunk_0072.json,POST /v1/generation/data/dpp-bulk,2026-05-31 21:45:55.915231+00:00,3222972,İNCESU OSB ÜRETİMİ(SAATLİK)_6685 İD,10931,2026-05-31T22:00:00+03:00,22:00
40W000003222972X,İNCESU OSB ÜRETİMİ(SAATLİK)_6685 İD,unknown,2026-05-31 23:00:00+03:00,,0.0,chunk_0072.json,POST /v1/generation/data/dpp-bulk,2026-05-31 21:45:55.915231+00:00,3222972,İNCESU OSB ÜRETİMİ(SAATLİK)_6685 İD,10931,2026-05-31T23:00:00+03:00,23:00
40W000003222973V,MİMAR SİNAN OSB ÜRETİMİ(SAATLİK)_77651 İD,unknown,2026-05-31 00:00:00+03:00,,0.0,chunk_0072.json,POST /v1/generation/data/dpp-bulk,2026-05-31 21:45:55.915231+00:00,3222973,MİMAR SİNAN OSB ÜRETİMİ(SAATLİK)_77651 İD,10931,2026-05-31T00:00:00+03:00,00:00
40W000003222973V,MİMAR SİNAN OSB ÜRETİMİ(SAATLİK)_77651 İD,unknown,2026-05-31 01:00:00+03:00,,0.0,chunk_0072.json,POST /v1/generation/data/dpp-bulk,2026-05-31 21:45:55.915231+00:00,3222973,MİMAR SİNAN OSB ÜRETİMİ(SAATLİK)_77651 İD,10931,2026-05-31T01:00:00+03:00,01:00
40W000003222973V,MİMAR SİNAN OSB ÜRETİMİ(SAATLİK)_77651 İD,unknown,2026-05-31 02:00:00+03:00,,0.0,chunk_0072.json,POST /v1/generation/data/dpp-bulk,2026-05-31 21:45:55.915231+00:00,3222973,MİMAR SİNAN OSB ÜRETİMİ(SAATLİK)_77651 İD,10931,2026-05-31T02:00:00+03:00,02:00
40W000003222973V,MİMAR SİNAN OSB ÜRETİMİ(SAATLİK)_77651 İD,unknown,2026-05-31 03:00:00+03:00,,0.0,chunk_0072.json,POST /v1/generation/data/dpp-bulk,2026-05-31 21:45:55.915231+00:00,3222973,MİMAR SİNAN OSB ÜRETİMİ(SAATLİK)_77651 İD,10931,2026-05-31T03:00:00+03:00,03:00
40W000003222973V,MİMAR SİNAN OSB ÜRETİMİ(SAATLİK)_77651 İD,unknown,2026-05-31 04:00:00+03:00,,0.0,chunk_0072.json,POST /v1/generation/data/dpp-bulk,2026-05-31 21:45:55.915231+00:00,3222973,MİMAR SİNAN OSB ÜRETİMİ(SAATLİK)_77651 İD,10931,2026-05-31T04:00:00+03:00,04:00
40W000003222973V,MİMAR SİNAN OSB ÜRETİMİ(SAATLİK)_77651 İD,unknown,2026-05-31 05:00:00+03:00,,0.0,chunk_0072.json,POST /v1/generation/data/dpp-bulk,2026-05-31 21:45:55.915231+00:00,3222973,MİMAR SİNAN OSB ÜRETİMİ(SAATLİK)_77651 İD,10931,2026-05-31T05:00:00+03:00,05:00
40W000003222973V,MİMAR SİNAN OSB ÜRETİMİ(SAATLİK)_77651 İD,unknown,2026-05-31 06:00:00+03:00,,0.0,chunk_0072.json,POST /v1/generation/data/dpp-bulk,2026-05-31 21:45:55.915231+00:00,3222973,MİMAR SİNAN OSB ÜRETİMİ(SAATLİK)_77651 İD,10931,2026-05-31T06:00:00+03:00,06:00
40W000003222973V,MİMAR SİNAN OSB ÜRETİMİ(SAATLİK)_77651 İD,unknown,2026-05-31 07:00:00+03:00,,0.0,chunk_0072.json,POST /v1/generation/data/dpp-bulk,2026-05-31 21:45:55.915231+00:00,3222973,MİMAR SİNAN OSB ÜRETİMİ(SAATLİK)_77651 İD,10931,2026-05-31T07:00:00+03:00,07:00
40W000003222973V,MİMAR SİNAN OSB ÜRETİMİ(SAATLİK)_77651 İD,unknown,2026-05-31 08:00:00+03:00,,0.0,chunk_0072.json,POST /v1/generation/data/dpp-bulk,2026-05-31 21:45:55.915231+00:00,3222973,MİMAR SİNAN OSB ÜRETİMİ(SAATLİK)_77651 İD,10931,2026-05-31T08:00:00+03:00,08:00
40W000003222973V,MİMAR SİNAN OSB ÜRETİMİ(SAATLİK)_77651 İD,unknown,2026-05-31 09:00:00+03:00,,0.0,chunk_0072.json,POST /v1/generation/data/dpp-bulk,2026-05-31 21:45:55.915231+00:00,3222973,MİMAR SİNAN OSB ÜRETİMİ(SAATLİK)_77651 İD,10931,2026-05-31T09:00:00+03:00,09:00
40W000003222973V,MİMAR SİNAN OSB ÜRETİMİ(SAATLİK)_77651 İD,unknown,2026-05-31 10:00:00+03:00,,0.0,chunk_0072.json,POST /v1/generation/data/dpp-bulk,2026-05-31 21:45:55.915231+00:00,3222973,MİMAR SİNAN OSB ÜRETİMİ(SAATLİK)_77651 İD,10931,2026-05-31T10:00:00+03:00,10:00
40W000003222973V,MİMAR SİNAN OSB ÜRETİMİ(SAATLİK)_77651 İD,unknown,2026-05-31 11:00:00+03:00,,0.0,chunk_0072.json,POST /v1/generation/data/dpp-bulk,2026-05-31 21:45:55.915231+00:00,3222973,MİMAR SİNAN OSB ÜRETİMİ(SAATLİK)_77651 İD,10931,2026-05-31T11:00:00+03:00,11:00
40W000003222973V,MİMAR SİNAN OSB ÜRETİMİ(SAATLİK)_77651 İD,unknown,2026-05-31 12:00:00+03:00,,0.0,chunk_0072.json,POST /v1/generation/data/dpp-bulk,2026-05-31 21:45:55.915231+00:00,3222973,MİMAR SİNAN OSB ÜRETİMİ(SAATLİK)_77651 İD,10931,2026-05-31T12:00:00+03:00,12:00
40W000003222973V,MİMAR SİNAN OSB ÜRETİMİ(SAATLİK)_77651 İD,unknown,2026-05-31 13:00:00+03:00,,0.0,chunk_0072.json,POST /v1/generation/data/dpp-bulk,2026-05-31 21:45:55.915231+00:00,3222973,MİMAR SİNAN OSB ÜRETİMİ(SAATLİK)_77651 İD,10931,2026-05-31T13:00:00+03:00,13:00
40W000003222973V,MİMAR SİNAN OSB ÜRETİMİ(SAATLİK)_77651 İD,unknown,2026-05-31 14:00:00+03:00,,0.0,chunk_0072.json,POST /v1/generation/data/dpp-bulk,2026-05-31 21:45:55.915231+00:00,3222973,MİMAR SİNAN OSB ÜRETİMİ(SAATLİK)_77651 İD,10931,2026-05-31T14:00:00+03:00,14:00
40W000003222973V,MİMAR SİNAN OSB ÜRETİMİ(SAATLİK)_77651 İD,unknown,2026-05-31 15:00:00+03:00,,0.0,chunk_0072.json,POST /v1/generation/data/dpp-bulk,2026-05-31 21:45:55.915231+00:00,3222973,MİMAR SİNAN OSB ÜRETİMİ(SAATLİK)_77651 İD,10931,2026-05-31T15:00:00+03:00,15:00
40W000003222973V,MİMAR SİNAN OSB ÜRETİMİ(SAATLİK)_77651 İD,unknown,2026-05-31 16:00:00+03:00,,0.0,chunk_0072.json,POST /v1/generation/data/dpp-bulk,2026-05-31 21:45:55.915231+00:00,3222973,MİMAR SİNAN OSB ÜRETİMİ(SAATLİK)_77651 İD,10931,2026-05-31T16:00:00+03:00,16:00
40W000003222973V,MİMAR SİNAN OSB ÜRETİMİ(SAATLİK)_77651 İD,unknown,2026-05-31 17:00:00+03:00,,0.0,chunk_0072.json,POST /v1/generation/data/dpp-bulk,2026-05-31 21:45:55.915231+00:00,3222973,MİMAR SİNAN OSB ÜRETİMİ(SAATLİK)_77651 İD,10931,2026-05-31T17:00:00+03:00,17:00
40W000003222973V,MİMAR SİNAN OSB ÜRETİMİ(SAATLİK)_77651 İD,unknown,2026-05-31 18:00:00+03:00,,0.0,chunk_0072.json,POST /v1/generation/data/dpp-bulk,2026-05-31 21:45:55.915231+00:00,3222973,MİMAR SİNAN OSB ÜRETİMİ(SAATLİK)_77651 İD,10931,2026-05-31T18:00:00+03:00,18:00
40W000003222973V,MİMAR SİNAN OSB ÜRETİMİ(SAATLİK)_77651 İD,unknown,2026-05-31 19:00:00+03:00,,0.0,chunk_0072.json,POST /v1/generation/data/dpp-bulk,2026-05-31 21:45:55.915231+00:00,3222973,MİMAR SİNAN OSB ÜRETİMİ(SAATLİK)_77651 İD,10931,2026-05-31T19:00:00+03:00,19:00
40W000003222973V,MİMAR SİNAN OSB ÜRETİMİ(SAATLİK)_77651 İD,unknown,2026-05-31 20:00:00+03:00,,0.0,chunk_0072.json,POST /v1/generation/data/dpp-bulk,2026-05-31 21:45:55.915231+00:00,3222973,MİMAR SİNAN OSB ÜRETİMİ(SAATLİK)_77651 İD,10931,2026-05-31T20:00:00+03:00,20:00
40W000003222973V,MİMAR SİNAN OSB ÜRETİMİ(SAATLİK)_77651 İD,unknown,2026-05-31 21:00:00+03:00,,0.0,chunk_0072.json,POST /v1/generation/data/dpp-bulk,2026-05-31 21:45:55.915231+00:00,3222973,MİMAR SİNAN OSB ÜRETİMİ(SAATLİK)_77651 İD,10931,2026-05-31T21:00:00+03:00,21:00
40W000003222973V,MİMAR SİNAN OSB ÜRETİMİ(SAATLİK)_77651 İD,unknown,2026-05-31 22:00:00+03:00,,0.0,chunk_0072.json,POST /v1/generation/data/dpp-bulk,2026-05-31 21:45:55.915231+00:00,3222973,MİMAR SİNAN OSB ÜRETİMİ(SAATLİK)_77651 İD,10931,2026-05-31T22:00:00+03:00,22:00
40W000003222973V,MİMAR SİNAN OSB ÜRETİMİ(SAATLİK)_77651 İD,unknown,2026-05-31 23:00:00+03:00,,0.0,chunk_0072.json,POST /v1/generation/data/dpp-bulk,2026-05-31 21:45:55.915231+00:00,3222973,MİMAR SİNAN OSB ÜRETİMİ(SAATLİK)_77651 İD,10931,2026-05-31T23:00:00+03:00,23:00
40W000003222890Z,ETİ KROM_LUY_ÖDEMESİZ_İLETİM_5.1.Ç,unknown,2026-05-31 00:00:00+03:00,,0.0,chunk_0072.json,POST /v1/generation/data/dpp-bulk,2026-05-31 21:45:55.915231+00:00,3222890,ETİ KROM_LUY_ÖDEMESİZ_İLETİM_5.1.Ç,10933,2026-05-31T00:00:00+03:00,00:00
40W000003222890Z,ETİ KROM_LUY_ÖDEMESİZ_İLETİM_5.1.Ç,unknown,2026-05-31 01:00:00+03:00,,0.0,chunk_0072.json,POST /v1/generation/data/dpp-bulk,2026-05-31 21:45:55.915231+00:00,3222890,ETİ KROM_LUY_ÖDEMESİZ_İLETİM_5.1.Ç,10933,2026-05-31T01:00:00+03:00,01:00
40W000003222890Z,ETİ KROM_LUY_ÖDEMESİZ_İLETİM_5.1.Ç,unknown,2026-05-31 02:00:00+03:00,,0.0,chunk_0072.json,POST /v1/generation/data/dpp-bulk,2026-05-31 21:45:55.915231+00:00,3222890,ETİ KROM_LUY_ÖDEMESİZ_İLETİM_5.1.Ç,10933,2026-05-31T02:00:00+03:00,02:00
40W000003222890Z,ETİ KROM_LUY_ÖDEMESİZ_İLETİM_5.1.Ç,unknown,2026-05-31 03:00:00+03:00,,0.0,chunk_0072.json,POST /v1/generation/data/dpp-bulk,2026-05-31 21:45:55.915231+00:00,3222890,ETİ KROM_LUY_ÖDEMESİZ_İLETİM_5.1.Ç,10933,2026-05-31T03:00:00+03:00,03:00
40W000003222890Z,ETİ KROM_LUY_ÖDEMESİZ_İLETİM_5.1.Ç,unknown,2026-05-31 04:00:00+03:00,,0.0,chunk_0072.json,POST /v1/generation/data/dpp-bulk,2026-05-31 21:45:55.915231+00:00,3222890,ETİ KROM_LUY_ÖDEMESİZ_İLETİM_5.1.Ç,10933,2026-05-31T04:00:00+03:00,04:00
40W000003222890Z,ETİ KROM_LUY_ÖDEMESİZ_İLETİM_5.1.Ç,unknown,2026-05-31 05:00:00+03:00,,0.31,chunk_0072.json,POST /v1/generation/data/dpp-bulk,2026-05-31 21:45:55.915231+00:00,3222890,ETİ KROM_LUY_ÖDEMESİZ_İLETİM_5.1.Ç,10933,2026-05-31T05:00:00+03:00,05:00
40W000003222890Z,ETİ KROM_LUY_ÖDEMESİZ_İLETİM_5.1.Ç,unknown,2026-05-31 06:00:00+03:00,,3.8,chunk_0072.json,POST /v1/generation/data/dpp-bulk,2026-05-31 21:45:55.915231+00:00,3222890,ETİ KROM_LUY_ÖDEMESİZ_İLETİM_5.1.Ç,10933,2026-05-31T06:00:00+03:00,06:00
40W000003222890Z,ETİ KROM_LUY_ÖDEMESİZ_İLETİM_5.1.Ç,unknown,2026-05-31 07:00:00+03:00,,12.52,chunk_0072.json,POST /v1/generation/data/dpp-bulk,2026-05-31 21:45:55.915231+00:00,3222890,ETİ KROM_LUY_ÖDEMESİZ_İLETİM_5.1.Ç,10933,2026-05-31T07:00:00+03:00,07:00
40W000003222890Z,ETİ KROM_LUY_ÖDEMESİZ_İLETİM_5.1.Ç,unknown,2026-05-31 08:00:00+03:00,,21.9,chunk_0072.json,POST /v1/generation/data/dpp-bulk,2026-05-31 21:45:55.915231+00:00,3222890,ETİ KROM_LUY_ÖDEMESİZ_İLETİM_5.1.Ç,10933,2026-05-31T08:00:00+03:00,08:00
40W000003222890Z,ETİ KROM_LUY_ÖDEMESİZ_İLETİM_5.1.Ç,unknown,2026-05-31 09:00:00+03:00,,26.57,chunk_0072.json,POST /v1/generation/data/dpp-bulk,2026-05-31 21:45:55.915231+00:00,3222890,ETİ KROM_LUY_ÖDEMESİZ_İLETİM_5.1.Ç,10933,2026-05-31T09:00:00+03:00,09:00
40W000003222890Z,ETİ KROM_LUY_ÖDEMESİZ_İLETİM_5.1.Ç,unknown,2026-05-31 10:00:00+03:00,,26.65,chunk_0072.json,POST /v1/generation/data/dpp-bulk,2026-05-31 21:45:55.915231+00:00,3222890,ETİ KROM_LUY_ÖDEMESİZ_İLETİM_5.1.Ç,10933,2026-05-31T10:00:00+03:00,10:00
40W000003222890Z,ETİ KROM_LUY_ÖDEMESİZ_İLETİM_5.1.Ç,unknown,2026-05-31 11:00:00+03:00,,26.94,chunk_0072.json,POST /v1/generation/data/dpp-bulk,2026-05-31 21:45:55.915231+00:00,3222890,ETİ KROM_LUY_ÖDEMESİZ_İLETİM_5.1.Ç,10933,2026-05-31T11:00:00+03:00,11:00
40W000003222890Z,ETİ KROM_LUY_ÖDEMESİZ_İLETİM_5.1.Ç,unknown,2026-05-31 12:00:00+03:00,,26.88,chunk_0072.json,POST /v1/generation/data/dpp-bulk,2026-05-31 21:45:55.915231+00:00,3222890,ETİ KROM_LUY_ÖDEMESİZ_İLETİM_5.1.Ç,10933,2026-05-31T12:00:00+03:00,12:00
40W000003222890Z,ETİ KROM_LUY_ÖDEMESİZ_İLETİM_5.1.Ç,unknown,2026-05-31 13:00:00+03:00,,26.69,chunk_0072.json,POST /v1/generation/data/dpp-bulk,2026-05-31 21:45:55.915231+00:00,3222890,ETİ KROM_LUY_ÖDEMESİZ_İLETİM_5.1.Ç,10933,2026-05-31T13:00:00+03:00,13:00
40W000003222890Z,ETİ KROM_LUY_ÖDEMESİZ_İLETİM_5.1.Ç,unknown,2026-05-31 14:00:00+03:00,,26.88,chunk_0072.json,POST /v1/generation/data/dpp-bulk,2026-05-31 21:45:55.915231+00:00,3222890,ETİ KROM_LUY_ÖDEMESİZ_İLETİM_5.1.Ç,10933,2026-05-31T14:00:00+03:00,14:00
40W000003222890Z,ETİ KROM_LUY_ÖDEMESİZ_İLETİM_5.1.Ç,unknown,2026-05-31 15:00:00+03:00,,22.73,chunk_0072.json,POST /v1/generation/data/dpp-bulk,2026-05-31 21:45:55.915231+00:00,3222890,ETİ KROM_LUY_ÖDEMESİZ_İLETİM_5.1.Ç,10933,2026-05-31T15:00:00+03:00,15:00
40W000003222890Z,ETİ KROM_LUY_ÖDEMESİZ_İLETİM_5.1.Ç,unknown,2026-05-31 16:00:00+03:00,,14.61,chunk_0072.json,POST /v1/generation/data/dpp-bulk,2026-05-31 21:45:55.915231+00:00,3222890,ETİ KROM_LUY_ÖDEMESİZ_İLETİM_5.1.Ç,10933,2026-05-31T16:00:00+03:00,16:00
40W000003222890Z,ETİ KROM_LUY_ÖDEMESİZ_İLETİM_5.1.Ç,unknown,2026-05-31 17:00:00+03:00,,5.77,chunk_0072.json,POST /v1/generation/data/dpp-bulk,2026-05-31 21:45:55.915231+00:00,3222890,ETİ KROM_LUY_ÖDEMESİZ_İLETİM_5.1.Ç,10933,2026-05-31T17:00:00+03:00,17:00
40W000003222890Z,ETİ KROM_LUY_ÖDEMESİZ_İLETİM_5.1.Ç,unknown,2026-05-31 18:00:00+03:00,,1.79,chunk_0072.json,POST /v1/generation/data/dpp-bulk,2026-05-31 21:45:55.915231+00:00,3222890,ETİ KROM_LUY_ÖDEMESİZ_İLETİM_5.1.Ç,10933,2026-05-31T18:00:00+03:00,18:00
40W000003222890Z,ETİ KROM_LUY_ÖDEMESİZ_İLETİM_5.1.Ç,unknown,2026-05-31 19:00:00+03:00,,0.03,chunk_0072.json,POST /v1/generation/data/dpp-bulk,2026-05-31 21:45:55.915231+00:00,3222890,ETİ KROM_LUY_ÖDEMESİZ_İLETİM_5.1.Ç,10933,2026-05-31T19:00:00+03:00,19:00
40W000003222890Z,ETİ KROM_LUY_ÖDEMESİZ_İLETİM_5.1.Ç,unknown,2026-05-31 20:00:00+03:00,,0.0,chunk_0072.json,POST /v1/generation/data/dpp-bulk,2026-05-31 21:45:55.915231+00:00,3222890,ETİ KROM_LUY_ÖDEMESİZ_İLETİM_5.1.Ç,10933,2026-05-31T20:00:00+03:00,20:00
40W000003222890Z,ETİ KROM_LUY_ÖDEMESİZ_İLETİM_5.1.Ç,unknown,2026-05-31 21:00:00+03:00,,0.0,chunk_0072.json,POST /v1/generation/data/dpp-bulk,2026-05-31 21:45:55.915231+00:00,3222890,ETİ KROM_LUY_ÖDEMESİZ_İLETİM_5.1.Ç,10933,2026-05-31T21:00:00+03:00,21:00
40W000003222890Z,ETİ KROM_LUY_ÖDEMESİZ_İLETİM_5.1.Ç,unknown,2026-05-31 22:00:00+03:00,,0.0,chunk_0072.json,POST /v1/generation/data/dpp-bulk,2026-05-31 21:45:55.915231+00:00,3222890,ETİ KROM_LUY_ÖDEMESİZ_İLETİM_5.1.Ç,10933,2026-05-31T22:00:00+03:00,22:00
40W000003222890Z,ETİ KROM_LUY_ÖDEMESİZ_İLETİM_5.1.Ç,unknown,2026-05-31 23:00:00+03:00,,0.0,chunk_0072.json,POST /v1/generation/data/dpp-bulk,2026-05-31 21:45:55.915231+00:00,3222890,ETİ KROM_LUY_ÖDEMESİZ_İLETİM_5.1.Ç,10933,2026-05-31T23:00:00+03:00,23:00
40W000003222913C,KOSBİ ÜRETİMİ(SAATLİK)_166655385 İD,unknown,2026-05-31 00:00:00+03:00,,0.0,chunk_0072.json,POST /v1/generation/data/dpp-bulk,2026-05-31 21:45:55.915231+00:00,3222913,KOSBİ ÜRETİMİ(SAATLİK)_166655385 İD,10935,2026-05-31T00:00:00+03:00,00:00
40W000003222913C,KOSBİ ÜRETİMİ(SAATLİK)_166655385 İD,unknown,2026-05-31 01:00:00+03:00,,0.0,chunk_0072.json,POST /v1/generation/data/dpp-bulk,2026-05-31 21:45:55.915231+00:00,3222913,KOSBİ ÜRETİMİ(SAATLİK)_166655385 İD,10935,2026-05-31T01:00:00+03:00,01:00
40W000003222913C,KOSBİ ÜRETİMİ(SAATLİK)_166655385 İD,unknown,2026-05-31 02:00:00+03:00,,0.0,chunk_0072.json,POST /v1/generation/data/dpp-bulk,2026-05-31 21:45:55.915231+00:00,3222913,KOSBİ ÜRETİMİ(SAATLİK)_166655385 İD,10935,2026-05-31T02:00:00+03:00,02:00
40W000003222913C,KOSBİ ÜRETİMİ(SAATLİK)_166655385 İD,unknown,2026-05-31 03:00:00+03:00,,0.0,chunk_0072.json,POST /v1/generation/data/dpp-bulk,2026-05-31 21:45:55.915231+00:00,3222913,KOSBİ ÜRETİMİ(SAATLİK)_166655385 İD,10935,2026-05-31T03:00:00+03:00,03:00
40W000003222913C,KOSBİ ÜRETİMİ(SAATLİK)_166655385 İD,unknown,2026-05-31 04:00:00+03:00,,0.0,chunk_0072.json,POST /v1/generation/data/dpp-bulk,2026-05-31 21:45:55.915231+00:00,3222913,KOSBİ ÜRETİMİ(SAATLİK)_166655385 İD,10935,2026-05-31T04:00:00+03:00,04:00
40W000003222913C,KOSBİ ÜRETİMİ(SAATLİK)_166655385 İD,unknown,2026-05-31 05:00:00+03:00,,0.0,chunk_0072.json,POST /v1/generation/data/dpp-bulk,2026-05-31 21:45:55.915231+00:00,3222913,KOSBİ ÜRETİMİ(SAATLİK)_166655385 İD,10935,2026-05-31T05:00:00+03:00,05:00
40W000003222913C,KOSBİ ÜRETİMİ(SAATLİK)_166655385 İD,unknown,2026-05-31 06:00:00+03:00,,0.03,chunk_0072.json,POST /v1/generation/data/dpp-bulk,2026-05-31 21:45:55.915231+00:00,3222913,KOSBİ ÜRETİMİ(SAATLİK)_166655385 İD,10935,2026-05-31T06:00:00+03:00,06:00
40W000003222913C,KOSBİ ÜRETİMİ(SAATLİK)_166655385 İD,unknown,2026-05-31 07:00:00+03:00,,0.08,chunk_0072.json,POST /v1/generation/data/dpp-bulk,2026-05-31 21:45:55.915231+00:00,3222913,KOSBİ ÜRETİMİ(SAATLİK)_166655385 İD,10935,2026-05-31T07:00:00+03:00,07:00
40W000003222913C,KOSBİ ÜRETİMİ(SAATLİK)_166655385 İD,unknown,2026-05-31 08:00:00+03:00,,0.18,chunk_0072.json,POST /v1/generation/data/dpp-bulk,2026-05-31 21:45:55.915231+00:00,3222913,KOSBİ ÜRETİMİ(SAATLİK)_166655385 İD,10935,2026-05-31T08:00:00+03:00,08:00
40W000003222913C,KOSBİ ÜRETİMİ(SAATLİK)_166655385 İD,unknown,2026-05-31 09:00:00+03:00,,0.28,chunk_0072.json,POST /v1/generation/data/dpp-bulk,2026-05-31 21:45:55.915231+00:00,3222913,KOSBİ ÜRETİMİ(SAATLİK)_166655385 İD,10935,2026-05-31T09:00:00+03:00,09:00
40W000003222913C,KOSBİ ÜRETİMİ(SAATLİK)_166655385 İD,unknown,2026-05-31 10:00:00+03:00,,0.36,chunk_0072.json,POST /v1/generation/data/dpp-bulk,2026-05-31 21:45:55.915231+00:00,3222913,KOSBİ ÜRETİMİ(SAATLİK)_166655385 İD,10935,2026-05-31T10:00:00+03:00,10:00
40W000003222913C,KOSBİ ÜRETİMİ(SAATLİK)_166655385 İD,unknown,2026-05-31 11:00:00+03:00,,0.4,chunk_0072.json,POST /v1/generation/data/dpp-bulk,2026-05-31 21:45:55.915231+00:00,3222913,KOSBİ ÜRETİMİ(SAATLİK)_166655385 İD,10935,2026-05-31T11:00:00+03:00,11:00
40W000003222913C,KOSBİ ÜRETİMİ(SAATLİK)_166655385 İD,unknown,2026-05-31 12:00:00+03:00,,0.42,chunk_0072.json,POST /v1/generation/data/dpp-bulk,2026-05-31 21:45:55.915231+00:00,3222913,KOSBİ ÜRETİMİ(SAATLİK)_166655385 İD,10935,2026-05-31T12:00:00+03:00,12:00
40W000003222913C,KOSBİ ÜRETİMİ(SAATLİK)_166655385 İD,unknown,2026-05-31 13:00:00+03:00,,0.42,chunk_0072.json,POST /v1/generation/data/dpp-bulk,2026-05-31 21:45:55.915231+00:00,3222913,KOSBİ ÜRETİMİ(SAATLİK)_166655385 İD,10935,2026-05-31T13:00:00+03:00,13:00
40W000003222913C,KOSBİ ÜRETİMİ(SAATLİK)_166655385 İD,unknown,2026-05-31 14:00:00+03:00,,0.4,chunk_0072.json,POST /v1/generation/data/dpp-bulk,2026-05-31 21:45:55.915231+00:00,3222913,KOSBİ ÜRETİMİ(SAATLİK)_166655385 İD,10935,2026-05-31T14:00:00+03:00,14:00
40W000003222913C,KOSBİ ÜRETİMİ(SAATLİK)_166655385 İD,unknown,2026-05-31 15:00:00+03:00,,0.35,chunk_0072.json,POST /v1/generation/data/dpp-bulk,2026-05-31 21:45:55.915231+00:00,3222913,KOSBİ ÜRETİMİ(SAATLİK)_166655385 İD,10935,2026-05-31T15:00:00+03:00,15:00
40W000003222913C,KOSBİ ÜRETİMİ(SAATLİK)_166655385 İD,unknown,2026-05-31 16:00:00+03:00,,0.28,chunk_0072.json,POST /v1/generation/data/dpp-bulk,2026-05-31 21:45:55.915231+00:00,3222913,KOSBİ ÜRETİMİ(SAATLİK)_166655385 İD,10935,2026-05-31T16:00:00+03:00,16:00
40W000003222913C,KOSBİ ÜRETİMİ(SAATLİK)_166655385 İD,unknown,2026-05-31 17:00:00+03:00,,0.18,chunk_0072.json,POST /v1/generation/data/dpp-bulk,2026-05-31 21:45:55.915231+00:00,3222913,KOSBİ ÜRETİMİ(SAATLİK)_166655385 İD,10935,2026-05-31T17:00:00+03:00,17:00
40W000003222913C,KOSBİ ÜRETİMİ(SAATLİK)_166655385 İD,unknown,2026-05-31 18:00:00+03:00,,0.09,chunk_0072.json,POST /v1/generation/data/dpp-bulk,2026-05-31 21:45:55.915231+00:00,3222913,KOSBİ ÜRETİMİ(SAATLİK)_166655385 İD,10935,2026-05-31T18:00:00+03:00,18:00
40W000003222913C,KOSBİ ÜRETİMİ(SAATLİK)_166655385 İD,unknown,2026-05-31 19:00:00+03:00,,0.03,chunk_0072.json,POST /v1/generation/data/dpp-bulk,2026-05-31 21:45:55.915231+00:00,3222913,KOSBİ ÜRETİMİ(SAATLİK)_166655385 İD,10935,2026-05-31T19:00:00+03:00,19:00
40W000003222913C,KOSBİ ÜRETİMİ(SAATLİK)_166655385 İD,unknown,2026-05-31 20:00:00+03:00,,0.0,chunk_0072.json,POST /v1/generation/data/dpp-bulk,2026-05-31 21:45:55.915231+00:00,3222913,KOSBİ ÜRETİMİ(SAATLİK)_166655385 İD,10935,2026-05-31T20:00:00+03:00,20:00
40W000003222913C,KOSBİ ÜRETİMİ(SAATLİK)_166655385 İD,unknown,2026-05-31 21:00:00+03:00,,0.0,chunk_0072.json,POST /v1/generation/data/dpp-bulk,2026-05-31 21:45:55.915231+00:00,3222913,KOSBİ ÜRETİMİ(SAATLİK)_166655385 İD,10935,2026-05-31T21:00:00+03:00,21:00
40W000003222913C,KOSBİ ÜRETİMİ(SAATLİK)_166655385 İD,unknown,2026-05-31 22:00:00+03:00,,0.0,chunk_0072.json,POST /v1/generation/data/dpp-bulk,2026-05-31 21:45:55.915231+00:00,3222913,KOSBİ ÜRETİMİ(SAATLİK)_166655385 İD,10935,2026-05-31T22:00:00+03:00,22:00
40W000003222913C,KOSBİ ÜRETİMİ(SAATLİK)_166655385 İD,unknown,2026-05-31 23:00:00+03:00,,0.0,chunk_0072.json,POST /v1/generation/data/dpp-bulk,2026-05-31 21:45:55.915231+00:00,3222913,KOSBİ ÜRETİMİ(SAATLİK)_166655385 İD,10935,2026-05-31T23:00:00+03:00,23:00
40W000003222910I,ETİ ALÜMİNYUM__LUY_ÖDEMESİZ_İLETİM_5.1.Ç,unknown,2026-05-31 00:00:00+03:00,,0.0,chunk_0072.json,POST /v1/generation/data/dpp-bulk,2026-05-31 21:45:55.915231+00:00,3222910,ETİ ALÜMİNYUM__LUY_ÖDEMESİZ_İLETİM_5.1.Ç,10939,2026-05-31T00:00:00+03:00,00:00
40W000003222910I,ETİ ALÜMİNYUM__LUY_ÖDEMESİZ_İLETİM_5.1.Ç,unknown,2026-05-31 01:00:00+03:00,,0.0,chunk_0072.json,POST /v1/generation/data/dpp-bulk,2026-05-31 21:45:55.915231+00:00,3222910,ETİ ALÜMİNYUM__LUY_ÖDEMESİZ_İLETİM_5.1.Ç,10939,2026-05-31T01:00:00+03:00,01:00
40W000003222910I,ETİ ALÜMİNYUM__LUY_ÖDEMESİZ_İLETİM_5.1.Ç,unknown,2026-05-31 02:00:00+03:00,,0.0,chunk_0072.json,POST /v1/generation/data/dpp-bulk,2026-05-31 21:45:55.915231+00:00,3222910,ETİ ALÜMİNYUM__LUY_ÖDEMESİZ_İLETİM_5.1.Ç,10939,2026-05-31T02:00:00+03:00,02:00
40W000003222910I,ETİ ALÜMİNYUM__LUY_ÖDEMESİZ_İLETİM_5.1.Ç,unknown,2026-05-31 03:00:00+03:00,,0.0,chunk_0072.json,POST /v1/generation/data/dpp-bulk,2026-05-31 21:45:55.915231+00:00,3222910,ETİ ALÜMİNYUM__LUY_ÖDEMESİZ_İLETİM_5.1.Ç,10939,2026-05-31T03:00:00+03:00,03:00
40W000003222910I,ETİ ALÜMİNYUM__LUY_ÖDEMESİZ_İLETİM_5.1.Ç,unknown,2026-05-31 04:00:00+03:00,,0.0,chunk_0072.json,POST /v1/generation/data/dpp-bulk,2026-05-31 21:45:55.915231+00:00,3222910,ETİ ALÜMİNYUM__LUY_ÖDEMESİZ_İLETİM_5.1.Ç,10939,2026-05-31T04:00:00+03:00,04:00
40W000003222910I,ETİ ALÜMİNYUM__LUY_ÖDEMESİZ_İLETİM_5.1.Ç,unknown,2026-05-31 05:00:00+03:00,,0.0,chunk_0072.json,POST /v1/generation/data/dpp-bulk,2026-05-31 21:45:55.915231+00:00,3222910,ETİ ALÜMİNYUM__LUY_ÖDEMESİZ_İLETİM_5.1.Ç,10939,2026-05-31T05:00:00+03:00,05:00
40W000003222910I,ETİ ALÜMİNYUM__LUY_ÖDEMESİZ_İLETİM_5.1.Ç,unknown,2026-05-31 06:00:00+03:00,,0.0,chunk_0072.json,POST /v1/generation/data/dpp-bulk,2026-05-31 21:45:55.915231+00:00,3222910,ETİ ALÜMİNYUM__LUY_ÖDEMESİZ_İLETİM_5.1.Ç,10939,2026-05-31T06:00:00+03:00,06:00
40W000003222910I,ETİ ALÜMİNYUM__LUY_ÖDEMESİZ_İLETİM_5.1.Ç,unknown,2026-05-31 07:00:00+03:00,,0.0,chunk_0072.json,POST /v1/generation/data/dpp-bulk,2026-05-31 21:45:55.915231+00:00,3222910,ETİ ALÜMİNYUM__LUY_ÖDEMESİZ_İLETİM_5.1.Ç,10939,2026-05-31T07:00:00+03:00,07:00
40W000003222910I,ETİ ALÜMİNYUM__LUY_ÖDEMESİZ_İLETİM_5.1.Ç,unknown,2026-05-31 08:00:00+03:00,,0.0,chunk_0072.json,POST /v1/generation/data/dpp-bulk,2026-05-31 21:45:55.915231+00:00,3222910,ETİ ALÜMİNYUM__LUY_ÖDEMESİZ_İLETİM_5.1.Ç,10939,2026-05-31T08:00:00+03:00,08:00
40W000003222910I,ETİ ALÜMİNYUM__LUY_ÖDEMESİZ_İLETİM_5.1.Ç,unknown,2026-05-31 09:00:00+03:00,,0.0,chunk_0072.json,POST /v1/generation/data/dpp-bulk,2026-05-31 21:45:55.915231+00:00,3222910,ETİ ALÜMİNYUM__LUY_ÖDEMESİZ_İLETİM_5.1.Ç,10939,2026-05-31T09:00:00+03:00,09:00
40W000003222910I,ETİ ALÜMİNYUM__LUY_ÖDEMESİZ_İLETİM_5.1.Ç,unknown,2026-05-31 10:00:00+03:00,,0.0,chunk_0072.json,POST /v1/generation/data/dpp-bulk,2026-05-31 21:45:55.915231+00:00,3222910,ETİ ALÜMİNYUM__LUY_ÖDEMESİZ_İLETİM_5.1.Ç,10939,2026-05-31T10:00:00+03:00,10:00
40W000003222910I,ETİ ALÜMİNYUM__LUY_ÖDEMESİZ_İLETİM_5.1.Ç,unknown,2026-05-31 11:00:00+03:00,,0.0,chunk_0072.json,POST /v1/generation/data/dpp-bulk,2026-05-31 21:45:55.915231+00:00,3222910,ETİ ALÜMİNYUM__LUY_ÖDEMESİZ_İLETİM_5.1.Ç,10939,2026-05-31T11:00:00+03:00,11:00
40W000003222910I,ETİ ALÜMİNYUM__LUY_ÖDEMESİZ_İLETİM_5.1.Ç,unknown,2026-05-31 12:00:00+03:00,,0.0,chunk_0072.json,POST /v1/generation/data/dpp-bulk,2026-05-31 21:45:55.915231+00:00,3222910,ETİ ALÜMİNYUM__LUY_ÖDEMESİZ_İLETİM_5.1.Ç,10939,2026-05-31T12:00:00+03:00,12:00
40W000003222910I,ETİ ALÜMİNYUM__LUY_ÖDEMESİZ_İLETİM_5.1.Ç,unknown,2026-05-31 13:00:00+03:00,,0.0,chunk_0072.json,POST /v1/generation/data/dpp-bulk,2026-05-31 21:45:55.915231+00:00,3222910,ETİ ALÜMİNYUM__LUY_ÖDEMESİZ_İLETİM_5.1.Ç,10939,2026-05-31T13:00:00+03:00,13:00
40W000003222910I,ETİ ALÜMİNYUM__LUY_ÖDEMESİZ_İLETİM_5.1.Ç,unknown,2026-05-31 14:00:00+03:00,,0.0,chunk_0072.json,POST /v1/generation/data/dpp-bulk,2026-05-31 21:45:55.915231+00:00,3222910,ETİ ALÜMİNYUM__LUY_ÖDEMESİZ_İLETİM_5.1.Ç,10939,2026-05-31T14:00:00+03:00,14:00
40W000003222910I,ETİ ALÜMİNYUM__LUY_ÖDEMESİZ_İLETİM_5.1.Ç,unknown,2026-05-31 15:00:00+03:00,,0.0,chunk_0072.json,POST /v1/generation/data/dpp-bulk,2026-05-31 21:45:55.915231+00:00,3222910,ETİ ALÜMİNYUM__LUY_ÖDEMESİZ_İLETİM_5.1.Ç,10939,2026-05-31T15:00:00+03:00,15:00
40W000003222910I,ETİ ALÜMİNYUM__LUY_ÖDEMESİZ_İLETİM_5.1.Ç,unknown,2026-05-31 16:00:00+03:00,,0.0,chunk_0072.json,POST /v1/generation/data/dpp-bulk,2026-05-31 21:45:55.915231+00:00,3222910,ETİ ALÜMİNYUM__LUY_ÖDEMESİZ_İLETİM_5.1.Ç,10939,2026-05-31T16:00:00+03:00,16:00
40W000003222910I,ETİ ALÜMİNYUM__LUY_ÖDEMESİZ_İLETİM_5.1.Ç,unknown,2026-05-31 17:00:00+03:00,,0.0,chunk_0072.json,POST /v1/generation/data/dpp-bulk,2026-05-31 21:45:55.915231+00:00,3222910,ETİ ALÜMİNYUM__LUY_ÖDEMESİZ_İLETİM_5.1.Ç,10939,2026-05-31T17:00:00+03:00,17:00
40W000003222910I,ETİ ALÜMİNYUM__LUY_ÖDEMESİZ_İLETİM_5.1.Ç,unknown,2026-05-31 18:00:00+03:00,,0.0,chunk_0072.json,POST /v1/generation/data/dpp-bulk,2026-05-31 21:45:55.915231+00:00,3222910,ETİ ALÜMİNYUM__LUY_ÖDEMESİZ_İLETİM_5.1.Ç,10939,2026-05-31T18:00:00+03:00,18:00
40W000003222910I,ETİ ALÜMİNYUM__LUY_ÖDEMESİZ_İLETİM_5.1.Ç,unknown,2026-05-31 19:00:00+03:00,,0.0,chunk_0072.json,POST /v1/generation/data/dpp-bulk,2026-05-31 21:45:55.915231+00:00,3222910,ETİ ALÜMİNYUM__LUY_ÖDEMESİZ_İLETİM_5.1.Ç,10939,2026-05-31T19:00:00+03:00,19:00
40W000003222910I,ETİ ALÜMİNYUM__LUY_ÖDEMESİZ_İLETİM_5.1.Ç,unknown,2026-05-31 20:00:00+03:00,,0.0,chunk_0072.json,POST /v1/generation/data/dpp-bulk,2026-05-31 21:45:55.915231+00:00,3222910,ETİ ALÜMİNYUM__LUY_ÖDEMESİZ_İLETİM_5.1.Ç,10939,2026-05-31T20:00:00+03:00,20:00
40W000003222910I,ETİ ALÜMİNYUM__LUY_ÖDEMESİZ_İLETİM_5.1.Ç,unknown,2026-05-31 21:00:00+03:00,,0.0,chunk_0072.json,POST /v1/generation/data/dpp-bulk,2026-05-31 21:45:55.915231+00:00,3222910,ETİ ALÜMİNYUM__LUY_ÖDEMESİZ_İLETİM_5.1.Ç,10939,2026-05-31T21:00:00+03:00,21:00
40W000003222910I,ETİ ALÜMİNYUM__LUY_ÖDEMESİZ_İLETİM_5.1.Ç,unknown,2026-05-31 22:00:00+03:00,,0.0,chunk_0072.json,POST /v1/generation/data/dpp-bulk,2026-05-31 21:45:55.915231+00:00,3222910,ETİ ALÜMİNYUM__LUY_ÖDEMESİZ_İLETİM_5.1.Ç,10939,2026-05-31T22:00:00+03:00,22:00
40W000003222910I,ETİ ALÜMİNYUM__LUY_ÖDEMESİZ_İLETİM_5.1.Ç,unknown,2026-05-31 23:00:00+03:00,,0.0,chunk_0072.json,POST /v1/generation/data/dpp-bulk,2026-05-31 21:45:55.915231+00:00,3222910,ETİ ALÜMİNYUM__LUY_ÖDEMESİZ_İLETİM_5.1.Ç,10939,2026-05-31T23:00:00+03:00,23:00
40W0000032229336,NİĞDE OSB ÜRETİMİ(SAATLİK)_6206166 İD,unknown,2026-05-31 00:00:00+03:00,,0.0,chunk_0072.json,POST /v1/generation/data/dpp-bulk,2026-05-31 21:45:55.915231+00:00,3222933,NİĞDE OSB ÜRETİMİ(SAATLİK)_6206166 İD,10939,2026-05-31T00:00:00+03:00,00:00
40W0000032229336,NİĞDE OSB ÜRETİMİ(SAATLİK)_6206166 İD,unknown,2026-05-31 01:00:00+03:00,,0.0,chunk_0072.json,POST /v1/generation/data/dpp-bulk,2026-05-31 21:45:55.915231+00:00,3222933,NİĞDE OSB ÜRETİMİ(SAATLİK)_6206166 İD,10939,2026-05-31T01:00:00+03:00,01:00
40W0000032229336,NİĞDE OSB ÜRETİMİ(SAATLİK)_6206166 İD,unknown,2026-05-31 02:00:00+03:00,,0.0,chunk_0072.json,POST /v1/generation/data/dpp-bulk,2026-05-31 21:45:55.915231+00:00,3222933,NİĞDE OSB ÜRETİMİ(SAATLİK)_6206166 İD,10939,2026-05-31T02:00:00+03:00,02:00
40W0000032229336,NİĞDE OSB ÜRETİMİ(SAATLİK)_6206166 İD,unknown,2026-05-31 03:00:00+03:00,,0.0,chunk_0072.json,POST /v1/generation/data/dpp-bulk,2026-05-31 21:45:55.915231+00:00,3222933,NİĞDE OSB ÜRETİMİ(SAATLİK)_6206166 İD,10939,2026-05-31T03:00:00+03:00,03:00
40W0000032229336,NİĞDE OSB ÜRETİMİ(SAATLİK)_6206166 İD,unknown,2026-05-31 04:00:00+03:00,,0.0,chunk_0072.json,POST /v1/generation/data/dpp-bulk,2026-05-31 21:45:55.915231+00:00,3222933,NİĞDE OSB ÜRETİMİ(SAATLİK)_6206166 İD,10939,2026-05-31T04:00:00+03:00,04:00
40W0000032229336,NİĞDE OSB ÜRETİMİ(SAATLİK)_6206166 İD,unknown,2026-05-31 05:00:00+03:00,,0.0,chunk_0072.json,POST /v1/generation/data/dpp-bulk,2026-05-31 21:45:55.915231+00:00,3222933,NİĞDE OSB ÜRETİMİ(SAATLİK)_6206166 İD,10939,2026-05-31T05:00:00+03:00,05:00
40W0000032229336,NİĞDE OSB ÜRETİMİ(SAATLİK)_6206166 İD,unknown,2026-05-31 06:00:00+03:00,,0.0,chunk_0072.json,POST /v1/generation/data/dpp-bulk,2026-05-31 21:45:55.915231+00:00,3222933,NİĞDE OSB ÜRETİMİ(SAATLİK)_6206166 İD,10939,2026-05-31T06:00:00+03:00,06:00
40W0000032229336,NİĞDE OSB ÜRETİMİ(SAATLİK)_6206166 İD,unknown,2026-05-31 07:00:00+03:00,,0.0,chunk_0072.json,POST /v1/generation/data/dpp-bulk,2026-05-31 21:45:55.915231+00:00,3222933,NİĞDE OSB ÜRETİMİ(SAATLİK)_6206166 İD,10939,2026-05-31T07:00:00+03:00,07:00
40W0000032229336,NİĞDE OSB ÜRETİMİ(SAATLİK)_6206166 İD,unknown,2026-05-31 08:00:00+03:00,,0.0,chunk_0072.json,POST /v1/generation/data/dpp-bulk,2026-05-31 21:45:55.915231+00:00,3222933,NİĞDE OSB ÜRETİMİ(SAATLİK)_6206166 İD,10939,2026-05-31T08:00:00+03:00,08:00
40W0000032229336,NİĞDE OSB ÜRETİMİ(SAATLİK)_6206166 İD,unknown,2026-05-31 09:00:00+03:00,,0.0,chunk_0072.json,POST /v1/generation/data/dpp-bulk,2026-05-31 21:45:55.915231+00:00,3222933,NİĞDE OSB ÜRETİMİ(SAATLİK)_6206166 İD,10939,2026-05-31T09:00:00+03:00,09:00
40W0000032229336,NİĞDE OSB ÜRETİMİ(SAATLİK)_6206166 İD,unknown,2026-05-31 10:00:00+03:00,,0.0,chunk_0072.json,POST /v1/generation/data/dpp-bulk,2026-05-31 21:45:55.915231+00:00,3222933,NİĞDE OSB ÜRETİMİ(SAATLİK)_6206166 İD,10939,2026-05-31T10:00:00+03:00,10:00
40W0000032229336,NİĞDE OSB ÜRETİMİ(SAATLİK)_6206166 İD,unknown,2026-05-31 11:00:00+03:00,,0.0,chunk_0072.json,POST /v1/generation/data/dpp-bulk,2026-05-31 21:45:55.915231+00:00,3222933,NİĞDE OSB ÜRETİMİ(SAATLİK)_6206166 İD,10939,2026-05-31T11:00:00+03:00,11:00
40W0000032229336,NİĞDE OSB ÜRETİMİ(SAATLİK)_6206166 İD,unknown,2026-05-31 12:00:00+03:00,,0.0,chunk_0072.json,POST /v1/generation/data/dpp-bulk,2026-05-31 21:45:55.915231+00:00,3222933,NİĞDE OSB ÜRETİMİ(SAATLİK)_6206166 İD,10939,2026-05-31T12:00:00+03:00,12:00
40W0000032229336,NİĞDE OSB ÜRETİMİ(SAATLİK)_6206166 İD,unknown,2026-05-31 13:00:00+03:00,,0.0,chunk_0072.json,POST /v1/generation/data/dpp-bulk,2026-05-31 21:45:55.915231+00:00,3222933,NİĞDE OSB ÜRETİMİ(SAATLİK)_6206166 İD,10939,2026-05-31T13:00:00+03:00,13:00
40W0000032229336,NİĞDE OSB ÜRETİMİ(SAATLİK)_6206166 İD,unknown,2026-05-31 14:00:00+03:00,,0.0,chunk_0072.json,POST /v1/generation/data/dpp-bulk,2026-05-31 21:45:55.915231+00:00,3222933,NİĞDE OSB ÜRETİMİ(SAATLİK)_6206166 İD,10939,2026-05-31T14:00:00+03:00,14:00
40W0000032229336,NİĞDE OSB ÜRETİMİ(SAATLİK)_6206166 İD,unknown,2026-05-31 15:00:00+03:00,,0.0,chunk_0072.json,POST /v1/generation/data/dpp-bulk,2026-05-31 21:45:55.915231+00:00,3222933,NİĞDE OSB ÜRETİMİ(SAATLİK)_6206166 İD,10939,2026-05-31T15:00:00+03:00,15:00
40W0000032229336,NİĞDE OSB ÜRETİMİ(SAATLİK)_6206166 İD,unknown,2026-05-31 16:00:00+03:00,,0.0,chunk_0072.json,POST /v1/generation/data/dpp-bulk,2026-05-31 21:45:55.915231+00:00,3222933,NİĞDE OSB ÜRETİMİ(SAATLİK)_6206166 İD,10939,2026-05-31T16:00:00+03:00,16:00
40W0000032229336,NİĞDE OSB ÜRETİMİ(SAATLİK)_6206166 İD,unknown,2026-05-31 17:00:00+03:00,,0.0,chunk_0072.json,POST /v1/generation/data/dpp-bulk,2026-05-31 21:45:55.915231+00:00,3222933,NİĞDE OSB ÜRETİMİ(SAATLİK)_6206166 İD,10939,2026-05-31T17:00:00+03:00,17:00
40W0000032229336,NİĞDE OSB ÜRETİMİ(SAATLİK)_6206166 İD,unknown,2026-05-31 18:00:00+03:00,,0.0,chunk_0072.json,POST /v1/generation/data/dpp-bulk,2026-05-31 21:45:55.915231+00:00,3222933,NİĞDE OSB ÜRETİMİ(SAATLİK)_6206166 İD,10939,2026-05-31T18:00:00+03:00,18:00
40W0000032229336,NİĞDE OSB ÜRETİMİ(SAATLİK)_6206166 İD,unknown,2026-05-31 19:00:00+03:00,,0.0,chunk_0072.json,POST /v1/generation/data/dpp-bulk,2026-05-31 21:45:55.915231+00:00,3222933,NİĞDE OSB ÜRETİMİ(SAATLİK)_6206166 İD,10939,2026-05-31T19:00:00+03:00,19:00
40W0000032229336,NİĞDE OSB ÜRETİMİ(SAATLİK)_6206166 İD,unknown,2026-05-31 20:00:00+03:00,,0.0,chunk_0072.json,POST /v1/generation/data/dpp-bulk,2026-05-31 21:45:55.915231+00:00,3222933,NİĞDE OSB ÜRETİMİ(SAATLİK)_6206166 İD,10939,2026-05-31T20:00:00+03:00,20:00
40W0000032229336,NİĞDE OSB ÜRETİMİ(SAATLİK)_6206166 İD,unknown,2026-05-31 21:00:00+03:00,,0.0,chunk_0072.json,POST /v1/generation/data/dpp-bulk,2026-05-31 21:45:55.915231+00:00,3222933,NİĞDE OSB ÜRETİMİ(SAATLİK)_6206166 İD,10939,2026-05-31T21:00:00+03:00,21:00
40W0000032229336,NİĞDE OSB ÜRETİMİ(SAATLİK)_6206166 İD,unknown,2026-05-31 22:00:00+03:00,,0.0,chunk_0072.json,POST /v1/generation/data/dpp-bulk,2026-05-31 21:45:55.915231+00:00,3222933,NİĞDE OSB ÜRETİMİ(SAATLİK)_6206166 İD,10939,2026-05-31T22:00:00+03:00,22:00
40W0000032229336,NİĞDE OSB ÜRETİMİ(SAATLİK)_6206166 İD,unknown,2026-05-31 23:00:00+03:00,,0.0,chunk_0072.json,POST /v1/generation/data/dpp-bulk,2026-05-31 21:45:55.915231+00:00,3222933,NİĞDE OSB ÜRETİMİ(SAATLİK)_6206166 İD,10939,2026-05-31T23:00:00+03:00,23:00
40W0000032229506,KONYA OSB ÜRETİMİ(SAATLİK)_21020 İD,unknown,2026-05-31 00:00:00+03:00,,0.0,chunk_0072.json,POST /v1/generation/data/dpp-bulk,2026-05-31 21:45:55.915231+00:00,3222950,KONYA OSB ÜRETİMİ(SAATLİK)_21020 İD,10939,2026-05-31T00:00:00+03:00,00:00
40W0000032229506,KONYA OSB ÜRETİMİ(SAATLİK)_21020 İD,unknown,2026-05-31 01:00:00+03:00,,0.0,chunk_0072.json,POST /v1/generation/data/dpp-bulk,2026-05-31 21:45:55.915231+00:00,3222950,KONYA OSB ÜRETİMİ(SAATLİK)_21020 İD,10939,2026-05-31T01:00:00+03:00,01:00
40W0000032229506,KONYA OSB ÜRETİMİ(SAATLİK)_21020 İD,unknown,2026-05-31 02:00:00+03:00,,0.0,chunk_0072.json,POST /v1/generation/data/dpp-bulk,2026-05-31 21:45:55.915231+00:00,3222950,KONYA OSB ÜRETİMİ(SAATLİK)_21020 İD,10939,2026-05-31T02:00:00+03:00,02:00
40W0000032229506,KONYA OSB ÜRETİMİ(SAATLİK)_21020 İD,unknown,2026-05-31 03:00:00+03:00,,0.0,chunk_0072.json,POST /v1/generation/data/dpp-bulk,2026-05-31 21:45:55.915231+00:00,3222950,KONYA OSB ÜRETİMİ(SAATLİK)_21020 İD,10939,2026-05-31T03:00:00+03:00,03:00
40W0000032229506,KONYA OSB ÜRETİMİ(SAATLİK)_21020 İD,unknown,2026-05-31 04:00:00+03:00,,0.0,chunk_0072.json,POST /v1/generation/data/dpp-bulk,2026-05-31 21:45:55.915231+00:00,3222950,KONYA OSB ÜRETİMİ(SAATLİK)_21020 İD,10939,2026-05-31T04:00:00+03:00,04:00
40W0000032229506,KONYA OSB ÜRETİMİ(SAATLİK)_21020 İD,unknown,2026-05-31 05:00:00+03:00,,0.0,chunk_0072.json,POST /v1/generation/data/dpp-bulk,2026-05-31 21:45:55.915231+00:00,3222950,KONYA OSB ÜRETİMİ(SAATLİK)_21020 İD,10939,2026-05-31T05:00:00+03:00,05:00
40W0000032229506,KONYA OSB ÜRETİMİ(SAATLİK)_21020 İD,unknown,2026-05-31 06:00:00+03:00,,0.0,chunk_0072.json,POST /v1/generation/data/dpp-bulk,2026-05-31 21:45:55.915231+00:00,3222950,KONYA OSB ÜRETİMİ(SAATLİK)_21020 İD,10939,2026-05-31T06:00:00+03:00,06:00
40W0000032229506,KONYA OSB ÜRETİMİ(SAATLİK)_21020 İD,unknown,2026-05-31 07:00:00+03:00,,0.0,chunk_0072.json,POST /v1/generation/data/dpp-bulk,2026-05-31 21:45:55.915231+00:00,3222950,KONYA OSB ÜRETİMİ(SAATLİK)_21020 İD,10939,2026-05-31T07:00:00+03:00,07:00
40W0000032229506,KONYA OSB ÜRETİMİ(SAATLİK)_21020 İD,unknown,2026-05-31 08:00:00+03:00,,0.0,chunk_0072.json,POST /v1/generation/data/dpp-bulk,2026-05-31 21:45:55.915231+00:00,3222950,KONYA OSB ÜRETİMİ(SAATLİK)_21020 İD,10939,2026-05-31T08:00:00+03:00,08:00
40W0000032229506,KONYA OSB ÜRETİMİ(SAATLİK)_21020 İD,unknown,2026-05-31 09:00:00+03:00,,0.0,chunk_0072.json,POST /v1/generation/data/dpp-bulk,2026-05-31 21:45:55.915231+00:00,3222950,KONYA OSB ÜRETİMİ(SAATLİK)_21020 İD,10939,2026-05-31T09:00:00+03:00,09:00
40W0000032229506,KONYA OSB ÜRETİMİ(SAATLİK)_21020 İD,unknown,2026-05-31 10:00:00+03:00,,0.0,chunk_0072.json,POST /v1/generation/data/dpp-bulk,2026-05-31 21:45:55.915231+00:00,3222950,KONYA OSB ÜRETİMİ(SAATLİK)_21020 İD,10939,2026-05-31T10:00:00+03:00,10:00
40W0000032229506,KONYA OSB ÜRETİMİ(SAATLİK)_21020 İD,unknown,2026-05-31 11:00:00+03:00,,0.0,chunk_0072.json,POST /v1/generation/data/dpp-bulk,2026-05-31 21:45:55.915231+00:00,3222950,KONYA OSB ÜRETİMİ(SAATLİK)_21020 İD,10939,2026-05-31T11:00:00+03:00,11:00
40W0000032229506,KONYA OSB ÜRETİMİ(SAATLİK)_21020 İD,unknown,2026-05-31 12:00:00+03:00,,0.0,chunk_0072.json,POST /v1/generation/data/dpp-bulk,2026-05-31 21:45:55.915231+00:00,3222950,KONYA OSB ÜRETİMİ(SAATLİK)_21020 İD,10939,2026-05-31T12:00:00+03:00,12:00
40W0000032229506,KONYA OSB ÜRETİMİ(SAATLİK)_21020 İD,unknown,2026-05-31 13:00:00+03:00,,0.0,chunk_0072.json,POST /v1/generation/data/dpp-bulk,2026-05-31 21:45:55.915231+00:00,3222950,KONYA OSB ÜRETİMİ(SAATLİK)_21020 İD,10939,2026-05-31T13:00:00+03:00,13:00
40W0000032229506,KONYA OSB ÜRETİMİ(SAATLİK)_21020 İD,unknown,2026-05-31 14:00:00+03:00,,0.0,chunk_0072.json,POST /v1/generation/data/dpp-bulk,2026-05-31 21:45:55.915231+00:00,3222950,KONYA OSB ÜRETİMİ(SAATLİK)_21020 İD,10939,2026-05-31T14:00:00+03:00,14:00
40W0000032229506,KONYA OSB ÜRETİMİ(SAATLİK)_21020 İD,unknown,2026-05-31 15:00:00+03:00,,0.0,chunk_0072.json,POST /v1/generation/data/dpp-bulk,2026-05-31 21:45:55.915231+00:00,3222950,KONYA OSB ÜRETİMİ(SAATLİK)_21020 İD,10939,2026-05-31T15:00:00+03:00,15:00
40W0000032229506,KONYA OSB ÜRETİMİ(SAATLİK)_21020 İD,unknown,2026-05-31 16:00:00+03:00,,0.0,chunk_0072.json,POST /v1/generation/data/dpp-bulk,2026-05-31 21:45:55.915231+00:00,3222950,KONYA OSB ÜRETİMİ(SAATLİK)_21020 İD,10939,2026-05-31T16:00:00+03:00,16:00
40W0000032229506,KONYA OSB ÜRETİMİ(SAATLİK)_21020 İD,unknown,2026-05-31 17:00:00+03:00,,0.0,chunk_0072.json,POST /v1/generation/data/dpp-bulk,2026-05-31 21:45:55.915231+00:00,3222950,KONYA OSB ÜRETİMİ(SAATLİK)_21020 İD,10939,2026-05-31T17:00:00+03:00,17:00
40W0000032229506,KONYA OSB ÜRETİMİ(SAATLİK)_21020 İD,unknown,2026-05-31 18:00:00+03:00,,0.0,chunk_0072.json,POST /v1/generation/data/dpp-bulk,2026-05-31 21:45:55.915231+00:00,3222950,KONYA OSB ÜRETİMİ(SAATLİK)_21020 İD,10939,2026-05-31T18:00:00+03:00,18:00
40W0000032229506,KONYA OSB ÜRETİMİ(SAATLİK)_21020 İD,unknown,2026-05-31 19:00:00+03:00,,0.0,chunk_0072.json,POST /v1/generation/data/dpp-bulk,2026-05-31 21:45:55.915231+00:00,3222950,KONYA OSB ÜRETİMİ(SAATLİK)_21020 İD,10939,2026-05-31T19:00:00+03:00,19:00
40W0000032229506,KONYA OSB ÜRETİMİ(SAATLİK)_21020 İD,unknown,2026-05-31 20:00:00+03:00,,0.0,chunk_0072.json,POST /v1/generation/data/dpp-bulk,2026-05-31 21:45:55.915231+00:00,3222950,KONYA OSB ÜRETİMİ(SAATLİK)_21020 İD,10939,2026-05-31T20:00:00+03:00,20:00
40W0000032229506,KONYA OSB ÜRETİMİ(SAATLİK)_21020 İD,unknown,2026-05-31 21:00:00+03:00,,0.0,chunk_0072.json,POST /v1/generation/data/dpp-bulk,2026-05-31 21:45:55.915231+00:00,3222950,KONYA OSB ÜRETİMİ(SAATLİK)_21020 İD,10939,2026-05-31T21:00:00+03:00,21:00
40W0000032229506,KONYA OSB ÜRETİMİ(SAATLİK)_21020 İD,unknown,2026-05-31 22:00:00+03:00,,0.0,chunk_0072.json,POST /v1/generation/data/dpp-bulk,2026-05-31 21:45:55.915231+00:00,3222950,KONYA OSB ÜRETİMİ(SAATLİK)_21020 İD,10939,2026-05-31T22:00:00+03:00,22:00
40W0000032229506,KONYA OSB ÜRETİMİ(SAATLİK)_21020 İD,unknown,2026-05-31 23:00:00+03:00,,0.0,chunk_0072.json,POST /v1/generation/data/dpp-bulk,2026-05-31 21:45:55.915231+00:00,3222950,KONYA OSB ÜRETİMİ(SAATLİK)_21020 İD,10939,2026-05-31T23:00:00+03:00,23:00
40W000003222976P,ERZİNCAN OSB ÜRETİMİ(SAATLİK)_31763411 İD,unknown,2026-05-31 00:00:00+03:00,,0.0,chunk_0072.json,POST /v1/generation/data/dpp-bulk,2026-05-31 21:45:55.915231+00:00,3222976,ERZİNCAN OSB ÜRETİMİ(SAATLİK)_31763411 İD,10942,2026-05-31T00:00:00+03:00,00:00
40W000003222976P,ERZİNCAN OSB ÜRETİMİ(SAATLİK)_31763411 İD,unknown,2026-05-31 01:00:00+03:00,,0.0,chunk_0072.json,POST /v1/generation/data/dpp-bulk,2026-05-31 21:45:55.915231+00:00,3222976,ERZİNCAN OSB ÜRETİMİ(SAATLİK)_31763411 İD,10942,2026-05-31T01:00:00+03:00,01:00
40W000003222976P,ERZİNCAN OSB ÜRETİMİ(SAATLİK)_31763411 İD,unknown,2026-05-31 02:00:00+03:00,,0.0,chunk_0072.json,POST /v1/generation/data/dpp-bulk,2026-05-31 21:45:55.915231+00:00,3222976,ERZİNCAN OSB ÜRETİMİ(SAATLİK)_31763411 İD,10942,2026-05-31T02:00:00+03:00,02:00
40W000003222976P,ERZİNCAN OSB ÜRETİMİ(SAATLİK)_31763411 İD,unknown,2026-05-31 03:00:00+03:00,,0.0,chunk_0072.json,POST /v1/generation/data/dpp-bulk,2026-05-31 21:45:55.915231+00:00,3222976,ERZİNCAN OSB ÜRETİMİ(SAATLİK)_31763411 İD,10942,2026-05-31T03:00:00+03:00,03:00
40W000003222976P,ERZİNCAN OSB ÜRETİMİ(SAATLİK)_31763411 İD,unknown,2026-05-31 04:00:00+03:00,,0.0,chunk_0072.json,POST /v1/generation/data/dpp-bulk,2026-05-31 21:45:55.915231+00:00,3222976,ERZİNCAN OSB ÜRETİMİ(SAATLİK)_31763411 İD,10942,2026-05-31T04:00:00+03:00,04:00
40W000003222976P,ERZİNCAN OSB ÜRETİMİ(SAATLİK)_31763411 İD,unknown,2026-05-31 05:00:00+03:00,,0.0,chunk_0072.json,POST /v1/generation/data/dpp-bulk,2026-05-31 21:45:55.915231+00:00,3222976,ERZİNCAN OSB ÜRETİMİ(SAATLİK)_31763411 İD,10942,2026-05-31T05:00:00+03:00,05:00
40W000003222976P,ERZİNCAN OSB ÜRETİMİ(SAATLİK)_31763411 İD,unknown,2026-05-31 06:00:00+03:00,,0.19,chunk_0072.json,POST /v1/generation/data/dpp-bulk,2026-05-31 21:45:55.915231+00:00,3222976,ERZİNCAN OSB ÜRETİMİ(SAATLİK)_31763411 İD,10942,2026-05-31T06:00:00+03:00,06:00
40W000003222976P,ERZİNCAN OSB ÜRETİMİ(SAATLİK)_31763411 İD,unknown,2026-05-31 07:00:00+03:00,,0.51,chunk_0072.json,POST /v1/generation/data/dpp-bulk,2026-05-31 21:45:55.915231+00:00,3222976,ERZİNCAN OSB ÜRETİMİ(SAATLİK)_31763411 İD,10942,2026-05-31T07:00:00+03:00,07:00
40W000003222976P,ERZİNCAN OSB ÜRETİMİ(SAATLİK)_31763411 İD,unknown,2026-05-31 08:00:00+03:00,,0.73,chunk_0072.json,POST /v1/generation/data/dpp-bulk,2026-05-31 21:45:55.915231+00:00,3222976,ERZİNCAN OSB ÜRETİMİ(SAATLİK)_31763411 İD,10942,2026-05-31T08:00:00+03:00,08:00
40W000003222976P,ERZİNCAN OSB ÜRETİMİ(SAATLİK)_31763411 İD,unknown,2026-05-31 09:00:00+03:00,,0.99,chunk_0072.json,POST /v1/generation/data/dpp-bulk,2026-05-31 21:45:55.915231+00:00,3222976,ERZİNCAN OSB ÜRETİMİ(SAATLİK)_31763411 İD,10942,2026-05-31T09:00:00+03:00,09:00
40W000003222976P,ERZİNCAN OSB ÜRETİMİ(SAATLİK)_31763411 İD,unknown,2026-05-31 10:00:00+03:00,,0.99,chunk_0072.json,POST /v1/generation/data/dpp-bulk,2026-05-31 21:45:55.915231+00:00,3222976,ERZİNCAN OSB ÜRETİMİ(SAATLİK)_31763411 İD,10942,2026-05-31T10:00:00+03:00,10:00
40W000003222976P,ERZİNCAN OSB ÜRETİMİ(SAATLİK)_31763411 İD,unknown,2026-05-31 11:00:00+03:00,,1.01,chunk_0072.json,POST /v1/generation/data/dpp-bulk,2026-05-31 21:45:55.915231+00:00,3222976,ERZİNCAN OSB ÜRETİMİ(SAATLİK)_31763411 İD,10942,2026-05-31T11:00:00+03:00,11:00
40W000003222976P,ERZİNCAN OSB ÜRETİMİ(SAATLİK)_31763411 İD,unknown,2026-05-31 12:00:00+03:00,,0.99,chunk_0072.json,POST /v1/generation/data/dpp-bulk,2026-05-31 21:45:55.915231+00:00,3222976,ERZİNCAN OSB ÜRETİMİ(SAATLİK)_31763411 İD,10942,2026-05-31T12:00:00+03:00,12:00
40W000003222976P,ERZİNCAN OSB ÜRETİMİ(SAATLİK)_31763411 İD,unknown,2026-05-31 13:00:00+03:00,,0.98,chunk_0072.json,POST /v1/generation/data/dpp-bulk,2026-05-31 21:45:55.915231+00:00,3222976,ERZİNCAN OSB ÜRETİMİ(SAATLİK)_31763411 İD,10942,2026-05-31T13:00:00+03:00,13:00
40W000003222976P,ERZİNCAN OSB ÜRETİMİ(SAATLİK)_31763411 İD,unknown,2026-05-31 14:00:00+03:00,,0.9,chunk_0072.json,POST /v1/generation/data/dpp-bulk,2026-05-31 21:45:55.915231+00:00,3222976,ERZİNCAN OSB ÜRETİMİ(SAATLİK)_31763411 İD,10942,2026-05-31T14:00:00+03:00,14:00
40W000003222976P,ERZİNCAN OSB ÜRETİMİ(SAATLİK)_31763411 İD,unknown,2026-05-31 15:00:00+03:00,,0.79,chunk_0072.json,POST /v1/generation/data/dpp-bulk,2026-05-31 21:45:55.915231+00:00,3222976,ERZİNCAN OSB ÜRETİMİ(SAATLİK)_31763411 İD,10942,2026-05-31T15:00:00+03:00,15:00
40W000003222976P,ERZİNCAN OSB ÜRETİMİ(SAATLİK)_31763411 İD,unknown,2026-05-31 16:00:00+03:00,,0.56,chunk_0072.json,POST /v1/generation/data/dpp-bulk,2026-05-31 21:45:55.915231+00:00,3222976,ERZİNCAN OSB ÜRETİMİ(SAATLİK)_31763411 İD,10942,2026-05-31T16:00:00+03:00,16:00
40W000003222976P,ERZİNCAN OSB ÜRETİMİ(SAATLİK)_31763411 İD,unknown,2026-05-31 17:00:00+03:00,,0.15,chunk_0072.json,POST /v1/generation/data/dpp-bulk,2026-05-31 21:45:55.915231+00:00,3222976,ERZİNCAN OSB ÜRETİMİ(SAATLİK)_31763411 İD,10942,2026-05-31T17:00:00+03:00,17:00
40W000003222976P,ERZİNCAN OSB ÜRETİMİ(SAATLİK)_31763411 İD,unknown,2026-05-31 18:00:00+03:00,,0.0,chunk_0072.json,POST /v1/generation/data/dpp-bulk,2026-05-31 21:45:55.915231+00:00,3222976,ERZİNCAN OSB ÜRETİMİ(SAATLİK)_31763411 İD,10942,2026-05-31T18:00:00+03:00,18:00
40W000003222976P,ERZİNCAN OSB ÜRETİMİ(SAATLİK)_31763411 İD,unknown,2026-05-31 19:00:00+03:00,,0.0,chunk_0072.json,POST /v1/generation/data/dpp-bulk,2026-05-31 21:45:55.915231+00:00,3222976,ERZİNCAN OSB ÜRETİMİ(SAATLİK)_31763411 İD,10942,2026-05-31T19:00:00+03:00,19:00
40W000003222976P,ERZİNCAN OSB ÜRETİMİ(SAATLİK)_31763411 İD,unknown,2026-05-31 20:00:00+03:00,,0.0,chunk_0072.json,POST /v1/generation/data/dpp-bulk,2026-05-31 21:45:55.915231+00:00,3222976,ERZİNCAN OSB ÜRETİMİ(SAATLİK)_31763411 İD,10942,2026-05-31T20:00:00+03:00,20:00
40W000003222976P,ERZİNCAN OSB ÜRETİMİ(SAATLİK)_31763411 İD,unknown,2026-05-31 21:00:00+03:00,,0.0,chunk_0072.json,POST /v1/generation/data/dpp-bulk,2026-05-31 21:45:55.915231+00:00,3222976,ERZİNCAN OSB ÜRETİMİ(SAATLİK)_31763411 İD,10942,2026-05-31T21:00:00+03:00,21:00
40W000003222976P,ERZİNCAN OSB ÜRETİMİ(SAATLİK)_31763411 İD,unknown,2026-05-31 22:00:00+03:00,,0.0,chunk_0072.json,POST /v1/generation/data/dpp-bulk,2026-05-31 21:45:55.915231+00:00,3222976,ERZİNCAN OSB ÜRETİMİ(SAATLİK)_31763411 İD,10942,2026-05-31T22:00:00+03:00,22:00
40W000003222976P,ERZİNCAN OSB ÜRETİMİ(SAATLİK)_31763411 İD,unknown,2026-05-31 23:00:00+03:00,,0.0,chunk_0072.json,POST /v1/generation/data/dpp-bulk,2026-05-31 21:45:55.915231+00:00,3222976,ERZİNCAN OSB ÜRETİMİ(SAATLİK)_31763411 İD,10942,2026-05-31T23:00:00+03:00,23:00
40W0000032229158,ANADOLU OSB ÜRETİMİ(SAATLİK)_7895199 İD,unknown,2026-05-31 00:00:00+03:00,,0.0,chunk_0072.json,POST /v1/generation/data/dpp-bulk,2026-05-31 21:45:55.915231+00:00,3222915,ANADOLU OSB ÜRETİMİ(SAATLİK)_7895199 İD,10944,2026-05-31T00:00:00+03:00,00:00
40W0000032229158,ANADOLU OSB ÜRETİMİ(SAATLİK)_7895199 İD,unknown,2026-05-31 01:00:00+03:00,,0.0,chunk_0072.json,POST /v1/generation/data/dpp-bulk,2026-05-31 21:45:55.915231+00:00,3222915,ANADOLU OSB ÜRETİMİ(SAATLİK)_7895199 İD,10944,2026-05-31T01:00:00+03:00,01:00
40W0000032229158,ANADOLU OSB ÜRETİMİ(SAATLİK)_7895199 İD,unknown,2026-05-31 02:00:00+03:00,,0.0,chunk_0072.json,POST /v1/generation/data/dpp-bulk,2026-05-31 21:45:55.915231+00:00,3222915,ANADOLU OSB ÜRETİMİ(SAATLİK)_7895199 İD,10944,2026-05-31T02:00:00+03:00,02:00
40W0000032229158,ANADOLU OSB ÜRETİMİ(SAATLİK)_7895199 İD,unknown,2026-05-31 03:00:00+03:00,,0.0,chunk_0072.json,POST /v1/generation/data/dpp-bulk,2026-05-31 21:45:55.915231+00:00,3222915,ANADOLU OSB ÜRETİMİ(SAATLİK)_7895199 İD,10944,2026-05-31T03:00:00+03:00,03:00
40W0000032229158,ANADOLU OSB ÜRETİMİ(SAATLİK)_7895199 İD,unknown,2026-05-31 04:00:00+03:00,,0.0,chunk_0072.json,POST /v1/generation/data/dpp-bulk,2026-05-31 21:45:55.915231+00:00,3222915,ANADOLU OSB ÜRETİMİ(SAATLİK)_7895199 İD,10944,2026-05-31T04:00:00+03:00,04:00
40W0000032229158,ANADOLU OSB ÜRETİMİ(SAATLİK)_7895199 İD,unknown,2026-05-31 05:00:00+03:00,,0.01,chunk_0072.json,POST /v1/generation/data/dpp-bulk,2026-05-31 21:45:55.915231+00:00,3222915,ANADOLU OSB ÜRETİMİ(SAATLİK)_7895199 İD,10944,2026-05-31T05:00:00+03:00,05:00
40W0000032229158,ANADOLU OSB ÜRETİMİ(SAATLİK)_7895199 İD,unknown,2026-05-31 06:00:00+03:00,,0.07,chunk_0072.json,POST /v1/generation/data/dpp-bulk,2026-05-31 21:45:55.915231+00:00,3222915,ANADOLU OSB ÜRETİMİ(SAATLİK)_7895199 İD,10944,2026-05-31T06:00:00+03:00,06:00
40W0000032229158,ANADOLU OSB ÜRETİMİ(SAATLİK)_7895199 İD,unknown,2026-05-31 07:00:00+03:00,,0.21,chunk_0072.json,POST /v1/generation/data/dpp-bulk,2026-05-31 21:45:55.915231+00:00,3222915,ANADOLU OSB ÜRETİMİ(SAATLİK)_7895199 İD,10944,2026-05-31T07:00:00+03:00,07:00
40W0000032229158,ANADOLU OSB ÜRETİMİ(SAATLİK)_7895199 İD,unknown,2026-05-31 08:00:00+03:00,,0.4,chunk_0072.json,POST /v1/generation/data/dpp-bulk,2026-05-31 21:45:55.915231+00:00,3222915,ANADOLU OSB ÜRETİMİ(SAATLİK)_7895199 İD,10944,2026-05-31T08:00:00+03:00,08:00
40W0000032229158,ANADOLU OSB ÜRETİMİ(SAATLİK)_7895199 İD,unknown,2026-05-31 09:00:00+03:00,,0.55,chunk_0072.json,POST /v1/generation/data/dpp-bulk,2026-05-31 21:45:55.915231+00:00,3222915,ANADOLU OSB ÜRETİMİ(SAATLİK)_7895199 İD,10944,2026-05-31T09:00:00+03:00,09:00
40W0000032229158,ANADOLU OSB ÜRETİMİ(SAATLİK)_7895199 İD,unknown,2026-05-31 10:00:00+03:00,,0.63,chunk_0072.json,POST /v1/generation/data/dpp-bulk,2026-05-31 21:45:55.915231+00:00,3222915,ANADOLU OSB ÜRETİMİ(SAATLİK)_7895199 İD,10944,2026-05-31T10:00:00+03:00,10:00
40W0000032229158,ANADOLU OSB ÜRETİMİ(SAATLİK)_7895199 İD,unknown,2026-05-31 11:00:00+03:00,,0.67,chunk_0072.json,POST /v1/generation/data/dpp-bulk,2026-05-31 21:45:55.915231+00:00,3222915,ANADOLU OSB ÜRETİMİ(SAATLİK)_7895199 İD,10944,2026-05-31T11:00:00+03:00,11:00
40W0000032229158,ANADOLU OSB ÜRETİMİ(SAATLİK)_7895199 İD,unknown,2026-05-31 12:00:00+03:00,,0.67,chunk_0072.json,POST /v1/generation/data/dpp-bulk,2026-05-31 21:45:55.915231+00:00,3222915,ANADOLU OSB ÜRETİMİ(SAATLİK)_7895199 İD,10944,2026-05-31T12:00:00+03:00,12:00
40W0000032229158,ANADOLU OSB ÜRETİMİ(SAATLİK)_7895199 İD,unknown,2026-05-31 13:00:00+03:00,,0.63,chunk_0072.json,POST /v1/generation/data/dpp-bulk,2026-05-31 21:45:55.915231+00:00,3222915,ANADOLU OSB ÜRETİMİ(SAATLİK)_7895199 İD,10944,2026-05-31T13:00:00+03:00,13:00
40W0000032229158,ANADOLU OSB ÜRETİMİ(SAATLİK)_7895199 İD,unknown,2026-05-31 14:00:00+03:00,,0.55,chunk_0072.json,POST /v1/generation/data/dpp-bulk,2026-05-31 21:45:55.915231+00:00,3222915,ANADOLU OSB ÜRETİMİ(SAATLİK)_7895199 İD,10944,2026-05-31T14:00:00+03:00,14:00
40W0000032229158,ANADOLU OSB ÜRETİMİ(SAATLİK)_7895199 İD,unknown,2026-05-31 15:00:00+03:00,,0.46,chunk_0072.json,POST /v1/generation/data/dpp-bulk,2026-05-31 21:45:55.915231+00:00,3222915,ANADOLU OSB ÜRETİMİ(SAATLİK)_7895199 İD,10944,2026-05-31T15:00:00+03:00,15:00
40W0000032229158,ANADOLU OSB ÜRETİMİ(SAATLİK)_7895199 İD,unknown,2026-05-31 16:00:00+03:00,,0.35,chunk_0072.json,POST /v1/generation/data/dpp-bulk,2026-05-31 21:45:55.915231+00:00,3222915,ANADOLU OSB ÜRETİMİ(SAATLİK)_7895199 İD,10944,2026-05-31T16:00:00+03:00,16:00
40W0000032229158,ANADOLU OSB ÜRETİMİ(SAATLİK)_7895199 İD,unknown,2026-05-31 17:00:00+03:00,,0.23,chunk_0072.json,POST /v1/generation/data/dpp-bulk,2026-05-31 21:45:55.915231+00:00,3222915,ANADOLU OSB ÜRETİMİ(SAATLİK)_7895199 İD,10944,2026-05-31T17:00:00+03:00,17:00
40W0000032229158,ANADOLU OSB ÜRETİMİ(SAATLİK)_7895199 İD,unknown,2026-05-31 18:00:00+03:00,,0.1,chunk_0072.json,POST /v1/generation/data/dpp-bulk,2026-05-31 21:45:55.915231+00:00,3222915,ANADOLU OSB ÜRETİMİ(SAATLİK)_7895199 İD,10944,2026-05-31T18:00:00+03:00,18:00
40W0000032229158,ANADOLU OSB ÜRETİMİ(SAATLİK)_7895199 İD,unknown,2026-05-31 19:00:00+03:00,,0.02,chunk_0072.json,POST /v1/generation/data/dpp-bulk,2026-05-31 21:45:55.915231+00:00,3222915,ANADOLU OSB ÜRETİMİ(SAATLİK)_7895199 İD,10944,2026-05-31T19:00:00+03:00,19:00
40W0000032229158,ANADOLU OSB ÜRETİMİ(SAATLİK)_7895199 İD,unknown,2026-05-31 20:00:00+03:00,,0.0,chunk_0072.json,POST /v1/generation/data/dpp-bulk,2026-05-31 21:45:55.915231+00:00,3222915,ANADOLU OSB ÜRETİMİ(SAATLİK)_7895199 İD,10944,2026-05-31T20:00:00+03:00,20:00
40W0000032229158,ANADOLU OSB ÜRETİMİ(SAATLİK)_7895199 İD,unknown,2026-05-31 21:00:00+03:00,,0.0,chunk_0072.json,POST /v1/generation/data/dpp-bulk,2026-05-31 21:45:55.915231+00:00,3222915,ANADOLU OSB ÜRETİMİ(SAATLİK)_7895199 İD,10944,2026-05-31T21:00:00+03:00,21:00
40W0000032229158,ANADOLU OSB ÜRETİMİ(SAATLİK)_7895199 İD,unknown,2026-05-31 22:00:00+03:00,,0.0,chunk_0072.json,POST /v1/generation/data/dpp-bulk,2026-05-31 21:45:55.915231+00:00,3222915,ANADOLU OSB ÜRETİMİ(SAATLİK)_7895199 İD,10944,2026-05-31T22:00:00+03:00,22:00
40W0000032229158,ANADOLU OSB ÜRETİMİ(SAATLİK)_7895199 İD,unknown,2026-05-31 23:00:00+03:00,,0.0,chunk_0072.json,POST /v1/generation/data/dpp-bulk,2026-05-31 21:45:55.915231+00:00,3222915,ANADOLU OSB ÜRETİMİ(SAATLİK)_7895199 İD,10944,2026-05-31T23:00:00+03:00,23:00
40W0000032229425,MMK METALURJİ_LUY_ÖDEMESİZ_İLETİM_5.1. Ç,unknown,2026-05-31 00:00:00+03:00,,0.0,chunk_0072.json,POST /v1/generation/data/dpp-bulk,2026-05-31 21:45:55.915231+00:00,3222942,MMK METALURJİ_LUY_ÖDEMESİZ_İLETİM_5.1. Ç,10945,2026-05-31T00:00:00+03:00,00:00
40W0000032229425,MMK METALURJİ_LUY_ÖDEMESİZ_İLETİM_5.1. Ç,unknown,2026-05-31 01:00:00+03:00,,0.0,chunk_0072.json,POST /v1/generation/data/dpp-bulk,2026-05-31 21:45:55.915231+00:00,3222942,MMK METALURJİ_LUY_ÖDEMESİZ_İLETİM_5.1. Ç,10945,2026-05-31T01:00:00+03:00,01:00
40W0000032229425,MMK METALURJİ_LUY_ÖDEMESİZ_İLETİM_5.1. Ç,unknown,2026-05-31 02:00:00+03:00,,0.0,chunk_0072.json,POST /v1/generation/data/dpp-bulk,2026-05-31 21:45:55.915231+00:00,3222942,MMK METALURJİ_LUY_ÖDEMESİZ_İLETİM_5.1. Ç,10945,2026-05-31T02:00:00+03:00,02:00
40W0000032229425,MMK METALURJİ_LUY_ÖDEMESİZ_İLETİM_5.1. Ç,unknown,2026-05-31 03:00:00+03:00,,0.0,chunk_0072.json,POST /v1/generation/data/dpp-bulk,2026-05-31 21:45:55.915231+00:00,3222942,MMK METALURJİ_LUY_ÖDEMESİZ_İLETİM_5.1. Ç,10945,2026-05-31T03:00:00+03:00,03:00
40W0000032229425,MMK METALURJİ_LUY_ÖDEMESİZ_İLETİM_5.1. Ç,unknown,2026-05-31 04:00:00+03:00,,0.0,chunk_0072.json,POST /v1/generation/data/dpp-bulk,2026-05-31 21:45:55.915231+00:00,3222942,MMK METALURJİ_LUY_ÖDEMESİZ_İLETİM_5.1. Ç,10945,2026-05-31T04:00:00+03:00,04:00
40W0000032229425,MMK METALURJİ_LUY_ÖDEMESİZ_İLETİM_5.1. Ç,unknown,2026-05-31 05:00:00+03:00,,0.0,chunk_0072.json,POST /v1/generation/data/dpp-bulk,2026-05-31 21:45:55.915231+00:00,3222942,MMK METALURJİ_LUY_ÖDEMESİZ_İLETİM_5.1. Ç,10945,2026-05-31T05:00:00+03:00,05:00
40W0000032229425,MMK METALURJİ_LUY_ÖDEMESİZ_İLETİM_5.1. Ç,unknown,2026-05-31 06:00:00+03:00,,0.0,chunk_0072.json,POST /v1/generation/data/dpp-bulk,2026-05-31 21:45:55.915231+00:00,3222942,MMK METALURJİ_LUY_ÖDEMESİZ_İLETİM_5.1. Ç,10945,2026-05-31T06:00:00+03:00,06:00
40W0000032229425,MMK METALURJİ_LUY_ÖDEMESİZ_İLETİM_5.1. Ç,unknown,2026-05-31 07:00:00+03:00,,0.0,chunk_0072.json,POST /v1/generation/data/dpp-bulk,2026-05-31 21:45:55.915231+00:00,3222942,MMK METALURJİ_LUY_ÖDEMESİZ_İLETİM_5.1. Ç,10945,2026-05-31T07:00:00+03:00,07:00
40W0000032229425,MMK METALURJİ_LUY_ÖDEMESİZ_İLETİM_5.1. Ç,unknown,2026-05-31 08:00:00+03:00,,0.0,chunk_0072.json,POST /v1/generation/data/dpp-bulk,2026-05-31 21:45:55.915231+00:00,3222942,MMK METALURJİ_LUY_ÖDEMESİZ_İLETİM_5.1. Ç,10945,2026-05-31T08:00:00+03:00,08:00
40W0000032229425,MMK METALURJİ_LUY_ÖDEMESİZ_İLETİM_5.1. Ç,unknown,2026-05-31 09:00:00+03:00,,0.0,chunk_0072.json,POST /v1/generation/data/dpp-bulk,2026-05-31 21:45:55.915231+00:00,3222942,MMK METALURJİ_LUY_ÖDEMESİZ_İLETİM_5.1. Ç,10945,2026-05-31T09:00:00+03:00,09:00
40W0000032229425,MMK METALURJİ_LUY_ÖDEMESİZ_İLETİM_5.1. Ç,unknown,2026-05-31 10:00:00+03:00,,0.0,chunk_0072.json,POST /v1/generation/data/dpp-bulk,2026-05-31 21:45:55.915231+00:00,3222942,MMK METALURJİ_LUY_ÖDEMESİZ_İLETİM_5.1. Ç,10945,2026-05-31T10:00:00+03:00,10:00
40W0000032229425,MMK METALURJİ_LUY_ÖDEMESİZ_İLETİM_5.1. Ç,unknown,2026-05-31 11:00:00+03:00,,0.0,chunk_0072.json,POST /v1/generation/data/dpp-bulk,2026-05-31 21:45:55.915231+00:00,3222942,MMK METALURJİ_LUY_ÖDEMESİZ_İLETİM_5.1. Ç,10945,2026-05-31T11:00:00+03:00,11:00
40W0000032229425,MMK METALURJİ_LUY_ÖDEMESİZ_İLETİM_5.1. Ç,unknown,2026-05-31 12:00:00+03:00,,0.0,chunk_0072.json,POST /v1/generation/data/dpp-bulk,2026-05-31 21:45:55.915231+00:00,3222942,MMK METALURJİ_LUY_ÖDEMESİZ_İLETİM_5.1. Ç,10945,2026-05-31T12:00:00+03:00,12:00
40W0000032229425,MMK METALURJİ_LUY_ÖDEMESİZ_İLETİM_5.1. Ç,unknown,2026-05-31 13:00:00+03:00,,0.0,chunk_0072.json,POST /v1/generation/data/dpp-bulk,2026-05-31 21:45:55.915231+00:00,3222942,MMK METALURJİ_LUY_ÖDEMESİZ_İLETİM_5.1. Ç,10945,2026-05-31T13:00:00+03:00,13:00
40W0000032229425,MMK METALURJİ_LUY_ÖDEMESİZ_İLETİM_5.1. Ç,unknown,2026-05-31 14:00:00+03:00,,0.0,chunk_0072.json,POST /v1/generation/data/dpp-bulk,2026-05-31 21:45:55.915231+00:00,3222942,MMK METALURJİ_LUY_ÖDEMESİZ_İLETİM_5.1. Ç,10945,2026-05-31T14:00:00+03:00,14:00
40W0000032229425,MMK METALURJİ_LUY_ÖDEMESİZ_İLETİM_5.1. Ç,unknown,2026-05-31 15:00:00+03:00,,0.0,chunk_0072.json,POST /v1/generation/data/dpp-bulk,2026-05-31 21:45:55.915231+00:00,3222942,MMK METALURJİ_LUY_ÖDEMESİZ_İLETİM_5.1. Ç,10945,2026-05-31T15:00:00+03:00,15:00
40W0000032229425,MMK METALURJİ_LUY_ÖDEMESİZ_İLETİM_5.1. Ç,unknown,2026-05-31 16:00:00+03:00,,0.0,chunk_0072.json,POST /v1/generation/data/dpp-bulk,2026-05-31 21:45:55.915231+00:00,3222942,MMK METALURJİ_LUY_ÖDEMESİZ_İLETİM_5.1. Ç,10945,2026-05-31T16:00:00+03:00,16:00
40W0000032229425,MMK METALURJİ_LUY_ÖDEMESİZ_İLETİM_5.1. Ç,unknown,2026-05-31 17:00:00+03:00,,0.0,chunk_0072.json,POST /v1/generation/data/dpp-bulk,2026-05-31 21:45:55.915231+00:00,3222942,MMK METALURJİ_LUY_ÖDEMESİZ_İLETİM_5.1. Ç,10945,2026-05-31T17:00:00+03:00,17:00
40W0000032229425,MMK METALURJİ_LUY_ÖDEMESİZ_İLETİM_5.1. Ç,unknown,2026-05-31 18:00:00+03:00,,0.0,chunk_0072.json,POST /v1/generation/data/dpp-bulk,2026-05-31 21:45:55.915231+00:00,3222942,MMK METALURJİ_LUY_ÖDEMESİZ_İLETİM_5.1. Ç,10945,2026-05-31T18:00:00+03:00,18:00
40W0000032229425,MMK METALURJİ_LUY_ÖDEMESİZ_İLETİM_5.1. Ç,unknown,2026-05-31 19:00:00+03:00,,0.0,chunk_0072.json,POST /v1/generation/data/dpp-bulk,2026-05-31 21:45:55.915231+00:00,3222942,MMK METALURJİ_LUY_ÖDEMESİZ_İLETİM_5.1. Ç,10945,2026-05-31T19:00:00+03:00,19:00
40W0000032229425,MMK METALURJİ_LUY_ÖDEMESİZ_İLETİM_5.1. Ç,unknown,2026-05-31 20:00:00+03:00,,0.0,chunk_0072.json,POST /v1/generation/data/dpp-bulk,2026-05-31 21:45:55.915231+00:00,3222942,MMK METALURJİ_LUY_ÖDEMESİZ_İLETİM_5.1. Ç,10945,2026-05-31T20:00:00+03:00,20:00
40W0000032229425,MMK METALURJİ_LUY_ÖDEMESİZ_İLETİM_5.1. Ç,unknown,2026-05-31 21:00:00+03:00,,0.0,chunk_0072.json,POST /v1/generation/data/dpp-bulk,2026-05-31 21:45:55.915231+00:00,3222942,MMK METALURJİ_LUY_ÖDEMESİZ_İLETİM_5.1. Ç,10945,2026-05-31T21:00:00+03:00,21:00
40W0000032229425,MMK METALURJİ_LUY_ÖDEMESİZ_İLETİM_5.1. Ç,unknown,2026-05-31 22:00:00+03:00,,0.0,chunk_0072.json,POST /v1/generation/data/dpp-bulk,2026-05-31 21:45:55.915231+00:00,3222942,MMK METALURJİ_LUY_ÖDEMESİZ_İLETİM_5.1. Ç,10945,2026-05-31T22:00:00+03:00,22:00
40W0000032229425,MMK METALURJİ_LUY_ÖDEMESİZ_İLETİM_5.1. Ç,unknown,2026-05-31 23:00:00+03:00,,0.0,chunk_0072.json,POST /v1/generation/data/dpp-bulk,2026-05-31 21:45:55.915231+00:00,3222942,MMK METALURJİ_LUY_ÖDEMESİZ_İLETİM_5.1. Ç,10945,2026-05-31T23:00:00+03:00,23:00
40W000003222957T,OSMANİYE OSB ÜRETİMİ(SAATLİK)_10545 İD,unknown,2026-05-31 00:00:00+03:00,,0.0,chunk_0072.json,POST /v1/generation/data/dpp-bulk,2026-05-31 21:45:55.915231+00:00,3222957,OSMANİYE OSB ÜRETİMİ(SAATLİK)_10545 İD,10945,2026-05-31T00:00:00+03:00,00:00
40W000003222957T,OSMANİYE OSB ÜRETİMİ(SAATLİK)_10545 İD,unknown,2026-05-31 01:00:00+03:00,,0.0,chunk_0072.json,POST /v1/generation/data/dpp-bulk,2026-05-31 21:45:55.915231+00:00,3222957,OSMANİYE OSB ÜRETİMİ(SAATLİK)_10545 İD,10945,2026-05-31T01:00:00+03:00,01:00
40W000003222957T,OSMANİYE OSB ÜRETİMİ(SAATLİK)_10545 İD,unknown,2026-05-31 02:00:00+03:00,,0.0,chunk_0072.json,POST /v1/generation/data/dpp-bulk,2026-05-31 21:45:55.915231+00:00,3222957,OSMANİYE OSB ÜRETİMİ(SAATLİK)_10545 İD,10945,2026-05-31T02:00:00+03:00,02:00
40W000003222957T,OSMANİYE OSB ÜRETİMİ(SAATLİK)_10545 İD,unknown,2026-05-31 03:00:00+03:00,,0.0,chunk_0072.json,POST /v1/generation/data/dpp-bulk,2026-05-31 21:45:55.915231+00:00,3222957,OSMANİYE OSB ÜRETİMİ(SAATLİK)_10545 İD,10945,2026-05-31T03:00:00+03:00,03:00
40W000003222957T,OSMANİYE OSB ÜRETİMİ(SAATLİK)_10545 İD,unknown,2026-05-31 04:00:00+03:00,,0.0,chunk_0072.json,POST /v1/generation/data/dpp-bulk,2026-05-31 21:45:55.915231+00:00,3222957,OSMANİYE OSB ÜRETİMİ(SAATLİK)_10545 İD,10945,2026-05-31T04:00:00+03:00,04:00
40W000003222957T,OSMANİYE OSB ÜRETİMİ(SAATLİK)_10545 İD,unknown,2026-05-31 05:00:00+03:00,,0.04,chunk_0072.json,POST /v1/generation/data/dpp-bulk,2026-05-31 21:45:55.915231+00:00,3222957,OSMANİYE OSB ÜRETİMİ(SAATLİK)_10545 İD,10945,2026-05-31T05:00:00+03:00,05:00
40W000003222957T,OSMANİYE OSB ÜRETİMİ(SAATLİK)_10545 İD,unknown,2026-05-31 06:00:00+03:00,,0.47,chunk_0072.json,POST /v1/generation/data/dpp-bulk,2026-05-31 21:45:55.915231+00:00,3222957,OSMANİYE OSB ÜRETİMİ(SAATLİK)_10545 İD,10945,2026-05-31T06:00:00+03:00,06:00
40W000003222957T,OSMANİYE OSB ÜRETİMİ(SAATLİK)_10545 İD,unknown,2026-05-31 07:00:00+03:00,,1.46,chunk_0072.json,POST /v1/generation/data/dpp-bulk,2026-05-31 21:45:55.915231+00:00,3222957,OSMANİYE OSB ÜRETİMİ(SAATLİK)_10545 İD,10945,2026-05-31T07:00:00+03:00,07:00
40W000003222957T,OSMANİYE OSB ÜRETİMİ(SAATLİK)_10545 İD,unknown,2026-05-31 08:00:00+03:00,,2.67,chunk_0072.json,POST /v1/generation/data/dpp-bulk,2026-05-31 21:45:55.915231+00:00,3222957,OSMANİYE OSB ÜRETİMİ(SAATLİK)_10545 İD,10945,2026-05-31T08:00:00+03:00,08:00
40W000003222957T,OSMANİYE OSB ÜRETİMİ(SAATLİK)_10545 İD,unknown,2026-05-31 09:00:00+03:00,,3.67,chunk_0072.json,POST /v1/generation/data/dpp-bulk,2026-05-31 21:45:55.915231+00:00,3222957,OSMANİYE OSB ÜRETİMİ(SAATLİK)_10545 İD,10945,2026-05-31T09:00:00+03:00,09:00
40W000003222957T,OSMANİYE OSB ÜRETİMİ(SAATLİK)_10545 İD,unknown,2026-05-31 10:00:00+03:00,,4.29,chunk_0072.json,POST /v1/generation/data/dpp-bulk,2026-05-31 21:45:55.915231+00:00,3222957,OSMANİYE OSB ÜRETİMİ(SAATLİK)_10545 İD,10945,2026-05-31T10:00:00+03:00,10:00
40W000003222957T,OSMANİYE OSB ÜRETİMİ(SAATLİK)_10545 İD,unknown,2026-05-31 11:00:00+03:00,,4.6,chunk_0072.json,POST /v1/generation/data/dpp-bulk,2026-05-31 21:45:55.915231+00:00,3222957,OSMANİYE OSB ÜRETİMİ(SAATLİK)_10545 İD,10945,2026-05-31T11:00:00+03:00,11:00
40W000003222957T,OSMANİYE OSB ÜRETİMİ(SAATLİK)_10545 İD,unknown,2026-05-31 12:00:00+03:00,,4.67,chunk_0072.json,POST /v1/generation/data/dpp-bulk,2026-05-31 21:45:55.915231+00:00,3222957,OSMANİYE OSB ÜRETİMİ(SAATLİK)_10545 İD,10945,2026-05-31T12:00:00+03:00,12:00
40W000003222957T,OSMANİYE OSB ÜRETİMİ(SAATLİK)_10545 İD,unknown,2026-05-31 13:00:00+03:00,,4.54,chunk_0072.json,POST /v1/generation/data/dpp-bulk,2026-05-31 21:45:55.915231+00:00,3222957,OSMANİYE OSB ÜRETİMİ(SAATLİK)_10545 İD,10945,2026-05-31T13:00:00+03:00,13:00
40W000003222957T,OSMANİYE OSB ÜRETİMİ(SAATLİK)_10545 İD,unknown,2026-05-31 14:00:00+03:00,,4.17,chunk_0072.json,POST /v1/generation/data/dpp-bulk,2026-05-31 21:45:55.915231+00:00,3222957,OSMANİYE OSB ÜRETİMİ(SAATLİK)_10545 İD,10945,2026-05-31T14:00:00+03:00,14:00
40W000003222957T,OSMANİYE OSB ÜRETİMİ(SAATLİK)_10545 İD,unknown,2026-05-31 15:00:00+03:00,,3.47,chunk_0072.json,POST /v1/generation/data/dpp-bulk,2026-05-31 21:45:55.915231+00:00,3222957,OSMANİYE OSB ÜRETİMİ(SAATLİK)_10545 İD,10945,2026-05-31T15:00:00+03:00,15:00
40W000003222957T,OSMANİYE OSB ÜRETİMİ(SAATLİK)_10545 İD,unknown,2026-05-31 16:00:00+03:00,,2.49,chunk_0072.json,POST /v1/generation/data/dpp-bulk,2026-05-31 21:45:55.915231+00:00,3222957,OSMANİYE OSB ÜRETİMİ(SAATLİK)_10545 İD,10945,2026-05-31T16:00:00+03:00,16:00
40W000003222957T,OSMANİYE OSB ÜRETİMİ(SAATLİK)_10545 İD,unknown,2026-05-31 17:00:00+03:00,,1.39,chunk_0072.json,POST /v1/generation/data/dpp-bulk,2026-05-31 21:45:55.915231+00:00,3222957,OSMANİYE OSB ÜRETİMİ(SAATLİK)_10545 İD,10945,2026-05-31T17:00:00+03:00,17:00
40W000003222957T,OSMANİYE OSB ÜRETİMİ(SAATLİK)_10545 İD,unknown,2026-05-31 18:00:00+03:00,,0.48,chunk_0072.json,POST /v1/generation/data/dpp-bulk,2026-05-31 21:45:55.915231+00:00,3222957,OSMANİYE OSB ÜRETİMİ(SAATLİK)_10545 İD,10945,2026-05-31T18:00:00+03:00,18:00
40W000003222957T,OSMANİYE OSB ÜRETİMİ(SAATLİK)_10545 İD,unknown,2026-05-31 19:00:00+03:00,,0.06,chunk_0072.json,POST /v1/generation/data/dpp-bulk,2026-05-31 21:45:55.915231+00:00,3222957,OSMANİYE OSB ÜRETİMİ(SAATLİK)_10545 İD,10945,2026-05-31T19:00:00+03:00,19:00
40W000003222957T,OSMANİYE OSB ÜRETİMİ(SAATLİK)_10545 İD,unknown,2026-05-31 20:00:00+03:00,,0.0,chunk_0072.json,POST /v1/generation/data/dpp-bulk,2026-05-31 21:45:55.915231+00:00,3222957,OSMANİYE OSB ÜRETİMİ(SAATLİK)_10545 İD,10945,2026-05-31T20:00:00+03:00,20:00
40W000003222957T,OSMANİYE OSB ÜRETİMİ(SAATLİK)_10545 İD,unknown,2026-05-31 21:00:00+03:00,,0.0,chunk_0072.json,POST /v1/generation/data/dpp-bulk,2026-05-31 21:45:55.915231+00:00,3222957,OSMANİYE OSB ÜRETİMİ(SAATLİK)_10545 İD,10945,2026-05-31T21:00:00+03:00,21:00
40W000003222957T,OSMANİYE OSB ÜRETİMİ(SAATLİK)_10545 İD,unknown,2026-05-31 22:00:00+03:00,,0.0,chunk_0072.json,POST /v1/generation/data/dpp-bulk,2026-05-31 21:45:55.915231+00:00,3222957,OSMANİYE OSB ÜRETİMİ(SAATLİK)_10545 İD,10945,2026-05-31T22:00:00+03:00,22:00
40W000003222957T,OSMANİYE OSB ÜRETİMİ(SAATLİK)_10545 İD,unknown,2026-05-31 23:00:00+03:00,,0.0,chunk_0072.json,POST /v1/generation/data/dpp-bulk,2026-05-31 21:45:55.915231+00:00,3222957,OSMANİYE OSB ÜRETİMİ(SAATLİK)_10545 İD,10945,2026-05-31T23:00:00+03:00,23:00
40W0000032227902,UEDAŞ_LÜY_SAATLİK MAHSUP_GES_TAR.SUL._OG_ÇT,unknown,2026-05-31 00:00:00+03:00,,0.0,chunk_0072.json,POST /v1/generation/data/dpp-bulk,2026-05-31 21:45:55.915231+00:00,3222790,UEDAŞ_LÜY_SAATLİK MAHSUP_GES_TAR.SUL._OG_ÇT,10953,2026-05-31T00:00:00+03:00,00:00
40W0000032227902,UEDAŞ_LÜY_SAATLİK MAHSUP_GES_TAR.SUL._OG_ÇT,unknown,2026-05-31 01:00:00+03:00,,0.0,chunk_0072.json,POST /v1/generation/data/dpp-bulk,2026-05-31 21:45:55.915231+00:00,3222790,UEDAŞ_LÜY_SAATLİK MAHSUP_GES_TAR.SUL._OG_ÇT,10953,2026-05-31T01:00:00+03:00,01:00
40W0000032227902,UEDAŞ_LÜY_SAATLİK MAHSUP_GES_TAR.SUL._OG_ÇT,unknown,2026-05-31 02:00:00+03:00,,0.0,chunk_0072.json,POST /v1/generation/data/dpp-bulk,2026-05-31 21:45:55.915231+00:00,3222790,UEDAŞ_LÜY_SAATLİK MAHSUP_GES_TAR.SUL._OG_ÇT,10953,2026-05-31T02:00:00+03:00,02:00
40W0000032227902,UEDAŞ_LÜY_SAATLİK MAHSUP_GES_TAR.SUL._OG_ÇT,unknown,2026-05-31 03:00:00+03:00,,0.0,chunk_0072.json,POST /v1/generation/data/dpp-bulk,2026-05-31 21:45:55.915231+00:00,3222790,UEDAŞ_LÜY_SAATLİK MAHSUP_GES_TAR.SUL._OG_ÇT,10953,2026-05-31T03:00:00+03:00,03:00
40W0000032227902,UEDAŞ_LÜY_SAATLİK MAHSUP_GES_TAR.SUL._OG_ÇT,unknown,2026-05-31 04:00:00+03:00,,0.0,chunk_0072.json,POST /v1/generation/data/dpp-bulk,2026-05-31 21:45:55.915231+00:00,3222790,UEDAŞ_LÜY_SAATLİK MAHSUP_GES_TAR.SUL._OG_ÇT,10953,2026-05-31T04:00:00+03:00,04:00
40W0000032227902,UEDAŞ_LÜY_SAATLİK MAHSUP_GES_TAR.SUL._OG_ÇT,unknown,2026-05-31 05:00:00+03:00,,0.0,chunk_0072.json,POST /v1/generation/data/dpp-bulk,2026-05-31 21:45:55.915231+00:00,3222790,UEDAŞ_LÜY_SAATLİK MAHSUP_GES_TAR.SUL._OG_ÇT,10953,2026-05-31T05:00:00+03:00,05:00
40W0000032227902,UEDAŞ_LÜY_SAATLİK MAHSUP_GES_TAR.SUL._OG_ÇT,unknown,2026-05-31 06:00:00+03:00,,0.0,chunk_0072.json,POST /v1/generation/data/dpp-bulk,2026-05-31 21:45:55.915231+00:00,3222790,UEDAŞ_LÜY_SAATLİK MAHSUP_GES_TAR.SUL._OG_ÇT,10953,2026-05-31T06:00:00+03:00,06:00
40W0000032227902,UEDAŞ_LÜY_SAATLİK MAHSUP_GES_TAR.SUL._OG_ÇT,unknown,2026-05-31 07:00:00+03:00,,0.0,chunk_0072.json,POST /v1/generation/data/dpp-bulk,2026-05-31 21:45:55.915231+00:00,3222790,UEDAŞ_LÜY_SAATLİK MAHSUP_GES_TAR.SUL._OG_ÇT,10953,2026-05-31T07:00:00+03:00,07:00
40W0000032227902,UEDAŞ_LÜY_SAATLİK MAHSUP_GES_TAR.SUL._OG_ÇT,unknown,2026-05-31 08:00:00+03:00,,0.1,chunk_0072.json,POST /v1/generation/data/dpp-bulk,2026-05-31 21:45:55.915231+00:00,3222790,UEDAŞ_LÜY_SAATLİK MAHSUP_GES_TAR.SUL._OG_ÇT,10953,2026-05-31T08:00:00+03:00,08:00
40W0000032227902,UEDAŞ_LÜY_SAATLİK MAHSUP_GES_TAR.SUL._OG_ÇT,unknown,2026-05-31 09:00:00+03:00,,0.1,chunk_0072.json,POST /v1/generation/data/dpp-bulk,2026-05-31 21:45:55.915231+00:00,3222790,UEDAŞ_LÜY_SAATLİK MAHSUP_GES_TAR.SUL._OG_ÇT,10953,2026-05-31T09:00:00+03:00,09:00
40W0000032227902,UEDAŞ_LÜY_SAATLİK MAHSUP_GES_TAR.SUL._OG_ÇT,unknown,2026-05-31 10:00:00+03:00,,0.2,chunk_0072.json,POST /v1/generation/data/dpp-bulk,2026-05-31 21:45:55.915231+00:00,3222790,UEDAŞ_LÜY_SAATLİK MAHSUP_GES_TAR.SUL._OG_ÇT,10953,2026-05-31T10:00:00+03:00,10:00
40W0000032227902,UEDAŞ_LÜY_SAATLİK MAHSUP_GES_TAR.SUL._OG_ÇT,unknown,2026-05-31 11:00:00+03:00,,0.2,chunk_0072.json,POST /v1/generation/data/dpp-bulk,2026-05-31 21:45:55.915231+00:00,3222790,UEDAŞ_LÜY_SAATLİK MAHSUP_GES_TAR.SUL._OG_ÇT,10953,2026-05-31T11:00:00+03:00,11:00
40W0000032227902,UEDAŞ_LÜY_SAATLİK MAHSUP_GES_TAR.SUL._OG_ÇT,unknown,2026-05-31 12:00:00+03:00,,0.2,chunk_0072.json,POST /v1/generation/data/dpp-bulk,2026-05-31 21:45:55.915231+00:00,3222790,UEDAŞ_LÜY_SAATLİK MAHSUP_GES_TAR.SUL._OG_ÇT,10953,2026-05-31T12:00:00+03:00,12:00
40W0000032227902,UEDAŞ_LÜY_SAATLİK MAHSUP_GES_TAR.SUL._OG_ÇT,unknown,2026-05-31 13:00:00+03:00,,0.2,chunk_0072.json,POST /v1/generation/data/dpp-bulk,2026-05-31 21:45:55.915231+00:00,3222790,UEDAŞ_LÜY_SAATLİK MAHSUP_GES_TAR.SUL._OG_ÇT,10953,2026-05-31T13:00:00+03:00,13:00
40W0000032227902,UEDAŞ_LÜY_SAATLİK MAHSUP_GES_TAR.SUL._OG_ÇT,unknown,2026-05-31 14:00:00+03:00,,0.2,chunk_0072.json,POST /v1/generation/data/dpp-bulk,2026-05-31 21:45:55.915231+00:00,3222790,UEDAŞ_LÜY_SAATLİK MAHSUP_GES_TAR.SUL._OG_ÇT,10953,2026-05-31T14:00:00+03:00,14:00
40W0000032227902,UEDAŞ_LÜY_SAATLİK MAHSUP_GES_TAR.SUL._OG_ÇT,unknown,2026-05-31 15:00:00+03:00,,0.2,chunk_0072.json,POST /v1/generation/data/dpp-bulk,2026-05-31 21:45:55.915231+00:00,3222790,UEDAŞ_LÜY_SAATLİK MAHSUP_GES_TAR.SUL._OG_ÇT,10953,2026-05-31T15:00:00+03:00,15:00
40W0000032227902,UEDAŞ_LÜY_SAATLİK MAHSUP_GES_TAR.SUL._OG_ÇT,unknown,2026-05-31 16:00:00+03:00,,0.1,chunk_0072.json,POST /v1/generation/data/dpp-bulk,2026-05-31 21:45:55.915231+00:00,3222790,UEDAŞ_LÜY_SAATLİK MAHSUP_GES_TAR.SUL._OG_ÇT,10953,2026-05-31T16:00:00+03:00,16:00
40W0000032227902,UEDAŞ_LÜY_SAATLİK MAHSUP_GES_TAR.SUL._OG_ÇT,unknown,2026-05-31 17:00:00+03:00,,0.1,chunk_0072.json,POST /v1/generation/data/dpp-bulk,2026-05-31 21:45:55.915231+00:00,3222790,UEDAŞ_LÜY_SAATLİK MAHSUP_GES_TAR.SUL._OG_ÇT,10953,2026-05-31T17:00:00+03:00,17:00
40W0000032227902,UEDAŞ_LÜY_SAATLİK MAHSUP_GES_TAR.SUL._OG_ÇT,unknown,2026-05-31 18:00:00+03:00,,0.0,chunk_0072.json,POST /v1/generation/data/dpp-bulk,2026-05-31 21:45:55.915231+00:00,3222790,UEDAŞ_LÜY_SAATLİK MAHSUP_GES_TAR.SUL._OG_ÇT,10953,2026-05-31T18:00:00+03:00,18:00
40W0000032227902,UEDAŞ_LÜY_SAATLİK MAHSUP_GES_TAR.SUL._OG_ÇT,unknown,2026-05-31 19:00:00+03:00,,0.0,chunk_0072.json,POST /v1/generation/data/dpp-bulk,2026-05-31 21:45:55.915231+00:00,3222790,UEDAŞ_LÜY_SAATLİK MAHSUP_GES_TAR.SUL._OG_ÇT,10953,2026-05-31T19:00:00+03:00,19:00
40W0000032227902,UEDAŞ_LÜY_SAATLİK MAHSUP_GES_TAR.SUL._OG_ÇT,unknown,2026-05-31 20:00:00+03:00,,0.0,chunk_0072.json,POST /v1/generation/data/dpp-bulk,2026-05-31 21:45:55.915231+00:00,3222790,UEDAŞ_LÜY_SAATLİK MAHSUP_GES_TAR.SUL._OG_ÇT,10953,2026-05-31T20:00:00+03:00,20:00
40W0000032227902,UEDAŞ_LÜY_SAATLİK MAHSUP_GES_TAR.SUL._OG_ÇT,unknown,2026-05-31 21:00:00+03:00,,0.0,chunk_0072.json,POST /v1/generation/data/dpp-bulk,2026-05-31 21:45:55.915231+00:00,3222790,UEDAŞ_LÜY_SAATLİK MAHSUP_GES_TAR.SUL._OG_ÇT,10953,2026-05-31T21:00:00+03:00,21:00
40W0000032227902,UEDAŞ_LÜY_SAATLİK MAHSUP_GES_TAR.SUL._OG_ÇT,unknown,2026-05-31 22:00:00+03:00,,0.0,chunk_0072.json,POST /v1/generation/data/dpp-bulk,2026-05-31 21:45:55.915231+00:00,3222790,UEDAŞ_LÜY_SAATLİK MAHSUP_GES_TAR.SUL._OG_ÇT,10953,2026-05-31T22:00:00+03:00,22:00
40W0000032227902,UEDAŞ_LÜY_SAATLİK MAHSUP_GES_TAR.SUL._OG_ÇT,unknown,2026-05-31 23:00:00+03:00,,0.0,chunk_0072.json,POST /v1/generation/data/dpp-bulk,2026-05-31 21:45:55.915231+00:00,3222790,UEDAŞ_LÜY_SAATLİK MAHSUP_GES_TAR.SUL._OG_ÇT,10953,2026-05-31T23:00:00+03:00,23:00
40W0000032224768,YUNUS EMRE TERMİK SANTRALİ,unknown,2026-05-31 00:00:00+03:00,,0.0,chunk_0072.json,POST /v1/generation/data/dpp-bulk,2026-05-31 21:45:55.915231+00:00,3222476,YUNUS EMRE TERMİK SANTRALİ,20401,2026-05-31T00:00:00+03:00,00:00
40W0000032224768,YUNUS EMRE TERMİK SANTRALİ,unknown,2026-05-31 01:00:00+03:00,,0.0,chunk_0072.json,POST /v1/generation/data/dpp-bulk,2026-05-31 21:45:55.915231+00:00,3222476,YUNUS EMRE TERMİK SANTRALİ,20401,2026-05-31T01:00:00+03:00,01:00
40W0000032224768,YUNUS EMRE TERMİK SANTRALİ,unknown,2026-05-31 02:00:00+03:00,,0.0,chunk_0072.json,POST /v1/generation/data/dpp-bulk,2026-05-31 21:45:55.915231+00:00,3222476,YUNUS EMRE TERMİK SANTRALİ,20401,2026-05-31T02:00:00+03:00,02:00
40W0000032224768,YUNUS EMRE TERMİK SANTRALİ,unknown,2026-05-31 03:00:00+03:00,,0.0,chunk_0072.json,POST /v1/generation/data/dpp-bulk,2026-05-31 21:45:55.915231+00:00,3222476,YUNUS EMRE TERMİK SANTRALİ,20401,2026-05-31T03:00:00+03:00,03:00
40W0000032224768,YUNUS EMRE TERMİK SANTRALİ,unknown,2026-05-31 04:00:00+03:00,,0.0,chunk_0072.json,POST /v1/generation/data/dpp-bulk,2026-05-31 21:45:55.915231+00:00,3222476,YUNUS EMRE TERMİK SANTRALİ,20401,2026-05-31T04:00:00+03:00,04:00
40W0000032224768,YUNUS EMRE TERMİK SANTRALİ,unknown,2026-05-31 05:00:00+03:00,,0.0,chunk_0072.json,POST /v1/generation/data/dpp-bulk,2026-05-31 21:45:55.915231+00:00,3222476,YUNUS EMRE TERMİK SANTRALİ,20401,2026-05-31T05:00:00+03:00,05:00
40W0000032224768,YUNUS EMRE TERMİK SANTRALİ,unknown,2026-05-31 06:00:00+03:00,,0.0,chunk_0072.json,POST /v1/generation/data/dpp-bulk,2026-05-31 21:45:55.915231+00:00,3222476,YUNUS EMRE TERMİK SANTRALİ,20401,2026-05-31T06:00:00+03:00,06:00
40W0000032224768,YUNUS EMRE TERMİK SANTRALİ,unknown,2026-05-31 07:00:00+03:00,,0.0,chunk_0072.json,POST /v1/generation/data/dpp-bulk,2026-05-31 21:45:55.915231+00:00,3222476,YUNUS EMRE TERMİK SANTRALİ,20401,2026-05-31T07:00:00+03:00,07:00
40W0000032224768,YUNUS EMRE TERMİK SANTRALİ,unknown,2026-05-31 08:00:00+03:00,,0.0,chunk_0072.json,POST /v1/generation/data/dpp-bulk,2026-05-31 21:45:55.915231+00:00,3222476,YUNUS EMRE TERMİK SANTRALİ,20401,2026-05-31T08:00:00+03:00,08:00
40W0000032224768,YUNUS EMRE TERMİK SANTRALİ,unknown,2026-05-31 09:00:00+03:00,,0.0,chunk_0072.json,POST /v1/generation/data/dpp-bulk,2026-05-31 21:45:55.915231+00:00,3222476,YUNUS EMRE TERMİK SANTRALİ,20401,2026-05-31T09:00:00+03:00,09:00
40W0000032224768,YUNUS EMRE TERMİK SANTRALİ,unknown,2026-05-31 10:00:00+03:00,,0.0,chunk_0072.json,POST /v1/generation/data/dpp-bulk,2026-05-31 21:45:55.915231+00:00,3222476,YUNUS EMRE TERMİK SANTRALİ,20401,2026-05-31T10:00:00+03:00,10:00
40W0000032224768,YUNUS EMRE TERMİK SANTRALİ,unknown,2026-05-31 11:00:00+03:00,,0.0,chunk_0072.json,POST /v1/generation/data/dpp-bulk,2026-05-31 21:45:55.915231+00:00,3222476,YUNUS EMRE TERMİK SANTRALİ,20401,2026-05-31T11:00:00+03:00,11:00
40W0000032224768,YUNUS EMRE TERMİK SANTRALİ,unknown,2026-05-31 12:00:00+03:00,,0.0,chunk_0072.json,POST /v1/generation/data/dpp-bulk,2026-05-31 21:45:55.915231+00:00,3222476,YUNUS EMRE TERMİK SANTRALİ,20401,2026-05-31T12:00:00+03:00,12:00
40W0000032224768,YUNUS EMRE TERMİK SANTRALİ,unknown,2026-05-31 13:00:00+03:00,,0.0,chunk_0072.json,POST /v1/generation/data/dpp-bulk,2026-05-31 21:45:55.915231+00:00,3222476,YUNUS EMRE TERMİK SANTRALİ,20401,2026-05-31T13:00:00+03:00,13:00
40W0000032224768,YUNUS EMRE TERMİK SANTRALİ,unknown,2026-05-31 14:00:00+03:00,,0.0,chunk_0072.json,POST /v1/generation/data/dpp-bulk,2026-05-31 21:45:55.915231+00:00,3222476,YUNUS EMRE TERMİK SANTRALİ,20401,2026-05-31T14:00:00+03:00,14:00
40W0000032224768,YUNUS EMRE TERMİK SANTRALİ,unknown,2026-05-31 15:00:00+03:00,,0.0,chunk_0072.json,POST /v1/generation/data/dpp-bulk,2026-05-31 21:45:55.915231+00:00,3222476,YUNUS EMRE TERMİK SANTRALİ,20401,2026-05-31T15:00:00+03:00,15:00
40W0000032224768,YUNUS EMRE TERMİK SANTRALİ,unknown,2026-05-31 16:00:00+03:00,,0.0,chunk_0072.json,POST /v1/generation/data/dpp-bulk,2026-05-31 21:45:55.915231+00:00,3222476,YUNUS EMRE TERMİK SANTRALİ,20401,2026-05-31T16:00:00+03:00,16:00
40W0000032224768,YUNUS EMRE TERMİK SANTRALİ,unknown,2026-05-31 17:00:00+03:00,,0.0,chunk_0072.json,POST /v1/generation/data/dpp-bulk,2026-05-31 21:45:55.915231+00:00,3222476,YUNUS EMRE TERMİK SANTRALİ,20401,2026-05-31T17:00:00+03:00,17:00
40W0000032224768,YUNUS EMRE TERMİK SANTRALİ,unknown,2026-05-31 18:00:00+03:00,,0.0,chunk_0072.json,POST /v1/generation/data/dpp-bulk,2026-05-31 21:45:55.915231+00:00,3222476,YUNUS EMRE TERMİK SANTRALİ,20401,2026-05-31T18:00:00+03:00,18:00
40W0000032224768,YUNUS EMRE TERMİK SANTRALİ,unknown,2026-05-31 19:00:00+03:00,,0.0,chunk_0072.json,POST /v1/generation/data/dpp-bulk,2026-05-31 21:45:55.915231+00:00,3222476,YUNUS EMRE TERMİK SANTRALİ,20401,2026-05-31T19:00:00+03:00,19:00
40W0000032224768,YUNUS EMRE TERMİK SANTRALİ,unknown,2026-05-31 20:00:00+03:00,,0.0,chunk_0072.json,POST /v1/generation/data/dpp-bulk,2026-05-31 21:45:55.915231+00:00,3222476,YUNUS EMRE TERMİK SANTRALİ,20401,2026-05-31T20:00:00+03:00,20:00
40W0000032224768,YUNUS EMRE TERMİK SANTRALİ,unknown,2026-05-31 21:00:00+03:00,,0.0,chunk_0072.json,POST /v1/generation/data/dpp-bulk,2026-05-31 21:45:55.915231+00:00,3222476,YUNUS EMRE TERMİK SANTRALİ,20401,2026-05-31T21:00:00+03:00,21:00
40W0000032224768,YUNUS EMRE TERMİK SANTRALİ,unknown,2026-05-31 22:00:00+03:00,,0.0,chunk_0072.json,POST /v1/generation/data/dpp-bulk,2026-05-31 21:45:55.915231+00:00,3222476,YUNUS EMRE TERMİK SANTRALİ,20401,2026-05-31T22:00:00+03:00,22:00
40W0000032224768,YUNUS EMRE TERMİK SANTRALİ,unknown,2026-05-31 23:00:00+03:00,,0.0,chunk_0072.json,POST /v1/generation/data/dpp-bulk,2026-05-31 21:45:55.915231+00:00,3222476,YUNUS EMRE TERMİK SANTRALİ,20401,2026-05-31T23:00:00+03:00,23:00
40W0000032228704,ATARES-2 RES,unknown,2026-05-31 00:00:00+03:00,,13.1,chunk_0072.json,POST /v1/generation/data/dpp-bulk,2026-05-31 21:45:55.915231+00:00,3222870,ATARES-2 RES,20580,2026-05-31T00:00:00+03:00,00:00
40W0000032228704,ATARES-2 RES,unknown,2026-05-31 01:00:00+03:00,,17.2,chunk_0072.json,POST /v1/generation/data/dpp-bulk,2026-05-31 21:45:55.915231+00:00,3222870,ATARES-2 RES,20580,2026-05-31T01:00:00+03:00,01:00
40W0000032228704,ATARES-2 RES,unknown,2026-05-31 02:00:00+03:00,,14.2,chunk_0072.json,POST /v1/generation/data/dpp-bulk,2026-05-31 21:45:55.915231+00:00,3222870,ATARES-2 RES,20580,2026-05-31T02:00:00+03:00,02:00
40W0000032228704,ATARES-2 RES,unknown,2026-05-31 03:00:00+03:00,,8.97,chunk_0072.json,POST /v1/generation/data/dpp-bulk,2026-05-31 21:45:55.915231+00:00,3222870,ATARES-2 RES,20580,2026-05-31T03:00:00+03:00,03:00
40W0000032228704,ATARES-2 RES,unknown,2026-05-31 04:00:00+03:00,,7.5,chunk_0072.json,POST /v1/generation/data/dpp-bulk,2026-05-31 21:45:55.915231+00:00,3222870,ATARES-2 RES,20580,2026-05-31T04:00:00+03:00,04:00
40W0000032228704,ATARES-2 RES,unknown,2026-05-31 05:00:00+03:00,,12.94,chunk_0072.json,POST /v1/generation/data/dpp-bulk,2026-05-31 21:45:55.915231+00:00,3222870,ATARES-2 RES,20580,2026-05-31T05:00:00+03:00,05:00
40W0000032228704,ATARES-2 RES,unknown,2026-05-31 06:00:00+03:00,,18.42,chunk_0072.json,POST /v1/generation/data/dpp-bulk,2026-05-31 21:45:55.915231+00:00,3222870,ATARES-2 RES,20580,2026-05-31T06:00:00+03:00,06:00
40W0000032228704,ATARES-2 RES,unknown,2026-05-31 07:00:00+03:00,,20.6,chunk_0072.json,POST /v1/generation/data/dpp-bulk,2026-05-31 21:45:55.915231+00:00,3222870,ATARES-2 RES,20580,2026-05-31T07:00:00+03:00,07:00
40W0000032228704,ATARES-2 RES,unknown,2026-05-31 08:00:00+03:00,,13.5,chunk_0072.json,POST /v1/generation/data/dpp-bulk,2026-05-31 21:45:55.915231+00:00,3222870,ATARES-2 RES,20580,2026-05-31T08:00:00+03:00,08:00
40W0000032228704,ATARES-2 RES,unknown,2026-05-31 09:00:00+03:00,,6.9,chunk_0072.json,POST /v1/generation/data/dpp-bulk,2026-05-31 21:45:55.915231+00:00,3222870,ATARES-2 RES,20580,2026-05-31T09:00:00+03:00,09:00
40W0000032228704,ATARES-2 RES,unknown,2026-05-31 10:00:00+03:00,,5.3,chunk_0072.json,POST /v1/generation/data/dpp-bulk,2026-05-31 21:45:55.915231+00:00,3222870,ATARES-2 RES,20580,2026-05-31T10:00:00+03:00,10:00
40W0000032228704,ATARES-2 RES,unknown,2026-05-31 11:00:00+03:00,,3.5,chunk_0072.json,POST /v1/generation/data/dpp-bulk,2026-05-31 21:45:55.915231+00:00,3222870,ATARES-2 RES,20580,2026-05-31T11:00:00+03:00,11:00
40W0000032228704,ATARES-2 RES,unknown,2026-05-31 12:00:00+03:00,,2.8,chunk_0072.json,POST /v1/generation/data/dpp-bulk,2026-05-31 21:45:55.915231+00:00,3222870,ATARES-2 RES,20580,2026-05-31T12:00:00+03:00,12:00
40W0000032228704,ATARES-2 RES,unknown,2026-05-31 13:00:00+03:00,,2.1,chunk_0072.json,POST /v1/generation/data/dpp-bulk,2026-05-31 21:45:55.915231+00:00,3222870,ATARES-2 RES,20580,2026-05-31T13:00:00+03:00,13:00
40W0000032228704,ATARES-2 RES,unknown,2026-05-31 14:00:00+03:00,,2.1,chunk_0072.json,POST /v1/generation/data/dpp-bulk,2026-05-31 21:45:55.915231+00:00,3222870,ATARES-2 RES,20580,2026-05-31T14:00:00+03:00,14:00
40W0000032228704,ATARES-2 RES,unknown,2026-05-31 15:00:00+03:00,,2.2,chunk_0072.json,POST /v1/generation/data/dpp-bulk,2026-05-31 21:45:55.915231+00:00,3222870,ATARES-2 RES,20580,2026-05-31T15:00:00+03:00,15:00
40W0000032228704,ATARES-2 RES,unknown,2026-05-31 16:00:00+03:00,,1.9,chunk_0072.json,POST /v1/generation/data/dpp-bulk,2026-05-31 21:45:55.915231+00:00,3222870,ATARES-2 RES,20580,2026-05-31T16:00:00+03:00,16:00
40W0000032228704,ATARES-2 RES,unknown,2026-05-31 17:00:00+03:00,,1.9,chunk_0072.json,POST /v1/generation/data/dpp-bulk,2026-05-31 21:45:55.915231+00:00,3222870,ATARES-2 RES,20580,2026-05-31T17:00:00+03:00,17:00
40W0000032228704,ATARES-2 RES,unknown,2026-05-31 18:00:00+03:00,,2.5,chunk_0072.json,POST /v1/generation/data/dpp-bulk,2026-05-31 21:45:55.915231+00:00,3222870,ATARES-2 RES,20580,2026-05-31T18:00:00+03:00,18:00
40W0000032228704,ATARES-2 RES,unknown,2026-05-31 19:00:00+03:00,,3.8,chunk_0072.json,POST /v1/generation/data/dpp-bulk,2026-05-31 21:45:55.915231+00:00,3222870,ATARES-2 RES,20580,2026-05-31T19:00:00+03:00,19:00
40W0000032228704,ATARES-2 RES,unknown,2026-05-31 20:00:00+03:00,,4.39,chunk_0072.json,POST /v1/generation/data/dpp-bulk,2026-05-31 21:45:55.915231+00:00,3222870,ATARES-2 RES,20580,2026-05-31T20:00:00+03:00,20:00
40W0000032228704,ATARES-2 RES,unknown,2026-05-31 21:00:00+03:00,,9.97,chunk_0072.json,POST /v1/generation/data/dpp-bulk,2026-05-31 21:45:55.915231+00:00,3222870,ATARES-2 RES,20580,2026-05-31T21:00:00+03:00,21:00
40W0000032228704,ATARES-2 RES,unknown,2026-05-31 22:00:00+03:00,,14.36,chunk_0072.json,POST /v1/generation/data/dpp-bulk,2026-05-31 21:45:55.915231+00:00,3222870,ATARES-2 RES,20580,2026-05-31T22:00:00+03:00,22:00
40W0000032228704,ATARES-2 RES,unknown,2026-05-31 23:00:00+03:00,,11.4,chunk_0072.json,POST /v1/generation/data/dpp-bulk,2026-05-31 21:45:55.915231+00:00,3222870,ATARES-2 RES,20580,2026-05-31T23:00:00+03:00,23:00
40W000003222670C,ONUR REGÜLATÖRÜ ve HES,unknown,2026-05-31 00:00:00+03:00,,0.0,chunk_0072.json,POST /v1/generation/data/dpp-bulk,2026-05-31 21:45:55.915231+00:00,3222670,ONUR REGÜLATÖRÜ ve HES,102580,2026-05-31T00:00:00+03:00,00:00
40W000003222670C,ONUR REGÜLATÖRÜ ve HES,unknown,2026-05-31 01:00:00+03:00,,0.0,chunk_0072.json,POST /v1/generation/data/dpp-bulk,2026-05-31 21:45:55.915231+00:00,3222670,ONUR REGÜLATÖRÜ ve HES,102580,2026-05-31T01:00:00+03:00,01:00
40W000003222670C,ONUR REGÜLATÖRÜ ve HES,unknown,2026-05-31 02:00:00+03:00,,0.0,chunk_0072.json,POST /v1/generation/data/dpp-bulk,2026-05-31 21:45:55.915231+00:00,3222670,ONUR REGÜLATÖRÜ ve HES,102580,2026-05-31T02:00:00+03:00,02:00
40W000003222670C,ONUR REGÜLATÖRÜ ve HES,unknown,2026-05-31 03:00:00+03:00,,0.0,chunk_0072.json,POST /v1/generation/data/dpp-bulk,2026-05-31 21:45:55.915231+00:00,3222670,ONUR REGÜLATÖRÜ ve HES,102580,2026-05-31T03:00:00+03:00,03:00
40W000003222670C,ONUR REGÜLATÖRÜ ve HES,unknown,2026-05-31 04:00:00+03:00,,0.0,chunk_0072.json,POST /v1/generation/data/dpp-bulk,2026-05-31 21:45:55.915231+00:00,3222670,ONUR REGÜLATÖRÜ ve HES,102580,2026-05-31T04:00:00+03:00,04:00
40W000003222670C,ONUR REGÜLATÖRÜ ve HES,unknown,2026-05-31 05:00:00+03:00,,0.0,chunk_0072.json,POST /v1/generation/data/dpp-bulk,2026-05-31 21:45:55.915231+00:00,3222670,ONUR REGÜLATÖRÜ ve HES,102580,2026-05-31T05:00:00+03:00,05:00
40W000003222670C,ONUR REGÜLATÖRÜ ve HES,unknown,2026-05-31 06:00:00+03:00,,0.0,chunk_0072.json,POST /v1/generation/data/dpp-bulk,2026-05-31 21:45:55.915231+00:00,3222670,ONUR REGÜLATÖRÜ ve HES,102580,2026-05-31T06:00:00+03:00,06:00
40W000003222670C,ONUR REGÜLATÖRÜ ve HES,unknown,2026-05-31 07:00:00+03:00,,0.0,chunk_0072.json,POST /v1/generation/data/dpp-bulk,2026-05-31 21:45:55.915231+00:00,3222670,ONUR REGÜLATÖRÜ ve HES,102580,2026-05-31T07:00:00+03:00,07:00
40W000003222670C,ONUR REGÜLATÖRÜ ve HES,unknown,2026-05-31 08:00:00+03:00,,0.0,chunk_0072.json,POST /v1/generation/data/dpp-bulk,2026-05-31 21:45:55.915231+00:00,3222670,ONUR REGÜLATÖRÜ ve HES,102580,2026-05-31T08:00:00+03:00,08:00
40W000003222670C,ONUR REGÜLATÖRÜ ve HES,unknown,2026-05-31 09:00:00+03:00,,0.0,chunk_0072.json,POST /v1/generation/data/dpp-bulk,2026-05-31 21:45:55.915231+00:00,3222670,ONUR REGÜLATÖRÜ ve HES,102580,2026-05-31T09:00:00+03:00,09:00
40W000003222670C,ONUR REGÜLATÖRÜ ve HES,unknown,2026-05-31 10:00:00+03:00,,0.0,chunk_0072.json,POST /v1/generation/data/dpp-bulk,2026-05-31 21:45:55.915231+00:00,3222670,ONUR REGÜLATÖRÜ ve HES,102580,2026-05-31T10:00:00+03:00,10:00
40W000003222670C,ONUR REGÜLATÖRÜ ve HES,unknown,2026-05-31 11:00:00+03:00,,0.0,chunk_0072.json,POST /v1/generation/data/dpp-bulk,2026-05-31 21:45:55.915231+00:00,3222670,ONUR REGÜLATÖRÜ ve HES,102580,2026-05-31T11:00:00+03:00,11:00
40W000003222670C,ONUR REGÜLATÖRÜ ve HES,unknown,2026-05-31 12:00:00+03:00,,0.0,chunk_0072.json,POST /v1/generation/data/dpp-bulk,2026-05-31 21:45:55.915231+00:00,3222670,ONUR REGÜLATÖRÜ ve HES,102580,2026-05-31T12:00:00+03:00,12:00
40W000003222670C,ONUR REGÜLATÖRÜ ve HES,unknown,2026-05-31 13:00:00+03:00,,0.0,chunk_0072.json,POST /v1/generation/data/dpp-bulk,2026-05-31 21:45:55.915231+00:00,3222670,ONUR REGÜLATÖRÜ ve HES,102580,2026-05-31T13:00:00+03:00,13:00
40W000003222670C,ONUR REGÜLATÖRÜ ve HES,unknown,2026-05-31 14:00:00+03:00,,0.0,chunk_0072.json,POST /v1/generation/data/dpp-bulk,2026-05-31 21:45:55.915231+00:00,3222670,ONUR REGÜLATÖRÜ ve HES,102580,2026-05-31T14:00:00+03:00,14:00
40W000003222670C,ONUR REGÜLATÖRÜ ve HES,unknown,2026-05-31 15:00:00+03:00,,0.0,chunk_0072.json,POST /v1/generation/data/dpp-bulk,2026-05-31 21:45:55.915231+00:00,3222670,ONUR REGÜLATÖRÜ ve HES,102580,2026-05-31T15:00:00+03:00,15:00
40W000003222670C,ONUR REGÜLATÖRÜ ve HES,unknown,2026-05-31 16:00:00+03:00,,0.0,chunk_0072.json,POST /v1/generation/data/dpp-bulk,2026-05-31 21:45:55.915231+00:00,3222670,ONUR REGÜLATÖRÜ ve HES,102580,2026-05-31T16:00:00+03:00,16:00
40W000003222670C,ONUR REGÜLATÖRÜ ve HES,unknown,2026-05-31 17:00:00+03:00,,0.0,chunk_0072.json,POST /v1/generation/data/dpp-bulk,2026-05-31 21:45:55.915231+00:00,3222670,ONUR REGÜLATÖRÜ ve HES,102580,2026-05-31T17:00:00+03:00,17:00
40W000003222670C,ONUR REGÜLATÖRÜ ve HES,unknown,2026-05-31 18:00:00+03:00,,0.0,chunk_0072.json,POST /v1/generation/data/dpp-bulk,2026-05-31 21:45:55.915231+00:00,3222670,ONUR REGÜLATÖRÜ ve HES,102580,2026-05-31T18:00:00+03:00,18:00
40W000003222670C,ONUR REGÜLATÖRÜ ve HES,unknown,2026-05-31 19:00:00+03:00,,9.8,chunk_0072.json,POST /v1/generation/data/dpp-bulk,2026-05-31 21:45:55.915231+00:00,3222670,ONUR REGÜLATÖRÜ ve HES,102580,2026-05-31T19:00:00+03:00,19:00
40W000003222670C,ONUR REGÜLATÖRÜ ve HES,unknown,2026-05-31 20:00:00+03:00,,19.1,chunk_0072.json,POST /v1/generation/data/dpp-bulk,2026-05-31 21:45:55.915231+00:00,3222670,ONUR REGÜLATÖRÜ ve HES,102580,2026-05-31T20:00:00+03:00,20:00
40W000003222670C,ONUR REGÜLATÖRÜ ve HES,unknown,2026-05-31 21:00:00+03:00,,19.1,chunk_0072.json,POST /v1/generation/data/dpp-bulk,2026-05-31 21:45:55.915231+00:00,3222670,ONUR REGÜLATÖRÜ ve HES,102580,2026-05-31T21:00:00+03:00,21:00
40W000003222670C,ONUR REGÜLATÖRÜ ve HES,unknown,2026-05-31 22:00:00+03:00,,19.1,chunk_0072.json,POST /v1/generation/data/dpp-bulk,2026-05-31 21:45:55.915231+00:00,3222670,ONUR REGÜLATÖRÜ ve HES,102580,2026-05-31T22:00:00+03:00,22:00
40W000003222670C,ONUR REGÜLATÖRÜ ve HES,unknown,2026-05-31 23:00:00+03:00,,19.1,chunk_0072.json,POST /v1/generation/data/dpp-bulk,2026-05-31 21:45:55.915231+00:00,3222670,ONUR REGÜLATÖRÜ ve HES,102580,2026-05-31T23:00:00+03:00,23:00
40W000003222712M,ARAKLI-4 REG. ve HES,unknown,2026-05-31 00:00:00+03:00,,5.0,chunk_0072.json,POST /v1/generation/data/dpp-bulk,2026-05-31 21:45:55.915231+00:00,3222712,ARAKLI-4 REG. ve HES,103261,2026-05-31T00:00:00+03:00,00:00
40W000003222712M,ARAKLI-4 REG. ve HES,unknown,2026-05-31 01:00:00+03:00,,5.0,chunk_0072.json,POST /v1/generation/data/dpp-bulk,2026-05-31 21:45:55.915231+00:00,3222712,ARAKLI-4 REG. ve HES,103261,2026-05-31T01:00:00+03:00,01:00
40W000003222712M,ARAKLI-4 REG. ve HES,unknown,2026-05-31 02:00:00+03:00,,5.0,chunk_0072.json,POST /v1/generation/data/dpp-bulk,2026-05-31 21:45:55.915231+00:00,3222712,ARAKLI-4 REG. ve HES,103261,2026-05-31T02:00:00+03:00,02:00
40W000003222712M,ARAKLI-4 REG. ve HES,unknown,2026-05-31 03:00:00+03:00,,5.0,chunk_0072.json,POST /v1/generation/data/dpp-bulk,2026-05-31 21:45:55.915231+00:00,3222712,ARAKLI-4 REG. ve HES,103261,2026-05-31T03:00:00+03:00,03:00
40W000003222712M,ARAKLI-4 REG. ve HES,unknown,2026-05-31 04:00:00+03:00,,5.0,chunk_0072.json,POST /v1/generation/data/dpp-bulk,2026-05-31 21:45:55.915231+00:00,3222712,ARAKLI-4 REG. ve HES,103261,2026-05-31T04:00:00+03:00,04:00
40W000003222712M,ARAKLI-4 REG. ve HES,unknown,2026-05-31 05:00:00+03:00,,5.0,chunk_0072.json,POST /v1/generation/data/dpp-bulk,2026-05-31 21:45:55.915231+00:00,3222712,ARAKLI-4 REG. ve HES,103261,2026-05-31T05:00:00+03:00,05:00
40W000003222712M,ARAKLI-4 REG. ve HES,unknown,2026-05-31 06:00:00+03:00,,5.0,chunk_0072.json,POST /v1/generation/data/dpp-bulk,2026-05-31 21:45:55.915231+00:00,3222712,ARAKLI-4 REG. ve HES,103261,2026-05-31T06:00:00+03:00,06:00
40W000003222712M,ARAKLI-4 REG. ve HES,unknown,2026-05-31 07:00:00+03:00,,5.0,chunk_0072.json,POST /v1/generation/data/dpp-bulk,2026-05-31 21:45:55.915231+00:00,3222712,ARAKLI-4 REG. ve HES,103261,2026-05-31T07:00:00+03:00,07:00
40W000003222712M,ARAKLI-4 REG. ve HES,unknown,2026-05-31 08:00:00+03:00,,5.0,chunk_0072.json,POST /v1/generation/data/dpp-bulk,2026-05-31 21:45:55.915231+00:00,3222712,ARAKLI-4 REG. ve HES,103261,2026-05-31T08:00:00+03:00,08:00
40W000003222712M,ARAKLI-4 REG. ve HES,unknown,2026-05-31 09:00:00+03:00,,5.0,chunk_0072.json,POST /v1/generation/data/dpp-bulk,2026-05-31 21:45:55.915231+00:00,3222712,ARAKLI-4 REG. ve HES,103261,2026-05-31T09:00:00+03:00,09:00
40W000003222712M,ARAKLI-4 REG. ve HES,unknown,2026-05-31 10:00:00+03:00,,5.0,chunk_0072.json,POST /v1/generation/data/dpp-bulk,2026-05-31 21:45:55.915231+00:00,3222712,ARAKLI-4 REG. ve HES,103261,2026-05-31T10:00:00+03:00,10:00
40W000003222712M,ARAKLI-4 REG. ve HES,unknown,2026-05-31 11:00:00+03:00,,5.0,chunk_0072.json,POST /v1/generation/data/dpp-bulk,2026-05-31 21:45:55.915231+00:00,3222712,ARAKLI-4 REG. ve HES,103261,2026-05-31T11:00:00+03:00,11:00
40W000003222712M,ARAKLI-4 REG. ve HES,unknown,2026-05-31 12:00:00+03:00,,5.0,chunk_0072.json,POST /v1/generation/data/dpp-bulk,2026-05-31 21:45:55.915231+00:00,3222712,ARAKLI-4 REG. ve HES,103261,2026-05-31T12:00:00+03:00,12:00
40W000003222712M,ARAKLI-4 REG. ve HES,unknown,2026-05-31 13:00:00+03:00,,5.0,chunk_0072.json,POST /v1/generation/data/dpp-bulk,2026-05-31 21:45:55.915231+00:00,3222712,ARAKLI-4 REG. ve HES,103261,2026-05-31T13:00:00+03:00,13:00
40W000003222712M,ARAKLI-4 REG. ve HES,unknown,2026-05-31 14:00:00+03:00,,5.0,chunk_0072.json,POST /v1/generation/data/dpp-bulk,2026-05-31 21:45:55.915231+00:00,3222712,ARAKLI-4 REG. ve HES,103261,2026-05-31T14:00:00+03:00,14:00
40W000003222712M,ARAKLI-4 REG. ve HES,unknown,2026-05-31 15:00:00+03:00,,5.0,chunk_0072.json,POST /v1/generation/data/dpp-bulk,2026-05-31 21:45:55.915231+00:00,3222712,ARAKLI-4 REG. ve HES,103261,2026-05-31T15:00:00+03:00,15:00
40W000003222712M,ARAKLI-4 REG. ve HES,unknown,2026-05-31 16:00:00+03:00,,5.0,chunk_0072.json,POST /v1/generation/data/dpp-bulk,2026-05-31 21:45:55.915231+00:00,3222712,ARAKLI-4 REG. ve HES,103261,2026-05-31T16:00:00+03:00,16:00
40W000003222712M,ARAKLI-4 REG. ve HES,unknown,2026-05-31 17:00:00+03:00,,5.0,chunk_0072.json,POST /v1/generation/data/dpp-bulk,2026-05-31 21:45:55.915231+00:00,3222712,ARAKLI-4 REG. ve HES,103261,2026-05-31T17:00:00+03:00,17:00
40W000003222712M,ARAKLI-4 REG. ve HES,unknown,2026-05-31 18:00:00+03:00,,5.0,chunk_0072.json,POST /v1/generation/data/dpp-bulk,2026-05-31 21:45:55.915231+00:00,3222712,ARAKLI-4 REG. ve HES,103261,2026-05-31T18:00:00+03:00,18:00
40W000003222712M,ARAKLI-4 REG. ve HES,unknown,2026-05-31 19:00:00+03:00,,5.0,chunk_0072.json,POST /v1/generation/data/dpp-bulk,2026-05-31 21:45:55.915231+00:00,3222712,ARAKLI-4 REG. ve HES,103261,2026-05-31T19:00:00+03:00,19:00
40W000003222712M,ARAKLI-4 REG. ve HES,unknown,2026-05-31 20:00:00+03:00,,5.0,chunk_0072.json,POST /v1/generation/data/dpp-bulk,2026-05-31 21:45:55.915231+00:00,3222712,ARAKLI-4 REG. ve HES,103261,2026-05-31T20:00:00+03:00,20:00
40W000003222712M,ARAKLI-4 REG. ve HES,unknown,2026-05-31 21:00:00+03:00,,5.0,chunk_0072.json,POST /v1/generation/data/dpp-bulk,2026-05-31 21:45:55.915231+00:00,3222712,ARAKLI-4 REG. ve HES,103261,2026-05-31T21:00:00+03:00,21:00
40W000003222712M,ARAKLI-4 REG. ve HES,unknown,2026-05-31 22:00:00+03:00,,5.0,chunk_0072.json,POST /v1/generation/data/dpp-bulk,2026-05-31 21:45:55.915231+00:00,3222712,ARAKLI-4 REG. ve HES,103261,2026-05-31T22:00:00+03:00,22:00
40W000003222712M,ARAKLI-4 REG. ve HES,unknown,2026-05-31 23:00:00+03:00,,5.0,chunk_0072.json,POST /v1/generation/data/dpp-bulk,2026-05-31 21:45:55.915231+00:00,3222712,ARAKLI-4 REG. ve HES,103261,2026-05-31T23:00:00+03:00,23:00
